vintage,date,value
2026-10-05,2003-01-02,0
2026-10-05,2003-01-03,0
2026-10-05,2003-01-06,0
2026-10-05,2003-01-07,0
2026-10-05,2003-01-08,0
2026-10-05,2003-01-09,0
2026-10-05,2003-01-10,0
2026-10-05,2003-01-13,0
2026-10-05,2003-01-14,0
2026-10-05,2003-01-15,0
2026-10-05,2003-01-16,0
2026-10-05,2003-01-17,0
2026-10-05,2003-01-20,0
2026-10-05,2003-01-21,0
2026-10-05,2003-01-22,0
2026-10-05,2003-01-23,0
2026-10-05,2003-01-24,0
2026-10-05,2003-01-27,0
2026-10-05,2003-01-28,0
2026-10-05,2003-01-29,0
2026-10-05,2003-01-30,0
2026-10-05,2003-01-31,0
2026-10-05,2003-02-03,0
2026-10-05,2003-02-04,0
2026-10-05,2003-02-05,0
2026-10-05,2003-02-06,0
2026-10-05,2003-02-07,0
2026-10-05,2003-02-10,0
2026-10-05,2003-02-11,0
2026-10-05,2003-02-12,0
2026-10-05,2003-02-13,0
2026-10-05,2003-02-14,0
2026-10-05,2003-02-17,0
2026-10-05,2003-02-18,0
2026-10-05,2003-02-19,0
2026-10-05,2003-02-20,0
2026-10-05,2003-02-21,0
2026-10-05,2003-02-24,0
2026-10-05,2003-02-25,0
2026-10-05,2003-02-26,0
2026-10-05,2003-02-27,0
2026-10-05,2003-02-28,0
2026-10-05,2003-03-03,0
2026-10-05,2003-03-04,0
2026-10-05,2003-03-05,0
2026-10-05,2003-03-06,0
2026-10-05,2003-03-07,0
2026-10-05,2003-03-10,0
2026-10-05,2003-03-11,0
2026-10-05,2003-03-12,0
2026-10-05,2003-03-13,0
2026-10-05,2003-03-14,0
2026-10-05,2003-03-17,0
2026-10-05,2003-03-18,0
2026-10-05,2003-03-19,0
2026-10-05,2003-03-20,0
2026-10-05,2003-03-21,0
2026-10-05,2003-03-24,0
2026-10-05,2003-03-25,0
2026-10-05,2003-03-26,0
2026-10-05,2003-03-27,0
2026-10-05,2003-03-28,0
2026-10-05,2003-04-01,0
2026-10-05,2003-04-02,0
2026-10-05,2003-04-03,0
2026-10-05,2003-04-04,0
2026-10-05,2003-04-07,0
2026-10-05,2003-04-08,0
2026-10-05,2003-04-09,0
2026-10-05,2003-04-10,0
2026-10-05,2003-04-11,0
2026-10-05,2003-04-14,0
2026-10-05,2003-04-15,0
2026-10-05,2003-04-16,0
2026-10-05,2003-04-21,0
2026-10-05,2003-04-22,0
2026-10-05,2003-04-23,0
2026-10-05,2003-04-24,0
2026-10-05,2003-04-25,0
2026-10-05,2003-04-28,0
2026-10-05,2003-04-29,0
2026-10-05,2003-04-30,0
2026-10-05,2003-05-02,0
2026-10-05,2003-05-05,0
2026-10-05,2003-05-06,0
2026-10-05,2003-05-07,0
2026-10-05,2003-05-08,0
2026-10-05,2003-05-09,0
2026-10-05,2003-05-12,0
2026-10-05,2003-05-13,0
2026-10-05,2003-05-14,0
2026-10-05,2003-05-15,0
2026-10-05,2003-05-16,0
2026-10-05,2003-05-19,0
2026-10-05,2003-05-20,0
2026-10-05,2003-05-21,0
2026-10-05,2003-05-22,0
2026-10-05,2003-05-23,0
2026-10-05,2003-05-26,0
2026-10-05,2003-05-27,0
2026-10-05,2003-05-28,0
2026-10-05,2003-05-29,0
2026-10-05,2003-05-30,0
2026-10-05,2003-06-02,0
2026-10-05,2003-06-03,0
2026-10-05,2003-06-04,0
2026-10-05,2003-06-05,0
2026-10-05,2003-06-06,0
2026-10-05,2003-06-09,0
2026-10-05,2003-06-10,0
2026-10-05,2003-06-11,0
2026-10-05,2003-06-12,0
2026-10-05,2003-06-13,0
2026-10-05,2003-06-17,0
2026-10-05,2003-06-18,0
2026-10-05,2003-06-19,0
2026-10-05,2003-06-20,0
2026-10-05,2003-06-23,0
2026-10-05,2003-06-24,0
2026-10-05,2003-06-25,0
2026-10-05,2003-06-26,0
2026-10-05,2003-06-27,0
2026-10-05,2003-06-30,0
2026-10-05,2003-07-01,0
2026-10-05,2003-07-02,0
2026-10-05,2003-07-03,0
2026-10-05,2003-07-04,0
2026-10-05,2003-07-07,0
2026-10-05,2003-07-08,0
2026-10-05,2003-07-10,0
2026-10-05,2003-07-11,0
2026-10-05,2003-07-14,0
2026-10-05,2003-07-15,0
2026-10-05,2003-07-16,0
2026-10-05,2003-07-17,0
2026-10-05,2003-07-18,0
2026-10-05,2003-07-21,0
2026-10-05,2003-07-22,0
2026-10-05,2003-07-23,0
2026-10-05,2003-07-24,0
2026-10-05,2003-07-25,0
2026-10-05,2003-07-28,0
2026-10-05,2003-07-29,0
2026-10-05,2003-07-30,0
2026-10-05,2003-07-31,0
2026-10-05,2003-08-01,0
2026-10-05,2003-08-04,0
2026-10-05,2003-08-05,0
2026-10-05,2003-08-06,0
2026-10-05,2003-08-07,0
2026-10-05,2003-08-08,0
2026-10-05,2003-08-11,0
2026-10-05,2003-08-12,0
2026-10-05,2003-08-13,0
2026-10-05,2003-08-14,0
2026-10-05,2003-08-15,0
2026-10-05,2003-08-19,0
2026-10-05,2003-08-20,0
2026-10-05,2003-08-21,0
2026-10-05,2003-08-22,0
2026-10-05,2003-08-25,0
2026-10-05,2003-08-26,0
2026-10-05,2003-08-27,0
2026-10-05,2003-08-28,0
2026-10-05,2003-08-29,0
2026-10-05,2003-09-01,0
2026-10-05,2003-09-02,0
2026-10-05,2003-09-03,0
2026-10-05,2003-09-04,0
2026-10-05,2003-09-05,0
2026-10-05,2003-09-08,0
2026-10-05,2003-09-09,0
2026-10-05,2003-09-10,0
2026-10-05,2003-09-11,0
2026-10-05,2003-09-12,0
2026-10-05,2003-09-15,0
2026-10-05,2003-09-16,0
2026-10-05,2003-09-17,0
2026-10-05,2003-09-18,0
2026-10-05,2003-09-19,0
2026-10-05,2003-09-22,0
2026-10-05,2003-09-23,0
2026-10-05,2003-09-24,0
2026-10-05,2003-09-25,0
2026-10-05,2003-09-26,0
2026-10-05,2003-09-29,0
2026-10-05,2003-09-30,0
2026-10-05,2003-10-01,0
2026-10-05,2003-10-02,0
2026-10-05,2003-10-03,0
2026-10-05,2003-10-06,0
2026-10-05,2003-10-07,0
2026-10-05,2003-10-08,0
2026-10-05,2003-10-09,0
2026-10-05,2003-10-10,0
2026-10-05,2003-10-14,0
2026-10-05,2003-10-15,0
2026-10-05,2003-10-16,0
2026-10-05,2003-10-17,0
2026-10-05,2003-10-20,0
2026-10-05,2003-10-21,0
2026-10-05,2003-10-22,0
2026-10-05,2003-10-23,0
2026-10-05,2003-10-24,0
2026-10-05,2003-10-27,0
2026-10-05,2003-10-28,0
2026-10-05,2003-10-29,0
2026-10-05,2003-10-30,0
2026-10-05,2003-10-31,0
2026-10-05,2003-11-03,0
2026-10-05,2003-11-04,0
2026-10-05,2003-11-05,0
2026-10-05,2003-11-07,0
2026-10-05,2003-11-10,0
2026-10-05,2003-11-11,0
2026-10-05,2003-11-12,0
2026-10-05,2003-11-13,0
2026-10-05,2003-11-14,0
2026-10-05,2003-11-17,0
2026-10-05,2003-11-18,0
2026-10-05,2003-11-19,0
2026-10-05,2003-11-20,0
2026-10-05,2003-11-21,0
2026-10-05,2003-11-24,0
2026-10-05,2003-11-25,0
2026-10-05,2003-11-26,0
2026-10-05,2003-11-27,0
2026-10-05,2003-11-28,0
2026-10-05,2003-12-01,0
2026-10-05,2003-12-02,0
2026-10-05,2003-12-03,0
2026-10-05,2003-12-04,0
2026-10-05,2003-12-05,0
2026-10-05,2003-12-09,0
2026-10-05,2003-12-10,0
2026-10-05,2003-12-11,0
2026-10-05,2003-12-12,0
2026-10-05,2003-12-15,0
2026-10-05,2003-12-16,0
2026-10-05,2003-12-17,0
2026-10-05,2003-12-18,0
2026-10-05,2003-12-19,0
2026-10-05,2003-12-22,0
2026-10-05,2003-12-23,0
2026-10-05,2003-12-24,0
2026-10-05,2003-12-26,0
2026-10-05,2003-12-29,0
2026-10-05,2003-12-30,0
2026-10-05,2003-12-31,0
2026-10-05,2004-01-02,0
2026-10-05,2004-01-05,0
2026-10-05,2004-01-06,0
2026-10-05,2004-01-07,0
2026-10-05,2004-01-08,0
2026-10-05,2004-01-09,0
2026-10-05,2004-01-12,0
2026-10-05,2004-01-13,0
2026-10-05,2004-01-14,0
2026-10-05,2004-01-15,0
2026-10-05,2004-01-16,0
2026-10-05,2004-01-19,0
2026-10-05,2004-01-20,0
2026-10-05,2004-01-21,0
2026-10-05,2004-01-22,0
2026-10-05,2004-01-23,0
2026-10-05,2004-01-26,0
2026-10-05,2004-01-27,0
2026-10-05,2004-01-28,0
2026-10-05,2004-01-29,0
2026-10-05,2004-01-30,0
2026-10-05,2004-02-02,0
2026-10-05,2004-02-03,0
2026-10-05,2004-02-04,0
2026-10-05,2004-02-05,0
2026-10-05,2004-02-06,0
2026-10-05,2004-02-09,0
2026-10-05,2004-02-10,0
2026-10-05,2004-02-11,0
2026-10-05,2004-02-12,0
2026-10-05,2004-02-13,0
2026-10-05,2004-02-16,0
2026-10-05,2004-02-17,0
2026-10-05,2004-02-18,0
2026-10-05,2004-02-19,0
2026-10-05,2004-02-20,0
2026-10-05,2004-02-23,0
2026-10-05,2004-02-24,0
2026-10-05,2004-02-25,0
2026-10-05,2004-02-26,0
2026-10-05,2004-02-27,0
2026-10-05,2004-03-01,0
2026-10-05,2004-03-02,0
2026-10-05,2004-03-03,0
2026-10-05,2004-03-04,0
2026-10-05,2004-03-05,0
2026-10-05,2004-03-08,0
2026-10-05,2004-03-09,0
2026-10-05,2004-03-10,0
2026-10-05,2004-03-11,0
2026-10-05,2004-03-12,0
2026-10-05,2004-03-15,0
2026-10-05,2004-03-16,0
2026-10-05,2004-03-17,0
2026-10-05,2004-03-18,0
2026-10-05,2004-03-19,0
2026-10-05,2004-03-22,0
2026-10-05,2004-03-23,0
2026-10-05,2004-03-24,0
2026-10-05,2004-03-25,0
2026-10-05,2004-03-26,0
2026-10-05,2004-03-29,0
2026-10-05,2004-03-30,0
2026-10-05,2004-03-31,0
2026-10-05,2004-04-01,0
2026-10-05,2004-04-02,0
2026-10-05,2004-04-06,0
2026-10-05,2004-04-07,0
2026-10-05,2004-04-12,0
2026-10-05,2004-04-13,0
2026-10-05,2004-04-14,0
2026-10-05,2004-04-15,0
2026-10-05,2004-04-16,0
2026-10-05,2004-04-19,0
2026-10-05,2004-04-20,0
2026-10-05,2004-04-21,0
2026-10-05,2004-04-22,0
2026-10-05,2004-04-23,0
2026-10-05,2004-04-26,0
2026-10-05,2004-04-27,0
2026-10-05,2004-04-28,0
2026-10-05,2004-04-29,0
2026-10-05,2004-04-30,0
2026-10-05,2004-05-03,0
2026-10-05,2004-05-04,0
2026-10-05,2004-05-05,0
2026-10-05,2004-05-06,0
2026-10-05,2004-05-07,0
2026-10-05,2004-05-10,0
2026-10-05,2004-05-11,0
2026-10-05,2004-05-12,0
2026-10-05,2004-05-13,0
2026-10-05,2004-05-14,0
2026-10-05,2004-05-17,0
2026-10-05,2004-05-18,0
2026-10-05,2004-05-19,0
2026-10-05,2004-05-20,0
2026-10-05,2004-05-21,0
2026-10-05,2004-05-24,0
2026-10-05,2004-05-26,0
2026-10-05,2004-05-27,0
2026-10-05,2004-05-28,0
2026-10-05,2004-05-31,0
2026-10-05,2004-06-01,0
2026-10-05,2004-06-02,0
2026-10-05,2004-06-03,0
2026-10-05,2004-06-04,0
2026-10-05,2004-06-07,0
2026-10-05,2004-06-08,0
2026-10-05,2004-06-09,0
2026-10-05,2004-06-10,0
2026-10-05,2004-06-11,0
2026-10-05,2004-06-14,0
2026-10-05,2004-06-15,0
2026-10-05,2004-06-16,0
2026-10-05,2004-06-17,0
2026-10-05,2004-06-18,0
2026-10-05,2004-06-22,0
2026-10-05,2004-06-23,0
2026-10-05,2004-06-24,0
2026-10-05,2004-06-25,0
2026-10-05,2004-06-28,0
2026-10-05,2004-06-29,0
2026-10-05,2004-06-30,0
2026-10-05,2004-07-01,0
2026-10-05,2004-07-02,0
2026-10-05,2004-07-05,0
2026-10-05,2004-07-06,0
2026-10-05,2004-07-07,0
2026-10-05,2004-07-08,0
2026-10-05,2004-07-12,0
2026-10-05,2004-07-13,0
2026-10-05,2004-07-14,0
2026-10-05,2004-07-15,0
2026-10-05,2004-07-16,0
2026-10-05,2004-07-19,0
2026-10-05,2004-07-20,0
2026-10-05,2004-07-21,0
2026-10-05,2004-07-22,0
2026-10-05,2004-07-23,0
2026-10-05,2004-07-26,0
2026-10-05,2004-07-27,0
2026-10-05,2004-07-28,0
2026-10-05,2004-07-29,0
2026-10-05,2004-07-30,0
2026-10-05,2004-08-02,0
2026-10-05,2004-08-03,0
2026-10-05,2004-08-04,0
2026-10-05,2004-08-05,0
2026-10-05,2004-08-06,0
2026-10-05,2004-08-09,0
2026-10-05,2004-08-10,0
2026-10-05,2004-08-11,0
2026-10-05,2004-08-12,0
2026-10-05,2004-08-13,0
2026-10-05,2004-08-17,0
2026-10-05,2004-08-18,0
2026-10-05,2004-08-19,0
2026-10-05,2004-08-20,0
2026-10-05,2004-08-23,0
2026-10-05,2004-08-24,0
2026-10-05,2004-08-25,0
2026-10-05,2004-08-26,0
2026-10-05,2004-08-27,0
2026-10-05,2004-08-30,0
2026-10-05,2004-08-31,0
2026-10-05,2004-09-01,0
2026-10-05,2004-09-02,0
2026-10-05,2004-09-03,0
2026-10-05,2004-09-06,0
2026-10-05,2004-09-07,0
2026-10-05,2004-09-08,0
2026-10-05,2004-09-09,0
2026-10-05,2004-09-10,0
2026-10-05,2004-09-13,0
2026-10-05,2004-09-14,0
2026-10-05,2004-09-15,0
2026-10-05,2004-09-16,0
2026-10-05,2004-09-17,0
2026-10-05,2004-09-20,0
2026-10-05,2004-09-21,0
2026-10-05,2004-09-22,0
2026-10-05,2004-09-23,0
2026-10-05,2004-09-24,0
2026-10-05,2004-09-27,0
2026-10-05,2004-09-28,0
2026-10-05,2004-09-29,0
2026-10-05,2004-09-30,0
2026-10-05,2004-10-01,0
2026-10-05,2004-10-04,0
2026-10-05,2004-10-05,0
2026-10-05,2004-10-06,0
2026-10-05,2004-10-07,0
2026-10-05,2004-10-08,0
2026-10-05,2004-10-12,0
2026-10-05,2004-10-13,0
2026-10-05,2004-10-14,0
2026-10-05,2004-10-15,0
2026-10-05,2004-10-18,0
2026-10-05,2004-10-19,0
2026-10-05,2004-10-20,0
2026-10-05,2004-10-21,0
2026-10-05,2004-10-22,0
2026-10-05,2004-10-25,0
2026-10-05,2004-10-26,0
2026-10-05,2004-10-27,0
2026-10-05,2004-10-28,0
2026-10-05,2004-10-29,0
2026-10-05,2004-11-01,0
2026-10-05,2004-11-02,0
2026-10-05,2004-11-03,0
2026-10-05,2004-11-04,0
2026-10-05,2004-11-05,0
2026-10-05,2004-11-08,0
2026-10-05,2004-11-09,0
2026-10-05,2004-11-10,0
2026-10-05,2004-11-11,0
2026-10-05,2004-11-12,0
2026-10-05,2004-11-15,0
2026-10-05,2004-11-16,0
2026-10-05,2004-11-17,0
2026-10-05,2004-11-18,0
2026-10-05,2004-11-19,0
2026-10-05,2004-11-22,0
2026-10-05,2004-11-23,0
2026-10-05,2004-11-24,0
2026-10-05,2004-11-25,0
2026-10-05,2004-11-26,0
2026-10-05,2004-11-29,0
2026-10-05,2004-11-30,0
2026-10-05,2004-12-01,0
2026-10-05,2004-12-02,0
2026-10-05,2004-12-03,0
2026-10-05,2004-12-06,0
2026-10-05,2004-12-07,0
2026-10-05,2004-12-09,0
2026-10-05,2004-12-10,0
2026-10-05,2004-12-13,0
2026-10-05,2004-12-14,0
2026-10-05,2004-12-15,0
2026-10-05,2004-12-16,0
2026-10-05,2004-12-17,0
2026-10-05,2004-12-20,0
2026-10-05,2004-12-21,0
2026-10-05,2004-12-22,0
2026-10-05,2004-12-23,0
2026-10-05,2004-12-24,0
2026-10-05,2004-12-27,0
2026-10-05,2004-12-28,0
2026-10-05,2004-12-29,0
2026-10-05,2004-12-30,0
2026-10-05,2004-12-31,0
2026-10-05,2005-01-03,0
2026-10-05,2005-01-04,0
2026-10-05,2005-01-05,0
2026-10-05,2005-01-06,0
2026-10-05,2005-01-07,0
2026-10-05,2005-01-10,0
2026-10-05,2005-01-11,0
2026-10-05,2005-01-12,0
2026-10-05,2005-01-13,0
2026-10-05,2005-01-14,0
2026-10-05,2005-01-17,0
2026-10-05,2005-01-18,0
2026-10-05,2005-01-19,0
2026-10-05,2005-01-20,0
2026-10-05,2005-01-21,0
2026-10-05,2005-01-24,0
2026-10-05,2005-01-25,0
2026-10-05,2005-01-26,0
2026-10-05,2005-01-27,0
2026-10-05,2005-01-28,0
2026-10-05,2005-01-31,0
2026-10-05,2005-02-01,0
2026-10-05,2005-02-02,0
2026-10-05,2005-02-03,0
2026-10-05,2005-02-04,0
2026-10-05,2005-02-07,0
2026-10-05,2005-02-08,0
2026-10-05,2005-02-09,0
2026-10-05,2005-02-10,0
2026-10-05,2005-02-11,0
2026-10-05,2005-02-14,0
2026-10-05,2005-02-15,0
2026-10-05,2005-02-16,0
2026-10-05,2005-02-17,0
2026-10-05,2005-02-18,0
2026-10-05,2005-02-21,0
2026-10-05,2005-02-22,0
2026-10-05,2005-02-23,0
2026-10-05,2005-02-24,0
2026-10-05,2005-02-25,0
2026-10-05,2005-02-28,0
2026-10-05,2005-03-01,0
2026-10-05,2005-03-02,0
2026-10-05,2005-03-03,0
2026-10-05,2005-03-04,0
2026-10-05,2005-03-07,0
2026-10-05,2005-03-08,0
2026-10-05,2005-03-09,0
2026-10-05,2005-03-10,0
2026-10-05,2005-03-11,0
2026-10-05,2005-03-14,0
2026-10-05,2005-03-15,0
2026-10-05,2005-03-16,0
2026-10-05,2005-03-17,0
2026-10-05,2005-03-18,0
2026-10-05,2005-03-21,0
2026-10-05,2005-03-22,0
2026-10-05,2005-03-23,0
2026-10-05,2005-03-28,0
2026-10-05,2005-03-29,0
2026-10-05,2005-03-30,0
2026-10-05,2005-03-31,0
2026-10-05,2005-04-01,0
2026-10-05,2005-04-04,0
2026-10-05,2005-04-05,0
2026-10-05,2005-04-06,0
2026-10-05,2005-04-07,0
2026-10-05,2005-04-08,0
2026-10-05,2005-04-11,0
2026-10-05,2005-04-12,0
2026-10-05,2005-04-13,0
2026-10-05,2005-04-14,0
2026-10-05,2005-04-15,0
2026-10-05,2005-04-18,0
2026-10-05,2005-04-19,0
2026-10-05,2005-04-20,0
2026-10-05,2005-04-21,0
2026-10-05,2005-04-22,0
2026-10-05,2005-04-25,0
2026-10-05,2005-04-26,0
2026-10-05,2005-04-27,0
2026-10-05,2005-04-28,0
2026-10-05,2005-04-29,0
2026-10-05,2005-05-02,0
2026-10-05,2005-05-03,0
2026-10-05,2005-05-04,0
2026-10-05,2005-05-05,0
2026-10-05,2005-05-06,0
2026-10-05,2005-05-09,0
2026-10-05,2005-05-10,0
2026-10-05,2005-05-11,0
2026-10-05,2005-05-12,0
2026-10-05,2005-05-13,0
2026-10-05,2005-05-16,0
2026-10-05,2005-05-17,0
2026-10-05,2005-05-18,0
2026-10-05,2005-05-19,0
2026-10-05,2005-05-20,0
2026-10-05,2005-05-23,0
2026-10-05,2005-05-24,0
2026-10-05,2005-05-26,0
2026-10-05,2005-05-27,0
2026-10-05,2005-05-30,0
2026-10-05,2005-05-31,0
2026-10-05,2005-06-01,0
2026-10-05,2005-06-02,0
2026-10-05,2005-06-03,0
2026-10-05,2005-06-06,0
2026-10-05,2005-06-07,0
2026-10-05,2005-06-08,0
2026-10-05,2005-06-09,0
2026-10-05,2005-06-10,0
2026-10-05,2005-06-13,0
2026-10-05,2005-06-14,0
2026-10-05,2005-06-15,0
2026-10-05,2005-06-16,0
2026-10-05,2005-06-17,0
2026-10-05,2005-06-21,0
2026-10-05,2005-06-22,0
2026-10-05,2005-06-23,0
2026-10-05,2005-06-24,0
2026-10-05,2005-06-27,0
2026-10-05,2005-06-28,0
2026-10-05,2005-06-29,0
2026-10-05,2005-06-30,0
2026-10-05,2005-07-01,0
2026-10-05,2005-07-04,0
2026-10-05,2005-07-05,0
2026-10-05,2005-07-06,0
2026-10-05,2005-07-07,0
2026-10-05,2005-07-08,0
2026-10-05,2005-07-11,0
2026-10-05,2005-07-12,0
2026-10-05,2005-07-13,0
2026-10-05,2005-07-14,0
2026-10-05,2005-07-15,0
2026-10-05,2005-07-18,0
2026-10-05,2005-07-19,0
2026-10-05,2005-07-20,0
2026-10-05,2005-07-21,0
2026-10-05,2005-07-22,0
2026-10-05,2005-07-25,0
2026-10-05,2005-07-26,0
2026-10-05,2005-07-27,0
2026-10-05,2005-07-28,0
2026-10-05,2005-07-29,0
2026-10-05,2005-08-01,0
2026-10-05,2005-08-02,0
2026-10-05,2005-08-03,0
2026-10-05,2005-08-04,0
2026-10-05,2005-08-05,0
2026-10-05,2005-08-08,0
2026-10-05,2005-08-09,0
2026-10-05,2005-08-10,0
2026-10-05,2005-08-11,0
2026-10-05,2005-08-12,0
2026-10-05,2005-08-16,0
2026-10-05,2005-08-17,0
2026-10-05,2005-08-18,0
2026-10-05,2005-08-19,0
2026-10-05,2005-08-22,0
2026-10-05,2005-08-23,0
2026-10-05,2005-08-24,0
2026-10-05,2005-08-25,0
2026-10-05,2005-08-26,0
2026-10-05,2005-08-29,0
2026-10-05,2005-08-30,0
2026-10-05,2005-08-31,0
2026-10-05,2005-09-01,0
2026-10-05,2005-09-02,0
2026-10-05,2005-09-05,0
2026-10-05,2005-09-06,0
2026-10-05,2005-09-07,0
2026-10-05,2005-09-08,0
2026-10-05,2005-09-09,0
2026-10-05,2005-09-12,0
2026-10-05,2005-09-13,0
2026-10-05,2005-09-14,0
2026-10-05,2005-09-15,0
2026-10-05,2005-09-16,0
2026-10-05,2005-09-19,0
2026-10-05,2005-09-20,0
2026-10-05,2005-09-21,0
2026-10-05,2005-09-22,0
2026-10-05,2005-09-23,0
2026-10-05,2005-09-26,0
2026-10-05,2005-09-27,0
2026-10-05,2005-09-28,0
2026-10-05,2005-09-29,0
2026-10-05,2005-09-30,0
2026-10-05,2005-10-03,0
2026-10-05,2005-10-04,0
2026-10-05,2005-10-05,0
2026-10-05,2005-10-06,0
2026-10-05,2005-10-07,0
2026-10-05,2005-10-11,0
2026-10-05,2005-10-12,0
2026-10-05,2005-10-13,0
2026-10-05,2005-10-14,0
2026-10-05,2005-10-17,0
2026-10-05,2005-10-18,0
2026-10-05,2005-10-19,0
2026-10-05,2005-10-20,0
2026-10-05,2005-10-21,0
2026-10-05,2005-10-24,0
2026-10-05,2005-10-25,0
2026-10-05,2005-10-26,0
2026-10-05,2005-10-27,0
2026-10-05,2005-10-28,0
2026-10-05,2005-10-31,0
2026-10-05,2005-11-01,0
2026-10-05,2005-11-02,0
2026-10-05,2005-11-03,0
2026-10-05,2005-11-04,0
2026-10-05,2005-11-07,0
2026-10-05,2005-11-08,0
2026-10-05,2005-11-09,0
2026-10-05,2005-11-10,0
2026-10-05,2005-11-11,0
2026-10-05,2005-11-14,0
2026-10-05,2005-11-15,0
2026-10-05,2005-11-16,0
2026-10-05,2005-11-17,0
2026-10-05,2005-11-18,0
2026-10-05,2005-11-21,0
2026-10-05,2005-11-22,0
2026-10-05,2005-11-23,0
2026-10-05,2005-11-24,0
2026-10-05,2005-11-25,0
2026-10-05,2005-11-28,0
2026-10-05,2005-11-29,0
2026-10-05,2005-11-30,0
2026-10-05,2005-12-01,0
2026-10-05,2005-12-02,0
2026-10-05,2005-12-05,0
2026-10-05,2005-12-06,0
2026-10-05,2005-12-07,0
2026-10-05,2005-12-09,0
2026-10-05,2005-12-12,0
2026-10-05,2005-12-13,0
2026-10-05,2005-12-14,0
2026-10-05,2005-12-15,0
2026-10-05,2005-12-16,0
2026-10-05,2005-12-19,0
2026-10-05,2005-12-20,0
2026-10-05,2005-12-21,0
2026-10-05,2005-12-22,0
2026-10-05,2005-12-23,0
2026-10-05,2005-12-26,0
2026-10-05,2005-12-27,0
2026-10-05,2005-12-28,0
2026-10-05,2005-12-29,0
2026-10-05,2005-12-30,0
2026-10-05,2006-01-02,0
2026-10-05,2006-01-03,0
2026-10-05,2006-01-04,0
2026-10-05,2006-01-05,0
2026-10-05,2006-01-06,0
2026-10-05,2006-01-09,0
2026-10-05,2006-01-10,0
2026-10-05,2006-01-11,0
2026-10-05,2006-01-12,0
2026-10-05,2006-01-13,0
2026-10-05,2006-01-16,0
2026-10-05,2006-01-17,0
2026-10-05,2006-01-18,0
2026-10-05,2006-01-19,0
2026-10-05,2006-01-20,0
2026-10-05,2006-01-23,0
2026-10-05,2006-01-24,0
2026-10-05,2006-01-25,0
2026-10-05,2006-01-26,0
2026-10-05,2006-01-27,0
2026-10-05,2006-01-30,0
2026-10-05,2006-01-31,0
2026-10-05,2006-02-01,0
2026-10-05,2006-02-02,0
2026-10-05,2006-02-03,0
2026-10-05,2006-02-06,0
2026-10-05,2006-02-07,0
2026-10-05,2006-02-08,0
2026-10-05,2006-02-09,0
2026-10-05,2006-02-10,0
2026-10-05,2006-02-13,0
2026-10-05,2006-02-14,0
2026-10-05,2006-02-15,0
2026-10-05,2006-02-16,0
2026-10-05,2006-02-17,0
2026-10-05,2006-02-20,0
2026-10-05,2006-02-21,0
2026-10-05,2006-02-22,0
2026-10-05,2006-02-23,0
2026-10-05,2006-02-24,0
2026-10-05,2006-02-27,0
2026-10-05,2006-02-28,0
2026-10-05,2006-03-01,0
2026-10-05,2006-03-02,0
2026-10-05,2006-03-03,0
2026-10-05,2006-03-06,0
2026-10-05,2006-03-07,0
2026-10-05,2006-03-08,0
2026-10-05,2006-03-09,0
2026-10-05,2006-03-10,0
2026-10-05,2006-03-13,0
2026-10-05,2006-03-14,0
2026-10-05,2006-03-15,0
2026-10-05,2006-03-16,0
2026-10-05,2006-03-17,0
2026-10-05,2006-03-20,0
2026-10-05,2006-03-21,0
2026-10-05,2006-03-22,0
2026-10-05,2006-03-23,0
2026-10-05,2006-03-27,0
2026-10-05,2006-03-28,0
2026-10-05,2006-03-29,0
2026-10-05,2006-03-30,0
2026-10-05,2006-03-31,0
2026-10-05,2006-04-03,0
2026-10-05,2006-04-04,0
2026-10-05,2006-04-05,0
2026-10-05,2006-04-06,0
2026-10-05,2006-04-07,0
2026-10-05,2006-04-10,0
2026-10-05,2006-04-11,0
2026-10-05,2006-04-12,0
2026-10-05,2006-04-17,0
2026-10-05,2006-04-18,0
2026-10-05,2006-04-19,0
2026-10-05,2006-04-20,0
2026-10-05,2006-04-21,0
2026-10-05,2006-04-24,0
2026-10-05,2006-04-25,0
2026-10-05,2006-04-26,0
2026-10-05,2006-04-27,0
2026-10-05,2006-04-28,0
2026-10-05,2006-05-02,0
2026-10-05,2006-05-03,0
2026-10-05,2006-05-04,0
2026-10-05,2006-05-05,0
2026-10-05,2006-05-08,0
2026-10-05,2006-05-09,0
2026-10-05,2006-05-10,0
2026-10-05,2006-05-11,0
2026-10-05,2006-05-12,0
2026-10-05,2006-05-15,0
2026-10-05,2006-05-16,0
2026-10-05,2006-05-17,0
2026-10-05,2006-05-18,0
2026-10-05,2006-05-19,0
2026-10-05,2006-05-22,0
2026-10-05,2006-05-23,0
2026-10-05,2006-05-24,0
2026-10-05,2006-05-26,0
2026-10-05,2006-05-29,0
2026-10-05,2006-05-30,0
2026-10-05,2006-05-31,0
2026-10-05,2006-06-01,0
2026-10-05,2006-06-02,0
2026-10-05,2006-06-05,0
2026-10-05,2006-06-06,0
2026-10-05,2006-06-07,0
2026-10-05,2006-06-08,0
2026-10-05,2006-06-09,0
2026-10-05,2006-06-12,0
2026-10-05,2006-06-13,0
2026-10-05,2006-06-14,0
2026-10-05,2006-06-15,0
2026-10-05,2006-06-16,0
2026-10-05,2006-06-20,0
2026-10-05,2006-06-21,0
2026-10-05,2006-06-22,0
2026-10-05,2006-06-23,0
2026-10-05,2006-06-26,0
2026-10-05,2006-06-27,0
2026-10-05,2006-06-28,0
2026-10-05,2006-06-29,0
2026-10-05,2006-06-30,0
2026-10-05,2006-07-03,0
2026-10-05,2006-07-04,0
2026-10-05,2006-07-05,0
2026-10-05,2006-07-06,0
2026-10-05,2006-07-07,0
2026-10-05,2006-07-10,0
2026-10-05,2006-07-11,0
2026-10-05,2006-07-12,0
2026-10-05,2006-07-13,0
2026-10-05,2006-07-14,0
2026-10-05,2006-07-17,0
2026-10-05,2006-07-18,0
2026-10-05,2006-07-19,0
2026-10-05,2006-07-20,0
2026-10-05,2006-07-21,0
2026-10-05,2006-07-24,0
2026-10-05,2006-07-25,0
2026-10-05,2006-07-26,0
2026-10-05,2006-07-27,0
2026-10-05,2006-07-28,0
2026-10-05,2006-07-31,0
2026-10-05,2006-08-01,0
2026-10-05,2006-08-02,0
2026-10-05,2006-08-03,0
2026-10-05,2006-08-04,0
2026-10-05,2006-08-07,0
2026-10-05,2006-08-08,0
2026-10-05,2006-08-09,0
2026-10-05,2006-08-10,0
2026-10-05,2006-08-11,0
2026-10-05,2006-08-14,0
2026-10-05,2006-08-15,0
2026-10-05,2006-08-16,0
2026-10-05,2006-08-17,0
2026-10-05,2006-08-18,0
2026-10-05,2006-08-22,0
2026-10-05,2006-08-23,0
2026-10-05,2006-08-24,0
2026-10-05,2006-08-25,0
2026-10-05,2006-08-28,0
2026-10-05,2006-08-29,0
2026-10-05,2006-08-30,0
2026-10-05,2006-08-31,0
2026-10-05,2006-09-01,0
2026-10-05,2006-09-04,0
2026-10-05,2006-09-05,0
2026-10-05,2006-09-06,0
2026-10-05,2006-09-07,0
2026-10-05,2006-09-08,0
2026-10-05,2006-09-11,0
2026-10-05,2006-09-12,0
2026-10-05,2006-09-13,0
2026-10-05,2006-09-14,0
2026-10-05,2006-09-15,0
2026-10-05,2006-09-18,0
2026-10-05,2006-09-19,0
2026-10-05,2006-09-20,0
2026-10-05,2006-09-21,0
2026-10-05,2006-09-22,0
2026-10-05,2006-09-25,0
2026-10-05,2006-09-26,0
2026-10-05,2006-09-27,0
2026-10-05,2006-09-28,0
2026-10-05,2006-09-29,0
2026-10-05,2006-10-02,0
2026-10-05,2006-10-03,0
2026-10-05,2006-10-04,0
2026-10-05,2006-10-05,0
2026-10-05,2006-10-06,0
2026-10-05,2006-10-09,0
2026-10-05,2006-10-10,0
2026-10-05,2006-10-11,0
2026-10-05,2006-10-12,0
2026-10-05,2006-10-13,0
2026-10-05,2006-10-17,0
2026-10-05,2006-10-18,0
2026-10-05,2006-10-19,0
2026-10-05,2006-10-20,0
2026-10-05,2006-10-23,0
2026-10-05,2006-10-24,0
2026-10-05,2006-10-25,0
2026-10-05,2006-10-26,0
2026-10-05,2006-10-27,0
2026-10-05,2006-10-30,0
2026-10-05,2006-10-31,0
2026-10-05,2006-11-01,0
2026-10-05,2006-11-02,0
2026-10-05,2006-11-03,0
2026-10-05,2006-11-07,0
2026-10-05,2006-11-08,0
2026-10-05,2006-11-09,0
2026-10-05,2006-11-10,0
2026-10-05,2006-11-13,0
2026-10-05,2006-11-14,0
2026-10-05,2006-11-15,0
2026-10-05,2006-11-16,0
2026-10-05,2006-11-17,0
2026-10-05,2006-11-20,0
2026-10-05,2006-11-21,0
2026-10-05,2006-11-22,0
2026-10-05,2006-11-23,0
2026-10-05,2006-11-24,0
2026-10-05,2006-11-27,0
2026-10-05,2006-11-28,0
2026-10-05,2006-11-29,0
2026-10-05,2006-11-30,0
2026-10-05,2006-12-01,0
2026-10-05,2006-12-04,0
2026-10-05,2006-12-05,0
2026-10-05,2006-12-06,0
2026-10-05,2006-12-07,0
2026-10-05,2006-12-11,0
2026-10-05,2006-12-12,0
2026-10-05,2006-12-13,0
2026-10-05,2006-12-14,0
2026-10-05,2006-12-15,0
2026-10-05,2006-12-18,0
2026-10-05,2006-12-19,0
2026-10-05,2006-12-20,0
2026-10-05,2006-12-21,0
2026-10-05,2006-12-22,0
2026-10-05,2006-12-26,0
2026-10-05,2006-12-27,0
2026-10-05,2006-12-28,0
2026-10-05,2006-12-29,0
2026-10-05,2007-01-02,0
2026-10-05,2007-01-03,0
2026-10-05,2007-01-04,0
2026-10-05,2007-01-05,0
2026-10-05,2007-01-08,0
2026-10-05,2007-01-09,0
2026-10-05,2007-01-10,0
2026-10-05,2007-01-11,0
2026-10-05,2007-01-12,0
2026-10-05,2007-01-15,0
2026-10-05,2007-01-16,0
2026-10-05,2007-01-17,0
2026-10-05,2007-01-18,0
2026-10-05,2007-01-19,0
2026-10-05,2007-01-22,0
2026-10-05,2007-01-23,0
2026-10-05,2007-01-24,0
2026-10-05,2007-01-25,0
2026-10-05,2007-01-26,0
2026-10-05,2007-01-29,0
2026-10-05,2007-01-30,0
2026-10-05,2007-01-31,0
2026-10-05,2007-02-01,0
2026-10-05,2007-02-02,0
2026-10-05,2007-02-05,0
2026-10-05,2007-02-06,0
2026-10-05,2007-02-07,0
2026-10-05,2007-02-08,0
2026-10-05,2007-02-09,0
2026-10-05,2007-02-12,0
2026-10-05,2007-02-13,0
2026-10-05,2007-02-14,0
2026-10-05,2007-02-15,0
2026-10-05,2007-02-16,0
2026-10-05,2007-02-19,0
2026-10-05,2007-02-20,0
2026-10-05,2007-02-21,0
2026-10-05,2007-02-22,0
2026-10-05,2007-02-23,0
2026-10-05,2007-02-26,0
2026-10-05,2007-02-27,0
2026-10-05,2007-02-28,0
2026-10-05,2007-03-01,0
2026-10-05,2007-03-02,0
2026-10-05,2007-03-05,0
2026-10-05,2007-03-06,0
2026-10-05,2007-03-07,0
2026-10-05,2007-03-08,0
2026-10-05,2007-03-09,0
2026-10-05,2007-03-12,0
2026-10-05,2007-03-13,0
2026-10-05,2007-03-14,0
2026-10-05,2007-03-15,0
2026-10-05,2007-03-16,0
2026-10-05,2007-03-19,0
2026-10-05,2007-03-20,0
2026-10-05,2007-03-21,0
2026-10-05,2007-03-22,0
2026-10-05,2007-03-23,0
2026-10-05,2007-03-26,0
2026-10-05,2007-03-27,0
2026-10-05,2007-03-28,0
2026-10-05,2007-03-29,0
2026-10-05,2007-03-30,0
2026-10-05,2007-04-03,0
2026-10-05,2007-04-04,0
2026-10-05,2007-04-09,0
2026-10-05,2007-04-10,0
2026-10-05,2007-04-11,0
2026-10-05,2007-04-12,0
2026-10-05,2007-04-13,0
2026-10-05,2007-04-16,0
2026-10-05,2007-04-17,0
2026-10-05,2007-04-18,0
2026-10-05,2007-04-19,0
2026-10-05,2007-04-20,0
2026-10-05,2007-04-23,0
2026-10-05,2007-04-24,0
2026-10-05,2007-04-25,0
2026-10-05,2007-04-26,0
2026-10-05,2007-04-27,0
2026-10-05,2007-04-30,0
2026-10-05,2007-05-02,0
2026-10-05,2007-05-03,0
2026-10-05,2007-05-04,0
2026-10-05,2007-05-07,0
2026-10-05,2007-05-08,0
2026-10-05,2007-05-09,0
2026-10-05,2007-05-10,0
2026-10-05,2007-05-11,0
2026-10-05,2007-05-14,0
2026-10-05,2007-05-15,0
2026-10-05,2007-05-16,0
2026-10-05,2007-05-17,0
2026-10-05,2007-05-18,0
2026-10-05,2007-05-21,0
2026-10-05,2007-05-22,0
2026-10-05,2007-05-23,0
2026-10-05,2007-05-24,0
2026-10-05,2007-05-28,0
2026-10-05,2007-05-29,0
2026-10-05,2007-05-30,0
2026-10-05,2007-05-31,0
2026-10-05,2007-06-01,0
2026-10-05,2007-06-04,0
2026-10-05,2007-06-05,0
2026-10-05,2007-06-06,0
2026-10-05,2007-06-07,0
2026-10-05,2007-06-08,0
2026-10-05,2007-06-11,0
2026-10-05,2007-06-12,0
2026-10-05,2007-06-13,0
2026-10-05,2007-06-14,0
2026-10-05,2007-06-15,0
2026-10-05,2007-06-19,0
2026-10-05,2007-06-20,0
2026-10-05,2007-06-21,0
2026-10-05,2007-06-22,0
2026-10-05,2007-06-25,0
2026-10-05,2007-06-26,0
2026-10-05,2007-06-27,0
2026-10-05,2007-06-28,0
2026-10-05,2007-06-29,0
2026-10-05,2007-07-02,0
2026-10-05,2007-07-03,0
2026-10-05,2007-07-04,0
2026-10-05,2007-07-05,0
2026-10-05,2007-07-06,0
2026-10-05,2007-07-10,0
2026-10-05,2007-07-11,0
2026-10-05,2007-07-12,0
2026-10-05,2007-07-13,0
2026-10-05,2007-07-16,0
2026-10-05,2007-07-17,0
2026-10-05,2007-07-18,0
2026-10-05,2007-07-19,0
2026-10-05,2007-07-20,0
2026-10-05,2007-07-23,0
2026-10-05,2007-07-24,0
2026-10-05,2007-07-25,0
2026-10-05,2007-07-26,0
2026-10-05,2007-07-27,0
2026-10-05,2007-07-30,0
2026-10-05,2007-07-31,0
2026-10-05,2007-08-01,0
2026-10-05,2007-08-02,0
2026-10-05,2007-08-03,0
2026-10-05,2007-08-06,0
2026-10-05,2007-08-07,0
2026-10-05,2007-08-08,0
2026-10-05,2007-08-09,0
2026-10-05,2007-08-10,0
2026-10-05,2007-08-13,0
2026-10-05,2007-08-14,0
2026-10-05,2007-08-15,0
2026-10-05,2007-08-16,0
2026-10-05,2007-08-17,0
2026-10-05,2007-08-21,0
2026-10-05,2007-08-22,0
2026-10-05,2007-08-23,0
2026-10-05,2007-08-24,0
2026-10-05,2007-08-27,0
2026-10-05,2007-08-28,0
2026-10-05,2007-08-29,0
2026-10-05,2007-08-30,0
2026-10-05,2007-08-31,0
2026-10-05,2007-09-03,0
2026-10-05,2007-09-04,0
2026-10-05,2007-09-05,0
2026-10-05,2007-09-06,0
2026-10-05,2007-09-07,0
2026-10-05,2007-09-10,0
2026-10-05,2007-09-11,0
2026-10-05,2007-09-12,0
2026-10-05,2007-09-13,0
2026-10-05,2007-09-14,0
2026-10-05,2007-09-17,0
2026-10-05,2007-09-18,0
2026-10-05,2007-09-19,0
2026-10-05,2007-09-20,0
2026-10-05,2007-09-21,0
2026-10-05,2007-09-24,0
2026-10-05,2007-09-25,0
2026-10-05,2007-09-26,0
2026-10-05,2007-09-27,0
2026-10-05,2007-09-28,0
2026-10-05,2007-10-01,0
2026-10-05,2007-10-02,0
2026-10-05,2007-10-03,0
2026-10-05,2007-10-04,0
2026-10-05,2007-10-05,0
2026-10-05,2007-10-08,0
2026-10-05,2007-10-09,0
2026-10-05,2007-10-10,0
2026-10-05,2007-10-11,0
2026-10-05,2007-10-12,0
2026-10-05,2007-10-16,0
2026-10-05,2007-10-17,0
2026-10-05,2007-10-18,0
2026-10-05,2007-10-19,0
2026-10-05,2007-10-22,0
2026-10-05,2007-10-23,0
2026-10-05,2007-10-24,0
2026-10-05,2007-10-25,0
2026-10-05,2007-10-26,0
2026-10-05,2007-10-29,0
2026-10-05,2007-10-30,0
2026-10-05,2007-10-31,0
2026-10-05,2007-11-01,0
2026-10-05,2007-11-02,0
2026-10-05,2007-11-05,0
2026-10-05,2007-11-07,0
2026-10-05,2007-11-08,0
2026-10-05,2007-11-09,0
2026-10-05,2007-11-12,0
2026-10-05,2007-11-13,0
2026-10-05,2007-11-14,0
2026-10-05,2007-11-15,0
2026-10-05,2007-11-16,0
2026-10-05,2007-11-19,0
2026-10-05,2007-11-20,0
2026-10-05,2007-11-21,0
2026-10-05,2007-11-22,0
2026-10-05,2007-11-23,0
2026-10-05,2007-11-26,0
2026-10-05,2007-11-27,0
2026-10-05,2007-11-28,0
2026-10-05,2007-11-29,0
2026-10-05,2007-11-30,0
2026-10-05,2007-12-03,0
2026-10-05,2007-12-04,0
2026-10-05,2007-12-05,0
2026-10-05,2007-12-06,0
2026-10-05,2007-12-07,0
2026-10-05,2007-12-10,0
2026-10-05,2007-12-11,0
2026-10-05,2007-12-12,0
2026-10-05,2007-12-13,0
2026-10-05,2007-12-14,0
2026-10-05,2007-12-17,0
2026-10-05,2007-12-18,0
2026-10-05,2007-12-19,0
2026-10-05,2007-12-20,0
2026-10-05,2007-12-21,0
2026-10-05,2007-12-26,0
2026-10-05,2007-12-27,0
2026-10-05,2007-12-28,0
2026-10-05,2008-01-02,0
2026-10-05,2008-01-03,0
2026-10-05,2008-01-04,0
2026-10-05,2008-01-07,0
2026-10-05,2008-01-08,0
2026-10-05,2008-01-09,0
2026-10-05,2008-01-10,0
2026-10-05,2008-01-11,0
2026-10-05,2008-01-14,0
2026-10-05,2008-01-15,0
2026-10-05,2008-01-16,0
2026-10-05,2008-01-17,0
2026-10-05,2008-01-18,0
2026-10-05,2008-01-21,0
2026-10-05,2008-01-22,0
2026-10-05,2008-01-23,0
2026-10-05,2008-01-24,0
2026-10-05,2008-01-25,0
2026-10-05,2008-01-28,0
2026-10-05,2008-01-29,0
2026-10-05,2008-01-30,0
2026-10-05,2008-01-31,0
2026-10-05,2008-02-01,0
2026-10-05,2008-02-04,0
2026-10-05,2008-02-05,0
2026-10-05,2008-02-06,0
2026-10-05,2008-02-07,0
2026-10-05,2008-02-08,0
2026-10-05,2008-02-11,0
2026-10-05,2008-02-12,0
2026-10-05,2008-02-13,0
2026-10-05,2008-02-14,0
2026-10-05,2008-02-15,0
2026-10-05,2008-02-18,0
2026-10-05,2008-02-19,0
2026-10-05,2008-02-20,0
2026-10-05,2008-02-21,0
2026-10-05,2008-02-22,0
2026-10-05,2008-02-25,0
2026-10-05,2008-02-26,0
2026-10-05,2008-02-27,0
2026-10-05,2008-02-28,0
2026-10-05,2008-02-29,0
2026-10-05,2008-03-03,0
2026-10-05,2008-03-04,0
2026-10-05,2008-03-05,0
2026-10-05,2008-03-06,0
2026-10-05,2008-03-07,0
2026-10-05,2008-03-10,0
2026-10-05,2008-03-11,0
2026-10-05,2008-03-12,0
2026-10-05,2008-03-13,0
2026-10-05,2008-03-14,0
2026-10-05,2008-03-17,0
2026-10-05,2008-03-18,0
2026-10-05,2008-03-19,0
2026-10-05,2008-03-25,0
2026-10-05,2008-03-26,0
2026-10-05,2008-03-27,0
2026-10-05,2008-03-28,0
2026-10-05,2008-03-31,0
2026-10-05,2008-04-01,0
2026-10-05,2008-04-03,0
2026-10-05,2008-04-04,0
2026-10-05,2008-04-07,0
2026-10-05,2008-04-08,0
2026-10-05,2008-04-09,0
2026-10-05,2008-04-10,0
2026-10-05,2008-04-11,0
2026-10-05,2008-04-14,0
2026-10-05,2008-04-15,0
2026-10-05,2008-04-16,0
2026-10-05,2008-04-17,0
2026-10-05,2008-04-18,0
2026-10-05,2008-04-21,0
2026-10-05,2008-04-22,0
2026-10-05,2008-04-23,0
2026-10-05,2008-04-24,0
2026-10-05,2008-04-25,0
2026-10-05,2008-04-28,0
2026-10-05,2008-04-29,0
2026-10-05,2008-04-30,0
2026-10-05,2008-05-02,0
2026-10-05,2008-05-05,0
2026-10-05,2008-05-06,0
2026-10-05,2008-05-07,0
2026-10-05,2008-05-08,0
2026-10-05,2008-05-09,0
2026-10-05,2008-05-12,0
2026-10-05,2008-05-13,0
2026-10-05,2008-05-14,0
2026-10-05,2008-05-15,0
2026-10-05,2008-05-16,0
2026-10-05,2008-05-19,0
2026-10-05,2008-05-20,0
2026-10-05,2008-05-21,0
2026-10-05,2008-05-22,0
2026-10-05,2008-05-23,0
2026-10-05,2008-05-26,0
2026-10-05,2008-05-27,0
2026-10-05,2008-05-28,0
2026-10-05,2008-05-29,0
2026-10-05,2008-05-30,0
2026-10-05,2008-06-02,0
2026-10-05,2008-06-03,0
2026-10-05,2008-06-04,0
2026-10-05,2008-06-05,0
2026-10-05,2008-06-06,0
2026-10-05,2008-06-09,0
2026-10-05,2008-06-10,0
2026-10-05,2008-06-11,0
2026-10-05,2008-06-12,0
2026-10-05,2008-06-13,0
2026-10-05,2008-06-17,0
2026-10-05,2008-06-18,0
2026-10-05,2008-06-19,0
2026-10-05,2008-06-20,0
2026-10-05,2008-06-23,0
2026-10-05,2008-06-24,0
2026-10-05,2008-06-25,0
2026-10-05,2008-06-26,0
2026-10-05,2008-06-27,0
2026-10-05,2008-06-30,0
2026-10-05,2008-07-01,0
2026-10-05,2008-07-02,0
2026-10-05,2008-07-03,0
2026-10-05,2008-07-04,0
2026-10-05,2008-07-07,0
2026-10-05,2008-07-08,0
2026-10-05,2008-07-10,0
2026-10-05,2008-07-11,0
2026-10-05,2008-07-14,0
2026-10-05,2008-07-15,0
2026-10-05,2008-07-16,0
2026-10-05,2008-07-17,0
2026-10-05,2008-07-18,0
2026-10-05,2008-07-21,0
2026-10-05,2008-07-22,0
2026-10-05,2008-07-23,0
2026-10-05,2008-07-24,0
2026-10-05,2008-07-25,0
2026-10-05,2008-07-28,0
2026-10-05,2008-07-29,0
2026-10-05,2008-07-30,0
2026-10-05,2008-07-31,0
2026-10-05,2008-08-01,0
2026-10-05,2008-08-04,0
2026-10-05,2008-08-05,0
2026-10-05,2008-08-06,0
2026-10-05,2008-08-07,0
2026-10-05,2008-08-08,0
2026-10-05,2008-08-11,0
2026-10-05,2008-08-12,0
2026-10-05,2008-08-13,0
2026-10-05,2008-08-14,0
2026-10-05,2008-08-15,0
2026-10-05,2008-08-19,0
2026-10-05,2008-08-20,0
2026-10-05,2008-08-21,0
2026-10-05,2008-08-22,0
2026-10-05,2008-08-25,0
2026-10-05,2008-08-26,0
2026-10-05,2008-08-27,0
2026-10-05,2008-08-28,0
2026-10-05,2008-08-29,0
2026-10-05,2008-09-01,0
2026-10-05,2008-09-02,0
2026-10-05,2008-09-03,0
2026-10-05,2008-09-04,0
2026-10-05,2008-09-05,0
2026-10-05,2008-09-08,0
2026-10-05,2008-09-09,0
2026-10-05,2008-09-10,0
2026-10-05,2008-09-11,0
2026-10-05,2008-09-12,0
2026-10-05,2008-09-15,0
2026-10-05,2008-09-16,0
2026-10-05,2008-09-17,0
2026-10-05,2008-09-18,0
2026-10-05,2008-09-19,0
2026-10-05,2008-09-22,0
2026-10-05,2008-09-23,0
2026-10-05,2008-09-24,0
2026-10-05,2008-09-25,0
2026-10-05,2008-09-26,0
2026-10-05,2008-09-29,0
2026-10-05,2008-09-30,0
2026-10-05,2008-10-01,0
2026-10-05,2008-10-02,0
2026-10-05,2008-10-03,0
2026-10-05,2008-10-06,0
2026-10-05,2008-10-07,0
2026-10-05,2008-10-08,0
2026-10-05,2008-10-09,0
2026-10-05,2008-10-10,0
2026-10-05,2008-10-14,0
2026-10-05,2008-10-15,0
2026-10-05,2008-10-16,0
2026-10-05,2008-10-17,0
2026-10-05,2008-10-20,0
2026-10-05,2008-10-21,0
2026-10-05,2008-10-22,0
2026-10-05,2008-10-23,0
2026-10-05,2008-10-24,0
2026-10-05,2008-10-27,0
2026-10-05,2008-10-28,0
2026-10-05,2008-10-29,0
2026-10-05,2008-10-30,0
2026-10-05,2008-10-31,0
2026-10-05,2008-11-03,0
2026-10-05,2008-11-04,0
2026-10-05,2008-11-05,0
2026-10-05,2008-11-07,0
2026-10-05,2008-11-10,0
2026-10-05,2008-11-11,0
2026-10-05,2008-11-12,0
2026-10-05,2008-11-13,0
2026-10-05,2008-11-14,0
2026-10-05,2008-11-17,0
2026-10-05,2008-11-18,0
2026-10-05,2008-11-19,0
2026-10-05,2008-11-20,0
2026-10-05,2008-11-21,0
2026-10-05,2008-11-24,0
2026-10-05,2008-11-25,0
2026-10-05,2008-11-26,0
2026-10-05,2008-11-27,0
2026-10-05,2008-11-28,0
2026-10-05,2008-12-01,0
2026-10-05,2008-12-02,0
2026-10-05,2008-12-03,0
2026-10-05,2008-12-04,0
2026-10-05,2008-12-05,0
2026-10-05,2008-12-09,0
2026-10-05,2008-12-10,0
2026-10-05,2008-12-11,0
2026-10-05,2008-12-12,0
2026-10-05,2008-12-15,0
2026-10-05,2008-12-16,0
2026-10-05,2008-12-17,0
2026-10-05,2008-12-18,0
2026-10-05,2008-12-19,0
2026-10-05,2008-12-22,0
2026-10-05,2008-12-23,0
2026-10-05,2008-12-24,0
2026-10-05,2008-12-26,0
2026-10-05,2008-12-29,0
2026-10-05,2008-12-30,0
2026-10-05,2008-12-31,0
2026-10-05,2009-01-02,0
2026-10-05,2009-01-05,0
2026-10-05,2009-01-06,0
2026-10-05,2009-01-07,0
2026-10-05,2009-01-08,0
2026-10-05,2009-01-09,0
2026-10-05,2009-01-12,0
2026-10-05,2009-01-13,0
2026-10-05,2009-01-14,0
2026-10-05,2009-01-15,0
2026-10-05,2009-01-16,0
2026-10-05,2009-01-19,0
2026-10-05,2009-01-20,0
2026-10-05,2009-01-21,0
2026-10-05,2009-01-22,0
2026-10-05,2009-01-23,0
2026-10-05,2009-01-26,0
2026-10-05,2009-01-27,0
2026-10-05,2009-01-28,0
2026-10-05,2009-01-29,0
2026-10-05,2009-01-30,0
2026-10-05,2009-02-02,0
2026-10-05,2009-02-03,0
2026-10-05,2009-02-04,0
2026-10-05,2009-02-05,0
2026-10-05,2009-02-06,0
2026-10-05,2009-02-09,0
2026-10-05,2009-02-10,0
2026-10-05,2009-02-11,0
2026-10-05,2009-02-12,0
2026-10-05,2009-02-13,0
2026-10-05,2009-02-16,0
2026-10-05,2009-02-17,0
2026-10-05,2009-02-18,0
2026-10-05,2009-02-19,0
2026-10-05,2009-02-20,0
2026-10-05,2009-02-23,0
2026-10-05,2009-02-24,0
2026-10-05,2009-02-25,0
2026-10-05,2009-02-26,0
2026-10-05,2009-02-27,0
2026-10-05,2009-03-02,0
2026-10-05,2009-03-03,0
2026-10-05,2009-03-04,0
2026-10-05,2009-03-05,0
2026-10-05,2009-03-06,0
2026-10-05,2009-03-09,0
2026-10-05,2009-03-10,0
2026-10-05,2009-03-11,0
2026-10-05,2009-03-12,0
2026-10-05,2009-03-13,0
2026-10-05,2009-03-16,0
2026-10-05,2009-03-17,0
2026-10-05,2009-03-18,0
2026-10-05,2009-03-19,0
2026-10-05,2009-03-20,0
2026-10-05,2009-03-23,0
2026-10-05,2009-03-25,0
2026-10-05,2009-03-26,0
2026-10-05,2009-03-27,0
2026-10-05,2009-03-30,0
2026-10-05,2009-03-31,0
2026-10-05,2009-04-01,0
2026-10-05,2009-04-03,0
2026-10-05,2009-04-06,0
2026-10-05,2009-04-07,0
2026-10-05,2009-04-08,0
2026-10-05,2009-04-13,0
2026-10-05,2009-04-14,0
2026-10-05,2009-04-15,0
2026-10-05,2009-04-16,0
2026-10-05,2009-04-17,0
2026-10-05,2009-04-20,0
2026-10-05,2009-04-21,0
2026-10-05,2009-04-22,0
2026-10-05,2009-04-23,0
2026-10-05,2009-04-24,0
2026-10-05,2009-04-27,0
2026-10-05,2009-04-28,0
2026-10-05,2009-04-29,0
2026-10-05,2009-04-30,0
2026-10-05,2009-05-04,0
2026-10-05,2009-05-05,0
2026-10-05,2009-05-06,0
2026-10-05,2009-05-07,0
2026-10-05,2009-05-08,0
2026-10-05,2009-05-11,0
2026-10-05,2009-05-12,0
2026-10-05,2009-05-13,0
2026-10-05,2009-05-14,0
2026-10-05,2009-05-15,0
2026-10-05,2009-05-18,0
2026-10-05,2009-05-19,0
2026-10-05,2009-05-20,0
2026-10-05,2009-05-21,0
2026-10-05,2009-05-22,0
2026-10-05,2009-05-26,0
2026-10-05,2009-05-27,0
2026-10-05,2009-05-28,0
2026-10-05,2009-05-29,0
2026-10-05,2009-06-01,0
2026-10-05,2009-06-02,0
2026-10-05,2009-06-03,0
2026-10-05,2009-06-04,0
2026-10-05,2009-06-05,0
2026-10-05,2009-06-08,0
2026-10-05,2009-06-09,0
2026-10-05,2009-06-10,0
2026-10-05,2009-06-11,0
2026-10-05,2009-06-12,0
2026-10-05,2009-06-16,0
2026-10-05,2009-06-17,0
2026-10-05,2009-06-18,0
2026-10-05,2009-06-19,0
2026-10-05,2009-06-22,0
2026-10-05,2009-06-23,0
2026-10-05,2009-06-24,0
2026-10-05,2009-06-25,0
2026-10-05,2009-06-26,0
2026-10-05,2009-06-29,0
2026-10-05,2009-06-30,0
2026-10-05,2009-07-01,0
2026-10-05,2009-07-02,0
2026-10-05,2009-07-03,0
2026-10-05,2009-07-06,0
2026-10-05,2009-07-07,0
2026-10-05,2009-07-08,0
2026-10-05,2009-07-13,0
2026-10-05,2009-07-14,0
2026-10-05,2009-07-15,0
2026-10-05,2009-07-16,0
2026-10-05,2009-07-17,0
2026-10-05,2009-07-20,0
2026-10-05,2009-07-21,0
2026-10-05,2009-07-22,0
2026-10-05,2009-07-23,0
2026-10-05,2009-07-24,0
2026-10-05,2009-07-27,0
2026-10-05,2009-07-28,0
2026-10-05,2009-07-29,0
2026-10-05,2009-07-30,0
2026-10-05,2009-07-31,0
2026-10-05,2009-08-03,0
2026-10-05,2009-08-04,0
2026-10-05,2009-08-05,0
2026-10-05,2009-08-06,0
2026-10-05,2009-08-07,0
2026-10-05,2009-08-10,0
2026-10-05,2009-08-11,0
2026-10-05,2009-08-12,0
2026-10-05,2009-08-13,0
2026-10-05,2009-08-14,0
2026-10-05,2009-08-18,0
2026-10-05,2009-08-19,0
2026-10-05,2009-08-20,0
2026-10-05,2009-08-21,0
2026-10-05,2009-08-24,0
2026-10-05,2009-08-25,0
2026-10-05,2009-08-26,0
2026-10-05,2009-08-27,0
2026-10-05,2009-08-28,0
2026-10-05,2009-08-31,0
2026-10-05,2009-09-01,0
2026-10-05,2009-09-02,0
2026-10-05,2009-09-03,0
2026-10-05,2009-09-04,0
2026-10-05,2009-09-07,0
2026-10-05,2009-09-08,0
2026-10-05,2009-09-09,0
2026-10-05,2009-09-10,0
2026-10-05,2009-09-11,0
2026-10-05,2009-09-14,0
2026-10-05,2009-09-15,0
2026-10-05,2009-09-16,0
2026-10-05,2009-09-17,0
2026-10-05,2009-09-18,0
2026-10-05,2009-09-21,0
2026-10-05,2009-09-22,0
2026-10-05,2009-09-23,0
2026-10-05,2009-09-24,0
2026-10-05,2009-09-25,0
2026-10-05,2009-09-28,0
2026-10-05,2009-09-29,0
2026-10-05,2009-09-30,0
2026-10-05,2009-10-01,0
2026-10-05,2009-10-02,0
2026-10-05,2009-10-05,0
2026-10-05,2009-10-06,0
2026-10-05,2009-10-07,0
2026-10-05,2009-10-08,0
2026-10-05,2009-10-09,0
2026-10-05,2009-10-13,0
2026-10-05,2009-10-14,0
2026-10-05,2009-10-15,0
2026-10-05,2009-10-16,0
2026-10-05,2009-10-19,0
2026-10-05,2009-10-20,0
2026-10-05,2009-10-21,0
2026-10-05,2009-10-22,0
2026-10-05,2009-10-23,0
2026-10-05,2009-10-26,0
2026-10-05,2009-10-27,0
2026-10-05,2009-10-28,0
2026-10-05,2009-10-29,0
2026-10-05,2009-10-30,0
2026-10-05,2009-11-02,0
2026-10-05,2009-11-03,0
2026-10-05,2009-11-04,0
2026-10-05,2009-11-05,0
2026-10-05,2009-11-09,0
2026-10-05,2009-11-10,0
2026-10-05,2009-11-11,0
2026-10-05,2009-11-12,0
2026-10-05,2009-11-13,0
2026-10-05,2009-11-16,0
2026-10-05,2009-11-17,0
2026-10-05,2009-11-18,0
2026-10-05,2009-11-19,0
2026-10-05,2009-11-20,0
2026-10-05,2009-11-23,0
2026-10-05,2009-11-24,0
2026-10-05,2009-11-25,0
2026-10-05,2009-11-26,0
2026-10-05,2009-11-27,0
2026-10-05,2009-11-30,0
2026-10-05,2009-12-01,0
2026-10-05,2009-12-02,0
2026-10-05,2009-12-03,0
2026-10-05,2009-12-04,0
2026-10-05,2009-12-07,0
2026-10-05,2009-12-09,0
2026-10-05,2009-12-10,0
2026-10-05,2009-12-11,0
2026-10-05,2009-12-14,0
2026-10-05,2009-12-15,0
2026-10-05,2009-12-16,0
2026-10-05,2009-12-17,0
2026-10-05,2009-12-18,0
2026-10-05,2009-12-21,0
2026-10-05,2009-12-22,0
2026-10-05,2009-12-23,0
2026-10-05,2009-12-24,0
2026-10-05,2009-12-28,0
2026-10-05,2009-12-29,0
2026-10-05,2009-12-30,0
2026-10-05,2009-12-31,0
2026-10-05,2010-01-04,0
2026-10-05,2010-01-05,0
2026-10-05,2010-01-06,0
2026-10-05,2010-01-07,0
2026-10-05,2010-01-08,0
2026-10-05,2010-01-11,0
2026-10-05,2010-01-12,0
2026-10-05,2010-01-13,0
2026-10-05,2010-01-14,0
2026-10-05,2010-01-15,0
2026-10-05,2010-01-18,0
2026-10-05,2010-01-19,0
2026-10-05,2010-01-20,0
2026-10-05,2010-01-21,0
2026-10-05,2010-01-22,0
2026-10-05,2010-01-25,0
2026-10-05,2010-01-26,0
2026-10-05,2010-01-27,0
2026-10-05,2010-01-28,0
2026-10-05,2010-01-29,0
2026-10-05,2010-02-01,0
2026-10-05,2010-02-02,0
2026-10-05,2010-02-03,0
2026-10-05,2010-02-04,0
2026-10-05,2010-02-05,0
2026-10-05,2010-02-08,0
2026-10-05,2010-02-09,0
2026-10-05,2010-02-10,0
2026-10-05,2010-02-11,0
2026-10-05,2010-02-12,0
2026-10-05,2010-02-15,0
2026-10-05,2010-02-16,0
2026-10-05,2010-02-17,0
2026-10-05,2010-02-18,0
2026-10-05,2010-02-19,0
2026-10-05,2010-02-22,0
2026-10-05,2010-02-23,0
2026-10-05,2010-02-24,0
2026-10-05,2010-02-25,0
2026-10-05,2010-02-26,0
2026-10-05,2010-03-01,0
2026-10-05,2010-03-02,0
2026-10-05,2010-03-03,0
2026-10-05,2010-03-04,0
2026-10-05,2010-03-05,0
2026-10-05,2010-03-08,0
2026-10-05,2010-03-09,0
2026-10-05,2010-03-10,0
2026-10-05,2010-03-11,0
2026-10-05,2010-03-12,0
2026-10-05,2010-03-15,0
2026-10-05,2010-03-16,0
2026-10-05,2010-03-17,0
2026-10-05,2010-03-18,0
2026-10-05,2010-03-19,0
2026-10-05,2010-03-22,0
2026-10-05,2010-03-23,0
2026-10-05,2010-03-25,0
2026-10-05,2010-03-26,0
2026-10-05,2010-03-29,0
2026-10-05,2010-03-30,0
2026-10-05,2010-03-31,0
2026-10-05,2010-04-05,0
2026-10-05,2010-04-06,0
2026-10-05,2010-04-07,0
2026-10-05,2010-04-08,0
2026-10-05,2010-04-09,0
2026-10-05,2010-04-12,0
2026-10-05,2010-04-13,0
2026-10-05,2010-04-14,0
2026-10-05,2010-04-15,0
2026-10-05,2010-04-16,0
2026-10-05,2010-04-19,0
2026-10-05,2010-04-20,0
2026-10-05,2010-04-21,0
2026-10-05,2010-04-22,0
2026-10-05,2010-04-23,0
2026-10-05,2010-04-26,0
2026-10-05,2010-04-27,0
2026-10-05,2010-04-28,0
2026-10-05,2010-04-29,0
2026-10-05,2010-04-30,0
2026-10-05,2010-05-03,0
2026-10-05,2010-05-04,0
2026-10-05,2010-05-05,0
2026-10-05,2010-05-06,0
2026-10-05,2010-05-07,0
2026-10-05,2010-05-10,0
2026-10-05,2010-05-11,0
2026-10-05,2010-05-12,0
2026-10-05,2010-05-13,0
2026-10-05,2010-05-14,0
2026-10-05,2010-05-17,0
2026-10-05,2010-05-18,0
2026-10-05,2010-05-19,0
2026-10-05,2010-05-20,0
2026-10-05,2010-05-21,0
2026-10-05,2010-05-26,0
2026-10-05,2010-05-27,0
2026-10-05,2010-05-28,0
2026-10-05,2010-05-31,0
2026-10-05,2010-06-01,0
2026-10-05,2010-06-02,0
2026-10-05,2010-06-03,0
2026-10-05,2010-06-04,0
2026-10-05,2010-06-07,0
2026-10-05,2010-06-08,0
2026-10-05,2010-06-09,0
2026-10-05,2010-06-10,0
2026-10-05,2010-06-11,0
2026-10-05,2010-06-14,0
2026-10-05,2010-06-15,0
2026-10-05,2010-06-16,0
2026-10-05,2010-06-17,0
2026-10-05,2010-06-18,0
2026-10-05,2010-06-22,0
2026-10-05,2010-06-23,0
2026-10-05,2010-06-24,0
2026-10-05,2010-06-25,0
2026-10-05,2010-06-28,0
2026-10-05,2010-06-29,0
2026-10-05,2010-06-30,0
2026-10-05,2010-07-01,0
2026-10-05,2010-07-02,0
2026-10-05,2010-07-05,0
2026-10-05,2010-07-06,0
2026-10-05,2010-07-07,0
2026-10-05,2010-07-08,0
2026-10-05,2010-07-12,0
2026-10-05,2010-07-13,0
2026-10-05,2010-07-14,0
2026-10-05,2010-07-15,0
2026-10-05,2010-07-16,0
2026-10-05,2010-07-19,0
2026-10-05,2010-07-20,0
2026-10-05,2010-07-21,0
2026-10-05,2010-07-22,0
2026-10-05,2010-07-23,0
2026-10-05,2010-07-26,0
2026-10-05,2010-07-27,0
2026-10-05,2010-07-28,0
2026-10-05,2010-07-29,0
2026-10-05,2010-07-30,0
2026-10-05,2010-08-02,0
2026-10-05,2010-08-03,0
2026-10-05,2010-08-04,0
2026-10-05,2010-08-05,0
2026-10-05,2010-08-06,0
2026-10-05,2010-08-09,0
2026-10-05,2010-08-10,0
2026-10-05,2010-08-11,0
2026-10-05,2010-08-12,0
2026-10-05,2010-08-13,0
2026-10-05,2010-08-17,0
2026-10-05,2010-08-18,0
2026-10-05,2010-08-19,0
2026-10-05,2010-08-20,0
2026-10-05,2010-08-23,0
2026-10-05,2010-08-24,0
2026-10-05,2010-08-25,0
2026-10-05,2010-08-26,0
2026-10-05,2010-08-27,0
2026-10-05,2010-08-30,0
2026-10-05,2010-08-31,0
2026-10-05,2010-09-01,0
2026-10-05,2010-09-02,0
2026-10-05,2010-09-03,0
2026-10-05,2010-09-06,0
2026-10-05,2010-09-07,0
2026-10-05,2010-09-08,0
2026-10-05,2010-09-09,0
2026-10-05,2010-09-10,0
2026-10-05,2010-09-13,0
2026-10-05,2010-09-14,0
2026-10-05,2010-09-15,0
2026-10-05,2010-09-16,0
2026-10-05,2010-09-17,0
2026-10-05,2010-09-20,0
2026-10-05,2010-09-21,0
2026-10-05,2010-09-22,0
2026-10-05,2010-09-23,0
2026-10-05,2010-09-24,0
2026-10-05,2010-09-27,0
2026-10-05,2010-09-28,0
2026-10-05,2010-09-29,0
2026-10-05,2010-09-30,0
2026-10-05,2010-10-01,0
2026-10-05,2010-10-04,0
2026-10-05,2010-10-05,0
2026-10-05,2010-10-06,0
2026-10-05,2010-10-07,0
2026-10-05,2010-10-08,0
2026-10-05,2010-10-12,0
2026-10-05,2010-10-13,0
2026-10-05,2010-10-14,0
2026-10-05,2010-10-15,0
2026-10-05,2010-10-18,0
2026-10-05,2010-10-19,0
2026-10-05,2010-10-20,0
2026-10-05,2010-10-21,0
2026-10-05,2010-10-22,0
2026-10-05,2010-10-25,0
2026-10-05,2010-10-26,0
2026-10-05,2010-10-28,0
2026-10-05,2010-10-29,0
2026-10-05,2010-11-01,0
2026-10-05,2010-11-02,0
2026-10-05,2010-11-03,0
2026-10-05,2010-11-04,0
2026-10-05,2010-11-05,0
2026-10-05,2010-11-08,0
2026-10-05,2010-11-09,0
2026-10-05,2010-11-10,0
2026-10-05,2010-11-11,0
2026-10-05,2010-11-12,0
2026-10-05,2010-11-15,0
2026-10-05,2010-11-16,0
2026-10-05,2010-11-17,0
2026-10-05,2010-11-18,0
2026-10-05,2010-11-19,0
2026-10-05,2010-11-23,0
2026-10-05,2010-11-24,0
2026-10-05,2010-11-25,0
2026-10-05,2010-11-26,0
2026-10-05,2010-11-29,0
2026-10-05,2010-11-30,0
2026-10-05,2010-12-01,0
2026-10-05,2010-12-02,0
2026-10-05,2010-12-03,0
2026-10-05,2010-12-06,0
2026-10-05,2010-12-07,0
2026-10-05,2010-12-09,0
2026-10-05,2010-12-10,0
2026-10-05,2010-12-13,0
2026-10-05,2010-12-14,0
2026-10-05,2010-12-15,0
2026-10-05,2010-12-16,0
2026-10-05,2010-12-17,0
2026-10-05,2010-12-20,0
2026-10-05,2010-12-21,0
2026-10-05,2010-12-22,0
2026-10-05,2010-12-23,0
2026-10-05,2010-12-27,0
2026-10-05,2010-12-28,0
2026-10-05,2010-12-29,0
2026-10-05,2010-12-30,0
2026-10-05,2010-12-31,0
2026-10-05,2011-01-03,0
2026-10-05,2011-01-04,0
2026-10-05,2011-01-05,0
2026-10-05,2011-01-06,0
2026-10-05,2011-01-07,0
2026-10-05,2011-01-10,0
2026-10-05,2011-01-11,0
2026-10-05,2011-01-12,0
2026-10-05,2011-01-13,0
2026-10-05,2011-01-14,0
2026-10-05,2011-01-17,0
2026-10-05,2011-01-18,0
2026-10-05,2011-01-19,0
2026-10-05,2011-01-20,0
2026-10-05,2011-01-21,0
2026-10-05,2011-01-24,0
2026-10-05,2011-01-25,0
2026-10-05,2011-01-26,0
2026-10-05,2011-01-27,0
2026-10-05,2011-01-28,0
2026-10-05,2011-01-31,0
2026-10-05,2011-02-01,0
2026-10-05,2011-02-02,0
2026-10-05,2011-02-03,0
2026-10-05,2011-02-04,0
2026-10-05,2011-02-07,0
2026-10-05,2011-02-08,0
2026-10-05,2011-02-09,0
2026-10-05,2011-02-10,0
2026-10-05,2011-02-11,0
2026-10-05,2011-02-14,0
2026-10-05,2011-02-15,0
2026-10-05,2011-02-16,0
2026-10-05,2011-02-17,0
2026-10-05,2011-02-18,0
2026-10-05,2011-02-21,0
2026-10-05,2011-02-22,0
2026-10-05,2011-02-23,0
2026-10-05,2011-02-24,0
2026-10-05,2011-02-25,0
2026-10-05,2011-02-28,0
2026-10-05,2011-03-01,0
2026-10-05,2011-03-02,0
2026-10-05,2011-03-03,0
2026-10-05,2011-03-04,0
2026-10-05,2011-03-09,0
2026-10-05,2011-03-10,0
2026-10-05,2011-03-11,0
2026-10-05,2011-03-14,0
2026-10-05,2011-03-15,0
2026-10-05,2011-03-16,0
2026-10-05,2011-03-17,0
2026-10-05,2011-03-18,0
2026-10-05,2011-03-21,0
2026-10-05,2011-03-22,0
2026-10-05,2011-03-23,0
2026-10-05,2011-03-28,0
2026-10-05,2011-03-29,0
2026-10-05,2011-03-30,0
2026-10-05,2011-03-31,0
2026-10-05,2011-04-01,0
2026-10-05,2011-04-04,0
2026-10-05,2011-04-05,0
2026-10-05,2011-04-06,0
2026-10-05,2011-04-07,0
2026-10-05,2011-04-08,0
2026-10-05,2011-04-11,0
2026-10-05,2011-04-12,0
2026-10-05,2011-04-13,0
2026-10-05,2011-04-14,0
2026-10-05,2011-04-15,0
2026-10-05,2011-04-18,0
2026-10-05,2011-04-19,0
2026-10-05,2011-04-20,0
2026-10-05,2011-04-25,0
2026-10-05,2011-04-26,0
2026-10-05,2011-04-27,0
2026-10-05,2011-04-28,0
2026-10-05,2011-04-29,0
2026-10-05,2011-05-02,0
2026-10-05,2011-05-03,0
2026-10-05,2011-05-04,0
2026-10-05,2011-05-05,0
2026-10-05,2011-05-06,0
2026-10-05,2011-05-09,0
2026-10-05,2011-05-10,0
2026-10-05,2011-05-11,0
2026-10-05,2011-05-12,0
2026-10-05,2011-05-13,0
2026-10-05,2011-05-16,0
2026-10-05,2011-05-17,0
2026-10-05,2011-05-18,0
2026-10-05,2011-05-19,0
2026-10-05,2011-05-20,0
2026-10-05,2011-05-23,0
2026-10-05,2011-05-24,0
2026-10-05,2011-05-26,0
2026-10-05,2011-05-27,0
2026-10-05,2011-05-30,0
2026-10-05,2011-05-31,0
2026-10-05,2011-06-01,0
2026-10-05,2011-06-02,0
2026-10-05,2011-06-03,0
2026-10-05,2011-06-06,0
2026-10-05,2011-06-07,0
2026-10-05,2011-06-08,0
2026-10-05,2011-06-09,0
2026-10-05,2011-06-10,0
2026-10-05,2011-06-13,0
2026-10-05,2011-06-14,0
2026-10-05,2011-06-15,0
2026-10-05,2011-06-16,0
2026-10-05,2011-06-17,0
2026-10-05,2011-06-21,0
2026-10-05,2011-06-22,0
2026-10-05,2011-06-23,0
2026-10-05,2011-06-24,0
2026-10-05,2011-06-27,0
2026-10-05,2011-06-28,0
2026-10-05,2011-06-29,0
2026-10-05,2011-06-30,0
2026-10-05,2011-07-01,0
2026-10-05,2011-07-04,0
2026-10-05,2011-07-05,0
2026-10-05,2011-07-06,0
2026-10-05,2011-07-07,0
2026-10-05,2011-07-08,0
2026-10-05,2011-07-11,0
2026-10-05,2011-07-12,0
2026-10-05,2011-07-13,0
2026-10-05,2011-07-14,0
2026-10-05,2011-07-15,0
2026-10-05,2011-07-18,0
2026-10-05,2011-07-19,0
2026-10-05,2011-07-20,0
2026-10-05,2011-07-21,0
2026-10-05,2011-07-22,0
2026-10-05,2011-07-25,0
2026-10-05,2011-07-26,0
2026-10-05,2011-07-27,0
2026-10-05,2011-07-28,0
2026-10-05,2011-07-29,0
2026-10-05,2011-08-01,0
2026-10-05,2011-08-02,0
2026-10-05,2011-08-03,0
2026-10-05,2011-08-04,0
2026-10-05,2011-08-05,0
2026-10-05,2011-08-08,0
2026-10-05,2011-08-09,0
2026-10-05,2011-08-10,0
2026-10-05,2011-08-11,0
2026-10-05,2011-08-12,0
2026-10-05,2011-08-15,0
2026-10-05,2011-08-16,0
2026-10-05,2011-08-17,0
2026-10-05,2011-08-18,0
2026-10-05,2011-08-19,0
2026-10-05,2011-08-23,0
2026-10-05,2011-08-24,0
2026-10-05,2011-08-25,0
2026-10-05,2011-08-26,0
2026-10-05,2011-08-29,0
2026-10-05,2011-08-30,0
2026-10-05,2011-08-31,0
2026-10-05,2011-09-01,0
2026-10-05,2011-09-02,0
2026-10-05,2011-09-05,0
2026-10-05,2011-09-06,0
2026-10-05,2011-09-07,0
2026-10-05,2011-09-08,0
2026-10-05,2011-09-09,0
2026-10-05,2011-09-12,0
2026-10-05,2011-09-13,0
2026-10-05,2011-09-14,0
2026-10-05,2011-09-15,0
2026-10-05,2011-09-16,0
2026-10-05,2011-09-19,0
2026-10-05,2011-09-20,0
2026-10-05,2011-09-21,0
2026-10-05,2011-09-22,0
2026-10-05,2011-09-23,0
2026-10-05,2011-09-26,0
2026-10-05,2011-09-27,0
2026-10-05,2011-09-28,0
2026-10-05,2011-09-29,0
2026-10-05,2011-09-30,0
2026-10-05,2011-10-03,0
2026-10-05,2011-10-04,0
2026-10-05,2011-10-05,0
2026-10-05,2011-10-06,0
2026-10-05,2011-10-07,0
2026-10-05,2011-10-11,0
2026-10-05,2011-10-12,0
2026-10-05,2011-10-13,0
2026-10-05,2011-10-14,0
2026-10-05,2011-10-17,0
2026-10-05,2011-10-18,0
2026-10-05,2011-10-19,0
2026-10-05,2011-10-20,0
2026-10-05,2011-10-21,0
2026-10-05,2011-10-24,0
2026-10-05,2011-10-25,0
2026-10-05,2011-10-26,0
2026-10-05,2011-10-27,0
2026-10-05,2011-10-28,0
2026-10-05,2011-10-31,0
2026-10-05,2011-11-01,0
2026-10-05,2011-11-02,0
2026-10-05,2011-11-03,0
2026-10-05,2011-11-04,0
2026-10-05,2011-11-07,0
2026-10-05,2011-11-08,0
2026-10-05,2011-11-09,0
2026-10-05,2011-11-10,0
2026-10-05,2011-11-11,0
2026-10-05,2011-11-14,0
2026-10-05,2011-11-15,0
2026-10-05,2011-11-16,0
2026-10-05,2011-11-17,0
2026-10-05,2011-11-18,0
2026-10-05,2011-11-21,0
2026-10-05,2011-11-22,0
2026-10-05,2011-11-23,0
2026-10-05,2011-11-24,0
2026-10-05,2011-11-25,0
2026-10-05,2011-11-29,0
2026-10-05,2011-11-30,0
2026-10-05,2011-12-01,0
2026-10-05,2011-12-02,0
2026-10-05,2011-12-05,0
2026-10-05,2011-12-06,0
2026-10-05,2011-12-07,0
2026-10-05,2011-12-12,0
2026-10-05,2011-12-13,0
2026-10-05,2011-12-14,0
2026-10-05,2011-12-15,0
2026-10-05,2011-12-16,0
2026-10-05,2011-12-19,0
2026-10-05,2011-12-20,0
2026-10-05,2011-12-21,0
2026-10-05,2011-12-22,0
2026-10-05,2011-12-23,0
2026-10-05,2011-12-27,0
2026-10-05,2011-12-28,0
2026-10-05,2011-12-29,0
2026-10-05,2011-12-30,0
2026-10-05,2012-01-03,0
2026-10-05,2012-01-04,0
2026-10-05,2012-01-05,0
2026-10-05,2012-01-06,0
2026-10-05,2012-01-09,0
2026-10-05,2012-01-10,0
2026-10-05,2012-01-11,0
2026-10-05,2012-01-12,0
2026-10-05,2012-01-13,0
2026-10-05,2012-01-16,0
2026-10-05,2012-01-17,0
2026-10-05,2012-01-18,0
2026-10-05,2012-01-19,0
2026-10-05,2012-01-20,0
2026-10-05,2012-01-23,0
2026-10-05,2012-01-24,0
2026-10-05,2012-01-25,0
2026-10-05,2012-01-26,0
2026-10-05,2012-01-27,0
2026-10-05,2012-01-30,0
2026-10-05,2012-01-31,0
2026-10-05,2012-02-01,0
2026-10-05,2012-02-02,0
2026-10-05,2012-02-03,0
2026-10-05,2012-02-06,0
2026-10-05,2012-02-07,0
2026-10-05,2012-02-08,0
2026-10-05,2012-02-09,0
2026-10-05,2012-02-10,0
2026-10-05,2012-02-13,0
2026-10-05,2012-02-14,0
2026-10-05,2012-02-15,0
2026-10-05,2012-02-16,0
2026-10-05,2012-02-17,0
2026-10-05,2012-02-22,0
2026-10-05,2012-02-23,0
2026-10-05,2012-02-24,0
2026-10-05,2012-02-28,0
2026-10-05,2012-02-29,0
2026-10-05,2012-03-01,0
2026-10-05,2012-03-02,0
2026-10-05,2012-03-05,0
2026-10-05,2012-03-06,0
2026-10-05,2012-03-07,0
2026-10-05,2012-03-08,0
2026-10-05,2012-03-09,0
2026-10-05,2012-03-12,0
2026-10-05,2012-03-13,0
2026-10-05,2012-03-14,0
2026-10-05,2012-03-15,0
2026-10-05,2012-03-16,0
2026-10-05,2012-03-19,0
2026-10-05,2012-03-20,0
2026-10-05,2012-03-21,0
2026-10-05,2012-03-22,0
2026-10-05,2012-03-23,0
2026-10-05,2012-03-26,0
2026-10-05,2012-03-27,0
2026-10-05,2012-03-28,0
2026-10-05,2012-03-29,0
2026-10-05,2012-03-30,0
2026-10-05,2012-04-03,0
2026-10-05,2012-04-04,0
2026-10-05,2012-04-09,0
2026-10-05,2012-04-10,0
2026-10-05,2012-04-11,0
2026-10-05,2012-04-12,0
2026-10-05,2012-04-13,0
2026-10-05,2012-04-16,0
2026-10-05,2012-04-17,0
2026-10-05,2012-04-18,0
2026-10-05,2012-04-19,0
2026-10-05,2012-04-20,0
2026-10-05,2012-04-23,0
2026-10-05,2012-04-24,0
2026-10-05,2012-04-25,0
2026-10-05,2012-04-26,0
2026-10-05,2012-04-27,0
2026-10-05,2012-05-02,0
2026-10-05,2012-05-03,0
2026-10-05,2012-05-04,0
2026-10-05,2012-05-07,0
2026-10-05,2012-05-08,0
2026-10-05,2012-05-09,0
2026-10-05,2012-05-10,0
2026-10-05,2012-05-11,0
2026-10-05,2012-05-14,0
2026-10-05,2012-05-15,0
2026-10-05,2012-05-16,0
2026-10-05,2012-05-17,0
2026-10-05,2012-05-18,0
2026-10-05,2012-05-21,0
2026-10-05,2012-05-22,0
2026-10-05,2012-05-23,0
2026-10-05,2012-05-24,0
2026-10-05,2012-05-28,0
2026-10-05,2012-05-29,0
2026-10-05,2012-05-30,0
2026-10-05,2012-05-31,0
2026-10-05,2012-06-01,0
2026-10-05,2012-06-04,0
2026-10-05,2012-06-05,0
2026-10-05,2012-06-06,0
2026-10-05,2012-06-07,0
2026-10-05,2012-06-08,0
2026-10-05,2012-06-11,0
2026-10-05,2012-06-12,0
2026-10-05,2012-06-13,0
2026-10-05,2012-06-14,0
2026-10-05,2012-06-15,0
2026-10-05,2012-06-18,0
2026-10-05,2012-06-19,0
2026-10-05,2012-06-21,0
2026-10-05,2012-06-22,0
2026-10-05,2012-06-25,0
2026-10-05,2012-06-26,0
2026-10-05,2012-06-27,0
2026-10-05,2012-06-28,0
2026-10-05,2012-06-29,0
2026-10-05,2012-07-02,0
2026-10-05,2012-07-03,0
2026-10-05,2012-07-04,0
2026-10-05,2012-07-05,0
2026-10-05,2012-07-06,0
2026-10-05,2012-07-10,0
2026-10-05,2012-07-11,0
2026-10-05,2012-07-12,0
2026-10-05,2012-07-13,0
2026-10-05,2012-07-16,0
2026-10-05,2012-07-17,0
2026-10-05,2012-07-18,0
2026-10-05,2012-07-19,0
2026-10-05,2012-07-20,0
2026-10-05,2012-07-23,0
2026-10-05,2012-07-24,0
2026-10-05,2012-07-25,0
2026-10-05,2012-07-26,0
2026-10-05,2012-07-27,0
2026-10-05,2012-07-30,0
2026-10-05,2012-07-31,0
2026-10-05,2012-08-01,0
2026-10-05,2012-08-02,0
2026-10-05,2012-08-03,0
2026-10-05,2012-08-06,0
2026-10-05,2012-08-07,0
2026-10-05,2012-08-08,0
2026-10-05,2012-08-09,0
2026-10-05,2012-08-10,0
2026-10-05,2012-08-13,0
2026-10-05,2012-08-14,0
2026-10-05,2012-08-15,0
2026-10-05,2012-08-16,0
2026-10-05,2012-08-17,0
2026-10-05,2012-08-21,0
2026-10-05,2012-08-22,0
2026-10-05,2012-08-23,0
2026-10-05,2012-08-24,0
2026-10-05,2012-08-27,0
2026-10-05,2012-08-28,0
2026-10-05,2012-08-29,0
2026-10-05,2012-08-30,0
2026-10-05,2012-08-31,0
2026-10-05,2012-09-03,0
2026-10-05,2012-09-04,0
2026-10-05,2012-09-05,0
2026-10-05,2012-09-06,0
2026-10-05,2012-09-07,0
2026-10-05,2012-09-10,0
2026-10-05,2012-09-11,0
2026-10-05,2012-09-12,0
2026-10-05,2012-09-13,0
2026-10-05,2012-09-14,0
2026-10-05,2012-09-17,0
2026-10-05,2012-09-18,0
2026-10-05,2012-09-19,0
2026-10-05,2012-09-20,0
2026-10-05,2012-09-21,0
2026-10-05,2012-09-25,0
2026-10-05,2012-09-26,0
2026-10-05,2012-09-27,0
2026-10-05,2012-09-28,0
2026-10-05,2012-10-01,0
2026-10-05,2012-10-02,0
2026-10-05,2012-10-03,0
2026-10-05,2012-10-04,0
2026-10-05,2012-10-05,0
2026-10-05,2012-10-09,0
2026-10-05,2012-10-10,0
2026-10-05,2012-10-11,0
2026-10-05,2012-10-12,0
2026-10-05,2012-10-15,0
2026-10-05,2012-10-16,0
2026-10-05,2012-10-17,0
2026-10-05,2012-10-18,0
2026-10-05,2012-10-19,0
2026-10-05,2012-10-22,0
2026-10-05,2012-10-23,0
2026-10-05,2012-10-24,0
2026-10-05,2012-10-25,0
2026-10-05,2012-10-26,0
2026-10-05,2012-10-29,0
2026-10-05,2012-10-30,0
2026-10-05,2012-10-31,0
2026-10-05,2012-11-01,0
2026-10-05,2012-11-02,0
2026-10-05,2012-11-05,0
2026-10-05,2012-11-07,0
2026-10-05,2012-11-08,0
2026-10-05,2012-11-09,0
2026-10-05,2012-11-12,0
2026-10-05,2012-11-13,0
2026-10-05,2012-11-14,0
2026-10-05,2012-11-15,0
2026-10-05,2012-11-16,0
2026-10-05,2012-11-19,0
2026-10-05,2012-11-20,0
2026-10-05,2012-11-21,0
2026-10-05,2012-11-22,0
2026-10-05,2012-11-23,0
2026-10-05,2012-11-27,0
2026-10-05,2012-11-28,0
2026-10-05,2012-11-29,0
2026-10-05,2012-11-30,0
2026-10-05,2012-12-03,0
2026-10-05,2012-12-04,0
2026-10-05,2012-12-05,0
2026-10-05,2012-12-06,0
2026-10-05,2012-12-07,0
2026-10-05,2012-12-10,0
2026-10-05,2012-12-11,0
2026-10-05,2012-12-12,0
2026-10-05,2012-12-13,0
2026-10-05,2012-12-14,0
2026-10-05,2012-12-17,0
2026-10-05,2012-12-18,0
2026-10-05,2012-12-19,0
2026-10-05,2012-12-20,0
2026-10-05,2012-12-21,0
2026-10-05,2012-12-26,0
2026-10-05,2012-12-27,0
2026-10-05,2012-12-28,0
2026-10-05,2012-12-31,0
2026-10-05,2013-01-02,0
2026-10-05,2013-01-03,0
2026-10-05,2013-01-04,0
2026-10-05,2013-01-07,0
2026-10-05,2013-01-08,0
2026-10-05,2013-01-09,0
2026-10-05,2013-01-10,0
2026-10-05,2013-01-11,0
2026-10-05,2013-01-14,0
2026-10-05,2013-01-15,0
2026-10-05,2013-01-16,0
2026-10-05,2013-01-17,0
2026-10-05,2013-01-18,0
2026-10-05,2013-01-21,0
2026-10-05,2013-01-22,0
2026-10-05,2013-01-23,0
2026-10-05,2013-01-24,0
2026-10-05,2013-01-25,0
2026-10-05,2013-01-28,0
2026-10-05,2013-01-29,0
2026-10-05,2013-01-30,0
2026-10-05,2013-02-01,0
2026-10-05,2013-02-04,0
2026-10-05,2013-02-05,0
2026-10-05,2013-02-06,0
2026-10-05,2013-02-07,0
2026-10-05,2013-02-08,0
2026-10-05,2013-02-13,0
2026-10-05,2013-02-14,0
2026-10-05,2013-02-15,0
2026-10-05,2013-02-18,0
2026-10-05,2013-02-19,0
2026-10-05,2013-02-21,0
2026-10-05,2013-02-22,0
2026-10-05,2013-02-25,0
2026-10-05,2013-02-26,0
2026-10-05,2013-02-27,0
2026-10-05,2013-02-28,0
2026-10-05,2013-03-01,0
2026-10-05,2013-03-04,0
2026-10-05,2013-03-05,0
2026-10-05,2013-03-06,0
2026-10-05,2013-03-07,0
2026-10-05,2013-03-08,0
2026-10-05,2013-03-11,0
2026-10-05,2013-03-12,0
2026-10-05,2013-03-13,0
2026-10-05,2013-03-14,0
2026-10-05,2013-03-15,0
2026-10-05,2013-03-18,0
2026-10-05,2013-03-19,0
2026-10-05,2013-03-20,0
2026-10-05,2013-03-21,0
2026-10-05,2013-03-22,0
2026-10-05,2013-03-25,0
2026-10-05,2013-03-26,0
2026-10-05,2013-03-27,0
2026-10-05,2013-04-03,0
2026-10-05,2013-04-04,0
2026-10-05,2013-04-05,0
2026-10-05,2013-04-08,0
2026-10-05,2013-04-09,0
2026-10-05,2013-04-10,0
2026-10-05,2013-04-11,0
2026-10-05,2013-04-12,0
2026-10-05,2013-04-15,0
2026-10-05,2013-04-16,0
2026-10-05,2013-04-17,0
2026-10-05,2013-04-18,0
2026-10-05,2013-04-19,0
2026-10-05,2013-04-22,0
2026-10-05,2013-04-23,0
2026-10-05,2013-04-24,0
2026-10-05,2013-04-25,0
2026-10-05,2013-04-26,0
2026-10-05,2013-04-29,0
2026-10-05,2013-04-30,0
2026-10-05,2013-05-02,0
2026-10-05,2013-05-03,0
2026-10-05,2013-05-06,0
2026-10-05,2013-05-07,0
2026-10-05,2013-05-08,0
2026-10-05,2013-05-09,0
2026-10-05,2013-05-10,0
2026-10-05,2013-05-13,0
2026-10-05,2013-05-14,0
2026-10-05,2013-05-15,0
2026-10-05,2013-05-16,0
2026-10-05,2013-05-17,0
2026-10-05,2013-05-20,0
2026-10-05,2013-05-21,0
2026-10-05,2013-05-22,0
2026-10-05,2013-05-23,0
2026-10-05,2013-05-24,0
2026-10-05,2013-05-27,0
2026-10-05,2013-05-28,0
2026-10-05,2013-05-29,0
2026-10-05,2013-05-30,0
2026-10-05,2013-05-31,0
2026-10-05,2013-06-03,0
2026-10-05,2013-06-04,0
2026-10-05,2013-06-05,0
2026-10-05,2013-06-06,0
2026-10-05,2013-06-07,0
2026-10-05,2013-06-10,0
2026-10-05,2013-06-11,0
2026-10-05,2013-06-12,0
2026-10-05,2013-06-13,0
2026-10-05,2013-06-14,0
2026-10-05,2013-06-17,0
2026-10-05,2013-06-18,0
2026-10-05,2013-06-19,0
2026-10-05,2013-06-24,0
2026-10-05,2013-06-25,0
2026-10-05,2013-06-26,0
2026-10-05,2013-06-27,0
2026-10-05,2013-06-28,0
2026-10-05,2013-07-01,0
2026-10-05,2013-07-02,0
2026-10-05,2013-07-03,0
2026-10-05,2013-07-04,0
2026-10-05,2013-07-05,0
2026-10-05,2013-07-08,0
2026-10-05,2013-07-10,0
2026-10-05,2013-07-11,0
2026-10-05,2013-07-12,0
2026-10-05,2013-07-15,0
2026-10-05,2013-07-16,0
2026-10-05,2013-07-17,0
2026-10-05,2013-07-18,0
2026-10-05,2013-07-19,0
2026-10-05,2013-07-22,0
2026-10-05,2013-07-23,0
2026-10-05,2013-07-24,0
2026-10-05,2013-07-25,0
2026-10-05,2013-07-26,0
2026-10-05,2013-07-29,0
2026-10-05,2013-07-30,0
2026-10-05,2013-07-31,0
2026-10-05,2013-08-01,0
2026-10-05,2013-08-02,0
2026-10-05,2013-08-05,0
2026-10-05,2013-08-06,0
2026-10-05,2013-08-07,0
2026-10-05,2013-08-08,0
2026-10-05,2013-08-09,0
2026-10-05,2013-08-12,0
2026-10-05,2013-08-13,0
2026-10-05,2013-08-14,0
2026-10-05,2013-08-15,0
2026-10-05,2013-08-16,0
2026-10-05,2013-08-20,0
2026-10-05,2013-08-21,0
2026-10-05,2013-08-22,0
2026-10-05,2013-08-23,0
2026-10-05,2013-08-26,0
2026-10-05,2013-08-27,0
2026-10-05,2013-08-28,0
2026-10-05,2013-08-29,0
2026-10-05,2013-08-30,0
2026-10-05,2013-09-02,0
2026-10-05,2013-09-03,0
2026-10-05,2013-09-04,0
2026-10-05,2013-09-05,0
2026-10-05,2013-09-06,0
2026-10-05,2013-09-09,0
2026-10-05,2013-09-10,0
2026-10-05,2013-09-11,0
2026-10-05,2013-09-12,0
2026-10-05,2013-09-13,0
2026-10-05,2013-09-16,0
2026-10-05,2013-09-17,0
2026-10-05,2013-09-18,0
2026-10-05,2013-09-19,0
2026-10-05,2013-09-20,0
2026-10-05,2013-09-23,0
2026-10-05,2013-09-24,0
2026-10-05,2013-09-25,0
2026-10-05,2013-09-26,0
2026-10-05,2013-09-27,0
2026-10-05,2013-09-30,0
2026-10-05,2013-10-01,0
2026-10-05,2013-10-02,0
2026-10-05,2013-10-03,0
2026-10-05,2013-10-04,0
2026-10-05,2013-10-07,0
2026-10-05,2013-10-08,0
2026-10-05,2013-10-09,0
2026-10-05,2013-10-10,0
2026-10-05,2013-10-11,0
2026-10-05,2013-10-15,0
2026-10-05,2013-10-16,0
2026-10-05,2013-10-17,0
2026-10-05,2013-10-18,0
2026-10-05,2013-10-21,0
2026-10-05,2013-10-22,0
2026-10-05,2013-10-23,0
2026-10-05,2013-10-24,0
2026-10-05,2013-10-25,0
2026-10-05,2013-10-28,0
2026-10-05,2013-10-29,0
2026-10-05,2013-10-30,0
2026-10-05,2013-10-31,0
2026-10-05,2013-11-01,0
2026-10-05,2013-11-04,0
2026-10-05,2013-11-05,0
2026-10-05,2013-11-07,0
2026-10-05,2013-11-08,0
2026-10-05,2013-11-11,0
2026-10-05,2013-11-12,0
2026-10-05,2013-11-13,0
2026-10-05,2013-11-14,0
2026-10-05,2013-11-15,0
2026-10-05,2013-11-18,0
2026-10-05,2013-11-19,0
2026-10-05,2013-11-20,0
2026-10-05,2013-11-21,0
2026-10-05,2013-11-22,0
2026-10-05,2013-11-26,0
2026-10-05,2013-11-27,0
2026-10-05,2013-11-28,0
2026-10-05,2013-11-29,0
2026-10-05,2013-12-02,0
2026-10-05,2013-12-03,0
2026-10-05,2013-12-04,0
2026-10-05,2013-12-05,0
2026-10-05,2013-12-06,0
2026-10-05,2013-12-09,0
2026-10-05,2013-12-10,0
2026-10-05,2013-12-11,0
2026-10-05,2013-12-12,0
2026-10-05,2013-12-13,0
2026-10-05,2013-12-16,0
2026-10-05,2013-12-17,0
2026-10-05,2013-12-18,0
2026-10-05,2013-12-19,0
2026-10-05,2013-12-20,0
2026-10-05,2013-12-23,0
2026-10-05,2013-12-26,0
2026-10-05,2013-12-27,0
2026-10-05,2013-12-30,0
2026-10-05,2014-01-02,0
2026-10-05,2014-01-03,0
2026-10-05,2014-01-06,0
2026-10-05,2014-01-07,0
2026-10-05,2014-01-08,0
2026-10-05,2014-01-09,0
2026-10-05,2014-01-10,0
2026-10-05,2014-01-13,0
2026-10-05,2014-01-14,0
2026-10-05,2014-01-15,0
2026-10-05,2014-01-16,0
2026-10-05,2014-01-17,0
2026-10-05,2014-01-20,0
2026-10-05,2014-01-21,0
2026-10-05,2014-01-22,0
2026-10-05,2014-01-23,0
2026-10-05,2014-01-24,0
2026-10-05,2014-01-27,0
2026-10-05,2014-01-28,0
2026-10-05,2014-01-29,0
2026-10-05,2014-01-30,0
2026-10-05,2014-01-31,0
2026-10-05,2014-02-03,0
2026-10-05,2014-02-04,0
2026-10-05,2014-02-05,0
2026-10-05,2014-02-06,0
2026-10-05,2014-02-07,0
2026-10-05,2014-02-10,0
2026-10-05,2014-02-11,0
2026-10-05,2014-02-12,0
2026-10-05,2014-02-13,0
2026-10-05,2014-02-14,0
2026-10-05,2014-02-17,0
2026-10-05,2014-02-18,0
2026-10-05,2014-02-19,0
2026-10-05,2014-02-20,0
2026-10-05,2014-02-21,0
2026-10-05,2014-02-24,0
2026-10-05,2014-02-25,0
2026-10-05,2014-02-26,0
2026-10-05,2014-02-27,0
2026-10-05,2014-02-28,0
2026-10-05,2014-03-05,0
2026-10-05,2014-03-06,0
2026-10-05,2014-03-07,0
2026-10-05,2014-03-10,0
2026-10-05,2014-03-11,0
2026-10-05,2014-03-12,0
2026-10-05,2014-03-13,0
2026-10-05,2014-03-14,0
2026-10-05,2014-03-17,0
2026-10-05,2014-03-18,0
2026-10-05,2014-03-19,0
2026-10-05,2014-03-20,0
2026-10-05,2014-03-21,0
2026-10-05,2014-03-25,0
2026-10-05,2014-03-26,0
2026-10-05,2014-03-27,0
2026-10-05,2014-03-28,0
2026-10-05,2014-03-31,0
2026-10-05,2014-04-01,0
2026-10-05,2014-04-03,0
2026-10-05,2014-04-04,0
2026-10-05,2014-04-07,0
2026-10-05,2014-04-08,0
2026-10-05,2014-04-09,0
2026-10-05,2014-04-10,0
2026-10-05,2014-04-11,0
2026-10-05,2014-04-14,0
2026-10-05,2014-04-15,0
2026-10-05,2014-04-16,0
2026-10-05,2014-04-21,0
2026-10-05,2014-04-22,0
2026-10-05,2014-04-23,0
2026-10-05,2014-04-24,0
2026-10-05,2014-04-25,0
2026-10-05,2014-04-28,0
2026-10-05,2014-04-29,0
2026-10-05,2014-04-30,0
2026-10-05,2014-05-05,0
2026-10-05,2014-05-06,0
2026-10-05,2014-05-07,0
2026-10-05,2014-05-08,0
2026-10-05,2014-05-09,0
2026-10-05,2014-05-12,0
2026-10-05,2014-05-13,0
2026-10-05,2014-05-14,0
2026-10-05,2014-05-15,0
2026-10-05,2014-05-16,0
2026-10-05,2014-05-19,0
2026-10-05,2014-05-20,0
2026-10-05,2014-05-21,0
2026-10-05,2014-05-22,0
2026-10-05,2014-05-23,0
2026-10-05,2014-05-26,0
2026-10-05,2014-05-27,0
2026-10-05,2014-05-28,0
2026-10-05,2014-05-29,0
2026-10-05,2014-05-30,0
2026-10-05,2014-06-02,0
2026-10-05,2014-06-03,0
2026-10-05,2014-06-04,0
2026-10-05,2014-06-05,0
2026-10-05,2014-06-06,0
2026-10-05,2014-06-09,0
2026-10-05,2014-06-10,0
2026-10-05,2014-06-11,0
2026-10-05,2014-06-12,0
2026-10-05,2014-06-13,0
2026-10-05,2014-06-16,0
2026-10-05,2014-06-17,0
2026-10-05,2014-06-18,0
2026-10-05,2014-06-19,0
2026-10-05,2014-06-23,0
2026-10-05,2014-06-24,0
2026-10-05,2014-06-25,0
2026-10-05,2014-06-26,0
2026-10-05,2014-06-27,0
2026-10-05,2014-06-30,0
2026-10-05,2014-07-01,0
2026-10-05,2014-07-02,0
2026-10-05,2014-07-03,0
2026-10-05,2014-07-04,0
2026-10-05,2014-07-07,0
2026-10-05,2014-07-08,0
2026-10-05,2014-07-10,0
2026-10-05,2014-07-11,0
2026-10-05,2014-07-14,0
2026-10-05,2014-07-15,0
2026-10-05,2014-07-16,0
2026-10-05,2014-07-17,0
2026-10-05,2014-07-18,0
2026-10-05,2014-07-21,0
2026-10-05,2014-07-22,0
2026-10-05,2014-07-23,0
2026-10-05,2014-07-24,0
2026-10-05,2014-07-25,0
2026-10-05,2014-07-28,0
2026-10-05,2014-07-29,0
2026-10-05,2014-07-30,0
2026-10-05,2014-07-31,0
2026-10-05,2014-08-01,0
2026-10-05,2014-08-04,0
2026-10-05,2014-08-05,0
2026-10-05,2014-08-06,0
2026-10-05,2014-08-07,0
2026-10-05,2014-08-08,0
2026-10-05,2014-08-11,0
2026-10-05,2014-08-12,0
2026-10-05,2014-08-13,0
2026-10-05,2014-08-14,0
2026-10-05,2014-08-15,0
2026-10-05,2014-08-19,0
2026-10-05,2014-08-20,0
2026-10-05,2014-08-21,0
2026-10-05,2014-08-22,0
2026-10-05,2014-08-25,0
2026-10-05,2014-08-26,0
2026-10-05,2014-08-27,0
2026-10-05,2014-08-28,0
2026-10-05,2014-08-29,0
2026-10-05,2014-09-01,0
2026-10-05,2014-09-02,0
2026-10-05,2014-09-03,0
2026-10-05,2014-09-04,0
2026-10-05,2014-09-05,0
2026-10-05,2014-09-08,0
2026-10-05,2014-09-09,0
2026-10-05,2014-09-10,0
2026-10-05,2014-09-11,0
2026-10-05,2014-09-12,0
2026-10-05,2014-09-15,0
2026-10-05,2014-09-16,0
2026-10-05,2014-09-17,0
2026-10-05,2014-09-18,0
2026-10-05,2014-09-19,0
2026-10-05,2014-09-22,0
2026-10-05,2014-09-23,0
2026-10-05,2014-09-24,0
2026-10-05,2014-09-25,0
2026-10-05,2014-09-26,0
2026-10-05,2014-09-29,0
2026-10-05,2014-09-30,0
2026-10-05,2014-10-01,0
2026-10-05,2014-10-02,0
2026-10-05,2014-10-03,0
2026-10-05,2014-10-06,0
2026-10-05,2014-10-07,0
2026-10-05,2014-10-08,0
2026-10-05,2014-10-09,0
2026-10-05,2014-10-10,0
2026-10-05,2014-10-14,0
2026-10-05,2014-10-15,0
2026-10-05,2014-10-16,0
2026-10-05,2014-10-17,0
2026-10-05,2014-10-20,0
2026-10-05,2014-10-21,0
2026-10-05,2014-10-22,0
2026-10-05,2014-10-23,0
2026-10-05,2014-10-24,0
2026-10-05,2014-10-27,0
2026-10-05,2014-10-28,0
2026-10-05,2014-10-29,0
2026-10-05,2014-10-30,0
2026-10-05,2014-10-31,0
2026-10-05,2014-11-03,0
2026-10-05,2014-11-04,0
2026-10-05,2014-11-05,0
2026-10-05,2014-11-07,0
2026-10-05,2014-11-10,0
2026-10-05,2014-11-11,0
2026-10-05,2014-11-12,0
2026-10-05,2014-11-13,0
2026-10-05,2014-11-14,0
2026-10-05,2014-11-17,0
2026-10-05,2014-11-18,0
2026-10-05,2014-11-19,0
2026-10-05,2014-11-20,0
2026-10-05,2014-11-21,0
2026-10-05,2014-11-25,0
2026-10-05,2014-11-26,0
2026-10-05,2014-11-27,0
2026-10-05,2014-11-28,0
2026-10-05,2014-12-01,0
2026-10-05,2014-12-02,0
2026-10-05,2014-12-03,0
2026-10-05,2014-12-04,0
2026-10-05,2014-12-05,0
2026-10-05,2014-12-09,0
2026-10-05,2014-12-10,0
2026-10-05,2014-12-11,0
2026-10-05,2014-12-12,0
2026-10-05,2014-12-15,0
2026-10-05,2014-12-16,0
2026-10-05,2014-12-17,0
2026-10-05,2014-12-18,0
2026-10-05,2014-12-19,0
2026-10-05,2014-12-22,0
2026-10-05,2014-12-23,0
2026-10-05,2014-12-24,0
2026-10-05,2014-12-29,0
2026-10-05,2014-12-30,0
2026-10-05,2015-01-02,0
2026-10-05,2015-01-05,0
2026-10-05,2015-01-06,0
2026-10-05,2015-01-07,0
2026-10-05,2015-01-08,0
2026-10-05,2015-01-09,0
2026-10-05,2015-01-12,0
2026-10-05,2015-01-13,0
2026-10-05,2015-01-14,0
2026-10-05,2015-01-15,0
2026-10-05,2015-01-16,0
2026-10-05,2015-01-19,0
2026-10-05,2015-01-20,0
2026-10-05,2015-01-21,0
2026-10-05,2015-01-22,0
2026-10-05,2015-01-23,0
2026-10-05,2015-01-26,0
2026-10-05,2015-01-27,0
2026-10-05,2015-01-28,0
2026-10-05,2015-01-29,0
2026-10-05,2015-01-30,0
2026-10-05,2015-02-02,0
2026-10-05,2015-02-03,0
2026-10-05,2015-02-04,0
2026-10-05,2015-02-05,0
2026-10-05,2015-02-06,0
2026-10-05,2015-02-09,0
2026-10-05,2015-02-10,0
2026-10-05,2015-02-11,0
2026-10-05,2015-02-12,0
2026-10-05,2015-02-13,0
2026-10-05,2015-02-18,0
2026-10-05,2015-02-19,0
2026-10-05,2015-02-20,0
2026-10-05,2015-02-23,0
2026-10-05,2015-02-24,0
2026-10-05,2015-02-25,0
2026-10-05,2015-02-26,0
2026-10-05,2015-02-27,0
2026-10-05,2015-03-02,0
2026-10-05,2015-03-03,0
2026-10-05,2015-03-04,0
2026-10-05,2015-03-05,0
2026-10-05,2015-03-06,0
2026-10-05,2015-03-09,0
2026-10-05,2015-03-10,0
2026-10-05,2015-03-11,0
2026-10-05,2015-03-12,0
2026-10-05,2015-03-13,0
2026-10-05,2015-03-16,0
2026-10-05,2015-03-17,0
2026-10-05,2015-03-18,0
2026-10-05,2015-03-19,0
2026-10-05,2015-03-20,0
2026-10-05,2015-03-25,0
2026-10-05,2015-03-26,0
2026-10-05,2015-03-27,0
2026-10-05,2015-03-30,0
2026-10-05,2015-03-31,0
2026-10-05,2015-04-01,0
2026-10-05,2015-04-06,0
2026-10-05,2015-04-07,0
2026-10-05,2015-04-08,0
2026-10-05,2015-04-09,0
2026-10-05,2015-04-10,0
2026-10-05,2015-04-13,0
2026-10-05,2015-04-14,0
2026-10-05,2015-04-15,0
2026-10-05,2015-04-16,0
2026-10-05,2015-04-17,0
2026-10-05,2015-04-20,0
2026-10-05,2015-04-21,0
2026-10-05,2015-04-22,0
2026-10-05,2015-04-23,0
2026-10-05,2015-04-24,0
2026-10-05,2015-04-27,0
2026-10-05,2015-04-28,0
2026-10-05,2015-04-29,0
2026-10-05,2015-04-30,0
2026-10-05,2015-05-04,0
2026-10-05,2015-05-05,0
2026-10-05,2015-05-06,0
2026-10-05,2015-05-07,0
2026-10-05,2015-05-08,0
2026-10-05,2015-05-11,0
2026-10-05,2015-05-12,0
2026-10-05,2015-05-13,0
2026-10-05,2015-05-14,0
2026-10-05,2015-05-15,0
2026-10-05,2015-05-18,0
2026-10-05,2015-05-19,0
2026-10-05,2015-05-20,0
2026-10-05,2015-05-21,0
2026-10-05,2015-05-22,0
2026-10-05,2015-05-26,0
2026-10-05,2015-05-27,0
2026-10-05,2015-05-28,0
2026-10-05,2015-05-29,0
2026-10-05,2015-06-01,0
2026-10-05,2015-06-02,0
2026-10-05,2015-06-03,0
2026-10-05,2015-06-04,0
2026-10-05,2015-06-05,0
2026-10-05,2015-06-08,0
2026-10-05,2015-06-09,0
2026-10-05,2015-06-10,0
2026-10-05,2015-06-11,0
2026-10-05,2015-06-12,0
2026-10-05,2015-06-15,0
2026-10-05,2015-06-16,0
2026-10-05,2015-06-17,0
2026-10-05,2015-06-18,0
2026-10-05,2015-06-19,0
2026-10-05,2015-06-22,0
2026-10-05,2015-06-23,0
2026-10-05,2015-06-24,0
2026-10-05,2015-06-25,0
2026-10-05,2015-06-26,0
2026-10-05,2015-06-29,0
2026-10-05,2015-06-30,0
2026-10-05,2015-07-01,0
2026-10-05,2015-07-02,0
2026-10-05,2015-07-03,0
2026-10-05,2015-07-06,0
2026-10-05,2015-07-07,0
2026-10-05,2015-07-08,0
2026-10-05,2015-07-10,0
2026-10-05,2015-07-13,0
2026-10-05,2015-07-14,0
2026-10-05,2015-07-15,0
2026-10-05,2015-07-16,0
2026-10-05,2015-07-17,0
2026-10-05,2015-07-20,0
2026-10-05,2015-07-21,0
2026-10-05,2015-07-22,0
2026-10-05,2015-07-23,0
2026-10-05,2015-07-24,0
2026-10-05,2015-07-27,0
2026-10-05,2015-07-28,0
2026-10-05,2015-07-29,0
2026-10-05,2015-07-30,0
2026-10-05,2015-07-31,0
2026-10-05,2015-08-03,0
2026-10-05,2015-08-04,0
2026-10-05,2015-08-05,0
2026-10-05,2015-08-06,0
2026-10-05,2015-08-07,0
2026-10-05,2015-08-10,0
2026-10-05,2015-08-11,0
2026-10-05,2015-08-12,0
2026-10-05,2015-08-13,0
2026-10-05,2015-08-14,0
2026-10-05,2015-08-18,0
2026-10-05,2015-08-19,0
2026-10-05,2015-08-20,0
2026-10-05,2015-08-21,0
2026-10-05,2015-08-24,0
2026-10-05,2015-08-25,0
2026-10-05,2015-08-26,0
2026-10-05,2015-08-27,0
2026-10-05,2015-08-28,0
2026-10-05,2015-08-31,0
2026-10-05,2015-09-01,0
2026-10-05,2015-09-02,0
2026-10-05,2015-09-03,0
2026-10-05,2015-09-04,0
2026-10-05,2015-09-07,0
2026-10-05,2015-09-08,0
2026-10-05,2015-09-09,0
2026-10-05,2015-09-10,0
2026-10-05,2015-09-11,0
2026-10-05,2015-09-14,0
2026-10-05,2015-09-15,0
2026-10-05,2015-09-16,0
2026-10-05,2015-09-17,0
2026-10-05,2015-09-18,0
2026-10-05,2015-09-21,0
2026-10-05,2015-09-22,0
2026-10-05,2015-09-23,0
2026-10-05,2015-09-24,0
2026-10-05,2015-09-25,0
2026-10-05,2015-09-28,0
2026-10-05,2015-09-29,0
2026-10-05,2015-09-30,0
2026-10-05,2015-10-01,0
2026-10-05,2015-10-02,0
2026-10-05,2015-10-05,0
2026-10-05,2015-10-06,0
2026-10-05,2015-10-07,0
2026-10-05,2015-10-08,0
2026-10-05,2015-10-09,0
2026-10-05,2015-10-13,0
2026-10-05,2015-10-14,0
2026-10-05,2015-10-15,0
2026-10-05,2015-10-16,0
2026-10-05,2015-10-19,0
2026-10-05,2015-10-20,0
2026-10-05,2015-10-21,0
2026-10-05,2015-10-22,0
2026-10-05,2015-10-23,0
2026-10-05,2015-10-26,0
2026-10-05,2015-10-27,0
2026-10-05,2015-10-28,0
2026-10-05,2015-10-29,0
2026-10-05,2015-10-30,0
2026-10-05,2015-11-02,0
2026-10-05,2015-11-03,0
2026-10-05,2015-11-04,0
2026-10-05,2015-11-05,0
2026-10-05,2015-11-09,0
2026-10-05,2015-11-10,0
2026-10-05,2015-11-11,0
2026-10-05,2015-11-12,0
2026-10-05,2015-11-13,0
2026-10-05,2015-11-16,0
2026-10-05,2015-11-17,0
2026-10-05,2015-11-18,0
2026-10-05,2015-11-19,0
2026-10-05,2015-11-20,0
2026-10-05,2015-11-23,0
2026-10-05,2015-11-24,0
2026-10-05,2015-11-25,0
2026-10-05,2015-11-26,0
2026-10-05,2015-11-30,0
2026-10-05,2015-12-01,0
2026-10-05,2015-12-02,0
2026-10-05,2015-12-03,0
2026-10-05,2015-12-04,0
2026-10-05,2015-12-09,0
2026-10-05,2015-12-10,0
2026-10-05,2015-12-11,0
2026-10-05,2015-12-14,0
2026-10-05,2015-12-15,0
2026-10-05,2015-12-16,0
2026-10-05,2015-12-17,0
2026-10-05,2015-12-18,0
2026-10-05,2015-12-21,0
2026-10-05,2015-12-22,0
2026-10-05,2015-12-23,0
2026-10-05,2015-12-24,0
2026-10-05,2015-12-28,0
2026-10-05,2015-12-29,0
2026-10-05,2015-12-30,0
2026-10-05,2015-12-31,0
2026-10-05,2016-01-04,0
2026-10-05,2016-01-05,0
2026-10-05,2016-01-06,0
2026-10-05,2016-01-07,0
2026-10-05,2016-01-08,0
2026-10-05,2016-01-11,0
2026-10-05,2016-01-12,0
2026-10-05,2016-01-13,0
2026-10-05,2016-01-14,0
2026-10-05,2016-01-15,0
2026-10-05,2016-01-18,0
2026-10-05,2016-01-19,0
2026-10-05,2016-01-20,0
2026-10-05,2016-01-21,0
2026-10-05,2016-01-22,0
2026-10-05,2016-01-25,0
2026-10-05,2016-01-26,0
2026-10-05,2016-01-27,0
2026-10-05,2016-01-28,0
2026-10-05,2016-01-29,0
2026-10-05,2016-02-01,0
2026-10-05,2016-02-02,0
2026-10-05,2016-02-03,0
2026-10-05,2016-02-04,0
2026-10-05,2016-02-05,0
2026-10-05,2016-02-10,0
2026-10-05,2016-02-11,0
2026-10-05,2016-02-12,0
2026-10-05,2016-02-15,0
2026-10-05,2016-02-16,0
2026-10-05,2016-02-17,0
2026-10-05,2016-02-18,0
2026-10-05,2016-02-19,0
2026-10-05,2016-02-22,0
2026-10-05,2016-02-23,0
2026-10-05,2016-02-24,0
2026-10-05,2016-02-25,0
2026-10-05,2016-02-26,0
2026-10-05,2016-02-29,0
2026-10-05,2016-03-01,0
2026-10-05,2016-03-02,0
2026-10-05,2016-03-03,0
2026-10-05,2016-03-04,0
2026-10-05,2016-03-07,0
2026-10-05,2016-03-08,0
2026-10-05,2016-03-09,0
2026-10-05,2016-03-10,0
2026-10-05,2016-03-11,0
2026-10-05,2016-03-14,0
2026-10-05,2016-03-15,0
2026-10-05,2016-03-16,0
2026-10-05,2016-03-17,0
2026-10-05,2016-03-18,0
2026-10-05,2016-03-21,0
2026-10-05,2016-03-22,0
2026-10-05,2016-03-23,0
2026-10-05,2016-03-28,0
2026-10-05,2016-03-29,0
2026-10-05,2016-03-30,0
2026-10-05,2016-03-31,0
2026-10-05,2016-04-01,0
2026-10-05,2016-04-04,0
2026-10-05,2016-04-05,0
2026-10-05,2016-04-06,0
2026-10-05,2016-04-07,0
2026-10-05,2016-04-08,0
2026-10-05,2016-04-11,0
2026-10-05,2016-04-12,0
2026-10-05,2016-04-13,0
2026-10-05,2016-04-14,0
2026-10-05,2016-04-15,0
2026-10-05,2016-04-18,0
2026-10-05,2016-04-19,0
2026-10-05,2016-04-20,0
2026-10-05,2016-04-21,0
2026-10-05,2016-04-22,0
2026-10-05,2016-04-25,0
2026-10-05,2016-04-26,0
2026-10-05,2016-04-27,0
2026-10-05,2016-04-28,0
2026-10-05,2016-04-29,0
2026-10-05,2016-05-02,0
2026-10-05,2016-05-03,0
2026-10-05,2016-05-04,0
2026-10-05,2016-05-05,0
2026-10-05,2016-05-06,0
2026-10-05,2016-05-09,0
2026-10-05,2016-05-10,0
2026-10-05,2016-05-11,0
2026-10-05,2016-05-12,0
2026-10-05,2016-05-13,0
2026-10-05,2016-05-16,0
2026-10-05,2016-05-17,0
2026-10-05,2016-05-18,0
2026-10-05,2016-05-19,0
2026-10-05,2016-05-20,0
2026-10-05,2016-05-23,0
2026-10-05,2016-05-24,0
2026-10-05,2016-05-26,0
2026-10-05,2016-05-27,0
2026-10-05,2016-05-30,0
2026-10-05,2016-05-31,0
2026-10-05,2016-06-01,0
2026-10-05,2016-06-02,0
2026-10-05,2016-06-03,0
2026-10-05,2016-06-06,0
2026-10-05,2016-06-07,0
2026-10-05,2016-06-08,0
2026-10-05,2016-06-09,0
2026-10-05,2016-06-10,0
2026-10-05,2016-06-13,0
2026-10-05,2016-06-14,0
2026-10-05,2016-06-15,0
2026-10-05,2016-06-16,0
2026-10-05,2016-06-21,0
2026-10-05,2016-06-22,0
2026-10-05,2016-06-23,0
2026-10-05,2016-06-24,0
2026-10-05,2016-06-27,0
2026-10-05,2016-06-28,0
2026-10-05,2016-06-29,0
2026-10-05,2016-06-30,0
2026-10-05,2016-07-01,0
2026-10-05,2016-07-04,0
2026-10-05,2016-07-05,0
2026-10-05,2016-07-06,0
2026-10-05,2016-07-07,0
2026-10-05,2016-07-11,0
2026-10-05,2016-07-12,0
2026-10-05,2016-07-13,0
2026-10-05,2016-07-14,0
2026-10-05,2016-07-15,0
2026-10-05,2016-07-18,0
2026-10-05,2016-07-19,0
2026-10-05,2016-07-20,0
2026-10-05,2016-07-21,0
2026-10-05,2016-07-22,0
2026-10-05,2016-07-25,0
2026-10-05,2016-07-26,0
2026-10-05,2016-07-27,0
2026-10-05,2016-07-28,0
2026-10-05,2016-07-29,0
2026-10-05,2016-08-01,0
2026-10-05,2016-08-02,0
2026-10-05,2016-08-03,0
2026-10-05,2016-08-04,0
2026-10-05,2016-08-05,0
2026-10-05,2016-08-08,0
2026-10-05,2016-08-09,0
2026-10-05,2016-08-10,0
2026-10-05,2016-08-11,0
2026-10-05,2016-08-12,0
2026-10-05,2016-08-16,0
2026-10-05,2016-08-17,0
2026-10-05,2016-08-18,0
2026-10-05,2016-08-19,0
2026-10-05,2016-08-22,0
2026-10-05,2016-08-23,0
2026-10-05,2016-08-24,0
2026-10-05,2016-08-25,0
2026-10-05,2016-08-26,0
2026-10-05,2016-08-29,0
2026-10-05,2016-08-30,0
2026-10-05,2016-08-31,0
2026-10-05,2016-09-01,0
2026-10-05,2016-09-02,0
2026-10-05,2016-09-05,0
2026-10-05,2016-09-06,0
2026-10-05,2016-09-07,0
2026-10-05,2016-09-08,0
2026-10-05,2016-09-09,0
2026-10-05,2016-09-12,0
2026-10-05,2016-09-13,0
2026-10-05,2016-09-14,0
2026-10-05,2016-09-15,0
2026-10-05,2016-09-16,0
2026-10-05,2016-09-19,0
2026-10-05,2016-09-20,0
2026-10-05,2016-09-21,0
2026-10-05,2016-09-22,0
2026-10-05,2016-09-23,0
2026-10-05,2016-09-26,0
2026-10-05,2016-09-27,0
2026-10-05,2016-09-28,0
2026-10-05,2016-09-29,0
2026-10-05,2016-09-30,0
2026-10-05,2016-10-03,0
2026-10-05,2016-10-04,0
2026-10-05,2016-10-05,0
2026-10-05,2016-10-06,0
2026-10-05,2016-10-07,0
2026-10-05,2016-10-11,0
2026-10-05,2016-10-12,0
2026-10-05,2016-10-13,0
2026-10-05,2016-10-14,0
2026-10-05,2016-10-17,0
2026-10-05,2016-10-18,0
2026-10-05,2016-10-19,0
2026-10-05,2016-10-20,0
2026-10-05,2016-10-21,0
2026-10-05,2016-10-24,0
2026-10-05,2016-10-25,0
2026-10-05,2016-10-26,0
2026-10-05,2016-10-27,0
2026-10-05,2016-10-28,0
2026-10-05,2016-10-31,0
2026-10-05,2016-11-01,0
2026-10-05,2016-11-02,0
2026-10-05,2016-11-03,0
2026-10-05,2016-11-04,0
2026-10-05,2016-11-07,0
2026-10-05,2016-11-08,0
2026-10-05,2016-11-09,0
2026-10-05,2016-11-10,0
2026-10-05,2016-11-11,0
2026-10-05,2016-11-14,0
2026-10-05,2016-11-15,0
2026-10-05,2016-11-16,0
2026-10-05,2016-11-17,0
2026-10-05,2016-11-18,0
2026-10-05,2016-11-21,0
2026-10-05,2016-11-22,0
2026-10-05,2016-11-23,0
2026-10-05,2016-11-24,0
2026-10-05,2016-11-25,0
2026-10-05,2016-11-29,0
2026-10-05,2016-11-30,0
2026-10-05,2016-12-01,0
2026-10-05,2016-12-02,0
2026-10-05,2016-12-05,0
2026-10-05,2016-12-06,0
2026-10-05,2016-12-07,0
2026-10-05,2016-12-12,0
2026-10-05,2016-12-13,0
2026-10-05,2016-12-14,0
2026-10-05,2016-12-15,0
2026-10-05,2016-12-16,0
2026-10-05,2016-12-19,0
2026-10-05,2016-12-20,0
2026-10-05,2016-12-21,0
2026-10-05,2016-12-22,0
2026-10-05,2016-12-23,0
2026-10-05,2016-12-26,0
2026-10-05,2016-12-27,0
2026-10-05,2016-12-28,0
2026-10-05,2016-12-29,0
2026-10-05,2016-12-30,0
2026-10-05,2017-01-02,0
2026-10-05,2017-01-03,0
2026-10-05,2017-01-04,0
2026-10-05,2017-01-05,0
2026-10-05,2017-01-06,0
2026-10-05,2017-01-09,0
2026-10-05,2017-01-10,0
2026-10-05,2017-01-11,0
2026-10-05,2017-01-12,0
2026-10-05,2017-01-13,0
2026-10-05,2017-01-16,0
2026-10-05,2017-01-17,0
2026-10-05,2017-01-18,0
2026-10-05,2017-01-19,0
2026-10-05,2017-01-20,0
2026-10-05,2017-01-23,0
2026-10-05,2017-01-24,0
2026-10-05,2017-01-25,0
2026-10-05,2017-01-26,0
2026-10-05,2017-01-27,0
2026-10-05,2017-01-30,0
2026-10-05,2017-01-31,0
2026-10-05,2017-02-01,0
2026-10-05,2017-02-02,0
2026-10-05,2017-02-03,0
2026-10-05,2017-02-06,0
2026-10-05,2017-02-07,0
2026-10-05,2017-02-08,0
2026-10-05,2017-02-09,0
2026-10-05,2017-02-10,0
2026-10-05,2017-02-13,0
2026-10-05,2017-02-14,0
2026-10-05,2017-02-15,0
2026-10-05,2017-02-16,0
2026-10-05,2017-02-17,0
2026-10-05,2017-02-20,0
2026-10-05,2017-02-21,0
2026-10-05,2017-02-22,0
2026-10-05,2017-02-23,0
2026-10-05,2017-02-24,0
2026-10-05,2017-03-01,0
2026-10-05,2017-03-02,0
2026-10-05,2017-03-03,0
2026-10-05,2017-03-06,0
2026-10-05,2017-03-07,0
2026-10-05,2017-03-08,0
2026-10-05,2017-03-09,0
2026-10-05,2017-03-10,0
2026-10-05,2017-03-13,0
2026-10-05,2017-03-14,0
2026-10-05,2017-03-15,0
2026-10-05,2017-03-16,0
2026-10-05,2017-03-17,0
2026-10-05,2017-03-20,0
2026-10-05,2017-03-21,0
2026-10-05,2017-03-22,0
2026-10-05,2017-03-23,0
2026-10-05,2017-03-27,0
2026-10-05,2017-03-28,0
2026-10-05,2017-03-29,0
2026-10-05,2017-03-30,0
2026-10-05,2017-03-31,0
2026-10-05,2017-04-03,0
2026-10-05,2017-04-04,0
2026-10-05,2017-04-05,0
2026-10-05,2017-04-06,0
2026-10-05,2017-04-07,0
2026-10-05,2017-04-10,0
2026-10-05,2017-04-11,0
2026-10-05,2017-04-12,0
2026-10-05,2017-04-17,0
2026-10-05,2017-04-18,0
2026-10-05,2017-04-19,0
2026-10-05,2017-04-20,0
2026-10-05,2017-04-21,0
2026-10-05,2017-04-24,0
2026-10-05,2017-04-25,0
2026-10-05,2017-04-26,0
2026-10-05,2017-04-27,0
2026-10-05,2017-04-28,0
2026-10-05,2017-05-02,0
2026-10-05,2017-05-03,0
2026-10-05,2017-05-04,0
2026-10-05,2017-05-05,0
2026-10-05,2017-05-08,0
2026-10-05,2017-05-09,0
2026-10-05,2017-05-10,0
2026-10-05,2017-05-11,0
2026-10-05,2017-05-12,0
2026-10-05,2017-05-15,0
2026-10-05,2017-05-16,0
2026-10-05,2017-05-17,0
2026-10-05,2017-05-18,0
2026-10-05,2017-05-19,0
2026-10-05,2017-05-22,0
2026-10-05,2017-05-23,0
2026-10-05,2017-05-24,0
2026-10-05,2017-05-26,0
2026-10-05,2017-05-29,0
2026-10-05,2017-05-30,0
2026-10-05,2017-05-31,0
2026-10-05,2017-06-01,0
2026-10-05,2017-06-02,0
2026-10-05,2017-06-05,0
2026-10-05,2017-06-06,0
2026-10-05,2017-06-07,0
2026-10-05,2017-06-08,0
2026-10-05,2017-06-09,0
2026-10-05,2017-06-12,0
2026-10-05,2017-06-13,0
2026-10-05,2017-06-14,0
2026-10-05,2017-06-15,0
2026-10-05,2017-06-16,0
2026-10-05,2017-06-19,0
2026-10-05,2017-06-21,0
2026-10-05,2017-06-22,0
2026-10-05,2017-06-23,0
2026-10-05,2017-06-26,0
2026-10-05,2017-06-27,0
2026-10-05,2017-06-28,0
2026-10-05,2017-06-29,0
2026-10-05,2017-06-30,0
2026-10-05,2017-07-03,0
2026-10-05,2017-07-04,0
2026-10-05,2017-07-05,0
2026-10-05,2017-07-06,0
2026-10-05,2017-07-07,0
2026-10-05,2017-07-10,0
2026-10-05,2017-07-11,0
2026-10-05,2017-07-12,0
2026-10-05,2017-07-13,0
2026-10-05,2017-07-14,0
2026-10-05,2017-07-17,0
2026-10-05,2017-07-18,0
2026-10-05,2017-07-19,0
2026-10-05,2017-07-20,0
2026-10-05,2017-07-21,0
2026-10-05,2017-07-24,0
2026-10-05,2017-07-25,0
2026-10-05,2017-07-26,0
2026-10-05,2017-07-27,0
2026-10-05,2017-07-28,0
2026-10-05,2017-07-31,0
2026-10-05,2017-08-01,0
2026-10-05,2017-08-02,0
2026-10-05,2017-08-03,0
2026-10-05,2017-08-04,0
2026-10-05,2017-08-07,0
2026-10-05,2017-08-08,0
2026-10-05,2017-08-09,0
2026-10-05,2017-08-10,0
2026-10-05,2017-08-11,0
2026-10-05,2017-08-14,0
2026-10-05,2017-08-15,0
2026-10-05,2017-08-16,0
2026-10-05,2017-08-17,0
2026-10-05,2017-08-18,0
2026-10-05,2017-08-22,0
2026-10-05,2017-08-23,0
2026-10-05,2017-08-24,0
2026-10-05,2017-08-25,0
2026-10-05,2017-08-28,0
2026-10-05,2017-08-29,0
2026-10-05,2017-08-30,0
2026-10-05,2017-08-31,0
2026-10-05,2017-09-01,0
2026-10-05,2017-09-04,0
2026-10-05,2017-09-05,0
2026-10-05,2017-09-06,0
2026-10-05,2017-09-07,0
2026-10-05,2017-09-08,0
2026-10-05,2017-09-11,0
2026-10-05,2017-09-12,0
2026-10-05,2017-09-13,0
2026-10-05,2017-09-14,0
2026-10-05,2017-09-15,0
2026-10-05,2017-09-18,0
2026-10-05,2017-09-19,0
2026-10-05,2017-09-20,0
2026-10-05,2017-09-21,0
2026-10-05,2017-09-22,0
2026-10-05,2017-09-25,0
2026-10-05,2017-09-26,0
2026-10-05,2017-09-27,0
2026-10-05,2017-09-28,0
2026-10-05,2017-09-29,0
2026-10-05,2017-10-02,0
2026-10-05,2017-10-03,0
2026-10-05,2017-10-04,0
2026-10-05,2017-10-05,0
2026-10-05,2017-10-06,0
2026-10-05,2017-10-09,0
2026-10-05,2017-10-10,0
2026-10-05,2017-10-11,0
2026-10-05,2017-10-12,0
2026-10-05,2017-10-13,0
2026-10-05,2017-10-17,0
2026-10-05,2017-10-18,0
2026-10-05,2017-10-19,0
2026-10-05,2017-10-20,0
2026-10-05,2017-10-23,0
2026-10-05,2017-10-24,0
2026-10-05,2017-10-25,0
2026-10-05,2017-10-26,0
2026-10-05,2017-10-27,0
2026-10-05,2017-10-30,0
2026-10-05,2017-10-31,0
2026-10-05,2017-11-01,0
2026-10-05,2017-11-02,0
2026-10-05,2017-11-03,0
2026-10-05,2017-11-07,0
2026-10-05,2017-11-08,0
2026-10-05,2017-11-09,0
2026-10-05,2017-11-10,0
2026-10-05,2017-11-13,0
2026-10-05,2017-11-14,0
2026-10-05,2017-11-15,0
2026-10-05,2017-11-16,0
2026-10-05,2017-11-17,0
2026-10-05,2017-11-21,0
2026-10-05,2017-11-22,0
2026-10-05,2017-11-23,0
2026-10-05,2017-11-24,0
2026-10-05,2017-11-27,0
2026-10-05,2017-11-28,0
2026-10-05,2017-11-29,0
2026-10-05,2017-11-30,0
2026-10-05,2017-12-01,0
2026-10-05,2017-12-04,0
2026-10-05,2017-12-05,0
2026-10-05,2017-12-06,0
2026-10-05,2017-12-07,0
2026-10-05,2017-12-11,0
2026-10-05,2017-12-12,0
2026-10-05,2017-12-13,0
2026-10-05,2017-12-14,0
2026-10-05,2017-12-15,0
2026-10-05,2017-12-18,0
2026-10-05,2017-12-19,0
2026-10-05,2017-12-20,0
2026-10-05,2017-12-21,0
2026-10-05,2017-12-22,0
2026-10-05,2017-12-26,0
2026-10-05,2017-12-27,0
2026-10-05,2017-12-28,0
2026-10-05,2017-12-29,0
2026-10-05,2018-01-02,0
2026-10-05,2018-01-03,0
2026-10-05,2018-01-04,0
2026-10-05,2018-01-05,0
2026-10-05,2018-01-08,0
2026-10-05,2018-01-09,0
2026-10-05,2018-01-10,0
2026-10-05,2018-01-11,0
2026-10-05,2018-01-12,0
2026-10-05,2018-01-15,0
2026-10-05,2018-01-16,0
2026-10-05,2018-01-17,0
2026-10-05,2018-01-18,0
2026-10-05,2018-01-19,0
2026-10-05,2018-01-22,0
2026-10-05,2018-01-23,0
2026-10-05,2018-01-24,0
2026-10-05,2018-01-25,0
2026-10-05,2018-01-26,0
2026-10-05,2018-01-29,0
2026-10-05,2018-01-30,0
2026-10-05,2018-01-31,0
2026-10-05,2018-02-01,0
2026-10-05,2018-02-02,0
2026-10-05,2018-02-05,0
2026-10-05,2018-02-06,0
2026-10-05,2018-02-07,0
2026-10-05,2018-02-08,0
2026-10-05,2018-02-09,0
2026-10-05,2018-02-14,0
2026-10-05,2018-02-15,0
2026-10-05,2018-02-16,0
2026-10-05,2018-02-19,0
2026-10-05,2018-02-20,0
2026-10-05,2018-02-21,0
2026-10-05,2018-02-22,0
2026-10-05,2018-02-23,0
2026-10-05,2018-02-26,0
2026-10-05,2018-02-27,0
2026-10-05,2018-02-28,0
2026-10-05,2018-03-01,0
2026-10-05,2018-03-02,0
2026-10-05,2018-03-05,0
2026-10-05,2018-03-06,0
2026-10-05,2018-03-07,0
2026-10-05,2018-03-08,0
2026-10-05,2018-03-09,0
2026-10-05,2018-03-12,0
2026-10-05,2018-03-13,0
2026-10-05,2018-03-14,0
2026-10-05,2018-03-15,0
2026-10-05,2018-03-16,0
2026-10-05,2018-03-19,0
2026-10-05,2018-03-20,0
2026-10-05,2018-03-21,0
2026-10-05,2018-03-22,0
2026-10-05,2018-03-23,0
2026-10-05,2018-03-26,0
2026-10-05,2018-03-27,0
2026-10-05,2018-03-28,0
2026-10-05,2018-04-03,0
2026-10-05,2018-04-04,0
2026-10-05,2018-04-05,0
2026-10-05,2018-04-06,0
2026-10-05,2018-04-09,0
2026-10-05,2018-04-10,0
2026-10-05,2018-04-11,0
2026-10-05,2018-04-12,0
2026-10-05,2018-04-13,0
2026-10-05,2018-04-16,0
2026-10-05,2018-04-17,0
2026-10-05,2018-04-18,0
2026-10-05,2018-04-19,0
2026-10-05,2018-04-20,0
2026-10-05,2018-04-23,0
2026-10-05,2018-04-24,0
2026-10-05,2018-04-25,0
2026-10-05,2018-04-26,0
2026-10-05,2018-04-27,0
2026-10-05,2018-05-02,0
2026-10-05,2018-05-03,0
2026-10-05,2018-05-04,0
2026-10-05,2018-05-07,0
2026-10-05,2018-05-08,0
2026-10-05,2018-05-09,0
2026-10-05,2018-05-10,0
2026-10-05,2018-05-11,0
2026-10-05,2018-05-14,0
2026-10-05,2018-05-15,0
2026-10-05,2018-05-16,0
2026-10-05,2018-05-17,0
2026-10-05,2018-05-18,0
2026-10-05,2018-05-21,0
2026-10-05,2018-05-22,0
2026-10-05,2018-05-23,0
2026-10-05,2018-05-24,0
2026-10-05,2018-05-28,0
2026-10-05,2018-05-29,0
2026-10-05,2018-05-30,0
2026-10-05,2018-05-31,0
2026-10-05,2018-06-01,0
2026-10-05,2018-06-04,0
2026-10-05,2018-06-05,0
2026-10-05,2018-06-06,0
2026-10-05,2018-06-07,0
2026-10-05,2018-06-08,0
2026-10-05,2018-06-11,0
2026-10-05,2018-06-12,0
2026-10-05,2018-06-13,0
2026-10-05,2018-06-14,0
2026-10-05,2018-06-15,0
2026-10-05,2018-06-18,0
2026-10-05,2018-06-19,0
2026-10-05,2018-06-21,0
2026-10-05,2018-06-22,0
2026-10-05,2018-06-25,0
2026-10-05,2018-06-26,0
2026-10-05,2018-06-27,0
2026-10-05,2018-06-28,0
2026-10-05,2018-06-29,0
2026-10-05,2018-07-02,0
2026-10-05,2018-07-03,0
2026-10-05,2018-07-04,0
2026-10-05,2018-07-05,0
2026-10-05,2018-07-06,0
2026-10-05,2018-07-10,0
2026-10-05,2018-07-11,0
2026-10-05,2018-07-12,0
2026-10-05,2018-07-13,0
2026-10-05,2018-07-16,0
2026-10-05,2018-07-17,0
2026-10-05,2018-07-18,0
2026-10-05,2018-07-19,0
2026-10-05,2018-07-20,0
2026-10-05,2018-07-23,0
2026-10-05,2018-07-24,0
2026-10-05,2018-07-25,0
2026-10-05,2018-07-26,0
2026-10-05,2018-07-27,0
2026-10-05,2018-07-30,0
2026-10-05,2018-07-31,0
2026-10-05,2018-08-01,0
2026-10-05,2018-08-02,0
2026-10-05,2018-08-03,0
2026-10-05,2018-08-06,0
2026-10-05,2018-08-07,0
2026-10-05,2018-08-08,0
2026-10-05,2018-08-09,0
2026-10-05,2018-08-10,0
2026-10-05,2018-08-13,0
2026-10-05,2018-08-14,0
2026-10-05,2018-08-15,0
2026-10-05,2018-08-16,0
2026-10-05,2018-08-17,0
2026-10-05,2018-08-21,0
2026-10-05,2018-08-22,0
2026-10-05,2018-08-23,0
2026-10-05,2018-08-24,0
2026-10-05,2018-08-27,0
2026-10-05,2018-08-28,0
2026-10-05,2018-08-29,0
2026-10-05,2018-08-30,0
2026-10-05,2018-08-31,0
2026-10-05,2018-09-03,0
2026-10-05,2018-09-04,0
2026-10-05,2018-09-05,0
2026-10-05,2018-09-06,0
2026-10-05,2018-09-07,0
2026-10-05,2018-09-10,0
2026-10-05,2018-09-11,0
2026-10-05,2018-09-12,0
2026-10-05,2018-09-13,0
2026-10-05,2018-09-14,0
2026-10-05,2018-09-17,0
2026-10-05,2018-09-18,0
2026-10-05,2018-09-19,0
2026-10-05,2018-09-20,0
2026-10-05,2018-09-21,0
2026-10-05,2018-09-24,0
2026-10-05,2018-09-25,0
2026-10-05,2018-09-26,0
2026-10-05,2018-09-27,0
2026-10-05,2018-09-28,0
2026-10-05,2018-10-01,0
2026-10-05,2018-10-02,0
2026-10-05,2018-10-03,0
2026-10-05,2018-10-04,0
2026-10-05,2018-10-05,0
2026-10-05,2018-10-08,0
2026-10-05,2018-10-09,0
2026-10-05,2018-10-10,0
2026-10-05,2018-10-11,0
2026-10-05,2018-10-12,0
2026-10-05,2018-10-16,0
2026-10-05,2018-10-17,0
2026-10-05,2018-10-18,0
2026-10-05,2018-10-19,0
2026-10-05,2018-10-22,0
2026-10-05,2018-10-23,0
2026-10-05,2018-10-24,0
2026-10-05,2018-10-25,0
2026-10-05,2018-10-26,0
2026-10-05,2018-10-29,0
2026-10-05,2018-10-30,0
2026-10-05,2018-10-31,0
2026-10-05,2018-11-01,0
2026-10-05,2018-11-02,0
2026-10-05,2018-11-05,0
2026-10-05,2018-11-07,0
2026-10-05,2018-11-08,0
2026-10-05,2018-11-09,0
2026-10-05,2018-11-12,0
2026-10-05,2018-11-13,0
2026-10-05,2018-11-14,0
2026-10-05,2018-11-15,0
2026-10-05,2018-11-16,0
2026-10-05,2018-11-20,0
2026-10-05,2018-11-21,0
2026-10-05,2018-11-22,0
2026-10-05,2018-11-23,0
2026-10-05,2018-11-26,0
2026-10-05,2018-11-27,0
2026-10-05,2018-11-28,0
2026-10-05,2018-11-29,0
2026-10-05,2018-12-03,0
2026-10-05,2018-12-04,0
2026-10-05,2018-12-05,0
2026-10-05,2018-12-06,0
2026-10-05,2018-12-07,0
2026-10-05,2018-12-10,0
2026-10-05,2018-12-11,0
2026-10-05,2018-12-12,0
2026-10-05,2018-12-13,0
2026-10-05,2018-12-14,0
2026-10-05,2018-12-17,0
2026-10-05,2018-12-18,0
2026-10-05,2018-12-19,0
2026-10-05,2018-12-20,0
2026-10-05,2018-12-21,0
2026-10-05,2018-12-26,0
2026-10-05,2018-12-27,0
2026-10-05,2018-12-28,0
2026-10-05,2019-01-02,0
2026-10-05,2019-01-03,0
2026-10-05,2019-01-04,0
2026-10-05,2019-01-07,0
2026-10-05,2019-01-08,0
2026-10-05,2019-01-09,0
2026-10-05,2019-01-10,0
2026-10-05,2019-01-11,0
2026-10-05,2019-01-14,0
2026-10-05,2019-01-15,0
2026-10-05,2019-01-16,0
2026-10-05,2019-01-17,0
2026-10-05,2019-01-18,0
2026-10-05,2019-01-21,0
2026-10-05,2019-01-22,0
2026-10-05,2019-01-23,0
2026-10-05,2019-01-24,0
2026-10-05,2019-01-25,0
2026-10-05,2019-01-28,0
2026-10-05,2019-01-29,0
2026-10-05,2019-01-30,0
2026-10-05,2019-01-31,0
2026-10-05,2019-02-01,0
2026-10-05,2019-02-04,0
2026-10-05,2019-02-05,0
2026-10-05,2019-02-06,0
2026-10-05,2019-02-07,0
2026-10-05,2019-02-08,0
2026-10-05,2019-02-11,0
2026-10-05,2019-02-12,0
2026-10-05,2019-02-13,0
2026-10-05,2019-02-14,0
2026-10-05,2019-02-15,0
2026-10-05,2019-02-18,0
2026-10-05,2019-02-19,0
2026-10-05,2019-02-20,0
2026-10-05,2019-02-21,0
2026-10-05,2019-02-22,0
2026-10-05,2019-02-25,0
2026-10-05,2019-02-26,0
2026-10-05,2019-02-27,0
2026-10-05,2019-02-28,0
2026-10-05,2019-03-01,0
2026-10-05,2019-03-06,0
2026-10-05,2019-03-07,0
2026-10-05,2019-03-08,0
2026-10-05,2019-03-11,0
2026-10-05,2019-03-12,0
2026-10-05,2019-03-13,0
2026-10-05,2019-03-14,0
2026-10-05,2019-03-15,0
2026-10-05,2019-03-18,0
2026-10-05,2019-03-19,0
2026-10-05,2019-03-20,0
2026-10-05,2019-03-21,0
2026-10-05,2019-03-22,0
2026-10-05,2019-03-25,0
2026-10-05,2019-03-26,0
2026-10-05,2019-03-27,0
2026-10-05,2019-03-28,0
2026-10-05,2019-03-29,0
2026-10-05,2019-04-01,0
2026-10-05,2019-04-03,0
2026-10-05,2019-04-04,0
2026-10-05,2019-04-05,0
2026-10-05,2019-04-08,0
2026-10-05,2019-04-09,0
2026-10-05,2019-04-10,0
2026-10-05,2019-04-11,0
2026-10-05,2019-04-12,0
2026-10-05,2019-04-15,0
2026-10-05,2019-04-16,0
2026-10-05,2019-04-17,0
2026-10-05,2019-04-22,0
2026-10-05,2019-04-23,0
2026-10-05,2019-04-24,0
2026-10-05,2019-04-25,0
2026-10-05,2019-04-26,0
2026-10-05,2019-04-29,0
2026-10-05,2019-04-30,0
2026-10-05,2019-05-02,0
2026-10-05,2019-05-03,0
2026-10-05,2019-05-06,0
2026-10-05,2019-05-07,0
2026-10-05,2019-05-08,0
2026-10-05,2019-05-09,0
2026-10-05,2019-05-10,0
2026-10-05,2019-05-13,0
2026-10-05,2019-05-14,0
2026-10-05,2019-05-15,0
2026-10-05,2019-05-16,0
2026-10-05,2019-05-17,0
2026-10-05,2019-05-20,0
2026-10-05,2019-05-21,0
2026-10-05,2019-05-22,0
2026-10-05,2019-05-23,0
2026-10-05,2019-05-24,0
2026-10-05,2019-05-27,0
2026-10-05,2019-05-28,0
2026-10-05,2019-05-29,0
2026-10-05,2019-05-30,0
2026-10-05,2019-05-31,0
2026-10-05,2019-06-03,0
2026-10-05,2019-06-04,0
2026-10-05,2019-06-05,0
2026-10-05,2019-06-06,0
2026-10-05,2019-06-07,0
2026-10-05,2019-06-10,0
2026-10-05,2019-06-11,0
2026-10-05,2019-06-12,0
2026-10-05,2019-06-13,0
2026-10-05,2019-06-14,0
2026-10-05,2019-06-18,0
2026-10-05,2019-06-19,0
2026-10-05,2019-06-21,0
2026-10-05,2019-06-24,0
2026-10-05,2019-06-25,0
2026-10-05,2019-06-26,0
2026-10-05,2019-06-27,0
2026-10-05,2019-06-28,0
2026-10-05,2019-07-01,0
2026-10-05,2019-07-02,0
2026-10-05,2019-07-03,0
2026-10-05,2019-07-04,0
2026-10-05,2019-07-05,0
2026-10-05,2019-07-10,0
2026-10-05,2019-07-11,0
2026-10-05,2019-07-12,0
2026-10-05,2019-07-15,0
2026-10-05,2019-07-16,0
2026-10-05,2019-07-17,0
2026-10-05,2019-07-18,0
2026-10-05,2019-07-19,0
2026-10-05,2019-07-22,0
2026-10-05,2019-07-23,0
2026-10-05,2019-07-24,0
2026-10-05,2019-07-25,0
2026-10-05,2019-07-26,0
2026-10-05,2019-07-29,0
2026-10-05,2019-07-30,0
2026-10-05,2019-07-31,0
2026-10-05,2019-08-01,0
2026-10-05,2019-08-02,0
2026-10-05,2019-08-05,0
2026-10-05,2019-08-06,0
2026-10-05,2019-08-07,0
2026-10-05,2019-08-08,0
2026-10-05,2019-08-09,0
2026-10-05,2019-08-12,0
2026-10-05,2019-08-13,0
2026-10-05,2019-08-14,0
2026-10-05,2019-08-15,0
2026-10-05,2019-08-16,0
2026-10-05,2019-08-20,0
2026-10-05,2019-08-21,0
2026-10-05,2019-08-22,0
2026-10-05,2019-08-23,0
2026-10-05,2019-08-26,0
2026-10-05,2019-08-27,0
2026-10-05,2019-08-28,0
2026-10-05,2019-08-29,0
2026-10-05,2019-08-30,0
2026-10-05,2019-09-02,0
2026-10-05,2019-09-03,0
2026-10-05,2019-09-04,0
2026-10-05,2019-09-05,0
2026-10-05,2019-09-06,0
2026-10-05,2019-09-09,0
2026-10-05,2019-09-10,0
2026-10-05,2019-09-11,0
2026-10-05,2019-09-12,0
2026-10-05,2019-09-13,0
2026-10-05,2019-09-16,0
2026-10-05,2019-09-17,0
2026-10-05,2019-09-18,0
2026-10-05,2019-09-19,0
2026-10-05,2019-09-20,0
2026-10-05,2019-09-23,0
2026-10-05,2019-09-24,0
2026-10-05,2019-09-25,0
2026-10-05,2019-09-26,0
2026-10-05,2019-09-27,0
2026-10-05,2019-09-30,0
2026-10-05,2019-10-01,0
2026-10-05,2019-10-02,0
2026-10-05,2019-10-03,0
2026-10-05,2019-10-04,0
2026-10-05,2019-10-07,0
2026-10-05,2019-10-08,0
2026-10-05,2019-10-09,0
2026-10-05,2019-10-10,0
2026-10-05,2019-10-11,0
2026-10-05,2019-10-15,0
2026-10-05,2019-10-16,0
2026-10-05,2019-10-17,0
2026-10-05,2019-10-18,0
2026-10-05,2019-10-21,0
2026-10-05,2019-10-22,0
2026-10-05,2019-10-23,0
2026-10-05,2019-10-24,0
2026-10-05,2019-10-25,0
2026-10-05,2019-10-28,0
2026-10-05,2019-10-29,0
2026-10-05,2019-10-30,0
2026-10-05,2019-10-31,0
2026-10-05,2019-11-01,0
2026-10-05,2019-11-04,0
2026-10-05,2019-11-05,0
2026-10-05,2019-11-07,0
2026-10-05,2019-11-08,0
2026-10-05,2019-11-11,0
2026-10-05,2019-11-12,0
2026-10-05,2019-11-13,0
2026-10-05,2019-11-14,0
2026-10-05,2019-11-15,0
2026-10-05,2019-11-19,0
2026-10-05,2019-11-20,0
2026-10-05,2019-11-21,0
2026-10-05,2019-11-22,0
2026-10-05,2019-11-25,0
2026-10-05,2019-11-26,0
2026-10-05,2019-11-27,0
2026-10-05,2019-11-28,0
2026-10-05,2019-11-29,0
2026-10-05,2019-12-02,0
2026-10-05,2019-12-03,0
2026-10-05,2019-12-04,0
2026-10-05,2019-12-05,0
2026-10-05,2019-12-06,0
2026-10-05,2019-12-09,0
2026-10-05,2019-12-10,0
2026-10-05,2019-12-11,0
2026-10-05,2019-12-12,0
2026-10-05,2019-12-13,0
2026-10-05,2019-12-16,0
2026-10-05,2019-12-17,0
2026-10-05,2019-12-18,0
2026-10-05,2019-12-19,0
2026-10-05,2019-12-20,0
2026-10-05,2019-12-23,0
2026-10-05,2019-12-26,0
2026-10-05,2019-12-27,0
2026-10-05,2019-12-30,0
2026-10-05,2020-01-02,0
2026-10-05,2020-01-03,0
2026-10-05,2020-01-06,0
2026-10-05,2020-01-07,0
2026-10-05,2020-01-08,0
2026-10-05,2020-01-09,0
2026-10-05,2020-01-10,0
2026-10-05,2020-01-13,0
2026-10-05,2020-01-14,0
2026-10-05,2020-01-15,0
2026-10-05,2020-01-16,0
2026-10-05,2020-01-17,0
2026-10-05,2020-01-20,0
2026-10-05,2020-01-21,0
2026-10-05,2020-01-22,0
2026-10-05,2020-01-23,0
2026-10-05,2020-01-24,0
2026-10-05,2020-01-27,0
2026-10-05,2020-01-28,0
2026-10-05,2020-01-29,0
2026-10-05,2020-01-30,0
2026-10-05,2020-01-31,0
2026-10-05,2020-02-03,0
2026-10-05,2020-02-04,0
2026-10-05,2020-02-05,0
2026-10-05,2020-02-06,0
2026-10-05,2020-02-07,0
2026-10-05,2020-02-10,0
2026-10-05,2020-02-11,0
2026-10-05,2020-02-12,0
2026-10-05,2020-02-13,0
2026-10-05,2020-02-14,0
2026-10-05,2020-02-17,0
2026-10-05,2020-02-18,0
2026-10-05,2020-02-19,0
2026-10-05,2020-02-20,0
2026-10-05,2020-02-21,0
2026-10-05,2020-02-26,0
2026-10-05,2020-02-27,0
2026-10-05,2020-02-28,0
2026-10-05,2020-03-02,0
2026-10-05,2020-03-03,0
2026-10-05,2020-03-04,0
2026-10-05,2020-03-05,0
2026-10-05,2020-03-06,0
2026-10-05,2020-03-09,0
2026-10-05,2020-03-10,0
2026-10-05,2020-03-11,0
2026-10-05,2020-03-12,0
2026-10-05,2020-03-13,0
2026-10-05,2020-03-16,0
2026-10-05,2020-03-17,0
2026-10-05,2020-03-18,0
2026-10-05,2020-03-19,0
2026-10-05,2020-03-20,0
2026-10-05,2020-03-25,0
2026-10-05,2020-03-26,0
2026-10-05,2020-03-27,0
2026-10-05,2020-03-30,0
2026-10-05,2020-04-01,0
2026-10-05,2020-04-02,0
2026-10-05,2020-04-03,0
2026-10-05,2020-04-06,0
2026-10-05,2020-04-07,0
2026-10-05,2020-04-08,0
2026-10-05,2020-04-13,0
2026-10-05,2020-04-14,0
2026-10-05,2020-04-15,0
2026-10-05,2020-04-16,0
2026-10-05,2020-04-17,0
2026-10-05,2020-04-20,0
2026-10-05,2020-04-21,0
2026-10-05,2020-04-22,0
2026-10-05,2020-04-23,0
2026-10-05,2020-04-24,0
2026-10-05,2020-04-27,0
2026-10-05,2020-04-28,0
2026-10-05,2020-04-29,0
2026-10-05,2020-04-30,0
2026-10-05,2020-05-04,0
2026-10-05,2020-05-05,0
2026-10-05,2020-05-06,0
2026-10-05,2020-05-07,0
2026-10-05,2020-05-08,0
2026-10-05,2020-05-11,0
2026-10-05,2020-05-12,0
2026-10-05,2020-05-13,0
2026-10-05,2020-05-14,0
2026-10-05,2020-05-15,0
2026-10-05,2020-05-18,0
2026-10-05,2020-05-19,0
2026-10-05,2020-05-20,0
2026-10-05,2020-05-21,0
2026-10-05,2020-05-22,0
2026-10-05,2020-05-26,0
2026-10-05,2020-05-27,0
2026-10-05,2020-05-28,0
2026-10-05,2020-05-29,0
2026-10-05,2020-06-01,0
2026-10-05,2020-06-02,0
2026-10-05,2020-06-03,0
2026-10-05,2020-06-04,0
2026-10-05,2020-06-05,0
2026-10-05,2020-06-08,0
2026-10-05,2020-06-09,0
2026-10-05,2020-06-10,0
2026-10-05,2020-06-11,0
2026-10-05,2020-06-12,0
2026-10-05,2020-06-16,0
2026-10-05,2020-06-17,0
2026-10-05,2020-06-18,0
2026-10-05,2020-06-19,0
2026-10-05,2020-06-22,0
2026-10-05,2020-06-23,0
2026-10-05,2020-06-24,0
2026-10-05,2020-06-25,0
2026-10-05,2020-06-26,0
2026-10-05,2020-06-29,0
2026-10-05,2020-06-30,0
2026-10-05,2020-07-01,0
2026-10-05,2020-07-02,0
2026-10-05,2020-07-03,0
2026-10-05,2020-07-06,0
2026-10-05,2020-07-07,0
2026-10-05,2020-07-08,0
2026-10-05,2020-07-13,0
2026-10-05,2020-07-14,0
2026-10-05,2020-07-15,0
2026-10-05,2020-07-16,0
2026-10-05,2020-07-17,0
2026-10-05,2020-07-20,0
2026-10-05,2020-07-21,0
2026-10-05,2020-07-22,0
2026-10-05,2020-07-23,0
2026-10-05,2020-07-24,0
2026-10-05,2020-07-27,0
2026-10-05,2020-07-28,0
2026-10-05,2020-07-29,0
2026-10-05,2020-07-30,0
2026-10-05,2020-07-31,0
2026-10-05,2020-08-03,0
2026-10-05,2020-08-04,0
2026-10-05,2020-08-05,0
2026-10-05,2020-08-06,0
2026-10-05,2020-08-07,0
2026-10-05,2020-08-10,0
2026-10-05,2020-08-11,0
2026-10-05,2020-08-12,0
2026-10-05,2020-08-13,0
2026-10-05,2020-08-14,0
2026-10-05,2020-08-18,0
2026-10-05,2020-08-19,0
2026-10-05,2020-08-20,0
2026-10-05,2020-08-21,0
2026-10-05,2020-08-24,0
2026-10-05,2020-08-25,0
2026-10-05,2020-08-26,0
2026-10-05,2020-08-27,0
2026-10-05,2020-08-28,0
2026-10-05,2020-08-31,0
2026-10-05,2020-09-01,0
2026-10-05,2020-09-02,0
2026-10-05,2020-09-03,0
2026-10-05,2020-09-04,0
2026-10-05,2020-09-07,0
2026-10-05,2020-09-08,0
2026-10-05,2020-09-09,0
2026-10-05,2020-09-10,0
2026-10-05,2020-09-11,0
2026-10-05,2020-09-14,0
2026-10-05,2020-09-15,0
2026-10-05,2020-09-16,0
2026-10-05,2020-09-17,0
2026-10-05,2020-09-18,0
2026-10-05,2020-09-21,0
2026-10-05,2020-09-22,0
2026-10-05,2020-09-23,0
2026-10-05,2020-09-24,0
2026-10-05,2020-09-25,0
2026-10-05,2020-09-28,0
2026-10-05,2020-09-29,0
2026-10-05,2020-09-30,0
2026-10-05,2020-10-01,0
2026-10-05,2020-10-02,0
2026-10-05,2020-10-05,0
2026-10-05,2020-10-06,0
2026-10-05,2020-10-07,0
2026-10-05,2020-10-08,0
2026-10-05,2020-10-09,0
2026-10-05,2020-10-13,0
2026-10-05,2020-10-14,0
2026-10-05,2020-10-15,0
2026-10-05,2020-10-16,0
2026-10-05,2020-10-19,0
2026-10-05,2020-10-20,0
2026-10-05,2020-10-21,0
2026-10-05,2020-10-22,0
2026-10-05,2020-10-23,0
2026-10-05,2020-10-26,0
2026-10-05,2020-10-27,0
2026-10-05,2020-10-28,0
2026-10-05,2020-10-29,0
2026-10-05,2020-10-30,0
2026-10-05,2020-11-02,0
2026-10-05,2020-11-03,0
2026-10-05,2020-11-04,0
2026-10-05,2020-11-05,0
2026-10-05,2020-11-09,0
2026-10-05,2020-11-10,0
2026-10-05,2020-11-11,0
2026-10-05,2020-11-12,0
2026-10-05,2020-11-13,0
2026-10-05,2020-11-16,0
2026-10-05,2020-11-17,0
2026-10-05,2020-11-18,0
2026-10-05,2020-11-19,0
2026-10-05,2020-11-20,0
2026-10-05,2020-11-24,0
2026-10-05,2020-11-25,0
2026-10-05,2020-11-26,0
2026-10-05,2020-11-27,0
2026-10-05,2020-11-30,0
2026-10-05,2020-12-01,0
2026-10-05,2020-12-02,0
2026-10-05,2020-12-03,0
2026-10-05,2020-12-04,0
2026-10-05,2020-12-09,0
2026-10-05,2020-12-10,0
2026-10-05,2020-12-11,0
2026-10-05,2020-12-14,0
2026-10-05,2020-12-15,0
2026-10-05,2020-12-16,0
2026-10-05,2020-12-17,0
2026-10-05,2020-12-18,0
2026-10-05,2020-12-21,0
2026-10-05,2020-12-22,0
2026-10-05,2020-12-23,0
2026-10-05,2020-12-28,0
2026-10-05,2020-12-29,0
2026-10-05,2020-12-30,0
2026-10-05,2021-01-04,0
2026-10-05,2021-01-05,0
2026-10-05,2021-01-06,0
2026-10-05,2021-01-07,0
2026-10-05,2021-01-08,0
2026-10-05,2021-01-11,0
2026-10-05,2021-01-12,0
2026-10-05,2021-01-13,0
2026-10-05,2021-01-14,0
2026-10-05,2021-01-15,0
2026-10-05,2021-01-18,0
2026-10-05,2021-01-19,0
2026-10-05,2021-01-20,0
2026-10-05,2021-01-21,0
2026-10-05,2021-01-22,0
2026-10-05,2021-01-25,0
2026-10-05,2021-01-26,0
2026-10-05,2021-01-27,0
2026-10-05,2021-01-28,0
2026-10-05,2021-01-29,0
2026-10-05,2021-02-01,0
2026-10-05,2021-02-02,0
2026-10-05,2021-02-03,0
2026-10-05,2021-02-04,0
2026-10-05,2021-02-05,0
2026-10-05,2021-02-08,0
2026-10-05,2021-02-09,0
2026-10-05,2021-02-10,0
2026-10-05,2021-02-11,0
2026-10-05,2021-02-12,0
2026-10-05,2021-02-17,0
2026-10-05,2021-02-18,0
2026-10-05,2021-02-19,0
2026-10-05,2021-02-22,0
2026-10-05,2021-02-23,0
2026-10-05,2021-02-24,0
2026-10-05,2021-02-25,0
2026-10-05,2021-02-26,0
2026-10-05,2021-03-01,0
2026-10-05,2021-03-02,0
2026-10-05,2021-03-03,0
2026-10-05,2021-03-04,0
2026-10-05,2021-03-05,0
2026-10-05,2021-03-08,0
2026-10-05,2021-03-09,0
2026-10-05,2021-03-10,0
2026-10-05,2021-03-11,0
2026-10-05,2021-03-12,0
2026-10-05,2021-03-15,0
2026-10-05,2021-03-16,0
2026-10-05,2021-03-17,0
2026-10-05,2021-03-18,0
2026-10-05,2021-03-19,0
2026-10-05,2021-03-22,0
2026-10-05,2021-03-23,0
2026-10-05,2021-03-25,0
2026-10-05,2021-03-26,0
2026-10-05,2021-03-29,0
2026-10-05,2021-03-30,0
2026-10-05,2021-03-31,0
2026-10-05,2021-04-05,0
2026-10-05,2021-04-06,0
2026-10-05,2021-04-07,0
2026-10-05,2021-04-08,0
2026-10-05,2021-04-09,0
2026-10-05,2021-04-12,0
2026-10-05,2021-04-13,0
2026-10-05,2021-04-14,0
2026-10-05,2021-04-15,0
2026-10-05,2021-04-16,0
2026-10-05,2021-04-19,0
2026-10-05,2021-04-20,0
2026-10-05,2021-04-21,0
2026-10-05,2021-04-22,0
2026-10-05,2021-04-23,0
2026-10-05,2021-04-26,0
2026-10-05,2021-04-27,0
2026-10-05,2021-04-28,0
2026-10-05,2021-04-29,0
2026-10-05,2021-04-30,0
2026-10-05,2021-05-03,0
2026-10-05,2021-05-04,0
2026-10-05,2021-05-05,0
2026-10-05,2021-05-06,0
2026-10-05,2021-05-07,0
2026-10-05,2021-05-10,0
2026-10-05,2021-05-11,0
2026-10-05,2021-05-12,0
2026-10-05,2021-05-13,0
2026-10-05,2021-05-14,0
2026-10-05,2021-05-17,0
2026-10-05,2021-05-18,0
2026-10-05,2021-05-19,0
2026-10-05,2021-05-20,0
2026-10-05,2021-05-21,0
2026-10-05,2021-05-26,0
2026-10-05,2021-05-27,0
2026-10-05,2021-05-28,0
2026-10-05,2021-05-31,0
2026-10-05,2021-06-01,0
2026-10-05,2021-06-02,0
2026-10-05,2021-06-03,0
2026-10-05,2021-06-04,0
2026-10-05,2021-06-07,0
2026-10-05,2021-06-08,0
2026-10-05,2021-06-09,0
2026-10-05,2021-06-10,0
2026-10-05,2021-06-11,0
2026-10-05,2021-06-14,0
2026-10-05,2021-06-15,0
2026-10-05,2021-06-16,0
2026-10-05,2021-06-17,0
2026-10-05,2021-06-18,0
2026-10-05,2021-06-22,0
2026-10-05,2021-06-23,0
2026-10-05,2021-06-24,0
2026-10-05,2021-06-25,0
2026-10-05,2021-06-28,0
2026-10-05,2021-06-29,0
2026-10-05,2021-06-30,0
2026-10-05,2021-07-01,0
2026-10-05,2021-07-02,0
2026-10-05,2021-07-05,0
2026-10-05,2021-07-06,0
2026-10-05,2021-07-07,0
2026-10-05,2021-07-08,0
2026-10-05,2021-07-12,0
2026-10-05,2021-07-13,0
2026-10-05,2021-07-14,0
2026-10-05,2021-07-15,0
2026-10-05,2021-07-16,0
2026-10-05,2021-07-19,0
2026-10-05,2021-07-20,0
2026-10-05,2021-07-21,0
2026-10-05,2021-07-22,0
2026-10-05,2021-07-23,0
2026-10-05,2021-07-26,0
2026-10-05,2021-07-27,0
2026-10-05,2021-07-28,0
2026-10-05,2021-07-29,0
2026-10-05,2021-07-30,0
2026-10-05,2021-08-02,0
2026-10-05,2021-08-03,0
2026-10-05,2021-08-04,0
2026-10-05,2021-08-05,0
2026-10-05,2021-08-06,0
2026-10-05,2021-08-09,0
2026-10-05,2021-08-10,0
2026-10-05,2021-08-11,0
2026-10-05,2021-08-12,0
2026-10-05,2021-08-13,0
2026-10-05,2021-08-17,0
2026-10-05,2021-08-18,0
2026-10-05,2021-08-19,0
2026-10-05,2021-08-20,0
2026-10-05,2021-08-23,0
2026-10-05,2021-08-24,0
2026-10-05,2021-08-25,0
2026-10-05,2021-08-26,0
2026-10-05,2021-08-27,0
2026-10-05,2021-08-30,0
2026-10-05,2021-08-31,0
2026-10-05,2021-09-01,0
2026-10-05,2021-09-02,0
2026-10-05,2021-09-03,0
2026-10-05,2021-09-06,0
2026-10-05,2021-09-07,0
2026-10-05,2021-09-08,0
2026-10-05,2021-09-09,0
2026-10-05,2021-09-10,0
2026-10-05,2021-09-13,0
2026-10-05,2021-09-14,0
2026-10-05,2021-09-15,0
2026-10-05,2021-09-16,0
2026-10-05,2021-09-17,0
2026-10-05,2021-09-20,0
2026-10-05,2021-09-21,0
2026-10-05,2021-09-22,0
2026-10-05,2021-09-23,0
2026-10-05,2021-09-24,0
2026-10-05,2021-09-27,0
2026-10-05,2021-09-28,0
2026-10-05,2021-09-29,0
2026-10-05,2021-09-30,0
2026-10-05,2021-10-01,0
2026-10-05,2021-10-04,0
2026-10-05,2021-10-05,0
2026-10-05,2021-10-06,0
2026-10-05,2021-10-07,0
2026-10-05,2021-10-12,0
2026-10-05,2021-10-13,0
2026-10-05,2021-10-14,0
2026-10-05,2021-10-15,0
2026-10-05,2021-10-18,0
2026-10-05,2021-10-19,0
2026-10-05,2021-10-20,0
2026-10-05,2021-10-21,0
2026-10-05,2021-10-22,0
2026-10-05,2021-10-25,0
2026-10-05,2021-10-26,0
2026-10-05,2021-10-27,0
2026-10-05,2021-10-28,0
2026-10-05,2021-10-29,0
2026-10-05,2021-11-01,0
2026-10-05,2021-11-02,0
2026-10-05,2021-11-03,0
2026-10-05,2021-11-04,0
2026-10-05,2021-11-05,0
2026-10-05,2021-11-08,0
2026-10-05,2021-11-09,0
2026-10-05,2021-11-10,0
2026-10-05,2021-11-11,0
2026-10-05,2021-11-12,0
2026-10-05,2021-11-15,0
2026-10-05,2021-11-16,0
2026-10-05,2021-11-17,0
2026-10-05,2021-11-18,0
2026-10-05,2021-11-19,0
2026-10-05,2021-11-23,0
2026-10-05,2021-11-24,0
2026-10-05,2021-11-25,0
2026-10-05,2021-11-26,0
2026-10-05,2021-11-29,0
2026-10-05,2021-11-30,0
2026-10-05,2021-12-01,0
2026-10-05,2021-12-02,0
2026-10-05,2021-12-03,0
2026-10-05,2021-12-06,0
2026-10-05,2021-12-07,0
2026-10-05,2021-12-09,0
2026-10-05,2021-12-10,0
2026-10-05,2021-12-13,0
2026-10-05,2021-12-14,0
2026-10-05,2021-12-15,0
2026-10-05,2021-12-16,0
2026-10-05,2021-12-17,0
2026-10-05,2021-12-20,0
2026-10-05,2021-12-21,0
2026-10-05,2021-12-22,0
2026-10-05,2021-12-23,0
2026-10-05,2021-12-27,0
2026-10-05,2021-12-28,0
2026-10-05,2021-12-29,0
2026-10-05,2021-12-30,0
2026-10-05,2022-01-03,0
2026-10-05,2022-01-04,0
2026-10-05,2022-01-05,0
2026-10-05,2022-01-06,0
2026-10-05,2022-01-07,0
2026-10-05,2022-01-10,0
2026-10-05,2022-01-11,0
2026-10-05,2022-01-12,0
2026-10-05,2022-01-13,0
2026-10-05,2022-01-14,0
2026-10-05,2022-01-17,0
2026-10-05,2022-01-18,0
2026-10-05,2022-01-19,0
2026-10-05,2022-01-20,0
2026-10-05,2022-01-21,0
2026-10-05,2022-01-24,0
2026-10-05,2022-01-25,0
2026-10-05,2022-01-26,0
2026-10-05,2022-01-27,0
2026-10-05,2022-01-28,0
2026-10-05,2022-01-31,0
2026-10-05,2022-02-01,0
2026-10-05,2022-02-02,0
2026-10-05,2022-02-03,0
2026-10-05,2022-02-04,0
2026-10-05,2022-02-07,0
2026-10-05,2022-02-08,0
2026-10-05,2022-02-09,0
2026-10-05,2022-02-10,0
2026-10-05,2022-02-11,0
2026-10-05,2022-02-14,0
2026-10-05,2022-02-15,0
2026-10-05,2022-02-16,0
2026-10-05,2022-02-17,0
2026-10-05,2022-02-18,0
2026-10-05,2022-02-21,0
2026-10-05,2022-02-22,0
2026-10-05,2022-02-23,0
2026-10-05,2022-02-24,0
2026-10-05,2022-02-25,0
2026-10-05,2022-03-02,0
2026-10-05,2022-03-03,0
2026-10-05,2022-03-04,0
2026-10-05,2022-03-07,0
2026-10-05,2022-03-08,0
2026-10-05,2022-03-09,0
2026-10-05,2022-03-10,0
2026-10-05,2022-03-11,0
2026-10-05,2022-03-14,0
2026-10-05,2022-03-15,0
2026-10-05,2022-03-16,0
2026-10-05,2022-03-17,0
2026-10-05,2022-03-18,0
2026-10-05,2022-03-21,0
2026-10-05,2022-03-22,0
2026-10-05,2022-03-23,0
2026-10-05,2022-03-25,0
2026-10-05,2022-03-28,0
2026-10-05,2022-03-29,0
2026-10-05,2022-03-30,0
2026-10-05,2022-03-31,0
2026-10-05,2022-04-01,0
2026-10-05,2022-04-04,0
2026-10-05,2022-04-05,0
2026-10-05,2022-04-06,0
2026-10-05,2022-04-07,0
2026-10-05,2022-04-08,0
2026-10-05,2022-04-11,0
2026-10-05,2022-04-12,0
2026-10-05,2022-04-13,0
2026-10-05,2022-04-18,0
2026-10-05,2022-04-19,0
2026-10-05,2022-04-20,0
2026-10-05,2022-04-21,0
2026-10-05,2022-04-22,0
2026-10-05,2022-04-25,0
2026-10-05,2022-04-26,0
2026-10-05,2022-04-27,0
2026-10-05,2022-04-28,0
2026-10-05,2022-04-29,0
2026-10-05,2022-05-02,0
2026-10-05,2022-05-03,0
2026-10-05,2022-05-04,0
2026-10-05,2022-05-05,0
2026-10-05,2022-05-06,0
2026-10-05,2022-05-09,0
2026-10-05,2022-05-10,0
2026-10-05,2022-05-11,0
2026-10-05,2022-05-12,0
2026-10-05,2022-05-13,0
2026-10-05,2022-05-16,0
2026-10-05,2022-05-17,0
2026-10-05,2022-05-19,0
2026-10-05,2022-05-20,0
2026-10-05,2022-05-23,0
2026-10-05,2022-05-24,0
2026-10-05,2022-05-26,0
2026-10-05,2022-05-27,0
2026-10-05,2022-05-30,0
2026-10-05,2022-05-31,0
2026-10-05,2022-06-01,0
2026-10-05,2022-06-02,0
2026-10-05,2022-06-03,0
2026-10-05,2022-06-06,0
2026-10-05,2022-06-07,0
2026-10-05,2022-06-08,0
2026-10-05,2022-06-09,0
2026-10-05,2022-06-10,0
2026-10-05,2022-06-13,0
2026-10-05,2022-06-14,0
2026-10-05,2022-06-15,0
2026-10-05,2022-06-16,0
2026-10-05,2022-06-21,0
2026-10-05,2022-06-22,0
2026-10-05,2022-06-23,0
2026-10-05,2022-06-24,0
2026-10-05,2022-06-27,0
2026-10-05,2022-06-28,0
2026-10-05,2022-06-29,0
2026-10-05,2022-06-30,0
2026-10-05,2022-07-01,0
2026-10-05,2022-07-04,0
2026-10-05,2022-07-05,0
2026-10-05,2022-07-06,0
2026-10-05,2022-07-07,0
2026-10-05,2022-07-08,0
2026-10-05,2022-07-11,0
2026-10-05,2022-07-12,0
2026-10-05,2022-07-13,0
2026-10-05,2022-07-14,0
2026-10-05,2022-07-15,0
2026-10-05,2022-07-18,0
2026-10-05,2022-07-19,0
2026-10-05,2022-07-20,0
2026-10-05,2022-07-21,0
2026-10-05,2022-07-22,0
2026-10-05,2022-07-25,0
2026-10-05,2022-07-26,0
2026-10-05,2022-07-27,0
2026-10-05,2022-07-28,0
2026-10-05,2022-07-29,0
2026-10-05,2022-08-01,0
2026-10-05,2022-08-02,0
2026-10-05,2022-08-03,0
2026-10-05,2022-08-04,0
2026-10-05,2022-08-05,0
2026-10-05,2022-08-08,0
2026-10-05,2022-08-09,0
2026-10-05,2022-08-10,0
2026-10-05,2022-08-11,0
2026-10-05,2022-08-12,0
2026-10-05,2022-08-16,0
2026-10-05,2022-08-17,0
2026-10-05,2022-08-18,0
2026-10-05,2022-08-19,0
2026-10-05,2022-08-22,0
2026-10-05,2022-08-23,0
2026-10-05,2022-08-24,0
2026-10-05,2022-08-25,0
2026-10-05,2022-08-26,0
2026-10-05,2022-08-29,0
2026-10-05,2022-08-30,0
2026-10-05,2022-08-31,0
2026-10-05,2022-09-01,0
2026-10-05,2022-09-05,0
2026-10-05,2022-09-06,0
2026-10-05,2022-09-07,0
2026-10-05,2022-09-08,0
2026-10-05,2022-09-09,0
2026-10-05,2022-09-12,0
2026-10-05,2022-09-13,0
2026-10-05,2022-09-14,0
2026-10-05,2022-09-15,0
2026-10-05,2022-09-16,0
2026-10-05,2022-09-19,0
2026-10-05,2022-09-20,0
2026-10-05,2022-09-21,0
2026-10-05,2022-09-22,0
2026-10-05,2022-09-23,0
2026-10-05,2022-09-26,0
2026-10-05,2022-09-27,0
2026-10-05,2022-09-28,0
2026-10-05,2022-09-29,0
2026-10-05,2022-09-30,0
2026-10-05,2022-10-03,0
2026-10-05,2022-10-04,0
2026-10-05,2022-10-05,0
2026-10-05,2022-10-06,0
2026-10-05,2022-10-11,0
2026-10-05,2022-10-12,0
2026-10-05,2022-10-13,0
2026-10-05,2022-10-14,0
2026-10-05,2022-10-17,0
2026-10-05,2022-10-18,0
2026-10-05,2022-10-19,0
2026-10-05,2022-10-20,0
2026-10-05,2022-10-21,0
2026-10-05,2022-10-24,0
2026-10-05,2022-10-25,0
2026-10-05,2022-10-26,0
2026-10-05,2022-10-27,0
2026-10-05,2022-10-28,0
2026-10-05,2022-10-31,0
2026-10-05,2022-11-01,0
2026-10-05,2022-11-02,0
2026-10-05,2022-11-03,0
2026-10-05,2022-11-04,0
2026-10-05,2022-11-07,0
2026-10-05,2022-11-08,0
2026-10-05,2022-11-09,0
2026-10-05,2022-11-10,0
2026-10-05,2022-11-11,0
2026-10-05,2022-11-14,0
2026-10-05,2022-11-15,0
2026-10-05,2022-11-16,0
2026-10-05,2022-11-17,0
2026-10-05,2022-11-18,0
2026-10-05,2022-11-22,0
2026-10-05,2022-11-23,0
2026-10-05,2022-11-24,0
2026-10-05,2022-11-25,0
2026-10-05,2022-11-28,0
2026-10-05,2022-11-29,0
2026-10-05,2022-11-30,0
2026-10-05,2022-12-01,0
2026-10-05,2022-12-02,0
2026-10-05,2022-12-05,0
2026-10-05,2022-12-06,0
2026-10-05,2022-12-07,0
2026-10-05,2022-12-12,0
2026-10-05,2022-12-13,0
2026-10-05,2022-12-14,0
2026-10-05,2022-12-15,0
2026-10-05,2022-12-16,0
2026-10-05,2022-12-19,0
2026-10-05,2022-12-20,0
2026-10-05,2022-12-21,0
2026-10-05,2022-12-22,0
2026-10-05,2022-12-23,0
2026-10-05,2022-12-26,0
2026-10-05,2022-12-27,0
2026-10-05,2022-12-28,0
2026-10-05,2022-12-29,0
2026-10-05,2022-12-30,0
2026-10-05,2023-01-02,0
2026-10-05,2023-01-03,0
2026-10-05,2023-01-04,0
2026-10-05,2023-01-05,0
2026-10-05,2023-01-06,0
2026-10-05,2023-01-09,0
2026-10-05,2023-01-10,0
2026-10-05,2023-01-11,0
2026-10-05,2023-01-12,0
2026-10-05,2023-01-13,0
2026-10-05,2023-01-16,0
2026-10-05,2023-01-17,0
2026-10-05,2023-01-18,0
2026-10-05,2023-01-19,0
2026-10-05,2023-01-20,0
2026-10-05,2023-01-23,0
2026-10-05,2023-01-24,0
2026-10-05,2023-01-25,0
2026-10-05,2023-01-26,0
2026-10-05,2023-01-27,0
2026-10-05,2023-01-30,0
2026-10-05,2023-01-31,0
2026-10-05,2023-02-01,0
2026-10-05,2023-02-02,0
2026-10-05,2023-02-03,0
2026-10-05,2023-02-06,0
2026-10-05,2023-02-07,0
2026-10-05,2023-02-08,0
2026-10-05,2023-02-09,0
2026-10-05,2023-02-10,0
2026-10-05,2023-02-13,0
2026-10-05,2023-02-14,0
2026-10-05,2023-02-15,0
2026-10-05,2023-02-16,0
2026-10-05,2023-02-17,0
2026-10-05,2023-02-22,0
2026-10-05,2023-02-23,0
2026-10-05,2023-02-24,0
2026-10-05,2023-02-27,0
2026-10-05,2023-02-28,0
2026-10-05,2023-03-01,0
2026-10-05,2023-03-02,0
2026-10-05,2023-03-03,0
2026-10-05,2023-03-06,0
2026-10-05,2023-03-07,0
2026-10-05,2023-03-08,0
2026-10-05,2023-03-09,0
2026-10-05,2023-03-10,0
2026-10-05,2023-03-13,0
2026-10-05,2023-03-14,0
2026-10-05,2023-03-15,0
2026-10-05,2023-03-16,0
2026-10-05,2023-03-17,0
2026-10-05,2023-03-20,0
2026-10-05,2023-03-21,0
2026-10-05,2023-03-22,0
2026-10-05,2023-03-23,0
2026-10-05,2023-03-27,0
2026-10-05,2023-03-28,0
2026-10-05,2023-03-29,0
2026-10-05,2023-03-30,0
2026-10-05,2023-03-31,0
2026-10-05,2023-04-03,0
2026-10-05,2023-04-04,0
2026-10-05,2023-04-05,0
2026-10-05,2023-04-10,0
2026-10-05,2023-04-11,0
2026-10-05,2023-04-12,0
2026-10-05,2023-04-13,0
2026-10-05,2023-04-14,0
2026-10-05,2023-04-17,0
2026-10-05,2023-04-18,0
2026-10-05,2023-04-19,0
2026-10-05,2023-04-20,0
2026-10-05,2023-04-21,0
2026-10-05,2023-04-24,0
2026-10-05,2023-04-25,0
2026-10-05,2023-04-26,0
2026-10-05,2023-04-27,0
2026-10-05,2023-04-28,0
2026-10-05,2023-05-02,0
2026-10-05,2023-05-03,0
2026-10-05,2023-05-04,0
2026-10-05,2023-05-05,0
2026-10-05,2023-05-08,0
2026-10-05,2023-05-09,0
2026-10-05,2023-05-10,0
2026-10-05,2023-05-11,0
2026-10-05,2023-05-12,0
2026-10-05,2023-05-15,0
2026-10-05,2023-05-16,0
2026-10-05,2023-05-17,0
2026-10-05,2023-05-18,0
2026-10-05,2023-05-19,0
2026-10-05,2023-05-22,0
2026-10-05,2023-05-23,0
2026-10-05,2023-05-24,0
2026-10-05,2023-05-29,0
2026-10-05,2023-05-30,0
2026-10-05,2023-05-31,0
2026-10-05,2023-06-01,0
2026-10-05,2023-06-02,0
2026-10-05,2023-06-05,0
2026-10-05,2023-06-06,0
2026-10-05,2023-06-07,0
2026-10-05,2023-06-08,0
2026-10-05,2023-06-09,0
2026-10-05,2023-06-12,0
2026-10-05,2023-06-13,0
2026-10-05,2023-06-14,0
2026-10-05,2023-06-15,0
2026-10-05,2023-06-16,0
2026-10-05,2023-06-21,0
2026-10-05,2023-06-22,0
2026-10-05,2023-06-23,0
2026-10-05,2023-06-26,0
2026-10-05,2023-06-27,0
2026-10-05,2023-06-28,0
2026-10-05,2023-06-29,0
2026-10-05,2023-06-30,0
2026-10-05,2023-07-03,0
2026-10-05,2023-07-04,0
2026-10-05,2023-07-05,0
2026-10-05,2023-07-06,0
2026-10-05,2023-07-07,0
2026-10-05,2023-07-10,0
2026-10-05,2023-07-11,0
2026-10-05,2023-07-12,0
2026-10-05,2023-07-13,0
2026-10-05,2023-07-14,0
2026-10-05,2023-07-17,0
2026-10-05,2023-07-18,0
2026-10-05,2023-07-19,0
2026-10-05,2023-07-20,0
2026-10-05,2023-07-21,0
2026-10-05,2023-07-24,0
2026-10-05,2023-07-25,0
2026-10-05,2023-07-26,0
2026-10-05,2023-07-27,0
2026-10-05,2023-07-28,0
2026-10-05,2023-07-31,0
2026-10-05,2023-08-01,0
2026-10-05,2023-08-02,0
2026-10-05,2023-08-03,0
2026-10-05,2023-08-04,0
2026-10-05,2023-08-07,0
2026-10-05,2023-08-08,0
2026-10-05,2023-08-09,0
2026-10-05,2023-08-10,0
2026-10-05,2023-08-11,0
2026-10-05,2023-08-14,0
2026-10-05,2023-08-15,0
2026-10-05,2023-08-16,0
2026-10-05,2023-08-17,0
2026-10-05,2023-08-18,0
2026-10-05,2023-08-22,0
2026-10-05,2023-08-23,0
2026-10-05,2023-08-24,0
2026-10-05,2023-08-25,0
2026-10-05,2023-08-28,0
2026-10-05,2023-08-29,0
2026-10-05,2023-08-30,0
2026-10-05,2023-08-31,0
2026-10-05,2023-09-01,0
2026-10-05,2023-09-04,0
2026-10-05,2023-09-05,0
2026-10-05,2023-09-06,0
2026-10-05,2023-09-07,0
2026-10-05,2023-09-08,0
2026-10-05,2023-09-11,0
2026-10-05,2023-09-12,0
2026-10-05,2023-09-13,0
2026-10-05,2023-09-14,0
2026-10-05,2023-09-15,0
2026-10-05,2023-09-18,0
2026-10-05,2023-09-19,0
2026-10-05,2023-09-20,0
2026-10-05,2023-09-21,0
2026-10-05,2023-09-22,0
2026-10-05,2023-09-25,0
2026-10-05,2023-09-26,0
2026-10-05,2023-09-27,0
2026-10-05,2023-09-28,0
2026-10-05,2023-09-29,0
2026-10-05,2023-10-02,0
2026-10-05,2023-10-03,0
2026-10-05,2023-10-04,0
2026-10-05,2023-10-05,0
2026-10-05,2023-10-06,0
2026-10-05,2023-10-09,0
2026-10-05,2023-10-10,0
2026-10-05,2023-10-11,0
2026-10-05,2023-10-12,0
2026-10-05,2023-10-17,0
2026-10-05,2023-10-18,0
2026-10-05,2023-10-19,0
2026-10-05,2023-10-20,0
2026-10-05,2023-10-23,0
2026-10-05,2023-10-24,0
2026-10-05,2023-10-25,0
2026-10-05,2023-10-26,0
2026-10-05,2023-10-27,0
2026-10-05,2023-10-30,0
2026-10-05,2023-10-31,0
2026-10-05,2023-11-01,0
2026-10-05,2023-11-02,0
2026-10-05,2023-11-03,0
2026-10-05,2023-11-07,0
2026-10-05,2023-11-08,0
2026-10-05,2023-11-09,0
2026-10-05,2023-11-10,0
2026-10-05,2023-11-13,0
2026-10-05,2023-11-14,0
2026-10-05,2023-11-15,0
2026-10-05,2023-11-16,0
2026-10-05,2023-11-17,0
2026-10-05,2023-11-21,0
2026-10-05,2023-11-22,0
2026-10-05,2023-11-23,0
2026-10-05,2023-11-24,0
2026-10-05,2023-11-27,0
2026-10-05,2023-11-28,0
2026-10-05,2023-11-29,0
2026-10-05,2023-11-30,0
2026-10-05,2023-12-01,0
2026-10-05,2023-12-04,0
2026-10-05,2023-12-05,0
2026-10-05,2023-12-06,0
2026-10-05,2023-12-07,0
2026-10-05,2023-12-11,0
2026-10-05,2023-12-12,0
2026-10-05,2023-12-13,0
2026-10-05,2023-12-14,0
2026-10-05,2023-12-15,0
2026-10-05,2023-12-18,0
2026-10-05,2023-12-19,0
2026-10-05,2023-12-20,0
2026-10-05,2023-12-21,0
2026-10-05,2023-12-22,0
2026-10-05,2023-12-26,0
2026-10-05,2023-12-27,0
2026-10-05,2023-12-28,0
2026-10-05,2023-12-29,0
2026-10-05,2024-01-02,0
2026-10-05,2024-01-03,0
2026-10-05,2024-01-04,0
2026-10-05,2024-01-05,0
2026-10-05,2024-01-08,0
2026-10-05,2024-01-09,0
2026-10-05,2024-01-10,0
2026-10-05,2024-01-11,0
2026-10-05,2024-01-12,0
2026-10-05,2024-01-15,0
2026-10-05,2024-01-16,0
2026-10-05,2024-01-17,0
2026-10-05,2024-01-18,0
2026-10-05,2024-01-19,0
2026-10-05,2024-01-22,0
2026-10-05,2024-01-23,0
2026-10-05,2024-01-24,0
2026-10-05,2024-01-25,0
2026-10-05,2024-01-26,0
2026-10-05,2024-01-29,0
2026-10-05,2024-01-30,0
2026-10-05,2024-01-31,0
2026-10-05,2024-02-01,0
2026-10-05,2024-02-02,0
2026-10-05,2024-02-05,0
2026-10-05,2024-02-06,0
2026-10-05,2024-02-07,0
2026-10-05,2024-02-08,0
2026-10-05,2024-02-09,0
2026-10-05,2024-02-14,0
2026-10-05,2024-02-15,0
2026-10-05,2024-02-16,0
2026-10-05,2024-02-19,0
2026-10-05,2024-02-20,0
2026-10-05,2024-02-21,0
2026-10-05,2024-02-22,0
2026-10-05,2024-02-23,0
2026-10-05,2024-02-26,0
2026-10-05,2024-02-27,0
2026-10-05,2024-02-28,0
2026-10-05,2024-02-29,0
2026-10-05,2024-03-01,0
2026-10-05,2024-03-04,0
2026-10-05,2024-03-05,0
2026-10-05,2024-03-06,0
2026-10-05,2024-03-07,0
2026-10-05,2024-03-08,0
2026-10-05,2024-03-11,0
2026-10-05,2024-03-12,0
2026-10-05,2024-03-13,0
2026-10-05,2024-03-14,0
2026-10-05,2024-03-15,0
2026-10-05,2024-03-18,0
2026-10-05,2024-03-19,0
2026-10-05,2024-03-20,0
2026-10-05,2024-03-21,0
2026-10-05,2024-03-22,0
2026-10-05,2024-03-25,0
2026-10-05,2024-03-26,0
2026-10-05,2024-03-27,0
2026-10-05,2024-04-03,0
2026-10-05,2024-04-04,0
2026-10-05,2024-04-05,0
2026-10-05,2024-04-08,0
2026-10-05,2024-04-09,0
2026-10-05,2024-04-10,0
2026-10-05,2024-04-11,0
2026-10-05,2024-04-12,0
2026-10-05,2024-04-15,0
2026-10-05,2024-04-16,0
2026-10-05,2024-04-17,0
2026-10-05,2024-04-18,0
2026-10-05,2024-04-19,0
2026-10-05,2024-04-22,0
2026-10-05,2024-04-23,0
2026-10-05,2024-04-24,0
2026-10-05,2024-04-25,0
2026-10-05,2024-04-26,0
2026-10-05,2024-04-29,0
2026-10-05,2024-04-30,0
2026-10-05,2024-05-02,0
2026-10-05,2024-05-03,0
2026-10-05,2024-05-06,0
2026-10-05,2024-05-07,0
2026-10-05,2024-05-08,0
2026-10-05,2024-05-09,0
2026-10-05,2024-05-10,0
2026-10-05,2024-05-13,0
2026-10-05,2024-05-14,0
2026-10-05,2024-05-15,0
2026-10-05,2024-05-16,0
2026-10-05,2024-05-17,0
2026-10-05,2024-05-20,0
2026-10-05,2024-05-21,0
2026-10-05,2024-05-22,0
2026-10-05,2024-05-23,0
2026-10-05,2024-05-24,0
2026-10-05,2024-05-27,0
2026-10-05,2024-05-28,0
2026-10-05,2024-05-29,0
2026-10-05,2024-05-30,0
2026-10-05,2024-05-31,0
2026-10-05,2024-06-03,0
2026-10-05,2024-06-04,0
2026-10-05,2024-06-05,0
2026-10-05,2024-06-06,0
2026-10-05,2024-06-07,0
2026-10-05,2024-06-10,0
2026-10-05,2024-06-11,0
2026-10-05,2024-06-12,0
2026-10-05,2024-06-13,0
2026-10-05,2024-06-14,0
2026-10-05,2024-06-18,0
2026-10-05,2024-06-19,0
2026-10-05,2024-06-24,0
2026-10-05,2024-06-25,0
2026-10-05,2024-06-26,0
2026-10-05,2024-06-27,0
2026-10-05,2024-06-28,0
2026-10-05,2024-07-01,0
2026-10-05,2024-07-02,0
2026-10-05,2024-07-03,0
2026-10-05,2024-07-04,0
2026-10-05,2024-07-05,0
2026-10-05,2024-07-08,0
2026-10-05,2024-07-10,0
2026-10-05,2024-07-11,0
2026-10-05,2024-07-12,0
2026-10-05,2024-07-15,0
2026-10-05,2024-07-16,0
2026-10-05,2024-07-17,0
2026-10-05,2024-07-18,0
2026-10-05,2024-07-19,0
2026-10-05,2024-07-22,-10852365.41
2026-10-05,2024-07-23,-590285.9987
2026-10-05,2024-07-24,-325050.6713
2026-10-05,2024-07-25,-115533.5546
2026-10-05,2024-07-26,947741.0931
2026-10-05,2024-07-29,347545.0695
2026-10-05,2024-07-30,298756.4636
2026-10-05,2024-07-31,793909.5443
2026-10-05,2024-08-01,1013851.486
2026-10-05,2024-08-02,425219.1703
2026-10-05,2024-08-05,505448.0049
2026-10-05,2024-08-06,-478662.5009
2026-10-05,2024-08-07,-144011.7417
2026-10-05,2024-08-08,78494.0442
2026-10-05,2024-08-09,-676626.3163
2026-10-05,2024-08-12,83260.0743
2026-10-05,2024-08-13,521976.4821
2026-10-05,2024-08-14,-242963.5786
2026-10-05,2024-08-15,-665273.6682
2026-10-05,2024-08-16,458764.1352
2026-10-05,2024-08-19,-265683.3797
2026-10-05,2024-08-20,-443077.3991
2026-10-05,2024-08-21,196569.6174
2026-10-05,2024-08-22,-141919.0767
2026-10-05,2024-08-23,1347.5005
2026-10-05,2024-08-26,64653.9792
2026-10-05,2024-08-27,178698.543
2026-10-05,2024-08-28,-840657.2579
2026-10-05,2024-08-29,558810.2844
2026-10-05,2024-08-30,884042.4398
2026-10-05,2024-09-02,1394264.673
2026-10-05,2024-09-03,306094.546
2026-10-05,2024-09-04,342148.1484
2026-10-05,2024-09-05,-302267.7497
2026-10-05,2024-09-06,190494.4777
2026-10-05,2024-09-09,-291608.3036
2026-10-05,2024-09-10,-261718.794
2026-10-05,2024-09-11,310069.4313
2026-10-05,2024-09-12,10708.4188
2026-10-05,2024-09-13,-138234.5627
2026-10-05,2024-09-16,-277252.705
2026-10-05,2024-09-17,196047.3317
2026-10-05,2024-09-18,58929.6867
2026-10-05,2024-09-19,-755751.3217
2026-10-05,2024-09-20,239953.6679
2026-10-05,2024-09-23,-322345.9151
2026-10-05,2024-09-24,-634087.4825
2026-10-05,2024-09-25,617.2802
2026-10-05,2024-09-26,-246412.2364
2026-10-05,2024-09-27,78894.4875
2026-10-05,2024-09-30,-1945232.078
2026-10-05,2024-10-01,1338930.978
2026-10-05,2024-10-02,254175.9535
2026-10-05,2024-10-03,-21962.9288
2026-10-05,2024-10-04,-132275.2995
2026-10-05,2024-10-07,-190502.3371
2026-10-05,2024-10-08,-51229.6506
2026-10-05,2024-10-09,-119313.8109
2026-10-05,2024-10-10,601793.45
2026-10-05,2024-10-14,-777475.8229
2026-10-05,2024-10-15,-545260.8383
2026-10-05,2024-10-16,-252810.8688
2026-10-05,2024-10-17,328406.0205
2026-10-05,2024-10-18,-283834.2057
2026-10-05,2024-10-21,95751.4551
2026-10-05,2024-10-22,146479.0199
2026-10-05,2024-10-23,-414287.5309
2026-10-05,2024-10-24,-192149.4833
2026-10-05,2024-10-25,256216.1946
2026-10-05,2024-10-28,-512282.4779
2026-10-05,2024-10-29,-260006.7691
2026-10-05,2024-10-30,153011.6652
2026-10-05,2024-10-31,-593053.4212
2026-10-05,2024-11-01,2543457.782
2026-10-05,2024-11-04,689372.7135
2026-10-05,2024-11-05,59719.764
2026-10-05,2024-11-07,-292738.0698
2026-10-05,2024-11-08,-559867.0649
2026-10-05,2024-11-11,-1284211.297
2026-10-05,2024-11-12,-630352.2624
2026-10-05,2024-11-13,-197980.0828
2026-10-05,2024-11-14,-325273.5193
2026-10-05,2024-11-15,-409305.7629
2026-10-05,2024-11-19,-1982908.539
2026-10-05,2024-11-20,-62745.5458
2026-10-05,2024-11-21,-266953.137
2026-10-05,2024-11-22,158508.4332
2026-10-05,2024-11-25,-972776.1113
2026-10-05,2024-11-26,-23016.1952
2026-10-05,2024-11-27,-21151.6278
2026-10-05,2024-11-28,9745.5714
2026-10-05,2024-11-29,1691008.177
2026-10-05,2024-12-02,1485077.63
2026-10-05,2024-12-03,1551408.923
2026-10-05,2024-12-04,-69417.5617
2026-10-05,2024-12-05,-70533.5411
2026-10-05,2024-12-06,433864.4088
2026-10-05,2024-12-09,-158167.6128
2026-10-05,2024-12-10,-500821.2111
2026-10-05,2024-12-11,88884.4998
2026-10-05,2024-12-12,-325250.9378
2026-10-05,2024-12-13,117633.8346
2026-10-05,2024-12-16,76114.5621
2026-10-05,2024-12-17,-312993.3732
2026-10-05,2024-12-18,-91581.5302
2026-10-05,2024-12-19,62989.1934
2026-10-05,2024-12-20,518148.6435
2026-10-05,2024-12-23,-142593.0107
2026-10-05,2024-12-26,-354085.7998
2026-10-05,2024-12-27,873634.2365
2026-10-05,2024-12-30,1341294.063
2026-10-05,2025-01-02,1332974.242
2026-10-05,2025-01-03,454493.3047
2026-10-05,2025-01-06,-402631.3047
2026-10-05,2025-01-07,-356223.6406
2026-10-05,2025-01-08,108412.5723
2026-10-05,2025-01-09,-582436.2062
2026-10-05,2025-01-10,-684675.5739
2026-10-05,2025-01-13,-683353.6707
2026-10-05,2025-01-14,-782632.7282
2026-10-05,2025-01-15,934571.1423
2026-10-05,2025-01-16,16945.3978
2026-10-05,2025-01-17,681430.6825
2026-10-05,2025-01-20,185253.1424
2026-10-05,2025-01-21,-3740.539
2026-10-05,2025-01-22,17610.2662
2026-10-05,2025-01-23,-141857.2436
2026-10-05,2025-01-24,98171.8067
2026-10-05,2025-01-27,86086.6556
2026-10-05,2025-01-28,-243877.988
2026-10-05,2025-01-29,-281343.0109
2026-10-05,2025-01-30,-101874.8119
2026-10-05,2025-01-31,-831477.3425
2026-10-05,2025-02-03,1074656.96
2026-10-05,2025-02-04,612277.1528
2026-10-05,2025-02-05,-918658.6654
2026-10-05,2025-02-06,65705.0378
2026-10-05,2025-02-07,-69615.7901
2026-10-05,2025-02-10,-459237.1708
2026-10-05,2025-02-11,-429499.8786
2026-10-05,2025-02-12,-518298.3472
2026-10-05,2025-02-13,2310340.199
2026-10-05,2025-02-14,-1422005.273
2026-10-05,2025-02-17,-1151968.686
2026-10-05,2025-02-18,-4502.3451
2026-10-05,2025-02-19,-460865.753
2026-10-05,2025-02-20,-4651.9983
2026-10-05,2025-02-21,359215.6202
2026-10-05,2025-02-24,-1187006.208
2026-10-05,2025-02-25,-108626.9674
2026-10-05,2025-02-26,-255916.9484
2026-10-05,2025-02-27,994607.2887
2026-10-05,2025-02-28,2656400.169
2026-10-05,2025-03-05,356108.1223
2026-10-05,2025-03-06,643924.9367
2026-10-05,2025-03-07,-273618.9219
2026-10-05,2025-03-10,-652601.4365
2026-10-05,2025-03-11,288466.7045
2026-10-05,2025-03-12,-364465.4738
2026-10-05,2025-03-13,-686859.3922
2026-10-05,2025-03-14,532051.9267
2026-10-05,2025-03-17,442704.8142
2026-10-05,2025-03-18,-138488.1653
2026-10-05,2025-03-19,334438.8153
2026-10-05,2025-03-20,-146013.9484
2026-10-05,2025-03-21,559683.0652
2026-10-05,2025-03-25,-4663.5038
2026-10-05,2025-03-26,-159937.0744
2026-10-05,2025-03-27,457430.6065
2026-10-05,2025-03-28,-89722.6238
2026-10-05,2025-03-31,339115.3884
2026-10-05,2025-04-01,3718473.544
2026-10-05,2025-04-03,684852.0326
2026-10-05,2025-04-04,-681640.2023
2026-10-05,2025-04-07,574312.2595
2026-10-05,2025-04-08,232234.009
2026-10-05,2025-04-09,-261590.3182
2026-10-05,2025-04-10,-529560.068
2026-10-05,2025-04-11,2907679.118
2026-10-05,2025-04-14,-2987238.794
2026-10-05,2025-04-15,-138974.1584
2026-10-05,2025-04-16,-2074389.395
2026-10-05,2025-04-21,-1502757.466
2026-10-05,2025-04-22,-962002.2979
2026-10-05,2025-04-23,260606.8009
2026-10-05,2025-04-24,75759.2894
2026-10-05,2025-04-25,606008.6624
2026-10-05,2025-04-28,-2601330.082
2026-10-05,2025-04-29,471541.8204
2026-10-05,2025-04-30,1121492.154
2026-10-05,2025-05-05,4133352.127
2026-10-05,2025-05-06,-210552.8283
2026-10-05,2025-05-07,144059.1379
2026-10-05,2025-05-08,-308628.8676
2026-10-05,2025-05-09,-445261.5554
2026-10-05,2025-05-12,-2969391.131
2026-10-05,2025-05-13,-155258.1711
2026-10-05,2025-05-14,-61440.2436
2026-10-05,2025-05-15,-237428.905
2026-10-05,2025-05-16,1205293.734
2026-10-05,2025-05-19,-656737.3485
2026-10-05,2025-05-20,-778221.3786
2026-10-05,2025-05-21,-334881.9223
2026-10-05,2025-05-22,384386.0418
2026-10-05,2025-05-23,-1428584.037
2026-10-05,2025-05-26,-267670.8998
2026-10-05,2025-05-27,197236.6523
2026-10-05,2025-05-28,151485.1546
2026-10-05,2025-05-29,-133121.679
2026-10-05,2025-05-30,2235177.451
2026-10-05,2025-06-02,1977485.068
2026-10-05,2025-06-03,-490724.5981
2026-10-05,2025-06-04,206381.3302
2026-10-05,2025-06-05,-110001.8025
2026-10-05,2025-06-06,76454.1035
2026-10-05,2025-06-09,-58829.1186
2026-10-05,2025-06-10,-333410.8077
2026-10-05,2025-06-11,2082.2568
2026-10-05,2025-06-12,-847459.8379
2026-10-05,2025-06-13,264991.9256
2026-10-05,2025-06-17,409672.3074
2026-10-05,2025-06-18,1856870.472
2026-10-05,2025-06-19,-524394.5259
2026-10-05,2025-06-23,144381.1433
2026-10-05,2025-06-24,60846.333
2026-10-05,2025-06-25,-47444.2234
2026-10-05,2025-06-26,40218.617
2026-10-05,2025-06-27,580487.8983
2026-10-05,2025-06-30,-2649109.191
2026-10-05,2025-07-01,-1629940.48
2026-10-05,2025-07-02,-1181325.62
2026-10-05,2025-07-03,-1252080.085
2026-10-05,2025-07-04,-688932.5729
2026-10-05,2025-07-07,1663512.173
2026-10-05,2025-07-08,-1297880.058
2026-10-05,2025-07-10,15519411.61
2026-10-05,2025-07-11,0
2026-10-05,2025-07-14,0
2026-10-05,2025-07-15,0
2026-10-05,2025-07-16,0
2026-10-05,2025-07-17,0
2026-10-05,2025-07-18,0
2026-10-05,2025-07-21,0
2026-10-05,2025-07-22,0
2026-10-05,2025-07-23,0
2026-10-05,2025-07-24,0
2026-10-05,2025-07-25,0
2026-10-05,2025-07-28,0
2026-10-05,2025-07-29,0
2026-10-05,2025-07-30,0
2026-10-05,2025-07-31,0
2026-10-05,2025-08-01,0
2026-10-05,2025-08-04,0
2026-10-05,2025-08-05,0
2026-10-05,2025-08-06,0
2026-10-05,2025-08-07,0
2026-10-05,2025-08-08,0
2026-10-05,2025-08-11,0
2026-10-05,2025-08-12,0
2026-10-05,2025-08-13,0
2026-10-05,2025-08-14,0
2026-10-05,2025-08-18,0
2026-10-05,2025-08-19,0
2026-10-05,2025-08-20,0
2026-10-05,2025-08-21,0
2026-10-05,2025-08-22,0
2026-10-05,2025-08-25,0
2026-10-05,2025-08-26,0
2026-10-05,2025-08-27,0
2026-10-05,2025-08-28,0
2026-10-05,2025-08-29,0
2026-10-05,2025-09-01,0
2026-10-05,2025-09-02,0
2026-10-05,2025-09-03,0
2026-10-05,2025-09-04,0
2026-10-05,2025-09-05,0
2026-10-05,2025-09-08,0
2026-10-05,2025-09-09,0
2026-10-05,2025-09-10,0
2026-10-05,2025-09-11,0
2026-10-05,2025-09-12,0
2026-10-05,2025-09-15,0
2026-10-05,2025-09-16,0
2026-10-05,2025-09-17,0
2026-10-05,2025-09-18,0
2026-10-05,2025-09-19,0
2026-10-05,2025-09-22,0
2026-10-05,2025-09-23,0
2026-10-05,2025-09-24,0
2026-10-05,2025-09-25,0
2026-10-05,2025-09-26,0
2026-10-05,2025-09-29,0
2026-10-05,2025-09-30,0
2026-10-05,2025-10-01,0
2026-10-05,2025-10-02,0
2026-10-05,2025-10-03,0
2026-10-05,2025-10-06,0
2026-10-05,2025-10-07,0
2026-10-05,2025-10-08,0
2026-10-05,2025-10-09,0
2026-10-05,2025-10-13,0
2026-10-05,2025-10-14,0
2026-10-05,2025-10-15,0
2026-10-05,2025-10-16,0
2026-10-05,2025-10-17,0
2026-10-05,2025-10-20,0
2026-10-05,2025-10-21,0
2026-10-05,2025-10-22,0
2026-10-05,2025-10-23,0
2026-10-05,2025-10-24,0
2026-10-05,2025-10-27,0
2026-10-05,2025-10-28,0
2026-10-05,2025-10-29,0
2026-10-05,2025-10-30,0
2026-10-05,2025-10-31,0
2026-10-05,2025-11-03,0
2026-10-05,2025-11-04,0
2026-10-05,2025-11-05,0
2026-10-05,2025-11-07,0
2026-10-05,2025-11-10,0
2026-10-05,2025-11-11,0
2026-10-05,2025-11-12,0
2026-10-05,2025-11-13,0
2026-10-05,2025-11-14,0
2026-10-05,2025-11-17,0
2026-10-05,2025-11-18,0
2026-10-05,2025-11-19,0
2026-10-05,2025-11-20,0
2026-10-05,2025-11-25,0
2026-10-05,2025-11-26,0
2026-10-05,2025-11-27,0
2026-10-05,2025-11-28,0
2026-10-05,2025-12-01,0
2026-10-05,2025-12-02,0
2026-10-05,2025-12-03,0
2026-10-05,2025-12-04,0
2026-10-05,2025-12-05,0
2026-10-05,2025-12-09,0
2026-10-05,2025-12-10,0
2026-10-05,2025-12-11,0
2026-10-05,2025-12-12,0
2026-10-05,2025-12-15,0
2026-10-05,2025-12-16,0
2026-10-05,2025-12-17,0
2026-10-05,2025-12-18,0
2026-10-05,2025-12-19,0
2026-10-05,2025-12-22,0
2026-10-05,2025-12-23,0
2026-10-05,2025-12-26,0
2026-10-05,2025-12-29,0
2026-10-05,2025-12-30,0
2026-10-05,2026-01-02,0
2026-10-05,2026-01-05,0
2026-10-05,2026-01-06,0
2026-10-05,2026-01-07,0
2026-10-05,2026-01-08,0
2026-10-05,2026-01-09,0
2026-10-05,2026-01-12,0
2026-10-05,2026-01-13,0
2026-10-05,2026-01-14,0
2026-10-05,2026-01-15,0
2026-10-05,2026-01-16,0
2026-10-05,2026-01-19,0
2026-10-05,2026-01-20,0
2026-10-05,2026-01-21,0
2026-10-05,2026-01-22,0
2026-10-05,2026-01-23,0
2026-10-05,2026-01-26,0
2026-10-05,2026-01-27,0
2026-10-05,2026-01-28,0
2026-10-05,2026-01-29,0
2026-10-05,2026-01-30,0
2026-10-05,2026-02-02,0
2026-10-05,2026-02-03,0
2026-10-05,2026-02-04,0
2026-10-05,2026-02-05,0
2026-10-05,2026-02-06,0
2026-10-05,2026-02-09,0
2026-10-05,2026-02-10,0
2026-10-05,2026-02-11,0
2026-10-05,2026-02-12,0
2026-10-05,2026-02-13,0
2026-10-05,2026-02-18,0
2026-10-05,2026-02-19,0
2026-10-05,2026-02-20,0
2026-10-05,2026-02-23,0
2026-10-05,2026-02-24,0
2026-10-05,2026-02-25,0
2026-10-05,2026-02-26,0
2026-10-05,2026-02-27,0
2026-10-05,2026-03-02,0
2026-10-05,2026-03-03,0
2026-10-05,2026-03-04,0
2026-10-05,2026-03-05,0
2026-10-05,2026-03-06,0
2026-10-05,2026-03-09,0
2026-10-05,2026-03-10,0
2026-10-05,2026-03-11,0
2026-10-05,2026-03-12,0
2026-10-05,2026-03-13,0
2026-10-05,2026-03-16,0
2026-10-05,2026-03-17,0
2026-10-05,2026-03-18,0
2026-10-05,2026-03-19,0
2026-10-05,2026-03-20,0
2026-10-05,2026-03-25,0
2026-10-05,2026-03-26,0
2026-10-05,2026-03-27,0
2026-10-05,2026-03-30,0
2026-10-05,2026-03-31,0
2026-10-05,2026-04-01,0
2026-10-05,2026-04-06,0
2026-10-05,2026-04-07,0
2026-10-05,2026-04-08,0
2026-10-05,2026-04-09,0
2026-10-05,2026-04-10,0
2026-10-05,2026-04-13,0
2026-10-05,2026-04-14,0
2026-10-05,2026-04-15,0
2026-10-05,2026-04-16,0
2026-10-05,2026-04-17,0
2026-10-05,2026-04-20,0
2026-10-05,2026-04-21,0
2026-10-05,2026-04-22,0
2026-10-05,2026-04-23,0
2026-10-05,2026-04-24,0
2026-10-05,2026-04-27,0
2026-10-05,2026-04-28,0
2026-10-05,2026-04-29,0
2026-10-05,2026-04-30,0
2026-10-05,2026-05-04,0
2026-10-05,2026-05-05,0
2026-10-05,2026-05-06,0
2026-10-05,2026-05-07,0
2026-10-05,2026-05-08,0
2026-10-05,2026-05-11,0
2026-10-05,2026-05-12,0
2026-10-05,2026-05-13,0
2026-10-05,2026-05-14,0
2026-10-05,2026-05-15,0
2026-10-05,2026-05-18,0
2026-10-05,2026-05-19,0
2026-10-05,2026-05-20,0
2026-10-05,2026-05-21,0
2026-10-05,2026-05-22,0
2026-10-05,2026-05-26,0
2026-10-05,2026-05-27,0
2026-10-05,2026-05-28,0
2026-10-05,2026-05-29,0
2026-10-05,2026-06-01,0
2026-10-05,2026-06-02,0
2026-10-05,2026-06-03,0
2026-10-05,2026-06-04,0
2026-10-05,2026-06-05,0
2026-10-05,2026-06-08,0
2026-10-05,2026-06-09,0
2026-10-05,2026-06-10,0
2026-10-05,2026-06-11,0
2026-10-05,2026-06-12,0
2026-10-05,2026-06-16,0
2026-10-05,2026-06-17,0
2026-10-05,2026-06-18,0
2026-10-05,2026-06-19,0
2026-10-05,2026-06-22,0
2026-10-05,2026-06-23,0
2026-10-05,2026-06-24,0
2026-10-05,2026-06-25,0
2026-10-05,2026-06-26,0
2026-10-05,2026-06-29,0
2026-10-05,2026-06-30,0
2026-10-05,2026-07-01,0
2026-10-05,2026-07-02,0
2026-10-05,2026-07-03,0
2026-10-05,2026-07-06,0
2026-10-05,2026-07-07,0
2026-10-05,2026-07-08,0
2026-10-05,2026-07-13,0
2026-10-05,2026-07-14,0
2026-10-05,2026-07-15,0
2026-10-05,2026-07-16,0
2026-10-05,2026-07-17,0
2026-10-05,2026-07-20,0
2026-10-05,2026-07-21,0
2026-10-05,2026-07-22,0
2026-10-05,2026-07-23,0
2026-10-05,2026-07-24,0
2026-10-05,2026-07-27,0
2026-10-05,2026-07-28,0
2026-10-05,2026-07-29,0
2026-10-05,2026-07-30,0
2026-10-05,2026-07-31,0
2026-10-05,2026-08-03,0
2026-10-05,2026-08-04,0
2026-10-05,2026-08-05,0
2026-10-05,2026-08-06,0
2026-10-05,2026-08-07,0
2026-10-05,2026-08-10,0
2026-10-05,2026-08-11,0
2026-10-05,2026-08-12,0
2026-10-05,2026-08-13,0
2026-10-05,2026-08-14,0
2026-10-05,2026-08-18,0
2026-10-05,2026-08-19,0
2026-10-05,2026-08-20,0
2026-10-05,2026-08-21,0
2026-10-05,2026-08-24,0
2026-10-05,2026-08-25,0
2026-10-05,2026-08-26,0
2026-10-05,2026-08-27,0
2026-10-05,2026-08-28,0
2026-10-05,2026-08-31,0
2026-10-05,2026-09-01,0
2026-10-05,2026-09-02,0
2026-10-05,2026-09-03,0
2026-10-05,2026-09-04,0
2026-10-05,2026-09-07,0
2026-10-05,2026-09-08,0
2026-10-05,2026-09-09,0
2026-10-05,2026-09-10,0
2026-10-05,2026-09-11,0
2026-10-05,2026-09-14,0
2026-10-05,2026-09-15,0
2026-10-05,2026-09-16,0
2026-10-05,2026-09-17,0
2026-10-05,2026-09-18,0
2026-10-05,2026-09-21,0
2026-10-05,2026-09-22,0
2026-10-05,2026-09-23,0
2026-10-05,2026-09-24,0
2026-10-05,2026-09-25,0
2026-10-05,2026-09-28,0
2026-10-05,2026-09-29,0
2026-10-05,2026-09-30,0
2026-10-06,2026-10-01,0
2026-10-07,2026-10-02,0
2026-10-08,2026-10-05,0
