vintage,date,value
2026-10-05,2003-01-02,-49.6817
2026-10-05,2003-01-03,-0.0677
2026-10-05,2003-01-06,0.7986
2026-10-05,2003-01-07,11.132
2026-10-05,2003-01-08,0.2361
2026-10-05,2003-01-09,0.2312
2026-10-05,2003-01-10,-0.0689
2026-10-05,2003-01-13,0.7938
2026-10-05,2003-01-14,0.232
2026-10-05,2003-01-15,4.1
2026-10-05,2003-01-16,0.333
2026-10-05,2003-01-17,0.8
2026-10-05,2003-01-20,0.71
2026-10-05,2003-01-21,0.2
2026-10-05,2003-01-22,0.3
2026-10-05,2003-01-23,6.3
2026-10-05,2003-01-24,2.79
2026-10-05,2003-01-27,0.7
2026-10-05,2003-01-28,0.3
2026-10-05,2003-01-29,0.2
2026-10-05,2003-01-30,0.3
2026-10-05,2003-01-31,-103.93
2026-10-05,2003-02-03,0.8
2026-10-05,2003-02-04,0.2
2026-10-05,2003-02-05,0.1955
2026-10-05,2003-02-06,0.2
2026-10-05,2003-02-07,-8.59
2026-10-05,2003-02-10,0.6
2026-10-05,2003-02-11,0.2
2026-10-05,2003-02-12,0.2
2026-10-05,2003-02-13,0.1
2026-10-05,2003-02-14,0.2
2026-10-05,2003-02-17,0.7
2026-10-05,2003-02-18,0.2
2026-10-05,2003-02-19,-19.1731
2026-10-05,2003-02-20,0.2
2026-10-05,2003-02-21,0.1022
2026-10-05,2003-02-24,9.97
2026-10-05,2003-02-25,0.263
2026-10-05,2003-02-26,1.899
2026-10-05,2003-02-27,1.6002
2026-10-05,2003-02-28,-110.8798
2026-10-05,2003-03-03,0.8664
2026-10-05,2003-03-04,16.6908
2026-10-05,2003-03-05,0.2
2026-10-05,2003-03-06,0.2
2026-10-05,2003-03-07,4.2
2026-10-05,2003-03-10,1.2232
2026-10-05,2003-03-11,0.2
2026-10-05,2003-03-12,-0.1
2026-10-05,2003-03-13,-0.1
2026-10-05,2003-03-14,0.3
2026-10-05,2003-03-17,0.8197
2026-10-05,2003-03-18,0.307
2026-10-05,2003-03-19,0.31
2026-10-05,2003-03-20,0.3
2026-10-05,2003-03-21,0.2149
2026-10-05,2003-03-24,0.6284
2026-10-05,2003-03-25,-8.5506
2026-10-05,2003-03-26,0.24
2026-10-05,2003-03-27,0.3229
2026-10-05,2003-03-28,-94.75
2026-10-05,2003-04-01,1.392
2026-10-05,2003-04-02,0.3129
2026-10-05,2003-04-03,0.9363
2026-10-05,2003-04-04,0.3663
2026-10-05,2003-04-07,0.4361
2026-10-05,2003-04-08,0.179
2026-10-05,2003-04-09,0.1795
2026-10-05,2003-04-10,0.2734
2026-10-05,2003-04-11,0.3232
2026-10-05,2003-04-14,0.8
2026-10-05,2003-04-15,0.27
2026-10-05,2003-04-16,0.3
2026-10-05,2003-04-21,1.325
2026-10-05,2003-04-22,0.3144
2026-10-05,2003-04-23,0.3144
2026-10-05,2003-04-24,0.4197
2026-10-05,2003-04-25,-107.4604
2026-10-05,2003-04-28,0.9
2026-10-05,2003-04-29,0.32
2026-10-05,2003-04-30,0.32
2026-10-05,2003-05-02,0.8511
2026-10-05,2003-05-05,-1.619
2026-10-05,2003-05-06,0.3
2026-10-05,2003-05-07,0.3
2026-10-05,2003-05-08,0.3203
2026-10-05,2003-05-09,0.52
2026-10-05,2003-05-12,0.799
2026-10-05,2003-05-13,0.2698
2026-10-05,2003-05-14,-0.1398
2026-10-05,2003-05-15,0.0789
2026-10-05,2003-05-16,0.4211
2026-10-05,2003-05-19,1.0687
2026-10-05,2003-05-20,2.6
2026-10-05,2003-05-21,0.3536
2026-10-05,2003-05-22,0.4039
2026-10-05,2003-05-23,-16.01
2026-10-05,2003-05-26,1.4
2026-10-05,2003-05-27,-0.82
2026-10-05,2003-05-28,0
2026-10-05,2003-05-29,0.5
2026-10-05,2003-05-30,0.5
2026-10-05,2003-06-02,-0.1
2026-10-05,2003-06-03,-67.24
2026-10-05,2003-06-04,0.5
2026-10-05,2003-06-05,0.4
2026-10-05,2003-06-06,0.4
2026-10-05,2003-06-09,1.1
2026-10-05,2003-06-10,0.4
2026-10-05,2003-06-11,0.7
2026-10-05,2003-06-12,0.5
2026-10-05,2003-06-13,-0.5
2026-10-05,2003-06-17,1.7
2026-10-05,2003-06-18,0.5
2026-10-05,2003-06-19,0.5
2026-10-05,2003-06-20,-0.04
2026-10-05,2003-06-23,0.86
2026-10-05,2003-06-24,0.5
2026-10-05,2003-06-25,0.5
2026-10-05,2003-06-26,0.4
2026-10-05,2003-06-27,0.5
2026-10-05,2003-06-30,1.3
2026-10-05,2003-07-01,0.7
2026-10-05,2003-07-02,-54.91
2026-10-05,2003-07-03,0.4
2026-10-05,2003-07-04,0.4
2026-10-05,2003-07-07,1
2026-10-05,2003-07-08,0.4
2026-10-05,2003-07-10,0.6
2026-10-05,2003-07-11,0.4
2026-10-05,2003-07-14,0.9
2026-10-05,2003-07-15,0.4
2026-10-05,2003-07-16,0.4
2026-10-05,2003-07-17,0.4
2026-10-05,2003-07-18,0.4
2026-10-05,2003-07-21,0.95
2026-10-05,2003-07-22,0.35
2026-10-05,2003-07-23,-0.31
2026-10-05,2003-07-24,0.4
2026-10-05,2003-07-25,0.4
2026-10-05,2003-07-28,1.1
2026-10-05,2003-07-29,0.4
2026-10-05,2003-07-30,-0.82
2026-10-05,2003-07-31,0.3
2026-10-05,2003-08-01,0.43
2026-10-05,2003-08-04,-68.39
2026-10-05,2003-08-05,0.387
2026-10-05,2003-08-06,0.3871
2026-10-05,2003-08-07,0.2892
2026-10-05,2003-08-08,0.3491
2026-10-05,2003-08-11,0.8686
2026-10-05,2003-08-12,-2.7705
2026-10-05,2003-08-13,0.39
2026-10-05,2003-08-14,-0.009
2026-10-05,2003-08-15,0.2801
2026-10-05,2003-08-19,1.4604
2026-10-05,2003-08-20,0.391
2026-10-05,2003-08-21,0.4
2026-10-05,2003-08-22,0.3803
2026-10-05,2003-08-25,1.1701
2026-10-05,2003-08-26,0.3901
2026-10-05,2003-08-27,1.6501
2026-10-05,2003-08-28,-4.04
2026-10-05,2003-08-29,0.3915
2026-10-05,2003-09-01,1.241
2026-10-05,2003-09-02,-52.7496
2026-10-05,2003-09-03,0.3803
2026-10-05,2003-09-04,0.3798
2026-10-05,2003-09-05,0.38
2026-10-05,2003-09-08,0.98
2026-10-05,2003-09-09,0.3631
2026-10-05,2003-09-10,0.3931
2026-10-05,2003-09-11,0.393
2026-10-05,2003-09-12,0.274
2026-10-05,2003-09-15,1.0769
2026-10-05,2003-09-16,0.4134
2026-10-05,2003-09-17,0.3933
2026-10-05,2003-09-18,0.3833
2026-10-05,2003-09-19,0.3833
2026-10-05,2003-09-22,1.0503
2026-10-05,2003-09-23,0.3634
2026-10-05,2003-09-24,0.3834
2026-10-05,2003-09-25,0.4
2026-10-05,2003-09-26,0.394
2026-10-05,2003-09-29,1.282
2026-10-05,2003-09-30,0.4
2026-10-05,2003-10-01,0.4953
2026-10-05,2003-10-02,-56.576
2026-10-05,2003-10-03,0.394
2026-10-05,2003-10-06,1.2551
2026-10-05,2003-10-07,0.4
2026-10-05,2003-10-08,0.387
2026-10-05,2003-10-09,0.4
2026-10-05,2003-10-10,0.234
2026-10-05,2003-10-14,1.5018
2026-10-05,2003-10-15,0.3753
2026-10-05,2003-10-16,0.4688
2026-10-05,2003-10-17,0.3784
2026-10-05,2003-10-20,1.1351
2026-10-05,2003-10-21,0.359
2026-10-05,2003-10-22,0.379
2026-10-05,2003-10-23,0.419
2026-10-05,2003-10-24,0.379
2026-10-05,2003-10-27,1.2819
2026-10-05,2003-10-28,0.4306
2026-10-05,2003-10-29,0.4803
2026-10-05,2003-10-30,0.4806
2026-10-05,2003-10-31,-0.019
2026-10-05,2003-11-03,-0.3971
2026-10-05,2003-11-04,-60.379
2026-10-05,2003-11-05,0.381
2026-10-05,2003-11-07,0.5421
2026-10-05,2003-11-10,1.2332
2026-10-05,2003-11-11,0.3811
2026-10-05,2003-11-12,0.3811
2026-10-05,2003-11-13,0.4211
2026-10-05,2003-11-14,0.3811
2026-10-05,2003-11-17,1.1916
2026-10-05,2003-11-18,0.4639
2026-10-05,2003-11-19,0.4639
2026-10-05,2003-11-20,0.4412
2026-10-05,2003-11-21,0.4812
2026-10-05,2003-11-24,1.324
2026-10-05,2003-11-25,0.4813
2026-10-05,2003-11-26,0.4812
2026-10-05,2003-11-27,0.4915
2026-10-05,2003-11-28,0.4814
2026-10-05,2003-12-01,1.4444
2026-10-05,2003-12-02,-53.0685
2026-10-05,2003-12-03,0.4815
2026-10-05,2003-12-04,0.4321
2026-10-05,2003-12-05,0.4221
2026-10-05,2003-12-09,1.7284
2026-10-05,2003-12-10,0.3821
2026-10-05,2003-12-11,0.4824
2026-10-05,2003-12-12,0.3824
2026-10-05,2003-12-15,1.2872
2026-10-05,2003-12-16,0.4624
2026-10-05,2003-12-17,0.4824
2026-10-05,2003-12-18,0.4434
2026-10-05,2003-12-19,0.4334
2026-10-05,2003-12-22,1.3101
2026-10-05,2003-12-23,0.45
2026-10-05,2003-12-24,0.46
2026-10-05,2003-12-26,0.9
2026-10-05,2003-12-29,1.34
2026-10-05,2003-12-30,0.45
2026-10-05,2003-12-31,0.4
2026-10-05,2004-01-02,0.8512
2026-10-05,2004-01-05,-62.0532
2026-10-05,2004-01-06,0.4354
2026-10-05,2004-01-07,0.4354
2026-10-05,2004-01-08,0.45
2026-10-05,2004-01-09,0.4461
2026-10-05,2004-01-12,1.3583
2026-10-05,2004-01-13,0.4561
2026-10-05,2004-01-14,0.4541
2026-10-05,2004-01-15,0.4561
2026-10-05,2004-01-16,0.4862
2026-10-05,2004-01-19,1.4286
2026-10-05,2004-01-20,0.4762
2026-10-05,2004-01-21,0.5762
2026-10-05,2004-01-22,0.4869
2026-10-05,2004-01-23,0.4584
2026-10-05,2004-01-26,1.4875
2026-10-05,2004-01-27,0.4958
2026-10-05,2004-01-28,0.4686
2026-10-05,2004-01-29,0.4592
2026-10-05,2004-01-30,0.4959
2026-10-05,2004-02-02,1.5878
2026-10-05,2004-02-03,-63.9807
2026-10-05,2004-02-04,0.4959
2026-10-05,2004-02-05,0.4959
2026-10-05,2004-02-06,0.486
2026-10-05,2004-02-09,1.388
2026-10-05,2004-02-10,0.4299
2026-10-05,2004-02-11,0.4596
2026-10-05,2004-02-12,0.4599
2026-10-05,2004-02-13,0.4595
2026-10-05,2004-02-16,1.4378
2026-10-05,2004-02-17,0.496
2026-10-05,2004-02-18,0.459
2026-10-05,2004-02-19,0.4593
2026-10-05,2004-02-20,0.4592
2026-10-05,2004-02-23,1.4878
2026-10-05,2004-02-24,0.3292
2026-10-05,2004-02-25,0.4593
2026-10-05,2004-02-26,0.4595
2026-10-05,2004-02-27,0.4595
2026-10-05,2004-03-01,107.2578
2026-10-05,2004-03-02,-55.9604
2026-10-05,2004-03-03,-0.0403
2026-10-05,2004-03-04,0.4403
2026-10-05,2004-03-05,0.43
2026-10-05,2004-03-08,1.398
2026-10-05,2004-03-09,0.496
2026-10-05,2004-03-10,3.496
2026-10-05,2004-03-11,-4.4362
2026-10-05,2004-03-12,1.8435
2026-10-05,2004-03-15,1.193
2026-10-05,2004-03-16,2.1935
2026-10-05,2004-03-17,32.8735
2026-10-05,2004-03-18,0.3701
2026-10-05,2004-03-19,0.3601
2026-10-05,2004-03-22,1.188
2026-10-05,2004-03-23,0.3601
2026-10-05,2004-03-24,10.4501
2026-10-05,2004-03-25,0.3605
2026-10-05,2004-03-26,0.3805
2026-10-05,2004-03-29,1.3776
2026-10-05,2004-03-30,0.4593
2026-10-05,2004-03-31,0.4585
2026-10-05,2004-04-01,0.4512
2026-10-05,2004-04-02,-57.0103
2026-10-05,2004-04-06,1.7539
2026-10-05,2004-04-07,0.3591
2026-10-05,2004-04-12,2.1398
2026-10-05,2004-04-13,0.399
2026-10-05,2004-04-14,7.459
2026-10-05,2004-04-15,0.4192
2026-10-05,2004-04-16,0.4198
2026-10-05,2004-04-19,10.4181
2026-10-05,2004-04-20,-2.5239
2026-10-05,2004-04-21,0.49
2026-10-05,2004-04-22,0.49
2026-10-05,2004-04-23,76.0592
2026-10-05,2004-04-26,7.2092
2026-10-05,2004-04-27,0.5092
2026-10-05,2004-04-28,0.4692
2026-10-05,2004-04-29,0.5092
2026-10-05,2004-04-30,0.4992
2026-10-05,2004-05-03,-25.3224
2026-10-05,2004-05-04,-62.1108
2026-10-05,2004-05-05,0.4992
2026-10-05,2004-05-06,0.4892
2026-10-05,2004-05-07,0.4892
2026-10-05,2004-05-10,1.4877
2026-10-05,2004-05-11,0.5
2026-10-05,2004-05-12,0.5
2026-10-05,2004-05-13,0.2993
2026-10-05,2004-05-14,0.4993
2026-10-05,2004-05-17,44.6978
2026-10-05,2004-05-18,-0.0007
2026-10-05,2004-05-19,0.5193
2026-10-05,2004-05-20,0.5293
2026-10-05,2004-05-21,0.5393
2026-10-05,2004-05-24,1.6393
2026-10-05,2004-05-26,1.09
2026-10-05,2004-05-27,0.4979
2026-10-05,2004-05-28,0.51
2026-10-05,2004-05-31,1.76
2026-10-05,2004-06-01,0.6
2026-10-05,2004-06-02,-55.418
2026-10-05,2004-06-03,0
2026-10-05,2004-06-04,0
2026-10-05,2004-06-07,0
2026-10-05,2004-06-08,0
2026-10-05,2004-06-09,0
2026-10-05,2004-06-10,0.0127
2026-10-05,2004-06-11,0.0108
2026-10-05,2004-06-14,0
2026-10-05,2004-06-15,12.69
2026-10-05,2004-06-16,0
2026-10-05,2004-06-17,0
2026-10-05,2004-06-18,0.0506
2026-10-05,2004-06-22,0.1135
2026-10-05,2004-06-23,0.0654
2026-10-05,2004-06-24,0.0678
2026-10-05,2004-06-25,0.101
2026-10-05,2004-06-28,0
2026-10-05,2004-06-29,0.2552
2026-10-05,2004-06-30,0.1214
2026-10-05,2004-07-01,0.0597
2026-10-05,2004-07-02,-59.7531
2026-10-05,2004-07-05,0.0244
2026-10-05,2004-07-06,0.1127
2026-10-05,2004-07-07,7.8487
2026-10-05,2004-07-08,0.2635
2026-10-05,2004-07-12,0.5106
2026-10-05,2004-07-13,0.3349
2026-10-05,2004-07-14,0.4988
2026-10-05,2004-07-15,1.1817
2026-10-05,2004-07-16,0
2026-10-05,2004-07-19,0.4884
2026-10-05,2004-07-20,0.5005
2026-10-05,2004-07-21,0.6027
2026-10-05,2004-07-22,3.7294
2026-10-05,2004-07-23,0.0638
2026-10-05,2004-07-26,0.3831
2026-10-05,2004-07-27,33.599
2026-10-05,2004-07-28,0.3948
2026-10-05,2004-07-29,0.4897
2026-10-05,2004-07-30,0.1397
2026-10-05,2004-08-02,0.2963
2026-10-05,2004-08-03,-71.264
2026-10-05,2004-08-04,0.3772
2026-10-05,2004-08-05,0.557
2026-10-05,2004-08-06,0.151
2026-10-05,2004-08-09,0.2641
2026-10-05,2004-08-10,0.2639
2026-10-05,2004-08-11,0.3442
2026-10-05,2004-08-12,0.6949
2026-10-05,2004-08-13,0.1269
2026-10-05,2004-08-17,0.8314
2026-10-05,2004-08-18,0.5261
2026-10-05,2004-08-19,0.7821
2026-10-05,2004-08-20,0.2941
2026-10-05,2004-08-23,0.1941
2026-10-05,2004-08-24,0.3858
2026-10-05,2004-08-25,0.4002
2026-10-05,2004-08-26,0.6302
2026-10-05,2004-08-27,0.3021
2026-10-05,2004-08-30,0.1367
2026-10-05,2004-08-31,0.42
2026-10-05,2004-09-01,0.534
2026-10-05,2004-09-02,-61.3618
2026-10-05,2004-09-03,0.2681
2026-10-05,2004-09-06,0.2019
2026-10-05,2004-09-07,0.3883
2026-10-05,2004-09-08,0.6426
2026-10-05,2004-09-09,0.6932
2026-10-05,2004-09-10,0.1549
2026-10-05,2004-09-13,0.21
2026-10-05,2004-09-14,-0.01
2026-10-05,2004-09-15,0.6797
2026-10-05,2004-09-16,0.7111
2026-10-05,2004-09-17,0.2982
2026-10-05,2004-09-20,2.58
2026-10-05,2004-09-21,0.32
2026-10-05,2004-09-22,17.67
2026-10-05,2004-09-23,0.63
2026-10-05,2004-09-24,0.3
2026-10-05,2004-09-27,0.32
2026-10-05,2004-09-28,0.5275
2026-10-05,2004-09-29,1.3688
2026-10-05,2004-09-30,0.6386
2026-10-05,2004-10-01,0.3962
2026-10-05,2004-10-04,-64.69
2026-10-05,2004-10-05,0.4
2026-10-05,2004-10-06,0.51
2026-10-05,2004-10-07,0.34
2026-10-05,2004-10-08,0.4373
2026-10-05,2004-10-12,0.9825
2026-10-05,2004-10-13,12.2449
2026-10-05,2004-10-14,1.2989
2026-10-05,2004-10-15,0.5658
2026-10-05,2004-10-18,0.5658
2026-10-05,2004-10-19,1.0105
2026-10-05,2004-10-20,0.499
2026-10-05,2004-10-21,0.4839
2026-10-05,2004-10-22,0.5979
2026-10-05,2004-10-25,0.4413
2026-10-05,2004-10-26,0.6179
2026-10-05,2004-10-27,0.6788
2026-10-05,2004-10-28,1.0829
2026-10-05,2004-10-29,0.6707
2026-10-05,2004-11-01,1.9056
2026-10-05,2004-11-02,-57.0627
2026-10-05,2004-11-03,-0.0978
2026-10-05,2004-11-04,0.5301
2026-10-05,2004-11-05,0.4603
2026-10-05,2004-11-08,0.5155
2026-10-05,2004-11-09,0.6383
2026-10-05,2004-11-10,0.5705
2026-10-05,2004-11-11,0.5603
2026-10-05,2004-11-12,0.4076
2026-10-05,2004-11-15,13.8086
2026-10-05,2004-11-16,1.8808
2026-10-05,2004-11-17,1.1644
2026-10-05,2004-11-18,0.6204
2026-10-05,2004-11-19,0.5824
2026-10-05,2004-11-22,0.5176
2026-10-05,2004-11-23,0.708
2026-10-05,2004-11-24,0.5805
2026-10-05,2004-11-25,0.5213
2026-10-05,2004-11-26,-2.053
2026-10-05,2004-11-29,0.4804
2026-10-05,2004-11-30,0.6745
2026-10-05,2004-12-01,0.548
2026-10-05,2004-12-02,-61.2928
2026-10-05,2004-12-03,0.46
2026-10-05,2004-12-06,0.4936
2026-10-05,2004-12-07,16.1039
2026-10-05,2004-12-09,1.622
2026-10-05,2004-12-10,0.4909
2026-10-05,2004-12-13,0.559
2026-10-05,2004-12-14,0.5623
2026-10-05,2004-12-15,0
2026-10-05,2004-12-16,0.884
2026-10-05,2004-12-17,0.5796
2026-10-05,2004-12-20,0.5423
2026-10-05,2004-12-21,0.5438
2026-10-05,2004-12-22,0.2666
2026-10-05,2004-12-23,0.5974
2026-10-05,2004-12-24,0.6654
2026-10-05,2004-12-27,0.549
2026-10-05,2004-12-28,0.546
2026-10-05,2004-12-29,0.4899
2026-10-05,2004-12-30,0.6154
2026-10-05,2004-12-31,0.5882
2026-10-05,2005-01-03,0.5433
2026-10-05,2005-01-04,-59.4771
2026-10-05,2005-01-05,0.4415
2026-10-05,2005-01-06,0.6173
2026-10-05,2005-01-07,0.4063
2026-10-05,2005-01-10,0.5172
2026-10-05,2005-01-11,0.5525
2026-10-05,2005-01-12,0.5461
2026-10-05,2005-01-13,17.843
2026-10-05,2005-01-14,3.54
2026-10-05,2005-01-17,1.1386
2026-10-05,2005-01-18,0.7915
2026-10-05,2005-01-19,0.7918
2026-10-05,2005-01-20,0.7852
2026-10-05,2005-01-21,0.9332
2026-10-05,2005-01-24,0.8822
2026-10-05,2005-01-25,0.9108
2026-10-05,2005-01-26,0.9155
2026-10-05,2005-01-27,0.8576
2026-10-05,2005-01-28,1.0417
2026-10-05,2005-01-31,0.8923
2026-10-05,2005-02-01,1.04
2026-10-05,2005-02-02,-51.4554
2026-10-05,2005-02-03,-7.8023
2026-10-05,2005-02-04,20.1861
2026-10-05,2005-02-07,0.7506
2026-10-05,2005-02-08,0.6292
2026-10-05,2005-02-09,0.7923
2026-10-05,2005-02-10,0.9289
2026-10-05,2005-02-11,0.93
2026-10-05,2005-02-14,0.6803
2026-10-05,2005-02-15,0.4073
2026-10-05,2005-02-16,0.7688
2026-10-05,2005-02-17,0.9103
2026-10-05,2005-02-18,1.3056
2026-10-05,2005-02-21,0.854
2026-10-05,2005-02-22,0.4295
2026-10-05,2005-02-23,0.5904
2026-10-05,2005-02-24,0.5649
2026-10-05,2005-02-25,0.9768
2026-10-05,2005-02-28,0.76
2026-10-05,2005-03-01,1.9582
2026-10-05,2005-03-02,-52.4047
2026-10-05,2005-03-03,0.6217
2026-10-05,2005-03-04,0.8668
2026-10-05,2005-03-07,20.7331
2026-10-05,2005-03-08,0.4064
2026-10-05,2005-03-09,0.6332
2026-10-05,2005-03-10,0.4677
2026-10-05,2005-03-11,0.7296
2026-10-05,2005-03-14,0.6977
2026-10-05,2005-03-15,19.0231
2026-10-05,2005-03-16,2.4884
2026-10-05,2005-03-17,0.58
2026-10-05,2005-03-18,0.6
2026-10-05,2005-03-21,0.5506
2026-10-05,2005-03-22,0.3762
2026-10-05,2005-03-23,0.5175
2026-10-05,2005-03-28,1.827
2026-10-05,2005-03-29,0.9147
2026-10-05,2005-03-30,0.4188
2026-10-05,2005-03-31,0
2026-10-05,2005-04-01,0
2026-10-05,2005-04-04,-52.7279
2026-10-05,2005-04-05,0.5727
2026-10-05,2005-04-06,0.2132
2026-10-05,2005-04-07,0.3152
2026-10-05,2005-04-08,0.3478
2026-10-05,2005-04-11,0.9557
2026-10-05,2005-04-12,19.52
2026-10-05,2005-04-13,0.62
2026-10-05,2005-04-14,0.61
2026-10-05,2005-04-15,0.54
2026-10-05,2005-04-18,0.6118
2026-10-05,2005-04-19,0.5328
2026-10-05,2005-04-20,0.455
2026-10-05,2005-04-21,0.6097
2026-10-05,2005-04-22,0.621
2026-10-05,2005-04-25,0.7782
2026-10-05,2005-04-26,0.6277
2026-10-05,2005-04-27,0.7155
2026-10-05,2005-04-28,0.7968
2026-10-05,2005-04-29,0.9449
2026-10-05,2005-05-02,1.2197
2026-10-05,2005-05-03,-49.2554
2026-10-05,2005-05-04,0.4373
2026-10-05,2005-05-05,0.5126
2026-10-05,2005-05-06,0.702
2026-10-05,2005-05-09,0.6389
2026-10-05,2005-05-10,0.3359
2026-10-05,2005-05-11,0.3114
2026-10-05,2005-05-12,0.4347
2026-10-05,2005-05-13,0.5167
2026-10-05,2005-05-16,0.5798
2026-10-05,2005-05-17,23.2467
2026-10-05,2005-05-18,6.4764
2026-10-05,2005-05-19,0.8254
2026-10-05,2005-05-20,1.13
2026-10-05,2005-05-23,1.1601
2026-10-05,2005-05-24,0.8152
2026-10-05,2005-05-26,1.5467
2026-10-05,2005-05-27,1.2331
2026-10-05,2005-05-30,1.1117
2026-10-05,2005-05-31,0.8307
2026-10-05,2005-06-01,0
2026-10-05,2005-06-02,-47.1812
2026-10-05,2005-06-03,1.2004
2026-10-05,2005-06-06,1.0866
2026-10-05,2005-06-07,0.931
2026-10-05,2005-06-08,0.3772
2026-10-05,2005-06-09,0.678
2026-10-05,2005-06-10,0.9441
2026-10-05,2005-06-13,0.9582
2026-10-05,2005-06-14,0.7331
2026-10-05,2005-06-15,0.33
2026-10-05,2005-06-16,0.5995
2026-10-05,2005-06-17,0.967
2026-10-05,2005-06-21,1.824
2026-10-05,2005-06-22,1.824
2026-10-05,2005-06-23,0.803
2026-10-05,2005-06-24,2.0372
2026-10-05,2005-06-27,0.635
2026-10-05,2005-06-28,1.2514
2026-10-05,2005-06-29,1.4449
2026-10-05,2005-06-30,0.9624
2026-10-05,2005-07-01,1.0235
2026-10-05,2005-07-04,-51.6698
2026-10-05,2005-07-05,0.6377
2026-10-05,2005-07-06,0.4684
2026-10-05,2005-07-07,0.43
2026-10-05,2005-07-08,0.7464
2026-10-05,2005-07-11,0.6944
2026-10-05,2005-07-12,0.5644
2026-10-05,2005-07-13,0.587
2026-10-05,2005-07-14,0.65
2026-10-05,2005-07-15,0.587
2026-10-05,2005-07-18,0.6256
2026-10-05,2005-07-19,0.6544
2026-10-05,2005-07-20,0.7747
2026-10-05,2005-07-21,1.0638
2026-10-05,2005-07-22,0.9913
2026-10-05,2005-07-25,1.3373
2026-10-05,2005-07-26,0.473
2026-10-05,2005-07-27,25.3945
2026-10-05,2005-07-28,3.4207
2026-10-05,2005-07-29,1.0963
2026-10-05,2005-08-01,1.1585
2026-10-05,2005-08-02,-45.7006
2026-10-05,2005-08-03,-8.4198
2026-10-05,2005-08-04,0.6438
2026-10-05,2005-08-05,0.6275
2026-10-05,2005-08-08,0.8607
2026-10-05,2005-08-09,0.9271
2026-10-05,2005-08-10,0.7732
2026-10-05,2005-08-11,0.8749
2026-10-05,2005-08-12,1.0453
2026-10-05,2005-08-16,2.1001
2026-10-05,2005-08-17,1.106
2026-10-05,2005-08-18,0.9622
2026-10-05,2005-08-19,1.2758
2026-10-05,2005-08-22,0.5273
2026-10-05,2005-08-23,1.4401
2026-10-05,2005-08-24,1.088
2026-10-05,2005-08-25,0.951
2026-10-05,2005-08-26,0.9415
2026-10-05,2005-08-29,1.45
2026-10-05,2005-08-30,2.21
2026-10-05,2005-08-31,1.46
2026-10-05,2005-09-01,0.81
2026-10-05,2005-09-02,-47.08
2026-10-05,2005-09-05,1.3
2026-10-05,2005-09-06,0.35
2026-10-05,2005-09-07,0.21
2026-10-05,2005-09-08,0.83
2026-10-05,2005-09-09,1.19
2026-10-05,2005-09-12,1.05
2026-10-05,2005-09-13,0.8
2026-10-05,2005-09-14,1.1
2026-10-05,2005-09-15,0.94
2026-10-05,2005-09-16,1.1
2026-10-05,2005-09-19,1.09
2026-10-05,2005-09-20,1.02
2026-10-05,2005-09-21,1.03
2026-10-05,2005-09-22,1.1
2026-10-05,2005-09-23,0.56
2026-10-05,2005-09-26,0.91
2026-10-05,2005-09-27,1.07
2026-10-05,2005-09-28,1.02
2026-10-05,2005-09-29,0.9
2026-10-05,2005-09-30,0.72
2026-10-05,2005-10-03,1.35
2026-10-05,2005-10-04,-43.63
2026-10-05,2005-10-05,1.12
2026-10-05,2005-10-06,26.27
2026-10-05,2005-10-07,25.95
2026-10-05,2005-10-11,23.97
2026-10-05,2005-10-12,6.01
2026-10-05,2005-10-13,0.7
2026-10-05,2005-10-14,0.59
2026-10-05,2005-10-17,0.38
2026-10-05,2005-10-18,0.4
2026-10-05,2005-10-19,0.4
2026-10-05,2005-10-20,0.64
2026-10-05,2005-10-21,0.59
2026-10-05,2005-10-24,0.62
2026-10-05,2005-10-25,0.48
2026-10-05,2005-10-26,0.52
2026-10-05,2005-10-27,0.55
2026-10-05,2005-10-28,0.5564
2026-10-05,2005-10-31,0.7101
2026-10-05,2005-11-01,0.29
2026-10-05,2005-11-02,-34.5802
2026-10-05,2005-11-03,0.241
2026-10-05,2005-11-04,0.61
2026-10-05,2005-11-07,0.51
2026-10-05,2005-11-08,0.63
2026-10-05,2005-11-09,0.54
2026-10-05,2005-11-10,22.044
2026-10-05,2005-11-11,0.6
2026-10-05,2005-11-14,6.75
2026-10-05,2005-11-15,0.59
2026-10-05,2005-11-16,0.329
2026-10-05,2005-11-17,0.69
2026-10-05,2005-11-18,0.6
2026-10-05,2005-11-21,0.53
2026-10-05,2005-11-22,0.59
2026-10-05,2005-11-23,0.6
2026-10-05,2005-11-24,0.84
2026-10-05,2005-11-25,0.66
2026-10-05,2005-11-28,0.79
2026-10-05,2005-11-29,0.62
2026-10-05,2005-11-30,0.75
2026-10-05,2005-12-01,0.43
2026-10-05,2005-12-02,-36.97
2026-10-05,2005-12-05,1.05
2026-10-05,2005-12-06,0.38
2026-10-05,2005-12-07,0.3
2026-10-05,2005-12-09,0.6459
2026-10-05,2005-12-12,0.802
2026-10-05,2005-12-13,0.55
2026-10-05,2005-12-14,2
2026-10-05,2005-12-15,0.2087
2026-10-05,2005-12-16,0.7526
2026-10-05,2005-12-19,0.9
2026-10-05,2005-12-20,0.71
2026-10-05,2005-12-21,0.97
2026-10-05,2005-12-22,0.9
2026-10-05,2005-12-23,0.9
2026-10-05,2005-12-26,1.19
2026-10-05,2005-12-27,0.71
2026-10-05,2005-12-28,0.37
2026-10-05,2005-12-29,0.94
2026-10-05,2005-12-30,0.96
2026-10-05,2006-01-02,2.12
2026-10-05,2006-01-03,-35.21
2026-10-05,2006-01-04,1.22
2026-10-05,2006-01-05,1.17
2026-10-05,2006-01-06,26.73
2026-10-05,2006-01-09,23.6
2026-10-05,2006-01-10,1.97
2026-10-05,2006-01-11,0.36
2026-10-05,2006-01-12,0.12
2026-10-05,2006-01-13,-0.02
2026-10-05,2006-01-16,0.3
2026-10-05,2006-01-17,0.15
2026-10-05,2006-01-18,1.56
2026-10-05,2006-01-19,0.18
2026-10-05,2006-01-20,0.23
2026-10-05,2006-01-23,0.56
2026-10-05,2006-01-24,0.33
2026-10-05,2006-01-25,0.39
2026-10-05,2006-01-26,0.35
2026-10-05,2006-01-27,0.28
2026-10-05,2006-01-30,0.66
2026-10-05,2006-01-31,0.56
2026-10-05,2006-02-01,0.59
2026-10-05,2006-02-02,-31.33
2026-10-05,2006-02-03,-11.3668
2026-10-05,2006-02-06,0.7593
2026-10-05,2006-02-07,0.24
2026-10-05,2006-02-08,0.34
2026-10-05,2006-02-09,0.26
2026-10-05,2006-02-10,0.28
2026-10-05,2006-02-13,0.57
2026-10-05,2006-02-14,0.26
2026-10-05,2006-02-15,19.73
2026-10-05,2006-02-16,2.89
2026-10-05,2006-02-17,0.38
2026-10-05,2006-02-20,0.73
2026-10-05,2006-02-21,0.45
2026-10-05,2006-02-22,2.2
2026-10-05,2006-02-23,0.87
2026-10-05,2006-02-24,0.54
2026-10-05,2006-02-27,1.01
2026-10-05,2006-02-28,0.52
2026-10-05,2006-03-01,0.7
2026-10-05,2006-03-02,-28.32
2026-10-05,2006-03-03,0.41
2026-10-05,2006-03-06,0.45
2026-10-05,2006-03-07,0.39
2026-10-05,2006-03-08,0.25
2026-10-05,2006-03-09,21.15
2026-10-05,2006-03-10,0.48
2026-10-05,2006-03-13,0.27
2026-10-05,2006-03-14,0
2026-10-05,2006-03-15,0
2026-10-05,2006-03-16,0
2026-10-05,2006-03-17,0.21
2026-10-05,2006-03-20,0.52
2026-10-05,2006-03-21,0.26
2026-10-05,2006-03-22,-0.68
2026-10-05,2006-03-23,0.04
2026-10-05,2006-03-27,0.87
2026-10-05,2006-03-28,0.2
2026-10-05,2006-03-29,0.37
2026-10-05,2006-03-30,0.56
2026-10-05,2006-03-31,0.33
2026-10-05,2006-04-03,0.79
2026-10-05,2006-04-04,-23.04
2026-10-05,2006-04-05,18.76
2026-10-05,2006-04-06,2.06
2026-10-05,2006-04-07,0.23
2026-10-05,2006-04-10,0.05
2026-10-05,2006-04-11,0.12
2026-10-05,2006-04-12,0.2
2026-10-05,2006-04-17,0.62
2026-10-05,2006-04-18,0.14
2026-10-05,2006-04-19,0.25
2026-10-05,2006-04-20,0.18
2026-10-05,2006-04-21,0.18
2026-10-05,2006-04-24,0.15
2026-10-05,2006-04-25,0
2026-10-05,2006-04-26,0.45
2026-10-05,2006-04-27,0
2026-10-05,2006-04-28,0
2026-10-05,2006-05-02,1.49
2026-10-05,2006-05-03,-19.52
2026-10-05,2006-05-04,0.56
2026-10-05,2006-05-05,0.55
2026-10-05,2006-05-08,0.44
2026-10-05,2006-05-09,0.15
2026-10-05,2006-05-10,0.39
2026-10-05,2006-05-11,0.56
2026-10-05,2006-05-12,0.56
2026-10-05,2006-05-15,0.84
2026-10-05,2006-05-16,0.7
2026-10-05,2006-05-17,24.98
2026-10-05,2006-05-18,3.61
2026-10-05,2006-05-19,0.68
2026-10-05,2006-05-22,1.15
2026-10-05,2006-05-23,1.15
2026-10-05,2006-05-24,1.08
2026-10-05,2006-05-26,0
2026-10-05,2006-05-29,1.48
2026-10-05,2006-05-30,1.08
2026-10-05,2006-05-31,1.51
2026-10-05,2006-06-01,0.33
2026-10-05,2006-06-02,-19.38
2026-10-05,2006-06-05,1.13
2026-10-05,2006-06-06,0.93
2026-10-05,2006-06-07,1.15
2026-10-05,2006-06-08,0.83
2026-10-05,2006-06-09,0.9
2026-10-05,2006-06-12,0.89
2026-10-05,2006-06-13,0.937
2026-10-05,2006-06-14,1.03
2026-10-05,2006-06-15,0.71
2026-10-05,2006-06-16,1
2026-10-05,2006-06-20,2.07
2026-10-05,2006-06-21,1.35
2026-10-05,2006-06-22,0.7
2026-10-05,2006-06-23,0.8138
2026-10-05,2006-06-26,0.1875
2026-10-05,2006-06-27,0.7
2026-10-05,2006-06-28,1.13
2026-10-05,2006-06-29,0.8616
2026-10-05,2006-06-30,0.79
2026-10-05,2006-07-03,1.15
2026-10-05,2006-07-04,-20.427
2026-10-05,2006-07-05,0.77
2026-10-05,2006-07-06,0.76
2026-10-05,2006-07-07,0.67
2026-10-05,2006-07-10,0.82
2026-10-05,2006-07-11,0.76
2026-10-05,2006-07-12,0.61
2026-10-05,2006-07-13,0.67
2026-10-05,2006-07-14,0.65
2026-10-05,2006-07-17,0.86
2026-10-05,2006-07-18,0.8512
2026-10-05,2006-07-19,0.74
2026-10-05,2006-07-20,0.69
2026-10-05,2006-07-21,0.76
2026-10-05,2006-07-24,0.88
2026-10-05,2006-07-25,0.88
2026-10-05,2006-07-26,0.75
2026-10-05,2006-07-27,0.78
2026-10-05,2006-07-28,0.89
2026-10-05,2006-07-31,1.2
2026-10-05,2006-08-01,1
2026-10-05,2006-08-02,-17.56
2026-10-05,2006-08-03,-7.88
2026-10-05,2006-08-04,0.71
2026-10-05,2006-08-07,0.71
2026-10-05,2006-08-08,0.32
2026-10-05,2006-08-09,0.65
2026-10-05,2006-08-10,0
2026-10-05,2006-08-11,0.92
2026-10-05,2006-08-14,0.87
2026-10-05,2006-08-15,0.87
2026-10-05,2006-08-16,0.85
2026-10-05,2006-08-17,0.47
2026-10-05,2006-08-18,1.01
2026-10-05,2006-08-22,2.06
2026-10-05,2006-08-23,0.97
2026-10-05,2006-08-24,0.73
2026-10-05,2006-08-25,1.5
2026-10-05,2006-08-28,0.44
2026-10-05,2006-08-29,1.0089
2026-10-05,2006-08-30,1.01
2026-10-05,2006-08-31,1.05
2026-10-05,2006-09-01,1.23
2026-10-05,2006-09-04,-20.04
2026-10-05,2006-09-05,0.41
2026-10-05,2006-09-06,0.79
2026-10-05,2006-09-07,1.17
2026-10-05,2006-09-08,0.48
2026-10-05,2006-09-11,0.47
2026-10-05,2006-09-12,0.37
2026-10-05,2006-09-13,0.45
2026-10-05,2006-09-14,0.55
2026-10-05,2006-09-15,0.39
2026-10-05,2006-09-18,0.32
2026-10-05,2006-09-19,0.55
2026-10-05,2006-09-20,0.44
2026-10-05,2006-09-21,0.09
2026-10-05,2006-09-22,0.16
2026-10-05,2006-09-25,0.32
2026-10-05,2006-09-26,0.39
2026-10-05,2006-09-27,0.44
2026-10-05,2006-09-28,0
2026-10-05,2006-09-29,0.36
2026-10-05,2006-10-02,0.68
2026-10-05,2006-10-03,-18.08
2026-10-05,2006-10-04,0.4
2026-10-05,2006-10-05,0.34
2026-10-05,2006-10-06,0.44
2026-10-05,2006-10-09,0.46
2026-10-05,2006-10-10,-1.14
2026-10-05,2006-10-11,0.402
2026-10-05,2006-10-12,0.42
2026-10-05,2006-10-13,0.5
2026-10-05,2006-10-17,0.84
2026-10-05,2006-10-18,10.57
2026-10-05,2006-10-19,0.61
2026-10-05,2006-10-20,0.47
2026-10-05,2006-10-23,0.53
2026-10-05,2006-10-24,0.51
2026-10-05,2006-10-25,0.149
2026-10-05,2006-10-26,0.15
2026-10-05,2006-10-27,0.71
2026-10-05,2006-10-30,1.06
2026-10-05,2006-10-31,0.7038
2026-10-05,2006-11-01,0.59
2026-10-05,2006-11-02,-16.69
2026-10-05,2006-11-03,1.12
2026-10-05,2006-11-07,1.98
2026-10-05,2006-11-08,0.27
2026-10-05,2006-11-09,0.27
2026-10-05,2006-11-10,0
2026-10-05,2006-11-13,0.51
2026-10-05,2006-11-14,12.87
2026-10-05,2006-11-15,0.019
2026-10-05,2006-11-16,0.3
2026-10-05,2006-11-17,0.28
2026-10-05,2006-11-20,0.64
2026-10-05,2006-11-21,0.51
2026-10-05,2006-11-22,0.47
2026-10-05,2006-11-23,0.45
2026-10-05,2006-11-24,0.43
2026-10-05,2006-11-27,0.79
2026-10-05,2006-11-28,0.63
2026-10-05,2006-11-29,0.85
2026-10-05,2006-11-30,0.65
2026-10-05,2006-12-01,0.45
2026-10-05,2006-12-04,-19.66
2026-10-05,2006-12-05,0.41
2026-10-05,2006-12-06,0.88
2026-10-05,2006-12-07,1.91
2026-10-05,2006-12-11,0.12
2026-10-05,2006-12-12,0.07
2026-10-05,2006-12-13,0.05
2026-10-05,2006-12-14,0.05
2026-10-05,2006-12-15,0.03
2026-10-05,2006-12-18,0.11
2026-10-05,2006-12-19,0.11
2026-10-05,2006-12-20,0.07
2026-10-05,2006-12-21,0
2026-10-05,2006-12-22,0
2026-10-05,2006-12-26,0.16
2026-10-05,2006-12-27,0.06
2026-10-05,2006-12-28,0.05
2026-10-05,2006-12-29,0.08
2026-10-05,2007-01-02,0.15
2026-10-05,2007-01-03,-17.74
2026-10-05,2007-01-04,0.23
2026-10-05,2007-01-05,0.19
2026-10-05,2007-01-08,0.48
2026-10-05,2007-01-09,0.18
2026-10-05,2007-01-10,0.34
2026-10-05,2007-01-11,0.47
2026-10-05,2007-01-12,13.9177
2026-10-05,2007-01-15,13.85
2026-10-05,2007-01-16,0.34
2026-10-05,2007-01-17,0.55
2026-10-05,2007-01-18,0
2026-10-05,2007-01-19,1.12
2026-10-05,2007-01-22,1.33
2026-10-05,2007-01-23,0.81
2026-10-05,2007-01-24,0.72
2026-10-05,2007-01-25,1.17
2026-10-05,2007-01-26,0.25
2026-10-05,2007-01-29,0.88
2026-10-05,2007-01-30,1.28
2026-10-05,2007-01-31,1.4435
2026-10-05,2007-02-01,1.26
2026-10-05,2007-02-02,-11.03
2026-10-05,2007-02-05,-6.712
2026-10-05,2007-02-06,0.394
2026-10-05,2007-02-07,1.06
2026-10-05,2007-02-08,1.0562
2026-10-05,2007-02-09,0.6075
2026-10-05,2007-02-12,1.2299
2026-10-05,2007-02-13,1.07
2026-10-05,2007-02-14,1.1
2026-10-05,2007-02-15,1.96
2026-10-05,2007-02-16,1.61
2026-10-05,2007-02-19,1.8
2026-10-05,2007-02-20,17.54
2026-10-05,2007-02-21,0.64
2026-10-05,2007-02-22,0.713
2026-10-05,2007-02-23,1.5641
2026-10-05,2007-02-26,1.49
2026-10-05,2007-02-27,1.6
2026-10-05,2007-02-28,0.864
2026-10-05,2007-03-01,1.249
2026-10-05,2007-03-02,-11.62
2026-10-05,2007-03-05,0
2026-10-05,2007-03-06,1
2026-10-05,2007-03-07,1.1
2026-10-05,2007-03-08,0.15
2026-10-05,2007-03-09,0.5
2026-10-05,2007-03-12,0.63
2026-10-05,2007-03-13,0.67
2026-10-05,2007-03-14,0.71
2026-10-05,2007-03-15,0.62
2026-10-05,2007-03-16,0.7
2026-10-05,2007-03-19,1.09
2026-10-05,2007-03-20,0.7
2026-10-05,2007-03-21,0.81
2026-10-05,2007-03-22,0.14
2026-10-05,2007-03-23,0.9
2026-10-05,2007-03-26,1.51
2026-10-05,2007-03-27,0.76
2026-10-05,2007-03-28,0.34
2026-10-05,2007-03-29,1.08
2026-10-05,2007-03-30,0.96
2026-10-05,2007-04-03,-0.33
2026-10-05,2007-04-04,-9.85
2026-10-05,2007-04-09,1.94
2026-10-05,2007-04-10,1.4
2026-10-05,2007-04-11,12.02
2026-10-05,2007-04-12,12.07
2026-10-05,2007-04-13,0.39
2026-10-05,2007-04-16,1.18
2026-10-05,2007-04-17,1.25
2026-10-05,2007-04-18,0.94
2026-10-05,2007-04-19,0.87
2026-10-05,2007-04-20,0.75
2026-10-05,2007-04-23,1.68
2026-10-05,2007-04-24,1.719
2026-10-05,2007-04-25,1.613
2026-10-05,2007-04-26,1.37
2026-10-05,2007-04-27,1.41
2026-10-05,2007-04-30,2.46
2026-10-05,2007-05-02,3.72
2026-10-05,2007-05-03,-8.26
2026-10-05,2007-05-04,1.03
2026-10-05,2007-05-07,2.13
2026-10-05,2007-05-08,0.336
2026-10-05,2007-05-09,1.51
2026-10-05,2007-05-10,1.51
2026-10-05,2007-05-11,0.495
2026-10-05,2007-05-14,1.294
2026-10-05,2007-05-15,1.01
2026-10-05,2007-05-16,1.46
2026-10-05,2007-05-17,1.37
2026-10-05,2007-05-18,13.72
2026-10-05,2007-05-21,1.73
2026-10-05,2007-05-22,1.136
2026-10-05,2007-05-23,1.3659
2026-10-05,2007-05-24,1.3119
2026-10-05,2007-05-28,2.7024
2026-10-05,2007-05-29,1.31
2026-10-05,2007-05-30,1.3129
2026-10-05,2007-05-31,2.0611
2026-10-05,2007-06-01,1.03
2026-10-05,2007-06-04,-8.43
2026-10-05,2007-06-05,0.12
2026-10-05,2007-06-06,0.26
2026-10-05,2007-06-07,0.37
2026-10-05,2007-06-08,0.2901
2026-10-05,2007-06-11,0.68
2026-10-05,2007-06-12,0.3
2026-10-05,2007-06-13,0.42
2026-10-05,2007-06-14,0.575
2026-10-05,2007-06-15,0.452
2026-10-05,2007-06-19,1.44
2026-10-05,2007-06-20,0.25
2026-10-05,2007-06-21,0.442
2026-10-05,2007-06-22,0.429
2026-10-05,2007-06-25,0.88
2026-10-05,2007-06-26,0.586
2026-10-05,2007-06-27,0.8014
2026-10-05,2007-06-28,13.302
2026-10-05,2007-06-29,12.664
2026-10-05,2007-07-02,2.444
2026-10-05,2007-07-03,-6.15
2026-10-05,2007-07-04,0.4
2026-10-05,2007-07-05,0.47
2026-10-05,2007-07-06,0.4
2026-10-05,2007-07-10,0.9249
2026-10-05,2007-07-11,-0.209
2026-10-05,2007-07-12,0.4
2026-10-05,2007-07-13,0.37
2026-10-05,2007-07-16,0.88
2026-10-05,2007-07-17,0.27
2026-10-05,2007-07-18,0.42
2026-10-05,2007-07-19,0.037
2026-10-05,2007-07-20,0.445
2026-10-05,2007-07-23,0.7426
2026-10-05,2007-07-24,0.285
2026-10-05,2007-07-25,0.18
2026-10-05,2007-07-26,0.34
2026-10-05,2007-07-27,0.04
2026-10-05,2007-07-30,0.7
2026-10-05,2007-07-31,0.15
2026-10-05,2007-08-01,0.59
2026-10-05,2007-08-02,-4.33
2026-10-05,2007-08-03,-7.94
2026-10-05,2007-08-06,15.12
2026-10-05,2007-08-07,4.27
2026-10-05,2007-08-08,0.217
2026-10-05,2007-08-09,0.44
2026-10-05,2007-08-10,0.31
2026-10-05,2007-08-13,0.63
2026-10-05,2007-08-14,0.309
2026-10-05,2007-08-15,0.422
2026-10-05,2007-08-16,0.31
2026-10-05,2007-08-17,0.11
2026-10-05,2007-08-21,1.56
2026-10-05,2007-08-22,-0.33
2026-10-05,2007-08-23,-0.42
2026-10-05,2007-08-24,0.19
2026-10-05,2007-08-27,1.11
2026-10-05,2007-08-28,-0.56
2026-10-05,2007-08-29,0.83
2026-10-05,2007-08-30,0.69
2026-10-05,2007-08-31,0.65
2026-10-05,2007-09-03,13.59
2026-10-05,2007-09-04,-4.53
2026-10-05,2007-09-05,0.39
2026-10-05,2007-09-06,1.82
2026-10-05,2007-09-07,0.1
2026-10-05,2007-09-10,-0.05
2026-10-05,2007-09-11,-0.04
2026-10-05,2007-09-12,-0.15
2026-10-05,2007-09-13,0.15
2026-10-05,2007-09-14,-0.15
2026-10-05,2007-09-17,0
2026-10-05,2007-09-18,0.32
2026-10-05,2007-09-19,0.03
2026-10-05,2007-09-20,-0.41
2026-10-05,2007-09-21,0.97
2026-10-05,2007-09-24,2.11
2026-10-05,2007-09-25,1.09
2026-10-05,2007-09-26,1.45
2026-10-05,2007-09-27,1.39
2026-10-05,2007-09-28,-1.36
2026-10-05,2007-10-01,-1.22
2026-10-05,2007-10-02,-3.39
2026-10-05,2007-10-03,0.6
2026-10-05,2007-10-04,0.6
2026-10-05,2007-10-05,16.42
2026-10-05,2007-10-08,3.65
2026-10-05,2007-10-09,-0.22
2026-10-05,2007-10-10,-0.17
2026-10-05,2007-10-11,0.31
2026-10-05,2007-10-12,-0.34
2026-10-05,2007-10-16,1.1
2026-10-05,2007-10-17,6.61
2026-10-05,2007-10-18,0.2
2026-10-05,2007-10-19,-0.3
2026-10-05,2007-10-22,1.14
2026-10-05,2007-10-23,0.27
2026-10-05,2007-10-24,0.47
2026-10-05,2007-10-25,0.5
2026-10-05,2007-10-26,0.26
2026-10-05,2007-10-29,0.77
2026-10-05,2007-10-30,0.794
2026-10-05,2007-10-31,0.774
2026-10-05,2007-11-01,0.628
2026-10-05,2007-11-02,-4.08
2026-10-05,2007-11-05,0.084
2026-10-05,2007-11-07,0.052
2026-10-05,2007-11-08,14.58
2026-10-05,2007-11-09,-0.055
2026-10-05,2007-11-12,-0.177
2026-10-05,2007-11-13,-0.011
2026-10-05,2007-11-14,-0.0868
2026-10-05,2007-11-15,0
2026-10-05,2007-11-16,0
2026-10-05,2007-11-19,0.117
2026-10-05,2007-11-20,0.089
2026-10-05,2007-11-21,0.019
2026-10-05,2007-11-22,-0.092
2026-10-05,2007-11-23,0.194
2026-10-05,2007-11-26,-0.11
2026-10-05,2007-11-27,0.99
2026-10-05,2007-11-28,-1.9
2026-10-05,2007-11-29,-1.948
2026-10-05,2007-11-30,0.7
2026-10-05,2007-12-03,-1.44
2026-10-05,2007-12-04,-4.15
2026-10-05,2007-12-05,-0.08
2026-10-05,2007-12-06,0.02
2026-10-05,2007-12-07,0.02
2026-10-05,2007-12-10,0.2
2026-10-05,2007-12-11,-0.14
2026-10-05,2007-12-12,0.07
2026-10-05,2007-12-13,-0.16
2026-10-05,2007-12-14,0.07
2026-10-05,2007-12-17,-0.22
2026-10-05,2007-12-18,-0.114
2026-10-05,2007-12-19,0.11
2026-10-05,2007-12-20,0.21
2026-10-05,2007-12-21,0.34
2026-10-05,2007-12-26,0.34
2026-10-05,2007-12-27,0.125
2026-10-05,2007-12-28,0.3
2026-10-05,2008-01-02,17.14
2026-10-05,2008-01-03,11.16
2026-10-05,2008-01-04,1.75
2026-10-05,2008-01-07,1.23
2026-10-05,2008-01-08,-0.13
2026-10-05,2008-01-09,0.51
2026-10-05,2008-01-10,0.91
2026-10-05,2008-01-11,0.67
2026-10-05,2008-01-14,2.18
2026-10-05,2008-01-15,0.55
2026-10-05,2008-01-16,0.98
2026-10-05,2008-01-17,1.53
2026-10-05,2008-01-18,1.24
2026-10-05,2008-01-21,2.24
2026-10-05,2008-01-22,1.5
2026-10-05,2008-01-23,1.51
2026-10-05,2008-01-24,1.98
2026-10-05,2008-01-25,1.74
2026-10-05,2008-01-28,2.99
2026-10-05,2008-01-29,2.45
2026-10-05,2008-01-30,2.58
2026-10-05,2008-01-31,2.77
2026-10-05,2008-02-01,3.4
2026-10-05,2008-02-04,-6.32
2026-10-05,2008-02-05,1.95
2026-10-05,2008-02-06,3.55
2026-10-05,2008-02-07,18.36
2026-10-05,2008-02-08,4.19
2026-10-05,2008-02-11,4.48
2026-10-05,2008-02-12,2.64
2026-10-05,2008-02-13,3.845
2026-10-05,2008-02-14,2.03
2026-10-05,2008-02-15,2.48
2026-10-05,2008-02-18,3.754
2026-10-05,2008-02-19,1.81
2026-10-05,2008-02-20,2.517
2026-10-05,2008-02-21,1.96
2026-10-05,2008-02-22,2.37
2026-10-05,2008-02-25,3.16
2026-10-05,2008-02-26,1.9
2026-10-05,2008-02-27,2.327
2026-10-05,2008-02-28,2.603
2026-10-05,2008-02-29,3.01
2026-10-05,2008-03-03,2.85
2026-10-05,2008-03-04,-2.608
2026-10-05,2008-03-05,1.7066
2026-10-05,2008-03-06,1.85
2026-10-05,2008-03-07,18.45
2026-10-05,2008-03-10,1.27
2026-10-05,2008-03-11,1.88
2026-10-05,2008-03-12,2.074
2026-10-05,2008-03-13,1.796
2026-10-05,2008-03-14,1.9914
2026-10-05,2008-03-17,3.1351
2026-10-05,2008-03-18,1.44
2026-10-05,2008-03-19,2.59
2026-10-05,2008-03-25,8.5421
2026-10-05,2008-03-26,4.25
2026-10-05,2008-03-27,1.19
2026-10-05,2008-03-28,1.11
2026-10-05,2008-03-31,2.5646
2026-10-05,2008-04-01,3.1468
2026-10-05,2008-04-03,0.237
2026-10-05,2008-04-04,0.7581
2026-10-05,2008-04-07,1.5137
2026-10-05,2008-04-08,1.9242
2026-10-05,2008-04-09,0.5271
2026-10-05,2008-04-10,1.7483
2026-10-05,2008-04-11,1.8391
2026-10-05,2008-04-14,19.3651
2026-10-05,2008-04-15,4.1273
2026-10-05,2008-04-16,1.9898
2026-10-05,2008-04-17,2.2535
2026-10-05,2008-04-18,2.26
2026-10-05,2008-04-21,4.1883
2026-10-05,2008-04-22,1.76
2026-10-05,2008-04-23,2.17
2026-10-05,2008-04-24,2.0652
2026-10-05,2008-04-25,1.8583
2026-10-05,2008-04-28,3.3763
2026-10-05,2008-04-29,0.963
2026-10-05,2008-04-30,1.639
2026-10-05,2008-05-02,2.4797
2026-10-05,2008-05-05,-2.4402
2026-10-05,2008-05-06,0.7934
2026-10-05,2008-05-07,1.3189
2026-10-05,2008-05-08,0.3719
2026-10-05,2008-05-09,1.2184
2026-10-05,2008-05-12,2.2292
2026-10-05,2008-05-13,1.8842
2026-10-05,2008-05-14,18.7716
2026-10-05,2008-05-15,1.6189
2026-10-05,2008-05-16,1.0939
2026-10-05,2008-05-19,1.6571
2026-10-05,2008-05-20,0.4717
2026-10-05,2008-05-21,0.7322
2026-10-05,2008-05-22,0.4235
2026-10-05,2008-05-23,0.5471
2026-10-05,2008-05-26,2.3954
2026-10-05,2008-05-27,0.9673
2026-10-05,2008-05-28,1.8232
2026-10-05,2008-05-29,1.6061
2026-10-05,2008-05-30,1.0396
2026-10-05,2008-06-02,2.3797
2026-10-05,2008-06-03,-2.8644
2026-10-05,2008-06-04,0.2197
2026-10-05,2008-06-05,0.2727
2026-10-05,2008-06-06,0.8
2026-10-05,2008-06-09,0.6925
2026-10-05,2008-06-10,0.4738
2026-10-05,2008-06-11,0.314
2026-10-05,2008-06-12,15.5611
2026-10-05,2008-06-13,0.8202
2026-10-05,2008-06-17,2.4817
2026-10-05,2008-06-18,0.61
2026-10-05,2008-06-19,0.7467
2026-10-05,2008-06-20,1.4287
2026-10-05,2008-06-23,1.4433
2026-10-05,2008-06-24,0.6337
2026-10-05,2008-06-25,1.0247
2026-10-05,2008-06-26,0.9201
2026-10-05,2008-06-27,0.8867
2026-10-05,2008-06-30,3.318
2026-10-05,2008-07-01,1.2587
2026-10-05,2008-07-02,-1.9688
2026-10-05,2008-07-03,1.7082
2026-10-05,2008-07-04,0.933
2026-10-05,2008-07-07,2.9442
2026-10-05,2008-07-08,2.0511
2026-10-05,2008-07-10,3.4958
2026-10-05,2008-07-11,1.6628
2026-10-05,2008-07-14,16.338
2026-10-05,2008-07-15,2.06
2026-10-05,2008-07-16,0.8284
2026-10-05,2008-07-17,1.4634
2026-10-05,2008-07-18,1.9525
2026-10-05,2008-07-21,5.6271
2026-10-05,2008-07-22,1.9909
2026-10-05,2008-07-23,2.7887
2026-10-05,2008-07-24,2.7178
2026-10-05,2008-07-25,2.6361
2026-10-05,2008-07-28,7.1582
2026-10-05,2008-07-29,2.8663
2026-10-05,2008-07-30,4.2268
2026-10-05,2008-07-31,4.2688
2026-10-05,2008-08-01,4.3572
2026-10-05,2008-08-04,-7.2977
2026-10-05,2008-08-05,1.3301
2026-10-05,2008-08-06,2.795
2026-10-05,2008-08-07,2.0246
2026-10-05,2008-08-08,2.9697
2026-10-05,2008-08-11,5.0623
2026-10-05,2008-08-12,2.0999
2026-10-05,2008-08-13,1.8224
2026-10-05,2008-08-14,1.6256
2026-10-05,2008-08-15,2.4665
2026-10-05,2008-08-19,5.1746
2026-10-05,2008-08-20,2.6522
2026-10-05,2008-08-21,2.3189
2026-10-05,2008-08-22,16.1536
2026-10-05,2008-08-25,6.1212
2026-10-05,2008-08-26,3.2753
2026-10-05,2008-08-27,3.8182
2026-10-05,2008-08-28,3.2362
2026-10-05,2008-08-29,6.491
2026-10-05,2008-09-01,6.0544
2026-10-05,2008-09-02,-1.053
2026-10-05,2008-09-03,2.7607
2026-10-05,2008-09-04,2.4326
2026-10-05,2008-09-05,2.575
2026-10-05,2008-09-08,2.4491
2026-10-05,2008-09-09,1.7437
2026-10-05,2008-09-10,1.3873
2026-10-05,2008-09-11,2
2026-10-05,2008-09-12,3.6201
2026-10-05,2008-09-15,2.6097
2026-10-05,2008-09-16,-0.9078
2026-10-05,2008-09-17,1.8862
2026-10-05,2008-09-18,2.6283
2026-10-05,2008-09-19,3.2321
2026-10-05,2008-09-22,4.4671
2026-10-05,2008-09-23,13.7835
2026-10-05,2008-09-24,4.2795
2026-10-05,2008-09-25,4.7124
2026-10-05,2008-09-26,4.9661
2026-10-05,2008-09-29,6.461
2026-10-05,2008-09-30,4.7599
2026-10-05,2008-10-01,3.9057
2026-10-05,2008-10-02,0.5994
2026-10-05,2008-10-03,2.4984
2026-10-05,2008-10-06,4.21
2026-10-05,2008-10-07,1.7888
2026-10-05,2008-10-08,2.1961
2026-10-05,2008-10-09,2.8802
2026-10-05,2008-10-10,2.9177
2026-10-05,2008-10-14,2.961
2026-10-05,2008-10-15,2.2558
2026-10-05,2008-10-16,3.2621
2026-10-05,2008-10-17,13.8186
2026-10-05,2008-10-20,4.2549
2026-10-05,2008-10-21,2.3144
2026-10-05,2008-10-22,2.2248
2026-10-05,2008-10-23,4.0926
2026-10-05,2008-10-24,4.9243
2026-10-05,2008-10-27,5.621
2026-10-05,2008-10-28,2.7557
2026-10-05,2008-10-29,4.0162
2026-10-05,2008-10-30,3.7586
2026-10-05,2008-10-31,2.3528
2026-10-05,2008-11-03,3.075
2026-10-05,2008-11-04,-2.32
2026-10-05,2008-11-05,1.5075
2026-10-05,2008-11-07,3.1208
2026-10-05,2008-11-10,3.9005
2026-10-05,2008-11-11,2.1107
2026-10-05,2008-11-12,13.7265
2026-10-05,2008-11-13,1.9637
2026-10-05,2008-11-14,2.5757
2026-10-05,2008-11-17,5.677
2026-10-05,2008-11-18,2.54
2026-10-05,2008-11-19,3.5973
2026-10-05,2008-11-20,2.4023
2026-10-05,2008-11-21,1.8
2026-10-05,2008-11-24,5.5527
2026-10-05,2008-11-25,3.0561
2026-10-05,2008-11-26,3.0561
2026-10-05,2008-11-27,1.6358
2026-10-05,2008-11-28,2.9295
2026-10-05,2008-12-01,7.0095
2026-10-05,2008-12-02,-1.3269
2026-10-05,2008-12-03,2.5151
2026-10-05,2008-12-04,2.2196
2026-10-05,2008-12-05,1.177
2026-10-05,2008-12-09,4.0723
2026-10-05,2008-12-10,1.6464
2026-10-05,2008-12-11,7.3912
2026-10-05,2008-12-12,1.7467
2026-10-05,2008-12-15,1.1752
2026-10-05,2008-12-16,2.7967
2026-10-05,2008-12-17,1.9813
2026-10-05,2008-12-18,1.3061
2026-10-05,2008-12-19,2.4932
2026-10-05,2008-12-22,1.7125
2026-10-05,2008-12-23,4.8728
2026-10-05,2008-12-24,3.3596
2026-10-05,2008-12-26,2.3186
2026-10-05,2008-12-29,2.3119
2026-10-05,2008-12-30,6.1592
2026-10-05,2008-12-31,2.9155
2026-10-05,2009-01-02,1.8211
2026-10-05,2009-01-05,0.839
2026-10-05,2009-01-06,4.116
2026-10-05,2009-01-07,5.753
2026-10-05,2009-01-08,1.73
2026-10-05,2009-01-09,4.341
2026-10-05,2009-01-12,5.217
2026-10-05,2009-01-13,6.332
2026-10-05,2009-01-14,3.9
2026-10-05,2009-01-15,2.2
2026-10-05,2009-01-16,3.1
2026-10-05,2009-01-19,5.3
2026-10-05,2009-01-20,5.2985
2026-10-05,2009-01-21,3.7
2026-10-05,2009-01-22,2.2033
2026-10-05,2009-01-23,3.301
2026-10-05,2009-01-26,4.246
2026-10-05,2009-01-27,6.9087
2026-10-05,2009-01-28,4.97
2026-10-05,2009-01-29,2.2838
2026-10-05,2009-01-30,4.747
2026-10-05,2009-02-02,4.914
2026-10-05,2009-02-03,3.144
2026-10-05,2009-02-04,4.24
2026-10-05,2009-02-05,4.493
2026-10-05,2009-02-06,5.06
2026-10-05,2009-02-09,6.491
2026-10-05,2009-02-10,4.907
2026-10-05,2009-02-11,2.6
2026-10-05,2009-02-12,3.395
2026-10-05,2009-02-13,4.183
2026-10-05,2009-02-16,5.867
2026-10-05,2009-02-17,6.39
2026-10-05,2009-02-18,4.38
2026-10-05,2009-02-19,3.82
2026-10-05,2009-02-20,4.696
2026-10-05,2009-02-23,9.6184
2026-10-05,2009-02-24,6.8656
2026-10-05,2009-02-25,5.146
2026-10-05,2009-02-26,5.157
2026-10-05,2009-02-27,5.72
2026-10-05,2009-03-02,10.35
2026-10-05,2009-03-03,4.804
2026-10-05,2009-03-04,5.438
2026-10-05,2009-03-05,3.955
2026-10-05,2009-03-06,3.144
2026-10-05,2009-03-09,6.157
2026-10-05,2009-03-10,4.8725
2026-10-05,2009-03-11,2.958
2026-10-05,2009-03-12,4.326
2026-10-05,2009-03-13,3.45
2026-10-05,2009-03-16,5.338
2026-10-05,2009-03-17,6.838
2026-10-05,2009-03-18,4.346
2026-10-05,2009-03-19,4.294
2026-10-05,2009-03-20,4.7906
2026-10-05,2009-03-23,9.419
2026-10-05,2009-03-25,13.008
2026-10-05,2009-03-26,5.53
2026-10-05,2009-03-27,6.646
2026-10-05,2009-03-30,12.261
2026-10-05,2009-03-31,12.905
2026-10-05,2009-04-01,8.439
2026-10-05,2009-04-03,8.48
2026-10-05,2009-04-06,8.4
2026-10-05,2009-04-07,3.4503
2026-10-05,2009-04-08,4.232
2026-10-05,2009-04-13,13.948
2026-10-05,2009-04-14,3.795
2026-10-05,2009-04-15,8.068
2026-10-05,2009-04-16,4.062
2026-10-05,2009-04-17,3.881
2026-10-05,2009-04-20,8.621
2026-10-05,2009-04-21,4.574
2026-10-05,2009-04-22,7.445
2026-10-05,2009-04-23,3.425
2026-10-05,2009-04-24,4.873
2026-10-05,2009-04-27,9.718
2026-10-05,2009-04-28,9.035
2026-10-05,2009-04-29,9.297
2026-10-05,2009-04-30,5.029
2026-10-05,2009-05-04,18.9007
2026-10-05,2009-05-05,1.482
2026-10-05,2009-05-06,4.289
2026-10-05,2009-05-07,3.2374
2026-10-05,2009-05-08,1.951
2026-10-05,2009-05-11,9.215
2026-10-05,2009-05-12,3.902
2026-10-05,2009-05-13,4.994
2026-10-05,2009-05-14,4.466
2026-10-05,2009-05-15,3.7846
2026-10-05,2009-05-18,11.8334
2026-10-05,2009-05-19,6.1
2026-10-05,2009-05-20,4.803
2026-10-05,2009-05-21,6.782
2026-10-05,2009-05-22,3.9995
2026-10-05,2009-05-26,17.199
2026-10-05,2009-05-27,4.541
2026-10-05,2009-05-28,6.134
2026-10-05,2009-05-29,5.475
2026-10-05,2009-06-01,11.757
2026-10-05,2009-06-02,2.374
2026-10-05,2009-06-03,3.752
2026-10-05,2009-06-04,3.873
2026-10-05,2009-06-05,3.5905
2026-10-05,2009-06-08,5.583
2026-10-05,2009-06-09,4.186
2026-10-05,2009-06-10,4.298
2026-10-05,2009-06-11,3.712
2026-10-05,2009-06-12,5.005
2026-10-05,2009-06-16,12.39
2026-10-05,2009-06-17,6.69
2026-10-05,2009-06-18,6.438
2026-10-05,2009-06-19,5.657
2026-10-05,2009-06-22,7.2
2026-10-05,2009-06-23,7.183
2026-10-05,2009-06-24,6.168
2026-10-05,2009-06-25,6.5391
2026-10-05,2009-06-26,5.6286
2026-10-05,2009-06-29,6.441
2026-10-05,2009-06-30,8.185
2026-10-05,2009-07-01,8.382
2026-10-05,2009-07-02,3.054
2026-10-05,2009-07-03,4.0145
2026-10-05,2009-07-06,4.398
2026-10-05,2009-07-07,3.963
2026-10-05,2009-07-08,4.246
2026-10-05,2009-07-13,9.141
2026-10-05,2009-07-14,3.573
2026-10-05,2009-07-15,5.308
2026-10-05,2009-07-16,2.6722
2026-10-05,2009-07-17,2.697
2026-10-05,2009-07-20,8.5588
2026-10-05,2009-07-21,3.513
2026-10-05,2009-07-22,4.73
2026-10-05,2009-07-23,4.681
2026-10-05,2009-07-24,3.109
2026-10-05,2009-07-27,6.912
2026-10-05,2009-07-28,6.148
2026-10-05,2009-07-29,5.57
2026-10-05,2009-07-30,8.004
2026-10-05,2009-07-31,5.791
2026-10-05,2009-08-03,5.9659
2026-10-05,2009-08-04,1.408
2026-10-05,2009-08-05,2.62
2026-10-05,2009-08-06,3.532
2026-10-05,2009-08-07,3.5736
2026-10-05,2009-08-10,5.299
2026-10-05,2009-08-11,3.087
2026-10-05,2009-08-12,2.662
2026-10-05,2009-08-13,3.667
2026-10-05,2009-08-14,3.602
2026-10-05,2009-08-18,9.9146
2026-10-05,2009-08-19,4.3799
2026-10-05,2009-08-20,4.8386
2026-10-05,2009-08-21,4.467
2026-10-05,2009-08-24,4.7565
2026-10-05,2009-08-25,4.333
2026-10-05,2009-08-26,4.261
2026-10-05,2009-08-27,4.331
2026-10-05,2009-08-28,4.4308
2026-10-05,2009-08-31,8.3499
2026-10-05,2009-09-01,3.8024
2026-10-05,2009-09-02,1.936
2026-10-05,2009-09-03,3.136
2026-10-05,2009-09-04,1.258
2026-10-05,2009-09-07,3.287
2026-10-05,2009-09-08,2.005
2026-10-05,2009-09-09,4.103
2026-10-05,2009-09-10,3.115
2026-10-05,2009-09-11,3.968
2026-10-05,2009-09-14,5.752
2026-10-05,2009-09-15,2.394
2026-10-05,2009-09-16,3.186
2026-10-05,2009-09-17,2.458
2026-10-05,2009-09-18,3.6105
2026-10-05,2009-09-21,5.7073
2026-10-05,2009-09-22,3.021
2026-10-05,2009-09-23,4.298
2026-10-05,2009-09-24,2.889
2026-10-05,2009-09-25,2.4472
2026-10-05,2009-09-28,5.146
2026-10-05,2009-09-29,3.224
2026-10-05,2009-09-30,3.544
2026-10-05,2009-10-01,3.476
2026-10-05,2009-10-02,0.975
2026-10-05,2009-10-05,3.644
2026-10-05,2009-10-06,2.717
2026-10-05,2009-10-07,3.82
2026-10-05,2009-10-08,3.9867
2026-10-05,2009-10-09,2.026
2026-10-05,2009-10-13,5.8596
2026-10-05,2009-10-14,3.5453
2026-10-05,2009-10-15,2.4893
2026-10-05,2009-10-16,2.7818
2026-10-05,2009-10-19,4.6388
2026-10-05,2009-10-20,3.296
2026-10-05,2009-10-21,3.966
2026-10-05,2009-10-22,3.9019
2026-10-05,2009-10-23,3.6499
2026-10-05,2009-10-26,5.7447
2026-10-05,2009-10-27,2.597
2026-10-05,2009-10-28,3.6213
2026-10-05,2009-10-29,3.871
2026-10-05,2009-10-30,3.332
2026-10-05,2009-11-02,5.802
2026-10-05,2009-11-03,0.755
2026-10-05,2009-11-04,2.151
2026-10-05,2009-11-05,2.954
2026-10-05,2009-11-09,6.76
2026-10-05,2009-11-10,3.5373
2026-10-05,2009-11-11,3.1297
2026-10-05,2009-11-12,3.242
2026-10-05,2009-11-13,0.9049
2026-10-05,2009-11-16,4.202
2026-10-05,2009-11-17,2.715
2026-10-05,2009-11-18,4.531
2026-10-05,2009-11-19,3.204
2026-10-05,2009-11-20,1.68
2026-10-05,2009-11-23,5.334
2026-10-05,2009-11-24,3.162
2026-10-05,2009-11-25,2.987
2026-10-05,2009-11-26,2.032
2026-10-05,2009-11-27,1.825
2026-10-05,2009-11-30,5.9235
2026-10-05,2009-12-01,2.282
2026-10-05,2009-12-02,0.911
2026-10-05,2009-12-03,1.003
2026-10-05,2009-12-04,1.728
2026-10-05,2009-12-07,1.529
2026-10-05,2009-12-09,3.381
2026-10-05,2009-12-10,1.752
2026-10-05,2009-12-11,1.106
2026-10-05,2009-12-14,3.099
2026-10-05,2009-12-15,0.491
2026-10-05,2009-12-16,2.315
2026-10-05,2009-12-17,2.329
2026-10-05,2009-12-18,2.058
2026-10-05,2009-12-21,3.562
2026-10-05,2009-12-22,1.556
2026-10-05,2009-12-23,3.516
2026-10-05,2009-12-24,0.243
2026-10-05,2009-12-28,8.3206
2026-10-05,2009-12-29,2.374
2026-10-05,2009-12-30,3.089
2026-10-05,2009-12-31,0.563
2026-10-05,2010-01-04,5.036
2026-10-05,2010-01-05,2.019
2026-10-05,2010-01-06,3.6059
2026-10-05,2010-01-07,1.255
2026-10-05,2010-01-08,1.313
2026-10-05,2010-01-11,3.745
2026-10-05,2010-01-12,2.558
2026-10-05,2010-01-13,2.479
2026-10-05,2010-01-14,2.946
2026-10-05,2010-01-15,3.266
2026-10-05,2010-01-18,6.246
2026-10-05,2010-01-19,2.543
2026-10-05,2010-01-20,3.349
2026-10-05,2010-01-21,3.472
2026-10-05,2010-01-22,3.788
2026-10-05,2010-01-25,7.019
2026-10-05,2010-01-26,3.08
2026-10-05,2010-01-27,3.994
2026-10-05,2010-01-28,2.607
2026-10-05,2010-01-29,4.522
2026-10-05,2010-02-01,8.5155
2026-10-05,2010-02-02,3.618
2026-10-05,2010-02-03,1.902
2026-10-05,2010-02-04,4.485
2026-10-05,2010-02-05,4.564
2026-10-05,2010-02-08,6.4986
2026-10-05,2010-02-09,5.635
2026-10-05,2010-02-10,5.85
2026-10-05,2010-02-11,4.96
2026-10-05,2010-02-12,5.045
2026-10-05,2010-02-15,7.1246
2026-10-05,2010-02-16,4.526
2026-10-05,2010-02-17,4.068
2026-10-05,2010-02-18,4.9567
2026-10-05,2010-02-19,5.703
2026-10-05,2010-02-22,9.1473
2026-10-05,2010-02-23,4.646
2026-10-05,2010-02-24,4.7
2026-10-05,2010-02-25,5.075
2026-10-05,2010-02-26,5.453
2026-10-05,2010-03-01,13.451
2026-10-05,2010-03-02,4.082
2026-10-05,2010-03-03,3.408
2026-10-05,2010-03-04,3.089
2026-10-05,2010-03-05,3.898
2026-10-05,2010-03-08,4.761
2026-10-05,2010-03-09,3.722
2026-10-05,2010-03-10,3.028
2026-10-05,2010-03-11,3.951
2026-10-05,2010-03-12,4.293
2026-10-05,2010-03-15,6.317
2026-10-05,2010-03-16,3.664
2026-10-05,2010-03-17,3.265
2026-10-05,2010-03-18,4.361
2026-10-05,2010-03-19,4.956
2026-10-05,2010-03-22,7.1806
2026-10-05,2010-03-23,4.497
2026-10-05,2010-03-25,8.557
2026-10-05,2010-03-26,4.868
2026-10-05,2010-03-29,7.428
2026-10-05,2010-03-30,6.192
2026-10-05,2010-03-31,2.093
2026-10-05,2010-04-05,14.658
2026-10-05,2010-04-06,2.005
2026-10-05,2010-04-07,4.747
2026-10-05,2010-04-08,1.273
2026-10-05,2010-04-09,1.247
2026-10-05,2010-04-12,5.519
2026-10-05,2010-04-13,3.993
2026-10-05,2010-04-14,4.91
2026-10-05,2010-04-15,3.845
2026-10-05,2010-04-16,4.239
2026-10-05,2010-04-19,8.546
2026-10-05,2010-04-20,4.601
2026-10-05,2010-04-21,5.121
2026-10-05,2010-04-22,4.396
2026-10-05,2010-04-23,3.9
2026-10-05,2010-04-26,7.022
2026-10-05,2010-04-27,4.702
2026-10-05,2010-04-28,6.591
2026-10-05,2010-04-29,5.733
2026-10-05,2010-04-30,6.107
2026-10-05,2010-05-03,8.828
2026-10-05,2010-05-04,4.581
2026-10-05,2010-05-05,4.551
2026-10-05,2010-05-06,3.988
2026-10-05,2010-05-07,4.285
2026-10-05,2010-05-10,5.523
2026-10-05,2010-05-11,3.589
2026-10-05,2010-05-12,3.749
2026-10-05,2010-05-13,4.141
2026-10-05,2010-05-14,3.142
2026-10-05,2010-05-17,7.323
2026-10-05,2010-05-18,4.737
2026-10-05,2010-05-19,5.572
2026-10-05,2010-05-20,4.652
2026-10-05,2010-05-21,4.223
2026-10-05,2010-05-26,15.971
2026-10-05,2010-05-27,5.995
2026-10-05,2010-05-28,6.745
2026-10-05,2010-05-31,9.189
2026-10-05,2010-06-01,2.847
2026-10-05,2010-06-02,3.597
2026-10-05,2010-06-03,4.847
2026-10-05,2010-06-04,4.659
2026-10-05,2010-06-07,6.591
2026-10-05,2010-06-08,3.674
2026-10-05,2010-06-09,4.253
2026-10-05,2010-06-10,3.985
2026-10-05,2010-06-11,4.081
2026-10-05,2010-06-14,6.613
2026-10-05,2010-06-15,4.502
2026-10-05,2010-06-16,4.31
2026-10-05,2010-06-17,4.764
2026-10-05,2010-06-18,5.689
2026-10-05,2010-06-22,13.986
2026-10-05,2010-06-23,4.066
2026-10-05,2010-06-24,4.38
2026-10-05,2010-06-25,5.145
2026-10-05,2010-06-28,6.157
2026-10-05,2010-06-29,4.829
2026-10-05,2010-06-30,4.6188
2026-10-05,2010-07-01,4.452
2026-10-05,2010-07-02,3.611
2026-10-05,2010-07-05,5.35
2026-10-05,2010-07-06,2.993
2026-10-05,2010-07-07,4.612
2026-10-05,2010-07-08,4.177
2026-10-05,2010-07-12,9.438
2026-10-05,2010-07-13,4.253
2026-10-05,2010-07-14,4.312
2026-10-05,2010-07-15,6.38
2026-10-05,2010-07-16,1.391
2026-10-05,2010-07-19,7.598
2026-10-05,2010-07-20,4.945
2026-10-05,2010-07-21,5.268
2026-10-05,2010-07-22,4.549
2026-10-05,2010-07-23,4.012
2026-10-05,2010-07-26,7.393
2026-10-05,2010-07-27,4.387
2026-10-05,2010-07-28,4.815
2026-10-05,2010-07-29,4.657
2026-10-05,2010-07-30,4.01
2026-10-05,2010-08-02,7.837
2026-10-05,2010-08-03,3.494
2026-10-05,2010-08-04,3.567
2026-10-05,2010-08-05,3.762
2026-10-05,2010-08-06,4.133
2026-10-05,2010-08-09,5.362
2026-10-05,2010-08-10,3.276
2026-10-05,2010-08-11,4.324
2026-10-05,2010-08-12,4.256
2026-10-05,2010-08-13,4.692
2026-10-05,2010-08-17,9.624
2026-10-05,2010-08-18,4.1
2026-10-05,2010-08-19,4.485
2026-10-05,2010-08-20,4.743
2026-10-05,2010-08-23,5.959
2026-10-05,2010-08-24,3.682
2026-10-05,2010-08-25,3.031
2026-10-05,2010-08-26,2.774
2026-10-05,2010-08-27,2.886
2026-10-05,2010-08-30,5.771
2026-10-05,2010-08-31,3.577
2026-10-05,2010-09-01,3.146
2026-10-05,2010-09-02,2.014
2026-10-05,2010-09-03,2.35
2026-10-05,2010-09-06,5.335
2026-10-05,2010-09-07,3.587
2026-10-05,2010-09-08,3.607
2026-10-05,2010-09-09,4.02
2026-10-05,2010-09-10,3.559
2026-10-05,2010-09-13,5.184
2026-10-05,2010-09-14,3.472
2026-10-05,2010-09-15,3.307
2026-10-05,2010-09-16,3.729
2026-10-05,2010-09-17,4.076
2026-10-05,2010-09-20,7.384
2026-10-05,2010-09-21,3.519
2026-10-05,2010-09-22,4.001
2026-10-05,2010-09-23,3.844
2026-10-05,2010-09-24,3.972
2026-10-05,2010-09-27,6.346
2026-10-05,2010-09-28,3.624
2026-10-05,2010-09-29,4.901
2026-10-05,2010-09-30,3.706
2026-10-05,2010-10-01,2.744
2026-10-05,2010-10-04,4.449
2026-10-05,2010-10-05,1.358
2026-10-05,2010-10-06,1.92
2026-10-05,2010-10-07,2.7817
2026-10-05,2010-10-08,2.485
2026-10-05,2010-10-12,6.234
2026-10-05,2010-10-13,3.741
2026-10-05,2010-10-14,3.403
2026-10-05,2010-10-15,4.448
2026-10-05,2010-10-18,3.575
2026-10-05,2010-10-19,3.549
2026-10-05,2010-10-20,4.789
2026-10-05,2010-10-21,3.684
2026-10-05,2010-10-22,3.63
2026-10-05,2010-10-25,5.667
2026-10-05,2010-10-26,3.627
2026-10-05,2010-10-28,7.436
2026-10-05,2010-10-29,3.443
2026-10-05,2010-11-01,9.4
2026-10-05,2010-11-02,3.757
2026-10-05,2010-11-03,1.79
2026-10-05,2010-11-04,3.197
2026-10-05,2010-11-05,3.169
2026-10-05,2010-11-08,6.127
2026-10-05,2010-11-09,3.276
2026-10-05,2010-11-10,3.813
2026-10-05,2010-11-11,3.642
2026-10-05,2010-11-12,4.106
2026-10-05,2010-11-15,5.623
2026-10-05,2010-11-16,3.138
2026-10-05,2010-11-17,4.175
2026-10-05,2010-11-18,3.333
2026-10-05,2010-11-19,2.878
2026-10-05,2010-11-23,7.23
2026-10-05,2010-11-24,2.555
2026-10-05,2010-11-25,3.084
2026-10-05,2010-11-26,3.837
2026-10-05,2010-11-29,5.814
2026-10-05,2010-11-30,3.026
2026-10-05,2010-12-01,3.239
2026-10-05,2010-12-02,1.883
2026-10-05,2010-12-03,2.08
2026-10-05,2010-12-06,4.288
2026-10-05,2010-12-07,2.203
2026-10-05,2010-12-09,2.901
2026-10-05,2010-12-10,2.059
2026-10-05,2010-12-13,3.04
2026-10-05,2010-12-14,2.049
2026-10-05,2010-12-15,0.557
2026-10-05,2010-12-16,1.907
2026-10-05,2010-12-17,2.722
2026-10-05,2010-12-20,4.8402
2026-10-05,2010-12-21,2.1836
2026-10-05,2010-12-22,2.3297
2026-10-05,2010-12-23,2.157
2026-10-05,2010-12-27,7.3658
2026-10-05,2010-12-28,2.9303
2026-10-05,2010-12-29,2.7382
2026-10-05,2010-12-30,3.1552
2026-10-05,2010-12-31,0
2026-10-05,2011-01-03,6.316
2026-10-05,2011-01-04,4.5503
2026-10-05,2011-01-05,4.4342
2026-10-05,2011-01-06,5.1622
2026-10-05,2011-01-07,0.9159
2026-10-05,2011-01-10,3.7536
2026-10-05,2011-01-11,2.3127
2026-10-05,2011-01-12,3.0616
2026-10-05,2011-01-13,3.8362
2026-10-05,2011-01-14,3.4061
2026-10-05,2011-01-17,3.2789
2026-10-05,2011-01-18,2.5444
2026-10-05,2011-01-19,2.8161
2026-10-05,2011-01-20,2.867
2026-10-05,2011-01-21,2.6529
2026-10-05,2011-01-24,3.7426
2026-10-05,2011-01-25,2.941
2026-10-05,2011-01-26,3.7164
2026-10-05,2011-01-27,4.4184
2026-10-05,2011-01-28,3.6203
2026-10-05,2011-01-31,6.9429
2026-10-05,2011-02-01,3.6812
2026-10-05,2011-02-02,3.9784
2026-10-05,2011-02-03,5.1675
2026-10-05,2011-02-04,3.0029
2026-10-05,2011-02-07,5.1513
2026-10-05,2011-02-08,2.7736
2026-10-05,2011-02-09,3.5603
2026-10-05,2011-02-10,3.9847
2026-10-05,2011-02-11,3.024
2026-10-05,2011-02-14,3.278
2026-10-05,2011-02-15,2.2154
2026-10-05,2011-02-16,2.6659
2026-10-05,2011-02-17,3.3329
2026-10-05,2011-02-18,2.1886
2026-10-05,2011-02-21,3.3259
2026-10-05,2011-02-22,2.5571
2026-10-05,2011-02-23,3.0201
2026-10-05,2011-02-24,3.4703
2026-10-05,2011-02-25,3.7187
2026-10-05,2011-02-28,4.5956
2026-10-05,2011-03-01,3.9061
2026-10-05,2011-03-02,3.5212
2026-10-05,2011-03-03,3.1395
2026-10-05,2011-03-04,2.377
2026-10-05,2011-03-09,5.7565
2026-10-05,2011-03-10,3.4113
2026-10-05,2011-03-11,4.7295
2026-10-05,2011-03-14,3.5285
2026-10-05,2011-03-15,0.6634
2026-10-05,2011-03-16,2.8192
2026-10-05,2011-03-17,3.735
2026-10-05,2011-03-18,4.1064
2026-10-05,2011-03-21,6.9443
2026-10-05,2011-03-22,4.1063
2026-10-05,2011-03-23,3.8408
2026-10-05,2011-03-28,15.3151
2026-10-05,2011-03-29,5.0047
2026-10-05,2011-03-30,8.0734
2026-10-05,2011-03-31,3.5152
2026-10-05,2011-04-01,3.0565
2026-10-05,2011-04-04,5.0752
2026-10-05,2011-04-05,4.552
2026-10-05,2011-04-06,4.9051
2026-10-05,2011-04-07,3.2979
2026-10-05,2011-04-08,2.6722
2026-10-05,2011-04-11,5.3767
2026-10-05,2011-04-12,3.1421
2026-10-05,2011-04-13,6.1795
2026-10-05,2011-04-14,5.4104
2026-10-05,2011-04-15,2.8232
2026-10-05,2011-04-18,4.6509
2026-10-05,2011-04-19,2.7613
2026-10-05,2011-04-20,4.9885
2026-10-05,2011-04-25,11.5575
2026-10-05,2011-04-26,2.826
2026-10-05,2011-04-27,5.3355
2026-10-05,2011-04-28,2.5265
2026-10-05,2011-04-29,2.1357
2026-10-05,2011-05-02,7.916
2026-10-05,2011-05-03,2.8112
2026-10-05,2011-05-04,2.4083
2026-10-05,2011-05-05,4.4168
2026-10-05,2011-05-06,4.224
2026-10-05,2011-05-09,2.6124
2026-10-05,2011-05-10,2.7533
2026-10-05,2011-05-11,4.2053
2026-10-05,2011-05-12,4.3944
2026-10-05,2011-05-13,5.1198
2026-10-05,2011-05-16,3.7987
2026-10-05,2011-05-17,4.6432
2026-10-05,2011-05-18,4.9759
2026-10-05,2011-05-19,3.7661
2026-10-05,2011-05-20,4.2085
2026-10-05,2011-05-23,4.3071
2026-10-05,2011-05-24,3.6744
2026-10-05,2011-05-26,6.7559
2026-10-05,2011-05-27,4.5155
2026-10-05,2011-05-30,9.5465
2026-10-05,2011-05-31,4.0667
2026-10-05,2011-06-01,1.946
2026-10-05,2011-06-02,2.478
2026-10-05,2011-06-03,3.5777
2026-10-05,2011-06-06,4.9866
2026-10-05,2011-06-07,1.8298
2026-10-05,2011-06-08,-0.4305
2026-10-05,2011-06-09,3.0344
2026-10-05,2011-06-10,2.8998
2026-10-05,2011-06-13,3.4443
2026-10-05,2011-06-14,1.9754
2026-10-05,2011-06-15,2.7686
2026-10-05,2011-06-16,3.4369
2026-10-05,2011-06-17,3.8578
2026-10-05,2011-06-21,6.2449
2026-10-05,2011-06-22,2.6225
2026-10-05,2011-06-23,3.5279
2026-10-05,2011-06-24,3.7745
2026-10-05,2011-06-27,4.5818
2026-10-05,2011-06-28,3.4913
2026-10-05,2011-06-29,3.1489
2026-10-05,2011-06-30,2.9068
2026-10-05,2011-07-01,2.6762
2026-10-05,2011-07-04,2.0816
2026-10-05,2011-07-05,0.9169
2026-10-05,2011-07-06,1.3299
2026-10-05,2011-07-07,0.7135
2026-10-05,2011-07-08,-3.6993
2026-10-05,2011-07-11,2.7325
2026-10-05,2011-07-12,0.5593
2026-10-05,2011-07-13,1.3144
2026-10-05,2011-07-14,1.3658
2026-10-05,2011-07-15,0.5138
2026-10-05,2011-07-18,2.327
2026-10-05,2011-07-19,1.3493
2026-10-05,2011-07-20,0.6476
2026-10-05,2011-07-21,0.8514
2026-10-05,2011-07-22,1.1274
2026-10-05,2011-07-25,3.8924
2026-10-05,2011-07-26,1.8995
2026-10-05,2011-07-27,1.9794
2026-10-05,2011-07-28,1.9201
2026-10-05,2011-07-29,3.6642
2026-10-05,2011-08-01,7.3178
2026-10-05,2011-08-02,1.3593
2026-10-05,2011-08-03,1.3507
2026-10-05,2011-08-04,2.1164
2026-10-05,2011-08-05,1.2901
2026-10-05,2011-08-08,-0.6118
2026-10-05,2011-08-09,2.0396
2026-10-05,2011-08-10,2.0396
2026-10-05,2011-08-11,2.7946
2026-10-05,2011-08-12,2.3527
2026-10-05,2011-08-15,5.488
2026-10-05,2011-08-16,2.1342
2026-10-05,2011-08-17,2.7349
2026-10-05,2011-08-18,3.2228
2026-10-05,2011-08-19,3.2228
2026-10-05,2011-08-23,8.1636
2026-10-05,2011-08-24,3.8752
2026-10-05,2011-08-25,3.9463
2026-10-05,2011-08-26,4.1555
2026-10-05,2011-08-29,5.5499
2026-10-05,2011-08-30,3.6591
2026-10-05,2011-08-31,5.3683
2026-10-05,2011-09-01,5.1841
2026-10-05,2011-09-02,4.4004
2026-10-05,2011-09-05,4.747
2026-10-05,2011-09-06,1.3877
2026-10-05,2011-09-07,2.203
2026-10-05,2011-09-08,-4.0684
2026-10-05,2011-09-09,2.2446
2026-10-05,2011-09-12,3.811
2026-10-05,2011-09-13,1.3786
2026-10-05,2011-09-14,2.5321
2026-10-05,2011-09-15,2.3466
2026-10-05,2011-09-16,2.3268
2026-10-05,2011-09-19,4.7861
2026-10-05,2011-09-20,1.4925
2026-10-05,2011-09-21,1.9147
2026-10-05,2011-09-22,2.9568
2026-10-05,2011-09-23,3.522
2026-10-05,2011-09-26,6.2985
2026-10-05,2011-09-27,2.7061
2026-10-05,2011-09-28,4.0591
2026-10-05,2011-09-29,4.2
2026-10-05,2011-09-30,4.4536
2026-10-05,2011-10-03,4.5174
2026-10-05,2011-10-04,1.7321
2026-10-05,2011-10-05,2.5964
2026-10-05,2011-10-06,3.312
2026-10-05,2011-10-07,1.2574
2026-10-05,2011-10-11,-3.3501
2026-10-05,2011-10-12,1.2738
2026-10-05,2011-10-13,2.2167
2026-10-05,2011-10-14,2.5466
2026-10-05,2011-10-17,2.998
2026-10-05,2011-10-18,2.5096
2026-10-05,2011-10-19,2.3426
2026-10-05,2011-10-20,3.4807
2026-10-05,2011-10-21,2.0377
2026-10-05,2011-10-24,3.9161
2026-10-05,2011-10-25,2.8936
2026-10-05,2011-10-26,3.1331
2026-10-05,2011-10-27,3.9366
2026-10-05,2011-10-28,3.8054
2026-10-05,2011-10-31,7.586
2026-10-05,2011-11-01,3.136
2026-10-05,2011-11-02,1.8821
2026-10-05,2011-11-03,0.8566
2026-10-05,2011-11-04,1.2615
2026-10-05,2011-11-07,4.3993
2026-10-05,2011-11-08,-9.1453
2026-10-05,2011-11-09,2.145
2026-10-05,2011-11-10,1.8739
2026-10-05,2011-11-11,2.0762
2026-10-05,2011-11-14,3.3718
2026-10-05,2011-11-15,1.6701
2026-10-05,2011-11-16,1.9737
2026-10-05,2011-11-17,2.165
2026-10-05,2011-11-18,1.4265
2026-10-05,2011-11-21,3.9908
2026-10-05,2011-11-22,2.0766
2026-10-05,2011-11-23,2.1622
2026-10-05,2011-11-24,2.0932
2026-10-05,2011-11-25,2.4584
2026-10-05,2011-11-29,11.6549
2026-10-05,2011-11-30,2.8837
2026-10-05,2011-12-01,3.3888
2026-10-05,2011-12-02,1.8351
2026-10-05,2011-12-05,2.918
2026-10-05,2011-12-06,3.0384
2026-10-05,2011-12-07,1.6793
2026-10-05,2011-12-12,-1.8836
2026-10-05,2011-12-13,3.0201
2026-10-05,2011-12-14,4.0362
2026-10-05,2011-12-15,1.2707
2026-10-05,2011-12-16,1.1457
2026-10-05,2011-12-19,6.703
2026-10-05,2011-12-20,3.6404
2026-10-05,2011-12-21,3.3288
2026-10-05,2011-12-22,2.9575
2026-10-05,2011-12-23,1.9455
2026-10-05,2011-12-27,11.2566
2026-10-05,2011-12-28,3.3651
2026-10-05,2011-12-29,4.7055
2026-10-05,2011-12-30,2.4859
2026-10-05,2012-01-03,7.7741
2026-10-05,2012-01-04,3.0721
2026-10-05,2012-01-05,4.0749
2026-10-05,2012-01-06,5.7492
2026-10-05,2012-01-09,7.5219
2026-10-05,2012-01-10,-9.5661
2026-10-05,2012-01-11,4.8
2026-10-05,2012-01-12,5.8862
2026-10-05,2012-01-13,4.3614
2026-10-05,2012-01-16,5.4257
2026-10-05,2012-01-17,4.159
2026-10-05,2012-01-18,2.9359
2026-10-05,2012-01-19,3.6427
2026-10-05,2012-01-20,4.1028
2026-10-05,2012-01-23,6.2721
2026-10-05,2012-01-24,3.5594
2026-10-05,2012-01-25,2.4928
2026-10-05,2012-01-26,2.7689
2026-10-05,2012-01-27,5.5389
2026-10-05,2012-01-30,8.0625
2026-10-05,2012-01-31,3.5218
2026-10-05,2012-02-01,5.2846
2026-10-05,2012-02-02,3.3989
2026-10-05,2012-02-03,4.3757
2026-10-05,2012-02-06,10.8645
2026-10-05,2012-02-07,7.6758
2026-10-05,2012-02-08,-6.3658
2026-10-05,2012-02-09,6.6406
2026-10-05,2012-02-10,8.7155
2026-10-05,2012-02-13,10.6782
2026-10-05,2012-02-14,6.3098
2026-10-05,2012-02-15,7.5757
2026-10-05,2012-02-16,7.6101
2026-10-05,2012-02-17,8.6024
2026-10-05,2012-02-22,31.832
2026-10-05,2012-02-23,11.5787
2026-10-05,2012-02-24,5.5589
2026-10-05,2012-02-28,14.1712
2026-10-05,2012-02-29,16.8977
2026-10-05,2012-03-01,12.9754
2026-10-05,2012-03-02,9.3447
2026-10-05,2012-03-05,4.4594
2026-10-05,2012-03-06,3.064
2026-10-05,2012-03-07,9.6283
2026-10-05,2012-03-08,-7.2591
2026-10-05,2012-03-09,6.993
2026-10-05,2012-03-12,8.5981
2026-10-05,2012-03-13,3.7561
2026-10-05,2012-03-14,6.2399
2026-10-05,2012-03-15,4.6449
2026-10-05,2012-03-16,6.0214
2026-10-05,2012-03-19,8.4704
2026-10-05,2012-03-20,3.2884
2026-10-05,2012-03-21,5.4733
2026-10-05,2012-03-22,6.6143
2026-10-05,2012-03-23,7.8822
2026-10-05,2012-03-26,8.3348
2026-10-05,2012-03-27,4.7808
2026-10-05,2012-03-28,6.5563
2026-10-05,2012-03-29,8.0065
2026-10-05,2012-03-30,10.1978
2026-10-05,2012-04-03,18.8167
2026-10-05,2012-04-04,4.4875
2026-10-05,2012-04-09,15.2822
2026-10-05,2012-04-10,7.6741
2026-10-05,2012-04-11,10.9652
2026-10-05,2012-04-12,2.0963
2026-10-05,2012-04-13,2.0196
2026-10-05,2012-04-16,10.0561
2026-10-05,2012-04-17,6.5538
2026-10-05,2012-04-18,9.2618
2026-10-05,2012-04-19,5.4098
2026-10-05,2012-04-20,7.6206
2026-10-05,2012-04-23,12.0244
2026-10-05,2012-04-24,7.9243
2026-10-05,2012-04-25,9.4682
2026-10-05,2012-04-26,7.1318
2026-10-05,2012-04-27,10.3086
2026-10-05,2012-05-02,28.1358
2026-10-05,2012-05-03,6.5804
2026-10-05,2012-05-04,9.7468
2026-10-05,2012-05-07,9.458
2026-10-05,2012-05-08,2.7704
2026-10-05,2012-05-09,-9.164
2026-10-05,2012-05-10,9.2337
2026-10-05,2012-05-11,9.4597
2026-10-05,2012-05-14,10.4224
2026-10-05,2012-05-15,7.9099
2026-10-05,2012-05-16,9.0941
2026-10-05,2012-05-17,8.154
2026-10-05,2012-05-18,8.1024
2026-10-05,2012-05-21,10.5332
2026-10-05,2012-05-22,6.9676
2026-10-05,2012-05-23,9.0963
2026-10-05,2012-05-24,5.9141
2026-10-05,2012-05-28,29.1901
2026-10-05,2012-05-29,10.2887
2026-10-05,2012-05-30,11.4282
2026-10-05,2012-05-31,8.9542
2026-10-05,2012-06-01,4.5201
2026-10-05,2012-06-04,11.9174
2026-10-05,2012-06-05,6.7413
2026-10-05,2012-06-06,6.2146
2026-10-05,2012-06-07,5.5459
2026-10-05,2012-06-08,-15.3213
2026-10-05,2012-06-11,10.2632
2026-10-05,2012-06-12,7.2887
2026-10-05,2012-06-13,7.2556
2026-10-05,2012-06-14,4.3961
2026-10-05,2012-06-15,4.7182
2026-10-05,2012-06-18,7.8657
2026-10-05,2012-06-19,6.0466
2026-10-05,2012-06-21,10.6827
2026-10-05,2012-06-22,5.2362
2026-10-05,2012-06-25,8.9726
2026-10-05,2012-06-26,7.5234
2026-10-05,2012-06-27,2.5898
2026-10-05,2012-06-28,5.7299
2026-10-05,2012-06-29,5.9184
2026-10-05,2012-07-02,10.2166
2026-10-05,2012-07-03,3.7835
2026-10-05,2012-07-04,3.8627
2026-10-05,2012-07-05,4.2292
2026-10-05,2012-07-06,3.7539
2026-10-05,2012-07-10,-6.2219
2026-10-05,2012-07-11,4.989
2026-10-05,2012-07-12,4.7185
2026-10-05,2012-07-13,5.3597
2026-10-05,2012-07-16,4.3515
2026-10-05,2012-07-17,6.2334
2026-10-05,2012-07-18,6.4292
2026-10-05,2012-07-19,4.5167
2026-10-05,2012-07-20,4.7402
2026-10-05,2012-07-23,6.8499
2026-10-05,2012-07-24,3.7792
2026-10-05,2012-07-25,4.9799
2026-10-05,2012-07-26,5.5237
2026-10-05,2012-07-27,6.8727
2026-10-05,2012-07-30,11.8165
2026-10-05,2012-07-31,7.1682
2026-10-05,2012-08-01,5.8056
2026-10-05,2012-08-02,6.2013
2026-10-05,2012-08-03,5.1643
2026-10-05,2012-08-06,7.7945
2026-10-05,2012-08-07,4.7131
2026-10-05,2012-08-08,-19.8544
2026-10-05,2012-08-09,3.957
2026-10-05,2012-08-10,4.2595
2026-10-05,2012-08-13,6.8413
2026-10-05,2012-08-14,5.7688
2026-10-05,2012-08-15,5.6179
2026-10-05,2012-08-16,5.3639
2026-10-05,2012-08-17,4.2626
2026-10-05,2012-08-21,14.9125
2026-10-05,2012-08-22,5.7076
2026-10-05,2012-08-23,5.4257
2026-10-05,2012-08-24,5.7839
2026-10-05,2012-08-27,4.9707
2026-10-05,2012-08-28,2.8847
2026-10-05,2012-08-29,5.636
2026-10-05,2012-08-30,8.4998
2026-10-05,2012-08-31,6.4822
2026-10-05,2012-09-03,8.4573
2026-10-05,2012-09-04,4.0976
2026-10-05,2012-09-05,5.258
2026-10-05,2012-09-06,4.5729
2026-10-05,2012-09-07,4.1978
2026-10-05,2012-09-10,-18.7275
2026-10-05,2012-09-11,4.7082
2026-10-05,2012-09-12,5.4948
2026-10-05,2012-09-13,5.5211
2026-10-05,2012-09-14,6.2036
2026-10-05,2012-09-17,5.5382
2026-10-05,2012-09-18,4.7073
2026-10-05,2012-09-19,3.8829
2026-10-05,2012-09-20,4.8014
2026-10-05,2012-09-21,4.7179
2026-10-05,2012-09-25,12.8576
2026-10-05,2012-09-26,5.6215
2026-10-05,2012-09-27,6.1267
2026-10-05,2012-09-28,5.8625
2026-10-05,2012-10-01,6.5174
2026-10-05,2012-10-02,3.1846
2026-10-05,2012-10-03,2.4543
2026-10-05,2012-10-04,4.0503
2026-10-05,2012-10-05,4.448
2026-10-05,2012-10-09,-14.397
2026-10-05,2012-10-10,4.8006
2026-10-05,2012-10-11,3.9193
2026-10-05,2012-10-12,3.9265
2026-10-05,2012-10-15,3.9553
2026-10-05,2012-10-16,5.6957
2026-10-05,2012-10-17,5.6521
2026-10-05,2012-10-18,5.3941
2026-10-05,2012-10-19,4.7908
2026-10-05,2012-10-22,5.4145
2026-10-05,2012-10-23,4.982
2026-10-05,2012-10-24,3.2098
2026-10-05,2012-10-25,5.1408
2026-10-05,2012-10-26,5.4193
2026-10-05,2012-10-29,9.4931
2026-10-05,2012-10-30,6.132
2026-10-05,2012-10-31,4.3595
2026-10-05,2012-11-01,6.045
2026-10-05,2012-11-02,3.5645
2026-10-05,2012-11-05,5.0031
2026-10-05,2012-11-07,4.2041
2026-10-05,2012-11-08,2.0963
2026-10-05,2012-11-09,-21.7482
2026-10-05,2012-11-12,5.6098
2026-10-05,2012-11-13,1.054
2026-10-05,2012-11-14,4.9204
2026-10-05,2012-11-15,4.2999
2026-10-05,2012-11-16,3.916
2026-10-05,2012-11-19,6.2309
2026-10-05,2012-11-20,3.2812
2026-10-05,2012-11-21,4.5113
2026-10-05,2012-11-22,3.6524
2026-10-05,2012-11-23,4.5682
2026-10-05,2012-11-27,20.6863
2026-10-05,2012-11-28,8.4537
2026-10-05,2012-11-29,7.0405
2026-10-05,2012-11-30,9.9378
2026-10-05,2012-12-03,15.553
2026-10-05,2012-12-04,2.815
2026-10-05,2012-12-05,3.0612
2026-10-05,2012-12-06,5.1356
2026-10-05,2012-12-07,4.5291
2026-10-05,2012-12-10,-23.83
2026-10-05,2012-12-11,3.0951
2026-10-05,2012-12-12,5.5334
2026-10-05,2012-12-13,5.6309
2026-10-05,2012-12-14,3.2635
2026-10-05,2012-12-17,8.1798
2026-10-05,2012-12-18,5.592
2026-10-05,2012-12-19,5.9161
2026-10-05,2012-12-20,2.9935
2026-10-05,2012-12-21,3.9739
2026-10-05,2012-12-26,7.207
2026-10-05,2012-12-27,9.0338
2026-10-05,2012-12-28,16.8005
2026-10-05,2012-12-31,4.2402
2026-10-05,2013-01-02,8.1567
2026-10-05,2013-01-03,5.668
2026-10-05,2013-01-04,3.9557
2026-10-05,2013-01-07,7.1026
2026-10-05,2013-01-08,2.0127
2026-10-05,2013-01-09,-21.7089
2026-10-05,2013-01-10,5.3744
2026-10-05,2013-01-11,5.8071
2026-10-05,2013-01-14,7.362
2026-10-05,2013-01-15,5.4907
2026-10-05,2013-01-16,7.2723
2026-10-05,2013-01-17,5.8374
2026-10-05,2013-01-18,4.8697
2026-10-05,2013-01-21,8.6941
2026-10-05,2013-01-22,4.4355
2026-10-05,2013-01-23,5.3217
2026-10-05,2013-01-24,5.6565
2026-10-05,2013-01-25,5.9811
2026-10-05,2013-01-28,9.5535
2026-10-05,2013-01-29,6.8457
2026-10-05,2013-01-30,8.1368
2026-10-05,2013-02-01,13.8557
2026-10-05,2013-02-04,11.9104
2026-10-05,2013-02-05,7.2224
2026-10-05,2013-02-06,6.8414
2026-10-05,2013-02-07,1.6021
2026-10-05,2013-02-08,-20.2862
2026-10-05,2013-02-13,21.4749
2026-10-05,2013-02-14,2.1693
2026-10-05,2013-02-15,5.9252
2026-10-05,2013-02-18,2.8834
2026-10-05,2013-02-19,1.6986
2026-10-05,2013-02-21,10.1129
2026-10-05,2013-02-22,3.2163
2026-10-05,2013-02-25,10.3535
2026-10-05,2013-02-26,4.0438
2026-10-05,2013-02-27,3.095
2026-10-05,2013-02-28,6.96
2026-10-05,2013-03-01,4.6397
2026-10-05,2013-03-04,5.0038
2026-10-05,2013-03-05,1.4681
2026-10-05,2013-03-06,2.5699
2026-10-05,2013-03-07,2.9729
2026-10-05,2013-03-08,-24.7541
2026-10-05,2013-03-11,4.2283
2026-10-05,2013-03-12,3.005
2026-10-05,2013-03-13,2.3595
2026-10-05,2013-03-14,3.6201
2026-10-05,2013-03-15,2.7445
2026-10-05,2013-03-18,4.9485
2026-10-05,2013-03-19,3.1438
2026-10-05,2013-03-20,3.4268
2026-10-05,2013-03-21,3.9658
2026-10-05,2013-03-22,5.4282
2026-10-05,2013-03-25,7.7117
2026-10-05,2013-03-26,3.5488
2026-10-05,2013-03-27,2.2971
2026-10-05,2013-04-03,9.8767
2026-10-05,2013-04-04,0.1983
2026-10-05,2013-04-05,0.6284
2026-10-05,2013-04-08,2.3153
2026-10-05,2013-04-09,0.8861
2026-10-05,2013-04-10,-29.3107
2026-10-05,2013-04-11,1.3416
2026-10-05,2013-04-12,1.1614
2026-10-05,2013-04-15,2.5143
2026-10-05,2013-04-16,1.957
2026-10-05,2013-04-17,1.8847
2026-10-05,2013-04-18,2.5406
2026-10-05,2013-04-19,1.5541
2026-10-05,2013-04-22,5.4314
2026-10-05,2013-04-23,2.9507
2026-10-05,2013-04-24,3.9665
2026-10-05,2013-04-25,4.6689
2026-10-05,2013-04-26,6.1102
2026-10-05,2013-04-29,14.1724
2026-10-05,2013-04-30,9.6601
2026-10-05,2013-05-02,14.2826
2026-10-05,2013-05-03,4.6889
2026-10-05,2013-05-06,8.8071
2026-10-05,2013-05-07,2.6528
2026-10-05,2013-05-08,1.9954
2026-10-05,2013-05-09,-25.4517
2026-10-05,2013-05-10,3.9169
2026-10-05,2013-05-13,6.1649
2026-10-05,2013-05-14,4.6293
2026-10-05,2013-05-15,2.6898
2026-10-05,2013-05-16,3.6013
2026-10-05,2013-05-17,2.9284
2026-10-05,2013-05-20,5.8303
2026-10-05,2013-05-21,2.9078
2026-10-05,2013-05-22,3.5301
2026-10-05,2013-05-23,3.7691
2026-10-05,2013-05-24,3.5066
2026-10-05,2013-05-27,7.2461
2026-10-05,2013-05-28,4.7932
2026-10-05,2013-05-29,3.8305
2026-10-05,2013-05-30,4.0305
2026-10-05,2013-05-31,3.3212
2026-10-05,2013-06-03,7.8847
2026-10-05,2013-06-04,1.5254
2026-10-05,2013-06-05,1.5934
2026-10-05,2013-06-06,1.4843
2026-10-05,2013-06-07,1.5881
2026-10-05,2013-06-10,-28.5367
2026-10-05,2013-06-11,1.2273
2026-10-05,2013-06-12,1.0128
2026-10-05,2013-06-13,1.8799
2026-10-05,2013-06-14,2.2526
2026-10-05,2013-06-17,3.2167
2026-10-05,2013-06-18,2.3251
2026-10-05,2013-06-19,1.1214
2026-10-05,2013-06-24,11.3908
2026-10-05,2013-06-25,3.239
2026-10-05,2013-06-26,2.0566
2026-10-05,2013-06-27,2.2201
2026-10-05,2013-06-28,2.3414
2026-10-05,2013-07-01,11.3468
2026-10-05,2013-07-02,3.2104
2026-10-05,2013-07-03,2.9184
2026-10-05,2013-07-04,1.3982
2026-10-05,2013-07-05,1.6733
2026-10-05,2013-07-08,-29.683
2026-10-05,2013-07-10,3.7641
2026-10-05,2013-07-11,2.0552
2026-10-05,2013-07-12,1.1702
2026-10-05,2013-07-15,0.7041
2026-10-05,2013-07-16,0.3751
2026-10-05,2013-07-17,2.2436
2026-10-05,2013-07-18,2.1258
2026-10-05,2013-07-19,0.8235
2026-10-05,2013-07-22,4.1586
2026-10-05,2013-07-23,1.3701
2026-10-05,2013-07-24,2.1933
2026-10-05,2013-07-25,3.9436
2026-10-05,2013-07-26,1.7762
2026-10-05,2013-07-29,3.7235
2026-10-05,2013-07-30,4.1455
2026-10-05,2013-07-31,3.9351
2026-10-05,2013-08-01,5.2742
2026-10-05,2013-08-02,1.6289
2026-10-05,2013-08-05,4.4087
2026-10-05,2013-08-06,2.3525
2026-10-05,2013-08-07,3.2169
2026-10-05,2013-08-08,-31.5794
2026-10-05,2013-08-09,1.6249
2026-10-05,2013-08-12,4.8941
2026-10-05,2013-08-13,1.599
2026-10-05,2013-08-14,1.1095
2026-10-05,2013-08-15,4.0241
2026-10-05,2013-08-16,4.0888
2026-10-05,2013-08-20,11.0903
2026-10-05,2013-08-21,3.4604
2026-10-05,2013-08-22,3.5011
2026-10-05,2013-08-23,8.2096
2026-10-05,2013-08-26,8.8082
2026-10-05,2013-08-27,6.0101
2026-10-05,2013-08-28,3.5159
2026-10-05,2013-08-29,4.7337
2026-10-05,2013-08-30,4.2329
2026-10-05,2013-09-02,11.5359
2026-10-05,2013-09-03,3.2752
2026-10-05,2013-09-04,2.7864
2026-10-05,2013-09-05,2.4339
2026-10-05,2013-09-06,2.223
2026-10-05,2013-09-09,-31.0446
2026-10-05,2013-09-10,1.0199
2026-10-05,2013-09-11,1.72
2026-10-05,2013-09-12,2.3374
2026-10-05,2013-09-13,2.8039
2026-10-05,2013-09-16,3.3247
2026-10-05,2013-09-17,2.7493
2026-10-05,2013-09-18,4.3693
2026-10-05,2013-09-19,2.3946
2026-10-05,2013-09-20,4.6418
2026-10-05,2013-09-23,6.6668
2026-10-05,2013-09-24,2.0716
2026-10-05,2013-09-25,4.7447
2026-10-05,2013-09-26,3.6524
2026-10-05,2013-09-27,5.7086
2026-10-05,2013-09-30,10.8673
2026-10-05,2013-10-01,5.5464
2026-10-05,2013-10-02,3.0019
2026-10-05,2013-10-03,2.4654
2026-10-05,2013-10-04,2.558
2026-10-05,2013-10-07,3.2796
2026-10-05,2013-10-08,1.1185
2026-10-05,2013-10-09,1.7163
2026-10-05,2013-10-10,2.4871
2026-10-05,2013-10-11,2.3546
2026-10-05,2013-10-15,5.4975
2026-10-05,2013-10-16,1.6302
2026-10-05,2013-10-17,2.5064
2026-10-05,2013-10-18,2.7019
2026-10-05,2013-10-21,2.3264
2026-10-05,2013-10-22,3.6866
2026-10-05,2013-10-23,3.783
2026-10-05,2013-10-24,2.4739
2026-10-05,2013-10-25,2.7168
2026-10-05,2013-10-28,4.7674
2026-10-05,2013-10-29,2.8525
2026-10-05,2013-10-30,4.372
2026-10-05,2013-10-31,4.5087
2026-10-05,2013-11-01,6.1257
2026-10-05,2013-11-04,3.7826
2026-10-05,2013-11-05,1.3416
2026-10-05,2013-11-07,2.1757
2026-10-05,2013-11-08,2.3843
2026-10-05,2013-11-11,-32.2463
2026-10-05,2013-11-12,2.1251
2026-10-05,2013-11-13,0.845
2026-10-05,2013-11-14,2.1537
2026-10-05,2013-11-15,2.6609
2026-10-05,2013-11-18,4.1501
2026-10-05,2013-11-19,2.728
2026-10-05,2013-11-20,3.2368
2026-10-05,2013-11-21,3.8547
2026-10-05,2013-11-22,3.6347
2026-10-05,2013-11-26,13.1042
2026-10-05,2013-11-27,6.2656
2026-10-05,2013-11-28,6.0481
2026-10-05,2013-11-29,6.2856
2026-10-05,2013-12-02,12.7765
2026-10-05,2013-12-03,0.4946
2026-10-05,2013-12-04,0.7992
2026-10-05,2013-12-05,0.4727
2026-10-05,2013-12-06,0.5829
2026-10-05,2013-12-09,-33.5588
2026-10-05,2013-12-10,0.6183
2026-10-05,2013-12-11,0.5184
2026-10-05,2013-12-12,0.4844
2026-10-05,2013-12-13,0.3977
2026-10-05,2013-12-16,1.3987
2026-10-05,2013-12-17,0.5043
2026-10-05,2013-12-18,0.476
2026-10-05,2013-12-19,0.6788
2026-10-05,2013-12-20,0.7518
2026-10-05,2013-12-23,1.2378
2026-10-05,2013-12-26,1.2954
2026-10-05,2013-12-27,0.3909
2026-10-05,2013-12-30,1.0456
2026-10-05,2014-01-02,0.6547
2026-10-05,2014-01-03,0.8618
2026-10-05,2014-01-06,1.1281
2026-10-05,2014-01-07,0.3696
2026-10-05,2014-01-08,0.4656
2026-10-05,2014-01-09,-35.5013
2026-10-05,2014-01-10,0.4343
2026-10-05,2014-01-13,1.1561
2026-10-05,2014-01-14,0.7972
2026-10-05,2014-01-15,0.7269
2026-10-05,2014-01-16,0.9653
2026-10-05,2014-01-17,1.7016
2026-10-05,2014-01-20,4.7152
2026-10-05,2014-01-21,1.1291
2026-10-05,2014-01-22,1.871
2026-10-05,2014-01-23,2.0583
2026-10-05,2014-01-24,2.2603
2026-10-05,2014-01-27,9.7946
2026-10-05,2014-01-28,4.1896
2026-10-05,2014-01-29,2.3276
2026-10-05,2014-01-30,1.4401
2026-10-05,2014-01-31,1.4965
2026-10-05,2014-02-03,5.1757
2026-10-05,2014-02-04,2.152
2026-10-05,2014-02-05,2.5397
2026-10-05,2014-02-06,3.3805
2026-10-05,2014-02-07,3.4145
2026-10-05,2014-02-10,-22.9925
2026-10-05,2014-02-11,4.4946
2026-10-05,2014-02-12,5.3083
2026-10-05,2014-02-13,2.8798
2026-10-05,2014-02-14,1.6513
2026-10-05,2014-02-17,5.7779
2026-10-05,2014-02-18,1.8969
2026-10-05,2014-02-19,2.9763
2026-10-05,2014-02-20,2.6167
2026-10-05,2014-02-21,2.5332
2026-10-05,2014-02-24,10.4481
2026-10-05,2014-02-25,3.0356
2026-10-05,2014-02-26,5.3043
2026-10-05,2014-02-27,2.8126
2026-10-05,2014-02-28,4.739
2026-10-05,2014-03-05,7.8332
2026-10-05,2014-03-06,0.5214
2026-10-05,2014-03-07,0.3994
2026-10-05,2014-03-10,1.4078
2026-10-05,2014-03-11,0.5027
2026-10-05,2014-03-12,-32.4579
2026-10-05,2014-03-13,0.2743
2026-10-05,2014-03-14,0.3587
2026-10-05,2014-03-17,1.0933
2026-10-05,2014-03-18,0.5536
2026-10-05,2014-03-19,0.6427
2026-10-05,2014-03-20,0.6109
2026-10-05,2014-03-21,1.0792
2026-10-05,2014-03-25,5.7489
2026-10-05,2014-03-26,2.0641
2026-10-05,2014-03-27,2.5913
2026-10-05,2014-03-28,4.7819
2026-10-05,2014-03-31,19.3722
2026-10-05,2014-04-01,6.6758
2026-10-05,2014-04-03,5.8722
2026-10-05,2014-04-04,3.1311
2026-10-05,2014-04-07,8.7256
2026-10-05,2014-04-08,2.6972
2026-10-05,2014-04-09,-34.0641
2026-10-05,2014-04-10,0.0251
2026-10-05,2014-04-11,4.0579
2026-10-05,2014-04-14,7.7556
2026-10-05,2014-04-15,2.6161
2026-10-05,2014-04-16,2.2294
2026-10-05,2014-04-21,12.1095
2026-10-05,2014-04-22,2.8523
2026-10-05,2014-04-23,3.3732
2026-10-05,2014-04-24,3.7016
2026-10-05,2014-04-25,4.3652
2026-10-05,2014-04-28,21.1956
2026-10-05,2014-04-29,8.6378
2026-10-05,2014-04-30,8.527
2026-10-05,2014-05-05,10.4819
2026-10-05,2014-05-06,0.6119
2026-10-05,2014-05-07,0.7189
2026-10-05,2014-05-08,0.5189
2026-10-05,2014-05-09,0.456
2026-10-05,2014-05-12,-33.5368
2026-10-05,2014-05-13,0.8367
2026-10-05,2014-05-14,1.0901
2026-10-05,2014-05-15,2.0464
2026-10-05,2014-05-16,3.1986
2026-10-05,2014-05-19,6.2968
2026-10-05,2014-05-20,1.4563
2026-10-05,2014-05-21,2.5179
2026-10-05,2014-05-22,2.1385
2026-10-05,2014-05-23,4.1251
2026-10-05,2014-05-26,9.2316
2026-10-05,2014-05-27,3.9191
2026-10-05,2014-05-28,2.2413
2026-10-05,2014-05-29,2.572
2026-10-05,2014-05-30,7.0912
2026-10-05,2014-06-02,13.6652
2026-10-05,2014-06-03,0.5791
2026-10-05,2014-06-04,0.473
2026-10-05,2014-06-05,0.338
2026-10-05,2014-06-06,0.4398
2026-10-05,2014-06-09,-34.494
2026-10-05,2014-06-10,0.5439
2026-10-05,2014-06-11,0.3852
2026-10-05,2014-06-12,1.1965
2026-10-05,2014-06-13,0.303
2026-10-05,2014-06-16,2.5344
2026-10-05,2014-06-17,2.2944
2026-10-05,2014-06-18,2.2999
2026-10-05,2014-06-19,2.3168
2026-10-05,2014-06-23,8.5912
2026-10-05,2014-06-24,2.0522
2026-10-05,2014-06-25,2.5269
2026-10-05,2014-06-26,2.8908
2026-10-05,2014-06-27,2.1028
2026-10-05,2014-06-30,9.6606
2026-10-05,2014-07-01,4.2154
2026-10-05,2014-07-02,0.652
2026-10-05,2014-07-03,0.4132
2026-10-05,2014-07-04,0.5079
2026-10-05,2014-07-07,0.9584
2026-10-05,2014-07-08,-34.9142
2026-10-05,2014-07-10,0.9165
2026-10-05,2014-07-11,0.4639
2026-10-05,2014-07-14,1.441
2026-10-05,2014-07-15,0.394
2026-10-05,2014-07-16,0.5064
2026-10-05,2014-07-17,1.4796
2026-10-05,2014-07-18,1.6795
2026-10-05,2014-07-21,5.4097
2026-10-05,2014-07-22,1.9899
2026-10-05,2014-07-23,2.7635
2026-10-05,2014-07-24,1.879
2026-10-05,2014-07-25,3.358
2026-10-05,2014-07-28,11.8514
2026-10-05,2014-07-29,4.72
2026-10-05,2014-07-30,5.1381
2026-10-05,2014-07-31,5.3293
2026-10-05,2014-08-01,5.0496
2026-10-05,2014-08-04,3.6393
2026-10-05,2014-08-05,1.094
2026-10-05,2014-08-06,1.242
2026-10-05,2014-08-07,1.4511
2026-10-05,2014-08-08,-34.8047
2026-10-05,2014-08-11,2.1551
2026-10-05,2014-08-12,1.0344
2026-10-05,2014-08-13,0.4569
2026-10-05,2014-08-14,1.8253
2026-10-05,2014-08-15,1.9631
2026-10-05,2014-08-19,9.2614
2026-10-05,2014-08-20,0.9917
2026-10-05,2014-08-21,2.3393
2026-10-05,2014-08-22,2.1744
2026-10-05,2014-08-25,6.2241
2026-10-05,2014-08-26,3.4119
2026-10-05,2014-08-27,2.7152
2026-10-05,2014-08-28,1.3999
2026-10-05,2014-08-29,8.6997
2026-10-05,2014-09-01,16.4765
2026-10-05,2014-09-02,1.943
2026-10-05,2014-09-03,2.216
2026-10-05,2014-09-04,1.9695
2026-10-05,2014-09-05,2.1641
2026-10-05,2014-09-08,-29.0474
2026-10-05,2014-09-09,1.8354
2026-10-05,2014-09-10,2.8743
2026-10-05,2014-09-11,2.2747
2026-10-05,2014-09-12,2.5714
2026-10-05,2014-09-15,8.3739
2026-10-05,2014-09-16,3.3256
2026-10-05,2014-09-17,3.5072
2026-10-05,2014-09-18,3.2111
2026-10-05,2014-09-19,3.9764
2026-10-05,2014-09-22,12.6041
2026-10-05,2014-09-23,4.5916
2026-10-05,2014-09-24,3.9304
2026-10-05,2014-09-25,3.4379
2026-10-05,2014-09-26,2.9157
2026-10-05,2014-09-29,9.9245
2026-10-05,2014-09-30,4.0093
2026-10-05,2014-10-01,5.3999
2026-10-05,2014-10-02,0.5649
2026-10-05,2014-10-03,1.6125
2026-10-05,2014-10-06,7.3958
2026-10-05,2014-10-07,2.9276
2026-10-05,2014-10-08,-31.9098
2026-10-05,2014-10-09,1.6913
2026-10-05,2014-10-10,1.2428
2026-10-05,2014-10-14,5.88
2026-10-05,2014-10-15,0.9932
2026-10-05,2014-10-16,1.239
2026-10-05,2014-10-17,0.79
2026-10-05,2014-10-20,2.828
2026-10-05,2014-10-21,1.944
2026-10-05,2014-10-22,1.1676
2026-10-05,2014-10-23,8.6126
2026-10-05,2014-10-24,5.0233
2026-10-05,2014-10-27,21.3553
2026-10-05,2014-10-28,8.727
2026-10-05,2014-10-29,9.3571
2026-10-05,2014-10-30,11.546
2026-10-05,2014-10-31,10.7139
2026-10-05,2014-11-03,12.2231
2026-10-05,2014-11-04,1.2883
2026-10-05,2014-11-05,0.8907
2026-10-05,2014-11-07,1.7078
2026-10-05,2014-11-10,2.1706
2026-10-05,2014-11-11,-33.2004
2026-10-05,2014-11-12,0.4489
2026-10-05,2014-11-13,0.6227
2026-10-05,2014-11-14,0.7187
2026-10-05,2014-11-17,8.1082
2026-10-05,2014-11-18,3.3293
2026-10-05,2014-11-19,3.5482
2026-10-05,2014-11-20,4.0534
2026-10-05,2014-11-21,4.5942
2026-10-05,2014-11-25,29.2466
2026-10-05,2014-11-26,3.2603
2026-10-05,2014-11-27,2.5108
2026-10-05,2014-11-28,8.1288
2026-10-05,2014-12-01,39.2052
2026-10-05,2014-12-02,3.7137
2026-10-05,2014-12-03,2.7041
2026-10-05,2014-12-04,2.4984
2026-10-05,2014-12-05,3.7441
2026-10-05,2014-12-09,-19.6712
2026-10-05,2014-12-10,2.4169
2026-10-05,2014-12-11,2.7639
2026-10-05,2014-12-12,1.37
2026-10-05,2014-12-15,15.2179
2026-10-05,2014-12-16,1.9724
2026-10-05,2014-12-17,1.4944
2026-10-05,2014-12-18,1.5457
2026-10-05,2014-12-19,1.6461
2026-10-05,2014-12-22,4.4155
2026-10-05,2014-12-23,1.6667
2026-10-05,2014-12-24,3.989
2026-10-05,2014-12-29,23.8093
2026-10-05,2014-12-30,4.5047
2026-10-05,2015-01-02,23.9727
2026-10-05,2015-01-05,23.6878
2026-10-05,2015-01-06,7.1449
2026-10-05,2015-01-07,6.0692
2026-10-05,2015-01-08,5.9246
2026-10-05,2015-01-09,-27.3471
2026-10-05,2015-01-12,14.5919
2026-10-05,2015-01-13,10.714
2026-10-05,2015-01-14,3.7835
2026-10-05,2015-01-15,7.5462
2026-10-05,2015-01-16,6.9842
2026-10-05,2015-01-19,17.4228
2026-10-05,2015-01-20,8.0319
2026-10-05,2015-01-21,10.438
2026-10-05,2015-01-22,9.9959
2026-10-05,2015-01-23,9.2947
2026-10-05,2015-01-26,12.7781
2026-10-05,2015-01-27,8.4543
2026-10-05,2015-01-28,7.5284
2026-10-05,2015-01-29,10.0528
2026-10-05,2015-01-30,16.2278
2026-10-05,2015-02-02,17.6203
2026-10-05,2015-02-03,7.7418
2026-10-05,2015-02-04,9.3671
2026-10-05,2015-02-05,5.6349
2026-10-05,2015-02-06,4.7347
2026-10-05,2015-02-09,-20.1097
2026-10-05,2015-02-10,3.2951
2026-10-05,2015-02-11,8.9088
2026-10-05,2015-02-12,8.8316
2026-10-05,2015-02-13,8.926
2026-10-05,2015-02-18,20.2091
2026-10-05,2015-02-19,6.6451
2026-10-05,2015-02-20,6.7983
2026-10-05,2015-02-23,7.4275
2026-10-05,2015-02-24,3.9536
2026-10-05,2015-02-25,7.7078
2026-10-05,2015-02-26,6.5654
2026-10-05,2015-02-27,5.4985
2026-10-05,2015-03-02,17.2228
2026-10-05,2015-03-03,1.4359
2026-10-05,2015-03-04,1.3028
2026-10-05,2015-03-05,1.2006
2026-10-05,2015-03-06,2.0392
2026-10-05,2015-03-09,-24.1858
2026-10-05,2015-03-10,1.5363
2026-10-05,2015-03-11,1.0854
2026-10-05,2015-03-12,0.9109
2026-10-05,2015-03-13,0.9934
2026-10-05,2015-03-16,4.1968
2026-10-05,2015-03-17,1.6974
2026-10-05,2015-03-18,2.3987
2026-10-05,2015-03-19,1.865
2026-10-05,2015-03-20,1.7588
2026-10-05,2015-03-25,11.4244
2026-10-05,2015-03-26,2.5445
2026-10-05,2015-03-27,7.3476
2026-10-05,2015-03-30,27.6904
2026-10-05,2015-03-31,8.1696
2026-10-05,2015-04-01,9.9477
2026-10-05,2015-04-06,9.3481
2026-10-05,2015-04-07,0.8277
2026-10-05,2015-04-08,2.7167
2026-10-05,2015-04-09,2.1629
2026-10-05,2015-04-10,-29.6952
2026-10-05,2015-04-13,8.1522
2026-10-05,2015-04-14,2.1421
2026-10-05,2015-04-15,1.899
2026-10-05,2015-04-16,2.0363
2026-10-05,2015-04-17,1.9651
2026-10-05,2015-04-20,12.6224
2026-10-05,2015-04-21,3.3209
2026-10-05,2015-04-22,4.1246
2026-10-05,2015-04-23,5.0618
2026-10-05,2015-04-24,5.9249
2026-10-05,2015-04-27,17.0796
2026-10-05,2015-04-28,7.2789
2026-10-05,2015-04-29,11.5852
2026-10-05,2015-04-30,13.7915
2026-10-05,2015-05-04,4.0752
2026-10-05,2015-05-05,1.5011
2026-10-05,2015-05-06,2.171
2026-10-05,2015-05-07,2.5067
2026-10-05,2015-05-08,2.9538
2026-10-05,2015-05-11,-21.8435
2026-10-05,2015-05-12,0.6276
2026-10-05,2015-05-13,0.7609
2026-10-05,2015-05-14,2.6609
2026-10-05,2015-05-15,2.7718
2026-10-05,2015-05-18,9.0077
2026-10-05,2015-05-19,2.9041
2026-10-05,2015-05-20,4.2934
2026-10-05,2015-05-21,3.736
2026-10-05,2015-05-22,3.8213
2026-10-05,2015-05-26,17.0846
2026-10-05,2015-05-27,4.137
2026-10-05,2015-05-28,18.2486
2026-10-05,2015-05-29,9.8904
2026-10-05,2015-06-01,28.5524
2026-10-05,2015-06-02,3.4585
2026-10-05,2015-06-03,2.8784
2026-10-05,2015-06-04,3.0657
2026-10-05,2015-06-05,3.223
2026-10-05,2015-06-08,-19.2374
2026-10-05,2015-06-09,2.8194
2026-10-05,2015-06-10,2.9048
2026-10-05,2015-06-11,1.6968
2026-10-05,2015-06-12,2.2081
2026-10-05,2015-06-15,8.2907
2026-10-05,2015-06-16,3.0944
2026-10-05,2015-06-17,3.4421
2026-10-05,2015-06-18,4.7797
2026-10-05,2015-06-19,4.6691
2026-10-05,2015-06-22,16.7192
2026-10-05,2015-06-23,6.1112
2026-10-05,2015-06-24,7.5579
2026-10-05,2015-06-25,4.109
2026-10-05,2015-06-26,10.9268
2026-10-05,2015-06-29,28.3377
2026-10-05,2015-06-30,12.3197
2026-10-05,2015-07-01,11.4397
2026-10-05,2015-07-02,5.6357
2026-10-05,2015-07-03,4.1266
2026-10-05,2015-07-06,5.9072
2026-10-05,2015-07-07,5.4671
2026-10-05,2015-07-08,-23.1492
2026-10-05,2015-07-10,11.0424
2026-10-05,2015-07-13,14.4889
2026-10-05,2015-07-14,4.8287
2026-10-05,2015-07-15,4.4673
2026-10-05,2015-07-16,4.7083
2026-10-05,2015-07-17,5.1822
2026-10-05,2015-07-20,13.1694
2026-10-05,2015-07-21,4.211
2026-10-05,2015-07-22,3.8443
2026-10-05,2015-07-23,3.9244
2026-10-05,2015-07-24,3.8289
2026-10-05,2015-07-27,24.8972
2026-10-05,2015-07-28,10.2585
2026-10-05,2015-07-29,7.9177
2026-10-05,2015-07-30,9.3173
2026-10-05,2015-07-31,13.4693
2026-10-05,2015-08-03,28.6701
2026-10-05,2015-08-04,3.6108
2026-10-05,2015-08-05,2.3525
2026-10-05,2015-08-06,4.2726
2026-10-05,2015-08-07,4.3636
2026-10-05,2015-08-10,-13.5889
2026-10-05,2015-08-11,3.7228
2026-10-05,2015-08-12,1.7857
2026-10-05,2015-08-13,4.2213
2026-10-05,2015-08-14,4.0967
2026-10-05,2015-08-18,12.1193
2026-10-05,2015-08-19,4.4228
2026-10-05,2015-08-20,0.9228
2026-10-05,2015-08-21,6.8766
2026-10-05,2015-08-24,23.4905
2026-10-05,2015-08-25,7.8502
2026-10-05,2015-08-26,6.31
2026-10-05,2015-08-27,6.9598
2026-10-05,2015-08-28,7.9619
2026-10-05,2015-08-31,21.0251
2026-10-05,2015-09-01,12.8484
2026-10-05,2015-09-02,1.5318
2026-10-05,2015-09-03,2.2686
2026-10-05,2015-09-04,2.3638
2026-10-05,2015-09-07,6.8456
2026-10-05,2015-09-08,-24.6909
2026-10-05,2015-09-09,3.2138
2026-10-05,2015-09-10,1.7376
2026-10-05,2015-09-11,1.7411
2026-10-05,2015-09-14,6.2855
2026-10-05,2015-09-15,2.7251
2026-10-05,2015-09-16,2.5312
2026-10-05,2015-09-17,3.648
2026-10-05,2015-09-18,4.8159
2026-10-05,2015-09-21,14.0432
2026-10-05,2015-09-22,4.93
2026-10-05,2015-09-23,5.1955
2026-10-05,2015-09-24,5.8556
2026-10-05,2015-09-25,6.6183
2026-10-05,2015-09-28,23.1427
2026-10-05,2015-09-29,9.712
2026-10-05,2015-09-30,13.1616
2026-10-05,2015-10-01,11.3085
2026-10-05,2015-10-02,5.8335
2026-10-05,2015-10-05,10.582
2026-10-05,2015-10-06,2.5775
2026-10-05,2015-10-07,2.8924
2026-10-05,2015-10-08,-22.7087
2026-10-05,2015-10-09,3.247
2026-10-05,2015-10-13,19.0321
2026-10-05,2015-10-14,4.148
2026-10-05,2015-10-15,5.6837
2026-10-05,2015-10-16,4.5037
2026-10-05,2015-10-19,12.9952
2026-10-05,2015-10-20,4.8468
2026-10-05,2015-10-21,3.0424
2026-10-05,2015-10-22,4.0581
2026-10-05,2015-10-23,4.6541
2026-10-05,2015-10-26,15.852
2026-10-05,2015-10-27,5.6208
2026-10-05,2015-10-28,8.0426
2026-10-05,2015-10-29,17.559
2026-10-05,2015-10-30,22.1899
2026-10-05,2015-11-02,38.2292
2026-10-05,2015-11-03,2.6406
2026-10-05,2015-11-04,2.9249
2026-10-05,2015-11-05,2.9277
2026-10-05,2015-11-09,13.0677
2026-10-05,2015-11-10,-19.9306
2026-10-05,2015-11-11,3.6037
2026-10-05,2015-11-12,4.3543
2026-10-05,2015-11-13,4.2007
2026-10-05,2015-11-16,16.5271
2026-10-05,2015-11-17,5.2726
2026-10-05,2015-11-18,6.9497
2026-10-05,2015-11-19,8.1367
2026-10-05,2015-11-20,12.2864
2026-10-05,2015-11-23,42.1974
2026-10-05,2015-11-24,16.6211
2026-10-05,2015-11-25,28.8529
2026-10-05,2015-11-26,27.1404
2026-10-05,2015-11-30,77.1873
2026-10-05,2015-12-01,44.8594
2026-10-05,2015-12-02,6.5786
2026-10-05,2015-12-03,6.9601
2026-10-05,2015-12-04,3.1898
2026-10-05,2015-12-09,17.5632
2026-10-05,2015-12-10,-17.3787
2026-10-05,2015-12-11,8.7296
2026-10-05,2015-12-14,18.4153
2026-10-05,2015-12-15,5.6798
2026-10-05,2015-12-16,6.6653
2026-10-05,2015-12-17,12.4093
2026-10-05,2015-12-18,14.714
2026-10-05,2015-12-21,36.1693
2026-10-05,2015-12-22,18.9751
2026-10-05,2015-12-23,17.2917
2026-10-05,2015-12-24,16.1525
2026-10-05,2015-12-28,73.0386
2026-10-05,2015-12-29,18.7761
2026-10-05,2015-12-30,21.2173
2026-10-05,2015-12-31,12.1171
2026-10-05,2016-01-04,25.1725
2026-10-05,2016-01-05,10.821
2026-10-05,2016-01-06,7.9397
2026-10-05,2016-01-07,12.32
2026-10-05,2016-01-08,7.7641
2026-10-05,2016-01-11,3.4753
2026-10-05,2016-01-12,6.8077
2026-10-05,2016-01-13,6.9136
2026-10-05,2016-01-14,5.005
2026-10-05,2016-01-15,4.2588
2026-10-05,2016-01-18,10.2065
2026-10-05,2016-01-19,7.0197
2026-10-05,2016-01-20,9.1684
2026-10-05,2016-01-21,6.6155
2026-10-05,2016-01-22,6.4722
2026-10-05,2016-01-25,20.1169
2026-10-05,2016-01-26,8.0185
2026-10-05,2016-01-27,5.4163
2026-10-05,2016-01-28,5.2773
2026-10-05,2016-01-29,4.9468
2026-10-05,2016-02-01,20.1746
2026-10-05,2016-02-02,8.2414
2026-10-05,2016-02-03,11.748
2026-10-05,2016-02-04,7.6458
2026-10-05,2016-02-05,11.0451
2026-10-05,2016-02-10,35.1421
2026-10-05,2016-02-11,10.0403
2026-10-05,2016-02-12,15.1026
2026-10-05,2016-02-15,23.8993
2026-10-05,2016-02-16,7.475
2026-10-05,2016-02-17,14.143
2026-10-05,2016-02-18,12.048
2026-10-05,2016-02-19,14.8996
2026-10-05,2016-02-22,41.5758
2026-10-05,2016-02-23,14.3854
2026-10-05,2016-02-24,13.7215
2026-10-05,2016-02-25,15.6411
2026-10-05,2016-02-26,15.3955
2026-10-05,2016-02-29,47.3204
2026-10-05,2016-03-01,15.6693
2026-10-05,2016-03-02,4.2871
2026-10-05,2016-03-03,6.5739
2026-10-05,2016-03-04,6.1516
2026-10-05,2016-03-07,18.1072
2026-10-05,2016-03-08,-35.8295
2026-10-05,2016-03-09,5.7275
2026-10-05,2016-03-10,4.002
2026-10-05,2016-03-11,4.3416
2026-10-05,2016-03-14,14.909
2026-10-05,2016-03-15,-14.9718
2026-10-05,2016-03-16,6.2875
2026-10-05,2016-03-17,9.0404
2026-10-05,2016-03-18,8.7549
2026-10-05,2016-03-21,33.8748
2026-10-05,2016-03-22,-19.5861
2026-10-05,2016-03-23,8.3836
2026-10-05,2016-03-28,102.0391
2026-10-05,2016-03-29,24.2718
2026-10-05,2016-03-30,25.9138
2026-10-05,2016-03-31,34.8117
2026-10-05,2016-04-01,34.1772
2026-10-05,2016-04-04,14.2928
2026-10-05,2016-04-05,7.5453
2026-10-05,2016-04-06,7.8708
2026-10-05,2016-04-07,8.3383
2026-10-05,2016-04-08,6.7763
2026-10-05,2016-04-11,6.5675
2026-10-05,2016-04-12,6.5645
2026-10-05,2016-04-13,5.9348
2026-10-05,2016-04-14,9.3658
2026-10-05,2016-04-15,11.7553
2026-10-05,2016-04-18,16.4749
2026-10-05,2016-04-19,16.5372
2026-10-05,2016-04-20,10.9503
2026-10-05,2016-04-21,10.0089
2026-10-05,2016-04-22,25.6407
2026-10-05,2016-04-25,55.6303
2026-10-05,2016-04-26,22.3742
2026-10-05,2016-04-27,16.7296
2026-10-05,2016-04-28,14.2568
2026-10-05,2016-04-29,20.0779
2026-10-05,2016-05-02,70.7369
2026-10-05,2016-05-03,6.7935
2026-10-05,2016-05-04,8.1429
2026-10-05,2016-05-05,7.1696
2026-10-05,2016-05-06,6.4055
2026-10-05,2016-05-09,15.1054
2026-10-05,2016-05-10,10.0954
2026-10-05,2016-05-11,16.8094
2026-10-05,2016-05-12,14.5019
2026-10-05,2016-05-13,17.3115
2026-10-05,2016-05-16,78.8282
2026-10-05,2016-05-17,29.8491
2026-10-05,2016-05-18,25.8084
2026-10-05,2016-05-19,27.4618
2026-10-05,2016-05-20,25.9061
2026-10-05,2016-05-23,71.085
2026-10-05,2016-05-24,23.1909
2026-10-05,2016-05-26,56.5519
2026-10-05,2016-05-27,45.7516
2026-10-05,2016-05-30,119.9504
2026-10-05,2016-05-31,36.8104
2026-10-05,2016-06-01,32.5506
2026-10-05,2016-06-02,5.1631
2026-10-05,2016-06-03,7.2721
2026-10-05,2016-06-06,34.6101
2026-10-05,2016-06-07,10.0204
2026-10-05,2016-06-08,-9.8594
2026-10-05,2016-06-09,11.1346
2026-10-05,2016-06-10,10.4551
2026-10-05,2016-06-13,34.8362
2026-10-05,2016-06-14,11.445
2026-10-05,2016-06-15,10.1292
2026-10-05,2016-06-16,13.9051
2026-10-05,2016-06-21,138.5052
2026-10-05,2016-06-22,24.0174
2026-10-05,2016-06-23,29.2134
2026-10-05,2016-06-24,33.4719
2026-10-05,2016-06-27,103.5631
2026-10-05,2016-06-28,39.0588
2026-10-05,2016-06-29,43.6739
2026-10-05,2016-06-30,60.1245
2026-10-05,2016-07-01,67.6171
2026-10-05,2016-07-04,13.7033
2026-10-05,2016-07-05,8.2843
2026-10-05,2016-07-06,16.4453
2026-10-05,2016-07-07,19.474
2026-10-05,2016-07-11,54.5146
2026-10-05,2016-07-12,17.1164
2026-10-05,2016-07-13,17.5719
2026-10-05,2016-07-14,19.1475
2026-10-05,2016-07-15,18.3175
2026-10-05,2016-07-18,72.6038
2026-10-05,2016-07-19,26.3
2026-10-05,2016-07-20,27.5753
2026-10-05,2016-07-21,25.4755
2026-10-05,2016-07-22,24.2196
2026-10-05,2016-07-25,78.7751
2026-10-05,2016-07-26,23.7119
2026-10-05,2016-07-27,18.0146
2026-10-05,2016-07-28,19.3859
2026-10-05,2016-07-29,20.3733
2026-10-05,2016-08-01,85.6365
2026-10-05,2016-08-02,8.9201
2026-10-05,2016-08-03,13.2901
2026-10-05,2016-08-04,12.6649
2026-10-05,2016-08-05,11.1056
2026-10-05,2016-08-08,13.4793
2026-10-05,2016-08-09,8.0936
2026-10-05,2016-08-10,8.7714
2026-10-05,2016-08-11,6.0168
2026-10-05,2016-08-12,12.4598
2026-10-05,2016-08-16,50.6043
2026-10-05,2016-08-17,16.2764
2026-10-05,2016-08-18,16.76
2026-10-05,2016-08-19,18.6402
2026-10-05,2016-08-22,56.5722
2026-10-05,2016-08-23,16.8822
2026-10-05,2016-08-24,15.7443
2026-10-05,2016-08-25,19.9163
2026-10-05,2016-08-26,21.4748
2026-10-05,2016-08-29,59.2341
2026-10-05,2016-08-30,23.6731
2026-10-05,2016-08-31,17.0792
2026-10-05,2016-09-01,23.1201
2026-10-05,2016-09-02,6.7196
2026-10-05,2016-09-05,42.8479
2026-10-05,2016-09-06,11.3075
2026-10-05,2016-09-07,10.7983
2026-10-05,2016-09-08,-4.705
2026-10-05,2016-09-09,6.4203
2026-10-05,2016-09-12,25.2443
2026-10-05,2016-09-13,11.3614
2026-10-05,2016-09-14,14.7467
2026-10-05,2016-09-15,17.2755
2026-10-05,2016-09-16,20.1414
2026-10-05,2016-09-19,70.046
2026-10-05,2016-09-20,18.2799
2026-10-05,2016-09-21,19.2168
2026-10-05,2016-09-22,21.4781
2026-10-05,2016-09-23,19.9125
2026-10-05,2016-09-26,67.7267
2026-10-05,2016-09-27,22.3599
2026-10-05,2016-09-28,21.8774
2026-10-05,2016-09-29,24.2893
2026-10-05,2016-09-30,25.6935
2026-10-05,2016-10-03,31.5682
2026-10-05,2016-10-04,8.4136
2026-10-05,2016-10-05,7.934
2026-10-05,2016-10-06,6.3729
2026-10-05,2016-10-07,128.0676
2026-10-05,2016-10-11,35.8501
2026-10-05,2016-10-12,9.3614
2026-10-05,2016-10-13,8.422
2026-10-05,2016-10-14,20.031
2026-10-05,2016-10-17,23.9706
2026-10-05,2016-10-18,9.4925
2026-10-05,2016-10-19,24.9063
2026-10-05,2016-10-20,27.7204
2026-10-05,2016-10-21,11.6106
2026-10-05,2016-10-24,37.4988
2026-10-05,2016-10-25,13.5461
2026-10-05,2016-10-26,25.6588
2026-10-05,2016-10-27,29.8693
2026-10-05,2016-10-28,18.6471
2026-10-05,2016-10-31,49.2025
2026-10-05,2016-11-01,32.2698
2026-10-05,2016-11-02,18.2406
2026-10-05,2016-11-03,15.7623
2026-10-05,2016-11-04,6.1864
2026-10-05,2016-11-07,23.1066
2026-10-05,2016-11-08,-6.8451
2026-10-05,2016-11-09,4.8084
2026-10-05,2016-11-10,21.6294
2026-10-05,2016-11-11,8.4935
2026-10-05,2016-11-14,35.9894
2026-10-05,2016-11-15,13.806
2026-10-05,2016-11-16,13.6225
2026-10-05,2016-11-17,36.909
2026-10-05,2016-11-18,14.0024
2026-10-05,2016-11-21,40.0932
2026-10-05,2016-11-22,13.9179
2026-10-05,2016-11-23,13.2897
2026-10-05,2016-11-24,43.1589
2026-10-05,2016-11-25,14.1511
2026-10-05,2016-11-29,67.6861
2026-10-05,2016-11-30,18.9422
2026-10-05,2016-12-01,89.5654
2026-10-05,2016-12-02,20.087
2026-10-05,2016-12-05,48.6287
2026-10-05,2016-12-06,14.4855
2026-10-05,2016-12-07,16.635
2026-10-05,2016-12-12,81.9381
2026-10-05,2016-12-13,17.7474
2026-10-05,2016-12-14,16.2944
2026-10-05,2016-12-15,17.0413
2026-10-05,2016-12-16,25.2129
2026-10-05,2016-12-19,77.956
2026-10-05,2016-12-20,26.454
2026-10-05,2016-12-21,27.2001
2026-10-05,2016-12-22,27.6165
2026-10-05,2016-12-23,36.502
2026-10-05,2016-12-26,125.5416
2026-10-05,2016-12-27,40.5588
2026-10-05,2016-12-28,42.4485
2026-10-05,2016-12-29,49.1807
2026-10-05,2016-12-30,44.3629
2026-10-05,2017-01-02,122.6183
2026-10-05,2017-01-03,20.0254
2026-10-05,2017-01-04,14.6004
2026-10-05,2017-01-05,5.7039
2026-10-05,2017-01-06,12.4137
2026-10-05,2017-01-09,5.4626
2026-10-05,2017-01-10,5.8446
2026-10-05,2017-01-11,29.7056
2026-10-05,2017-01-12,61.5237
2026-10-05,2017-01-13,50.3504
2026-10-05,2017-01-16,93.3869
2026-10-05,2017-01-17,35.6116
2026-10-05,2017-01-18,60.4015
2026-10-05,2017-01-19,60.2923
2026-10-05,2017-01-20,64.3408
2026-10-05,2017-01-23,119.6569
2026-10-05,2017-01-24,72.2085
2026-10-05,2017-01-25,78.9427
2026-10-05,2017-01-26,73.8204
2026-10-05,2017-01-27,65.5161
2026-10-05,2017-01-30,97.696
2026-10-05,2017-01-31,54.872
2026-10-05,2017-02-01,41.0403
2026-10-05,2017-02-02,59.4136
2026-10-05,2017-02-03,91.2539
2026-10-05,2017-02-06,121.1858
2026-10-05,2017-02-07,138.4893
2026-10-05,2017-02-08,70.6846
2026-10-05,2017-02-09,80.0769
2026-10-05,2017-02-10,91.1195
2026-10-05,2017-02-13,105.3312
2026-10-05,2017-02-14,77.6142
2026-10-05,2017-02-15,107.1975
2026-10-05,2017-02-16,103.2613
2026-10-05,2017-02-17,86.3968
2026-10-05,2017-02-20,123.3534
2026-10-05,2017-02-21,91.7466
2026-10-05,2017-02-22,116.7547
2026-10-05,2017-02-23,134.6771
2026-10-05,2017-02-24,178.9471
2026-10-05,2017-03-01,452.2327
2026-10-05,2017-03-02,167.26
2026-10-05,2017-03-03,173.1571
2026-10-05,2017-03-06,62.5429
2026-10-05,2017-03-07,16.4691
2026-10-05,2017-03-08,173.9661
2026-10-05,2017-03-09,172.448
2026-10-05,2017-03-10,239.0218
2026-10-05,2017-03-13,174.2371
2026-10-05,2017-03-14,146.5795
2026-10-05,2017-03-15,201.8139
2026-10-05,2017-03-16,153.8896
2026-10-05,2017-03-17,189.3432
2026-10-05,2017-03-20,171.8353
2026-10-05,2017-03-21,88.5095
2026-10-05,2017-03-22,223.3064
2026-10-05,2017-03-23,220.6397
2026-10-05,2017-03-27,424.0846
2026-10-05,2017-03-28,143.9812
2026-10-05,2017-03-29,221.5407
2026-10-05,2017-03-30,271.9414
2026-10-05,2017-03-31,34.7283
2026-10-05,2017-04-03,331.0889
2026-10-05,2017-04-04,154.6408
2026-10-05,2017-04-05,126.3629
2026-10-05,2017-04-06,110.9139
2026-10-05,2017-04-07,125.7035
2026-10-05,2017-04-10,162.2499
2026-10-05,2017-04-11,94.1817
2026-10-05,2017-04-12,120.0412
2026-10-05,2017-04-17,352.5132
2026-10-05,2017-04-18,89.4229
2026-10-05,2017-04-19,163.551
2026-10-05,2017-04-20,39.2605
2026-10-05,2017-04-21,39.9786
2026-10-05,2017-04-24,218.682
2026-10-05,2017-04-25,83.9873
2026-10-05,2017-04-26,193.2706
2026-10-05,2017-04-27,146.5212
2026-10-05,2017-04-28,141.3587
2026-10-05,2017-05-02,363.0494
2026-10-05,2017-05-03,172.5171
2026-10-05,2017-05-04,146.335
2026-10-05,2017-05-05,133.4644
2026-10-05,2017-05-08,81.7928
2026-10-05,2017-05-09,118.3778
2026-10-05,2017-05-10,128.8992
2026-10-05,2017-05-11,119.1123
2026-10-05,2017-05-12,90.0047
2026-10-05,2017-05-15,106.1653
2026-10-05,2017-05-16,79.0759
2026-10-05,2017-05-17,100.4088
2026-10-05,2017-05-18,114.9723
2026-10-05,2017-05-19,106.7625
2026-10-05,2017-05-22,167.0257
2026-10-05,2017-05-23,102.4407
2026-10-05,2017-05-24,114.7557
2026-10-05,2017-05-26,250.6778
2026-10-05,2017-05-29,175.0074
2026-10-05,2017-05-30,135.9442
2026-10-05,2017-05-31,200.3357
2026-10-05,2017-06-01,38.3274
2026-10-05,2017-06-02,137.9461
2026-10-05,2017-06-05,133.4254
2026-10-05,2017-06-06,52.544
2026-10-05,2017-06-07,165.0273
2026-10-05,2017-06-08,69.2923
2026-10-05,2017-06-09,118.2117
2026-10-05,2017-06-12,98.3843
2026-10-05,2017-06-13,53.0985
2026-10-05,2017-06-14,79.574
2026-10-05,2017-06-15,57.5388
2026-10-05,2017-06-16,83.4996
2026-10-05,2017-06-19,117.8578
2026-10-05,2017-06-21,123.0347
2026-10-05,2017-06-22,50.2966
2026-10-05,2017-06-23,90.0262
2026-10-05,2017-06-26,123.9996
2026-10-05,2017-06-27,10.1178
2026-10-05,2017-06-28,273.4972
2026-10-05,2017-06-29,126.56
2026-10-05,2017-06-30,126.3114
2026-10-05,2017-07-03,191.9376
2026-10-05,2017-07-04,116.5
2026-10-05,2017-07-05,98.3119
2026-10-05,2017-07-06,90.4932
2026-10-05,2017-07-07,86.764
2026-10-05,2017-07-10,115.0558
2026-10-05,2017-07-11,74.5446
2026-10-05,2017-07-12,62.0411
2026-10-05,2017-07-13,54.4699
2026-10-05,2017-07-14,49.1258
2026-10-05,2017-07-17,104
2026-10-05,2017-07-18,57.6
2026-10-05,2017-07-19,46.3
2026-10-05,2017-07-20,61.1
2026-10-05,2017-07-21,45.1
2026-10-05,2017-07-24,123.5
2026-10-05,2017-07-25,45.0615
2026-10-05,2017-07-26,56.5
2026-10-05,2017-07-27,58.7
2026-10-05,2017-07-28,45.3
2026-10-05,2017-07-31,107.77
2026-10-05,2017-08-01,66.3
2026-10-05,2017-08-02,44.6
2026-10-05,2017-08-03,57
2026-10-05,2017-08-04,40.2
2026-10-05,2017-08-07,73.3
2026-10-05,2017-08-08,17.7
2026-10-05,2017-08-09,25
2026-10-05,2017-08-10,27.7
2026-10-05,2017-08-11,30.3112
2026-10-05,2017-08-14,75.1
2026-10-05,2017-08-15,27.6
2026-10-05,2017-08-16,23.3261
2026-10-05,2017-08-17,39.8
2026-10-05,2017-08-18,44.8
2026-10-05,2017-08-22,156.7
2026-10-05,2017-08-23,64.1
2026-10-05,2017-08-24,32.7466
2026-10-05,2017-08-25,70.0113
2026-10-05,2017-08-28,81.3
2026-10-05,2017-08-29,60.3
2026-10-05,2017-08-30,42.6
2026-10-05,2017-08-31,52.3
2026-10-05,2017-09-01,55.4
2026-10-05,2017-09-04,63.1864
2026-10-05,2017-09-05,31.2435
2026-10-05,2017-09-06,20.0404
2026-10-05,2017-09-07,21.4416
2026-10-05,2017-09-08,14.7
2026-10-05,2017-09-11,59.7
2026-10-05,2017-09-12,13.3509
2026-10-05,2017-09-13,19.2
2026-10-05,2017-09-14,19.5
2026-10-05,2017-09-15,22.3
2026-10-05,2017-09-18,64.6837
2026-10-05,2017-09-19,24.9866
2026-10-05,2017-09-20,9.3483
2026-10-05,2017-09-21,17.95
2026-10-05,2017-09-22,23.9
2026-10-05,2017-09-25,85.3128
2026-10-05,2017-09-26,31.8072
2026-10-05,2017-09-27,37.4036
2026-10-05,2017-09-28,44.5
2026-10-05,2017-09-29,54.9
2026-10-05,2017-10-02,126.5
2026-10-05,2017-10-03,30.6918
2026-10-05,2017-10-04,66.2
2026-10-05,2017-10-05,57.6
2026-10-05,2017-10-06,33.7127
2026-10-05,2017-10-09,60.6
2026-10-05,2017-10-10,37.7344
2026-10-05,2017-10-11,53.3
2026-10-05,2017-10-12,24.7
2026-10-05,2017-10-13,33.8
2026-10-05,2017-10-17,123.2
2026-10-05,2017-10-18,25.2
2026-10-05,2017-10-19,33.3495
2026-10-05,2017-10-20,48.9
2026-10-05,2017-10-23,107.2
2026-10-05,2017-10-24,64.4
2026-10-05,2017-10-25,126.7
2026-10-05,2017-10-26,65.2
2026-10-05,2017-10-27,43.3
2026-10-05,2017-10-30,98.6
2026-10-05,2017-10-31,71.2743
2026-10-05,2017-11-01,155
2026-10-05,2017-11-02,51.9
2026-10-05,2017-11-03,32
2026-10-05,2017-11-07,111.7417
2026-10-05,2017-11-08,44.5
2026-10-05,2017-11-09,25.1
2026-10-05,2017-11-10,28.2
2026-10-05,2017-11-13,63.7265
2026-10-05,2017-11-14,59.1348
2026-10-05,2017-11-15,44
2026-10-05,2017-11-16,42.2
2026-10-05,2017-11-17,48.9
2026-10-05,2017-11-21,228.7236
2026-10-05,2017-11-22,146.6
2026-10-05,2017-11-23,84.8
2026-10-05,2017-11-24,71.5
2026-10-05,2017-11-27,31.6
2026-10-05,2017-11-28,122
2026-10-05,2017-11-29,171.8
2026-10-05,2017-11-30,82.7
2026-10-05,2017-12-01,90.3
2026-10-05,2017-12-04,66.9
2026-10-05,2017-12-05,46.1
2026-10-05,2017-12-06,130.7
2026-10-05,2017-12-07,43.2
2026-10-05,2017-12-11,163.3
2026-10-05,2017-12-12,48
2026-10-05,2017-12-13,40.4095
2026-10-05,2017-12-14,26.0823
2026-10-05,2017-12-15,37.4
2026-10-05,2017-12-18,55.7746
2026-10-05,2017-12-19,4.6932
2026-10-05,2017-12-20,15.7633
2026-10-05,2017-12-21,30.9023
2026-10-05,2017-12-22,53.965
2026-10-05,2017-12-26,115.8734
2026-10-05,2017-12-27,67.9
2026-10-05,2017-12-28,128.6
2026-10-05,2017-12-29,103.6711
2026-10-05,2018-01-02,236.2
2026-10-05,2018-01-03,44.2
2026-10-05,2018-01-04,20
2026-10-05,2018-01-05,63.7
2026-10-05,2018-01-08,17.8
2026-10-05,2018-01-09,33.9
2026-10-05,2018-01-10,63.9
2026-10-05,2018-01-11,53.3
2026-10-05,2018-01-12,64.3
2026-10-05,2018-01-15,54.9
2026-10-05,2018-01-16,68.4
2026-10-05,2018-01-17,32.9
2026-10-05,2018-01-18,13.3439
2026-10-05,2018-01-19,88.6478
2026-10-05,2018-01-22,106.2348
2026-10-05,2018-01-23,69.0658
2026-10-05,2018-01-24,60.282
2026-10-05,2018-01-25,224.6244
2026-10-05,2018-01-26,101.9018
2026-10-05,2018-01-29,106.944
2026-10-05,2018-01-30,124.5164
2026-10-05,2018-01-31,46.9936
2026-10-05,2018-02-01,82.9663
2026-10-05,2018-02-02,76.4835
2026-10-05,2018-02-05,117.5324
2026-10-05,2018-02-06,71.8434
2026-10-05,2018-02-07,89.7479
2026-10-05,2018-02-08,28.5431
2026-10-05,2018-02-09,31.0127
2026-10-05,2018-02-14,211.0894
2026-10-05,2018-02-15,67.8846
2026-10-05,2018-02-16,12.4896
2026-10-05,2018-02-19,8.6
2026-10-05,2018-02-20,1.9
2026-10-05,2018-02-21,329.409
2026-10-05,2018-02-22,98.7223
2026-10-05,2018-02-23,132.6421
2026-10-05,2018-02-26,75.6194
2026-10-05,2018-02-27,84.8842
2026-10-05,2018-02-28,306.2729
2026-10-05,2018-03-01,244.2965
2026-10-05,2018-03-02,237.4464
2026-10-05,2018-03-05,93.3946
2026-10-05,2018-03-06,127.777
2026-10-05,2018-03-07,183.8662
2026-10-05,2018-03-08,87.0425
2026-10-05,2018-03-09,127.1501
2026-10-05,2018-03-12,192.2888
2026-10-05,2018-03-13,184.0194
2026-10-05,2018-03-14,122.3097
2026-10-05,2018-03-15,66.0452
2026-10-05,2018-03-16,73.7082
2026-10-05,2018-03-19,96.6921
2026-10-05,2018-03-20,39.1044
2026-10-05,2018-03-21,154.5611
2026-10-05,2018-03-22,304.2183
2026-10-05,2018-03-23,190.9021
2026-10-05,2018-03-26,98.5969
2026-10-05,2018-03-27,112.0273
2026-10-05,2018-03-28,352.263
2026-10-05,2018-04-03,850.6621
2026-10-05,2018-04-04,268.9434
2026-10-05,2018-04-05,12.4148
2026-10-05,2018-04-06,12.6659
2026-10-05,2018-04-09,29.9034
2026-10-05,2018-04-10,138.2129
2026-10-05,2018-04-11,235.6933
2026-10-05,2018-04-12,135.9059
2026-10-05,2018-04-13,105.4836
2026-10-05,2018-04-16,94.235
2026-10-05,2018-04-17,142.7616
2026-10-05,2018-04-18,164.3751
2026-10-05,2018-04-19,121.2679
2026-10-05,2018-04-20,148.547
2026-10-05,2018-04-23,227.945
2026-10-05,2018-04-24,93.0197
2026-10-05,2018-04-25,159.2724
2026-10-05,2018-04-26,230.2965
2026-10-05,2018-04-27,212.3192
2026-10-05,2018-05-02,514.1178
2026-10-05,2018-05-03,88.8027
2026-10-05,2018-05-04,146.1214
2026-10-05,2018-05-07,17.8349
2026-10-05,2018-05-08,8.2345
2026-10-05,2018-05-09,74.2529
2026-10-05,2018-05-10,76.0238
2026-10-05,2018-05-11,159.7961
2026-10-05,2018-05-14,59.9977
2026-10-05,2018-05-15,47.8634
2026-10-05,2018-05-16,52.3538
2026-10-05,2018-05-17,-1.2552
2026-10-05,2018-05-18,-3.2827
2026-10-05,2018-05-21,6.9449
2026-10-05,2018-05-22,4.1074
2026-10-05,2018-05-23,9.2177
2026-10-05,2018-05-24,12.9004
2026-10-05,2018-05-28,227.5446
2026-10-05,2018-05-29,113.6262
2026-10-05,2018-05-30,96.0409
2026-10-05,2018-05-31,49.6707
2026-10-05,2018-06-01,2.707
2026-10-05,2018-06-04,83.5182
2026-10-05,2018-06-05,5.9938
2026-10-05,2018-06-06,5.3113
2026-10-05,2018-06-07,4.8325
2026-10-05,2018-06-08,1.2864
2026-10-05,2018-06-11,14.9958
2026-10-05,2018-06-12,5.2719
2026-10-05,2018-06-13,1.2202
2026-10-05,2018-06-14,4.6952
2026-10-05,2018-06-15,4.7115
2026-10-05,2018-06-18,13.3057
2026-10-05,2018-06-19,4.62
2026-10-05,2018-06-21,11.9232
2026-10-05,2018-06-22,9.2902
2026-10-05,2018-06-25,71.4285
2026-10-05,2018-06-26,23.5208
2026-10-05,2018-06-27,62.6241
2026-10-05,2018-06-28,121.8619
2026-10-05,2018-06-29,225.185
2026-10-05,2018-07-02,325.0463
2026-10-05,2018-07-03,39.0457
2026-10-05,2018-07-04,60.1573
2026-10-05,2018-07-05,80.6981
2026-10-05,2018-07-06,8.8167
2026-10-05,2018-07-10,16.6588
2026-10-05,2018-07-11,6.0436
2026-10-05,2018-07-12,1.6353
2026-10-05,2018-07-13,218.9941
2026-10-05,2018-07-16,5.2118
2026-10-05,2018-07-17,76.8293
2026-10-05,2018-07-18,107.536
2026-10-05,2018-07-19,113.7698
2026-10-05,2018-07-20,121.2199
2026-10-05,2018-07-23,177.4319
2026-10-05,2018-07-24,86.4766
2026-10-05,2018-07-25,118.7528
2026-10-05,2018-07-26,452.3321
2026-10-05,2018-07-27,183.7749
2026-10-05,2018-07-30,126.2694
2026-10-05,2018-07-31,248.6825
2026-10-05,2018-08-01,263.9767
2026-10-05,2018-08-02,227.4491
2026-10-05,2018-08-03,268.1703
2026-10-05,2018-08-06,188.1238
2026-10-05,2018-08-07,158.6848
2026-10-05,2018-08-08,108.3903
2026-10-05,2018-08-09,108.649
2026-10-05,2018-08-10,109.9204
2026-10-05,2018-08-13,116.5238
2026-10-05,2018-08-14,131.1418
2026-10-05,2018-08-15,133.2623
2026-10-05,2018-08-16,151.5081
2026-10-05,2018-08-17,144.8391
2026-10-05,2018-08-21,429.8561
2026-10-05,2018-08-22,1024.2275
2026-10-05,2018-08-23,525.6849
2026-10-05,2018-08-24,647.1668
2026-10-05,2018-08-27,8.2569
2026-10-05,2018-08-28,402.1789
2026-10-05,2018-08-29,899.8262
2026-10-05,2018-08-30,552.8258
2026-10-05,2018-08-31,814.037
2026-10-05,2018-09-03,380.2343
2026-10-05,2018-09-04,322.8672
2026-10-05,2018-09-05,538.5057
2026-10-05,2018-09-06,814.8843
2026-10-05,2018-09-07,1152.7633
2026-10-05,2018-09-10,271.0278
2026-10-05,2018-09-11,274.656
2026-10-05,2018-09-12,439.7877
2026-10-05,2018-09-13,636.281
2026-10-05,2018-09-14,803.0499
2026-10-05,2018-09-17,420.4122
2026-10-05,2018-09-18,373.4953
2026-10-05,2018-09-19,560.868
2026-10-05,2018-09-20,671.6418
2026-10-05,2018-09-21,537.8944
2026-10-05,2018-09-24,882.2538
2026-10-05,2018-09-25,435.1921
2026-10-05,2018-09-26,1406.0202
2026-10-05,2018-09-27,1292.5005
2026-10-05,2018-09-28,1326.7336
2026-10-05,2018-10-01,934.2981
2026-10-05,2018-10-02,126.5011
2026-10-05,2018-10-03,1403.7175
2026-10-05,2018-10-04,1206.0892
2026-10-05,2018-10-05,1516.7409
2026-10-05,2018-10-08,906.734
2026-10-05,2018-10-09,695.0461
2026-10-05,2018-10-10,1478.1495
2026-10-05,2018-10-11,1347.745
2026-10-05,2018-10-12,1453.9828
2026-10-05,2018-10-16,2143.9027
2026-10-05,2018-10-17,1476.5612
2026-10-05,2018-10-18,1364.3148
2026-10-05,2018-10-19,1409.6348
2026-10-05,2018-10-22,39.3741
2026-10-05,2018-10-23,1805.8068
2026-10-05,2018-10-24,2544.1927
2026-10-05,2018-10-25,2091.565
2026-10-05,2018-10-26,1875.4749
2026-10-05,2018-10-29,191.6939
2026-10-05,2018-10-30,1504.8545
2026-10-05,2018-10-31,2197.9675
2026-10-05,2018-11-01,2259.8689
2026-10-05,2018-11-02,1699.2594
2026-10-05,2018-11-05,526.1616
2026-10-05,2018-11-07,3645.0161
2026-10-05,2018-11-08,2262.6468
2026-10-05,2018-11-09,1807.0885
2026-10-05,2018-11-12,1246.5684
2026-10-05,2018-11-13,20.0647
2026-10-05,2018-11-14,2134.4827
2026-10-05,2018-11-15,2245.6269
2026-10-05,2018-11-16,1759.9428
2026-10-05,2018-11-20,1594.4522
2026-10-05,2018-11-21,1034.454
2026-10-05,2018-11-22,2394.6049
2026-10-05,2018-11-23,2484.6274
2026-10-05,2018-11-26,2220.1586
2026-10-05,2018-11-27,1102.313
2026-10-05,2018-11-28,1151.3624
2026-10-05,2018-11-29,1708.6497
2026-10-05,2018-12-03,2387.6703
2026-10-05,2018-12-04,1794.5119
2026-10-05,2018-12-05,1866.1861
2026-10-05,2018-12-06,1589.2539
2026-10-05,2018-12-07,2486.8749
2026-10-05,2018-12-10,1841.6033
2026-10-05,2018-12-11,1863.4196
2026-10-05,2018-12-12,1985.5075
2026-10-05,2018-12-13,1217.2
2026-10-05,2018-12-14,1795.2627
2026-10-05,2018-12-17,1377.7301
2026-10-05,2018-12-18,1581.541
2026-10-05,2018-12-19,1754.8829
2026-10-05,2018-12-20,910.0374
2026-10-05,2018-12-21,1405.8166
2026-10-05,2018-12-26,1763.1875
2026-10-05,2018-12-27,2358.8447
2026-10-05,2018-12-28,3000.328
2026-10-05,2019-01-02,2010.2489
2026-10-05,2019-01-03,2451.888
2026-10-05,2019-01-04,1729.0635
2026-10-05,2019-01-07,3099.1618
2026-10-05,2019-01-08,3809.6047
2026-10-05,2019-01-09,1469.4864
2026-10-05,2019-01-10,1705.9948
2026-10-05,2019-01-11,1459.1278
2026-10-05,2019-01-14,2161.2252
2026-10-05,2019-01-15,2354.9552
2026-10-05,2019-01-16,1732.0439
2026-10-05,2019-01-17,1678.1885
2026-10-05,2019-01-18,1546.9768
2026-10-05,2019-01-21,1910.317
2026-10-05,2019-01-22,2312.9595
2026-10-05,2019-01-23,1791.1185
2026-10-05,2019-01-24,1607.807
2026-10-05,2019-01-25,1763.5208
2026-10-05,2019-01-28,1893.7109
2026-10-05,2019-01-29,2199.3833
2026-10-05,2019-01-30,1773.1502
2026-10-05,2019-01-31,1623.2726
2026-10-05,2019-02-01,1727.4333
2026-10-05,2019-02-04,1521.3878
2026-10-05,2019-02-05,1588.2594
2026-10-05,2019-02-06,1667.2112
2026-10-05,2019-02-07,1479.5725
2026-10-05,2019-02-08,1693.2389
2026-10-05,2019-02-11,1755.253
2026-10-05,2019-02-12,1761.1576
2026-10-05,2019-02-13,1627.4728
2026-10-05,2019-02-14,1630.4145
2026-10-05,2019-02-15,1630.6126
2026-10-05,2019-02-18,1635.5972
2026-10-05,2019-02-19,1602.6967
2026-10-05,2019-02-20,1672.626
2026-10-05,2019-02-21,1504.335
2026-10-05,2019-02-22,1555.4902
2026-10-05,2019-02-25,1605.6457
2026-10-05,2019-02-26,1522.9522
2026-10-05,2019-02-27,1860.4764
2026-10-05,2019-02-28,1712.9173
2026-10-05,2019-03-01,1603.3787
2026-10-05,2019-03-06,1958.2081
2026-10-05,2019-03-07,1952.211
2026-10-05,2019-03-08,2253.386
2026-10-05,2019-03-11,2282.043
2026-10-05,2019-03-12,2981.5043
2026-10-05,2019-03-13,1925.3772
2026-10-05,2019-03-14,2197.8769
2026-10-05,2019-03-15,2264.1801
2026-10-05,2019-03-18,2108.9885
2026-10-05,2019-03-19,2354.58
2026-10-05,2019-03-20,2413.7044
2026-10-05,2019-03-21,2439.3927
2026-10-05,2019-03-22,2478.9502
2026-10-05,2019-03-25,2297.9994
2026-10-05,2019-03-26,2531.7445
2026-10-05,2019-03-27,2582.7324
2026-10-05,2019-03-28,2335.3061
2026-10-05,2019-03-29,2651.0107
2026-10-05,2019-04-01,2451.4008
2026-10-05,2019-04-03,2759.0328
2026-10-05,2019-04-04,2954.6065
2026-10-05,2019-04-05,2746.5333
2026-10-05,2019-04-08,3043.4285
2026-10-05,2019-04-09,2987.3341
2026-10-05,2019-04-10,2598.3479
2026-10-05,2019-04-11,2692.4201
2026-10-05,2019-04-12,2782.5422
2026-10-05,2019-04-15,2516.1052
2026-10-05,2019-04-16,2601.1093
2026-10-05,2019-04-17,2526.3309
2026-10-05,2019-04-22,4073.1015
2026-10-05,2019-04-23,4023.562
2026-10-05,2019-04-24,3214.2099
2026-10-05,2019-04-25,3512.9172
2026-10-05,2019-04-26,4161.4765
2026-10-05,2019-04-29,2542.5741
2026-10-05,2019-04-30,2388.8726
2026-10-05,2019-05-02,2590.1353
2026-10-05,2019-05-03,2811.8173
2026-10-05,2019-05-06,3796.8056
2026-10-05,2019-05-07,3274.3477
2026-10-05,2019-05-08,2925.1717
2026-10-05,2019-05-09,2695.6163
2026-10-05,2019-05-10,2666.324
2026-10-05,2019-05-13,3024.0194
2026-10-05,2019-05-14,2982.1469
2026-10-05,2019-05-15,3108.0174
2026-10-05,2019-05-16,2976.2007
2026-10-05,2019-05-17,2959.7583
2026-10-05,2019-05-20,2660.1182
2026-10-05,2019-05-21,2672.7497
2026-10-05,2019-05-22,2822.7212
2026-10-05,2019-05-23,2975.9038
2026-10-05,2019-05-24,3001.8445
2026-10-05,2019-05-27,2836.0313
2026-10-05,2019-05-28,2978.6668
2026-10-05,2019-05-29,2652.4088
2026-10-05,2019-05-30,2778.3938
2026-10-05,2019-05-31,3155.4635
2026-10-05,2019-06-03,2823.6629
2026-10-05,2019-06-04,2797.8144
2026-10-05,2019-06-05,2556.8072
2026-10-05,2019-06-06,2256.0495
2026-10-05,2019-06-07,2952.9599
2026-10-05,2019-06-10,3090.087
2026-10-05,2019-06-11,2986.4065
2026-10-05,2019-06-12,3127.444
2026-10-05,2019-06-13,2991.4375
2026-10-05,2019-06-14,2974.5116
2026-10-05,2019-06-18,3450.6443
2026-10-05,2019-06-19,3306.6038
2026-10-05,2019-06-21,3519.953
2026-10-05,2019-06-24,4692.7579
2026-10-05,2019-06-25,4725.8315
2026-10-05,2019-06-26,3009.8214
2026-10-05,2019-06-27,3090.0513
2026-10-05,2019-06-28,2928.0991
2026-10-05,2019-07-01,2994.1459
2026-10-05,2019-07-02,2703.2161
2026-10-05,2019-07-03,2125.3889
2026-10-05,2019-07-04,2608.8756
2026-10-05,2019-07-05,2942.8642
2026-10-05,2019-07-10,3941.9874
2026-10-05,2019-07-11,3881.8383
2026-10-05,2019-07-12,3676.82
2026-10-05,2019-07-15,3769.5721
2026-10-05,2019-07-16,4373.7583
2026-10-05,2019-07-17,3072.2962
2026-10-05,2019-07-18,2834.4391
2026-10-05,2019-07-19,2904.2953
2026-10-05,2019-07-22,2085.7243
2026-10-05,2019-07-23,2604.3369
2026-10-05,2019-07-24,2852.4449
2026-10-05,2019-07-25,2604.8815
2026-10-05,2019-07-26,2718.5273
2026-10-05,2019-07-29,2610.483
2026-10-05,2019-07-30,2449.9236
2026-10-05,2019-07-31,2867.9039
2026-10-05,2019-08-01,2448.7892
2026-10-05,2019-08-02,3007.3988
2026-10-05,2019-08-05,3193.7121
2026-10-05,2019-08-06,3092.7708
2026-10-05,2019-08-07,2817.0165
2026-10-05,2019-08-08,2815.3532
2026-10-05,2019-08-09,2954.148
2026-10-05,2019-08-12,3024.3085
2026-10-05,2019-08-13,3237.3065
2026-10-05,2019-08-14,2906.2273
2026-10-05,2019-08-15,3084.8751
2026-10-05,2019-08-16,3319.6555
2026-10-05,2019-08-20,2172.6686
2026-10-05,2019-08-21,4698.5452
2026-10-05,2019-08-22,4468.7287
2026-10-05,2019-08-23,4658.6807
2026-10-05,2019-08-26,7245.7836
2026-10-05,2019-08-27,2151.9874
2026-10-05,2019-08-28,3709.8198
2026-10-05,2019-08-29,3908.4272
2026-10-05,2019-08-30,4152.6319
2026-10-05,2019-09-02,5787.0363
2026-10-05,2019-09-03,2752.5315
2026-10-05,2019-09-04,2895.7794
2026-10-05,2019-09-05,2444.6664
2026-10-05,2019-09-06,2650.3452
2026-10-05,2019-09-09,4162.7361
2026-10-05,2019-09-10,4016.051
2026-10-05,2019-09-11,3935.6616
2026-10-05,2019-09-12,3444.4481
2026-10-05,2019-09-13,3529.1772
2026-10-05,2019-09-16,4652.5083
2026-10-05,2019-09-17,4074.5027
2026-10-05,2019-09-18,3908.3431
2026-10-05,2019-09-19,3793.8104
2026-10-05,2019-09-20,3917.1458
2026-10-05,2019-09-23,4729.1942
2026-10-05,2019-09-24,3361.3888
2026-10-05,2019-09-25,4060.3654
2026-10-05,2019-09-26,3674.7509
2026-10-05,2019-09-27,3527.9584
2026-10-05,2019-09-30,4846.0137
2026-10-05,2019-10-01,3616.129
2026-10-05,2019-10-02,3727.1529
2026-10-05,2019-10-03,3460.5436
2026-10-05,2019-10-04,3580.9411
2026-10-05,2019-10-07,3778.5645
2026-10-05,2019-10-08,4079.8285
2026-10-05,2019-10-09,3836.8019
2026-10-05,2019-10-10,3563.4139
2026-10-05,2019-10-11,3453.789
2026-10-05,2019-10-15,4174.6461
2026-10-05,2019-10-16,4175.4125
2026-10-05,2019-10-17,3434.3556
2026-10-05,2019-10-18,3899.0408
2026-10-05,2019-10-21,4595.3556
2026-10-05,2019-10-22,2959.0179
2026-10-05,2019-10-23,3346.3961
2026-10-05,2019-10-24,2769.7552
2026-10-05,2019-10-25,3257.753
2026-10-05,2019-10-28,2880.5895
2026-10-05,2019-10-29,2329.9946
2026-10-05,2019-10-30,2748.7953
2026-10-05,2019-10-31,2392.3282
2026-10-05,2019-11-01,2112.1229
2026-10-05,2019-11-04,3130.3475
2026-10-05,2019-11-05,2248.5002
2026-10-05,2019-11-07,2605.6931
2026-10-05,2019-11-08,3163.0293
2026-10-05,2019-11-11,3862.8687
2026-10-05,2019-11-12,3165.0602
2026-10-05,2019-11-13,2983.6621
2026-10-05,2019-11-14,1989.6507
2026-10-05,2019-11-15,2117.51
2026-10-05,2019-11-19,2868.8234
2026-10-05,2019-11-20,2760.0992
2026-10-05,2019-11-21,2776.4916
2026-10-05,2019-11-22,2137.2293
2026-10-05,2019-11-25,3487.1565
2026-10-05,2019-11-26,1919.7938
2026-10-05,2019-11-27,2340.8671
2026-10-05,2019-11-28,2385.7092
2026-10-05,2019-11-29,1957.994
2026-10-05,2019-12-02,2654.0077
2026-10-05,2019-12-03,2381.9561
2026-10-05,2019-12-04,2206.743
2026-10-05,2019-12-05,2357.1913
2026-10-05,2019-12-06,2298.6965
2026-10-05,2019-12-09,4097.9212
2026-10-05,2019-12-10,2894.8958
2026-10-05,2019-12-11,2681.7382
2026-10-05,2019-12-12,2030.7675
2026-10-05,2019-12-13,1654.9654
2026-10-05,2019-12-16,3548.9976
2026-10-05,2019-12-17,2617.6223
2026-10-05,2019-12-18,2814.5441
2026-10-05,2019-12-19,2109.2316
2026-10-05,2019-12-20,1638.8768
2026-10-05,2019-12-23,2995.1267
2026-10-05,2019-12-26,3892.204
2026-10-05,2019-12-27,3383.224
2026-10-05,2019-12-30,3871.7764
2026-10-05,2020-01-02,4412.5967
2026-10-05,2020-01-03,2734.6704
2026-10-05,2020-01-06,4852.9462
2026-10-05,2020-01-07,3816.7406
2026-10-05,2020-01-08,2554.4554
2026-10-05,2020-01-09,2389.2267
2026-10-05,2020-01-10,2258.8139
2026-10-05,2020-01-13,4614.675
2026-10-05,2020-01-14,2878.2177
2026-10-05,2020-01-15,2292.811
2026-10-05,2020-01-16,2477.2041
2026-10-05,2020-01-17,2249.7093
2026-10-05,2020-01-20,4595.974
2026-10-05,2020-01-21,2812.3284
2026-10-05,2020-01-22,1532.6455
2026-10-05,2020-01-23,1855.9483
2026-10-05,2020-01-24,1292.94
2026-10-05,2020-01-27,2025.0309
2026-10-05,2020-01-28,1448.6268
2026-10-05,2020-01-29,6.1347
2026-10-05,2020-01-30,2045.112
2026-10-05,2020-01-31,34.5894
2026-10-05,2020-02-03,67.58
2026-10-05,2020-02-04,10350.8246
2026-10-05,2020-02-05,-1.2471
2026-10-05,2020-02-06,6592.7818
2026-10-05,2020-02-07,6.8072
2026-10-05,2020-02-10,3.7005
2026-10-05,2020-02-11,2825.2461
2026-10-05,2020-02-12,1.0783
2026-10-05,2020-02-13,3009.5103
2026-10-05,2020-02-14,6.2893
2026-10-05,2020-02-17,12.8996
2026-10-05,2020-02-18,4252.2924
2026-10-05,2020-02-19,3.6393
2026-10-05,2020-02-20,3098.6576
2026-10-05,2020-02-21,2.3655
2026-10-05,2020-02-26,4002.3511
2026-10-05,2020-02-27,1739.2153
2026-10-05,2020-02-28,31.5236
2026-10-05,2020-03-02,110.4691
2026-10-05,2020-03-03,12162.3921
2026-10-05,2020-03-04,1.8783
2026-10-05,2020-03-05,7948.8453
2026-10-05,2020-03-06,0.9055
2026-10-05,2020-03-09,1.3684
2026-10-05,2020-03-10,4603.1407
2026-10-05,2020-03-11,0.3031
2026-10-05,2020-03-12,5569.5848
2026-10-05,2020-03-13,0.6585
2026-10-05,2020-03-16,1.8792
2026-10-05,2020-03-17,5877.7578
2026-10-05,2020-03-18,0.6703
2026-10-05,2020-03-19,5954.9475
2026-10-05,2020-03-20,1.304
2026-10-05,2020-03-25,6253.1284
2026-10-05,2020-03-26,4377.7411
2026-10-05,2020-03-27,3.8666
2026-10-05,2020-03-30,105.8261
2026-10-05,2020-04-01,13424.9367
2026-10-05,2020-04-02,15.5976
2026-10-05,2020-04-03,7168.8452
2026-10-05,2020-04-06,93.1039
2026-10-05,2020-04-07,2111.4849
2026-10-05,2020-04-08,2783.2523
2026-10-05,2020-04-13,266.6206
2026-10-05,2020-04-14,3452.9255
2026-10-05,2020-04-15,6.4209
2026-10-05,2020-04-16,3327.7973
2026-10-05,2020-04-17,2.9505
2026-10-05,2020-04-20,490.9318
2026-10-05,2020-04-21,2270.5863
2026-10-05,2020-04-22,177.5425
2026-10-05,2020-04-23,3026.2736
2026-10-05,2020-04-24,198.7926
2026-10-05,2020-04-27,865.1713
2026-10-05,2020-04-28,9836.4654
2026-10-05,2020-04-29,308.3208
2026-10-05,2020-04-30,5794.54
2026-10-05,2020-05-04,1397.6097
2026-10-05,2020-05-05,1978.4562
2026-10-05,2020-05-06,130.8632
2026-10-05,2020-05-07,2808.6802
2026-10-05,2020-05-08,195.8275
2026-10-05,2020-05-11,589.9937
2026-10-05,2020-05-12,8687.0921
2026-10-05,2020-05-13,189.5749
2026-10-05,2020-05-14,4046.9644
2026-10-05,2020-05-15,228.307
2026-10-05,2020-05-18,476.7606
2026-10-05,2020-05-19,2563.3307
2026-10-05,2020-05-20,373.2289
2026-10-05,2020-05-21,3223.901
2026-10-05,2020-05-22,389.0543
2026-10-05,2020-05-26,10601.1905
2026-10-05,2020-05-27,373.5241
2026-10-05,2020-05-28,3267.052
2026-10-05,2020-05-29,396.5218
2026-10-05,2020-06-01,1098.8787
2026-10-05,2020-06-02,2993.0304
2026-10-05,2020-06-03,173.9751
2026-10-05,2020-06-04,2714.245
2026-10-05,2020-06-05,220.0409
2026-10-05,2020-06-08,720.5074
2026-10-05,2020-06-09,8234.7971
2026-10-05,2020-06-10,282.2128
2026-10-05,2020-06-11,4189.854
2026-10-05,2020-06-12,318.308
2026-10-05,2020-06-16,7356.4807
2026-10-05,2020-06-17,312.771
2026-10-05,2020-06-18,3123.2483
2026-10-05,2020-06-19,315.4296
2026-10-05,2020-06-22,1036.15
2026-10-05,2020-06-23,9354.6433
2026-10-05,2020-06-24,363.4663
2026-10-05,2020-06-25,3248.773
2026-10-05,2020-06-26,360.8891
2026-10-05,2020-06-29,1040.196
2026-10-05,2020-06-30,11711.6709
2026-10-05,2020-07-01,383.8473
2026-10-05,2020-07-02,3123.3306
2026-10-05,2020-07-03,280.9384
2026-10-05,2020-07-06,856.6569
2026-10-05,2020-07-07,8733.7573
2026-10-05,2020-07-08,4121.6232
2026-10-05,2020-07-13,1860.502
2026-10-05,2020-07-14,6227.1137
2026-10-05,2020-07-15,343.7842
2026-10-05,2020-07-16,3598.9599
2026-10-05,2020-07-17,380.4737
2026-10-05,2020-07-20,1209.8511
2026-10-05,2020-07-21,9450.1265
2026-10-05,2020-07-22,393.3302
2026-10-05,2020-07-23,3278.8997
2026-10-05,2020-07-24,381.7819
2026-10-05,2020-07-27,1173.5986
2026-10-05,2020-07-28,11749.9851
2026-10-05,2020-07-29,406.9912
2026-10-05,2020-07-30,3970.4132
2026-10-05,2020-07-31,387.6985
2026-10-05,2020-08-03,1053.0546
2026-10-05,2020-08-04,9341.7987
2026-10-05,2020-08-05,300.9657
2026-10-05,2020-08-06,3850.9788
2026-10-05,2020-08-07,314.8174
2026-10-05,2020-08-10,1025.9798
2026-10-05,2020-08-11,6447.8261
2026-10-05,2020-08-12,346.2716
2026-10-05,2020-08-13,3564.634
2026-10-05,2020-08-14,323.0451
2026-10-05,2020-08-18,10017.5249
2026-10-05,2020-08-19,365.9335
2026-10-05,2020-08-20,3771.7029
2026-10-05,2020-08-21,359.5389
2026-10-05,2020-08-24,1120.8859
2026-10-05,2020-08-25,10754.7101
2026-10-05,2020-08-26,383.254
2026-10-05,2020-08-27,3531.7431
2026-10-05,2020-08-28,373.6978
2026-10-05,2020-08-31,977.0573
2026-10-05,2020-09-01,11593.543
2026-10-05,2020-09-02,314.2693
2026-10-05,2020-09-03,5500.4319
2026-10-05,2020-09-04,322.389
2026-10-05,2020-09-07,964.9769
2026-10-05,2020-09-08,7459.5078
2026-10-05,2020-09-09,367.2265
2026-10-05,2020-09-10,4408.7416
2026-10-05,2020-09-11,365.7722
2026-10-05,2020-09-14,1092.7039
2026-10-05,2020-09-15,8469.7027
2026-10-05,2020-09-16,394.6618
2026-10-05,2020-09-17,4291.5499
2026-10-05,2020-09-18,366.3451
2026-10-05,2020-09-21,1114.0911
2026-10-05,2020-09-22,9710.5092
2026-10-05,2020-09-23,402.5329
2026-10-05,2020-09-24,4082.2917
2026-10-05,2020-09-25,397.8012
2026-10-05,2020-09-28,1249.4109
2026-10-05,2020-09-29,10990.7654
2026-10-05,2020-09-30,405.5323
2026-10-05,2020-10-01,6188.9164
2026-10-05,2020-10-02,293.4137
2026-10-05,2020-10-05,1464.8042
2026-10-05,2020-10-06,7338.0685
2026-10-05,2020-10-07,530.6548
2026-10-05,2020-10-08,4972.8736
2026-10-05,2020-10-09,522.5673
2026-10-05,2020-10-13,10131.8546
2026-10-05,2020-10-14,623.1498
2026-10-05,2020-10-15,5513.472
2026-10-05,2020-10-16,616.5138
2026-10-05,2020-10-19,1179.6493
2026-10-05,2020-10-20,8324.7389
2026-10-05,2020-10-21,265.2108
2026-10-05,2020-10-22,4518.4992
2026-10-05,2020-10-23,2555.8317
2026-10-05,2020-10-26,1270.7558
2026-10-05,2020-10-27,11105.1201
2026-10-05,2020-10-28,837.3292
2026-10-05,2020-10-29,5412.2197
2026-10-05,2020-10-30,2282.6134
2026-10-05,2020-11-02,1366.6386
2026-10-05,2020-11-03,5383.7745
2026-10-05,2020-11-04,766.0781
2026-10-05,2020-11-05,6205.4063
2026-10-05,2020-11-09,3460.7275
2026-10-05,2020-11-10,7682.0706
2026-10-05,2020-11-11,840.8486
2026-10-05,2020-11-12,6661.8494
2026-10-05,2020-11-13,146.1927
2026-10-05,2020-11-16,1847.4749
2026-10-05,2020-11-17,7654.3327
2026-10-05,2020-11-18,1170.6894
2026-10-05,2020-11-19,4311.0223
2026-10-05,2020-11-20,983.6622
2026-10-05,2020-11-24,10889.9456
2026-10-05,2020-11-25,1216.2868
2026-10-05,2020-11-26,4745.0766
2026-10-05,2020-11-27,1168.1341
2026-10-05,2020-11-30,576.6271
2026-10-05,2020-12-01,6628.1234
2026-10-05,2020-12-02,1114.0352
2026-10-05,2020-12-03,6177.7954
2026-10-05,2020-12-04,942.0371
2026-10-05,2020-12-09,10536.7802
2026-10-05,2020-12-10,6902.7367
2026-10-05,2020-12-11,1498.2143
2026-10-05,2020-12-14,927.461
2026-10-05,2020-12-15,6897.9799
2026-10-05,2020-12-16,2094.9199
2026-10-05,2020-12-17,6834.5563
2026-10-05,2020-12-18,1426.9978
2026-10-05,2020-12-21,1657.928
2026-10-05,2020-12-22,8607.3265
2026-10-05,2020-12-23,1937.9486
2026-10-05,2020-12-28,9743.6653
2026-10-05,2020-12-29,6518.1731
2026-10-05,2020-12-30,2409.5779
2026-10-05,2021-01-04,9055.3251
2026-10-05,2021-01-05,7686.6304
2026-10-05,2021-01-06,2846.9591
2026-10-05,2021-01-07,5742.9184
2026-10-05,2021-01-08,83.6898
2026-10-05,2021-01-11,1740.131
2026-10-05,2021-01-12,8019.8759
2026-10-05,2021-01-13,2192.3836
2026-10-05,2021-01-14,6084.4428
2026-10-05,2021-01-15,1120.4929
2026-10-05,2021-01-18,1787.9311
2026-10-05,2021-01-19,9960.3629
2026-10-05,2021-01-20,1680.8091
2026-10-05,2021-01-21,4092.0696
2026-10-05,2021-01-22,1333.7654
2026-10-05,2021-01-25,1712.5769
2026-10-05,2021-01-26,8118.708
2026-10-05,2021-01-27,1321.2594
2026-10-05,2021-01-28,7264.9486
2026-10-05,2021-01-29,1269.3554
2026-10-05,2021-02-01,1860.6635
2026-10-05,2021-02-02,8703.7678
2026-10-05,2021-02-03,1420.9501
2026-10-05,2021-02-04,6089.0018
2026-10-05,2021-02-05,1641.5642
2026-10-05,2021-02-08,1314.0325
2026-10-05,2021-02-09,7865.8412
2026-10-05,2021-02-10,1456.9792
2026-10-05,2021-02-11,6026.4901
2026-10-05,2021-02-12,1151.0375
2026-10-05,2021-02-17,13113.004
2026-10-05,2021-02-18,5607.6446
2026-10-05,2021-02-19,1590.3463
2026-10-05,2021-02-22,294.9706
2026-10-05,2021-02-23,6652.461
2026-10-05,2021-02-24,2444.7206
2026-10-05,2021-02-25,7362.5684
2026-10-05,2021-02-26,1297.4456
2026-10-05,2021-03-01,1212.443
2026-10-05,2021-03-02,8802.4335
2026-10-05,2021-03-03,2452.7186
2026-10-05,2021-03-04,7514.2313
2026-10-05,2021-03-05,1814.0714
2026-10-05,2021-03-08,1059.2098
2026-10-05,2021-03-09,8088.4234
2026-10-05,2021-03-10,1756.6569
2026-10-05,2021-03-11,7850.1963
2026-10-05,2021-03-12,1550.7652
2026-10-05,2021-03-15,1403.8773
2026-10-05,2021-03-16,7822.8491
2026-10-05,2021-03-17,1830.0674
2026-10-05,2021-03-18,6938.448
2026-10-05,2021-03-19,1940.0231
2026-10-05,2021-03-22,1381.9009
2026-10-05,2021-03-23,7204.8145
2026-10-05,2021-03-25,10482.8933
2026-10-05,2021-03-26,1831.6547
2026-10-05,2021-03-29,1455.7565
2026-10-05,2021-03-30,10256.0167
2026-10-05,2021-03-31,7406.3786
2026-10-05,2021-04-05,9380.2426
2026-10-05,2021-04-06,9318.3931
2026-10-05,2021-04-07,2126.3372
2026-10-05,2021-04-08,5413.6367
2026-10-05,2021-04-09,73.5203
2026-10-05,2021-04-12,3217.1363
2026-10-05,2021-04-13,10313.5921
2026-10-05,2021-04-14,1894.6893
2026-10-05,2021-04-15,6375.5673
2026-10-05,2021-04-16,1153.6825
2026-10-05,2021-04-19,2911.7898
2026-10-05,2021-04-20,8443.2202
2026-10-05,2021-04-21,1839.2418
2026-10-05,2021-04-22,7039.6442
2026-10-05,2021-04-23,1798.2688
2026-10-05,2021-04-26,2697.5871
2026-10-05,2021-04-27,10024.083
2026-10-05,2021-04-28,1828.956
2026-10-05,2021-04-29,7220.8657
2026-10-05,2021-04-30,1726.6671
2026-10-05,2021-05-03,2555.7289
2026-10-05,2021-05-04,11813.1383
2026-10-05,2021-05-05,2123.838
2026-10-05,2021-05-06,7472.453
2026-10-05,2021-05-07,1990.9657
2026-10-05,2021-05-10,2015.2319
2026-10-05,2021-05-11,11235.11
2026-10-05,2021-05-12,2145.8734
2026-10-05,2021-05-13,8385.2189
2026-10-05,2021-05-14,2004.0756
2026-10-05,2021-05-17,2195.8492
2026-10-05,2021-05-18,8570.1995
2026-10-05,2021-05-19,2406.165
2026-10-05,2021-05-20,6931.2717
2026-10-05,2021-05-21,2390.1341
2026-10-05,2021-05-26,15586.5871
2026-10-05,2021-05-27,10930.6858
2026-10-05,2021-05-28,3138.6886
2026-10-05,2021-05-31,628.5345
2026-10-05,2021-06-01,9338.6444
2026-10-05,2021-06-02,4770.017
2026-10-05,2021-06-03,9400.3233
2026-10-05,2021-06-04,1920.403
2026-10-05,2021-06-07,2058.6455
2026-10-05,2021-06-08,10063.3123
2026-10-05,2021-06-09,3344.3128
2026-10-05,2021-06-10,8137.6699
2026-10-05,2021-06-11,2094.8626
2026-10-05,2021-06-14,1928.6017
2026-10-05,2021-06-15,8495.5519
2026-10-05,2021-06-16,3214.5187
2026-10-05,2021-06-17,6889.4769
2026-10-05,2021-06-18,1835.0087
2026-10-05,2021-06-22,10454.967
2026-10-05,2021-06-23,3097.974
2026-10-05,2021-06-24,9307.1678
2026-10-05,2021-06-25,1843.7841
2026-10-05,2021-06-28,240.0443
2026-10-05,2021-06-29,10069.376
2026-10-05,2021-06-30,3416.8043
2026-10-05,2021-07-01,11992.3528
2026-10-05,2021-07-02,1727.1685
2026-10-05,2021-07-05,1370.2884
2026-10-05,2021-07-06,10336.2221
2026-10-05,2021-07-07,3509.1647
2026-10-05,2021-07-08,9910.8556
2026-10-05,2021-07-12,4579.6689
2026-10-05,2021-07-13,8357.5765
2026-10-05,2021-07-14,3296.1588
2026-10-05,2021-07-15,8116.9713
2026-10-05,2021-07-16,94.9813
2026-10-05,2021-07-19,2648.2387
2026-10-05,2021-07-20,8745.6424
2026-10-05,2021-07-21,2933.8871
2026-10-05,2021-07-22,9467.4864
2026-10-05,2021-07-23,1768.5938
2026-10-05,2021-07-26,2392.1753
2026-10-05,2021-07-27,10492.4624
2026-10-05,2021-07-28,3054.8601
2026-10-05,2021-07-29,10127.7596
2026-10-05,2021-07-30,2396.4771
2026-10-05,2021-08-02,2642.8244
2026-10-05,2021-08-03,12819.2893
2026-10-05,2021-08-04,2902.6604
2026-10-05,2021-08-05,9679.3107
2026-10-05,2021-08-06,2403.8592
2026-10-05,2021-08-09,2153.8431
2026-10-05,2021-08-10,8506.1928
2026-10-05,2021-08-11,2923.4147
2026-10-05,2021-08-12,7979.4703
2026-10-05,2021-08-13,2838.237
2026-10-05,2021-08-17,10697.8283
2026-10-05,2021-08-18,2996.1381
2026-10-05,2021-08-19,9401.4894
2026-10-05,2021-08-20,3067.8062
2026-10-05,2021-08-23,292.14
2026-10-05,2021-08-24,12727.9224
2026-10-05,2021-08-25,3008.1639
2026-10-05,2021-08-26,10140.5341
2026-10-05,2021-08-27,2080.2893
2026-10-05,2021-08-30,1878.7621
2026-10-05,2021-08-31,13428.389
2026-10-05,2021-09-01,3080.3923
2026-10-05,2021-09-02,11749.1067
2026-10-05,2021-09-03,2122.3097
2026-10-05,2021-09-06,1939.9078
2026-10-05,2021-09-07,10514.7716
2026-10-05,2021-09-08,2994.07
2026-10-05,2021-09-09,8962.6722
2026-10-05,2021-09-10,2746.2655
2026-10-05,2021-09-13,2264.4484
2026-10-05,2021-09-14,8432.7892
2026-10-05,2021-09-15,3142.5976
2026-10-05,2021-09-16,9298.7794
2026-10-05,2021-09-17,2610.2456
2026-10-05,2021-09-20,2573.2595
2026-10-05,2021-09-21,12239.5417
2026-10-05,2021-09-22,3185.7503
2026-10-05,2021-09-23,9402.3365
2026-10-05,2021-09-24,2266.2791
2026-10-05,2021-09-27,2829.3941
2026-10-05,2021-09-28,13044.3459
2026-10-05,2021-09-29,3363.3979
2026-10-05,2021-09-30,11372.0651
2026-10-05,2021-10-01,2184.0045
2026-10-05,2021-10-04,3035.0866
2026-10-05,2021-10-05,10957.7506
2026-10-05,2021-10-06,3090.9278
2026-10-05,2021-10-07,8683.2769
2026-10-05,2021-10-12,18669.3628
2026-10-05,2021-10-13,3284.4271
2026-10-05,2021-10-14,8752.7296
2026-10-05,2021-10-15,183.1313
2026-10-05,2021-10-18,377.1253
2026-10-05,2021-10-19,16021.1855
2026-10-05,2021-10-20,3325.8954
2026-10-05,2021-10-21,8558.0497
2026-10-05,2021-10-22,1778.0655
2026-10-05,2021-10-25,1821.9272
2026-10-05,2021-10-26,13640.1956
2026-10-05,2021-10-27,3765.0771
2026-10-05,2021-10-28,7833.4271
2026-10-05,2021-10-29,2070.3722
2026-10-05,2021-11-01,2342.8177
2026-10-05,2021-11-02,11336.3475
2026-10-05,2021-11-03,3161.9314
2026-10-05,2021-11-04,12877.0609
2026-10-05,2021-11-05,2491.1909
2026-10-05,2021-11-08,2665.8457
2026-10-05,2021-11-09,14147.935
2026-10-05,2021-11-10,3502.5596
2026-10-05,2021-11-11,8250.834
2026-10-05,2021-11-12,2691.3468
2026-10-05,2021-11-15,2436.7627
2026-10-05,2021-11-16,15066.2939
2026-10-05,2021-11-17,3189.8858
2026-10-05,2021-11-18,8669.5421
2026-10-05,2021-11-19,2816.8302
2026-10-05,2021-11-23,15425.0585
2026-10-05,2021-11-24,3284.9346
2026-10-05,2021-11-25,7379.1504
2026-10-05,2021-11-26,3329.2327
2026-10-05,2021-11-29,860.3984
2026-10-05,2021-11-30,12851.6167
2026-10-05,2021-12-01,3259.1229
2026-10-05,2021-12-02,11776.0609
2026-10-05,2021-12-03,2803.7931
2026-10-05,2021-12-06,1632.1324
2026-10-05,2021-12-07,10580.2795
2026-10-05,2021-12-09,11797.4102
2026-10-05,2021-12-10,3218.9881
2026-10-05,2021-12-13,2571.3744
2026-10-05,2021-12-14,16485.1259
2026-10-05,2021-12-15,164.1092
2026-10-05,2021-12-16,9718.4438
2026-10-05,2021-12-17,3520.2391
2026-10-05,2021-12-20,2746.9624
2026-10-05,2021-12-21,14248.3853
2026-10-05,2021-12-22,1890.477
2026-10-05,2021-12-23,6783.3272
2026-10-05,2021-12-27,8633.6341
2026-10-05,2021-12-28,17064.7558
2026-10-05,2021-12-29,2890.1081
2026-10-05,2021-12-30,13135.146
2026-10-05,2022-01-03,6104.3513
2026-10-05,2022-01-04,11472.4946
2026-10-05,2022-01-05,3603.8041
2026-10-05,2022-01-06,10676.8812
2026-10-05,2022-01-07,116.8058
2026-10-05,2022-01-10,4620.1219
2026-10-05,2022-01-11,12062.5202
2026-10-05,2022-01-12,2862.5164
2026-10-05,2022-01-13,7581.1529
2026-10-05,2022-01-14,3804.2244
2026-10-05,2022-01-17,3691.2054
2026-10-05,2022-01-18,11199.1943
2026-10-05,2022-01-19,2142.8591
2026-10-05,2022-01-20,6299.0388
2026-10-05,2022-01-21,2045.8399
2026-10-05,2022-01-24,2340.4467
2026-10-05,2022-01-25,10728.2938
2026-10-05,2022-01-26,2299.8661
2026-10-05,2022-01-27,7076.6656
2026-10-05,2022-01-28,2329.279
2026-10-05,2022-01-31,3019.3473
2026-10-05,2022-02-01,13446.0924
2026-10-05,2022-02-02,794.3232
2026-10-05,2022-02-03,3897.9562
2026-10-05,2022-02-04,752.2279
2026-10-05,2022-02-07,2319.7885
2026-10-05,2022-02-08,25556.2428
2026-10-05,2022-02-09,962.7206
2026-10-05,2022-02-10,14092.8476
2026-10-05,2022-02-11,992.6198
2026-10-05,2022-02-14,2877.983
2026-10-05,2022-02-15,17143.6115
2026-10-05,2022-02-16,749.8157
2026-10-05,2022-02-17,11053.9019
2026-10-05,2022-02-18,866.9784
2026-10-05,2022-02-21,2987.5595
2026-10-05,2022-02-22,9690.5779
2026-10-05,2022-02-23,709.4381
2026-10-05,2022-02-24,8510.6816
2026-10-05,2022-02-25,594.3044
2026-10-05,2022-03-02,14671.2755
2026-10-05,2022-03-03,9881.4332
2026-10-05,2022-03-04,499.9651
2026-10-05,2022-03-07,1638.7178
2026-10-05,2022-03-08,18421.8999
2026-10-05,2022-03-09,608.9907
2026-10-05,2022-03-10,13141.7211
2026-10-05,2022-03-11,511.8387
2026-10-05,2022-03-14,1733.7831
2026-10-05,2022-03-15,17162.6582
2026-10-05,2022-03-16,528.0022
2026-10-05,2022-03-17,12297.9834
2026-10-05,2022-03-18,571.9707
2026-10-05,2022-03-21,1651.9682
2026-10-05,2022-03-22,14971.1774
2026-10-05,2022-03-23,11416.2968
2026-10-05,2022-03-25,1362.1994
2026-10-05,2022-03-28,2038.621
2026-10-05,2022-03-29,10858.91
2026-10-05,2022-03-30,702.5063
2026-10-05,2022-03-31,13096.7492
2026-10-05,2022-04-01,640.347
2026-10-05,2022-04-04,1253.8786
2026-10-05,2022-04-05,17096.8294
2026-10-05,2022-04-06,486.1817
2026-10-05,2022-04-07,17592.7157
2026-10-05,2022-04-08,604.1675
2026-10-05,2022-04-11,1837.0669
2026-10-05,2022-04-12,17307.4773
2026-10-05,2022-04-13,7979.6768
2026-10-05,2022-04-18,1996.1482
2026-10-05,2022-04-19,8142.3024
2026-10-05,2022-04-20,465.9575
2026-10-05,2022-04-21,20051.905
2026-10-05,2022-04-22,644.3052
2026-10-05,2022-04-25,2120.2577
2026-10-05,2022-04-26,10080.2421
2026-10-05,2022-04-27,586.127
2026-10-05,2022-04-28,14369.5279
2026-10-05,2022-04-29,693.8611
2026-10-05,2022-05-02,1934.5541
2026-10-05,2022-05-03,21633.4895
2026-10-05,2022-05-04,491.1128
2026-10-05,2022-05-05,17894.2828
2026-10-05,2022-05-06,457.2147
2026-10-05,2022-05-09,1499.1002
2026-10-05,2022-05-10,18776.6857
2026-10-05,2022-05-11,472.6487
2026-10-05,2022-05-12,14341.3602
2026-10-05,2022-05-13,462.3731
2026-10-05,2022-05-16,1758.6761
2026-10-05,2022-05-17,13343.6758
2026-10-05,2022-05-19,16871.3114
2026-10-05,2022-05-20,678.2817
2026-10-05,2022-05-23,2092.4501
2026-10-05,2022-05-24,13576.4181
2026-10-05,2022-05-26,16412.9518
2026-10-05,2022-05-27,604.993
2026-10-05,2022-05-30,2063.628
2026-10-05,2022-05-31,23268.4908
2026-10-05,2022-06-01,708.9546
2026-10-05,2022-06-02,22736.2205
2026-10-05,2022-06-03,510.6097
2026-10-05,2022-06-06,1551.1179
2026-10-05,2022-06-07,22251.2863
2026-10-05,2022-06-08,487.2148
2026-10-05,2022-06-09,16060.8947
2026-10-05,2022-06-10,483.7287
2026-10-05,2022-06-13,1699.5726
2026-10-05,2022-06-14,12877.1785
2026-10-05,2022-06-15,523.4517
2026-10-05,2022-06-16,15074.3966
2026-10-05,2022-06-21,18363.67
2026-10-05,2022-06-22,588.8393
2026-10-05,2022-06-23,15776.7491
2026-10-05,2022-06-24,612.6154
2026-10-05,2022-06-27,2479.1581
2026-10-05,2022-06-28,20238.1828
2026-10-05,2022-06-29,924.0144
2026-10-05,2022-06-30,29641.8098
2026-10-05,2022-07-01,1299.1729
2026-10-05,2022-07-04,3368.8892
2026-10-05,2022-07-05,29711.4314
2026-10-05,2022-07-06,1387.998
2026-10-05,2022-07-07,19774.6972
2026-10-05,2022-07-08,1224.157
2026-10-05,2022-07-11,3802.1332
2026-10-05,2022-07-12,16869.0904
2026-10-05,2022-07-13,32660.9758
2026-10-05,2022-07-14,10678.552
2026-10-05,2022-07-15,1052.6869
2026-10-05,2022-07-18,3288.4787
2026-10-05,2022-07-19,24659.2056
2026-10-05,2022-07-20,18928.8266
2026-10-05,2022-07-21,20776.0633
2026-10-05,2022-07-22,1363.6919
2026-10-05,2022-07-25,4017.59
2026-10-05,2022-07-26,20579.6268
2026-10-05,2022-07-27,17678.0389
2026-10-05,2022-07-28,28316.4059
2026-10-05,2022-07-29,1681.0972
2026-10-05,2022-08-01,4030.3684
2026-10-05,2022-08-02,22429.1912
2026-10-05,2022-08-03,2681.1245
2026-10-05,2022-08-04,39528.3121
2026-10-05,2022-08-05,1200.7066
2026-10-05,2022-08-08,3733.2612
2026-10-05,2022-08-09,30983.3769
2026-10-05,2022-08-10,1530.2059
2026-10-05,2022-08-11,12043.9031
2026-10-05,2022-08-12,1508.5061
2026-10-05,2022-08-16,22611.7943
2026-10-05,2022-08-17,1850.2044
2026-10-05,2022-08-18,16517.9206
2026-10-05,2022-08-19,1678.1771
2026-10-05,2022-08-22,5114.9116
2026-10-05,2022-08-23,19182.2249
2026-10-05,2022-08-24,70101.1783
2026-10-05,2022-08-25,33798.0283
2026-10-05,2022-08-26,1989.0011
2026-10-05,2022-08-29,6109.2626
2026-10-05,2022-08-30,34611.4338
2026-10-05,2022-08-31,11325.7715
2026-10-05,2022-09-01,45595.6644
2026-10-05,2022-09-05,7454.0398
2026-10-05,2022-09-06,30630.0073
2026-10-05,2022-09-07,15885.3358
2026-10-05,2022-09-08,26231.4785
2026-10-05,2022-09-09,2510.5759
2026-10-05,2022-09-12,8200.5864
2026-10-05,2022-09-13,21424.6538
2026-10-05,2022-09-14,10137.6583
2026-10-05,2022-09-15,22517.7596
2026-10-05,2022-09-16,2407.4582
2026-10-05,2022-09-19,9374.5293
2026-10-05,2022-09-20,28189.826
2026-10-05,2022-09-21,11962.5012
2026-10-05,2022-09-22,43939.4886
2026-10-05,2022-09-23,2601.8438
2026-10-05,2022-09-26,8097.7237
2026-10-05,2022-09-27,40308.127
2026-10-05,2022-09-28,22194.5674
2026-10-05,2022-09-29,46126.3197
2026-10-05,2022-09-30,2983.5923
2026-10-05,2022-10-03,8566.4226
2026-10-05,2022-10-04,27557.5345
2026-10-05,2022-10-05,29097.0914
2026-10-05,2022-10-06,45910.894
2026-10-05,2022-10-11,43339.098
2026-10-05,2022-10-12,8639.9302
2026-10-05,2022-10-13,23973.44
2026-10-05,2022-10-14,2293.1888
2026-10-05,2022-10-17,7289.3358
2026-10-05,2022-10-18,47125.3453
2026-10-05,2022-10-19,10067.0952
2026-10-05,2022-10-20,52961.4865
2026-10-05,2022-10-21,2901.4093
2026-10-05,2022-10-24,8753.1283
2026-10-05,2022-10-25,47118.3385
2026-10-05,2022-10-26,10980.1761
2026-10-05,2022-10-27,48785.3286
2026-10-05,2022-10-28,3286.0374
2026-10-05,2022-10-31,10321.7504
2026-10-05,2022-11-01,38719.7798
2026-10-05,2022-11-02,24087.2263
2026-10-05,2022-11-03,55269.5916
2026-10-05,2022-11-04,3256.9881
2026-10-05,2022-11-07,9898.7075
2026-10-05,2022-11-08,37253.2354
2026-10-05,2022-11-09,13297.5325
2026-10-05,2022-11-10,34214.0806
2026-10-05,2022-11-11,2742.7668
2026-10-05,2022-11-14,8380.8986
2026-10-05,2022-11-15,46067.1725
2026-10-05,2022-11-16,11041.9841
2026-10-05,2022-11-17,46453.6861
2026-10-05,2022-11-18,3034.0205
2026-10-05,2022-11-22,58321.6486
2026-10-05,2022-11-23,8737.3535
2026-10-05,2022-11-24,39122.3253
2026-10-05,2022-11-25,3193.96
2026-10-05,2022-11-28,9799.3596
2026-10-05,2022-11-29,45720.8277
2026-10-05,2022-11-30,11408.3482
2026-10-05,2022-12-01,57543.4428
2026-10-05,2022-12-02,3372.6175
2026-10-05,2022-12-05,11427.9247
2026-10-05,2022-12-06,44768.4842
2026-10-05,2022-12-07,50286.682
2026-10-05,2022-12-12,19031.7887
2026-10-05,2022-12-13,45168.2728
2026-10-05,2022-12-14,16142.06
2026-10-05,2022-12-15,47779.4489
2026-10-05,2022-12-16,4046.358
2026-10-05,2022-12-19,11279.7511
2026-10-05,2022-12-20,49744.08
2026-10-05,2022-12-21,9603.5245
2026-10-05,2022-12-22,44737.5786
2026-10-05,2022-12-23,3877.9273
2026-10-05,2022-12-26,11900.1147
2026-10-05,2022-12-27,44508.3784
2026-10-05,2022-12-28,15852.7891
2026-10-05,2022-12-29,67292.0058
2026-10-05,2022-12-30,4458.6021
2026-10-05,2023-01-02,11685.7013
2026-10-05,2023-01-03,45354.2305
2026-10-05,2023-01-04,21606.6018
2026-10-05,2023-01-05,58395.9779
2026-10-05,2023-01-06,3914.1542
2026-10-05,2023-01-09,11828.2801
2026-10-05,2023-01-10,48429.8358
2026-10-05,2023-01-11,53264.1551
2026-10-05,2023-01-12,42762.7414
2026-10-05,2023-01-13,3469.4046
2026-10-05,2023-01-16,10532.2893
2026-10-05,2023-01-17,56942.3401
2026-10-05,2023-01-18,41548.1292
2026-10-05,2023-01-19,48479.0774
2026-10-05,2023-01-20,4530.4987
2026-10-05,2023-01-23,12781.5775
2026-10-05,2023-01-24,44943.9498
2026-10-05,2023-01-25,35337.8363
2026-10-05,2023-01-26,63608.3505
2026-10-05,2023-01-27,5500.0002
2026-10-05,2023-01-30,16134.409
2026-10-05,2023-01-31,60187.6931
2026-10-05,2023-02-01,6553.6454
2026-10-05,2023-02-02,58193.7593
2026-10-05,2023-02-03,5083.9792
2026-10-05,2023-02-06,14938.9084
2026-10-05,2023-02-07,61161.6038
2026-10-05,2023-02-08,12279.047
2026-10-05,2023-02-09,57331.4678
2026-10-05,2023-02-10,4771.3772
2026-10-05,2023-02-13,14163.0903
2026-10-05,2023-02-14,50074.9789
2026-10-05,2023-02-15,14823.099
2026-10-05,2023-02-16,43247.0483
2026-10-05,2023-02-17,4523.2059
2026-10-05,2023-02-22,97675.4261
2026-10-05,2023-02-23,56784.0987
2026-10-05,2023-02-24,5025.4132
2026-10-05,2023-02-27,15396.9863
2026-10-05,2023-02-28,68521.7328
2026-10-05,2023-03-01,21849.7174
2026-10-05,2023-03-02,73483.0398
2026-10-05,2023-03-03,5661.3497
2026-10-05,2023-03-06,16913.5807
2026-10-05,2023-03-07,68247.0765
2026-10-05,2023-03-08,17505.4189
2026-10-05,2023-03-09,67172.1291
2026-10-05,2023-03-10,6202.0812
2026-10-05,2023-03-13,18727.133
2026-10-05,2023-03-14,58175.4635
2026-10-05,2023-03-15,42162.3352
2026-10-05,2023-03-16,47459.35
2026-10-05,2023-03-17,5977.7657
2026-10-05,2023-03-20,18162.2155
2026-10-05,2023-03-21,42575.9858
2026-10-05,2023-03-22,33172.463
2026-10-05,2023-03-23,51175.2492
2026-10-05,2023-03-27,20577.1947
2026-10-05,2023-03-28,65050.8107
2026-10-05,2023-03-29,43190.9459
2026-10-05,2023-03-30,78104.4307
2026-10-05,2023-03-31,5464.2505
2026-10-05,2023-04-03,15942.215
2026-10-05,2023-04-04,63161.3058
2026-10-05,2023-04-05,72953.0051
2026-10-05,2023-04-10,26173.7091
2026-10-05,2023-04-11,76103.7168
2026-10-05,2023-04-12,16357.8825
2026-10-05,2023-04-13,41477.727
2026-10-05,2023-04-14,5425.8421
2026-10-05,2023-04-17,16685.7227
2026-10-05,2023-04-18,76619.5765
2026-10-05,2023-04-19,12505.838
2026-10-05,2023-04-20,65764.0876
2026-10-05,2023-04-21,6932.9333
2026-10-05,2023-04-24,20234.9239
2026-10-05,2023-04-25,65538.4137
2026-10-05,2023-04-26,22522.4846
2026-10-05,2023-04-27,83146.8912
2026-10-05,2023-04-28,8461.7805
2026-10-05,2023-05-02,98661.4059
2026-10-05,2023-05-03,17556.4746
2026-10-05,2023-05-04,72282.5784
2026-10-05,2023-05-05,7416.498
2026-10-05,2023-05-08,22182.3791
2026-10-05,2023-05-09,86729.9113
2026-10-05,2023-05-10,15459.3278
2026-10-05,2023-05-11,61399.9803
2026-10-05,2023-05-12,6469.3798
2026-10-05,2023-05-15,21263.8755
2026-10-05,2023-05-16,65005.1633
2026-10-05,2023-05-17,14946.454
2026-10-05,2023-05-18,71667.1482
2026-10-05,2023-05-19,8166.7834
2026-10-05,2023-05-22,24669.2091
2026-10-05,2023-05-23,81588.2585
2026-10-05,2023-05-24,97452.8962
2026-10-05,2023-05-29,43852.1458
2026-10-05,2023-05-30,108254.4805
2026-10-05,2023-05-31,14434.7295
2026-10-05,2023-06-01,89769.301
2026-10-05,2023-06-02,8622.3214
2026-10-05,2023-06-05,25985.6109
2026-10-05,2023-06-06,115972.7642
2026-10-05,2023-06-07,12680.5342
2026-10-05,2023-06-08,106263.6932
2026-10-05,2023-06-09,9505.4288
2026-10-05,2023-06-12,28829.754
2026-10-05,2023-06-13,91538.3334
2026-10-05,2023-06-14,28031.4603
2026-10-05,2023-06-15,84398.3358
2026-10-05,2023-06-16,9830.4881
2026-10-05,2023-06-21,138911.9436
2026-10-05,2023-06-22,92188.1027
2026-10-05,2023-06-23,8608.9564
2026-10-05,2023-06-26,26865.0139
2026-10-05,2023-06-27,100385.3428
2026-10-05,2023-06-28,16886.7249
2026-10-05,2023-06-29,135673.7882
2026-10-05,2023-06-30,9249.2682
2026-10-05,2023-07-03,27790.4109
2026-10-05,2023-07-04,133529.0057
2026-10-05,2023-07-05,12217.0482
2026-10-05,2023-07-06,106479.4296
2026-10-05,2023-07-07,8519.042
2026-10-05,2023-07-10,25628.7345
2026-10-05,2023-07-11,98339.3442
2026-10-05,2023-07-12,20074.3183
2026-10-05,2023-07-13,103843.1497
2026-10-05,2023-07-14,8930.6748
2026-10-05,2023-07-17,27448.093
2026-10-05,2023-07-18,95032.3825
2026-10-05,2023-07-19,34277.727
2026-10-05,2023-07-20,107821.1284
2026-10-05,2023-07-21,9267.298
2026-10-05,2023-07-24,27394.7243
2026-10-05,2023-07-25,116118.5896
2026-10-05,2023-07-26,16972.8034
2026-10-05,2023-07-27,129336.7841
2026-10-05,2023-07-28,10692.4097
2026-10-05,2023-07-31,34147.6046
2026-10-05,2023-08-01,157033.0735
2026-10-05,2023-08-02,12414.0999
2026-10-05,2023-08-03,80431.6189
2026-10-05,2023-08-04,10782.2548
2026-10-05,2023-08-07,33020.4452
2026-10-05,2023-08-08,144019.1764
2026-10-05,2023-08-09,20677.8194
2026-10-05,2023-08-10,119407.9418
2026-10-05,2023-08-11,12306.1993
2026-10-05,2023-08-14,36072.2419
2026-10-05,2023-08-15,108335.1369
2026-10-05,2023-08-16,18816.9814
2026-10-05,2023-08-17,117037.3032
2026-10-05,2023-08-18,17204.1794
2026-10-05,2023-08-22,177837.5505
2026-10-05,2023-08-23,32949.2045
2026-10-05,2023-08-24,120654.8541
2026-10-05,2023-08-25,15928.9587
2026-10-05,2023-08-28,47356.2946
2026-10-05,2023-08-29,169902.8787
2026-10-05,2023-08-30,43693.3198
2026-10-05,2023-08-31,117596.4138
2026-10-05,2023-09-01,16132.0953
2026-10-05,2023-09-04,48208.7836
2026-10-05,2023-09-05,142806.7675
2026-10-05,2023-09-06,24002.8112
2026-10-05,2023-09-07,123578.438
2026-10-05,2023-09-08,15208.8066
2026-10-05,2023-09-11,46719.1546
2026-10-05,2023-09-12,162593.3931
2026-10-05,2023-09-13,20030.5207
2026-10-05,2023-09-14,149682.0146
2026-10-05,2023-09-15,17791.8271
2026-10-05,2023-09-18,56950.8381
2026-10-05,2023-09-19,158673.4517
2026-10-05,2023-09-20,18520.5622
2026-10-05,2023-09-21,162461.0802
2026-10-05,2023-09-22,18184.6567
2026-10-05,2023-09-25,54692.6614
2026-10-05,2023-09-26,210394.4182
2026-10-05,2023-09-27,19831.7834
2026-10-05,2023-09-28,163001.4002
2026-10-05,2023-09-29,21110.2337
2026-10-05,2023-10-02,57994.6159
2026-10-05,2023-10-03,185114.4714
2026-10-05,2023-10-04,20314.6004
2026-10-05,2023-10-05,173018.8839
2026-10-05,2023-10-06,21117.8816
2026-10-05,2023-10-09,61891.6423
2026-10-05,2023-10-10,147504.6706
2026-10-05,2023-10-11,21105.0828
2026-10-05,2023-10-12,162180.4696
2026-10-05,2023-10-17,279872.5277
2026-10-05,2023-10-18,28608.5962
2026-10-05,2023-10-19,212771.6983
2026-10-05,2023-10-20,30261.1359
2026-10-05,2023-10-23,88900.2213
2026-10-05,2023-10-24,224185.2293
2026-10-05,2023-10-25,32154.9321
2026-10-05,2023-10-26,149110.7868
2026-10-05,2023-10-27,31336.7067
2026-10-05,2023-10-30,94640.0222
2026-10-05,2023-10-31,179048.8717
2026-10-05,2023-11-01,30477.34
2026-10-05,2023-11-02,194308.6192
2026-10-05,2023-11-03,29888.5085
2026-10-05,2023-11-07,236122.0695
2026-10-05,2023-11-08,31456.984
2026-10-05,2023-11-09,111127.2235
2026-10-05,2023-11-10,31463.2443
2026-10-05,2023-11-13,94040.9728
2026-10-05,2023-11-14,206376.0939
2026-10-05,2023-11-15,31249.1755
2026-10-05,2023-11-16,147594.1557
2026-10-05,2023-11-17,31956.8151
2026-10-05,2023-11-21,375802.496
2026-10-05,2023-11-22,39022.673
2026-10-05,2023-11-23,207521.6255
2026-10-05,2023-11-24,44198.2776
2026-10-05,2023-11-27,130418.0409
2026-10-05,2023-11-28,186176.335
2026-10-05,2023-11-29,47753.1513
2026-10-05,2023-11-30,238351.9231
2026-10-05,2023-12-01,48467.3523
2026-10-05,2023-12-04,150215.4711
2026-10-05,2023-12-05,196032.0363
2026-10-05,2023-12-06,54478.8045
2026-10-05,2023-12-07,160770.4012
2026-10-05,2023-12-11,217502.6993
2026-10-05,2023-12-12,250463.7251
2026-10-05,2023-12-13,64428.7455
2026-10-05,2023-12-14,151003.0399
2026-10-05,2023-12-15,58454.7042
2026-10-05,2023-12-18,178589.7147
2026-10-05,2023-12-19,160780.1613
2026-10-05,2023-12-20,67844.1146
2026-10-05,2023-12-21,83544.0258
2026-10-05,2023-12-22,67192.5983
2026-10-05,2023-12-26,278219.5959
2026-10-05,2023-12-27,65075.6567
2026-10-05,2023-12-28,69537.9199
2026-10-05,2023-12-29,66043.3645
2026-10-05,2024-01-02,266335.46
2026-10-05,2024-01-03,68928.0633
2026-10-05,2024-01-04,69359.9343
2026-10-05,2024-01-05,68706.8314
2026-10-05,2024-01-08,207560.3109
2026-10-05,2024-01-09,119683.6036
2026-10-05,2024-01-10,72400.7945
2026-10-05,2024-01-11,166827.6937
2026-10-05,2024-01-12,74814.3033
2026-10-05,2024-01-15,227259.7245
2026-10-05,2024-01-16,76433.3444
2026-10-05,2024-01-17,78980.7978
2026-10-05,2024-01-18,77065.1338
2026-10-05,2024-01-19,73267.8033
2026-10-05,2024-01-22,220815.9726
2026-10-05,2024-01-23,75026.6229
2026-10-05,2024-01-24,78422.0624
2026-10-05,2024-01-25,76420.4467
2026-10-05,2024-01-26,77565.1765
2026-10-05,2024-01-29,232162.0795
2026-10-05,2024-01-30,79076.0229
2026-10-05,2024-01-31,81646.1419
2026-10-05,2024-02-01,81810.3356
2026-10-05,2024-02-02,74656.7868
2026-10-05,2024-02-05,224068.7584
2026-10-05,2024-02-06,76298.9038
2026-10-05,2024-02-07,77703.8056
2026-10-05,2024-02-08,75476.6751
2026-10-05,2024-02-09,75798.0301
2026-10-05,2024-02-14,382234.9846
2026-10-05,2024-02-15,78753.6722
2026-10-05,2024-02-16,79738.6521
2026-10-05,2024-02-19,240242.3228
2026-10-05,2024-02-20,82542.8178
2026-10-05,2024-02-21,76698.1427
2026-10-05,2024-02-22,77872.4261
2026-10-05,2024-02-23,76123.4367
2026-10-05,2024-02-26,231031.5376
2026-10-05,2024-02-27,77308.8116
2026-10-05,2024-02-28,78643.7551
2026-10-05,2024-02-29,78487.8669
2026-10-05,2024-03-01,76829.2132
2026-10-05,2024-03-04,229390.6724
2026-10-05,2024-03-05,78038.6406
2026-10-05,2024-03-06,78971.858
2026-10-05,2024-03-07,79844.9717
2026-10-05,2024-03-08,79178.2468
2026-10-05,2024-03-11,239304.6274
2026-10-05,2024-03-12,81370.0068
2026-10-05,2024-03-13,67331.3186
2026-10-05,2024-03-14,67560.9509
2026-10-05,2024-03-15,68181.8647
2026-10-05,2024-03-18,205953.3437
2026-10-05,2024-03-19,69128.9826
2026-10-05,2024-03-20,69369.2608
2026-10-05,2024-03-21,68715.0934
2026-10-05,2024-03-22,70035.56
2026-10-05,2024-03-25,208396.0333
2026-10-05,2024-03-26,69409.907
2026-10-05,2024-03-27,69731.9774
2026-10-05,2024-04-03,472422.786
2026-10-05,2024-04-04,70942.8184
2026-10-05,2024-04-05,72027.8922
2026-10-05,2024-04-08,217540.9366
2026-10-05,2024-04-09,73795.842
2026-10-05,2024-04-10,74308.9249
2026-10-05,2024-04-11,74744.6851
2026-10-05,2024-04-12,65554.9409
2026-10-05,2024-04-15,195866.3429
2026-10-05,2024-04-16,60666.9553
2026-10-05,2024-04-17,60424.7306
2026-10-05,2024-04-18,60954.319
2026-10-05,2024-04-19,61173.8889
2026-10-05,2024-04-22,181182.6906
2026-10-05,2024-04-23,61205.3029
2026-10-05,2024-04-24,61402.0717
2026-10-05,2024-04-25,62058.3423
2026-10-05,2024-04-26,53546.7096
2026-10-05,2024-04-29,163733.9233
2026-10-05,2024-04-30,54751.6028
2026-10-05,2024-05-02,107549.0328
2026-10-05,2024-05-03,47416.0853
2026-10-05,2024-05-06,142417.8789
2026-10-05,2024-05-07,47540.3869
2026-10-05,2024-05-08,47955.2985
2026-10-05,2024-05-09,47369.9688
2026-10-05,2024-05-10,48112.584
2026-10-05,2024-05-13,145021.8727
2026-10-05,2024-05-14,48624.7176
2026-10-05,2024-05-15,38956.203
2026-10-05,2024-05-16,37124.075
2026-10-05,2024-05-17,35787.9904
2026-10-05,2024-05-20,107811.4337
2026-10-05,2024-05-21,24015.7779
2026-10-05,2024-05-22,27788.1668
2026-10-05,2024-05-23,28448.9879
2026-10-05,2024-05-24,26509.2446
2026-10-05,2024-05-27,79014.3909
2026-10-05,2024-05-28,26113.3358
2026-10-05,2024-05-29,25827.3025
2026-10-05,2024-05-30,25848.1009
2026-10-05,2024-05-31,25479.2637
2026-10-05,2024-06-03,60786.5697
2026-10-05,2024-06-04,20721.3652
2026-10-05,2024-06-05,20862.7219
2026-10-05,2024-06-06,20682.7031
2026-10-05,2024-06-07,20313.8241
2026-10-05,2024-06-10,59246.9344
2026-10-05,2024-06-11,20969.5171
2026-10-05,2024-06-12,21251.0218
2026-10-05,2024-06-13,20380.3024
2026-10-05,2024-06-14,20756.9531
2026-10-05,2024-06-18,74407.1488
2026-10-05,2024-06-19,19419.7549
2026-10-05,2024-06-24,95008.4162
2026-10-05,2024-06-25,19865.1071
2026-10-05,2024-06-26,19676.3159
2026-10-05,2024-06-27,19312.3728
2026-10-05,2024-06-28,19205.1471
2026-10-05,2024-07-01,52210.6808
2026-10-05,2024-07-02,12044.9627
2026-10-05,2024-07-03,14723.861
2026-10-05,2024-07-04,14553.473
2026-10-05,2024-07-05,14791.5383
2026-10-05,2024-07-08,43846.7358
2026-10-05,2024-07-10,29225.192
2026-10-05,2024-07-11,15360.5715
2026-10-05,2024-07-12,15651.9018
2026-10-05,2024-07-15,35250.9622
2026-10-05,2024-07-16,12401.652
2026-10-05,2024-07-17,12878.3263
2026-10-05,2024-07-18,12633.1081
2026-10-05,2024-07-19,12358.9692
2026-10-05,2024-07-22,35680.1219
2026-10-05,2024-07-23,-0.1062
2026-10-05,2024-07-24,0
2026-10-05,2024-07-25,0
2026-10-05,2024-07-26,-0.134
2026-10-05,2024-07-29,0
2026-10-05,2024-07-30,0
2026-10-05,2024-07-31,0
2026-10-05,2024-08-01,0
2026-10-05,2024-08-02,0
2026-10-05,2024-08-05,-126.1316
2026-10-05,2024-08-06,0
2026-10-05,2024-08-07,0
2026-10-05,2024-08-08,-97.4517
2026-10-05,2024-08-09,0
2026-10-05,2024-08-12,-92.2432
2026-10-05,2024-08-13,-28.3825
2026-10-05,2024-08-14,0
2026-10-05,2024-08-15,0
2026-10-05,2024-08-16,0
2026-10-05,2024-08-19,0
2026-10-05,2024-08-20,0
2026-10-05,2024-08-21,0
2026-10-05,2024-08-22,0
2026-10-05,2024-08-23,0
2026-10-05,2024-08-26,0
2026-10-05,2024-08-27,0
2026-10-05,2024-08-28,0
2026-10-05,2024-08-29,0
2026-10-05,2024-08-30,0
2026-10-05,2024-09-02,0
2026-10-05,2024-09-03,0
2026-10-05,2024-09-04,0
2026-10-05,2024-09-05,-0.6988
2026-10-05,2024-09-06,0
2026-10-05,2024-09-09,-0.9455
2026-10-05,2024-09-10,0
2026-10-05,2024-09-11,-54.153
2026-10-05,2024-09-12,0
2026-10-05,2024-09-13,-59.0639
2026-10-05,2024-09-16,-531.9176
2026-10-05,2024-09-17,-76.4569
2026-10-05,2024-09-18,-30.8013
2026-10-05,2024-09-19,-41.189
2026-10-05,2024-09-20,-1.914
2026-10-05,2024-09-23,-100.648
2026-10-05,2024-09-24,-143.105
2026-10-05,2024-09-25,-192.367
2026-10-05,2024-09-26,-66.2848
2026-10-05,2024-09-27,0
2026-10-05,2024-09-30,-59.8767
2026-10-05,2024-10-01,-221.6285
2026-10-05,2024-10-02,-41.9493
2026-10-05,2024-10-03,-19.7306
2026-10-05,2024-10-04,-45.181
2026-10-05,2024-10-07,-34.1566
2026-10-05,2024-10-08,-21.2888
2026-10-05,2024-10-09,-25.7109
2026-10-05,2024-10-10,-19.8167
2026-10-05,2024-10-14,-1867.4725
2026-10-05,2024-10-15,-648.0277
2026-10-05,2024-10-16,-320.7371
2026-10-05,2024-10-17,-464.6382
2026-10-05,2024-10-18,-48.7771
2026-10-05,2024-10-21,-205.9821
2026-10-05,2024-10-22,-182.7958
2026-10-05,2024-10-23,-223.9942
2026-10-05,2024-10-24,-347.1046
2026-10-05,2024-10-25,-208.5384
2026-10-05,2024-10-28,-353.1467
2026-10-05,2024-10-29,-16.8101
2026-10-05,2024-10-30,-132.3785
2026-10-05,2024-10-31,-106.5007
2026-10-05,2024-11-01,-50.9157
2026-10-05,2024-11-04,-118.8491
2026-10-05,2024-11-05,-16.0844
2026-10-05,2024-11-07,-44.2818
2026-10-05,2024-11-08,-122.7911
2026-10-05,2024-11-11,-514.3167
2026-10-05,2024-11-12,-72.4089
2026-10-05,2024-11-13,-2.2093
2026-10-05,2024-11-14,-66.5139
2026-10-05,2024-11-15,-28.0139
2026-10-05,2024-11-19,-327.3819
2026-10-05,2024-11-20,-71.0793
2026-10-05,2024-11-21,-19.986
2026-10-05,2024-11-22,-74.0447
2026-10-05,2024-11-25,-345.3854
2026-10-05,2024-11-26,-226.4698
2026-10-05,2024-11-27,-73.3362
2026-10-05,2024-11-28,-69.9579
2026-10-05,2024-11-29,-469.2919
2026-10-05,2024-12-02,-532.3669
2026-10-05,2024-12-03,-731.0391
2026-10-05,2024-12-04,-83.2136
2026-10-05,2024-12-05,-60.9037
2026-10-05,2024-12-06,-20.2162
2026-10-05,2024-12-09,-28.5276
2026-10-05,2024-12-10,-117.9889
2026-10-05,2024-12-11,-115.9518
2026-10-05,2024-12-12,-103.1644
2026-10-05,2024-12-13,-316.4895
2026-10-05,2024-12-16,-819.3344
2026-10-05,2024-12-17,-32.1391
2026-10-05,2024-12-18,-275.443
2026-10-05,2024-12-19,-20.1078
2026-10-05,2024-12-20,-40.0695
2026-10-05,2024-12-23,-53.1906
2026-10-05,2024-12-26,-192.4292
2026-10-05,2024-12-27,-154.6373
2026-10-05,2024-12-30,-469.4893
2026-10-05,2025-01-02,-1452.547
2026-10-05,2025-01-03,-137.7022
2026-10-05,2025-01-06,-238.0377
2026-10-05,2025-01-07,-17.5953
2026-10-05,2025-01-08,-19.5904
2026-10-05,2025-01-09,-45.7509
2026-10-05,2025-01-10,-462.7459
2026-10-05,2025-01-13,-944.4454
2026-10-05,2025-01-14,-357.8374
2026-10-05,2025-01-15,-274.4779
2026-10-05,2025-01-16,-134.2072
2026-10-05,2025-01-17,-189.1697
2026-10-05,2025-01-20,-3018.3846
2026-10-05,2025-01-21,-503.2155
2026-10-05,2025-01-22,-484.7014
2026-10-05,2025-01-23,-453.1327
2026-10-05,2025-01-24,-2669.8526
2026-10-05,2025-01-27,-1710.5924
2026-10-05,2025-01-28,-1043.6861
2026-10-05,2025-01-29,-1442.8099
2026-10-05,2025-01-30,-497.7608
2026-10-05,2025-01-31,-1230.8669
2026-10-05,2025-02-03,-2085.1219
2026-10-05,2025-02-04,-7.2491
2026-10-05,2025-02-05,-13.7323
2026-10-05,2025-02-06,-14.064
2026-10-05,2025-02-07,-14.8995
2026-10-05,2025-02-10,-170.1818
2026-10-05,2025-02-11,-107.5361
2026-10-05,2025-02-12,-144.0084
2026-10-05,2025-02-13,-212.9712
2026-10-05,2025-02-14,-150.7442
2026-10-05,2025-02-17,-55.6005
2026-10-05,2025-02-18,-96.5844
2026-10-05,2025-02-19,-55.5366
2026-10-05,2025-02-20,-80.7743
2026-10-05,2025-02-21,-23.2199
2026-10-05,2025-02-24,-101.5448
2026-10-05,2025-02-25,-138.2271
2026-10-05,2025-02-26,-113.6995
2026-10-05,2025-02-27,-112.5062
2026-10-05,2025-02-28,-61.2347
2026-10-05,2025-03-05,-732.9089
2026-10-05,2025-03-06,-639.7767
2026-10-05,2025-03-07,-206.9961
2026-10-05,2025-03-10,-126.5644
2026-10-05,2025-03-11,-194.3911
2026-10-05,2025-03-12,-273.9168
2026-10-05,2025-03-13,-359.2163
2026-10-05,2025-03-14,-533.0762
2026-10-05,2025-03-17,-941.9733
2026-10-05,2025-03-18,-98.936
2026-10-05,2025-03-19,-113.7095
2026-10-05,2025-03-20,-106.9152
2026-10-05,2025-03-21,-192.2231
2026-10-05,2025-03-25,-551.5538
2026-10-05,2025-03-26,-468.3024
2026-10-05,2025-03-27,-334.8813
2026-10-05,2025-03-28,-278.8974
2026-10-05,2025-03-31,-757.1323
2026-10-05,2025-04-01,-390.6104
2026-10-05,2025-04-03,-823.6345
2026-10-05,2025-04-04,-186.5086
2026-10-05,2025-04-07,-588.321
2026-10-05,2025-04-08,-233.942
2026-10-05,2025-04-09,-168.9258
2026-10-05,2025-04-10,-581.4159
2026-10-05,2025-04-11,-1000.4014
2026-10-05,2025-04-14,-270.8802
2026-10-05,2025-04-15,-342.1547
2026-10-05,2025-04-16,-374.2959
2026-10-05,2025-04-21,-4079.7426
2026-10-05,2025-04-22,-62.0786
2026-10-05,2025-04-23,-57.584
2026-10-05,2025-04-24,-44.7053
2026-10-05,2025-04-25,-39.7591
2026-10-05,2025-04-28,0
2026-10-05,2025-04-29,0
2026-10-05,2025-04-30,0
2026-10-05,2025-05-05,0
2026-10-05,2025-05-06,0
2026-10-05,2025-05-07,0
2026-10-05,2025-05-08,0
2026-10-05,2025-05-09,0
2026-10-05,2025-05-12,0
2026-10-05,2025-05-13,0
2026-10-05,2025-05-14,0
2026-10-05,2025-05-15,0
2026-10-05,2025-05-16,0
2026-10-05,2025-05-19,0
2026-10-05,2025-05-20,0
2026-10-05,2025-05-21,0
2026-10-05,2025-05-22,0
2026-10-05,2025-05-23,0
2026-10-05,2025-05-26,0
2026-10-05,2025-05-27,0
2026-10-05,2025-05-28,0
2026-10-05,2025-05-29,0
2026-10-05,2025-05-30,0
2026-10-05,2025-06-02,0
2026-10-05,2025-06-03,0
2026-10-05,2025-06-04,0
2026-10-05,2025-06-05,0
2026-10-05,2025-06-06,0
2026-10-05,2025-06-09,0
2026-10-05,2025-06-10,0
2026-10-05,2025-06-11,0
2026-10-05,2025-06-12,0
2026-10-05,2025-06-13,0
2026-10-05,2025-06-17,0
2026-10-05,2025-06-18,0
2026-10-05,2025-06-19,0
2026-10-05,2025-06-23,0
2026-10-05,2025-06-24,0
2026-10-05,2025-06-25,0
2026-10-05,2025-06-26,0
2026-10-05,2025-06-27,0
2026-10-05,2025-06-30,0
2026-10-05,2025-07-01,0
2026-10-05,2025-07-02,0
2026-10-05,2025-07-03,0
2026-10-05,2025-07-04,0
2026-10-05,2025-07-07,0
2026-10-05,2025-07-08,0
2026-10-05,2025-07-10,0
2026-10-05,2025-07-11,0
2026-10-05,2025-07-14,0
2026-10-05,2025-07-15,0
2026-10-05,2025-07-16,0
2026-10-05,2025-07-17,0
2026-10-05,2025-07-18,0
2026-10-05,2025-07-21,0
2026-10-05,2025-07-22,0
2026-10-05,2025-07-23,0
2026-10-05,2025-07-24,0
2026-10-05,2025-07-25,0
2026-10-05,2025-07-28,0
2026-10-05,2025-07-29,0
2026-10-05,2025-07-30,0
2026-10-05,2025-07-31,0
2026-10-05,2025-08-01,0
2026-10-05,2025-08-04,0
2026-10-05,2025-08-05,0
2026-10-05,2025-08-06,0
2026-10-05,2025-08-07,0
2026-10-05,2025-08-08,0
2026-10-05,2025-08-11,0
2026-10-05,2025-08-12,0
2026-10-05,2025-08-13,0
2026-10-05,2025-08-14,0
2026-10-05,2025-08-18,0
2026-10-05,2025-08-19,0
2026-10-05,2025-08-20,0
2026-10-05,2025-08-21,0
2026-10-05,2025-08-22,0
2026-10-05,2025-08-25,0
2026-10-05,2025-08-26,0
2026-10-05,2025-08-27,0
2026-10-05,2025-08-28,0
2026-10-05,2025-08-29,0
2026-10-05,2025-09-01,0
2026-10-05,2025-09-02,0
2026-10-05,2025-09-03,0
2026-10-05,2025-09-04,0
2026-10-05,2025-09-05,0
2026-10-05,2025-09-08,0
2026-10-05,2025-09-09,0
2026-10-05,2025-09-10,0
2026-10-05,2025-09-11,0
2026-10-05,2025-09-12,0
2026-10-05,2025-09-15,0
2026-10-05,2025-09-16,0
2026-10-05,2025-09-17,0
2026-10-05,2025-09-18,0
2026-10-05,2025-09-19,0
2026-10-05,2025-09-22,0
2026-10-05,2025-09-23,0
2026-10-05,2025-09-24,0
2026-10-05,2025-09-25,0
2026-10-05,2025-09-26,0
2026-10-05,2025-09-29,0
2026-10-05,2025-09-30,0
2026-10-05,2025-10-01,0
2026-10-05,2025-10-02,0
2026-10-05,2025-10-03,0
2026-10-05,2025-10-06,0
2026-10-05,2025-10-07,0
2026-10-05,2025-10-08,0
2026-10-05,2025-10-09,0
2026-10-05,2025-10-13,0
2026-10-05,2025-10-14,0
2026-10-05,2025-10-15,0
2026-10-05,2025-10-16,0
2026-10-05,2025-10-17,0
2026-10-05,2025-10-20,0
2026-10-05,2025-10-21,0
2026-10-05,2025-10-22,0
2026-10-05,2025-10-23,0
2026-10-05,2025-10-24,0
2026-10-05,2025-10-27,0
2026-10-05,2025-10-28,0
2026-10-05,2025-10-29,0
2026-10-05,2025-10-30,0
2026-10-05,2025-10-31,0
2026-10-05,2025-11-03,0
2026-10-05,2025-11-04,0
2026-10-05,2025-11-05,0
2026-10-05,2025-11-07,0
2026-10-05,2025-11-10,0
2026-10-05,2025-11-11,0
2026-10-05,2025-11-12,0
2026-10-05,2025-11-13,0
2026-10-05,2025-11-14,0
2026-10-05,2025-11-17,0
2026-10-05,2025-11-18,0
2026-10-05,2025-11-19,0
2026-10-05,2025-11-20,0
2026-10-05,2025-11-25,0
2026-10-05,2025-11-26,0
2026-10-05,2025-11-27,0
2026-10-05,2025-11-28,0
2026-10-05,2025-12-01,0
2026-10-05,2025-12-02,0
2026-10-05,2025-12-03,0
2026-10-05,2025-12-04,0
2026-10-05,2025-12-05,0
2026-10-05,2025-12-09,0
2026-10-05,2025-12-10,0
2026-10-05,2025-12-11,0
2026-10-05,2025-12-12,0
2026-10-05,2025-12-15,0
2026-10-05,2025-12-16,0
2026-10-05,2025-12-17,0
2026-10-05,2025-12-18,0
2026-10-05,2025-12-19,0
2026-10-05,2025-12-22,0
2026-10-05,2025-12-23,0
2026-10-05,2025-12-26,0
2026-10-05,2025-12-29,0
2026-10-05,2025-12-30,0
2026-10-05,2026-01-02,0
2026-10-05,2026-01-05,0
2026-10-05,2026-01-06,0
2026-10-05,2026-01-07,0
2026-10-05,2026-01-08,0
2026-10-05,2026-01-09,0
2026-10-05,2026-01-12,0
2026-10-05,2026-01-13,0
2026-10-05,2026-01-14,0
2026-10-05,2026-01-15,0
2026-10-05,2026-01-16,0
2026-10-05,2026-01-19,0
2026-10-05,2026-01-20,0
2026-10-05,2026-01-21,0
2026-10-05,2026-01-22,0
2026-10-05,2026-01-23,0
2026-10-05,2026-01-26,0
2026-10-05,2026-01-27,0
2026-10-05,2026-01-28,0
2026-10-05,2026-01-29,0
2026-10-05,2026-01-30,0
2026-10-05,2026-02-02,0
2026-10-05,2026-02-03,0
2026-10-05,2026-02-04,0
2026-10-05,2026-02-05,0
2026-10-05,2026-02-06,0
2026-10-05,2026-02-09,0
2026-10-05,2026-02-10,0
2026-10-05,2026-02-11,0
2026-10-05,2026-02-12,0
2026-10-05,2026-02-13,0
2026-10-05,2026-02-18,0
2026-10-05,2026-02-19,0
2026-10-05,2026-02-20,0
2026-10-05,2026-02-23,0
2026-10-05,2026-02-24,0
2026-10-05,2026-02-25,0
2026-10-05,2026-02-26,0
2026-10-05,2026-02-27,0
2026-10-05,2026-03-02,0
2026-10-05,2026-03-03,0
2026-10-05,2026-03-04,0
2026-10-05,2026-03-05,0
2026-10-05,2026-03-06,0
2026-10-05,2026-03-09,0
2026-10-05,2026-03-10,0
2026-10-05,2026-03-11,0
2026-10-05,2026-03-12,0
2026-10-05,2026-03-13,0
2026-10-05,2026-03-16,0
2026-10-05,2026-03-17,0
2026-10-05,2026-03-18,0
2026-10-05,2026-03-19,0
2026-10-05,2026-03-20,0
2026-10-05,2026-03-25,0
2026-10-05,2026-03-26,0
2026-10-05,2026-03-27,0
2026-10-05,2026-03-30,0
2026-10-05,2026-03-31,0
2026-10-05,2026-04-01,0
2026-10-05,2026-04-06,0
2026-10-05,2026-04-07,0
2026-10-05,2026-04-08,0
2026-10-05,2026-04-09,0
2026-10-05,2026-04-10,0
2026-10-05,2026-04-13,0
2026-10-05,2026-04-14,0
2026-10-05,2026-04-15,0
2026-10-05,2026-04-16,0
2026-10-05,2026-04-17,0
2026-10-05,2026-04-20,0
2026-10-05,2026-04-21,0
2026-10-05,2026-04-22,0
2026-10-05,2026-04-23,0
2026-10-05,2026-04-24,0
2026-10-05,2026-04-27,0
2026-10-05,2026-04-28,0
2026-10-05,2026-04-29,0
2026-10-05,2026-04-30,0
2026-10-05,2026-05-04,0
2026-10-05,2026-05-05,0
2026-10-05,2026-05-06,0
2026-10-05,2026-05-07,0
2026-10-05,2026-05-08,0
2026-10-05,2026-05-11,0
2026-10-05,2026-05-12,0
2026-10-05,2026-05-13,0
2026-10-05,2026-05-14,0
2026-10-05,2026-05-15,0
2026-10-05,2026-05-18,0
2026-10-05,2026-05-19,0
2026-10-05,2026-05-20,0
2026-10-05,2026-05-21,0
2026-10-05,2026-05-22,0
2026-10-05,2026-05-26,0
2026-10-05,2026-05-27,0
2026-10-05,2026-05-28,0
2026-10-05,2026-05-29,0
2026-10-05,2026-06-01,0
2026-10-05,2026-06-02,0
2026-10-05,2026-06-03,0
2026-10-05,2026-06-04,0
2026-10-05,2026-06-05,0
2026-10-05,2026-06-08,0
2026-10-05,2026-06-09,0
2026-10-05,2026-06-10,0
2026-10-05,2026-06-11,0
2026-10-05,2026-06-12,0
2026-10-05,2026-06-16,0
2026-10-05,2026-06-17,0
2026-10-05,2026-06-18,0
2026-10-05,2026-06-19,0
2026-10-05,2026-06-22,0
2026-10-05,2026-06-23,0
2026-10-05,2026-06-24,0
2026-10-05,2026-06-25,0
2026-10-05,2026-06-26,0
2026-10-05,2026-06-29,0
2026-10-05,2026-06-30,0
2026-10-05,2026-07-01,0
2026-10-05,2026-07-02,0
2026-10-05,2026-07-03,0
2026-10-05,2026-07-06,0
2026-10-05,2026-07-07,0
2026-10-05,2026-07-08,0
2026-10-05,2026-07-13,0
2026-10-05,2026-07-14,0
2026-10-05,2026-07-15,0
2026-10-05,2026-07-16,0
2026-10-05,2026-07-17,0
2026-10-05,2026-07-20,0
2026-10-05,2026-07-21,0
2026-10-05,2026-07-22,0
2026-10-05,2026-07-23,0
2026-10-05,2026-07-24,0
2026-10-05,2026-07-27,0
2026-10-05,2026-07-28,0
2026-10-05,2026-07-29,0
2026-10-05,2026-07-30,0
2026-10-05,2026-07-31,0
2026-10-05,2026-08-03,0
2026-10-05,2026-08-04,0
2026-10-05,2026-08-05,0
2026-10-05,2026-08-06,0
2026-10-05,2026-08-07,0
2026-10-05,2026-08-10,0
2026-10-05,2026-08-11,0
2026-10-05,2026-08-12,0
2026-10-05,2026-08-13,0
2026-10-05,2026-08-14,0
2026-10-05,2026-08-18,0
2026-10-05,2026-08-19,0
2026-10-05,2026-08-20,0
2026-10-05,2026-08-21,0
2026-10-05,2026-08-24,0
2026-10-05,2026-08-25,0
2026-10-05,2026-08-26,0
2026-10-05,2026-08-27,0
2026-10-05,2026-08-28,0
2026-10-05,2026-08-31,0
2026-10-05,2026-09-01,0
2026-10-05,2026-09-02,0
2026-10-05,2026-09-03,0
2026-10-05,2026-09-04,0
2026-10-05,2026-09-07,0
2026-10-05,2026-09-08,0
2026-10-05,2026-09-09,0
2026-10-05,2026-09-10,0
2026-10-05,2026-09-11,0
2026-10-05,2026-09-14,0
2026-10-05,2026-09-15,0
2026-10-05,2026-09-16,0
2026-10-05,2026-09-17,0
2026-10-05,2026-09-18,0
2026-10-05,2026-09-21,0
2026-10-05,2026-09-22,0
2026-10-05,2026-09-23,0
2026-10-05,2026-09-24,0
2026-10-05,2026-09-25,0
2026-10-05,2026-09-28,0
2026-10-05,2026-09-29,0
2026-10-05,2026-09-30,0
2026-10-06,2026-10-01,0
