vintage,date,value
2026-10-05,2002-12-31,2202
2026-10-05,2003-01-02,2042
2026-10-05,2003-01-03,2017
2026-10-05,2003-01-06,1990
2026-10-05,2003-01-07,1984
2026-10-05,2003-01-08,1914
2026-10-05,2003-01-09,1875
2026-10-05,2003-01-10,1860
2026-10-05,2003-01-13,1801
2026-10-05,2003-01-14,1794
2026-10-05,2003-01-15,1805
2026-10-05,2003-01-16,1818
2026-10-05,2003-01-17,1838
2026-10-05,2003-01-20,1842
2026-10-05,2003-01-21,1857
2026-10-05,2003-01-22,1889
2026-10-05,2003-01-23,1906
2026-10-05,2003-01-24,1946
2026-10-05,2003-01-27,1976
2026-10-05,2003-01-28,1982
2026-10-05,2003-01-29,1984
2026-10-05,2003-01-30,2039
2026-10-05,2003-01-31,2204
2026-10-05,2003-02-03,2073
2026-10-05,2003-02-04,2024
2026-10-05,2003-02-05,2008
2026-10-05,2003-02-06,2038
2026-10-05,2003-02-07,2007
2026-10-05,2003-02-10,1999
2026-10-05,2003-02-11,1953
2026-10-05,2003-02-12,1937
2026-10-05,2003-02-13,1869
2026-10-05,2003-02-14,1864
2026-10-05,2003-02-17,1864
2026-10-05,2003-02-18,1820
2026-10-05,2003-02-19,1816
2026-10-05,2003-02-20,1869
2026-10-05,2003-02-21,1885
2026-10-05,2003-02-24,1894
2026-10-05,2003-02-25,1905
2026-10-05,2003-02-26,1915
2026-10-05,2003-02-27,1964
2026-10-05,2003-02-28,2121
2026-10-05,2003-03-03,2025
2026-10-05,2003-03-04,2012
2026-10-05,2003-03-05,2016
2026-10-05,2003-03-06,2017
2026-10-05,2003-03-07,2020
2026-10-05,2003-03-10,2002
2026-10-05,2003-03-11,1988
2026-10-05,2003-03-12,1950
2026-10-05,2003-03-13,1891
2026-10-05,2003-03-14,1876
2026-10-05,2003-03-17,1860
2026-10-05,2003-03-18,1835
2026-10-05,2003-03-19,1853
2026-10-05,2003-03-20,1839
2026-10-05,2003-03-21,1839
2026-10-05,2003-03-24,1863
2026-10-05,2003-03-25,1894
2026-10-05,2003-03-26,1911
2026-10-05,2003-03-27,1943
2026-10-05,2003-03-28,2014
2026-10-05,2003-04-01,1946
2026-10-05,2003-04-02,1959
2026-10-05,2003-04-03,1944
2026-10-05,2003-04-04,1943
2026-10-05,2003-04-07,1943
2026-10-05,2003-04-08,1934
2026-10-05,2003-04-09,1866
2026-10-05,2003-04-10,1815
2026-10-05,2003-04-11,1837
2026-10-05,2003-04-14,1826
2026-10-05,2003-04-15,1806
2026-10-05,2003-04-16,1780
2026-10-05,2003-04-21,1838
2026-10-05,2003-04-22,1854
2026-10-05,2003-04-23,1862
2026-10-05,2003-04-24,1851
2026-10-05,2003-04-25,1856
2026-10-05,2003-04-28,1898
2026-10-05,2003-04-29,1931
2026-10-05,2003-04-30,2079
2026-10-05,2003-05-02,2020
2026-10-05,2003-05-05,2021
2026-10-05,2003-05-06,2039
2026-10-05,2003-05-07,2038
2026-10-05,2003-05-08,2022
2026-10-05,2003-05-09,2002
2026-10-05,2003-05-12,1989
2026-10-05,2003-05-13,1933
2026-10-05,2003-05-14,1898
2026-10-05,2003-05-15,1834
2026-10-05,2003-05-16,1843
2026-10-05,2003-05-19,1852
2026-10-05,2003-05-20,1854
2026-10-05,2003-05-21,1842
2026-10-05,2003-05-22,1860
2026-10-05,2003-05-23,1873
2026-10-05,2003-05-26,1896
2026-10-05,2003-05-27,1927
2026-10-05,2003-05-28,1966
2026-10-05,2003-05-29,2014
2026-10-05,2003-05-30,2048
2026-10-05,2003-06-02,2026
2026-10-05,2003-06-03,2029
2026-10-05,2003-06-04,2027
2026-10-05,2003-06-05,2003
2026-10-05,2003-06-06,2004
2026-10-05,2003-06-09,1984
2026-10-05,2003-06-10,1973
2026-10-05,2003-06-11,1902
2026-10-05,2003-06-12,1871
2026-10-05,2003-06-13,1854
2026-10-05,2003-06-17,1839
2026-10-05,2003-06-18,1846
2026-10-05,2003-06-19,1841
2026-10-05,2003-06-20,1868
2026-10-05,2003-06-23,1889
2026-10-05,2003-06-24,1908
2026-10-05,2003-06-25,1930
2026-10-05,2003-06-26,1955
2026-10-05,2003-06-27,1985
2026-10-05,2003-06-30,2093
2026-10-05,2003-07-01,2066
2026-10-05,2003-07-02,2072
2026-10-05,2003-07-03,2039
2026-10-05,2003-07-04,2030
2026-10-05,2003-07-07,2026
2026-10-05,2003-07-08,1981
2026-10-05,2003-07-10,1906
2026-10-05,2003-07-11,1841
2026-10-05,2003-07-14,1864
2026-10-05,2003-07-15,1867
2026-10-05,2003-07-16,1854
2026-10-05,2003-07-17,1855
2026-10-05,2003-07-18,1865
2026-10-05,2003-07-21,1858
2026-10-05,2003-07-22,1875
2026-10-05,2003-07-23,1898
2026-10-05,2003-07-24,1887
2026-10-05,2003-07-25,1923
2026-10-05,2003-07-28,1956
2026-10-05,2003-07-29,2001
2026-10-05,2003-07-30,2023
2026-10-05,2003-07-31,2000
2026-10-05,2003-08-01,1964
2026-10-05,2003-08-04,1973
2026-10-05,2003-08-05,1956
2026-10-05,2003-08-06,1948
2026-10-05,2003-08-07,1963
2026-10-05,2003-08-08,1963
2026-10-05,2003-08-11,1951
2026-10-05,2003-08-12,1926
2026-10-05,2003-08-13,1855
2026-10-05,2003-08-14,1790
2026-10-05,2003-08-15,1769
2026-10-05,2003-08-19,1762
2026-10-05,2003-08-20,1766
2026-10-05,2003-08-21,1759
2026-10-05,2003-08-22,1785
2026-10-05,2003-08-25,1804
2026-10-05,2003-08-26,1849
2026-10-05,2003-08-27,1878
2026-10-05,2003-08-28,1938
2026-10-05,2003-08-29,2159
2026-10-05,2003-09-01,2085
2026-10-05,2003-09-02,2102
2026-10-05,2003-09-03,2112
2026-10-05,2003-09-04,2090
2026-10-05,2003-09-05,2105
2026-10-05,2003-09-08,2114
2026-10-05,2003-09-09,2108
2026-10-05,2003-09-10,2043
2026-10-05,2003-09-11,2000
2026-10-05,2003-09-12,1984
2026-10-05,2003-09-15,1960
2026-10-05,2003-09-16,1973
2026-10-05,2003-09-17,1966
2026-10-05,2003-09-18,1960
2026-10-05,2003-09-19,1973
2026-10-05,2003-09-22,1988
2026-10-05,2003-09-23,1990
2026-10-05,2003-09-24,1995
2026-10-05,2003-09-25,2023
2026-10-05,2003-09-26,2056
2026-10-05,2003-09-29,2087
2026-10-05,2003-09-30,2209
2026-10-05,2003-10-01,2166
2026-10-05,2003-10-02,2203
2026-10-05,2003-10-03,2212
2026-10-05,2003-10-06,2215
2026-10-05,2003-10-07,2208
2026-10-05,2003-10-08,2208
2026-10-05,2003-10-09,2227
2026-10-05,2003-10-10,2196
2026-10-05,2003-10-14,2165
2026-10-05,2003-10-15,2079
2026-10-05,2003-10-16,2023
2026-10-05,2003-10-17,1975
2026-10-05,2003-10-20,1970
2026-10-05,2003-10-21,1962
2026-10-05,2003-10-22,1969
2026-10-05,2003-10-23,1981
2026-10-05,2003-10-24,2008
2026-10-05,2003-10-27,2047
2026-10-05,2003-10-28,2074
2026-10-05,2003-10-29,2112
2026-10-05,2003-10-30,2153
2026-10-05,2003-10-31,2240
2026-10-05,2003-11-03,2209
2026-10-05,2003-11-04,2209
2026-10-05,2003-11-05,2165
2026-10-05,2003-11-07,2134
2026-10-05,2003-11-10,2142
2026-10-05,2003-11-11,2073
2026-10-05,2003-11-12,2019
2026-10-05,2003-11-13,1951
2026-10-05,2003-11-14,1959
2026-10-05,2003-11-17,1956
2026-10-05,2003-11-18,1953
2026-10-05,2003-11-19,1964
2026-10-05,2003-11-20,1994
2026-10-05,2003-11-21,2075
2026-10-05,2003-11-24,2147
2026-10-05,2003-11-25,2171
2026-10-05,2003-11-26,2183
2026-10-05,2003-11-27,2218
2026-10-05,2003-11-28,2317
2026-10-05,2003-12-01,2268
2026-10-05,2003-12-02,2261
2026-10-05,2003-12-03,2271
2026-10-05,2003-12-04,2262
2026-10-05,2003-12-05,2259
2026-10-05,2003-12-09,2249
2026-10-05,2003-12-10,2216
2026-10-05,2003-12-11,2161
2026-10-05,2003-12-12,2124
2026-10-05,2003-12-15,2100
2026-10-05,2003-12-16,2129
2026-10-05,2003-12-17,2127
2026-10-05,2003-12-18,2134
2026-10-05,2003-12-19,2157
2026-10-05,2003-12-22,2192
2026-10-05,2003-12-23,2221
2026-10-05,2003-12-24,2252
2026-10-05,2003-12-26,2259
2026-10-05,2003-12-29,2334
2026-10-05,2003-12-30,2386
2026-10-05,2003-12-31,2440
2026-10-05,2004-01-02,2324
2026-10-05,2004-01-05,2354
2026-10-05,2004-01-06,2356
2026-10-05,2004-01-07,2338
2026-10-05,2004-01-08,2318
2026-10-05,2004-01-09,2300
2026-10-05,2004-01-12,2260
2026-10-05,2004-01-13,2215
2026-10-05,2004-01-14,2163
2026-10-05,2004-01-15,2084
2026-10-05,2004-01-16,2083
2026-10-05,2004-01-19,2073
2026-10-05,2004-01-20,2101
2026-10-05,2004-01-21,2154
2026-10-05,2004-01-22,2166
2026-10-05,2004-01-23,2167
2026-10-05,2004-01-26,2218
2026-10-05,2004-01-27,2237
2026-10-05,2004-01-28,2264
2026-10-05,2004-01-29,2314
2026-10-05,2004-01-30,2446
2026-10-05,2004-02-02,2322
2026-10-05,2004-02-03,2323
2026-10-05,2004-02-04,2378
2026-10-05,2004-02-05,2310
2026-10-05,2004-02-06,2313
2026-10-05,2004-02-09,2305
2026-10-05,2004-02-10,2304
2026-10-05,2004-02-11,2235
2026-10-05,2004-02-12,2197
2026-10-05,2004-02-13,2176
2026-10-05,2004-02-16,2165
2026-10-05,2004-02-17,2163
2026-10-05,2004-02-18,2174
2026-10-05,2004-02-19,2176
2026-10-05,2004-02-20,2168
2026-10-05,2004-02-23,2182
2026-10-05,2004-02-24,2210
2026-10-05,2004-02-25,2243
2026-10-05,2004-02-26,2280
2026-10-05,2004-02-27,2407
2026-10-05,2004-03-01,2322
2026-10-05,2004-03-02,2318
2026-10-05,2004-03-03,2342
2026-10-05,2004-03-04,2339
2026-10-05,2004-03-05,2350
2026-10-05,2004-03-08,2357
2026-10-05,2004-03-09,2336
2026-10-05,2004-03-10,2287
2026-10-05,2004-03-11,2202
2026-10-05,2004-03-12,2205
2026-10-05,2004-03-15,2183
2026-10-05,2004-03-16,2163
2026-10-05,2004-03-17,2174
2026-10-05,2004-03-18,2189
2026-10-05,2004-03-19,2211
2026-10-05,2004-03-22,2222
2026-10-05,2004-03-23,2255
2026-10-05,2004-03-24,2272
2026-10-05,2004-03-25,2287
2026-10-05,2004-03-26,2326
2026-10-05,2004-03-29,2368
2026-10-05,2004-03-30,2430
2026-10-05,2004-03-31,2579
2026-10-05,2004-04-01,2511
2026-10-05,2004-04-02,2496
2026-10-05,2004-04-06,2479
2026-10-05,2004-04-07,2483
2026-10-05,2004-04-12,2462
2026-10-05,2004-04-13,2464
2026-10-05,2004-04-14,2417
2026-10-05,2004-04-15,2402
2026-10-05,2004-04-16,2381
2026-10-05,2004-04-19,2287
2026-10-05,2004-04-20,2271
2026-10-05,2004-04-21,2268
2026-10-05,2004-04-22,2285
2026-10-05,2004-04-23,2280
2026-10-05,2004-04-26,2299
2026-10-05,2004-04-27,2348
2026-10-05,2004-04-28,2391
2026-10-05,2004-04-29,2445
2026-10-05,2004-04-30,2624
2026-10-05,2004-05-03,2516
2026-10-05,2004-05-04,2528
2026-10-05,2004-05-05,2569
2026-10-05,2004-05-06,2561
2026-10-05,2004-05-07,2558
2026-10-05,2004-05-10,2515
2026-10-05,2004-05-11,2515
2026-10-05,2004-05-12,2424
2026-10-05,2004-05-13,2379
2026-10-05,2004-05-14,2359
2026-10-05,2004-05-17,2459
2026-10-05,2004-05-18,2420
2026-10-05,2004-05-19,2417
2026-10-05,2004-05-20,2438
2026-10-05,2004-05-21,2464
2026-10-05,2004-05-24,2542
2026-10-05,2004-05-26,2584
2026-10-05,2004-05-27,2645
2026-10-05,2004-05-28,2685
2026-10-05,2004-05-31,2839
2026-10-05,2004-06-01,2689
2026-10-05,2004-06-02,2721
2026-10-05,2004-06-03,2758
2026-10-05,2004-06-04,2739
2026-10-05,2004-06-07,2725
2026-10-05,2004-06-08,2751
2026-10-05,2004-06-09,2669
2026-10-05,2004-06-10,2592
2026-10-05,2004-06-11,2620
2026-10-05,2004-06-14,2595
2026-10-05,2004-06-15,2582
2026-10-05,2004-06-16,2595
2026-10-05,2004-06-17,2607
2026-10-05,2004-06-18,2658
2026-10-05,2004-06-22,2671
2026-10-05,2004-06-23,2711
2026-10-05,2004-06-24,2721
2026-10-05,2004-06-25,2757
2026-10-05,2004-06-28,2807
2026-10-05,2004-06-29,2862
2026-10-05,2004-06-30,2950
2026-10-05,2004-07-01,2904
2026-10-05,2004-07-02,2918
2026-10-05,2004-07-05,2966
2026-10-05,2004-07-06,2958
2026-10-05,2004-07-07,2883
2026-10-05,2004-07-08,2857
2026-10-05,2004-07-12,2853
2026-10-05,2004-07-13,2809
2026-10-05,2004-07-14,2750
2026-10-05,2004-07-15,2610
2026-10-05,2004-07-16,2595
2026-10-05,2004-07-19,2586
2026-10-05,2004-07-20,2592
2026-10-05,2004-07-21,2604
2026-10-05,2004-07-22,2679
2026-10-05,2004-07-23,2683
2026-10-05,2004-07-26,2733
2026-10-05,2004-07-27,2755
2026-10-05,2004-07-28,2793
2026-10-05,2004-07-29,2840
2026-10-05,2004-07-30,2937
2026-10-05,2004-08-02,2884
2026-10-05,2004-08-03,2860
2026-10-05,2004-08-04,2884
2026-10-05,2004-08-05,2864
2026-10-05,2004-08-06,2851
2026-10-05,2004-08-09,2854
2026-10-05,2004-08-10,2833
2026-10-05,2004-08-11,2729
2026-10-05,2004-08-12,2681
2026-10-05,2004-08-13,2665
2026-10-05,2004-08-17,2650
2026-10-05,2004-08-18,2651
2026-10-05,2004-08-19,2641
2026-10-05,2004-08-20,2663
2026-10-05,2004-08-23,2690
2026-10-05,2004-08-24,2714
2026-10-05,2004-08-25,2738
2026-10-05,2004-08-26,2778
2026-10-05,2004-08-27,2807
2026-10-05,2004-08-30,2856
2026-10-05,2004-08-31,2991
2026-10-05,2004-09-01,2879
2026-10-05,2004-09-02,2846
2026-10-05,2004-09-03,2849
2026-10-05,2004-09-06,2847
2026-10-05,2004-09-07,2846
2026-10-05,2004-09-08,2811
2026-10-05,2004-09-09,2666
2026-10-05,2004-09-10,2653
2026-10-05,2004-09-13,2630
2026-10-05,2004-09-14,2608
2026-10-05,2004-09-15,2604
2026-10-05,2004-09-16,2631
2026-10-05,2004-09-17,2634
2026-10-05,2004-09-20,2651
2026-10-05,2004-09-21,2670
2026-10-05,2004-09-22,2680
2026-10-05,2004-09-23,2722
2026-10-05,2004-09-24,2739
2026-10-05,2004-09-27,2790
2026-10-05,2004-09-28,2879
2026-10-05,2004-09-29,2907
2026-10-05,2004-09-30,3014
2026-10-05,2004-10-01,2966
2026-10-05,2004-10-04,2985
2026-10-05,2004-10-05,2965
2026-10-05,2004-10-06,2986
2026-10-05,2004-10-07,2951
2026-10-05,2004-10-08,2934
2026-10-05,2004-10-12,2896
2026-10-05,2004-10-13,2807
2026-10-05,2004-10-14,2771
2026-10-05,2004-10-15,2797
2026-10-05,2004-10-18,2699
2026-10-05,2004-10-19,2726
2026-10-05,2004-10-20,2748
2026-10-05,2004-10-21,2731
2026-10-05,2004-10-22,2773
2026-10-05,2004-10-25,2800
2026-10-05,2004-10-26,2858
2026-10-05,2004-10-27,2866
2026-10-05,2004-10-28,2917
2026-10-05,2004-10-29,3048
2026-10-05,2004-11-01,2913
2026-10-05,2004-11-02,2924
2026-10-05,2004-11-03,2953
2026-10-05,2004-11-04,2963
2026-10-05,2004-11-05,2920
2026-10-05,2004-11-08,2909
2026-10-05,2004-11-09,2950
2026-10-05,2004-11-10,2842
2026-10-05,2004-11-11,2786
2026-10-05,2004-11-12,2760
2026-10-05,2004-11-15,2741
2026-10-05,2004-11-16,2779
2026-10-05,2004-11-17,2784
2026-10-05,2004-11-18,2808
2026-10-05,2004-11-19,2831
2026-10-05,2004-11-22,2858
2026-10-05,2004-11-23,2891
2026-10-05,2004-11-24,2908
2026-10-05,2004-11-25,2927
2026-10-05,2004-11-26,2962
2026-10-05,2004-11-29,3015
2026-10-05,2004-11-30,3183
2026-10-05,2004-12-01,3092
2026-10-05,2004-12-02,3067
2026-10-05,2004-12-03,3115
2026-10-05,2004-12-06,3117
2026-10-05,2004-12-07,3120
2026-10-05,2004-12-09,3124
2026-10-05,2004-12-10,3169
2026-10-05,2004-12-13,3126
2026-10-05,2004-12-14,3110
2026-10-05,2004-12-15,3015
2026-10-05,2004-12-16,2990
2026-10-05,2004-12-17,2963
2026-10-05,2004-12-20,2917
2026-10-05,2004-12-21,2946
2026-10-05,2004-12-22,2960
2026-10-05,2004-12-23,2985
2026-10-05,2004-12-24,3042
2026-10-05,2004-12-27,3089
2026-10-05,2004-12-28,3118
2026-10-05,2004-12-29,3149
2026-10-05,2004-12-30,3215
2026-10-05,2004-12-31,3362
2026-10-05,2005-01-03,3221
2026-10-05,2005-01-04,3252
2026-10-05,2005-01-05,3258
2026-10-05,2005-01-06,3297
2026-10-05,2005-01-07,3252
2026-10-05,2005-01-10,3224
2026-10-05,2005-01-11,3244
2026-10-05,2005-01-12,3095
2026-10-05,2005-01-13,3125
2026-10-05,2005-01-14,3076
2026-10-05,2005-01-17,3056
2026-10-05,2005-01-18,3077
2026-10-05,2005-01-19,3138
2026-10-05,2005-01-20,3120
2026-10-05,2005-01-21,3142
2026-10-05,2005-01-24,3202
2026-10-05,2005-01-25,3247
2026-10-05,2005-01-26,3290
2026-10-05,2005-01-27,3334
2026-10-05,2005-01-28,3357
2026-10-05,2005-01-31,3491
2026-10-05,2005-02-01,3404
2026-10-05,2005-02-02,3448
2026-10-05,2005-02-03,3462
2026-10-05,2005-02-04,3446
2026-10-05,2005-02-07,3429
2026-10-05,2005-02-08,3385
2026-10-05,2005-02-09,3300
2026-10-05,2005-02-10,3201
2026-10-05,2005-02-11,3189
2026-10-05,2005-02-14,3173
2026-10-05,2005-02-15,3175
2026-10-05,2005-02-16,3187
2026-10-05,2005-02-17,3208
2026-10-05,2005-02-18,3236
2026-10-05,2005-02-21,3242
2026-10-05,2005-02-22,3287
2026-10-05,2005-02-23,3297
2026-10-05,2005-02-24,3320
2026-10-05,2005-02-25,3316
2026-10-05,2005-02-28,3500
2026-10-05,2005-03-01,3465
2026-10-05,2005-03-02,3484
2026-10-05,2005-03-03,3487
2026-10-05,2005-03-04,3501
2026-10-05,2005-03-07,3556
2026-10-05,2005-03-08,3554
2026-10-05,2005-03-09,3541
2026-10-05,2005-03-10,3576
2026-10-05,2005-03-11,3579
2026-10-05,2005-03-14,3548
2026-10-05,2005-03-15,3570
2026-10-05,2005-03-16,3458
2026-10-05,2005-03-17,3390
2026-10-05,2005-03-18,3347
2026-10-05,2005-03-21,3352
2026-10-05,2005-03-22,3366
2026-10-05,2005-03-23,3387
2026-10-05,2005-03-28,3419
2026-10-05,2005-03-29,3482
2026-10-05,2005-03-30,3518
2026-10-05,2005-03-31,3686
2026-10-05,2005-04-01,3596
2026-10-05,2005-04-04,3604
2026-10-05,2005-04-05,3612
2026-10-05,2005-04-06,3626
2026-10-05,2005-04-07,3573
2026-10-05,2005-04-08,3551
2026-10-05,2005-04-11,3535
2026-10-05,2005-04-12,3554
2026-10-05,2005-04-13,3482
2026-10-05,2005-04-14,3326
2026-10-05,2005-04-15,3308
2026-10-05,2005-04-18,3312
2026-10-05,2005-04-19,3337
2026-10-05,2005-04-20,3326
2026-10-05,2005-04-21,3345
2026-10-05,2005-04-22,3381
2026-10-05,2005-04-25,3413
2026-10-05,2005-04-26,3443
2026-10-05,2005-04-27,3518
2026-10-05,2005-04-28,3580
2026-10-05,2005-04-29,3725
2026-10-05,2005-05-02,3615
2026-10-05,2005-05-03,3619
2026-10-05,2005-05-04,3623
2026-10-05,2005-05-05,3644
2026-10-05,2005-05-06,3598
2026-10-05,2005-05-09,3579
2026-10-05,2005-05-10,3556
2026-10-05,2005-05-11,3515
2026-10-05,2005-05-12,3474
2026-10-05,2005-05-13,3467
2026-10-05,2005-05-16,3390
2026-10-05,2005-05-17,3387
2026-10-05,2005-05-18,3425
2026-10-05,2005-05-19,3442
2026-10-05,2005-05-20,3429
2026-10-05,2005-05-23,3475
2026-10-05,2005-05-24,3542
2026-10-05,2005-05-26,3593
2026-10-05,2005-05-27,3664
2026-10-05,2005-05-30,3653
2026-10-05,2005-05-31,3908
2026-10-05,2005-06-01,3779
2026-10-05,2005-06-02,3714
2026-10-05,2005-06-03,3681
2026-10-05,2005-06-06,3675
2026-10-05,2005-06-07,3665
2026-10-05,2005-06-08,3547
2026-10-05,2005-06-09,3459
2026-10-05,2005-06-10,3454
2026-10-05,2005-06-13,3443
2026-10-05,2005-06-14,3465
2026-10-05,2005-06-15,3522
2026-10-05,2005-06-16,3547
2026-10-05,2005-06-17,3583
2026-10-05,2005-06-21,3620
2026-10-05,2005-06-22,3692
2026-10-05,2005-06-23,3697
2026-10-05,2005-06-24,3761
2026-10-05,2005-06-27,3814
2026-10-05,2005-06-28,3881
2026-10-05,2005-06-29,3902
2026-10-05,2005-06-30,4079
2026-10-05,2005-07-01,3942
2026-10-05,2005-07-04,3934
2026-10-05,2005-07-05,3906
2026-10-05,2005-07-06,3926
2026-10-05,2005-07-07,3902
2026-10-05,2005-07-08,3866
2026-10-05,2005-07-11,3865
2026-10-05,2005-07-12,3841
2026-10-05,2005-07-13,3706
2026-10-05,2005-07-14,3624
2026-10-05,2005-07-15,3597
2026-10-05,2005-07-18,3608
2026-10-05,2005-07-19,3652
2026-10-05,2005-07-20,3639
2026-10-05,2005-07-21,3666
2026-10-05,2005-07-22,3687
2026-10-05,2005-07-25,3731
2026-10-05,2005-07-26,3793
2026-10-05,2005-07-27,3845
2026-10-05,2005-07-28,3889
2026-10-05,2005-07-29,4033
2026-10-05,2005-08-01,3905
2026-10-05,2005-08-02,3957
2026-10-05,2005-08-03,3883
2026-10-05,2005-08-04,3947
2026-10-05,2005-08-05,3916
2026-10-05,2005-08-08,3884
2026-10-05,2005-08-09,3889
2026-10-05,2005-08-10,3833
2026-10-05,2005-08-11,3703
2026-10-05,2005-08-12,3685
2026-10-05,2005-08-16,3712
2026-10-05,2005-08-17,3745
2026-10-05,2005-08-18,3774
2026-10-05,2005-08-19,3815
2026-10-05,2005-08-22,3782
2026-10-05,2005-08-23,3827
2026-10-05,2005-08-24,3873
2026-10-05,2005-08-25,3899
2026-10-05,2005-08-26,3948
2026-10-05,2005-08-29,4006
2026-10-05,2005-08-30,4039
2026-10-05,2005-08-31,4261
2026-10-05,2005-09-01,4131
2026-10-05,2005-09-02,4166
2026-10-05,2005-09-05,4130
2026-10-05,2005-09-06,4186
2026-10-05,2005-09-07,4157
2026-10-05,2005-09-08,4137
2026-10-05,2005-09-09,4134
2026-10-05,2005-09-12,4101
2026-10-05,2005-09-13,4148
2026-10-05,2005-09-14,4110
2026-10-05,2005-09-15,3934
2026-10-05,2005-09-16,3904
2026-10-05,2005-09-19,3902
2026-10-05,2005-09-20,3913
2026-10-05,2005-09-21,3959
2026-10-05,2005-09-22,3980
2026-10-05,2005-09-23,3994
2026-10-05,2005-09-26,4058
2026-10-05,2005-09-27,4104
2026-10-05,2005-09-28,4154
2026-10-05,2005-09-29,4208
2026-10-05,2005-09-30,4354
2026-10-05,2005-10-03,4242
2026-10-05,2005-10-04,4280
2026-10-05,2005-10-05,4283
2026-10-05,2005-10-06,4384
2026-10-05,2005-10-07,4369
2026-10-05,2005-10-11,4321
2026-10-05,2005-10-12,4358
2026-10-05,2005-10-13,4333
2026-10-05,2005-10-14,4230
2026-10-05,2005-10-17,4193
2026-10-05,2005-10-18,4232
2026-10-05,2005-10-19,4281
2026-10-05,2005-10-20,4261
2026-10-05,2005-10-21,4303
2026-10-05,2005-10-24,4388
2026-10-05,2005-10-25,4470
2026-10-05,2005-10-26,4512
2026-10-05,2005-10-27,4565
2026-10-05,2005-10-28,4640
2026-10-05,2005-10-31,4817
2026-10-05,2005-11-01,4721
2026-10-05,2005-11-02,4718
2026-10-05,2005-11-03,4723
2026-10-05,2005-11-04,4734
2026-10-05,2005-11-07,4722
2026-10-05,2005-11-08,4700
2026-10-05,2005-11-09,4645
2026-10-05,2005-11-10,4469
2026-10-05,2005-11-11,4437
2026-10-05,2005-11-14,4461
2026-10-05,2005-11-15,4476
2026-10-05,2005-11-16,4512
2026-10-05,2005-11-17,4532
2026-10-05,2005-11-18,4558
2026-10-05,2005-11-21,4608
2026-10-05,2005-11-22,4670
2026-10-05,2005-11-23,4713
2026-10-05,2005-11-24,4718
2026-10-05,2005-11-25,4792
2026-10-05,2005-11-28,4894
2026-10-05,2005-11-29,4950
2026-10-05,2005-11-30,5105
2026-10-05,2005-12-01,5091
2026-10-05,2005-12-02,5077
2026-10-05,2005-12-05,5048
2026-10-05,2005-12-06,5117
2026-10-05,2005-12-07,5124
2026-10-05,2005-12-09,5085
2026-10-05,2005-12-12,5069
2026-10-05,2005-12-13,5123
2026-10-05,2005-12-14,5114
2026-10-05,2005-12-15,5069
2026-10-05,2005-12-16,4888
2026-10-05,2005-12-19,4886
2026-10-05,2005-12-20,4935
2026-10-05,2005-12-21,4982
2026-10-05,2005-12-22,5037
2026-10-05,2005-12-23,5097
2026-10-05,2005-12-26,5224
2026-10-05,2005-12-27,5294
2026-10-05,2005-12-28,5358
2026-10-05,2005-12-29,5444
2026-10-05,2005-12-30,5553
2026-10-05,2006-01-02,5518
2026-10-05,2006-01-03,5553
2026-10-05,2006-01-04,5582
2026-10-05,2006-01-05,5584
2026-10-05,2006-01-06,5581
2026-10-05,2006-01-09,5533
2026-10-05,2006-01-10,5540
2026-10-05,2006-01-11,5499
2026-10-05,2006-01-12,5371
2026-10-05,2006-01-13,5304
2026-10-05,2006-01-16,5301
2026-10-05,2006-01-17,5334
2026-10-05,2006-01-18,5292
2026-10-05,2006-01-19,5324
2026-10-05,2006-01-20,5348
2026-10-05,2006-01-23,5432
2026-10-05,2006-01-24,5506
2026-10-05,2006-01-25,5541
2026-10-05,2006-01-26,5605
2026-10-05,2006-01-27,5647
2026-10-05,2006-01-30,5696
2026-10-05,2006-01-31,5903
2026-10-05,2006-02-01,5794
2026-10-05,2006-02-02,5762
2026-10-05,2006-02-03,5709
2026-10-05,2006-02-06,5683
2026-10-05,2006-02-07,5665
2026-10-05,2006-02-08,5654
2026-10-05,2006-02-09,5461
2026-10-05,2006-02-10,5411
2026-10-05,2006-02-13,5409
2026-10-05,2006-02-14,5452
2026-10-05,2006-02-15,5446
2026-10-05,2006-02-16,5484
2026-10-05,2006-02-17,5470
2026-10-05,2006-02-20,5539
2026-10-05,2006-02-21,5548
2026-10-05,2006-02-22,5589
2026-10-05,2006-02-23,5611
2026-10-05,2006-02-24,5665
2026-10-05,2006-02-27,5729
2026-10-05,2006-02-28,5956
2026-10-05,2006-03-01,5822
2026-10-05,2006-03-02,5889
2026-10-05,2006-03-03,5918
2026-10-05,2006-03-06,5945
2026-10-05,2006-03-07,5921
2026-10-05,2006-03-08,5897
2026-10-05,2006-03-09,5873
2026-10-05,2006-03-10,5856
2026-10-05,2006-03-13,5871
2026-10-05,2006-03-14,5824
2026-10-05,2006-03-15,5674
2026-10-05,2006-03-16,5604
2026-10-05,2006-03-17,5575
2026-10-05,2006-03-20,5579
2026-10-05,2006-03-21,5601
2026-10-05,2006-03-22,5590
2026-10-05,2006-03-23,5606
2026-10-05,2006-03-27,5698
2026-10-05,2006-03-28,5756
2026-10-05,2006-03-29,5849
2026-10-05,2006-03-30,5967
2026-10-05,2006-03-31,6033
2026-10-05,2006-04-03,6014
2026-10-05,2006-04-04,5969
2026-10-05,2006-04-05,5985
2026-10-05,2006-04-06,5938
2026-10-05,2006-04-07,5927
2026-10-05,2006-04-10,5896
2026-10-05,2006-04-11,5872
2026-10-05,2006-04-12,5717
2026-10-05,2006-04-17,5618
2026-10-05,2006-04-18,5590
2026-10-05,2006-04-19,5687
2026-10-05,2006-04-20,5671
2026-10-05,2006-04-21,5679
2026-10-05,2006-04-24,5723
2026-10-05,2006-04-25,5809
2026-10-05,2006-04-26,5841
2026-10-05,2006-04-27,5952
2026-10-05,2006-04-28,6263
2026-10-05,2006-05-02,6173
2026-10-05,2006-05-03,6185
2026-10-05,2006-05-04,6226
2026-10-05,2006-05-05,6174
2026-10-05,2006-05-08,6148
2026-10-05,2006-05-09,6157
2026-10-05,2006-05-10,6130
2026-10-05,2006-05-11,5974
2026-10-05,2006-05-12,5896
2026-10-05,2006-05-15,5899
2026-10-05,2006-05-16,5947
2026-10-05,2006-05-17,5951
2026-10-05,2006-05-18,5947
2026-10-05,2006-05-19,5982
2026-10-05,2006-05-22,6028
2026-10-05,2006-05-23,6113
2026-10-05,2006-05-24,6222
2026-10-05,2006-05-26,6253
2026-10-05,2006-05-29,6364
2026-10-05,2006-05-30,6418
2026-10-05,2006-05-31,6655
2026-10-05,2006-06-01,6541
2026-10-05,2006-06-02,6578
2026-10-05,2006-06-05,6579
2026-10-05,2006-06-06,6553
2026-10-05,2006-06-07,6606
2026-10-05,2006-06-08,6593
2026-10-05,2006-06-09,6534
2026-10-05,2006-06-12,6516
2026-10-05,2006-06-13,6508
2026-10-05,2006-06-14,6477
2026-10-05,2006-06-15,6232
2026-10-05,2006-06-16,6220
2026-10-05,2006-06-20,6250
2026-10-05,2006-06-21,6318
2026-10-05,2006-06-22,6372
2026-10-05,2006-06-23,6434
2026-10-05,2006-06-26,6473
2026-10-05,2006-06-27,6510
2026-10-05,2006-06-28,6526
2026-10-05,2006-06-29,6561
2026-10-05,2006-06-30,6670
2026-10-05,2006-07-03,6514
2026-10-05,2006-07-04,6465
2026-10-05,2006-07-05,6515
2026-10-05,2006-07-06,6451
2026-10-05,2006-07-07,6359
2026-10-05,2006-07-10,6346
2026-10-05,2006-07-11,6312
2026-10-05,2006-07-12,6235
2026-10-05,2006-07-13,5960
2026-10-05,2006-07-14,5933
2026-10-05,2006-07-17,5944
2026-10-05,2006-07-18,5957
2026-10-05,2006-07-19,5896
2026-10-05,2006-07-20,5926
2026-10-05,2006-07-21,5965
2026-10-05,2006-07-24,6055
2026-10-05,2006-07-25,6125
2026-10-05,2006-07-26,6205
2026-10-05,2006-07-27,6289
2026-10-05,2006-07-28,6203
2026-10-05,2006-07-31,6368
2026-10-05,2006-08-01,6247
2026-10-05,2006-08-02,6272
2026-10-05,2006-08-03,6260
2026-10-05,2006-08-04,6247
2026-10-05,2006-08-07,6170
2026-10-05,2006-08-08,6113
2026-10-05,2006-08-09,6076
2026-10-05,2006-08-10,5887
2026-10-05,2006-08-11,5878
2026-10-05,2006-08-14,5894
2026-10-05,2006-08-15,5890
2026-10-05,2006-08-16,5911
2026-10-05,2006-08-17,5988
2026-10-05,2006-08-18,6021
2026-10-05,2006-08-22,6097
2026-10-05,2006-08-23,6160
2026-10-05,2006-08-24,6234
2026-10-05,2006-08-25,6315
2026-10-05,2006-08-28,6373
2026-10-05,2006-08-29,6430
2026-10-05,2006-08-30,6518
2026-10-05,2006-08-31,6691
2026-10-05,2006-09-01,6643
2026-10-05,2006-09-04,6624
2026-10-05,2006-09-05,6570
2026-10-05,2006-09-06,6584
2026-10-05,2006-09-07,6520
2026-10-05,2006-09-08,6486
2026-10-05,2006-09-11,6450
2026-10-05,2006-09-12,6487
2026-10-05,2006-09-13,6380
2026-10-05,2006-09-14,6149
2026-10-05,2006-09-15,6124
2026-10-05,2006-09-18,6158
2026-10-05,2006-09-19,6197
2026-10-05,2006-09-20,6187
2026-10-05,2006-09-21,6241
2026-10-05,2006-09-22,6272
2026-10-05,2006-09-25,6629
2026-10-05,2006-09-26,6444
2026-10-05,2006-09-27,6507
2026-10-05,2006-09-28,6594
2026-10-05,2006-09-29,6727
2026-10-05,2006-10-02,6684
2026-10-05,2006-10-03,6714
2026-10-05,2006-10-04,6715
2026-10-05,2006-10-05,6694
2026-10-05,2006-10-06,6636
2026-10-05,2006-10-09,6600
2026-10-05,2006-10-10,6608
2026-10-05,2006-10-11,6546
2026-10-05,2006-10-12,6314
2026-10-05,2006-10-13,6246
2026-10-05,2006-10-17,6293
2026-10-05,2006-10-18,6387
2026-10-05,2006-10-19,6478
2026-10-05,2006-10-20,6499
2026-10-05,2006-10-23,6577
2026-10-05,2006-10-24,6595
2026-10-05,2006-10-25,6665
2026-10-05,2006-10-26,6742
2026-10-05,2006-10-27,6865
2026-10-05,2006-10-30,6907
2026-10-05,2006-10-31,7193
2026-10-05,2006-11-01,6966
2026-10-05,2006-11-02,6956
2026-10-05,2006-11-03,6906
2026-10-05,2006-11-07,6933
2026-10-05,2006-11-08,6842
2026-10-05,2006-11-09,6699
2026-10-05,2006-11-10,6501
2026-10-05,2006-11-13,6487
2026-10-05,2006-11-14,6528
2026-10-05,2006-11-15,6572
2026-10-05,2006-11-16,6590
2026-10-05,2006-11-17,6609
2026-10-05,2006-11-20,6700
2026-10-05,2006-11-21,6784
2026-10-05,2006-11-22,6799
2026-10-05,2006-11-23,6855
2026-10-05,2006-11-24,6892
2026-10-05,2006-11-27,7043
2026-10-05,2006-11-28,7100
2026-10-05,2006-11-29,7183
2026-10-05,2006-11-30,7407
2026-10-05,2006-12-01,7367
2026-10-05,2006-12-04,7428
2026-10-05,2006-12-05,7369
2026-10-05,2006-12-06,7362
2026-10-05,2006-12-07,7292
2026-10-05,2006-12-11,7308
2026-10-05,2006-12-12,7302
2026-10-05,2006-12-13,7319
2026-10-05,2006-12-14,7216
2026-10-05,2006-12-15,7012
2026-10-05,2006-12-18,7013
2026-10-05,2006-12-19,7008
2026-10-05,2006-12-20,7056
2026-10-05,2006-12-21,7145
2026-10-05,2006-12-22,7178
2026-10-05,2006-12-26,7298
2026-10-05,2006-12-27,7299
2026-10-05,2006-12-28,7530
2026-10-05,2006-12-29,7658
2026-10-05,2007-01-02,7825
2026-10-05,2007-01-03,7849
2026-10-05,2007-01-04,7874
2026-10-05,2007-01-05,7820
2026-10-05,2007-01-08,7824
2026-10-05,2007-01-09,7801
2026-10-05,2007-01-10,7778
2026-10-05,2007-01-11,7716
2026-10-05,2007-01-12,7433
2026-10-05,2007-01-15,7394
2026-10-05,2007-01-16,7416
2026-10-05,2007-01-17,7455
2026-10-05,2007-01-18,7464
2026-10-05,2007-01-19,7553
2026-10-05,2007-01-22,7630
2026-10-05,2007-01-23,7716
2026-10-05,2007-01-24,7773
2026-10-05,2007-01-25,7812
2026-10-05,2007-01-26,7851
2026-10-05,2007-01-29,7957
2026-10-05,2007-01-30,8052
2026-10-05,2007-01-31,8229
2026-10-05,2007-02-01,8170
2026-10-05,2007-02-02,8163
2026-10-05,2007-02-05,8167
2026-10-05,2007-02-06,8137
2026-10-05,2007-02-07,8197
2026-10-05,2007-02-08,8111
2026-10-05,2007-02-09,8103
2026-10-05,2007-02-12,8110
2026-10-05,2007-02-13,8031
2026-10-05,2007-02-14,7951
2026-10-05,2007-02-15,7811
2026-10-05,2007-02-16,7686
2026-10-05,2007-02-19,7703
2026-10-05,2007-02-20,7728
2026-10-05,2007-02-21,7726
2026-10-05,2007-02-22,7763
2026-10-05,2007-02-23,7753
2026-10-05,2007-02-26,7869
2026-10-05,2007-02-27,7922
2026-10-05,2007-02-28,8158
2026-10-05,2007-03-01,8143
2026-10-05,2007-03-02,8131
2026-10-05,2007-03-05,8170
2026-10-05,2007-03-06,8131
2026-10-05,2007-03-07,8204
2026-10-05,2007-03-08,8188
2026-10-05,2007-03-09,8214
2026-10-05,2007-03-12,8190
2026-10-05,2007-03-13,8186
2026-10-05,2007-03-14,8080
2026-10-05,2007-03-15,7807
2026-10-05,2007-03-16,7751
2026-10-05,2007-03-19,7698
2026-10-05,2007-03-20,7725
2026-10-05,2007-03-21,7801
2026-10-05,2007-03-22,7860
2026-10-05,2007-03-23,7898
2026-10-05,2007-03-26,8018
2026-10-05,2007-03-27,8019
2026-10-05,2007-03-28,8285
2026-10-05,2007-03-29,8365
2026-10-05,2007-03-30,8467
2026-10-05,2007-04-03,8400
2026-10-05,2007-04-04,8313
2026-10-05,2007-04-09,8341
2026-10-05,2007-04-10,8386
2026-10-05,2007-04-11,8401
2026-10-05,2007-04-12,8397
2026-10-05,2007-04-13,8298
2026-10-05,2007-04-16,8104
2026-10-05,2007-04-17,8035
2026-10-05,2007-04-18,8100
2026-10-05,2007-04-19,8170
2026-10-05,2007-04-20,8094
2026-10-05,2007-04-23,8158
2026-10-05,2007-04-24,8268
2026-10-05,2007-04-25,8359
2026-10-05,2007-04-26,8411
2026-10-05,2007-04-27,8523
2026-10-05,2007-04-30,8653
2026-10-05,2007-05-02,8672
2026-10-05,2007-05-03,8717
2026-10-05,2007-05-04,8670
2026-10-05,2007-05-07,8576
2026-10-05,2007-05-08,8546
2026-10-05,2007-05-09,8477
2026-10-05,2007-05-10,8328
2026-10-05,2007-05-11,8176
2026-10-05,2007-05-14,8123
2026-10-05,2007-05-15,8136
2026-10-05,2007-05-16,8170
2026-10-05,2007-05-17,8204
2026-10-05,2007-05-18,8272
2026-10-05,2007-05-21,8371
2026-10-05,2007-05-22,8461
2026-10-05,2007-05-23,8518
2026-10-05,2007-05-24,8571
2026-10-05,2007-05-28,8728
2026-10-05,2007-05-29,8749
2026-10-05,2007-05-30,8926
2026-10-05,2007-05-31,9161
2026-10-05,2007-06-01,9132
2026-10-05,2007-06-04,9156
2026-10-05,2007-06-05,9212
2026-10-05,2007-06-06,9163
2026-10-05,2007-06-07,8952
2026-10-05,2007-06-08,9031
2026-10-05,2007-06-11,8938
2026-10-05,2007-06-12,8963
2026-10-05,2007-06-13,8897
2026-10-05,2007-06-14,8570
2026-10-05,2007-06-15,8520
2026-10-05,2007-06-19,8501
2026-10-05,2007-06-20,8611
2026-10-05,2007-06-21,8636
2026-10-05,2007-06-22,8727
2026-10-05,2007-06-25,8855
2026-10-05,2007-06-26,8915
2026-10-05,2007-06-27,8994
2026-10-05,2007-06-28,9070
2026-10-05,2007-06-29,9238
2026-10-05,2007-07-02,9070
2026-10-05,2007-07-03,9070
2026-10-05,2007-07-04,9079
2026-10-05,2007-07-05,8861
2026-10-05,2007-07-06,8818
2026-10-05,2007-07-10,8641
2026-10-05,2007-07-11,8679
2026-10-05,2007-07-12,8627
2026-10-05,2007-07-13,8379
2026-10-05,2007-07-16,8362
2026-10-05,2007-07-17,8420
2026-10-05,2007-07-18,8391
2026-10-05,2007-07-19,8422
2026-10-05,2007-07-20,8481
2026-10-05,2007-07-23,8621
2026-10-05,2007-07-24,8712
2026-10-05,2007-07-25,8822
2026-10-05,2007-07-26,9028
2026-10-05,2007-07-27,9093
2026-10-05,2007-07-30,9129
2026-10-05,2007-07-31,9436
2026-10-05,2007-08-01,9314
2026-10-05,2007-08-02,9209
2026-10-05,2007-08-03,9192
2026-10-05,2007-08-06,9157
2026-10-05,2007-08-07,9106
2026-10-05,2007-08-08,8981
2026-10-05,2007-08-09,8798
2026-10-05,2007-08-10,8667
2026-10-05,2007-08-13,8633
2026-10-05,2007-08-14,8713
2026-10-05,2007-08-15,8760
2026-10-05,2007-08-16,8787
2026-10-05,2007-08-17,8865
2026-10-05,2007-08-21,8931
2026-10-05,2007-08-22,9050
2026-10-05,2007-08-23,9185
2026-10-05,2007-08-24,9280
2026-10-05,2007-08-27,9420
2026-10-05,2007-08-28,9561
2026-10-05,2007-08-29,9681
2026-10-05,2007-08-30,9795
2026-10-05,2007-08-31,10083
2026-10-05,2007-09-03,9923
2026-10-05,2007-09-04,9942
2026-10-05,2007-09-05,9871
2026-10-05,2007-09-06,9799
2026-10-05,2007-09-07,9670
2026-10-05,2007-09-10,9606
2026-10-05,2007-09-11,9565
2026-10-05,2007-09-12,9368
2026-10-05,2007-09-13,9179
2026-10-05,2007-09-14,9139
2026-10-05,2007-09-17,9147
2026-10-05,2007-09-18,9308
2026-10-05,2007-09-19,9315
2026-10-05,2007-09-20,9342
2026-10-05,2007-09-21,9395
2026-10-05,2007-09-24,9455
2026-10-05,2007-09-25,9650
2026-10-05,2007-09-26,9739
2026-10-05,2007-09-27,9916
2026-10-05,2007-09-28,10107
2026-10-05,2007-10-01,10214
2026-10-05,2007-10-02,10262
2026-10-05,2007-10-03,10181
2026-10-05,2007-10-04,10141
2026-10-05,2007-10-05,10036
2026-10-05,2007-10-08,9965
2026-10-05,2007-10-09,9915
2026-10-05,2007-10-10,9683
2026-10-05,2007-10-11,9447
2026-10-05,2007-10-12,9386
2026-10-05,2007-10-16,9453
2026-10-05,2007-10-17,9582
2026-10-05,2007-10-18,9640
2026-10-05,2007-10-19,9749
2026-10-05,2007-10-22,9790
2026-10-05,2007-10-23,9989
2026-10-05,2007-10-24,10036
2026-10-05,2007-10-25,10110
2026-10-05,2007-10-26,10150
2026-10-05,2007-10-29,10288
2026-10-05,2007-10-30,10427
2026-10-05,2007-10-31,10850
2026-10-05,2007-11-01,10716
2026-10-05,2007-11-02,10761
2026-10-05,2007-11-05,10800
2026-10-05,2007-11-07,10766
2026-10-05,2007-11-08,10762
2026-10-05,2007-11-09,10658
2026-10-05,2007-11-12,10560
2026-10-05,2007-11-13,10562
2026-10-05,2007-11-14,10392
2026-10-05,2007-11-15,10206
2026-10-05,2007-11-16,10118
2026-10-05,2007-11-19,10112
2026-10-05,2007-11-20,10180
2026-10-05,2007-11-21,10173
2026-10-05,2007-11-22,10209
2026-10-05,2007-11-23,10306
2026-10-05,2007-11-26,10359
2026-10-05,2007-11-27,10514
2026-10-05,2007-11-28,10675
2026-10-05,2007-11-29,10773
2026-10-05,2007-11-30,11052
2026-10-05,2007-12-03,10911
2026-10-05,2007-12-04,10953
2026-10-05,2007-12-05,10880
2026-10-05,2007-12-06,10843
2026-10-05,2007-12-07,10723
2026-10-05,2007-12-10,10754
2026-10-05,2007-12-11,10865
2026-10-05,2007-12-12,10743
2026-10-05,2007-12-13,10508
2026-10-05,2007-12-14,10414
2026-10-05,2007-12-17,10428
2026-10-05,2007-12-18,10526
2026-10-05,2007-12-19,10547
2026-10-05,2007-12-20,10602
2026-10-05,2007-12-21,10679
2026-10-05,2007-12-26,10849
2026-10-05,2007-12-27,10994
2026-10-05,2007-12-28,11664
2026-10-05,2008-01-02,11430
2026-10-05,2008-01-03,11694
2026-10-05,2008-01-04,11745
2026-10-05,2008-01-07,11627
2026-10-05,2008-01-08,11503
2026-10-05,2008-01-09,11416
2026-10-05,2008-01-10,11331
2026-10-05,2008-01-11,11225
2026-10-05,2008-01-14,11177
2026-10-05,2008-01-15,11124
2026-10-05,2008-01-16,11136
2026-10-05,2008-01-17,11196
2026-10-05,2008-01-18,11254
2026-10-05,2008-01-21,11332
2026-10-05,2008-01-22,11439
2026-10-05,2008-01-23,11504
2026-10-05,2008-01-24,11563
2026-10-05,2008-01-25,11583
2026-10-05,2008-01-28,11537
2026-10-05,2008-01-29,11685
2026-10-05,2008-01-30,11869
2026-10-05,2008-01-31,12218
2026-10-05,2008-02-01,12086
2026-10-05,2008-02-04,12186
2026-10-05,2008-02-05,12168
2026-10-05,2008-02-06,12057
2026-10-05,2008-02-07,11868
2026-10-05,2008-02-08,11878
2026-10-05,2008-02-11,11948
2026-10-05,2008-02-12,11980
2026-10-05,2008-02-13,11595
2026-10-05,2008-02-14,11555
2026-10-05,2008-02-15,11466
2026-10-05,2008-02-18,11406
2026-10-05,2008-02-19,11460
2026-10-05,2008-02-20,11481
2026-10-05,2008-02-21,11429
2026-10-05,2008-02-22,11424
2026-10-05,2008-02-25,11499
2026-10-05,2008-02-26,11663
2026-10-05,2008-02-27,11782
2026-10-05,2008-02-28,11897
2026-10-05,2008-02-29,12279
2026-10-05,2008-03-03,12100
2026-10-05,2008-03-04,12210
2026-10-05,2008-03-05,12112
2026-10-05,2008-03-06,11995
2026-10-05,2008-03-07,11878
2026-10-05,2008-03-10,12006
2026-10-05,2008-03-11,11991
2026-10-05,2008-03-12,11888
2026-10-05,2008-03-13,11599
2026-10-05,2008-03-14,11457
2026-10-05,2008-03-17,11499
2026-10-05,2008-03-18,11537
2026-10-05,2008-03-19,11618
2026-10-05,2008-03-25,11654
2026-10-05,2008-03-26,11854
2026-10-05,2008-03-27,12059
2026-10-05,2008-03-28,12166
2026-10-05,2008-03-31,12661
2026-10-05,2008-04-01,12440
2026-10-05,2008-04-03,12555
2026-10-05,2008-04-04,12539
2026-10-05,2008-04-07,12453
2026-10-05,2008-04-08,12445
2026-10-05,2008-04-09,12265
2026-10-05,2008-04-10,11997
2026-10-05,2008-04-11,11789
2026-10-05,2008-04-14,11763
2026-10-05,2008-04-15,11782
2026-10-05,2008-04-16,11842
2026-10-05,2008-04-17,11896
2026-10-05,2008-04-18,11928
2026-10-05,2008-04-21,12020
2026-10-05,2008-04-22,12173
2026-10-05,2008-04-23,12237
2026-10-05,2008-04-24,12306
2026-10-05,2008-04-25,12367
2026-10-05,2008-04-28,12531
2026-10-05,2008-04-29,12694
2026-10-05,2008-04-30,13023
2026-10-05,2008-05-02,12937
2026-10-05,2008-05-05,12926
2026-10-05,2008-05-06,13032
2026-10-05,2008-05-07,12987
2026-10-05,2008-05-08,12810
2026-10-05,2008-05-09,12755
2026-10-05,2008-05-12,12592
2026-10-05,2008-05-13,12512
2026-10-05,2008-05-14,12426
2026-10-05,2008-05-15,12157
2026-10-05,2008-05-16,12118
2026-10-05,2008-05-19,12101
2026-10-05,2008-05-20,12187
2026-10-05,2008-05-21,12260
2026-10-05,2008-05-22,12298
2026-10-05,2008-05-23,12324
2026-10-05,2008-05-26,12512
2026-10-05,2008-05-27,12625
2026-10-05,2008-05-28,12878
2026-10-05,2008-05-29,13072
2026-10-05,2008-05-30,13339
2026-10-05,2008-06-02,13156
2026-10-05,2008-06-03,13330
2026-10-05,2008-06-04,13291
2026-10-05,2008-06-05,13084
2026-10-05,2008-06-06,13005
2026-10-05,2008-06-09,12981
2026-10-05,2008-06-10,12976
2026-10-05,2008-06-11,12814
2026-10-05,2008-06-12,12540
2026-10-05,2008-06-13,12387
2026-10-05,2008-06-17,12421
2026-10-05,2008-06-18,12579
2026-10-05,2008-06-19,12682
2026-10-05,2008-06-20,12725
2026-10-05,2008-06-23,12781
2026-10-05,2008-06-24,12917
2026-10-05,2008-06-25,13076
2026-10-05,2008-06-26,13188
2026-10-05,2008-06-27,13322
2026-10-05,2008-06-30,13795
2026-10-05,2008-07-01,13416
2026-10-05,2008-07-02,13291
2026-10-05,2008-07-03,13178
2026-10-05,2008-07-04,13045
2026-10-05,2008-07-07,12895
2026-10-05,2008-07-08,12842
2026-10-05,2008-07-10,12658
2026-10-05,2008-07-11,12333
2026-10-05,2008-07-14,12258
2026-10-05,2008-07-15,12360
2026-10-05,2008-07-16,12352
2026-10-05,2008-07-17,12386
2026-10-05,2008-07-18,12478
2026-10-05,2008-07-21,12497
2026-10-05,2008-07-22,12636
2026-10-05,2008-07-23,12726
2026-10-05,2008-07-24,12805
2026-10-05,2008-07-25,12894
2026-10-05,2008-07-28,13282
2026-10-05,2008-07-29,13466
2026-10-05,2008-07-30,13545
2026-10-05,2008-07-31,13707
2026-10-05,2008-08-01,13668
2026-10-05,2008-08-04,13660
2026-10-05,2008-08-05,13688
2026-10-05,2008-08-06,13588
2026-10-05,2008-08-07,13445
2026-10-05,2008-08-08,13384
2026-10-05,2008-08-11,13352
2026-10-05,2008-08-12,13374
2026-10-05,2008-08-13,13258
2026-10-05,2008-08-14,12910
2026-10-05,2008-08-15,12750
2026-10-05,2008-08-19,12758
2026-10-05,2008-08-20,12851
2026-10-05,2008-08-21,12872
2026-10-05,2008-08-22,12966
2026-10-05,2008-08-25,13073
2026-10-05,2008-08-26,13236
2026-10-05,2008-08-27,13387
2026-10-05,2008-08-28,13436
2026-10-05,2008-08-29,13871
2026-10-05,2008-09-01,13707
2026-10-05,2008-09-02,13878
2026-10-05,2008-09-03,13734
2026-10-05,2008-09-04,13579
2026-10-05,2008-09-05,13491
2026-10-05,2008-09-08,13427
2026-10-05,2008-09-09,13498
2026-10-05,2008-09-10,13265
2026-10-05,2008-09-11,12962
2026-10-05,2008-09-12,12848
2026-10-05,2008-09-15,12848
2026-10-05,2008-09-16,12904
2026-10-05,2008-09-17,12918
2026-10-05,2008-09-18,13011
2026-10-05,2008-09-19,13121
2026-10-05,2008-09-22,13257
2026-10-05,2008-09-23,13352
2026-10-05,2008-09-24,13461
2026-10-05,2008-09-25,13530
2026-10-05,2008-09-26,13574
2026-10-05,2008-09-29,13812
2026-10-05,2008-09-30,14201
2026-10-05,2008-10-01,14173
2026-10-05,2008-10-02,14265
2026-10-05,2008-10-03,14322
2026-10-05,2008-10-06,14284
2026-10-05,2008-10-07,14330
2026-10-05,2008-10-08,14262
2026-10-05,2008-10-09,14066
2026-10-05,2008-10-10,14005
2026-10-05,2008-10-14,13759
2026-10-05,2008-10-15,13745
2026-10-05,2008-10-16,13527
2026-10-05,2008-10-17,13441
2026-10-05,2008-10-20,13467
2026-10-05,2008-10-21,13628
2026-10-05,2008-10-22,13728
2026-10-05,2008-10-23,13834
2026-10-05,2008-10-24,13851
2026-10-05,2008-10-27,14079
2026-10-05,2008-10-28,14205
2026-10-05,2008-10-29,14300
2026-10-05,2008-10-30,14491
2026-10-05,2008-10-31,14751
2026-10-05,2008-11-03,14712
2026-10-05,2008-11-04,14753
2026-10-05,2008-11-05,14534
2026-10-05,2008-11-07,14363
2026-10-05,2008-11-10,14417
2026-10-05,2008-11-11,14165
2026-10-05,2008-11-12,13993
2026-10-05,2008-11-13,13867
2026-10-05,2008-11-14,13752
2026-10-05,2008-11-17,13676
2026-10-05,2008-11-18,13843
2026-10-05,2008-11-19,13906
2026-10-05,2008-11-20,13918
2026-10-05,2008-11-21,14019
2026-10-05,2008-11-24,14168
2026-10-05,2008-11-25,14320
2026-10-05,2008-11-26,14416
2026-10-05,2008-11-27,14555
2026-10-05,2008-11-28,15037
2026-10-05,2008-12-01,14939
2026-10-05,2008-12-02,15125
2026-10-05,2008-12-03,14989
2026-10-05,2008-12-04,14859
2026-10-05,2008-12-05,14753
2026-10-05,2008-12-09,14656
2026-10-05,2008-12-10,14660
2026-10-05,2008-12-11,14547
2026-10-05,2008-12-12,14218
2026-10-05,2008-12-15,14084
2026-10-05,2008-12-16,14177
2026-10-05,2008-12-17,14209
2026-10-05,2008-12-18,14252
2026-10-05,2008-12-19,14319
2026-10-05,2008-12-22,14463
2026-10-05,2008-12-23,14698
2026-10-05,2008-12-24,14916
2026-10-05,2008-12-26,15066
2026-10-05,2008-12-29,15252
2026-10-05,2008-12-30,15451
2026-10-05,2008-12-31,16048
2026-10-05,2009-01-02,15793
2026-10-05,2009-01-05,15767
2026-10-05,2009-01-06,15672
2026-10-05,2009-01-07,15703
2026-10-05,2009-01-08,15452
2026-10-05,2009-01-09,15375
2026-10-05,2009-01-12,15500
2026-10-05,2009-01-13,15309
2026-10-05,2009-01-14,15140
2026-10-05,2009-01-15,14745
2026-10-05,2009-01-16,14568
2026-10-05,2009-01-19,14559
2026-10-05,2009-01-20,14650
2026-10-05,2009-01-21,14683
2026-10-05,2009-01-22,14680
2026-10-05,2009-01-23,14725
2026-10-05,2009-01-26,14922
2026-10-05,2009-01-27,14966
2026-10-05,2009-01-28,15111
2026-10-05,2009-01-29,15482
2026-10-05,2009-01-30,15718
2026-10-05,2009-02-02,15641
2026-10-05,2009-02-03,15682
2026-10-05,2009-02-04,15395
2026-10-05,2009-02-05,15379
2026-10-05,2009-02-06,15215
2026-10-05,2009-02-09,15064
2026-10-05,2009-02-10,14950
2026-10-05,2009-02-11,14712
2026-10-05,2009-02-12,14475
2026-10-05,2009-02-13,14278
2026-10-05,2009-02-16,14222
2026-10-05,2009-02-17,14320
2026-10-05,2009-02-18,14353
2026-10-05,2009-02-19,14414
2026-10-05,2009-02-20,14480
2026-10-05,2009-02-23,14519
2026-10-05,2009-02-24,14737
2026-10-05,2009-02-25,14868
2026-10-05,2009-02-26,15032
2026-10-05,2009-02-27,15447
2026-10-05,2009-03-02,15098
2026-10-05,2009-03-03,15234
2026-10-05,2009-03-04,15118
2026-10-05,2009-03-05,14928
2026-10-05,2009-03-06,14829
2026-10-05,2009-03-09,14755
2026-10-05,2009-03-10,14716
2026-10-05,2009-03-11,14472
2026-10-05,2009-03-12,14328
2026-10-05,2009-03-13,14182
2026-10-05,2009-03-16,14142
2026-10-05,2009-03-17,14227
2026-10-05,2009-03-18,14248
2026-10-05,2009-03-19,14271
2026-10-05,2009-03-20,14322
2026-10-05,2009-03-23,14483
2026-10-05,2009-03-25,14670
2026-10-05,2009-03-26,14854
2026-10-05,2009-03-27,14963
2026-10-05,2009-03-30,15051
2026-10-05,2009-03-31,15743
2026-10-05,2009-04-01,15444
2026-10-05,2009-04-03,15397
2026-10-05,2009-04-06,15220
2026-10-05,2009-04-07,15122
2026-10-05,2009-04-08,14961
2026-10-05,2009-04-13,14496
2026-10-05,2009-04-14,14465
2026-10-05,2009-04-15,14451
2026-10-05,2009-04-16,14427
2026-10-05,2009-04-17,14422
2026-10-05,2009-04-20,14409
2026-10-05,2009-04-21,14569
2026-10-05,2009-04-22,14623
2026-10-05,2009-04-23,14748
2026-10-05,2009-04-24,14842
2026-10-05,2009-04-27,14970
2026-10-05,2009-04-28,15216
2026-10-05,2009-04-29,15429
2026-10-05,2009-04-30,15968
2026-10-05,2009-05-04,15705
2026-10-05,2009-05-05,15875
2026-10-05,2009-05-06,15742
2026-10-05,2009-05-07,15556
2026-10-05,2009-05-08,15424
2026-10-05,2009-05-11,15338
2026-10-05,2009-05-12,15151
2026-10-05,2009-05-13,14909
2026-10-05,2009-05-14,14841
2026-10-05,2009-05-15,14589
2026-10-05,2009-05-18,14475
2026-10-05,2009-05-19,14603
2026-10-05,2009-05-20,14604
2026-10-05,2009-05-21,14580
2026-10-05,2009-05-22,14735
2026-10-05,2009-05-26,14843
2026-10-05,2009-05-27,15096
2026-10-05,2009-05-28,15170
2026-10-05,2009-05-29,15809
2026-10-05,2009-06-01,15438
2026-10-05,2009-06-02,15379
2026-10-05,2009-06-03,15264
2026-10-05,2009-06-04,15321
2026-10-05,2009-06-05,15178
2026-10-05,2009-06-08,15123
2026-10-05,2009-06-09,15130
2026-10-05,2009-06-10,15186
2026-10-05,2009-06-11,14901
2026-10-05,2009-06-12,14699
2026-10-05,2009-06-16,14705
2026-10-05,2009-06-17,14701
2026-10-05,2009-06-18,14783
2026-10-05,2009-06-19,14914
2026-10-05,2009-06-22,15105
2026-10-05,2009-06-23,15303
2026-10-05,2009-06-24,15373
2026-10-05,2009-06-25,15459
2026-10-05,2009-06-26,15664
2026-10-05,2009-06-29,15690
2026-10-05,2009-06-30,16079
2026-10-05,2009-07-01,15694
2026-10-05,2009-07-02,15756
2026-10-05,2009-07-03,15711
2026-10-05,2009-07-06,15693
2026-10-05,2009-07-07,15598
2026-10-05,2009-07-08,15571
2026-10-05,2009-07-13,15345
2026-10-05,2009-07-14,15281
2026-10-05,2009-07-15,15065
2026-10-05,2009-07-16,14727
2026-10-05,2009-07-17,14489
2026-10-05,2009-07-20,14517
2026-10-05,2009-07-21,14608
2026-10-05,2009-07-22,14608
2026-10-05,2009-07-23,14655
2026-10-05,2009-07-24,14701
2026-10-05,2009-07-27,14867
2026-10-05,2009-07-28,15087
2026-10-05,2009-07-29,15358
2026-10-05,2009-07-30,15583
2026-10-05,2009-07-31,15737
2026-10-05,2009-08-03,15720
2026-10-05,2009-08-04,15795
2026-10-05,2009-08-05,15695
2026-10-05,2009-08-06,15578
2026-10-05,2009-08-07,15496
2026-10-05,2009-08-10,15393
2026-10-05,2009-08-11,15406
2026-10-05,2009-08-12,15279
2026-10-05,2009-08-13,14873
2026-10-05,2009-08-14,14660
2026-10-05,2009-08-18,14708
2026-10-05,2009-08-19,14863
2026-10-05,2009-08-20,15016
2026-10-05,2009-08-21,15066
2026-10-05,2009-08-24,15282
2026-10-05,2009-08-25,15367
2026-10-05,2009-08-26,15715
2026-10-05,2009-08-27,15844
2026-10-05,2009-08-28,15865
2026-10-05,2009-08-31,16406
2026-10-05,2009-09-01,16216
2026-10-05,2009-09-02,16204
2026-10-05,2009-09-03,15995
2026-10-05,2009-09-04,15910
2026-10-05,2009-09-07,15863
2026-10-05,2009-09-08,15785
2026-10-05,2009-09-09,15585
2026-10-05,2009-09-10,15216
2026-10-05,2009-09-11,14984
2026-10-05,2009-09-14,15003
2026-10-05,2009-09-15,15139
2026-10-05,2009-09-16,15240
2026-10-05,2009-09-17,15364
2026-10-05,2009-09-18,15402
2026-10-05,2009-09-21,15506
2026-10-05,2009-09-22,15710
2026-10-05,2009-09-23,15842
2026-10-05,2009-09-24,16058
2026-10-05,2009-09-25,16155
2026-10-05,2009-09-28,16312
2026-10-05,2009-09-29,16521
2026-10-05,2009-09-30,16826
2026-10-05,2009-10-01,16777
2026-10-05,2009-10-02,16908
2026-10-05,2009-10-05,16862
2026-10-05,2009-10-06,16907
2026-10-05,2009-10-07,16845
2026-10-05,2009-10-08,16685
2026-10-05,2009-10-09,16496
2026-10-05,2009-10-13,16324
2026-10-05,2009-10-14,16335
2026-10-05,2009-10-15,16198
2026-10-05,2009-10-16,15808
2026-10-05,2009-10-19,15812
2026-10-05,2009-10-20,16093
2026-10-05,2009-10-21,16209
2026-10-05,2009-10-22,16354
2026-10-05,2009-10-23,16554
2026-10-05,2009-10-26,16718
2026-10-05,2009-10-27,16968
2026-10-05,2009-10-28,17125
2026-10-05,2009-10-29,17254
2026-10-05,2009-10-30,17513
2026-10-05,2009-11-02,17433
2026-10-05,2009-11-03,17256
2026-10-05,2009-11-04,17117
2026-10-05,2009-11-05,17100
2026-10-05,2009-11-09,17130
2026-10-05,2009-11-10,16772
2026-10-05,2009-11-11,16498
2026-10-05,2009-11-12,16269
2026-10-05,2009-11-13,16188
2026-10-05,2009-11-16,16326
2026-10-05,2009-11-17,16308
2026-10-05,2009-11-18,16387
2026-10-05,2009-11-19,16543
2026-10-05,2009-11-20,16717
2026-10-05,2009-11-23,17004
2026-10-05,2009-11-24,17212
2026-10-05,2009-11-25,17413
2026-10-05,2009-11-26,17577
2026-10-05,2009-11-27,17800
2026-10-05,2009-11-30,18093
2026-10-05,2009-12-01,17762
2026-10-05,2009-12-02,17733
2026-10-05,2009-12-03,17720
2026-10-05,2009-12-04,17689
2026-10-05,2009-12-07,17562
2026-10-05,2009-12-09,17160
2026-10-05,2009-12-10,16888
2026-10-05,2009-12-11,16830
2026-10-05,2009-12-14,16842
2026-10-05,2009-12-15,16945
2026-10-05,2009-12-16,17074
2026-10-05,2009-12-17,17168
2026-10-05,2009-12-18,17360
2026-10-05,2009-12-21,17623
2026-10-05,2009-12-22,17750
2026-10-05,2009-12-23,17974
2026-10-05,2009-12-24,18289
2026-10-05,2009-12-28,18684
2026-10-05,2009-12-29,18868
2026-10-05,2009-12-30,19209
2026-10-05,2009-12-31,19537
2026-10-05,2010-01-04,19362
2026-10-05,2010-01-05,19458
2026-10-05,2010-01-06,19418
2026-10-05,2010-01-07,19159
2026-10-05,2010-01-08,19049
2026-10-05,2010-01-11,18877
2026-10-05,2010-01-12,18713
2026-10-05,2010-01-13,18302
2026-10-05,2010-01-14,18007
2026-10-05,2010-01-15,17812
2026-10-05,2010-01-18,17717
2026-10-05,2010-01-19,17904
2026-10-05,2010-01-20,17970
2026-10-05,2010-01-21,18114
2026-10-05,2010-01-22,18234
2026-10-05,2010-01-25,18372
2026-10-05,2010-01-26,18533
2026-10-05,2010-01-27,18756
2026-10-05,2010-01-28,19005
2026-10-05,2010-01-29,19199
2026-10-05,2010-02-01,19111
2026-10-05,2010-02-02,19168
2026-10-05,2010-02-03,19048
2026-10-05,2010-02-04,18862
2026-10-05,2010-02-05,18833
2026-10-05,2010-02-08,18670
2026-10-05,2010-02-09,18585
2026-10-05,2010-02-10,18463
2026-10-05,2010-02-11,18130
2026-10-05,2010-02-12,17918
2026-10-05,2010-02-15,17809
2026-10-05,2010-02-16,17903
2026-10-05,2010-02-17,17974
2026-10-05,2010-02-18,18127
2026-10-05,2010-02-19,18164
2026-10-05,2010-02-22,18291
2026-10-05,2010-02-23,18672
2026-10-05,2010-02-24,18932
2026-10-05,2010-02-25,19140
2026-10-05,2010-02-26,19341
2026-10-05,2010-03-01,19438
2026-10-05,2010-03-02,19253
2026-10-05,2010-03-03,19133
2026-10-05,2010-03-04,19206
2026-10-05,2010-03-05,19196
2026-10-05,2010-03-08,19247
2026-10-05,2010-03-09,18781
2026-10-05,2010-03-10,18571
2026-10-05,2010-03-11,18485
2026-10-05,2010-03-12,18132
2026-10-05,2010-03-15,18057
2026-10-05,2010-03-16,18152
2026-10-05,2010-03-17,18281
2026-10-05,2010-03-18,18368
2026-10-05,2010-03-19,18436
2026-10-05,2010-03-22,18572
2026-10-05,2010-03-23,18791
2026-10-05,2010-03-25,19071
2026-10-05,2010-03-26,19259
2026-10-05,2010-03-29,19614
2026-10-05,2010-03-30,19893
2026-10-05,2010-03-31,20291
2026-10-05,2010-04-05,20086
2026-10-05,2010-04-06,20021
2026-10-05,2010-04-07,20165
2026-10-05,2010-04-08,20009
2026-10-05,2010-04-09,19870
2026-10-05,2010-04-12,19683
2026-10-05,2010-04-13,19509
2026-10-05,2010-04-14,19413
2026-10-05,2010-04-15,18891
2026-10-05,2010-04-16,18873
2026-10-05,2010-04-19,18846
2026-10-05,2010-04-20,19104
2026-10-05,2010-04-21,19152
2026-10-05,2010-04-22,19233
2026-10-05,2010-04-23,19302
2026-10-05,2010-04-26,19441
2026-10-05,2010-04-27,19990
2026-10-05,2010-04-28,20314
2026-10-05,2010-04-29,20575
2026-10-05,2010-04-30,20880
2026-10-05,2010-05-03,20919
2026-10-05,2010-05-04,20926
2026-10-05,2010-05-05,20810
2026-10-05,2010-05-06,20596
2026-10-05,2010-05-07,20488
2026-10-05,2010-05-10,20353
2026-10-05,2010-05-11,20239
2026-10-05,2010-05-12,20008
2026-10-05,2010-05-13,19953
2026-10-05,2010-05-14,19726
2026-10-05,2010-05-17,19440
2026-10-05,2010-05-18,19481
2026-10-05,2010-05-19,19775
2026-10-05,2010-05-20,19905
2026-10-05,2010-05-21,20012
2026-10-05,2010-05-26,20261
2026-10-05,2010-05-27,20665
2026-10-05,2010-05-28,21201
2026-10-05,2010-05-31,21893
2026-10-05,2010-06-01,21577
2026-10-05,2010-06-02,21643
2026-10-05,2010-06-03,21393
2026-10-05,2010-06-04,21220
2026-10-05,2010-06-07,21093
2026-10-05,2010-06-08,21093
2026-10-05,2010-06-09,20934
2026-10-05,2010-06-10,20493
2026-10-05,2010-06-11,20176
2026-10-05,2010-06-14,20200
2026-10-05,2010-06-15,20384
2026-10-05,2010-06-16,20540
2026-10-05,2010-06-17,20651
2026-10-05,2010-06-18,20826
2026-10-05,2010-06-22,21065
2026-10-05,2010-06-23,21274
2026-10-05,2010-06-24,21615
2026-10-05,2010-06-25,21858
2026-10-05,2010-06-28,22099
2026-10-05,2010-06-29,22459
2026-10-05,2010-06-30,22952
2026-10-05,2010-07-01,22097
2026-10-05,2010-07-02,22154
2026-10-05,2010-07-05,22001
2026-10-05,2010-07-06,22111
2026-10-05,2010-07-07,22058
2026-10-05,2010-07-08,21793
2026-10-05,2010-07-12,21462
2026-10-05,2010-07-13,21420
2026-10-05,2010-07-14,21256
2026-10-05,2010-07-15,20766
2026-10-05,2010-07-16,20510
2026-10-05,2010-07-19,20608
2026-10-05,2010-07-20,20778
2026-10-05,2010-07-21,20833
2026-10-05,2010-07-22,20947
2026-10-05,2010-07-23,21113
2026-10-05,2010-07-26,21507
2026-10-05,2010-07-27,21829
2026-10-05,2010-07-28,22130
2026-10-05,2010-07-29,22233
2026-10-05,2010-07-30,22699
2026-10-05,2010-08-02,22494
2026-10-05,2010-08-03,22408
2026-10-05,2010-08-04,22346
2026-10-05,2010-08-05,22201
2026-10-05,2010-08-06,22095
2026-10-05,2010-08-09,22009
2026-10-05,2010-08-10,21897
2026-10-05,2010-08-11,21779
2026-10-05,2010-08-12,21436
2026-10-05,2010-08-13,21192
2026-10-05,2010-08-17,21179
2026-10-05,2010-08-18,21337
2026-10-05,2010-08-19,21559
2026-10-05,2010-08-20,21814
2026-10-05,2010-08-23,21969
2026-10-05,2010-08-24,22333
2026-10-05,2010-08-25,22606
2026-10-05,2010-08-26,22895
2026-10-05,2010-08-27,23061
2026-10-05,2010-08-30,23179
2026-10-05,2010-08-31,23945
2026-10-05,2010-09-01,23397
2026-10-05,2010-09-02,23377
2026-10-05,2010-09-03,23022
2026-10-05,2010-09-06,22864
2026-10-05,2010-09-07,22821
2026-10-05,2010-09-08,22489
2026-10-05,2010-09-09,22022
2026-10-05,2010-09-10,21785
2026-10-05,2010-09-13,21527
2026-10-05,2010-09-14,21721
2026-10-05,2010-09-15,21835
2026-10-05,2010-09-16,21965
2026-10-05,2010-09-17,22114
2026-10-05,2010-09-20,22298
2026-10-05,2010-09-21,22551
2026-10-05,2010-09-22,22774
2026-10-05,2010-09-23,22938
2026-10-05,2010-09-24,23116
2026-10-05,2010-09-27,23647
2026-10-05,2010-09-28,23830
2026-10-05,2010-09-29,24093
2026-10-05,2010-09-30,24529
2026-10-05,2010-10-01,24428
2026-10-05,2010-10-04,24453
2026-10-05,2010-10-05,24421
2026-10-05,2010-10-06,24207
2026-10-05,2010-10-07,23961
2026-10-05,2010-10-08,23946
2026-10-05,2010-10-12,23597
2026-10-05,2010-10-13,23541
2026-10-05,2010-10-14,23092
2026-10-05,2010-10-15,22873
2026-10-05,2010-10-18,22923
2026-10-05,2010-10-19,23208
2026-10-05,2010-10-20,23384
2026-10-05,2010-10-21,23565
2026-10-05,2010-10-22,23756
2026-10-05,2010-10-25,23937
2026-10-05,2010-10-26,24325
2026-10-05,2010-10-28,24578
2026-10-05,2010-10-29,25376
2026-10-05,2010-11-01,25257
2026-10-05,2010-11-02,25264
2026-10-05,2010-11-03,25060
2026-10-05,2010-11-04,24822
2026-10-05,2010-11-05,24712
2026-10-05,2010-11-08,24640
2026-10-05,2010-11-09,24479
2026-10-05,2010-11-10,24268
2026-10-05,2010-11-11,23810
2026-10-05,2010-11-12,23546
2026-10-05,2010-11-15,23548
2026-10-05,2010-11-16,23724
2026-10-05,2010-11-17,23824
2026-10-05,2010-11-18,23992
2026-10-05,2010-11-19,24187
2026-10-05,2010-11-23,24453
2026-10-05,2010-11-24,24747
2026-10-05,2010-11-25,25072
2026-10-05,2010-11-26,25473
2026-10-05,2010-11-29,25722
2026-10-05,2010-11-30,26525
2026-10-05,2010-12-01,26184
2026-10-05,2010-12-02,26466
2026-10-05,2010-12-03,26387
2026-10-05,2010-12-06,26424
2026-10-05,2010-12-07,26514
2026-10-05,2010-12-09,26428
2026-10-05,2010-12-10,26107
2026-10-05,2010-12-13,26018
2026-10-05,2010-12-14,26045
2026-10-05,2010-12-15,26036
2026-10-05,2010-12-16,25548
2026-10-05,2010-12-17,25495
2026-10-05,2010-12-20,25576
2026-10-05,2010-12-21,25695
2026-10-05,2010-12-22,25982
2026-10-05,2010-12-23,26222
2026-10-05,2010-12-27,26750
2026-10-05,2010-12-28,27342
2026-10-05,2010-12-29,27755
2026-10-05,2010-12-30,28625
2026-10-05,2011-01-03,28164
2026-10-05,2011-01-04,28196
2026-10-05,2011-01-05,28103
2026-10-05,2011-01-06,27825
2026-10-05,2011-01-07,27759
2026-10-05,2011-01-10,27519
2026-10-05,2011-01-11,27533
2026-10-05,2011-01-12,27221
2026-10-05,2011-01-13,26746
2026-10-05,2011-01-14,26432
2026-10-05,2011-01-17,26443
2026-10-05,2011-01-18,26615
2026-10-05,2011-01-19,26725
2026-10-05,2011-01-20,26849
2026-10-05,2011-01-21,26879
2026-10-05,2011-01-24,27335
2026-10-05,2011-01-25,27664
2026-10-05,2011-01-26,27977
2026-10-05,2011-01-27,28208
2026-10-05,2011-01-28,28403
2026-10-05,2011-01-31,29026
2026-10-05,2011-02-01,28483
2026-10-05,2011-02-02,28450
2026-10-05,2011-02-03,28089
2026-10-05,2011-02-04,27999
2026-10-05,2011-02-07,27957
2026-10-05,2011-02-08,27751
2026-10-05,2011-02-09,27606
2026-10-05,2011-02-10,27451
2026-10-05,2011-02-11,27040
2026-10-05,2011-02-14,27009
2026-10-05,2011-02-15,27167
2026-10-05,2011-02-16,26962
2026-10-05,2011-02-17,27084
2026-10-05,2011-02-18,27255
2026-10-05,2011-02-21,27455
2026-10-05,2011-02-22,27724
2026-10-05,2011-02-23,27726
2026-10-05,2011-02-24,27931
2026-10-05,2011-02-25,28107
2026-10-05,2011-02-28,29402
2026-10-05,2011-03-01,28750
2026-10-05,2011-03-02,29020
2026-10-05,2011-03-03,29384
2026-10-05,2011-03-04,29277
2026-10-05,2011-03-09,28992
2026-10-05,2011-03-10,29290
2026-10-05,2011-03-11,28776
2026-10-05,2011-03-14,28667
2026-10-05,2011-03-15,28823
2026-10-05,2011-03-16,28558
2026-10-05,2011-03-17,28059
2026-10-05,2011-03-18,27813
2026-10-05,2011-03-21,27756
2026-10-05,2011-03-22,27704
2026-10-05,2011-03-23,28019
2026-10-05,2011-03-28,28434
2026-10-05,2011-03-29,28669
2026-10-05,2011-03-30,29330
2026-10-05,2011-03-31,30143
2026-10-05,2011-04-01,29737
2026-10-05,2011-04-04,29533
2026-10-05,2011-04-05,29448
2026-10-05,2011-04-06,29551
2026-10-05,2011-04-07,29232
2026-10-05,2011-04-08,29166
2026-10-05,2011-04-11,28876
2026-10-05,2011-04-12,28898
2026-10-05,2011-04-13,28656
2026-10-05,2011-04-14,28195
2026-10-05,2011-04-15,27909
2026-10-05,2011-04-18,27894
2026-10-05,2011-04-19,28103
2026-10-05,2011-04-20,28186
2026-10-05,2011-04-25,28666
2026-10-05,2011-04-26,28772
2026-10-05,2011-04-27,29557
2026-10-05,2011-04-28,30027
2026-10-05,2011-04-29,30641
2026-10-05,2011-05-02,30116
2026-10-05,2011-05-03,30191
2026-10-05,2011-05-04,30033
2026-10-05,2011-05-05,29766
2026-10-05,2011-05-06,29748
2026-10-05,2011-05-09,29565
2026-10-05,2011-05-10,29452
2026-10-05,2011-05-11,29104
2026-10-05,2011-05-12,28557
2026-10-05,2011-05-13,28198
2026-10-05,2011-05-16,28153
2026-10-05,2011-05-17,28450
2026-10-05,2011-05-18,28635
2026-10-05,2011-05-19,28843
2026-10-05,2011-05-20,29267
2026-10-05,2011-05-23,29416
2026-10-05,2011-05-24,29905
2026-10-05,2011-05-26,30354
2026-10-05,2011-05-27,30778
2026-10-05,2011-05-30,31031
2026-10-05,2011-05-31,32099
2026-10-05,2011-06-01,31400
2026-10-05,2011-06-02,31348
2026-10-05,2011-06-03,30914
2026-10-05,2011-06-06,30764
2026-10-05,2011-06-07,30592
2026-10-05,2011-06-08,30311
2026-10-05,2011-06-09,29562
2026-10-05,2011-06-10,29175
2026-10-05,2011-06-13,29152
2026-10-05,2011-06-14,29408
2026-10-05,2011-06-15,29661
2026-10-05,2011-06-16,29782
2026-10-05,2011-06-17,30000
2026-10-05,2011-06-21,30398
2026-10-05,2011-06-22,30678
2026-10-05,2011-06-23,31241
2026-10-05,2011-06-24,31543
2026-10-05,2011-06-27,31973
2026-10-05,2011-06-28,32371
2026-10-05,2011-06-29,32809
2026-10-05,2011-06-30,33529
2026-10-05,2011-07-01,32525
2026-10-05,2011-07-04,32597
2026-10-05,2011-07-05,32559
2026-10-05,2011-07-06,32355
2026-10-05,2011-07-07,32022
2026-10-05,2011-07-08,31820
2026-10-05,2011-07-11,31450
2026-10-05,2011-07-12,31409
2026-10-05,2011-07-13,31070
2026-10-05,2011-07-14,30437
2026-10-05,2011-07-15,30090
2026-10-05,2011-07-18,30019
2026-10-05,2011-07-19,30294
2026-10-05,2011-07-20,30501
2026-10-05,2011-07-21,30668
2026-10-05,2011-07-22,30917
2026-10-05,2011-07-25,31189
2026-10-05,2011-07-26,31753
2026-10-05,2011-07-27,32168
2026-10-05,2011-07-28,32527
2026-10-05,2011-07-29,33098
2026-10-05,2011-08-01,32859
2026-10-05,2011-08-02,32998
2026-10-05,2011-08-03,32918
2026-10-05,2011-08-04,32488
2026-10-05,2011-08-05,32351
2026-10-05,2011-08-08,32218
2026-10-05,2011-08-09,32095
2026-10-05,2011-08-10,31769
2026-10-05,2011-08-11,31257
2026-10-05,2011-08-12,30966
2026-10-05,2011-08-15,30942
2026-10-05,2011-08-16,31202
2026-10-05,2011-08-17,31437
2026-10-05,2011-08-18,31682
2026-10-05,2011-08-19,31893
2026-10-05,2011-08-23,32228
2026-10-05,2011-08-24,32707
2026-10-05,2011-08-25,33064
2026-10-05,2011-08-26,33394
2026-10-05,2011-08-29,33514
2026-10-05,2011-08-30,33914
2026-10-05,2011-08-31,34998
2026-10-05,2011-09-01,34710
2026-10-05,2011-09-02,34789
2026-10-05,2011-09-05,34806
2026-10-05,2011-09-06,34800
2026-10-05,2011-09-07,34869
2026-10-05,2011-09-08,34592
2026-10-05,2011-09-09,34169
2026-10-05,2011-09-12,34038
2026-10-05,2011-09-13,34162
2026-10-05,2011-09-14,33794
2026-10-05,2011-09-15,33286
2026-10-05,2011-09-16,33013
2026-10-05,2011-09-19,32943
2026-10-05,2011-09-20,33263
2026-10-05,2011-09-21,33519
2026-10-05,2011-09-22,33720
2026-10-05,2011-09-23,33981
2026-10-05,2011-09-26,34104
2026-10-05,2011-09-27,34610
2026-10-05,2011-09-28,35278
2026-10-05,2011-09-29,35577
2026-10-05,2011-09-30,36017
2026-10-05,2011-10-03,35932
2026-10-05,2011-10-04,36016
2026-10-05,2011-10-05,35805
2026-10-05,2011-10-06,35396
2026-10-05,2011-10-07,35255
2026-10-05,2011-10-11,35041
2026-10-05,2011-10-12,34828
2026-10-05,2011-10-13,34215
2026-10-05,2011-10-14,33876
2026-10-05,2011-10-17,33954
2026-10-05,2011-10-18,34445
2026-10-05,2011-10-19,34761
2026-10-05,2011-10-20,35017
2026-10-05,2011-10-21,35458
2026-10-05,2011-10-24,35609
2026-10-05,2011-10-25,36067
2026-10-05,2011-10-26,36597
2026-10-05,2011-10-27,36911
2026-10-05,2011-10-28,37198
2026-10-05,2011-10-31,38107
2026-10-05,2011-11-01,37424
2026-10-05,2011-11-02,37588
2026-10-05,2011-11-03,37131
2026-10-05,2011-11-04,36981
2026-10-05,2011-11-07,36844
2026-10-05,2011-11-08,36856
2026-10-05,2011-11-09,36410
2026-10-05,2011-11-10,35955
2026-10-05,2011-11-11,35693
2026-10-05,2011-11-14,35506
2026-10-05,2011-11-15,35612
2026-10-05,2011-11-16,36017
2026-10-05,2011-11-17,36206
2026-10-05,2011-11-18,36466
2026-10-05,2011-11-21,36798
2026-10-05,2011-11-22,37199
2026-10-05,2011-11-23,37579
2026-10-05,2011-11-24,37865
2026-10-05,2011-11-25,38382
2026-10-05,2011-11-29,38646
2026-10-05,2011-11-30,39106
2026-10-05,2011-12-01,39625
2026-10-05,2011-12-02,39742
2026-10-05,2011-12-05,39871
2026-10-05,2011-12-06,39970
2026-10-05,2011-12-07,39942
2026-10-05,2011-12-12,39613
2026-10-05,2011-12-13,39717
2026-10-05,2011-12-14,39425
2026-10-05,2011-12-15,38784
2026-10-05,2011-12-16,38461
2026-10-05,2011-12-19,38536
2026-10-05,2011-12-20,38695
2026-10-05,2011-12-21,39319
2026-10-05,2011-12-22,39752
2026-10-05,2011-12-23,40177
2026-10-05,2011-12-27,40892
2026-10-05,2011-12-28,41123
2026-10-05,2011-12-29,41971
2026-10-05,2011-12-30,42942
2026-10-05,2012-01-03,42504
2026-10-05,2012-01-04,42999
2026-10-05,2012-01-05,42524
2026-10-05,2012-01-06,42388
2026-10-05,2012-01-09,42005
2026-10-05,2012-01-10,41885
2026-10-05,2012-01-11,41498
2026-10-05,2012-01-12,40762
2026-10-05,2012-01-13,40294
2026-10-05,2012-01-16,40091
2026-10-05,2012-01-17,40395
2026-10-05,2012-01-18,40541
2026-10-05,2012-01-19,40585
2026-10-05,2012-01-20,41092
2026-10-05,2012-01-23,41503
2026-10-05,2012-01-24,41891
2026-10-05,2012-01-25,42276
2026-10-05,2012-01-26,42789
2026-10-05,2012-01-27,43054
2026-10-05,2012-01-30,43176
2026-10-05,2012-01-31,43741
2026-10-05,2012-02-01,43298
2026-10-05,2012-02-02,42942
2026-10-05,2012-02-03,42619
2026-10-05,2012-02-06,42358
2026-10-05,2012-02-07,41863
2026-10-05,2012-02-08,41561
2026-10-05,2012-02-09,41105
2026-10-05,2012-02-10,40614
2026-10-05,2012-02-13,40423
2026-10-05,2012-02-14,40578
2026-10-05,2012-02-15,40806
2026-10-05,2012-02-16,41097
2026-10-05,2012-02-17,41256
2026-10-05,2012-02-22,41546
2026-10-05,2012-02-23,42061
2026-10-05,2012-02-24,42831
2026-10-05,2012-02-28,43163
2026-10-05,2012-02-29,43814
2026-10-05,2012-03-01,43981
2026-10-05,2012-03-02,44102
2026-10-05,2012-03-05,44125
2026-10-05,2012-03-06,44215
2026-10-05,2012-03-07,44198
2026-10-05,2012-03-08,43668
2026-10-05,2012-03-09,43182
2026-10-05,2012-03-12,42970
2026-10-05,2012-03-13,43080
2026-10-05,2012-03-14,42857
2026-10-05,2012-03-15,42047
2026-10-05,2012-03-16,41623
2026-10-05,2012-03-19,41619
2026-10-05,2012-03-20,42128
2026-10-05,2012-03-21,42305
2026-10-05,2012-03-22,42442
2026-10-05,2012-03-23,42644
2026-10-05,2012-03-26,43018
2026-10-05,2012-03-27,43649
2026-10-05,2012-03-28,44192
2026-10-05,2012-03-29,44689
2026-10-05,2012-03-30,44729
2026-10-05,2012-04-03,44652
2026-10-05,2012-04-04,44672
2026-10-05,2012-04-09,44468
2026-10-05,2012-04-10,44375
2026-10-05,2012-04-11,44256
2026-10-05,2012-04-12,43500
2026-10-05,2012-04-13,42751
2026-10-05,2012-04-16,42481
2026-10-05,2012-04-17,42625
2026-10-05,2012-04-18,42849
2026-10-05,2012-04-19,42680
2026-10-05,2012-04-20,42885
2026-10-05,2012-04-23,42949
2026-10-05,2012-04-24,43850
2026-10-05,2012-04-25,44142
2026-10-05,2012-04-26,44522
2026-10-05,2012-04-27,44841
2026-10-05,2012-05-02,44646
2026-10-05,2012-05-03,45186
2026-10-05,2012-05-04,44962
2026-10-05,2012-05-07,45028
2026-10-05,2012-05-08,44973
2026-10-05,2012-05-09,44638
2026-10-05,2012-05-10,43468
2026-10-05,2012-05-11,42897
2026-10-05,2012-05-14,42722
2026-10-05,2012-05-15,42968
2026-10-05,2012-05-16,43102
2026-10-05,2012-05-17,43154
2026-10-05,2012-05-18,43397
2026-10-05,2012-05-21,43796
2026-10-05,2012-05-22,44179
2026-10-05,2012-05-23,44497
2026-10-05,2012-05-24,44862
2026-10-05,2012-05-28,45157
2026-10-05,2012-05-29,46218
2026-10-05,2012-05-30,46870
2026-10-05,2012-05-31,47221
2026-10-05,2012-06-01,47532
2026-10-05,2012-06-04,47388
2026-10-05,2012-06-05,47301
2026-10-05,2012-06-06,47157
2026-10-05,2012-06-07,46631
2026-10-05,2012-06-08,46404
2026-10-05,2012-06-11,46223
2026-10-05,2012-06-12,45568
2026-10-05,2012-06-13,45207
2026-10-05,2012-06-14,44934
2026-10-05,2012-06-15,44720
2026-10-05,2012-06-18,44782
2026-10-05,2012-06-19,45201
2026-10-05,2012-06-21,45522
2026-10-05,2012-06-22,46099
2026-10-05,2012-06-25,46248
2026-10-05,2012-06-26,46658
2026-10-05,2012-06-27,47176
2026-10-05,2012-06-28,47662
2026-10-05,2012-06-29,48081
2026-10-05,2012-07-02,46983
2026-10-05,2012-07-03,46982
2026-10-05,2012-07-04,46846
2026-10-05,2012-07-05,46345
2026-10-05,2012-07-06,46108
2026-10-05,2012-07-10,45532
2026-10-05,2012-07-11,45301
2026-10-05,2012-07-12,44314
2026-10-05,2012-07-13,43867
2026-10-05,2012-07-16,43872
2026-10-05,2012-07-17,44303
2026-10-05,2012-07-18,44530
2026-10-05,2012-07-19,44823
2026-10-05,2012-07-20,45102
2026-10-05,2012-07-23,45517
2026-10-05,2012-07-24,46222
2026-10-05,2012-07-25,46753
2026-10-05,2012-07-26,47153
2026-10-05,2012-07-27,47584
2026-10-05,2012-07-30,47688
2026-10-05,2012-07-31,48877
2026-10-05,2012-08-01,48087
2026-10-05,2012-08-02,48096
2026-10-05,2012-08-03,47674
2026-10-05,2012-08-06,47482
2026-10-05,2012-08-07,47366
2026-10-05,2012-08-08,46972
2026-10-05,2012-08-09,46201
2026-10-05,2012-08-10,45678
2026-10-05,2012-08-13,45520
2026-10-05,2012-08-14,45933
2026-10-05,2012-08-15,46390
2026-10-05,2012-08-16,46677
2026-10-05,2012-08-17,46867
2026-10-05,2012-08-21,47187
2026-10-05,2012-08-22,47648
2026-10-05,2012-08-23,48007
2026-10-05,2012-08-24,48499
2026-10-05,2012-08-27,48896
2026-10-05,2012-08-28,49388
2026-10-05,2012-08-29,49999
2026-10-05,2012-08-30,50391
2026-10-05,2012-08-31,51003
2026-10-05,2012-09-03,50861
2026-10-05,2012-09-04,50464
2026-10-05,2012-09-05,50627
2026-10-05,2012-09-06,50134
2026-10-05,2012-09-07,50162
2026-10-05,2012-09-10,49475
2026-10-05,2012-09-11,48558
2026-10-05,2012-09-12,48201
2026-10-05,2012-09-13,47932
2026-10-05,2012-09-14,47566
2026-10-05,2012-09-17,47269
2026-10-05,2012-09-18,47713
2026-10-05,2012-09-19,47886
2026-10-05,2012-09-20,48204
2026-10-05,2012-09-21,48616
2026-10-05,2012-09-25,49023
2026-10-05,2012-09-26,49449
2026-10-05,2012-09-27,50585
2026-10-05,2012-09-28,51828
2026-10-05,2012-10-01,51145
2026-10-05,2012-10-02,50839
2026-10-05,2012-10-03,51120
2026-10-05,2012-10-04,50424
2026-10-05,2012-10-05,50219
2026-10-05,2012-10-09,49995
2026-10-05,2012-10-10,49469
2026-10-05,2012-10-11,48880
2026-10-05,2012-10-12,48166
2026-10-05,2012-10-15,48299
2026-10-05,2012-10-16,48634
2026-10-05,2012-10-17,48884
2026-10-05,2012-10-18,49153
2026-10-05,2012-10-19,49619
2026-10-05,2012-10-22,50334
2026-10-05,2012-10-23,50812
2026-10-05,2012-10-24,51829
2026-10-05,2012-10-25,52146
2026-10-05,2012-10-26,53011
2026-10-05,2012-10-29,53400
2026-10-05,2012-10-30,54355
2026-10-05,2012-10-31,54937
2026-10-05,2012-11-01,54935
2026-10-05,2012-11-02,54971
2026-10-05,2012-11-05,55276
2026-10-05,2012-11-07,54633
2026-10-05,2012-11-08,54894
2026-10-05,2012-11-09,54063
2026-10-05,2012-11-12,53913
2026-10-05,2012-11-13,54004
2026-10-05,2012-11-14,53849
2026-10-05,2012-11-15,52835
2026-10-05,2012-11-16,52522
2026-10-05,2012-11-19,52430
2026-10-05,2012-11-20,52783
2026-10-05,2012-11-21,52945
2026-10-05,2012-11-22,53487
2026-10-05,2012-11-23,54015
2026-10-05,2012-11-27,54199
2026-10-05,2012-11-28,55108
2026-10-05,2012-11-29,55871
2026-10-05,2012-11-30,57368
2026-10-05,2012-12-03,56697
2026-10-05,2012-12-04,56991
2026-10-05,2012-12-05,56755
2026-10-05,2012-12-06,56458
2026-10-05,2012-12-07,56095
2026-10-05,2012-12-10,55879
2026-10-05,2012-12-11,55619
2026-10-05,2012-12-12,55249
2026-10-05,2012-12-13,54390
2026-10-05,2012-12-14,54067
2026-10-05,2012-12-17,53924
2026-10-05,2012-12-18,54606
2026-10-05,2012-12-19,55031
2026-10-05,2012-12-20,55579
2026-10-05,2012-12-21,56088
2026-10-05,2012-12-26,56726
2026-10-05,2012-12-27,58055
2026-10-05,2012-12-28,59426
2026-10-05,2012-12-31,61020
2026-10-05,2013-01-02,60023
2026-10-05,2013-01-03,60258
2026-10-05,2013-01-04,60403
2026-10-05,2013-01-07,59764
2026-10-05,2013-01-08,59562
2026-10-05,2013-01-09,59117
2026-10-05,2013-01-10,58472
2026-10-05,2013-01-11,57905
2026-10-05,2013-01-14,56644
2026-10-05,2013-01-15,57046
2026-10-05,2013-01-16,57071
2026-10-05,2013-01-17,57210
2026-10-05,2013-01-18,57292
2026-10-05,2013-01-21,57762
2026-10-05,2013-01-22,58311
2026-10-05,2013-01-23,58775
2026-10-05,2013-01-24,59104
2026-10-05,2013-01-25,59767
2026-10-05,2013-01-28,60169
2026-10-05,2013-01-29,60973
2026-10-05,2013-01-30,61638
2026-10-05,2013-02-01,61986
2026-10-05,2013-02-04,62336
2026-10-05,2013-02-05,62189
2026-10-05,2013-02-06,61821
2026-10-05,2013-02-07,61313
2026-10-05,2013-02-08,61056
2026-10-05,2013-02-13,59763
2026-10-05,2013-02-14,59822
2026-10-05,2013-02-15,59455
2026-10-05,2013-02-18,58425
2026-10-05,2013-02-19,58932
2026-10-05,2013-02-21,59124
2026-10-05,2013-02-22,59460
2026-10-05,2013-02-25,59802
2026-10-05,2013-02-26,61139
2026-10-05,2013-02-27,61563
2026-10-05,2013-02-28,62501
2026-10-05,2013-03-01,62255
2026-10-05,2013-03-04,62344
2026-10-05,2013-03-05,62584
2026-10-05,2013-03-06,62328
2026-10-05,2013-03-07,61518
2026-10-05,2013-03-08,61250
2026-10-05,2013-03-11,60569
2026-10-05,2013-03-12,60712
2026-10-05,2013-03-13,60414
2026-10-05,2013-03-14,59379
2026-10-05,2013-03-15,58876
2026-10-05,2013-03-18,58757
2026-10-05,2013-03-19,59178
2026-10-05,2013-03-20,59490
2026-10-05,2013-03-21,59744
2026-10-05,2013-03-22,60158
2026-10-05,2013-03-25,61173
2026-10-05,2013-03-26,61604
2026-10-05,2013-03-27,63373
2026-10-05,2013-04-03,62129
2026-10-05,2013-04-04,63463
2026-10-05,2013-04-05,63685
2026-10-05,2013-04-08,62473
2026-10-05,2013-04-09,61986
2026-10-05,2013-04-10,61252
2026-10-05,2013-04-11,60683
2026-10-05,2013-04-12,59699
2026-10-05,2013-04-15,59399
2026-10-05,2013-04-16,59710
2026-10-05,2013-04-17,59785
2026-10-05,2013-04-18,59891
2026-10-05,2013-04-19,60008
2026-10-05,2013-04-22,60368
2026-10-05,2013-04-23,61101
2026-10-05,2013-04-24,61494
2026-10-05,2013-04-25,61905
2026-10-05,2013-04-26,62356
2026-10-05,2013-04-29,62846
2026-10-05,2013-04-30,64542
2026-10-05,2013-05-02,64530
2026-10-05,2013-05-03,64689
2026-10-05,2013-05-06,64798
2026-10-05,2013-05-07,65028
2026-10-05,2013-05-08,64715
2026-10-05,2013-05-09,63554
2026-10-05,2013-05-10,63243
2026-10-05,2013-05-13,62967
2026-10-05,2013-05-14,63263
2026-10-05,2013-05-15,62961
2026-10-05,2013-05-16,61708
2026-10-05,2013-05-17,61047
2026-10-05,2013-05-20,61009
2026-10-05,2013-05-21,61614
2026-10-05,2013-05-22,61837
2026-10-05,2013-05-23,62177
2026-10-05,2013-05-24,62596
2026-10-05,2013-05-27,63414
2026-10-05,2013-05-28,64442
2026-10-05,2013-05-29,65218
2026-10-05,2013-05-30,65917
2026-10-05,2013-05-31,66306
2026-10-05,2013-06-03,66275
2026-10-05,2013-06-04,66533
2026-10-05,2013-06-05,66015
2026-10-05,2013-06-06,65292
2026-10-05,2013-06-07,65145
2026-10-05,2013-06-10,64846
2026-10-05,2013-06-11,64274
2026-10-05,2013-06-12,64297
2026-10-05,2013-06-13,63145
2026-10-05,2013-06-14,62703
2026-10-05,2013-06-17,62664
2026-10-05,2013-06-18,63001
2026-10-05,2013-06-19,64014
2026-10-05,2013-06-24,64619
2026-10-05,2013-06-25,65986
2026-10-05,2013-06-26,66582
2026-10-05,2013-06-27,67347
2026-10-05,2013-06-28,68094
2026-10-05,2013-07-01,65818
2026-10-05,2013-07-02,65672
2026-10-05,2013-07-03,65591
2026-10-05,2013-07-04,65308
2026-10-05,2013-07-05,64849
2026-10-05,2013-07-08,64272
2026-10-05,2013-07-10,63802
2026-10-05,2013-07-11,63335
2026-10-05,2013-07-12,61931
2026-10-05,2013-07-15,61487
2026-10-05,2013-07-16,62001
2026-10-05,2013-07-17,62142
2026-10-05,2013-07-18,62563
2026-10-05,2013-07-19,62980
2026-10-05,2013-07-22,63593
2026-10-05,2013-07-23,64450
2026-10-05,2013-07-24,64834
2026-10-05,2013-07-25,65537
2026-10-05,2013-07-26,66085
2026-10-05,2013-07-29,66940
2026-10-05,2013-07-30,67906
2026-10-05,2013-07-31,68803
2026-10-05,2013-08-01,68930
2026-10-05,2013-08-02,69233
2026-10-05,2013-08-05,69211
2026-10-05,2013-08-06,69415
2026-10-05,2013-08-07,69005
2026-10-05,2013-08-08,68181
2026-10-05,2013-08-09,67396
2026-10-05,2013-08-12,67128
2026-10-05,2013-08-13,67158
2026-10-05,2013-08-14,66868
2026-10-05,2013-08-15,65694
2026-10-05,2013-08-16,65275
2026-10-05,2013-08-20,65185
2026-10-05,2013-08-21,66091
2026-10-05,2013-08-22,66745
2026-10-05,2013-08-23,67103
2026-10-05,2013-08-26,67605
2026-10-05,2013-08-27,68971
2026-10-05,2013-08-28,69502
2026-10-05,2013-08-29,70223
2026-10-05,2013-08-30,71059
2026-10-05,2013-09-02,70811
2026-10-05,2013-09-03,71113
2026-10-05,2013-09-04,70734
2026-10-05,2013-09-05,69907
2026-10-05,2013-09-06,69401
2026-10-05,2013-09-09,69208
2026-10-05,2013-09-10,68692
2026-10-05,2013-09-11,68309
2026-10-05,2013-09-12,66953
2026-10-05,2013-09-13,66409
2026-10-05,2013-09-16,66284
2026-10-05,2013-09-17,66906
2026-10-05,2013-09-18,67042
2026-10-05,2013-09-19,67483
2026-10-05,2013-09-20,67969
2026-10-05,2013-09-23,68306
2026-10-05,2013-09-24,69386
2026-10-05,2013-09-25,70515
2026-10-05,2013-09-26,71299
2026-10-05,2013-09-27,71839
2026-10-05,2013-09-30,73425
2026-10-05,2013-10-01,72554
2026-10-05,2013-10-02,72363
2026-10-05,2013-10-03,71640
2026-10-05,2013-10-04,71315
2026-10-05,2013-10-07,70971
2026-10-05,2013-10-08,70728
2026-10-05,2013-10-09,70180
2026-10-05,2013-10-10,68912
2026-10-05,2013-10-11,68142
2026-10-05,2013-10-15,67864
2026-10-05,2013-10-16,68742
2026-10-05,2013-10-17,69034
2026-10-05,2013-10-18,69567
2026-10-05,2013-10-21,70462
2026-10-05,2013-10-22,71459
2026-10-05,2013-10-23,72385
2026-10-05,2013-10-24,73658
2026-10-05,2013-10-25,74343
2026-10-05,2013-10-28,74753
2026-10-05,2013-10-29,75887
2026-10-05,2013-10-30,76922
2026-10-05,2013-10-31,78310
2026-10-05,2013-11-01,77954
2026-10-05,2013-11-04,77957
2026-10-05,2013-11-05,78211
2026-10-05,2013-11-07,77629
2026-10-05,2013-11-08,76761
2026-10-05,2013-11-11,76127
2026-10-05,2013-11-12,76423
2026-10-05,2013-11-13,76212
2026-10-05,2013-11-14,74920
2026-10-05,2013-11-15,74254
2026-10-05,2013-11-18,73752
2026-10-05,2013-11-19,74510
2026-10-05,2013-11-20,74714
2026-10-05,2013-11-21,75323
2026-10-05,2013-11-22,76191
2026-10-05,2013-11-26,76789
2026-10-05,2013-11-27,78014
2026-10-05,2013-11-28,79526
2026-10-05,2013-11-29,81125
2026-10-05,2013-12-02,80134
2026-10-05,2013-12-03,80516
2026-10-05,2013-12-04,81006
2026-10-05,2013-12-05,80540
2026-10-05,2013-12-06,80030
2026-10-05,2013-12-09,79539
2026-10-05,2013-12-10,79677
2026-10-05,2013-12-11,79467
2026-10-05,2013-12-12,78042
2026-10-05,2013-12-13,77485
2026-10-05,2013-12-16,77124
2026-10-05,2013-12-17,78062
2026-10-05,2013-12-18,78463
2026-10-05,2013-12-19,79346
2026-10-05,2013-12-20,80258
2026-10-05,2013-12-23,80916
2026-10-05,2013-12-26,83140
2026-10-05,2013-12-27,84435
2026-10-05,2013-12-30,88327
2026-10-05,2014-01-02,86635
2026-10-05,2014-01-03,87220
2026-10-05,2014-01-06,86884
2026-10-05,2014-01-07,86213
2026-10-05,2014-01-08,85842
2026-10-05,2014-01-09,84808
2026-10-05,2014-01-10,82845
2026-10-05,2014-01-13,82055
2026-10-05,2014-01-14,82426
2026-10-05,2014-01-15,82588
2026-10-05,2014-01-16,82497
2026-10-05,2014-01-17,83106
2026-10-05,2014-01-20,83656
2026-10-05,2014-01-21,84528
2026-10-05,2014-01-22,85085
2026-10-05,2014-01-23,85774
2026-10-05,2014-01-24,86468
2026-10-05,2014-01-27,87501
2026-10-05,2014-01-28,88560
2026-10-05,2014-01-29,89668
2026-10-05,2014-01-30,90701
2026-10-05,2014-01-31,91805
2026-10-05,2014-02-03,91499
2026-10-05,2014-02-04,91739
2026-10-05,2014-02-05,90992
2026-10-05,2014-02-06,89977
2026-10-05,2014-02-07,89782
2026-10-05,2014-02-10,88532
2026-10-05,2014-02-11,88513
2026-10-05,2014-02-12,87763
2026-10-05,2014-02-13,86153
2026-10-05,2014-02-14,85250
2026-10-05,2014-02-17,84803
2026-10-05,2014-02-18,85445
2026-10-05,2014-02-19,85627
2026-10-05,2014-02-20,86097
2026-10-05,2014-02-21,86453
2026-10-05,2014-02-24,86585
2026-10-05,2014-02-25,87793
2026-10-05,2014-02-26,89123
2026-10-05,2014-02-27,89562
2026-10-05,2014-02-28,91281
2026-10-05,2014-03-05,89495
2026-10-05,2014-03-06,90179
2026-10-05,2014-03-07,90209
2026-10-05,2014-03-10,88941
2026-10-05,2014-03-11,88788
2026-10-05,2014-03-12,87601
2026-10-05,2014-03-13,87047
2026-10-05,2014-03-14,86158
2026-10-05,2014-03-17,84505
2026-10-05,2014-03-18,84907
2026-10-05,2014-03-19,85096
2026-10-05,2014-03-20,86016
2026-10-05,2014-03-21,86287
2026-10-05,2014-03-25,86645
2026-10-05,2014-03-26,88358
2026-10-05,2014-03-27,89697
2026-10-05,2014-03-28,90317
2026-10-05,2014-03-31,92664
2026-10-05,2014-04-01,91275
2026-10-05,2014-04-03,90698
2026-10-05,2014-04-04,90603
2026-10-05,2014-04-07,89516
2026-10-05,2014-04-08,88955
2026-10-05,2014-04-09,88212
2026-10-05,2014-04-10,87215
2026-10-05,2014-04-11,85519
2026-10-05,2014-04-14,84629
2026-10-05,2014-04-15,85160
2026-10-05,2014-04-16,84886
2026-10-05,2014-04-21,85759
2026-10-05,2014-04-22,86919
2026-10-05,2014-04-23,87775
2026-10-05,2014-04-24,89312
2026-10-05,2014-04-25,89786
2026-10-05,2014-04-28,90063
2026-10-05,2014-04-29,91337
2026-10-05,2014-04-30,93368
2026-10-05,2014-05-05,92525
2026-10-05,2014-05-06,93321
2026-10-05,2014-05-07,92849
2026-10-05,2014-05-08,92804
2026-10-05,2014-05-09,91383
2026-10-05,2014-05-12,89930
2026-10-05,2014-05-13,89993
2026-10-05,2014-05-14,88863
2026-10-05,2014-05-15,87309
2026-10-05,2014-05-16,86503
2026-10-05,2014-05-19,85821
2026-10-05,2014-05-20,86976
2026-10-05,2014-05-21,88419
2026-10-05,2014-05-22,89003
2026-10-05,2014-05-23,89344
2026-10-05,2014-05-26,89336
2026-10-05,2014-05-27,91101
2026-10-05,2014-05-28,92148
2026-10-05,2014-05-29,93202
2026-10-05,2014-05-30,94282
2026-10-05,2014-06-02,93068
2026-10-05,2014-06-03,93763
2026-10-05,2014-06-04,93442
2026-10-05,2014-06-05,92333
2026-10-05,2014-06-06,92551
2026-10-05,2014-06-09,90471
2026-10-05,2014-06-10,90647
2026-10-05,2014-06-11,89824
2026-10-05,2014-06-12,88361
2026-10-05,2014-06-13,87655
2026-10-05,2014-06-16,87746
2026-10-05,2014-06-17,88772
2026-10-05,2014-06-18,89200
2026-10-05,2014-06-19,89977
2026-10-05,2014-06-23,90318
2026-10-05,2014-06-24,92190
2026-10-05,2014-06-25,93562
2026-10-05,2014-06-26,94036
2026-10-05,2014-06-27,94636
2026-10-05,2014-06-30,96293
2026-10-05,2014-07-01,92474
2026-10-05,2014-07-02,92498
2026-10-05,2014-07-03,90394
2026-10-05,2014-07-04,89621
2026-10-05,2014-07-07,88437
2026-10-05,2014-07-08,88197
2026-10-05,2014-07-10,86397
2026-10-05,2014-07-11,84320
2026-10-05,2014-07-14,83485
2026-10-05,2014-07-15,84083
2026-10-05,2014-07-16,84366
2026-10-05,2014-07-17,84554
2026-10-05,2014-07-18,84880
2026-10-05,2014-07-21,85561
2026-10-05,2014-07-22,86510
2026-10-05,2014-07-23,87390
2026-10-05,2014-07-24,88170
2026-10-05,2014-07-25,88859
2026-10-05,2014-07-28,89858
2026-10-05,2014-07-29,91520
2026-10-05,2014-07-30,92649
2026-10-05,2014-07-31,93734
2026-10-05,2014-08-01,93552
2026-10-05,2014-08-04,92797
2026-10-05,2014-08-05,93738
2026-10-05,2014-08-06,93035
2026-10-05,2014-08-07,91898
2026-10-05,2014-08-08,91482
2026-10-05,2014-08-11,89880
2026-10-05,2014-08-12,90104
2026-10-05,2014-08-13,88483
2026-10-05,2014-08-14,87776
2026-10-05,2014-08-15,86970
2026-10-05,2014-08-19,87191
2026-10-05,2014-08-20,88360
2026-10-05,2014-08-21,88604
2026-10-05,2014-08-22,89728
2026-10-05,2014-08-25,90327
2026-10-05,2014-08-26,91834
2026-10-05,2014-08-27,93309
2026-10-05,2014-08-28,93968
2026-10-05,2014-08-29,95423
2026-10-05,2014-09-01,93886
2026-10-05,2014-09-02,95223
2026-10-05,2014-09-03,93874
2026-10-05,2014-09-04,93619
2026-10-05,2014-09-05,93263
2026-10-05,2014-09-08,92491
2026-10-05,2014-09-09,91835
2026-10-05,2014-09-10,90831
2026-10-05,2014-09-11,89446
2026-10-05,2014-09-12,88616
2026-10-05,2014-09-15,88780
2026-10-05,2014-09-16,89484
2026-10-05,2014-09-17,89907
2026-10-05,2014-09-18,90616
2026-10-05,2014-09-19,91265
2026-10-05,2014-09-22,92146
2026-10-05,2014-09-23,93514
2026-10-05,2014-09-24,94420
2026-10-05,2014-09-25,95444
2026-10-05,2014-09-26,96243
2026-10-05,2014-09-29,97711
2026-10-05,2014-09-30,100162
2026-10-05,2014-10-01,99450
2026-10-05,2014-10-02,100727
2026-10-05,2014-10-03,100826
2026-10-05,2014-10-06,100148
2026-10-05,2014-10-07,101192
2026-10-05,2014-10-08,100792
2026-10-05,2014-10-09,99407
2026-10-05,2014-10-10,98827
2026-10-05,2014-10-14,97710
2026-10-05,2014-10-15,98082
2026-10-05,2014-10-16,97937
2026-10-05,2014-10-17,96571
2026-10-05,2014-10-20,96655
2026-10-05,2014-10-21,97855
2026-10-05,2014-10-22,98822
2026-10-05,2014-10-23,99730
2026-10-05,2014-10-24,100757
2026-10-05,2014-10-27,101604
2026-10-05,2014-10-28,103539
2026-10-05,2014-10-29,105252
2026-10-05,2014-10-30,106179
2026-10-05,2014-10-31,107069
2026-10-05,2014-11-03,105453
2026-10-05,2014-11-04,107235
2026-10-05,2014-11-05,105932
2026-10-05,2014-11-07,105001
2026-10-05,2014-11-10,103011
2026-10-05,2014-11-11,103578
2026-10-05,2014-11-12,102407
2026-10-05,2014-11-13,102336
2026-10-05,2014-11-14,102245
2026-10-05,2014-11-17,102447
2026-10-05,2014-11-18,103378
2026-10-05,2014-11-19,104164
2026-10-05,2014-11-20,104811
2026-10-05,2014-11-21,105200
2026-10-05,2014-11-25,106155
2026-10-05,2014-11-26,107663
2026-10-05,2014-11-27,110522
2026-10-05,2014-11-28,112120
2026-10-05,2014-12-01,110154
2026-10-05,2014-12-02,111952
2026-10-05,2014-12-03,111959
2026-10-05,2014-12-04,110260
2026-10-05,2014-12-05,109909
2026-10-05,2014-12-09,109037
2026-10-05,2014-12-10,108424
2026-10-05,2014-12-11,108312
2026-10-05,2014-12-12,106478
2026-10-05,2014-12-15,106834
2026-10-05,2014-12-16,106713
2026-10-05,2014-12-17,107584
2026-10-05,2014-12-18,108896
2026-10-05,2014-12-19,109443
2026-10-05,2014-12-22,111477
2026-10-05,2014-12-23,110670
2026-10-05,2014-12-24,114301
2026-10-05,2014-12-29,116677
2026-10-05,2014-12-30,121299
2026-10-05,2015-01-02,120549
2026-10-05,2015-01-05,120862
2026-10-05,2015-01-06,121257
2026-10-05,2015-01-07,121428
2026-10-05,2015-01-08,119755
2026-10-05,2015-01-09,118944
2026-10-05,2015-01-12,116726
2026-10-05,2015-01-13,116535
2026-10-05,2015-01-14,114548
2026-10-05,2015-01-15,113696
2026-10-05,2015-01-16,113313
2026-10-05,2015-01-19,113255
2026-10-05,2015-01-20,114284
2026-10-05,2015-01-21,115040
2026-10-05,2015-01-22,115598
2026-10-05,2015-01-23,116245
2026-10-05,2015-01-26,117195
2026-10-05,2015-01-27,119834
2026-10-05,2015-01-28,120880
2026-10-05,2015-01-29,122077
2026-10-05,2015-01-30,122204
2026-10-05,2015-02-02,122273
2026-10-05,2015-02-03,122607
2026-10-05,2015-02-04,122288
2026-10-05,2015-02-05,120715
2026-10-05,2015-02-06,119858
2026-10-05,2015-02-09,117794
2026-10-05,2015-02-10,118113
2026-10-05,2015-02-11,117294
2026-10-05,2015-02-12,115253
2026-10-05,2015-02-13,115254
2026-10-05,2015-02-18,114860
2026-10-05,2015-02-19,115643
2026-10-05,2015-02-20,116261
2026-10-05,2015-02-23,117810
2026-10-05,2015-02-24,119784
2026-10-05,2015-02-25,120987
2026-10-05,2015-02-26,122142
2026-10-05,2015-02-27,124065
2026-10-05,2015-03-02,123425
2026-10-05,2015-03-03,124838
2026-10-05,2015-03-04,124520
2026-10-05,2015-03-05,122166
2026-10-05,2015-03-06,122118
2026-10-05,2015-03-09,119896
2026-10-05,2015-03-10,120362
2026-10-05,2015-03-11,119821
2026-10-05,2015-03-12,117585
2026-10-05,2015-03-13,116508
2026-10-05,2015-03-16,116534
2026-10-05,2015-03-17,117901
2026-10-05,2015-03-18,118246
2026-10-05,2015-03-19,119752
2026-10-05,2015-03-20,120274
2026-10-05,2015-03-25,121491
2026-10-05,2015-03-26,124168
2026-10-05,2015-03-27,126420
2026-10-05,2015-03-30,127654
2026-10-05,2015-03-31,129879
2026-10-05,2015-04-01,128285
2026-10-05,2015-04-06,127184
2026-10-05,2015-04-07,126657
2026-10-05,2015-04-08,125694
2026-10-05,2015-04-09,124733
2026-10-05,2015-04-10,122563
2026-10-05,2015-04-13,119994
2026-10-05,2015-04-14,120596
2026-10-05,2015-04-15,120865
2026-10-05,2015-04-16,121338
2026-10-05,2015-04-17,121713
2026-10-05,2015-04-20,122572
2026-10-05,2015-04-21,123640
2026-10-05,2015-04-22,125108
2026-10-05,2015-04-23,126032
2026-10-05,2015-04-24,126672
2026-10-05,2015-04-27,128762
2026-10-05,2015-04-28,130119
2026-10-05,2015-04-29,132279
2026-10-05,2015-04-30,132640
2026-10-05,2015-05-04,132529
2026-10-05,2015-05-05,133149
2026-10-05,2015-05-06,132957
2026-10-05,2015-05-07,132031
2026-10-05,2015-05-08,130260
2026-10-05,2015-05-11,127652
2026-10-05,2015-05-12,128317
2026-10-05,2015-05-13,127751
2026-10-05,2015-05-14,125663
2026-10-05,2015-05-15,123996
2026-10-05,2015-05-18,123914
2026-10-05,2015-05-19,125369
2026-10-05,2015-05-20,126425
2026-10-05,2015-05-21,127476
2026-10-05,2015-05-22,128122
2026-10-05,2015-05-26,129846
2026-10-05,2015-05-27,131931
2026-10-05,2015-05-28,133919
2026-10-05,2015-05-29,135385
2026-10-05,2015-06-01,134685
2026-10-05,2015-06-02,135710
2026-10-05,2015-06-03,134567
2026-10-05,2015-06-04,134095
2026-10-05,2015-06-05,132436
2026-10-05,2015-06-08,130771
2026-10-05,2015-06-09,130739
2026-10-05,2015-06-10,129770
2026-10-05,2015-06-11,127755
2026-10-05,2015-06-12,126516
2026-10-05,2015-06-15,126330
2026-10-05,2015-06-16,127378
2026-10-05,2015-06-17,128373
2026-10-05,2015-06-18,128820
2026-10-05,2015-06-19,130007
2026-10-05,2015-06-22,131358
2026-10-05,2015-06-23,133584
2026-10-05,2015-06-24,135107
2026-10-05,2015-06-25,135718
2026-10-05,2015-06-26,137171
2026-10-05,2015-06-29,138163
2026-10-05,2015-06-30,139601
2026-10-05,2015-07-01,137498
2026-10-05,2015-07-02,137799
2026-10-05,2015-07-03,136888
2026-10-05,2015-07-06,135567
2026-10-05,2015-07-07,137257
2026-10-05,2015-07-08,135466
2026-10-05,2015-07-10,132830
2026-10-05,2015-07-13,131014
2026-10-05,2015-07-14,131773
2026-10-05,2015-07-15,131195
2026-10-05,2015-07-16,130296
2026-10-05,2015-07-17,127581
2026-10-05,2015-07-20,127488
2026-10-05,2015-07-21,128658
2026-10-05,2015-07-22,129442
2026-10-05,2015-07-23,130480
2026-10-05,2015-07-24,131610
2026-10-05,2015-07-27,133556
2026-10-05,2015-07-28,135774
2026-10-05,2015-07-29,137083
2026-10-05,2015-07-30,138680
2026-10-05,2015-07-31,138698
2026-10-05,2015-08-03,139057
2026-10-05,2015-08-04,140113
2026-10-05,2015-08-05,139415
2026-10-05,2015-08-06,137501
2026-10-05,2015-08-07,136974
2026-10-05,2015-08-10,134303
2026-10-05,2015-08-11,134351
2026-10-05,2015-08-12,134188
2026-10-05,2015-08-13,131957
2026-10-05,2015-08-14,130938
2026-10-05,2015-08-18,131241
2026-10-05,2015-08-19,133063
2026-10-05,2015-08-20,134732
2026-10-05,2015-08-21,135809
2026-10-05,2015-08-24,136819
2026-10-05,2015-08-25,139894
2026-10-05,2015-08-26,141677
2026-10-05,2015-08-27,143104
2026-10-05,2015-08-28,143700
2026-10-05,2015-08-31,145906
2026-10-05,2015-09-01,145461
2026-10-05,2015-09-02,145332
2026-10-05,2015-09-03,143359
2026-10-05,2015-09-04,142201
2026-10-05,2015-09-07,140910
2026-10-05,2015-09-08,140943
2026-10-05,2015-09-09,140010
2026-10-05,2015-09-10,137742
2026-10-05,2015-09-11,136362
2026-10-05,2015-09-14,136284
2026-10-05,2015-09-15,137798
2026-10-05,2015-09-16,138721
2026-10-05,2015-09-17,139347
2026-10-05,2015-09-18,140112
2026-10-05,2015-09-21,141140
2026-10-05,2015-09-22,143369
2026-10-05,2015-09-23,145130
2026-10-05,2015-09-24,146410
2026-10-05,2015-09-25,147481
2026-10-05,2015-09-28,149427
2026-10-05,2015-09-29,152152
2026-10-05,2015-09-30,154039
2026-10-05,2015-10-01,154343
2026-10-05,2015-10-02,155217
2026-10-05,2015-10-05,153571
2026-10-05,2015-10-06,155818
2026-10-05,2015-10-07,155292
2026-10-05,2015-10-08,153426
2026-10-05,2015-10-09,151595
2026-10-05,2015-10-13,149484
2026-10-05,2015-10-14,150405
2026-10-05,2015-10-15,150093
2026-10-05,2015-10-16,148156
2026-10-05,2015-10-19,148083
2026-10-05,2015-10-20,150037
2026-10-05,2015-10-21,151435
2026-10-05,2015-10-22,153085
2026-10-05,2015-10-23,153612
2026-10-05,2015-10-26,155915
2026-10-05,2015-10-27,158625
2026-10-05,2015-10-28,160343
2026-10-05,2015-10-29,161792
2026-10-05,2015-10-30,163761
2026-10-05,2015-11-02,162398
2026-10-05,2015-11-03,163973
2026-10-05,2015-11-04,163136
2026-10-05,2015-11-05,163066
2026-10-05,2015-11-09,161053
2026-10-05,2015-11-10,160787
2026-10-05,2015-11-11,159508
2026-10-05,2015-11-12,158107
2026-10-05,2015-11-13,157039
2026-10-05,2015-11-16,157090
2026-10-05,2015-11-17,159001
2026-10-05,2015-11-18,160185
2026-10-05,2015-11-19,161414
2026-10-05,2015-11-20,162853
2026-10-05,2015-11-23,164427
2026-10-05,2015-11-24,167075
2026-10-05,2015-11-25,169439
2026-10-05,2015-11-26,171464
2026-10-05,2015-11-30,175072
2026-10-05,2015-12-01,174800
2026-10-05,2015-12-02,174764
2026-10-05,2015-12-03,174982
2026-10-05,2015-12-04,173130
2026-10-05,2015-12-09,171066
2026-10-05,2015-12-10,172042
2026-10-05,2015-12-11,168556
2026-10-05,2015-12-14,168139
2026-10-05,2015-12-15,168982
2026-10-05,2015-12-16,169857
2026-10-05,2015-12-17,170684
2026-10-05,2015-12-18,171370
2026-10-05,2015-12-21,173258
2026-10-05,2015-12-22,175290
2026-10-05,2015-12-23,177573
2026-10-05,2015-12-24,179808
2026-10-05,2015-12-28,180760
2026-10-05,2015-12-29,184255
2026-10-05,2015-12-30,186375
2026-10-05,2015-12-31,190011
2026-10-05,2016-01-04,187703
2026-10-05,2016-01-05,188753
2026-10-05,2016-01-06,187920
2026-10-05,2016-01-07,185032
2026-10-05,2016-01-08,183870
2026-10-05,2016-01-11,180540
2026-10-05,2016-01-12,180623
2026-10-05,2016-01-13,179690
2026-10-05,2016-01-14,176359
2026-10-05,2016-01-15,174533
2026-10-05,2016-01-18,174179
2026-10-05,2016-01-19,176019
2026-10-05,2016-01-20,177045
2026-10-05,2016-01-21,177689
2026-10-05,2016-01-22,178561
2026-10-05,2016-01-25,180009
2026-10-05,2016-01-26,182935
2026-10-05,2016-01-27,184589
2026-10-05,2016-01-28,186301
2026-10-05,2016-01-29,187445
2026-10-05,2016-02-01,185693
2026-10-05,2016-02-02,186663
2026-10-05,2016-02-03,185590
2026-10-05,2016-02-04,183111
2026-10-05,2016-02-05,181937
2026-10-05,2016-02-10,178729
2026-10-05,2016-02-11,178738
2026-10-05,2016-02-12,175237
2026-10-05,2016-02-15,174413
2026-10-05,2016-02-16,175888
2026-10-05,2016-02-17,175732
2026-10-05,2016-02-18,176523
2026-10-05,2016-02-19,176919
2026-10-05,2016-02-22,178297
2026-10-05,2016-02-23,180328
2026-10-05,2016-02-24,181507
2026-10-05,2016-02-25,182416
2026-10-05,2016-02-26,183962
2026-10-05,2016-02-29,186849
2026-10-05,2016-03-01,187277
2026-10-05,2016-03-02,188342
2026-10-05,2016-03-03,189266
2026-10-05,2016-03-04,188660
2026-10-05,2016-03-07,187314
2026-10-05,2016-03-08,189089
2026-10-05,2016-03-09,186699
2026-10-05,2016-03-10,184624
2026-10-05,2016-03-11,183807
2026-10-05,2016-03-14,181285
2026-10-05,2016-03-15,182507
2026-10-05,2016-03-16,181403
2026-10-05,2016-03-17,179244
2026-10-05,2016-03-18,177833
2026-10-05,2016-03-21,178034
2026-10-05,2016-03-22,179879
2026-10-05,2016-03-23,181332
2026-10-05,2016-03-28,182311
2026-10-05,2016-03-29,186662
2026-10-05,2016-03-30,188282
2026-10-05,2016-03-31,191436
2026-10-05,2016-04-01,190755
2026-10-05,2016-04-04,189514
2026-10-05,2016-04-05,189504
2026-10-05,2016-04-06,188427
2026-10-05,2016-04-07,186129
2026-10-05,2016-04-08,185386
2026-10-05,2016-04-11,182106
2026-10-05,2016-04-12,183406
2026-10-05,2016-04-13,182193
2026-10-05,2016-04-14,179450
2026-10-05,2016-04-15,178060
2026-10-05,2016-04-18,178768
2026-10-05,2016-04-19,180184
2026-10-05,2016-04-20,180834
2026-10-05,2016-04-21,181967
2026-10-05,2016-04-22,182957
2026-10-05,2016-04-25,184837
2026-10-05,2016-04-26,187197
2026-10-05,2016-04-27,190326
2026-10-05,2016-04-28,191310
2026-10-05,2016-04-29,193016
2026-10-05,2016-05-02,191625
2026-10-05,2016-05-03,193014
2026-10-05,2016-05-04,191837
2026-10-05,2016-05-05,188891
2026-10-05,2016-05-06,188000
2026-10-05,2016-05-09,184327
2026-10-05,2016-05-10,185224
2026-10-05,2016-05-11,183959
2026-10-05,2016-05-12,181043
2026-10-05,2016-05-13,179801
2026-10-05,2016-05-16,179427
2026-10-05,2016-05-17,179595
2026-10-05,2016-05-18,182750
2026-10-05,2016-05-19,184480
2026-10-05,2016-05-20,185579
2026-10-05,2016-05-23,187100
2026-10-05,2016-05-24,190130
2026-10-05,2016-05-26,193750
2026-10-05,2016-05-27,196413
2026-10-05,2016-05-30,197892
2026-10-05,2016-05-31,198854
2026-10-05,2016-06-01,198516
2026-10-05,2016-06-02,196000
2026-10-05,2016-06-03,193611
2026-10-05,2016-06-06,190840
2026-10-05,2016-06-07,190131
2026-10-05,2016-06-08,189344
2026-10-05,2016-06-09,185071
2026-10-05,2016-06-10,182433
2026-10-05,2016-06-13,182007
2026-10-05,2016-06-14,183884
2026-10-05,2016-06-15,184910
2026-10-05,2016-06-16,185382
2026-10-05,2016-06-21,187414
2026-10-05,2016-06-22,189131
2026-10-05,2016-06-23,194087
2026-10-05,2016-06-24,196303
2026-10-05,2016-06-27,197531
2026-10-05,2016-06-28,200172
2026-10-05,2016-06-29,201962
2026-10-05,2016-06-30,203353
2026-10-05,2016-07-01,199594
2026-10-05,2016-07-04,197894
2026-10-05,2016-07-05,198956
2026-10-05,2016-07-06,196275
2026-10-05,2016-07-07,192930
2026-10-05,2016-07-11,189486
2026-10-05,2016-07-12,188106
2026-10-05,2016-07-13,186682
2026-10-05,2016-07-14,185247
2026-10-05,2016-07-15,181659
2026-10-05,2016-07-18,181276
2026-10-05,2016-07-19,183753
2026-10-05,2016-07-20,184829
2026-10-05,2016-07-21,186511
2026-10-05,2016-07-22,187411
2026-10-05,2016-07-25,189563
2026-10-05,2016-07-26,192923
2026-10-05,2016-07-27,194989
2026-10-05,2016-07-28,196691
2026-10-05,2016-07-29,197599
2026-10-05,2016-08-01,197074
2026-10-05,2016-08-02,199002
2026-10-05,2016-08-03,196560
2026-10-05,2016-08-04,194140
2026-10-05,2016-08-05,192491
2026-10-05,2016-08-08,189891
2026-10-05,2016-08-09,189430
2026-10-05,2016-08-10,187704
2026-10-05,2016-08-11,184926
2026-10-05,2016-08-12,182861
2026-10-05,2016-08-16,182959
2026-10-05,2016-08-17,184975
2026-10-05,2016-08-18,187088
2026-10-05,2016-08-19,187971
2026-10-05,2016-08-22,189840
2026-10-05,2016-08-23,191111
2026-10-05,2016-08-24,194280
2026-10-05,2016-08-25,197019
2026-10-05,2016-08-26,198169
2026-10-05,2016-08-29,200509
2026-10-05,2016-08-30,203291
2026-10-05,2016-08-31,203504
2026-10-05,2016-09-01,202995
2026-10-05,2016-09-02,204644
2026-10-05,2016-09-05,204120
2026-10-05,2016-09-06,204660
2026-10-05,2016-09-07,203011
2026-10-05,2016-09-08,200317
2026-10-05,2016-09-09,197876
2026-10-05,2016-09-12,194864
2026-10-05,2016-09-13,195806
2026-10-05,2016-09-14,195219
2026-10-05,2016-09-15,192208
2026-10-05,2016-09-16,190293
2026-10-05,2016-09-19,190678
2026-10-05,2016-09-20,192615
2026-10-05,2016-09-21,194067
2026-10-05,2016-09-22,195254
2026-10-05,2016-09-23,196703
2026-10-05,2016-09-26,198508
2026-10-05,2016-09-27,202341
2026-10-05,2016-09-28,204062
2026-10-05,2016-09-29,206203
2026-10-05,2016-09-30,207891
2026-10-05,2016-10-03,206383
2026-10-05,2016-10-04,208037
2026-10-05,2016-10-05,206607
2026-10-05,2016-10-06,203861
2026-10-05,2016-10-07,202241
2026-10-05,2016-10-11,198238
2026-10-05,2016-10-12,198183
2026-10-05,2016-10-13,198201
2026-10-05,2016-10-14,195114
2026-10-05,2016-10-17,194361
2026-10-05,2016-10-18,197362
2026-10-05,2016-10-19,199261
2026-10-05,2016-10-20,200534
2026-10-05,2016-10-21,201641
2026-10-05,2016-10-24,203058
2026-10-05,2016-10-25,207125
2026-10-05,2016-10-26,209368
2026-10-05,2016-10-27,211281
2026-10-05,2016-10-28,212692
2026-10-05,2016-10-31,214873
2026-10-05,2016-11-01,213323
2026-10-05,2016-11-02,214344
2026-10-05,2016-11-03,212787
2026-10-05,2016-11-04,211066
2026-10-05,2016-11-07,209742
2026-10-05,2016-11-08,210424
2026-10-05,2016-11-09,208034
2026-10-05,2016-11-10,204822
2026-10-05,2016-11-11,202546
2026-10-05,2016-11-14,202236
2026-10-05,2016-11-15,204085
2026-10-05,2016-11-16,205035
2026-10-05,2016-11-17,206477
2026-10-05,2016-11-18,207960
2026-10-05,2016-11-21,209488
2026-10-05,2016-11-22,212247
2026-10-05,2016-11-23,214287
2026-10-05,2016-11-24,216194
2026-10-05,2016-11-25,217547
2026-10-05,2016-11-29,220985
2026-10-05,2016-11-30,224610
2026-10-05,2016-12-01,225913
2026-10-05,2016-12-02,226413
2026-10-05,2016-12-05,225977
2026-10-05,2016-12-06,226438
2026-10-05,2016-12-07,225968
2026-10-05,2016-12-12,220888
2026-10-05,2016-12-13,220250
2026-10-05,2016-12-14,219822
2026-10-05,2016-12-15,219906
2026-10-05,2016-12-16,214832
2026-10-05,2016-12-19,214378
2026-10-05,2016-12-20,216639
2026-10-05,2016-12-21,218213
2026-10-05,2016-12-22,220391
2026-10-05,2016-12-23,219034
2026-10-05,2016-12-26,225370
2026-10-05,2016-12-27,230823
2026-10-05,2016-12-28,233210
2026-10-05,2016-12-29,235272
2026-10-05,2016-12-30,237283
2026-10-05,2017-01-02,236248
2026-10-05,2017-01-03,238149
2026-10-05,2017-01-04,236159
2026-10-05,2017-01-05,233199
2026-10-05,2017-01-06,232182
2026-10-05,2017-01-09,227681
2026-10-05,2017-01-10,228139
2026-10-05,2017-01-11,226498
2026-10-05,2017-01-12,223563
2026-10-05,2017-01-13,221624
2026-10-05,2017-01-16,221434
2026-10-05,2017-01-17,223740
2026-10-05,2017-01-18,225078
2026-10-05,2017-01-19,226990
2026-10-05,2017-01-20,227798
2026-10-05,2017-01-23,229166
2026-10-05,2017-01-24,233297
2026-10-05,2017-01-25,236025
2026-10-05,2017-01-26,238927
2026-10-05,2017-01-27,240558
2026-10-05,2017-01-30,242204
2026-10-05,2017-01-31,243733
2026-10-05,2017-02-01,241599
2026-10-05,2017-02-02,239236
2026-10-05,2017-02-03,237071
2026-10-05,2017-02-06,233592
2026-10-05,2017-02-07,233413
2026-10-05,2017-02-08,231138
2026-10-05,2017-02-09,226017
2026-10-05,2017-02-10,222617
2026-10-05,2017-02-13,222130
2026-10-05,2017-02-14,223592
2026-10-05,2017-02-15,224288
2026-10-05,2017-02-16,225216
2026-10-05,2017-02-17,226302
2026-10-05,2017-02-20,228057
2026-10-05,2017-02-21,230364
2026-10-05,2017-02-22,232075
2026-10-05,2017-02-23,234191
2026-10-05,2017-02-24,236906
2026-10-05,2017-03-01,236425
2026-10-05,2017-03-02,240082
2026-10-05,2017-03-03,241760
2026-10-05,2017-03-06,241363
2026-10-05,2017-03-07,241692
2026-10-05,2017-03-08,240206
2026-10-05,2017-03-09,237445
2026-10-05,2017-03-10,235459
2026-10-05,2017-03-13,230378
2026-10-05,2017-03-14,231298
2026-10-05,2017-03-15,229065
2026-10-05,2017-03-16,225115
2026-10-05,2017-03-17,222592
2026-10-05,2017-03-20,222970
2026-10-05,2017-03-21,225548
2026-10-05,2017-03-22,226841
2026-10-05,2017-03-23,228182
2026-10-05,2017-03-27,229727
2026-10-05,2017-03-28,234556
2026-10-05,2017-03-29,237840
2026-10-05,2017-03-30,240167
2026-10-05,2017-03-31,241219
2026-10-05,2017-04-03,239264
2026-10-05,2017-04-04,241317
2026-10-05,2017-04-05,239739
2026-10-05,2017-04-06,237781
2026-10-05,2017-04-07,234970
2026-10-05,2017-04-10,230754
2026-10-05,2017-04-11,230324
2026-10-05,2017-04-12,228628
2026-10-05,2017-04-17,222252
2026-10-05,2017-04-18,224617
2026-10-05,2017-04-19,225308
2026-10-05,2017-04-20,227521
2026-10-05,2017-04-21,228670
2026-10-05,2017-04-24,232187
2026-10-05,2017-04-25,234932
2026-10-05,2017-04-26,238286
2026-10-05,2017-04-27,239109
2026-10-05,2017-04-28,239481
2026-10-05,2017-05-02,239161
2026-10-05,2017-05-03,240161
2026-10-05,2017-05-04,236915
2026-10-05,2017-05-05,234867
2026-10-05,2017-05-08,231556
2026-10-05,2017-05-09,230461
2026-10-05,2017-05-10,227368
2026-10-05,2017-05-11,225413
2026-10-05,2017-05-12,221133
2026-10-05,2017-05-15,220587
2026-10-05,2017-05-16,222589
2026-10-05,2017-05-17,224499
2026-10-05,2017-05-18,226097
2026-10-05,2017-05-19,228165
2026-10-05,2017-05-22,230800
2026-10-05,2017-05-23,232560
2026-10-05,2017-05-24,236787
2026-10-05,2017-05-26,238187
2026-10-05,2017-05-29,240772
2026-10-05,2017-05-30,244381
2026-10-05,2017-05-31,244928
2026-10-05,2017-06-01,246862
2026-10-05,2017-06-02,247664
2026-10-05,2017-06-05,245809
2026-10-05,2017-06-06,244410
2026-10-05,2017-06-07,243320
2026-10-05,2017-06-08,240459
2026-10-05,2017-06-09,236877
2026-10-05,2017-06-12,234399
2026-10-05,2017-06-13,235118
2026-10-05,2017-06-14,233653
2026-10-05,2017-06-15,229904
2026-10-05,2017-06-16,228527
2026-10-05,2017-06-19,229730
2026-10-05,2017-06-21,232450
2026-10-05,2017-06-22,235083
2026-10-05,2017-06-23,238189
2026-10-05,2017-06-26,239404
2026-10-05,2017-06-27,242974
2026-10-05,2017-06-28,245363
2026-10-05,2017-06-29,248375
2026-10-05,2017-06-30,248510
2026-10-05,2017-07-03,244229
2026-10-05,2017-07-04,245517
2026-10-05,2017-07-05,242145
2026-10-05,2017-07-06,237851
2026-10-05,2017-07-07,234885
2026-10-05,2017-07-10,229665
2026-10-05,2017-07-11,230146
2026-10-05,2017-07-12,227870
2026-10-05,2017-07-13,223870
2026-10-05,2017-07-14,222253
2026-10-05,2017-07-17,222696
2026-10-05,2017-07-18,226094
2026-10-05,2017-07-19,228125
2026-10-05,2017-07-20,230421
2026-10-05,2017-07-21,232088
2026-10-05,2017-07-24,234939
2026-10-05,2017-07-25,237324
2026-10-05,2017-07-26,240488
2026-10-05,2017-07-27,242404
2026-10-05,2017-07-28,244496
2026-10-05,2017-07-31,246371
2026-10-05,2017-08-01,245548
2026-10-05,2017-08-02,244065
2026-10-05,2017-08-03,240840
2026-10-05,2017-08-04,238300
2026-10-05,2017-08-07,235308
2026-10-05,2017-08-08,235228
2026-10-05,2017-08-09,231125
2026-10-05,2017-08-10,225664
2026-10-05,2017-08-11,223900
2026-10-05,2017-08-14,224586
2026-10-05,2017-08-15,226401
2026-10-05,2017-08-16,228395
2026-10-05,2017-08-17,229885
2026-10-05,2017-08-18,231624
2026-10-05,2017-08-22,234751
2026-10-05,2017-08-23,237504
2026-10-05,2017-08-24,241075
2026-10-05,2017-08-25,243250
2026-10-05,2017-08-28,248403
2026-10-05,2017-08-29,251685
2026-10-05,2017-08-30,254553
2026-10-05,2017-08-31,257725
2026-10-05,2017-09-01,256723
2026-10-05,2017-09-04,255374
2026-10-05,2017-09-05,254049
2026-10-05,2017-09-06,249747
2026-10-05,2017-09-07,248619
2026-10-05,2017-09-08,247182
2026-10-05,2017-09-11,241877
2026-10-05,2017-09-12,242703
2026-10-05,2017-09-13,240830
2026-10-05,2017-09-14,235627
2026-10-05,2017-09-15,233696
2026-10-05,2017-09-18,235029
2026-10-05,2017-09-19,237900
2026-10-05,2017-09-20,240141
2026-10-05,2017-09-21,242823
2026-10-05,2017-09-22,243462
2026-10-05,2017-09-25,248561
2026-10-05,2017-09-26,250997
2026-10-05,2017-09-27,254379
2026-10-05,2017-09-28,255618
2026-10-05,2017-09-29,256973
2026-10-05,2017-10-02,256990
2026-10-05,2017-10-03,259003
2026-10-05,2017-10-04,256053
2026-10-05,2017-10-05,251638
2026-10-05,2017-10-06,250273
2026-10-05,2017-10-09,245941
2026-10-05,2017-10-10,245916
2026-10-05,2017-10-11,244163
2026-10-05,2017-10-12,239929
2026-10-05,2017-10-13,237867
2026-10-05,2017-10-17,239444
2026-10-05,2017-10-18,243454
2026-10-05,2017-10-19,245616
2026-10-05,2017-10-20,247644
2026-10-05,2017-10-23,252524
2026-10-05,2017-10-24,256872
2026-10-05,2017-10-25,260121
2026-10-05,2017-10-26,262803
2026-10-05,2017-10-27,264926
2026-10-05,2017-10-30,267188
2026-10-05,2017-10-31,269451
2026-10-05,2017-11-01,266185
2026-10-05,2017-11-02,266658
2026-10-05,2017-11-03,263638
2026-10-05,2017-11-07,260870
2026-10-05,2017-11-08,259782
2026-10-05,2017-11-09,254910
2026-10-05,2017-11-10,249980
2026-10-05,2017-11-13,251301
2026-10-05,2017-11-14,253875
2026-10-05,2017-11-15,255320
2026-10-05,2017-11-16,255439
2026-10-05,2017-11-17,257217
2026-10-05,2017-11-21,260194
2026-10-05,2017-11-22,264659
2026-10-05,2017-11-23,268613
2026-10-05,2017-11-24,270260
2026-10-05,2017-11-27,274826
2026-10-05,2017-11-28,278489
2026-10-05,2017-11-29,282228
2026-10-05,2017-11-30,285494
2026-10-05,2017-12-01,284936
2026-10-05,2017-12-04,284664
2026-10-05,2017-12-05,287347
2026-10-05,2017-12-06,283321
2026-10-05,2017-12-07,278134
2026-10-05,2017-12-11,272815
2026-10-05,2017-12-12,273737
2026-10-05,2017-12-13,271494
2026-10-05,2017-12-14,269104
2026-10-05,2017-12-15,264603
2026-10-05,2017-12-18,265050
2026-10-05,2017-12-19,268516
2026-10-05,2017-12-20,269705
2026-10-05,2017-12-21,272255
2026-10-05,2017-12-22,274169
2026-10-05,2017-12-26,279964
2026-10-05,2017-12-27,286204
2026-10-05,2017-12-28,290040
2026-10-05,2017-12-29,293120
2026-10-05,2018-01-02,293088
2026-10-05,2018-01-03,294071
2026-10-05,2018-01-04,291947
2026-10-05,2018-01-05,289847
2026-10-05,2018-01-08,285639
2026-10-05,2018-01-09,284096
2026-10-05,2018-01-10,279685
2026-10-05,2018-01-11,277560
2026-10-05,2018-01-12,271807
2026-10-05,2018-01-15,272242
2026-10-05,2018-01-16,275786
2026-10-05,2018-01-17,277622
2026-10-05,2018-01-18,279038
2026-10-05,2018-01-19,281009
2026-10-05,2018-01-22,284441
2026-10-05,2018-01-23,288784
2026-10-05,2018-01-24,290696
2026-10-05,2018-01-25,293077
2026-10-05,2018-01-26,295491
2026-10-05,2018-01-29,304517
2026-10-05,2018-01-30,303145
2026-10-05,2018-01-31,302865
2026-10-05,2018-02-01,308956
2026-10-05,2018-02-02,305325
2026-10-05,2018-02-05,303600
2026-10-05,2018-02-06,304059
2026-10-05,2018-02-07,300977
2026-10-05,2018-02-08,295824
2026-10-05,2018-02-09,292068
2026-10-05,2018-02-14,287847
2026-10-05,2018-02-15,287091
2026-10-05,2018-02-16,288710
2026-10-05,2018-02-19,284484
2026-10-05,2018-02-20,286645
2026-10-05,2018-02-21,288433
2026-10-05,2018-02-22,291428
2026-10-05,2018-02-23,292982
2026-10-05,2018-02-26,295526
2026-10-05,2018-02-27,301577
2026-10-05,2018-02-28,303745
2026-10-05,2018-03-01,302174
2026-10-05,2018-03-02,304176
2026-10-05,2018-03-05,303317
2026-10-05,2018-03-06,305226
2026-10-05,2018-03-07,302614
2026-10-05,2018-03-08,298455
2026-10-05,2018-03-09,295206
2026-10-05,2018-03-12,292104
2026-10-05,2018-03-13,294786
2026-10-05,2018-03-14,292199
2026-10-05,2018-03-15,287483
2026-10-05,2018-03-16,285464
2026-10-05,2018-03-19,286716
2026-10-05,2018-03-20,290445
2026-10-05,2018-03-21,292372
2026-10-05,2018-03-22,294775
2026-10-05,2018-03-23,296874
2026-10-05,2018-03-26,300067
2026-10-05,2018-03-27,305207
2026-10-05,2018-03-28,312562
2026-10-05,2018-04-03,307568
2026-10-05,2018-04-04,306336
2026-10-05,2018-04-05,310416
2026-10-05,2018-04-06,307711
2026-10-05,2018-04-09,301856
2026-10-05,2018-04-10,300248
2026-10-05,2018-04-11,296593
2026-10-05,2018-04-12,290884
2026-10-05,2018-04-13,288088
2026-10-05,2018-04-16,288474
2026-10-05,2018-04-17,292586
2026-10-05,2018-04-18,294644
2026-10-05,2018-04-19,296266
2026-10-05,2018-04-20,298498
2026-10-05,2018-04-23,301760
2026-10-05,2018-04-24,307723
2026-10-05,2018-04-25,310879
2026-10-05,2018-04-26,312514
2026-10-05,2018-04-27,317082
2026-10-05,2018-05-02,311166
2026-10-05,2018-05-03,314210
2026-10-05,2018-05-04,310757
2026-10-05,2018-05-07,306460
2026-10-05,2018-05-08,306450
2026-10-05,2018-05-09,301638
2026-10-05,2018-05-10,294563
2026-10-05,2018-05-11,290348
2026-10-05,2018-05-14,290704
2026-10-05,2018-05-15,293913
2026-10-05,2018-05-16,296436
2026-10-05,2018-05-17,297472
2026-10-05,2018-05-18,301876
2026-10-05,2018-05-21,306300
2026-10-05,2018-05-22,311629
2026-10-05,2018-05-23,313308
2026-10-05,2018-05-24,316477
2026-10-05,2018-05-28,319012
2026-10-05,2018-05-29,324869
2026-10-05,2018-05-30,330223
2026-10-05,2018-05-31,336042
2026-10-05,2018-06-01,333917
2026-10-05,2018-06-04,332851
2026-10-05,2018-06-05,335059
2026-10-05,2018-06-06,333397
2026-10-05,2018-06-07,326117
2026-10-05,2018-06-08,322620
2026-10-05,2018-06-11,317616
2026-10-05,2018-06-12,320064
2026-10-05,2018-06-13,317983
2026-10-05,2018-06-14,311630
2026-10-05,2018-06-15,309050
2026-10-05,2018-06-18,310997
2026-10-05,2018-06-19,315173
2026-10-05,2018-06-21,318787
2026-10-05,2018-06-22,321786
2026-10-05,2018-06-25,324527
2026-10-05,2018-06-26,329816
2026-10-05,2018-06-27,335495
2026-10-05,2018-06-28,337206
2026-10-05,2018-06-29,340915
2026-10-05,2018-07-02,334581
2026-10-05,2018-07-03,333802
2026-10-05,2018-07-04,330343
2026-10-05,2018-07-05,324578
2026-10-05,2018-07-06,322180
2026-10-05,2018-07-10,317014
2026-10-05,2018-07-11,316927
2026-10-05,2018-07-12,311504
2026-10-05,2018-07-13,306513
2026-10-05,2018-07-16,306046
2026-10-05,2018-07-17,309492
2026-10-05,2018-07-18,312568
2026-10-05,2018-07-19,314700
2026-10-05,2018-07-20,317515
2026-10-05,2018-07-23,321294
2026-10-05,2018-07-24,324301
2026-10-05,2018-07-25,330004
2026-10-05,2018-07-26,333217
2026-10-05,2018-07-27,334183
2026-10-05,2018-07-30,337506
2026-10-05,2018-07-31,343042
2026-10-05,2018-08-01,336225
2026-10-05,2018-08-02,331882
2026-10-05,2018-08-03,330893
2026-10-05,2018-08-06,326549
2026-10-05,2018-08-07,326881
2026-10-05,2018-08-08,321283
2026-10-05,2018-08-09,314890
2026-10-05,2018-08-10,310776
2026-10-05,2018-08-13,311196
2026-10-05,2018-08-14,314670
2026-10-05,2018-08-15,316686
2026-10-05,2018-08-16,317411
2026-10-05,2018-08-17,319776
2026-10-05,2018-08-21,323991
2026-10-05,2018-08-22,329516
2026-10-05,2018-08-23,333901
2026-10-05,2018-08-24,336416
2026-10-05,2018-08-27,340638
2026-10-05,2018-08-28,344785
2026-10-05,2018-08-29,351471
2026-10-05,2018-08-30,354391
2026-10-05,2018-08-31,359370
2026-10-05,2018-09-03,354895
2026-10-05,2018-09-04,355581
2026-10-05,2018-09-05,353957
2026-10-05,2018-09-06,347142
2026-10-05,2018-09-07,343762
2026-10-05,2018-09-10,337309
2026-10-05,2018-09-11,340691
2026-10-05,2018-09-12,335279
2026-10-05,2018-09-13,328869
2026-10-05,2018-09-14,325091
2026-10-05,2018-09-17,326511
2026-10-05,2018-09-18,331260
2026-10-05,2018-09-19,332928
2026-10-05,2018-09-20,336464
2026-10-05,2018-09-21,338380
2026-10-05,2018-09-24,342344
2026-10-05,2018-09-25,347283
2026-10-05,2018-09-26,351363
2026-10-05,2018-09-27,355700
2026-10-05,2018-09-28,359919
2026-10-05,2018-10-01,354763
2026-10-05,2018-10-02,358233
2026-10-05,2018-10-03,354289
2026-10-05,2018-10-04,349644
2026-10-05,2018-10-05,347057
2026-10-05,2018-10-08,342125
2026-10-05,2018-10-09,341382
2026-10-05,2018-10-10,335804
2026-10-05,2018-10-11,331127
2026-10-05,2018-10-12,327000
2026-10-05,2018-10-16,328889
2026-10-05,2018-10-17,333606
2026-10-05,2018-10-18,336211
2026-10-05,2018-10-19,338073
2026-10-05,2018-10-22,342225
2026-10-05,2018-10-23,348550
2026-10-05,2018-10-24,353479
2026-10-05,2018-10-25,355870
2026-10-05,2018-10-26,358617
2026-10-05,2018-10-29,361638
2026-10-05,2018-10-30,371088
2026-10-05,2018-10-31,373223
2026-10-05,2018-11-01,375300
2026-10-05,2018-11-02,377303
2026-10-05,2018-11-05,375728
2026-10-05,2018-11-07,376372
2026-10-05,2018-11-08,373492
2026-10-05,2018-11-09,365282
2026-10-05,2018-11-12,358562
2026-10-05,2018-11-13,359348
2026-10-05,2018-11-14,356287
2026-10-05,2018-11-15,353615
2026-10-05,2018-11-16,345861
2026-10-05,2018-11-20,348138
2026-10-05,2018-11-21,352389
2026-10-05,2018-11-22,353746
2026-10-05,2018-11-23,355126
2026-10-05,2018-11-26,363125
2026-10-05,2018-11-27,370999
2026-10-05,2018-11-28,374708
2026-10-05,2018-11-29,380053
2026-10-05,2018-12-03,374670
2026-10-05,2018-12-04,374421
2026-10-05,2018-12-05,372682
2026-10-05,2018-12-06,365483
2026-10-05,2018-12-07,360669
2026-10-05,2018-12-10,354700
2026-10-05,2018-12-11,355409
2026-10-05,2018-12-12,349886
2026-10-05,2018-12-13,344842
2026-10-05,2018-12-14,341238
2026-10-05,2018-12-17,342586
2026-10-05,2018-12-18,346618
2026-10-05,2018-12-19,347426
2026-10-05,2018-12-20,349188
2026-10-05,2018-12-21,350234
2026-10-05,2018-12-26,357478
2026-10-05,2018-12-27,372931
2026-10-05,2018-12-28,387510
2026-10-05,2019-01-02,374998
2026-10-05,2019-01-03,376500
2026-10-05,2019-01-04,379263
2026-10-05,2019-01-07,370409
2026-10-05,2019-01-08,369327
2026-10-05,2019-01-09,362571
2026-10-05,2019-01-10,355360
2026-10-05,2019-01-11,346226
2026-10-05,2019-01-14,344097
2026-10-05,2019-01-15,347293
2026-10-05,2019-01-16,349732
2026-10-05,2019-01-17,350888
2026-10-05,2019-01-18,355479
2026-10-05,2019-01-21,359266
2026-10-05,2019-01-22,364341
2026-10-05,2019-01-23,366410
2026-10-05,2019-01-24,369497
2026-10-05,2019-01-25,374215
2026-10-05,2019-01-28,382070
2026-10-05,2019-01-29,387138
2026-10-05,2019-01-30,390047
2026-10-05,2019-01-31,392290
2026-10-05,2019-02-01,391425
2026-10-05,2019-02-04,389297
2026-10-05,2019-02-05,392426
2026-10-05,2019-02-06,383464
2026-10-05,2019-02-07,378935
2026-10-05,2019-02-08,373949
2026-10-05,2019-02-11,367788
2026-10-05,2019-02-12,367874
2026-10-05,2019-02-13,357963
2026-10-05,2019-02-14,354453
2026-10-05,2019-02-15,351533
2026-10-05,2019-02-18,353861
2026-10-05,2019-02-19,357681
2026-10-05,2019-02-20,362301
2026-10-05,2019-02-21,365103
2026-10-05,2019-02-22,369426
2026-10-05,2019-02-25,374319
2026-10-05,2019-02-26,381595
2026-10-05,2019-02-27,381227
2026-10-05,2019-02-28,388615
2026-10-05,2019-03-01,386479
2026-10-05,2019-03-06,382806
2026-10-05,2019-03-07,382337
2026-10-05,2019-03-08,378749
2026-10-05,2019-03-11,369564
2026-10-05,2019-03-12,369670
2026-10-05,2019-03-13,358720
2026-10-05,2019-03-14,355693
2026-10-05,2019-03-15,351689
2026-10-05,2019-03-18,353494
2026-10-05,2019-03-19,359304
2026-10-05,2019-03-20,360661
2026-10-05,2019-03-21,362173
2026-10-05,2019-03-22,365898
2026-10-05,2019-03-25,372115
2026-10-05,2019-03-26,379383
2026-10-05,2019-03-27,382108
2026-10-05,2019-03-28,383685
2026-10-05,2019-03-29,387256
2026-10-05,2019-04-01,380982
2026-10-05,2019-04-03,380935
2026-10-05,2019-04-04,376663
2026-10-05,2019-04-05,373090
2026-10-05,2019-04-08,366938
2026-10-05,2019-04-09,365235
2026-10-05,2019-04-10,358036
2026-10-05,2019-04-11,349747
2026-10-05,2019-04-12,348341
2026-10-05,2019-04-15,349069
2026-10-05,2019-04-16,350148
2026-10-05,2019-04-17,351133
2026-10-05,2019-04-22,356114
2026-10-05,2019-04-23,364698
2026-10-05,2019-04-24,369337
2026-10-05,2019-04-25,372735
2026-10-05,2019-04-26,375477
2026-10-05,2019-04-29,379821
2026-10-05,2019-04-30,395782
2026-10-05,2019-05-02,386576
2026-10-05,2019-05-03,386357
2026-10-05,2019-05-06,387616
2026-10-05,2019-05-07,391243
2026-10-05,2019-05-08,384181
2026-10-05,2019-05-09,375635
2026-10-05,2019-05-10,368982
2026-10-05,2019-05-13,365813
2026-10-05,2019-05-14,368534
2026-10-05,2019-05-15,359245
2026-10-05,2019-05-16,356274
2026-10-05,2019-05-17,356030
2026-10-05,2019-05-20,360400
2026-10-05,2019-05-21,367420
2026-10-05,2019-05-22,367626
2026-10-05,2019-05-23,371640
2026-10-05,2019-05-24,376585
2026-10-05,2019-05-27,382046
2026-10-05,2019-05-28,390371
2026-10-05,2019-05-29,393334
2026-10-05,2019-05-30,396409
2026-10-05,2019-05-31,401663
2026-10-05,2019-06-03,396049
2026-10-05,2019-06-04,397716
2026-10-05,2019-06-05,392073
2026-10-05,2019-06-06,382724
2026-10-05,2019-06-07,379166
2026-10-05,2019-06-10,371838
2026-10-05,2019-06-11,375076
2026-10-05,2019-06-12,363234
2026-10-05,2019-06-13,360149
2026-10-05,2019-06-14,357204
2026-10-05,2019-06-18,362350
2026-10-05,2019-06-19,369982
2026-10-05,2019-06-21,374086
2026-10-05,2019-06-24,379919
2026-10-05,2019-06-25,393488
2026-10-05,2019-06-26,397667
2026-10-05,2019-06-27,402137
2026-10-05,2019-06-28,404372
2026-10-05,2019-07-01,394626
2026-10-05,2019-07-02,397499
2026-10-05,2019-07-03,388774
2026-10-05,2019-07-04,387648
2026-10-05,2019-07-05,384198
2026-10-05,2019-07-10,376324
2026-10-05,2019-07-11,375970
2026-10-05,2019-07-12,366129
2026-10-05,2019-07-15,365526
2026-10-05,2019-07-16,368903
2026-10-05,2019-07-17,372324
2026-10-05,2019-07-18,375342
2026-10-05,2019-07-19,378273
2026-10-05,2019-07-22,382910
2026-10-05,2019-07-23,389029
2026-10-05,2019-07-24,392499
2026-10-05,2019-07-25,397117
2026-10-05,2019-07-26,399700
2026-10-05,2019-07-29,407533
2026-10-05,2019-07-30,415260
2026-10-05,2019-07-31,415325
2026-10-05,2019-08-01,423826
2026-10-05,2019-08-02,423977
2026-10-05,2019-08-05,418226
2026-10-05,2019-08-06,419519
2026-10-05,2019-08-07,411511
2026-10-05,2019-08-08,408197
2026-10-05,2019-08-09,401817
2026-10-05,2019-08-12,392432
2026-10-05,2019-08-13,397196
2026-10-05,2019-08-14,386194
2026-10-05,2019-08-15,385041
2026-10-05,2019-08-16,386024
2026-10-05,2019-08-20,391319
2026-10-05,2019-08-21,399293
2026-10-05,2019-08-22,403242
2026-10-05,2019-08-23,405926
2026-10-05,2019-08-26,413497
2026-10-05,2019-08-27,421610
2026-10-05,2019-08-28,426423
2026-10-05,2019-08-29,430569
2026-10-05,2019-08-30,433400
2026-10-05,2019-09-02,429478
2026-10-05,2019-09-03,435610
2026-10-05,2019-09-04,426464
2026-10-05,2019-09-05,424300
2026-10-05,2019-09-06,423351
2026-10-05,2019-09-09,409682
2026-10-05,2019-09-10,412546
2026-10-05,2019-09-11,402779
2026-10-05,2019-09-12,400243
2026-10-05,2019-09-13,400664
2026-10-05,2019-09-16,404512
2026-10-05,2019-09-17,411408
2026-10-05,2019-09-18,414378
2026-10-05,2019-09-19,418021
2026-10-05,2019-09-20,422342
2026-10-05,2019-09-23,428298
2026-10-05,2019-09-24,438993
2026-10-05,2019-09-25,443787
2026-10-05,2019-09-26,450317
2026-10-05,2019-09-27,454227
2026-10-05,2019-09-30,460589
2026-10-05,2019-10-01,454152
2026-10-05,2019-10-02,454320
2026-10-05,2019-10-03,448792
2026-10-05,2019-10-04,441881
2026-10-05,2019-10-07,430080
2026-10-05,2019-10-08,431205
2026-10-05,2019-10-09,418748
2026-10-05,2019-10-10,419979
2026-10-05,2019-10-11,420011
2026-10-05,2019-10-15,424766
2026-10-05,2019-10-16,433042
2026-10-05,2019-10-17,437351
2026-10-05,2019-10-18,442300
2026-10-05,2019-10-21,448566
2026-10-05,2019-10-22,459965
2026-10-05,2019-10-23,464635
2026-10-05,2019-10-24,469167
2026-10-05,2019-10-25,476202
2026-10-05,2019-10-28,487704
2026-10-05,2019-10-29,503270
2026-10-05,2019-10-30,511067
2026-10-05,2019-10-31,517861
2026-10-05,2019-11-01,518173
2026-10-05,2019-11-04,514183
2026-10-05,2019-11-05,516821
2026-10-05,2019-11-07,511312
2026-10-05,2019-11-08,508370
2026-10-05,2019-11-11,493279
2026-10-05,2019-11-12,499270
2026-10-05,2019-11-13,489092
2026-10-05,2019-11-14,485180
2026-10-05,2019-11-15,486923
2026-10-05,2019-11-19,491903
2026-10-05,2019-11-20,499391
2026-10-05,2019-11-21,503440
2026-10-05,2019-11-22,508845
2026-10-05,2019-11-25,518393
2026-10-05,2019-11-26,530994
2026-10-05,2019-11-27,534303
2026-10-05,2019-11-28,538320
2026-10-05,2019-11-29,540768
2026-10-05,2019-12-02,536063
2026-10-05,2019-12-03,545428
2026-10-05,2019-12-04,537208
2026-10-05,2019-12-05,533092
2026-10-05,2019-12-06,529663
2026-10-05,2019-12-09,512517
2026-10-05,2019-12-10,514924
2026-10-05,2019-12-11,503252
2026-10-05,2019-12-12,501362
2026-10-05,2019-12-13,507362
2026-10-05,2019-12-16,512385
2026-10-05,2019-12-17,519373
2026-10-05,2019-12-18,522211
2026-10-05,2019-12-19,525464
2026-10-05,2019-12-20,528799
2026-10-05,2019-12-23,539609
2026-10-05,2019-12-26,557611
2026-10-05,2019-12-27,567533
2026-10-05,2019-12-30,582973
2026-10-05,2020-01-02,569063
2026-10-05,2020-01-03,569181
2026-10-05,2020-01-06,548320
2026-10-05,2020-01-07,542903
2026-10-05,2020-01-08,529607
2026-10-05,2020-01-09,523592
2026-10-05,2020-01-10,520192
2026-10-05,2020-01-13,522499
2026-10-05,2020-01-14,522928
2026-10-05,2020-01-15,530236
2026-10-05,2020-01-16,534994
2026-10-05,2020-01-17,538498
2026-10-05,2020-01-20,543748
2026-10-05,2020-01-21,552498
2026-10-05,2020-01-22,555832
2026-10-05,2020-01-23,560483
2026-10-05,2020-01-24,565653
2026-10-05,2020-01-27,574610
2026-10-05,2020-01-28,585280
2026-10-05,2020-01-29,590455
2026-10-05,2020-01-30,594450
2026-10-05,2020-01-31,598708
2026-10-05,2020-02-03,591231
2026-10-05,2020-02-04,593788
2026-10-05,2020-02-05,575297
2026-10-05,2020-02-06,572108
2026-10-05,2020-02-07,569482
2026-10-05,2020-02-10,549665
2026-10-05,2020-02-11,552376
2026-10-05,2020-02-12,536894
2026-10-05,2020-02-13,535803
2026-10-05,2020-02-14,536805
2026-10-05,2020-02-17,541759
2026-10-05,2020-02-18,549882
2026-10-05,2020-02-19,552830
2026-10-05,2020-02-20,557640
2026-10-05,2020-02-21,563337
2026-10-05,2020-02-26,573711
2026-10-05,2020-02-27,585533
2026-10-05,2020-02-28,592781
2026-10-05,2020-03-02,586550
2026-10-05,2020-03-03,591709
2026-10-05,2020-03-04,574474
2026-10-05,2020-03-05,574716
2026-10-05,2020-03-06,569920
2026-10-05,2020-03-09,547738
2026-10-05,2020-03-10,548604
2026-10-05,2020-03-11,537340
2026-10-05,2020-03-12,536841
2026-10-05,2020-03-13,537951
2026-10-05,2020-03-16,545492
2026-10-05,2020-03-17,553658
2026-10-05,2020-03-18,557336
2026-10-05,2020-03-19,559080
2026-10-05,2020-03-20,563411
2026-10-05,2020-03-25,575542
2026-10-05,2020-03-26,587115
2026-10-05,2020-03-27,592444
2026-10-05,2020-03-30,600323
2026-10-05,2020-04-01,597597
2026-10-05,2020-04-02,596593
2026-10-05,2020-04-03,594781
2026-10-05,2020-04-06,591184
2026-10-05,2020-04-07,589983
2026-10-05,2020-04-08,581158
2026-10-05,2020-04-13,560305
2026-10-05,2020-04-14,558697
2026-10-05,2020-04-15,538595
2026-10-05,2020-04-16,526534
2026-10-05,2020-04-17,528198
2026-10-05,2020-04-20,533052
2026-10-05,2020-04-21,536470
2026-10-05,2020-04-22,539677
2026-10-05,2020-04-23,542177
2026-10-05,2020-04-24,545078
2026-10-05,2020-04-27,547352
2026-10-05,2020-04-28,558463
2026-10-05,2020-04-29,563490
2026-10-05,2020-04-30,556748
2026-10-05,2020-05-04,558488
2026-10-05,2020-05-05,565123
2026-10-05,2020-05-06,549476
2026-10-05,2020-05-07,544856
2026-10-05,2020-05-08,542639
2026-10-05,2020-05-11,526657
2026-10-05,2020-05-12,529866
2026-10-05,2020-05-13,518189
2026-10-05,2020-05-14,517135
2026-10-05,2020-05-15,520369
2026-10-05,2020-05-18,526020
2026-10-05,2020-05-19,542053
2026-10-05,2020-05-20,546331
2026-10-05,2020-05-21,551961
2026-10-05,2020-05-22,555429
2026-10-05,2020-05-26,564536
2026-10-05,2020-05-27,578507
2026-10-05,2020-05-28,589748
2026-10-05,2020-05-29,589024
2026-10-05,2020-06-01,588375
2026-10-05,2020-06-02,595294
2026-10-05,2020-06-03,583958
2026-10-05,2020-06-04,581549
2026-10-05,2020-06-05,579720
2026-10-05,2020-06-08,567549
2026-10-05,2020-06-09,573035
2026-10-05,2020-06-10,563640
2026-10-05,2020-06-11,562000
2026-10-05,2020-06-12,564365
2026-10-05,2020-06-16,570550
2026-10-05,2020-06-17,581215
2026-10-05,2020-06-18,587383
2026-10-05,2020-06-19,592217
2026-10-05,2020-06-22,598966
2026-10-05,2020-06-23,609076
2026-10-05,2020-06-24,613495
2026-10-05,2020-06-25,617488
2026-10-05,2020-06-26,625150
2026-10-05,2020-06-29,631095
2026-10-05,2020-06-30,643230
2026-10-05,2020-07-01,637494
2026-10-05,2020-07-02,642782
2026-10-05,2020-07-03,645072
2026-10-05,2020-07-06,637620
2026-10-05,2020-07-07,640091
2026-10-05,2020-07-08,625213
2026-10-05,2020-07-13,607034
2026-10-05,2020-07-14,612343
2026-10-05,2020-07-15,598477
2026-10-05,2020-07-16,599368
2026-10-05,2020-07-17,601098
2026-10-05,2020-07-20,604615
2026-10-05,2020-07-21,612219
2026-10-05,2020-07-22,617952
2026-10-05,2020-07-23,624809
2026-10-05,2020-07-24,632285
2026-10-05,2020-07-27,639620
2026-10-05,2020-07-28,654926
2026-10-05,2020-07-29,665806
2026-10-05,2020-07-30,674380
2026-10-05,2020-07-31,692904
2026-10-05,2020-08-03,683640
2026-10-05,2020-08-04,698282
2026-10-05,2020-08-05,682727
2026-10-05,2020-08-06,677863
2026-10-05,2020-08-07,674275
2026-10-05,2020-08-10,653973
2026-10-05,2020-08-11,658690
2026-10-05,2020-08-12,648580
2026-10-05,2020-08-13,647214
2026-10-05,2020-08-14,649096
2026-10-05,2020-08-18,654306
2026-10-05,2020-08-19,666260
2026-10-05,2020-08-20,673870
2026-10-05,2020-08-21,680845
2026-10-05,2020-08-24,689095
2026-10-05,2020-08-25,702597
2026-10-05,2020-08-26,707407
2026-10-05,2020-08-27,713905
2026-10-05,2020-08-28,718429
2026-10-05,2020-08-31,728366
2026-10-05,2020-09-01,727290
2026-10-05,2020-09-02,717946
2026-10-05,2020-09-03,708791
2026-10-05,2020-09-04,703913
2026-10-05,2020-09-07,683910
2026-10-05,2020-09-08,683634
2026-10-05,2020-09-09,666604
2026-10-05,2020-09-10,663176
2026-10-05,2020-09-11,664845
2026-10-05,2020-09-14,669961
2026-10-05,2020-09-15,678447
2026-10-05,2020-09-16,682147
2026-10-05,2020-09-17,686593
2026-10-05,2020-09-18,692252
2026-10-05,2020-09-21,699722
2026-10-05,2020-09-22,710405
2026-10-05,2020-09-23,714102
2026-10-05,2020-09-24,718975
2026-10-05,2020-09-25,725728
2026-10-05,2020-09-28,732161
2026-10-05,2020-09-29,748623
2026-10-05,2020-09-30,744329
2026-10-05,2020-10-01,751986
2026-10-05,2020-10-02,753818
2026-10-05,2020-10-05,746536
2026-10-05,2020-10-06,749217
2026-10-05,2020-10-07,734944
2026-10-05,2020-10-08,730266
2026-10-05,2020-10-09,727236
2026-10-05,2020-10-13,713547
2026-10-05,2020-10-14,721969
2026-10-05,2020-10-15,721905
2026-10-05,2020-10-16,711735
2026-10-05,2020-10-19,718218
2026-10-05,2020-10-20,732025
2026-10-05,2020-10-21,737043
2026-10-05,2020-10-22,742289
2026-10-05,2020-10-23,748028
2026-10-05,2020-10-26,757463
2026-10-05,2020-10-27,770424
2026-10-05,2020-10-28,785745
2026-10-05,2020-10-29,791394
2026-10-05,2020-10-30,791576
2026-10-05,2020-11-02,794012
2026-10-05,2020-11-03,799540
2026-10-05,2020-11-04,793169
2026-10-05,2020-11-05,787106
2026-10-05,2020-11-09,774586
2026-10-05,2020-11-10,780579
2026-10-05,2020-11-11,762533
2026-10-05,2020-11-12,763119
2026-10-05,2020-11-13,765669
2026-10-05,2020-11-16,770857
2026-10-05,2020-11-17,782811
2026-10-05,2020-11-18,786884
2026-10-05,2020-11-19,793574
2026-10-05,2020-11-20,800860
2026-10-05,2020-11-24,812720
2026-10-05,2020-11-25,828024
2026-10-05,2020-11-26,839575
2026-10-05,2020-11-27,846457
2026-10-05,2020-11-30,850877
2026-10-05,2020-12-01,856220
2026-10-05,2020-12-02,853155
2026-10-05,2020-12-03,840563
2026-10-05,2020-12-04,835273
2026-10-05,2020-12-09,812359
2026-10-05,2020-12-10,819873
2026-10-05,2020-12-11,807811
2026-10-05,2020-12-14,804186
2026-10-05,2020-12-15,820255
2026-10-05,2020-12-16,827237
2026-10-05,2020-12-17,834331
2026-10-05,2020-12-18,839740
2026-10-05,2020-12-21,848145
2026-10-05,2020-12-22,858964
2026-10-05,2020-12-23,868666
2026-10-05,2020-12-28,883243
2026-10-05,2020-12-29,904468
2026-10-05,2020-12-30,918756
2026-10-05,2021-01-04,917792
2026-10-05,2021-01-05,917350
2026-10-05,2021-01-06,900598
2026-10-05,2021-01-07,898120
2026-10-05,2021-01-08,890648
2026-10-05,2021-01-11,860562
2026-10-05,2021-01-12,869917
2026-10-05,2021-01-13,851101
2026-10-05,2021-01-14,847468
2026-10-05,2021-01-15,851404
2026-10-05,2021-01-18,860861
2026-10-05,2021-01-19,871958
2026-10-05,2021-01-20,875998
2026-10-05,2021-01-21,882510
2026-10-05,2021-01-22,889176
2026-10-05,2021-01-25,899610
2026-10-05,2021-01-26,913896
2026-10-05,2021-01-27,921689
2026-10-05,2021-01-28,928216
2026-10-05,2021-01-29,911082
2026-10-05,2021-02-01,929949
2026-10-05,2021-02-02,932696
2026-10-05,2021-02-03,908421
2026-10-05,2021-02-04,901225
2026-10-05,2021-02-05,901628
2026-10-05,2021-02-08,880294
2026-10-05,2021-02-09,881594
2026-10-05,2021-02-10,861846
2026-10-05,2021-02-11,860370
2026-10-05,2021-02-12,862791
2026-10-05,2021-02-17,870557
2026-10-05,2021-02-18,887054
2026-10-05,2021-02-19,883679
2026-10-05,2021-02-22,892766
2026-10-05,2021-02-23,914273
2026-10-05,2021-02-24,917527
2026-10-05,2021-02-25,922998
2026-10-05,2021-02-26,913464
2026-10-05,2021-03-01,936767
2026-10-05,2021-03-02,953200
2026-10-05,2021-03-03,944581
2026-10-05,2021-03-04,929959
2026-10-05,2021-03-05,933447
2026-10-05,2021-03-08,923608
2026-10-05,2021-03-09,929634
2026-10-05,2021-03-10,911029
2026-10-05,2021-03-11,924009
2026-10-05,2021-03-12,924801
2026-10-05,2021-03-15,906256
2026-10-05,2021-03-16,911508
2026-10-05,2021-03-17,890996
2026-10-05,2021-03-18,889672
2026-10-05,2021-03-19,894624
2026-10-05,2021-03-22,904724
2026-10-05,2021-03-23,918308
2026-10-05,2021-03-25,922982
2026-10-05,2021-03-26,932252
2026-10-05,2021-03-29,945599
2026-10-05,2021-03-30,960489
2026-10-05,2021-03-31,946388
2026-10-05,2021-04-05,958350
2026-10-05,2021-04-06,965584
2026-10-05,2021-04-07,946370
2026-10-05,2021-04-08,939415
2026-10-05,2021-04-09,931705
2026-10-05,2021-04-12,914549
2026-10-05,2021-04-13,912794
2026-10-05,2021-04-14,900206
2026-10-05,2021-04-15,899908
2026-10-05,2021-04-16,902403
2026-10-05,2021-04-19,912097
2026-10-05,2021-04-20,925767
2026-10-05,2021-04-21,928450
2026-10-05,2021-04-22,933657
2026-10-05,2021-04-23,939692
2026-10-05,2021-04-26,947331
2026-10-05,2021-04-27,965591
2026-10-05,2021-04-28,969562
2026-10-05,2021-04-29,975297
2026-10-05,2021-04-30,956171
2026-10-05,2021-05-03,966801
2026-10-05,2021-05-04,972599
2026-10-05,2021-05-05,931243
2026-10-05,2021-05-06,922642
2026-10-05,2021-05-07,932721
2026-10-05,2021-05-10,902785
2026-10-05,2021-05-11,919760
2026-10-05,2021-05-12,902362
2026-10-05,2021-05-13,904741
2026-10-05,2021-05-14,913563
2026-10-05,2021-05-17,922243
2026-10-05,2021-05-18,937876
2026-10-05,2021-05-19,941264
2026-10-05,2021-05-20,947681
2026-10-05,2021-05-21,954759
2026-10-05,2021-05-26,965795
2026-10-05,2021-05-27,978755
2026-10-05,2021-05-28,996093
2026-10-05,2021-05-31,979444
2026-10-05,2021-06-01,993923
2026-10-05,2021-06-02,983884
2026-10-05,2021-06-03,966063
2026-10-05,2021-06-04,958346
2026-10-05,2021-06-07,931997
2026-10-05,2021-06-08,937757
2026-10-05,2021-06-09,911185
2026-10-05,2021-06-10,904778
2026-10-05,2021-06-11,907494
2026-10-05,2021-06-14,914046
2026-10-05,2021-06-15,919522
2026-10-05,2021-06-16,929077
2026-10-05,2021-06-17,937539
2026-10-05,2021-06-18,945146
2026-10-05,2021-06-22,956834
2026-10-05,2021-06-23,974047
2026-10-05,2021-06-24,982757
2026-10-05,2021-06-25,989288
2026-10-05,2021-06-28,1000265
2026-10-05,2021-06-29,1019431
2026-10-05,2021-06-30,997852
2026-10-05,2021-07-01,1006430
2026-10-05,2021-07-02,1008139
2026-10-05,2021-07-05,990711
2026-10-05,2021-07-06,996684
2026-10-05,2021-07-07,968137
2026-10-05,2021-07-08,961555
2026-10-05,2021-07-12,929356
2026-10-05,2021-07-13,928795
2026-10-05,2021-07-14,908096
2026-10-05,2021-07-15,902848
2026-10-05,2021-07-16,906492
2026-10-05,2021-07-19,914310
2026-10-05,2021-07-20,928811
2026-10-05,2021-07-21,931712
2026-10-05,2021-07-22,938569
2026-10-05,2021-07-23,949746
2026-10-05,2021-07-26,959920
2026-10-05,2021-07-27,978347
2026-10-05,2021-07-28,984759
2026-10-05,2021-07-29,994105
2026-10-05,2021-07-30,994909
2026-10-05,2021-08-02,990268
2026-10-05,2021-08-03,1002510
2026-10-05,2021-08-04,966481
2026-10-05,2021-08-05,958890
2026-10-05,2021-08-06,964613
2026-10-05,2021-08-09,935600
2026-10-05,2021-08-10,940735
2026-10-05,2021-08-11,916338
2026-10-05,2021-08-12,914093
2026-10-05,2021-08-13,919334
2026-10-05,2021-08-17,925451
2026-10-05,2021-08-18,940413
2026-10-05,2021-08-19,954609
2026-10-05,2021-08-20,961249
2026-10-05,2021-08-23,974584
2026-10-05,2021-08-24,994658
2026-10-05,2021-08-25,1000984
2026-10-05,2021-08-26,1012106
2026-10-05,2021-08-27,1022405
2026-10-05,2021-08-30,1029327
2026-10-05,2021-08-31,1035548
2026-10-05,2021-09-01,1024314
2026-10-05,2021-09-02,1020860
2026-10-05,2021-09-03,993721
2026-10-05,2021-09-06,965771
2026-10-05,2021-09-07,967775
2026-10-05,2021-09-08,938512
2026-10-05,2021-09-09,933129
2026-10-05,2021-09-10,931718
2026-10-05,2021-09-13,938620
2026-10-05,2021-09-14,952213
2026-10-05,2021-09-15,962616
2026-10-05,2021-09-16,971996
2026-10-05,2021-09-17,981370
2026-10-05,2021-09-20,998618
2026-10-05,2021-09-21,1024486
2026-10-05,2021-09-22,1034667
2026-10-05,2021-09-23,1044809
2026-10-05,2021-09-24,1052747
2026-10-05,2021-09-27,1064501
2026-10-05,2021-09-28,1081998
2026-10-05,2021-09-29,1088508
2026-10-05,2021-09-30,1089035
2026-10-05,2021-10-01,1097825
2026-10-05,2021-10-04,1085677
2026-10-05,2021-10-05,1091820
2026-10-05,2021-10-06,1062382
2026-10-05,2021-10-07,1060485
2026-10-05,2021-10-12,1025747
2026-10-05,2021-10-13,1024728
2026-10-05,2021-10-14,988318
2026-10-05,2021-10-15,993627
2026-10-05,2021-10-18,1002345
2026-10-05,2021-10-19,1028808
2026-10-05,2021-10-20,1038934
2026-10-05,2021-10-21,1049286
2026-10-05,2021-10-22,1059957
2026-10-05,2021-10-25,1087329
2026-10-05,2021-10-26,1096768
2026-10-05,2021-10-27,1107914
2026-10-05,2021-10-28,1123477
2026-10-05,2021-10-29,1130725
2026-10-05,2021-11-01,1115942
2026-10-05,2021-11-02,1132581
2026-10-05,2021-11-03,1103642
2026-10-05,2021-11-04,1100347
2026-10-05,2021-11-05,1113381
2026-10-05,2021-11-08,1085422
2026-10-05,2021-11-09,1077627
2026-10-05,2021-11-10,1062384
2026-10-05,2021-11-11,1068849
2026-10-05,2021-11-12,1072801
2026-10-05,2021-11-15,1083744
2026-10-05,2021-11-16,1103179
2026-10-05,2021-11-17,1111911
2026-10-05,2021-11-18,1123855
2026-10-05,2021-11-19,1134564
2026-10-05,2021-11-23,1149859
2026-10-05,2021-11-24,1169020
2026-10-05,2021-11-25,1180723
2026-10-05,2021-11-26,1186420
2026-10-05,2021-11-29,1206803
2026-10-05,2021-11-30,1219534
2026-10-05,2021-12-01,1229908
2026-10-05,2021-12-02,1231977
2026-10-05,2021-12-03,1231754
2026-10-05,2021-12-06,1225949
2026-10-05,2021-12-07,1233921
2026-10-05,2021-12-09,1201497
2026-10-05,2021-12-10,1197750
2026-10-05,2021-12-13,1146048
2026-10-05,2021-12-14,1153042
2026-10-05,2021-12-15,1129873
2026-10-05,2021-12-16,1134105
2026-10-05,2021-12-17,1139796
2026-10-05,2021-12-20,1146626
2026-10-05,2021-12-21,1171168
2026-10-05,2021-12-22,1181776
2026-10-05,2021-12-23,1193893
2026-10-05,2021-12-27,1210563
2026-10-05,2021-12-28,1248025
2026-10-05,2021-12-29,1257483
2026-10-05,2021-12-30,1263085
2026-10-05,2022-01-03,1247015
2026-10-05,2022-01-04,1255107
2026-10-05,2022-01-05,1229504
2026-10-05,2022-01-06,1222159
2026-10-05,2022-01-07,1210583
2026-10-05,2022-01-10,1161674
2026-10-05,2022-01-11,1167340
2026-10-05,2022-01-12,1146870
2026-10-05,2022-01-13,1145123
2026-10-05,2022-01-14,1149306
2026-10-05,2022-01-17,1156623
2026-10-05,2022-01-18,1170131
2026-10-05,2022-01-19,1181235
2026-10-05,2022-01-20,1192249
2026-10-05,2022-01-21,1204400
2026-10-05,2022-01-24,1217896
2026-10-05,2022-01-25,1241924
2026-10-05,2022-01-26,1251752
2026-10-05,2022-01-27,1266905
2026-10-05,2022-01-28,1275479
2026-10-05,2022-01-31,1273507
2026-10-05,2022-02-01,1275473
2026-10-05,2022-02-02,1258101
2026-10-05,2022-02-03,1221742
2026-10-05,2022-02-04,1231585
2026-10-05,2022-02-07,1189607
2026-10-05,2022-02-08,1174289
2026-10-05,2022-02-09,1149980
2026-10-05,2022-02-10,1154676
2026-10-05,2022-02-11,1161215
2026-10-05,2022-02-14,1169222
2026-10-05,2022-02-15,1185277
2026-10-05,2022-02-16,1193474
2026-10-05,2022-02-17,1204658
2026-10-05,2022-02-18,1216698
2026-10-05,2022-02-21,1227197
2026-10-05,2022-02-22,1249021
2026-10-05,2022-02-23,1259071
2026-10-05,2022-02-24,1271336
2026-10-05,2022-02-25,1276510
2026-10-05,2022-03-02,1305285
2026-10-05,2022-03-03,1327868
2026-10-05,2022-03-04,1312700
2026-10-05,2022-03-07,1305483
2026-10-05,2022-03-08,1313803
2026-10-05,2022-03-09,1279598
2026-10-05,2022-03-10,1273110
2026-10-05,2022-03-11,1272033
2026-10-05,2022-03-14,1205622
2026-10-05,2022-03-15,1212960
2026-10-05,2022-03-16,1212227
2026-10-05,2022-03-17,1206379
2026-10-05,2022-03-18,1212869
2026-10-05,2022-03-21,1226532
2026-10-05,2022-03-22,1251938
2026-10-05,2022-03-23,1263021
2026-10-05,2022-03-25,1276924
2026-10-05,2022-03-28,1303915
2026-10-05,2022-03-29,1333425
2026-10-05,2022-03-30,1343440
2026-10-05,2022-03-31,1341559
2026-10-05,2022-04-01,1349490
2026-10-05,2022-04-04,1343624
2026-10-05,2022-04-05,1339379
2026-10-05,2022-04-06,1314670
2026-10-05,2022-04-07,1309312
2026-10-05,2022-04-08,1297521
2026-10-05,2022-04-11,1245178
2026-10-05,2022-04-12,1267809
2026-10-05,2022-04-13,1251518
2026-10-05,2022-04-18,1254172
2026-10-05,2022-04-19,1286341
2026-10-05,2022-04-20,1294845
2026-10-05,2022-04-21,1309028
2026-10-05,2022-04-22,1323366
2026-10-05,2022-04-25,1345378
2026-10-05,2022-04-26,1374541
2026-10-05,2022-04-27,1387048
2026-10-05,2022-04-28,1404993
2026-10-05,2022-04-29,1395903
2026-10-05,2022-05-02,1399339
2026-10-05,2022-05-03,1414897
2026-10-05,2022-05-04,1358293
2026-10-05,2022-05-05,1337880
2026-10-05,2022-05-06,1333950
2026-10-05,2022-05-09,1287510
2026-10-05,2022-05-10,1300651
2026-10-05,2022-05-11,1281474
2026-10-05,2022-05-12,1286670
2026-10-05,2022-05-13,1296801
2026-10-05,2022-05-16,1303589
2026-10-05,2022-05-17,1327998
2026-10-05,2022-05-19,1342513
2026-10-05,2022-05-20,1361759
2026-10-05,2022-05-23,1383396
2026-10-05,2022-05-24,1414428
2026-10-05,2022-05-26,1435193
2026-10-05,2022-05-27,1459233
2026-10-05,2022-05-30,1476072
2026-10-05,2022-05-31,1482656
2026-10-05,2022-06-01,1469877
2026-10-05,2022-06-02,1474119
2026-10-05,2022-06-03,1426686
2026-10-05,2022-06-06,1387135
2026-10-05,2022-06-07,1396472
2026-10-05,2022-06-08,1371030
2026-10-05,2022-06-09,1365992
2026-10-05,2022-06-10,1372654
2026-10-05,2022-06-13,1391379
2026-10-05,2022-06-14,1413170
2026-10-05,2022-06-15,1425723
2026-10-05,2022-06-16,1440433
2026-10-05,2022-06-21,1461995
2026-10-05,2022-06-22,1509186
2026-10-05,2022-06-23,1526331
2026-10-05,2022-06-24,1542102
2026-10-05,2022-06-27,1565286
2026-10-05,2022-06-28,1596827
2026-10-05,2022-06-29,1607045
2026-10-05,2022-06-30,1607529
2026-10-05,2022-07-01,1609506
2026-10-05,2022-07-04,1592174
2026-10-05,2022-07-05,1605326
2026-10-05,2022-07-06,1538529
2026-10-05,2022-07-07,1524977
2026-10-05,2022-07-08,1508794
2026-10-05,2022-07-11,1443360
2026-10-05,2022-07-12,1461823
2026-10-05,2022-07-13,1436806
2026-10-05,2022-07-14,1431743
2026-10-05,2022-07-15,1445782
2026-10-05,2022-07-18,1461520
2026-10-05,2022-07-19,1495532
2026-10-05,2022-07-20,1510378
2026-10-05,2022-07-21,1529383
2026-10-05,2022-07-22,1541877
2026-10-05,2022-07-25,1571095
2026-10-05,2022-07-26,1612885
2026-10-05,2022-07-27,1627018
2026-10-05,2022-07-28,1648516
2026-10-05,2022-07-29,1650578
2026-10-05,2022-08-01,1647881
2026-10-05,2022-08-02,1654079
2026-10-05,2022-08-03,1581992
2026-10-05,2022-08-04,1594403
2026-10-05,2022-08-05,1575680
2026-10-05,2022-08-08,1533909
2026-10-05,2022-08-09,1515077
2026-10-05,2022-08-10,1484908
2026-10-05,2022-08-11,1493498
2026-10-05,2022-08-12,1503332
2026-10-05,2022-08-16,1519766
2026-10-05,2022-08-17,1554936
2026-10-05,2022-08-18,1571641
2026-10-05,2022-08-19,1589552
2026-10-05,2022-08-22,1609130
2026-10-05,2022-08-23,1641600
2026-10-05,2022-08-24,1650016
2026-10-05,2022-08-25,1671289
2026-10-05,2022-08-26,1687565
2026-10-05,2022-08-29,1702260
2026-10-05,2022-08-30,1755233
2026-10-05,2022-08-31,1724124
2026-10-05,2022-09-01,1755572
2026-10-05,2022-09-05,1766624
2026-10-05,2022-09-06,1763291
2026-10-05,2022-09-07,1716887
2026-10-05,2022-09-08,1689420
2026-10-05,2022-09-09,1664540
2026-10-05,2022-09-12,1590171
2026-10-05,2022-09-13,1604874
2026-10-05,2022-09-14,1574312
2026-10-05,2022-09-15,1582147
2026-10-05,2022-09-16,1592553
2026-10-05,2022-09-19,1610602
2026-10-05,2022-09-20,1643764
2026-10-05,2022-09-21,1656496
2026-10-05,2022-09-22,1676121
2026-10-05,2022-09-23,1692449
2026-10-05,2022-09-26,1721724
2026-10-05,2022-09-27,1760607
2026-10-05,2022-09-28,1780123
2026-10-05,2022-09-29,1801843
2026-10-05,2022-09-30,1798360
2026-10-05,2022-10-03,1792155
2026-10-05,2022-10-04,1810067
2026-10-05,2022-10-05,1742467
2026-10-05,2022-10-06,1721499
2026-10-05,2022-10-11,1669844
2026-10-05,2022-10-12,1674450
2026-10-05,2022-10-13,1622990
2026-10-05,2022-10-14,1622898
2026-10-05,2022-10-17,1632558
2026-10-05,2022-10-18,1679181
2026-10-05,2022-10-19,1697831
2026-10-05,2022-10-20,1724909
2026-10-05,2022-10-21,1741832
2026-10-05,2022-10-24,1773397
2026-10-05,2022-10-25,1819828
2026-10-05,2022-10-26,1837563
2026-10-05,2022-10-27,1867948
2026-10-05,2022-10-28,1881829
2026-10-05,2022-10-31,1878195
2026-10-05,2022-11-01,1898349
2026-10-05,2022-11-02,1880699
2026-10-05,2022-11-03,1819774
2026-10-05,2022-11-04,1847526
2026-10-05,2022-11-07,1778305
2026-10-05,2022-11-08,1757214
2026-10-05,2022-11-09,1719295
2026-10-05,2022-11-10,1727470
2026-10-05,2022-11-11,1738525
2026-10-05,2022-11-14,1755294
2026-10-05,2022-11-15,1791626
2026-10-05,2022-11-16,1810638
2026-10-05,2022-11-17,1831171
2026-10-05,2022-11-18,1852696
2026-10-05,2022-11-22,1876114
2026-10-05,2022-11-23,1920663
2026-10-05,2022-11-24,1945822
2026-10-05,2022-11-25,1966755
2026-10-05,2022-11-28,2011793
2026-10-05,2022-11-29,2058912
2026-10-05,2022-11-30,2033669
2026-10-05,2022-12-01,2089944
2026-10-05,2022-12-02,2078348
2026-10-05,2022-12-05,2028574
2026-10-05,2022-12-06,2029541
2026-10-05,2022-12-07,1983320
2026-10-05,2022-12-12,1932259
2026-10-05,2022-12-13,1976909
2026-10-05,2022-12-14,1880228
2026-10-05,2022-12-15,1856519
2026-10-05,2022-12-16,1862655
2026-10-05,2022-12-19,1865221
2026-10-05,2022-12-20,1917563
2026-10-05,2022-12-21,1941566
2026-10-05,2022-12-22,1977052
2026-10-05,2022-12-23,1999742
2026-10-05,2022-12-26,2051822
2026-10-05,2022-12-27,2108604
2026-10-05,2022-12-28,2135164
2026-10-05,2022-12-29,2157555
2026-10-05,2022-12-30,2154507
2026-10-05,2023-01-02,2154326
2026-10-05,2023-01-03,2171767
2026-10-05,2023-01-04,2106702
2026-10-05,2023-01-05,2087260
2026-10-05,2023-01-06,2057546
2026-10-05,2023-01-09,1949861
2026-10-05,2023-01-10,1980333
2026-10-05,2023-01-11,1947136
2026-10-05,2023-01-12,1945819
2026-10-05,2023-01-13,1957602
2026-10-05,2023-01-16,1979034
2026-10-05,2023-01-17,2010800
2026-10-05,2023-01-18,2033415
2026-10-05,2023-01-19,2062198
2026-10-05,2023-01-20,2082848
2026-10-05,2023-01-23,2114776
2026-10-05,2023-01-24,2158809
2026-10-05,2023-01-25,2189336
2026-10-05,2023-01-26,2217487
2026-10-05,2023-01-27,2241403
2026-10-05,2023-01-30,2264170
2026-10-05,2023-01-31,2261697
2026-10-05,2023-02-01,2235114
2026-10-05,2023-02-02,2220229
2026-10-05,2023-02-03,2177190
2026-10-05,2023-02-06,2073511
2026-10-05,2023-02-07,2002778
2026-10-05,2023-02-08,1980750
2026-10-05,2023-02-09,1979997
2026-10-05,2023-02-10,1992562
2026-10-05,2023-02-13,2012088
2026-10-05,2023-02-14,2054548
2026-10-05,2023-02-15,2070008
2026-10-05,2023-02-16,2095913
2026-10-05,2023-02-17,2124105
2026-10-05,2023-02-22,2140986
2026-10-05,2023-02-23,2217988
2026-10-05,2023-02-24,2242370
2026-10-05,2023-02-27,2296073
2026-10-05,2023-02-28,2312074
2026-10-05,2023-03-01,2348540
2026-10-05,2023-03-02,2361464
2026-10-05,2023-03-03,2347528
2026-10-05,2023-03-06,2321084
2026-10-05,2023-03-07,2346530
2026-10-05,2023-03-08,2258641
2026-10-05,2023-03-09,2240456
2026-10-05,2023-03-10,2152920
2026-10-05,2023-03-13,2082884
2026-10-05,2023-03-14,2137016
2026-10-05,2023-03-15,2095219
2026-10-05,2023-03-16,2098897
2026-10-05,2023-03-17,2112147
2026-10-05,2023-03-20,2142274
2026-10-05,2023-03-21,2200526
2026-10-05,2023-03-22,2219803
2026-10-05,2023-03-23,2254079
2026-10-05,2023-03-27,2292140
2026-10-05,2023-03-28,2376314
2026-10-05,2023-03-29,2410626
2026-10-05,2023-03-30,2444390
2026-10-05,2023-03-31,2433510
2026-10-05,2023-04-03,2434065
2026-10-05,2023-04-04,2442504
2026-10-05,2023-04-05,2377034
2026-10-05,2023-04-10,2268004
2026-10-05,2023-04-11,2222970
2026-10-05,2023-04-12,2206400
2026-10-05,2023-04-13,2194115
2026-10-05,2023-04-14,2182706
2026-10-05,2023-04-17,2212952
2026-10-05,2023-04-18,2269408
2026-10-05,2023-04-19,2295932
2026-10-05,2023-04-20,2339911
2026-10-05,2023-04-21,2376451
2026-10-05,2023-04-24,2438011
2026-10-05,2023-04-25,2517527
2026-10-05,2023-04-26,2550882
2026-10-05,2023-04-27,2602624
2026-10-05,2023-04-28,2603094
2026-10-05,2023-05-02,2590775
2026-10-05,2023-05-03,2568496
2026-10-05,2023-05-04,2557002
2026-10-05,2023-05-05,2507051
2026-10-05,2023-05-08,2365002
2026-10-05,2023-05-09,2398094
2026-10-05,2023-05-10,2357717
2026-10-05,2023-05-11,2382158
2026-10-05,2023-05-12,2423434
2026-10-05,2023-05-15,2467021
2026-10-05,2023-05-16,2537263
2026-10-05,2023-05-17,2564286
2026-10-05,2023-05-18,2587967
2026-10-05,2023-05-19,2620179
2026-10-05,2023-05-22,2651947
2026-10-05,2023-05-23,2708267
2026-10-05,2023-05-24,2748244
2026-10-05,2023-05-29,2794224
2026-10-05,2023-05-30,2893846
2026-10-05,2023-05-31,2880304
2026-10-05,2023-06-01,2938151
2026-10-05,2023-06-02,2955397
2026-10-05,2023-06-05,2855610
2026-10-05,2023-06-06,2812840
2026-10-05,2023-06-07,2788501
2026-10-05,2023-06-08,2793529
2026-10-05,2023-06-09,2668353
2026-10-05,2023-06-12,2601816
2026-10-05,2023-06-13,2658805
2026-10-05,2023-06-14,2614846
2026-10-05,2023-06-15,2635297
2026-10-05,2023-06-16,2671967
2026-10-05,2023-06-21,2686018
2026-10-05,2023-06-22,2815461
2026-10-05,2023-06-23,2875586
2026-10-05,2023-06-26,2933325
2026-10-05,2023-06-27,3019100
2026-10-05,2023-06-28,3053012
2026-10-05,2023-06-29,3071922
2026-10-05,2023-06-30,3050088
2026-10-05,2023-07-03,2958115
2026-10-05,2023-07-04,2993760
2026-10-05,2023-07-05,2909565
2026-10-05,2023-07-06,2794723
2026-10-05,2023-07-07,2791600
2026-10-05,2023-07-10,2688515
2026-10-05,2023-07-11,2752375
2026-10-05,2023-07-12,2703467
2026-10-05,2023-07-13,2705069
2026-10-05,2023-07-14,2732586
2026-10-05,2023-07-17,2764227
2026-10-05,2023-07-18,2847397
2026-10-05,2023-07-19,2888353
2026-10-05,2023-07-20,2931153
2026-10-05,2023-07-21,2975612
2026-10-05,2023-07-24,2986940
2026-10-05,2023-07-25,3143436
2026-10-05,2023-07-26,3184375
2026-10-05,2023-07-27,3245494
2026-10-05,2023-07-28,3282028
2026-10-05,2023-07-31,3298728
2026-10-05,2023-08-01,3316293
2026-10-05,2023-08-02,3253363
2026-10-05,2023-08-03,3200160
2026-10-05,2023-08-04,3116570
2026-10-05,2023-08-07,2904464
2026-10-05,2023-08-08,2944647
2026-10-05,2023-08-09,2900669
2026-10-05,2023-08-10,2909894
2026-10-05,2023-08-11,2937456
2026-10-05,2023-08-14,2991498
2026-10-05,2023-08-15,3090491
2026-10-05,2023-08-16,3127358
2026-10-05,2023-08-17,3171959
2026-10-05,2023-08-18,3204268
2026-10-05,2023-08-22,3263684
2026-10-05,2023-08-23,3372255
2026-10-05,2023-08-24,3429872
2026-10-05,2023-08-25,3473428
2026-10-05,2023-08-28,3554326
2026-10-05,2023-08-29,3658875
2026-10-05,2023-08-30,3691184
2026-10-05,2023-08-31,3700751
2026-10-05,2023-09-01,3749704
2026-10-05,2023-09-04,3667906
2026-10-05,2023-09-05,3652971
2026-10-05,2023-09-06,3556678
2026-10-05,2023-09-07,3417928
2026-10-05,2023-09-08,3350861
2026-10-05,2023-09-11,3231303
2026-10-05,2023-09-12,3252746
2026-10-05,2023-09-13,3219346
2026-10-05,2023-09-14,3231157
2026-10-05,2023-09-15,3262251
2026-10-05,2023-09-18,3296658
2026-10-05,2023-09-19,3402075
2026-10-05,2023-09-20,3449145
2026-10-05,2023-09-21,3503348
2026-10-05,2023-09-22,3549625
2026-10-05,2023-09-25,3634260
2026-10-05,2023-09-26,3737765
2026-10-05,2023-09-27,3760622
2026-10-05,2023-09-28,3839873
2026-10-05,2023-09-29,3845836
2026-10-05,2023-10-02,3803905
2026-10-05,2023-10-03,3890087
2026-10-05,2023-10-04,3763604
2026-10-05,2023-10-05,3714757
2026-10-05,2023-10-06,3636590
2026-10-05,2023-10-09,3430096
2026-10-05,2023-10-10,3528583
2026-10-05,2023-10-11,3487762
2026-10-05,2023-10-12,3534584
2026-10-05,2023-10-17,3592192
2026-10-05,2023-10-18,3812139
2026-10-05,2023-10-19,3918691
2026-10-05,2023-10-20,3986424
2026-10-05,2023-10-23,4108849
2026-10-05,2023-10-24,4300163
2026-10-05,2023-10-25,4349542
2026-10-05,2023-10-26,4437011
2026-10-05,2023-10-27,4498232
2026-10-05,2023-10-30,4547563
2026-10-05,2023-10-31,4656934
2026-10-05,2023-11-01,4513918
2026-10-05,2023-11-02,4413392
2026-10-05,2023-11-03,4381027
2026-10-05,2023-11-07,3984756
2026-10-05,2023-11-08,4060303
2026-10-05,2023-11-09,4021822
2026-10-05,2023-11-10,4048404
2026-10-05,2023-11-13,4131399
2026-10-05,2023-11-14,4244344
2026-10-05,2023-11-15,4259460
2026-10-05,2023-11-16,4250733
2026-10-05,2023-11-17,4343725
2026-10-05,2023-11-21,4350408
2026-10-05,2023-11-22,4552160
2026-10-05,2023-11-23,4639931
2026-10-05,2023-11-24,4699839
2026-10-05,2023-11-27,4834175
2026-10-05,2023-11-28,4962441
2026-10-05,2023-11-29,4995709
2026-10-05,2023-11-30,5084016
2026-10-05,2023-12-01,5050729
2026-10-05,2023-12-04,4960766
2026-10-05,2023-12-05,4910267
2026-10-05,2023-12-06,4794328
2026-10-05,2023-12-07,4752557
2026-10-05,2023-12-11,4560956
2026-10-05,2023-12-12,4633836
2026-10-05,2023-12-13,4460970
2026-10-05,2023-12-14,4440129
2026-10-05,2023-12-15,4462988
2026-10-05,2023-12-18,4501832
2026-10-05,2023-12-19,4700643
2026-10-05,2023-12-20,4733002
2026-10-05,2023-12-21,4816256
2026-10-05,2023-12-22,4902912
2026-10-05,2023-12-26,5096321
2026-10-05,2023-12-27,5301224
2026-10-05,2023-12-28,5368960
2026-10-05,2023-12-29,5383921
2026-10-05,2024-01-02,5270532
2026-10-05,2024-01-03,5393696
2026-10-05,2024-01-04,5202617
2026-10-05,2024-01-05,5068071
2026-10-05,2024-01-08,4817219
2026-10-05,2024-01-09,4722022
2026-10-05,2024-01-10,4598115
2026-10-05,2024-01-11,4594995
2026-10-05,2024-01-12,4660157
2026-10-05,2024-01-15,4762596
2026-10-05,2024-01-16,4907676
2026-10-05,2024-01-17,4959959
2026-10-05,2024-01-18,5031564
2026-10-05,2024-01-19,5105624
2026-10-05,2024-01-22,5279802
2026-10-05,2024-01-23,5331202
2026-10-05,2024-01-24,5382550
2026-10-05,2024-01-25,5457728
2026-10-05,2024-01-26,5536195
2026-10-05,2024-01-29,5709110
2026-10-05,2024-01-30,5893382
2026-10-05,2024-01-31,5915626
2026-10-05,2024-02-01,6000123
2026-10-05,2024-02-02,6074403
2026-10-05,2024-02-05,5859586
2026-10-05,2024-02-06,5861181
2026-10-05,2024-02-07,5686263
2026-10-05,2024-02-08,5632883
2026-10-05,2024-02-09,5462187
2026-10-05,2024-02-14,5162454
2026-10-05,2024-02-15,5232554
2026-10-05,2024-02-16,5219647
2026-10-05,2024-02-19,5320277
2026-10-05,2024-02-20,5473591
2026-10-05,2024-02-21,5536163
2026-10-05,2024-02-22,5617784
2026-10-05,2024-02-23,5684080
2026-10-05,2024-02-26,5846864
2026-10-05,2024-02-27,6073713
2026-10-05,2024-02-28,6172763
2026-10-05,2024-02-29,6175458
2026-10-05,2024-03-01,6243379
2026-10-05,2024-03-04,6098422
2026-10-05,2024-03-05,6094608
2026-10-05,2024-03-06,5964178
2026-10-05,2024-03-07,5889642
2026-10-05,2024-03-08,5784982
2026-10-05,2024-03-11,5336046
2026-10-05,2024-03-12,5530380
2026-10-05,2024-03-13,5441488
2026-10-05,2024-03-14,5420662
2026-10-05,2024-03-15,5548173
2026-10-05,2024-03-18,5516654
2026-10-05,2024-03-19,5773662
2026-10-05,2024-03-20,5852195
2026-10-05,2024-03-21,5970524
2026-10-05,2024-03-22,6052981
2026-10-05,2024-03-25,6208027
2026-10-05,2024-03-26,6450317
2026-10-05,2024-03-27,6488057
2026-10-05,2024-04-03,6492261
2026-10-05,2024-04-04,6656411
2026-10-05,2024-04-05,6278823
2026-10-05,2024-04-08,6140695
2026-10-05,2024-04-09,5961929
2026-10-05,2024-04-10,5861589
2026-10-05,2024-04-11,5692642
2026-10-05,2024-04-12,5734206
2026-10-05,2024-04-15,5834654
2026-10-05,2024-04-16,6026543
2026-10-05,2024-04-17,6084477
2026-10-05,2024-04-18,6179920
2026-10-05,2024-04-19,6280732
2026-10-05,2024-04-22,6384136
2026-10-05,2024-04-23,6580031
2026-10-05,2024-04-24,6679705
2026-10-05,2024-04-25,6774758
2026-10-05,2024-04-26,6874907
2026-10-05,2024-04-29,7063239
2026-10-05,2024-04-30,7183715
2026-10-05,2024-05-02,7357994
2026-10-05,2024-05-03,7438301
2026-10-05,2024-05-06,7287919
2026-10-05,2024-05-07,7253238
2026-10-05,2024-05-08,7021738
2026-10-05,2024-05-09,6860676
2026-10-05,2024-05-10,6682294
2026-10-05,2024-05-13,6218078
2026-10-05,2024-05-14,6399493
2026-10-05,2024-05-15,6338777
2026-10-05,2024-05-16,6353095
2026-10-05,2024-05-17,6555657
2026-10-05,2024-05-20,6719870
2026-10-05,2024-05-21,6963981
2026-10-05,2024-05-22,7047314
2026-10-05,2024-05-23,7139847
2026-10-05,2024-05-24,7236716
2026-10-05,2024-05-27,7414191
2026-10-05,2024-05-28,7684541
2026-10-05,2024-05-29,7767652
2026-10-05,2024-05-30,7874410
2026-10-05,2024-05-31,7805160
2026-10-05,2024-06-03,7754208
2026-10-05,2024-06-04,7943740
2026-10-05,2024-06-05,7679934
2026-10-05,2024-06-06,7469699
2026-10-05,2024-06-07,7344958
2026-10-05,2024-06-10,6797051
2026-10-05,2024-06-11,7013922
2026-10-05,2024-06-12,6907379
2026-10-05,2024-06-13,6935100
2026-10-05,2024-06-14,6982325
2026-10-05,2024-06-18,7176628
2026-10-05,2024-06-19,7569667
2026-10-05,2024-06-24,7740385
2026-10-05,2024-06-25,8102044
2026-10-05,2024-06-26,8356510
2026-10-05,2024-06-27,8486899
2026-10-05,2024-06-28,8499940
2026-10-05,2024-07-01,8367526
2026-10-05,2024-07-02,8506068
2026-10-05,2024-07-03,8173236
2026-10-05,2024-07-04,8054972
2026-10-05,2024-07-05,7914430
2026-10-05,2024-07-08,7616981
2026-10-05,2024-07-10,7555759
2026-10-05,2024-07-11,7499035
2026-10-05,2024-07-12,7552928
2026-10-05,2024-07-15,7755977
2026-10-05,2024-07-16,7985666
2026-10-05,2024-07-17,8110031
2026-10-05,2024-07-18,8252700
2026-10-05,2024-07-19,8405428
2026-10-05,2024-07-22,8625216
2026-10-05,2024-07-23,8887121
2026-10-05,2024-07-24,9006014
2026-10-05,2024-07-25,9158715
2026-10-05,2024-07-26,9328640
2026-10-05,2024-07-29,9421299
2026-10-05,2024-07-30,9921398
2026-10-05,2024-07-31,9828754
2026-10-05,2024-08-01,10033174
2026-10-05,2024-08-02,10087813
2026-10-05,2024-08-05,9756300
2026-10-05,2024-08-06,9910353
2026-10-05,2024-08-07,9682411
2026-10-05,2024-08-08,9467244
2026-10-05,2024-08-09,9314833
2026-10-05,2024-08-12,8944135
2026-10-05,2024-08-13,8916635
2026-10-05,2024-08-14,8851291
2026-10-05,2024-08-15,8876632
2026-10-05,2024-08-16,8974717
2026-10-05,2024-08-19,9139561
2026-10-05,2024-08-20,9437877
2026-10-05,2024-08-21,9650762
2026-10-05,2024-08-22,9766854
2026-10-05,2024-08-23,9918719
2026-10-05,2024-08-26,10116543
2026-10-05,2024-08-27,10430453
2026-10-05,2024-08-28,10586696
2026-10-05,2024-08-29,10804943
2026-10-05,2024-08-30,10667532
2026-10-05,2024-09-02,10610342
2026-10-05,2024-09-03,10789308
2026-10-05,2024-09-04,10537949
2026-10-05,2024-09-05,10288738
2026-10-05,2024-09-06,10128138
2026-10-05,2024-09-09,9459784
2026-10-05,2024-09-10,9674459
2026-10-05,2024-09-11,9540415
2026-10-05,2024-09-12,9503268
2026-10-05,2024-09-13,9652050
2026-10-05,2024-09-16,9845298
2026-10-05,2024-09-17,10136605
2026-10-05,2024-09-18,10294210
2026-10-05,2024-09-19,10479117
2026-10-05,2024-09-20,10624010
2026-10-05,2024-09-23,10885264
2026-10-05,2024-09-24,11260702
2026-10-05,2024-09-25,11380131
2026-10-05,2024-09-26,11624817
2026-10-05,2024-09-27,11733557
2026-10-05,2024-09-30,11828922
2026-10-05,2024-10-01,11987348
2026-10-05,2024-10-02,11942778
2026-10-05,2024-10-03,11414709
2026-10-05,2024-10-04,11172077
2026-10-05,2024-10-07,11049878
2026-10-05,2024-10-08,10649172
2026-10-05,2024-10-09,10426127
2026-10-05,2024-10-10,10486802
2026-10-05,2024-10-14,10676739
2026-10-05,2024-10-15,11010719
2026-10-05,2024-10-16,11205477
2026-10-05,2024-10-17,11338063
2026-10-05,2024-10-18,11487854
2026-10-05,2024-10-21,11735150
2026-10-05,2024-10-22,12060880
2026-10-05,2024-10-23,12252822
2026-10-05,2024-10-24,12408851
2026-10-05,2024-10-25,12571259
2026-10-05,2024-10-28,12776413
2026-10-05,2024-10-29,13232241
2026-10-05,2024-10-30,13394563
2026-10-05,2024-10-31,13322523
2026-10-05,2024-11-01,13668287
2026-10-05,2024-11-04,13247808
2026-10-05,2024-11-05,13223378
2026-10-05,2024-11-07,13113380
2026-10-05,2024-11-08,12841267
2026-10-05,2024-11-11,12220370
2026-10-05,2024-11-12,12278521
2026-10-05,2024-11-13,12279586
2026-10-05,2024-11-14,12304791
2026-10-05,2024-11-15,12368039
2026-10-05,2024-11-19,12502977
2026-10-05,2024-11-20,12875156
2026-10-05,2024-11-21,13121501
2026-10-05,2024-11-22,13317415
2026-10-05,2024-11-25,13547787
2026-10-05,2024-11-26,13943679
2026-10-05,2024-11-27,14104724
2026-10-05,2024-11-28,14248329
2026-10-05,2024-11-29,14215952
2026-10-05,2024-12-02,13995650
2026-10-05,2024-12-03,14255155
2026-10-05,2024-12-04,14102842
2026-10-05,2024-12-05,13934253
2026-10-05,2024-12-06,13840551
2026-10-05,2024-12-09,12965874
2026-10-05,2024-12-10,13153618
2026-10-05,2024-12-11,13005668
2026-10-05,2024-12-12,13014822
2026-10-05,2024-12-13,13136514
2026-10-05,2024-12-16,13309384
2026-10-05,2024-12-17,13671650
2026-10-05,2024-12-18,13861825
2026-10-05,2024-12-19,14060048
2026-10-05,2024-12-20,14226233
2026-10-05,2024-12-23,14474221
2026-10-05,2024-12-26,15113951
2026-10-05,2024-12-27,15541401
2026-10-05,2024-12-30,15685155
2026-10-05,2025-01-02,15509852
2026-10-05,2025-01-03,15223795
2026-10-05,2025-01-06,14745599
2026-10-05,2025-01-07,13978739
2026-10-05,2025-01-08,13909547
2026-10-05,2025-01-09,13794178
2026-10-05,2025-01-10,13798275
2026-10-05,2025-01-13,13936404
2026-10-05,2025-01-14,14269817
2026-10-05,2025-01-15,14386491
2026-10-05,2025-01-16,14528987
2026-10-05,2025-01-17,14620484
2026-10-05,2025-01-20,14839957
2026-10-05,2025-01-21,15196270
2026-10-05,2025-01-22,15319986
2026-10-05,2025-01-23,15487949
2026-10-05,2025-01-24,15636089
2026-10-05,2025-01-27,15939917
2026-10-05,2025-01-28,16355960
2026-10-05,2025-01-29,16510582
2026-10-05,2025-01-30,16693287
2026-10-05,2025-01-31,16259791
2026-10-05,2025-02-03,16396150
2026-10-05,2025-02-04,16485534
2026-10-05,2025-02-05,16052393
2026-10-05,2025-02-06,15707603
2026-10-05,2025-02-07,15423750
2026-10-05,2025-02-10,14539758
2026-10-05,2025-02-11,14733168
2026-10-05,2025-02-12,14552268
2026-10-05,2025-02-13,14577733
2026-10-05,2025-02-14,14589289
2026-10-05,2025-02-17,14797878
2026-10-05,2025-02-18,15165856
2026-10-05,2025-02-19,15306949
2026-10-05,2025-02-20,15491964
2026-10-05,2025-02-21,15693599
2026-10-05,2025-02-24,15915713
2026-10-05,2025-02-25,16234088
2026-10-05,2025-02-26,16406848
2026-10-05,2025-02-27,16780609
2026-10-05,2025-02-28,16590333
2026-10-05,2025-03-05,16521153
2026-10-05,2025-03-06,16668503
2026-10-05,2025-03-07,16092042
2026-10-05,2025-03-10,15207181
2026-10-05,2025-03-11,15307265
2026-10-05,2025-03-12,14993798
2026-10-05,2025-03-13,15025979
2026-10-05,2025-03-14,15121112
2026-10-05,2025-03-17,15220022
2026-10-05,2025-03-18,15550475
2026-10-05,2025-03-19,15773078
2026-10-05,2025-03-20,16000059
2026-10-05,2025-03-21,16164337
2026-10-05,2025-03-25,16243926
2026-10-05,2025-03-26,16922697
2026-10-05,2025-03-27,17304348
2026-10-05,2025-03-28,17479845
2026-10-05,2025-03-31,17438094
2026-10-05,2025-04-01,17519731
2026-10-05,2025-04-03,17255120
2026-10-05,2025-04-04,16821878
2026-10-05,2025-04-07,16413195
2026-10-05,2025-04-08,16061904
2026-10-05,2025-04-09,15858136
2026-10-05,2025-04-10,15875816
2026-10-05,2025-04-11,15965673
2026-10-05,2025-04-14,16137977
2026-10-05,2025-04-15,16502634
2026-10-05,2025-04-16,16604001
2026-10-05,2025-04-21,16871966
2026-10-05,2025-04-22,17380917
2026-10-05,2025-04-23,17442482
2026-10-05,2025-04-24,17693381
2026-10-05,2025-04-25,17819817
2026-10-05,2025-04-28,18094073
2026-10-05,2025-04-29,18614740
2026-10-05,2025-04-30,18575377
2026-10-05,2025-05-05,18787772
2026-10-05,2025-05-06,18723596
2026-10-05,2025-05-07,18206083
2026-10-05,2025-05-08,17837978
2026-10-05,2025-05-09,17181963
2026-10-05,2025-05-12,16590622
2026-10-05,2025-05-13,16817140
2026-10-05,2025-05-14,16731706
2026-10-05,2025-05-15,16964079
2026-10-05,2025-05-16,17106990
2026-10-05,2025-05-19,17379496
2026-10-05,2025-05-20,17864486
2026-10-05,2025-05-21,17963456
2026-10-05,2025-05-22,18186106
2026-10-05,2025-05-23,18318694
2026-10-05,2025-05-26,18568095
2026-10-05,2025-05-27,19028105
2026-10-05,2025-05-28,19206401
2026-10-05,2025-05-29,19373347
2026-10-05,2025-05-30,19233139
2026-10-05,2025-06-02,18986605
2026-10-05,2025-06-03,19366007
2026-10-05,2025-06-04,18745582
2026-10-05,2025-06-05,18421788
2026-10-05,2025-06-06,17423352
2026-10-05,2025-06-09,17193490
2026-10-05,2025-06-10,17426804
2026-10-05,2025-06-11,16960749
2026-10-05,2025-06-12,16978392
2026-10-05,2025-06-13,17066753
2026-10-05,2025-06-17,17241921
2026-10-05,2025-06-18,17848631
2026-10-05,2025-06-19,18744239
2026-10-05,2025-06-23,18378315
2026-10-05,2025-06-24,18942516
2026-10-05,2025-06-25,19111664
2026-10-05,2025-06-26,19366399
2026-10-05,2025-06-27,19513642
2026-10-05,2025-06-30,20145039
2026-10-05,2025-07-01,19570190
2026-10-05,2025-07-02,19313416
2026-10-05,2025-07-03,18633776
2026-10-05,2025-07-04,18198876
2026-10-05,2025-07-07,17615129
2026-10-05,2025-07-08,17340119
2026-10-05,2025-07-10,17110986
2026-10-05,2025-07-11,17246815
2026-10-05,2025-07-14,17386059
2026-10-05,2025-07-15,17749123
2026-10-05,2025-07-16,17887307
2026-10-05,2025-07-17,18010146
2026-10-05,2025-07-18,18145409
2026-10-05,2025-07-21,18336373
2026-10-05,2025-07-22,18792789
2026-10-05,2025-07-23,18934022
2026-10-05,2025-07-24,19164119
2026-10-05,2025-07-25,19650233
2026-10-05,2025-07-28,20121840
2026-10-05,2025-07-29,20435039
2026-10-05,2025-07-30,20628104
2026-10-05,2025-07-31,20864080
2026-10-05,2025-08-01,20781547
2026-10-05,2025-08-04,20520770
2026-10-05,2025-08-05,20437994
2026-10-05,2025-08-06,19963097
2026-10-05,2025-08-07,19549217
2026-10-05,2025-08-08,18913956
2026-10-05,2025-08-11,18569362
2026-10-05,2025-08-12,19186167
2026-10-05,2025-08-13,19026514
2026-10-05,2025-08-14,19003035
2026-10-05,2025-08-18,19150936
2026-10-05,2025-08-19,19752471
2026-10-05,2025-08-20,19817310
2026-10-05,2025-08-21,20060305
2026-10-05,2025-08-22,20276566
2026-10-05,2025-08-25,20674501
2026-10-05,2025-08-26,20517289
2026-10-05,2025-08-27,20742552
2026-10-05,2025-08-28,20976836
2026-10-05,2025-08-29,21141554
2026-10-05,2025-09-01,20776772
2026-10-05,2025-09-02,20766252
2026-10-05,2025-09-03,20353168
2026-10-05,2025-09-04,19798663
2026-10-05,2025-09-05,19320768
2026-10-05,2025-09-08,18846298
2026-10-05,2025-09-09,18723821
2026-10-05,2025-09-10,18557173
2026-10-05,2025-09-11,18590818
2026-10-05,2025-09-12,18753646
2026-10-05,2025-09-15,18973820
2026-10-05,2025-09-16,19305663
2026-10-05,2025-09-17,19413088
2026-10-05,2025-09-18,19581331
2026-10-05,2025-09-19,19657272
2026-10-05,2025-09-22,19965233
2026-10-05,2025-09-23,20363857
2026-10-05,2025-09-24,20469927
2026-10-05,2025-09-25,20650039
2026-10-05,2025-09-26,20765102
2026-10-05,2025-09-29,21339103
2026-10-05,2025-09-30,21591541
2026-10-05,2025-10-01,21582007
2026-10-05,2025-10-02,21704999
2026-10-05,2025-10-03,21758715
2026-10-05,2025-10-06,21340990
2026-10-05,2025-10-07,21474561
2026-10-05,2025-10-08,20905242
2026-10-05,2025-10-09,20594753
2026-10-05,2025-10-13,19894011
2026-10-05,2025-10-14,20036442
2026-10-05,2025-10-15,19532931
2026-10-05,2025-10-16,19450626
2026-10-05,2025-10-17,19531860
2026-10-05,2025-10-20,19783107
2026-10-05,2025-10-21,20247684
2026-10-05,2025-10-22,20358623
2026-10-05,2025-10-23,20539209
2026-10-05,2025-10-24,20730209
2026-10-05,2025-10-27,21295605
2026-10-05,2025-10-28,21804352
2026-10-05,2025-10-29,21802623
2026-10-05,2025-10-30,22069785
2026-10-05,2025-10-31,22146102
2026-10-05,2025-11-03,21798274
2026-10-05,2025-11-04,21739580
2026-10-05,2025-11-05,20924396
2026-10-05,2025-11-07,19958307
2026-10-05,2025-11-10,20097833
2026-10-05,2025-11-11,20401858
2026-10-05,2025-11-12,20156201
2026-10-05,2025-11-13,20172875
2026-10-05,2025-11-14,20147255
2026-10-05,2025-11-17,20189636
2026-10-05,2025-11-18,20746207
2026-10-05,2025-11-19,20585974
2026-10-05,2025-11-20,20829265
2026-10-05,2025-11-25,21261953
2026-10-05,2025-11-26,22250964
2026-10-05,2025-11-27,22649047
2026-10-05,2025-11-28,22926907
2026-10-05,2025-12-01,22616141
2026-10-05,2025-12-02,22805762
2026-10-05,2025-12-03,22311635
2026-10-05,2025-12-04,21867498
2026-10-05,2025-12-05,21511759
2026-10-05,2025-12-09,20898197
2026-10-05,2025-12-10,21066234
2026-10-05,2025-12-11,20379372
2026-10-05,2025-12-12,20504932
2026-10-05,2025-12-15,20703464
2026-10-05,2025-12-16,21063327
2026-10-05,2025-12-17,21231660
2026-10-05,2025-12-18,21398807
2026-10-05,2025-12-19,21497048
2026-10-05,2025-12-22,21711934
2026-10-05,2025-12-23,22197224
2026-10-05,2025-12-26,22573949
2026-10-05,2025-12-29,23247247
2026-10-05,2025-12-30,23729254
2026-10-05,2026-01-02,23684320
2026-10-05,2026-01-05,23578647
2026-10-05,2026-01-06,23543527
2026-10-05,2026-01-07,22851200
2026-10-05,2026-01-08,21985719
2026-10-05,2026-01-09,21609150
2026-10-05,2026-01-12,20982293
2026-10-05,2026-01-13,21024957
2026-10-05,2026-01-14,20761464
2026-10-05,2026-01-15,20847561
2026-10-05,2026-01-16,20924734
2026-10-05,2026-01-19,21100771
2026-10-05,2026-01-20,21591954
2026-10-05,2026-01-21,21632841
2026-10-05,2026-01-22,21824306
2026-10-05,2026-01-23,21975544
2026-10-05,2026-01-26,22542269
2026-10-05,2026-01-27,23022310
2026-10-05,2026-01-28,23188401
2026-10-05,2026-01-29,23424296
2026-10-05,2026-01-30,23375264
2026-10-05,2026-02-02,23280845
2026-10-05,2026-02-03,23336843
2026-10-05,2026-02-04,22858048
2026-10-05,2026-02-05,22371907
2026-10-05,2026-02-06,21164976
2026-10-05,2026-02-09,20848069
2026-10-05,2026-02-10,21092237
2026-10-05,2026-02-11,20834543
2026-10-05,2026-02-12,20847464
2026-10-05,2026-02-13,20933868
2026-10-05,2026-02-18,21161362
2026-10-05,2026-02-19,21845007
2026-10-05,2026-02-20,22021218
2026-10-05,2026-02-23,22417854
2026-10-05,2026-02-24,22923958
2026-10-05,2026-02-25,23075018
2026-10-05,2026-02-26,23388510
2026-10-05,2026-02-27,23421719
2026-10-05,2026-03-02,22913489
2026-10-05,2026-03-03,23090885
2026-10-05,2026-03-04,22879801
2026-10-05,2026-03-05,21889579
2026-10-05,2026-03-06,21175087
2026-10-05,2026-03-09,20877478
2026-10-05,2026-03-10,21120802
2026-10-05,2026-03-11,20810419
2026-10-05,2026-03-12,20751158
2026-10-05,2026-03-13,20966151
2026-10-05,2026-03-16,21091010
2026-10-05,2026-03-17,21594655
2026-10-05,2026-03-18,21755118
2026-10-05,2026-03-19,21920039
2026-10-05,2026-03-20,22175430
2026-10-05,2026-03-25,22408290
2026-10-05,2026-03-26,23027483
2026-10-05,2026-03-27,23576048
2026-10-05,2026-03-30,23866151
2026-10-05,2026-03-31,24265345
2026-10-05,2026-04-01,23582142
2026-10-05,2026-04-06,22405201
2026-10-05,2026-04-07,22884733
2026-10-05,2026-04-08,22386389
2026-10-05,2026-04-09,21307873
2026-10-05,2026-04-10,21450064
2026-10-05,2026-04-13,21366194
2026-10-05,2026-04-14,21781015
2026-10-05,2026-04-15,21867888
2026-10-05,2026-04-16,22037553
2026-10-05,2026-04-17,22152942
2026-10-05,2026-04-20,22386936
2026-10-05,2026-04-21,22878202
2026-10-05,2026-04-22,23022844
2026-10-05,2026-04-23,23231570
2026-10-05,2026-04-24,23386692
2026-10-05,2026-04-27,23844998
2026-10-05,2026-04-28,24516584
2026-10-05,2026-04-29,24478705
2026-10-05,2026-04-30,24659540
2026-10-05,2026-05-04,24211392
2026-10-05,2026-05-05,24393265
2026-10-05,2026-05-06,23792862
2026-10-05,2026-05-07,23334256
2026-10-05,2026-05-08,21898735
2026-10-05,2026-05-11,21577291
2026-10-05,2026-05-12,21893296
2026-10-05,2026-05-13,21711922
2026-10-05,2026-05-14,21824977
2026-10-05,2026-05-15,21815310
2026-10-05,2026-05-18,22201840
2026-10-05,2026-05-19,22730498
2026-10-05,2026-05-20,22898223
2026-10-05,2026-05-21,23084490
2026-10-05,2026-05-22,23245440
2026-10-05,2026-05-26,23746605
2026-10-05,2026-05-27,24329697
2026-10-05,2026-05-28,24607067
2026-10-05,2026-05-29,24895751
2026-10-05,2026-06-01,24356184
2026-10-05,2026-06-02,24376952
2026-10-05,2026-06-03,23771242
2026-10-05,2026-06-04,23497991
2026-10-05,2026-06-05,22648536
2026-10-05,2026-06-08,21665934
2026-10-05,2026-06-09,21861241
2026-10-05,2026-06-10,21789043
2026-10-05,2026-06-11,21859501
2026-10-05,2026-06-12,21985466
2026-10-05,2026-06-16,22280062
2026-10-05,2026-06-17,22841885
2026-10-05,2026-06-18,23002033
2026-10-05,2026-06-19,23145268
2026-10-05,2026-06-22,23461770
2026-10-05,2026-06-23,23937244
2026-10-05,2026-06-24,24017672
2026-10-05,2026-06-25,24126928
2026-10-05,2026-06-26,24334645
2026-10-05,2026-06-29,24790827
2026-10-05,2026-06-30,26197953
2026-10-05,2026-07-01,25116324
2026-10-05,2026-07-02,25298840
2026-10-05,2026-07-03,24996377
2026-10-05,2026-07-06,24786619
2026-10-05,2026-07-07,24299190
2026-10-05,2026-07-08,24008358
2026-10-05,2026-07-13,22675633
2026-10-05,2026-07-14,22793498
2026-10-05,2026-07-15,22326741
2026-10-05,2026-07-16,22222003
2026-10-05,2026-07-17,22059096
2026-10-05,2026-07-20,22303849
2026-10-05,2026-07-21,22772646
2026-10-05,2026-07-22,22839984
2026-10-05,2026-07-23,23014580
2026-10-05,2026-07-24,23176747
2026-10-05,2026-07-27,23972851
2026-10-05,2026-07-28,24603213
2026-10-05,2026-07-29,24667353
2026-10-05,2026-07-30,24840007
2026-10-05,2026-07-31,25634680
2026-10-05,2026-08-03,24570537
2026-10-05,2026-08-04,24640026
2026-10-05,2026-08-05,24133004
2026-10-05,2026-08-06,23688358
2026-10-05,2026-08-07,22866567
2026-10-05,2026-08-10,22113299
2026-10-05,2026-08-11,22444151
2026-10-05,2026-08-12,22141124
2026-10-05,2026-08-13,22168083
2026-10-05,2026-08-14,22282882
2026-10-05,2026-08-18,22542638
2026-10-05,2026-08-19,23171776
2026-10-05,2026-08-20,23378220
2026-10-05,2026-08-21,23569826
2026-10-05,2026-08-24,23934100
2026-10-05,2026-08-25,24242497
2026-10-05,2026-08-26,24571838
2026-10-05,2026-08-27,24962229
2026-10-05,2026-08-28,25143280
2026-10-05,2026-08-31,26133786
2026-10-05,2026-09-01,25090477
2026-10-05,2026-09-02,24744996
2026-10-05,2026-09-03,24079419
2026-10-05,2026-09-04,23641325
2026-10-05,2026-09-07,22057467
2026-10-05,2026-09-08,22212630
2026-10-05,2026-09-09,22018671
2026-10-05,2026-09-10,22094877
2026-10-05,2026-09-11,22263388
2026-10-05,2026-09-14,22542529
2026-10-05,2026-09-15,22967423
2026-10-05,2026-09-16,23106337
2026-10-05,2026-09-17,23299084
2026-10-05,2026-09-18,23441737
2026-10-05,2026-09-21,23730429
2026-10-05,2026-09-22,24151604
2026-10-05,2026-09-23,24182353
2026-10-05,2026-09-24,24345277
2026-10-05,2026-09-25,24568553
2026-10-05,2026-09-28,24890903
2026-10-05,2026-09-29,25577899
2026-10-05,2026-09-30,25665777
2026-10-06,2026-09-23,24182665
2026-10-06,2026-09-25,24570024
2026-10-06,2026-09-28,25083563
2026-10-06,2026-09-29,25579370
2026-10-06,2026-09-30,25672043
2026-10-06,2026-10-01,25288230
