vintage,date,value
2026-10-05,2002-12-31,2572
2026-10-05,2003-01-02,2692
2026-10-05,2003-01-03,2670
2026-10-05,2003-01-06,2647
2026-10-05,2003-01-07,2648
2026-10-05,2003-01-08,2641
2026-10-05,2003-01-09,2637
2026-10-05,2003-01-10,2631
2026-10-05,2003-01-13,2620
2026-10-05,2003-01-14,2601
2026-10-05,2003-01-15,2604
2026-10-05,2003-01-16,2600
2026-10-05,2003-01-17,2591
2026-10-05,2003-01-20,2586
2026-10-05,2003-01-21,2590
2026-10-05,2003-01-22,2581
2026-10-05,2003-01-23,2578
2026-10-05,2003-01-24,2584
2026-10-05,2003-01-27,2583
2026-10-05,2003-01-28,2583
2026-10-05,2003-01-29,2579
2026-10-05,2003-01-30,2575
2026-10-05,2003-01-31,2497
2026-10-05,2003-02-03,2562
2026-10-05,2003-02-04,2555
2026-10-05,2003-02-05,2551
2026-10-05,2003-02-06,2548
2026-10-05,2003-02-07,2541
2026-10-05,2003-02-10,2538
2026-10-05,2003-02-11,2534
2026-10-05,2003-02-12,2531
2026-10-05,2003-02-13,2527
2026-10-05,2003-02-14,2523
2026-10-05,2003-02-17,2521
2026-10-05,2003-02-18,2513
2026-10-05,2003-02-19,2510
2026-10-05,2003-02-20,2489
2026-10-05,2003-02-21,2488
2026-10-05,2003-02-24,2502
2026-10-05,2003-02-25,2499
2026-10-05,2003-02-26,2494
2026-10-05,2003-02-27,2491
2026-10-05,2003-02-28,2378
2026-10-05,2003-03-03,2388
2026-10-05,2003-03-04,2384
2026-10-05,2003-03-05,2380
2026-10-05,2003-03-06,2375
2026-10-05,2003-03-07,2370
2026-10-05,2003-03-10,2314
2026-10-05,2003-03-11,2311
2026-10-05,2003-03-12,2310
2026-10-05,2003-03-13,2310
2026-10-05,2003-03-14,2301
2026-10-05,2003-03-17,2297
2026-10-05,2003-03-18,2297
2026-10-05,2003-03-19,2294
2026-10-05,2003-03-20,2297
2026-10-05,2003-03-21,2297
2026-10-05,2003-03-24,2296
2026-10-05,2003-03-25,2295
2026-10-05,2003-03-26,2292
2026-10-05,2003-03-27,2247
2026-10-05,2003-03-28,2207
2026-10-05,2003-04-01,2287
2026-10-05,2003-04-02,2288
2026-10-05,2003-04-03,2281
2026-10-05,2003-04-04,2255
2026-10-05,2003-04-07,2253
2026-10-05,2003-04-08,2253
2026-10-05,2003-04-09,2252
2026-10-05,2003-04-10,2233
2026-10-05,2003-04-11,2234
2026-10-05,2003-04-14,2234
2026-10-05,2003-04-15,2233
2026-10-05,2003-04-16,2231
2026-10-05,2003-04-21,2225
2026-10-05,2003-04-22,2223
2026-10-05,2003-04-23,2227
2026-10-05,2003-04-24,2195
2026-10-05,2003-04-25,2189
2026-10-05,2003-04-28,2182
2026-10-05,2003-04-29,2191
2026-10-05,2003-04-30,2154
2026-10-05,2003-05-02,2171
2026-10-05,2003-05-05,2157
2026-10-05,2003-05-06,2151
2026-10-05,2003-05-07,2148
2026-10-05,2003-05-08,2147
2026-10-05,2003-05-09,2142
2026-10-05,2003-05-12,2130
2026-10-05,2003-05-13,2128
2026-10-05,2003-05-14,2127
2026-10-05,2003-05-15,2122
2026-10-05,2003-05-16,2135
2026-10-05,2003-05-19,2135
2026-10-05,2003-05-20,2141
2026-10-05,2003-05-21,2126
2026-10-05,2003-05-22,2138
2026-10-05,2003-05-23,2138
2026-10-05,2003-05-26,2135
2026-10-05,2003-05-27,2115
2026-10-05,2003-05-28,2114
2026-10-05,2003-05-29,2110
2026-10-05,2003-05-30,2107
2026-10-05,2003-06-02,2092
2026-10-05,2003-06-03,2091
2026-10-05,2003-06-04,2091
2026-10-05,2003-06-05,2091
2026-10-05,2003-06-06,2087
2026-10-05,2003-06-09,2089
2026-10-05,2003-06-10,2090
2026-10-05,2003-06-11,2091
2026-10-05,2003-06-12,2093
2026-10-05,2003-06-13,2083
2026-10-05,2003-06-17,2085
2026-10-05,2003-06-18,2084
2026-10-05,2003-06-19,2086
2026-10-05,2003-06-20,2079
2026-10-05,2003-06-23,2073
2026-10-05,2003-06-24,2066
2026-10-05,2003-06-25,2064
2026-10-05,2003-06-26,2056
2026-10-05,2003-06-27,2063
2026-10-05,2003-06-30,2036
2026-10-05,2003-07-01,2066
2026-10-05,2003-07-02,2063
2026-10-05,2003-07-03,2056
2026-10-05,2003-07-04,2036
2026-10-05,2003-07-07,2035
2026-10-05,2003-07-08,2035
2026-10-05,2003-07-10,2030
2026-10-05,2003-07-11,2031
2026-10-05,2003-07-14,2018
2026-10-05,2003-07-15,2020
2026-10-05,2003-07-16,2027
2026-10-05,2003-07-17,2020
2026-10-05,2003-07-18,2022
2026-10-05,2003-07-21,2033
2026-10-05,2003-07-22,2030
2026-10-05,2003-07-23,2031
2026-10-05,2003-07-24,2031
2026-10-05,2003-07-25,2032
2026-10-05,2003-07-28,2028
2026-10-05,2003-07-29,2029
2026-10-05,2003-07-30,2030
2026-10-05,2003-07-31,2011
2026-10-05,2003-08-01,2018
2026-10-05,2003-08-04,2028
2026-10-05,2003-08-05,2029
2026-10-05,2003-08-06,2041
2026-10-05,2003-08-07,2042
2026-10-05,2003-08-08,2040
2026-10-05,2003-08-11,2035
2026-10-05,2003-08-12,2037
2026-10-05,2003-08-13,2038
2026-10-05,2003-08-14,2042
2026-10-05,2003-08-15,2045
2026-10-05,2003-08-19,2051
2026-10-05,2003-08-20,2057
2026-10-05,2003-08-21,2057
2026-10-05,2003-08-22,2063
2026-10-05,2003-08-25,2066
2026-10-05,2003-08-26,2066
2026-10-05,2003-08-27,2071
2026-10-05,2003-08-28,2073
2026-10-05,2003-08-29,2049
2026-10-05,2003-09-01,2076
2026-10-05,2003-09-02,2076
2026-10-05,2003-09-03,2074
2026-10-05,2003-09-04,2073
2026-10-05,2003-09-05,2077
2026-10-05,2003-09-08,2079
2026-10-05,2003-09-09,2082
2026-10-05,2003-09-10,2084
2026-10-05,2003-09-11,2080
2026-10-05,2003-09-12,2090
2026-10-05,2003-09-15,2096
2026-10-05,2003-09-16,2100
2026-10-05,2003-09-17,2106
2026-10-05,2003-09-18,2111
2026-10-05,2003-09-19,2116
2026-10-05,2003-09-22,2114
2026-10-05,2003-09-23,2126
2026-10-05,2003-09-24,2105
2026-10-05,2003-09-25,2110
2026-10-05,2003-09-26,2105
2026-10-05,2003-09-29,2104
2026-10-05,2003-09-30,2081
2026-10-05,2003-10-01,2107
2026-10-05,2003-10-02,2110
2026-10-05,2003-10-03,2111
2026-10-05,2003-10-06,2123
2026-10-05,2003-10-07,2127
2026-10-05,2003-10-08,2131
2026-10-05,2003-10-09,2135
2026-10-05,2003-10-10,2137
2026-10-05,2003-10-14,2145
2026-10-05,2003-10-15,2143
2026-10-05,2003-10-16,2147
2026-10-05,2003-10-17,2158
2026-10-05,2003-10-20,2165
2026-10-05,2003-10-21,2176
2026-10-05,2003-10-22,2184
2026-10-05,2003-10-23,2184
2026-10-05,2003-10-24,2188
2026-10-05,2003-10-27,2191
2026-10-05,2003-10-28,2209
2026-10-05,2003-10-29,2207
2026-10-05,2003-10-30,2223
2026-10-05,2003-10-31,2229
2026-10-05,2003-11-03,2223
2026-10-05,2003-11-04,2228
2026-10-05,2003-11-05,2228
2026-10-05,2003-11-07,2242
2026-10-05,2003-11-10,2245
2026-10-05,2003-11-11,2247
2026-10-05,2003-11-12,2253
2026-10-05,2003-11-13,2253
2026-10-05,2003-11-14,2271
2026-10-05,2003-11-17,2281
2026-10-05,2003-11-18,2291
2026-10-05,2003-11-19,2290
2026-10-05,2003-11-20,2292
2026-10-05,2003-11-21,2297
2026-10-05,2003-11-24,2310
2026-10-05,2003-11-25,2316
2026-10-05,2003-11-26,2317
2026-10-05,2003-11-27,2319
2026-10-05,2003-11-28,2291
2026-10-05,2003-12-01,2301
2026-10-05,2003-12-02,2332
2026-10-05,2003-12-03,2327
2026-10-05,2003-12-04,2302
2026-10-05,2003-12-05,2302
2026-10-05,2003-12-09,2313
2026-10-05,2003-12-10,2315
2026-10-05,2003-12-11,2313
2026-10-05,2003-12-12,2316
2026-10-05,2003-12-15,2321
2026-10-05,2003-12-16,2326
2026-10-05,2003-12-17,2336
2026-10-05,2003-12-18,2338
2026-10-05,2003-12-19,2344
2026-10-05,2003-12-22,2352
2026-10-05,2003-12-23,2358
2026-10-05,2003-12-24,2355
2026-10-05,2003-12-26,2357
2026-10-05,2003-12-29,2374
2026-10-05,2003-12-30,2369
2026-10-05,2003-12-31,2487
2026-10-05,2004-01-02,2498
2026-10-05,2004-01-05,2502
2026-10-05,2004-01-06,2508
2026-10-05,2004-01-07,2498
2026-10-05,2004-01-08,2502
2026-10-05,2004-01-09,2515
2026-10-05,2004-01-12,2508
2026-10-05,2004-01-13,2510
2026-10-05,2004-01-14,2522
2026-10-05,2004-01-15,2527
2026-10-05,2004-01-16,2530
2026-10-05,2004-01-19,2537
2026-10-05,2004-01-20,2540
2026-10-05,2004-01-21,2548
2026-10-05,2004-01-22,2554
2026-10-05,2004-01-23,2562
2026-10-05,2004-01-26,2568
2026-10-05,2004-01-27,2573
2026-10-05,2004-01-28,2582
2026-10-05,2004-01-29,2585
2026-10-05,2004-01-30,2512
2026-10-05,2004-02-02,2515
2026-10-05,2004-02-03,2525
2026-10-05,2004-02-04,2529
2026-10-05,2004-02-05,2527
2026-10-05,2004-02-06,2496
2026-10-05,2004-02-09,2503
2026-10-05,2004-02-10,2500
2026-10-05,2004-02-11,2503
2026-10-05,2004-02-12,2505
2026-10-05,2004-02-13,2516
2026-10-05,2004-02-16,2521
2026-10-05,2004-02-17,2526
2026-10-05,2004-02-18,2535
2026-10-05,2004-02-19,2541
2026-10-05,2004-02-20,2506
2026-10-05,2004-02-23,2511
2026-10-05,2004-02-24,2517
2026-10-05,2004-02-25,2525
2026-10-05,2004-02-26,2529
2026-10-05,2004-02-27,2513
2026-10-05,2004-03-01,2537
2026-10-05,2004-03-02,2535
2026-10-05,2004-03-03,2534
2026-10-05,2004-03-04,2539
2026-10-05,2004-03-05,2540
2026-10-05,2004-03-08,2550
2026-10-05,2004-03-09,2557
2026-10-05,2004-03-10,2555
2026-10-05,2004-03-11,2557
2026-10-05,2004-03-12,2549
2026-10-05,2004-03-15,2556
2026-10-05,2004-03-16,2565
2026-10-05,2004-03-17,2570
2026-10-05,2004-03-18,2579
2026-10-05,2004-03-19,2587
2026-10-05,2004-03-22,2599
2026-10-05,2004-03-23,2605
2026-10-05,2004-03-24,2616
2026-10-05,2004-03-25,2618
2026-10-05,2004-03-26,2641
2026-10-05,2004-03-29,2645
2026-10-05,2004-03-30,2649
2026-10-05,2004-03-31,2637
2026-10-05,2004-04-01,2662
2026-10-05,2004-04-02,2666
2026-10-05,2004-04-06,2665
2026-10-05,2004-04-07,2655
2026-10-05,2004-04-12,2666
2026-10-05,2004-04-13,2667
2026-10-05,2004-04-14,2672
2026-10-05,2004-04-15,2674
2026-10-05,2004-04-16,2677
2026-10-05,2004-04-19,2692
2026-10-05,2004-04-20,2698
2026-10-05,2004-04-21,2707
2026-10-05,2004-04-22,2717
2026-10-05,2004-04-23,2727
2026-10-05,2004-04-26,2735
2026-10-05,2004-04-27,2746
2026-10-05,2004-04-28,2754
2026-10-05,2004-04-29,2760
2026-10-05,2004-04-30,2734
2026-10-05,2004-05-03,2744
2026-10-05,2004-05-04,2744
2026-10-05,2004-05-05,2743
2026-10-05,2004-05-06,2748
2026-10-05,2004-05-07,2755
2026-10-05,2004-05-10,2761
2026-10-05,2004-05-11,2762
2026-10-05,2004-05-12,2768
2026-10-05,2004-05-13,2761
2026-10-05,2004-05-14,2773
2026-10-05,2004-05-17,2785
2026-10-05,2004-05-18,2792
2026-10-05,2004-05-19,2802
2026-10-05,2004-05-20,2813
2026-10-05,2004-05-21,2788
2026-10-05,2004-05-24,2798
2026-10-05,2004-05-26,2806
2026-10-05,2004-05-27,2811
2026-10-05,2004-05-28,2823
2026-10-05,2004-05-31,2826
2026-10-05,2004-06-01,2830
2026-10-05,2004-06-02,2853
2026-10-05,2004-06-03,2860
2026-10-05,2004-06-04,2822
2026-10-05,2004-06-07,2832
2026-10-05,2004-06-08,2836
2026-10-05,2004-06-09,2837
2026-10-05,2004-06-10,2841
2026-10-05,2004-06-11,2846
2026-10-05,2004-06-14,2849
2026-10-05,2004-06-15,2858
2026-10-05,2004-06-16,2865
2026-10-05,2004-06-17,2871
2026-10-05,2004-06-18,2881
2026-10-05,2004-06-22,2895
2026-10-05,2004-06-23,2905
2026-10-05,2004-06-24,2905
2026-10-05,2004-06-25,2922
2026-10-05,2004-06-28,2937
2026-10-05,2004-06-29,2944
2026-10-05,2004-06-30,2931
2026-10-05,2004-07-01,2942
2026-10-05,2004-07-02,2943
2026-10-05,2004-07-05,2945
2026-10-05,2004-07-06,2951
2026-10-05,2004-07-07,2968
2026-10-05,2004-07-08,2972
2026-10-05,2004-07-12,2962
2026-10-05,2004-07-13,2957
2026-10-05,2004-07-14,2962
2026-10-05,2004-07-15,2974
2026-10-05,2004-07-16,2981
2026-10-05,2004-07-19,2995
2026-10-05,2004-07-20,3002
2026-10-05,2004-07-21,3006
2026-10-05,2004-07-22,3014
2026-10-05,2004-07-23,3025
2026-10-05,2004-07-26,3034
2026-10-05,2004-07-27,3047
2026-10-05,2004-07-28,3052
2026-10-05,2004-07-29,3058
2026-10-05,2004-07-30,3056
2026-10-05,2004-08-02,3122
2026-10-05,2004-08-03,3127
2026-10-05,2004-08-04,3130
2026-10-05,2004-08-05,3142
2026-10-05,2004-08-06,3148
2026-10-05,2004-08-09,3162
2026-10-05,2004-08-10,3104
2026-10-05,2004-08-11,3111
2026-10-05,2004-08-12,3125
2026-10-05,2004-08-13,3126
2026-10-05,2004-08-17,3140
2026-10-05,2004-08-18,3148
2026-10-05,2004-08-19,3158
2026-10-05,2004-08-20,3168
2026-10-05,2004-08-23,3181
2026-10-05,2004-08-24,3190
2026-10-05,2004-08-25,3197
2026-10-05,2004-08-26,3210
2026-10-05,2004-08-27,3222
2026-10-05,2004-08-30,3232
2026-10-05,2004-08-31,3342
2026-10-05,2004-09-01,3361
2026-10-05,2004-09-02,3364
2026-10-05,2004-09-03,3345
2026-10-05,2004-09-06,3359
2026-10-05,2004-09-07,3357
2026-10-05,2004-09-08,3371
2026-10-05,2004-09-09,3383
2026-10-05,2004-09-10,3383
2026-10-05,2004-09-13,3395
2026-10-05,2004-09-14,3398
2026-10-05,2004-09-15,3411
2026-10-05,2004-09-16,3421
2026-10-05,2004-09-17,3435
2026-10-05,2004-09-20,3451
2026-10-05,2004-09-21,3463
2026-10-05,2004-09-22,3475
2026-10-05,2004-09-23,3483
2026-10-05,2004-09-24,3491
2026-10-05,2004-09-27,3511
2026-10-05,2004-09-28,3528
2026-10-05,2004-09-29,3538
2026-10-05,2004-09-30,3671
2026-10-05,2004-10-01,3684
2026-10-05,2004-10-04,3690
2026-10-05,2004-10-05,3641
2026-10-05,2004-10-06,3654
2026-10-05,2004-10-07,3667
2026-10-05,2004-10-08,3676
2026-10-05,2004-10-12,3688
2026-10-05,2004-10-13,3694
2026-10-05,2004-10-14,3711
2026-10-05,2004-10-15,3723
2026-10-05,2004-10-18,3746
2026-10-05,2004-10-19,3758
2026-10-05,2004-10-20,3763
2026-10-05,2004-10-21,3778
2026-10-05,2004-10-22,3793
2026-10-05,2004-10-25,3810
2026-10-05,2004-10-26,3828
2026-10-05,2004-10-27,3832
2026-10-05,2004-10-28,3839
2026-10-05,2004-10-29,3971
2026-10-05,2004-11-01,3879
2026-10-05,2004-11-02,3878
2026-10-05,2004-11-03,3885
2026-10-05,2004-11-04,3899
2026-10-05,2004-11-05,3910
2026-10-05,2004-11-08,3933
2026-10-05,2004-11-09,3950
2026-10-05,2004-11-10,3960
2026-10-05,2004-11-11,3973
2026-10-05,2004-11-12,3995
2026-10-05,2004-11-15,4013
2026-10-05,2004-11-16,4030
2026-10-05,2004-11-17,4047
2026-10-05,2004-11-18,4068
2026-10-05,2004-11-19,4087
2026-10-05,2004-11-22,4102
2026-10-05,2004-11-23,4120
2026-10-05,2004-11-24,4140
2026-10-05,2004-11-25,4161
2026-10-05,2004-11-26,4177
2026-10-05,2004-11-29,4191
2026-10-05,2004-11-30,4174
2026-10-05,2004-12-01,4092
2026-10-05,2004-12-02,4103
2026-10-05,2004-12-03,4121
2026-10-05,2004-12-06,4091
2026-10-05,2004-12-07,4101
2026-10-05,2004-12-09,4127
2026-10-05,2004-12-10,4138
2026-10-05,2004-12-13,4160
2026-10-05,2004-12-14,4177
2026-10-05,2004-12-15,4189
2026-10-05,2004-12-16,4206
2026-10-05,2004-12-17,4205
2026-10-05,2004-12-20,4189
2026-10-05,2004-12-21,4207
2026-10-05,2004-12-22,4223
2026-10-05,2004-12-23,4234
2026-10-05,2004-12-24,4253
2026-10-05,2004-12-27,4263
2026-10-05,2004-12-28,4278
2026-10-05,2004-12-29,4285
2026-10-05,2004-12-30,4261
2026-10-05,2004-12-31,4251
2026-10-05,2005-01-03,4322
2026-10-05,2005-01-04,4330
2026-10-05,2005-01-05,4338
2026-10-05,2005-01-06,4360
2026-10-05,2005-01-07,4370
2026-10-05,2005-01-10,4384
2026-10-05,2005-01-11,4393
2026-10-05,2005-01-12,4406
2026-10-05,2005-01-13,4434
2026-10-05,2005-01-14,4457
2026-10-05,2005-01-17,4467
2026-10-05,2005-01-18,4473
2026-10-05,2005-01-19,4494
2026-10-05,2005-01-20,4515
2026-10-05,2005-01-21,4530
2026-10-05,2005-01-24,4531
2026-10-05,2005-01-25,4566
2026-10-05,2005-01-26,4563
2026-10-05,2005-01-27,4566
2026-10-05,2005-01-28,4579
2026-10-05,2005-01-31,4533
2026-10-05,2005-02-01,4543
2026-10-05,2005-02-02,4529
2026-10-05,2005-02-03,4536
2026-10-05,2005-02-04,4542
2026-10-05,2005-02-07,4559
2026-10-05,2005-02-08,4571
2026-10-05,2005-02-09,4584
2026-10-05,2005-02-10,4594
2026-10-05,2005-02-11,4609
2026-10-05,2005-02-14,4578
2026-10-05,2005-02-15,4589
2026-10-05,2005-02-16,4604
2026-10-05,2005-02-17,4621
2026-10-05,2005-02-18,4605
2026-10-05,2005-02-21,4625
2026-10-05,2005-02-22,4650
2026-10-05,2005-02-23,4659
2026-10-05,2005-02-24,4668
2026-10-05,2005-02-25,4681
2026-10-05,2005-02-28,4688
2026-10-05,2005-03-01,4651
2026-10-05,2005-03-02,4665
2026-10-05,2005-03-03,4672
2026-10-05,2005-03-04,4679
2026-10-05,2005-03-07,4698
2026-10-05,2005-03-08,4707
2026-10-05,2005-03-09,4718
2026-10-05,2005-03-10,4730
2026-10-05,2005-03-11,4746
2026-10-05,2005-03-14,4769
2026-10-05,2005-03-15,4785
2026-10-05,2005-03-16,4800
2026-10-05,2005-03-17,4823
2026-10-05,2005-03-18,4837
2026-10-05,2005-03-21,4861
2026-10-05,2005-03-22,4881
2026-10-05,2005-03-23,4897
2026-10-05,2005-03-28,4940
2026-10-05,2005-03-29,4956
2026-10-05,2005-03-30,4974
2026-10-05,2005-03-31,4960
2026-10-05,2005-04-01,4975
2026-10-05,2005-04-04,4989
2026-10-05,2005-04-05,4994
2026-10-05,2005-04-06,5002
2026-10-05,2005-04-07,5014
2026-10-05,2005-04-08,5004
2026-10-05,2005-04-11,5014
2026-10-05,2005-04-12,5024
2026-10-05,2005-04-13,5041
2026-10-05,2005-04-14,5057
2026-10-05,2005-04-15,5078
2026-10-05,2005-04-18,5099
2026-10-05,2005-04-19,5052
2026-10-05,2005-04-20,5070
2026-10-05,2005-04-21,5079
2026-10-05,2005-04-22,5099
2026-10-05,2005-04-25,5118
2026-10-05,2005-04-26,5145
2026-10-05,2005-04-27,5160
2026-10-05,2005-04-28,5173
2026-10-05,2005-04-29,5204
2026-10-05,2005-05-02,5224
2026-10-05,2005-05-03,5241
2026-10-05,2005-05-04,5246
2026-10-05,2005-05-05,5254
2026-10-05,2005-05-06,5268
2026-10-05,2005-05-09,5296
2026-10-05,2005-05-10,5296
2026-10-05,2005-05-11,5309
2026-10-05,2005-05-12,5321
2026-10-05,2005-05-13,5340
2026-10-05,2005-05-16,5364
2026-10-05,2005-05-17,5387
2026-10-05,2005-05-18,5410
2026-10-05,2005-05-19,5421
2026-10-05,2005-05-20,5442
2026-10-05,2005-05-23,5404
2026-10-05,2005-05-24,5424
2026-10-05,2005-05-26,5435
2026-10-05,2005-05-27,5446
2026-10-05,2005-05-30,5465
2026-10-05,2005-05-31,5440
2026-10-05,2005-06-01,5308
2026-10-05,2005-06-02,5300
2026-10-05,2005-06-03,5307
2026-10-05,2005-06-06,5331
2026-10-05,2005-06-07,5347
2026-10-05,2005-06-08,5363
2026-10-05,2005-06-09,5375
2026-10-05,2005-06-10,5382
2026-10-05,2005-06-13,5405
2026-10-05,2005-06-14,5421
2026-10-05,2005-06-15,5439
2026-10-05,2005-06-16,5456
2026-10-05,2005-06-17,5475
2026-10-05,2005-06-21,5501
2026-10-05,2005-06-22,5517
2026-10-05,2005-06-23,5538
2026-10-05,2005-06-24,5495
2026-10-05,2005-06-27,5517
2026-10-05,2005-06-28,5529
2026-10-05,2005-06-29,5545
2026-10-05,2005-06-30,5531
2026-10-05,2005-07-01,5535
2026-10-05,2005-07-04,5555
2026-10-05,2005-07-05,5558
2026-10-05,2005-07-06,5565
2026-10-05,2005-07-07,5575
2026-10-05,2005-07-08,5583
2026-10-05,2005-07-11,5591
2026-10-05,2005-07-12,5587
2026-10-05,2005-07-13,5605
2026-10-05,2005-07-14,5627
2026-10-05,2005-07-15,5643
2026-10-05,2005-07-18,5658
2026-10-05,2005-07-19,5678
2026-10-05,2005-07-20,5698
2026-10-05,2005-07-21,5720
2026-10-05,2005-07-22,5729
2026-10-05,2005-07-25,5767
2026-10-05,2005-07-26,5789
2026-10-05,2005-07-27,5808
2026-10-05,2005-07-28,5755
2026-10-05,2005-07-29,5764
2026-10-05,2005-08-01,5742
2026-10-05,2005-08-02,5764
2026-10-05,2005-08-03,5765
2026-10-05,2005-08-04,5783
2026-10-05,2005-08-05,5789
2026-10-05,2005-08-08,5817
2026-10-05,2005-08-09,5833
2026-10-05,2005-08-10,5850
2026-10-05,2005-08-11,5867
2026-10-05,2005-08-12,5880
2026-10-05,2005-08-16,5900
2026-10-05,2005-08-17,5917
2026-10-05,2005-08-18,5943
2026-10-05,2005-08-19,5960
2026-10-05,2005-08-22,5995
2026-10-05,2005-08-23,6012
2026-10-05,2005-08-24,6034
2026-10-05,2005-08-25,6061
2026-10-05,2005-08-26,6084
2026-10-05,2005-08-29,6113
2026-10-05,2005-08-30,6131
2026-10-05,2005-08-31,6063
2026-10-05,2005-09-01,6080
2026-10-05,2005-09-02,6096
2026-10-05,2005-09-05,6107
2026-10-05,2005-09-06,6120
2026-10-05,2005-09-07,6135
2026-10-05,2005-09-08,6154
2026-10-05,2005-09-09,6173
2026-10-05,2005-09-12,6196
2026-10-05,2005-09-13,6213
2026-10-05,2005-09-14,6237
2026-10-05,2005-09-15,6268
2026-10-05,2005-09-16,6294
2026-10-05,2005-09-19,6314
2026-10-05,2005-09-20,6337
2026-10-05,2005-09-21,6330
2026-10-05,2005-09-22,6350
2026-10-05,2005-09-23,6366
2026-10-05,2005-09-26,6401
2026-10-05,2005-09-27,6424
2026-10-05,2005-09-28,6446
2026-10-05,2005-09-29,6460
2026-10-05,2005-09-30,6449
2026-10-05,2005-10-03,6456
2026-10-05,2005-10-04,6478
2026-10-05,2005-10-05,6460
2026-10-05,2005-10-06,6318
2026-10-05,2005-10-07,6335
2026-10-05,2005-10-11,6355
2026-10-05,2005-10-12,6370
2026-10-05,2005-10-13,6393
2026-10-05,2005-10-14,6425
2026-10-05,2005-10-17,6459
2026-10-05,2005-10-18,6478
2026-10-05,2005-10-19,6506
2026-10-05,2005-10-20,6534
2026-10-05,2005-10-21,6558
2026-10-05,2005-10-24,6588
2026-10-05,2005-10-25,6611
2026-10-05,2005-10-26,6638
2026-10-05,2005-10-27,6672
2026-10-05,2005-10-28,6682
2026-10-05,2005-10-31,6681
2026-10-05,2005-11-01,6674
2026-10-05,2005-11-02,6663
2026-10-05,2005-11-03,6669
2026-10-05,2005-11-04,6698
2026-10-05,2005-11-07,6709
2026-10-05,2005-11-08,6733
2026-10-05,2005-11-09,6763
2026-10-05,2005-11-10,6774
2026-10-05,2005-11-11,6799
2026-10-05,2005-11-14,6825
2026-10-05,2005-11-15,6851
2026-10-05,2005-11-16,6880
2026-10-05,2005-11-17,6911
2026-10-05,2005-11-18,6942
2026-10-05,2005-11-21,6867
2026-10-05,2005-11-22,6888
2026-10-05,2005-11-23,6917
2026-10-05,2005-11-24,6955
2026-10-05,2005-11-25,6979
2026-10-05,2005-11-28,7008
2026-10-05,2005-11-29,7026
2026-10-05,2005-11-30,6972
2026-10-05,2005-12-01,6975
2026-10-05,2005-12-02,6995
2026-10-05,2005-12-05,6998
2026-10-05,2005-12-06,7018
2026-10-05,2005-12-07,7016
2026-10-05,2005-12-09,7032
2026-10-05,2005-12-12,7057
2026-10-05,2005-12-13,7074
2026-10-05,2005-12-14,7103
2026-10-05,2005-12-15,7120
2026-10-05,2005-12-16,7150
2026-10-05,2005-12-19,7165
2026-10-05,2005-12-20,7194
2026-10-05,2005-12-21,7219
2026-10-05,2005-12-22,7245
2026-10-05,2005-12-23,7271
2026-10-05,2005-12-26,7290
2026-10-05,2005-12-27,7317
2026-10-05,2005-12-28,7343
2026-10-05,2005-12-29,7366
2026-10-05,2005-12-30,7382
2026-10-05,2006-01-02,7375
2026-10-05,2006-01-03,7392
2026-10-05,2006-01-04,7409
2026-10-05,2006-01-05,7417
2026-10-05,2006-01-06,7434
2026-10-05,2006-01-09,7463
2026-10-05,2006-01-10,7460
2026-10-05,2006-01-11,7510
2026-10-05,2006-01-12,7535
2026-10-05,2006-01-13,7569
2026-10-05,2006-01-16,7584
2026-10-05,2006-01-17,7608
2026-10-05,2006-01-18,7635
2026-10-05,2006-01-19,7655
2026-10-05,2006-01-20,7675
2026-10-05,2006-01-23,7701
2026-10-05,2006-01-24,7723
2026-10-05,2006-01-25,7758
2026-10-05,2006-01-26,7789
2026-10-05,2006-01-27,7808
2026-10-05,2006-01-30,7819
2026-10-05,2006-01-31,7759
2026-10-05,2006-02-01,7779
2026-10-05,2006-02-02,7810
2026-10-05,2006-02-03,7821
2026-10-05,2006-02-06,7729
2026-10-05,2006-02-07,7745
2026-10-05,2006-02-08,7767
2026-10-05,2006-02-09,7794
2026-10-05,2006-02-10,7796
2026-10-05,2006-02-13,7812
2026-10-05,2006-02-14,7841
2026-10-05,2006-02-15,7809
2026-10-05,2006-02-16,7841
2026-10-05,2006-02-17,7873
2026-10-05,2006-02-20,7895
2026-10-05,2006-02-21,7921
2026-10-05,2006-02-22,7943
2026-10-05,2006-02-23,7941
2026-10-05,2006-02-24,7966
2026-10-05,2006-02-27,7985
2026-10-05,2006-02-28,7969
2026-10-05,2006-03-01,8003
2026-10-05,2006-03-02,8012
2026-10-05,2006-03-03,8025
2026-10-05,2006-03-06,8032
2026-10-05,2006-03-07,8048
2026-10-05,2006-03-08,8070
2026-10-05,2006-03-09,8097
2026-10-05,2006-03-10,8110
2026-10-05,2006-03-13,8130
2026-10-05,2006-03-14,8155
2026-10-05,2006-03-15,8181
2026-10-05,2006-03-16,8217
2026-10-05,2006-03-17,8208
2026-10-05,2006-03-20,8236
2026-10-05,2006-03-21,8272
2026-10-05,2006-03-22,8289
2026-10-05,2006-03-23,8315
2026-10-05,2006-03-27,8344
2026-10-05,2006-03-28,8374
2026-10-05,2006-03-29,8399
2026-10-05,2006-03-30,8423
2026-10-05,2006-03-31,8396
2026-10-05,2006-04-03,8433
2026-10-05,2006-04-04,8456
2026-10-05,2006-04-05,8466
2026-10-05,2006-04-06,8484
2026-10-05,2006-04-07,8507
2026-10-05,2006-04-10,8512
2026-10-05,2006-04-11,8533
2026-10-05,2006-04-12,8561
2026-10-05,2006-04-17,8600
2026-10-05,2006-04-18,8634
2026-10-05,2006-04-19,8662
2026-10-05,2006-04-20,8659
2026-10-05,2006-04-21,8689
2026-10-05,2006-04-24,8684
2026-10-05,2006-04-25,8719
2026-10-05,2006-04-26,8754
2026-10-05,2006-04-27,8776
2026-10-05,2006-04-28,8752
2026-10-05,2006-05-02,8740
2026-10-05,2006-05-03,8768
2026-10-05,2006-05-04,8785
2026-10-05,2006-05-05,8799
2026-10-05,2006-05-08,8828
2026-10-05,2006-05-09,8853
2026-10-05,2006-05-10,8860
2026-10-05,2006-05-11,8885
2026-10-05,2006-05-12,8917
2026-10-05,2006-05-15,8957
2026-10-05,2006-05-16,8990
2026-10-05,2006-05-17,9027
2026-10-05,2006-05-18,9060
2026-10-05,2006-05-19,9090
2026-10-05,2006-05-22,9026
2026-10-05,2006-05-23,9067
2026-10-05,2006-05-24,9102
2026-10-05,2006-05-26,9129
2026-10-05,2006-05-29,9164
2026-10-05,2006-05-30,9187
2026-10-05,2006-05-31,9165
2026-10-05,2006-06-01,9158
2026-10-05,2006-06-02,9180
2026-10-05,2006-06-05,9194
2026-10-05,2006-06-06,9204
2026-10-05,2006-06-07,9231
2026-10-05,2006-06-08,9262
2026-10-05,2006-06-09,9298
2026-10-05,2006-06-12,9311
2026-10-05,2006-06-13,9318
2026-10-05,2006-06-14,9366
2026-10-05,2006-06-15,9396
2026-10-05,2006-06-16,9424
2026-10-05,2006-06-20,9462
2026-10-05,2006-06-21,9458
2026-10-05,2006-06-22,9510
2026-10-05,2006-06-23,9538
2026-10-05,2006-06-26,9566
2026-10-05,2006-06-27,9598
2026-10-05,2006-06-28,9593
2026-10-05,2006-06-29,9617
2026-10-05,2006-06-30,9561
2026-10-05,2006-07-03,9608
2026-10-05,2006-07-04,9610
2026-10-05,2006-07-05,9619
2026-10-05,2006-07-06,9636
2026-10-05,2006-07-07,9649
2026-10-05,2006-07-10,9634
2026-10-05,2006-07-11,9654
2026-10-05,2006-07-12,9686
2026-10-05,2006-07-13,9719
2026-10-05,2006-07-14,9725
2026-10-05,2006-07-17,9766
2026-10-05,2006-07-18,9802
2026-10-05,2006-07-19,9968
2026-10-05,2006-07-20,10013
2026-10-05,2006-07-21,10063
2026-10-05,2006-07-24,10092
2026-10-05,2006-07-25,10116
2026-10-05,2006-07-26,10149
2026-10-05,2006-07-27,10189
2026-10-05,2006-07-28,10230
2026-10-05,2006-07-31,10189
2026-10-05,2006-08-01,10213
2026-10-05,2006-08-02,10243
2026-10-05,2006-08-03,10261
2026-10-05,2006-08-04,10283
2026-10-05,2006-08-07,10305
2026-10-05,2006-08-08,10329
2026-10-05,2006-08-09,10367
2026-10-05,2006-08-10,10370
2026-10-05,2006-08-11,10395
2026-10-05,2006-08-14,10435
2026-10-05,2006-08-15,10468
2026-10-05,2006-08-16,10499
2026-10-05,2006-08-17,10540
2026-10-05,2006-08-18,10594
2026-10-05,2006-08-22,10627
2026-10-05,2006-08-23,10637
2026-10-05,2006-08-24,10675
2026-10-05,2006-08-25,10721
2026-10-05,2006-08-28,10760
2026-10-05,2006-08-29,10800
2026-10-05,2006-08-30,10814
2026-10-05,2006-08-31,10820
2026-10-05,2006-09-01,10799
2026-10-05,2006-09-04,10823
2026-10-05,2006-09-05,10837
2026-10-05,2006-09-06,10865
2026-10-05,2006-09-07,10881
2026-10-05,2006-09-08,10912
2026-10-05,2006-09-11,10911
2026-10-05,2006-09-12,10946
2026-10-05,2006-09-13,10988
2026-10-05,2006-09-14,11033
2026-10-05,2006-09-15,11080
2026-10-05,2006-09-18,11120
2026-10-05,2006-09-19,11163
2026-10-05,2006-09-20,11239
2026-10-05,2006-09-21,11282
2026-10-05,2006-09-22,11326
2026-10-05,2006-09-25,11381
2026-10-05,2006-09-26,11424
2026-10-05,2006-09-27,11461
2026-10-05,2006-09-28,11502
2026-10-05,2006-09-29,11423
2026-10-05,2006-10-02,11446
2026-10-05,2006-10-03,11469
2026-10-05,2006-10-04,11491
2026-10-05,2006-10-05,11515
2026-10-05,2006-10-06,11541
2026-10-05,2006-10-09,11572
2026-10-05,2006-10-10,11587
2026-10-05,2006-10-11,11632
2026-10-05,2006-10-12,11678
2026-10-05,2006-10-13,11732
2026-10-05,2006-10-17,11775
2026-10-05,2006-10-18,11812
2026-10-05,2006-10-19,11862
2026-10-05,2006-10-20,11900
2026-10-05,2006-10-23,11938
2026-10-05,2006-10-24,11981
2026-10-05,2006-10-25,12032
2026-10-05,2006-10-26,12074
2026-10-05,2006-10-27,12122
2026-10-05,2006-10-30,12149
2026-10-05,2006-10-31,12162
2026-10-05,2006-11-01,12181
2026-10-05,2006-11-02,12218
2026-10-05,2006-11-03,12235
2026-10-05,2006-11-07,12266
2026-10-05,2006-11-08,12291
2026-10-05,2006-11-09,12342
2026-10-05,2006-11-10,12358
2026-10-05,2006-11-13,12404
2026-10-05,2006-11-14,12423
2026-10-05,2006-11-15,12480
2026-10-05,2006-11-16,12527
2026-10-05,2006-11-17,12580
2026-10-05,2006-11-20,12626
2026-10-05,2006-11-21,12687
2026-10-05,2006-11-22,12731
2026-10-05,2006-11-23,12783
2026-10-05,2006-11-24,12831
2026-10-05,2006-11-27,12826
2026-10-05,2006-11-28,12881
2026-10-05,2006-11-29,12923
2026-10-05,2006-11-30,12831
2026-10-05,2006-12-01,12860
2026-10-05,2006-12-04,12878
2026-10-05,2006-12-05,12906
2026-10-05,2006-12-06,12932
2026-10-05,2006-12-07,12969
2026-10-05,2006-12-11,12955
2026-10-05,2006-12-12,13000
2026-10-05,2006-12-13,13055
2026-10-05,2006-12-14,13107
2026-10-05,2006-12-15,13008
2026-10-05,2006-12-18,13055
2026-10-05,2006-12-19,13099
2026-10-05,2006-12-20,13136
2026-10-05,2006-12-21,13105
2026-10-05,2006-12-22,13057
2026-10-05,2006-12-26,13045
2026-10-05,2006-12-27,13047
2026-10-05,2006-12-28,13075
2026-10-05,2006-12-29,13062
2026-10-05,2007-01-02,13257
2026-10-05,2007-01-03,13260
2026-10-05,2007-01-04,13276
2026-10-05,2007-01-05,13285
2026-10-05,2007-01-08,13312
2026-10-05,2007-01-09,13346
2026-10-05,2007-01-10,13347
2026-10-05,2007-01-11,13389
2026-10-05,2007-01-12,13441
2026-10-05,2007-01-15,13474
2026-10-05,2007-01-16,13517
2026-10-05,2007-01-17,13566
2026-10-05,2007-01-18,13612
2026-10-05,2007-01-19,13661
2026-10-05,2007-01-22,13686
2026-10-05,2007-01-23,13730
2026-10-05,2007-01-24,13773
2026-10-05,2007-01-25,13816
2026-10-05,2007-01-26,13871
2026-10-05,2007-01-29,13805
2026-10-05,2007-01-30,13835
2026-10-05,2007-01-31,13829
2026-10-05,2007-02-01,13837
2026-10-05,2007-02-02,13867
2026-10-05,2007-02-05,13877
2026-10-05,2007-02-06,13911
2026-10-05,2007-02-07,13928
2026-10-05,2007-02-08,13983
2026-10-05,2007-02-09,14027
2026-10-05,2007-02-12,14023
2026-10-05,2007-02-13,14057
2026-10-05,2007-02-14,14099
2026-10-05,2007-02-15,14145
2026-10-05,2007-02-16,14194
2026-10-05,2007-02-19,14239
2026-10-05,2007-02-20,14283
2026-10-05,2007-02-21,14326
2026-10-05,2007-02-22,14370
2026-10-05,2007-02-23,14415
2026-10-05,2007-02-26,14443
2026-10-05,2007-02-27,14491
2026-10-05,2007-02-28,14375
2026-10-05,2007-03-01,14412
2026-10-05,2007-03-02,14443
2026-10-05,2007-03-05,14409
2026-10-05,2007-03-06,14406
2026-10-05,2007-03-07,14434
2026-10-05,2007-03-08,14479
2026-10-05,2007-03-09,14514
2026-10-05,2007-03-12,14509
2026-10-05,2007-03-13,14542
2026-10-05,2007-03-14,14595
2026-10-05,2007-03-15,14637
2026-10-05,2007-03-16,14639
2026-10-05,2007-03-19,14687
2026-10-05,2007-03-20,14731
2026-10-05,2007-03-21,14779
2026-10-05,2007-03-22,14821
2026-10-05,2007-03-23,14863
2026-10-05,2007-03-26,14907
2026-10-05,2007-03-27,14957
2026-10-05,2007-03-28,14987
2026-10-05,2007-03-29,15031
2026-10-05,2007-03-30,15000
2026-10-05,2007-04-03,15017
2026-10-05,2007-04-04,15050
2026-10-05,2007-04-09,15043
2026-10-05,2007-04-10,15034
2026-10-05,2007-04-11,15071
2026-10-05,2007-04-12,15117
2026-10-05,2007-04-13,15159
2026-10-05,2007-04-16,15008
2026-10-05,2007-04-17,15044
2026-10-05,2007-04-18,15109
2026-10-05,2007-04-19,15158
2026-10-05,2007-04-20,15194
2026-10-05,2007-04-23,15097
2026-10-05,2007-04-24,15147
2026-10-05,2007-04-25,15200
2026-10-05,2007-04-26,15240
2026-10-05,2007-04-27,15271
2026-10-05,2007-04-30,15179
2026-10-05,2007-05-02,15245
2026-10-05,2007-05-03,15214
2026-10-05,2007-05-04,15252
2026-10-05,2007-05-07,15288
2026-10-05,2007-05-08,15302
2026-10-05,2007-05-09,15350
2026-10-05,2007-05-10,15350
2026-10-05,2007-05-11,15392
2026-10-05,2007-05-14,15429
2026-10-05,2007-05-15,15473
2026-10-05,2007-05-16,15528
2026-10-05,2007-05-17,15527
2026-10-05,2007-05-18,15585
2026-10-05,2007-05-21,15625
2026-10-05,2007-05-22,15676
2026-10-05,2007-05-23,15720
2026-10-05,2007-05-24,15767
2026-10-05,2007-05-28,15808
2026-10-05,2007-05-29,15835
2026-10-05,2007-05-30,15873
2026-10-05,2007-05-31,15904
2026-10-05,2007-06-01,15930
2026-10-05,2007-06-04,15956
2026-10-05,2007-06-05,15960
2026-10-05,2007-06-06,15989
2026-10-05,2007-06-07,16022
2026-10-05,2007-06-08,16059
2026-10-05,2007-06-11,16046
2026-10-05,2007-06-12,16097
2026-10-05,2007-06-13,16145
2026-10-05,2007-06-14,16202
2026-10-05,2007-06-15,16252
2026-10-05,2007-06-19,16302
2026-10-05,2007-06-20,16345
2026-10-05,2007-06-21,16395
2026-10-05,2007-06-22,16435
2026-10-05,2007-06-25,16472
2026-10-05,2007-06-26,16522
2026-10-05,2007-06-27,16571
2026-10-05,2007-06-28,16604
2026-10-05,2007-06-29,16566
2026-10-05,2007-07-02,16566
2026-10-05,2007-07-03,16610
2026-10-05,2007-07-04,16619
2026-10-05,2007-07-05,16640
2026-10-05,2007-07-06,16670
2026-10-05,2007-07-10,16672
2026-10-05,2007-07-11,16699
2026-10-05,2007-07-12,16741
2026-10-05,2007-07-13,16800
2026-10-05,2007-07-16,16793
2026-10-05,2007-07-17,16848
2026-10-05,2007-07-18,16905
2026-10-05,2007-07-19,16961
2026-10-05,2007-07-20,17018
2026-10-05,2007-07-23,17078
2026-10-05,2007-07-24,17125
2026-10-05,2007-07-25,17111
2026-10-05,2007-07-26,17170
2026-10-05,2007-07-27,17222
2026-10-05,2007-07-30,17261
2026-10-05,2007-07-31,17237
2026-10-05,2007-08-01,17381
2026-10-05,2007-08-02,17418
2026-10-05,2007-08-03,17439
2026-10-05,2007-08-06,17393
2026-10-05,2007-08-07,17441
2026-10-05,2007-08-08,17493
2026-10-05,2007-08-09,17544
2026-10-05,2007-08-10,17519
2026-10-05,2007-08-13,17571
2026-10-05,2007-08-14,17639
2026-10-05,2007-08-15,17689
2026-10-05,2007-08-16,17758
2026-10-05,2007-08-17,17826
2026-10-05,2007-08-21,17881
2026-10-05,2007-08-22,17907
2026-10-05,2007-08-23,17963
2026-10-05,2007-08-24,18018
2026-10-05,2007-08-27,18082
2026-10-05,2007-08-28,18141
2026-10-05,2007-08-29,18178
2026-10-05,2007-08-30,18236
2026-10-05,2007-08-31,18228
2026-10-05,2007-09-03,18232
2026-10-05,2007-09-04,18291
2026-10-05,2007-09-05,18324
2026-10-05,2007-09-06,18367
2026-10-05,2007-09-07,18409
2026-10-05,2007-09-10,18418
2026-10-05,2007-09-11,18470
2026-10-05,2007-09-12,18539
2026-10-05,2007-09-13,18617
2026-10-05,2007-09-14,18653
2026-10-05,2007-09-17,18714
2026-10-05,2007-09-18,18785
2026-10-05,2007-09-19,18860
2026-10-05,2007-09-20,18934
2026-10-05,2007-09-21,18999
2026-10-05,2007-09-24,18992
2026-10-05,2007-09-25,19054
2026-10-05,2007-09-26,19118
2026-10-05,2007-09-27,19183
2026-10-05,2007-09-28,19089
2026-10-05,2007-10-01,19143
2026-10-05,2007-10-02,19177
2026-10-05,2007-10-03,19205
2026-10-05,2007-10-04,19250
2026-10-05,2007-10-05,19285
2026-10-05,2007-10-08,19218
2026-10-05,2007-10-09,19264
2026-10-05,2007-10-10,19276
2026-10-05,2007-10-11,19306
2026-10-05,2007-10-12,19375
2026-10-05,2007-10-16,19427
2026-10-05,2007-10-17,19504
2026-10-05,2007-10-18,19568
2026-10-05,2007-10-19,19625
2026-10-05,2007-10-22,19683
2026-10-05,2007-10-23,19744
2026-10-05,2007-10-24,19799
2026-10-05,2007-10-25,19851
2026-10-05,2007-10-26,19906
2026-10-05,2007-10-29,19958
2026-10-05,2007-10-30,20001
2026-10-05,2007-10-31,20007
2026-10-05,2007-11-01,20047
2026-10-05,2007-11-02,20082
2026-10-05,2007-11-05,20083
2026-10-05,2007-11-07,20139
2026-10-05,2007-11-08,20194
2026-10-05,2007-11-09,20253
2026-10-05,2007-11-12,20221
2026-10-05,2007-11-13,20279
2026-10-05,2007-11-14,20356
2026-10-05,2007-11-15,20383
2026-10-05,2007-11-16,20480
2026-10-05,2007-11-19,20314
2026-10-05,2007-11-20,20377
2026-10-05,2007-11-21,20448
2026-10-05,2007-11-22,20505
2026-10-05,2007-11-23,20565
2026-10-05,2007-11-26,20625
2026-10-05,2007-11-27,20675
2026-10-05,2007-11-28,20740
2026-10-05,2007-11-29,20748
2026-10-05,2007-11-30,20731
2026-10-05,2007-12-03,20771
2026-10-05,2007-12-04,20793
2026-10-05,2007-12-05,20804
2026-10-05,2007-12-06,20835
2026-10-05,2007-12-07,20866
2026-10-05,2007-12-10,20844
2026-10-05,2007-12-11,20891
2026-10-05,2007-12-12,20959
2026-10-05,2007-12-13,21020
2026-10-05,2007-12-14,20964
2026-10-05,2007-12-17,21027
2026-10-05,2007-12-18,21099
2026-10-05,2007-12-19,21153
2026-10-05,2007-12-20,21214
2026-10-05,2007-12-21,21221
2026-10-05,2007-12-26,21288
2026-10-05,2007-12-27,21340
2026-10-05,2007-12-28,21322
2026-10-05,2008-01-02,21335
2026-10-05,2008-01-03,21393
2026-10-05,2008-01-04,21423
2026-10-05,2008-01-07,21436
2026-10-05,2008-01-08,21440
2026-10-05,2008-01-09,21507
2026-10-05,2008-01-10,21507
2026-10-05,2008-01-11,21566
2026-10-05,2008-01-14,21617
2026-10-05,2008-01-15,21678
2026-10-05,2008-01-16,21738
2026-10-05,2008-01-17,21805
2026-10-05,2008-01-18,21875
2026-10-05,2008-01-21,21945
2026-10-05,2008-01-22,21997
2026-10-05,2008-01-23,22059
2026-10-05,2008-01-24,22124
2026-10-05,2008-01-25,22178
2026-10-05,2008-01-28,22225
2026-10-05,2008-01-29,22276
2026-10-05,2008-01-30,22205
2026-10-05,2008-01-31,22211
2026-10-05,2008-02-01,22258
2026-10-05,2008-02-04,22293
2026-10-05,2008-02-05,22289
2026-10-05,2008-02-06,22323
2026-10-05,2008-02-07,22375
2026-10-05,2008-02-08,22423
2026-10-05,2008-02-11,22434
2026-10-05,2008-02-12,22497
2026-10-05,2008-02-13,22541
2026-10-05,2008-02-14,22597
2026-10-05,2008-02-15,22587
2026-10-05,2008-02-18,22645
2026-10-05,2008-02-19,22714
2026-10-05,2008-02-20,22718
2026-10-05,2008-02-21,22779
2026-10-05,2008-02-22,22844
2026-10-05,2008-02-25,22897
2026-10-05,2008-02-26,22961
2026-10-05,2008-02-27,23020
2026-10-05,2008-02-28,23074
2026-10-05,2008-02-29,23013
2026-10-05,2008-03-03,22882
2026-10-05,2008-03-04,22932
2026-10-05,2008-03-05,22968
2026-10-05,2008-03-06,23002
2026-10-05,2008-03-07,23027
2026-10-05,2008-03-10,23034
2026-10-05,2008-03-11,23089
2026-10-05,2008-03-12,23156
2026-10-05,2008-03-13,23225
2026-10-05,2008-03-14,23302
2026-10-05,2008-03-17,23372
2026-10-05,2008-03-18,23452
2026-10-05,2008-03-19,23559
2026-10-05,2008-03-25,23521
2026-10-05,2008-03-26,23584
2026-10-05,2008-03-27,23643
2026-10-05,2008-03-28,23639
2026-10-05,2008-03-31,23522
2026-10-05,2008-04-01,23562
2026-10-05,2008-04-03,23601
2026-10-05,2008-04-04,23621
2026-10-05,2008-04-07,23638
2026-10-05,2008-04-08,23703
2026-10-05,2008-04-09,23779
2026-10-05,2008-04-10,23798
2026-10-05,2008-04-11,23844
2026-10-05,2008-04-14,23911
2026-10-05,2008-04-15,23969
2026-10-05,2008-04-16,24040
2026-10-05,2008-04-17,24130
2026-10-05,2008-04-18,24198
2026-10-05,2008-04-21,24266
2026-10-05,2008-04-22,24409
2026-10-05,2008-04-23,24493
2026-10-05,2008-04-24,24570
2026-10-05,2008-04-25,24644
2026-10-05,2008-04-28,24713
2026-10-05,2008-04-29,24775
2026-10-05,2008-04-30,24716
2026-10-05,2008-05-02,24717
2026-10-05,2008-05-05,24745
2026-10-05,2008-05-06,24784
2026-10-05,2008-05-07,24838
2026-10-05,2008-05-08,24922
2026-10-05,2008-05-09,24986
2026-10-05,2008-05-12,24994
2026-10-05,2008-05-13,24949
2026-10-05,2008-05-14,25068
2026-10-05,2008-05-15,25149
2026-10-05,2008-05-16,25233
2026-10-05,2008-05-19,25313
2026-10-05,2008-05-20,25363
2026-10-05,2008-05-21,25371
2026-10-05,2008-05-22,25446
2026-10-05,2008-05-23,25508
2026-10-05,2008-05-26,25351
2026-10-05,2008-05-27,25420
2026-10-05,2008-05-28,25401
2026-10-05,2008-05-29,25425
2026-10-05,2008-05-30,25401
2026-10-05,2008-06-02,25377
2026-10-05,2008-06-03,25383
2026-10-05,2008-06-04,25426
2026-10-05,2008-06-05,25433
2026-10-05,2008-06-06,25498
2026-10-05,2008-06-09,25530
2026-10-05,2008-06-10,25457
2026-10-05,2008-06-11,25508
2026-10-05,2008-06-12,25566
2026-10-05,2008-06-13,25626
2026-10-05,2008-06-17,25655
2026-10-05,2008-06-18,25701
2026-10-05,2008-06-19,25757
2026-10-05,2008-06-20,25809
2026-10-05,2008-06-23,25843
2026-10-05,2008-06-24,25876
2026-10-05,2008-06-25,25904
2026-10-05,2008-06-26,25936
2026-10-05,2008-06-27,25960
2026-10-05,2008-06-30,25934
2026-10-05,2008-07-01,25946
2026-10-05,2008-07-02,25982
2026-10-05,2008-07-03,25981
2026-10-05,2008-07-04,25966
2026-10-05,2008-07-07,25959
2026-10-05,2008-07-08,25966
2026-10-05,2008-07-10,25941
2026-10-05,2008-07-11,25985
2026-10-05,2008-07-14,25838
2026-10-05,2008-07-15,25878
2026-10-05,2008-07-16,25927
2026-10-05,2008-07-17,25975
2026-10-05,2008-07-18,26035
2026-10-05,2008-07-21,26067
2026-10-05,2008-07-22,26117
2026-10-05,2008-07-23,26170
2026-10-05,2008-07-24,26219
2026-10-05,2008-07-25,26217
2026-10-05,2008-07-28,26247
2026-10-05,2008-07-29,26262
2026-10-05,2008-07-30,26228
2026-10-05,2008-07-31,26156
2026-10-05,2008-08-01,26185
2026-10-05,2008-08-04,26196
2026-10-05,2008-08-05,26197
2026-10-05,2008-08-06,26197
2026-10-05,2008-08-07,26212
2026-10-05,2008-08-08,26217
2026-10-05,2008-08-11,26139
2026-10-05,2008-08-12,26180
2026-10-05,2008-08-13,26231
2026-10-05,2008-08-14,26284
2026-10-05,2008-08-15,26317
2026-10-05,2008-08-19,26372
2026-10-05,2008-08-20,26426
2026-10-05,2008-08-21,26474
2026-10-05,2008-08-22,26524
2026-10-05,2008-08-25,26555
2026-10-05,2008-08-26,26597
2026-10-05,2008-08-27,26630
2026-10-05,2008-08-28,26670
2026-10-05,2008-08-29,26565
2026-10-05,2008-09-01,26565
2026-10-05,2008-09-02,26581
2026-10-05,2008-09-03,26602
2026-10-05,2008-09-04,26628
2026-10-05,2008-09-05,26627
2026-10-05,2008-09-08,26515
2026-10-05,2008-09-09,26509
2026-10-05,2008-09-10,26488
2026-10-05,2008-09-11,26555
2026-10-05,2008-09-12,26593
2026-10-05,2008-09-15,26658
2026-10-05,2008-09-16,26720
2026-10-05,2008-09-17,26769
2026-10-05,2008-09-18,26833
2026-10-05,2008-09-19,26877
2026-10-05,2008-09-22,26923
2026-10-05,2008-09-23,26968
2026-10-05,2008-09-24,27015
2026-10-05,2008-09-25,27047
2026-10-05,2008-09-26,27097
2026-10-05,2008-09-29,27112
2026-10-05,2008-09-30,26965
2026-10-05,2008-10-01,27014
2026-10-05,2008-10-02,27045
2026-10-05,2008-10-03,27016
2026-10-05,2008-10-06,26981
2026-10-05,2008-10-07,27010
2026-10-05,2008-10-08,27058
2026-10-05,2008-10-09,27100
2026-10-05,2008-10-10,27110
2026-10-05,2008-10-14,27134
2026-10-05,2008-10-15,27179
2026-10-05,2008-10-16,27241
2026-10-05,2008-10-17,27285
2026-10-05,2008-10-20,27332
2026-10-05,2008-10-21,27359
2026-10-05,2008-10-22,27406
2026-10-05,2008-10-23,27454
2026-10-05,2008-10-24,27499
2026-10-05,2008-10-27,27532
2026-10-05,2008-10-28,27515
2026-10-05,2008-10-29,27547
2026-10-05,2008-10-30,27561
2026-10-05,2008-10-31,27546
2026-10-05,2008-11-03,27556
2026-10-05,2008-11-04,27557
2026-10-05,2008-11-05,27539
2026-10-05,2008-11-07,27522
2026-10-05,2008-11-10,27463
2026-10-05,2008-11-11,27477
2026-10-05,2008-11-12,27507
2026-10-05,2008-11-13,27540
2026-10-05,2008-11-14,27574
2026-10-05,2008-11-17,27590
2026-10-05,2008-11-18,27635
2026-10-05,2008-11-19,27675
2026-10-05,2008-11-20,27705
2026-10-05,2008-11-21,27730
2026-10-05,2008-11-24,27755
2026-10-05,2008-11-25,27768
2026-10-05,2008-11-26,27736
2026-10-05,2008-11-27,27738
2026-10-05,2008-11-28,27721
2026-10-05,2008-12-01,27711
2026-10-05,2008-12-02,27702
2026-10-05,2008-12-03,27688
2026-10-05,2008-12-04,27680
2026-10-05,2008-12-05,27658
2026-10-05,2008-12-09,27650
2026-10-05,2008-12-10,27618
2026-10-05,2008-12-11,27564
2026-10-05,2008-12-12,27590
2026-10-05,2008-12-15,27606
2026-10-05,2008-12-16,27635
2026-10-05,2008-12-17,27662
2026-10-05,2008-12-18,27687
2026-10-05,2008-12-19,27699
2026-10-05,2008-12-22,27703
2026-10-05,2008-12-23,27703
2026-10-05,2008-12-24,27717
2026-10-05,2008-12-26,27717
2026-10-05,2008-12-29,27708
2026-10-05,2008-12-30,27685
2026-10-05,2008-12-31,27636
2026-10-05,2009-01-02,27626
2026-10-05,2009-01-05,27599
2026-10-05,2009-01-06,27579
2026-10-05,2009-01-07,27567
2026-10-05,2009-01-08,27513
2026-10-05,2009-01-09,27536
2026-10-05,2009-01-12,27480
2026-10-05,2009-01-13,27497
2026-10-05,2009-01-14,27520
2026-10-05,2009-01-15,27532
2026-10-05,2009-01-16,27566
2026-10-05,2009-01-19,27558
2026-10-05,2009-01-20,27596
2026-10-05,2009-01-21,27625
2026-10-05,2009-01-22,27658
2026-10-05,2009-01-23,27704
2026-10-05,2009-01-26,27693
2026-10-05,2009-01-27,27708
2026-10-05,2009-01-28,27718
2026-10-05,2009-01-29,27736
2026-10-05,2009-01-30,27703
2026-10-05,2009-02-02,27653
2026-10-05,2009-02-03,27637
2026-10-05,2009-02-04,27626
2026-10-05,2009-02-05,27602
2026-10-05,2009-02-06,27602
2026-10-05,2009-02-09,27522
2026-10-05,2009-02-10,27487
2026-10-05,2009-02-11,27508
2026-10-05,2009-02-12,27538
2026-10-05,2009-02-13,27574
2026-10-05,2009-02-16,27590
2026-10-05,2009-02-17,27625
2026-10-05,2009-02-18,27677
2026-10-05,2009-02-19,27712
2026-10-05,2009-02-20,27686
2026-10-05,2009-02-23,27713
2026-10-05,2009-02-24,27650
2026-10-05,2009-02-25,27668
2026-10-05,2009-02-26,27686
2026-10-05,2009-02-27,27592
2026-10-05,2009-03-02,27597
2026-10-05,2009-03-03,27603
2026-10-05,2009-03-04,27587
2026-10-05,2009-03-05,27572
2026-10-05,2009-03-06,27569
2026-10-05,2009-03-09,27567
2026-10-05,2009-03-10,27499
2026-10-05,2009-03-11,27492
2026-10-05,2009-03-12,27522
2026-10-05,2009-03-13,27510
2026-10-05,2009-03-16,27536
2026-10-05,2009-03-17,27566
2026-10-05,2009-03-18,27620
2026-10-05,2009-03-19,27669
2026-10-05,2009-03-20,27723
2026-10-05,2009-03-23,27787
2026-10-05,2009-03-25,27821
2026-10-05,2009-03-26,27860
2026-10-05,2009-03-27,27875
2026-10-05,2009-03-30,27903
2026-10-05,2009-03-31,27811
2026-10-05,2009-04-01,27814
2026-10-05,2009-04-03,27812
2026-10-05,2009-04-06,27780
2026-10-05,2009-04-07,27784
2026-10-05,2009-04-08,27779
2026-10-05,2009-04-13,27684
2026-10-05,2009-04-14,27722
2026-10-05,2009-04-15,27701
2026-10-05,2009-04-16,27753
2026-10-05,2009-04-17,27829
2026-10-05,2009-04-20,27878
2026-10-05,2009-04-21,27923
2026-10-05,2009-04-22,27963
2026-10-05,2009-04-23,28000
2026-10-05,2009-04-24,28031
2026-10-05,2009-04-27,28069
2026-10-05,2009-04-28,28102
2026-10-05,2009-04-29,28099
2026-10-05,2009-04-30,28015
2026-10-05,2009-05-04,27923
2026-10-05,2009-05-05,27926
2026-10-05,2009-05-06,27909
2026-10-05,2009-05-07,27897
2026-10-05,2009-05-08,27887
2026-10-05,2009-05-11,27816
2026-10-05,2009-05-12,27829
2026-10-05,2009-05-13,27869
2026-10-05,2009-05-14,27894
2026-10-05,2009-05-15,27917
2026-10-05,2009-05-18,27953
2026-10-05,2009-05-19,27991
2026-10-05,2009-05-20,28029
2026-10-05,2009-05-21,28016
2026-10-05,2009-05-22,28030
2026-10-05,2009-05-26,28056
2026-10-05,2009-05-27,28085
2026-10-05,2009-05-28,28091
2026-10-05,2009-05-29,28009
2026-10-05,2009-06-01,27960
2026-10-05,2009-06-02,27950
2026-10-05,2009-06-03,27932
2026-10-05,2009-06-04,27946
2026-10-05,2009-06-05,27914
2026-10-05,2009-06-08,27880
2026-10-05,2009-06-09,27904
2026-10-05,2009-06-10,27855
2026-10-05,2009-06-11,27873
2026-10-05,2009-06-12,27903
2026-10-05,2009-06-16,27917
2026-10-05,2009-06-17,27936
2026-10-05,2009-06-18,27965
2026-10-05,2009-06-19,27993
2026-10-05,2009-06-22,27986
2026-10-05,2009-06-23,27997
2026-10-05,2009-06-24,28012
2026-10-05,2009-06-25,28011
2026-10-05,2009-06-26,27995
2026-10-05,2009-06-29,28029
2026-10-05,2009-06-30,27881
2026-10-05,2009-07-01,27872
2026-10-05,2009-07-02,27860
2026-10-05,2009-07-03,27850
2026-10-05,2009-07-06,27796
2026-10-05,2009-07-07,27800
2026-10-05,2009-07-08,27786
2026-10-05,2009-07-13,27723
2026-10-05,2009-07-14,27739
2026-10-05,2009-07-15,27740
2026-10-05,2009-07-16,27729
2026-10-05,2009-07-17,27759
2026-10-05,2009-07-20,27784
2026-10-05,2009-07-21,27826
2026-10-05,2009-07-22,27855
2026-10-05,2009-07-23,27870
2026-10-05,2009-07-24,27899
2026-10-05,2009-07-27,27929
2026-10-05,2009-07-28,27959
2026-10-05,2009-07-29,27988
2026-10-05,2009-07-30,27982
2026-10-05,2009-07-31,27921
2026-10-05,2009-08-03,27920
2026-10-05,2009-08-04,27960
2026-10-05,2009-08-05,27945
2026-10-05,2009-08-06,27940
2026-10-05,2009-08-07,27945
2026-10-05,2009-08-10,27865
2026-10-05,2009-08-11,27902
2026-10-05,2009-08-12,27952
2026-10-05,2009-08-13,28000
2026-10-05,2009-08-14,28051
2026-10-05,2009-08-18,28047
2026-10-05,2009-08-19,28046
2026-10-05,2009-08-20,28089
2026-10-05,2009-08-21,28133
2026-10-05,2009-08-24,28190
2026-10-05,2009-08-25,28237
2026-10-05,2009-08-26,28278
2026-10-05,2009-08-27,28309
2026-10-05,2009-08-28,28328
2026-10-05,2009-08-31,28218
2026-10-05,2009-09-01,28222
2026-10-05,2009-09-02,28257
2026-10-05,2009-09-03,28294
2026-10-05,2009-09-04,28285
2026-10-05,2009-09-07,28278
2026-10-05,2009-09-08,28309
2026-10-05,2009-09-09,28352
2026-10-05,2009-09-10,28314
2026-10-05,2009-09-11,28382
2026-10-05,2009-09-14,28427
2026-10-05,2009-09-15,28486
2026-10-05,2009-09-16,28559
2026-10-05,2009-09-17,28606
2026-10-05,2009-09-18,28613
2026-10-05,2009-09-21,28659
2026-10-05,2009-09-22,28711
2026-10-05,2009-09-23,28747
2026-10-05,2009-09-24,28803
2026-10-05,2009-09-25,28846
2026-10-05,2009-09-28,28877
2026-10-05,2009-09-29,28864
2026-10-05,2009-09-30,28833
2026-10-05,2009-10-01,28876
2026-10-05,2009-10-02,28885
2026-10-05,2009-10-05,28843
2026-10-05,2009-10-06,28841
2026-10-05,2009-10-07,28871
2026-10-05,2009-10-08,28913
2026-10-05,2009-10-09,28944
2026-10-05,2009-10-13,28909
2026-10-05,2009-10-14,28942
2026-10-05,2009-10-15,28997
2026-10-05,2009-10-16,29048
2026-10-05,2009-10-19,29099
2026-10-05,2009-10-20,29133
2026-10-05,2009-10-21,29150
2026-10-05,2009-10-22,29206
2026-10-05,2009-10-23,29261
2026-10-05,2009-10-26,29308
2026-10-05,2009-10-27,29373
2026-10-05,2009-10-28,29428
2026-10-05,2009-10-29,29466
2026-10-05,2009-10-30,29369
2026-10-05,2009-11-02,29394
2026-10-05,2009-11-03,29409
2026-10-05,2009-11-04,29412
2026-10-05,2009-11-05,29415
2026-10-05,2009-11-09,29421
2026-10-05,2009-11-10,29336
2026-10-05,2009-11-11,29365
2026-10-05,2009-11-12,29423
2026-10-05,2009-11-13,29479
2026-10-05,2009-11-16,29531
2026-10-05,2009-11-17,29589
2026-10-05,2009-11-18,29644
2026-10-05,2009-11-19,29711
2026-10-05,2009-11-20,29772
2026-10-05,2009-11-23,29764
2026-10-05,2009-11-24,29829
2026-10-05,2009-11-25,29877
2026-10-05,2009-11-26,29899
2026-10-05,2009-11-27,29936
2026-10-05,2009-11-30,29931
2026-10-05,2009-12-01,29934
2026-10-05,2009-12-02,29930
2026-10-05,2009-12-03,29934
2026-10-05,2009-12-04,29925
2026-10-05,2009-12-07,29906
2026-10-05,2009-12-09,29883
2026-10-05,2009-12-10,29842
2026-10-05,2009-12-11,29885
2026-10-05,2009-12-14,29931
2026-10-05,2009-12-15,29971
2026-10-05,2009-12-16,30020
2026-10-05,2009-12-17,30077
2026-10-05,2009-12-18,30120
2026-10-05,2009-12-21,30145
2026-10-05,2009-12-22,30160
2026-10-05,2009-12-23,30201
2026-10-05,2009-12-24,30240
2026-10-05,2009-12-28,30264
2026-10-05,2009-12-29,30286
2026-10-05,2009-12-30,30279
2026-10-05,2009-12-31,30281
2026-10-05,2010-01-04,30244
2026-10-05,2010-01-05,30254
2026-10-05,2010-01-06,30258
2026-10-05,2010-01-07,30271
2026-10-05,2010-01-08,30209
2026-10-05,2010-01-11,30181
2026-10-05,2010-01-12,30209
2026-10-05,2010-01-13,30282
2026-10-05,2010-01-14,30341
2026-10-05,2010-01-15,30410
2026-10-05,2010-01-18,30462
2026-10-05,2010-01-19,30517
2026-10-05,2010-01-20,30553
2026-10-05,2010-01-21,30605
2026-10-05,2010-01-22,30656
2026-10-05,2010-01-25,30702
2026-10-05,2010-01-26,30759
2026-10-05,2010-01-27,30849
2026-10-05,2010-01-28,30783
2026-10-05,2010-01-29,30675
2026-10-05,2010-02-01,30707
2026-10-05,2010-02-02,30700
2026-10-05,2010-02-03,30695
2026-10-05,2010-02-04,30701
2026-10-05,2010-02-05,30680
2026-10-05,2010-02-08,30700
2026-10-05,2010-02-09,30746
2026-10-05,2010-02-10,30717
2026-10-05,2010-02-11,30761
2026-10-05,2010-02-12,30822
2026-10-05,2010-02-15,30859
2026-10-05,2010-02-16,30919
2026-10-05,2010-02-17,30977
2026-10-05,2010-02-18,31049
2026-10-05,2010-02-19,31110
2026-10-05,2010-02-22,31056
2026-10-05,2010-02-23,31120
2026-10-05,2010-02-24,31163
2026-10-05,2010-02-25,31184
2026-10-05,2010-02-26,31054
2026-10-05,2010-03-01,31021
2026-10-05,2010-03-02,31070
2026-10-05,2010-03-03,31073
2026-10-05,2010-03-04,31063
2026-10-05,2010-03-05,31098
2026-10-05,2010-03-08,31054
2026-10-05,2010-03-09,31100
2026-10-05,2010-03-10,31078
2026-10-05,2010-03-11,31123
2026-10-05,2010-03-12,31180
2026-10-05,2010-03-15,31218
2026-10-05,2010-03-16,31245
2026-10-05,2010-03-17,31317
2026-10-05,2010-03-18,31384
2026-10-05,2010-03-19,31389
2026-10-05,2010-03-22,31442
2026-10-05,2010-03-23,31519
2026-10-05,2010-03-25,31584
2026-10-05,2010-03-26,31637
2026-10-05,2010-03-29,31644
2026-10-05,2010-03-30,31680
2026-10-05,2010-03-31,31670
2026-10-05,2010-04-05,31669
2026-10-05,2010-04-06,31688
2026-10-05,2010-04-07,31715
2026-10-05,2010-04-08,31745
2026-10-05,2010-04-09,31803
2026-10-05,2010-04-12,31732
2026-10-05,2010-04-13,31794
2026-10-05,2010-04-14,31867
2026-10-05,2010-04-15,31935
2026-10-05,2010-04-16,32012
2026-10-05,2010-04-19,32077
2026-10-05,2010-04-20,32137
2026-10-05,2010-04-21,32203
2026-10-05,2010-04-22,32270
2026-10-05,2010-04-23,32339
2026-10-05,2010-04-26,32421
2026-10-05,2010-04-27,32490
2026-10-05,2010-04-28,32546
2026-10-05,2010-04-29,32478
2026-10-05,2010-04-30,32430
2026-10-05,2010-05-03,32349
2026-10-05,2010-05-04,32318
2026-10-05,2010-05-05,32327
2026-10-05,2010-05-06,32385
2026-10-05,2010-05-07,32441
2026-10-05,2010-05-10,32387
2026-10-05,2010-05-11,32442
2026-10-05,2010-05-12,32506
2026-10-05,2010-05-13,32589
2026-10-05,2010-05-14,32663
2026-10-05,2010-05-17,32719
2026-10-05,2010-05-18,32793
2026-10-05,2010-05-19,32885
2026-10-05,2010-05-20,32869
2026-10-05,2010-05-21,32945
2026-10-05,2010-05-26,32986
2026-10-05,2010-05-27,33017
2026-10-05,2010-05-28,33056
2026-10-05,2010-05-31,32853
2026-10-05,2010-06-01,32842
2026-10-05,2010-06-02,32916
2026-10-05,2010-06-03,32933
2026-10-05,2010-06-04,32909
2026-10-05,2010-06-07,32915
2026-10-05,2010-06-08,32913
2026-10-05,2010-06-09,32963
2026-10-05,2010-06-10,32924
2026-10-05,2010-06-11,32985
2026-10-05,2010-06-14,32990
2026-10-05,2010-06-15,33035
2026-10-05,2010-06-16,33095
2026-10-05,2010-06-17,33089
2026-10-05,2010-06-18,33185
2026-10-05,2010-06-22,33203
2026-10-05,2010-06-23,33261
2026-10-05,2010-06-24,33315
2026-10-05,2010-06-25,33349
2026-10-05,2010-06-28,33426
2026-10-05,2010-06-29,33448
2026-10-05,2010-06-30,33278
2026-10-05,2010-07-01,33362
2026-10-05,2010-07-02,33372
2026-10-05,2010-07-05,33312
2026-10-05,2010-07-06,33324
2026-10-05,2010-07-07,33348
2026-10-05,2010-07-08,33419
2026-10-05,2010-07-12,33359
2026-10-05,2010-07-13,33410
2026-10-05,2010-07-14,33395
2026-10-05,2010-07-15,33452
2026-10-05,2010-07-16,33510
2026-10-05,2010-07-19,33577
2026-10-05,2010-07-20,33629
2026-10-05,2010-07-21,33699
2026-10-05,2010-07-22,33772
2026-10-05,2010-07-23,33844
2026-10-05,2010-07-26,33914
2026-10-05,2010-07-27,33979
2026-10-05,2010-07-28,33934
2026-10-05,2010-07-29,33999
2026-10-05,2010-07-30,33909
2026-10-05,2010-08-02,33973
2026-10-05,2010-08-03,34018
2026-10-05,2010-08-04,34040
2026-10-05,2010-08-05,34024
2026-10-05,2010-08-06,34051
2026-10-05,2010-08-09,34073
2026-10-05,2010-08-10,34054
2026-10-05,2010-08-11,34104
2026-10-05,2010-08-12,34103
2026-10-05,2010-08-13,34175
2026-10-05,2010-08-17,34230
2026-10-05,2010-08-18,34326
2026-10-05,2010-08-19,34427
2026-10-05,2010-08-20,34510
2026-10-05,2010-08-23,34593
2026-10-05,2010-08-24,34701
2026-10-05,2010-08-25,34803
2026-10-05,2010-08-26,34837
2026-10-05,2010-08-27,34907
2026-10-05,2010-08-30,34918
2026-10-05,2010-08-31,34848
2026-10-05,2010-09-01,34901
2026-10-05,2010-09-02,34971
2026-10-05,2010-09-03,35028
2026-10-05,2010-09-06,35005
2026-10-05,2010-09-07,35075
2026-10-05,2010-09-08,35116
2026-10-05,2010-09-09,35224
2026-10-05,2010-09-10,35110
2026-10-05,2010-09-13,35197
2026-10-05,2010-09-14,35300
2026-10-05,2010-09-15,35394
2026-10-05,2010-09-16,35451
2026-10-05,2010-09-17,35569
2026-10-05,2010-09-20,35653
2026-10-05,2010-09-21,35783
2026-10-05,2010-09-22,35923
2026-10-05,2010-09-23,36009
2026-10-05,2010-09-24,36106
2026-10-05,2010-09-27,36214
2026-10-05,2010-09-28,36296
2026-10-05,2010-09-29,36325
2026-10-05,2010-09-30,36176
2026-10-05,2010-10-01,36277
2026-10-05,2010-10-04,36330
2026-10-05,2010-10-05,36394
2026-10-05,2010-10-06,36403
2026-10-05,2010-10-07,36469
2026-10-05,2010-10-08,36532
2026-10-05,2010-10-12,36485
2026-10-05,2010-10-13,36588
2026-10-05,2010-10-14,36601
2026-10-05,2010-10-15,36709
2026-10-05,2010-10-18,36835
2026-10-05,2010-10-19,36965
2026-10-05,2010-10-20,37059
2026-10-05,2010-10-21,37168
2026-10-05,2010-10-22,37330
2026-10-05,2010-10-25,37424
2026-10-05,2010-10-26,37510
2026-10-05,2010-10-28,37560
2026-10-05,2010-10-29,37312
2026-10-05,2010-11-01,37353
2026-10-05,2010-11-02,37422
2026-10-05,2010-11-03,37486
2026-10-05,2010-11-04,37568
2026-10-05,2010-11-05,37601
2026-10-05,2010-11-08,37642
2026-10-05,2010-11-09,37739
2026-10-05,2010-11-10,37691
2026-10-05,2010-11-11,37824
2026-10-05,2010-11-12,37916
2026-10-05,2010-11-15,38011
2026-10-05,2010-11-16,38139
2026-10-05,2010-11-17,38258
2026-10-05,2010-11-18,38354
2026-10-05,2010-11-19,38477
2026-10-05,2010-11-23,38626
2026-10-05,2010-11-24,38627
2026-10-05,2010-11-25,38730
2026-10-05,2010-11-26,38799
2026-10-05,2010-11-29,38854
2026-10-05,2010-11-30,38739
2026-10-05,2010-12-01,38794
2026-10-05,2010-12-02,38856
2026-10-05,2010-12-03,38930
2026-10-05,2010-12-06,38882
2026-10-05,2010-12-07,38922
2026-10-05,2010-12-09,38983
2026-10-05,2010-12-10,38971
2026-10-05,2010-12-13,39052
2026-10-05,2010-12-14,39173
2026-10-05,2010-12-15,39276
2026-10-05,2010-12-16,39387
2026-10-05,2010-12-17,39400
2026-10-05,2010-12-20,39526
2026-10-05,2010-12-21,39627
2026-10-05,2010-12-22,39719
2026-10-05,2010-12-23,39818
2026-10-05,2010-12-27,39925
2026-10-05,2010-12-28,39970
2026-10-05,2010-12-29,39982
2026-10-05,2010-12-30,39991
2026-10-05,2011-01-03,40029
2026-10-05,2011-01-04,40070
2026-10-05,2011-01-05,40043
2026-10-05,2011-01-06,40097
2026-10-05,2011-01-07,40160
2026-10-05,2011-01-10,40053
2026-10-05,2011-01-11,40144
2026-10-05,2011-01-12,40243
2026-10-05,2011-01-13,40346
2026-10-05,2011-01-14,40464
2026-10-05,2011-01-17,40481
2026-10-05,2011-01-18,40592
2026-10-05,2011-01-19,40721
2026-10-05,2011-01-20,40815
2026-10-05,2011-01-21,40923
2026-10-05,2011-01-24,41013
2026-10-05,2011-01-25,41105
2026-10-05,2011-01-26,41191
2026-10-05,2011-01-27,41279
2026-10-05,2011-01-28,41289
2026-10-05,2011-01-31,41163
2026-10-05,2011-02-01,41269
2026-10-05,2011-02-02,41324
2026-10-05,2011-02-03,41360
2026-10-05,2011-02-04,41370
2026-10-05,2011-02-07,41404
2026-10-05,2011-02-08,41465
2026-10-05,2011-02-09,41567
2026-10-05,2011-02-10,41553
2026-10-05,2011-02-11,41647
2026-10-05,2011-02-14,41754
2026-10-05,2011-02-15,41867
2026-10-05,2011-02-16,41974
2026-10-05,2011-02-17,41803
2026-10-05,2011-02-18,41875
2026-10-05,2011-02-21,41990
2026-10-05,2011-02-22,42075
2026-10-05,2011-02-23,42218
2026-10-05,2011-02-24,42335
2026-10-05,2011-02-25,42390
2026-10-05,2011-02-28,42164
2026-10-05,2011-03-01,42309
2026-10-05,2011-03-02,42188
2026-10-05,2011-03-03,42166
2026-10-05,2011-03-04,42236
2026-10-05,2011-03-09,42240
2026-10-05,2011-03-10,42196
2026-10-05,2011-03-11,42328
2026-10-05,2011-03-14,42437
2026-10-05,2011-03-15,42551
2026-10-05,2011-03-16,42698
2026-10-05,2011-03-17,42842
2026-10-05,2011-03-18,42989
2026-10-05,2011-03-21,43082
2026-10-05,2011-03-22,43200
2026-10-05,2011-03-23,43319
2026-10-05,2011-03-28,43434
2026-10-05,2011-03-29,43444
2026-10-05,2011-03-30,43462
2026-10-05,2011-03-31,43443
2026-10-05,2011-04-01,43499
2026-10-05,2011-04-04,43522
2026-10-05,2011-04-05,43571
2026-10-05,2011-04-06,43635
2026-10-05,2011-04-07,43739
2026-10-05,2011-04-08,43889
2026-10-05,2011-04-11,43855
2026-10-05,2011-04-12,43978
2026-10-05,2011-04-13,44118
2026-10-05,2011-04-14,44257
2026-10-05,2011-04-15,44388
2026-10-05,2011-04-18,44521
2026-10-05,2011-04-19,44674
2026-10-05,2011-04-20,44807
2026-10-05,2011-04-25,44942
2026-10-05,2011-04-26,45114
2026-10-05,2011-04-27,45214
2026-10-05,2011-04-28,45202
2026-10-05,2011-04-29,44974
2026-10-05,2011-05-02,44978
2026-10-05,2011-05-03,45052
2026-10-05,2011-05-04,45106
2026-10-05,2011-05-05,45167
2026-10-05,2011-05-06,45273
2026-10-05,2011-05-09,45243
2026-10-05,2011-05-10,45206
2026-10-05,2011-05-11,45303
2026-10-05,2011-05-12,45439
2026-10-05,2011-05-13,45614
2026-10-05,2011-05-16,45733
2026-10-05,2011-05-17,45867
2026-10-05,2011-05-18,45997
2026-10-05,2011-05-19,46168
2026-10-05,2011-05-20,46268
2026-10-05,2011-05-23,46299
2026-10-05,2011-05-24,46439
2026-10-05,2011-05-26,46533
2026-10-05,2011-05-27,46638
2026-10-05,2011-05-30,46669
2026-10-05,2011-05-31,46567
2026-10-05,2011-06-01,46672
2026-10-05,2011-06-02,46721
2026-10-05,2011-06-03,46782
2026-10-05,2011-06-06,46760
2026-10-05,2011-06-07,46833
2026-10-05,2011-06-08,46856
2026-10-05,2011-06-09,46968
2026-10-05,2011-06-10,46898
2026-10-05,2011-06-13,47051
2026-10-05,2011-06-14,47178
2026-10-05,2011-06-15,47300
2026-10-05,2011-06-16,47423
2026-10-05,2011-06-17,47536
2026-10-05,2011-06-21,47616
2026-10-05,2011-06-22,47742
2026-10-05,2011-06-23,47856
2026-10-05,2011-06-24,47965
2026-10-05,2011-06-27,48078
2026-10-05,2011-06-28,48093
2026-10-05,2011-06-29,48140
2026-10-05,2011-06-30,47977
2026-10-05,2011-07-01,48037
2026-10-05,2011-07-04,48050
2026-10-05,2011-07-05,48049
2026-10-05,2011-07-06,48086
2026-10-05,2011-07-07,48091
2026-10-05,2011-07-08,48166
2026-10-05,2011-07-11,48120
2026-10-05,2011-07-12,48196
2026-10-05,2011-07-13,48318
2026-10-05,2011-07-14,48425
2026-10-05,2011-07-15,48534
2026-10-05,2011-07-18,48652
2026-10-05,2011-07-19,48793
2026-10-05,2011-07-20,48880
2026-10-05,2011-07-21,49003
2026-10-05,2011-07-22,49153
2026-10-05,2011-07-25,49187
2026-10-05,2011-07-26,49301
2026-10-05,2011-07-27,49423
2026-10-05,2011-07-28,49495
2026-10-05,2011-07-29,49470
2026-10-05,2011-08-01,49452
2026-10-05,2011-08-02,49505
2026-10-05,2011-08-03,49554
2026-10-05,2011-08-04,49548
2026-10-05,2011-08-05,49643
2026-10-05,2011-08-08,49703
2026-10-05,2011-08-09,49826
2026-10-05,2011-08-10,49814
2026-10-05,2011-08-11,49952
2026-10-05,2011-08-12,50075
2026-10-05,2011-08-15,50152
2026-10-05,2011-08-16,50305
2026-10-05,2011-08-17,50445
2026-10-05,2011-08-18,50622
2026-10-05,2011-08-19,50807
2026-10-05,2011-08-23,50952
2026-10-05,2011-08-24,51104
2026-10-05,2011-08-25,51270
2026-10-05,2011-08-26,51469
2026-10-05,2011-08-29,51598
2026-10-05,2011-08-30,51690
2026-10-05,2011-08-31,51693
2026-10-05,2011-09-01,51678
2026-10-05,2011-09-02,51775
2026-10-05,2011-09-05,51791
2026-10-05,2011-09-06,51897
2026-10-05,2011-09-07,52003
2026-10-05,2011-09-08,52148
2026-10-05,2011-09-09,52144
2026-10-05,2011-09-12,52169
2026-10-05,2011-09-13,52380
2026-10-05,2011-09-14,52563
2026-10-05,2011-09-15,52784
2026-10-05,2011-09-16,52970
2026-10-05,2011-09-19,53177
2026-10-05,2011-09-20,53351
2026-10-05,2011-09-21,53499
2026-10-05,2011-09-22,53689
2026-10-05,2011-09-23,53855
2026-10-05,2011-09-26,53808
2026-10-05,2011-09-27,53969
2026-10-05,2011-09-28,54102
2026-10-05,2011-09-29,54133
2026-10-05,2011-09-30,53991
2026-10-05,2011-10-03,54073
2026-10-05,2011-10-04,54177
2026-10-05,2011-10-05,54245
2026-10-05,2011-10-06,54331
2026-10-05,2011-10-07,54477
2026-10-05,2011-10-11,54417
2026-10-05,2011-10-12,54560
2026-10-05,2011-10-13,54741
2026-10-05,2011-10-14,54906
2026-10-05,2011-10-17,55055
2026-10-05,2011-10-18,55306
2026-10-05,2011-10-19,55397
2026-10-05,2011-10-20,55588
2026-10-05,2011-10-21,55766
2026-10-05,2011-10-24,55920
2026-10-05,2011-10-25,56066
2026-10-05,2011-10-26,56078
2026-10-05,2011-10-27,56153
2026-10-05,2011-10-28,56241
2026-10-05,2011-10-31,56298
2026-10-05,2011-11-01,56395
2026-10-05,2011-11-02,56358
2026-10-05,2011-11-03,56433
2026-10-05,2011-11-04,56574
2026-10-05,2011-11-07,56576
2026-10-05,2011-11-08,56702
2026-10-05,2011-11-09,56774
2026-10-05,2011-11-10,56664
2026-10-05,2011-11-11,56798
2026-10-05,2011-11-14,56911
2026-10-05,2011-11-15,57032
2026-10-05,2011-11-16,57183
2026-10-05,2011-11-17,57302
2026-10-05,2011-11-18,57469
2026-10-05,2011-11-21,57562
2026-10-05,2011-11-22,57641
2026-10-05,2011-11-23,57769
2026-10-05,2011-11-24,57877
2026-10-05,2011-11-25,57908
2026-10-05,2011-11-29,57954
2026-10-05,2011-11-30,57770
2026-10-05,2011-12-01,57922
2026-10-05,2011-12-02,57951
2026-10-05,2011-12-05,57910
2026-10-05,2011-12-06,57774
2026-10-05,2011-12-07,57869
2026-10-05,2011-12-12,57718
2026-10-05,2011-12-13,57785
2026-10-05,2011-12-14,57907
2026-10-05,2011-12-15,57990
2026-10-05,2011-12-16,58097
2026-10-05,2011-12-19,58204
2026-10-05,2011-12-20,58288
2026-10-05,2011-12-21,58342
2026-10-05,2011-12-22,58436
2026-10-05,2011-12-23,58355
2026-10-05,2011-12-27,58439
2026-10-05,2011-12-28,58445
2026-10-05,2011-12-29,58482
2026-10-05,2011-12-30,58513
2026-10-05,2012-01-03,58389
2026-10-05,2012-01-04,58376
2026-10-05,2012-01-05,58383
2026-10-05,2012-01-06,58413
2026-10-05,2012-01-09,58405
2026-10-05,2012-01-10,58343
2026-10-05,2012-01-11,58441
2026-10-05,2012-01-12,58520
2026-10-05,2012-01-13,58663
2026-10-05,2012-01-16,58747
2026-10-05,2012-01-17,58734
2026-10-05,2012-01-18,58855
2026-10-05,2012-01-19,58977
2026-10-05,2012-01-20,59084
2026-10-05,2012-01-23,59175
2026-10-05,2012-01-24,59299
2026-10-05,2012-01-25,59398
2026-10-05,2012-01-26,59502
2026-10-05,2012-01-27,59572
2026-10-05,2012-01-30,59561
2026-10-05,2012-01-31,59589
2026-10-05,2012-02-01,59516
2026-10-05,2012-02-02,59531
2026-10-05,2012-02-03,59450
2026-10-05,2012-02-06,59405
2026-10-05,2012-02-07,59491
2026-10-05,2012-02-08,59576
2026-10-05,2012-02-09,59689
2026-10-05,2012-02-10,59678
2026-10-05,2012-02-13,59733
2026-10-05,2012-02-14,59737
2026-10-05,2012-02-15,59783
2026-10-05,2012-02-16,59930
2026-10-05,2012-02-17,60097
2026-10-05,2012-02-22,60217
2026-10-05,2012-02-23,60337
2026-10-05,2012-02-24,60473
2026-10-05,2012-02-28,60526
2026-10-05,2012-02-29,60396
2026-10-05,2012-03-01,60504
2026-10-05,2012-03-02,60499
2026-10-05,2012-03-05,60318
2026-10-05,2012-03-06,60379
2026-10-05,2012-03-07,60450
2026-10-05,2012-03-08,60556
2026-10-05,2012-03-09,60689
2026-10-05,2012-03-12,60654
2026-10-05,2012-03-13,60772
2026-10-05,2012-03-14,60913
2026-10-05,2012-03-15,61026
2026-10-05,2012-03-16,61196
2026-10-05,2012-03-19,61329
2026-10-05,2012-03-20,61428
2026-10-05,2012-03-21,61594
2026-10-05,2012-03-22,61785
2026-10-05,2012-03-23,61958
2026-10-05,2012-03-26,62065
2026-10-05,2012-03-27,62214
2026-10-05,2012-03-28,62339
2026-10-05,2012-03-29,62343
2026-10-05,2012-03-30,62181
2026-10-05,2012-04-03,62186
2026-10-05,2012-04-04,62232
2026-10-05,2012-04-09,62000
2026-10-05,2012-04-10,61935
2026-10-05,2012-04-11,62049
2026-10-05,2012-04-12,62154
2026-10-05,2012-04-13,62302
2026-10-05,2012-04-16,62318
2026-10-05,2012-04-17,62414
2026-10-05,2012-04-18,62562
2026-10-05,2012-04-19,62726
2026-10-05,2012-04-20,62870
2026-10-05,2012-04-23,63013
2026-10-05,2012-04-24,63160
2026-10-05,2012-04-25,63233
2026-10-05,2012-04-26,63150
2026-10-05,2012-04-27,63072
2026-10-05,2012-05-02,63081
2026-10-05,2012-05-03,63111
2026-10-05,2012-05-04,63145
2026-10-05,2012-05-07,63089
2026-10-05,2012-05-08,63095
2026-10-05,2012-05-09,63227
2026-10-05,2012-05-10,63203
2026-10-05,2012-05-11,63351
2026-10-05,2012-05-14,63487
2026-10-05,2012-05-15,63613
2026-10-05,2012-05-16,63763
2026-10-05,2012-05-17,63915
2026-10-05,2012-05-18,64077
2026-10-05,2012-05-21,64246
2026-10-05,2012-05-22,64419
2026-10-05,2012-05-23,64584
2026-10-05,2012-05-24,64721
2026-10-05,2012-05-28,64769
2026-10-05,2012-05-29,64736
2026-10-05,2012-05-30,64844
2026-10-05,2012-05-31,64863
2026-10-05,2012-06-01,64871
2026-10-05,2012-06-04,64860
2026-10-05,2012-06-05,64813
2026-10-05,2012-06-06,64829
2026-10-05,2012-06-07,64885
2026-10-05,2012-06-08,64920
2026-10-05,2012-06-11,64922
2026-10-05,2012-06-12,65019
2026-10-05,2012-06-13,65147
2026-10-05,2012-06-14,65278
2026-10-05,2012-06-15,65376
2026-10-05,2012-06-18,65466
2026-10-05,2012-06-19,65602
2026-10-05,2012-06-21,65722
2026-10-05,2012-06-22,65749
2026-10-05,2012-06-25,65880
2026-10-05,2012-06-26,65974
2026-10-05,2012-06-27,66005
2026-10-05,2012-06-28,66057
2026-10-05,2012-06-29,65818
2026-10-05,2012-07-02,65665
2026-10-05,2012-07-03,65675
2026-10-05,2012-07-04,65645
2026-10-05,2012-07-05,65642
2026-10-05,2012-07-06,65668
2026-10-05,2012-07-10,65525
2026-10-05,2012-07-11,65603
2026-10-05,2012-07-12,65706
2026-10-05,2012-07-13,65812
2026-10-05,2012-07-16,65917
2026-10-05,2012-07-17,66063
2026-10-05,2012-07-18,66082
2026-10-05,2012-07-19,66243
2026-10-05,2012-07-20,66379
2026-10-05,2012-07-23,66479
2026-10-05,2012-07-24,66618
2026-10-05,2012-07-25,66666
2026-10-05,2012-07-26,66805
2026-10-05,2012-07-27,66931
2026-10-05,2012-07-30,66949
2026-10-05,2012-07-31,66939
2026-10-05,2012-08-01,66947
2026-10-05,2012-08-02,67032
2026-10-05,2012-08-03,67088
2026-10-05,2012-08-06,67030
2026-10-05,2012-08-07,67097
2026-10-05,2012-08-08,67187
2026-10-05,2012-08-09,67278
2026-10-05,2012-08-10,67308
2026-10-05,2012-08-13,67436
2026-10-05,2012-08-14,67578
2026-10-05,2012-08-15,67722
2026-10-05,2012-08-16,67911
2026-10-05,2012-08-17,68061
2026-10-05,2012-08-21,68227
2026-10-05,2012-08-22,68390
2026-10-05,2012-08-23,68507
2026-10-05,2012-08-24,68665
2026-10-05,2012-08-27,68802
2026-10-05,2012-08-28,68884
2026-10-05,2012-08-29,69027
2026-10-05,2012-08-30,69191
2026-10-05,2012-08-31,69081
2026-10-05,2012-09-03,68947
2026-10-05,2012-09-04,68924
2026-10-05,2012-09-05,68903
2026-10-05,2012-09-06,68910
2026-10-05,2012-09-07,69105
2026-10-05,2012-09-10,68983
2026-10-05,2012-09-11,68955
2026-10-05,2012-09-12,69012
2026-10-05,2012-09-13,69243
2026-10-05,2012-09-14,69423
2026-10-05,2012-09-17,69583
2026-10-05,2012-09-18,69732
2026-10-05,2012-09-19,69946
2026-10-05,2012-09-20,70121
2026-10-05,2012-09-21,70281
2026-10-05,2012-09-25,70413
2026-10-05,2012-09-26,70580
2026-10-05,2012-09-27,70675
2026-10-05,2012-09-28,70353
2026-10-05,2012-10-01,70279
2026-10-05,2012-10-02,70377
2026-10-05,2012-10-03,70453
2026-10-05,2012-10-04,70546
2026-10-05,2012-10-05,70573
2026-10-05,2012-10-09,70531
2026-10-05,2012-10-10,70517
2026-10-05,2012-10-11,70672
2026-10-05,2012-10-12,70873
2026-10-05,2012-10-15,71013
2026-10-05,2012-10-16,71098
2026-10-05,2012-10-17,71153
2026-10-05,2012-10-18,71456
2026-10-05,2012-10-19,71660
2026-10-05,2012-10-22,71828
2026-10-05,2012-10-23,71976
2026-10-05,2012-10-24,72162
2026-10-05,2012-10-25,72334
2026-10-05,2012-10-26,72428
2026-10-05,2012-10-29,72554
2026-10-05,2012-10-30,72685
2026-10-05,2012-10-31,72512
2026-10-05,2012-11-01,72603
2026-10-05,2012-11-02,72680
2026-10-05,2012-11-05,72631
2026-10-05,2012-11-07,72710
2026-10-05,2012-11-08,72815
2026-10-05,2012-11-09,72844
2026-10-05,2012-11-12,72674
2026-10-05,2012-11-13,72823
2026-10-05,2012-11-14,73015
2026-10-05,2012-11-15,73178
2026-10-05,2012-11-16,73386
2026-10-05,2012-11-19,73479
2026-10-05,2012-11-20,73402
2026-10-05,2012-11-21,73592
2026-10-05,2012-11-22,73783
2026-10-05,2012-11-23,74002
2026-10-05,2012-11-27,74058
2026-10-05,2012-11-28,74187
2026-10-05,2012-11-29,74348
2026-10-05,2012-11-30,74291
2026-10-05,2012-12-03,74291
2026-10-05,2012-12-04,74385
2026-10-05,2012-12-05,74443
2026-10-05,2012-12-06,74485
2026-10-05,2012-12-07,74575
2026-10-05,2012-12-10,74416
2026-10-05,2012-12-11,74551
2026-10-05,2012-12-12,74696
2026-10-05,2012-12-13,74875
2026-10-05,2012-12-14,74987
2026-10-05,2012-12-17,75100
2026-10-05,2012-12-18,75290
2026-10-05,2012-12-19,75427
2026-10-05,2012-12-20,75566
2026-10-05,2012-12-21,75714
2026-10-05,2012-12-26,75675
2026-10-05,2012-12-27,75671
2026-10-05,2012-12-28,75755
2026-10-05,2012-12-31,75154
2026-10-05,2013-01-02,75169
2026-10-05,2013-01-03,75147
2026-10-05,2013-01-04,75203
2026-10-05,2013-01-07,75144
2026-10-05,2013-01-08,74994
2026-10-05,2013-01-09,75089
2026-10-05,2013-01-10,75046
2026-10-05,2013-01-11,75203
2026-10-05,2013-01-14,75226
2026-10-05,2013-01-15,75384
2026-10-05,2013-01-16,75556
2026-10-05,2013-01-17,75728
2026-10-05,2013-01-18,75914
2026-10-05,2013-01-21,76083
2026-10-05,2013-01-22,76536
2026-10-05,2013-01-23,76698
2026-10-05,2013-01-24,76878
2026-10-05,2013-01-25,77007
2026-10-05,2013-01-28,77098
2026-10-05,2013-01-29,77164
2026-10-05,2013-01-30,77049
2026-10-05,2013-02-01,77136
2026-10-05,2013-02-04,77158
2026-10-05,2013-02-05,77273
2026-10-05,2013-02-06,77370
2026-10-05,2013-02-07,77484
2026-10-05,2013-02-08,77645
2026-10-05,2013-02-13,77558
2026-10-05,2013-02-14,77744
2026-10-05,2013-02-15,77803
2026-10-05,2013-02-18,78000
2026-10-05,2013-02-19,78207
2026-10-05,2013-02-21,78428
2026-10-05,2013-02-22,78614
2026-10-05,2013-02-25,78775
2026-10-05,2013-02-26,78919
2026-10-05,2013-02-27,78999
2026-10-05,2013-02-28,78802
2026-10-05,2013-03-01,78867
2026-10-05,2013-03-04,78860
2026-10-05,2013-03-05,78908
2026-10-05,2013-03-06,78953
2026-10-05,2013-03-07,79020
2026-10-05,2013-03-08,79165
2026-10-05,2013-03-11,79091
2026-10-05,2013-03-12,79271
2026-10-05,2013-03-13,79479
2026-10-05,2013-03-14,79690
2026-10-05,2013-03-15,79869
2026-10-05,2013-03-18,80235
2026-10-05,2013-03-19,80287
2026-10-05,2013-03-20,80246
2026-10-05,2013-03-21,80437
2026-10-05,2013-03-22,80475
2026-10-05,2013-03-25,80654
2026-10-05,2013-03-26,80843
2026-10-05,2013-03-27,80595
2026-10-05,2013-04-03,80630
2026-10-05,2013-04-04,80704
2026-10-05,2013-04-05,80779
2026-10-05,2013-04-08,80771
2026-10-05,2013-04-09,80902
2026-10-05,2013-04-10,80931
2026-10-05,2013-04-11,81115
2026-10-05,2013-04-12,81255
2026-10-05,2013-04-15,81412
2026-10-05,2013-04-16,81647
2026-10-05,2013-04-17,81855
2026-10-05,2013-04-18,82094
2026-10-05,2013-04-19,82337
2026-10-05,2013-04-22,82472
2026-10-05,2013-04-23,82685
2026-10-05,2013-04-24,82905
2026-10-05,2013-04-25,83030
2026-10-05,2013-04-26,83167
2026-10-05,2013-04-29,82905
2026-10-05,2013-04-30,82811
2026-10-05,2013-05-02,82708
2026-10-05,2013-05-03,82777
2026-10-05,2013-05-06,82771
2026-10-05,2013-05-07,82834
2026-10-05,2013-05-08,82920
2026-10-05,2013-05-09,83081
2026-10-05,2013-05-10,83099
2026-10-05,2013-05-13,83199
2026-10-05,2013-05-14,83371
2026-10-05,2013-05-15,83531
2026-10-05,2013-05-16,83743
2026-10-05,2013-05-17,83963
2026-10-05,2013-05-20,84150
2026-10-05,2013-05-21,84365
2026-10-05,2013-05-22,84588
2026-10-05,2013-05-23,84762
2026-10-05,2013-05-24,84926
2026-10-05,2013-05-27,84998
2026-10-05,2013-05-28,85124
2026-10-05,2013-05-29,85299
2026-10-05,2013-05-30,85265
2026-10-05,2013-05-31,85087
2026-10-05,2013-06-03,85076
2026-10-05,2013-06-04,85152
2026-10-05,2013-06-05,85190
2026-10-05,2013-06-06,85216
2026-10-05,2013-06-07,85312
2026-10-05,2013-06-10,85152
2026-10-05,2013-06-11,85281
2026-10-05,2013-06-12,85428
2026-10-05,2013-06-13,85585
2026-10-05,2013-06-14,85758
2026-10-05,2013-06-17,85873
2026-10-05,2013-06-18,86063
2026-10-05,2013-06-19,86221
2026-10-05,2013-06-24,86092
2026-10-05,2013-06-25,86140
2026-10-05,2013-06-26,86269
2026-10-05,2013-06-27,86352
2026-10-05,2013-06-28,86231
2026-10-05,2013-07-01,85852
2026-10-05,2013-07-02,85906
2026-10-05,2013-07-03,85949
2026-10-05,2013-07-04,85979
2026-10-05,2013-07-05,86039
2026-10-05,2013-07-08,85996
2026-10-05,2013-07-10,85876
2026-10-05,2013-07-11,86023
2026-10-05,2013-07-12,86176
2026-10-05,2013-07-15,86270
2026-10-05,2013-07-16,86437
2026-10-05,2013-07-17,86583
2026-10-05,2013-07-18,86780
2026-10-05,2013-07-19,86982
2026-10-05,2013-07-22,87118
2026-10-05,2013-07-23,87281
2026-10-05,2013-07-24,87440
2026-10-05,2013-07-25,87610
2026-10-05,2013-07-26,87707
2026-10-05,2013-07-29,87804
2026-10-05,2013-07-30,87937
2026-10-05,2013-07-31,87598
2026-10-05,2013-08-01,87689
2026-10-05,2013-08-02,87791
2026-10-05,2013-08-05,87770
2026-10-05,2013-08-06,87839
2026-10-05,2013-08-07,87730
2026-10-05,2013-08-08,87872
2026-10-05,2013-08-09,88078
2026-10-05,2013-08-12,88047
2026-10-05,2013-08-13,88224
2026-10-05,2013-08-14,88416
2026-10-05,2013-08-15,88572
2026-10-05,2013-08-16,88742
2026-10-05,2013-08-20,88926
2026-10-05,2013-08-21,89091
2026-10-05,2013-08-22,89317
2026-10-05,2013-08-23,89517
2026-10-05,2013-08-26,89694
2026-10-05,2013-08-27,89852
2026-10-05,2013-08-28,89989
2026-10-05,2013-08-29,89967
2026-10-05,2013-08-30,89708
2026-10-05,2013-09-02,89799
2026-10-05,2013-09-03,89911
2026-10-05,2013-09-04,90018
2026-10-05,2013-09-05,90044
2026-10-05,2013-09-06,90197
2026-10-05,2013-09-09,90198
2026-10-05,2013-09-10,90237
2026-10-05,2013-09-11,90447
2026-10-05,2013-09-12,90550
2026-10-05,2013-09-13,90805
2026-10-05,2013-09-16,90948
2026-10-05,2013-09-17,91188
2026-10-05,2013-09-18,91402
2026-10-05,2013-09-19,91631
2026-10-05,2013-09-20,91848
2026-10-05,2013-09-23,91883
2026-10-05,2013-09-24,92106
2026-10-05,2013-09-25,92270
2026-10-05,2013-09-26,92400
2026-10-05,2013-09-27,92603
2026-10-05,2013-09-30,93148
2026-10-05,2013-10-01,93138
2026-10-05,2013-10-02,93230
2026-10-05,2013-10-03,93316
2026-10-05,2013-10-04,93344
2026-10-05,2013-10-07,93152
2026-10-05,2013-10-08,93271
2026-10-05,2013-10-09,93428
2026-10-05,2013-10-10,93404
2026-10-05,2013-10-11,93621
2026-10-05,2013-10-15,93676
2026-10-05,2013-10-16,93874
2026-10-05,2013-10-17,94095
2026-10-05,2013-10-18,94318
2026-10-05,2013-10-21,94514
2026-10-05,2013-10-22,94741
2026-10-05,2013-10-23,94966
2026-10-05,2013-10-24,95016
2026-10-05,2013-10-25,95231
2026-10-05,2013-10-28,95366
2026-10-05,2013-10-29,95450
2026-10-05,2013-10-30,95614
2026-10-05,2013-10-31,95572
2026-10-05,2013-11-01,95495
2026-10-05,2013-11-04,95497
2026-10-05,2013-11-05,95525
2026-10-05,2013-11-07,95699
2026-10-05,2013-11-08,95885
2026-10-05,2013-11-11,95898
2026-10-05,2013-11-12,95998
2026-10-05,2013-11-13,96211
2026-10-05,2013-11-14,96413
2026-10-05,2013-11-15,96379
2026-10-05,2013-11-18,96544
2026-10-05,2013-11-19,96780
2026-10-05,2013-11-20,97052
2026-10-05,2013-11-21,97293
2026-10-05,2013-11-22,97663
2026-10-05,2013-11-26,97763
2026-10-05,2013-11-27,97841
2026-10-05,2013-11-28,98099
2026-10-05,2013-11-29,97531
2026-10-05,2013-12-02,97575
2026-10-05,2013-12-03,97661
2026-10-05,2013-12-04,97743
2026-10-05,2013-12-05,97788
2026-10-05,2013-12-06,97975
2026-10-05,2013-12-09,97929
2026-10-05,2013-12-10,97929
2026-10-05,2013-12-11,98006
2026-10-05,2013-12-12,98169
2026-10-05,2013-12-13,98383
2026-10-05,2013-12-16,98336
2026-10-05,2013-12-17,98546
2026-10-05,2013-12-18,98716
2026-10-05,2013-12-19,98804
2026-10-05,2013-12-20,98962
2026-10-05,2013-12-23,99153
2026-10-05,2013-12-26,99148
2026-10-05,2013-12-27,99188
2026-10-05,2013-12-30,98823
2026-10-05,2014-01-02,98811
2026-10-05,2014-01-03,98789
2026-10-05,2014-01-06,98733
2026-10-05,2014-01-07,98834
2026-10-05,2014-01-08,98911
2026-10-05,2014-01-09,99034
2026-10-05,2014-01-10,99072
2026-10-05,2014-01-13,98953
2026-10-05,2014-01-14,99101
2026-10-05,2014-01-15,99250
2026-10-05,2014-01-16,99476
2026-10-05,2014-01-17,99674
2026-10-05,2014-01-20,99859
2026-10-05,2014-01-21,100027
2026-10-05,2014-01-22,100249
2026-10-05,2014-01-23,100440
2026-10-05,2014-01-24,100677
2026-10-05,2014-01-27,100893
2026-10-05,2014-01-28,101012
2026-10-05,2014-01-29,101077
2026-10-05,2014-01-30,101163
2026-10-05,2014-01-31,100902
2026-10-05,2014-02-03,100801
2026-10-05,2014-02-04,100886
2026-10-05,2014-02-05,100891
2026-10-05,2014-02-06,100908
2026-10-05,2014-02-07,100980
2026-10-05,2014-02-10,100699
2026-10-05,2014-02-11,100770
2026-10-05,2014-02-12,100888
2026-10-05,2014-02-13,101030
2026-10-05,2014-02-14,101113
2026-10-05,2014-02-17,101214
2026-10-05,2014-02-18,101118
2026-10-05,2014-02-19,101250
2026-10-05,2014-02-20,101249
2026-10-05,2014-02-21,101409
2026-10-05,2014-02-24,101313
2026-10-05,2014-02-25,101399
2026-10-05,2014-02-26,101471
2026-10-05,2014-02-27,101459
2026-10-05,2014-02-28,101192
2026-10-05,2014-03-05,101021
2026-10-05,2014-03-06,101013
2026-10-05,2014-03-07,100929
2026-10-05,2014-03-10,100667
2026-10-05,2014-03-11,100846
2026-10-05,2014-03-12,100874
2026-10-05,2014-03-13,100996
2026-10-05,2014-03-14,101130
2026-10-05,2014-03-17,101248
2026-10-05,2014-03-18,101405
2026-10-05,2014-03-19,101502
2026-10-05,2014-03-20,101666
2026-10-05,2014-03-21,101811
2026-10-05,2014-03-25,101748
2026-10-05,2014-03-26,101823
2026-10-05,2014-03-27,101953
2026-10-05,2014-03-28,101957
2026-10-05,2014-03-31,101553
2026-10-05,2014-04-01,101461
2026-10-05,2014-04-03,101475
2026-10-05,2014-04-04,101524
2026-10-05,2014-04-07,101337
2026-10-05,2014-04-08,101382
2026-10-05,2014-04-09,101542
2026-10-05,2014-04-10,101461
2026-10-05,2014-04-11,101609
2026-10-05,2014-04-14,101822
2026-10-05,2014-04-15,101796
2026-10-05,2014-04-16,102012
2026-10-05,2014-04-21,102147
2026-10-05,2014-04-22,102387
2026-10-05,2014-04-23,102568
2026-10-05,2014-04-24,102477
2026-10-05,2014-04-25,102633
2026-10-05,2014-04-28,102712
2026-10-05,2014-04-29,102688
2026-10-05,2014-04-30,102001
2026-10-05,2014-05-05,102147
2026-10-05,2014-05-06,102206
2026-10-05,2014-05-07,102225
2026-10-05,2014-05-08,102232
2026-10-05,2014-05-09,102372
2026-10-05,2014-05-12,102254
2026-10-05,2014-05-13,102324
2026-10-05,2014-05-14,102413
2026-10-05,2014-05-15,102483
2026-10-05,2014-05-16,102725
2026-10-05,2014-05-19,102910
2026-10-05,2014-05-20,103111
2026-10-05,2014-05-21,103201
2026-10-05,2014-05-22,103440
2026-10-05,2014-05-23,103635
2026-10-05,2014-05-26,103423
2026-10-05,2014-05-27,103540
2026-10-05,2014-05-28,103636
2026-10-05,2014-05-29,103558
2026-10-05,2014-05-30,103407
2026-10-05,2014-06-02,103456
2026-10-05,2014-06-03,103505
2026-10-05,2014-06-04,103506
2026-10-05,2014-06-05,103386
2026-10-05,2014-06-06,103461
2026-10-05,2014-06-09,103441
2026-10-05,2014-06-10,103441
2026-10-05,2014-06-11,103522
2026-10-05,2014-06-12,103652
2026-10-05,2014-06-13,103653
2026-10-05,2014-06-16,103813
2026-10-05,2014-06-17,103928
2026-10-05,2014-06-18,103965
2026-10-05,2014-06-19,104000
2026-10-05,2014-06-23,104169
2026-10-05,2014-06-24,104340
2026-10-05,2014-06-25,104468
2026-10-05,2014-06-26,104499
2026-10-05,2014-06-27,104600
2026-10-05,2014-06-30,104012
2026-10-05,2014-07-01,104043
2026-10-05,2014-07-02,103968
2026-10-05,2014-07-03,103931
2026-10-05,2014-07-04,103837
2026-10-05,2014-07-07,103651
2026-10-05,2014-07-08,103599
2026-10-05,2014-07-10,103453
2026-10-05,2014-07-11,103532
2026-10-05,2014-07-14,103595
2026-10-05,2014-07-15,103715
2026-10-05,2014-07-16,103640
2026-10-05,2014-07-17,103806
2026-10-05,2014-07-18,104004
2026-10-05,2014-07-21,104124
2026-10-05,2014-07-22,104329
2026-10-05,2014-07-23,104501
2026-10-05,2014-07-24,104681
2026-10-05,2014-07-25,104901
2026-10-05,2014-07-28,105011
2026-10-05,2014-07-29,105068
2026-10-05,2014-07-30,105175
2026-10-05,2014-07-31,105044
2026-10-05,2014-08-01,105060
2026-10-05,2014-08-04,105010
2026-10-05,2014-08-05,105052
2026-10-05,2014-08-06,105092
2026-10-05,2014-08-07,104974
2026-10-05,2014-08-08,105105
2026-10-05,2014-08-11,105049
2026-10-05,2014-08-12,105326
2026-10-05,2014-08-13,105545
2026-10-05,2014-08-14,105779
2026-10-05,2014-08-15,105960
2026-10-05,2014-08-19,106172
2026-10-05,2014-08-20,106432
2026-10-05,2014-08-21,106685
2026-10-05,2014-08-22,106965
2026-10-05,2014-08-25,107135
2026-10-05,2014-08-26,107272
2026-10-05,2014-08-27,107149
2026-10-05,2014-08-28,107123
2026-10-05,2014-08-29,106994
2026-10-05,2014-09-01,106873
2026-10-05,2014-09-02,107069
2026-10-05,2014-09-03,107177
2026-10-05,2014-09-04,107245
2026-10-05,2014-09-05,107342
2026-10-05,2014-09-08,107321
2026-10-05,2014-09-09,107497
2026-10-05,2014-09-10,107656
2026-10-05,2014-09-11,107888
2026-10-05,2014-09-12,108037
2026-10-05,2014-09-15,108195
2026-10-05,2014-09-16,108504
2026-10-05,2014-09-17,108739
2026-10-05,2014-09-18,109100
2026-10-05,2014-09-19,109343
2026-10-05,2014-09-22,109512
2026-10-05,2014-09-23,109797
2026-10-05,2014-09-24,110058
2026-10-05,2014-09-25,110325
2026-10-05,2014-09-26,110455
2026-10-05,2014-09-29,110540
2026-10-05,2014-09-30,110430
2026-10-05,2014-10-01,110446
2026-10-05,2014-10-02,110651
2026-10-05,2014-10-03,110817
2026-10-05,2014-10-06,110652
2026-10-05,2014-10-07,110762
2026-10-05,2014-10-08,110929
2026-10-05,2014-10-09,110931
2026-10-05,2014-10-10,111080
2026-10-05,2014-10-14,111230
2026-10-05,2014-10-15,111435
2026-10-05,2014-10-16,111714
2026-10-05,2014-10-17,111991
2026-10-05,2014-10-20,112386
2026-10-05,2014-10-21,112686
2026-10-05,2014-10-22,112827
2026-10-05,2014-10-23,113127
2026-10-05,2014-10-24,113400
2026-10-05,2014-10-27,113462
2026-10-05,2014-10-28,113634
2026-10-05,2014-10-29,113723
2026-10-05,2014-10-30,113918
2026-10-05,2014-10-31,113575
2026-10-05,2014-11-03,113672
2026-10-05,2014-11-04,113927
2026-10-05,2014-11-05,113965
2026-10-05,2014-11-07,113993
2026-10-05,2014-11-10,113677
2026-10-05,2014-11-11,113913
2026-10-05,2014-11-12,113996
2026-10-05,2014-11-13,114054
2026-10-05,2014-11-14,114365
2026-10-05,2014-11-17,114622
2026-10-05,2014-11-18,114947
2026-10-05,2014-11-19,115270
2026-10-05,2014-11-20,115514
2026-10-05,2014-11-21,115855
2026-10-05,2014-11-25,116086
2026-10-05,2014-11-26,116356
2026-10-05,2014-11-27,116474
2026-10-05,2014-11-28,116458
2026-10-05,2014-12-01,116440
2026-10-05,2014-12-02,116458
2026-10-05,2014-12-03,116526
2026-10-05,2014-12-04,116581
2026-10-05,2014-12-05,116407
2026-10-05,2014-12-09,116324
2026-10-05,2014-12-10,116460
2026-10-05,2014-12-11,116531
2026-10-05,2014-12-12,116706
2026-10-05,2014-12-15,116931
2026-10-05,2014-12-16,117212
2026-10-05,2014-12-17,117398
2026-10-05,2014-12-18,117660
2026-10-05,2014-12-19,117846
2026-10-05,2014-12-22,118019
2026-10-05,2014-12-23,118249
2026-10-05,2014-12-24,118158
2026-10-05,2014-12-29,118224
2026-10-05,2014-12-30,117792
2026-10-05,2015-01-02,117829
2026-10-05,2015-01-05,117840
2026-10-05,2015-01-06,117915
2026-10-05,2015-01-07,117937
2026-10-05,2015-01-08,118004
2026-10-05,2015-01-09,118136
2026-10-05,2015-01-12,117867
2026-10-05,2015-01-13,118055
2026-10-05,2015-01-14,118379
2026-10-05,2015-01-15,118564
2026-10-05,2015-01-16,118834
2026-10-05,2015-01-19,118999
2026-10-05,2015-01-20,119186
2026-10-05,2015-01-21,119433
2026-10-05,2015-01-22,119720
2026-10-05,2015-01-23,119979
2026-10-05,2015-01-26,120095
2026-10-05,2015-01-27,120184
2026-10-05,2015-01-28,120344
2026-10-05,2015-01-29,120477
2026-10-05,2015-01-30,120316
2026-10-05,2015-02-02,120258
2026-10-05,2015-02-03,120336
2026-10-05,2015-02-04,120464
2026-10-05,2015-02-05,120458
2026-10-05,2015-02-06,120567
2026-10-05,2015-02-09,120731
2026-10-05,2015-02-10,120837
2026-10-05,2015-02-11,121041
2026-10-05,2015-02-12,121306
2026-10-05,2015-02-13,121575
2026-10-05,2015-02-18,121765
2026-10-05,2015-02-19,122042
2026-10-05,2015-02-20,122298
2026-10-05,2015-02-23,122484
2026-10-05,2015-02-24,122840
2026-10-05,2015-02-25,122918
2026-10-05,2015-02-26,123053
2026-10-05,2015-02-27,122899
2026-10-05,2015-03-02,122735
2026-10-05,2015-03-03,122860
2026-10-05,2015-03-04,123060
2026-10-05,2015-03-05,122999
2026-10-05,2015-03-06,123098
2026-10-05,2015-03-09,123117
2026-10-05,2015-03-10,123270
2026-10-05,2015-03-11,123473
2026-10-05,2015-03-12,123735
2026-10-05,2015-03-13,123978
2026-10-05,2015-03-16,124245
2026-10-05,2015-03-17,124513
2026-10-05,2015-03-18,124827
2026-10-05,2015-03-19,125144
2026-10-05,2015-03-20,125422
2026-10-05,2015-03-25,125663
2026-10-05,2015-03-26,125740
2026-10-05,2015-03-27,125796
2026-10-05,2015-03-30,125866
2026-10-05,2015-03-31,125943
2026-10-05,2015-04-01,125959
2026-10-05,2015-04-06,125921
2026-10-05,2015-04-07,125925
2026-10-05,2015-04-08,126046
2026-10-05,2015-04-09,126264
2026-10-05,2015-04-10,126377
2026-10-05,2015-04-13,126473
2026-10-05,2015-04-14,126799
2026-10-05,2015-04-15,127057
2026-10-05,2015-04-16,127349
2026-10-05,2015-04-17,127763
2026-10-05,2015-04-20,128045
2026-10-05,2015-04-21,128368
2026-10-05,2015-04-22,128661
2026-10-05,2015-04-23,129055
2026-10-05,2015-04-24,129332
2026-10-05,2015-04-27,129223
2026-10-05,2015-04-28,129482
2026-10-05,2015-04-29,129574
2026-10-05,2015-04-30,129537
2026-10-05,2015-05-04,129559
2026-10-05,2015-05-05,129664
2026-10-05,2015-05-06,129661
2026-10-05,2015-05-07,129655
2026-10-05,2015-05-08,129838
2026-10-05,2015-05-11,129778
2026-10-05,2015-05-12,129790
2026-10-05,2015-05-13,130175
2026-10-05,2015-05-14,130669
2026-10-05,2015-05-15,130930
2026-10-05,2015-05-18,131158
2026-10-05,2015-05-19,131547
2026-10-05,2015-05-20,131862
2026-10-05,2015-05-21,132144
2026-10-05,2015-05-22,132591
2026-10-05,2015-05-26,132656
2026-10-05,2015-05-27,132529
2026-10-05,2015-05-28,132488
2026-10-05,2015-05-29,132569
2026-10-05,2015-06-01,132609
2026-10-05,2015-06-02,132718
2026-10-05,2015-06-03,132760
2026-10-05,2015-06-04,132817
2026-10-05,2015-06-05,132869
2026-10-05,2015-06-08,132889
2026-10-05,2015-06-09,133042
2026-10-05,2015-06-10,133182
2026-10-05,2015-06-11,133395
2026-10-05,2015-06-12,133630
2026-10-05,2015-06-15,133785
2026-10-05,2015-06-16,134042
2026-10-05,2015-06-17,134293
2026-10-05,2015-06-18,134562
2026-10-05,2015-06-19,134761
2026-10-05,2015-06-22,134976
2026-10-05,2015-06-23,135247
2026-10-05,2015-06-24,135457
2026-10-05,2015-06-25,135569
2026-10-05,2015-06-26,135711
2026-10-05,2015-06-29,135660
2026-10-05,2015-06-30,135322
2026-10-05,2015-07-01,135471
2026-10-05,2015-07-02,135632
2026-10-05,2015-07-03,135688
2026-10-05,2015-07-06,135383
2026-10-05,2015-07-07,135507
2026-10-05,2015-07-08,135694
2026-10-05,2015-07-10,135788
2026-10-05,2015-07-13,135974
2026-10-05,2015-07-14,136254
2026-10-05,2015-07-15,136473
2026-10-05,2015-07-16,136796
2026-10-05,2015-07-17,137043
2026-10-05,2015-07-20,137329
2026-10-05,2015-07-21,137637
2026-10-05,2015-07-22,138107
2026-10-05,2015-07-23,138434
2026-10-05,2015-07-24,138765
2026-10-05,2015-07-27,138917
2026-10-05,2015-07-28,139201
2026-10-05,2015-07-29,139419
2026-10-05,2015-07-30,139654
2026-10-05,2015-07-31,139429
2026-10-05,2015-08-03,139446
2026-10-05,2015-08-04,139638
2026-10-05,2015-08-05,139682
2026-10-05,2015-08-06,139705
2026-10-05,2015-08-07,139909
2026-10-05,2015-08-10,139857
2026-10-05,2015-08-11,140129
2026-10-05,2015-08-12,140431
2026-10-05,2015-08-13,140762
2026-10-05,2015-08-14,141105
2026-10-05,2015-08-18,141382
2026-10-05,2015-08-19,141781
2026-10-05,2015-08-20,142027
2026-10-05,2015-08-21,142390
2026-10-05,2015-08-24,142882
2026-10-05,2015-08-25,143042
2026-10-05,2015-08-26,143321
2026-10-05,2015-08-27,143644
2026-10-05,2015-08-28,143826
2026-10-05,2015-08-31,143935
2026-10-05,2015-09-01,144017
2026-10-05,2015-09-02,144246
2026-10-05,2015-09-03,144482
2026-10-05,2015-09-04,144561
2026-10-05,2015-09-07,144501
2026-10-05,2015-09-08,144776
2026-10-05,2015-09-09,145241
2026-10-05,2015-09-10,145429
2026-10-05,2015-09-11,145734
2026-10-05,2015-09-14,146108
2026-10-05,2015-09-15,146424
2026-10-05,2015-09-16,146860
2026-10-05,2015-09-17,147034
2026-10-05,2015-09-18,147442
2026-10-05,2015-09-21,147800
2026-10-05,2015-09-22,148352
2026-10-05,2015-09-23,148732
2026-10-05,2015-09-24,149028
2026-10-05,2015-09-25,149335
2026-10-05,2015-09-28,149496
2026-10-05,2015-09-29,149706
2026-10-05,2015-09-30,149604
2026-10-05,2015-10-01,149947
2026-10-05,2015-10-02,150172
2026-10-05,2015-10-05,150116
2026-10-05,2015-10-06,150216
2026-10-05,2015-10-07,150391
2026-10-05,2015-10-08,150684
2026-10-05,2015-10-09,151050
2026-10-05,2015-10-13,151090
2026-10-05,2015-10-14,151448
2026-10-05,2015-10-15,151801
2026-10-05,2015-10-16,152240
2026-10-05,2015-10-19,152667
2026-10-05,2015-10-20,153060
2026-10-05,2015-10-21,153499
2026-10-05,2015-10-22,153863
2026-10-05,2015-10-23,153850
2026-10-05,2015-10-26,154190
2026-10-05,2015-10-27,154528
2026-10-05,2015-10-28,154763
2026-10-05,2015-10-29,154934
2026-10-05,2015-10-30,154683
2026-10-05,2015-11-02,154564
2026-10-05,2015-11-03,154825
2026-10-05,2015-11-04,155000
2026-10-05,2015-11-05,155006
2026-10-05,2015-11-09,154990
2026-10-05,2015-11-10,155210
2026-10-05,2015-11-11,155535
2026-10-05,2015-11-12,155927
2026-10-05,2015-11-13,156342
2026-10-05,2015-11-16,156650
2026-10-05,2015-11-17,157171
2026-10-05,2015-11-18,157632
2026-10-05,2015-11-19,158044
2026-10-05,2015-11-20,158424
2026-10-05,2015-11-23,158814
2026-10-05,2015-11-24,159211
2026-10-05,2015-11-25,159739
2026-10-05,2015-11-26,159746
2026-10-05,2015-11-30,159100
2026-10-05,2015-12-01,159292
2026-10-05,2015-12-02,159402
2026-10-05,2015-12-03,159564
2026-10-05,2015-12-04,159658
2026-10-05,2015-12-09,159438
2026-10-05,2015-12-10,159592
2026-10-05,2015-12-11,159943
2026-10-05,2015-12-14,160190
2026-10-05,2015-12-15,160460
2026-10-05,2015-12-16,160939
2026-10-05,2015-12-17,161299
2026-10-05,2015-12-18,161510
2026-10-05,2015-12-21,161662
2026-10-05,2015-12-22,162021
2026-10-05,2015-12-23,162108
2026-10-05,2015-12-24,161995
2026-10-05,2015-12-28,161894
2026-10-05,2015-12-29,162124
2026-10-05,2015-12-30,162068
2026-10-05,2015-12-31,161123
2026-10-05,2016-01-04,161138
2026-10-05,2016-01-05,161147
2026-10-05,2016-01-06,161197
2026-10-05,2016-01-07,161141
2026-10-05,2016-01-08,161171
2026-10-05,2016-01-11,160959
2026-10-05,2016-01-12,161140
2026-10-05,2016-01-13,161375
2026-10-05,2016-01-14,161542
2026-10-05,2016-01-15,161772
2026-10-05,2016-01-18,161990
2026-10-05,2016-01-19,162362
2026-10-05,2016-01-20,162670
2026-10-05,2016-01-21,162819
2026-10-05,2016-01-22,163283
2026-10-05,2016-01-25,163381
2026-10-05,2016-01-26,163612
2026-10-05,2016-01-27,163740
2026-10-05,2016-01-28,163875
2026-10-05,2016-01-29,163674
2026-10-05,2016-02-01,163632
2026-10-05,2016-02-02,163716
2026-10-05,2016-02-03,163854
2026-10-05,2016-02-04,163806
2026-10-05,2016-02-05,163843
2026-10-05,2016-02-10,163614
2026-10-05,2016-02-11,164019
2026-10-05,2016-02-12,164313
2026-10-05,2016-02-15,164485
2026-10-05,2016-02-16,164794
2026-10-05,2016-02-17,165081
2026-10-05,2016-02-18,165362
2026-10-05,2016-02-19,165645
2026-10-05,2016-02-22,165859
2026-10-05,2016-02-23,166141
2026-10-05,2016-02-24,166591
2026-10-05,2016-02-25,166828
2026-10-05,2016-02-26,166724
2026-10-05,2016-02-29,166261
2026-10-05,2016-03-01,166348
2026-10-05,2016-03-02,166506
2026-10-05,2016-03-03,166578
2026-10-05,2016-03-04,166648
2026-10-05,2016-03-07,166580
2026-10-05,2016-03-08,166885
2026-10-05,2016-03-09,167169
2026-10-05,2016-03-10,167289
2026-10-05,2016-03-11,167752
2026-10-05,2016-03-14,167983
2026-10-05,2016-03-15,168239
2026-10-05,2016-03-16,168621
2026-10-05,2016-03-17,168985
2026-10-05,2016-03-18,169392
2026-10-05,2016-03-21,169595
2026-10-05,2016-03-22,170153
2026-10-05,2016-03-23,170434
2026-10-05,2016-03-28,170610
2026-10-05,2016-03-29,170692
2026-10-05,2016-03-30,170849
2026-10-05,2016-03-31,170539
2026-10-05,2016-04-01,170697
2026-10-05,2016-04-04,170557
2026-10-05,2016-04-05,170558
2026-10-05,2016-04-06,170493
2026-10-05,2016-04-07,170746
2026-10-05,2016-04-08,170646
2026-10-05,2016-04-11,170718
2026-10-05,2016-04-12,171089
2026-10-05,2016-04-13,171416
2026-10-05,2016-04-14,171504
2026-10-05,2016-04-15,171856
2026-10-05,2016-04-18,172263
2026-10-05,2016-04-19,172656
2026-10-05,2016-04-20,173006
2026-10-05,2016-04-21,172748
2026-10-05,2016-04-22,173517
2026-10-05,2016-04-25,173622
2026-10-05,2016-04-26,173844
2026-10-05,2016-04-27,173950
2026-10-05,2016-04-28,174085
2026-10-05,2016-04-29,174040
2026-10-05,2016-05-02,173765
2026-10-05,2016-05-03,173943
2026-10-05,2016-05-04,174004
2026-10-05,2016-05-05,173868
2026-10-05,2016-05-06,173944
2026-10-05,2016-05-09,173927
2026-10-05,2016-05-10,174024
2026-10-05,2016-05-11,174397
2026-10-05,2016-05-12,174647
2026-10-05,2016-05-13,175036
2026-10-05,2016-05-16,175295
2026-10-05,2016-05-17,175556
2026-10-05,2016-05-18,175863
2026-10-05,2016-05-19,176193
2026-10-05,2016-05-20,176570
2026-10-05,2016-05-23,176862
2026-10-05,2016-05-24,177498
2026-10-05,2016-05-26,177547
2026-10-05,2016-05-27,177782
2026-10-05,2016-05-30,177833
2026-10-05,2016-05-31,177472
2026-10-05,2016-06-01,177564
2026-10-05,2016-06-02,177636
2026-10-05,2016-06-03,177774
2026-10-05,2016-06-06,177274
2026-10-05,2016-06-07,177190
2026-10-05,2016-06-08,177331
2026-10-05,2016-06-09,177618
2026-10-05,2016-06-10,177724
2026-10-05,2016-06-13,178179
2026-10-05,2016-06-14,178410
2026-10-05,2016-06-15,178597
2026-10-05,2016-06-16,178933
2026-10-05,2016-06-21,179286
2026-10-05,2016-06-22,179959
2026-10-05,2016-06-23,180004
2026-10-05,2016-06-24,180251
2026-10-05,2016-06-27,180431
2026-10-05,2016-06-28,180621
2026-10-05,2016-06-29,180617
2026-10-05,2016-06-30,180218
2026-10-05,2016-07-01,180329
2026-10-05,2016-07-04,180053
2026-10-05,2016-07-05,180052
2026-10-05,2016-07-06,180041
2026-10-05,2016-07-07,180079
2026-10-05,2016-07-11,180047
2026-10-05,2016-07-12,180368
2026-10-05,2016-07-13,180759
2026-10-05,2016-07-14,181120
2026-10-05,2016-07-15,181316
2026-10-05,2016-07-18,181816
2026-10-05,2016-07-19,182267
2026-10-05,2016-07-20,182633
2026-10-05,2016-07-21,182873
2026-10-05,2016-07-22,183471
2026-10-05,2016-07-25,183772
2026-10-05,2016-07-26,184088
2026-10-05,2016-07-27,184392
2026-10-05,2016-07-28,184599
2026-10-05,2016-07-29,184417
2026-10-05,2016-08-01,184682
2026-10-05,2016-08-02,184886
2026-10-05,2016-08-03,185021
2026-10-05,2016-08-04,185033
2026-10-05,2016-08-05,185077
2026-10-05,2016-08-08,185081
2026-10-05,2016-08-09,185375
2026-10-05,2016-08-10,185578
2026-10-05,2016-08-11,185863
2026-10-05,2016-08-12,186266
2026-10-05,2016-08-16,186641
2026-10-05,2016-08-17,187125
2026-10-05,2016-08-18,187558
2026-10-05,2016-08-19,188098
2026-10-05,2016-08-22,188534
2026-10-05,2016-08-23,189295
2026-10-05,2016-08-24,189688
2026-10-05,2016-08-25,189950
2026-10-05,2016-08-26,190319
2026-10-05,2016-08-29,190625
2026-10-05,2016-08-30,190778
2026-10-05,2016-08-31,190569
2026-10-05,2016-09-01,190797
2026-10-05,2016-09-02,191009
2026-10-05,2016-09-05,190847
2026-10-05,2016-09-06,190822
2026-10-05,2016-09-07,191221
2026-10-05,2016-09-08,191623
2026-10-05,2016-09-09,192097
2026-10-05,2016-09-12,192256
2026-10-05,2016-09-13,192722
2026-10-05,2016-09-14,193315
2026-10-05,2016-09-15,193704
2026-10-05,2016-09-16,194276
2026-10-05,2016-09-19,194833
2026-10-05,2016-09-20,195589
2026-10-05,2016-09-21,196046
2026-10-05,2016-09-22,196760
2026-10-05,2016-09-23,197234
2026-10-05,2016-09-26,197600
2026-10-05,2016-09-27,198055
2026-10-05,2016-09-28,198382
2026-10-05,2016-09-29,198502
2026-10-05,2016-09-30,198332
2026-10-05,2016-10-03,198451
2026-10-05,2016-10-04,198873
2026-10-05,2016-10-05,198977
2026-10-05,2016-10-06,198991
2026-10-05,2016-10-07,199426
2026-10-05,2016-10-11,199520
2026-10-05,2016-10-12,199969
2026-10-05,2016-10-13,200509
2026-10-05,2016-10-14,201104
2026-10-05,2016-10-17,201613
2026-10-05,2016-10-18,202258
2026-10-05,2016-10-19,202688
2026-10-05,2016-10-20,202984
2026-10-05,2016-10-21,203523
2026-10-05,2016-10-24,204352
2026-10-05,2016-10-25,204823
2026-10-05,2016-10-26,205222
2026-10-05,2016-10-27,205625
2026-10-05,2016-10-28,205631
2026-10-05,2016-10-31,205390
2026-10-05,2016-11-01,205851
2026-10-05,2016-11-02,206346
2026-10-05,2016-11-03,206555
2026-10-05,2016-11-04,206732
2026-10-05,2016-11-07,206559
2026-10-05,2016-11-08,207219
2026-10-05,2016-11-09,207771
2026-10-05,2016-11-10,208133
2026-10-05,2016-11-11,208636
2026-10-05,2016-11-14,209229
2026-10-05,2016-11-15,209820
2026-10-05,2016-11-16,210374
2026-10-05,2016-11-17,211088
2026-10-05,2016-11-18,211751
2026-10-05,2016-11-21,212418
2026-10-05,2016-11-22,213327
2026-10-05,2016-11-23,213574
2026-10-05,2016-11-24,213791
2026-10-05,2016-11-25,214186
2026-10-05,2016-11-29,214436
2026-10-05,2016-11-30,214586
2026-10-05,2016-12-01,214920
2026-10-05,2016-12-02,215169
2026-10-05,2016-12-05,215175
2026-10-05,2016-12-06,215133
2026-10-05,2016-12-07,215506
2026-10-05,2016-12-12,215719
2026-10-05,2016-12-13,216179
2026-10-05,2016-12-14,216637
2026-10-05,2016-12-15,217079
2026-10-05,2016-12-16,217584
2026-10-05,2016-12-19,218222
2026-10-05,2016-12-20,218605
2026-10-05,2016-12-21,218911
2026-10-05,2016-12-22,219721
2026-10-05,2016-12-23,219972
2026-10-05,2016-12-26,220313
2026-10-05,2016-12-27,220586
2026-10-05,2016-12-28,220938
2026-10-05,2016-12-29,221297
2026-10-05,2016-12-30,221358
2026-10-05,2017-01-02,221398
2026-10-05,2017-01-03,221669
2026-10-05,2017-01-04,221938
2026-10-05,2017-01-05,222266
2026-10-05,2017-01-06,222633
2026-10-05,2017-01-09,222811
2026-10-05,2017-01-10,222927
2026-10-05,2017-01-11,223432
2026-10-05,2017-01-12,223910
2026-10-05,2017-01-13,224457
2026-10-05,2017-01-16,225051
2026-10-05,2017-01-17,225605
2026-10-05,2017-01-18,226179
2026-10-05,2017-01-19,226529
2026-10-05,2017-01-20,227106
2026-10-05,2017-01-23,227685
2026-10-05,2017-01-24,228506
2026-10-05,2017-01-25,229057
2026-10-05,2017-01-26,229578
2026-10-05,2017-01-27,230099
2026-10-05,2017-01-30,230254
2026-10-05,2017-01-31,230004
2026-10-05,2017-02-01,230646
2026-10-05,2017-02-02,230813
2026-10-05,2017-02-03,231125
2026-10-05,2017-02-06,230852
2026-10-05,2017-02-07,231178
2026-10-05,2017-02-08,231725
2026-10-05,2017-02-09,232222
2026-10-05,2017-02-10,232442
2026-10-05,2017-02-13,232779
2026-10-05,2017-02-14,233863
2026-10-05,2017-02-15,234439
2026-10-05,2017-02-16,235123
2026-10-05,2017-02-17,235591
2026-10-05,2017-02-20,236162
2026-10-05,2017-02-21,236732
2026-10-05,2017-02-22,237646
2026-10-05,2017-02-23,237813
2026-10-05,2017-02-24,237904
2026-10-05,2017-03-01,238212
2026-10-05,2017-03-02,238602
2026-10-05,2017-03-03,238961
2026-10-05,2017-03-06,238858
2026-10-05,2017-03-07,239292
2026-10-05,2017-03-08,239985
2026-10-05,2017-03-09,240667
2026-10-05,2017-03-10,241064
2026-10-05,2017-03-13,241587
2026-10-05,2017-03-14,242347
2026-10-05,2017-03-15,243218
2026-10-05,2017-03-16,243919
2026-10-05,2017-03-17,244689
2026-10-05,2017-03-20,245392
2026-10-05,2017-03-21,246014
2026-10-05,2017-03-22,247225
2026-10-05,2017-03-23,247771
2026-10-05,2017-03-27,248404
2026-10-05,2017-03-28,249014
2026-10-05,2017-03-29,249655
2026-10-05,2017-03-30,250013
2026-10-05,2017-03-31,249809
2026-10-05,2017-04-03,250458
2026-10-05,2017-04-04,251086
2026-10-05,2017-04-05,251609
2026-10-05,2017-04-06,251450
2026-10-05,2017-04-07,251795
2026-10-05,2017-04-10,252019
2026-10-05,2017-04-11,252729
2026-10-05,2017-04-12,253548
2026-10-05,2017-04-17,254187
2026-10-05,2017-04-18,254937
2026-10-05,2017-04-19,255832
2026-10-05,2017-04-20,256319
2026-10-05,2017-04-21,256966
2026-10-05,2017-04-24,258071
2026-10-05,2017-04-25,258687
2026-10-05,2017-04-26,259257
2026-10-05,2017-04-27,259909
2026-10-05,2017-04-28,259517
2026-10-05,2017-05-02,259857
2026-10-05,2017-05-03,260218
2026-10-05,2017-05-04,260558
2026-10-05,2017-05-05,260403
2026-10-05,2017-05-08,260483
2026-10-05,2017-05-09,261320
2026-10-05,2017-05-10,261779
2026-10-05,2017-05-11,262364
2026-10-05,2017-05-12,263042
2026-10-05,2017-05-15,263567
2026-10-05,2017-05-16,264222
2026-10-05,2017-05-17,264715
2026-10-05,2017-05-18,265531
2026-10-05,2017-05-19,266337
2026-10-05,2017-05-22,267018
2026-10-05,2017-05-23,268068
2026-10-05,2017-05-24,268524
2026-10-05,2017-05-26,269105
2026-10-05,2017-05-29,269588
2026-10-05,2017-05-30,269901
2026-10-05,2017-05-31,269832
2026-10-05,2017-06-01,270560
2026-10-05,2017-06-02,270803
2026-10-05,2017-06-05,270477
2026-10-05,2017-06-06,270313
2026-10-05,2017-06-07,270926
2026-10-05,2017-06-08,271399
2026-10-05,2017-06-09,271529
2026-10-05,2017-06-12,272160
2026-10-05,2017-06-13,272606
2026-10-05,2017-06-14,273328
2026-10-05,2017-06-15,273547
2026-10-05,2017-06-16,274352
2026-10-05,2017-06-19,274798
2026-10-05,2017-06-21,275413
2026-10-05,2017-06-22,276199
2026-10-05,2017-06-23,276678
2026-10-05,2017-06-26,276883
2026-10-05,2017-06-27,277480
2026-10-05,2017-06-28,277904
2026-10-05,2017-06-29,278115
2026-10-05,2017-06-30,277470
2026-10-05,2017-07-03,277454
2026-10-05,2017-07-04,277834
2026-10-05,2017-07-05,278060
2026-10-05,2017-07-06,277991
2026-10-05,2017-07-07,278597
2026-10-05,2017-07-10,278599
2026-10-05,2017-07-11,279184
2026-10-05,2017-07-12,279660
2026-10-05,2017-07-13,280289
2026-10-05,2017-07-14,280893
2026-10-05,2017-07-17,281353
2026-10-05,2017-07-18,281975
2026-10-05,2017-07-19,282683
2026-10-05,2017-07-20,283007
2026-10-05,2017-07-21,283391
2026-10-05,2017-07-24,284190
2026-10-05,2017-07-25,284782
2026-10-05,2017-07-26,285313
2026-10-05,2017-07-27,285799
2026-10-05,2017-07-28,285913
2026-10-05,2017-07-31,285724
2026-10-05,2017-08-01,286867
2026-10-05,2017-08-02,286918
2026-10-05,2017-08-03,287384
2026-10-05,2017-08-04,287419
2026-10-05,2017-08-07,287553
2026-10-05,2017-08-08,288182
2026-10-05,2017-08-09,288852
2026-10-05,2017-08-10,289491
2026-10-05,2017-08-11,290031
2026-10-05,2017-08-14,290585
2026-10-05,2017-08-15,291321
2026-10-05,2017-08-16,292078
2026-10-05,2017-08-17,292796
2026-10-05,2017-08-18,293844
2026-10-05,2017-08-22,294333
2026-10-05,2017-08-23,295618
2026-10-05,2017-08-24,295987
2026-10-05,2017-08-25,296777
2026-10-05,2017-08-28,297387
2026-10-05,2017-08-29,297992
2026-10-05,2017-08-30,298458
2026-10-05,2017-08-31,298004
2026-10-05,2017-09-01,298781
2026-10-05,2017-09-04,299271
2026-10-05,2017-09-05,299712
2026-10-05,2017-09-06,299957
2026-10-05,2017-09-07,300491
2026-10-05,2017-09-08,301312
2026-10-05,2017-09-11,301778
2026-10-05,2017-09-12,302480
2026-10-05,2017-09-13,303334
2026-10-05,2017-09-14,304207
2026-10-05,2017-09-15,305042
2026-10-05,2017-09-18,305830
2026-10-05,2017-09-19,306756
2026-10-05,2017-09-20,307655
2026-10-05,2017-09-21,308239
2026-10-05,2017-09-22,309548
2026-10-05,2017-09-25,310233
2026-10-05,2017-09-26,310977
2026-10-05,2017-09-27,311618
2026-10-05,2017-09-28,311933
2026-10-05,2017-09-29,311322
2026-10-05,2017-10-02,312933
2026-10-05,2017-10-03,313613
2026-10-05,2017-10-04,314198
2026-10-05,2017-10-05,314233
2026-10-05,2017-10-06,314906
2026-10-05,2017-10-09,315434
2026-10-05,2017-10-10,316143
2026-10-05,2017-10-11,317031
2026-10-05,2017-10-12,317877
2026-10-05,2017-10-13,318949
2026-10-05,2017-10-17,319717
2026-10-05,2017-10-18,320143
2026-10-05,2017-10-19,320701
2026-10-05,2017-10-20,322163
2026-10-05,2017-10-23,322784
2026-10-05,2017-10-24,324393
2026-10-05,2017-10-25,325347
2026-10-05,2017-10-26,326124
2026-10-05,2017-10-27,326869
2026-10-05,2017-10-30,327539
2026-10-05,2017-10-31,327323
2026-10-05,2017-11-01,328188
2026-10-05,2017-11-02,328739
2026-10-05,2017-11-03,328654
2026-10-05,2017-11-07,328800
2026-10-05,2017-11-08,329809
2026-10-05,2017-11-09,330882
2026-10-05,2017-11-10,331459
2026-10-05,2017-11-13,332187
2026-10-05,2017-11-14,333097
2026-10-05,2017-11-15,333924
2026-10-05,2017-11-16,335200
2026-10-05,2017-11-17,336114
2026-10-05,2017-11-21,337126
2026-10-05,2017-11-22,338813
2026-10-05,2017-11-23,339551
2026-10-05,2017-11-24,340402
2026-10-05,2017-11-27,341235
2026-10-05,2017-11-28,342086
2026-10-05,2017-11-29,342631
2026-10-05,2017-11-30,342292
2026-10-05,2017-12-01,343082
2026-10-05,2017-12-04,343646
2026-10-05,2017-12-05,343936
2026-10-05,2017-12-06,343969
2026-10-05,2017-12-07,344703
2026-10-05,2017-12-11,344956
2026-10-05,2017-12-12,345796
2026-10-05,2017-12-13,346442
2026-10-05,2017-12-14,347315
2026-10-05,2017-12-15,348313
2026-10-05,2017-12-18,348308
2026-10-05,2017-12-19,348698
2026-10-05,2017-12-20,349205
2026-10-05,2017-12-21,349220
2026-10-05,2017-12-22,350519
2026-10-05,2017-12-26,351058
2026-10-05,2017-12-27,351740
2026-10-05,2017-12-28,352072
2026-10-05,2017-12-29,351780
2026-10-05,2018-01-02,351999
2026-10-05,2018-01-03,352460
2026-10-05,2018-01-04,352818
2026-10-05,2018-01-05,352943
2026-10-05,2018-01-08,353340
2026-10-05,2018-01-09,353864
2026-10-05,2018-01-10,354629
2026-10-05,2018-01-11,355235
2026-10-05,2018-01-12,355905
2026-10-05,2018-01-15,356497
2026-10-05,2018-01-16,357249
2026-10-05,2018-01-17,358021
2026-10-05,2018-01-18,359042
2026-10-05,2018-01-19,359427
2026-10-05,2018-01-22,360163
2026-10-05,2018-01-23,360879
2026-10-05,2018-01-24,362400
2026-10-05,2018-01-25,362788
2026-10-05,2018-01-26,363314
2026-10-05,2018-01-29,363943
2026-10-05,2018-01-30,364417
2026-10-05,2018-01-31,365687
2026-10-05,2018-02-01,364758
2026-10-05,2018-02-02,365254
2026-10-05,2018-02-05,365440
2026-10-05,2018-02-06,365481
2026-10-05,2018-02-07,366203
2026-10-05,2018-02-08,366541
2026-10-05,2018-02-09,366785
2026-10-05,2018-02-14,367348
2026-10-05,2018-02-15,368155
2026-10-05,2018-02-16,369023
2026-10-05,2018-02-19,369324
2026-10-05,2018-02-20,369811
2026-10-05,2018-02-21,370501
2026-10-05,2018-02-22,371914
2026-10-05,2018-02-23,372629
2026-10-05,2018-02-26,373176
2026-10-05,2018-02-27,375017
2026-10-05,2018-02-28,374300
2026-10-05,2018-03-01,374744
2026-10-05,2018-03-02,374922
2026-10-05,2018-03-05,375008
2026-10-05,2018-03-06,375197
2026-10-05,2018-03-07,376302
2026-10-05,2018-03-08,377079
2026-10-05,2018-03-09,377884
2026-10-05,2018-03-12,378332
2026-10-05,2018-03-13,378545
2026-10-05,2018-03-14,379355
2026-10-05,2018-03-15,380114
2026-10-05,2018-03-16,380974
2026-10-05,2018-03-19,381803
2026-10-05,2018-03-20,382668
2026-10-05,2018-03-21,383521
2026-10-05,2018-03-22,384825
2026-10-05,2018-03-23,385500
2026-10-05,2018-03-26,386039
2026-10-05,2018-03-27,386457
2026-10-05,2018-03-28,386514
2026-10-05,2018-04-03,385247
2026-10-05,2018-04-04,385907
2026-10-05,2018-04-05,386042
2026-10-05,2018-04-06,386841
2026-10-05,2018-04-09,386904
2026-10-05,2018-04-10,387621
2026-10-05,2018-04-11,388452
2026-10-05,2018-04-12,389138
2026-10-05,2018-04-13,389925
2026-10-05,2018-04-16,390600
2026-10-05,2018-04-17,391650
2026-10-05,2018-04-18,392068
2026-10-05,2018-04-19,392761
2026-10-05,2018-04-20,393566
2026-10-05,2018-04-23,394422
2026-10-05,2018-04-24,395185
2026-10-05,2018-04-25,396690
2026-10-05,2018-04-26,397143
2026-10-05,2018-04-27,396055
2026-10-05,2018-05-02,396787
2026-10-05,2018-05-03,397385
2026-10-05,2018-05-04,397640
2026-10-05,2018-05-07,397126
2026-10-05,2018-05-08,397591
2026-10-05,2018-05-09,398427
2026-10-05,2018-05-10,398736
2026-10-05,2018-05-11,399317
2026-10-05,2018-05-14,399895
2026-10-05,2018-05-15,400300
2026-10-05,2018-05-16,400791
2026-10-05,2018-05-17,401492
2026-10-05,2018-05-18,402162
2026-10-05,2018-05-21,402752
2026-10-05,2018-05-22,403165
2026-10-05,2018-05-23,404851
2026-10-05,2018-05-24,405165
2026-10-05,2018-05-28,405574
2026-10-05,2018-05-29,406040
2026-10-05,2018-05-30,406324
2026-10-05,2018-05-31,404890
2026-10-05,2018-06-01,405568
2026-10-05,2018-06-04,405571
2026-10-05,2018-06-05,405600
2026-10-05,2018-06-06,405428
2026-10-05,2018-06-07,405667
2026-10-05,2018-06-08,405973
2026-10-05,2018-06-11,405938
2026-10-05,2018-06-12,406291
2026-10-05,2018-06-13,406835
2026-10-05,2018-06-14,407353
2026-10-05,2018-06-15,407755
2026-10-05,2018-06-18,408098
2026-10-05,2018-06-19,408570
2026-10-05,2018-06-21,409040
2026-10-05,2018-06-22,409875
2026-10-05,2018-06-25,409821
2026-10-05,2018-06-26,410118
2026-10-05,2018-06-27,410287
2026-10-05,2018-06-28,410183
2026-10-05,2018-06-29,408335
2026-10-05,2018-07-02,408466
2026-10-05,2018-07-03,408522
2026-10-05,2018-07-04,408473
2026-10-05,2018-07-05,408363
2026-10-05,2018-07-06,407987
2026-10-05,2018-07-10,407611
2026-10-05,2018-07-11,407772
2026-10-05,2018-07-12,408014
2026-10-05,2018-07-13,408488
2026-10-05,2018-07-16,408730
2026-10-05,2018-07-17,409271
2026-10-05,2018-07-18,409854
2026-10-05,2018-07-19,410374
2026-10-05,2018-07-20,410461
2026-10-05,2018-07-23,410846
2026-10-05,2018-07-24,412334
2026-10-05,2018-07-25,412697
2026-10-05,2018-07-26,412695
2026-10-05,2018-07-27,412718
2026-10-05,2018-07-30,412822
2026-10-05,2018-07-31,411685
2026-10-05,2018-08-01,412123
2026-10-05,2018-08-02,412244
2026-10-05,2018-08-03,412131
2026-10-05,2018-08-06,411740
2026-10-05,2018-08-07,412042
2026-10-05,2018-08-08,412442
2026-10-05,2018-08-09,412969
2026-10-05,2018-08-10,413159
2026-10-05,2018-08-13,413639
2026-10-05,2018-08-14,414216
2026-10-05,2018-08-15,414741
2026-10-05,2018-08-16,415377
2026-10-05,2018-08-17,416031
2026-10-05,2018-08-21,416645
2026-10-05,2018-08-22,418411
2026-10-05,2018-08-23,418778
2026-10-05,2018-08-24,419224
2026-10-05,2018-08-27,419701
2026-10-05,2018-08-28,420141
2026-10-05,2018-08-29,420626
2026-10-05,2018-08-30,420627
2026-10-05,2018-08-31,419329
2026-10-05,2018-09-03,419559
2026-10-05,2018-09-04,419663
2026-10-05,2018-09-05,419572
2026-10-05,2018-09-06,419603
2026-10-05,2018-09-07,419647
2026-10-05,2018-09-10,419241
2026-10-05,2018-09-11,419557
2026-10-05,2018-09-12,419911
2026-10-05,2018-09-13,420218
2026-10-05,2018-09-14,420639
2026-10-05,2018-09-17,420906
2026-10-05,2018-09-18,421277
2026-10-05,2018-09-19,421735
2026-10-05,2018-09-20,422031
2026-10-05,2018-09-21,422237
2026-10-05,2018-09-24,423174
2026-10-05,2018-09-25,423135
2026-10-05,2018-09-26,423173
2026-10-05,2018-09-27,423204
2026-10-05,2018-09-28,421380
2026-10-05,2018-10-01,421507
2026-10-05,2018-10-02,421706
2026-10-05,2018-10-03,421679
2026-10-05,2018-10-04,421171
2026-10-05,2018-10-05,420894
2026-10-05,2018-10-08,420543
2026-10-05,2018-10-09,420805
2026-10-05,2018-10-10,420697
2026-10-05,2018-10-11,420932
2026-10-05,2018-10-12,421278
2026-10-05,2018-10-16,421442
2026-10-05,2018-10-17,421776
2026-10-05,2018-10-18,422276
2026-10-05,2018-10-19,422525
2026-10-05,2018-10-22,422758
2026-10-05,2018-10-23,424098
2026-10-05,2018-10-24,424388
2026-10-05,2018-10-25,424518
2026-10-05,2018-10-26,424734
2026-10-05,2018-10-29,424764
2026-10-05,2018-10-30,424543
2026-10-05,2018-10-31,421297
2026-10-05,2018-11-01,423185
2026-10-05,2018-11-02,422966
2026-10-05,2018-11-05,421558
2026-10-05,2018-11-07,421452
2026-10-05,2018-11-08,421670
2026-10-05,2018-11-09,422090
2026-10-05,2018-11-12,420777
2026-10-05,2018-11-13,422185
2026-10-05,2018-11-14,421444
2026-10-05,2018-11-15,421675
2026-10-05,2018-11-16,422045
2026-10-05,2018-11-20,422123
2026-10-05,2018-11-21,422551
2026-10-05,2018-11-22,423876
2026-10-05,2018-11-23,423949
2026-10-05,2018-11-26,424080
2026-10-05,2018-11-27,424101
2026-10-05,2018-11-28,423815
2026-10-05,2018-11-29,422911
2026-10-05,2018-12-03,421722
2026-10-05,2018-12-04,421479
2026-10-05,2018-12-05,422322
2026-10-05,2018-12-06,421587
2026-10-05,2018-12-07,421299
2026-10-05,2018-12-10,420665
2026-10-05,2018-12-11,420591
2026-10-05,2018-12-12,420656
2026-10-05,2018-12-13,420888
2026-10-05,2018-12-14,420960
2026-10-05,2018-12-17,420907
2026-10-05,2018-12-18,421059
2026-10-05,2018-12-19,420747
2026-10-05,2018-12-20,420812
2026-10-05,2018-12-21,420600
2026-10-05,2018-12-26,421689
2026-10-05,2018-12-27,421443
2026-10-05,2018-12-28,418763
2026-10-05,2019-01-02,419192
2026-10-05,2019-01-03,417300
2026-10-05,2019-01-04,417174
2026-10-05,2019-01-07,416005
2026-10-05,2019-01-08,415924
2026-10-05,2019-01-09,415988
2026-10-05,2019-01-10,415784
2026-10-05,2019-01-11,415942
2026-10-05,2019-01-14,416109
2026-10-05,2019-01-15,416215
2026-10-05,2019-01-16,416563
2026-10-05,2019-01-17,416942
2026-10-05,2019-01-18,418493
2026-10-05,2019-01-21,418734
2026-10-05,2019-01-22,420357
2026-10-05,2019-01-23,420694
2026-10-05,2019-01-24,421020
2026-10-05,2019-01-25,420855
2026-10-05,2019-01-28,421046
2026-10-05,2019-01-29,421082
2026-10-05,2019-01-30,420798
2026-10-05,2019-01-31,418770
2026-10-05,2019-02-01,419437
2026-10-05,2019-02-04,419293
2026-10-05,2019-02-05,419080
2026-10-05,2019-02-06,418521
2026-10-05,2019-02-07,418661
2026-10-05,2019-02-08,418888
2026-10-05,2019-02-11,418459
2026-10-05,2019-02-12,418742
2026-10-05,2019-02-13,419208
2026-10-05,2019-02-14,419643
2026-10-05,2019-02-15,419912
2026-10-05,2019-02-18,420191
2026-10-05,2019-02-19,420689
2026-10-05,2019-02-20,421091
2026-10-05,2019-02-21,421158
2026-10-05,2019-02-22,422615
2026-10-05,2019-02-25,422880
2026-10-05,2019-02-26,422962
2026-10-05,2019-02-27,422781
2026-10-05,2019-02-28,420190
2026-10-05,2019-03-01,420849
2026-10-05,2019-03-06,420400
2026-10-05,2019-03-07,420088
2026-10-05,2019-03-08,420136
2026-10-05,2019-03-11,419683
2026-10-05,2019-03-12,419940
2026-10-05,2019-03-13,420432
2026-10-05,2019-03-14,420897
2026-10-05,2019-03-15,421186
2026-10-05,2019-03-18,421585
2026-10-05,2019-03-19,422096
2026-10-05,2019-03-20,422471
2026-10-05,2019-03-21,422697
2026-10-05,2019-03-22,424145
2026-10-05,2019-03-25,424637
2026-10-05,2019-03-26,424824
2026-10-05,2019-03-27,424861
2026-10-05,2019-03-28,424463
2026-10-05,2019-03-29,421593
2026-10-05,2019-04-01,422342
2026-10-05,2019-04-03,422406
2026-10-05,2019-04-04,422070
2026-10-05,2019-04-05,421958
2026-10-05,2019-04-08,421628
2026-10-05,2019-04-09,422290
2026-10-05,2019-04-10,422263
2026-10-05,2019-04-11,422299
2026-10-05,2019-04-12,422756
2026-10-05,2019-04-15,423015
2026-10-05,2019-04-16,423597
2026-10-05,2019-04-17,423966
2026-10-05,2019-04-22,424247
2026-10-05,2019-04-23,425784
2026-10-05,2019-04-24,425867
2026-10-05,2019-04-25,426105
2026-10-05,2019-04-26,425970
2026-10-05,2019-04-29,424806
2026-10-05,2019-04-30,422131
2026-10-05,2019-05-02,423735
2026-10-05,2019-05-03,423013
2026-10-05,2019-05-06,422345
2026-10-05,2019-05-07,421651
2026-10-05,2019-05-08,421734
2026-10-05,2019-05-09,422079
2026-10-05,2019-05-10,422110
2026-10-05,2019-05-13,422043
2026-10-05,2019-05-14,422292
2026-10-05,2019-05-15,422429
2026-10-05,2019-05-16,422653
2026-10-05,2019-05-17,422948
2026-10-05,2019-05-20,423073
2026-10-05,2019-05-21,423387
2026-10-05,2019-05-22,424994
2026-10-05,2019-05-23,424898
2026-10-05,2019-05-24,425085
2026-10-05,2019-05-27,425035
2026-10-05,2019-05-28,425160
2026-10-05,2019-05-29,424992
2026-10-05,2019-05-30,424445
2026-10-05,2019-05-31,420338
2026-10-05,2019-06-03,421773
2026-10-05,2019-06-04,421548
2026-10-05,2019-06-05,421100
2026-10-05,2019-06-06,419794
2026-10-05,2019-06-07,420331
2026-10-05,2019-06-10,419747
2026-10-05,2019-06-11,419602
2026-10-05,2019-06-12,419812
2026-10-05,2019-06-13,420064
2026-10-05,2019-06-14,420250
2026-10-05,2019-06-18,420095
2026-10-05,2019-06-19,420215
2026-10-05,2019-06-21,420100
2026-10-05,2019-06-24,421373
2026-10-05,2019-06-25,421703
2026-10-05,2019-06-26,420137
2026-10-05,2019-06-27,419792
2026-10-05,2019-06-28,415840
2026-10-05,2019-07-01,417032
2026-10-05,2019-07-02,416583
2026-10-05,2019-07-03,416323
2026-10-05,2019-07-04,415667
2026-10-05,2019-07-05,415323
2026-10-05,2019-07-10,414646
2026-10-05,2019-07-11,414448
2026-10-05,2019-07-12,414548
2026-10-05,2019-07-15,414280
2026-10-05,2019-07-16,414453
2026-10-05,2019-07-17,414749
2026-10-05,2019-07-18,415147
2026-10-05,2019-07-19,415357
2026-10-05,2019-07-22,415548
2026-10-05,2019-07-23,417367
2026-10-05,2019-07-24,417633
2026-10-05,2019-07-25,417659
2026-10-05,2019-07-26,417508
2026-10-05,2019-07-29,417600
2026-10-05,2019-07-30,414499
2026-10-05,2019-07-31,410844
2026-10-05,2019-08-01,412453
2026-10-05,2019-08-02,412223
2026-10-05,2019-08-05,411548
2026-10-05,2019-08-06,410990
2026-10-05,2019-08-07,410931
2026-10-05,2019-08-08,411505
2026-10-05,2019-08-09,411782
2026-10-05,2019-08-12,411354
2026-10-05,2019-08-13,410669
2026-10-05,2019-08-14,410878
2026-10-05,2019-08-15,410935
2026-10-05,2019-08-16,411082
2026-10-05,2019-08-20,411361
2026-10-05,2019-08-21,411669
2026-10-05,2019-08-22,413389
2026-10-05,2019-08-23,413227
2026-10-05,2019-08-26,413181
2026-10-05,2019-08-27,413152
2026-10-05,2019-08-28,413055
2026-10-05,2019-08-29,412433
2026-10-05,2019-08-30,409589
2026-10-05,2019-09-02,410076
2026-10-05,2019-09-03,409693
2026-10-05,2019-09-04,409579
2026-10-05,2019-09-05,408544
2026-10-05,2019-09-06,408451
2026-10-05,2019-09-09,408190
2026-10-05,2019-09-10,407788
2026-10-05,2019-09-11,407800
2026-10-05,2019-09-12,407882
2026-10-05,2019-09-13,408000
2026-10-05,2019-09-16,407867
2026-10-05,2019-09-17,408075
2026-10-05,2019-09-18,408125
2026-10-05,2019-09-19,408391
2026-10-05,2019-09-20,408227
2026-10-05,2019-09-23,408244
2026-10-05,2019-09-24,409927
2026-10-05,2019-09-25,409466
2026-10-05,2019-09-26,409368
2026-10-05,2019-09-27,408562
2026-10-05,2019-09-30,405467
2026-10-05,2019-10-01,406508
2026-10-05,2019-10-02,406120
2026-10-05,2019-10-03,405758
2026-10-05,2019-10-04,404747
2026-10-05,2019-10-07,404425
2026-10-05,2019-10-08,404772
2026-10-05,2019-10-09,404859
2026-10-05,2019-10-10,404468
2026-10-05,2019-10-11,404603
2026-10-05,2019-10-15,404263
2026-10-05,2019-10-16,404466
2026-10-05,2019-10-17,404801
2026-10-05,2019-10-18,405229
2026-10-05,2019-10-21,405413
2026-10-05,2019-10-22,407559
2026-10-05,2019-10-23,407938
2026-10-05,2019-10-24,408399
2026-10-05,2019-10-25,408421
2026-10-05,2019-10-28,408458
2026-10-05,2019-10-29,408139
2026-10-05,2019-10-30,407650
2026-10-05,2019-10-31,403945
2026-10-05,2019-11-01,405582
2026-10-05,2019-11-04,405051
2026-10-05,2019-11-05,403944
2026-10-05,2019-11-07,403825
2026-10-05,2019-11-08,403643
2026-10-05,2019-11-11,403011
2026-10-05,2019-11-12,403276
2026-10-05,2019-11-13,403747
2026-10-05,2019-11-14,404022
2026-10-05,2019-11-15,404205
2026-10-05,2019-11-19,404248
2026-10-05,2019-11-20,404579
2026-10-05,2019-11-21,404871
2026-10-05,2019-11-22,406166
2026-10-05,2019-11-25,406207
2026-10-05,2019-11-26,406433
2026-10-05,2019-11-27,406591
2026-10-05,2019-11-28,405815
2026-10-05,2019-11-29,402292
2026-10-05,2019-12-02,404128
2026-10-05,2019-12-03,403939
2026-10-05,2019-12-04,403585
2026-10-05,2019-12-05,402301
2026-10-05,2019-12-06,402308
2026-10-05,2019-12-09,402229
2026-10-05,2019-12-10,401880
2026-10-05,2019-12-11,401830
2026-10-05,2019-12-12,402031
2026-10-05,2019-12-13,401808
2026-10-05,2019-12-16,401758
2026-10-05,2019-12-17,401474
2026-10-05,2019-12-18,401734
2026-10-05,2019-12-19,401635
2026-10-05,2019-12-20,401189
2026-10-05,2019-12-23,401252
2026-10-05,2019-12-26,403060
2026-10-05,2019-12-27,402940
2026-10-05,2019-12-30,398579
2026-10-05,2020-01-02,400862
2026-10-05,2020-01-03,400862
2026-10-05,2020-01-06,400255
2026-10-05,2020-01-07,399102
2026-10-05,2020-01-08,399148
2026-10-05,2020-01-09,399685
2026-10-05,2020-01-10,398735
2026-10-05,2020-01-13,398843
2026-10-05,2020-01-14,398979
2026-10-05,2020-01-15,399353
2026-10-05,2020-01-16,399673
2026-10-05,2020-01-17,400202
2026-10-05,2020-01-20,400618
2026-10-05,2020-01-21,401020
2026-10-05,2020-01-22,403295
2026-10-05,2020-01-23,403692
2026-10-05,2020-01-24,403739
2026-10-05,2020-01-27,404072
2026-10-05,2020-01-28,404527
2026-10-05,2020-01-29,404355
2026-10-05,2020-01-30,404152
2026-10-05,2020-01-31,400779
2026-10-05,2020-02-03,402336
2026-10-05,2020-02-04,402295
2026-10-05,2020-02-05,402049
2026-10-05,2020-02-06,401492
2026-10-05,2020-02-07,401705
2026-10-05,2020-02-10,401603
2026-10-05,2020-02-11,401958
2026-10-05,2020-02-12,402530
2026-10-05,2020-02-13,403272
2026-10-05,2020-02-14,403839
2026-10-05,2020-02-17,404318
2026-10-05,2020-02-18,405022
2026-10-05,2020-02-19,405586
2026-10-05,2020-02-20,405853
2026-10-05,2020-02-21,406325
2026-10-05,2020-02-26,407886
2026-10-05,2020-02-27,406089
2026-10-05,2020-02-28,404308
2026-10-05,2020-03-02,405955
2026-10-05,2020-03-03,406021
2026-10-05,2020-03-04,406147
2026-10-05,2020-03-05,405603
2026-10-05,2020-03-06,405818
2026-10-05,2020-03-09,406073
2026-10-05,2020-03-10,406287
2026-10-05,2020-03-11,406700
2026-10-05,2020-03-12,407329
2026-10-05,2020-03-13,408183
2026-10-05,2020-03-16,408722
2026-10-05,2020-03-17,409261
2026-10-05,2020-03-18,409614
2026-10-05,2020-03-19,410100
2026-10-05,2020-03-20,410027
2026-10-05,2020-03-25,410074
2026-10-05,2020-03-26,410146
2026-10-05,2020-03-27,410091
2026-10-05,2020-03-30,408028
2026-10-05,2020-04-01,411162
2026-10-05,2020-04-02,410134
2026-10-05,2020-04-03,407713
2026-10-05,2020-04-06,405702
2026-10-05,2020-04-07,405326
2026-10-05,2020-04-08,405225
2026-10-05,2020-04-13,404030
2026-10-05,2020-04-14,403679
2026-10-05,2020-04-15,403726
2026-10-05,2020-04-16,403710
2026-10-05,2020-04-17,403656
2026-10-05,2020-04-20,403638
2026-10-05,2020-04-21,403852
2026-10-05,2020-04-22,405875
2026-10-05,2020-04-23,406148
2026-10-05,2020-04-24,405646
2026-10-05,2020-04-27,405533
2026-10-05,2020-04-28,405163
2026-10-05,2020-04-29,404530
2026-10-05,2020-04-30,400418
2026-10-05,2020-05-04,401823
2026-10-05,2020-05-05,401352
2026-10-05,2020-05-06,400819
2026-10-05,2020-05-07,399913
2026-10-05,2020-05-08,399473
2026-10-05,2020-05-11,398646
2026-10-05,2020-05-12,398472
2026-10-05,2020-05-13,398728
2026-10-05,2020-05-14,399006
2026-10-05,2020-05-15,399049
2026-10-05,2020-05-18,399275
2026-10-05,2020-05-19,399668
2026-10-05,2020-05-20,399783
2026-10-05,2020-05-21,399998
2026-10-05,2020-05-22,401983
2026-10-05,2020-05-26,401973
2026-10-05,2020-05-27,401839
2026-10-05,2020-05-28,401515
2026-10-05,2020-05-29,397821
2026-10-05,2020-06-01,400057
2026-10-05,2020-06-02,399950
2026-10-05,2020-06-03,399632
2026-10-05,2020-06-04,398621
2026-10-05,2020-06-05,398386
2026-10-05,2020-06-08,398150
2026-10-05,2020-06-09,398296
2026-10-05,2020-06-10,398175
2026-10-05,2020-06-11,398418
2026-10-05,2020-06-12,398791
2026-10-05,2020-06-16,398927
2026-10-05,2020-06-17,399201
2026-10-05,2020-06-18,399647
2026-10-05,2020-06-19,399815
2026-10-05,2020-06-22,399550
2026-10-05,2020-06-23,401496
2026-10-05,2020-06-24,401607
2026-10-05,2020-06-25,401742
2026-10-05,2020-06-26,401989
2026-10-05,2020-06-29,401570
2026-10-05,2020-06-30,397920
2026-10-05,2020-07-01,399579
2026-10-05,2020-07-02,399293
2026-10-05,2020-07-03,399182
2026-10-05,2020-07-06,397969
2026-10-05,2020-07-07,397827
2026-10-05,2020-07-08,397710
2026-10-05,2020-07-13,397645
2026-10-05,2020-07-14,397919
2026-10-05,2020-07-15,398091
2026-10-05,2020-07-16,398458
2026-10-05,2020-07-17,398716
2026-10-05,2020-07-20,399289
2026-10-05,2020-07-21,399710
2026-10-05,2020-07-22,401857
2026-10-05,2020-07-23,402355
2026-10-05,2020-07-24,402665
2026-10-05,2020-07-27,403487
2026-10-05,2020-07-28,403825
2026-10-05,2020-07-29,403956
2026-10-05,2020-07-30,403373
2026-10-05,2020-07-31,400403
2026-10-05,2020-08-03,402200
2026-10-05,2020-08-04,402178
2026-10-05,2020-08-05,402092
2026-10-05,2020-08-06,401630
2026-10-05,2020-08-07,401679
2026-10-05,2020-08-10,401681
2026-10-05,2020-08-11,401326
2026-10-05,2020-08-12,401682
2026-10-05,2020-08-13,402247
2026-10-05,2020-08-14,402856
2026-10-05,2020-08-18,403388
2026-10-05,2020-08-19,404080
2026-10-05,2020-08-20,403649
2026-10-05,2020-08-21,403979
2026-10-05,2020-08-24,406841
2026-10-05,2020-08-25,407220
2026-10-05,2020-08-26,407615
2026-10-05,2020-08-27,407912
2026-10-05,2020-08-28,407948
2026-10-05,2020-08-31,405679
2026-10-05,2020-09-01,407972
2026-10-05,2020-09-02,408348
2026-10-05,2020-09-03,408157
2026-10-05,2020-09-04,407528
2026-10-05,2020-09-07,407211
2026-10-05,2020-09-08,407693
2026-10-05,2020-09-09,408160
2026-10-05,2020-09-10,408299
2026-10-05,2020-09-11,408690
2026-10-05,2020-09-14,408952
2026-10-05,2020-09-15,409415
2026-10-05,2020-09-16,410036
2026-10-05,2020-09-17,410709
2026-10-05,2020-09-18,411501
2026-10-05,2020-09-21,412470
2026-10-05,2020-09-22,414912
2026-10-05,2020-09-23,415637
2026-10-05,2020-09-24,416055
2026-10-05,2020-09-25,417502
2026-10-05,2020-09-28,417051
2026-10-05,2020-09-29,417024
2026-10-05,2020-09-30,413217
2026-10-05,2020-10-01,415681
2026-10-05,2020-10-02,416265
2026-10-05,2020-10-05,415706
2026-10-05,2020-10-06,415678
2026-10-05,2020-10-07,416227
2026-10-05,2020-10-08,417035
2026-10-05,2020-10-09,418003
2026-10-05,2020-10-13,418595
2026-10-05,2020-10-14,419484
2026-10-05,2020-10-15,420240
2026-10-05,2020-10-16,421358
2026-10-05,2020-10-19,422331
2026-10-05,2020-10-20,423168
2026-10-05,2020-10-21,424033
2026-10-05,2020-10-22,426636
2026-10-05,2020-10-23,427435
2026-10-05,2020-10-26,428432
2026-10-05,2020-10-27,428952
2026-10-05,2020-10-28,429470
2026-10-05,2020-10-29,429527
2026-10-05,2020-10-30,425883
2026-10-05,2020-11-02,429179
2026-10-05,2020-11-03,428895
2026-10-05,2020-11-04,429066
2026-10-05,2020-11-05,428330
2026-10-05,2020-11-09,428713
2026-10-05,2020-11-10,428924
2026-10-05,2020-11-11,429791
2026-10-05,2020-11-12,430701
2026-10-05,2020-11-13,431554
2026-10-05,2020-11-16,432223
2026-10-05,2020-11-17,433113
2026-10-05,2020-11-18,434378
2026-10-05,2020-11-19,435179
2026-10-05,2020-11-20,435988
2026-10-05,2020-11-24,437046
2026-10-05,2020-11-25,439810
2026-10-05,2020-11-26,440130
2026-10-05,2020-11-27,440063
2026-10-05,2020-11-30,436236
2026-10-05,2020-12-01,439551
2026-10-05,2020-12-02,439803
2026-10-05,2020-12-03,439750
2026-10-05,2020-12-04,439533
2026-10-05,2020-12-09,439768
2026-10-05,2020-12-10,440162
2026-10-05,2020-12-11,440941
2026-10-05,2020-12-14,441637
2026-10-05,2020-12-15,442106
2026-10-05,2020-12-16,442756
2026-10-05,2020-12-17,443328
2026-10-05,2020-12-18,444159
2026-10-05,2020-12-21,444966
2026-10-05,2020-12-22,447417
2026-10-05,2020-12-23,447888
2026-10-05,2020-12-28,448203
2026-10-05,2020-12-29,448285
2026-10-05,2020-12-30,443879
2026-10-05,2021-01-04,446492
2026-10-05,2021-01-05,446674
2026-10-05,2021-01-06,446298
2026-10-05,2021-01-07,445900
2026-10-05,2021-01-08,446333
2026-10-05,2021-01-11,446538
2026-10-05,2021-01-12,447210
2026-10-05,2021-01-13,447869
2026-10-05,2021-01-14,448540
2026-10-05,2021-01-15,449227
2026-10-05,2021-01-18,450402
2026-10-05,2021-01-19,451480
2026-10-05,2021-01-20,452054
2026-10-05,2021-01-21,452747
2026-10-05,2021-01-22,455514
2026-10-05,2021-01-25,456596
2026-10-05,2021-01-26,457393
2026-10-05,2021-01-27,457659
2026-10-05,2021-01-28,457843
2026-10-05,2021-01-29,453937
2026-10-05,2021-02-01,457135
2026-10-05,2021-02-02,457617
2026-10-05,2021-02-03,458401
2026-10-05,2021-02-04,458284
2026-10-05,2021-02-05,458877
2026-10-05,2021-02-08,459625
2026-10-05,2021-02-09,460721
2026-10-05,2021-02-10,461600
2026-10-05,2021-02-11,462487
2026-10-05,2021-02-12,463451
2026-10-05,2021-02-17,465029
2026-10-05,2021-02-18,466059
2026-10-05,2021-02-19,467108
2026-10-05,2021-02-22,468291
2026-10-05,2021-02-23,468973
2026-10-05,2021-02-24,469807
2026-10-05,2021-02-25,470672
2026-10-05,2021-02-26,467959
2026-10-05,2021-03-01,471813
2026-10-05,2021-03-02,472618
2026-10-05,2021-03-03,472297
2026-10-05,2021-03-04,472068
2026-10-05,2021-03-05,472656
2026-10-05,2021-03-08,473607
2026-10-05,2021-03-09,474653
2026-10-05,2021-03-10,475297
2026-10-05,2021-03-11,476179
2026-10-05,2021-03-12,477533
2026-10-05,2021-03-15,478412
2026-10-05,2021-03-16,479910
2026-10-05,2021-03-17,481181
2026-10-05,2021-03-18,482298
2026-10-05,2021-03-19,483391
2026-10-05,2021-03-22,484885
2026-10-05,2021-03-23,485951
2026-10-05,2021-03-25,487221
2026-10-05,2021-03-26,488378
2026-10-05,2021-03-29,489259
2026-10-05,2021-03-30,490017
2026-10-05,2021-03-31,488078
2026-10-05,2021-04-05,491031
2026-10-05,2021-04-06,491132
2026-10-05,2021-04-07,492644
2026-10-05,2021-04-08,493491
2026-10-05,2021-04-09,494657
2026-10-05,2021-04-12,495435
2026-10-05,2021-04-13,496356
2026-10-05,2021-04-14,497755
2026-10-05,2021-04-15,498872
2026-10-05,2021-04-16,500157
2026-10-05,2021-04-19,501500
2026-10-05,2021-04-20,502359
2026-10-05,2021-04-21,503524
2026-10-05,2021-04-22,504346
2026-10-05,2021-04-23,502801
2026-10-05,2021-04-26,503846
2026-10-05,2021-04-27,504872
2026-10-05,2021-04-28,505462
2026-10-05,2021-04-29,505611
2026-10-05,2021-04-30,504177
2026-10-05,2021-05-03,505748
2026-10-05,2021-05-04,506188
2026-10-05,2021-05-05,506544
2026-10-05,2021-05-06,506072
2026-10-05,2021-05-07,506796
2026-10-05,2021-05-10,507285
2026-10-05,2021-05-11,508140
2026-10-05,2021-05-12,509348
2026-10-05,2021-05-13,510539
2026-10-05,2021-05-14,511219
2026-10-05,2021-05-17,512261
2026-10-05,2021-05-18,513168
2026-10-05,2021-05-19,513418
2026-10-05,2021-05-20,514129
2026-10-05,2021-05-21,514860
2026-10-05,2021-05-26,515865
2026-10-05,2021-05-27,517080
2026-10-05,2021-05-28,517008
2026-10-05,2021-05-31,515601
2026-10-05,2021-06-01,517456
2026-10-05,2021-06-02,518531
2026-10-05,2021-06-03,517445
2026-10-05,2021-06-04,516657
2026-10-05,2021-06-07,517327
2026-10-05,2021-06-08,517927
2026-10-05,2021-06-09,518690
2026-10-05,2021-06-10,518239
2026-10-05,2021-06-11,518693
2026-10-05,2021-06-14,519180
2026-10-05,2021-06-15,520019
2026-10-05,2021-06-16,521123
2026-10-05,2021-06-17,521661
2026-10-05,2021-06-18,522340
2026-10-05,2021-06-22,522963
2026-10-05,2021-06-23,523728
2026-10-05,2021-06-24,524233
2026-10-05,2021-06-25,524583
2026-10-05,2021-06-28,525070
2026-10-05,2021-06-29,525428
2026-10-05,2021-06-30,524531
2026-10-05,2021-07-01,525747
2026-10-05,2021-07-02,525914
2026-10-05,2021-07-05,524681
2026-10-05,2021-07-06,523981
2026-10-05,2021-07-07,525595
2026-10-05,2021-07-08,526067
2026-10-05,2021-07-12,525829
2026-10-05,2021-07-13,526524
2026-10-05,2021-07-14,527396
2026-10-05,2021-07-15,527525
2026-10-05,2021-07-16,528623
2026-10-05,2021-07-19,529397
2026-10-05,2021-07-20,530729
2026-10-05,2021-07-21,531768
2026-10-05,2021-07-22,532175
2026-10-05,2021-07-23,533535
2026-10-05,2021-07-26,534332
2026-10-05,2021-07-27,535195
2026-10-05,2021-07-28,535656
2026-10-05,2021-07-29,536132
2026-10-05,2021-07-30,535442
2026-10-05,2021-08-02,538578
2026-10-05,2021-08-03,537641
2026-10-05,2021-08-04,538071
2026-10-05,2021-08-05,537668
2026-10-05,2021-08-06,538673
2026-10-05,2021-08-09,539425
2026-10-05,2021-08-10,540210
2026-10-05,2021-08-11,541498
2026-10-05,2021-08-12,543039
2026-10-05,2021-08-13,544776
2026-10-05,2021-08-17,546132
2026-10-05,2021-08-18,547714
2026-10-05,2021-08-19,549359
2026-10-05,2021-08-20,550667
2026-10-05,2021-08-23,551917
2026-10-05,2021-08-24,553302
2026-10-05,2021-08-25,554597
2026-10-05,2021-08-26,555751
2026-10-05,2021-08-27,557100
2026-10-05,2021-08-30,557456
2026-10-05,2021-08-31,556609
2026-10-05,2021-09-01,559843
2026-10-05,2021-09-02,559853
2026-10-05,2021-09-03,559556
2026-10-05,2021-09-06,559188
2026-10-05,2021-09-07,560251
2026-10-05,2021-09-08,561784
2026-10-05,2021-09-09,563387
2026-10-05,2021-09-10,564915
2026-10-05,2021-09-13,566397
2026-10-05,2021-09-14,568057
2026-10-05,2021-09-15,569721
2026-10-05,2021-09-16,571615
2026-10-05,2021-09-17,573244
2026-10-05,2021-09-20,574669
2026-10-05,2021-09-21,576180
2026-10-05,2021-09-22,577582
2026-10-05,2021-09-23,579347
2026-10-05,2021-09-24,580433
2026-10-05,2021-09-27,581667
2026-10-05,2021-09-28,582910
2026-10-05,2021-09-29,583350
2026-10-05,2021-09-30,584175
2026-10-05,2021-10-01,587191
2026-10-05,2021-10-04,586949
2026-10-05,2021-10-05,587702
2026-10-05,2021-10-06,588198
2026-10-05,2021-10-07,590071
2026-10-05,2021-10-12,591495
2026-10-05,2021-10-13,593565
2026-10-05,2021-10-14,595873
2026-10-05,2021-10-15,598132
2026-10-05,2021-10-18,600161
2026-10-05,2021-10-19,602287
2026-10-05,2021-10-20,604476
2026-10-05,2021-10-21,606406
2026-10-05,2021-10-22,608356
2026-10-05,2021-10-25,610476
2026-10-05,2021-10-26,612371
2026-10-05,2021-10-27,614228
2026-10-05,2021-10-28,615406
2026-10-05,2021-10-29,617294
2026-10-05,2021-11-01,619461
2026-10-05,2021-11-02,621068
2026-10-05,2021-11-03,620885
2026-10-05,2021-11-04,621386
2026-10-05,2021-11-05,622874
2026-10-05,2021-11-08,625412
2026-10-05,2021-11-09,627209
2026-10-05,2021-11-10,629046
2026-10-05,2021-11-11,631447
2026-10-05,2021-11-12,633846
2026-10-05,2021-11-15,635870
2026-10-05,2021-11-16,637972
2026-10-05,2021-11-17,640027
2026-10-05,2021-11-18,641707
2026-10-05,2021-11-19,643619
2026-10-05,2021-11-23,645663
2026-10-05,2021-11-24,647544
2026-10-05,2021-11-25,649152
2026-10-05,2021-11-26,650669
2026-10-05,2021-11-29,651994
2026-10-05,2021-11-30,651163
2026-10-05,2021-12-01,654739
2026-10-05,2021-12-02,655910
2026-10-05,2021-12-03,655907
2026-10-05,2021-12-06,655987
2026-10-05,2021-12-07,657420
2026-10-05,2021-12-09,659641
2026-10-05,2021-12-10,660681
2026-10-05,2021-12-13,662491
2026-10-05,2021-12-14,664182
2026-10-05,2021-12-15,665869
2026-10-05,2021-12-16,667541
2026-10-05,2021-12-17,668899
2026-10-05,2021-12-20,670225
2026-10-05,2021-12-21,671517
2026-10-05,2021-12-22,672999
2026-10-05,2021-12-23,673419
2026-10-05,2021-12-27,674009
2026-10-05,2021-12-28,675433
2026-10-05,2021-12-29,676992
2026-10-05,2021-12-30,674962
2026-10-05,2022-01-03,676245
2026-10-05,2022-01-04,676679
2026-10-05,2022-01-05,677226
2026-10-05,2022-01-06,677201
2026-10-05,2022-01-07,678201
2026-10-05,2022-01-10,678384
2026-10-05,2022-01-11,679732
2026-10-05,2022-01-12,681264
2026-10-05,2022-01-13,682727
2026-10-05,2022-01-14,684324
2026-10-05,2022-01-17,685334
2026-10-05,2022-01-18,686619
2026-10-05,2022-01-19,688261
2026-10-05,2022-01-20,689665
2026-10-05,2022-01-21,690586
2026-10-05,2022-01-24,692352
2026-10-05,2022-01-25,693771
2026-10-05,2022-01-26,695212
2026-10-05,2022-01-27,696181
2026-10-05,2022-01-28,696869
2026-10-05,2022-01-31,696086
2026-10-05,2022-02-01,699974
2026-10-05,2022-02-02,700824
2026-10-05,2022-02-03,701300
2026-10-05,2022-02-04,700954
2026-10-05,2022-02-07,701989
2026-10-05,2022-02-08,703774
2026-10-05,2022-02-09,706149
2026-10-05,2022-02-10,707975
2026-10-05,2022-02-11,709759
2026-10-05,2022-02-14,712082
2026-10-05,2022-02-15,713877
2026-10-05,2022-02-16,715977
2026-10-05,2022-02-17,717744
2026-10-05,2022-02-18,719813
2026-10-05,2022-02-21,721632
2026-10-05,2022-02-22,723408
2026-10-05,2022-02-23,725319
2026-10-05,2022-02-24,726393
2026-10-05,2022-02-25,725030
2026-10-05,2022-03-02,727486
2026-10-05,2022-03-03,726489
2026-10-05,2022-03-04,728096
2026-10-05,2022-03-07,728324
2026-10-05,2022-03-08,730197
2026-10-05,2022-03-09,732406
2026-10-05,2022-03-10,733984
2026-10-05,2022-03-11,736485
2026-10-05,2022-03-14,739431
2026-10-05,2022-03-15,741474
2026-10-05,2022-03-16,744073
2026-10-05,2022-03-17,746353
2026-10-05,2022-03-18,748271
2026-10-05,2022-03-21,750871
2026-10-05,2022-03-22,752181
2026-10-05,2022-03-23,755062
2026-10-05,2022-03-25,755732
2026-10-05,2022-03-28,758109
2026-10-05,2022-03-29,760141
2026-10-05,2022-03-30,760918
2026-10-05,2022-03-31,759972
2026-10-05,2022-04-01,762056
2026-10-05,2022-04-04,761909
2026-10-05,2022-04-05,763359
2026-10-05,2022-04-06,763680
2026-10-05,2022-04-07,765609
2026-10-05,2022-04-08,768014
2026-10-05,2022-04-11,770251
2026-10-05,2022-04-12,772493
2026-10-05,2022-04-13,775644
2026-10-05,2022-04-18,779187
2026-10-05,2022-04-19,781619
2026-10-05,2022-04-20,783945
2026-10-05,2022-04-21,786212
2026-10-05,2022-04-22,788207
2026-10-05,2022-04-25,790168
2026-10-05,2022-04-26,791904
2026-10-05,2022-04-27,793213
2026-10-05,2022-04-28,793307
2026-10-05,2022-04-29,790939
2026-10-05,2022-05-02,793498
2026-10-05,2022-05-03,792410
2026-10-05,2022-05-04,794152
2026-10-05,2022-05-05,794021
2026-10-05,2022-05-06,795403
2026-10-05,2022-05-09,797550
2026-10-05,2022-05-10,798642
2026-10-05,2022-05-11,800513
2026-10-05,2022-05-12,802629
2026-10-05,2022-05-13,805053
2026-10-05,2022-05-16,807106
2026-10-05,2022-05-17,808909
2026-10-05,2022-05-19,810961
2026-10-05,2022-05-20,812667
2026-10-05,2022-05-23,814787
2026-10-05,2022-05-24,816956
2026-10-05,2022-05-26,818287
2026-10-05,2022-05-27,820330
2026-10-05,2022-05-30,821356
2026-10-05,2022-05-31,819626
2026-10-05,2022-06-01,821296
2026-10-05,2022-06-02,822189
2026-10-05,2022-06-03,822596
2026-10-05,2022-06-06,822850
2026-10-05,2022-06-07,824168
2026-10-05,2022-06-08,825686
2026-10-05,2022-06-09,828049
2026-10-05,2022-06-10,829557
2026-10-05,2022-06-13,831750
2026-10-05,2022-06-14,833837
2026-10-05,2022-06-15,836104
2026-10-05,2022-06-16,838198
2026-10-05,2022-06-21,840933
2026-10-05,2022-06-22,841972
2026-10-05,2022-06-23,843622
2026-10-05,2022-06-24,845279
2026-10-05,2022-06-27,847005
2026-10-05,2022-06-28,848144
2026-10-05,2022-06-29,848430
2026-10-05,2022-06-30,846130
2026-10-05,2022-07-01,847748
2026-10-05,2022-07-04,847882
2026-10-05,2022-07-05,850098
2026-10-05,2022-07-06,849558
2026-10-05,2022-07-07,851303
2026-10-05,2022-07-08,853250
2026-10-05,2022-07-11,854497
2026-10-05,2022-07-12,856451
2026-10-05,2022-07-13,858749
2026-10-05,2022-07-14,860853
2026-10-05,2022-07-15,862913
2026-10-05,2022-07-18,865268
2026-10-05,2022-07-19,867028
2026-10-05,2022-07-20,869642
2026-10-05,2022-07-21,871680
2026-10-05,2022-07-22,873740
2026-10-05,2022-07-25,875924
2026-10-05,2022-07-26,878075
2026-10-05,2022-07-27,879825
2026-10-05,2022-07-28,880721
2026-10-05,2022-07-29,879610
2026-10-05,2022-08-01,882652
2026-10-05,2022-08-02,885348
2026-10-05,2022-08-03,885350
2026-10-05,2022-08-04,883563
2026-10-05,2022-08-05,885306
2026-10-05,2022-08-08,888159
2026-10-05,2022-08-09,890714
2026-10-05,2022-08-10,892520
2026-10-05,2022-08-11,895328
2026-10-05,2022-08-12,898443
2026-10-05,2022-08-16,901898
2026-10-05,2022-08-17,906989
2026-10-05,2022-08-18,906236
2026-10-05,2022-08-19,908188
2026-10-05,2022-08-22,910227
2026-10-05,2022-08-23,909219
2026-10-05,2022-08-24,910860
2026-10-05,2022-08-25,912530
2026-10-05,2022-08-26,914345
2026-10-05,2022-08-29,915904
2026-10-05,2022-08-30,915933
2026-10-05,2022-08-31,915286
2026-10-05,2022-09-01,915777
2026-10-05,2022-09-05,916111
2026-10-05,2022-09-06,915864
2026-10-05,2022-09-07,917727
2026-10-05,2022-09-08,919922
2026-10-05,2022-09-09,920298
2026-10-05,2022-09-12,922476
2026-10-05,2022-09-13,925210
2026-10-05,2022-09-14,928192
2026-10-05,2022-09-15,930755
2026-10-05,2022-09-16,934289
2026-10-05,2022-09-19,937839
2026-10-05,2022-09-20,940332
2026-10-05,2022-09-21,942484
2026-10-05,2022-09-22,944852
2026-10-05,2022-09-23,947359
2026-10-05,2022-09-26,949229
2026-10-05,2022-09-27,952091
2026-10-05,2022-09-28,954003
2026-10-05,2022-09-29,955139
2026-10-05,2022-09-30,954771
2026-10-05,2022-10-03,954185
2026-10-05,2022-10-04,955731
2026-10-05,2022-10-05,955602
2026-10-05,2022-10-06,956634
2026-10-05,2022-10-11,959776
2026-10-05,2022-10-12,962897
2026-10-05,2022-10-13,966086
2026-10-05,2022-10-14,969049
2026-10-05,2022-10-17,971872
2026-10-05,2022-10-18,974341
2026-10-05,2022-10-19,976944
2026-10-05,2022-10-20,979168
2026-10-05,2022-10-21,981630
2026-10-05,2022-10-24,984039
2026-10-05,2022-10-25,986190
2026-10-05,2022-10-26,988087
2026-10-05,2022-10-27,990554
2026-10-05,2022-10-28,990031
2026-10-05,2022-10-31,990008
2026-10-05,2022-11-01,990894
2026-10-05,2022-11-02,992203
2026-10-05,2022-11-03,992464
2026-10-05,2022-11-04,992335
2026-10-05,2022-11-07,994011
2026-10-05,2022-11-08,998509
2026-10-05,2022-11-09,1001792
2026-10-05,2022-11-10,1004077
2026-10-05,2022-11-11,1006977
2026-10-05,2022-11-14,1010461
2026-10-05,2022-11-15,1012367
2026-10-05,2022-11-16,1015352
2026-10-05,2022-11-17,1019565
2026-10-05,2022-11-18,1022617
2026-10-05,2022-11-22,1026032
2026-10-05,2022-11-23,1028822
2026-10-05,2022-11-24,1031540
2026-10-05,2022-11-25,1034644
2026-10-05,2022-11-28,1037179
2026-10-05,2022-11-29,1038174
2026-10-05,2022-11-30,1037558
2026-10-05,2022-12-01,1036965
2026-10-05,2022-12-02,1036972
2026-10-05,2022-12-05,1037928
2026-10-05,2022-12-06,1038823
2026-10-05,2022-12-07,1041092
2026-10-05,2022-12-12,1044570
2026-10-05,2022-12-13,1046642
2026-10-05,2022-12-14,1047836
2026-10-05,2022-12-15,1048650
2026-10-05,2022-12-16,1050962
2026-10-05,2022-12-19,1053294
2026-10-05,2022-12-20,1054676
2026-10-05,2022-12-21,1055807
2026-10-05,2022-12-22,1056975
2026-10-05,2022-12-23,1059256
2026-10-05,2022-12-26,1061929
2026-10-05,2022-12-27,1063669
2026-10-05,2022-12-28,1065953
2026-10-05,2022-12-29,1065816
2026-10-05,2022-12-30,1064598
2026-10-05,2023-01-02,1067963
2026-10-05,2023-01-03,1066127
2026-10-05,2023-01-04,1067025
2026-10-05,2023-01-05,1066612
2026-10-05,2023-01-06,1069077
2026-10-05,2023-01-09,1073461
2026-10-05,2023-01-10,1076725
2026-10-05,2023-01-11,1079170
2026-10-05,2023-01-12,1082370
2026-10-05,2023-01-13,1085702
2026-10-05,2023-01-16,1090163
2026-10-05,2023-01-17,1093682
2026-10-05,2023-01-18,1097413
2026-10-05,2023-01-19,1100749
2026-10-05,2023-01-20,1103224
2026-10-05,2023-01-23,1107237
2026-10-05,2023-01-24,1110208
2026-10-05,2023-01-25,1113213
2026-10-05,2023-01-26,1116730
2026-10-05,2023-01-27,1119744
2026-10-05,2023-01-30,1122756
2026-10-05,2023-01-31,1123881
2026-10-05,2023-02-01,1124999
2026-10-05,2023-02-02,1127429
2026-10-05,2023-02-03,1128083
2026-10-05,2023-02-06,1129774
2026-10-05,2023-02-07,1133671
2026-10-05,2023-02-08,1136935
2026-10-05,2023-02-09,1141504
2026-10-05,2023-02-10,1144436
2026-10-05,2023-02-13,1149220
2026-10-05,2023-02-14,1153337
2026-10-05,2023-02-15,1157450
2026-10-05,2023-02-16,1161577
2026-10-05,2023-02-17,1165780
2026-10-05,2023-02-22,1171131
2026-10-05,2023-02-23,1172668
2026-10-05,2023-02-24,1175771
2026-10-05,2023-02-27,1178738
2026-10-05,2023-02-28,1177818
2026-10-05,2023-03-01,1178418
2026-10-05,2023-03-02,1180981
2026-10-05,2023-03-03,1182072
2026-10-05,2023-03-06,1183571
2026-10-05,2023-03-07,1186981
2026-10-05,2023-03-08,1191668
2026-10-05,2023-03-09,1196099
2026-10-05,2023-03-10,1200337
2026-10-05,2023-03-13,1205585
2026-10-05,2023-03-14,1209698
2026-10-05,2023-03-15,1213967
2026-10-05,2023-03-16,1219387
2026-10-05,2023-03-17,1223127
2026-10-05,2023-03-20,1230230
2026-10-05,2023-03-21,1234346
2026-10-05,2023-03-22,1238946
2026-10-05,2023-03-23,1243246
2026-10-05,2023-03-27,1250289
2026-10-05,2023-03-28,1254442
2026-10-05,2023-03-29,1258493
2026-10-05,2023-03-30,1260666
2026-10-05,2023-03-31,1260252
2026-10-05,2023-04-03,1259946
2026-10-05,2023-04-04,1261175
2026-10-05,2023-04-05,1264515
2026-10-05,2023-04-10,1271255
2026-10-05,2023-04-11,1276119
2026-10-05,2023-04-12,1281742
2026-10-05,2023-04-13,1286586
2026-10-05,2023-04-14,1291975
2026-10-05,2023-04-17,1297636
2026-10-05,2023-04-18,1302469
2026-10-05,2023-04-19,1306410
2026-10-05,2023-04-20,1312032
2026-10-05,2023-04-21,1316648
2026-10-05,2023-04-24,1321972
2026-10-05,2023-04-25,1330801
2026-10-05,2023-04-26,1334567
2026-10-05,2023-04-27,1337684
2026-10-05,2023-04-28,1338566
2026-10-05,2023-05-02,1341838
2026-10-05,2023-05-03,1340002
2026-10-05,2023-05-04,1342498
2026-10-05,2023-05-05,1342230
2026-10-05,2023-05-08,1346615
2026-10-05,2023-05-09,1350034
2026-10-05,2023-05-10,1352366
2026-10-05,2023-05-11,1356212
2026-10-05,2023-05-12,1359953
2026-10-05,2023-05-15,1365192
2026-10-05,2023-05-16,1368799
2026-10-05,2023-05-17,1372041
2026-10-05,2023-05-18,1375449
2026-10-05,2023-05-19,1378299
2026-10-05,2023-05-22,1382779
2026-10-05,2023-05-23,1380397
2026-10-05,2023-05-24,1383145
2026-10-05,2023-05-29,1386651
2026-10-05,2023-05-30,1386283
2026-10-05,2023-05-31,1389987
2026-10-05,2023-06-01,1382944
2026-10-05,2023-06-02,1383934
2026-10-05,2023-06-05,1383535
2026-10-05,2023-06-06,1381915
2026-10-05,2023-06-07,1383523
2026-10-05,2023-06-08,1386630
2026-10-05,2023-06-09,1390123
2026-10-05,2023-06-12,1391310
2026-10-05,2023-06-13,1393904
2026-10-05,2023-06-14,1396697
2026-10-05,2023-06-15,1398723
2026-10-05,2023-06-16,1401383
2026-10-05,2023-06-21,1404865
2026-10-05,2023-06-22,1406766
2026-10-05,2023-06-23,1408313
2026-10-05,2023-06-26,1410841
2026-10-05,2023-06-27,1413320
2026-10-05,2023-06-28,1414548
2026-10-05,2023-06-29,1414418
2026-10-05,2023-06-30,1414515
2026-10-05,2023-07-03,1402728
2026-10-05,2023-07-04,1403829
2026-10-05,2023-07-05,1403585
2026-10-05,2023-07-06,1402129
2026-10-05,2023-07-07,1403535
2026-10-05,2023-07-10,1405081
2026-10-05,2023-07-11,1408261
2026-10-05,2023-07-12,1412649
2026-10-05,2023-07-13,1416285
2026-10-05,2023-07-14,1420172
2026-10-05,2023-07-17,1424549
2026-10-05,2023-07-18,1427795
2026-10-05,2023-07-19,1430851
2026-10-05,2023-07-20,1433653
2026-10-05,2023-07-21,1436824
2026-10-05,2023-07-24,1441564
2026-10-05,2023-07-25,1444787
2026-10-05,2023-07-26,1447708
2026-10-05,2023-07-27,1450765
2026-10-05,2023-07-28,1452320
2026-10-05,2023-07-31,1459463
2026-10-05,2023-08-01,1453542
2026-10-05,2023-08-02,1456308
2026-10-05,2023-08-03,1472939
2026-10-05,2023-08-04,1459445
2026-10-05,2023-08-07,1464860
2026-10-05,2023-08-08,1469580
2026-10-05,2023-08-09,1476309
2026-10-05,2023-08-10,1478730
2026-10-05,2023-08-11,1484454
2026-10-05,2023-08-14,1491129
2026-10-05,2023-08-15,1495109
2026-10-05,2023-08-16,1500102
2026-10-05,2023-08-17,1505093
2026-10-05,2023-08-18,1509020
2026-10-05,2023-08-22,1514156
2026-10-05,2023-08-23,1517789
2026-10-05,2023-08-24,1521534
2026-10-05,2023-08-25,1524751
2026-10-05,2023-08-28,1529315
2026-10-05,2023-08-29,1531135
2026-10-05,2023-08-30,1530478
2026-10-05,2023-08-31,1537140
2026-10-05,2023-09-01,1533694
2026-10-05,2023-09-04,1527824
2026-10-05,2023-09-05,1529061
2026-10-05,2023-09-06,1528596
2026-10-05,2023-09-07,1531579
2026-10-05,2023-09-08,1535318
2026-10-05,2023-09-11,1543412
2026-10-05,2023-09-12,1557925
2026-10-05,2023-09-13,1569550
2026-10-05,2023-09-14,1583564
2026-10-05,2023-09-15,1595551
2026-10-05,2023-09-18,1611024
2026-10-05,2023-09-19,1622543
2026-10-05,2023-09-20,1634009
2026-10-05,2023-09-21,1639824
2026-10-05,2023-09-22,1647637
2026-10-05,2023-09-25,1657094
2026-10-05,2023-09-26,1664854
2026-10-05,2023-09-27,1673135
2026-10-05,2023-09-28,1679873
2026-10-05,2023-09-29,1692259
2026-10-05,2023-10-02,1695269
2026-10-05,2023-10-03,1689918
2026-10-05,2023-10-04,1696689
2026-10-05,2023-10-05,1698580
2026-10-05,2023-10-06,1706099
2026-10-05,2023-10-09,1717814
2026-10-05,2023-10-10,1726205
2026-10-05,2023-10-11,1735229
2026-10-05,2023-10-12,1746029
2026-10-05,2023-10-17,1758449
2026-10-05,2023-10-18,1766349
2026-10-05,2023-10-19,1775349
2026-10-05,2023-10-20,1779166
2026-10-05,2023-10-23,1790148
2026-10-05,2023-10-24,1793720
2026-10-05,2023-10-25,1798138
2026-10-05,2023-10-26,1802811
2026-10-05,2023-10-27,1807875
2026-10-05,2023-10-30,1810640
2026-10-05,2023-10-31,1818276
2026-10-05,2023-11-01,1811795
2026-10-05,2023-11-02,1821687
2026-10-05,2023-11-03,1812362
2026-10-05,2023-11-07,1822467
2026-10-05,2023-11-08,1826889
2026-10-05,2023-11-09,1833477
2026-10-05,2023-11-10,1834057
2026-10-05,2023-11-13,1843902
2026-10-05,2023-11-14,1849584
2026-10-05,2023-11-15,1854621
2026-10-05,2023-11-16,1861570
2026-10-05,2023-11-17,1860723
2026-10-05,2023-11-21,1869844
2026-10-05,2023-11-22,1874153
2026-10-05,2023-11-23,1878853
2026-10-05,2023-11-24,1883426
2026-10-05,2023-11-27,1891684
2026-10-05,2023-11-28,1895718
2026-10-05,2023-11-29,1899014
2026-10-05,2023-11-30,1907272
2026-10-05,2023-12-01,1900700
2026-10-05,2023-12-04,1903644
2026-10-05,2023-12-05,1905672
2026-10-05,2023-12-06,1901908
2026-10-05,2023-12-07,1907587
2026-10-05,2023-12-11,1912177
2026-10-05,2023-12-12,1916035
2026-10-05,2023-12-13,1921174
2026-10-05,2023-12-14,1922168
2026-10-05,2023-12-15,1925175
2026-10-05,2023-12-18,1929927
2026-10-05,2023-12-19,1932755
2026-10-05,2023-12-20,1935625
2026-10-05,2023-12-21,1938493
2026-10-05,2023-12-22,1940541
2026-10-05,2023-12-26,1948482
2026-10-05,2023-12-27,1952402
2026-10-05,2023-12-28,1955780
2026-10-05,2023-12-29,1964317
2026-10-05,2024-01-02,2013024
2026-10-05,2024-01-03,2010285
2026-10-05,2024-01-04,1964721
2026-10-05,2024-01-05,1959229
2026-10-05,2024-01-08,1969294
2026-10-05,2024-01-09,1976079
2026-10-05,2024-01-10,1973397
2026-10-05,2024-01-11,1980427
2026-10-05,2024-01-12,1988066
2026-10-05,2024-01-15,1998666
2026-10-05,2024-01-16,2005231
2026-10-05,2024-01-17,2011498
2026-10-05,2024-01-18,2024604
2026-10-05,2024-01-19,2031297
2026-10-05,2024-01-22,2042510
2026-10-05,2024-01-23,2050973
2026-10-05,2024-01-24,2057705
2026-10-05,2024-01-25,2066129
2026-10-05,2024-01-26,2076939
2026-10-05,2024-01-29,2090565
2026-10-05,2024-01-30,2094747
2026-10-05,2024-01-31,2099105
2026-10-05,2024-02-01,2098518
2026-10-05,2024-02-02,2106468
2026-10-05,2024-02-05,2120416
2026-10-05,2024-02-06,2121335
2026-10-05,2024-02-07,2130866
2026-10-05,2024-02-08,2142865
2026-10-05,2024-02-09,2155450
2026-10-05,2024-02-14,2175733
2026-10-05,2024-02-15,2187806
2026-10-05,2024-02-16,2200406
2026-10-05,2024-02-19,2217073
2026-10-05,2024-02-20,2226424
2026-10-05,2024-02-21,2236002
2026-10-05,2024-02-22,2244623
2026-10-05,2024-02-23,2254495
2026-10-05,2024-02-26,2272591
2026-10-05,2024-02-27,2283518
2026-10-05,2024-02-28,2292814
2026-10-05,2024-02-29,2300786
2026-10-05,2024-03-01,2294172
2026-10-05,2024-03-04,2307509
2026-10-05,2024-03-05,2313828
2026-10-05,2024-03-06,2313808
2026-10-05,2024-03-07,2324666
2026-10-05,2024-03-08,2337331
2026-10-05,2024-03-11,2339909
2026-10-05,2024-03-12,2352720
2026-10-05,2024-03-13,2367311
2026-10-05,2024-03-14,2380045
2026-10-05,2024-03-15,2416857
2026-10-05,2024-03-18,2412392
2026-10-05,2024-03-19,2424132
2026-10-05,2024-03-20,2434866
2026-10-05,2024-03-21,2444987
2026-10-05,2024-03-22,2455456
2026-10-05,2024-03-25,2475574
2026-10-05,2024-03-26,2486460
2026-10-05,2024-03-27,2495273
2026-10-05,2024-04-03,2514102
2026-10-05,2024-04-04,2527738
2026-10-05,2024-04-05,2533157
2026-10-05,2024-04-08,2557867
2026-10-05,2024-04-09,2575472
2026-10-05,2024-04-10,2579943
2026-10-05,2024-04-11,2596924
2026-10-05,2024-04-12,2615479
2026-10-05,2024-04-15,2639601
2026-10-05,2024-04-16,2655398
2026-10-05,2024-04-17,2671240
2026-10-05,2024-04-18,2693141
2026-10-05,2024-04-19,2712980
2026-10-05,2024-04-22,2739404
2026-10-05,2024-04-23,2757201
2026-10-05,2024-04-24,2776332
2026-10-05,2024-04-25,2793766
2026-10-05,2024-04-26,2809262
2026-10-05,2024-04-29,2829960
2026-10-05,2024-04-30,2833902
2026-10-05,2024-05-02,2847351
2026-10-05,2024-05-03,2862507
2026-10-05,2024-05-06,2903044
2026-10-05,2024-05-07,2924269
2026-10-05,2024-05-08,2954532
2026-10-05,2024-05-09,2977342
2026-10-05,2024-05-10,2997119
2026-10-05,2024-05-13,3047388
2026-10-05,2024-05-14,3079336
2026-10-05,2024-05-15,3109731
2026-10-05,2024-05-16,3145580
2026-10-05,2024-05-17,3174020
2026-10-05,2024-05-20,3216634
2026-10-05,2024-05-21,3247468
2026-10-05,2024-05-22,3277184
2026-10-05,2024-05-23,3308797
2026-10-05,2024-05-24,3336595
2026-10-05,2024-05-27,3377837
2026-10-05,2024-05-28,3405682
2026-10-05,2024-05-29,3434032
2026-10-05,2024-05-30,3461890
2026-10-05,2024-05-31,3477557
2026-10-05,2024-06-03,3507595
2026-10-05,2024-06-04,3543619
2026-10-05,2024-06-05,3575214
2026-10-05,2024-06-06,3601335
2026-10-05,2024-06-07,3637961
2026-10-05,2024-06-10,3673371
2026-10-05,2024-06-11,3711776
2026-10-05,2024-06-12,3749133
2026-10-05,2024-06-13,3784438
2026-10-05,2024-06-14,3820277
2026-10-05,2024-06-18,3874934
2026-10-05,2024-06-19,3905602
2026-10-05,2024-06-24,3960929
2026-10-05,2024-06-25,3988053
2026-10-05,2024-06-26,4024524
2026-10-05,2024-06-27,4049318
2026-10-05,2024-06-28,4067352
2026-10-05,2024-07-01,4126957
2026-10-05,2024-07-02,4132261
2026-10-05,2024-07-03,4163817
2026-10-05,2024-07-04,4186434
2026-10-05,2024-07-05,4227088
2026-10-05,2024-07-08,4225344
2026-10-05,2024-07-10,4326314
2026-10-05,2024-07-11,4363078
2026-10-05,2024-07-12,4409361
2026-10-05,2024-07-15,4467706
2026-10-05,2024-07-16,4510917
2026-10-05,2024-07-17,4554663
2026-10-05,2024-07-18,4595505
2026-10-05,2024-07-19,4630067
2026-10-05,2024-07-22,4687239
2026-10-05,2024-07-23,4728234
2026-10-05,2024-07-24,4767203
2026-10-05,2024-07-25,4811236
2026-10-05,2024-07-26,4854989
2026-10-05,2024-07-29,4917228
2026-10-05,2024-07-30,4953209
2026-10-05,2024-07-31,4988123
2026-10-05,2024-08-01,5021464
2026-10-05,2024-08-02,5064704
2026-10-05,2024-08-05,5136585
2026-10-05,2024-08-06,5176096
2026-10-05,2024-08-07,5230320
2026-10-05,2024-08-08,5284743
2026-10-05,2024-08-09,5344952
2026-10-05,2024-08-12,5392841
2026-10-05,2024-08-13,5442259
2026-10-05,2024-08-14,5493208
2026-10-05,2024-08-15,5543631
2026-10-05,2024-08-16,5590804
2026-10-05,2024-08-19,5652672
2026-10-05,2024-08-20,5687085
2026-10-05,2024-08-21,5728093
2026-10-05,2024-08-22,5764506
2026-10-05,2024-08-23,5804391
2026-10-05,2024-08-26,5864921
2026-10-05,2024-08-27,5907974
2026-10-05,2024-08-28,5950329
2026-10-05,2024-08-29,5986947
2026-10-05,2024-08-30,6005758
2026-10-05,2024-09-02,6076836
2026-10-05,2024-09-03,6112675
2026-10-05,2024-09-04,6160136
2026-10-05,2024-09-05,6197051
2026-10-05,2024-09-06,6252979
2026-10-05,2024-09-09,6344036
2026-10-05,2024-09-10,6360598
2026-10-05,2024-09-11,6412299
2026-10-05,2024-09-12,6464611
2026-10-05,2024-09-13,6529922
2026-10-05,2024-09-16,6598364
2026-10-05,2024-09-17,6643122
2026-10-05,2024-09-18,6690473
2026-10-05,2024-09-19,6727389
2026-10-05,2024-09-20,6767656
2026-10-05,2024-09-23,6841365
2026-10-05,2024-09-24,6888670
2026-10-05,2024-09-25,6937093
2026-10-05,2024-09-26,6978999
2026-10-05,2024-09-27,7025375
2026-10-05,2024-09-30,7071385
2026-10-05,2024-10-01,7103167
2026-10-05,2024-10-02,7160287
2026-10-05,2024-10-03,7204729
2026-10-05,2024-10-04,7242687
2026-10-05,2024-10-07,7325889
2026-10-05,2024-10-08,7386217
2026-10-05,2024-10-09,7448758
2026-10-05,2024-10-10,7453384
2026-10-05,2024-10-14,7532802
2026-10-05,2024-10-15,7579567
2026-10-05,2024-10-16,7637292
2026-10-05,2024-10-17,7687301
2026-10-05,2024-10-18,7732156
2026-10-05,2024-10-21,7790161
2026-10-05,2024-10-22,7831469
2026-10-05,2024-10-23,7872010
2026-10-05,2024-10-24,7913256
2026-10-05,2024-10-25,7957527
2026-10-05,2024-10-28,8021461
2026-10-05,2024-10-29,8074439
2026-10-05,2024-10-30,8114539
2026-10-05,2024-10-31,8128712
2026-10-05,2024-11-01,8222913
2026-10-05,2024-11-04,8278287
2026-10-05,2024-11-05,8308731
2026-10-05,2024-11-07,8358815
2026-10-05,2024-11-08,8417882
2026-10-05,2024-11-11,8465926
2026-10-05,2024-11-12,8521692
2026-10-05,2024-11-13,8585028
2026-10-05,2024-11-14,8638057
2026-10-05,2024-11-15,8691992
2026-10-05,2024-11-19,8742554
2026-10-05,2024-11-20,8799787
2026-10-05,2024-11-21,8859563
2026-10-05,2024-11-22,8923525
2026-10-05,2024-11-25,8988323
2026-10-05,2024-11-26,9038226
2026-10-05,2024-11-27,9083269
2026-10-05,2024-11-28,9119327
2026-10-05,2024-11-29,9148648
2026-10-05,2024-12-02,9225330
2026-10-05,2024-12-03,9251424
2026-10-05,2024-12-04,9297755
2026-10-05,2024-12-05,9339944
2026-10-05,2024-12-06,9394333
2026-10-05,2024-12-09,9485403
2026-10-05,2024-12-10,9493938
2026-10-05,2024-12-11,9543033
2026-10-05,2024-12-12,9595368
2026-10-05,2024-12-13,9643108
2026-10-05,2024-12-16,9705911
2026-10-05,2024-12-17,9724056
2026-10-05,2024-12-18,9766516
2026-10-05,2024-12-19,9800351
2026-10-05,2024-12-20,9844616
2026-10-05,2024-12-23,9915669
2026-10-05,2024-12-26,9979168
2026-10-05,2024-12-27,10025809
2026-10-05,2024-12-30,10102898
2026-10-05,2025-01-02,10140275
2026-10-05,2025-01-03,10180161
2026-10-05,2025-01-06,10253341
2026-10-05,2025-01-07,10325217
2026-10-05,2025-01-08,10389304
2026-10-05,2025-01-09,10458323
2026-10-05,2025-01-10,10462125
2026-10-05,2025-01-13,10544086
2026-10-05,2025-01-14,10602223
2026-10-05,2025-01-15,10655821
2026-10-05,2025-01-16,10702849
2026-10-05,2025-01-17,10757135
2026-10-05,2025-01-20,10852836
2026-10-05,2025-01-21,10916549
2026-10-05,2025-01-22,10987743
2026-10-05,2025-01-23,11045180
2026-10-05,2025-01-24,11100432
2026-10-05,2025-01-27,11188749
2026-10-05,2025-01-28,11247036
2026-10-05,2025-01-29,11301543
2026-10-05,2025-01-30,11348044
2026-10-05,2025-01-31,11382275
2026-10-05,2025-02-03,11449018
2026-10-05,2025-02-04,11510779
2026-10-05,2025-02-05,11573065
2026-10-05,2025-02-06,11619778
2026-10-05,2025-02-07,11699742
2026-10-05,2025-02-10,11737991
2026-10-05,2025-02-11,11812143
2026-10-05,2025-02-12,11872555
2026-10-05,2025-02-13,11939322
2026-10-05,2025-02-14,12000074
2026-10-05,2025-02-17,12080735
2026-10-05,2025-02-18,12136282
2026-10-05,2025-02-19,12191737
2026-10-05,2025-02-20,12263805
2026-10-05,2025-02-21,12312541
2026-10-05,2025-02-24,12371278
2026-10-05,2025-02-25,12421357
2026-10-05,2025-02-26,12470305
2026-10-05,2025-02-27,12613631
2026-10-05,2025-02-28,12535810
2026-10-05,2025-03-05,12633594
2026-10-05,2025-03-06,12686754
2026-10-05,2025-03-07,12734520
2026-10-05,2025-03-10,12779184
2026-10-05,2025-03-11,12855143
2026-10-05,2025-03-12,12913991
2026-10-05,2025-03-13,12968612
2026-10-05,2025-03-14,13032049
2026-10-05,2025-03-17,13118629
2026-10-05,2025-03-18,13178810
2026-10-05,2025-03-19,13242966
2026-10-05,2025-03-20,13323952
2026-10-05,2025-03-21,13384429
2026-10-05,2025-03-25,13491007
2026-10-05,2025-03-26,13555683
2026-10-05,2025-03-27,13609102
2026-10-05,2025-03-28,13667917
2026-10-05,2025-03-31,13744488
2026-10-05,2025-04-01,13825199
2026-10-05,2025-04-03,13870120
2026-10-05,2025-04-04,13929176
2026-10-05,2025-04-07,14001139
2026-10-05,2025-04-08,14074221
2026-10-05,2025-04-09,14156770
2026-10-05,2025-04-10,14128234
2026-10-05,2025-04-11,14194780
2026-10-05,2025-04-14,14268843
2026-10-05,2025-04-15,14333388
2026-10-05,2025-04-16,14399858
2026-10-05,2025-04-21,14505149
2026-10-05,2025-04-22,14559239
2026-10-05,2025-04-23,14634959
2026-10-05,2025-04-24,14685218
2026-10-05,2025-04-25,14732035
2026-10-05,2025-04-28,14806701
2026-10-05,2025-04-29,14839193
2026-10-05,2025-04-30,14861044
2026-10-05,2025-05-05,14944191
2026-10-05,2025-05-06,14995651
2026-10-05,2025-05-07,15027146
2026-10-05,2025-05-08,15083279
2026-10-05,2025-05-09,15167739
2026-10-05,2025-05-12,15162372
2026-10-05,2025-05-13,15214150
2026-10-05,2025-05-14,15269139
2026-10-05,2025-05-15,15317741
2026-10-05,2025-05-16,15367288
2026-10-05,2025-05-19,15424569
2026-10-05,2025-05-20,15468631
2026-10-05,2025-05-21,15520129
2026-10-05,2025-05-22,15569334
2026-10-05,2025-05-23,15601791
2026-10-05,2025-05-26,15658769
2026-10-05,2025-05-27,15696993
2026-10-05,2025-05-28,15732799
2026-10-05,2025-05-29,15769247
2026-10-05,2025-05-30,15772636
2026-10-05,2025-06-02,15831495
2026-10-05,2025-06-03,15832019
2026-10-05,2025-06-04,15875471
2026-10-05,2025-06-05,15878203
2026-10-05,2025-06-06,15928183
2026-10-05,2025-06-09,16002644
2026-10-05,2025-06-10,15955793
2026-10-05,2025-06-11,15973968
2026-10-05,2025-06-12,16024633
2026-10-05,2025-06-13,16059985
2026-10-05,2025-06-17,16105056
2026-10-05,2025-06-18,16140319
2026-10-05,2025-06-19,16173604
2026-10-05,2025-06-23,16266053
2026-10-05,2025-06-24,16294501
2026-10-05,2025-06-25,16321707
2026-10-05,2025-06-26,16342966
2026-10-05,2025-06-27,16355395
2026-10-05,2025-06-30,16313642
2026-10-05,2025-07-01,16336510
2026-10-05,2025-07-02,16359307
2026-10-05,2025-07-03,16363750
2026-10-05,2025-07-04,16377413
2026-10-05,2025-07-07,16425882
2026-10-05,2025-07-08,16471607
2026-10-05,2025-07-10,16423831
2026-10-05,2025-07-11,16455227
2026-10-05,2025-07-14,16522494
2026-10-05,2025-07-15,16562291
2026-10-05,2025-07-16,16596174
2026-10-05,2025-07-17,16638876
2026-10-05,2025-07-18,16679903
2026-10-05,2025-07-21,16734192
2026-10-05,2025-07-22,16799387
2026-10-05,2025-07-23,16843170
2026-10-05,2025-07-24,16885900
2026-10-05,2025-07-25,16931791
2026-10-05,2025-07-28,16998572
2026-10-05,2025-07-29,17032777
2026-10-05,2025-07-30,17067450
2026-10-05,2025-07-31,17041767
2026-10-05,2025-08-01,17073172
2026-10-05,2025-08-04,17137674
2026-10-05,2025-08-05,17193520
2026-10-05,2025-08-06,17214979
2026-10-05,2025-08-07,17266469
2026-10-05,2025-08-08,17333529
2026-10-05,2025-08-11,17326456
2026-10-05,2025-08-12,17369567
2026-10-05,2025-08-13,17414037
2026-10-05,2025-08-14,17454730
2026-10-05,2025-08-18,17519139
2026-10-05,2025-08-19,17564448
2026-10-05,2025-08-20,17603251
2026-10-05,2025-08-21,17646794
2026-10-05,2025-08-22,17672619
2026-10-05,2025-08-25,17705875
2026-10-05,2025-08-26,17732595
2026-10-05,2025-08-27,17761369
2026-10-05,2025-08-28,17787734
2026-10-05,2025-08-29,17778813
2026-10-05,2025-09-01,17791838
2026-10-05,2025-09-02,17796752
2026-10-05,2025-09-03,17841851
2026-10-05,2025-09-04,17832803
2026-10-05,2025-09-05,17867141
2026-10-05,2025-09-08,17907624
2026-10-05,2025-09-09,17949699
2026-10-05,2025-09-10,17878648
2026-10-05,2025-09-11,17907036
2026-10-05,2025-09-12,17938802
2026-10-05,2025-09-15,17971727
2026-10-05,2025-09-16,17980831
2026-10-05,2025-09-17,18006612
2026-10-05,2025-09-18,18034185
2026-10-05,2025-09-19,18063080
2026-10-05,2025-09-22,18100387
2026-10-05,2025-09-23,18127674
2026-10-05,2025-09-24,18145138
2026-10-05,2025-09-25,18167919
2026-10-05,2025-09-26,18181869
2026-10-05,2025-09-29,18205193
2026-10-05,2025-09-30,18146934
2026-10-05,2025-10-01,18153171
2026-10-05,2025-10-02,18170322
2026-10-05,2025-10-03,18191816
2026-10-05,2025-10-06,18198359
2026-10-05,2025-10-07,18224800
2026-10-05,2025-10-08,18255195
2026-10-05,2025-10-09,18315080
2026-10-05,2025-10-13,18280531
2026-10-05,2025-10-14,18309279
2026-10-05,2025-10-15,18344000
2026-10-05,2025-10-16,18373998
2026-10-05,2025-10-17,18406596
2026-10-05,2025-10-20,18470488
2026-10-05,2025-10-21,18526213
2026-10-05,2025-10-22,18541020
2026-10-05,2025-10-23,18562253
2026-10-05,2025-10-24,18567847
2026-10-05,2025-10-27,18595193
2026-10-05,2025-10-28,18618076
2026-10-05,2025-10-29,18626607
2026-10-05,2025-10-30,18639172
2026-10-05,2025-10-31,18560596
2026-10-05,2025-11-03,18585474
2026-10-05,2025-11-04,18601425
2026-10-05,2025-11-05,18606837
2026-10-05,2025-11-07,18600186
2026-10-05,2025-11-10,18545132
2026-10-05,2025-11-11,18569513
2026-10-05,2025-11-12,18603731
2026-10-05,2025-11-13,18638102
2026-10-05,2025-11-14,18673449
2026-10-05,2025-11-17,18725541
2026-10-05,2025-11-18,18764988
2026-10-05,2025-11-19,18778836
2026-10-05,2025-11-20,18804550
2026-10-05,2025-11-25,18861210
2026-10-05,2025-11-26,18882801
2026-10-05,2025-11-27,18906140
2026-10-05,2025-11-28,18886413
2026-10-05,2025-12-01,18859253
2026-10-05,2025-12-02,18870273
2026-10-05,2025-12-03,18897679
2026-10-05,2025-12-04,18876116
2026-10-05,2025-12-05,18899813
2026-10-05,2025-12-09,18957776
2026-10-05,2025-12-10,18893769
2026-10-05,2025-12-11,18898945
2026-10-05,2025-12-12,18935593
2026-10-05,2025-12-15,18937153
2026-10-05,2025-12-16,18965123
2026-10-05,2025-12-17,18988345
2026-10-05,2025-12-18,18997022
2026-10-05,2025-12-19,19022965
2026-10-05,2025-12-22,19063284
2026-10-05,2025-12-23,19070014
2026-10-05,2025-12-26,19113350
2026-10-05,2025-12-29,19143586
2026-10-05,2025-12-30,19139016
2026-10-05,2026-01-02,19143145
2026-10-05,2026-01-05,19187117
2026-10-05,2026-01-06,19205287
2026-10-05,2026-01-07,19207485
2026-10-05,2026-01-08,19218880
2026-10-05,2026-01-09,19273063
2026-10-05,2026-01-12,19238518
2026-10-05,2026-01-13,19268703
2026-10-05,2026-01-14,19317931
2026-10-05,2026-01-15,19354710
2026-10-05,2026-01-16,19392114
2026-10-05,2026-01-19,19448692
2026-10-05,2026-01-20,19484781
2026-10-05,2026-01-21,19531448
2026-10-05,2026-01-22,19558817
2026-10-05,2026-01-23,19584368
2026-10-05,2026-01-26,19606986
2026-10-05,2026-01-27,19629709
2026-10-05,2026-01-28,19663410
2026-10-05,2026-01-29,19685260
2026-10-05,2026-01-30,19696245
2026-10-05,2026-02-02,19672719
2026-10-05,2026-02-03,19704052
2026-10-05,2026-02-04,19748292
2026-10-05,2026-02-05,19741089
2026-10-05,2026-02-06,19781916
2026-10-05,2026-02-09,19847698
2026-10-05,2026-02-10,19796709
2026-10-05,2026-02-11,19836718
2026-10-05,2026-02-12,19891420
2026-10-05,2026-02-13,19934600
2026-10-05,2026-02-18,20006899
2026-10-05,2026-02-19,19983228
2026-10-05,2026-02-20,20005561
2026-10-05,2026-02-23,20042098
2026-10-05,2026-02-24,20059049
2026-10-05,2026-02-25,20084156
2026-10-05,2026-02-26,20150197
2026-10-05,2026-02-27,20088571
2026-10-05,2026-03-02,20101623
2026-10-05,2026-03-03,20110079
2026-10-05,2026-03-04,20152168
2026-10-05,2026-03-05,20135995
2026-10-05,2026-03-06,20159994
2026-10-05,2026-03-09,20230598
2026-10-05,2026-03-10,20153940
2026-10-05,2026-03-11,20179175
2026-10-05,2026-03-12,20227462
2026-10-05,2026-03-13,20266603
2026-10-05,2026-03-16,20317022
2026-10-05,2026-03-17,20406809
2026-10-05,2026-03-18,20419466
2026-10-05,2026-03-19,20433148
2026-10-05,2026-03-20,20453702
2026-10-05,2026-03-25,20519567
2026-10-05,2026-03-26,20549573
2026-10-05,2026-03-27,20544227
2026-10-05,2026-03-30,20589786
2026-10-05,2026-03-31,20526906
2026-10-05,2026-04-01,20537892
2026-10-05,2026-04-06,20288901
2026-10-05,2026-04-07,20603722
2026-10-05,2026-04-08,20611096
2026-10-05,2026-04-09,20650361
2026-10-05,2026-04-10,20584356
2026-10-05,2026-04-13,20627626
2026-10-05,2026-04-14,20727020
2026-10-05,2026-04-15,20755040
2026-10-05,2026-04-16,20772157
2026-10-05,2026-04-17,20801007
2026-10-05,2026-04-20,20833951
2026-10-05,2026-04-21,20857639
2026-10-05,2026-04-22,20873996
2026-10-05,2026-04-23,20909303
2026-10-05,2026-04-24,20890512
2026-10-05,2026-04-27,20917921
2026-10-05,2026-04-28,20964535
2026-10-05,2026-04-29,20915169
2026-10-05,2026-04-30,20848653
2026-10-05,2026-05-04,20799296
2026-10-05,2026-05-05,20798592
2026-10-05,2026-05-06,20817671
2026-10-05,2026-05-07,20789256
2026-10-05,2026-05-08,20822576
2026-10-05,2026-05-11,20756942
2026-10-05,2026-05-12,20752245
2026-10-05,2026-05-13,20797594
2026-10-05,2026-05-14,20830846
2026-10-05,2026-05-15,20850838
2026-10-05,2026-05-18,20932868
2026-10-05,2026-05-19,20963817
2026-10-05,2026-05-20,20988092
2026-10-05,2026-05-21,21006318
2026-10-05,2026-05-22,21018314
2026-10-05,2026-05-26,21055098
2026-10-05,2026-05-27,21083170
2026-10-05,2026-05-28,21086349
2026-10-05,2026-05-29,21035056
2026-10-05,2026-06-01,20975645
2026-10-05,2026-06-02,20972577
2026-10-05,2026-06-03,20995040
2026-10-05,2026-06-04,20959295
2026-10-05,2026-06-05,20968215
2026-10-05,2026-06-08,20988493
2026-10-05,2026-06-09,21014525
2026-10-05,2026-06-10,20937850
2026-10-05,2026-06-11,20965201
2026-10-05,2026-06-12,20975234
2026-10-05,2026-06-16,21006156
2026-10-05,2026-06-17,21088998
2026-10-05,2026-06-18,21112992
2026-10-05,2026-06-19,21121423
2026-10-05,2026-06-22,21139455
2026-10-05,2026-06-23,21160477
2026-10-05,2026-06-24,21183373
2026-10-05,2026-06-25,21192346
2026-10-05,2026-06-26,21190515
2026-10-05,2026-06-29,21195604
2026-10-05,2026-06-30,21099132
2026-10-05,2026-07-01,21090736
2026-10-05,2026-07-02,21055645
2026-10-05,2026-07-03,21047383
2026-10-05,2026-07-06,21001891
2026-10-05,2026-07-07,20985496
2026-10-05,2026-07-08,21006547
2026-10-05,2026-07-13,20935173
2026-10-05,2026-07-14,20950006
2026-10-05,2026-07-15,20976387
2026-10-05,2026-07-16,20999622
2026-10-05,2026-07-17,20999205
2026-10-05,2026-07-20,21039506
2026-10-05,2026-07-21,21108983
2026-10-05,2026-07-22,21136178
2026-10-05,2026-07-23,21414058
2026-10-05,2026-07-24,21448311
2026-10-05,2026-07-27,21486219
2026-10-05,2026-07-28,21527720
2026-10-05,2026-07-29,21538164
2026-10-05,2026-07-30,21554470
2026-10-05,2026-07-31,21490473
2026-10-05,2026-08-03,21472483
2026-10-05,2026-08-04,21481134
2026-10-05,2026-08-05,21493557
2026-10-05,2026-08-06,21456191
2026-10-05,2026-08-07,21494906
2026-10-05,2026-08-10,21456266
2026-10-05,2026-08-11,21476572
2026-10-05,2026-08-12,21486439
2026-10-05,2026-08-13,21521082
2026-10-05,2026-08-14,21555022
2026-10-05,2026-08-18,21630912
2026-10-05,2026-08-19,21660946
2026-10-05,2026-08-20,21694890
2026-10-05,2026-08-21,21715611
2026-10-05,2026-08-24,21686188
2026-10-05,2026-08-25,21719197
2026-10-05,2026-08-26,21787502
2026-10-05,2026-08-27,21795434
2026-10-05,2026-08-28,21797225
2026-10-05,2026-08-31,21729360
2026-10-05,2026-09-01,21728645
2026-10-05,2026-09-02,21745451
2026-10-05,2026-09-03,21762248
2026-10-05,2026-09-04,21744350
2026-10-05,2026-09-07,21746967
2026-10-05,2026-09-08,21766516
2026-10-05,2026-09-09,21803867
2026-10-05,2026-09-10,21738321
2026-10-05,2026-09-11,21775057
2026-10-05,2026-09-14,21826621
2026-10-05,2026-09-15,21829456
2026-10-05,2026-09-16,21875707
2026-10-05,2026-09-17,21917429
2026-10-05,2026-09-18,21983506
2026-10-05,2026-09-21,22033726
2026-10-05,2026-09-22,22021520
2026-10-05,2026-09-23,22068653
2026-10-05,2026-09-24,22101150
2026-10-05,2026-09-25,22102338
2026-10-05,2026-09-28,22153567
2026-10-05,2026-09-29,22187502
2026-10-05,2026-09-30,22259807
