vintage,date,value
2026-10-05,2010-06-01,3.96
2026-10-05,2010-06-02,3.96
2026-10-05,2010-06-03,3.95
2026-10-05,2010-06-04,3.95
2026-10-05,2010-06-07,3.95
2026-10-05,2010-06-08,3.95
2026-10-05,2010-06-09,3.95
2026-10-05,2010-06-10,3.95
2026-10-05,2010-06-11,3.95
2026-10-05,2010-06-14,3.96
2026-10-05,2010-06-15,3.96
2026-10-05,2010-06-16,3.96
2026-10-05,2010-06-17,3.96
2026-10-05,2010-06-18,3.96
2026-10-05,2010-06-22,3.96
2026-10-05,2010-06-23,3.96
2026-10-05,2010-06-24,3.96
2026-10-05,2010-06-25,3.96
2026-10-05,2010-06-28,3.96
2026-10-05,2010-06-29,3.96
2026-10-05,2010-06-30,3.96
2026-10-05,2010-07-01,3.96
2026-10-05,2010-07-02,3.96
2026-10-05,2010-07-05,3.96
2026-10-05,2010-07-06,3.96
2026-10-05,2010-07-07,3.96
2026-10-05,2010-07-08,3.97
2026-10-05,2010-07-12,3.97
2026-10-05,2010-07-13,3.97
2026-10-05,2010-07-14,3.96
2026-10-05,2010-07-15,3.96
2026-10-05,2010-07-16,3.96
2026-10-05,2010-07-19,3.97
2026-10-05,2010-07-20,3.96
2026-10-05,2010-07-21,3.96
2026-10-05,2010-07-22,3.96
2026-10-05,2010-07-23,3.96
2026-10-05,2010-07-26,3.96
2026-10-05,2010-07-27,3.96
2026-10-05,2010-07-28,3.96
2026-10-05,2010-07-29,3.96
2026-10-05,2010-07-30,3.97
2026-10-05,2010-08-02,3.97
2026-10-05,2010-08-03,3.97
2026-10-05,2010-08-04,3.97
2026-10-05,2010-08-05,3.97
2026-10-05,2010-08-06,3.96
2026-10-05,2010-08-09,3.96
2026-10-05,2010-08-10,3.96
2026-10-05,2010-08-11,3.96
2026-10-05,2010-08-12,3.96
2026-10-05,2010-08-13,3.96
2026-10-05,2010-08-17,3.96
2026-10-05,2010-08-18,3.96
2026-10-05,2010-08-19,3.96
2026-10-05,2010-08-20,3.97
2026-10-05,2010-08-23,3.97
2026-10-05,2010-08-24,3.97
2026-10-05,2010-08-25,3.97
2026-10-05,2010-08-26,3.97
2026-10-05,2010-08-27,3.97
2026-10-05,2010-08-30,3.97
2026-10-05,2010-08-31,3.97
2026-10-05,2010-09-01,3.98
2026-10-05,2010-09-02,3.98
2026-10-05,2010-09-03,3.97
2026-10-05,2010-09-06,3.97
2026-10-05,2010-09-07,3.97
2026-10-05,2010-09-08,3.97
2026-10-05,2010-09-09,3.97
2026-10-05,2010-09-10,3.97
2026-10-05,2010-09-13,3.97
2026-10-05,2010-09-14,3.98
2026-10-05,2010-09-15,3.98
2026-10-05,2010-09-16,3.98
2026-10-05,2010-09-17,3.98
2026-10-05,2010-09-20,3.98
2026-10-05,2010-09-21,3.98
2026-10-05,2010-09-22,3.98
2026-10-05,2010-09-23,3.98
2026-10-05,2010-09-24,3.98
2026-10-05,2010-09-27,3.99
2026-10-05,2010-09-28,4
2026-10-05,2010-09-29,4
2026-10-05,2010-09-30,3.99
2026-10-05,2010-10-01,3.99
2026-10-05,2010-10-04,3.99
2026-10-05,2010-10-05,3.99
2026-10-05,2010-10-06,3.99
2026-10-05,2010-10-07,3.99
2026-10-05,2010-10-08,3.99
2026-10-05,2010-10-12,3.99
2026-10-05,2010-10-13,3.98
2026-10-05,2010-10-14,3.98
2026-10-05,2010-10-15,3.98
2026-10-05,2010-10-18,3.98
2026-10-05,2010-10-19,3.98
2026-10-05,2010-10-20,3.99
2026-10-05,2010-10-21,3.99
2026-10-05,2010-10-22,3.99
2026-10-05,2010-10-25,3.99
2026-10-05,2010-10-26,3.99
2026-10-05,2010-10-28,3.99
2026-10-05,2010-10-29,3.99
2026-10-05,2010-11-01,3.99
2026-10-05,2010-11-02,3.99
2026-10-05,2010-11-03,3.99
2026-10-05,2010-11-04,3.99
2026-10-05,2010-11-05,3.99
2026-10-05,2010-11-08,3.99
2026-10-05,2010-11-09,3.99
2026-10-05,2010-11-10,3.99
2026-10-05,2010-11-11,3.99
2026-10-05,2010-11-12,3.99
2026-10-05,2010-11-15,3.99
2026-10-05,2010-11-16,4
2026-10-05,2010-11-17,4
2026-10-05,2010-11-18,4
2026-10-05,2010-11-19,4
2026-10-05,2010-11-23,4
2026-10-05,2010-11-24,4
2026-10-05,2010-11-25,4
2026-10-05,2010-11-26,4.01
2026-10-05,2010-11-29,4.01
2026-10-05,2010-11-30,4.01
2026-10-05,2010-12-01,4.01
2026-10-05,2010-12-02,4.01
2026-10-05,2010-12-03,4.01
2026-10-05,2010-12-06,4.01
2026-10-05,2010-12-07,4.01
2026-10-05,2010-12-09,4.01
2026-10-05,2010-12-10,4.01
2026-10-05,2010-12-13,4.01
2026-10-05,2010-12-14,4.01
2026-10-05,2010-12-15,4.01
2026-10-05,2010-12-16,4.01
2026-10-05,2010-12-17,4.01
2026-10-05,2010-12-20,4.01
2026-10-05,2010-12-21,4.01
2026-10-05,2010-12-22,4.01
2026-10-05,2010-12-23,4.01
2026-10-05,2010-12-27,4.01
2026-10-05,2010-12-28,4.02
2026-10-05,2010-12-29,4.01
2026-10-05,2010-12-30,4.01
2026-10-05,2011-01-03,4.01
2026-10-05,2011-01-04,4.01
2026-10-05,2011-01-05,4.01
2026-10-05,2011-01-06,4.01
2026-10-05,2011-01-07,4.01
2026-10-05,2011-01-10,4.01
2026-10-05,2011-01-11,4.01
2026-10-05,2011-01-12,4.01
2026-10-05,2011-01-13,4.01
2026-10-05,2011-01-14,4.01
2026-10-05,2011-01-17,4.01
2026-10-05,2011-01-18,4.01
2026-10-05,2011-01-19,4.01
2026-10-05,2011-01-20,4.01
2026-10-05,2011-01-21,4.02
2026-10-05,2011-01-24,4.02
2026-10-05,2011-01-25,4.02
2026-10-05,2011-01-26,4.02
2026-10-05,2011-01-27,4.02
2026-10-05,2011-01-28,4.03
2026-10-05,2011-01-31,4.03
2026-10-05,2011-02-01,4.04
2026-10-05,2011-02-02,4.05
2026-10-05,2011-02-03,4.05
2026-10-05,2011-02-04,4.05
2026-10-05,2011-02-07,4.05
2026-10-05,2011-02-08,4.05
2026-10-05,2011-02-09,4.05
2026-10-05,2011-02-10,4.05
2026-10-05,2011-02-11,4.05
2026-10-05,2011-02-14,4.05
2026-10-05,2011-02-15,4.05
2026-10-05,2011-02-16,4.05
2026-10-05,2011-02-17,4.05
2026-10-05,2011-02-18,4.05
2026-10-05,2011-02-21,4.06
2026-10-05,2011-02-22,4.06
2026-10-05,2011-02-23,4.06
2026-10-05,2011-02-24,4.06
2026-10-05,2011-02-25,4.06
2026-10-05,2011-02-28,4.06
2026-10-05,2011-03-01,4.06
2026-10-05,2011-03-02,4.06
2026-10-05,2011-03-03,4.06
2026-10-05,2011-03-04,4.06
2026-10-05,2011-03-09,4.06
2026-10-05,2011-03-10,4.06
2026-10-05,2011-03-11,4.06
2026-10-05,2011-03-14,4.06
2026-10-05,2011-03-15,4.06
2026-10-05,2011-03-16,4.07
2026-10-05,2011-03-17,4.07
2026-10-05,2011-03-18,4.07
2026-10-05,2011-03-21,4.07
2026-10-05,2011-03-22,4.07
2026-10-05,2011-03-23,4.07
2026-10-05,2011-03-28,4.07
2026-10-05,2011-03-29,4.07
2026-10-05,2011-03-30,4.08
2026-10-05,2011-03-31,4.08
2026-10-05,2011-04-01,4.08
2026-10-05,2011-04-04,4.08
2026-10-05,2011-04-05,4.08
2026-10-05,2011-04-06,4.08
2026-10-05,2011-04-07,4.08
2026-10-05,2011-04-08,4.08
2026-10-05,2011-04-11,4.08
2026-10-05,2011-04-12,4.08
2026-10-05,2011-04-13,4.09
2026-10-05,2011-04-14,4.1
2026-10-05,2011-04-15,4.1
2026-10-05,2011-04-18,4.1
2026-10-05,2011-04-19,4.11
2026-10-05,2011-04-20,4.11
2026-10-05,2011-04-25,4.11
2026-10-05,2011-04-26,4.11
2026-10-05,2011-04-27,4.11
2026-10-05,2011-04-28,4.12
2026-10-05,2011-04-29,4.12
2026-10-05,2011-05-02,4.12
2026-10-05,2011-05-03,4.12
2026-10-05,2011-05-04,4.11
2026-10-05,2011-05-05,4.12
2026-10-05,2011-05-06,4.12
2026-10-05,2011-05-09,4.12
2026-10-05,2011-05-10,4.12
2026-10-05,2011-05-11,4.12
2026-10-05,2011-05-12,4.12
2026-10-05,2011-05-13,4.12
2026-10-05,2011-05-16,4.12
2026-10-05,2011-05-17,4.12
2026-10-05,2011-05-18,4.12
2026-10-05,2011-05-19,4.12
2026-10-05,2011-05-20,4.12
2026-10-05,2011-05-23,4.13
2026-10-05,2011-05-24,4.13
2026-10-05,2011-05-26,4.13
2026-10-05,2011-05-27,4.13
2026-10-05,2011-05-30,4.13
2026-10-05,2011-05-31,4.13
2026-10-05,2011-06-01,4.13
2026-10-05,2011-06-02,4.13
2026-10-05,2011-06-03,4.13
2026-10-05,2011-06-06,4.13
2026-10-05,2011-06-07,4.13
2026-10-05,2011-06-08,4.13
2026-10-05,2011-06-09,4.13
2026-10-05,2011-06-10,4.13
2026-10-05,2011-06-13,4.13
2026-10-05,2011-06-14,4.13
2026-10-05,2011-06-15,4.13
2026-10-05,2011-06-16,4.13
2026-10-05,2011-06-17,4.13
2026-10-05,2011-06-21,4.14
2026-10-05,2011-06-22,4.14
2026-10-05,2011-06-23,4.14
2026-10-05,2011-06-24,4.14
2026-10-05,2011-06-27,4.14
2026-10-05,2011-06-28,4.14
2026-10-05,2011-06-29,4.14
2026-10-05,2011-06-30,4.15
2026-10-05,2011-07-01,4.15
2026-10-05,2011-07-04,4.15
2026-10-05,2011-07-05,4.15
2026-10-05,2011-07-06,4.15
2026-10-05,2011-07-07,4.16
2026-10-05,2011-07-08,4.16
2026-10-05,2011-07-11,4.16
2026-10-05,2011-07-12,4.16
2026-10-05,2011-07-13,4.16
2026-10-05,2011-07-14,4.16
2026-10-05,2011-07-15,4.16
2026-10-05,2011-07-18,4.16
2026-10-05,2011-07-19,4.17
2026-10-05,2011-07-20,4.17
2026-10-05,2011-07-21,4.17
2026-10-05,2011-07-22,4.17
2026-10-05,2011-07-25,4.18
2026-10-05,2011-07-26,4.17
2026-10-05,2011-07-27,4.18
2026-10-05,2011-07-28,4.18
2026-10-05,2011-07-29,4.18
2026-10-05,2011-08-01,4.17
2026-10-05,2011-08-02,4.18
2026-10-05,2011-08-03,4.19
2026-10-05,2011-08-04,4.19
2026-10-05,2011-08-05,4.19
2026-10-05,2011-08-08,4.19
2026-10-05,2011-08-09,4.19
2026-10-05,2011-08-10,4.19
2026-10-05,2011-08-11,4.19
2026-10-05,2011-08-12,4.2
2026-10-05,2011-08-15,4.2
2026-10-05,2011-08-16,4.2
2026-10-05,2011-08-17,4.2
2026-10-05,2011-08-18,4.21
2026-10-05,2011-08-19,4.21
2026-10-05,2011-08-23,4.22
2026-10-05,2011-08-24,4.22
2026-10-05,2011-08-25,4.22
2026-10-05,2011-08-26,4.22
2026-10-05,2011-08-29,4.22
2026-10-05,2011-08-30,4.23
2026-10-05,2011-08-31,4.24
2026-10-05,2011-09-01,4.25
2026-10-05,2011-09-02,4.26
2026-10-05,2011-09-05,4.26
2026-10-05,2011-09-06,4.25
2026-10-05,2011-09-07,4.25
2026-10-05,2011-09-08,4.25
2026-10-05,2011-09-09,4.25
2026-10-05,2011-09-12,4.25
2026-10-05,2011-09-13,4.25
2026-10-05,2011-09-14,4.25
2026-10-05,2011-09-15,4.25
2026-10-05,2011-09-16,4.25
2026-10-05,2011-09-19,4.25
2026-10-05,2011-09-20,4.25
2026-10-05,2011-09-21,4.24
2026-10-05,2011-09-22,4.25
2026-10-05,2011-09-23,4.25
2026-10-05,2011-09-26,4.25
2026-10-05,2011-09-27,4.25
2026-10-05,2011-09-28,4.25
2026-10-05,2011-09-29,4.25
2026-10-05,2011-09-30,4.25
2026-10-05,2011-10-03,4.25
2026-10-05,2011-10-04,4.25
2026-10-05,2011-10-05,4.25
2026-10-05,2011-10-06,4.25
2026-10-05,2011-10-07,4.25
2026-10-05,2011-10-11,4.25
2026-10-05,2011-10-12,4.25
2026-10-05,2011-10-13,4.25
2026-10-05,2011-10-14,4.26
2026-10-05,2011-10-17,4.26
2026-10-05,2011-10-18,4.26
2026-10-05,2011-10-19,4.27
2026-10-05,2011-10-20,4.27
2026-10-05,2011-10-21,4.28
2026-10-05,2011-10-24,4.28
2026-10-05,2011-10-25,4.28
2026-10-05,2011-10-26,4.28
2026-10-05,2011-10-27,4.28
2026-10-05,2011-10-28,4.28
2026-10-05,2011-10-31,4.28
2026-10-05,2011-11-01,4.28
2026-10-05,2011-11-02,4.29
2026-10-05,2011-11-03,4.29
2026-10-05,2011-11-04,4.29
2026-10-05,2011-11-07,4.3
2026-10-05,2011-11-08,4.3
2026-10-05,2011-11-09,4.3
2026-10-05,2011-11-10,4.3
2026-10-05,2011-11-11,4.3
2026-10-05,2011-11-14,4.31
2026-10-05,2011-11-15,4.31
2026-10-05,2011-11-16,4.31
2026-10-05,2011-11-17,4.3
2026-10-05,2011-11-18,4.3
2026-10-05,2011-11-21,4.3
2026-10-05,2011-11-22,4.3
2026-10-05,2011-11-23,4.3
2026-10-05,2011-11-24,4.3
2026-10-05,2011-11-25,4.3
2026-10-05,2011-11-29,4.31
2026-10-05,2011-11-30,4.32
2026-10-05,2011-12-01,4.32
2026-10-05,2011-12-02,4.32
2026-10-05,2011-12-05,4.32
2026-10-05,2011-12-06,4.32
2026-10-05,2011-12-07,4.32
2026-10-05,2011-12-12,4.32
2026-10-05,2011-12-13,4.32
2026-10-05,2011-12-14,4.32
2026-10-05,2011-12-15,4.32
2026-10-05,2011-12-16,4.32
2026-10-05,2011-12-19,4.32
2026-10-05,2011-12-20,4.33
2026-10-05,2011-12-21,4.33
2026-10-05,2011-12-22,4.33
2026-10-05,2011-12-23,4.33
2026-10-05,2011-12-27,4.33
2026-10-05,2011-12-28,4.33
2026-10-05,2011-12-29,4.34
2026-10-05,2011-12-30,4.34
2026-10-05,2012-01-03,4.34
2026-10-05,2012-01-04,4.34
2026-10-05,2012-01-05,4.34
2026-10-05,2012-01-06,4.35
2026-10-05,2012-01-09,4.35
2026-10-05,2012-01-10,4.35
2026-10-05,2012-01-11,4.35
2026-10-05,2012-01-12,4.35
2026-10-05,2012-01-13,4.35
2026-10-05,2012-01-16,4.35
2026-10-05,2012-01-17,4.35
2026-10-05,2012-01-18,4.35
2026-10-05,2012-01-19,4.35
2026-10-05,2012-01-20,4.36
2026-10-05,2012-01-23,4.36
2026-10-05,2012-01-24,4.37
2026-10-05,2012-01-25,4.37
2026-10-05,2012-01-26,4.37
2026-10-05,2012-01-27,4.37
2026-10-05,2012-01-30,4.37
2026-10-05,2012-01-31,4.37
2026-10-05,2012-02-01,4.37
2026-10-05,2012-02-02,4.38
2026-10-05,2012-02-03,4.37
2026-10-05,2012-02-06,4.37
2026-10-05,2012-02-07,4.37
2026-10-05,2012-02-08,4.38
2026-10-05,2012-02-09,4.38
2026-10-05,2012-02-10,4.38
2026-10-05,2012-02-13,4.38
2026-10-05,2012-02-14,4.38
2026-10-05,2012-02-15,4.39
2026-10-05,2012-02-16,4.39
2026-10-05,2012-02-17,4.39
2026-10-05,2012-02-22,4.39
2026-10-05,2012-02-23,4.39
2026-10-05,2012-02-24,4.39
2026-10-05,2012-02-28,4.39
2026-10-05,2012-02-29,4.39
2026-10-05,2012-03-01,4.39
2026-10-05,2012-03-02,4.39
2026-10-05,2012-03-05,4.39
2026-10-05,2012-03-06,4.39
2026-10-05,2012-03-07,4.39
2026-10-05,2012-03-08,4.39
2026-10-05,2012-03-09,4.39
2026-10-05,2012-03-12,4.39
2026-10-05,2012-03-13,4.39
2026-10-05,2012-03-14,4.4
2026-10-05,2012-03-15,4.4
2026-10-05,2012-03-16,4.4
2026-10-05,2012-03-19,4.4
2026-10-05,2012-03-20,4.4
2026-10-05,2012-03-21,4.4
2026-10-05,2012-03-22,4.4
2026-10-05,2012-03-23,4.41
2026-10-05,2012-03-26,4.41
2026-10-05,2012-03-27,4.41
2026-10-05,2012-03-28,4.41
2026-10-05,2012-03-29,4.41
2026-10-05,2012-03-30,4.42
2026-10-05,2012-04-03,4.42
2026-10-05,2012-04-04,4.43
2026-10-05,2012-04-09,4.43
2026-10-05,2012-04-10,4.43
2026-10-05,2012-04-11,4.43
2026-10-05,2012-04-12,4.43
2026-10-05,2012-04-13,4.44
2026-10-05,2012-04-16,4.44
2026-10-05,2012-04-17,4.44
2026-10-05,2012-04-18,4.44
2026-10-05,2012-04-19,4.45
2026-10-05,2012-04-20,4.44
2026-10-05,2012-04-23,4.45
2026-10-05,2012-04-24,4.45
2026-10-05,2012-04-25,4.46
2026-10-05,2012-04-26,4.46
2026-10-05,2012-04-27,4.46
2026-10-05,2012-05-02,4.46
2026-10-05,2012-05-03,4.47
2026-10-05,2012-05-04,4.47
2026-10-05,2012-05-07,4.48
2026-10-05,2012-05-08,4.48
2026-10-05,2012-05-09,4.48
2026-10-05,2012-05-10,4.48
2026-10-05,2012-05-11,4.48
2026-10-05,2012-05-14,4.49
2026-10-05,2012-05-15,4.49
2026-10-05,2012-05-16,4.49
2026-10-05,2012-05-17,4.5
2026-10-05,2012-05-18,4.5
2026-10-05,2012-05-21,4.5
2026-10-05,2012-05-22,4.51
2026-10-05,2012-05-23,4.51
2026-10-05,2012-05-24,4.51
2026-10-05,2012-05-28,4.52
2026-10-05,2012-05-29,4.52
2026-10-05,2012-05-30,4.52
2026-10-05,2012-05-31,4.52
2026-10-05,2012-06-01,4.52
2026-10-05,2012-06-04,4.52
2026-10-05,2012-06-05,4.52
2026-10-05,2012-06-06,4.53
2026-10-05,2012-06-07,4.53
2026-10-05,2012-06-08,4.53
2026-10-05,2012-06-11,4.53
2026-10-05,2012-06-12,4.54
2026-10-05,2012-06-13,4.53
2026-10-05,2012-06-14,4.54
2026-10-05,2012-06-15,4.54
2026-10-05,2012-06-18,4.54
2026-10-05,2012-06-19,4.54
2026-10-05,2012-06-21,4.55
2026-10-05,2012-06-22,4.55
2026-10-05,2012-06-25,4.55
2026-10-05,2012-06-26,4.55
2026-10-05,2012-06-27,4.56
2026-10-05,2012-06-28,4.56
2026-10-05,2012-06-29,4.57
2026-10-05,2012-07-02,4.57
2026-10-05,2012-07-03,4.57
2026-10-05,2012-07-04,4.57
2026-10-05,2012-07-05,4.57
2026-10-05,2012-07-06,4.57
2026-10-05,2012-07-10,4.58
2026-10-05,2012-07-11,4.58
2026-10-05,2012-07-12,4.59
2026-10-05,2012-07-13,4.59
2026-10-05,2012-07-16,4.59
2026-10-05,2012-07-17,4.59
2026-10-05,2012-07-18,4.6
2026-10-05,2012-07-19,4.6
2026-10-05,2012-07-20,4.6
2026-10-05,2012-07-23,4.61
2026-10-05,2012-07-24,4.61
2026-10-05,2012-07-25,4.61
2026-10-05,2012-07-26,4.62
2026-10-05,2012-07-27,4.62
2026-10-05,2012-07-30,4.62
2026-10-05,2012-07-31,4.62
2026-10-05,2012-08-01,4.63
2026-10-05,2012-08-02,4.63
2026-10-05,2012-08-03,4.63
2026-10-05,2012-08-06,4.63
2026-10-05,2012-08-07,4.64
2026-10-05,2012-08-08,4.64
2026-10-05,2012-08-09,4.64
2026-10-05,2012-08-10,4.64
2026-10-05,2012-08-13,4.65
2026-10-05,2012-08-14,4.65
2026-10-05,2012-08-15,4.65
2026-10-05,2012-08-16,4.65
2026-10-05,2012-08-17,4.66
2026-10-05,2012-08-21,4.66
2026-10-05,2012-08-22,4.66
2026-10-05,2012-08-23,4.66
2026-10-05,2012-08-24,4.66
2026-10-05,2012-08-27,4.67
2026-10-05,2012-08-28,4.67
2026-10-05,2012-08-29,4.67
2026-10-05,2012-08-30,4.68
2026-10-05,2012-08-31,4.68
2026-10-05,2012-09-03,4.68
2026-10-05,2012-09-04,4.69
2026-10-05,2012-09-05,4.69
2026-10-05,2012-09-06,4.69
2026-10-05,2012-09-07,4.7
2026-10-05,2012-09-10,4.7
2026-10-05,2012-09-11,4.7
2026-10-05,2012-09-12,4.71
2026-10-05,2012-09-13,4.7
2026-10-05,2012-09-14,4.71
2026-10-05,2012-09-17,4.71
2026-10-05,2012-09-18,4.71
2026-10-05,2012-09-19,4.72
2026-10-05,2012-09-20,4.72
2026-10-05,2012-09-21,4.72
2026-10-05,2012-09-25,4.73
2026-10-05,2012-09-26,4.73
2026-10-05,2012-09-27,4.73
2026-10-05,2012-09-28,4.74
2026-10-05,2012-10-01,4.74
2026-10-05,2012-10-02,4.74
2026-10-05,2012-10-03,4.74
2026-10-05,2012-10-04,4.75
2026-10-05,2012-10-05,4.75
2026-10-05,2012-10-09,4.75
2026-10-05,2012-10-10,4.75
2026-10-05,2012-10-11,4.76
2026-10-05,2012-10-12,4.76
2026-10-05,2012-10-15,4.77
2026-10-05,2012-10-16,4.77
2026-10-05,2012-10-17,4.77
2026-10-05,2012-10-18,4.77
2026-10-05,2012-10-19,4.78
2026-10-05,2012-10-22,4.78
2026-10-05,2012-10-23,4.78
2026-10-05,2012-10-24,4.79
2026-10-05,2012-10-25,4.79
2026-10-05,2012-10-26,4.79
2026-10-05,2012-10-29,4.8
2026-10-05,2012-10-30,4.8
2026-10-05,2012-10-31,4.8
2026-10-05,2012-11-01,4.81
2026-10-05,2012-11-02,4.81
2026-10-05,2012-11-05,4.81
2026-10-05,2012-11-07,4.81
2026-10-05,2012-11-08,4.81
2026-10-05,2012-11-09,4.81
2026-10-05,2012-11-12,4.82
2026-10-05,2012-11-13,4.82
2026-10-05,2012-11-14,4.82
2026-10-05,2012-11-15,4.83
2026-10-05,2012-11-16,4.83
2026-10-05,2012-11-19,4.84
2026-10-05,2012-11-20,4.84
2026-10-05,2012-11-21,4.85
2026-10-05,2012-11-22,4.86
2026-10-05,2012-11-23,4.86
2026-10-05,2012-11-27,4.86
2026-10-05,2012-11-28,4.86
2026-10-05,2012-11-29,4.87
2026-10-05,2012-11-30,4.87
2026-10-05,2012-12-03,4.88
2026-10-05,2012-12-04,4.88
2026-10-05,2012-12-05,4.89
2026-10-05,2012-12-06,4.89
2026-10-05,2012-12-07,4.9
2026-10-05,2012-12-10,4.9
2026-10-05,2012-12-11,4.9
2026-10-05,2012-12-12,4.91
2026-10-05,2012-12-13,4.91
2026-10-05,2012-12-14,4.91
2026-10-05,2012-12-17,4.92
2026-10-05,2012-12-18,4.92
2026-10-05,2012-12-19,4.93
2026-10-05,2012-12-20,4.94
2026-10-05,2012-12-21,4.94
2026-10-05,2012-12-26,4.95
2026-10-05,2012-12-27,4.95
2026-10-05,2012-12-28,4.95
2026-10-05,2012-12-31,4.95
2026-10-05,2013-01-02,4.96
2026-10-05,2013-01-03,4.96
2026-10-05,2013-01-04,4.97
2026-10-05,2013-01-07,4.97
2026-10-05,2013-01-08,4.97
2026-10-05,2013-01-09,4.97
2026-10-05,2013-01-10,4.98
2026-10-05,2013-01-11,4.98
2026-10-05,2013-01-14,4.98
2026-10-05,2013-01-15,4.99
2026-10-05,2013-01-16,4.99
2026-10-05,2013-01-17,4.99
2026-10-05,2013-01-18,4.99
2026-10-05,2013-01-21,4.99
2026-10-05,2013-01-22,5
2026-10-05,2013-01-23,5
2026-10-05,2013-01-24,5
2026-10-05,2013-01-25,5
2026-10-05,2013-01-28,5.01
2026-10-05,2013-01-29,5.01
2026-10-05,2013-01-30,5.01
2026-10-05,2013-02-01,5.02
2026-10-05,2013-02-04,5.02
2026-10-05,2013-02-05,5.02
2026-10-05,2013-02-06,5.02
2026-10-05,2013-02-07,5.03
2026-10-05,2013-02-08,5.04
2026-10-05,2013-02-13,5.04
2026-10-05,2013-02-14,5.05
2026-10-05,2013-02-15,5.04
2026-10-05,2013-02-18,5.05
2026-10-05,2013-02-19,5.06
2026-10-05,2013-02-21,5.06
2026-10-05,2013-02-22,5.07
2026-10-05,2013-02-25,5.07
2026-10-05,2013-02-26,5.07
2026-10-05,2013-02-27,5.07
2026-10-05,2013-02-28,5.08
2026-10-05,2013-03-01,5.09
2026-10-05,2013-03-04,5.09
2026-10-05,2013-03-05,5.09
2026-10-05,2013-03-06,5.09
2026-10-05,2013-03-07,5.1
2026-10-05,2013-03-08,5.1
2026-10-05,2013-03-11,5.1
2026-10-05,2013-03-12,5.11
2026-10-05,2013-03-13,5.11
2026-10-05,2013-03-14,5.12
2026-10-05,2013-03-15,5.13
2026-10-05,2013-03-18,5.13
2026-10-05,2013-03-19,5.13
2026-10-05,2013-03-20,5.14
2026-10-05,2013-03-21,5.14
2026-10-05,2013-03-22,5.15
2026-10-05,2013-03-25,5.16
2026-10-05,2013-03-26,5.16
2026-10-05,2013-03-27,5.16
2026-10-05,2013-04-03,5.17
2026-10-05,2013-04-04,5.17
2026-10-05,2013-04-05,5.18
2026-10-05,2013-04-08,5.18
2026-10-05,2013-04-09,5.18
2026-10-05,2013-04-10,5.18
2026-10-05,2013-04-11,5.18
2026-10-05,2013-04-12,5.26
2026-10-05,2013-04-15,5.19
2026-10-05,2013-04-16,5.19
2026-10-05,2013-04-17,5.19
2026-10-05,2013-04-18,5.2
2026-10-05,2013-04-19,5.2
2026-10-05,2013-04-22,5.21
2026-10-05,2013-04-23,5.21
2026-10-05,2013-04-24,5.21
2026-10-05,2013-04-25,5.21
2026-10-05,2013-04-26,5.22
2026-10-05,2013-04-29,5.22
2026-10-05,2013-04-30,5.23
2026-10-05,2013-05-02,5.23
2026-10-05,2013-05-03,5.24
2026-10-05,2013-05-06,5.24
2026-10-05,2013-05-07,5.25
2026-10-05,2013-05-08,5.25
2026-10-05,2013-05-09,5.26
2026-10-05,2013-05-10,5.26
2026-10-05,2013-05-13,5.27
2026-10-05,2013-05-14,5.27
2026-10-05,2013-05-15,5.28
2026-10-05,2013-05-16,5.28
2026-10-05,2013-05-17,5.28
2026-10-05,2013-05-20,5.28
2026-10-05,2013-05-21,5.29
2026-10-05,2013-05-22,5.29
2026-10-05,2013-05-23,5.3
2026-10-05,2013-05-24,5.3
2026-10-05,2013-05-27,5.31
2026-10-05,2013-05-28,5.31
2026-10-05,2013-05-29,5.31
2026-10-05,2013-05-30,5.31
2026-10-05,2013-05-31,5.32
2026-10-05,2013-06-03,5.33
2026-10-05,2013-06-04,5.33
2026-10-05,2013-06-05,5.33
2026-10-05,2013-06-06,5.33
2026-10-05,2013-06-07,5.34
2026-10-05,2013-06-10,5.35
2026-10-05,2013-06-11,5.35
2026-10-05,2013-06-12,5.35
2026-10-05,2013-06-13,5.36
2026-10-05,2013-06-14,5.37
2026-10-05,2013-06-17,5.37
2026-10-05,2013-06-18,5.38
2026-10-05,2013-06-19,5.38
2026-10-05,2013-06-24,5.4
2026-10-05,2013-06-25,5.4
2026-10-05,2013-06-26,5.41
2026-10-05,2013-06-27,5.41
2026-10-05,2013-06-28,5.42
2026-10-05,2013-07-01,5.43
2026-10-05,2013-07-02,5.43
2026-10-05,2013-07-03,5.44
2026-10-05,2013-07-04,5.44
2026-10-05,2013-07-05,5.44
2026-10-05,2013-07-08,5.44
2026-10-05,2013-07-10,5.45
2026-10-05,2013-07-11,5.46
2026-10-05,2013-07-12,5.46
2026-10-05,2013-07-15,5.47
2026-10-05,2013-07-16,5.47
2026-10-05,2013-07-17,5.48
2026-10-05,2013-07-18,5.48
2026-10-05,2013-07-19,5.5
2026-10-05,2013-07-22,5.5
2026-10-05,2013-07-23,5.5
2026-10-05,2013-07-24,5.51
2026-10-05,2013-07-25,5.51
2026-10-05,2013-07-26,5.52
2026-10-05,2013-07-29,5.53
2026-10-05,2013-07-30,5.54
2026-10-05,2013-07-31,5.54
2026-10-05,2013-08-01,5.55
2026-10-05,2013-08-02,5.55
2026-10-05,2013-08-05,5.56
2026-10-05,2013-08-06,5.57
2026-10-05,2013-08-07,5.57
2026-10-05,2013-08-08,5.58
2026-10-05,2013-08-09,5.58
2026-10-05,2013-08-12,5.59
2026-10-05,2013-08-13,5.59
2026-10-05,2013-08-14,5.6
2026-10-05,2013-08-15,5.61
2026-10-05,2013-08-16,5.62
2026-10-05,2013-08-20,5.63
2026-10-05,2013-08-21,5.64
2026-10-05,2013-08-22,5.65
2026-10-05,2013-08-23,5.66
2026-10-05,2013-08-26,5.67
2026-10-05,2013-08-27,5.68
2026-10-05,2013-08-28,5.69
2026-10-05,2013-08-29,5.7
2026-10-05,2013-08-30,5.71
2026-10-05,2013-09-02,5.72
2026-10-05,2013-09-03,5.73
2026-10-05,2013-09-04,5.74
2026-10-05,2013-09-05,5.75
2026-10-05,2013-09-06,5.75
2026-10-05,2013-09-09,5.75
2026-10-05,2013-09-10,5.76
2026-10-05,2013-09-11,5.76
2026-10-05,2013-09-12,5.77
2026-10-05,2013-09-13,5.77
2026-10-05,2013-09-16,5.78
2026-10-05,2013-09-17,5.78
2026-10-05,2013-09-18,5.79
2026-10-05,2013-09-19,5.8
2026-10-05,2013-09-20,6.1
2026-10-05,2013-09-23,5.81
2026-10-05,2013-09-24,5.82
2026-10-05,2013-09-25,5.82
2026-10-05,2013-09-26,5.82
2026-10-05,2013-09-27,5.83
2026-10-05,2013-09-30,5.84
2026-10-05,2013-10-01,5.84
2026-10-05,2013-10-02,5.84
2026-10-05,2013-10-03,5.85
2026-10-05,2013-10-04,5.85
2026-10-05,2013-10-07,5.86
2026-10-05,2013-10-08,5.86
2026-10-05,2013-10-09,5.87
2026-10-05,2013-10-10,5.87
2026-10-05,2013-10-11,5.88
2026-10-05,2013-10-15,5.88
2026-10-05,2013-10-16,5.88
2026-10-05,2013-10-17,5.89
2026-10-05,2013-10-18,5.9
2026-10-05,2013-10-21,5.9
2026-10-05,2013-10-22,5.91
2026-10-05,2013-10-23,5.91
2026-10-05,2013-10-24,5.91
2026-10-05,2013-10-25,5.92
2026-10-05,2013-10-28,5.93
2026-10-05,2013-10-29,5.93
2026-10-05,2013-10-30,5.94
2026-10-05,2013-10-31,5.95
2026-10-05,2013-11-01,5.96
2026-10-05,2013-11-04,5.98
2026-10-05,2013-11-05,5.99
2026-10-05,2013-11-07,6
2026-10-05,2013-11-08,6
2026-10-05,2013-11-11,6.02
2026-10-05,2013-11-12,6.02
2026-10-05,2013-11-13,6.02
2026-10-05,2013-11-14,6.03
2026-10-05,2013-11-15,6.04
2026-10-05,2013-11-18,6.05
2026-10-05,2013-11-19,6.08
2026-10-05,2013-11-20,6.1
2026-10-05,2013-11-21,6.11
2026-10-05,2013-11-22,6.12
2026-10-05,2013-11-26,6.14
2026-10-05,2013-11-27,6.15
2026-10-05,2013-11-28,6.17
2026-10-05,2013-11-29,6.18
2026-10-05,2013-12-02,6.2
2026-10-05,2013-12-03,6.22
2026-10-05,2013-12-04,6.24
2026-10-05,2013-12-05,6.27
2026-10-05,2013-12-06,6.29
2026-10-05,2013-12-09,6.3
2026-10-05,2013-12-10,6.31
2026-10-05,2013-12-11,6.32
2026-10-05,2013-12-12,6.33
2026-10-05,2013-12-13,6.34
2026-10-05,2013-12-16,6.35
2026-10-05,2013-12-17,6.38
2026-10-05,2013-12-18,6.41
2026-10-05,2013-12-19,6.45
2026-10-05,2013-12-20,6.47
2026-10-05,2013-12-23,6.49
2026-10-05,2013-12-26,6.52
2026-10-05,2013-12-27,6.54
2026-10-05,2013-12-30,6.56
2026-10-05,2014-01-02,6.59
2026-10-05,2014-01-03,6.61
2026-10-05,2014-01-06,6.65
2026-10-05,2014-01-07,6.66
2026-10-05,2014-01-08,6.67
2026-10-05,2014-01-09,6.68
2026-10-05,2014-01-10,6.71
2026-10-05,2014-01-13,6.75
2026-10-05,2014-01-14,6.76
2026-10-05,2014-01-15,6.8
2026-10-05,2014-01-16,6.83
2026-10-05,2014-01-17,6.87
2026-10-05,2014-01-20,6.88
2026-10-05,2014-01-21,6.95
2026-10-05,2014-01-22,7.04
2026-10-05,2014-01-23,8.14
2026-10-05,2014-01-24,8.18
2026-10-05,2014-01-27,8.17
2026-10-05,2014-01-28,8.16
2026-10-05,2014-01-29,8.12
2026-10-05,2014-01-30,8.11
2026-10-05,2014-01-31,8.09
2026-10-05,2014-02-03,8.1
2026-10-05,2014-02-04,8.09
2026-10-05,2014-02-05,8.05
2026-10-05,2014-02-06,8
2026-10-05,2014-02-07,7.97
2026-10-05,2014-02-10,7.94
2026-10-05,2014-02-11,7.92
2026-10-05,2014-02-12,7.91
2026-10-05,2014-02-13,7.91
2026-10-05,2014-02-14,7.9
2026-10-05,2014-02-17,7.88
2026-10-05,2014-02-18,7.87
2026-10-05,2014-02-19,7.87
2026-10-05,2014-02-20,7.89
2026-10-05,2014-02-21,7.92
2026-10-05,2014-02-24,7.94
2026-10-05,2014-02-25,7.94
2026-10-05,2014-02-26,7.94
2026-10-05,2014-02-27,7.96
2026-10-05,2014-02-28,7.96
2026-10-05,2014-03-05,7.96
2026-10-05,2014-03-06,7.96
2026-10-05,2014-03-07,7.96
2026-10-05,2014-03-10,7.95
2026-10-05,2014-03-11,7.95
2026-10-05,2014-03-12,7.95
2026-10-05,2014-03-13,7.96
2026-10-05,2014-03-14,7.97
2026-10-05,2014-03-17,7.98
2026-10-05,2014-03-18,8
2026-10-05,2014-03-19,8.02
2026-10-05,2014-03-20,8.02
2026-10-05,2014-03-21,8.03
2026-10-05,2014-03-25,8.05
2026-10-05,2014-03-26,8.07
2026-10-05,2014-03-27,8.08
2026-10-05,2014-03-28,8.07
2026-10-05,2014-03-31,8.08
2026-10-05,2014-04-01,8.07
2026-10-05,2014-04-03,8.07
2026-10-05,2014-04-04,8.07
2026-10-05,2014-04-07,8.03
2026-10-05,2014-04-08,8.07
2026-10-05,2014-04-09,8.07
2026-10-05,2014-04-10,8.08
2026-10-05,2014-04-11,8.08
2026-10-05,2014-04-14,8.08
2026-10-05,2014-04-15,8.13
2026-10-05,2014-04-16,8.08
2026-10-05,2014-04-21,8.08
2026-10-05,2014-04-22,8.08
2026-10-05,2014-04-23,8.08
2026-10-05,2014-04-24,8.08
2026-10-05,2014-04-25,8.08
2026-10-05,2014-04-28,8.08
2026-10-05,2014-04-29,8.08
2026-10-05,2014-04-30,8.08
2026-10-05,2014-05-05,8.07
2026-10-05,2014-05-06,8.07
2026-10-05,2014-05-07,8.07
2026-10-05,2014-05-08,8.07
2026-10-05,2014-05-09,8.08
2026-10-05,2014-05-12,8.08
2026-10-05,2014-05-13,8.09
2026-10-05,2014-05-14,8.09
2026-10-05,2014-05-15,8.11
2026-10-05,2014-05-16,8.13
2026-10-05,2014-05-19,8.13
2026-10-05,2014-05-20,8.13
2026-10-05,2014-05-21,8.13
2026-10-05,2014-05-22,8.13
2026-10-05,2014-05-23,8.13
2026-10-05,2014-05-26,8.13
2026-10-05,2014-05-27,8.13
2026-10-05,2014-05-28,8.14
2026-10-05,2014-05-29,8.14
2026-10-05,2014-05-30,8.14
2026-10-05,2014-06-02,8.14
2026-10-05,2014-06-03,8.15
2026-10-05,2014-06-04,8.17
2026-10-05,2014-06-05,8.18
2026-10-05,2014-06-06,8.2
2026-10-05,2014-06-09,8.2
2026-10-05,2014-06-10,8.2
2026-10-05,2014-06-11,8.2
2026-10-05,2014-06-12,8.2
2026-10-05,2014-06-13,8.2
2026-10-05,2014-06-16,8.2
2026-10-05,2014-06-17,8.2
2026-10-05,2014-06-18,8.2
2026-10-05,2014-06-19,8.2
2026-10-05,2014-06-23,8.2
2026-10-05,2014-06-24,8.2
2026-10-05,2014-06-25,8.2
2026-10-05,2014-06-26,8.2
2026-10-05,2014-06-27,8.2
2026-10-05,2014-06-30,8.2
2026-10-05,2014-07-01,8.2
2026-10-05,2014-07-02,8.2
2026-10-05,2014-07-03,8.2
2026-10-05,2014-07-04,8.2
2026-10-05,2014-07-07,8.2
2026-10-05,2014-07-08,8.2
2026-10-05,2014-07-10,8.21
2026-10-05,2014-07-11,8.21
2026-10-05,2014-07-14,8.21
2026-10-05,2014-07-15,8.22
2026-10-05,2014-07-16,8.21
2026-10-05,2014-07-17,8.21
2026-10-05,2014-07-18,8.22
2026-10-05,2014-07-21,8.22
2026-10-05,2014-07-22,8.22
2026-10-05,2014-07-23,8.23
2026-10-05,2014-07-24,8.24
2026-10-05,2014-07-25,8.25
2026-10-05,2014-07-28,8.24
2026-10-05,2014-07-29,8.25
2026-10-05,2014-07-30,8.25
2026-10-05,2014-07-31,8.27
2026-10-05,2014-08-01,8.28
2026-10-05,2014-08-04,8.3
2026-10-05,2014-08-05,8.32
2026-10-05,2014-08-06,8.33
2026-10-05,2014-08-07,8.33
2026-10-05,2014-08-08,8.33
2026-10-05,2014-08-11,8.33
2026-10-05,2014-08-12,8.33
2026-10-05,2014-08-13,8.33
2026-10-05,2014-08-14,8.33
2026-10-05,2014-08-15,8.34
2026-10-05,2014-08-19,8.34
2026-10-05,2014-08-20,8.36
2026-10-05,2014-08-21,8.43
2026-10-05,2014-08-22,8.48
2026-10-05,2014-08-25,8.48
2026-10-05,2014-08-26,8.47
2026-10-05,2014-08-27,8.47
2026-10-05,2014-08-28,8.48
2026-10-05,2014-08-29,8.47
2026-10-05,2014-09-01,8.47
2026-10-05,2014-09-02,8.47
2026-10-05,2014-09-03,8.48
2026-10-05,2014-09-04,8.48
2026-10-05,2014-09-05,8.48
2026-10-05,2014-09-08,8.48
2026-10-05,2014-09-09,8.48
2026-10-05,2014-09-10,8.48
2026-10-05,2014-09-11,8.48
2026-10-05,2014-09-12,8.48
2026-10-05,2014-09-15,8.48
2026-10-05,2014-09-16,8.48
2026-10-05,2014-09-17,8.48
2026-10-05,2014-09-18,8.51
2026-10-05,2014-09-19,8.51
2026-10-05,2014-09-22,8.5
2026-10-05,2014-09-23,8.5
2026-10-05,2014-09-24,8.5
2026-10-05,2014-09-25,8.51
2026-10-05,2014-09-26,8.51
2026-10-05,2014-09-29,8.53
2026-10-05,2014-09-30,8.53
2026-10-05,2014-10-01,8.54
2026-10-05,2014-10-02,8.53
2026-10-05,2014-10-03,8.54
2026-10-05,2014-10-06,8.53
2026-10-05,2014-10-07,8.54
2026-10-05,2014-10-08,8.55
2026-10-05,2014-10-09,8.54
2026-10-05,2014-10-10,8.53
2026-10-05,2014-10-14,8.55
2026-10-05,2014-10-15,8.55
2026-10-05,2014-10-16,8.53
2026-10-05,2014-10-17,8.54
2026-10-05,2014-10-20,8.54
2026-10-05,2014-10-21,8.54
2026-10-05,2014-10-22,8.55
2026-10-05,2014-10-23,8.55
2026-10-05,2014-10-24,8.55
2026-10-05,2014-10-27,8.55
2026-10-05,2014-10-28,8.55
2026-10-05,2014-10-29,8.56
2026-10-05,2014-10-30,8.56
2026-10-05,2014-10-31,8.56
2026-10-05,2014-11-03,8.57
2026-10-05,2014-11-04,8.57
2026-10-05,2014-11-05,8.56
2026-10-05,2014-11-07,8.57
2026-10-05,2014-11-10,8.57
2026-10-05,2014-11-11,8.57
2026-10-05,2014-11-12,8.58
2026-10-05,2014-11-13,8.58
2026-10-05,2014-11-14,8.57
2026-10-05,2014-11-17,8.58
2026-10-05,2014-11-18,8.6
2026-10-05,2014-11-19,8.58
2026-10-05,2014-11-20,8.58
2026-10-05,2014-11-21,8.58
2026-10-05,2014-11-25,8.57
2026-10-05,2014-11-26,8.58
2026-10-05,2014-11-27,8.59
2026-10-05,2014-11-28,8.58
2026-10-05,2014-12-01,8.58
2026-10-05,2014-12-02,8.59
2026-10-05,2014-12-03,8.6
2026-10-05,2014-12-04,8.59
2026-10-05,2014-12-05,8.6
2026-10-05,2014-12-09,8.61
2026-10-05,2014-12-10,8.6
2026-10-05,2014-12-11,8.62
2026-10-05,2014-12-12,8.61
2026-10-05,2014-12-15,8.61
2026-10-05,2014-12-16,8.61
2026-10-05,2014-12-17,8.61
2026-10-05,2014-12-18,8.61
2026-10-05,2014-12-19,8.61
2026-10-05,2014-12-22,8.61
2026-10-05,2014-12-23,8.61
2026-10-05,2014-12-24,8.56
2026-10-05,2014-12-29,8.61
2026-10-05,2014-12-30,8.61
2026-10-05,2015-01-02,8.61
2026-10-05,2015-01-05,8.62
2026-10-05,2015-01-06,8.62
2026-10-05,2015-01-07,8.64
2026-10-05,2015-01-08,8.65
2026-10-05,2015-01-09,8.66
2026-10-05,2015-01-12,8.65
2026-10-05,2015-01-13,8.66
2026-10-05,2015-01-14,8.66
2026-10-05,2015-01-15,8.66
2026-10-05,2015-01-16,8.66
2026-10-05,2015-01-19,8.66
2026-10-05,2015-01-20,8.67
2026-10-05,2015-01-21,8.67
2026-10-05,2015-01-22,8.68
2026-10-05,2015-01-23,8.69
2026-10-05,2015-01-26,8.69
2026-10-05,2015-01-27,8.7
2026-10-05,2015-01-28,8.7
2026-10-05,2015-01-29,8.7
2026-10-05,2015-01-30,8.7
2026-10-05,2015-02-02,8.71
2026-10-05,2015-02-03,8.73
2026-10-05,2015-02-04,8.72
2026-10-05,2015-02-05,8.72
2026-10-05,2015-02-06,8.73
2026-10-05,2015-02-09,8.72
2026-10-05,2015-02-10,8.73
2026-10-05,2015-02-11,8.73
2026-10-05,2015-02-12,8.74
2026-10-05,2015-02-13,8.75
2026-10-05,2015-02-18,8.75
2026-10-05,2015-02-19,8.76
2026-10-05,2015-02-20,8.76
2026-10-05,2015-02-23,8.76
2026-10-05,2015-02-24,8.77
2026-10-05,2015-02-25,8.78
2026-10-05,2015-02-26,8.78
2026-10-05,2015-02-27,8.79
2026-10-05,2015-03-02,8.79
2026-10-05,2015-03-03,8.8
2026-10-05,2015-03-04,8.8
2026-10-05,2015-03-05,8.84
2026-10-05,2015-03-06,8.81
2026-10-05,2015-03-09,8.82
2026-10-05,2015-03-10,8.82
2026-10-05,2015-03-11,8.83
2026-10-05,2015-03-12,8.84
2026-10-05,2015-03-13,8.85
2026-10-05,2015-03-16,8.85
2026-10-05,2015-03-17,8.85
2026-10-05,2015-03-18,8.85
2026-10-05,2015-03-19,8.86
2026-10-05,2015-03-20,8.86
2026-10-05,2015-03-25,8.86
2026-10-05,2015-03-26,8.87
2026-10-05,2015-03-27,8.87
2026-10-05,2015-03-30,8.87
2026-10-05,2015-03-31,8.88
2026-10-05,2015-04-01,8.89
2026-10-05,2015-04-06,8.89
2026-10-05,2015-04-07,8.9
2026-10-05,2015-04-08,8.89
2026-10-05,2015-04-09,8.91
2026-10-05,2015-04-10,8.91
2026-10-05,2015-04-13,8.91
2026-10-05,2015-04-14,8.92
2026-10-05,2015-04-15,8.92
2026-10-05,2015-04-16,8.93
2026-10-05,2015-04-17,8.93
2026-10-05,2015-04-20,8.94
2026-10-05,2015-04-21,8.93
2026-10-05,2015-04-22,8.94
2026-10-05,2015-04-23,8.95
2026-10-05,2015-04-24,8.95
2026-10-05,2015-04-27,8.95
2026-10-05,2015-04-28,8.96
2026-10-05,2015-04-29,8.96
2026-10-05,2015-04-30,8.96
2026-10-05,2015-05-04,8.97
2026-10-05,2015-05-05,8.98
2026-10-05,2015-05-06,8.98
2026-10-05,2015-05-07,8.98
2026-10-05,2015-05-08,8.99
2026-10-05,2015-05-11,8.99
2026-10-05,2015-05-12,9
2026-10-05,2015-05-13,9
2026-10-05,2015-05-14,9
2026-10-05,2015-05-15,9.01
2026-10-05,2015-05-18,9.01
2026-10-05,2015-05-19,9.01
2026-10-05,2015-05-20,9.02
2026-10-05,2015-05-21,9.03
2026-10-05,2015-05-22,9.03
2026-10-05,2015-05-26,9.03
2026-10-05,2015-05-27,9.04
2026-10-05,2015-05-28,9.05
2026-10-05,2015-05-29,9.05
2026-10-05,2015-06-01,9.06
2026-10-05,2015-06-02,9.07
2026-10-05,2015-06-03,9.07
2026-10-05,2015-06-04,9.08
2026-10-05,2015-06-05,9.08
2026-10-05,2015-06-08,9.08
2026-10-05,2015-06-09,9.08
2026-10-05,2015-06-10,9.09
2026-10-05,2015-06-11,9.09
2026-10-05,2015-06-12,9.1
2026-10-05,2015-06-15,9.1
2026-10-05,2015-06-16,9.1
2026-10-05,2015-06-17,9.11
2026-10-05,2015-06-18,9.12
2026-10-05,2015-06-19,9.12
2026-10-05,2015-06-22,9.12
2026-10-05,2015-06-23,9.12
2026-10-05,2015-06-24,9.13
2026-10-05,2015-06-25,9.14
2026-10-05,2015-06-26,9.14
2026-10-05,2015-06-29,9.14
2026-10-05,2015-06-30,9.15
2026-10-05,2015-07-01,9.15
2026-10-05,2015-07-02,9.16
2026-10-05,2015-07-03,9.16
2026-10-05,2015-07-06,9.17
2026-10-05,2015-07-07,9.17
2026-10-05,2015-07-08,9.18
2026-10-05,2015-07-10,9.19
2026-10-05,2015-07-13,9.2
2026-10-05,2015-07-14,9.2
2026-10-05,2015-07-15,9.2
2026-10-05,2015-07-16,9.21
2026-10-05,2015-07-17,9.21
2026-10-05,2015-07-20,9.22
2026-10-05,2015-07-21,9.22
2026-10-05,2015-07-22,9.22
2026-10-05,2015-07-23,9.23
2026-10-05,2015-07-24,9.23
2026-10-05,2015-07-27,9.24
2026-10-05,2015-07-28,9.24
2026-10-05,2015-07-29,9.24
2026-10-05,2015-07-30,9.25
2026-10-05,2015-07-31,9.26
2026-10-05,2015-08-03,9.26
2026-10-05,2015-08-04,9.26
2026-10-05,2015-08-05,9.27
2026-10-05,2015-08-06,9.28
2026-10-05,2015-08-07,9.28
2026-10-05,2015-08-10,9.29
2026-10-05,2015-08-11,9.3
2026-10-05,2015-08-12,9.3
2026-10-05,2015-08-13,9.31
2026-10-05,2015-08-14,9.31
2026-10-05,2015-08-18,9.31
2026-10-05,2015-08-19,9.32
2026-10-05,2015-08-20,9.32
2026-10-05,2015-08-21,9.33
2026-10-05,2015-08-24,9.33
2026-10-05,2015-08-25,9.34
2026-10-05,2015-08-26,9.34
2026-10-05,2015-08-27,9.35
2026-10-05,2015-08-28,9.36
2026-10-05,2015-08-31,9.37
2026-10-05,2015-09-01,9.38
2026-10-05,2015-09-02,9.38
2026-10-05,2015-09-03,9.39
2026-10-05,2015-09-04,9.39
2026-10-05,2015-09-07,9.4
2026-10-05,2015-09-08,9.4
2026-10-05,2015-09-09,9.41
2026-10-05,2015-09-10,9.42
2026-10-05,2015-09-11,9.43
2026-10-05,2015-09-14,9.43
2026-10-05,2015-09-15,9.43
2026-10-05,2015-09-16,9.43
2026-10-05,2015-09-17,9.44
2026-10-05,2015-09-18,9.45
2026-10-05,2015-09-21,9.46
2026-10-05,2015-09-22,9.47
2026-10-05,2015-09-23,9.47
2026-10-05,2015-09-24,9.47
2026-10-05,2015-09-25,9.48
2026-10-05,2015-09-28,9.48
2026-10-05,2015-09-29,9.48
2026-10-05,2015-09-30,9.5
2026-10-05,2015-10-01,9.51
2026-10-05,2015-10-02,9.51
2026-10-05,2015-10-05,9.52
2026-10-05,2015-10-06,9.52
2026-10-05,2015-10-07,9.53
2026-10-05,2015-10-08,9.53
2026-10-05,2015-10-09,9.54
2026-10-05,2015-10-13,9.55
2026-10-05,2015-10-14,9.56
2026-10-05,2015-10-15,9.56
2026-10-05,2015-10-16,9.57
2026-10-05,2015-10-19,9.57
2026-10-05,2015-10-20,9.57
2026-10-05,2015-10-21,9.58
2026-10-05,2015-10-22,9.58
2026-10-05,2015-10-23,9.59
2026-10-05,2015-10-26,9.6
2026-10-05,2015-10-27,9.6
2026-10-05,2015-10-28,9.61
2026-10-05,2015-10-29,9.61
2026-10-05,2015-10-30,9.61
2026-10-05,2015-11-02,9.62
2026-10-05,2015-11-03,9.64
2026-10-05,2015-11-04,9.62
2026-10-05,2015-11-05,9.65
2026-10-05,2015-11-09,9.66
2026-10-05,2015-11-10,9.67
2026-10-05,2015-11-11,9.68
2026-10-05,2015-11-12,9.69
2026-10-05,2015-11-13,9.7
2026-10-05,2015-11-16,9.7
2026-10-05,2015-11-17,9.72
2026-10-05,2015-11-18,9.72
2026-10-05,2015-11-19,9.73
2026-10-05,2015-11-20,9.74
2026-10-05,2015-11-23,9.74
2026-10-05,2015-11-24,9.75
2026-10-05,2015-11-25,9.76
2026-10-05,2015-11-26,9.76
2026-10-05,2015-11-30,9.76
2026-10-05,2015-12-01,9.78
2026-10-05,2015-12-02,9.79
2026-10-05,2015-12-03,9.79
2026-10-05,2015-12-04,9.81
2026-10-05,2015-12-09,9.83
2026-10-05,2015-12-10,9.85
2026-10-05,2015-12-11,9.87
2026-10-05,2015-12-14,9.88
2026-10-05,2015-12-15,9.91
2026-10-05,2015-12-16,9.91
2026-10-05,2015-12-17,13.93
2026-10-05,2015-12-18,13.71
2026-10-05,2015-12-21,13.27
2026-10-05,2015-12-22,13.29
2026-10-05,2015-12-23,13.35
2026-10-05,2015-12-24,13.3
2026-10-05,2015-12-28,13.35
2026-10-05,2015-12-29,13.27
2026-10-05,2015-12-30,13.28
2026-10-05,2015-12-31,13.4
2026-10-05,2016-01-04,13.31
2026-10-05,2016-01-05,13.88
2026-10-05,2016-01-06,14.04
2026-10-05,2016-01-07,14.16
2026-10-05,2016-01-08,14.1
2026-10-05,2016-01-11,14.06
2026-10-05,2016-01-12,13.82
2026-10-05,2016-01-13,13.82
2026-10-05,2016-01-14,13.63
2026-10-05,2016-01-15,13.72
2026-10-05,2016-01-18,13.73
2026-10-05,2016-01-19,13.69
2026-10-05,2016-01-20,13.7
2026-10-05,2016-01-21,13.83
2026-10-05,2016-01-22,13.96
2026-10-05,2016-01-25,14.02
2026-10-05,2016-01-26,14.07
2026-10-05,2016-01-27,14.1
2026-10-05,2016-01-28,14.12
2026-10-05,2016-01-29,14.13
2026-10-05,2016-02-01,14.27
2026-10-05,2016-02-02,14.32
2026-10-05,2016-02-03,14.35
2026-10-05,2016-02-04,14.38
2026-10-05,2016-02-05,14.54
2026-10-05,2016-02-10,14.71
2026-10-05,2016-02-11,14.78
2026-10-05,2016-02-12,14.95
2026-10-05,2016-02-15,14.95
2026-10-05,2016-02-16,14.99
2026-10-05,2016-02-17,15.11
2026-10-05,2016-02-18,15.24
2026-10-05,2016-02-19,15.24
2026-10-05,2016-02-22,15.37
2026-10-05,2016-02-23,15.64
2026-10-05,2016-02-24,15.55
2026-10-05,2016-02-25,15.56
2026-10-05,2016-02-26,15.69
2026-10-05,2016-02-29,15.88
2026-10-05,2016-03-01,16.07
2026-10-05,2016-03-02,15.88
2026-10-05,2016-03-03,15.48
2026-10-05,2016-03-04,15.44
2026-10-05,2016-03-07,15.59
2026-10-05,2016-03-08,15.65
2026-10-05,2016-03-09,15.59
2026-10-05,2016-03-10,15.57
2026-10-05,2016-03-11,15.2
2026-10-05,2016-03-14,15
2026-10-05,2016-03-15,14.85
2026-10-05,2016-03-16,14.8
2026-10-05,2016-03-17,15.04
2026-10-05,2016-03-18,15.08
2026-10-05,2016-03-21,14.7
2026-10-05,2016-03-22,14.63
2026-10-05,2016-03-23,14.71
2026-10-05,2016-03-28,14.98
2026-10-05,2016-03-29,14.87
2026-10-05,2016-03-30,14.84
2026-10-05,2016-03-31,14.89
2026-10-05,2016-04-01,15
2026-10-05,2016-04-04,15.04
2026-10-05,2016-04-05,14.92
2026-10-05,2016-04-06,14.93
2026-10-05,2016-04-07,14.77
2026-10-05,2016-04-08,14.69
2026-10-05,2016-04-11,14.74
2026-10-05,2016-04-12,14.74
2026-10-05,2016-04-13,14.63
2026-10-05,2016-04-14,14.62
2026-10-05,2016-04-15,14.48
2026-10-05,2016-04-18,14.38
2026-10-05,2016-04-19,14.43
2026-10-05,2016-04-20,14.54
2026-10-05,2016-04-21,14.66
2026-10-05,2016-04-22,14.62
2026-10-05,2016-04-25,14.59
2026-10-05,2016-04-26,14.57
2026-10-05,2016-04-27,14.47
2026-10-05,2016-04-28,14.49
2026-10-05,2016-04-29,14.51
2026-10-05,2016-05-02,14.52
2026-10-05,2016-05-03,14.46
2026-10-05,2016-05-04,14.47
2026-10-05,2016-05-05,14.52
2026-10-05,2016-05-06,14.5
2026-10-05,2016-05-09,14.48
2026-10-05,2016-05-10,14.5
2026-10-05,2016-05-11,14.5
2026-10-05,2016-05-12,14.46
2026-10-05,2016-05-13,14.44
2026-10-05,2016-05-16,14.42
2026-10-05,2016-05-17,14.38
2026-10-05,2016-05-18,14.38
2026-10-05,2016-05-19,14.36
2026-10-05,2016-05-20,14.31
2026-10-05,2016-05-23,14.28
2026-10-05,2016-05-24,14.29
2026-10-05,2016-05-26,14.3
2026-10-05,2016-05-27,14.23
2026-10-05,2016-05-30,14.23
2026-10-05,2016-05-31,14.25
2026-10-05,2016-06-01,14.22
2026-10-05,2016-06-02,14.17
2026-10-05,2016-06-03,14.14
2026-10-05,2016-06-06,14.03
2026-10-05,2016-06-07,14.07
2026-10-05,2016-06-08,14.07
2026-10-05,2016-06-09,14.09
2026-10-05,2016-06-10,14.08
2026-10-05,2016-06-13,14.07
2026-10-05,2016-06-14,14.03
2026-10-05,2016-06-15,14.01
2026-10-05,2016-06-16,14.12
2026-10-05,2016-06-21,14.16
2026-10-05,2016-06-22,14.3
2026-10-05,2016-06-23,14.54
2026-10-05,2016-06-24,15.09
2026-10-05,2016-06-27,15.42
2026-10-05,2016-06-28,15.21
2026-10-05,2016-06-29,15.17
2026-10-05,2016-06-30,15.21
2026-10-05,2016-07-01,15.33
2026-10-05,2016-07-04,15.32
2026-10-05,2016-07-05,15.19
2026-10-05,2016-07-06,15.01
2026-10-05,2016-07-07,14.92
2026-10-05,2016-07-11,14.95
2026-10-05,2016-07-12,14.86
2026-10-05,2016-07-13,14.83
2026-10-05,2016-07-14,14.94
2026-10-05,2016-07-15,15.2
2026-10-05,2016-07-18,15.35
2026-10-05,2016-07-19,15.26
2026-10-05,2016-07-20,15.23
2026-10-05,2016-07-21,15.29
2026-10-05,2016-07-22,15.16
2026-10-05,2016-07-25,15.16
2026-10-05,2016-07-26,15.17
2026-10-05,2016-07-27,15.21
2026-10-05,2016-07-28,15.26
2026-10-05,2016-07-29,15.29
2026-10-05,2016-08-01,15.22
2026-10-05,2016-08-02,15.11
2026-10-05,2016-08-03,15.09
2026-10-05,2016-08-04,15.1
2026-10-05,2016-08-05,15.08
2026-10-05,2016-08-08,15
2026-10-05,2016-08-09,15.03
2026-10-05,2016-08-10,14.97
2026-10-05,2016-08-11,14.92
2026-10-05,2016-08-12,14.94
2026-10-05,2016-08-16,14.92
2026-10-05,2016-08-17,14.99
2026-10-05,2016-08-18,15.14
2026-10-05,2016-08-19,15.15
2026-10-05,2016-08-22,15.11
2026-10-05,2016-08-23,15.11
2026-10-05,2016-08-24,15.12
2026-10-05,2016-08-25,15.11
2026-10-05,2016-08-26,15.19
2026-10-05,2016-08-29,15.28
2026-10-05,2016-08-30,15.29
2026-10-05,2016-08-31,15.16
2026-10-05,2016-09-01,15.13
2026-10-05,2016-09-02,15.2
2026-10-05,2016-09-05,15.21
2026-10-05,2016-09-06,15.23
2026-10-05,2016-09-07,15.25
2026-10-05,2016-09-08,15.27
2026-10-05,2016-09-09,15.25
2026-10-05,2016-09-12,15.23
2026-10-05,2016-09-13,15.29
2026-10-05,2016-09-14,15.24
2026-10-05,2016-09-15,15.26
2026-10-05,2016-09-16,15.34
2026-10-05,2016-09-19,15.35
2026-10-05,2016-09-20,15.37
2026-10-05,2016-09-21,15.35
2026-10-05,2016-09-22,15.38
2026-10-05,2016-09-23,15.37
2026-10-05,2016-09-26,15.43
2026-10-05,2016-09-27,15.45
2026-10-05,2016-09-28,15.52
2026-10-05,2016-09-29,15.59
2026-10-05,2016-09-30,15.49
2026-10-05,2016-10-03,15.42
2026-10-05,2016-10-04,15.43
2026-10-05,2016-10-05,15.42
2026-10-05,2016-10-06,15.44
2026-10-05,2016-10-07,15.44
2026-10-05,2016-10-11,15.43
2026-10-05,2016-10-12,15.36
2026-10-05,2016-10-13,15.35
2026-10-05,2016-10-14,15.37
2026-10-05,2016-10-17,15.43
2026-10-05,2016-10-18,15.43
2026-10-05,2016-10-19,15.42
2026-10-05,2016-10-20,15.4
2026-10-05,2016-10-21,15.37
2026-10-05,2016-10-24,15.33
2026-10-05,2016-10-25,15.42
2026-10-05,2016-10-26,15.43
2026-10-05,2016-10-27,15.42
2026-10-05,2016-10-28,15.42
2026-10-05,2016-10-31,15.4
2026-10-05,2016-11-01,15.35
2026-10-05,2016-11-02,15.3
2026-10-05,2016-11-03,15.32
2026-10-05,2016-11-04,15.28
2026-10-05,2016-11-07,15.23
2026-10-05,2016-11-08,15.23
2026-10-05,2016-11-09,15.16
2026-10-05,2016-11-10,15.28
2026-10-05,2016-11-11,15.48
2026-10-05,2016-11-14,15.79
2026-10-05,2016-11-15,15.73
2026-10-05,2016-11-16,15.73
2026-10-05,2016-11-17,15.68
2026-10-05,2016-11-18,15.69
2026-10-05,2016-11-21,15.63
2026-10-05,2016-11-22,15.66
2026-10-05,2016-11-23,15.75
2026-10-05,2016-11-24,15.76
2026-10-05,2016-11-25,15.75
2026-10-05,2016-11-29,15.88
2026-10-05,2016-11-30,16.1
2026-10-05,2016-12-01,16.1
2026-10-05,2016-12-02,16.1
2026-10-05,2016-12-05,16.12
2026-10-05,2016-12-06,16.13
2026-10-05,2016-12-07,16.19
2026-10-05,2016-12-12,16.28
2026-10-05,2016-12-13,16.22
2026-10-05,2016-12-14,16.17
2026-10-05,2016-12-15,16.22
2026-10-05,2016-12-16,16.16
2026-10-05,2016-12-19,16.05
2026-10-05,2016-12-20,16.05
2026-10-05,2016-12-21,16.09
2026-10-05,2016-12-22,16.01
2026-10-05,2016-12-23,15.79
2026-10-05,2016-12-26,15.8
2026-10-05,2016-12-27,15.78
2026-10-05,2016-12-28,15.89
2026-10-05,2016-12-29,16.14
2026-10-05,2016-12-30,16.13
2026-10-05,2017-01-02,16.16
2026-10-05,2017-01-03,16.16
2026-10-05,2017-01-04,16.37
2026-10-05,2017-01-05,16.23
2026-10-05,2017-01-06,16.05
2026-10-05,2017-01-09,16.08
2026-10-05,2017-01-10,16.1
2026-10-05,2017-01-11,16.11
2026-10-05,2017-01-12,16.08
2026-10-05,2017-01-13,16.08
2026-10-05,2017-01-16,16.09
2026-10-05,2017-01-17,16.12
2026-10-05,2017-01-18,16.2
2026-10-05,2017-01-19,16.19
2026-10-05,2017-01-20,16.13
2026-10-05,2017-01-23,16.16
2026-10-05,2017-01-24,16.19
2026-10-05,2017-01-25,16.18
2026-10-05,2017-01-26,16.19
2026-10-05,2017-01-27,16.15
2026-10-05,2017-01-30,16.17
2026-10-05,2017-01-31,16.14
2026-10-05,2017-02-01,16.05
2026-10-05,2017-02-02,15.92
2026-10-05,2017-02-03,15.88
2026-10-05,2017-02-06,15.98
2026-10-05,2017-02-07,15.95
2026-10-05,2017-02-08,15.96
2026-10-05,2017-02-09,15.92
2026-10-05,2017-02-10,15.81
2026-10-05,2017-02-13,15.76
2026-10-05,2017-02-14,15.8
2026-10-05,2017-02-15,15.7
2026-10-05,2017-02-16,15.68
2026-10-05,2017-02-17,15.95
2026-10-05,2017-02-20,15.99
2026-10-05,2017-02-21,15.91
2026-10-05,2017-02-22,15.8
2026-10-05,2017-02-23,15.83
2026-10-05,2017-02-24,15.76
2026-10-05,2017-03-01,15.74
2026-10-05,2017-03-02,15.69
2026-10-05,2017-03-03,15.71
2026-10-05,2017-03-06,15.71
2026-10-05,2017-03-07,15.78
2026-10-05,2017-03-08,15.89
2026-10-05,2017-03-09,15.87
2026-10-05,2017-03-10,15.79
2026-10-05,2017-03-13,15.81
2026-10-05,2017-03-14,15.81
2026-10-05,2017-03-15,15.82
2026-10-05,2017-03-16,15.83
2026-10-05,2017-03-17,15.82
2026-10-05,2017-03-20,15.93
2026-10-05,2017-03-21,15.9
2026-10-05,2017-03-22,15.9
2026-10-05,2017-03-23,15.91
2026-10-05,2017-03-27,15.88
2026-10-05,2017-03-28,15.84
2026-10-05,2017-03-29,15.74
2026-10-05,2017-03-30,15.7
2026-10-05,2017-03-31,15.63
2026-10-05,2017-04-03,15.72
2026-10-05,2017-04-04,15.69
2026-10-05,2017-04-05,15.65
2026-10-05,2017-04-06,15.68
2026-10-05,2017-04-07,15.66
2026-10-05,2017-04-10,15.55
2026-10-05,2017-04-11,15.52
2026-10-05,2017-04-12,15.49
2026-10-05,2017-04-17,15.5
2026-10-05,2017-04-18,15.55
2026-10-05,2017-04-19,15.72
2026-10-05,2017-04-20,15.7
2026-10-05,2017-04-21,15.72
2026-10-05,2017-04-24,15.6
2026-10-05,2017-04-25,15.73
2026-10-05,2017-04-26,15.75
2026-10-05,2017-04-27,15.74
2026-10-05,2017-04-28,15.72
2026-10-05,2017-05-02,15.61
2026-10-05,2017-05-03,15.58
2026-10-05,2017-05-04,15.64
2026-10-05,2017-05-05,15.65
2026-10-05,2017-05-08,15.7
2026-10-05,2017-05-09,15.84
2026-10-05,2017-05-10,15.83
2026-10-05,2017-05-11,15.75
2026-10-05,2017-05-12,15.73
2026-10-05,2017-05-15,15.79
2026-10-05,2017-05-16,15.89
2026-10-05,2017-05-17,15.9
2026-10-05,2017-05-18,16.27
2026-10-05,2017-05-19,16.22
2026-10-05,2017-05-22,16.41
2026-10-05,2017-05-23,16.34
2026-10-05,2017-05-24,16.34
2026-10-05,2017-05-26,16.3
2026-10-05,2017-05-29,16.29
2026-10-05,2017-05-30,16.37
2026-10-05,2017-05-31,16.38
2026-10-05,2017-06-01,16.32
2026-10-05,2017-06-02,16.3
2026-10-05,2017-06-05,16.3
2026-10-05,2017-06-06,16.27
2026-10-05,2017-06-07,16.27
2026-10-05,2017-06-08,16.21
2026-10-05,2017-06-09,16.17
2026-10-05,2017-06-12,16.18
2026-10-05,2017-06-13,16.17
2026-10-05,2017-06-14,16.13
2026-10-05,2017-06-15,16.2
2026-10-05,2017-06-16,16.29
2026-10-05,2017-06-19,16.39
2026-10-05,2017-06-21,16.53
2026-10-05,2017-06-22,16.44
2026-10-05,2017-06-23,16.42
2026-10-05,2017-06-26,16.55
2026-10-05,2017-06-27,16.66
2026-10-05,2017-06-28,16.68
2026-10-05,2017-06-29,16.75
2026-10-05,2017-06-30,16.88
2026-10-05,2017-07-03,17.06
2026-10-05,2017-07-04,17.18
2026-10-05,2017-07-05,17.4
2026-10-05,2017-07-06,17.38
2026-10-05,2017-07-07,17.29
2026-10-05,2017-07-10,17.28
2026-10-05,2017-07-11,17.3
2026-10-05,2017-07-12,17.26
2026-10-05,2017-07-13,17.26
2026-10-05,2017-07-14,17.14
2026-10-05,2017-07-17,17.19
2026-10-05,2017-07-18,17.39
2026-10-05,2017-07-19,17.46
2026-10-05,2017-07-20,17.46
2026-10-05,2017-07-21,17.66
2026-10-05,2017-07-24,17.71
2026-10-05,2017-07-25,17.66
2026-10-05,2017-07-26,17.76
2026-10-05,2017-07-27,17.86
2026-10-05,2017-07-28,18.01
2026-10-05,2017-07-31,17.94
2026-10-05,2017-08-01,17.87
2026-10-05,2017-08-02,17.86
2026-10-05,2017-08-03,17.94
2026-10-05,2017-08-04,17.94
2026-10-05,2017-08-07,17.97
2026-10-05,2017-08-08,17.98
2026-10-05,2017-08-09,17.99
2026-10-05,2017-08-10,17.99
2026-10-05,2017-08-11,17.99
2026-10-05,2017-08-14,17.47
2026-10-05,2017-08-15,17.35
2026-10-05,2017-08-16,17.47
2026-10-05,2017-08-17,17.62
2026-10-05,2017-08-18,17.57
2026-10-05,2017-08-22,17.5
2026-10-05,2017-08-23,17.51
2026-10-05,2017-08-24,17.46
2026-10-05,2017-08-25,17.49
2026-10-05,2017-08-28,17.49
2026-10-05,2017-08-29,17.65
2026-10-05,2017-08-30,17.66
2026-10-05,2017-08-31,17.61
2026-10-05,2017-09-01,17.51
2026-10-05,2017-09-04,17.55
2026-10-05,2017-09-05,17.54
2026-10-05,2017-09-06,17.49
2026-10-05,2017-09-07,17.49
2026-10-05,2017-09-08,17.48
2026-10-05,2017-09-11,17.46
2026-10-05,2017-09-12,17.37
2026-10-05,2017-09-13,17.34
2026-10-05,2017-09-14,17.29
2026-10-05,2017-09-15,17.27
2026-10-05,2017-09-18,17.36
2026-10-05,2017-09-19,17.42
2026-10-05,2017-09-20,17.42
2026-10-05,2017-09-21,17.56
2026-10-05,2017-09-22,17.59
2026-10-05,2017-09-25,17.76
2026-10-05,2017-09-26,17.85
2026-10-05,2017-09-27,17.83
2026-10-05,2017-09-28,17.79
2026-10-05,2017-09-29,17.6
2026-10-05,2017-10-02,17.69
2026-10-05,2017-10-03,17.72
2026-10-05,2017-10-04,17.64
2026-10-05,2017-10-05,17.66
2026-10-05,2017-10-06,17.76
2026-10-05,2017-10-09,17.77
2026-10-05,2017-10-10,17.73
2026-10-05,2017-10-11,17.72
2026-10-05,2017-10-12,17.73
2026-10-05,2017-10-13,17.65
2026-10-05,2017-10-17,17.64
2026-10-05,2017-10-18,17.63
2026-10-05,2017-10-19,17.72
2026-10-05,2017-10-20,17.74
2026-10-05,2017-10-23,17.67
2026-10-05,2017-10-24,17.77
2026-10-05,2017-10-25,17.76
2026-10-05,2017-10-26,17.9
2026-10-05,2017-10-27,17.93
2026-10-05,2017-10-30,17.96
2026-10-05,2017-10-31,17.93
2026-10-05,2017-11-01,17.93
2026-10-05,2017-11-02,17.83
2026-10-05,2017-11-03,17.89
2026-10-05,2017-11-07,17.93
2026-10-05,2017-11-08,17.83
2026-10-05,2017-11-09,17.8
2026-10-05,2017-11-10,17.79
2026-10-05,2017-11-13,17.8
2026-10-05,2017-11-14,17.75
2026-10-05,2017-11-15,17.79
2026-10-05,2017-11-16,17.78
2026-10-05,2017-11-17,17.77
2026-10-05,2017-11-21,17.78
2026-10-05,2017-11-22,17.73
2026-10-05,2017-11-23,17.71
2026-10-05,2017-11-24,17.66
2026-10-05,2017-11-27,17.61
2026-10-05,2017-11-28,17.63
2026-10-05,2017-11-29,17.7
2026-10-05,2017-11-30,17.63
2026-10-05,2017-12-01,17.55
2026-10-05,2017-12-04,17.61
2026-10-05,2017-12-05,17.63
2026-10-05,2017-12-06,17.6
2026-10-05,2017-12-07,17.6
2026-10-05,2017-12-11,17.56
2026-10-05,2017-12-12,17.66
2026-10-05,2017-12-13,17.64
2026-10-05,2017-12-14,17.7
2026-10-05,2017-12-15,17.81
2026-10-05,2017-12-18,17.87
2026-10-05,2017-12-19,17.95
2026-10-05,2017-12-20,18.02
2026-10-05,2017-12-21,18.22
2026-10-05,2017-12-22,18.33
2026-10-05,2017-12-26,18.61
2026-10-05,2017-12-27,18.78
2026-10-05,2017-12-28,19.46
2026-10-05,2017-12-29,18.92
2026-10-05,2018-01-02,18.74
2026-10-05,2018-01-03,18.78
2026-10-05,2018-01-04,18.96
2026-10-05,2018-01-05,19.21
2026-10-05,2018-01-08,19.34
2026-10-05,2018-01-09,19.29
2026-10-05,2018-01-10,18.96
2026-10-05,2018-01-11,18.99
2026-10-05,2018-01-12,19.01
2026-10-05,2018-01-15,19.05
2026-10-05,2018-01-16,19.19
2026-10-05,2018-01-17,19.2
2026-10-05,2018-01-18,19.15
2026-10-05,2018-01-19,19.29
2026-10-05,2018-01-22,19.42
2026-10-05,2018-01-23,19.66
2026-10-05,2018-01-24,19.93
2026-10-05,2018-01-25,19.85
2026-10-05,2018-01-26,19.85
2026-10-05,2018-01-29,19.88
2026-10-05,2018-01-30,19.9
2026-10-05,2018-01-31,19.93
2026-10-05,2018-02-01,19.71
2026-10-05,2018-02-02,19.81
2026-10-05,2018-02-05,19.8
2026-10-05,2018-02-06,19.94
2026-10-05,2018-02-07,19.95
2026-10-05,2018-02-08,20.22
2026-10-05,2018-02-09,20.35
2026-10-05,2018-02-14,20.23
2026-10-05,2018-02-15,20.02
2026-10-05,2018-02-16,20
2026-10-05,2018-02-19,20.18
2026-10-05,2018-02-20,20.17
2026-10-05,2018-02-21,20.21
2026-10-05,2018-02-22,20.27
2026-10-05,2018-02-23,20.28
2026-10-05,2018-02-26,20.48
2026-10-05,2018-02-27,20.49
2026-10-05,2018-02-28,20.42
2026-10-05,2018-03-01,20.46
2026-10-05,2018-03-02,20.54
2026-10-05,2018-03-05,20.52
2026-10-05,2018-03-06,20.61
2026-10-05,2018-03-07,20.69
2026-10-05,2018-03-08,20.68
2026-10-05,2018-03-09,20.54
2026-10-05,2018-03-12,20.51
2026-10-05,2018-03-13,20.51
2026-10-05,2018-03-14,20.52
2026-10-05,2018-03-15,20.61
2026-10-05,2018-03-16,20.53
2026-10-05,2018-03-19,20.54
2026-10-05,2018-03-20,20.55
2026-10-05,2018-03-21,20.6
2026-10-05,2018-03-22,20.57
2026-10-05,2018-03-23,20.5
2026-10-05,2018-03-26,20.47
2026-10-05,2018-03-27,20.48
2026-10-05,2018-03-28,20.44
2026-10-05,2018-04-03,20.44
2026-10-05,2018-04-04,20.49
2026-10-05,2018-04-05,20.5
2026-10-05,2018-04-06,20.5
2026-10-05,2018-04-09,20.5
2026-10-05,2018-04-10,20.5
2026-10-05,2018-04-11,20.47
2026-10-05,2018-04-12,20.48
2026-10-05,2018-04-13,20.5
2026-10-05,2018-04-16,20.51
2026-10-05,2018-04-17,20.49
2026-10-05,2018-04-18,20.45
2026-10-05,2018-04-19,20.47
2026-10-05,2018-04-20,20.48
2026-10-05,2018-04-23,20.51
2026-10-05,2018-04-24,20.54
2026-10-05,2018-04-25,20.56
2026-10-05,2018-04-26,20.84
2026-10-05,2018-04-27,20.88
2026-10-05,2018-05-02,21.52
2026-10-05,2018-05-03,22.99
2026-10-05,2018-05-04,22.28
2026-10-05,2018-05-07,22.33
2026-10-05,2018-05-08,22.9
2026-10-05,2018-05-09,23.13
2026-10-05,2018-05-10,23.22
2026-10-05,2018-05-11,23.73
2026-10-05,2018-05-14,25.51
2026-10-05,2018-05-15,24.68
2026-10-05,2018-05-16,24.8
2026-10-05,2018-05-17,24.89
2026-10-05,2018-05-18,25.05
2026-10-05,2018-05-21,24.9
2026-10-05,2018-05-22,24.86
2026-10-05,2018-05-23,24.99
2026-10-05,2018-05-24,25.16
2026-10-05,2018-05-28,25.25
2026-10-05,2018-05-29,25.47
2026-10-05,2018-05-30,25.49
2026-10-05,2018-05-31,25.51
2026-10-05,2018-06-01,25.57
2026-10-05,2018-06-04,25.55
2026-10-05,2018-06-05,25.55
2026-10-05,2018-06-06,25.47
2026-10-05,2018-06-07,25.54
2026-10-05,2018-06-08,25.95
2026-10-05,2018-06-11,26.44
2026-10-05,2018-06-12,26.38
2026-10-05,2018-06-13,26.69
2026-10-05,2018-06-14,28.43
2026-10-05,2018-06-15,28.85
2026-10-05,2018-06-18,28.41
2026-10-05,2018-06-19,28.46
2026-10-05,2018-06-21,28.19
2026-10-05,2018-06-22,27.76
2026-10-05,2018-06-25,27.66
2026-10-05,2018-06-26,27.73
2026-10-05,2018-06-27,28.05
2026-10-05,2018-06-28,28.68
2026-10-05,2018-06-29,29.57
2026-10-05,2018-07-02,29.04
2026-10-05,2018-07-03,28.67
2026-10-05,2018-07-04,28.78
2026-10-05,2018-07-05,28.75
2026-10-05,2018-07-06,28.62
2026-10-05,2018-07-10,28.05
2026-10-05,2018-07-11,28.19
2026-10-05,2018-07-12,27.92
2026-10-05,2018-07-13,27.94
2026-10-05,2018-07-16,28
2026-10-05,2018-07-17,28.16
2026-10-05,2018-07-18,28.32
2026-10-05,2018-07-19,28.36
2026-10-05,2018-07-20,28.27
2026-10-05,2018-07-23,28.27
2026-10-05,2018-07-24,28.14
2026-10-05,2018-07-25,28.03
2026-10-05,2018-07-26,28.04
2026-10-05,2018-07-27,28.01
2026-10-05,2018-07-30,28.02
2026-10-05,2018-07-31,28.03
2026-10-05,2018-08-01,28.23
2026-10-05,2018-08-02,28.17
2026-10-05,2018-08-03,28.01
2026-10-05,2018-08-06,28.04
2026-10-05,2018-08-07,28.03
2026-10-05,2018-08-08,28.23
2026-10-05,2018-08-09,28.7
2026-10-05,2018-08-10,29.8
2026-10-05,2018-08-13,30.68
2026-10-05,2018-08-14,30.38
2026-10-05,2018-08-15,30.68
2026-10-05,2018-08-16,30.39
2026-10-05,2018-08-17,30.43
2026-10-05,2018-08-21,30.55
2026-10-05,2018-08-22,30.82
2026-10-05,2018-08-23,30.98
2026-10-05,2018-08-24,31.47
2026-10-05,2018-08-27,31.54
2026-10-05,2018-08-28,32.06
2026-10-05,2018-08-29,34.4
2026-10-05,2018-08-30,39.78
2026-10-05,2018-08-31,38
2026-10-05,2018-09-03,38.99
2026-10-05,2018-09-04,39.69
2026-10-05,2018-09-05,39.25
2026-10-05,2018-09-06,38.32
2026-10-05,2018-09-07,37.81
2026-10-05,2018-09-10,38.18
2026-10-05,2018-09-11,38.71
2026-10-05,2018-09-12,39.08
2026-10-05,2018-09-13,40.22
2026-10-05,2018-09-14,40.51
2026-10-05,2018-09-17,40.41
2026-10-05,2018-09-18,40.5
2026-10-05,2018-09-19,40.12
2026-10-05,2018-09-20,38.98
2026-10-05,2018-09-21,38.14
2026-10-05,2018-09-24,38.18
2026-10-05,2018-09-25,38.88
2026-10-05,2018-09-26,39.44
2026-10-05,2018-09-27,40.53
2026-10-05,2018-09-28,41.89
2026-10-05,2018-10-01,40.74
2026-10-05,2018-10-02,39.07
2026-10-05,2018-10-03,38.73
2026-10-05,2018-10-04,39.45
2026-10-05,2018-10-05,38.91
2026-10-05,2018-10-08,38.56
2026-10-05,2018-10-09,38.18
2026-10-05,2018-10-10,38.17
2026-10-05,2018-10-11,37.77
2026-10-05,2018-10-12,37.6
2026-10-05,2018-10-16,37.11
2026-10-05,2018-10-17,37.29
2026-10-05,2018-10-18,37.51
2026-10-05,2018-10-19,37.53
2026-10-05,2018-10-22,37.42
2026-10-05,2018-10-23,37.58
2026-10-05,2018-10-24,37.88
2026-10-05,2018-10-25,37.79
2026-10-05,2018-10-26,37.85
2026-10-05,2018-10-29,37.77
2026-10-05,2018-10-30,37.78
2026-10-05,2018-10-31,36.98
2026-10-05,2018-11-01,36.78
2026-10-05,2018-11-02,36.6
2026-10-05,2018-11-05,36.6
2026-10-05,2018-11-07,36.72
2026-10-05,2018-11-08,36.53
2026-10-05,2018-11-09,36.38
2026-10-05,2018-11-12,36.42
2026-10-05,2018-11-13,36.97
2026-10-05,2018-11-14,37
2026-10-05,2018-11-15,36.98
2026-10-05,2018-11-16,36.98
2026-10-05,2018-11-20,37.17
2026-10-05,2018-11-21,37.25
2026-10-05,2018-11-22,37.43
2026-10-05,2018-11-23,38.51
2026-10-05,2018-11-26,39.97
2026-10-05,2018-11-27,39.58
2026-10-05,2018-11-28,39.54
2026-10-05,2018-11-29,38.81
2026-10-05,2018-12-03,37.62
2026-10-05,2018-12-04,38.32
2026-10-05,2018-12-05,38.68
2026-10-05,2018-12-06,38.67
2026-10-05,2018-12-07,38.31
2026-10-05,2018-12-10,38.75
2026-10-05,2018-12-11,38.75
2026-10-05,2018-12-12,38.62
2026-10-05,2018-12-13,38.8
2026-10-05,2018-12-14,39.03
2026-10-05,2018-12-17,39.22
2026-10-05,2018-12-18,39.19
2026-10-05,2018-12-19,39.33
2026-10-05,2018-12-20,39.05
2026-10-05,2018-12-21,39.03
2026-10-05,2018-12-26,39.48
2026-10-05,2018-12-27,39.4
2026-10-05,2018-12-28,38.85
2026-10-05,2019-01-02,38.74
2026-10-05,2019-01-03,38.51
2026-10-05,2019-01-04,38.41
2026-10-05,2019-01-07,38.4
2026-10-05,2019-01-08,38.63
2026-10-05,2019-01-09,38.5
2026-10-05,2019-01-10,38.16
2026-10-05,2019-01-11,38.03
2026-10-05,2019-01-14,38.06
2026-10-05,2019-01-15,38.2
2026-10-05,2019-01-16,38.47
2026-10-05,2019-01-17,38.74
2026-10-05,2019-01-18,38.56
2026-10-05,2019-01-21,38.69
2026-10-05,2019-01-22,38.53
2026-10-05,2019-01-23,38.58
2026-10-05,2019-01-24,38.48
2026-10-05,2019-01-25,38.19
2026-10-05,2019-01-28,38.14
2026-10-05,2019-01-29,38.57
2026-10-05,2019-01-30,38.59
2026-10-05,2019-01-31,38.28
2026-10-05,2019-02-01,38.31
2026-10-05,2019-02-04,38.26
2026-10-05,2019-02-05,38.25
2026-10-05,2019-02-06,38.4
2026-10-05,2019-02-07,38.91
2026-10-05,2019-02-08,38.9
2026-10-05,2019-02-11,39.07
2026-10-05,2019-02-12,38.94
2026-10-05,2019-02-13,39.2
2026-10-05,2019-02-14,39.3
2026-10-05,2019-02-15,39.51
2026-10-05,2019-02-18,39.8
2026-10-05,2019-02-19,40.32
2026-10-05,2019-02-20,40.71
2026-10-05,2019-02-21,40.54
2026-10-05,2019-02-22,40.21
2026-10-05,2019-02-25,40.01
2026-10-05,2019-02-26,39.95
2026-10-05,2019-02-27,39.83
2026-10-05,2019-02-28,40.14
2026-10-05,2019-03-01,40.84
2026-10-05,2019-03-06,41.71
2026-10-05,2019-03-07,43.41
2026-10-05,2019-03-08,42.27
2026-10-05,2019-03-11,42.29
2026-10-05,2019-03-12,42.52
2026-10-05,2019-03-13,42.3
2026-10-05,2019-03-14,41.76
2026-10-05,2019-03-15,41.13
2026-10-05,2019-03-18,41.02
2026-10-05,2019-03-19,41.59
2026-10-05,2019-03-20,41.95
2026-10-05,2019-03-21,42.02
2026-10-05,2019-03-22,42.86
2026-10-05,2019-03-25,42.99
2026-10-05,2019-03-26,43.67
2026-10-05,2019-03-27,44.92
2026-10-05,2019-03-28,44.65
2026-10-05,2019-03-29,44.4
2026-10-05,2019-04-01,43.86
2026-10-05,2019-04-03,43.84
2026-10-05,2019-04-04,44.41
2026-10-05,2019-04-05,44.96
2026-10-05,2019-04-08,44.84
2026-10-05,2019-04-09,44.5
2026-10-05,2019-04-10,44.07
2026-10-05,2019-04-11,43.87
2026-10-05,2019-04-12,43.29
2026-10-05,2019-04-15,42.65
2026-10-05,2019-04-16,43.38
2026-10-05,2019-04-17,42.98
2026-10-05,2019-04-22,43.69
2026-10-05,2019-04-23,43.52
2026-10-05,2019-04-24,44.92
2026-10-05,2019-04-25,46.09
2026-10-05,2019-04-26,46.9
2026-10-05,2019-04-29,45.6
2026-10-05,2019-04-30,45.36
2026-10-05,2019-05-02,46.02
2026-10-05,2019-05-03,45.55
2026-10-05,2019-05-06,45.93
2026-10-05,2019-05-07,46.36
2026-10-05,2019-05-08,46.33
2026-10-05,2019-05-09,46.49
2026-10-05,2019-05-10,46.04
2026-10-05,2019-05-13,46.39
2026-10-05,2019-05-14,46.16
2026-10-05,2019-05-15,46.16
2026-10-05,2019-05-16,46
2026-10-05,2019-05-17,46.2
2026-10-05,2019-05-20,46.42
2026-10-05,2019-05-21,46.04
2026-10-05,2019-05-22,46.05
2026-10-05,2019-05-23,46.26
2026-10-05,2019-05-24,46.06
2026-10-05,2019-05-27,46.09
2026-10-05,2019-05-28,45.88
2026-10-05,2019-05-29,45.78
2026-10-05,2019-05-30,45.64
2026-10-05,2019-05-31,46.1
2026-10-05,2019-06-03,46.13
2026-10-05,2019-06-04,45.96
2026-10-05,2019-06-05,46.08
2026-10-05,2019-06-06,46.12
2026-10-05,2019-06-07,46.12
2026-10-05,2019-06-10,46.14
2026-10-05,2019-06-11,45.94
2026-10-05,2019-06-12,44.88
2026-10-05,2019-06-13,44.62
2026-10-05,2019-06-14,45.17
2026-10-05,2019-06-18,44.71
2026-10-05,2019-06-19,44.5
2026-10-05,2019-06-21,44.08
2026-10-05,2019-06-24,43.67
2026-10-05,2019-06-25,43.48
2026-10-05,2019-06-26,43.95
2026-10-05,2019-06-27,43.94
2026-10-05,2019-06-28,43.7
2026-10-05,2019-07-01,43.48
2026-10-05,2019-07-02,43.45
2026-10-05,2019-07-03,43.25
2026-10-05,2019-07-04,42.89
2026-10-05,2019-07-05,43.1
2026-10-05,2019-07-10,43.09
2026-10-05,2019-07-11,42.91
2026-10-05,2019-07-12,42.85
2026-10-05,2019-07-15,43.41
2026-10-05,2019-07-16,43.78
2026-10-05,2019-07-17,43.71
2026-10-05,2019-07-18,43.61
2026-10-05,2019-07-19,43.62
2026-10-05,2019-07-22,43.61
2026-10-05,2019-07-23,43.87
2026-10-05,2019-07-24,44.06
2026-10-05,2019-07-25,44.56
2026-10-05,2019-07-26,44.52
2026-10-05,2019-07-29,44.93
2026-10-05,2019-07-30,45.06
2026-10-05,2019-07-31,45.02
2026-10-05,2019-08-01,45.55
2026-10-05,2019-08-02,45.89
2026-10-05,2019-08-05,46.69
2026-10-05,2019-08-06,46.48
2026-10-05,2019-08-07,46.8
2026-10-05,2019-08-08,46.47
2026-10-05,2019-08-09,46.55
2026-10-05,2019-08-12,57.3
2026-10-05,2019-08-13,58.33
2026-10-05,2019-08-14,62.18
2026-10-05,2019-08-15,59.72
2026-10-05,2019-08-16,58.12
2026-10-05,2019-08-20,57.38
2026-10-05,2019-08-21,57.27
2026-10-05,2019-08-22,57.24
2026-10-05,2019-08-23,57.31
2026-10-05,2019-08-26,57.21
2026-10-05,2019-08-27,58.66
2026-10-05,2019-08-28,60.17
2026-10-05,2019-08-29,60.3
2026-10-05,2019-08-30,62.04
2026-10-05,2019-09-02,58.41
2026-10-05,2019-09-03,58.49
2026-10-05,2019-09-04,58.06
2026-10-05,2019-09-05,58.21
2026-10-05,2019-09-06,58.02
2026-10-05,2019-09-09,58.15
2026-10-05,2019-09-10,58.13
2026-10-05,2019-09-11,58.24
2026-10-05,2019-09-12,58.41
2026-10-05,2019-09-13,58.44
2026-10-05,2019-09-16,58.77
2026-10-05,2019-09-17,59.07
2026-10-05,2019-09-18,59.15
2026-10-05,2019-09-19,59.07
2026-10-05,2019-09-20,59.08
2026-10-05,2019-09-23,59.32
2026-10-05,2019-09-24,59.34
2026-10-05,2019-09-25,59.34
2026-10-05,2019-09-26,59.51
2026-10-05,2019-09-27,59.56
2026-10-05,2019-09-30,59.82
2026-10-05,2019-10-01,60.1
2026-10-05,2019-10-02,60.22
2026-10-05,2019-10-03,60.23
2026-10-05,2019-10-04,60.09
2026-10-05,2019-10-07,60.19
2026-10-05,2019-10-08,60.24
2026-10-05,2019-10-09,60.3
2026-10-05,2019-10-10,60.31
2026-10-05,2019-10-11,60.31
2026-10-05,2019-10-15,60.44
2026-10-05,2019-10-16,60.54
2026-10-05,2019-10-17,60.59
2026-10-05,2019-10-18,60.73
2026-10-05,2019-10-21,61
2026-10-05,2019-10-22,61.33
2026-10-05,2019-10-23,62.37
2026-10-05,2019-10-24,63.34
2026-10-05,2019-10-25,65
2026-10-05,2019-10-28,63.46
2026-10-05,2019-10-29,63.42
2026-10-05,2019-10-30,63.43
2026-10-05,2019-10-31,63.23
2026-10-05,2019-11-01,63.35
2026-10-05,2019-11-04,63.33
2026-10-05,2019-11-05,63.26
2026-10-05,2019-11-07,63.22
2026-10-05,2019-11-08,63.05
2026-10-05,2019-11-11,63.07
2026-10-05,2019-11-12,62.99
2026-10-05,2019-11-13,63
2026-10-05,2019-11-14,62.97
2026-10-05,2019-11-15,62.93
2026-10-05,2019-11-19,62.9
2026-10-05,2019-11-20,62.9
2026-10-05,2019-11-21,62.91
2026-10-05,2019-11-22,62.9
2026-10-05,2019-11-25,62.91
2026-10-05,2019-11-26,62.87
2026-10-05,2019-11-27,62.87
2026-10-05,2019-11-28,62.88
2026-10-05,2019-11-29,62.93
2026-10-05,2019-12-02,62.93
2026-10-05,2019-12-03,62.9
2026-10-05,2019-12-04,62.94
2026-10-05,2019-12-05,62.94
2026-10-05,2019-12-06,62.94
2026-10-05,2019-12-09,62.99
2026-10-05,2019-12-10,63.04
2026-10-05,2019-12-11,63.08
2026-10-05,2019-12-12,63.09
2026-10-05,2019-12-13,63.07
2026-10-05,2019-12-16,63.09
2026-10-05,2019-12-17,63.09
2026-10-05,2019-12-18,63.08
2026-10-05,2019-12-19,63.08
2026-10-05,2019-12-20,62.99
2026-10-05,2019-12-23,63
2026-10-05,2019-12-26,62.99
2026-10-05,2019-12-27,62.99
2026-10-05,2019-12-30,62.99
2026-10-05,2020-01-02,63
2026-10-05,2020-01-03,62.98
2026-10-05,2020-01-06,62.99
2026-10-05,2020-01-07,62.99
2026-10-05,2020-01-08,62.99
2026-10-05,2020-01-09,62.98
2026-10-05,2020-01-10,62.96
2026-10-05,2020-01-13,62.96
2026-10-05,2020-01-14,62.97
2026-10-05,2020-01-15,62.98
2026-10-05,2020-01-16,62.97
2026-10-05,2020-01-17,62.97
2026-10-05,2020-01-20,62.97
2026-10-05,2020-01-21,62.98
2026-10-05,2020-01-22,62.98
2026-10-05,2020-01-23,62.98
2026-10-05,2020-01-24,62.98
2026-10-05,2020-01-27,62.97
2026-10-05,2020-01-28,63.07
2026-10-05,2020-01-29,62.97
2026-10-05,2020-01-30,62.97
2026-10-05,2020-01-31,63.03
2026-10-05,2020-02-03,63.05
2026-10-05,2020-02-04,63.07
2026-10-05,2020-02-05,63.1
2026-10-05,2020-02-06,63.01
2026-10-05,2020-02-07,63.05
2026-10-05,2020-02-10,63.31
2026-10-05,2020-02-11,63.46
2026-10-05,2020-02-12,63.62
2026-10-05,2020-02-13,63.66
2026-10-05,2020-02-14,63.73
2026-10-05,2020-02-17,63.78
2026-10-05,2020-02-18,63.66
2026-10-05,2020-02-19,63.71
2026-10-05,2020-02-20,63.87
2026-10-05,2020-02-21,63.99
2026-10-05,2020-02-26,64.09
2026-10-05,2020-02-27,64.03
2026-10-05,2020-02-28,64.26
2026-10-05,2020-03-02,64.39
2026-10-05,2020-03-03,64.51
2026-10-05,2020-03-04,64.53
2026-10-05,2020-03-05,64.41
2026-10-05,2020-03-06,64.71
2026-10-05,2020-03-09,64.71
2026-10-05,2020-03-10,64.72
2026-10-05,2020-03-11,64.74
2026-10-05,2020-03-12,65.02
2026-10-05,2020-03-13,65.05
2026-10-05,2020-03-16,65.09
2026-10-05,2020-03-17,64.96
2026-10-05,2020-03-18,65.46
2026-10-05,2020-03-19,65.59
2026-10-05,2020-03-20,65.91
2026-10-05,2020-03-25,65.85
2026-10-05,2020-03-26,66.13
2026-10-05,2020-03-27,66.44
2026-10-05,2020-03-30,66.58
2026-10-05,2020-04-01,66.61
2026-10-05,2020-04-02,66.51
2026-10-05,2020-04-03,66.85
2026-10-05,2020-04-06,66.97
2026-10-05,2020-04-07,67.09
2026-10-05,2020-04-08,67.07
2026-10-05,2020-04-13,67.43
2026-10-05,2020-04-14,67.53
2026-10-05,2020-04-15,67.6
2026-10-05,2020-04-16,67.87
2026-10-05,2020-04-17,67.96
2026-10-05,2020-04-20,67.96
2026-10-05,2020-04-21,68.34
2026-10-05,2020-04-22,68.43
2026-10-05,2020-04-23,68.44
2026-10-05,2020-04-24,68.69
2026-10-05,2020-04-27,68.89
2026-10-05,2020-04-28,68.97
2026-10-05,2020-04-29,69.07
2026-10-05,2020-04-30,69.16
2026-10-05,2020-05-04,69.16
2026-10-05,2020-05-05,69.31
2026-10-05,2020-05-06,69.47
2026-10-05,2020-05-07,69.54
2026-10-05,2020-05-08,69.63
2026-10-05,2020-05-11,69.63
2026-10-05,2020-05-12,69.66
2026-10-05,2020-05-13,69.84
2026-10-05,2020-05-14,70.05
2026-10-05,2020-05-15,70.06
2026-10-05,2020-05-18,70.26
2026-10-05,2020-05-19,70.32
2026-10-05,2020-05-20,70.33
2026-10-05,2020-05-21,70.38
2026-10-05,2020-05-22,70.58
2026-10-05,2020-05-26,70.61
2026-10-05,2020-05-27,70.63
2026-10-05,2020-05-28,70.69
2026-10-05,2020-05-29,70.76
2026-10-05,2020-06-01,70.72
2026-10-05,2020-06-02,71.01
2026-10-05,2020-06-03,70.92
2026-10-05,2020-06-04,71.15
2026-10-05,2020-06-05,71.48
2026-10-05,2020-06-08,71.88
2026-10-05,2020-06-09,72.04
2026-10-05,2020-06-10,72.2
2026-10-05,2020-06-11,72.34
2026-10-05,2020-06-12,72.5
2026-10-05,2020-06-16,72.68
2026-10-05,2020-06-17,72.86
2026-10-05,2020-06-18,72.98
2026-10-05,2020-06-19,73.08
2026-10-05,2020-06-22,73.13
2026-10-05,2020-06-23,73.44
2026-10-05,2020-06-24,73.51
2026-10-05,2020-06-25,73.53
2026-10-05,2020-06-26,73.56
2026-10-05,2020-06-29,73.86
2026-10-05,2020-06-30,74.07
2026-10-05,2020-07-01,74.13
2026-10-05,2020-07-02,74.18
2026-10-05,2020-07-03,74.32
2026-10-05,2020-07-06,74.61
2026-10-05,2020-07-07,74.64
2026-10-05,2020-07-08,74.72
2026-10-05,2020-07-13,74.99
2026-10-05,2020-07-14,75.09
2026-10-05,2020-07-15,75.21
2026-10-05,2020-07-16,75.21
2026-10-05,2020-07-17,75.25
2026-10-05,2020-07-20,75.56
2026-10-05,2020-07-21,75.64
2026-10-05,2020-07-22,75.66
2026-10-05,2020-07-23,75.86
2026-10-05,2020-07-24,75.92
2026-10-05,2020-07-27,76
2026-10-05,2020-07-28,76.1
2026-10-05,2020-07-29,76.06
2026-10-05,2020-07-30,76.27
2026-10-05,2020-07-31,76.39
2026-10-05,2020-08-03,76.64
2026-10-05,2020-08-04,76.69
2026-10-05,2020-08-05,76.89
2026-10-05,2020-08-06,76.89
2026-10-05,2020-08-07,76.91
2026-10-05,2020-08-10,77.13
2026-10-05,2020-08-11,77.17
2026-10-05,2020-08-12,77.32
2026-10-05,2020-08-13,77.42
2026-10-05,2020-08-14,77.39
2026-10-05,2020-08-18,77.54
2026-10-05,2020-08-19,77.7
2026-10-05,2020-08-20,77.77
2026-10-05,2020-08-21,77.8
2026-10-05,2020-08-24,77.95
2026-10-05,2020-08-25,77.94
2026-10-05,2020-08-26,77.95
2026-10-05,2020-08-27,78.13
2026-10-05,2020-08-28,78.18
2026-10-05,2020-08-31,78.36
2026-10-05,2020-09-01,78.5
2026-10-05,2020-09-02,78.63
2026-10-05,2020-09-03,78.63
2026-10-05,2020-09-04,78.64
2026-10-05,2020-09-07,78.94
2026-10-05,2020-09-08,79.03
2026-10-05,2020-09-09,79.05
2026-10-05,2020-09-10,79.07
2026-10-05,2020-09-11,79.13
2026-10-05,2020-09-14,79.24
2026-10-05,2020-09-15,79.36
2026-10-05,2020-09-16,79.55
2026-10-05,2020-09-17,79.59
2026-10-05,2020-09-18,79.59
2026-10-05,2020-09-21,79.71
2026-10-05,2020-09-22,79.86
2026-10-05,2020-09-23,79.89
2026-10-05,2020-09-24,79.99
2026-10-05,2020-09-25,80.05
2026-10-05,2020-09-28,80.16
2026-10-05,2020-09-29,80.24
2026-10-05,2020-09-30,80.63
2026-10-05,2020-10-01,80.8
2026-10-05,2020-10-02,82.44
2026-10-05,2020-10-05,82.64
2026-10-05,2020-10-06,82.72
2026-10-05,2020-10-07,82.72
2026-10-05,2020-10-08,82.79
2026-10-05,2020-10-09,82.74
2026-10-05,2020-10-13,82.93
2026-10-05,2020-10-14,82.95
2026-10-05,2020-10-15,82.99
2026-10-05,2020-10-16,83.2
2026-10-05,2020-10-19,83.21
2026-10-05,2020-10-20,83.27
2026-10-05,2020-10-21,83.32
2026-10-05,2020-10-22,83.78
2026-10-05,2020-10-23,83.85
2026-10-05,2020-10-26,83.9
2026-10-05,2020-10-27,83.89
2026-10-05,2020-10-28,83.9
2026-10-05,2020-10-29,83.9
2026-10-05,2020-10-30,83.89
2026-10-05,2020-11-02,84.41
2026-10-05,2020-11-03,84.52
2026-10-05,2020-11-04,84.62
2026-10-05,2020-11-05,84.63
2026-10-05,2020-11-09,84.95
2026-10-05,2020-11-10,85.03
2026-10-05,2020-11-11,85.04
2026-10-05,2020-11-12,85.14
2026-10-05,2020-11-13,85.27
2026-10-05,2020-11-16,85.6
2026-10-05,2020-11-17,85.6
2026-10-05,2020-11-18,85.57
2026-10-05,2020-11-19,85.74
2026-10-05,2020-11-20,85.91
2026-10-05,2020-11-24,86.13
2026-10-05,2020-11-25,86.19
2026-10-05,2020-11-26,86.53
2026-10-05,2020-11-27,86.61
2026-10-05,2020-11-30,86.72
2026-10-05,2020-12-01,86.95
2026-10-05,2020-12-02,87
2026-10-05,2020-12-03,87.14
2026-10-05,2020-12-04,87.17
2026-10-05,2020-12-09,87.38
2026-10-05,2020-12-10,87.84
2026-10-05,2020-12-11,87.85
2026-10-05,2020-12-14,87.96
2026-10-05,2020-12-15,88.12
2026-10-05,2020-12-16,88.13
2026-10-05,2020-12-17,88.18
2026-10-05,2020-12-18,88.26
2026-10-05,2020-12-21,88.76
2026-10-05,2020-12-22,88.8
2026-10-05,2020-12-23,88.92
2026-10-05,2020-12-28,89.24
2026-10-05,2020-12-29,89.7
2026-10-05,2020-12-30,89.87
2026-10-05,2021-01-04,90.22
2026-10-05,2021-01-05,90.55
2026-10-05,2021-01-06,90.55
2026-10-05,2021-01-07,90.73
2026-10-05,2021-01-08,90.79
2026-10-05,2021-01-11,90.99
2026-10-05,2021-01-12,91.07
2026-10-05,2021-01-13,91.03
2026-10-05,2021-01-14,91.19
2026-10-05,2021-01-15,91.14
2026-10-05,2021-01-18,91.31
2026-10-05,2021-01-19,91.77
2026-10-05,2021-01-20,91.76
2026-10-05,2021-01-21,91.91
2026-10-05,2021-01-22,92
2026-10-05,2021-01-25,92.35
2026-10-05,2021-01-26,92.4
2026-10-05,2021-01-27,92.44
2026-10-05,2021-01-28,92.58
2026-10-05,2021-01-29,92.7
2026-10-05,2021-02-01,92.99
2026-10-05,2021-02-02,93.06
2026-10-05,2021-02-03,92.96
2026-10-05,2021-02-04,93.19
2026-10-05,2021-02-05,93.32
2026-10-05,2021-02-08,93.57
2026-10-05,2021-02-09,93.58
2026-10-05,2021-02-10,93.73
2026-10-05,2021-02-11,93.87
2026-10-05,2021-02-12,93.95
2026-10-05,2021-02-17,94.23
2026-10-05,2021-02-18,94.29
2026-10-05,2021-02-19,94.4
2026-10-05,2021-02-22,94.77
2026-10-05,2021-02-23,94.83
2026-10-05,2021-02-24,95.02
2026-10-05,2021-02-25,95.08
2026-10-05,2021-02-26,95.12
2026-10-05,2021-03-01,95.49
2026-10-05,2021-03-02,95.67
2026-10-05,2021-03-03,95.64
2026-10-05,2021-03-04,95.75
2026-10-05,2021-03-05,95.69
2026-10-05,2021-03-08,96
2026-10-05,2021-03-09,96.07
2026-10-05,2021-03-10,96.31
2026-10-05,2021-03-11,96.45
2026-10-05,2021-03-12,96.49
2026-10-05,2021-03-15,96.69
2026-10-05,2021-03-16,96.81
2026-10-05,2021-03-17,96.76
2026-10-05,2021-03-18,96.83
2026-10-05,2021-03-19,96.98
2026-10-05,2021-03-22,97.1
2026-10-05,2021-03-23,97.33
2026-10-05,2021-03-25,97.45
2026-10-05,2021-03-26,97.57
2026-10-05,2021-03-29,97.61
2026-10-05,2021-03-30,97.61
2026-10-05,2021-03-31,97.69
2026-10-05,2021-04-05,98.1
2026-10-05,2021-04-06,98.1
2026-10-05,2021-04-07,98.19
2026-10-05,2021-04-08,98.2
2026-10-05,2021-04-09,98.21
2026-10-05,2021-04-12,98.31
2026-10-05,2021-04-13,98.33
2026-10-05,2021-04-14,98.32
2026-10-05,2021-04-15,98.47
2026-10-05,2021-04-16,98.52
2026-10-05,2021-04-19,98.59
2026-10-05,2021-04-20,98.59
2026-10-05,2021-04-21,98.61
2026-10-05,2021-04-22,98.64
2026-10-05,2021-04-23,98.78
2026-10-05,2021-04-26,98.89
2026-10-05,2021-04-27,98.89
2026-10-05,2021-04-28,98.91
2026-10-05,2021-04-29,98.97
2026-10-05,2021-04-30,98.9
2026-10-05,2021-05-03,99.21
2026-10-05,2021-05-04,99.3
2026-10-05,2021-05-05,99.33
2026-10-05,2021-05-06,99.34
2026-10-05,2021-05-07,99.43
2026-10-05,2021-05-10,99.5
2026-10-05,2021-05-11,99.5
2026-10-05,2021-05-12,99.51
2026-10-05,2021-05-13,99.51
2026-10-05,2021-05-14,99.51
2026-10-05,2021-05-17,99.64
2026-10-05,2021-05-18,99.64
2026-10-05,2021-05-19,99.7
2026-10-05,2021-05-20,99.71
2026-10-05,2021-05-21,99.71
2026-10-05,2021-05-26,99.96
2026-10-05,2021-05-27,100.02
2026-10-05,2021-05-28,100.04
2026-10-05,2021-05-31,100.09
2026-10-05,2021-06-01,100.23
2026-10-05,2021-06-02,100.26
2026-10-05,2021-06-03,100.26
2026-10-05,2021-06-04,100.28
2026-10-05,2021-06-07,100.37
2026-10-05,2021-06-08,100.37
2026-10-05,2021-06-09,100.36
2026-10-05,2021-06-10,100.37
2026-10-05,2021-06-11,100.39
2026-10-05,2021-06-14,100.53
2026-10-05,2021-06-15,100.67
2026-10-05,2021-06-16,100.62
2026-10-05,2021-06-17,100.71
2026-10-05,2021-06-18,100.71
2026-10-05,2021-06-22,100.69
2026-10-05,2021-06-23,100.89
2026-10-05,2021-06-24,100.89
2026-10-05,2021-06-25,100.99
2026-10-05,2021-06-28,101.1
2026-10-05,2021-06-29,101.14
2026-10-05,2021-06-30,101.17
2026-10-05,2021-07-01,101.19
2026-10-05,2021-07-02,101.19
2026-10-05,2021-07-05,101.28
2026-10-05,2021-07-06,101.33
2026-10-05,2021-07-07,101.34
2026-10-05,2021-07-08,101.35
2026-10-05,2021-07-12,101.42
2026-10-05,2021-07-13,101.48
2026-10-05,2021-07-14,101.63
2026-10-05,2021-07-15,101.64
2026-10-05,2021-07-16,101.65
2026-10-05,2021-07-19,101.72
2026-10-05,2021-07-20,101.75
2026-10-05,2021-07-21,101.76
2026-10-05,2021-07-22,101.69
2026-10-05,2021-07-23,101.75
2026-10-05,2021-07-26,101.82
2026-10-05,2021-07-27,101.95
2026-10-05,2021-07-28,102.01
2026-10-05,2021-07-29,101.99
2026-10-05,2021-07-30,102.06
2026-10-05,2021-08-02,102.12
2026-10-05,2021-08-03,102.18
2026-10-05,2021-08-04,102.25
2026-10-05,2021-08-05,102.28
2026-10-05,2021-08-06,102.3
2026-10-05,2021-08-09,102.33
2026-10-05,2021-08-10,102.34
2026-10-05,2021-08-11,102.34
2026-10-05,2021-08-12,102.36
2026-10-05,2021-08-13,102.53
2026-10-05,2021-08-17,102.57
2026-10-05,2021-08-18,102.57
2026-10-05,2021-08-19,102.61
2026-10-05,2021-08-20,102.64
2026-10-05,2021-08-23,102.76
2026-10-05,2021-08-24,102.79
2026-10-05,2021-08-25,102.79
2026-10-05,2021-08-26,102.97
2026-10-05,2021-08-27,102.97
2026-10-05,2021-08-30,103.11
2026-10-05,2021-08-31,103.14
2026-10-05,2021-09-01,103.22
2026-10-05,2021-09-02,103.31
2026-10-05,2021-09-03,103.33
2026-10-05,2021-09-06,103.45
2026-10-05,2021-09-07,103.42
2026-10-05,2021-09-08,103.53
2026-10-05,2021-09-09,103.54
2026-10-05,2021-09-10,103.56
2026-10-05,2021-09-13,103.62
2026-10-05,2021-09-14,103.62
2026-10-05,2021-09-15,103.71
2026-10-05,2021-09-16,103.58
2026-10-05,2021-09-17,103.77
2026-10-05,2021-09-20,104.09
2026-10-05,2021-09-21,104.26
2026-10-05,2021-09-22,104.1
2026-10-05,2021-09-23,104.1
2026-10-05,2021-09-24,104.12
2026-10-05,2021-09-27,104.18
2026-10-05,2021-09-28,104.19
2026-10-05,2021-09-29,104.2
2026-10-05,2021-09-30,104.3
2026-10-05,2021-10-01,104.25
2026-10-05,2021-10-04,104.34
2026-10-05,2021-10-05,104.53
2026-10-05,2021-10-06,104.53
2026-10-05,2021-10-07,104.54
2026-10-05,2021-10-12,104.47
2026-10-05,2021-10-13,104.64
2026-10-05,2021-10-14,104.59
2026-10-05,2021-10-15,104.7
2026-10-05,2021-10-18,104.79
2026-10-05,2021-10-19,104.88
2026-10-05,2021-10-20,104.88
2026-10-05,2021-10-21,104.89
2026-10-05,2021-10-22,104.94
2026-10-05,2021-10-25,105.04
2026-10-05,2021-10-26,105.05
2026-10-05,2021-10-27,105.13
2026-10-05,2021-10-28,105.15
2026-10-05,2021-10-29,105.23
2026-10-05,2021-11-01,105.35
2026-10-05,2021-11-02,105.36
2026-10-05,2021-11-03,105.38
2026-10-05,2021-11-04,105.4
2026-10-05,2021-11-05,105.45
2026-10-05,2021-11-08,105.58
2026-10-05,2021-11-09,105.63
2026-10-05,2021-11-10,105.67
2026-10-05,2021-11-11,105.79
2026-10-05,2021-11-12,105.82
2026-10-05,2021-11-15,105.88
2026-10-05,2021-11-16,105.92
2026-10-05,2021-11-17,105.94
2026-10-05,2021-11-18,105.95
2026-10-05,2021-11-19,105.96
2026-10-05,2021-11-23,106.09
2026-10-05,2021-11-24,106.08
2026-10-05,2021-11-25,106.16
2026-10-05,2021-11-26,106.17
2026-10-05,2021-11-29,106.41
2026-10-05,2021-11-30,106.48
2026-10-05,2021-12-01,106.55
2026-10-05,2021-12-02,106.6
2026-10-05,2021-12-03,106.63
2026-10-05,2021-12-06,106.65
2026-10-05,2021-12-07,106.88
2026-10-05,2021-12-09,107.26
2026-10-05,2021-12-10,107.3
2026-10-05,2021-12-13,107.38
2026-10-05,2021-12-14,107.49
2026-10-05,2021-12-15,107.51
2026-10-05,2021-12-16,107.55
2026-10-05,2021-12-17,107.57
2026-10-05,2021-12-20,107.61
2026-10-05,2021-12-21,107.73
2026-10-05,2021-12-22,107.79
2026-10-05,2021-12-23,107.74
2026-10-05,2021-12-27,107.94
2026-10-05,2021-12-28,108.14
2026-10-05,2021-12-29,108.16
2026-10-05,2021-12-30,108.29
2026-10-05,2022-01-03,108.48
2026-10-05,2022-01-04,108.61
2026-10-05,2022-01-05,108.63
2026-10-05,2022-01-06,108.72
2026-10-05,2022-01-07,108.86
2026-10-05,2022-01-10,108.96
2026-10-05,2022-01-11,108.97
2026-10-05,2022-01-12,109.05
2026-10-05,2022-01-13,109.11
2026-10-05,2022-01-14,109.21
2026-10-05,2022-01-17,109.46
2026-10-05,2022-01-18,109.64
2026-10-05,2022-01-19,109.67
2026-10-05,2022-01-20,109.71
2026-10-05,2022-01-21,109.79
2026-10-05,2022-01-24,110.08
2026-10-05,2022-01-25,110.11
2026-10-05,2022-01-26,110.15
2026-10-05,2022-01-27,110.5
2026-10-05,2022-01-28,110.68
2026-10-05,2022-01-31,110.71
2026-10-05,2022-02-01,110.75
2026-10-05,2022-02-02,110.92
2026-10-05,2022-02-03,110.92
2026-10-05,2022-02-04,111.37
2026-10-05,2022-02-07,111.46
2026-10-05,2022-02-08,111.49
2026-10-05,2022-02-09,111.52
2026-10-05,2022-02-10,111.59
2026-10-05,2022-02-11,111.67
2026-10-05,2022-02-14,112.01
2026-10-05,2022-02-15,112.17
2026-10-05,2022-02-16,112.21
2026-10-05,2022-02-17,112.24
2026-10-05,2022-02-18,112.48
2026-10-05,2022-02-21,112.71
2026-10-05,2022-02-22,112.8
2026-10-05,2022-02-23,112.83
2026-10-05,2022-02-24,112.89
2026-10-05,2022-02-25,112.95
2026-10-05,2022-03-02,113.33
2026-10-05,2022-03-03,113.48
2026-10-05,2022-03-04,113.69
2026-10-05,2022-03-07,113.94
2026-10-05,2022-03-08,114.06
2026-10-05,2022-03-09,114.37
2026-10-05,2022-03-10,114.5
2026-10-05,2022-03-11,114.49
2026-10-05,2022-03-14,114.72
2026-10-05,2022-03-15,114.82
2026-10-05,2022-03-16,114.88
2026-10-05,2022-03-17,114.91
2026-10-05,2022-03-18,114.93
2026-10-05,2022-03-21,115.35
2026-10-05,2022-03-22,115.42
2026-10-05,2022-03-23,115.61
2026-10-05,2022-03-25,115.68
2026-10-05,2022-03-28,116.19
2026-10-05,2022-03-29,116.21
2026-10-05,2022-03-30,116.31
2026-10-05,2022-03-31,116.45
2026-10-05,2022-04-01,116.64
2026-10-05,2022-04-04,117.02
2026-10-05,2022-04-05,117.1
2026-10-05,2022-04-06,117.33
2026-10-05,2022-04-07,117.65
2026-10-05,2022-04-08,117.69
2026-10-05,2022-04-11,118.02
2026-10-05,2022-04-12,118.09
2026-10-05,2022-04-13,118.39
2026-10-05,2022-04-18,118.88
2026-10-05,2022-04-19,119.03
2026-10-05,2022-04-20,119.16
2026-10-05,2022-04-21,119.58
2026-10-05,2022-04-22,119.69
2026-10-05,2022-04-25,119.78
2026-10-05,2022-04-26,120.1
2026-10-05,2022-04-27,120.13
2026-10-05,2022-04-28,120.29
2026-10-05,2022-04-29,120.64
2026-10-05,2022-05-02,120.97
2026-10-05,2022-05-03,121.33
2026-10-05,2022-05-04,121.45
2026-10-05,2022-05-05,121.73
2026-10-05,2022-05-06,121.97
2026-10-05,2022-05-09,122.16
2026-10-05,2022-05-10,122.32
2026-10-05,2022-05-11,122.5
2026-10-05,2022-05-12,122.7
2026-10-05,2022-05-13,123.11
2026-10-05,2022-05-16,123.27
2026-10-05,2022-05-17,123.55
2026-10-05,2022-05-19,123.77
2026-10-05,2022-05-20,123.91
2026-10-05,2022-05-23,124.33
2026-10-05,2022-05-24,124.45
2026-10-05,2022-05-26,124.62
2026-10-05,2022-05-27,124.81
2026-10-05,2022-05-30,125.48
2026-10-05,2022-05-31,125.62
2026-10-05,2022-06-01,125.88
2026-10-05,2022-06-02,125.95
2026-10-05,2022-06-03,125.57
2026-10-05,2022-06-06,126.6
2026-10-05,2022-06-07,126.65
2026-10-05,2022-06-08,126.77
2026-10-05,2022-06-09,127
2026-10-05,2022-06-10,127.09
2026-10-05,2022-06-13,127.6
2026-10-05,2022-06-14,127.62
2026-10-05,2022-06-15,128.03
2026-10-05,2022-06-16,128.19
2026-10-05,2022-06-21,128.99
2026-10-05,2022-06-22,129.01
2026-10-05,2022-06-23,129.11
2026-10-05,2022-06-24,129.15
2026-10-05,2022-06-27,130.07
2026-10-05,2022-06-28,130.14
2026-10-05,2022-06-29,129.99
2026-10-05,2022-06-30,130.44
2026-10-05,2022-07-01,130.69
2026-10-05,2022-07-04,132.07
2026-10-05,2022-07-05,132.54
2026-10-05,2022-07-06,132.85
2026-10-05,2022-07-07,133.27
2026-10-05,2022-07-08,133.89
2026-10-05,2022-07-11,134.67
2026-10-05,2022-07-12,134.88
2026-10-05,2022-07-13,135.15
2026-10-05,2022-07-14,135.21
2026-10-05,2022-07-15,135.29
2026-10-05,2022-07-18,135.79
2026-10-05,2022-07-19,136.08
2026-10-05,2022-07-20,136.1
2026-10-05,2022-07-21,136.32
2026-10-05,2022-07-22,136.61
2026-10-05,2022-07-25,137.3
2026-10-05,2022-07-26,137.38
2026-10-05,2022-07-27,137.58
2026-10-05,2022-07-28,137.86
2026-10-05,2022-07-29,137.93
2026-10-05,2022-08-01,138.9
2026-10-05,2022-08-02,139.07
2026-10-05,2022-08-03,139.31
2026-10-05,2022-08-04,139.86
2026-10-05,2022-08-05,139.87
2026-10-05,2022-08-08,140.59
2026-10-05,2022-08-09,140.77
2026-10-05,2022-08-10,140.7
2026-10-05,2022-08-11,140.98
2026-10-05,2022-08-12,141.5
2026-10-05,2022-08-16,142.41
2026-10-05,2022-08-17,142.52
2026-10-05,2022-08-18,142.39
2026-10-05,2022-08-19,143.06
2026-10-05,2022-08-22,144.04
2026-10-05,2022-08-23,144.03
2026-10-05,2022-08-24,144.29
2026-10-05,2022-08-25,144.58
2026-10-05,2022-08-26,144.73
2026-10-05,2022-08-29,145.45
2026-10-05,2022-08-30,145.62
2026-10-05,2022-08-31,145.77
2026-10-05,2022-09-01,145.86
2026-10-05,2022-09-05,147.05
2026-10-05,2022-09-06,147.35
2026-10-05,2022-09-07,147.66
2026-10-05,2022-09-08,148.15
2026-10-05,2022-09-09,148.42
2026-10-05,2022-09-12,149.43
2026-10-05,2022-09-13,149.52
2026-10-05,2022-09-14,149.61
2026-10-05,2022-09-15,149.99
2026-10-05,2022-09-16,150.17
2026-10-05,2022-09-19,150.93
2026-10-05,2022-09-20,151.24
2026-10-05,2022-09-21,151.56
2026-10-05,2022-09-22,151.64
2026-10-05,2022-09-23,152.24
2026-10-05,2022-09-26,153.01
2026-10-05,2022-09-27,153.31
2026-10-05,2022-09-28,153.61
2026-10-05,2022-09-29,153.9
2026-10-05,2022-09-30,154.25
2026-10-05,2022-10-03,155.33
2026-10-05,2022-10-04,155.67
2026-10-05,2022-10-05,155.9
2026-10-05,2022-10-06,156.29
2026-10-05,2022-10-11,157.76
2026-10-05,2022-10-12,157.96
2026-10-05,2022-10-13,158.19
2026-10-05,2022-10-14,158.28
2026-10-05,2022-10-17,159.45
2026-10-05,2022-10-18,159.71
2026-10-05,2022-10-19,159.94
2026-10-05,2022-10-20,160.27
2026-10-05,2022-10-21,160.57
2026-10-05,2022-10-24,161.56
2026-10-05,2022-10-25,162.1
2026-10-05,2022-10-26,162.22
2026-10-05,2022-10-27,162.3
2026-10-05,2022-10-28,162.59
2026-10-05,2022-10-31,163.89
2026-10-05,2022-11-01,164.26
2026-10-05,2022-11-02,164.49
2026-10-05,2022-11-03,164.82
2026-10-05,2022-11-04,165.15
2026-10-05,2022-11-07,166.33
2026-10-05,2022-11-08,166.79
2026-10-05,2022-11-09,167.17
2026-10-05,2022-11-10,167.5
2026-10-05,2022-11-11,167.77
2026-10-05,2022-11-14,168.62
2026-10-05,2022-11-15,169.18
2026-10-05,2022-11-16,169.6
2026-10-05,2022-11-17,169.89
2026-10-05,2022-11-18,170.22
2026-10-05,2022-11-22,171.52
2026-10-05,2022-11-23,171.85
2026-10-05,2022-11-24,172.24
2026-10-05,2022-11-25,172.45
2026-10-05,2022-11-28,173.66
2026-10-05,2022-11-29,174.15
2026-10-05,2022-11-30,174.55
2026-10-05,2022-12-01,174.86
2026-10-05,2022-12-02,175.42
2026-10-05,2022-12-05,176.44
2026-10-05,2022-12-06,176.59
2026-10-05,2022-12-07,176.81
2026-10-05,2022-12-12,178.57
2026-10-05,2022-12-13,179.01
2026-10-05,2022-12-14,179.22
2026-10-05,2022-12-15,179.35
2026-10-05,2022-12-16,179.69
2026-10-05,2022-12-19,180.65
2026-10-05,2022-12-20,180.76
2026-10-05,2022-12-21,181.16
2026-10-05,2022-12-22,181.36
2026-10-05,2022-12-23,181.74
2026-10-05,2022-12-26,182.82
2026-10-05,2022-12-27,183.12
2026-10-05,2022-12-28,183.51
2026-10-05,2022-12-29,183.95
2026-10-05,2022-12-30,184.64
2026-10-05,2023-01-02,185.36
2026-10-05,2023-01-03,185.99
2026-10-05,2023-01-04,186.22
2026-10-05,2023-01-05,186.16
2026-10-05,2023-01-06,186.61
2026-10-05,2023-01-09,187.72
2026-10-05,2023-01-10,188.11
2026-10-05,2023-01-11,188.21
2026-10-05,2023-01-12,188.18
2026-10-05,2023-01-13,188.53
2026-10-05,2023-01-16,189.47
2026-10-05,2023-01-17,189.74
2026-10-05,2023-01-18,189.98
2026-10-05,2023-01-19,190.19
2026-10-05,2023-01-20,190.65
2026-10-05,2023-01-23,191.68
2026-10-05,2023-01-24,192.08
2026-10-05,2023-01-25,192.26
2026-10-05,2023-01-26,192.74
2026-10-05,2023-01-27,193.06
2026-10-05,2023-01-30,194.07
2026-10-05,2023-01-31,194.36
2026-10-05,2023-02-01,194.96
2026-10-05,2023-02-02,195.14
2026-10-05,2023-02-03,195.4
2026-10-05,2023-02-06,196.52
2026-10-05,2023-02-07,196.74
2026-10-05,2023-02-08,196.93
2026-10-05,2023-02-09,197.19
2026-10-05,2023-02-10,197.6
2026-10-05,2023-02-13,198.78
2026-10-05,2023-02-14,199.03
2026-10-05,2023-02-15,199.47
2026-10-05,2023-02-16,199.7
2026-10-05,2023-02-17,200.55
2026-10-05,2023-02-22,201.73
2026-10-05,2023-02-23,202.48
2026-10-05,2023-02-24,202.88
2026-10-05,2023-02-27,204.12
2026-10-05,2023-02-28,204.39
2026-10-05,2023-03-01,204.73
2026-10-05,2023-03-02,205.37
2026-10-05,2023-03-03,205.72
2026-10-05,2023-03-06,206.67
2026-10-05,2023-03-07,206.9
2026-10-05,2023-03-08,207.22
2026-10-05,2023-03-09,207.49
2026-10-05,2023-03-10,207.96
2026-10-05,2023-03-13,208.88
2026-10-05,2023-03-14,209.36
2026-10-05,2023-03-15,209.62
2026-10-05,2023-03-16,210.21
2026-10-05,2023-03-17,210.54
2026-10-05,2023-03-20,211.85
2026-10-05,2023-03-21,212.24
2026-10-05,2023-03-22,212.72
2026-10-05,2023-03-23,212.97
2026-10-05,2023-03-27,214.45
2026-10-05,2023-03-28,215.03
2026-10-05,2023-03-29,215.5
2026-10-05,2023-03-30,215.81
2026-10-05,2023-03-31,216.24
2026-10-05,2023-04-03,217.43
2026-10-05,2023-04-04,218.03
2026-10-05,2023-04-05,218.78
2026-10-05,2023-04-10,220.73
2026-10-05,2023-04-11,221.17
2026-10-05,2023-04-12,221.46
2026-10-05,2023-04-13,221.62
2026-10-05,2023-04-14,221.77
2026-10-05,2023-04-17,223.39
2026-10-05,2023-04-18,223.73
2026-10-05,2023-04-19,224.52
2026-10-05,2023-04-20,225.21
2026-10-05,2023-04-21,225.58
2026-10-05,2023-04-24,226.94
2026-10-05,2023-04-25,227.68
2026-10-05,2023-04-26,228.43
2026-10-05,2023-04-27,229.12
2026-10-05,2023-04-28,229.63
2026-10-05,2023-05-02,232.09
2026-10-05,2023-05-03,232.88
2026-10-05,2023-05-04,233.72
2026-10-05,2023-05-05,235.98
2026-10-05,2023-05-08,238.18
2026-10-05,2023-05-09,238.89
2026-10-05,2023-05-10,239.59
2026-10-05,2023-05-11,239.42
2026-10-05,2023-05-12,240.07
2026-10-05,2023-05-15,241.39
2026-10-05,2023-05-16,242.37
2026-10-05,2023-05-17,242.65
2026-10-05,2023-05-18,243.02
2026-10-05,2023-05-19,243.59
2026-10-05,2023-05-22,245.02
2026-10-05,2023-05-23,245.53
2026-10-05,2023-05-24,246.59
2026-10-05,2023-05-29,248.68
2026-10-05,2023-05-30,249.79
2026-10-05,2023-05-31,250.37
2026-10-05,2023-06-01,251.44
2026-10-05,2023-06-02,252
2026-10-05,2023-06-05,253.83
2026-10-05,2023-06-06,254.7
2026-10-05,2023-06-07,255.36
2026-10-05,2023-06-08,256.09
2026-10-05,2023-06-09,257.33
2026-10-05,2023-06-12,258.52
2026-10-05,2023-06-13,259.13
2026-10-05,2023-06-14,259.85
2026-10-05,2023-06-15,260.92
2026-10-05,2023-06-16,261.59
2026-10-05,2023-06-21,264.45
2026-10-05,2023-06-22,265.31
2026-10-05,2023-06-23,265.95
2026-10-05,2023-06-26,267.22
2026-10-05,2023-06-27,268.09
2026-10-05,2023-06-28,267.88
2026-10-05,2023-06-29,269.24
2026-10-05,2023-06-30,270.16
2026-10-05,2023-07-03,271.55
2026-10-05,2023-07-04,272.06
2026-10-05,2023-07-05,273.32
2026-10-05,2023-07-06,273.71
2026-10-05,2023-07-07,274.39
2026-10-05,2023-07-10,275.81
2026-10-05,2023-07-11,276.53
2026-10-05,2023-07-12,276.89
2026-10-05,2023-07-13,277.77
2026-10-05,2023-07-14,278.47
2026-10-05,2023-07-17,280.32
2026-10-05,2023-07-18,280.59
2026-10-05,2023-07-19,281.35
2026-10-05,2023-07-20,281.66
2026-10-05,2023-07-21,282.54
2026-10-05,2023-07-24,284.37
2026-10-05,2023-07-25,284.65
2026-10-05,2023-07-26,285.2
2026-10-05,2023-07-27,285.8
2026-10-05,2023-07-28,286.57
2026-10-05,2023-07-31,287.92
2026-10-05,2023-08-01,289.17
2026-10-05,2023-08-02,290.27
2026-10-05,2023-08-03,291.33
2026-10-05,2023-08-04,292.2
2026-10-05,2023-08-07,295.25
2026-10-05,2023-08-08,296.52
2026-10-05,2023-08-09,297.82
2026-10-05,2023-08-10,298.81
2026-10-05,2023-08-11,300.01
2026-10-05,2023-08-14,366.18
2026-10-05,2023-08-15,366.63
2026-10-05,2023-08-16,366.89
2026-10-05,2023-08-17,366.55
2026-10-05,2023-08-18,366.57
2026-10-05,2023-08-22,367.03
2026-10-05,2023-08-23,367.11
2026-10-05,2023-08-24,367.37
2026-10-05,2023-08-25,367
2026-10-05,2023-08-28,367
2026-10-05,2023-08-29,367
2026-10-05,2023-08-30,367.09
2026-10-05,2023-08-31,366.63
2026-10-05,2023-09-01,367.02
2026-10-05,2023-09-04,367.01
2026-10-05,2023-09-05,367.01
2026-10-05,2023-09-06,367.01
2026-10-05,2023-09-07,367
2026-10-05,2023-09-08,367.01
2026-10-05,2023-09-11,366.72
2026-10-05,2023-09-12,366.73
2026-10-05,2023-09-13,366.72
2026-10-05,2023-09-14,367.09
2026-10-05,2023-09-15,367.01
2026-10-05,2023-09-18,367.09
2026-10-05,2023-09-19,366.64
2026-10-05,2023-09-20,367.01
2026-10-05,2023-09-21,367.09
2026-10-05,2023-09-22,367.01
2026-10-05,2023-09-25,366.98
2026-10-05,2023-09-26,366.98
2026-10-05,2023-09-27,366.64
2026-10-05,2023-09-28,367.01
2026-10-05,2023-09-29,365.6
2026-10-05,2023-10-02,367.01
2026-10-05,2023-10-03,366.65
2026-10-05,2023-10-04,367.09
2026-10-05,2023-10-05,366.65
2026-10-05,2023-10-06,367.02
2026-10-05,2023-10-09,367.18
2026-10-05,2023-10-10,367.01
2026-10-05,2023-10-11,367.01
2026-10-05,2023-10-12,367.46
2026-10-05,2023-10-17,367.59
2026-10-05,2023-10-18,367.14
2026-10-05,2023-10-19,367.17
2026-10-05,2023-10-20,368.03
2026-10-05,2023-10-23,367.91
2026-10-05,2023-10-24,367.93
2026-10-05,2023-10-25,367.72
2026-10-05,2023-10-26,368.1
2026-10-05,2023-10-27,367.93
2026-10-05,2023-10-30,367.88
2026-10-05,2023-10-31,367.94
2026-10-05,2023-11-01,367.93
2026-10-05,2023-11-02,368.05
2026-10-05,2023-11-03,368.05
2026-10-05,2023-11-07,367.87
2026-10-05,2023-11-08,368.05
2026-10-05,2023-11-09,367.93
2026-10-05,2023-11-10,368.05
2026-10-05,2023-11-13,367.93
2026-10-05,2023-11-14,367.93
2026-10-05,2023-11-15,370.51
2026-10-05,2023-11-16,370.94
2026-10-05,2023-11-17,371.55
2026-10-05,2023-11-21,373.71
2026-10-05,2023-11-22,374.33
2026-10-05,2023-11-23,374.51
2026-10-05,2023-11-24,375.38
2026-10-05,2023-11-27,376.69
2026-10-05,2023-11-28,377.55
2026-10-05,2023-11-29,377.84
2026-10-05,2023-11-30,378.37
2026-10-05,2023-12-01,379.18
2026-10-05,2023-12-04,380.37
2026-10-05,2023-12-05,381
2026-10-05,2023-12-06,381.31
2026-10-05,2023-12-07,390.97
2026-10-05,2023-12-11,462.4
2026-10-05,2023-12-12,587.57
2026-10-05,2023-12-13,832.64
2026-10-05,2023-12-14,837.91
2026-10-05,2023-12-15,838.18
2026-10-05,2023-12-18,840.23
2026-10-05,2023-12-19,841.28
2026-10-05,2023-12-20,841.46
2026-10-05,2023-12-21,842.68
2026-10-05,2023-12-22,843.78
2026-10-05,2023-12-26,843.55
2026-10-05,2023-12-27,843.51
2026-10-05,2023-12-28,844.66
2026-10-05,2023-12-29,847.11
2026-10-05,2024-01-02,851.25
2026-10-05,2024-01-03,852.69
2026-10-05,2024-01-04,853.15
2026-10-05,2024-01-05,852.99
2026-10-05,2024-01-08,857.62
2026-10-05,2024-01-09,859
2026-10-05,2024-01-10,857.87
2026-10-05,2024-01-11,860.49
2026-10-05,2024-01-12,860.65
2026-10-05,2024-01-15,863.62
2026-10-05,2024-01-16,864.65
2026-10-05,2024-01-17,865.65
2026-10-05,2024-01-18,866.51
2026-10-05,2024-01-19,868.8
2026-10-05,2024-01-22,868.15
2026-10-05,2024-01-23,869.92
2026-10-05,2024-01-24,870.63
2026-10-05,2024-01-25,870.05
2026-10-05,2024-01-26,871.96
2026-10-05,2024-01-29,873.5
2026-10-05,2024-01-30,875.12
2026-10-05,2024-01-31,872.89
2026-10-05,2024-02-01,871.93
2026-10-05,2024-02-02,876.62
2026-10-05,2024-02-05,876.88
2026-10-05,2024-02-06,877.03
2026-10-05,2024-02-07,878.13
2026-10-05,2024-02-08,878.35
2026-10-05,2024-02-09,877.34
2026-10-05,2024-02-14,880.59
2026-10-05,2024-02-15,880.57
2026-10-05,2024-02-16,879.16
2026-10-05,2024-02-19,882.04
2026-10-05,2024-02-20,882.45
2026-10-05,2024-02-21,882.79
2026-10-05,2024-02-22,879.81
2026-10-05,2024-02-23,883.65
2026-10-05,2024-02-26,883.8
2026-10-05,2024-02-27,884.03
2026-10-05,2024-02-28,888.7
2026-10-05,2024-02-29,887.5
2026-10-05,2024-03-01,885.88
2026-10-05,2024-03-04,887.61
2026-10-05,2024-03-05,892.34
2026-10-05,2024-03-06,889.49
2026-10-05,2024-03-07,891.28
2026-10-05,2024-03-08,892
2026-10-05,2024-03-11,894.34
2026-10-05,2024-03-12,894.5
2026-10-05,2024-03-13,894.95
2026-10-05,2024-03-14,897.33
2026-10-05,2024-03-15,895.15
2026-10-05,2024-03-18,896.91
2026-10-05,2024-03-19,898.48
2026-10-05,2024-03-20,898.22
2026-10-05,2024-03-21,897.86
2026-10-05,2024-03-22,898.58
2026-10-05,2024-03-25,900.42
2026-10-05,2024-03-26,900.45
2026-10-05,2024-03-27,901.63
2026-10-05,2024-04-03,905.3
2026-10-05,2024-04-04,899.79
2026-10-05,2024-04-05,905.3
2026-10-05,2024-04-08,908.79
2026-10-05,2024-04-09,907.39
2026-10-05,2024-04-10,907.61
2026-10-05,2024-04-11,910.82
2026-10-05,2024-04-12,913.27
2026-10-05,2024-04-15,912.63
2026-10-05,2024-04-16,912.61
2026-10-05,2024-04-17,913.23
2026-10-05,2024-04-18,910.3
2026-10-05,2024-04-19,912.74
2026-10-05,2024-04-22,915.8
2026-10-05,2024-04-23,915.4
2026-10-05,2024-04-24,915.35
2026-10-05,2024-04-25,916.05
2026-10-05,2024-04-26,918.36
2026-10-05,2024-04-29,915.62
2026-10-05,2024-04-30,920.57
2026-10-05,2024-05-02,918.05
2026-10-05,2024-05-03,921.34
2026-10-05,2024-05-06,923.56
2026-10-05,2024-05-07,922.38
2026-10-05,2024-05-08,923.05
2026-10-05,2024-05-09,924.06
2026-10-05,2024-05-10,922.24
2026-10-05,2024-05-13,922.93
2026-10-05,2024-05-14,926.01
2026-10-05,2024-05-15,928.68
2026-10-05,2024-05-16,928.45
2026-10-05,2024-05-17,927.58
2026-10-05,2024-05-20,927.13
2026-10-05,2024-05-21,927.39
2026-10-05,2024-05-22,929.52
2026-10-05,2024-05-23,929.26
2026-10-05,2024-05-24,931.78
2026-10-05,2024-05-27,933.75
2026-10-05,2024-05-28,933.13
2026-10-05,2024-05-29,933.36
2026-10-05,2024-05-30,934.62
2026-10-05,2024-05-31,933.76
2026-10-05,2024-06-03,937.66
2026-10-05,2024-06-04,935.68
2026-10-05,2024-06-05,938.14
2026-10-05,2024-06-06,936.71
2026-10-05,2024-06-07,939.07
2026-10-05,2024-06-10,940.56
2026-10-05,2024-06-11,938.37
2026-10-05,2024-06-12,936.54
2026-10-05,2024-06-13,941.61
2026-10-05,2024-06-14,941.93
2026-10-05,2024-06-18,943.66
2026-10-05,2024-06-19,944.93
2026-10-05,2024-06-24,947.74
2026-10-05,2024-06-25,948.55
2026-10-05,2024-06-26,947.21
2026-10-05,2024-06-27,948.68
2026-10-05,2024-06-28,950.42
2026-10-05,2024-07-01,953.75
2026-10-05,2024-07-02,953.98
2026-10-05,2024-07-03,954.1
2026-10-05,2024-07-04,951.95
2026-10-05,2024-07-05,956.02
2026-10-05,2024-07-08,958.36
2026-10-05,2024-07-10,957.91
2026-10-05,2024-07-11,956.91
2026-10-05,2024-07-12,959.99
2026-10-05,2024-07-15,958.1
2026-10-05,2024-07-16,960.89
2026-10-05,2024-07-17,961.92
2026-10-05,2024-07-18,962.11
2026-10-05,2024-07-19,963.13
2026-10-05,2024-07-22,966.23
2026-10-05,2024-07-23,964.39
2026-10-05,2024-07-24,967.66
2026-10-05,2024-07-25,968.41
2026-10-05,2024-07-26,969.05
2026-10-05,2024-07-29,970.8
2026-10-05,2024-07-30,971.07
2026-10-05,2024-07-31,970.88
2026-10-05,2024-08-01,971.5
2026-10-05,2024-08-02,972.41
2026-10-05,2024-08-05,976.91
2026-10-05,2024-08-06,977.15
2026-10-05,2024-08-07,977.44
2026-10-05,2024-08-08,977.03
2026-10-05,2024-08-09,980.75
2026-10-05,2024-08-12,981.39
2026-10-05,2024-08-13,981.39
2026-10-05,2024-08-14,979.34
2026-10-05,2024-08-15,980.77
2026-10-05,2024-08-16,982.5
2026-10-05,2024-08-19,983.01
2026-10-05,2024-08-20,983.03
2026-10-05,2024-08-21,983.64
2026-10-05,2024-08-22,984.2
2026-10-05,2024-08-23,986.05
2026-10-05,2024-08-26,985.24
2026-10-05,2024-08-27,988.1
2026-10-05,2024-08-28,988.63
2026-10-05,2024-08-29,988.06
2026-10-05,2024-08-30,991.42
2026-10-05,2024-09-02,990.79
2026-10-05,2024-09-03,991.12
2026-10-05,2024-09-04,990.97
2026-10-05,2024-09-05,991.8
2026-10-05,2024-09-06,990.31
2026-10-05,2024-09-09,993.34
2026-10-05,2024-09-10,994.24
2026-10-05,2024-09-11,993.41
2026-10-05,2024-09-12,994.61
2026-10-05,2024-09-13,995.57
2026-10-05,2024-09-16,995.73
2026-10-05,2024-09-17,995.63
2026-10-05,2024-09-18,994.74
2026-10-05,2024-09-19,997.12
2026-10-05,2024-09-20,1000.01
2026-10-05,2024-09-23,1000.26
2026-10-05,2024-09-24,1000.95
2026-10-05,2024-09-25,1003.09
2026-10-05,2024-09-26,1003.64
2026-10-05,2024-09-27,1004.1
2026-10-05,2024-09-30,1004.94
2026-10-05,2024-10-01,1005.53
2026-10-05,2024-10-02,1006.48
2026-10-05,2024-10-03,1006.78
2026-10-05,2024-10-04,1006.75
2026-10-05,2024-10-07,1008.7
2026-10-05,2024-10-08,1009.75
2026-10-05,2024-10-09,1009.76
2026-10-05,2024-10-10,1011.27
2026-10-05,2024-10-14,1011.22
2026-10-05,2024-10-15,1012.18
2026-10-05,2024-10-16,1011.85
2026-10-05,2024-10-17,1012.92
2026-10-05,2024-10-18,1014.42
2026-10-05,2024-10-21,1018.86
2026-10-05,2024-10-22,1015.3
2026-10-05,2024-10-23,1015.43
2026-10-05,2024-10-24,1015.68
2026-10-05,2024-10-25,1018.2
2026-10-05,2024-10-28,1018.83
2026-10-05,2024-10-29,1019.74
2026-10-05,2024-10-30,1020.01
2026-10-05,2024-10-31,1020.75
2026-10-05,2024-11-01,1022.75
2026-10-05,2024-11-04,1022.93
2026-10-05,2024-11-05,1023.7
2026-10-05,2024-11-07,1026.6
2026-10-05,2024-11-08,1025.88
2026-10-05,2024-11-11,1026.73
2026-10-05,2024-11-12,1028
2026-10-05,2024-11-13,1028.99
2026-10-05,2024-11-14,1029.18
2026-10-05,2024-11-15,1030.07
2026-10-05,2024-11-19,1030.84
2026-10-05,2024-11-20,1031.66
2026-10-05,2024-11-21,1033.33
2026-10-05,2024-11-22,1034.98
2026-10-05,2024-11-25,1037.08
2026-10-05,2024-11-26,1037.67
2026-10-05,2024-11-27,1036.96
2026-10-05,2024-11-28,1037.24
2026-10-05,2024-11-29,1040.27
2026-10-05,2024-12-02,1041.73
2026-10-05,2024-12-03,1042.35
2026-10-05,2024-12-04,1042.18
2026-10-05,2024-12-05,1043.32
2026-10-05,2024-12-06,1044.61
2026-10-05,2024-12-09,1045.92
2026-10-05,2024-12-10,1047.55
2026-10-05,2024-12-11,1047.12
2026-10-05,2024-12-12,1048.68
2026-10-05,2024-12-13,1048.71
2026-10-05,2024-12-16,1049.93
2026-10-05,2024-12-17,1049.58
2026-10-05,2024-12-18,1050.56
2026-10-05,2024-12-19,1051.66
2026-10-05,2024-12-20,1054.27
2026-10-05,2024-12-23,1055.07
2026-10-05,2024-12-26,1055.82
2026-10-05,2024-12-27,1057.97
2026-10-05,2024-12-30,1060.28
2026-10-05,2025-01-02,1061.83
2026-10-05,2025-01-03,1062.8
2026-10-05,2025-01-06,1064.95
2026-10-05,2025-01-07,1068.57
2026-10-05,2025-01-08,1065.62
2026-10-05,2025-01-09,1065.68
2026-10-05,2025-01-10,1066.34
2026-10-05,2025-01-13,1067.44
2026-10-05,2025-01-14,1068.04
2026-10-05,2025-01-15,1068.86
2026-10-05,2025-01-16,1069.69
2026-10-05,2025-01-17,1069.88
2026-10-05,2025-01-20,1071
2026-10-05,2025-01-21,1071.71
2026-10-05,2025-01-22,1072.14
2026-10-05,2025-01-23,1074.87
2026-10-05,2025-01-24,1075.78
2026-10-05,2025-01-27,1076.41
2026-10-05,2025-01-28,1077.91
2026-10-05,2025-01-29,1078.21
2026-10-05,2025-01-30,1078.38
2026-10-05,2025-01-31,1079.63
2026-10-05,2025-02-03,1080.65
2026-10-05,2025-02-04,1082.36
2026-10-05,2025-02-05,1084.27
2026-10-05,2025-02-06,1084.69
2026-10-05,2025-02-07,1085.27
2026-10-05,2025-02-10,1086.08
2026-10-05,2025-02-11,1086.08
2026-10-05,2025-02-12,1086.4
2026-10-05,2025-02-13,1086.55
2026-10-05,2025-02-14,1087.85
2026-10-05,2025-02-17,1088.19
2026-10-05,2025-02-18,1088.4
2026-10-05,2025-02-19,1087.19
2026-10-05,2025-02-20,1088.45
2026-10-05,2025-02-21,1089.07
2026-10-05,2025-02-24,1089.28
2026-10-05,2025-02-25,1089.89
2026-10-05,2025-02-26,1090.03
2026-10-05,2025-02-27,1091.89
2026-10-05,2025-02-28,1093.18
2026-10-05,2025-03-05,1093.8
2026-10-05,2025-03-06,1091.44
2026-10-05,2025-03-07,1095.52
2026-10-05,2025-03-10,1096.33
2026-10-05,2025-03-11,1096.43
2026-10-05,2025-03-12,1098.18
2026-10-05,2025-03-13,1097.8
2026-10-05,2025-03-14,1098.57
2026-10-05,2025-03-17,1098.97
2026-10-05,2025-03-18,1099.34
2026-10-05,2025-03-19,1099.52
2026-10-05,2025-03-20,1099.04
2026-10-05,2025-03-21,1099.78
2026-10-05,2025-03-25,1101.19
2026-10-05,2025-03-26,1101.97
2026-10-05,2025-03-27,1102.76
2026-10-05,2025-03-28,1103.52
2026-10-05,2025-03-31,1103.73
2026-10-05,2025-04-01,1104.01
2026-10-05,2025-04-03,1104.6
2026-10-05,2025-04-04,1103.13
2026-10-05,2025-04-07,1105.83
2026-10-05,2025-04-08,1106.36
2026-10-05,2025-04-09,1105.57
2026-10-05,2025-04-10,1106.43
2026-10-05,2025-04-11,1107.96
2026-10-05,2025-04-14,1233.36
2026-10-05,2025-04-15,1233.99
2026-10-05,2025-04-16,1179.47
2026-10-05,2025-04-21,1114.83
2026-10-05,2025-04-22,1125.54
2026-10-05,2025-04-23,1174.51
2026-10-05,2025-04-24,1196.88
2026-10-05,2025-04-25,1193.62
2026-10-05,2025-04-28,1192.84
2026-10-05,2025-04-29,1194.45
2026-10-05,2025-04-30,1193.88
2026-10-05,2025-05-05,1216.47
2026-10-05,2025-05-06,1220.45
2026-10-05,2025-05-07,1152.76
2026-10-05,2025-05-08,1138.07
2026-10-05,2025-05-09,1166.96
2026-10-05,2025-05-12,1155.43
2026-10-05,2025-05-13,1150.3
2026-10-05,2025-05-14,1153.47
2026-10-05,2025-05-15,1155.2
2026-10-05,2025-05-16,1167.84
2026-10-05,2025-05-19,1157.77
2026-10-05,2025-05-20,1162.22
2026-10-05,2025-05-21,1166.64
2026-10-05,2025-05-22,1161.91
2026-10-05,2025-05-23,1157.43
2026-10-05,2025-05-26,1163.94
2026-10-05,2025-05-27,1174.39
2026-10-05,2025-05-28,1180
2026-10-05,2025-05-29,1199.79
2026-10-05,2025-05-30,1209.35
2026-10-05,2025-06-02,1199.85
2026-10-05,2025-06-03,1203.75
2026-10-05,2025-06-04,1199.07
2026-10-05,2025-06-05,1206.55
2026-10-05,2025-06-06,1205.86
2026-10-05,2025-06-09,1201.33
2026-10-05,2025-06-10,1202.12
2026-10-05,2025-06-11,1200.23
2026-10-05,2025-06-12,1202.73
2026-10-05,2025-06-13,1201.12
2026-10-05,2025-06-17,1189.61
2026-10-05,2025-06-18,1160.98
2026-10-05,2025-06-19,1180.19
2026-10-05,2025-06-23,1188.8
2026-10-05,2025-06-24,1192.91
2026-10-05,2025-06-25,1203.44
2026-10-05,2025-06-26,1209.78
2026-10-05,2025-06-27,1204.62
2026-10-05,2025-06-30,1217.87
2026-10-05,2025-07-01,1237.18
2026-10-05,2025-07-02,1248.43
2026-10-05,2025-07-03,1245.85
2026-10-05,2025-07-04,1260.36
2026-10-05,2025-07-07,1282.47
2026-10-05,2025-07-08,1276.79
2026-10-05,2025-07-10,1279.22
2026-10-05,2025-07-11,1280.85
2026-10-05,2025-07-14,1291.23
2026-10-05,2025-07-15,1288.17
2026-10-05,2025-07-16,1278.62
2026-10-05,2025-07-17,1289.98
2026-10-05,2025-07-18,1307.33
2026-10-05,2025-07-21,1298.51
2026-10-05,2025-07-22,1278.32
2026-10-05,2025-07-23,1277.43
2026-10-05,2025-07-24,1284.92
2026-10-05,2025-07-25,1300.14
2026-10-05,2025-07-28,1305.11
2026-10-05,2025-07-29,1305.05
2026-10-05,2025-07-30,1325.63
2026-10-05,2025-07-31,1385.56
2026-10-05,2025-08-01,1375.79
2026-10-05,2025-08-04,1372.68
2026-10-05,2025-08-05,1355.58
2026-10-05,2025-08-06,1346.52
2026-10-05,2025-08-07,1339.62
2026-10-05,2025-08-08,1337.04
2026-10-05,2025-08-11,1339.16
2026-10-05,2025-08-12,1330.76
2026-10-05,2025-08-13,1328.23
2026-10-05,2025-08-14,1311.41
2026-10-05,2025-08-18,1314.24
2026-10-05,2025-08-19,1312.95
2026-10-05,2025-08-20,1317.84
2026-10-05,2025-08-21,1329.78
2026-10-05,2025-08-22,1337.23
2026-10-05,2025-08-25,1367.98
2026-10-05,2025-08-26,1377.12
2026-10-05,2025-08-27,1370.79
2026-10-05,2025-08-28,1349.44
2026-10-05,2025-08-29,1361.42
2026-10-05,2025-09-01,1391.88
2026-10-05,2025-09-02,1378.91
2026-10-05,2025-09-03,1377.09
2026-10-05,2025-09-04,1382.69
2026-10-05,2025-09-05,1386.8
2026-10-05,2025-09-08,1435.17
2026-10-05,2025-09-09,1432.85
2026-10-05,2025-09-10,1433.79
2026-10-05,2025-09-11,1445.43
2026-10-05,2025-09-12,1467.42
2026-10-05,2025-09-15,1479.81
2026-10-05,2025-09-16,1482.02
2026-10-05,2025-09-17,1489.99
2026-10-05,2025-09-18,1509.37
2026-10-05,2025-09-19,1523.75
2026-10-05,2025-09-22,1438.3
2026-10-05,2025-09-23,1391.95
2026-10-05,2025-09-24,1367.95
2026-10-05,2025-09-25,1354.03
2026-10-05,2025-09-26,1364.73
2026-10-05,2025-09-29,1378.76
2026-10-05,2025-09-30,1406.79
2026-10-05,2025-10-01,1456.89
2026-10-05,2025-10-02,1454.16
2026-10-05,2025-10-03,1454.86
2026-10-05,2025-10-06,1460.2
2026-10-05,2025-10-07,1460.63
2026-10-05,2025-10-08,1462.7
2026-10-05,2025-10-09,1459.28
2026-10-05,2025-10-13,1378.58
2026-10-05,2025-10-14,1392.41
2026-10-05,2025-10-15,1408.02
2026-10-05,2025-10-16,1441.96
2026-10-05,2025-10-17,1491.61
2026-10-05,2025-10-20,1495.61
2026-10-05,2025-10-21,1518.74
2026-10-05,2025-10-22,1520.9
2026-10-05,2025-10-23,1518.07
2026-10-05,2025-10-24,1517.53
2026-10-05,2025-10-27,1451.78
2026-10-05,2025-10-28,1487.76
2026-10-05,2025-10-29,1464.4
2026-10-05,2025-10-30,1464.99
2026-10-05,2025-10-31,1475.11
2026-10-05,2025-11-03,1494.62
2026-10-05,2025-11-04,1488.75
2026-10-05,2025-11-05,1476.48
2026-10-05,2025-11-07,1454.66
2026-10-05,2025-11-10,1450.65
2026-10-05,2025-11-11,1444.83
2026-10-05,2025-11-12,1433.92
2026-10-05,2025-11-13,1433.55
2026-10-05,2025-11-14,1432.06
2026-10-05,2025-11-17,1422.09
2026-10-05,2025-11-18,1422.1
2026-10-05,2025-11-19,1429.09
2026-10-05,2025-11-20,1450.06
2026-10-05,2025-11-25,1471.87
2026-10-05,2025-11-26,1475.83
2026-10-05,2025-11-27,1474.55
2026-10-05,2025-11-28,1487.59
2026-10-05,2025-12-01,1475.07
2026-10-05,2025-12-02,1476.76
2026-10-05,2025-12-03,1475.49
2026-10-05,2025-12-04,1469.78
2026-10-05,2025-12-05,1462.75
2026-10-05,2025-12-09,1463.14
2026-10-05,2025-12-10,1458.59
2026-10-05,2025-12-11,1460.45
2026-10-05,2025-12-12,1464.55
2026-10-05,2025-12-15,1465.14
2026-10-05,2025-12-16,1482.44
2026-10-05,2025-12-17,1474.51
2026-10-05,2025-12-18,1474.62
2026-10-05,2025-12-19,1474.1
2026-10-05,2025-12-22,1475.55
2026-10-05,2025-12-23,1475.41
2026-10-05,2025-12-26,1475.45
2026-10-05,2025-12-29,1477.22
2026-10-05,2025-12-30,1479.28
2026-10-05,2026-01-02,1491.24
2026-10-05,2026-01-05,1492.46
2026-10-05,2026-01-06,1488.32
2026-10-05,2026-01-07,1485.21
2026-10-05,2026-01-08,1482.66
2026-10-05,2026-01-09,1483.19
2026-10-05,2026-01-12,1482.33
2026-10-05,2026-01-13,1482.52
2026-10-05,2026-01-14,1475
2026-10-05,2026-01-15,1466.87
2026-10-05,2026-01-16,1453.45
2026-10-05,2026-01-19,1454.65
2026-10-05,2026-01-20,1454.04
2026-10-05,2026-01-21,1452.73
2026-10-05,2026-01-22,1452.09
2026-10-05,2026-01-23,1454.56
2026-10-05,2026-01-26,1459.88
2026-10-05,2026-01-27,1463.48
2026-10-05,2026-01-28,1463.92
2026-10-05,2026-01-29,1465.08
2026-10-05,2026-01-30,1465.01
2026-10-05,2026-02-02,1471.3
2026-10-05,2026-02-03,1465.67
2026-10-05,2026-02-04,1465.92
2026-10-05,2026-02-05,1467.01
2026-10-05,2026-02-06,1453.25
2026-10-05,2026-02-09,1445.77
2026-10-05,2026-02-10,1428.11
2026-10-05,2026-02-11,1427.34
2026-10-05,2026-02-12,1420.27
2026-10-05,2026-02-13,1420.64
2026-10-05,2026-02-18,1424.61
2026-10-05,2026-02-19,1419.32
2026-10-05,2026-02-20,1399.15
2026-10-05,2026-02-23,1392.75
2026-10-05,2026-02-24,1400.12
2026-10-05,2026-02-25,1416.53
2026-10-05,2026-02-26,1429.59
2026-10-05,2026-02-27,1426.45
2026-10-05,2026-03-02,1417.21
2026-10-05,2026-03-03,1433.4
2026-10-05,2026-03-04,1427.83
2026-10-05,2026-03-05,1425.47
2026-10-05,2026-03-06,1436.18
2026-10-05,2026-03-09,1440.91
2026-10-05,2026-03-10,1421.51
2026-10-05,2026-03-11,1418.04
2026-10-05,2026-03-12,1419.08
2026-10-05,2026-03-13,1415.85
2026-10-05,2026-03-16,1417.58
2026-10-05,2026-03-17,1422.26
2026-10-05,2026-03-18,1418.18
2026-10-05,2026-03-19,1416.66
2026-10-05,2026-03-20,1414.02
2026-10-05,2026-03-25,1402.6
2026-10-05,2026-03-26,1392.39
2026-10-05,2026-03-27,1404.43
2026-10-05,2026-03-30,1419.32
2026-10-05,2026-03-31,1409.48
2026-10-05,2026-04-01,1419.32
2026-10-05,2026-04-06,1416.6
2026-10-05,2026-04-07,1418.78
2026-10-05,2026-04-08,1412.02
2026-10-05,2026-04-09,1409.92
2026-10-05,2026-04-10,1399.42
2026-10-05,2026-04-13,1387.78
2026-10-05,2026-04-14,1389.01
2026-10-05,2026-04-15,1388.7
2026-10-05,2026-04-16,1379.34
2026-10-05,2026-04-17,1389.01
2026-10-05,2026-04-20,1397.09
2026-10-05,2026-04-21,1396.9
2026-10-05,2026-04-22,1399.75
2026-10-05,2026-04-23,1412.88
2026-10-05,2026-04-24,1418.45
2026-10-05,2026-04-27,1440.61
2026-10-05,2026-04-28,1435.68
2026-10-05,2026-04-29,1418.69
2026-10-05,2026-04-30,1415.8
2026-10-05,2026-05-04,1424.64
2026-10-05,2026-05-05,1416.84
2026-10-05,2026-05-06,1408.27
2026-10-05,2026-05-07,1417.62
2026-10-05,2026-05-08,1418.34
2026-10-05,2026-05-11,1417.11
2026-10-05,2026-05-12,1408.67
2026-10-05,2026-05-13,1412.45
2026-10-05,2026-05-14,1414.07
2026-10-05,2026-05-15,1418.57
2026-10-05,2026-05-18,1416.31
2026-10-05,2026-05-19,1418.66
2026-10-05,2026-05-20,1420.88
2026-10-05,2026-05-21,1411.66
2026-10-05,2026-05-22,1419.74
2026-10-05,2026-05-26,1428.9
2026-10-05,2026-05-27,1429.9
2026-10-05,2026-05-28,1430.45
2026-10-05,2026-05-29,1431.57
2026-10-05,2026-06-01,1444.58
2026-10-05,2026-06-02,1448.79
2026-10-05,2026-06-03,1459.69
2026-10-05,2026-06-04,1458.02
2026-10-05,2026-06-05,1462.88
2026-10-05,2026-06-08,1464.3
2026-10-05,2026-06-09,1463.83
2026-10-05,2026-06-10,1460.67
2026-10-05,2026-06-11,1453.6
2026-10-05,2026-06-12,1452.55
2026-10-05,2026-06-16,1453.61
2026-10-05,2026-06-17,1461.27
2026-10-05,2026-06-18,1470.01
2026-10-05,2026-06-19,1481.94
2026-10-05,2026-06-22,1481.79
2026-10-05,2026-06-23,1491.13
2026-10-05,2026-06-24,1498.05
2026-10-05,2026-06-25,1498.12
2026-10-05,2026-06-26,1495.57
2026-10-05,2026-06-29,1498.22
2026-10-05,2026-06-30,1502.09
2026-10-05,2026-07-01,1511.11
2026-10-05,2026-07-02,1512.64
2026-10-05,2026-07-03,1507.05
2026-10-05,2026-07-06,1512.5
2026-10-05,2026-07-07,1513.07
2026-10-05,2026-07-08,1513.22
2026-10-05,2026-07-13,1508.83
2026-10-05,2026-07-14,1500.76
2026-10-05,2026-07-15,1497.61
2026-10-05,2026-07-16,1495.93
2026-10-05,2026-07-17,1501.67
2026-10-05,2026-07-20,1502.04
2026-10-05,2026-07-21,1498.4
2026-10-05,2026-07-22,1502.35
2026-10-05,2026-07-23,1510.8
2026-10-05,2026-07-24,1518.86
2026-10-05,2026-07-27,1520.47
2026-10-05,2026-07-28,1520.82
2026-10-05,2026-07-29,1518.59
2026-10-05,2026-07-30,1512.02
2026-10-05,2026-07-31,1511.12
2026-10-05,2026-08-03,1515.98
2026-10-05,2026-08-04,1516.83
2026-10-05,2026-08-05,1520.12
2026-10-05,2026-08-06,1518.24
2026-10-05,2026-08-07,1521.28
2026-10-05,2026-08-10,1520.43
2026-10-05,2026-08-11,1517.89
2026-10-05,2026-08-12,1515.66
2026-10-05,2026-08-13,1515.66
2026-10-05,2026-08-14,1512.59
2026-10-05,2026-08-18,1515.02
2026-10-05,2026-08-19,1517.54
2026-10-05,2026-08-20,1517.58
2026-10-05,2026-08-21,1518.13
2026-10-05,2026-08-24,1527.33
2026-10-05,2026-08-25,1531.07
2026-10-05,2026-08-26,1533.11
2026-10-05,2026-08-27,1533.22
2026-10-05,2026-08-28,1533.21
2026-10-05,2026-08-31,1531.51
2026-10-05,2026-09-01,1533.63
2026-10-05,2026-09-02,1533.58
2026-10-05,2026-09-03,1529.42
2026-10-05,2026-09-04,1528.6
2026-10-05,2026-09-07,1529.19
2026-10-05,2026-09-08,1529.4
2026-10-05,2026-09-09,1533.53
2026-10-05,2026-09-10,1533.98
2026-10-05,2026-09-11,1531.73
2026-10-05,2026-09-14,1530.55
2026-10-05,2026-09-15,1532.27
2026-10-05,2026-09-16,1531.56
2026-10-05,2026-09-17,1531.98
2026-10-05,2026-09-18,1534
2026-10-05,2026-09-21,1534.22
2026-10-05,2026-09-22,1533.83
2026-10-05,2026-09-23,1536.17
2026-10-05,2026-09-24,1538.39
2026-10-05,2026-09-25,1545.12
2026-10-05,2026-09-28,1550.12
2026-10-05,2026-09-29,1543.93
2026-10-05,2026-09-30,1539.87
2026-10-05,2026-10-01,1543.96
2026-10-05,2026-10-02,1543.18
2026-10-05,2026-10-05,1540.24
2026-10-06,2022-01-03,108.29
2026-10-06,2022-01-04,108.48
2026-10-06,2022-01-05,108.61
2026-10-06,2022-01-06,108.63
2026-10-06,2022-01-07,108.72
2026-10-06,2022-01-10,108.86
2026-10-06,2022-01-11,108.96
2026-10-06,2022-01-12,108.97
2026-10-06,2022-01-13,109.05
2026-10-06,2022-01-14,109.11
2026-10-06,2022-01-17,109.21
2026-10-06,2022-01-18,109.46
2026-10-06,2022-01-19,109.64
2026-10-06,2022-01-20,109.67
2026-10-06,2022-01-21,109.71
2026-10-06,2022-01-24,109.79
2026-10-06,2022-01-25,110.08
2026-10-06,2022-01-26,110.11
2026-10-06,2022-01-27,110.15
2026-10-06,2022-01-28,110.5
2026-10-06,2022-01-31,110.68
2026-10-06,2022-02-01,110.71
2026-10-06,2022-02-02,110.75
2026-10-06,2022-02-04,110.92
2026-10-06,2022-02-07,111.37
2026-10-06,2022-02-08,111.46
2026-10-06,2022-02-09,111.49
2026-10-06,2022-02-10,111.52
2026-10-06,2022-02-11,111.59
2026-10-06,2022-02-14,111.67
2026-10-06,2022-02-15,112.01
2026-10-06,2022-02-16,112.17
2026-10-06,2022-02-17,112.21
2026-10-06,2022-02-18,112.24
2026-10-06,2022-02-21,112.48
2026-10-06,2022-02-22,112.71
2026-10-06,2022-02-23,112.8
2026-10-06,2022-02-24,112.83
2026-10-06,2022-02-25,112.89
2026-10-06,2026-10-06,1541.41
2026-10-07,2022-01-03,108.48
2026-10-07,2022-01-04,108.61
2026-10-07,2022-01-05,108.63
2026-10-07,2022-01-06,108.72
2026-10-07,2022-01-07,108.86
2026-10-07,2022-01-10,108.96
2026-10-07,2022-01-11,108.97
2026-10-07,2022-01-12,109.05
2026-10-07,2022-01-13,109.11
2026-10-07,2022-01-14,109.21
2026-10-07,2022-01-17,109.46
2026-10-07,2022-01-18,109.64
2026-10-07,2022-01-19,109.67
2026-10-07,2022-01-20,109.71
2026-10-07,2022-01-21,109.79
2026-10-07,2022-01-24,110.08
2026-10-07,2022-01-25,110.11
2026-10-07,2022-01-26,110.15
2026-10-07,2022-01-27,110.5
2026-10-07,2022-01-28,110.68
2026-10-07,2022-01-31,110.71
2026-10-07,2022-02-01,110.75
2026-10-07,2022-02-02,110.92
2026-10-07,2022-02-04,111.37
2026-10-07,2022-02-07,111.46
2026-10-07,2022-02-08,111.49
2026-10-07,2022-02-09,111.52
2026-10-07,2022-02-10,111.59
2026-10-07,2022-02-11,111.67
2026-10-07,2022-02-14,112.01
2026-10-07,2022-02-15,112.17
2026-10-07,2022-02-16,112.21
2026-10-07,2022-02-17,112.24
2026-10-07,2022-02-18,112.48
2026-10-07,2022-02-21,112.71
2026-10-07,2022-02-22,112.8
2026-10-07,2022-02-23,112.83
2026-10-07,2022-02-24,112.89
2026-10-07,2022-02-25,112.95
2026-10-07,2026-10-07,1543.08
2026-10-08,2026-10-08,1539.3
2026-10-09,2022-01-03,108.29
2026-10-09,2022-01-04,108.48
2026-10-09,2022-01-05,108.61
2026-10-09,2022-01-06,108.63
2026-10-09,2022-01-07,108.72
2026-10-09,2022-01-10,108.86
2026-10-09,2022-01-11,108.96
2026-10-09,2022-01-12,108.97
2026-10-09,2022-01-13,109.05
2026-10-09,2022-01-14,109.11
2026-10-09,2022-01-17,109.21
2026-10-09,2022-01-18,109.46
2026-10-09,2022-01-19,109.64
2026-10-09,2022-01-20,109.67
2026-10-09,2022-01-21,109.71
2026-10-09,2022-01-24,109.79
2026-10-09,2022-01-25,110.08
2026-10-09,2022-01-26,110.11
2026-10-09,2022-01-27,110.15
2026-10-09,2022-01-28,110.5
2026-10-09,2022-01-31,110.68
2026-10-09,2022-02-01,110.71
2026-10-09,2022-02-02,110.75
2026-10-09,2022-02-04,110.92
2026-10-09,2022-02-07,111.37
2026-10-09,2022-02-08,111.46
2026-10-09,2022-02-09,111.49
2026-10-09,2022-02-10,111.52
2026-10-09,2022-02-11,111.59
2026-10-09,2022-02-14,111.67
2026-10-09,2022-02-15,112.01
2026-10-09,2022-02-16,112.17
2026-10-09,2022-02-17,112.21
2026-10-09,2022-02-18,112.24
2026-10-09,2022-02-21,112.48
2026-10-09,2022-02-22,112.71
2026-10-09,2022-02-23,112.8
2026-10-09,2022-02-24,112.83
2026-10-09,2022-02-25,112.89
2026-10-09,2026-10-09,1537.18
