vintage,date,value
2026-10-05,2003-01-02,98.7713
2026-10-05,2003-01-03,206.6593
2026-10-05,2003-01-06,172.2391
2026-10-05,2003-01-07,339.4914
2026-10-05,2003-01-08,150.5613
2026-10-05,2003-01-09,25.821
2026-10-05,2003-01-10,-25.3213
2026-10-05,2003-01-13,85.9451
2026-10-05,2003-01-14,121.9253
2026-10-05,2003-01-15,112.9205
2026-10-05,2003-01-16,51.5432
2026-10-05,2003-01-17,48.3975
2026-10-05,2003-01-20,-2.6601
2026-10-05,2003-01-21,161.2936
2026-10-05,2003-01-22,39.254
2026-10-05,2003-01-23,30.633
2026-10-05,2003-01-24,58.344
2026-10-05,2003-01-27,-27.8933
2026-10-05,2003-01-28,10.5598
2026-10-05,2003-01-29,-1.4711
2026-10-05,2003-01-30,21.9443
2026-10-05,2003-01-31,22.5828
2026-10-05,2003-02-03,32.9306
2026-10-05,2003-02-04,55.0108
2026-10-05,2003-02-05,44.3516
2026-10-05,2003-02-06,28.3482
2026-10-05,2003-02-07,60.2421
2026-10-05,2003-02-10,72.4576
2026-10-05,2003-02-11,67.6976
2026-10-05,2003-02-12,63.0265
2026-10-05,2003-02-13,50.0972
2026-10-05,2003-02-14,24.0298
2026-10-05,2003-02-17,-1.9145
2026-10-05,2003-02-18,70.8221
2026-10-05,2003-02-19,61.6223
2026-10-05,2003-02-20,33.9765
2026-10-05,2003-02-21,97.7912
2026-10-05,2003-02-24,44.9951
2026-10-05,2003-02-25,63.3895
2026-10-05,2003-02-26,25.956
2026-10-05,2003-02-27,16.7913
2026-10-05,2003-02-28,14.0949
2026-10-05,2003-03-03,-7.5551
2026-10-05,2003-03-04,20.5353
2026-10-05,2003-03-05,29.5968
2026-10-05,2003-03-06,18.2505
2026-10-05,2003-03-07,2.481
2026-10-05,2003-03-10,83.347
2026-10-05,2003-03-11,15.3371
2026-10-05,2003-03-12,5.5839
2026-10-05,2003-03-13,-5.4794
2026-10-05,2003-03-14,-21.6614
2026-10-05,2003-03-17,58.9831
2026-10-05,2003-03-18,37.107
2026-10-05,2003-03-19,-10.3001
2026-10-05,2003-03-20,69.5624
2026-10-05,2003-03-21,3.2007
2026-10-05,2003-03-24,64.4479
2026-10-05,2003-03-25,57.3778
2026-10-05,2003-03-26,50.6855
2026-10-05,2003-03-27,57.7919
2026-10-05,2003-03-28,4.2491
2026-10-05,2003-04-01,9.3319
2026-10-05,2003-04-02,26.2468
2026-10-05,2003-04-03,95.8878
2026-10-05,2003-04-04,7.656
2026-10-05,2003-04-07,31.5759
2026-10-05,2003-04-08,17.5907
2026-10-05,2003-04-09,9.1349
2026-10-05,2003-04-10,62.8688
2026-10-05,2003-04-11,47.1885
2026-10-05,2003-04-14,12.4835
2026-10-05,2003-04-15,4.5907
2026-10-05,2003-04-16,6.6282
2026-10-05,2003-04-21,27.0856
2026-10-05,2003-04-22,118.0703
2026-10-05,2003-04-23,136.7355
2026-10-05,2003-04-24,26.7888
2026-10-05,2003-04-25,29.5752
2026-10-05,2003-04-28,73.8926
2026-10-05,2003-04-29,130.6539
2026-10-05,2003-04-30,134.7989
2026-10-05,2003-05-02,267.5009
2026-10-05,2003-05-05,220.1385
2026-10-05,2003-05-06,208.6376
2026-10-05,2003-05-07,15.3808
2026-10-05,2003-05-08,399.6996
2026-10-05,2003-05-09,423.8544
2026-10-05,2003-05-12,171.6016
2026-10-05,2003-05-13,251.9069
2026-10-05,2003-05-14,35.0709
2026-10-05,2003-05-15,43.5375
2026-10-05,2003-05-16,1.363
2026-10-05,2003-05-19,-0.5817
2026-10-05,2003-05-20,247.918
2026-10-05,2003-05-21,23.0656
2026-10-05,2003-05-22,-2.8815
2026-10-05,2003-05-23,5.5928
2026-10-05,2003-05-26,-4.1924
2026-10-05,2003-05-27,16.9491
2026-10-05,2003-05-28,-5.6219
2026-10-05,2003-05-29,12.5076
2026-10-05,2003-05-30,12.7695
2026-10-05,2003-06-02,46.4984
2026-10-05,2003-06-03,143.194
2026-10-05,2003-06-04,85.2535
2026-10-05,2003-06-05,86.6863
2026-10-05,2003-06-06,120.6901
2026-10-05,2003-06-09,209.1112
2026-10-05,2003-06-10,239.8099
2026-10-05,2003-06-11,79.0172
2026-10-05,2003-06-12,64.4046
2026-10-05,2003-06-13,289.2228
2026-10-05,2003-06-17,252.5195
2026-10-05,2003-06-18,197.4227
2026-10-05,2003-06-19,98.2443
2026-10-05,2003-06-20,97.5627
2026-10-05,2003-06-23,251.4011
2026-10-05,2003-06-24,219.0431
2026-10-05,2003-06-25,91.4192
2026-10-05,2003-06-26,160.672
2026-10-05,2003-06-27,34.609
2026-10-05,2003-06-30,35.871
2026-10-05,2003-07-01,61.678
2026-10-05,2003-07-02,70.422
2026-10-05,2003-07-03,35.231
2026-10-05,2003-07-04,-2.794
2026-10-05,2003-07-07,159.366
2026-10-05,2003-07-08,94.494
2026-10-05,2003-07-10,107.658
2026-10-05,2003-07-11,90.753
2026-10-05,2003-07-14,71.724
2026-10-05,2003-07-15,165.101
2026-10-05,2003-07-16,31.765
2026-10-05,2003-07-17,104.888
2026-10-05,2003-07-18,87.177
2026-10-05,2003-07-21,70.26
2026-10-05,2003-07-22,117.52
2026-10-05,2003-07-23,48.08
2026-10-05,2003-07-24,98.662
2026-10-05,2003-07-25,77.311
2026-10-05,2003-07-28,45.059
2026-10-05,2003-07-29,71.697
2026-10-05,2003-07-30,-12.271
2026-10-05,2003-07-31,18.884
2026-10-05,2003-08-01,-11.004
2026-10-05,2003-08-04,14.97
2026-10-05,2003-08-05,10.289
2026-10-05,2003-08-06,5.636
2026-10-05,2003-08-07,5.155
2026-10-05,2003-08-08,12.741
2026-10-05,2003-08-11,24.636
2026-10-05,2003-08-12,49.189
2026-10-05,2003-08-13,44.165
2026-10-05,2003-08-14,12.601
2026-10-05,2003-08-15,-7.978
2026-10-05,2003-08-19,26.98
2026-10-05,2003-08-20,42.588
2026-10-05,2003-08-21,15.158
2026-10-05,2003-08-22,3.648
2026-10-05,2003-08-25,-0.982
2026-10-05,2003-08-26,26.119
2026-10-05,2003-08-27,29.615
2026-10-05,2003-08-28,-2.096
2026-10-05,2003-08-29,-5.447
2026-10-05,2003-09-01,-1.182
2026-10-05,2003-09-02,23.816
2026-10-05,2003-09-03,10.955
2026-10-05,2003-09-04,-0.664
2026-10-05,2003-09-05,26.546
2026-10-05,2003-09-08,4.099
2026-10-05,2003-09-09,-4.024
2026-10-05,2003-09-10,2.713
2026-10-05,2003-09-11,4.8
2026-10-05,2003-09-12,-19.896
2026-10-05,2003-09-15,1.744
2026-10-05,2003-09-16,-1.151
2026-10-05,2003-09-17,13.232
2026-10-05,2003-09-18,3.497
2026-10-05,2003-09-19,14.85
2026-10-05,2003-09-22,13.251
2026-10-05,2003-09-23,17.185
2026-10-05,2003-09-24,2.077
2026-10-05,2003-09-25,25.6
2026-10-05,2003-09-26,-6.426
2026-10-05,2003-09-29,41.823
2026-10-05,2003-09-30,37.03
2026-10-05,2003-10-01,28.305
2026-10-05,2003-10-02,21.818
2026-10-05,2003-10-03,29.705
2026-10-05,2003-10-06,56.711
2026-10-05,2003-10-07,66.16
2026-10-05,2003-10-08,49.318
2026-10-05,2003-10-09,65.826
2026-10-05,2003-10-10,49.874
2026-10-05,2003-10-14,75.449
2026-10-05,2003-10-15,68.368
2026-10-05,2003-10-16,33.875
2026-10-05,2003-10-17,46.142
2026-10-05,2003-10-20,116.075
2026-10-05,2003-10-21,90.656
2026-10-05,2003-10-22,76.642
2026-10-05,2003-10-23,74.508
2026-10-05,2003-10-24,95.306
2026-10-05,2003-10-27,99.573
2026-10-05,2003-10-28,100.855
2026-10-05,2003-10-29,99.139
2026-10-05,2003-10-30,101.197
2026-10-05,2003-10-31,93.319
2026-10-05,2003-11-03,80.975
2026-10-05,2003-11-04,91.139
2026-10-05,2003-11-05,92.715
2026-10-05,2003-11-07,86.145
2026-10-05,2003-11-10,75.477
2026-10-05,2003-11-11,0.311
2026-10-05,2003-11-12,176.7916
2026-10-05,2003-11-13,88.702
2026-10-05,2003-11-14,89.331
2026-10-05,2003-11-17,88.255
2026-10-05,2003-11-18,80.673
2026-10-05,2003-11-19,82.658
2026-10-05,2003-11-20,81.792
2026-10-05,2003-11-21,86.04
2026-10-05,2003-11-24,96.012
2026-10-05,2003-11-25,77.354
2026-10-05,2003-11-26,96.474
2026-10-05,2003-11-27,-2.95
2026-10-05,2003-11-28,-0.876
2026-10-05,2003-12-01,87.838
2026-10-05,2003-12-02,89.257
2026-10-05,2003-12-03,100.935
2026-10-05,2003-12-04,95.57
2026-10-05,2003-12-05,82.759
2026-10-05,2003-12-09,120.371
2026-10-05,2003-12-10,104.978
2026-10-05,2003-12-11,137.577
2026-10-05,2003-12-12,92.19
2026-10-05,2003-12-15,145.599
2026-10-05,2003-12-16,120.154
2026-10-05,2003-12-17,119.218
2026-10-05,2003-12-18,118.005
2026-10-05,2003-12-19,122.674
2026-10-05,2003-12-22,118.497
2026-10-05,2003-12-23,117.169
2026-10-05,2003-12-24,-2.251
2026-10-05,2003-12-26,120.585
2026-10-05,2003-12-29,120.894
2026-10-05,2003-12-30,116.53
2026-10-05,2003-12-31,-3.288
2026-10-05,2004-01-02,106.296
2026-10-05,2004-01-05,100.989
2026-10-05,2004-01-06,97.375
2026-10-05,2004-01-07,103.482
2026-10-05,2004-01-08,102.397
2026-10-05,2004-01-09,101.241
2026-10-05,2004-01-12,83.13
2026-10-05,2004-01-13,85.023
2026-10-05,2004-01-14,89.833
2026-10-05,2004-01-15,82.9936
2026-10-05,2004-01-16,88.779
2026-10-05,2004-01-19,-2.309
2026-10-05,2004-01-20,74.315
2026-10-05,2004-01-21,74.3401
2026-10-05,2004-01-22,61.93
2026-10-05,2004-01-23,82.4117
2026-10-05,2004-01-26,54.481
2026-10-05,2004-01-27,58.0767
2026-10-05,2004-01-28,60.4542
2026-10-05,2004-01-29,63.3648
2026-10-05,2004-01-30,59.6696
2026-10-05,2004-02-02,41.2565
2026-10-05,2004-02-03,29.4876
2026-10-05,2004-02-04,46.2232
2026-10-05,2004-02-05,31.7497
2026-10-05,2004-02-06,31.1405
2026-10-05,2004-02-09,13.9167
2026-10-05,2004-02-10,31.329
2026-10-05,2004-02-11,17.121
2026-10-05,2004-02-12,29.13
2026-10-05,2004-02-13,18.352
2026-10-05,2004-02-16,-4.376
2026-10-05,2004-02-17,46.688
2026-10-05,2004-02-18,10.499
2026-10-05,2004-02-19,33.4
2026-10-05,2004-02-20,16.787
2026-10-05,2004-02-23,29.893
2026-10-05,2004-02-24,29.006
2026-10-05,2004-02-25,29.795
2026-10-05,2004-02-26,29.446
2026-10-05,2004-02-27,31.1349
2026-10-05,2004-03-01,25.4054
2026-10-05,2004-03-02,33.7921
2026-10-05,2004-03-03,29.5142
2026-10-05,2004-03-04,24.333
2026-10-05,2004-03-05,36.5816
2026-10-05,2004-03-08,25.6853
2026-10-05,2004-03-09,59.7425
2026-10-05,2004-03-10,55.4703
2026-10-05,2004-03-11,61.757
2026-10-05,2004-03-12,55.9423
2026-10-05,2004-03-15,60.9536
2026-10-05,2004-03-16,57.8383
2026-10-05,2004-03-17,58.1919
2026-10-05,2004-03-18,58.1864
2026-10-05,2004-03-19,57.782
2026-10-05,2004-03-22,70.0383
2026-10-05,2004-03-23,72.757
2026-10-05,2004-03-24,74.134
2026-10-05,2004-03-25,70.8084
2026-10-05,2004-03-26,69.724
2026-10-05,2004-03-29,87.5784
2026-10-05,2004-03-30,85.874
2026-10-05,2004-03-31,84.537
2026-10-05,2004-04-01,100.1774
2026-10-05,2004-04-02,99.16
2026-10-05,2004-04-06,100.956
2026-10-05,2004-04-07,119.077
2026-10-05,2004-04-12,117.9185
2026-10-05,2004-04-13,133.992
2026-10-05,2004-04-14,127.91
2026-10-05,2004-04-15,126.87
2026-10-05,2004-04-16,122.515
2026-10-05,2004-04-19,129.512
2026-10-05,2004-04-20,132.458
2026-10-05,2004-04-21,124.1385
2026-10-05,2004-04-22,134.8682
2026-10-05,2004-04-23,123.766
2026-10-05,2004-04-26,135.013
2026-10-05,2004-04-27,126.7802
2026-10-05,2004-04-28,138.3007
2026-10-05,2004-04-29,126.6084
2026-10-05,2004-04-30,130.351
2026-10-05,2004-05-03,125.3614
2026-10-05,2004-05-04,131.624
2026-10-05,2004-05-05,127.3118
2026-10-05,2004-05-06,133.0961
2026-10-05,2004-05-07,129.9297
2026-10-05,2004-05-10,132.8928
2026-10-05,2004-05-11,131.5458
2026-10-05,2004-05-12,130.0554
2026-10-05,2004-05-13,121.9837
2026-10-05,2004-05-14,142.9592
2026-10-05,2004-05-17,129.7494
2026-10-05,2004-05-18,130.9131
2026-10-05,2004-05-19,132.7774
2026-10-05,2004-05-20,128.0881
2026-10-05,2004-05-21,138.4689
2026-10-05,2004-05-24,137.042
2026-10-05,2004-05-26,119.52
2026-10-05,2004-05-27,117.7205
2026-10-05,2004-05-28,132.7554
2026-10-05,2004-05-31,0
2026-10-05,2004-06-01,123.5229
2026-10-05,2004-06-02,134.8075
2026-10-05,2004-06-03,75.7501
2026-10-05,2004-06-04,150.7249
2026-10-05,2004-06-07,137.8568
2026-10-05,2004-06-08,118.8012
2026-10-05,2004-06-09,118.739
2026-10-05,2004-06-10,123.2117
2026-10-05,2004-06-11,112.9495
2026-10-05,2004-06-14,126.334
2026-10-05,2004-06-15,116.793
2026-10-05,2004-06-16,117.0055
2026-10-05,2004-06-17,130.6653
2026-10-05,2004-06-18,113.169
2026-10-05,2004-06-22,94.6439
2026-10-05,2004-06-23,114.8682
2026-10-05,2004-06-24,111.517
2026-10-05,2004-06-25,105.615
2026-10-05,2004-06-28,102.9761
2026-10-05,2004-06-29,106.0509
2026-10-05,2004-06-30,-86.5184
2026-10-05,2004-07-01,103.4235
2026-10-05,2004-07-02,103.4499
2026-10-05,2004-07-05,0.087
2026-10-05,2004-07-06,292.4653
2026-10-05,2004-07-07,106.8681
2026-10-05,2004-07-08,100.8296
2026-10-05,2004-07-12,91.9926
2026-10-05,2004-07-13,84.4651
2026-10-05,2004-07-14,94.5137
2026-10-05,2004-07-15,83.9395
2026-10-05,2004-07-16,94.8166
2026-10-05,2004-07-19,74.242
2026-10-05,2004-07-20,75.3416
2026-10-05,2004-07-21,74.3436
2026-10-05,2004-07-22,74.2373
2026-10-05,2004-07-23,74.116
2026-10-05,2004-07-26,72.9709
2026-10-05,2004-07-27,76.5529
2026-10-05,2004-07-28,74.83
2026-10-05,2004-07-29,75.631
2026-10-05,2004-07-30,76.1915
2026-10-05,2004-08-02,78.9519
2026-10-05,2004-08-03,75.4338
2026-10-05,2004-08-04,74.6
2026-10-05,2004-08-05,78.5105
2026-10-05,2004-08-06,0.382
2026-10-05,2004-08-09,45.5693
2026-10-05,2004-08-10,48.1847
2026-10-05,2004-08-11,51.7712
2026-10-05,2004-08-12,43.9895
2026-10-05,2004-08-13,74.4494
2026-10-05,2004-08-17,55.6389
2026-10-05,2004-08-18,60.7166
2026-10-05,2004-08-19,47.4197
2026-10-05,2004-08-20,61.0073
2026-10-05,2004-08-23,59.9925
2026-10-05,2004-08-24,62.1485
2026-10-05,2004-08-25,59.1101
2026-10-05,2004-08-26,61.886
2026-10-05,2004-08-27,60.4639
2026-10-05,2004-08-30,57.3125
2026-10-05,2004-08-31,65.2561
2026-10-05,2004-09-01,60.223
2026-10-05,2004-09-02,61.621
2026-10-05,2004-09-03,60.074
2026-10-05,2004-09-06,0
2026-10-05,2004-09-07,62.7898
2026-10-05,2004-09-08,58.0139
2026-10-05,2004-09-09,64.2033
2026-10-05,2004-09-10,62.8599
2026-10-05,2004-09-13,106.265
2026-10-05,2004-09-14,61.753
2026-10-05,2004-09-15,59.0765
2026-10-05,2004-09-16,61.939
2026-10-05,2004-09-17,1.1724
2026-10-05,2004-09-20,60.101
2026-10-05,2004-09-21,60.568
2026-10-05,2004-09-22,61.1914
2026-10-05,2004-09-23,59.1806
2026-10-05,2004-09-24,61.7042
2026-10-05,2004-09-27,61.2453
2026-10-05,2004-09-28,60.967
2026-10-05,2004-09-29,60.744
2026-10-05,2004-09-30,49.9536
2026-10-05,2004-10-01,67.1725
2026-10-05,2004-10-04,60.5058
2026-10-05,2004-10-05,67.0341
2026-10-05,2004-10-06,58.2249
2026-10-05,2004-10-07,74.5117
2026-10-05,2004-10-08,65.3573
2026-10-05,2004-10-12,73.4502
2026-10-05,2004-10-13,74.448
2026-10-05,2004-10-14,77.6084
2026-10-05,2004-10-15,78.6134
2026-10-05,2004-10-18,83.081
2026-10-05,2004-10-19,89.429
2026-10-05,2004-10-20,89.485
2026-10-05,2004-10-21,88.7606
2026-10-05,2004-10-22,90.7855
2026-10-05,2004-10-25,96.6372
2026-10-05,2004-10-26,95.5759
2026-10-05,2004-10-27,98.8795
2026-10-05,2004-10-28,98.596
2026-10-05,2004-10-29,89.8764
2026-10-05,2004-11-01,86.742
2026-10-05,2004-11-02,89.172
2026-10-05,2004-11-03,97.809
2026-10-05,2004-11-04,102.585
2026-10-05,2004-11-05,104.495
2026-10-05,2004-11-08,99.799
2026-10-05,2004-11-09,99.6691
2026-10-05,2004-11-10,108.6087
2026-10-05,2004-11-11,0
2026-10-05,2004-11-12,95.327
2026-10-05,2004-11-15,106.6791
2026-10-05,2004-11-16,93.296
2026-10-05,2004-11-17,133.913
2026-10-05,2004-11-18,132.281
2026-10-05,2004-11-19,136.9902
2026-10-05,2004-11-22,149.057
2026-10-05,2004-11-23,146.112
2026-10-05,2004-11-24,148.677
2026-10-05,2004-11-25,0
2026-10-05,2004-11-26,162.369
2026-10-05,2004-11-29,161.42
2026-10-05,2004-11-30,162.344
2026-10-05,2004-12-01,191.486
2026-10-05,2004-12-02,222.619
2026-10-05,2004-12-03,207.579
2026-10-05,2004-12-06,226.556
2026-10-05,2004-12-07,165.39
2026-10-05,2004-12-09,182.453
2026-10-05,2004-12-10,220.867
2026-10-05,2004-12-13,223.226
2026-10-05,2004-12-14,223.311
2026-10-05,2004-12-15,222.098
2026-10-05,2004-12-16,228.631
2026-10-05,2004-12-17,224.192
2026-10-05,2004-12-20,150.312
2026-10-05,2004-12-21,216
2026-10-05,2004-12-22,133.663
2026-10-05,2004-12-23,208.417
2026-10-05,2004-12-24,0.135
2026-10-05,2004-12-27,238.456
2026-10-05,2004-12-28,104.268
2026-10-05,2004-12-29,296.421
2026-10-05,2004-12-30,299.487
2026-10-05,2004-12-31,2.546
2026-10-05,2005-01-03,59.2815
2026-10-05,2005-01-04,5.1717
2026-10-05,2005-01-05,60.5865
2026-10-05,2005-01-06,0
2026-10-05,2005-01-07,119.1296
2026-10-05,2005-01-10,30.4796
2026-10-05,2005-01-11,0.1385
2026-10-05,2005-01-12,0.074
2026-10-05,2005-01-13,146.884
2026-10-05,2005-01-14,85.3073
2026-10-05,2005-01-17,0
2026-10-05,2005-01-18,19.4975
2026-10-05,2005-01-19,0
2026-10-05,2005-01-20,0.0159
2026-10-05,2005-01-21,0.128
2026-10-05,2005-01-24,73.394
2026-10-05,2005-01-25,134.4719
2026-10-05,2005-01-26,30.864
2026-10-05,2005-01-27,46.791
2026-10-05,2005-01-28,42.676
2026-10-05,2005-01-31,77.5469
2026-10-05,2005-02-01,131.7187
2026-10-05,2005-02-02,130.293
2026-10-05,2005-02-03,103.702
2026-10-05,2005-02-04,59.8995
2026-10-05,2005-02-07,23.348
2026-10-05,2005-02-08,33.62
2026-10-05,2005-02-09,55.266
2026-10-05,2005-02-10,48.0722
2026-10-05,2005-02-11,30.582
2026-10-05,2005-02-14,39.2632
2026-10-05,2005-02-15,45.028
2026-10-05,2005-02-16,108.7035
2026-10-05,2005-02-17,117.151
2026-10-05,2005-02-18,87.307
2026-10-05,2005-02-21,0
2026-10-05,2005-02-22,39.608
2026-10-05,2005-02-23,29.334
2026-10-05,2005-02-24,28.499
2026-10-05,2005-02-25,29.4349
2026-10-05,2005-02-28,34.0204
2026-10-05,2005-03-01,13.4366
2026-10-05,2005-03-02,29.7033
2026-10-05,2005-03-03,15.533
2026-10-05,2005-03-04,12.843
2026-10-05,2005-03-07,24.4849
2026-10-05,2005-03-08,5.957
2026-10-05,2005-03-09,7.381
2026-10-05,2005-03-10,0.041
2026-10-05,2005-03-11,14.7773
2026-10-05,2005-03-14,28.416
2026-10-05,2005-03-15,30.6636
2026-10-05,2005-03-16,23.5387
2026-10-05,2005-03-17,0.181
2026-10-05,2005-03-18,44.1534
2026-10-05,2005-03-21,1.725
2026-10-05,2005-03-22,39.427
2026-10-05,2005-03-23,45.2604
2026-10-05,2005-03-28,36.6964
2026-10-05,2005-03-29,0.0938
2026-10-05,2005-03-30,29.7238
2026-10-05,2005-03-31,0.244
2026-10-05,2005-04-01,71.715
2026-10-05,2005-04-04,29.188
2026-10-05,2005-04-05,61.1875
2026-10-05,2005-04-06,29.05
2026-10-05,2005-04-07,7.3793
2026-10-05,2005-04-08,75.256
2026-10-05,2005-04-11,49.1485
2026-10-05,2005-04-12,30.3565
2026-10-05,2005-04-13,47.5984
2026-10-05,2005-04-14,158.7541
2026-10-05,2005-04-15,107.5743
2026-10-05,2005-04-18,34.8175
2026-10-05,2005-04-19,87.0625
2026-10-05,2005-04-20,87.2472
2026-10-05,2005-04-21,110.2954
2026-10-05,2005-04-22,146.511
2026-10-05,2005-04-25,10.2464
2026-10-05,2005-04-26,50.8298
2026-10-05,2005-04-27,59.413
2026-10-05,2005-04-28,40.7481
2026-10-05,2005-04-29,80.0668
2026-10-05,2005-05-02,119.383
2026-10-05,2005-05-03,146.447
2026-10-05,2005-05-04,147.7705
2026-10-05,2005-05-05,248.2223
2026-10-05,2005-05-06,255.0243
2026-10-05,2005-05-09,259.6856
2026-10-05,2005-05-10,230.0063
2026-10-05,2005-05-11,189.9058
2026-10-05,2005-05-12,190.2329
2026-10-05,2005-05-13,192.1573
2026-10-05,2005-05-16,292.968
2026-10-05,2005-05-17,199.0875
2026-10-05,2005-05-18,287.3001
2026-10-05,2005-05-19,122.653
2026-10-05,2005-05-20,145.794
2026-10-05,2005-05-23,259.1643
2026-10-05,2005-05-24,346.1055
2026-10-05,2005-05-26,308.7812
2026-10-05,2005-05-27,248.154
2026-10-05,2005-05-30,0
2026-10-05,2005-05-31,155.9162
2026-10-05,2005-06-01,259.764
2026-10-05,2005-06-02,269.67
2026-10-05,2005-06-03,441.8892
2026-10-05,2005-06-06,94.1052
2026-10-05,2005-06-07,52.637
2026-10-05,2005-06-08,142.025
2026-10-05,2005-06-09,82.617
2026-10-05,2005-06-10,136.6835
2026-10-05,2005-06-13,163.357
2026-10-05,2005-06-14,169.4926
2026-10-05,2005-06-15,330.0162
2026-10-05,2005-06-16,299.0772
2026-10-05,2005-06-17,354.655
2026-10-05,2005-06-21,232.102
2026-10-05,2005-06-22,437.064
2026-10-05,2005-06-23,248.689
2026-10-05,2005-06-24,213.5955
2026-10-05,2005-06-27,262.281
2026-10-05,2005-06-28,216.189
2026-10-05,2005-06-29,140.7936
2026-10-05,2005-06-30,216.7125
2026-10-05,2005-07-01,244.39
2026-10-05,2005-07-04,34.602
2026-10-05,2005-07-05,47.685
2026-10-05,2005-07-06,219.0982
2026-10-05,2005-07-07,272.0221
2026-10-05,2005-07-08,245.6
2026-10-05,2005-07-11,0
2026-10-05,2005-07-12,727.3
2026-10-05,2005-07-13,123.4
2026-10-05,2005-07-14,863
2026-10-05,2005-07-15,296.2
2026-10-05,2005-07-18,121.895
2026-10-05,2005-07-19,238.97
2026-10-05,2005-07-20,249.457
2026-10-05,2005-07-21,377.022
2026-10-05,2005-07-22,113.128
2026-10-05,2005-07-25,25.779
2026-10-05,2005-07-26,218.218
2026-10-05,2005-07-27,0
2026-10-05,2005-07-28,0
2026-10-05,2005-07-29,0
2026-10-05,2005-08-01,4.1458
2026-10-05,2005-08-02,322.355
2026-10-05,2005-08-03,505.8373
2026-10-05,2005-08-04,267.613
2026-10-05,2005-08-05,364.906
2026-10-05,2005-08-08,202.1665
2026-10-05,2005-08-09,194.5816
2026-10-05,2005-08-10,312.4305
2026-10-05,2005-08-11,260.3865
2026-10-05,2005-08-12,118.4245
2026-10-05,2005-08-16,157.7577
2026-10-05,2005-08-17,220.9208
2026-10-05,2005-08-18,158.7825
2026-10-05,2005-08-19,0.3042
2026-10-05,2005-08-22,167.1853
2026-10-05,2005-08-23,10.4271
2026-10-05,2005-08-24,15.9938
2026-10-05,2005-08-25,154.5626
2026-10-05,2005-08-26,96.0261
2026-10-05,2005-08-29,108.3945
2026-10-05,2005-08-30,320.4152
2026-10-05,2005-08-31,226.2576
2026-10-05,2005-09-01,159.129
2026-10-05,2005-09-02,232.4237
2026-10-05,2005-09-05,0
2026-10-05,2005-09-06,286.7213
2026-10-05,2005-09-07,554.5525
2026-10-05,2005-09-08,165.8931
2026-10-05,2005-09-09,64.0205
2026-10-05,2005-09-12,58.339
2026-10-05,2005-09-13,84.9444
2026-10-05,2005-09-14,54.7596
2026-10-05,2005-09-15,92.0321
2026-10-05,2005-09-16,181.3416
2026-10-05,2005-09-19,57.4242
2026-10-05,2005-09-20,87.6399
2026-10-05,2005-09-21,97.9171
2026-10-05,2005-09-22,103.5066
2026-10-05,2005-09-23,113.0117
2026-10-05,2005-09-26,119.9122
2026-10-05,2005-09-27,131.5722
2026-10-05,2005-09-28,99.1403
2026-10-05,2005-09-29,48.9181
2026-10-05,2005-09-30,193.3413
2026-10-05,2005-10-03,287.5201
2026-10-05,2005-10-04,281.9007
2026-10-05,2005-10-05,194.74
2026-10-05,2005-10-06,193.0808
2026-10-05,2005-10-07,233.6807
2026-10-05,2005-10-11,106.0359
2026-10-05,2005-10-12,197.243
2026-10-05,2005-10-13,0.1441
2026-10-05,2005-10-14,92.6546
2026-10-05,2005-10-17,183.4592
2026-10-05,2005-10-18,324.6463
2026-10-05,2005-10-19,25.5711
2026-10-05,2005-10-20,7.8517
2026-10-05,2005-10-21,9.57
2026-10-05,2005-10-24,3.5594
2026-10-05,2005-10-25,4.5825
2026-10-05,2005-10-26,0.6044
2026-10-05,2005-10-27,-59.8219
2026-10-05,2005-10-28,1.8556
2026-10-05,2005-10-31,-73.3871
2026-10-05,2005-11-01,0.4452
2026-10-05,2005-11-02,0.751
2026-10-05,2005-11-03,15.7727
2026-10-05,2005-11-04,11.7804
2026-10-05,2005-11-07,55.471
2026-10-05,2005-11-08,225.676
2026-10-05,2005-11-09,77.6187
2026-10-05,2005-11-10,19.7513
2026-10-05,2005-11-11,0
2026-10-05,2005-11-14,10.3453
2026-10-05,2005-11-15,209.4194
2026-10-05,2005-11-16,259.228
2026-10-05,2005-11-17,37.1532
2026-10-05,2005-11-18,66.5338
2026-10-05,2005-11-21,186.9026
2026-10-05,2005-11-22,48.0806
2026-10-05,2005-11-23,20.3412
2026-10-05,2005-11-24,0
2026-10-05,2005-11-25,19.2787
2026-10-05,2005-11-28,1.0153
2026-10-05,2005-11-29,0.8829
2026-10-05,2005-11-30,34.3361
2026-10-05,2005-12-01,131.1284
2026-10-05,2005-12-02,150.8816
2026-10-05,2005-12-05,132.5881
2026-10-05,2005-12-06,130.5634
2026-10-05,2005-12-07,125.1338
2026-10-05,2005-12-09,118.9785
2026-10-05,2005-12-12,2.3174
2026-10-05,2005-12-13,65.058
2026-10-05,2005-12-14,298.3359
2026-10-05,2005-12-15,302.7703
2026-10-05,2005-12-16,2.677
2026-10-05,2005-12-19,0.225
2026-10-05,2005-12-20,62.8024
2026-10-05,2005-12-21,66.6528
2026-10-05,2005-12-22,113.9137
2026-10-05,2005-12-23,61.6951
2026-10-05,2005-12-26,0
2026-10-05,2005-12-27,214.1484
2026-10-05,2005-12-28,12.723
2026-10-05,2005-12-29,151.6229
2026-10-05,2005-12-30,114.1145
2026-10-05,2006-01-02,0
2026-10-05,2006-01-03,155.2559
2026-10-05,2006-01-04,0
2026-10-05,2006-01-05,197.575
2026-10-05,2006-01-06,273.3608
2026-10-05,2006-01-09,0.768
2026-10-05,2006-01-10,116.786
2026-10-05,2006-01-11,72.1839
2026-10-05,2006-01-12,50.1468
2026-10-05,2006-01-13,34.7415
2026-10-05,2006-01-16,19.4845
2026-10-05,2006-01-17,77.8981
2026-10-05,2006-01-18,133.2264
2026-10-05,2006-01-19,176.8346
2026-10-05,2006-01-20,122.4096
2026-10-05,2006-01-23,210.5526
2026-10-05,2006-01-24,187.4299
2026-10-05,2006-01-25,62.4176
2026-10-05,2006-01-26,211.8724
2026-10-05,2006-01-27,186.261
2026-10-05,2006-01-30,173.1987
2026-10-05,2006-01-31,160.2772
2026-10-05,2006-02-01,98.7514
2026-10-05,2006-02-02,85.4595
2026-10-05,2006-02-03,242.7425
2026-10-05,2006-02-06,151.007
2026-10-05,2006-02-07,143.1335
2026-10-05,2006-02-08,17.1796
2026-10-05,2006-02-09,3.9722
2026-10-05,2006-02-10,81.514
2026-10-05,2006-02-13,169.7697
2026-10-05,2006-02-14,222.2054
2026-10-05,2006-02-15,172.1027
2026-10-05,2006-02-16,228.7064
2026-10-05,2006-02-17,267.2681
2026-10-05,2006-02-20,17.0045
2026-10-05,2006-02-21,149.8393
2026-10-05,2006-02-22,282.3549
2026-10-05,2006-02-23,141.3194
2026-10-05,2006-02-24,174.746
2026-10-05,2006-02-27,86.8159
2026-10-05,2006-02-28,127.7235
2026-10-05,2006-03-01,274.3997
2026-10-05,2006-03-02,231.4429
2026-10-05,2006-03-03,189.8657
2026-10-05,2006-03-06,203.4642
2026-10-05,2006-03-07,233.6342
2026-10-05,2006-03-08,36.0686
2026-10-05,2006-03-09,135.892
2026-10-05,2006-03-10,255.3294
2026-10-05,2006-03-13,2.2273
2026-10-05,2006-03-14,27.8339
2026-10-05,2006-03-15,93.8517
2026-10-05,2006-03-16,270.6533
2026-10-05,2006-03-17,266.8491
2026-10-05,2006-03-20,196.2349
2026-10-05,2006-03-21,6.3901
2026-10-05,2006-03-22,107.9975
2026-10-05,2006-03-23,47.164
2026-10-05,2006-03-27,46.4679
2026-10-05,2006-03-28,0.0932
2026-10-05,2006-03-29,153.5826
2026-10-05,2006-03-30,103.9028
2026-10-05,2006-03-31,37.9656
2026-10-05,2006-04-03,30.1683
2026-10-05,2006-04-04,86.7606
2026-10-05,2006-04-05,174.1268
2026-10-05,2006-04-06,193.9789
2026-10-05,2006-04-07,57.5942
2026-10-05,2006-04-10,80.4187
2026-10-05,2006-04-11,216.1543
2026-10-05,2006-04-12,254.306
2026-10-05,2006-04-17,294.4367
2026-10-05,2006-04-18,284.8197
2026-10-05,2006-04-19,180.0969
2026-10-05,2006-04-20,227.6769
2026-10-05,2006-04-21,260.4594
2026-10-05,2006-04-24,314.1528
2026-10-05,2006-04-25,325.8722
2026-10-05,2006-04-26,237.0613
2026-10-05,2006-04-27,279.0311
2026-10-05,2006-04-28,238.1102
2026-10-05,2006-05-02,334.5599
2026-10-05,2006-05-03,292.3386
2026-10-05,2006-05-04,290.416
2026-10-05,2006-05-05,290.4597
2026-10-05,2006-05-08,291.164
2026-10-05,2006-05-09,259.7508
2026-10-05,2006-05-10,289.8579
2026-10-05,2006-05-11,228.4536
2026-10-05,2006-05-12,94.9381
2026-10-05,2006-05-15,304.5718
2026-10-05,2006-05-16,243.331
2026-10-05,2006-05-17,281.0003
2026-10-05,2006-05-18,159.731
2026-10-05,2006-05-19,178.96
2026-10-05,2006-05-22,132.4945
2026-10-05,2006-05-23,314.395
2026-10-05,2006-05-24,-22.74
2026-10-05,2006-05-26,170.7367
2026-10-05,2006-05-29,0.9315
2026-10-05,2006-05-30,-0.9054
2026-10-05,2006-05-31,-76.0244
2026-10-05,2006-06-01,19.9655
2026-10-05,2006-06-02,234.7835
2026-10-05,2006-06-05,263.3165
2026-10-05,2006-06-06,23.7911
2026-10-05,2006-06-07,275.2304
2026-10-05,2006-06-08,126.9873
2026-10-05,2006-06-09,216.284
2026-10-05,2006-06-12,169.9609
2026-10-05,2006-06-13,223.115
2026-10-05,2006-06-14,36.3996
2026-10-05,2006-06-15,253.039
2026-10-05,2006-06-16,329.8449
2026-10-05,2006-06-20,144.6054
2026-10-05,2006-06-21,275.6006
2026-10-05,2006-06-22,177.9046
2026-10-05,2006-06-23,200.4307
2026-10-05,2006-06-26,224.1523
2026-10-05,2006-06-27,75.9643
2026-10-05,2006-06-28,-15.1581
2026-10-05,2006-06-29,78.6654
2026-10-05,2006-06-30,250.3076
2026-10-05,2006-07-03,206.5222
2026-10-05,2006-07-04,1.1069
2026-10-05,2006-07-05,346.0182
2026-10-05,2006-07-06,251.602
2026-10-05,2006-07-07,287.631
2026-10-05,2006-07-10,84.8059
2026-10-05,2006-07-11,164.5042
2026-10-05,2006-07-12,277.1726
2026-10-05,2006-07-13,210.4251
2026-10-05,2006-07-14,109.983
2026-10-05,2006-07-17,198.2687
2026-10-05,2006-07-18,208.322
2026-10-05,2006-07-19,204.5358
2026-10-05,2006-07-20,72.5384
2026-10-05,2006-07-21,171.2349
2026-10-05,2006-07-24,5.3116
2026-10-05,2006-07-25,173.9473
2026-10-05,2006-07-26,212.5887
2026-10-05,2006-07-27,-5.7409
2026-10-05,2006-07-28,52.4259
2026-10-05,2006-07-31,369.812
2026-10-05,2006-08-01,234.1575
2026-10-05,2006-08-02,86.3439
2026-10-05,2006-08-03,178.0254
2026-10-05,2006-08-04,456.0076
2026-10-05,2006-08-07,262.5862
2026-10-05,2006-08-08,177.6088
2026-10-05,2006-08-09,279.1047
2026-10-05,2006-08-10,396.8417
2026-10-05,2006-08-11,303.246
2026-10-05,2006-08-14,252.778
2026-10-05,2006-08-15,292.657
2026-10-05,2006-08-16,421.7055
2026-10-05,2006-08-17,244.4175
2026-10-05,2006-08-18,158.6416
2026-10-05,2006-08-22,227.6948
2026-10-05,2006-08-23,207.2339
2026-10-05,2006-08-24,225.8651
2026-10-05,2006-08-25,191.3966
2026-10-05,2006-08-28,1.0529
2026-10-05,2006-08-29,154.0163
2026-10-05,2006-08-30,156.2823
2026-10-05,2006-08-31,50.2912
2026-10-05,2006-09-01,157.122
2026-10-05,2006-09-04,1.1451
2026-10-05,2006-09-05,156.6159
2026-10-05,2006-09-06,101.968
2026-10-05,2006-09-07,-10.685
2026-10-05,2006-09-08,190.789
2026-10-05,2006-09-11,137.6543
2026-10-05,2006-09-12,152.3859
2026-10-05,2006-09-13,-2.5594
2026-10-05,2006-09-14,195.8108
2026-10-05,2006-09-15,182.2503
2026-10-05,2006-09-18,147.1262
2026-10-05,2006-09-19,122.8881
2026-10-05,2006-09-20,93.4068
2026-10-05,2006-09-21,-34.5609
2026-10-05,2006-09-22,174.494
2026-10-05,2006-09-25,203.2493
2026-10-05,2006-09-26,12.2928
2026-10-05,2006-09-27,-12.0006
2026-10-05,2006-09-28,0.7539
2026-10-05,2006-09-29,15.97
2026-10-05,2006-10-02,66.5164
2026-10-05,2006-10-03,113.2627
2026-10-05,2006-10-04,138.451
2026-10-05,2006-10-05,169.3191
2026-10-05,2006-10-06,170.2493
2026-10-05,2006-10-09,1.709
2026-10-05,2006-10-10,144.6394
2026-10-05,2006-10-11,155.1036
2026-10-05,2006-10-12,183.1688
2026-10-05,2006-10-13,223.0526
2026-10-05,2006-10-17,225.907
2026-10-05,2006-10-18,267.5679
2026-10-05,2006-10-19,148.8468
2026-10-05,2006-10-20,183.0024
2026-10-05,2006-10-23,216.4487
2026-10-05,2006-10-24,178.3367
2026-10-05,2006-10-25,122.4768
2026-10-05,2006-10-26,163.0998
2026-10-05,2006-10-27,115.5717
2026-10-05,2006-10-30,49.722
2026-10-05,2006-10-31,189.5827
2026-10-05,2006-11-01,218.7098
2026-10-05,2006-11-02,244.1792
2026-10-05,2006-11-03,177.5691
2026-10-05,2006-11-07,374.5106
2026-10-05,2006-11-08,395.9711
2026-10-05,2006-11-09,260.7263
2026-10-05,2006-11-10,130.0454
2026-10-05,2006-11-13,211.1404
2026-10-05,2006-11-14,208.6033
2026-10-05,2006-11-15,296.4525
2026-10-05,2006-11-16,156.8211
2026-10-05,2006-11-17,63.7989
2026-10-05,2006-11-20,154.0343
2026-10-05,2006-11-21,187.4713
2026-10-05,2006-11-22,209.3727
2026-10-05,2006-11-23,2.2242
2026-10-05,2006-11-24,167.6846
2026-10-05,2006-11-27,144.9933
2026-10-05,2006-11-28,240.265
2026-10-05,2006-11-29,136.0235
2026-10-05,2006-11-30,322.2166
2026-10-05,2006-12-01,187.3718
2026-10-05,2006-12-04,81.252
2026-10-05,2006-12-05,365.8647
2026-10-05,2006-12-06,251.7782
2026-10-05,2006-12-07,191.4525
2026-10-05,2006-12-11,202.4353
2026-10-05,2006-12-12,316.535
2026-10-05,2006-12-13,202.8183
2026-10-05,2006-12-14,204.3066
2026-10-05,2006-12-15,385.3948
2026-10-05,2006-12-18,312.3013
2026-10-05,2006-12-19,246.5961
2026-10-05,2006-12-20,452.3806
2026-10-05,2006-12-21,407.2378
2026-10-05,2006-12-22,312.775
2026-10-05,2006-12-26,243.3493
2026-10-05,2006-12-27,427.7236
2026-10-05,2006-12-28,450.991
2026-10-05,2006-12-29,389.989
2026-10-05,2007-01-02,442.086
2026-10-05,2007-01-03,448.8338
2026-10-05,2007-01-04,198.2702
2026-10-05,2007-01-05,238.8766
2026-10-05,2007-01-08,175.384
2026-10-05,2007-01-09,177.6055
2026-10-05,2007-01-10,303.899
2026-10-05,2007-01-11,346.794
2026-10-05,2007-01-12,162.5485
2026-10-05,2007-01-15,0.9443
2026-10-05,2007-01-16,234.0871
2026-10-05,2007-01-17,203.6802
2026-10-05,2007-01-18,105.0716
2026-10-05,2007-01-19,262.3104
2026-10-05,2007-01-22,43.276
2026-10-05,2007-01-23,147.5701
2026-10-05,2007-01-24,183.3786
2026-10-05,2007-01-25,126.8176
2026-10-05,2007-01-26,0.5946
2026-10-05,2007-01-29,0.58
2026-10-05,2007-01-30,17.0025
2026-10-05,2007-01-31,67.6151
2026-10-05,2007-02-01,167.919
2026-10-05,2007-02-02,248.8788
2026-10-05,2007-02-05,215.303
2026-10-05,2007-02-06,252.0615
2026-10-05,2007-02-07,224.4894
2026-10-05,2007-02-08,153.12
2026-10-05,2007-02-09,55.8196
2026-10-05,2007-02-12,225.6186
2026-10-05,2007-02-13,191.1147
2026-10-05,2007-02-14,245.5888
2026-10-05,2007-02-15,125.68
2026-10-05,2007-02-16,16.5674
2026-10-05,2007-02-19,1.062
2026-10-05,2007-02-20,80.1438
2026-10-05,2007-02-21,8.041
2026-10-05,2007-02-22,88.5036
2026-10-05,2007-02-23,28.6464
2026-10-05,2007-02-26,29.5893
2026-10-05,2007-02-27,63.8595
2026-10-05,2007-02-28,203.624
2026-10-05,2007-03-01,260.197
2026-10-05,2007-03-02,221.7775
2026-10-05,2007-03-05,213.0148
2026-10-05,2007-03-06,152.9448
2026-10-05,2007-03-07,237.701
2026-10-05,2007-03-08,234.0578
2026-10-05,2007-03-09,167.5039
2026-10-05,2007-03-12,220.96
2026-10-05,2007-03-13,219.6324
2026-10-05,2007-03-14,225.888
2026-10-05,2007-03-15,272.7686
2026-10-05,2007-03-16,345.7277
2026-10-05,2007-03-19,189.528
2026-10-05,2007-03-20,228.2938
2026-10-05,2007-03-21,221.015
2026-10-05,2007-03-22,166.368
2026-10-05,2007-03-23,248.3
2026-10-05,2007-03-26,213.4617
2026-10-05,2007-03-27,253.156
2026-10-05,2007-03-28,253.894
2026-10-05,2007-03-29,233.4828
2026-10-05,2007-03-30,266.9203
2026-10-05,2007-04-03,158.8666
2026-10-05,2007-04-04,259.955
2026-10-05,2007-04-09,335.928
2026-10-05,2007-04-10,294.678
2026-10-05,2007-04-11,536.8696
2026-10-05,2007-04-12,513.5995
2026-10-05,2007-04-13,24.9817
2026-10-05,2007-04-16,243.081
2026-10-05,2007-04-17,344.733
2026-10-05,2007-04-18,440.8621
2026-10-05,2007-04-19,142.9948
2026-10-05,2007-04-20,115.0294
2026-10-05,2007-04-23,286.796
2026-10-05,2007-04-24,314.5958
2026-10-05,2007-04-25,304.6851
2026-10-05,2007-04-26,39.275
2026-10-05,2007-04-27,181.9084
2026-10-05,2007-04-30,395.1483
2026-10-05,2007-05-02,363.4758
2026-10-05,2007-05-03,148.947
2026-10-05,2007-05-04,214.026
2026-10-05,2007-05-07,502.2604
2026-10-05,2007-05-08,441.2262
2026-10-05,2007-05-09,544.378
2026-10-05,2007-05-10,45.1115
2026-10-05,2007-05-11,68.0919
2026-10-05,2007-05-14,148.093
2026-10-05,2007-05-15,398.537
2026-10-05,2007-05-16,206.782
2026-10-05,2007-05-17,313.3043
2026-10-05,2007-05-18,90.797
2026-10-05,2007-05-21,222.9765
2026-10-05,2007-05-22,695.2036
2026-10-05,2007-05-23,142.881
2026-10-05,2007-05-24,0
2026-10-05,2007-05-28,0
2026-10-05,2007-05-29,233.593
2026-10-05,2007-05-30,237.804
2026-10-05,2007-05-31,424.5452
2026-10-05,2007-06-01,350.107
2026-10-05,2007-06-04,325.8942
2026-10-05,2007-06-05,627.7246
2026-10-05,2007-06-06,149.8067
2026-10-05,2007-06-07,106.122
2026-10-05,2007-06-08,252.0138
2026-10-05,2007-06-11,599.2435
2026-10-05,2007-06-12,102.418
2026-10-05,2007-06-13,264.0566
2026-10-05,2007-06-14,369.353
2026-10-05,2007-06-15,567.042
2026-10-05,2007-06-19,370.1291
2026-10-05,2007-06-20,693.0735
2026-10-05,2007-06-21,367.262
2026-10-05,2007-06-22,134.0735
2026-10-05,2007-06-25,97.1195
2026-10-05,2007-06-26,44.77
2026-10-05,2007-06-27,149.7179
2026-10-05,2007-06-28,235.2354
2026-10-05,2007-06-29,385.571
2026-10-05,2007-07-02,183.867
2026-10-05,2007-07-03,57.492
2026-10-05,2007-07-04,0
2026-10-05,2007-07-05,105.443
2026-10-05,2007-07-06,60.54
2026-10-05,2007-07-10,114.864
2026-10-05,2007-07-11,527.868
2026-10-05,2007-07-12,210.754
2026-10-05,2007-07-13,79.97
2026-10-05,2007-07-16,43.41
2026-10-05,2007-07-17,187.639
2026-10-05,2007-07-18,120.979
2026-10-05,2007-07-19,117.927
2026-10-05,2007-07-20,31.089
2026-10-05,2007-07-23,31.102
2026-10-05,2007-07-24,0
2026-10-05,2007-07-25,-40.834
2026-10-05,2007-07-26,-274.863
2026-10-05,2007-07-27,47.328
2026-10-05,2007-07-30,-25.02
2026-10-05,2007-07-31,59.258
2026-10-05,2007-08-01,-224.246
2026-10-05,2007-08-02,148.768
2026-10-05,2007-08-03,-255.8114
2026-10-05,2007-08-06,-21.08
2026-10-05,2007-08-07,17.272
2026-10-05,2007-08-08,12.536
2026-10-05,2007-08-09,1.145
2026-10-05,2007-08-10,-175.829
2026-10-05,2007-08-13,-36.159
2026-10-05,2007-08-14,-77.044
2026-10-05,2007-08-15,-99.2665
2026-10-05,2007-08-16,-199.348
2026-10-05,2007-08-17,-56.72
2026-10-05,2007-08-21,0
2026-10-05,2007-08-22,33.83
2026-10-05,2007-08-23,5.694
2026-10-05,2007-08-24,-741.33
2026-10-05,2007-08-27,-399.471
2026-10-05,2007-08-28,-421.311
2026-10-05,2007-08-29,26.87
2026-10-05,2007-08-30,36.331
2026-10-05,2007-08-31,15.775
2026-10-05,2007-09-03,0
2026-10-05,2007-09-04,75.867
2026-10-05,2007-09-05,-16.81
2026-10-05,2007-09-06,102.801
2026-10-05,2007-09-07,-98.08
2026-10-05,2007-09-10,-53.753
2026-10-05,2007-09-11,19.163
2026-10-05,2007-09-12,307.39
2026-10-05,2007-09-13,276.551
2026-10-05,2007-09-14,178.621
2026-10-05,2007-09-17,-20.7055
2026-10-05,2007-09-18,12.538
2026-10-05,2007-09-19,-6.261
2026-10-05,2007-09-20,-4.705
2026-10-05,2007-09-21,-198.105
2026-10-05,2007-09-24,-39.3525
2026-10-05,2007-09-25,66.053
2026-10-05,2007-09-26,25.16
2026-10-05,2007-09-27,-306.868
2026-10-05,2007-09-28,-228.4809
2026-10-05,2007-10-01,-83.475
2026-10-05,2007-10-02,-63.579
2026-10-05,2007-10-03,-33.698
2026-10-05,2007-10-04,-93.691
2026-10-05,2007-10-05,0
2026-10-05,2007-10-08,0
2026-10-05,2007-10-09,-47.403
2026-10-05,2007-10-10,-26.8885
2026-10-05,2007-10-11,0
2026-10-05,2007-10-12,99.426
2026-10-05,2007-10-16,-12.646
2026-10-05,2007-10-17,37.905
2026-10-05,2007-10-18,9.487
2026-10-05,2007-10-19,-50.61
2026-10-05,2007-10-22,-12.676
2026-10-05,2007-10-23,-216.887
2026-10-05,2007-10-24,-506.099
2026-10-05,2007-10-25,-398.08
2026-10-05,2007-10-26,-234.566
2026-10-05,2007-10-29,-120.7755
2026-10-05,2007-10-30,-48.166
2026-10-05,2007-10-31,-547.026
2026-10-05,2007-11-01,148.502
2026-10-05,2007-11-02,221.299
2026-10-05,2007-11-05,195.706
2026-10-05,2007-11-07,228.989
2026-10-05,2007-11-08,154.039
2026-10-05,2007-11-09,0
2026-10-05,2007-11-12,0
2026-10-05,2007-11-13,74.923
2026-10-05,2007-11-14,255.054
2026-10-05,2007-11-15,331.026
2026-10-05,2007-11-16,246.888
2026-10-05,2007-11-19,11.892
2026-10-05,2007-11-20,350.6075
2026-10-05,2007-11-21,102.933
2026-10-05,2007-11-22,0
2026-10-05,2007-11-23,36.775
2026-10-05,2007-11-26,355.2255
2026-10-05,2007-11-27,111.632
2026-10-05,2007-11-28,177.877
2026-10-05,2007-11-29,315.2505
2026-10-05,2007-11-30,-14.769
2026-10-05,2007-12-03,50.23
2026-10-05,2007-12-04,370.149
2026-10-05,2007-12-05,299.419
2026-10-05,2007-12-06,385.099
2026-10-05,2007-12-07,404.805
2026-10-05,2007-12-10,40.804
2026-10-05,2007-12-11,302.43
2026-10-05,2007-12-12,400.216
2026-10-05,2007-12-13,413.683
2026-10-05,2007-12-14,-30.834
2026-10-05,2007-12-17,-109.976
2026-10-05,2007-12-18,-50.211
2026-10-05,2007-12-19,243.393
2026-10-05,2007-12-20,387.2115
2026-10-05,2007-12-21,91.3323
2026-10-05,2007-12-26,86.407
2026-10-05,2007-12-27,127.18
2026-10-05,2007-12-28,508.452
2026-10-05,2008-01-02,397.851
2026-10-05,2008-01-03,455.759
2026-10-05,2008-01-04,50.239
2026-10-05,2008-01-07,575.456
2026-10-05,2008-01-08,283.308
2026-10-05,2008-01-09,339.1697
2026-10-05,2008-01-10,670.933
2026-10-05,2008-01-11,261.2047
2026-10-05,2008-01-14,588.764
2026-10-05,2008-01-15,124.046
2026-10-05,2008-01-16,475.301
2026-10-05,2008-01-17,82.8245
2026-10-05,2008-01-18,22.064
2026-10-05,2008-01-21,0
2026-10-05,2008-01-22,115.1685
2026-10-05,2008-01-23,82.0784
2026-10-05,2008-01-24,169.0524
2026-10-05,2008-01-25,309.7887
2026-10-05,2008-01-28,92.967
2026-10-05,2008-01-29,140.202
2026-10-05,2008-01-30,6.312
2026-10-05,2008-01-31,104.1665
2026-10-05,2008-02-01,45.735
2026-10-05,2008-02-04,101.0115
2026-10-05,2008-02-05,-6.3217
2026-10-05,2008-02-06,38.006
2026-10-05,2008-02-07,229.662
2026-10-05,2008-02-08,22.181
2026-10-05,2008-02-11,0
2026-10-05,2008-02-12,49.017
2026-10-05,2008-02-13,56.894
2026-10-05,2008-02-14,0
2026-10-05,2008-02-15,15.758
2026-10-05,2008-02-18,0
2026-10-05,2008-02-19,0
2026-10-05,2008-02-20,-39.423
2026-10-05,2008-02-21,123.416
2026-10-05,2008-02-22,431.3697
2026-10-05,2008-02-25,233.92
2026-10-05,2008-02-26,314.902
2026-10-05,2008-02-27,0
2026-10-05,2008-02-28,0
2026-10-05,2008-02-29,-92.3666
2026-10-05,2008-03-03,-17.3745
2026-10-05,2008-03-04,0
2026-10-05,2008-03-05,162.304
2026-10-05,2008-03-06,165.825
2026-10-05,2008-03-07,146.732
2026-10-05,2008-03-10,0
2026-10-05,2008-03-11,171.1633
2026-10-05,2008-03-12,424.093
2026-10-05,2008-03-13,0
2026-10-05,2008-03-14,297.511
2026-10-05,2008-03-17,470.455
2026-10-05,2008-03-18,365.2044
2026-10-05,2008-03-19,369.252
2026-10-05,2008-03-25,166
2026-10-05,2008-03-26,-1.584
2026-10-05,2008-03-27,-161.1694
2026-10-05,2008-03-28,-251.401
2026-10-05,2008-03-31,-579.9747
2026-10-05,2008-04-01,-119.9991
2026-10-05,2008-04-03,-53.812
2026-10-05,2008-04-04,-197.682
2026-10-05,2008-04-07,-94.829
2026-10-05,2008-04-08,0
2026-10-05,2008-04-09,-72.657
2026-10-05,2008-04-10,0
2026-10-05,2008-04-11,119.802
2026-10-05,2008-04-14,153.585
2026-10-05,2008-04-15,399.358
2026-10-05,2008-04-16,3.1633
2026-10-05,2008-04-17,123.474
2026-10-05,2008-04-18,-172.493
2026-10-05,2008-04-21,25.388
2026-10-05,2008-04-22,-278.615
2026-10-05,2008-04-23,0
2026-10-05,2008-04-24,0
2026-10-05,2008-04-25,-1164.538
2026-10-05,2008-04-28,-7.932
2026-10-05,2008-04-29,153.6352
2026-10-05,2008-04-30,56.318
2026-10-05,2008-05-02,320.5391
2026-10-05,2008-05-05,103.138
2026-10-05,2008-05-06,-145.155
2026-10-05,2008-05-07,-36.2761
2026-10-05,2008-05-08,-148.916
2026-10-05,2008-05-09,-387.466
2026-10-05,2008-05-12,-545.281
2026-10-05,2008-05-13,-909.0795
2026-10-05,2008-05-14,-526.9448
2026-10-05,2008-05-15,-303.3397
2026-10-05,2008-05-16,-290.6951
2026-10-05,2008-05-19,-83.307
2026-10-05,2008-05-20,-411.6894
2026-10-05,2008-05-21,-223.6645
2026-10-05,2008-05-22,-237.863
2026-10-05,2008-05-23,-596.402
2026-10-05,2008-05-26,0
2026-10-05,2008-05-27,-617.9691
2026-10-05,2008-05-28,-133.704
2026-10-05,2008-05-29,-0.934
2026-10-05,2008-05-30,-28.854
2026-10-05,2008-06-02,-28.793
2026-10-05,2008-06-03,-0.923
2026-10-05,2008-06-04,8.266
2026-10-05,2008-06-05,-216.7755
2026-10-05,2008-06-06,-366.1755
2026-10-05,2008-06-09,-319.085
2026-10-05,2008-06-10,-34.5709
2026-10-05,2008-06-11,-47.13
2026-10-05,2008-06-12,-13.442
2026-10-05,2008-06-13,-40.4779
2026-10-05,2008-06-17,-31.311
2026-10-05,2008-06-18,0
2026-10-05,2008-06-19,-0.9
2026-10-05,2008-06-20,-0.908
2026-10-05,2008-06-23,-31.12
2026-10-05,2008-06-24,-22.0226
2026-10-05,2008-06-25,-14.473
2026-10-05,2008-06-26,-57.459
2026-10-05,2008-06-27,-416.7707
2026-10-05,2008-06-30,-432.751
2026-10-05,2008-07-01,-24.208
2026-10-05,2008-07-02,-10.577
2026-10-05,2008-07-03,55.239
2026-10-05,2008-07-04,0
2026-10-05,2008-07-07,333.9416
2026-10-05,2008-07-08,148.648
2026-10-05,2008-07-10,290.5173
2026-10-05,2008-07-11,218.1195
2026-10-05,2008-07-14,-0.906
2026-10-05,2008-07-15,196.528
2026-10-05,2008-07-16,66.483
2026-10-05,2008-07-17,226.0395
2026-10-05,2008-07-18,682.62
2026-10-05,2008-07-21,322.932
2026-10-05,2008-07-22,-9.9858
2026-10-05,2008-07-23,-0.604
2026-10-05,2008-07-24,254.254
2026-10-05,2008-07-25,40.132
2026-10-05,2008-07-28,14.487
2026-10-05,2008-07-29,-33.8767
2026-10-05,2008-07-30,-200.3218
2026-10-05,2008-07-31,-143.8222
2026-10-05,2008-08-01,-315.3803
2026-10-05,2008-08-04,-1.498
2026-10-05,2008-08-05,216.1537
2026-10-05,2008-08-06,213.045
2026-10-05,2008-08-07,-24.376
2026-10-05,2008-08-08,-227.314
2026-10-05,2008-08-11,-6.094
2026-10-05,2008-08-12,135.9375
2026-10-05,2008-08-13,25.4154
2026-10-05,2008-08-14,34.216
2026-10-05,2008-08-15,178.1122
2026-10-05,2008-08-19,439.591
2026-10-05,2008-08-20,324.3495
2026-10-05,2008-08-21,255.635
2026-10-05,2008-08-22,243.387
2026-10-05,2008-08-25,114.9655
2026-10-05,2008-08-26,175.2056
2026-10-05,2008-08-27,-2.4295
2026-10-05,2008-08-28,134.079
2026-10-05,2008-08-29,66.647
2026-10-05,2008-09-01,-0.9096
2026-10-05,2008-09-02,33.879
2026-10-05,2008-09-03,-0.899
2026-10-05,2008-09-04,0
2026-10-05,2008-09-05,107.8855
2026-10-05,2008-09-08,294.6976
2026-10-05,2008-09-09,393.716
2026-10-05,2008-09-10,-12.297
2026-10-05,2008-09-11,-289.693
2026-10-05,2008-09-12,-96.174
2026-10-05,2008-09-15,-65.409
2026-10-05,2008-09-16,-140.747
2026-10-05,2008-09-17,-288.2825
2026-10-05,2008-09-18,-394.329
2026-10-05,2008-09-19,-3.737
2026-10-05,2008-09-22,-36.752
2026-10-05,2008-09-23,88.345
2026-10-05,2008-09-24,31.053
2026-10-05,2008-09-25,84.018
2026-10-05,2008-09-26,112.173
2026-10-05,2008-09-29,127.893
2026-10-05,2008-09-30,-343.171
2026-10-05,2008-10-01,-74.3925
2026-10-05,2008-10-02,-136.93
2026-10-05,2008-10-03,-136.166
2026-10-05,2008-10-06,-470.5134
2026-10-05,2008-10-07,-229.534
2026-10-05,2008-10-08,-1102.302
2026-10-05,2008-10-09,-480.556
2026-10-05,2008-10-10,-1167.3266
2026-10-05,2008-10-14,-17.6995
2026-10-05,2008-10-15,67.1725
2026-10-05,2008-10-16,12.8032
2026-10-05,2008-10-17,-288.63
2026-10-05,2008-10-20,-413.45
2026-10-05,2008-10-21,-777.84
2026-10-05,2008-10-22,-153.222
2026-10-05,2008-10-23,-707.34
2026-10-05,2008-10-24,-1122.681
2026-10-05,2008-10-27,-683.2906
2026-10-05,2008-10-28,-718.3187
2026-10-05,2008-10-29,-1022.293
2026-10-05,2008-10-30,14.062
2026-10-05,2008-10-31,-1779.7395
2026-10-05,2008-11-03,-372.2143
2026-10-05,2008-11-04,86.327
2026-10-05,2008-11-05,474.796
2026-10-05,2008-11-07,261.5466
2026-10-05,2008-11-10,376.4448
2026-10-05,2008-11-11,-1.982
2026-10-05,2008-11-12,421.338
2026-10-05,2008-11-13,261.5853
2026-10-05,2008-11-14,212.6755
2026-10-05,2008-11-17,242.8544
2026-10-05,2008-11-18,202.4541
2026-10-05,2008-11-19,-35.8226
2026-10-05,2008-11-20,97.497
2026-10-05,2008-11-21,-15.66
2026-10-05,2008-11-24,-98.463
2026-10-05,2008-11-25,-80.4975
2026-10-05,2008-11-26,1.6875
2026-10-05,2008-11-27,5.034
2026-10-05,2008-11-28,-61.596
2026-10-05,2008-12-01,-92.872
2026-10-05,2008-12-02,-86.1084
2026-10-05,2008-12-03,-108.092
2026-10-05,2008-12-04,-105.5117
2026-10-05,2008-12-05,-211.997
2026-10-05,2008-12-09,-186.84
2026-10-05,2008-12-10,-23.92
2026-10-05,2008-12-11,-18.5672
2026-10-05,2008-12-12,419.3352
2026-10-05,2008-12-15,14.975
2026-10-05,2008-12-16,101.8044
2026-10-05,2008-12-17,407.9603
2026-10-05,2008-12-18,281.27
2026-10-05,2008-12-19,420.3023
2026-10-05,2008-12-22,555.1008
2026-10-05,2008-12-23,420.6125
2026-10-05,2008-12-24,0
2026-10-05,2008-12-26,0
2026-10-05,2008-12-29,561.3155
2026-10-05,2008-12-30,154.5875
2026-10-05,2008-12-31,31.07
2026-10-05,2009-01-02,2.7633
2026-10-05,2009-01-05,-36.075
2026-10-05,2009-01-06,271.6269
2026-10-05,2009-01-07,155.559
2026-10-05,2009-01-08,18.9681
2026-10-05,2009-01-09,360.7935
2026-10-05,2009-01-12,130.7205
2026-10-05,2009-01-13,198.7204
2026-10-05,2009-01-14,320.25
2026-10-05,2009-01-15,125.336
2026-10-05,2009-01-16,251.9136
2026-10-05,2009-01-19,-2.4213
2026-10-05,2009-01-20,193.714
2026-10-05,2009-01-21,117.9223
2026-10-05,2009-01-22,199.768
2026-10-05,2009-01-23,31.281
2026-10-05,2009-01-26,-67.9808
2026-10-05,2009-01-27,-0.3481
2026-10-05,2009-01-28,-45.2768
2026-10-05,2009-01-29,-267.748
2026-10-05,2009-01-30,-768.9658
2026-10-05,2009-02-02,-175.161
2026-10-05,2009-02-03,-3.489
2026-10-05,2009-02-04,-379.9405
2026-10-05,2009-02-05,-30.334
2026-10-05,2009-02-06,-35.2245
2026-10-05,2009-02-09,-5.5805
2026-10-05,2009-02-10,20.2222
2026-10-05,2009-02-11,259.8038
2026-10-05,2009-02-12,111.051
2026-10-05,2009-02-13,207.505
2026-10-05,2009-02-16,0
2026-10-05,2009-02-17,202.2657
2026-10-05,2009-02-18,150.592
2026-10-05,2009-02-19,47.09
2026-10-05,2009-02-20,-26.1794
2026-10-05,2009-02-23,-4.5919
2026-10-05,2009-02-24,-95.8574
2026-10-05,2009-02-25,-151.692
2026-10-05,2009-02-26,-253.3973
2026-10-05,2009-02-27,-327.6462
2026-10-05,2009-03-02,-223.869
2026-10-05,2009-03-03,-415.3138
2026-10-05,2009-03-04,-68.9035
2026-10-05,2009-03-05,-417.8127
2026-10-05,2009-03-06,-209.9163
2026-10-05,2009-03-09,-466.5624
2026-10-05,2009-03-10,-356.2729
2026-10-05,2009-03-11,-105.7717
2026-10-05,2009-03-12,-413.605
2026-10-05,2009-03-13,-371.4839
2026-10-05,2009-03-16,-201.9954
2026-10-05,2009-03-17,-114.3707
2026-10-05,2009-03-18,-267.112
2026-10-05,2009-03-19,-391.083
2026-10-05,2009-03-20,-106.3475
2026-10-05,2009-03-23,-104.6505
2026-10-05,2009-03-25,-311.0551
2026-10-05,2009-03-26,-383.2112
2026-10-05,2009-03-27,-528.881
2026-10-05,2009-03-30,-612.6005
2026-10-05,2009-03-31,-751.6049
2026-10-05,2009-04-01,-714.0728
2026-10-05,2009-04-03,-128.4924
2026-10-05,2009-04-06,105.3359
2026-10-05,2009-04-07,128.2029
2026-10-05,2009-04-08,5.1365
2026-10-05,2009-04-13,404.2421
2026-10-05,2009-04-14,-51.5701
2026-10-05,2009-04-15,328.3741
2026-10-05,2009-04-16,240.075
2026-10-05,2009-04-17,143.5755
2026-10-05,2009-04-20,1.4763
2026-10-05,2009-04-21,-35.423
2026-10-05,2009-04-22,132.636
2026-10-05,2009-04-23,166.7305
2026-10-05,2009-04-24,44.3507
2026-10-05,2009-04-27,7.792
2026-10-05,2009-04-28,-77.1365
2026-10-05,2009-04-29,-129.8265
2026-10-05,2009-04-30,-359.3858
2026-10-05,2009-05-04,248.4199
2026-10-05,2009-05-05,273.8612
2026-10-05,2009-05-06,388.4101
2026-10-05,2009-05-07,475.4557
2026-10-05,2009-05-08,151.0097
2026-10-05,2009-05-11,273.762
2026-10-05,2009-05-12,432.9785
2026-10-05,2009-05-13,270.3589
2026-10-05,2009-05-14,267.9417
2026-10-05,2009-05-15,3.3228
2026-10-05,2009-05-18,175.59
2026-10-05,2009-05-19,177.4305
2026-10-05,2009-05-20,194.332
2026-10-05,2009-05-21,-30.271
2026-10-05,2009-05-22,-36.605
2026-10-05,2009-05-26,14.9485
2026-10-05,2009-05-27,-46.0019
2026-10-05,2009-05-28,-201.2967
2026-10-05,2009-05-29,-325.348
2026-10-05,2009-06-01,-19.49
2026-10-05,2009-06-02,-6.7412
2026-10-05,2009-06-03,-25.8319
2026-10-05,2009-06-04,19.0803
2026-10-05,2009-06-05,-8.7236
2026-10-05,2009-06-08,-202.908
2026-10-05,2009-06-09,-73.6782
2026-10-05,2009-06-10,-39.6495
2026-10-05,2009-06-11,-3.0297
2026-10-05,2009-06-12,35.384
2026-10-05,2009-06-16,-12.81
2026-10-05,2009-06-17,-46.1388
2026-10-05,2009-06-18,-98.7233
2026-10-05,2009-06-19,-87.5014
2026-10-05,2009-06-22,-467.323
2026-10-05,2009-06-23,-280.8315
2026-10-05,2009-06-24,-695.6155
2026-10-05,2009-06-25,-565.4438
2026-10-05,2009-06-26,-474.9277
2026-10-05,2009-06-29,-7.21
2026-10-05,2009-06-30,172.3415
2026-10-05,2009-07-01,-59.6549
2026-10-05,2009-07-02,-3.4217
2026-10-05,2009-07-03,-235.6559
2026-10-05,2009-07-06,-142.735
2026-10-05,2009-07-07,60.5024
2026-10-05,2009-07-08,-204.693
2026-10-05,2009-07-13,-78.1431
2026-10-05,2009-07-14,43.7515
2026-10-05,2009-07-15,0.3802
2026-10-05,2009-07-16,74.9899
2026-10-05,2009-07-17,140.474
2026-10-05,2009-07-20,11.4044
2026-10-05,2009-07-21,4.9492
2026-10-05,2009-07-22,-47.6017
2026-10-05,2009-07-23,49.1023
2026-10-05,2009-07-24,27.8046
2026-10-05,2009-07-27,-24.7683
2026-10-05,2009-07-28,-62.551
2026-10-05,2009-07-29,-302.8834
2026-10-05,2009-07-30,-231.7081
2026-10-05,2009-07-31,-290.2849
2026-10-05,2009-08-03,22.9527
2026-10-05,2009-08-04,165.141
2026-10-05,2009-08-05,254.6999
2026-10-05,2009-08-06,280.7482
2026-10-05,2009-08-07,280.4352
2026-10-05,2009-08-10,379.0514
2026-10-05,2009-08-11,52.0979
2026-10-05,2009-08-12,297.0885
2026-10-05,2009-08-13,91.7
2026-10-05,2009-08-14,-6.908
2026-10-05,2009-08-18,84.9955
2026-10-05,2009-08-19,-43.0695
2026-10-05,2009-08-20,-20.4049
2026-10-05,2009-08-21,-35.4236
2026-10-05,2009-08-24,-3.851
2026-10-05,2009-08-25,-7.3213
2026-10-05,2009-08-26,46.9492
2026-10-05,2009-08-27,31.556
2026-10-05,2009-08-28,214.41
2026-10-05,2009-08-31,-22.7368
2026-10-05,2009-09-01,221.8747
2026-10-05,2009-09-02,136.1489
2026-10-05,2009-09-03,180.377
2026-10-05,2009-09-04,177.7335
2026-10-05,2009-09-07,2.692
2026-10-05,2009-09-08,5.017
2026-10-05,2009-09-09,1.5384
2026-10-05,2009-09-10,-122.5657
2026-10-05,2009-09-11,-42.7892
2026-10-05,2009-09-14,-0.3856
2026-10-05,2009-09-15,616.4259
2026-10-05,2009-09-16,186.0494
2026-10-05,2009-09-17,12.644
2026-10-05,2009-09-18,10.383
2026-10-05,2009-09-21,399.4952
2026-10-05,2009-09-22,340.0995
2026-10-05,2009-09-23,-0.3839
2026-10-05,2009-09-24,260.8569
2026-10-05,2009-09-25,26.4796
2026-10-05,2009-09-28,-42.635
2026-10-05,2009-09-29,0
2026-10-05,2009-09-30,118.3702
2026-10-05,2009-10-01,128.238
2026-10-05,2009-10-02,-7.691
2026-10-05,2009-10-05,88.6816
2026-10-05,2009-10-06,652.3783
2026-10-05,2009-10-07,114.633
2026-10-05,2009-10-08,156.3864
2026-10-05,2009-10-09,82.705
2026-10-05,2009-10-13,707.7195
2026-10-05,2009-10-14,492.7623
2026-10-05,2009-10-15,652.1498
2026-10-05,2009-10-16,637.8555
2026-10-05,2009-10-19,11.466
2026-10-05,2009-10-20,451.6105
2026-10-05,2009-10-21,440.541
2026-10-05,2009-10-22,371.1122
2026-10-05,2009-10-23,-19.105
2026-10-05,2009-10-26,286.5
2026-10-05,2009-10-27,-0.764
2026-10-05,2009-10-28,0
2026-10-05,2009-10-29,0
2026-10-05,2009-10-30,397.175
2026-10-05,2009-11-02,412.452
2026-10-05,2009-11-03,55.361
2026-10-05,2009-11-04,338.9496
2026-10-05,2009-11-05,74.4315
2026-10-05,2009-11-09,662.4606
2026-10-05,2009-11-10,125.895
2026-10-05,2009-11-11,0
2026-10-05,2009-11-12,81.9795
2026-10-05,2009-11-13,26.7015
2026-10-05,2009-11-16,0
2026-10-05,2009-11-17,51.435
2026-10-05,2009-11-18,223.764
2026-10-05,2009-11-19,434.1011
2026-10-05,2009-11-20,220.02
2026-10-05,2009-11-23,564.1495
2026-10-05,2009-11-24,218.453
2026-10-05,2009-11-25,102.688
2026-10-05,2009-11-26,0
2026-10-05,2009-11-27,30.468
2026-10-05,2009-11-30,371.44
2026-10-05,2009-12-01,-7.624
2026-10-05,2009-12-02,41.923
2026-10-05,2009-12-03,34.293
2026-10-05,2009-12-04,86.4406
2026-10-05,2009-12-07,328.4683
2026-10-05,2009-12-09,214.7
2026-10-05,2009-12-10,174.859
2026-10-05,2009-12-11,433.158
2026-10-05,2009-12-14,341.302
2026-10-05,2009-12-15,238.997
2026-10-05,2009-12-16,337.186
2026-10-05,2009-12-17,297.1126
2026-10-05,2009-12-18,130.5982
2026-10-05,2009-12-21,83.4028
2026-10-05,2009-12-22,582.284
2026-10-05,2009-12-23,314.169
2026-10-05,2009-12-24,128.2288
2026-10-05,2009-12-28,722.29
2026-10-05,2009-12-29,239.47
2026-10-05,2009-12-30,351.407
2026-10-05,2009-12-31,129.174
2026-10-05,2010-01-04,443.565
2026-10-05,2010-01-05,208.565
2026-10-05,2010-01-06,98.0907
2026-10-05,2010-01-07,253.5315
2026-10-05,2010-01-08,-19.4118
2026-10-05,2010-01-11,23.5327
2026-10-05,2010-01-12,158.5429
2026-10-05,2010-01-13,530.3763
2026-10-05,2010-01-14,329.1118
2026-10-05,2010-01-15,49.7241
2026-10-05,2010-01-18,-2.659
2026-10-05,2010-01-19,215.616
2026-10-05,2010-01-20,255.3625
2026-10-05,2010-01-21,255.9632
2026-10-05,2010-01-22,81.3567
2026-10-05,2010-01-25,326.8835
2026-10-05,2010-01-26,73.511
2026-10-05,2010-01-27,107.8237
2026-10-05,2010-01-28,99.442
2026-10-05,2010-01-29,13.01
2026-10-05,2010-02-01,-3.072
2026-10-05,2010-02-02,-1.916
2026-10-05,2010-02-03,272.921
2026-10-05,2010-02-04,-3.073
2026-10-05,2010-02-05,-5.3842
2026-10-05,2010-02-08,-3.4599
2026-10-05,2010-02-09,-3.842
2026-10-05,2010-02-10,42.691
2026-10-05,2010-02-11,-3.464
2026-10-05,2010-02-12,-4.2398
2026-10-05,2010-02-15,-4.239
2026-10-05,2010-02-16,-87.1685
2026-10-05,2010-02-17,-62.841
2026-10-05,2010-02-18,-92.978
2026-10-05,2010-02-19,-38.59
2026-10-05,2010-02-22,-83.435
2026-10-05,2010-02-23,-390.477
2026-10-05,2010-02-24,-35.513
2026-10-05,2010-02-25,-423.517
2026-10-05,2010-02-26,35.897
2026-10-05,2010-03-01,-3.088
2026-10-05,2010-03-02,-3.086
2026-10-05,2010-03-03,-2.313
2026-10-05,2010-03-04,84.055
2026-10-05,2010-03-05,138.465
2026-10-05,2010-03-08,57.1122
2026-10-05,2010-03-09,121.2255
2026-10-05,2010-03-10,66.7392
2026-10-05,2010-03-11,458.052
2026-10-05,2010-03-12,402.0156
2026-10-05,2010-03-15,83.4199
2026-10-05,2010-03-16,173.4036
2026-10-05,2010-03-17,70.656
2026-10-05,2010-03-18,155.639
2026-10-05,2010-03-19,-3.4779
2026-10-05,2010-03-22,-2.3165
2026-10-05,2010-03-23,113.5795
2026-10-05,2010-03-25,144.2012
2026-10-05,2010-03-26,86.2438
2026-10-05,2010-03-29,-0.0003
2026-10-05,2010-03-30,-39.526
2026-10-05,2010-03-31,-0.3869
2026-10-05,2010-04-05,23.644
2026-10-05,2010-04-06,98.905
2026-10-05,2010-04-07,-164.767
2026-10-05,2010-04-08,-1.9378
2026-10-05,2010-04-09,614.7132
2026-10-05,2010-04-12,711.4764
2026-10-05,2010-04-13,421.85
2026-10-05,2010-04-14,50.745
2026-10-05,2010-04-15,-2.715
2026-10-05,2010-04-16,101.9222
2026-10-05,2010-04-19,572.154
2026-10-05,2010-04-20,471.678
2026-10-05,2010-04-21,257.747
2026-10-05,2010-04-22,244.4966
2026-10-05,2010-04-23,110.261
2026-10-05,2010-04-26,362.1896
2026-10-05,2010-04-27,251.7564
2026-10-05,2010-04-28,17.829
2026-10-05,2010-04-29,222.7807
2026-10-05,2010-04-30,146.075
2026-10-05,2010-05-03,409.4862
2026-10-05,2010-05-04,242.034
2026-10-05,2010-05-05,-122.4515
2026-10-05,2010-05-06,77.2405
2026-10-05,2010-05-07,813.178
2026-10-05,2010-05-10,833.4821
2026-10-05,2010-05-11,359.8969
2026-10-05,2010-05-12,608.8835
2026-10-05,2010-05-13,692.162
2026-10-05,2010-05-14,296.876
2026-10-05,2010-05-17,279.129
2026-10-05,2010-05-18,137.4153
2026-10-05,2010-05-19,-116.5635
2026-10-05,2010-05-20,351.053
2026-10-05,2010-05-21,659.281
2026-10-05,2010-05-26,416.77
2026-10-05,2010-05-27,46.936
2026-10-05,2010-05-28,-5.876
2026-10-05,2010-05-31,-1.57
2026-10-05,2010-06-01,-153.2546
2026-10-05,2010-06-02,-248.731
2026-10-05,2010-06-03,-1.962
2026-10-05,2010-06-04,307.563
2026-10-05,2010-06-07,-319.871
2026-10-05,2010-06-08,115.4925
2026-10-05,2010-06-09,534.1564
2026-10-05,2010-06-10,360.434
2026-10-05,2010-06-11,292.233
2026-10-05,2010-06-14,-102.064
2026-10-05,2010-06-15,476.6085
2026-10-05,2010-06-16,945.73
2026-10-05,2010-06-17,954.6462
2026-10-05,2010-06-18,418.5108
2026-10-05,2010-06-22,482.4804
2026-10-05,2010-06-23,-131.2273
2026-10-05,2010-06-24,181.8607
2026-10-05,2010-06-25,39.325
2026-10-05,2010-06-28,17.6888
2026-10-05,2010-06-29,-43.667
2026-10-05,2010-06-30,-1.179
2026-10-05,2010-07-01,283.7153
2026-10-05,2010-07-02,313.54
2026-10-05,2010-07-05,-1.575
2026-10-05,2010-07-06,497.3025
2026-10-05,2010-07-07,819.8236
2026-10-05,2010-07-08,1001.0932
2026-10-05,2010-07-12,294.419
2026-10-05,2010-07-13,426.6618
2026-10-05,2010-07-14,593.3915
2026-10-05,2010-07-15,447.8035
2026-10-05,2010-07-16,533.953
2026-10-05,2010-07-19,213.655
2026-10-05,2010-07-20,363.5
2026-10-05,2010-07-21,242.727
2026-10-05,2010-07-22,308.2719
2026-10-05,2010-07-23,236.1909
2026-10-05,2010-07-26,114.0289
2026-10-05,2010-07-27,95.5465
2026-10-05,2010-07-28,-2.361
2026-10-05,2010-07-29,-64.5473
2026-10-05,2010-07-30,-45.31
2026-10-05,2010-08-02,50.786
2026-10-05,2010-08-03,160.9249
2026-10-05,2010-08-04,471.1085
2026-10-05,2010-08-05,1.1793
2026-10-05,2010-08-06,135.6335
2026-10-05,2010-08-09,144.6615
2026-10-05,2010-08-10,115.651
2026-10-05,2010-08-11,64.523
2026-10-05,2010-08-12,572.4975
2026-10-05,2010-08-13,100.837
2026-10-05,2010-08-17,468.877
2026-10-05,2010-08-18,131.429
2026-10-05,2010-08-19,96.013
2026-10-05,2010-08-20,157.913
2026-10-05,2010-08-23,163.074
2026-10-05,2010-08-24,116.29
2026-10-05,2010-08-25,121.901
2026-10-05,2010-08-26,115.9819
2026-10-05,2010-08-27,167.219
2026-10-05,2010-08-30,-2.366
2026-10-05,2010-08-31,64.772
2026-10-05,2010-09-01,216.8005
2026-10-05,2010-09-02,388.971
2026-10-05,2010-09-03,326.8742
2026-10-05,2010-09-06,-0.394
2026-10-05,2010-09-07,279.7005
2026-10-05,2010-09-08,236.3642
2026-10-05,2010-09-09,327.028
2026-10-05,2010-09-10,242.285
2026-10-05,2010-09-13,204.85
2026-10-05,2010-09-14,327.767
2026-10-05,2010-09-15,278.0383
2026-10-05,2010-09-16,406.747
2026-10-05,2010-09-17,-1.975
2026-10-05,2010-09-20,110.2017
2026-10-05,2010-09-21,133.939
2026-10-05,2010-09-22,187.3005
2026-10-05,2010-09-23,156.1035
2026-10-05,2010-09-24,-1.977
2026-10-05,2010-09-27,84.7649
2026-10-05,2010-09-28,-1.984
2026-10-05,2010-09-29,-2.385
2026-10-05,2010-09-30,104.929
2026-10-05,2010-10-01,350.153
2026-10-05,2010-10-04,297.395
2026-10-05,2010-10-05,326.1785
2026-10-05,2010-10-06,131.731
2026-10-05,2010-10-07,463.244
2026-10-05,2010-10-08,341.929
2026-10-05,2010-10-12,259.0508
2026-10-05,2010-10-13,252.5433
2026-10-05,2010-10-14,349.192
2026-10-05,2010-10-15,120.539
2026-10-05,2010-10-18,330.5905
2026-10-05,2010-10-19,80.7
2026-10-05,2010-10-20,132.626
2026-10-05,2010-10-21,164.258
2026-10-05,2010-10-22,165.743
2026-10-05,2010-10-25,148.4655
2026-10-05,2010-10-26,27.3104
2026-10-05,2010-10-28,117.94
2026-10-05,2010-10-29,51.046
2026-10-05,2010-11-01,171.821
2026-10-05,2010-11-02,336.4295
2026-10-05,2010-11-03,265.7118
2026-10-05,2010-11-04,121.117
2026-10-05,2010-11-05,248.1631
2026-10-05,2010-11-08,86.724
2026-10-05,2010-11-09,209.9315
2026-10-05,2010-11-10,211.571
2026-10-05,2010-11-11,0
2026-10-05,2010-11-12,276.2707
2026-10-05,2010-11-15,69.4425
2026-10-05,2010-11-16,188.176
2026-10-05,2010-11-17,86.1185
2026-10-05,2010-11-18,333.677
2026-10-05,2010-11-19,116.0305
2026-10-05,2010-11-23,124.3515
2026-10-05,2010-11-24,441.0417
2026-10-05,2010-11-25,-0.397
2026-10-05,2010-11-26,167.077
2026-10-05,2010-11-29,-2.3894
2026-10-05,2010-11-30,213.16
2026-10-05,2010-12-01,65.3194
2026-10-05,2010-12-02,389.0965
2026-10-05,2010-12-03,406.154
2026-10-05,2010-12-06,154.704
2026-10-05,2010-12-07,166.327
2026-10-05,2010-12-09,163.084
2026-10-05,2010-12-10,201.917
2026-10-05,2010-12-13,156.527
2026-10-05,2010-12-14,186.371
2026-10-05,2010-12-15,164.917
2026-10-05,2010-12-16,236.1624
2026-10-05,2010-12-17,192.362
2026-10-05,2010-12-20,254.376
2026-10-05,2010-12-21,233.7503
2026-10-05,2010-12-22,541.6116
2026-10-05,2010-12-23,240.1011
2026-10-05,2010-12-27,236.6492
2026-10-05,2010-12-28,252.5237
2026-10-05,2010-12-29,477.3391
2026-10-05,2010-12-30,376.9444
2026-10-05,2010-12-31,0
2026-10-05,2011-01-03,120.8075
2026-10-05,2011-01-04,162.4955
2026-10-05,2011-01-05,231.1673
2026-10-05,2011-01-06,182.31
2026-10-05,2011-01-07,115.7075
2026-10-05,2011-01-10,216.0497
2026-10-05,2011-01-11,145.99
2026-10-05,2011-01-12,-2.3857
2026-10-05,2011-01-13,341.0753
2026-10-05,2011-01-14,240.2718
2026-10-05,2011-01-17,-0.796
2026-10-05,2011-01-18,210.9962
2026-10-05,2011-01-19,229.0225
2026-10-05,2011-01-20,195.962
2026-10-05,2011-01-21,252.9205
2026-10-05,2011-01-24,176.5357
2026-10-05,2011-01-25,21.947
2026-10-05,2011-01-26,320.2888
2026-10-05,2011-01-27,108.5835
2026-10-05,2011-01-28,-1.998
2026-10-05,2011-01-31,-4.001
2026-10-05,2011-02-01,44.8655
2026-10-05,2011-02-02,156.3485
2026-10-05,2011-02-03,150.5243
2026-10-05,2011-02-04,173.912
2026-10-05,2011-02-07,88.4191
2026-10-05,2011-02-08,206.4573
2026-10-05,2011-02-09,269.509
2026-10-05,2011-02-10,287.7373
2026-10-05,2011-02-11,214.3715
2026-10-05,2011-02-14,35.8133
2026-10-05,2011-02-15,193.5585
2026-10-05,2011-02-16,338.3369
2026-10-05,2011-02-17,199.1875
2026-10-05,2011-02-18,122.2855
2026-10-05,2011-02-21,-2.014
2026-10-05,2011-02-22,78.1415
2026-10-05,2011-02-23,74.137
2026-10-05,2011-02-24,323.851
2026-10-05,2011-02-25,409.3456
2026-10-05,2011-02-28,398.97
2026-10-05,2011-03-01,-2.4195
2026-10-05,2011-03-02,347.3864
2026-10-05,2011-03-03,576.569
2026-10-05,2011-03-04,270.3147
2026-10-05,2011-03-09,259.7266
2026-10-05,2011-03-10,435.053
2026-10-05,2011-03-11,549.289
2026-10-05,2011-03-14,297.3007
2026-10-05,2011-03-15,100.8239
2026-10-05,2011-03-16,122.727
2026-10-05,2011-03-17,239.108
2026-10-05,2011-03-18,527.038
2026-10-05,2011-03-21,-3.232
2026-10-05,2011-03-22,431.6067
2026-10-05,2011-03-23,456.3205
2026-10-05,2011-03-28,321.0932
2026-10-05,2011-03-29,281.249
2026-10-05,2011-03-30,157.951
2026-10-05,2011-03-31,233.919
2026-10-05,2011-04-01,-2.839
2026-10-05,2011-04-04,224.075
2026-10-05,2011-04-05,503.7937
2026-10-05,2011-04-06,520.8866
2026-10-05,2011-04-07,502.5706
2026-10-05,2011-04-08,352.7945
2026-10-05,2011-04-11,442.46
2026-10-05,2011-04-12,183.511
2026-10-05,2011-04-13,189.7786
2026-10-05,2011-04-14,297.7617
2026-10-05,2011-04-15,-2.4318
2026-10-05,2011-04-18,9.3508
2026-10-05,2011-04-19,192.778
2026-10-05,2011-04-20,340.863
2026-10-05,2011-04-25,302.5418
2026-10-05,2011-04-26,85.722
2026-10-05,2011-04-27,62.934
2026-10-05,2011-04-28,-329.123
2026-10-05,2011-04-29,-108.2092
2026-10-05,2011-05-02,-259.1349
2026-10-05,2011-05-03,442.055
2026-10-05,2011-05-04,98.873
2026-10-05,2011-05-05,-46.9275
2026-10-05,2011-05-06,37.944
2026-10-05,2011-05-09,-2.4493
2026-10-05,2011-05-10,569.8714
2026-10-05,2011-05-11,-246.9803
2026-10-05,2011-05-12,555.5592
2026-10-05,2011-05-13,832.7636
2026-10-05,2011-05-16,-35.531
2026-10-05,2011-05-17,-2.8598
2026-10-05,2011-05-18,-55.569
2026-10-05,2011-05-19,-90.3355
2026-10-05,2011-05-20,-146.3747
2026-10-05,2011-05-23,169.5345
2026-10-05,2011-05-24,503.8034
2026-10-05,2011-05-26,714.2315
2026-10-05,2011-05-27,1119.155
2026-10-05,2011-05-30,-2.658
2026-10-05,2011-05-31,-638.9066
2026-10-05,2011-06-01,190.953
2026-10-05,2011-06-02,243.763
2026-10-05,2011-06-03,119.8663
2026-10-05,2011-06-06,-9.0105
2026-10-05,2011-06-07,175.5476
2026-10-05,2011-06-08,-2.455
2026-10-05,2011-06-09,328.617
2026-10-05,2011-06-10,419.3865
2026-10-05,2011-06-13,623.6965
2026-10-05,2011-06-14,394.469
2026-10-05,2011-06-15,-11.055
2026-10-05,2011-06-16,155.1619
2026-10-05,2011-06-17,155.1955
2026-10-05,2011-06-21,5.3281
2026-10-05,2011-06-22,148.373
2026-10-05,2011-06-23,55.165
2026-10-05,2011-06-24,-63.1896
2026-10-05,2011-06-27,-51.686
2026-10-05,2011-06-28,110.3935
2026-10-05,2011-06-29,-23.8285
2026-10-05,2011-06-30,-434.0999
2026-10-05,2011-07-01,256.3743
2026-10-05,2011-07-04,-4.5257
2026-10-05,2011-07-05,-723.6816
2026-10-05,2011-07-06,-198.0808
2026-10-05,2011-07-07,-153.9849
2026-10-05,2011-07-08,257.0965
2026-10-05,2011-07-11,90.4745
2026-10-05,2011-07-12,339.9707
2026-10-05,2011-07-13,720.9375
2026-10-05,2011-07-14,557.7058
2026-10-05,2011-07-15,-8.6558
2026-10-05,2011-07-18,-4.9502
2026-10-05,2011-07-19,-94.921
2026-10-05,2011-07-20,-694.14
2026-10-05,2011-07-21,-4.1378
2026-10-05,2011-07-22,-4.968
2026-10-05,2011-07-25,-95.1983
2026-10-05,2011-07-26,187.3456
2026-10-05,2011-07-27,246.2115
2026-10-05,2011-07-28,-409.898
2026-10-05,2011-07-29,-217.4015
2026-10-05,2011-08-01,-172.846
2026-10-05,2011-08-02,-342.2695
2026-10-05,2011-08-03,-2.9043
2026-10-05,2011-08-04,-423.547
2026-10-05,2011-08-05,-44.0412
2026-10-05,2011-08-08,-953.0533
2026-10-05,2011-08-09,-360.744
2026-10-05,2011-08-10,177.4595
2026-10-05,2011-08-11,97.713
2026-10-05,2011-08-12,11.6447
2026-10-05,2011-08-15,-2.494
2026-10-05,2011-08-16,-430.2452
2026-10-05,2011-08-17,-63.3225
2026-10-05,2011-08-18,-218.0418
2026-10-05,2011-08-19,-2.5034
2026-10-05,2011-08-23,-194.8952
2026-10-05,2011-08-24,-406.1039
2026-10-05,2011-08-25,-236.573
2026-10-05,2011-08-26,-2.93
2026-10-05,2011-08-29,-37.69
2026-10-05,2011-08-30,-415.3351
2026-10-05,2011-08-31,-882.3056
2026-10-05,2011-09-01,-2.1015
2026-10-05,2011-09-02,-1048.6825
2026-10-05,2011-09-05,-2.103
2026-10-05,2011-09-06,-1328.8677
2026-10-05,2011-09-07,-208.246
2026-10-05,2011-09-08,-180.016
2026-10-05,2011-09-09,-2.102
2026-10-05,2011-09-12,1.0578
2026-10-05,2011-09-13,0
2026-10-05,2011-09-14,0
2026-10-05,2011-09-15,-268.279
2026-10-05,2011-09-16,-383.2435
2026-10-05,2011-09-19,-922.1565
2026-10-05,2011-09-20,-258.646
2026-10-05,2011-09-21,282.705
2026-10-05,2011-09-22,-2.099
2026-10-05,2011-09-23,-8.825
2026-10-05,2011-09-26,-468.1842
2026-10-05,2011-09-27,-603.4178
2026-10-05,2011-09-28,-143.474
2026-10-05,2011-09-29,-245.7402
2026-10-05,2011-09-30,-520.9584
2026-10-05,2011-10-03,-364.1528
2026-10-05,2011-10-04,-783.181
2026-10-05,2011-10-05,-427.345
2026-10-05,2011-10-06,167.5392
2026-10-05,2011-10-07,-552.6884
2026-10-05,2011-10-11,-691.6992
2026-10-05,2011-10-12,-66.7434
2026-10-05,2011-10-13,78.7861
2026-10-05,2011-10-14,42.18
2026-10-05,2011-10-17,-281.4655
2026-10-05,2011-10-18,-571.2195
2026-10-05,2011-10-19,-332.447
2026-10-05,2011-10-20,-948.3032
2026-10-05,2011-10-21,-258.6315
2026-10-05,2011-10-24,-591.2574
2026-10-05,2011-10-25,-719.4846
2026-10-05,2011-10-26,-726.899
2026-10-05,2011-10-27,-892.4405
2026-10-05,2011-10-28,-541.3607
2026-10-05,2011-10-31,-447.152
2026-10-05,2011-11-01,-273.328
2026-10-05,2011-11-02,26.613
2026-10-05,2011-11-03,-108.339
2026-10-05,2011-11-04,-280.1636
2026-10-05,2011-11-07,-317.6724
2026-10-05,2011-11-08,-181.156
2026-10-05,2011-11-09,108.641
2026-10-05,2011-11-10,-291.8207
2026-10-05,2011-11-11,-21.7611
2026-10-05,2011-11-14,-167.784
2026-10-05,2011-11-15,-21.319
2026-10-05,2011-11-16,127.7085
2026-10-05,2011-11-17,128.065
2026-10-05,2011-11-18,378.6243
2026-10-05,2011-11-21,238.433
2026-10-05,2011-11-22,340.2941
2026-10-05,2011-11-23,71.1597
2026-10-05,2011-11-24,0
2026-10-05,2011-11-25,344.063
2026-10-05,2011-11-29,39.2394
2026-10-05,2011-11-30,124.145
2026-10-05,2011-12-01,-55.6425
2026-10-05,2011-12-02,23.562
2026-10-05,2011-12-05,-210.014
2026-10-05,2011-12-06,383.2813
2026-10-05,2011-12-07,568.974
2026-10-05,2011-12-12,877.195
2026-10-05,2011-12-13,766.7998
2026-10-05,2011-12-14,595.877
2026-10-05,2011-12-15,726.046
2026-10-05,2011-12-16,407.3955
2026-10-05,2011-12-19,530.062
2026-10-05,2011-12-20,533.281
2026-10-05,2011-12-21,1193.604
2026-10-05,2011-12-22,1751.136
2026-10-05,2011-12-23,476.447
2026-10-05,2011-12-27,459.7775
2026-10-05,2011-12-28,610.402
2026-10-05,2011-12-29,322.283
2026-10-05,2011-12-30,731.5225
2026-10-05,2012-01-03,23.604
2026-10-05,2012-01-04,823.1545
2026-10-05,2012-01-05,568.2182
2026-10-05,2012-01-06,-88.486
2026-10-05,2012-01-09,-77.901
2026-10-05,2012-01-10,720.39
2026-10-05,2012-01-11,370.832
2026-10-05,2012-01-12,582.1192
2026-10-05,2012-01-13,893.7048
2026-10-05,2012-01-16,-2.1589
2026-10-05,2012-01-17,287.9581
2026-10-05,2012-01-18,12.956
2026-10-05,2012-01-19,129.4867
2026-10-05,2012-01-20,15.127
2026-10-05,2012-01-23,203.4305
2026-10-05,2012-01-24,220.7516
2026-10-05,2012-01-25,-114.3834
2026-10-05,2012-01-26,-83.7995
2026-10-05,2012-01-27,49.126
2026-10-05,2012-01-30,86.7131
2026-10-05,2012-01-31,-2.168
2026-10-05,2012-02-01,107.0232
2026-10-05,2012-02-02,192.831
2026-10-05,2012-02-03,532.7419
2026-10-05,2012-02-06,179.89
2026-10-05,2012-02-07,199.9663
2026-10-05,2012-02-08,218.811
2026-10-05,2012-02-09,193.388
2026-10-05,2012-02-10,544.4255
2026-10-05,2012-02-13,560.462
2026-10-05,2012-02-14,154.789
2026-10-05,2012-02-15,130.53
2026-10-05,2012-02-16,2.177
2026-10-05,2012-02-17,433.218
2026-10-05,2012-02-22,76.653
2026-10-05,2012-02-23,56.598
2026-10-05,2012-02-24,376.641
2026-10-05,2012-02-28,2.6037
2026-10-05,2012-02-29,127.8385
2026-10-05,2012-03-01,60.8395
2026-10-05,2012-03-02,171.5176
2026-10-05,2012-03-05,289.0782
2026-10-05,2012-03-06,281.84
2026-10-05,2012-03-07,28.618
2026-10-05,2012-03-08,464.0895
2026-10-05,2012-03-09,154.141
2026-10-05,2012-03-12,442.6639
2026-10-05,2012-03-13,281.1176
2026-10-05,2012-03-14,313.699
2026-10-05,2012-03-15,189.2895
2026-10-05,2012-03-16,690.4895
2026-10-05,2012-03-19,37.0314
2026-10-05,2012-03-20,433.358
2026-10-05,2012-03-21,242.369
2026-10-05,2012-03-22,264.1236
2026-10-05,2012-03-23,578.6565
2026-10-05,2012-03-26,266.6105
2026-10-05,2012-03-27,363.376
2026-10-05,2012-03-28,462.3512
2026-10-05,2012-03-29,358.877
2026-10-05,2012-03-30,442.1773
2026-10-05,2012-04-03,396.921
2026-10-05,2012-04-04,89.924
2026-10-05,2012-04-09,359.485
2026-10-05,2012-04-10,668.449
2026-10-05,2012-04-11,863.9733
2026-10-05,2012-04-12,847.5195
2026-10-05,2012-04-13,891.2847
2026-10-05,2012-04-16,184.5455
2026-10-05,2012-04-17,595.6113
2026-10-05,2012-04-18,99.0085
2026-10-05,2012-04-19,229.045
2026-10-05,2012-04-20,209.2376
2026-10-05,2012-04-23,-2.2035
2026-10-05,2012-04-24,291.096
2026-10-05,2012-04-25,-2.207
2026-10-05,2012-04-26,576.0585
2026-10-05,2012-04-27,982.3695
2026-10-05,2012-05-02,-2.959
2026-10-05,2012-05-03,-211.9792
2026-10-05,2012-05-04,781.39
2026-10-05,2012-05-07,280.3004
2026-10-05,2012-05-08,321.7001
2026-10-05,2012-05-09,-91.001
2026-10-05,2012-05-10,463.8655
2026-10-05,2012-05-11,710.9641
2026-10-05,2012-05-14,-1.3355
2026-10-05,2012-05-15,664.5228
2026-10-05,2012-05-16,632.5787
2026-10-05,2012-05-17,109.9358
2026-10-05,2012-05-18,891.246
2026-10-05,2012-05-21,469.2028
2026-10-05,2012-05-22,67.8819
2026-10-05,2012-05-23,44.7058
2026-10-05,2012-05-24,507.2918
2026-10-05,2012-05-28,-2.24
2026-10-05,2012-05-29,180.4988
2026-10-05,2012-05-30,24.585
2026-10-05,2012-05-31,372.5745
2026-10-05,2012-06-01,373.245
2026-10-05,2012-06-04,125.9206
2026-10-05,2012-06-05,-1.343
2026-10-05,2012-06-06,23.549
2026-10-05,2012-06-07,17.6885
2026-10-05,2012-06-08,388.801
2026-10-05,2012-06-11,-1.3467
2026-10-05,2012-06-12,-1.3422
2026-10-05,2012-06-13,-164.009
2026-10-05,2012-06-14,-1.3488
2026-10-05,2012-06-15,100.2384
2026-10-05,2012-06-18,-1.7886
2026-10-05,2012-06-19,-1.338
2026-10-05,2012-06-21,-1.256
2026-10-05,2012-06-22,207.507
2026-10-05,2012-06-25,548.1163
2026-10-05,2012-06-26,22.5491
2026-10-05,2012-06-27,493.221
2026-10-05,2012-06-28,476.6823
2026-10-05,2012-06-29,699.5149
2026-10-05,2012-07-02,-0.082
2026-10-05,2012-07-03,432.9308
2026-10-05,2012-07-04,-2.716
2026-10-05,2012-07-05,200.208
2026-10-05,2012-07-06,193.6313
2026-10-05,2012-07-10,285.8416
2026-10-05,2012-07-11,391.8847
2026-10-05,2012-07-12,313.6045
2026-10-05,2012-07-13,74.5533
2026-10-05,2012-07-16,411.171
2026-10-05,2012-07-17,-172.0701
2026-10-05,2012-07-18,-2.2764
2026-10-05,2012-07-19,-127.1582
2026-10-05,2012-07-20,2.8077
2026-10-05,2012-07-23,0.21
2026-10-05,2012-07-24,-184.5054
2026-10-05,2012-07-25,4.298
2026-10-05,2012-07-26,0.226
2026-10-05,2012-07-27,0.378
2026-10-05,2012-07-30,1.379
2026-10-05,2012-07-31,-238.105
2026-10-05,2012-08-01,4.634
2026-10-05,2012-08-02,94.008
2026-10-05,2012-08-03,117.03
2026-10-05,2012-08-06,117.17
2026-10-05,2012-08-07,-0.024
2026-10-05,2012-08-08,4.6085
2026-10-05,2012-08-09,-114.9985
2026-10-05,2012-08-10,461.8134
2026-10-05,2012-08-13,64.456
2026-10-05,2012-08-14,-189.7752
2026-10-05,2012-08-15,0.03
2026-10-05,2012-08-16,11.5375
2026-10-05,2012-08-17,94.6072
2026-10-05,2012-08-21,-115.459
2026-10-05,2012-08-22,-296.8439
2026-10-05,2012-08-23,104.2921
2026-10-05,2012-08-24,453.7524
2026-10-05,2012-08-27,-349.5545
2026-10-05,2012-08-28,-20.0122
2026-10-05,2012-08-29,-288.4995
2026-10-05,2012-08-30,171.376
2026-10-05,2012-08-31,162.3275
2026-10-05,2012-09-03,0
2026-10-05,2012-09-04,42.4628
2026-10-05,2012-09-05,-46.505
2026-10-05,2012-09-06,180.6232
2026-10-05,2012-09-07,272.5516
2026-10-05,2012-09-10,-106.758
2026-10-05,2012-09-11,0
2026-10-05,2012-09-12,0
2026-10-05,2012-09-13,0
2026-10-05,2012-09-14,172.746
2026-10-05,2012-09-17,-91.1305
2026-10-05,2012-09-18,49.098
2026-10-05,2012-09-19,-191.91
2026-10-05,2012-09-20,18.698
2026-10-05,2012-09-21,169.7605
2026-10-05,2012-09-25,-316.5175
2026-10-05,2012-09-26,-185.261
2026-10-05,2012-09-27,90.7323
2026-10-05,2012-09-28,490.8065
2026-10-05,2012-10-01,90.1849
2026-10-05,2012-10-02,-256.149
2026-10-05,2012-10-03,56.386
2026-10-05,2012-10-04,117.643
2026-10-05,2012-10-05,537.8598
2026-10-05,2012-10-09,-0.0205
2026-10-05,2012-10-10,18.8865
2026-10-05,2012-10-11,-86.8339
2026-10-05,2012-10-12,-311.685
2026-10-05,2012-10-15,28.356
2026-10-05,2012-10-16,-170.266
2026-10-05,2012-10-17,33.5938
2026-10-05,2012-10-18,234.8234
2026-10-05,2012-10-19,252.865
2026-10-05,2012-10-22,-0.0126
2026-10-05,2012-10-23,-301.191
2026-10-05,2012-10-24,0
2026-10-05,2012-10-25,-56.978
2026-10-05,2012-10-26,-19.018
2026-10-05,2012-10-29,17.822
2026-10-05,2012-10-30,-252.263
2026-10-05,2012-10-31,188.3285
2026-10-05,2012-11-01,69.1395
2026-10-05,2012-11-02,-71.754
2026-10-05,2012-11-05,323.8507
2026-10-05,2012-11-07,553.2723
2026-10-05,2012-11-08,159.923
2026-10-05,2012-11-09,298.599
2026-10-05,2012-11-12,0
2026-10-05,2012-11-13,-100.2184
2026-10-05,2012-11-14,117.2819
2026-10-05,2012-11-15,-64.6915
2026-10-05,2012-11-16,-86.42
2026-10-05,2012-11-19,-52.843
2026-10-05,2012-11-20,-389.8212
2026-10-05,2012-11-21,-43.323
2026-10-05,2012-11-22,0
2026-10-05,2012-11-23,-164.464
2026-10-05,2012-11-27,-142.302
2026-10-05,2012-11-28,-125.528
2026-10-05,2012-11-29,198.0655
2026-10-05,2012-11-30,187.198
2026-10-05,2012-12-03,339.5177
2026-10-05,2012-12-04,291.9318
2026-10-05,2012-12-05,29.103
2026-10-05,2012-12-06,14.546
2026-10-05,2012-12-07,948.0865
2026-10-05,2012-12-10,472.4011
2026-10-05,2012-12-11,505.223
2026-10-05,2012-12-12,151.0055
2026-10-05,2012-12-13,377.715
2026-10-05,2012-12-14,536.59
2026-10-05,2012-12-17,-227.053
2026-10-05,2012-12-18,293.291
2026-10-05,2012-12-19,-9.79
2026-10-05,2012-12-20,371.3545
2026-10-05,2012-12-21,245.6674
2026-10-05,2012-12-26,130.081
2026-10-05,2012-12-27,4.911
2026-10-05,2012-12-28,878.409
2026-10-05,2012-12-31,0
2026-10-05,2013-01-02,9.847
2026-10-05,2013-01-03,-0.0005
2026-10-05,2013-01-04,-93.591
2026-10-05,2013-01-07,-9.857
2026-10-05,2013-01-08,172.588
2026-10-05,2013-01-09,34.5218
2026-10-05,2013-01-10,49.38
2026-10-05,2013-01-11,46.9425
2026-10-05,2013-01-14,76.643
2026-10-05,2013-01-15,-243.6167
2026-10-05,2013-01-16,69.266
2026-10-05,2013-01-17,65.7607
2026-10-05,2013-01-18,211.407
2026-10-05,2013-01-21,0
2026-10-05,2013-01-22,96.655
2026-10-05,2013-01-23,-178.74
2026-10-05,2013-01-24,-119.202
2026-10-05,2013-01-25,11.354
2026-10-05,2013-01-28,47.225
2026-10-05,2013-01-29,-296.045
2026-10-05,2013-01-30,541.0976
2026-10-05,2013-02-01,34.8745
2026-10-05,2013-02-04,164.372
2026-10-05,2013-02-05,3.982
2026-10-05,2013-02-06,-50.023
2026-10-05,2013-02-07,-430.11
2026-10-05,2013-02-08,-77.999
2026-10-05,2013-02-13,40.024
2026-10-05,2013-02-14,401.402
2026-10-05,2013-02-15,17.5425
2026-10-05,2013-02-18,0
2026-10-05,2013-02-19,-677.4073
2026-10-05,2013-02-21,-238.826
2026-10-05,2013-02-22,42.6705
2026-10-05,2013-02-25,144.9274
2026-10-05,2013-02-26,-75.5405
2026-10-05,2013-02-27,-232.3505
2026-10-05,2013-02-28,80.72
2026-10-05,2013-03-01,126.3147
2026-10-05,2013-03-04,-10.2112
2026-10-05,2013-03-05,-185.0356
2026-10-05,2013-03-06,-69.3137
2026-10-05,2013-03-07,-0.001
2026-10-05,2013-03-08,430.462
2026-10-05,2013-03-11,-58.4105
2026-10-05,2013-03-12,-251.3135
2026-10-05,2013-03-13,35.563
2026-10-05,2013-03-14,132.186
2026-10-05,2013-03-15,-382.87
2026-10-05,2013-03-18,0.0105
2026-10-05,2013-03-19,-323.6125
2026-10-05,2013-03-20,-318.525
2026-10-05,2013-03-21,200.4816
2026-10-05,2013-03-22,-408.808
2026-10-05,2013-03-25,-197.003
2026-10-05,2013-03-26,-194.5495
2026-10-05,2013-03-27,516.69
2026-10-05,2013-04-03,322.154
2026-10-05,2013-04-04,-71.7555
2026-10-05,2013-04-05,150.8032
2026-10-05,2013-04-08,107.7795
2026-10-05,2013-04-09,179.741
2026-10-05,2013-04-10,387.0356
2026-10-05,2013-04-11,122.9167
2026-10-05,2013-04-12,218.9
2026-10-05,2013-04-15,225.1414
2026-10-05,2013-04-16,273.162
2026-10-05,2013-04-17,-31.986
2026-10-05,2013-04-18,135.6534
2026-10-05,2013-04-19,183.276
2026-10-05,2013-04-22,64.587
2026-10-05,2013-04-23,236.818
2026-10-05,2013-04-24,90.515
2026-10-05,2013-04-25,150.8875
2026-10-05,2013-04-26,170.809
2026-10-05,2013-04-29,166.796
2026-10-05,2013-04-30,0.015
2026-10-05,2013-05-02,5.204
2026-10-05,2013-05-03,-389.85
2026-10-05,2013-05-06,335.761
2026-10-05,2013-05-07,10.9103
2026-10-05,2013-05-08,247.6465
2026-10-05,2013-05-09,-18.243
2026-10-05,2013-05-10,166.7852
2026-10-05,2013-05-13,26.142
2026-10-05,2013-05-14,54.897
2026-10-05,2013-05-15,102.981
2026-10-05,2013-05-16,222.357
2026-10-05,2013-05-17,571.665
2026-10-05,2013-05-20,5.2565
2026-10-05,2013-05-21,207.8208
2026-10-05,2013-05-22,105.049
2026-10-05,2013-05-23,-282.0832
2026-10-05,2013-05-24,483.9044
2026-10-05,2013-05-27,0
2026-10-05,2013-05-28,-209.7562
2026-10-05,2013-05-29,17.291
2026-10-05,2013-05-30,-198.0045
2026-10-05,2013-05-31,583.8755
2026-10-05,2013-06-03,264.342
2026-10-05,2013-06-04,-116.9329
2026-10-05,2013-06-05,174.0629
2026-10-05,2013-06-06,-148.322
2026-10-05,2013-06-07,935.335
2026-10-05,2013-06-10,512.953
2026-10-05,2013-06-11,88.677
2026-10-05,2013-06-12,50.511
2026-10-05,2013-06-13,0
2026-10-05,2013-06-14,53.255
2026-10-05,2013-06-17,-224.164
2026-10-05,2013-06-18,542.01
2026-10-05,2013-06-19,163.114
2026-10-05,2013-06-24,210.7021
2026-10-05,2013-06-25,-59.029
2026-10-05,2013-06-26,85.9025
2026-10-05,2013-06-27,218.272
2026-10-05,2013-06-28,148.127
2026-10-05,2013-07-01,215.552
2026-10-05,2013-07-02,-76.611
2026-10-05,2013-07-03,94.436
2026-10-05,2013-07-04,0
2026-10-05,2013-07-05,310.6725
2026-10-05,2013-07-08,351.455
2026-10-05,2013-07-10,334.2348
2026-10-05,2013-07-11,-130.0556
2026-10-05,2013-07-12,341.64
2026-10-05,2013-07-15,12.6677
2026-10-05,2013-07-16,-168.496
2026-10-05,2013-07-17,-315.529
2026-10-05,2013-07-18,0
2026-10-05,2013-07-19,-88.2872
2026-10-05,2013-07-22,-466.9855
2026-10-05,2013-07-23,-172.0575
2026-10-05,2013-07-24,-374.2415
2026-10-05,2013-07-25,-311.977
2026-10-05,2013-07-26,10.881
2026-10-05,2013-07-29,-243.2469
2026-10-05,2013-07-30,-327.0695
2026-10-05,2013-07-31,283.6245
2026-10-05,2013-08-01,-76.957
2026-10-05,2013-08-02,402.105
2026-10-05,2013-08-05,-154.561
2026-10-05,2013-08-06,-204.45
2026-10-05,2013-08-07,108.3714
2026-10-05,2013-08-08,-188.076
2026-10-05,2013-08-09,180.0395
2026-10-05,2013-08-12,-172.04
2026-10-05,2013-08-13,-198.962
2026-10-05,2013-08-14,169.9955
2026-10-05,2013-08-15,-27.539
2026-10-05,2013-08-16,0.0005
2026-10-05,2013-08-20,3.5218
2026-10-05,2013-08-21,-224.0125
2026-10-05,2013-08-22,-241.174
2026-10-05,2013-08-23,-619.5541
2026-10-05,2013-08-26,-283.9608
2026-10-05,2013-08-27,-450.302
2026-10-05,2013-08-28,-254.055
2026-10-05,2013-08-29,17.385
2026-10-05,2013-08-30,277.738
2026-10-05,2013-09-02,-73.788
2026-10-05,2013-09-03,-307.424
2026-10-05,2013-09-04,-65.2
2026-10-05,2013-09-05,340.898
2026-10-05,2013-09-06,-590.183
2026-10-05,2013-09-09,-290.947
2026-10-05,2013-09-10,-210.98
2026-10-05,2013-09-11,-434.375
2026-10-05,2013-09-12,-228.867
2026-10-05,2013-09-13,166.013
2026-10-05,2013-09-16,-461.538
2026-10-05,2013-09-17,-562.282
2026-10-05,2013-09-18,-293.295
2026-10-05,2013-09-19,-271.7846
2026-10-05,2013-09-20,-331.202
2026-10-05,2013-09-23,-715.335
2026-10-05,2013-09-24,-464.589
2026-10-05,2013-09-25,-548.245
2026-10-05,2013-09-26,-971.184
2026-10-05,2013-09-27,-522.0828
2026-10-05,2013-09-30,163.849
2026-10-05,2013-10-01,-553.634
2026-10-05,2013-10-02,-534.505
2026-10-05,2013-10-03,-374.6175
2026-10-05,2013-10-04,-529.115
2026-10-05,2013-10-07,-221.684
2026-10-05,2013-10-08,-125.2695
2026-10-05,2013-10-09,-140.138
2026-10-05,2013-10-10,-544.726
2026-10-05,2013-10-11,-1150.6921
2026-10-05,2013-10-15,-338.651
2026-10-05,2013-10-16,-659.4459
2026-10-05,2013-10-17,-730.875
2026-10-05,2013-10-18,-543.1786
2026-10-05,2013-10-21,-717.8765
2026-10-05,2013-10-22,-450.3048
2026-10-05,2013-10-23,-574.613
2026-10-05,2013-10-24,-207.9747
2026-10-05,2013-10-25,-319.81
2026-10-05,2013-10-28,-1606.9271
2026-10-05,2013-10-29,-1016.5769
2026-10-05,2013-10-30,-817.4969
2026-10-05,2013-10-31,49.1985
2026-10-05,2013-11-01,-46.748
2026-10-05,2013-11-04,-504.7999
2026-10-05,2013-11-05,-748.076
2026-10-05,2013-11-07,42.286
2026-10-05,2013-11-08,-216.981
2026-10-05,2013-11-11,0
2026-10-05,2013-11-12,-1666.622
2026-10-05,2013-11-13,-735.201
2026-10-05,2013-11-14,-273.8726
2026-10-05,2013-11-15,-884.2428
2026-10-05,2013-11-18,-1077.346
2026-10-05,2013-11-19,-858.644
2026-10-05,2013-11-20,-1082.073
2026-10-05,2013-11-21,-1123.3665
2026-10-05,2013-11-22,-537.5411
2026-10-05,2013-11-26,-1119.2872
2026-10-05,2013-11-27,-179.019
2026-10-05,2013-11-28,0
2026-10-05,2013-11-29,-1087.3128
2026-10-05,2013-12-02,-907.668
2026-10-05,2013-12-03,-338.749
2026-10-05,2013-12-04,-764.2701
2026-10-05,2013-12-05,-1159.615
2026-10-05,2013-12-06,150.29
2026-10-05,2013-12-09,-765.1155
2026-10-05,2013-12-10,-955.806
2026-10-05,2013-12-11,358.129
2026-10-05,2013-12-12,266.894
2026-10-05,2013-12-13,237.261
2026-10-05,2013-12-16,0
2026-10-05,2013-12-17,40.9275
2026-10-05,2013-12-18,462.2361
2026-10-05,2013-12-19,-411.889
2026-10-05,2013-12-20,595.4995
2026-10-05,2013-12-23,-117.362
2026-10-05,2013-12-26,-817.8845
2026-10-05,2013-12-27,-1907.7775
2026-10-05,2013-12-30,220.285
2026-10-05,2014-01-02,-553.0185
2026-10-05,2014-01-03,-596.697
2026-10-05,2014-01-06,-790.206
2026-10-05,2014-01-07,-659.729
2026-10-05,2014-01-08,-544.6945
2026-10-05,2014-01-09,-324.1055
2026-10-05,2014-01-10,-258.6565
2026-10-05,2014-01-13,-625.081
2026-10-05,2014-01-14,459.5935
2026-10-05,2014-01-15,-203.5535
2026-10-05,2014-01-16,-748.9408
2026-10-05,2014-01-17,-0.339
2026-10-05,2014-01-20,0
2026-10-05,2014-01-21,-1096.3833
2026-10-05,2014-01-22,-566.833
2026-10-05,2014-01-23,-1598.975
2026-10-05,2014-01-24,-1540.8
2026-10-05,2014-01-27,-893.453
2026-10-05,2014-01-28,-749.659
2026-10-05,2014-01-29,-373.071
2026-10-05,2014-01-30,-727.246
2026-10-05,2014-01-31,-324.89
2026-10-05,2014-02-03,-16.185
2026-10-05,2014-02-04,0
2026-10-05,2014-02-05,2841.113
2026-10-05,2014-02-06,3213.576
2026-10-05,2014-02-07,2815.555
2026-10-05,2014-02-10,-593.3525
2026-10-05,2014-02-11,163.275
2026-10-05,2014-02-12,1195.8923
2026-10-05,2014-02-13,494.26
2026-10-05,2014-02-14,518.865
2026-10-05,2014-02-17,158.775
2026-10-05,2014-02-18,1323.326
2026-10-05,2014-02-19,571.785
2026-10-05,2014-02-20,-350.583
2026-10-05,2014-02-21,-125.2555
2026-10-05,2014-02-24,-172.357
2026-10-05,2014-02-25,0.432
2026-10-05,2014-02-26,-62.566
2026-10-05,2014-02-27,-23.742
2026-10-05,2014-02-28,971.252
2026-10-05,2014-03-05,-307.76
2026-10-05,2014-03-06,19.196
2026-10-05,2014-03-07,644.1855
2026-10-05,2014-03-10,365.478
2026-10-05,2014-03-11,-880.1952
2026-10-05,2014-03-12,1566.903
2026-10-05,2014-03-13,197.434
2026-10-05,2014-03-14,436.0603
2026-10-05,2014-03-17,-180.8952
2026-10-05,2014-03-18,-340.848
2026-10-05,2014-03-19,461.042
2026-10-05,2014-03-20,231.228
2026-10-05,2014-03-21,367.3366
2026-10-05,2014-03-25,1.1
2026-10-05,2014-03-26,-120.3675
2026-10-05,2014-03-27,-404
2026-10-05,2014-03-28,1592.322
2026-10-05,2014-03-31,235.9595
2026-10-05,2014-04-01,249.549
2026-10-05,2014-04-03,-652.492
2026-10-05,2014-04-04,3165.383
2026-10-05,2014-04-07,219.71
2026-10-05,2014-04-08,960.12
2026-10-05,2014-04-09,1601.6
2026-10-05,2014-04-10,120
2026-10-05,2014-04-11,2176.8
2026-10-05,2014-04-14,752.705
2026-10-05,2014-04-15,3078.7
2026-10-05,2014-04-16,1749.551
2026-10-05,2014-04-21,151.916
2026-10-05,2014-04-22,452.012
2026-10-05,2014-04-23,347.854
2026-10-05,2014-04-24,711.97
2026-10-05,2014-04-25,2648
2026-10-05,2014-04-28,628
2026-10-05,2014-04-29,727.6335
2026-10-05,2014-04-30,473.6442
2026-10-05,2014-05-05,583.994
2026-10-05,2014-05-06,1140
2026-10-05,2014-05-07,516.788
2026-10-05,2014-05-08,1128.049
2026-10-05,2014-05-09,156.078
2026-10-05,2014-05-12,180.236
2026-10-05,2014-05-13,16.04
2026-10-05,2014-05-14,-160.72
2026-10-05,2014-05-15,-193.696
2026-10-05,2014-05-16,467.155
2026-10-05,2014-05-19,0.8056
2026-10-05,2014-05-20,161.34
2026-10-05,2014-05-21,-257.971
2026-10-05,2014-05-22,595.7767
2026-10-05,2014-05-23,1511.838
2026-10-05,2014-05-26,0
2026-10-05,2014-05-27,-0.15
2026-10-05,2014-05-28,684.5404
2026-10-05,2014-05-29,32.243
2026-10-05,2014-05-30,654.376
2026-10-05,2014-06-02,588.5282
2026-10-05,2014-06-03,-137.301
2026-10-05,2014-06-04,352.628
2026-10-05,2014-06-05,-292.276
2026-10-05,2014-06-06,154.445
2026-10-05,2014-06-09,1207.1115
2026-10-05,2014-06-10,144.6152
2026-10-05,2014-06-11,361.7405
2026-10-05,2014-06-12,-373.809
2026-10-05,2014-06-13,586.3408
2026-10-05,2014-06-16,121.9
2026-10-05,2014-06-17,325.122
2026-10-05,2014-06-18,325.16
2026-10-05,2014-06-19,-943.196
2026-10-05,2014-06-23,128.426
2026-10-05,2014-06-24,922.685
2026-10-05,2014-06-25,371.4762
2026-10-05,2014-06-26,528.576
2026-10-05,2014-06-27,890.449
2026-10-05,2014-06-30,674.986
2026-10-05,2014-07-01,728.034
2026-10-05,2014-07-02,81.335
2026-10-05,2014-07-03,1212.9159
2026-10-05,2014-07-04,0
2026-10-05,2014-07-07,940.121
2026-10-05,2014-07-08,610.606
2026-10-05,2014-07-10,553.0074
2026-10-05,2014-07-11,36.647
2026-10-05,2014-07-14,383.03
2026-10-05,2014-07-15,-89.766
2026-10-05,2014-07-16,350.566
2026-10-05,2014-07-17,293.5135
2026-10-05,2014-07-18,-40.811
2026-10-05,2014-07-21,175.265
2026-10-05,2014-07-22,106.087
2026-10-05,2014-07-23,122.506
2026-10-05,2014-07-24,433.301
2026-10-05,2014-07-25,155.6503
2026-10-05,2014-07-28,-580.161
2026-10-05,2014-07-29,388.99
2026-10-05,2014-07-30,332.083
2026-10-05,2014-07-31,26.2522
2026-10-05,2014-08-01,0.77
2026-10-05,2014-08-04,-548.45
2026-10-05,2014-08-05,169.5615
2026-10-05,2014-08-06,92.688
2026-10-05,2014-08-07,587.069
2026-10-05,2014-08-08,310.125
2026-10-05,2014-08-11,272.76
2026-10-05,2014-08-12,181.9887
2026-10-05,2014-08-13,167.9786
2026-10-05,2014-08-14,-156.3504
2026-10-05,2014-08-15,96.52
2026-10-05,2014-08-19,239.685
2026-10-05,2014-08-20,-232.757
2026-10-05,2014-08-21,-115.459
2026-10-05,2014-08-22,-785.382
2026-10-05,2014-08-25,-832.215
2026-10-05,2014-08-26,-686.128
2026-10-05,2014-08-27,134.19
2026-10-05,2014-08-28,-268.961
2026-10-05,2014-08-29,432.593
2026-10-05,2014-09-01,0
2026-10-05,2014-09-02,-231.433
2026-10-05,2014-09-03,-546.775
2026-10-05,2014-09-04,2243.05
2026-10-05,2014-09-05,-470.852
2026-10-05,2014-09-08,196.8
2026-10-05,2014-09-09,194.04
2026-10-05,2014-09-10,8.4
2026-10-05,2014-09-11,336
2026-10-05,2014-09-12,37.8145
2026-10-05,2014-09-15,226.1
2026-10-05,2014-09-16,430.2222
2026-10-05,2014-09-17,-231.048
2026-10-05,2014-09-18,-547.6145
2026-10-05,2014-09-19,-547.147
2026-10-05,2014-09-22,-484.7097
2026-10-05,2014-09-23,-438.0815
2026-10-05,2014-09-24,-366.48
2026-10-05,2014-09-25,-122.219
2026-10-05,2014-09-26,-860.344
2026-10-05,2014-09-29,-446.5665
2026-10-05,2014-09-30,-228.1885
2026-10-05,2014-10-01,-455.64
2026-10-05,2014-10-02,326.785
2026-10-05,2014-10-03,-328.4325
2026-10-05,2014-10-06,-219.782
2026-10-05,2014-10-07,-92.302
2026-10-05,2014-10-08,-512.359
2026-10-05,2014-10-09,-820.52
2026-10-05,2014-10-10,169.838
2026-10-05,2014-10-14,-267.2056
2026-10-05,2014-10-15,-44.994
2026-10-05,2014-10-16,4.5665
2026-10-05,2014-10-17,29.985
2026-10-05,2014-10-20,-126.45
2026-10-05,2014-10-21,-364.652
2026-10-05,2014-10-22,222.753
2026-10-05,2014-10-23,-231.607
2026-10-05,2014-10-24,-7.264
2026-10-05,2014-10-27,-730.86
2026-10-05,2014-10-28,99.63
2026-10-05,2014-10-29,8.27
2026-10-05,2014-10-30,-11.8
2026-10-05,2014-10-31,425.14
2026-10-05,2014-11-03,227.74
2026-10-05,2014-11-04,-194.938
2026-10-05,2014-11-05,303.7468
2026-10-05,2014-11-07,803.017
2026-10-05,2014-11-10,177.9301
2026-10-05,2014-11-11,69.4888
2026-10-05,2014-11-12,141.6431
2026-10-05,2014-11-13,307.8844
2026-10-05,2014-11-14,470.6574
2026-10-05,2014-11-17,-336.6993
2026-10-05,2014-11-18,-258.5883
2026-10-05,2014-11-19,37.8258
2026-10-05,2014-11-20,-144.134
2026-10-05,2014-11-21,-582.532
2026-10-05,2014-11-25,-401.3379
2026-10-05,2014-11-26,-25.2942
2026-10-05,2014-11-27,68.6227
2026-10-05,2014-11-28,398.6252
2026-10-05,2014-12-01,-183.691
2026-10-05,2014-12-02,37.713
2026-10-05,2014-12-03,-593.5079
2026-10-05,2014-12-04,-222.5355
2026-10-05,2014-12-05,-447.967
2026-10-05,2014-12-09,1722.793
2026-10-05,2014-12-10,23.517
2026-10-05,2014-12-11,-53.6642
2026-10-05,2014-12-12,771.998
2026-10-05,2014-12-15,574.119
2026-10-05,2014-12-16,1725.3899
2026-10-05,2014-12-17,2294.201
2026-10-05,2014-12-18,940.5
2026-10-05,2014-12-19,256.2116
2026-10-05,2014-12-22,179.659
2026-10-05,2014-12-23,778.797
2026-10-05,2014-12-24,-83.684
2026-10-05,2014-12-29,-139.946
2026-10-05,2014-12-30,445.561
2026-10-05,2015-01-02,46.076
2026-10-05,2015-01-05,-267.1195
2026-10-05,2015-01-06,-484.527
2026-10-05,2015-01-07,-592.6626
2026-10-05,2015-01-08,-169.8385
2026-10-05,2015-01-09,513.7609
2026-10-05,2015-01-12,342.729
2026-10-05,2015-01-13,22.5769
2026-10-05,2015-01-14,-222.134
2026-10-05,2015-01-15,-235.1804
2026-10-05,2015-01-16,83.7905
2026-10-05,2015-01-19,102.51
2026-10-05,2015-01-20,-202.3625
2026-10-05,2015-01-21,-138.51
2026-10-05,2015-01-22,-208.486
2026-10-05,2015-01-23,-80.8054
2026-10-05,2015-01-26,-701.327
2026-10-05,2015-01-27,-42.1115
2026-10-05,2015-01-28,228.1355
2026-10-05,2015-01-29,288.315
2026-10-05,2015-01-30,70.6332
2026-10-05,2015-02-02,-276.0619
2026-10-05,2015-02-03,-655.174
2026-10-05,2015-02-04,195.9875
2026-10-05,2015-02-05,665.0421
2026-10-05,2015-02-06,884.449
2026-10-05,2015-02-09,-352.377
2026-10-05,2015-02-10,-418.9346
2026-10-05,2015-02-11,-403.8945
2026-10-05,2015-02-12,-765.3365
2026-10-05,2015-02-13,-408.2797
2026-10-05,2015-02-18,451.718
2026-10-05,2015-02-19,-2130.7115
2026-10-05,2015-02-20,-79.4517
2026-10-05,2015-02-23,-103.33
2026-10-05,2015-02-24,-31.9999
2026-10-05,2015-02-25,-348.1137
2026-10-05,2015-02-26,-1007.6001
2026-10-05,2015-02-27,1273.0869
2026-10-05,2015-03-02,70.5304
2026-10-05,2015-03-03,-314.9145
2026-10-05,2015-03-04,-347.6509
2026-10-05,2015-03-05,-491.0367
2026-10-05,2015-03-06,-235.0477
2026-10-05,2015-03-09,-492.5122
2026-10-05,2015-03-10,-454.4727
2026-10-05,2015-03-11,-528.8881
2026-10-05,2015-03-12,-726.8616
2026-10-05,2015-03-13,172.1645
2026-10-05,2015-03-16,1064.8112
2026-10-05,2015-03-17,-578.1429
2026-10-05,2015-03-18,-322.737
2026-10-05,2015-03-19,-446.7393
2026-10-05,2015-03-20,-508.668
2026-10-05,2015-03-25,340.7842
2026-10-05,2015-03-26,-182.384
2026-10-05,2015-03-27,-47.409
2026-10-05,2015-03-30,352.573
2026-10-05,2015-03-31,-247.3577
2026-10-05,2015-04-01,845.5044
2026-10-05,2015-04-06,168.3985
2026-10-05,2015-04-07,-61.4855
2026-10-05,2015-04-08,126.3975
2026-10-05,2015-04-09,75.048
2026-10-05,2015-04-10,806.2094
2026-10-05,2015-04-13,-279.0291
2026-10-05,2015-04-14,519.5258
2026-10-05,2015-04-15,30.4574
2026-10-05,2015-04-16,514.5104
2026-10-05,2015-04-17,-62.342
2026-10-05,2015-04-20,80.3183
2026-10-05,2015-04-21,1035.7326
2026-10-05,2015-04-22,220.2904
2026-10-05,2015-04-23,231.247
2026-10-05,2015-04-24,583.322
2026-10-05,2015-04-27,87.812
2026-10-05,2015-04-28,5709.9972
2026-10-05,2015-04-29,845.8432
2026-10-05,2015-04-30,115.0564
2026-10-05,2015-05-04,501.4765
2026-10-05,2015-05-05,-498.9033
2026-10-05,2015-05-06,-416.4492
2026-10-05,2015-05-07,2192.3652
2026-10-05,2015-05-08,530.339
2026-10-05,2015-05-11,-282.749
2026-10-05,2015-05-12,494.2097
2026-10-05,2015-05-13,-24.1491
2026-10-05,2015-05-14,356.6
2026-10-05,2015-05-15,2155.6372
2026-10-05,2015-05-18,226.5424
2026-10-05,2015-05-19,404.831
2026-10-05,2015-05-20,-194.6755
2026-10-05,2015-05-21,421.5726
2026-10-05,2015-05-22,419.2369
2026-10-05,2015-05-26,142.7609
2026-10-05,2015-05-27,289.321
2026-10-05,2015-05-28,132.518
2026-10-05,2015-05-29,942.2563
2026-10-05,2015-06-01,127.2229
2026-10-05,2015-06-02,-248.201
2026-10-05,2015-06-03,-1047.914
2026-10-05,2015-06-04,661.124
2026-10-05,2015-06-05,949.823
2026-10-05,2015-06-08,213.0075
2026-10-05,2015-06-09,300.9614
2026-10-05,2015-06-10,306.7355
2026-10-05,2015-06-11,536.283
2026-10-05,2015-06-12,2.4309
2026-10-05,2015-06-15,448.4094
2026-10-05,2015-06-16,5.562
2026-10-05,2015-06-17,-133.9122
2026-10-05,2015-06-18,-158.9118
2026-10-05,2015-06-19,68.8849
2026-10-05,2015-06-22,156.9187
2026-10-05,2015-06-23,1075.625
2026-10-05,2015-06-24,813.89
2026-10-05,2015-06-25,536.7141
2026-10-05,2015-06-26,1108.9943
2026-10-05,2015-06-29,814.3115
2026-10-05,2015-06-30,-192.8187
2026-10-05,2015-07-01,724.5689
2026-10-05,2015-07-02,177.7004
2026-10-05,2015-07-03,68.93
2026-10-05,2015-07-06,-762.684
2026-10-05,2015-07-07,242.8518
2026-10-05,2015-07-08,150.0019
2026-10-05,2015-07-10,-5.166
2026-10-05,2015-07-13,490.15
2026-10-05,2015-07-14,-464.2539
2026-10-05,2015-07-15,-557.69
2026-10-05,2015-07-16,71.8272
2026-10-05,2015-07-17,741.841
2026-10-05,2015-07-20,94.815
2026-10-05,2015-07-21,-57.221
2026-10-05,2015-07-22,1225.2049
2026-10-05,2015-07-23,-815.141
2026-10-05,2015-07-24,165.541
2026-10-05,2015-07-27,-721.7515
2026-10-05,2015-07-28,-723.5848
2026-10-05,2015-07-29,-800.2596
2026-10-05,2015-07-30,-408.3978
2026-10-05,2015-07-31,-877.746
2026-10-05,2015-08-03,-1061.993
2026-10-05,2015-08-04,-1542.2923
2026-10-05,2015-08-05,-1338.813
2026-10-05,2015-08-06,-1328.644
2026-10-05,2015-08-07,-604.649
2026-10-05,2015-08-10,-581.561
2026-10-05,2015-08-11,-737.722
2026-10-05,2015-08-12,-872.5157
2026-10-05,2015-08-13,-986.481
2026-10-05,2015-08-14,535.3584
2026-10-05,2015-08-18,361.033
2026-10-05,2015-08-19,-367.066
2026-10-05,2015-08-20,-202.1999
2026-10-05,2015-08-21,-404.157
2026-10-05,2015-08-24,-721.664
2026-10-05,2015-08-25,-1058.964
2026-10-05,2015-08-26,-783.974
2026-10-05,2015-08-27,-525.37
2026-10-05,2015-08-28,-756
2026-10-05,2015-08-31,-939.272
2026-10-05,2015-09-01,-1264.2725
2026-10-05,2015-09-02,-674.2865
2026-10-05,2015-09-03,-784.281
2026-10-05,2015-09-04,-848.5232
2026-10-05,2015-09-07,-99.2
2026-10-05,2015-09-08,-1241.0883
2026-10-05,2015-09-09,-1161.7311
2026-10-05,2015-09-10,-1060.313
2026-10-05,2015-09-11,-239.146
2026-10-05,2015-09-14,-1093.1882
2026-10-05,2015-09-15,-438.592
2026-10-05,2015-09-16,-1114.9643
2026-10-05,2015-09-17,-753.294
2026-10-05,2015-09-18,-606.4065
2026-10-05,2015-09-21,-308.482
2026-10-05,2015-09-22,1.536
2026-10-05,2015-09-23,-943.5028
2026-10-05,2015-09-24,-1105.953
2026-10-05,2015-09-25,-1036.3615
2026-10-05,2015-09-28,-697.5205
2026-10-05,2015-09-29,-1242.071
2026-10-05,2015-09-30,-879.584
2026-10-05,2015-10-01,-6084.394
2026-10-05,2015-10-02,-1249.7925
2026-10-05,2015-10-05,-1416.865
2026-10-05,2015-10-06,-1226.735
2026-10-05,2015-10-07,-1331.347
2026-10-05,2015-10-08,-678.432
2026-10-05,2015-10-09,-152.059
2026-10-05,2015-10-13,-1600.384
2026-10-05,2015-10-14,-1671.2885
2026-10-05,2015-10-15,-499.1368
2026-10-05,2015-10-16,3.1178
2026-10-05,2015-10-19,-1131.669
2026-10-05,2015-10-20,-1551.6335
2026-10-05,2015-10-21,-1608.5364
2026-10-05,2015-10-22,-1035.5472
2026-10-05,2015-10-23,-354.569
2026-10-05,2015-10-26,-1027.751
2026-10-05,2015-10-27,-856.367
2026-10-05,2015-10-28,-220.632
2026-10-05,2015-10-29,-547.321
2026-10-05,2015-10-30,-998.4676
2026-10-05,2015-11-02,-1610.338
2026-10-05,2015-11-03,-1585.883
2026-10-05,2015-11-04,-1412.548
2026-10-05,2015-11-05,-1655.891
2026-10-05,2015-11-09,-941.244
2026-10-05,2015-11-10,-1587.904
2026-10-05,2015-11-11,140.5
2026-10-05,2015-11-12,-1594.961
2026-10-05,2015-11-13,-1278.329
2026-10-05,2015-11-16,-1278.663
2026-10-05,2015-11-17,-1416.72
2026-10-05,2015-11-18,-1257.324
2026-10-05,2015-11-19,-1470.6
2026-10-05,2015-11-20,-1071.441
2026-10-05,2015-11-23,-905.273
2026-10-05,2015-11-24,-879.174
2026-10-05,2015-11-25,-339.953
2026-10-05,2015-11-26,74.4
2026-10-05,2015-11-30,-383.004
2026-10-05,2015-12-01,-1604.197
2026-10-05,2015-12-02,-1662.497
2026-10-05,2015-12-03,-1860.755
2026-10-05,2015-12-04,-2297.817
2026-10-05,2015-12-09,-667.4097
2026-10-05,2015-12-10,-1980.358
2026-10-05,2015-12-11,-2143.3946
2026-10-05,2015-12-14,-1300.7874
2026-10-05,2015-12-15,-1403.699
2026-10-05,2015-12-16,-1674.9561
2026-10-05,2015-12-17,0
2026-10-05,2015-12-18,147.1
2026-10-05,2015-12-21,1478.85
2026-10-05,2015-12-22,72
2026-10-05,2015-12-23,118
2026-10-05,2015-12-24,110.7
2026-10-05,2015-12-28,77
2026-10-05,2015-12-29,29
2026-10-05,2015-12-30,58.3
2026-10-05,2015-12-31,155.6
2026-10-05,2016-01-04,41.3
2026-10-05,2016-01-05,131.0817
2026-10-05,2016-01-06,127.8
2026-10-05,2016-01-07,52.9
2026-10-05,2016-01-08,118.2
2026-10-05,2016-01-11,99.8
2026-10-05,2016-01-12,110.6
2026-10-05,2016-01-13,157
2026-10-05,2016-01-14,104.4
2026-10-05,2016-01-15,172.7
2026-10-05,2016-01-18,83.2
2026-10-05,2016-01-19,63.3
2026-10-05,2016-01-20,296.1
2026-10-05,2016-01-21,117.9
2026-10-05,2016-01-22,116.6
2026-10-05,2016-01-25,76.7
2026-10-05,2016-01-26,0
2026-10-05,2016-01-27,249.8
2026-10-05,2016-01-28,92.5
2026-10-05,2016-01-29,98.6
2026-10-05,2016-02-01,72.2
2026-10-05,2016-02-02,71.7
2026-10-05,2016-02-03,40
2026-10-05,2016-02-04,120.2
2026-10-05,2016-02-05,147.6
2026-10-05,2016-02-10,68
2026-10-05,2016-02-11,48.1
2026-10-05,2016-02-12,122.4
2026-10-05,2016-02-15,49.6
2026-10-05,2016-02-16,94.3
2026-10-05,2016-02-17,93
2026-10-05,2016-02-18,-542.7015
2026-10-05,2016-02-19,257.3
2026-10-05,2016-02-22,122.2
2026-10-05,2016-02-23,-1788.75
2026-10-05,2016-02-24,-134.807
2026-10-05,2016-02-25,-822.029
2026-10-05,2016-02-26,-1630.8575
2026-10-05,2016-02-29,-2505.075
2026-10-05,2016-03-01,-3700.3015
2026-10-05,2016-03-02,80.6
2026-10-05,2016-03-03,171.3
2026-10-05,2016-03-04,122.1
2026-10-05,2016-03-07,70
2026-10-05,2016-03-08,43.4
2026-10-05,2016-03-09,74.5
2026-10-05,2016-03-10,3.3
2026-10-05,2016-03-11,105.4
2026-10-05,2016-03-14,29.4
2026-10-05,2016-03-15,45.5
2026-10-05,2016-03-16,7283.8835
2026-10-05,2016-03-17,22.6
2026-10-05,2016-03-18,54.1
2026-10-05,2016-03-21,37.1
2026-10-05,2016-03-22,30.1
2026-10-05,2016-03-23,-7.3
2026-10-05,2016-03-28,39.2
2026-10-05,2016-03-29,22
2026-10-05,2016-03-30,36.4
2026-10-05,2016-03-31,-3068.5027
2026-10-05,2016-04-01,206.6
2026-10-05,2016-04-04,394.8613
2026-10-05,2016-04-05,1165.2
2026-10-05,2016-04-06,24.6
2026-10-05,2016-04-07,19
2026-10-05,2016-04-08,39.8
2026-10-05,2016-04-11,36.3
2026-10-05,2016-04-12,877.08
2026-10-05,2016-04-13,1391.4593
2026-10-05,2016-04-14,12.2
2026-10-05,2016-04-15,1727.236
2026-10-05,2016-04-18,1674.2436
2026-10-05,2016-04-19,1637.5161
2026-10-05,2016-04-20,9.8
2026-10-05,2016-04-21,13.4
2026-10-05,2016-04-22,34.9
2026-10-05,2016-04-25,53
2026-10-05,2016-04-26,950.4312
2026-10-05,2016-04-27,14.1
2026-10-05,2016-04-28,13.7
2026-10-05,2016-04-29,-6035.304
2026-10-05,2016-05-02,-22.1529
2026-10-05,2016-05-03,18.7
2026-10-05,2016-05-04,564.095
2026-10-05,2016-05-05,21.2
2026-10-05,2016-05-06,37.6
2026-10-05,2016-05-09,798.984
2026-10-05,2016-05-10,13.7
2026-10-05,2016-05-11,1533.8527
2026-10-05,2016-05-12,1005.2418
2026-10-05,2016-05-13,2752.0373
2026-10-05,2016-05-16,829.97
2026-10-05,2016-05-17,3719.7272
2026-10-05,2016-05-18,3011.6461
2026-10-05,2016-05-19,-135.4311
2026-10-05,2016-05-20,1413.6247
2026-10-05,2016-05-23,3735.9702
2026-10-05,2016-05-24,2.9
2026-10-05,2016-05-26,166.891
2026-10-05,2016-05-27,1643.1013
2026-10-05,2016-05-30,18
2026-10-05,2016-05-31,12.1
2026-10-05,2016-06-01,9
2026-10-05,2016-06-02,626.017
2026-10-05,2016-06-03,2824.3172
2026-10-05,2016-06-06,426.35
2026-10-05,2016-06-07,0.8
2026-10-05,2016-06-08,432.84
2026-10-05,2016-06-09,134.325
2026-10-05,2016-06-10,163.64
2026-10-05,2016-06-13,4.9
2026-10-05,2016-06-14,1284.696
2026-10-05,2016-06-15,2437.5805
2026-10-05,2016-06-16,1988.7255
2026-10-05,2016-06-21,0.8
2026-10-05,2016-06-22,9.4
2026-10-05,2016-06-23,843.136
2026-10-05,2016-06-24,18.9
2026-10-05,2016-06-27,-5.2934
2026-10-05,2016-06-28,495.6
2026-10-05,2016-06-29,45.7
2026-10-05,2016-06-30,-7925.8199
2026-10-05,2016-07-01,22.3
2026-10-05,2016-07-04,36.8
2026-10-05,2016-07-05,22.9
2026-10-05,2016-07-06,41
2026-10-05,2016-07-07,1186.4
2026-10-05,2016-07-11,482.643
2026-10-05,2016-07-12,3148.025
2026-10-05,2016-07-13,1829.1
2026-10-05,2016-07-14,1697.51
2026-10-05,2016-07-15,1853.5
2026-10-05,2016-07-18,13.2
2026-10-05,2016-07-19,12
2026-10-05,2016-07-20,19.2
2026-10-05,2016-07-21,30.7
2026-10-05,2016-07-22,10.7
2026-10-05,2016-07-25,11.1
2026-10-05,2016-07-26,5.9
2026-10-05,2016-07-27,8.6
2026-10-05,2016-07-28,12.1
2026-10-05,2016-07-29,9.4
2026-10-05,2016-08-01,12.5
2026-10-05,2016-08-02,10.8
2026-10-05,2016-08-03,13.3
2026-10-05,2016-08-04,6.4
2026-10-05,2016-08-05,13.6
2026-10-05,2016-08-08,7.6
2026-10-05,2016-08-09,7.3
2026-10-05,2016-08-10,0
2026-10-05,2016-08-11,0
2026-10-05,2016-08-12,0
2026-10-05,2016-08-16,0
2026-10-05,2016-08-17,0
2026-10-05,2016-08-18,0
2026-10-05,2016-08-19,0
2026-10-05,2016-08-22,0
2026-10-05,2016-08-23,0
2026-10-05,2016-08-24,0
2026-10-05,2016-08-25,0
2026-10-05,2016-08-26,0
2026-10-05,2016-08-29,0
2026-10-05,2016-08-30,-0.2
2026-10-05,2016-08-31,0
2026-10-05,2016-09-01,0
2026-10-05,2016-09-02,0
2026-10-05,2016-09-05,0
2026-10-05,2016-09-06,0
2026-10-05,2016-09-07,0
2026-10-05,2016-09-08,0
2026-10-05,2016-09-09,0
2026-10-05,2016-09-12,0
2026-10-05,2016-09-13,0
2026-10-05,2016-09-14,0
2026-10-05,2016-09-15,0
2026-10-05,2016-09-16,0
2026-10-05,2016-09-19,0
2026-10-05,2016-09-20,0
2026-10-05,2016-09-21,0
2026-10-05,2016-09-22,0
2026-10-05,2016-09-23,0
2026-10-05,2016-09-26,0
2026-10-05,2016-09-27,0
2026-10-05,2016-09-28,0
2026-10-05,2016-09-29,0
2026-10-05,2016-09-30,0
2026-10-05,2016-10-03,0
2026-10-05,2016-10-04,0
2026-10-05,2016-10-05,0
2026-10-05,2016-10-06,0
2026-10-05,2016-10-07,0
2026-10-05,2016-10-11,0
2026-10-05,2016-10-12,0
2026-10-05,2016-10-13,0
2026-10-05,2016-10-14,0
2026-10-05,2016-10-17,0
2026-10-05,2016-10-18,0
2026-10-05,2016-10-19,0
2026-10-05,2016-10-20,0
2026-10-05,2016-10-21,0
2026-10-05,2016-10-24,0
2026-10-05,2016-10-25,163.2776
2026-10-05,2016-10-26,0
2026-10-05,2016-10-27,0
2026-10-05,2016-10-28,0
2026-10-05,2016-10-31,0
2026-10-05,2016-11-01,0
2026-10-05,2016-11-02,0
2026-10-05,2016-11-03,0
2026-10-05,2016-11-04,0
2026-10-05,2016-11-07,0
2026-10-05,2016-11-08,0
2026-10-05,2016-11-09,0
2026-10-05,2016-11-10,0
2026-10-05,2016-11-11,0
2026-10-05,2016-11-14,0
2026-10-05,2016-11-15,0
2026-10-05,2016-11-16,0
2026-10-05,2016-11-17,0
2026-10-05,2016-11-18,66.5361
2026-10-05,2016-11-21,0
2026-10-05,2016-11-22,0
2026-10-05,2016-11-23,0
2026-10-05,2016-11-24,0
2026-10-05,2016-11-25,0
2026-10-05,2016-11-29,0
2026-10-05,2016-11-30,0
2026-10-05,2016-12-01,0
2026-10-05,2016-12-02,0
2026-10-05,2016-12-05,0
2026-10-05,2016-12-06,0
2026-10-05,2016-12-07,0
2026-10-05,2016-12-12,0
2026-10-05,2016-12-13,0
2026-10-05,2016-12-14,0
2026-10-05,2016-12-15,0
2026-10-05,2016-12-16,0
2026-10-05,2016-12-19,0
2026-10-05,2016-12-20,11087.56
2026-10-05,2016-12-21,0
2026-10-05,2016-12-22,0
2026-10-05,2016-12-23,0
2026-10-05,2016-12-26,0
2026-10-05,2016-12-27,0
2026-10-05,2016-12-28,0
2026-10-05,2016-12-29,86.1782
2026-10-05,2016-12-30,0
2026-10-05,2017-01-02,0
2026-10-05,2017-01-03,0
2026-10-05,2017-01-04,0
2026-10-05,2017-01-05,0
2026-10-05,2017-01-06,0
2026-10-05,2017-01-09,0
2026-10-05,2017-01-10,0
2026-10-05,2017-01-11,0
2026-10-05,2017-01-12,0
2026-10-05,2017-01-13,0
2026-10-05,2017-01-16,0
2026-10-05,2017-01-17,0
2026-10-05,2017-01-18,0
2026-10-05,2017-01-19,0
2026-10-05,2017-01-20,0
2026-10-05,2017-01-23,0
2026-10-05,2017-01-24,0
2026-10-05,2017-01-25,0
2026-10-05,2017-01-26,0
2026-10-05,2017-01-27,0
2026-10-05,2017-01-30,0
2026-10-05,2017-01-31,0
2026-10-05,2017-02-01,0
2026-10-05,2017-02-02,0
2026-10-05,2017-02-03,0
2026-10-05,2017-02-06,0
2026-10-05,2017-02-07,0
2026-10-05,2017-02-08,0
2026-10-05,2017-02-09,0
2026-10-05,2017-02-10,0
2026-10-05,2017-02-13,0
2026-10-05,2017-02-14,0
2026-10-05,2017-02-15,0
2026-10-05,2017-02-16,0
2026-10-05,2017-02-17,0
2026-10-05,2017-02-20,0
2026-10-05,2017-02-21,0
2026-10-05,2017-02-22,0
2026-10-05,2017-02-23,0
2026-10-05,2017-02-24,0
2026-10-05,2017-03-01,0
2026-10-05,2017-03-02,0
2026-10-05,2017-03-03,0
2026-10-05,2017-03-06,0
2026-10-05,2017-03-07,0
2026-10-05,2017-03-08,0
2026-10-05,2017-03-09,0
2026-10-05,2017-03-10,0
2026-10-05,2017-03-13,0
2026-10-05,2017-03-14,0
2026-10-05,2017-03-15,4665
2026-10-05,2017-03-16,0
2026-10-05,2017-03-17,0
2026-10-05,2017-03-20,0
2026-10-05,2017-03-21,0
2026-10-05,2017-03-22,0
2026-10-05,2017-03-23,4681.5
2026-10-05,2017-03-27,0
2026-10-05,2017-03-28,0
2026-10-05,2017-03-29,0
2026-10-05,2017-03-30,0
2026-10-05,2017-03-31,0
2026-10-05,2017-04-03,0
2026-10-05,2017-04-04,0
2026-10-05,2017-04-05,0
2026-10-05,2017-04-06,0
2026-10-05,2017-04-07,0
2026-10-05,2017-04-10,0
2026-10-05,2017-04-11,0
2026-10-05,2017-04-12,0
2026-10-05,2017-04-17,0
2026-10-05,2017-04-18,0
2026-10-05,2017-04-19,0
2026-10-05,2017-04-20,0
2026-10-05,2017-04-21,0
2026-10-05,2017-04-24,0
2026-10-05,2017-04-25,0
2026-10-05,2017-04-26,0
2026-10-05,2017-04-27,0
2026-10-05,2017-04-28,0
2026-10-05,2017-05-02,0
2026-10-05,2017-05-03,1526.4465
2026-10-05,2017-05-04,1538.2925
2026-10-05,2017-05-05,1535.428
2026-10-05,2017-05-08,1542.9325
2026-10-05,2017-05-09,1557.5305
2026-10-05,2017-05-10,1554.288
2026-10-05,2017-05-11,1545.279
2026-10-05,2017-05-12,1542.065
2026-10-05,2017-05-15,1551.0775
2026-10-05,2017-05-16,1560.569
2026-10-05,2017-05-17,1562.552
2026-10-05,2017-05-18,0
2026-10-05,2017-05-19,0
2026-10-05,2017-05-22,0
2026-10-05,2017-05-23,0
2026-10-05,2017-05-24,0
2026-10-05,2017-05-26,0
2026-10-05,2017-05-29,0
2026-10-05,2017-05-30,0
2026-10-05,2017-05-31,0
2026-10-05,2017-06-01,795.4
2026-10-05,2017-06-02,0
2026-10-05,2017-06-05,0
2026-10-05,2017-06-06,0
2026-10-05,2017-06-07,0
2026-10-05,2017-06-08,0
2026-10-05,2017-06-09,0
2026-10-05,2017-06-12,0
2026-10-05,2017-06-13,0
2026-10-05,2017-06-14,0
2026-10-05,2017-06-15,0
2026-10-05,2017-06-16,0
2026-10-05,2017-06-19,0
2026-10-05,2017-06-21,0
2026-10-05,2017-06-22,0
2026-10-05,2017-06-23,0
2026-10-05,2017-06-26,0
2026-10-05,2017-06-27,0
2026-10-05,2017-06-28,0
2026-10-05,2017-06-29,0
2026-10-05,2017-06-30,0
2026-10-05,2017-07-03,0
2026-10-05,2017-07-04,0
2026-10-05,2017-07-05,0
2026-10-05,2017-07-06,0
2026-10-05,2017-07-07,0
2026-10-05,2017-07-10,0
2026-10-05,2017-07-11,0
2026-10-05,2017-07-12,0
2026-10-05,2017-07-13,0
2026-10-05,2017-07-14,0
2026-10-05,2017-07-17,0
2026-10-05,2017-07-18,0
2026-10-05,2017-07-19,0
2026-10-05,2017-07-20,0
2026-10-05,2017-07-21,0
2026-10-05,2017-07-24,0
2026-10-05,2017-07-25,0
2026-10-05,2017-07-26,0
2026-10-05,2017-07-27,0
2026-10-05,2017-07-28,-5419.831
2026-10-05,2017-07-31,0
2026-10-05,2017-08-01,0
2026-10-05,2017-08-02,0
2026-10-05,2017-08-03,-748.105
2026-10-05,2017-08-04,0
2026-10-05,2017-08-07,-2924.254
2026-10-05,2017-08-08,-3686.492
2026-10-05,2017-08-09,-10373.5854
2026-10-05,2017-08-10,-5286.3707
2026-10-05,2017-08-11,-4171.9996
2026-10-05,2017-08-14,0
2026-10-05,2017-08-15,0
2026-10-05,2017-08-16,0
2026-10-05,2017-08-17,0
2026-10-05,2017-08-18,0
2026-10-05,2017-08-22,0
2026-10-05,2017-08-23,0
2026-10-05,2017-08-24,0
2026-10-05,2017-08-25,0
2026-10-05,2017-08-28,0
2026-10-05,2017-08-29,0
2026-10-05,2017-08-30,0
2026-10-05,2017-08-31,0
2026-10-05,2017-09-01,0
2026-10-05,2017-09-04,0
2026-10-05,2017-09-05,0
2026-10-05,2017-09-06,0
2026-10-05,2017-09-07,0
2026-10-05,2017-09-08,0
2026-10-05,2017-09-11,0
2026-10-05,2017-09-12,0
2026-10-05,2017-09-13,0
2026-10-05,2017-09-14,0
2026-10-05,2017-09-15,0
2026-10-05,2017-09-18,0
2026-10-05,2017-09-19,0
2026-10-05,2017-09-20,0
2026-10-05,2017-09-21,0
2026-10-05,2017-09-22,0
2026-10-05,2017-09-25,0
2026-10-05,2017-09-26,0
2026-10-05,2017-09-27,0
2026-10-05,2017-09-28,0
2026-10-05,2017-09-29,0
2026-10-05,2017-10-02,0
2026-10-05,2017-10-03,0
2026-10-05,2017-10-04,0
2026-10-05,2017-10-05,0
2026-10-05,2017-10-06,0
2026-10-05,2017-10-09,0
2026-10-05,2017-10-10,0
2026-10-05,2017-10-11,0
2026-10-05,2017-10-12,0
2026-10-05,2017-10-13,0
2026-10-05,2017-10-17,0
2026-10-05,2017-10-18,0
2026-10-05,2017-10-19,0
2026-10-05,2017-10-20,0
2026-10-05,2017-10-23,0
2026-10-05,2017-10-24,0
2026-10-05,2017-10-25,0
2026-10-05,2017-10-26,0
2026-10-05,2017-10-27,0
2026-10-05,2017-10-30,0
2026-10-05,2017-10-31,0
2026-10-05,2017-11-01,0
2026-10-05,2017-11-02,0
2026-10-05,2017-11-03,0
2026-10-05,2017-11-07,0
2026-10-05,2017-11-08,0
2026-10-05,2017-11-09,0
2026-10-05,2017-11-10,0
2026-10-05,2017-11-13,0
2026-10-05,2017-11-14,0
2026-10-05,2017-11-15,0
2026-10-05,2017-11-16,0
2026-10-05,2017-11-17,0
2026-10-05,2017-11-21,0
2026-10-05,2017-11-22,0
2026-10-05,2017-11-23,0
2026-10-05,2017-11-24,0
2026-10-05,2017-11-27,0
2026-10-05,2017-11-28,0
2026-10-05,2017-11-29,0
2026-10-05,2017-11-30,0
2026-10-05,2017-12-01,0
2026-10-05,2017-12-04,0
2026-10-05,2017-12-05,0
2026-10-05,2017-12-06,0
2026-10-05,2017-12-07,0
2026-10-05,2017-12-11,0
2026-10-05,2017-12-12,0
2026-10-05,2017-12-13,0
2026-10-05,2017-12-14,0
2026-10-05,2017-12-15,0
2026-10-05,2017-12-18,0
2026-10-05,2017-12-19,0
2026-10-05,2017-12-20,0
2026-10-05,2017-12-21,0
2026-10-05,2017-12-22,0
2026-10-05,2017-12-26,0
2026-10-05,2017-12-27,0
2026-10-05,2017-12-28,0
2026-10-05,2017-12-29,0
2026-10-05,2018-01-02,0
2026-10-05,2018-01-03,0
2026-10-05,2018-01-04,0
2026-10-05,2018-01-05,0
2026-10-05,2018-01-08,0
2026-10-05,2018-01-09,0
2026-10-05,2018-01-10,0
2026-10-05,2018-01-11,0
2026-10-05,2018-01-12,0
2026-10-05,2018-01-15,0
2026-10-05,2018-01-16,0
2026-10-05,2018-01-17,0
2026-10-05,2018-01-18,0
2026-10-05,2018-01-19,0
2026-10-05,2018-01-22,0
2026-10-05,2018-01-23,0
2026-10-05,2018-01-24,0
2026-10-05,2018-01-25,0
2026-10-05,2018-01-26,0
2026-10-05,2018-01-29,0
2026-10-05,2018-01-30,0
2026-10-05,2018-01-31,0
2026-10-05,2018-02-01,0
2026-10-05,2018-02-02,0
2026-10-05,2018-02-05,0
2026-10-05,2018-02-06,0
2026-10-05,2018-02-07,0
2026-10-05,2018-02-08,0
2026-10-05,2018-02-09,0
2026-10-05,2018-02-14,0
2026-10-05,2018-02-15,0
2026-10-05,2018-02-16,0
2026-10-05,2018-02-19,0
2026-10-05,2018-02-20,0
2026-10-05,2018-02-21,0
2026-10-05,2018-02-22,0
2026-10-05,2018-02-23,0
2026-10-05,2018-02-26,0
2026-10-05,2018-02-27,0
2026-10-05,2018-02-28,0
2026-10-05,2018-03-01,0
2026-10-05,2018-03-02,0
2026-10-05,2018-03-05,-612
2026-10-05,2018-03-06,0
2026-10-05,2018-03-07,-408.4
2026-10-05,2018-03-08,-2511.1624
2026-10-05,2018-03-09,-4305.758
2026-10-05,2018-03-12,-2764.1597
2026-10-05,2018-03-13,0
2026-10-05,2018-03-14,0
2026-10-05,2018-03-15,0
2026-10-05,2018-03-16,-8347.8645
2026-10-05,2018-03-19,-3793.842
2026-10-05,2018-03-20,-911.895
2026-10-05,2018-03-21,-486.4045
2026-10-05,2018-03-22,-7392.7817
2026-10-05,2018-03-23,-2818.1775
2026-10-05,2018-03-26,-1393.11
2026-10-05,2018-03-27,-3205.013
2026-10-05,2018-03-28,-2333.087
2026-10-05,2018-04-03,0
2026-10-05,2018-04-04,-4290.821
2026-10-05,2018-04-05,0
2026-10-05,2018-04-06,-3533.066
2026-10-05,2018-04-09,0
2026-10-05,2018-04-10,0
2026-10-05,2018-04-11,0
2026-10-05,2018-04-12,0
2026-10-05,2018-04-13,0
2026-10-05,2018-04-16,0
2026-10-05,2018-04-17,0
2026-10-05,2018-04-18,0
2026-10-05,2018-04-19,0
2026-10-05,2018-04-20,0
2026-10-05,2018-04-23,-4270.808
2026-10-05,2018-04-24,-8620.63
2026-10-05,2018-04-25,-29816.642
2026-10-05,2018-04-26,-17475.4281
2026-10-05,2018-04-27,-28571.8354
2026-10-05,2018-05-02,-10636.169
2026-10-05,2018-05-03,-9704.7224
2026-10-05,2018-05-04,0
2026-10-05,2018-05-07,0
2026-10-05,2018-05-08,0
2026-10-05,2018-05-09,0
2026-10-05,2018-05-10,-3156.3182
2026-10-05,2018-05-11,-25431.445
2026-10-05,2018-05-14,-10355.6862
2026-10-05,2018-05-15,-19764.5511
2026-10-05,2018-05-16,0
2026-10-05,2018-05-17,0
2026-10-05,2018-05-18,0
2026-10-05,2018-05-21,0
2026-10-05,2018-05-22,0
2026-10-05,2018-05-23,0
2026-10-05,2018-05-24,0
2026-10-05,2018-05-28,0
2026-10-05,2018-05-29,0
2026-10-05,2018-05-30,0
2026-10-05,2018-05-31,0
2026-10-05,2018-06-01,0
2026-10-05,2018-06-04,0
2026-10-05,2018-06-05,0
2026-10-05,2018-06-06,0
2026-10-05,2018-06-07,0
2026-10-05,2018-06-08,0
2026-10-05,2018-06-11,0
2026-10-05,2018-06-12,-17944.256
2026-10-05,2018-06-13,-2540.2405
2026-10-05,2018-06-14,0
2026-10-05,2018-06-15,0
2026-10-05,2018-06-18,-4811.375
2026-10-05,2018-06-19,0
2026-10-05,2018-06-21,0
2026-10-05,2018-06-22,0
2026-10-05,2018-06-25,0
2026-10-05,2018-06-26,0
2026-10-05,2018-06-27,0
2026-10-05,2018-06-28,0
2026-10-05,2018-06-29,-8689.711
2026-10-05,2018-07-02,0
2026-10-05,2018-07-03,0
2026-10-05,2018-07-04,0
2026-10-05,2018-07-05,0
2026-10-05,2018-07-06,0
2026-10-05,2018-07-10,0
2026-10-05,2018-07-11,0
2026-10-05,2018-07-12,0
2026-10-05,2018-07-13,0
2026-10-05,2018-07-16,0
2026-10-05,2018-07-17,0
2026-10-05,2018-07-18,0
2026-10-05,2018-07-19,0
2026-10-05,2018-07-20,0
2026-10-05,2018-07-23,0
2026-10-05,2018-07-24,0
2026-10-05,2018-07-25,0
2026-10-05,2018-07-26,0
2026-10-05,2018-07-27,0
2026-10-05,2018-07-30,0
2026-10-05,2018-07-31,0
2026-10-05,2018-08-01,0
2026-10-05,2018-08-02,0
2026-10-05,2018-08-03,0
2026-10-05,2018-08-06,0
2026-10-05,2018-08-07,0
2026-10-05,2018-08-08,0
2026-10-05,2018-08-09,0
2026-10-05,2018-08-10,0
2026-10-05,2018-08-13,0
2026-10-05,2018-08-14,0
2026-10-05,2018-08-15,-29262.909
2026-10-05,2018-08-16,-1634.73
2026-10-05,2018-08-17,0
2026-10-05,2018-08-21,0
2026-10-05,2018-08-22,0
2026-10-05,2018-08-23,0
2026-10-05,2018-08-24,19.8605
2026-10-05,2018-08-27,-6479.87
2026-10-05,2018-08-28,-8473.212
2026-10-05,2018-08-29,-11668.999
2026-10-05,2018-08-30,-15215.9404
2026-10-05,2018-08-31,-9321.066
2026-10-05,2018-09-03,0
2026-10-05,2018-09-04,-18593.1048
2026-10-05,2018-09-05,-9129.1771
2026-10-05,2018-09-06,-27.2682
2026-10-05,2018-09-07,-7.6226
2026-10-05,2018-09-10,-559.261
2026-10-05,2018-09-11,-2082.3898
2026-10-05,2018-09-12,-189.85
2026-10-05,2018-09-13,-1525.8811
2026-10-05,2018-09-14,-11180.0283
2026-10-05,2018-09-17,-11941.6402
2026-10-05,2018-09-18,-10404.009
2026-10-05,2018-09-19,-7700.1054
2026-10-05,2018-09-20,0
2026-10-05,2018-09-21,0
2026-10-05,2018-09-24,-4478.396
2026-10-05,2018-09-25,0
2026-10-05,2018-09-26,0
2026-10-05,2018-09-27,0
2026-10-05,2018-09-28,0
2026-10-05,2018-10-01,0
2026-10-05,2018-10-02,0
2026-10-05,2018-10-03,0
2026-10-05,2018-10-04,0
2026-10-05,2018-10-05,0
2026-10-05,2018-10-08,0
2026-10-05,2018-10-09,0
2026-10-05,2018-10-10,0
2026-10-05,2018-10-11,0
2026-10-05,2018-10-12,0
2026-10-05,2018-10-16,0
2026-10-05,2018-10-17,0
2026-10-05,2018-10-18,0
2026-10-05,2018-10-19,0
2026-10-05,2018-10-22,0
2026-10-05,2018-10-23,0
2026-10-05,2018-10-24,0
2026-10-05,2018-10-25,0
2026-10-05,2018-10-26,0
2026-10-05,2018-10-29,0
2026-10-05,2018-10-30,0
2026-10-05,2018-10-31,0
2026-10-05,2018-11-01,0
2026-10-05,2018-11-02,0
2026-10-05,2018-11-05,0
2026-10-05,2018-11-07,0
2026-10-05,2018-11-08,0
2026-10-05,2018-11-09,0
2026-10-05,2018-11-12,0
2026-10-05,2018-11-13,0
2026-10-05,2018-11-14,0
2026-10-05,2018-11-15,0
2026-10-05,2018-11-16,0
2026-10-05,2018-11-20,0
2026-10-05,2018-11-21,0
2026-10-05,2018-11-22,0
2026-10-05,2018-11-23,0
2026-10-05,2018-11-26,0
2026-10-05,2018-11-27,0
2026-10-05,2018-11-28,0
2026-10-05,2018-11-29,0
2026-10-05,2018-12-03,0
2026-10-05,2018-12-04,0
2026-10-05,2018-12-05,0
2026-10-05,2018-12-06,0
2026-10-05,2018-12-07,0
2026-10-05,2018-12-10,0
2026-10-05,2018-12-11,0
2026-10-05,2018-12-12,0
2026-10-05,2018-12-13,0
2026-10-05,2018-12-14,0
2026-10-05,2018-12-17,0
2026-10-05,2018-12-18,0
2026-10-05,2018-12-19,0
2026-10-05,2018-12-20,0
2026-10-05,2018-12-21,0
2026-10-05,2018-12-26,0
2026-10-05,2018-12-27,0
2026-10-05,2018-12-28,0
2026-10-05,2019-01-02,0
2026-10-05,2019-01-03,0
2026-10-05,2019-01-04,0
2026-10-05,2019-01-07,0
2026-10-05,2019-01-08,0
2026-10-05,2019-01-09,0
2026-10-05,2019-01-10,746.1
2026-10-05,2019-01-11,1483.96
2026-10-05,2019-01-14,1856.55
2026-10-05,2019-01-15,1851.84
2026-10-05,2019-01-16,1124.22
2026-10-05,2019-01-17,0
2026-10-05,2019-01-18,0
2026-10-05,2019-01-21,0
2026-10-05,2019-01-22,1879.85
2026-10-05,2019-01-23,1876.08
2026-10-05,2019-01-24,1878.16
2026-10-05,2019-01-25,1860.165
2026-10-05,2019-01-28,1856.25
2026-10-05,2019-01-29,1856.61
2026-10-05,2019-01-30,751.6
2026-10-05,2019-01-31,1854.48
2026-10-05,2019-02-01,1865.17
2026-10-05,2019-02-04,2799.335
2026-10-05,2019-02-05,2788.229
2026-10-05,2019-02-06,2806.01
2026-10-05,2019-02-07,945.55
2026-10-05,2019-02-08,947
2026-10-05,2019-02-11,0
2026-10-05,2019-02-12,2834.88
2026-10-05,2019-02-13,685.415
2026-10-05,2019-02-14,0
2026-10-05,2019-02-15,0
2026-10-05,2019-02-18,0
2026-10-05,2019-02-19,0
2026-10-05,2019-02-20,0
2026-10-05,2019-02-21,0
2026-10-05,2019-02-22,0
2026-10-05,2019-02-25,0
2026-10-05,2019-02-26,0
2026-10-05,2019-02-27,0
2026-10-05,2019-02-28,0
2026-10-05,2019-03-01,0
2026-10-05,2019-03-06,0
2026-10-05,2019-03-07,0
2026-10-05,2019-03-08,0
2026-10-05,2019-03-11,0
2026-10-05,2019-03-12,0
2026-10-05,2019-03-13,0
2026-10-05,2019-03-14,0
2026-10-05,2019-03-15,0
2026-10-05,2019-03-18,0
2026-10-05,2019-03-19,0
2026-10-05,2019-03-20,0
2026-10-05,2019-03-21,0
2026-10-05,2019-03-22,0
2026-10-05,2019-03-25,0
2026-10-05,2019-03-26,0
2026-10-05,2019-03-27,0
2026-10-05,2019-03-28,0
2026-10-05,2019-03-29,0
2026-10-05,2019-04-01,0
2026-10-05,2019-04-03,0
2026-10-05,2019-04-04,0
2026-10-05,2019-04-05,0
2026-10-05,2019-04-08,0
2026-10-05,2019-04-09,0
2026-10-05,2019-04-10,0
2026-10-05,2019-04-11,0
2026-10-05,2019-04-12,0
2026-10-05,2019-04-15,0
2026-10-05,2019-04-16,0
2026-10-05,2019-04-17,0
2026-10-05,2019-04-22,0
2026-10-05,2019-04-23,0
2026-10-05,2019-04-24,0
2026-10-05,2019-04-25,0
2026-10-05,2019-04-26,0
2026-10-05,2019-04-29,0
2026-10-05,2019-04-30,0
2026-10-05,2019-05-02,0
2026-10-05,2019-05-03,0
2026-10-05,2019-05-06,0
2026-10-05,2019-05-07,0
2026-10-05,2019-05-08,0
2026-10-05,2019-05-09,0
2026-10-05,2019-05-10,0
2026-10-05,2019-05-13,0
2026-10-05,2019-05-14,0
2026-10-05,2019-05-15,0
2026-10-05,2019-05-16,0
2026-10-05,2019-05-17,0
2026-10-05,2019-05-20,0
2026-10-05,2019-05-21,0
2026-10-05,2019-05-22,0
2026-10-05,2019-05-23,0
2026-10-05,2019-05-24,0
2026-10-05,2019-05-27,0
2026-10-05,2019-05-28,0
2026-10-05,2019-05-29,0
2026-10-05,2019-05-30,0
2026-10-05,2019-05-31,0
2026-10-05,2019-06-03,0
2026-10-05,2019-06-04,0
2026-10-05,2019-06-05,0
2026-10-05,2019-06-06,0
2026-10-05,2019-06-07,0
2026-10-05,2019-06-10,0
2026-10-05,2019-06-11,0
2026-10-05,2019-06-12,0
2026-10-05,2019-06-13,0
2026-10-05,2019-06-14,0
2026-10-05,2019-06-18,0
2026-10-05,2019-06-19,0
2026-10-05,2019-06-21,0
2026-10-05,2019-06-24,0
2026-10-05,2019-06-25,0
2026-10-05,2019-06-26,0
2026-10-05,2019-06-27,0
2026-10-05,2019-06-28,0
2026-10-05,2019-07-01,0
2026-10-05,2019-07-02,0
2026-10-05,2019-07-03,0
2026-10-05,2019-07-04,0
2026-10-05,2019-07-05,0
2026-10-05,2019-07-10,0
2026-10-05,2019-07-11,0
2026-10-05,2019-07-12,0
2026-10-05,2019-07-15,0
2026-10-05,2019-07-16,0
2026-10-05,2019-07-17,0
2026-10-05,2019-07-18,0
2026-10-05,2019-07-19,0
2026-10-05,2019-07-22,0
2026-10-05,2019-07-23,0
2026-10-05,2019-07-24,0
2026-10-05,2019-07-25,0
2026-10-05,2019-07-26,0
2026-10-05,2019-07-29,0
2026-10-05,2019-07-30,0
2026-10-05,2019-07-31,0
2026-10-05,2019-08-01,0
2026-10-05,2019-08-02,0
2026-10-05,2019-08-05,0
2026-10-05,2019-08-06,0
2026-10-05,2019-08-07,0
2026-10-05,2019-08-08,0
2026-10-05,2019-08-09,0
2026-10-05,2019-08-12,-5774.301
2026-10-05,2019-08-13,-8295.257
2026-10-05,2019-08-14,-14641.068
2026-10-05,2019-08-15,0
2026-10-05,2019-08-16,0
2026-10-05,2019-08-20,-6201.264
2026-10-05,2019-08-21,-5169.032
2026-10-05,2019-08-22,0
2026-10-05,2019-08-23,-2764.504
2026-10-05,2019-08-26,0
2026-10-05,2019-08-27,-16817.164
2026-10-05,2019-08-28,-21337.627
2026-10-05,2019-08-29,-12964.824
2026-10-05,2019-08-30,-22869.52
2026-10-05,2019-09-02,0
2026-10-05,2019-09-03,-7683.856
2026-10-05,2019-09-04,-9103.6413
2026-10-05,2019-09-05,-1064.5073
2026-10-05,2019-09-06,0
2026-10-05,2019-09-09,-4481.68
2026-10-05,2019-09-10,1567.7374
2026-10-05,2019-09-11,-3144.9208
2026-10-05,2019-09-12,0
2026-10-05,2019-09-13,0
2026-10-05,2019-09-16,-5907.4211
2026-10-05,2019-09-17,-4093.808
2026-10-05,2019-09-18,-6555.8272
2026-10-05,2019-09-19,-3399.8304
2026-10-05,2019-09-20,-5495.4648
2026-10-05,2019-09-23,-4839.6236
2026-10-05,2019-09-24,0
2026-10-05,2019-09-25,0
2026-10-05,2019-09-26,-3602.4256
2026-10-05,2019-09-27,-5475.095
2026-10-05,2019-09-30,-11724.4315
2026-10-05,2019-10-01,-11743.73
2026-10-05,2019-10-02,-8904.6205
2026-10-05,2019-10-03,-1935.6304
2026-10-05,2019-10-04,-2222.4848
2026-10-05,2019-10-07,-2981.5243
2026-10-05,2019-10-08,-4702.2917
2026-10-05,2019-10-09,-1449.898
2026-10-05,2019-10-10,-2348.7374
2026-10-05,2019-10-11,-3327.5841
2026-10-05,2019-10-15,-8920.3565
2026-10-05,2019-10-16,-10794.7251
2026-10-05,2019-10-17,-5583.625
2026-10-05,2019-10-18,-17023.7248
2026-10-05,2019-10-21,-20890.34
2026-10-05,2019-10-22,-26216.5
2026-10-05,2019-10-23,-32731.3625
2026-10-05,2019-10-24,-41019.3
2026-10-05,2019-10-25,-48761.9
2026-10-05,2019-10-28,2402.4
2026-10-05,2019-10-29,5944.9103
2026-10-05,2019-10-30,477.65
2026-10-05,2019-10-31,0
2026-10-05,2019-11-01,7403.8936
2026-10-05,2019-11-04,6925.3508
2026-10-05,2019-11-05,9276.0068
2026-10-05,2019-11-07,12695.1415
2026-10-05,2019-11-08,20587.3991
2026-10-05,2019-11-11,0
2026-10-05,2019-11-12,12061.272
2026-10-05,2019-11-13,5136.7542
2026-10-05,2019-11-14,7582.7002
2026-10-05,2019-11-15,8475.199
2026-10-05,2019-11-19,7432.1904
2026-10-05,2019-11-20,3822.2514
2026-10-05,2019-11-21,4062.8094
2026-10-05,2019-11-22,8549.1864
2026-10-05,2019-11-25,9406.2028
2026-10-05,2019-11-26,6327.2778
2026-10-05,2019-11-27,1165.5404
2026-10-05,2019-11-28,0
2026-10-05,2019-11-29,478.56
2026-10-05,2019-12-02,-3299.41
2026-10-05,2019-12-03,2935.9428
2026-10-05,2019-12-04,2215.8042
2026-10-05,2019-12-05,-818.7023
2026-10-05,2019-12-06,239.764
2026-10-05,2019-12-09,-239.8
2026-10-05,2019-12-10,0
2026-10-05,2019-12-11,6609.5575
2026-10-05,2019-12-12,12351.7975
2026-10-05,2019-12-13,10515.477
2026-10-05,2019-12-16,4187.048
2026-10-05,2019-12-17,9474.698
2026-10-05,2019-12-18,6531.798
2026-10-05,2019-12-19,9959.1975
2026-10-05,2019-12-20,6998.355
2026-10-05,2019-12-23,-3569.58
2026-10-05,2019-12-26,0
2026-10-05,2019-12-27,2942.898
2026-10-05,2019-12-30,0
2026-10-05,2020-01-02,4456.2175
2026-10-05,2020-01-03,8374.1
2026-10-05,2020-01-06,1734.635
2026-10-05,2020-01-07,3720.493
2026-10-05,2020-01-08,8386.063
2026-10-05,2020-01-09,12073.6578
2026-10-05,2020-01-10,6340.39
2026-10-05,2020-01-13,-3455.424
2026-10-05,2020-01-14,-3454.025
2026-10-05,2020-01-15,5551.37
2026-10-05,2020-01-16,1349.5
2026-10-05,2020-01-17,7213.2
2026-10-05,2020-01-20,0
2026-10-05,2020-01-21,0
2026-10-05,2020-01-22,1982.31
2026-10-05,2020-01-23,0
2026-10-05,2020-01-24,0
2026-10-05,2020-01-27,-6919.55
2026-10-05,2020-01-28,661.91
2026-10-05,2020-01-29,481.84
2026-10-05,2020-01-30,2741.365
2026-10-05,2020-01-31,-4423.655
2026-10-05,2020-02-03,-151.175
2026-10-05,2020-02-04,-16718.5018
2026-10-05,2020-02-05,-1399.629
2026-10-05,2020-02-06,606.865
2026-10-05,2020-02-07,-121.56
2026-10-05,2020-02-10,-0.0035
2026-10-05,2020-02-11,-916.805
2026-10-05,2020-02-12,-2755.377
2026-10-05,2020-02-13,736.643
2026-10-05,2020-02-14,1536.3495
2026-10-05,2020-02-17,30.8
2026-10-05,2020-02-18,-1449.792
2026-10-05,2020-02-19,-679.2
2026-10-05,2020-02-20,741.5
2026-10-05,2020-02-21,3190.9
2026-10-05,2020-02-26,-1086.576
2026-10-05,2020-02-27,3697.2
2026-10-05,2020-02-28,-908.3108
2026-10-05,2020-03-02,6210.1
2026-10-05,2020-03-03,10754.2
2026-10-05,2020-03-04,-486.4
2026-10-05,2020-03-05,1248.4
2026-10-05,2020-03-06,574.8
2026-10-05,2020-03-09,-4814.8
2026-10-05,2020-03-10,325.468
2026-10-05,2020-03-11,595.4
2026-10-05,2020-03-12,-4127.276
2026-10-05,2020-03-13,-6334
2026-10-05,2020-03-16,50.4
2026-10-05,2020-03-17,-2047.0483
2026-10-05,2020-03-18,-6871.3
2026-10-05,2020-03-19,-643.4468
2026-10-05,2020-03-20,-3284.163
2026-10-05,2020-03-25,6084.6565
2026-10-05,2020-03-26,4888.9
2026-10-05,2020-03-27,2537.2
2026-10-05,2020-03-30,3945.2
2026-10-05,2020-04-01,3482.028
2026-10-05,2020-04-02,2394.622
2026-10-05,2020-04-03,1427.96
2026-10-05,2020-04-06,3710.8665
2026-10-05,2020-04-07,517.2855
2026-10-05,2020-04-08,2032.9645
2026-10-05,2020-04-13,2222.914
2026-10-05,2020-04-14,734.8985
2026-10-05,2020-04-15,-4363.0773
2026-10-05,2020-04-16,-2236.4748
2026-10-05,2020-04-17,-5650.788
2026-10-05,2020-04-20,-831.364
2026-10-05,2020-04-21,-1873.6615
2026-10-05,2020-04-22,-6212.374
2026-10-05,2020-04-23,-2626.272
2026-10-05,2020-04-24,-3650.4585
2026-10-05,2020-04-27,-6952.385
2026-10-05,2020-04-28,-6730.64
2026-10-05,2020-04-29,-6964.0275
2026-10-05,2020-04-30,-5063.41
2026-10-05,2020-05-04,2108.26
2026-10-05,2020-05-05,5380.153
2026-10-05,2020-05-06,-1909.005
2026-10-05,2020-05-07,587.9125
2026-10-05,2020-05-08,-3458.292
2026-10-05,2020-05-11,-795.226
2026-10-05,2020-05-12,-411.506
2026-10-05,2020-05-13,-6535.4925
2026-10-05,2020-05-14,-5545.1272
2026-10-05,2020-05-15,-3108.912
2026-10-05,2020-05-18,-8514.801
2026-10-05,2020-05-19,-6351.0032
2026-10-05,2020-05-20,-6318.63
2026-10-05,2020-05-21,-6383.7975
2026-10-05,2020-05-22,-5086.523
2026-10-05,2020-05-26,-6002.9811
2026-10-05,2020-05-27,-5781.8888
2026-10-05,2020-05-28,-7071.7695
2026-10-05,2020-05-29,19122.585
2026-10-05,2020-06-01,3980.499
2026-10-05,2020-06-02,5617.72
2026-10-05,2020-06-03,1334.569
2026-10-05,2020-06-04,5094.395
2026-10-05,2020-06-05,5561.6838
2026-10-05,2020-06-08,2804.638
2026-10-05,2020-06-09,4943.3699
2026-10-05,2020-06-10,6950.241
2026-10-05,2020-06-11,7634.393
2026-10-05,2020-06-12,2646.337
2026-10-05,2020-06-16,6786.89
2026-10-05,2020-06-17,-0.01
2026-10-05,2020-06-18,-5917.439
2026-10-05,2020-06-19,-1485.394
2026-10-05,2020-06-22,1308.419
2026-10-05,2020-06-23,-3361.945
2026-10-05,2020-06-24,34.925
2026-10-05,2020-06-25,-3532.6175
2026-10-05,2020-06-26,1909.631
2026-10-05,2020-06-29,586.881
2026-10-05,2020-06-30,3505.0735
2026-10-05,2020-07-01,-7112.1195
2026-10-05,2020-07-02,-5448.841
2026-10-05,2020-07-03,-3357.5542
2026-10-05,2020-07-06,828.326
2026-10-05,2020-07-07,-3149.2484
2026-10-05,2020-07-08,-1794.1426
2026-10-05,2020-07-13,1852.055
2026-10-05,2020-07-14,1340.257
2026-10-05,2020-07-15,-0.07
2026-10-05,2020-07-16,-2880.5236
2026-10-05,2020-07-17,-3211.6524
2026-10-05,2020-07-20,894.0168
2026-10-05,2020-07-21,-1426.7808
2026-10-05,2020-07-22,-2202.9582
2026-10-05,2020-07-23,-2051.069
2026-10-05,2020-07-24,-1533.657
2026-10-05,2020-07-27,-2222.9872
2026-10-05,2020-07-28,843.854
2026-10-05,2020-07-29,-1797.8
2026-10-05,2020-07-30,-4141.2366
2026-10-05,2020-07-31,-3963.156
2026-10-05,2020-08-03,-7108.135
2026-10-05,2020-08-04,-9146.8021
2026-10-05,2020-08-05,-8749.5476
2026-10-05,2020-08-06,-6128.624
2026-10-05,2020-08-07,-3518.4395
2026-10-05,2020-08-10,-0.175
2026-10-05,2020-08-11,-2153.52
2026-10-05,2020-08-12,-3484.485
2026-10-05,2020-08-13,-6090.073
2026-10-05,2020-08-14,-7612.315
2026-10-05,2020-08-18,293.4
2026-10-05,2020-08-19,-3086.17
2026-10-05,2020-08-20,-1538.2541
2026-10-05,2020-08-21,-3388.369
2026-10-05,2020-08-24,-147.8
2026-10-05,2020-08-25,-8370.084
2026-10-05,2020-08-26,-6695.6265
2026-10-05,2020-08-27,-5915.228
2026-10-05,2020-08-28,-7940.2
2026-10-05,2020-08-31,-2876.0509
2026-10-05,2020-09-01,-17857.915
2026-10-05,2020-09-02,-8477.6824
2026-10-05,2020-09-03,-6045.6164
2026-10-05,2020-09-04,-2560.746
2026-10-05,2020-09-07,-1687.12
2026-10-05,2020-09-08,-8660.3832
2026-10-05,2020-09-09,-11051.016
2026-10-05,2020-09-10,-8539.25
2026-10-05,2020-09-11,-10375.05
2026-10-05,2020-09-14,2276.051
2026-10-05,2020-09-15,-3706.902
2026-10-05,2020-09-16,-0.005
2026-10-05,2020-09-17,-7343.7
2026-10-05,2020-09-18,-3968.837
2026-10-05,2020-09-21,1232.067
2026-10-05,2020-09-22,-5596.587
2026-10-05,2020-09-23,-2176.2668
2026-10-05,2020-09-24,-5704.7504
2026-10-05,2020-09-25,-12170.1625
2026-10-05,2020-09-28,-5091.4564
2026-10-05,2020-09-29,-2957.285
2026-10-05,2020-09-30,-876.09
2026-10-05,2020-10-01,-7856.3635
2026-10-05,2020-10-02,-8496.866
2026-10-05,2020-10-05,-10755.22
2026-10-05,2020-10-06,-3878.866
2026-10-05,2020-10-07,1302.534
2026-10-05,2020-10-08,-1702.0591
2026-10-05,2020-10-09,-7085.2512
2026-10-05,2020-10-13,38.431
2026-10-05,2020-10-14,-5962.7154
2026-10-05,2020-10-15,-5720.755
2026-10-05,2020-10-16,1114.848
2026-10-05,2020-10-19,-1269.446
2026-10-05,2020-10-20,-2035.4375
2026-10-05,2020-10-21,1166.085
2026-10-05,2020-10-22,190.7855
2026-10-05,2020-10-23,-11106.977
2026-10-05,2020-10-26,-6688.65
2026-10-05,2020-10-27,-6883.171
2026-10-05,2020-10-28,-5107.519
2026-10-05,2020-10-29,-15.735
2026-10-05,2020-10-30,-3769.031
2026-10-05,2020-11-02,6433.6525
2026-10-05,2020-11-03,-3985.285
2026-10-05,2020-11-04,718.898
2026-10-05,2020-11-05,1550.015
2026-10-05,2020-11-09,8968.6694
2026-10-05,2020-11-10,-2172.6
2026-10-05,2020-11-11,-3388.9946
2026-10-05,2020-11-12,-9166.273
2026-10-05,2020-11-13,-9169.7
2026-10-05,2020-11-16,3317.555
2026-10-05,2020-11-17,-3121.287
2026-10-05,2020-11-18,-3847.48
2026-10-05,2020-11-19,-7289.083
2026-10-05,2020-11-20,-4134.2975
2026-10-05,2020-11-24,600.3305
2026-10-05,2020-11-25,1167.3095
2026-10-05,2020-11-26,515.2433
2026-10-05,2020-11-27,-3651.212
2026-10-05,2020-11-30,381.84
2026-10-05,2020-12-01,-5712.672
2026-10-05,2020-12-02,-995.0535
2026-10-05,2020-12-03,2059.367
2026-10-05,2020-12-04,0
2026-10-05,2020-12-09,4290.237
2026-10-05,2020-12-10,2396.659
2026-10-05,2020-12-11,1906.237
2026-10-05,2020-12-14,766.275
2026-10-05,2020-12-15,1386.419
2026-10-05,2020-12-16,1148.238
2026-10-05,2020-12-17,2977.335
2026-10-05,2020-12-18,1068.267
2026-10-05,2020-12-21,9183.398
2026-10-05,2020-12-22,9297.838
2026-10-05,2020-12-23,3659.049
2026-10-05,2020-12-28,4239.578
2026-10-05,2020-12-29,5227.1348
2026-10-05,2020-12-30,7782.56
2026-10-05,2021-01-04,381.576
2026-10-05,2021-01-05,381.45
2026-10-05,2021-01-06,297.15
2026-10-05,2021-01-07,254.97
2026-10-05,2021-01-08,8.411
2026-10-05,2021-01-11,16748.714
2026-10-05,2021-01-12,4465.185
2026-10-05,2021-01-13,5047.09
2026-10-05,2021-01-14,9103.295
2026-10-05,2021-01-15,6180.933
2026-10-05,2021-01-18,606.739
2026-10-05,2021-01-19,-3591.6456
2026-10-05,2021-01-20,-5992.072
2026-10-05,2021-01-21,1064.362
2026-10-05,2021-01-22,-6449.555
2026-10-05,2021-01-25,1097.094
2026-10-05,2021-01-26,-7828.235
2026-10-05,2021-01-27,-2178.045
2026-10-05,2021-01-28,348.685
2026-10-05,2021-01-29,-6970.985
2026-10-05,2021-02-01,3931.426
2026-10-05,2021-02-02,3200.95
2026-10-05,2021-02-03,1731.925
2026-10-05,2021-02-04,3353.375
2026-10-05,2021-02-05,1675.116
2026-10-05,2021-02-08,9223.212
2026-10-05,2021-02-09,2178.836
2026-10-05,2021-02-10,0
2026-10-05,2021-02-11,10567.795
2026-10-05,2021-02-12,21.7875
2026-10-05,2021-02-17,4309.023
2026-10-05,2021-02-18,26.412
2026-10-05,2021-02-19,413.5734
2026-10-05,2021-02-22,4726.168
2026-10-05,2021-02-23,4921.64
2026-10-05,2021-02-24,0
2026-10-05,2021-02-25,872.66
2026-10-05,2021-02-26,4890.8088
2026-10-05,2021-03-01,16250.397
2026-10-05,2021-03-02,9370.8896
2026-10-05,2021-03-03,10943.766
2026-10-05,2021-03-04,16812.098
2026-10-05,2021-03-05,6325.3
2026-10-05,2021-03-08,4320.189
2026-10-05,2021-03-09,90.5272
2026-10-05,2021-03-10,2125.039
2026-10-05,2021-03-11,11521.3868
2026-10-05,2021-03-12,9539.25
2026-10-05,2021-03-15,13177.686
2026-10-05,2021-03-16,9349.938
2026-10-05,2021-03-17,3593.28
2026-10-05,2021-03-18,22.6208
2026-10-05,2021-03-19,26.8186
2026-10-05,2021-03-22,-6593.815
2026-10-05,2021-03-23,12131.723
2026-10-05,2021-03-25,2661.195
2026-10-05,2021-03-26,4151.029
2026-10-05,2021-03-29,5586.308
2026-10-05,2021-03-30,8486.985
2026-10-05,2021-03-31,-5938.8
2026-10-05,2021-04-05,6146.454
2026-10-05,2021-04-06,8102.184
2026-10-05,2021-04-07,7894.215
2026-10-05,2021-04-08,11822.5935
2026-10-05,2021-04-09,14129.7658
2026-10-05,2021-04-12,10719.481
2026-10-05,2021-04-13,13263.184
2026-10-05,2021-04-14,4777.12
2026-10-05,2021-04-15,4719.448
2026-10-05,2021-04-16,137.883
2026-10-05,2021-04-19,13448.416
2026-10-05,2021-04-20,7474.759
2026-10-05,2021-04-21,5395.16
2026-10-05,2021-04-22,6285.9331
2026-10-05,2021-04-23,8948.832
2026-10-05,2021-04-26,5447.701
2026-10-05,2021-04-27,7665.603
2026-10-05,2021-04-28,37.6324
2026-10-05,2021-04-29,74.0262
2026-10-05,2021-04-30,-9269.1386
2026-10-05,2021-05-03,10169.472
2026-10-05,2021-05-04,14792.112
2026-10-05,2021-05-05,11559.275
2026-10-05,2021-05-06,12567.86
2026-10-05,2021-05-07,8801.1652
2026-10-05,2021-05-10,13093.107
2026-10-05,2021-05-11,12161.8135
2026-10-05,2021-05-12,21425.0654
2026-10-05,2021-05-13,10215.0558
2026-10-05,2021-05-14,13024.54
2026-10-05,2021-05-17,18393.002
2026-10-05,2021-05-18,12601.4155
2026-10-05,2021-05-19,4596.96
2026-10-05,2021-05-20,5000.6659
2026-10-05,2021-05-21,4623.6865
2026-10-05,2021-05-26,13368.9065
2026-10-05,2021-05-27,1890.275
2026-10-05,2021-05-28,8067.8182
2026-10-05,2021-05-31,46.25
2026-10-05,2021-06-01,3992.861
2026-10-05,2021-06-02,84.54
2026-10-05,2021-06-03,6209.495
2026-10-05,2021-06-04,0
2026-10-05,2021-06-07,4098.2772
2026-10-05,2021-06-08,6850.221
2026-10-05,2021-06-09,6415.56
2026-10-05,2021-06-10,14.265
2026-10-05,2021-06-11,4918.221
2026-10-05,2021-06-14,7901.433
2026-10-05,2021-06-15,2362.944
2026-10-05,2021-06-16,8320.886
2026-10-05,2021-06-17,82.022
2026-10-05,2021-06-18,1785.905
2026-10-05,2021-06-22,3791.7579
2026-10-05,2021-06-23,0
2026-10-05,2021-06-24,2837.67
2026-10-05,2021-06-25,76.464
2026-10-05,2021-06-28,-0.13
2026-10-05,2021-06-29,87.528
2026-10-05,2021-06-30,9428.33
2026-10-05,2021-07-01,7708.68
2026-10-05,2021-07-02,18315.048
2026-10-05,2021-07-05,1006.74
2026-10-05,2021-07-06,5067.5235
2026-10-05,2021-07-07,3530.592
2026-10-05,2021-07-08,182.341
2026-10-05,2021-07-12,18665.7898
2026-10-05,2021-07-13,20156.357
2026-10-05,2021-07-14,1056.0402
2026-10-05,2021-07-15,10118.136
2026-10-05,2021-07-16,1518.8972
2026-10-05,2021-07-19,6186.861
2026-10-05,2021-07-20,2610.522
2026-10-05,2021-07-21,3208.788
2026-10-05,2021-07-22,281.711
2026-10-05,2021-07-23,1783.77
2026-10-05,2021-07-26,-0.48
2026-10-05,2021-07-27,-6714.2965
2026-10-05,2021-07-28,-8358.915
2026-10-05,2021-07-29,-6844.742
2026-10-05,2021-07-30,-11113.106
2026-10-05,2021-08-02,96.77
2026-10-05,2021-08-03,6610.821
2026-10-05,2021-08-04,4357.35
2026-10-05,2021-08-05,0
2026-10-05,2021-08-06,0
2026-10-05,2021-08-09,0
2026-10-05,2021-08-10,86.6598
2026-10-05,2021-08-11,37.436
2026-10-05,2021-08-12,1046.655
2026-10-05,2021-08-13,4951.685
2026-10-05,2021-08-17,0
2026-10-05,2021-08-18,2577.125
2026-10-05,2021-08-19,4782.06
2026-10-05,2021-08-20,2841.444
2026-10-05,2021-08-23,6178.1074
2026-10-05,2021-08-24,675.209
2026-10-05,2021-08-25,-0.46
2026-10-05,2021-08-26,-15070.955
2026-10-05,2021-08-27,-0.925
2026-10-05,2021-08-30,-5765.65
2026-10-05,2021-08-31,-13487.4756
2026-10-05,2021-09-01,-8707.17
2026-10-05,2021-09-02,-7484.755
2026-10-05,2021-09-03,-2.15
2026-10-05,2021-09-06,-5902.7025
2026-10-05,2021-09-07,-9094.668
2026-10-05,2021-09-08,-9669.986
2026-10-05,2021-09-09,-9203.559
2026-10-05,2021-09-10,735.49
2026-10-05,2021-09-13,1525.124
2026-10-05,2021-09-14,4459.355
2026-10-05,2021-09-15,1525.632
2026-10-05,2021-09-16,-0.02
2026-10-05,2021-09-17,-14276.5524
2026-10-05,2021-09-20,-9367.36
2026-10-05,2021-09-21,-3833.9325
2026-10-05,2021-09-22,-83.089
2026-10-05,2021-09-23,-0.16
2026-10-05,2021-09-24,371.2984
2026-10-05,2021-09-27,1005.6643
2026-10-05,2021-09-28,-4.69
2026-10-05,2021-09-29,-6517.73
2026-10-05,2021-09-30,-19644.5194
2026-10-05,2021-10-01,-5780.925
2026-10-05,2021-10-04,-5415.7504
2026-10-05,2021-10-05,-10388.3
2026-10-05,2021-10-06,9979.998
2026-10-05,2021-10-07,7024.44
2026-10-05,2021-10-12,9899.079
2026-10-05,2021-10-13,12190.2198
2026-10-05,2021-10-14,10673.4975
2026-10-05,2021-10-15,3124.17
2026-10-05,2021-10-18,11664.225
2026-10-05,2021-10-19,6304.557
2026-10-05,2021-10-20,54.6315
2026-10-05,2021-10-21,198.72
2026-10-05,2021-10-22,450.2276
2026-10-05,2021-10-25,2387.42
2026-10-05,2021-10-26,2089.67
2026-10-05,2021-10-27,59.2
2026-10-05,2021-10-28,-4332.984
2026-10-05,2021-10-29,-29798.7847
2026-10-05,2021-11-01,-2164.85
2026-10-05,2021-11-02,-4240.797
2026-10-05,2021-11-03,-8841.695
2026-10-05,2021-11-04,-7970.578
2026-10-05,2021-11-05,20676.195
2026-10-05,2021-11-08,10.8482
2026-10-05,2021-11-09,-11153.909
2026-10-05,2021-11-10,-18332.467
2026-10-05,2021-11-11,-4056.245
2026-10-05,2021-11-12,-30030.086
2026-10-05,2021-11-15,-3770.72
2026-10-05,2021-11-16,4964.8995
2026-10-05,2021-11-17,40.469
2026-10-05,2021-11-18,-7939.51
2026-10-05,2021-11-19,-5905.5024
2026-10-05,2021-11-23,2025.5508
2026-10-05,2021-11-24,12991.899
2026-10-05,2021-11-25,0.85
2026-10-05,2021-11-26,-5602.124
2026-10-05,2021-11-29,-7327.665
2026-10-05,2021-11-30,-13641.195
2026-10-05,2021-12-01,692.6
2026-10-05,2021-12-02,-7736.9495
2026-10-05,2021-12-03,-17412.1447
2026-10-05,2021-12-06,2801.4524
2026-10-05,2021-12-07,-5012.29
2026-10-05,2021-12-09,-9818.029
2026-10-05,2021-12-10,-2493.28
2026-10-05,2021-12-13,308.0156
2026-10-05,2021-12-14,98.22
2026-10-05,2021-12-15,1166.69
2026-10-05,2021-12-16,50.36
2026-10-05,2021-12-17,205.65
2026-10-05,2021-12-20,383.856
2026-10-05,2021-12-21,89.1255
2026-10-05,2021-12-22,341.1765
2026-10-05,2021-12-23,867.3
2026-10-05,2021-12-27,2747.872
2026-10-05,2021-12-28,447.285
2026-10-05,2021-12-29,-4796.624
2026-10-05,2021-12-30,-11254.76
2026-10-05,2022-01-03,485.98
2026-10-05,2022-01-04,72.453
2026-10-05,2022-01-05,1995.385
2026-10-05,2022-01-06,103.21
2026-10-05,2022-01-07,8179.583
2026-10-05,2022-01-10,7803.146
2026-10-05,2022-01-11,2381.88
2026-10-05,2022-01-12,20.696
2026-10-05,2022-01-13,0
2026-10-05,2022-01-14,43.377
2026-10-05,2022-01-17,0.05
2026-10-05,2022-01-18,-5165.045
2026-10-05,2022-01-19,-6426.1885
2026-10-05,2022-01-20,-3838.638
2026-10-05,2022-01-21,990.115
2026-10-05,2022-01-24,4023.84
2026-10-05,2022-01-25,0.05
2026-10-05,2022-01-26,-5128.9935
2026-10-05,2022-01-27,-11636.0042
2026-10-05,2022-01-28,-8678.4752
2026-10-05,2022-01-31,250.2273
2026-10-05,2022-02-01,-5148.94
2026-10-05,2022-02-02,105.2
2026-10-05,2022-02-03,243.543
2026-10-05,2022-02-04,0
2026-10-05,2022-02-07,4977.528
2026-10-05,2022-02-08,528.9
2026-10-05,2022-02-09,0
2026-10-05,2022-02-10,212
2026-10-05,2022-02-11,0
2026-10-05,2022-02-14,8596.4574
2026-10-05,2022-02-15,669.89
2026-10-05,2022-02-16,532.85
2026-10-05,2022-02-17,0
2026-10-05,2022-02-18,0
2026-10-05,2022-02-21,-642.51
2026-10-05,2022-02-22,-6386.736
2026-10-05,2022-02-23,-6545.2891
2026-10-05,2022-02-24,-6605.175
2026-10-05,2022-02-25,-10645.5015
2026-10-05,2022-03-02,4378.068
2026-10-05,2022-03-03,2711.425
2026-10-05,2022-03-04,2784.3475
2026-10-05,2022-03-07,32394.2645
2026-10-05,2022-03-08,6916.5785
2026-10-05,2022-03-09,54.33
2026-10-05,2022-03-10,870.08
2026-10-05,2022-03-11,625.9945
2026-10-05,2022-03-14,9760.4851
2026-10-05,2022-03-15,245.7425
2026-10-05,2022-03-16,0
2026-10-05,2022-03-17,-3613.83
2026-10-05,2022-03-18,-1640.57
2026-10-05,2022-03-21,-5394.9778
2026-10-05,2022-03-22,699.211
2026-10-05,2022-03-23,-3237.208
2026-10-05,2022-03-25,-2207.674
2026-10-05,2022-03-28,928.612
2026-10-05,2022-03-29,-4765.66
2026-10-05,2022-03-30,-4109.6315
2026-10-05,2022-03-31,-8092.978
2026-10-05,2022-04-01,554.2
2026-10-05,2022-04-04,-1166.675
2026-10-05,2022-04-05,1675.35
2026-10-05,2022-04-06,2851.665
2026-10-05,2022-04-07,61.5545
2026-10-05,2022-04-08,26.9535
2026-10-05,2022-04-11,844.238
2026-10-05,2022-04-12,18.2995
2026-10-05,2022-04-13,-3518.6925
2026-10-05,2022-04-18,7828.647
2026-10-05,2022-04-19,8943.098
2026-10-05,2022-04-20,-4257.0795
2026-10-05,2022-04-21,3341.944
2026-10-05,2022-04-22,1484.92
2026-10-05,2022-04-25,4552.796
2026-10-05,2022-04-26,1630.706
2026-10-05,2022-04-27,-7782.4835
2026-10-05,2022-04-28,0
2026-10-05,2022-04-29,1186.94
2026-10-05,2022-05-02,22937.686
2026-10-05,2022-05-03,5677.63
2026-10-05,2022-05-04,10197.279
2026-10-05,2022-05-05,12021.525
2026-10-05,2022-05-06,9559.86
2026-10-05,2022-05-09,12959.25
2026-10-05,2022-05-10,409.185
2026-10-05,2022-05-11,-2373.73
2026-10-05,2022-05-12,-9614.94
2026-10-05,2022-05-13,415.04
2026-10-05,2022-05-16,14938.922
2026-10-05,2022-05-17,47.144
2026-10-05,2022-05-19,7248.325
2026-10-05,2022-05-20,5076.868
2026-10-05,2022-05-23,18756.838
2026-10-05,2022-05-24,238.18
2026-10-05,2022-05-26,-6686.97
2026-10-05,2022-05-27,7676.1851
2026-10-05,2022-05-30,5400
2026-10-05,2022-05-31,-23629.4148
2026-10-05,2022-06-01,-1925.136
2026-10-05,2022-06-02,1205.78
2026-10-05,2022-06-03,446.4705
2026-10-05,2022-06-06,948.042
2026-10-05,2022-06-07,909.525
2026-10-05,2022-06-08,1457.28
2026-10-05,2022-06-09,364.76
2026-10-05,2022-06-10,925.228
2026-10-05,2022-06-13,3242.37
2026-10-05,2022-06-14,-7234.966
2026-10-05,2022-06-15,-17647.7375
2026-10-05,2022-06-16,-23898.742
2026-10-05,2022-06-21,1314.4
2026-10-05,2022-06-22,115.86
2026-10-05,2022-06-23,-20304.456
2026-10-05,2022-06-24,-11916.9108
2026-10-05,2022-06-27,31691.123
2026-10-05,2022-06-28,19891.23
2026-10-05,2022-06-29,72792.019
2026-10-05,2022-06-30,67156.3635
2026-10-05,2022-07-01,-24906.897
2026-10-05,2022-07-04,-12398.76
2026-10-05,2022-07-05,-22760.48
2026-10-05,2022-07-06,-11613.73
2026-10-05,2022-07-07,-10323.7596
2026-10-05,2022-07-08,-11898.61
2026-10-05,2022-07-11,9273.1024
2026-10-05,2022-07-12,8.8
2026-10-05,2022-07-13,388.56
2026-10-05,2022-07-14,1093.215
2026-10-05,2022-07-15,526.2
2026-10-05,2022-07-18,-16490.8254
2026-10-05,2022-07-19,-15446.2005
2026-10-05,2022-07-20,-5739.5812
2026-10-05,2022-07-21,-6276.675
2026-10-05,2022-07-22,5710.22
2026-10-05,2022-07-25,6776.77
2026-10-05,2022-07-26,294.916
2026-10-05,2022-07-27,-17078.555
2026-10-05,2022-07-28,-14288.3439
2026-10-05,2022-07-29,-18943.952
2026-10-05,2022-08-01,-15477.56
2026-10-05,2022-08-02,-23532.04
2026-10-05,2022-08-03,-20189.301
2026-10-05,2022-08-04,-19598.7394
2026-10-05,2022-08-05,-12749.3105
2026-10-05,2022-08-08,-10840.7195
2026-10-05,2022-08-09,-8413.36
2026-10-05,2022-08-10,1969.2586
2026-10-05,2022-08-11,410.88
2026-10-05,2022-08-12,155.9738
2026-10-05,2022-08-16,2399.1464
2026-10-05,2022-08-17,11151.7406
2026-10-05,2022-08-18,2445.8
2026-10-05,2022-08-19,605.2103
2026-10-05,2022-08-22,19058.72
2026-10-05,2022-08-23,205.305
2026-10-05,2022-08-24,822.9
2026-10-05,2022-08-25,1501.4
2026-10-05,2022-08-26,119.625
2026-10-05,2022-08-29,1521.52
2026-10-05,2022-08-30,55.41
2026-10-05,2022-08-31,443.921
2026-10-05,2022-09-01,72.2114
2026-10-05,2022-09-05,-1151.1
2026-10-05,2022-09-06,38858.7642
2026-10-05,2022-09-07,65881.7406
2026-10-05,2022-09-08,97908.7224
2026-10-05,2022-09-09,40475.2328
2026-10-05,2022-09-12,41002.4999
2026-10-05,2022-09-13,42585.7618
2026-10-05,2022-09-14,66152.8396
2026-10-05,2022-09-15,68658.7321
2026-10-05,2022-09-16,49379.964
2026-10-05,2022-09-19,47977.8284
2026-10-05,2022-09-20,44637.9915
2026-10-05,2022-09-21,54673.3582
2026-10-05,2022-09-22,74536.8208
2026-10-05,2022-09-23,39092.3469
2026-10-05,2022-09-26,80611.5996
2026-10-05,2022-09-27,69551.983
2026-10-05,2022-09-28,63332.8395
2026-10-05,2022-09-29,78516.6558
2026-10-05,2022-09-30,72581.3062
2026-10-05,2022-10-03,11860.876
2026-10-05,2022-10-04,3256.692
2026-10-05,2022-10-05,-5186.255
2026-10-05,2022-10-06,-8746.425
2026-10-05,2022-10-11,-5861.954
2026-10-05,2022-10-12,-13155.9488
2026-10-05,2022-10-13,-9532.12
2026-10-05,2022-10-14,-10259.47
2026-10-05,2022-10-17,3597.02
2026-10-05,2022-10-18,3195.718
2026-10-05,2022-10-19,-0.016
2026-10-05,2022-10-20,682.935
2026-10-05,2022-10-21,-6998.94
2026-10-05,2022-10-24,469.44
2026-10-05,2022-10-25,190.9661
2026-10-05,2022-10-26,-7613.24
2026-10-05,2022-10-27,95.147
2026-10-05,2022-10-28,-4443.135
2026-10-05,2022-10-31,-19750.665
2026-10-05,2022-11-01,-4306.92
2026-10-05,2022-11-02,-13208.1
2026-10-05,2022-11-03,-13310.912
2026-10-05,2022-11-04,-7817.78
2026-10-05,2022-11-07,-24454.224
2026-10-05,2022-11-08,-23847.852
2026-10-05,2022-11-09,-12809.2165
2026-10-05,2022-11-10,-15244.634
2026-10-05,2022-11-11,-8189.55
2026-10-05,2022-11-14,-17181.195
2026-10-05,2022-11-15,-7871.706
2026-10-05,2022-11-16,903.04
2026-10-05,2022-11-17,504.3945
2026-10-05,2022-11-18,-8373.9968
2026-10-05,2022-11-22,231.387
2026-10-05,2022-11-23,571.521
2026-10-05,2022-11-24,261.365
2026-10-05,2022-11-25,-7372.7
2026-10-05,2022-11-28,50505.0202
2026-10-05,2022-11-29,32957.2029
2026-10-05,2022-11-30,9495.6576
2026-10-05,2022-12-01,7517.3877
2026-10-05,2022-12-02,35870.12
2026-10-05,2022-12-05,20653.8682
2026-10-05,2022-12-06,22273.4712
2026-10-05,2022-12-07,21208.882
2026-10-05,2022-12-12,16034.718
2026-10-05,2022-12-13,10502.4993
2026-10-05,2022-12-14,9863.5153
2026-10-05,2022-12-15,37393.9179
2026-10-05,2022-12-16,15675.0898
2026-10-05,2022-12-19,15192.314
2026-10-05,2022-12-20,-5014.79
2026-10-05,2022-12-21,19567.7099
2026-10-05,2022-12-22,17001.8015
2026-10-05,2022-12-23,17686.2408
2026-10-05,2022-12-26,6276.6707
2026-10-05,2022-12-27,37918.7334
2026-10-05,2022-12-28,53132.9686
2026-10-05,2022-12-29,104832.0029
2026-10-05,2022-12-30,25396.4629
2026-10-05,2023-01-02,518.5
2026-10-05,2023-01-03,4401.7096
2026-10-05,2023-01-04,428.739
2026-10-05,2023-01-05,10019.52
2026-10-05,2023-01-06,0
2026-10-05,2023-01-09,540.27
2026-10-05,2023-01-10,2209.19
2026-10-05,2023-01-11,722.66
2026-10-05,2023-01-12,0
2026-10-05,2023-01-13,36298.9026
2026-10-05,2023-01-16,714.64
2026-10-05,2023-01-17,-4325.075
2026-10-05,2023-01-18,-9506.42
2026-10-05,2023-01-19,-7094.9876
2026-10-05,2023-01-20,-6272.698
2026-10-05,2023-01-23,-10416.3565
2026-10-05,2023-01-24,459.22
2026-10-05,2023-01-25,-15910.17
2026-10-05,2023-01-26,-8430.4285
2026-10-05,2023-01-27,-4999.794
2026-10-05,2023-01-30,-5277.275
2026-10-05,2023-01-31,-16414.964
2026-10-05,2023-02-01,-7874.82
2026-10-05,2023-02-02,-10652.734
2026-10-05,2023-02-03,-9190.08
2026-10-05,2023-02-06,-8527.2795
2026-10-05,2023-02-07,-9292.4835
2026-10-05,2023-02-08,-13179.296
2026-10-05,2023-02-09,-13102.829
2026-10-05,2023-02-10,-12870.025
2026-10-05,2023-02-13,-9179.87
2026-10-05,2023-02-14,-6959.7375
2026-10-05,2023-02-15,-56255.9623
2026-10-05,2023-02-16,-9015.9689
2026-10-05,2023-02-17,-9504.062
2026-10-05,2023-02-22,574.061
2026-10-05,2023-02-23,781.104
2026-10-05,2023-02-24,-5582.6554
2026-10-05,2023-02-27,6476.746
2026-10-05,2023-02-28,3778.0915
2026-10-05,2023-03-01,-8773.7287
2026-10-05,2023-03-02,825.6834
2026-10-05,2023-03-03,83.326
2026-10-05,2023-03-06,-8574.06
2026-10-05,2023-03-07,-9818.557
2026-10-05,2023-03-08,-13984.502
2026-10-05,2023-03-09,-9513.452
2026-10-05,2023-03-10,-15063.076
2026-10-05,2023-03-13,-17620.7633
2026-10-05,2023-03-14,-29349.2345
2026-10-05,2023-03-15,-17592.32
2026-10-05,2023-03-16,-19506.6645
2026-10-05,2023-03-17,-28394.301
2026-10-05,2023-03-20,-53072.254
2026-10-05,2023-03-21,-20368.563
2026-10-05,2023-03-22,-29913.4953
2026-10-05,2023-03-23,-18111.9235
2026-10-05,2023-03-27,-20398.6172
2026-10-05,2023-03-28,-15541.2974
2026-10-05,2023-03-29,-20290.5334
2026-10-05,2023-03-30,-27454.915
2026-10-05,2023-03-31,-9410.309
2026-10-05,2023-04-03,-54550.387
2026-10-05,2023-04-04,-10412.668
2026-10-05,2023-04-05,-23969.62
2026-10-05,2023-04-10,-21040.8905
2026-10-05,2023-04-11,504.6631
2026-10-05,2023-04-12,8364.9507
2026-10-05,2023-04-13,120422.057
2026-10-05,2023-04-14,25517.6834
2026-10-05,2023-04-17,28042.3093
2026-10-05,2023-04-18,3066.6012
2026-10-05,2023-04-19,-43208.7722
2026-10-05,2023-04-20,15456.5683
2026-10-05,2023-04-21,78409.8058
2026-10-05,2023-04-24,31691.7258
2026-10-05,2023-04-25,13850.6494
2026-10-05,2023-04-26,-8097.2034
2026-10-05,2023-04-27,-11737.4686
2026-10-05,2023-04-28,-8757.2553
2026-10-05,2023-05-02,-25753.7543
2026-10-05,2023-05-03,-21339.5897
2026-10-05,2023-05-04,7319.1571
2026-10-05,2023-05-05,8492.056
2026-10-05,2023-05-08,4601.4955
2026-10-05,2023-05-09,4533.2817
2026-10-05,2023-05-10,7069.8923
2026-10-05,2023-05-11,14049.3154
2026-10-05,2023-05-12,29851.0844
2026-10-05,2023-05-15,19133.1512
2026-10-05,2023-05-16,17408.4734
2026-10-05,2023-05-17,23307.536
2026-10-05,2023-05-18,15782.2121
2026-10-05,2023-05-19,33668.7924
2026-10-05,2023-05-22,13515.3372
2026-10-05,2023-05-23,7542.6999
2026-10-05,2023-05-24,47481.6969
2026-10-05,2023-05-29,4758.8655
2026-10-05,2023-05-30,47569.5857
2026-10-05,2023-05-31,154505.0429
2026-10-05,2023-06-01,24329.4221
2026-10-05,2023-06-02,13748.0511
2026-10-05,2023-06-05,2378.3805
2026-10-05,2023-06-06,-10814.1009
2026-10-05,2023-06-07,-18095.9628
2026-10-05,2023-06-08,-14277.1048
2026-10-05,2023-06-09,-11122.3438
2026-10-05,2023-06-12,-10509.0079
2026-10-05,2023-06-13,19322.9213
2026-10-05,2023-06-14,13663.4073
2026-10-05,2023-06-15,-23718.1969
2026-10-05,2023-06-16,-45311.3471
2026-10-05,2023-06-21,2442.8058
2026-10-05,2023-06-22,-21133.2245
2026-10-05,2023-06-23,-31337.8001
2026-10-05,2023-06-26,3121.9048
2026-10-05,2023-06-27,-30718.2434
2026-10-05,2023-06-28,-29968.6645
2026-10-05,2023-06-29,-14145.7951
2026-10-05,2023-06-30,-24570.8274
2026-10-05,2023-07-03,-4120.47
2026-10-05,2023-07-04,-42996.8435
2026-10-05,2023-07-05,-24426.6572
2026-10-05,2023-07-06,-23769.0506
2026-10-05,2023-07-07,-28645.3374
2026-10-05,2023-07-10,-18542.6172
2026-10-05,2023-07-11,-25222.3934
2026-10-05,2023-07-12,-24789.1004
2026-10-05,2023-07-13,-25237.626
2026-10-05,2023-07-14,-25620.0737
2026-10-05,2023-07-17,14569.6473
2026-10-05,2023-07-18,-13832.5522
2026-10-05,2023-07-19,-45494.09
2026-10-05,2023-07-20,-14721.3071
2026-10-05,2023-07-21,-53013.5274
2026-10-05,2023-07-24,17760.9108
2026-10-05,2023-07-25,21482.3611
2026-10-05,2023-07-26,35777.3907
2026-10-05,2023-07-27,77395.8257
2026-10-05,2023-07-28,107010.9826
2026-10-05,2023-07-31,55575.5579
2026-10-05,2023-08-01,30551.4894
2026-10-05,2023-08-02,-14500.8854
2026-10-05,2023-08-03,55234.0687
2026-10-05,2023-08-04,67372.1556
2026-10-05,2023-08-07,13343.7003
2026-10-05,2023-08-08,-1673.8249
2026-10-05,2023-08-09,-24490.5092
2026-10-05,2023-08-10,-4715.8732
2026-10-05,2023-08-11,-19852.6609
2026-10-05,2023-08-14,97106.1397
2026-10-05,2023-08-15,43746.4815
2026-10-05,2023-08-16,40884.4345
2026-10-05,2023-08-17,64510.2284
2026-10-05,2023-08-18,3900.5419
2026-10-05,2023-08-22,23223.1825
2026-10-05,2023-08-23,35303.1094
2026-10-05,2023-08-24,7098.21
2026-10-05,2023-08-25,13152.4959
2026-10-05,2023-08-28,22429.793
2026-10-05,2023-08-29,46728.225
2026-10-05,2023-08-30,7304.4439
2026-10-05,2023-08-31,7423.375
2026-10-05,2023-09-01,166.338
2026-10-05,2023-09-04,3062.985
2026-10-05,2023-09-05,1142.99
2026-10-05,2023-09-06,7578.695
2026-10-05,2023-09-07,20403.6345
2026-10-05,2023-09-08,36383.855
2026-10-05,2023-09-11,18108.235
2026-10-05,2023-09-12,23888.523
2026-10-05,2023-09-13,8352.013
2026-10-05,2023-09-14,2979.085
2026-10-05,2023-09-15,17652.155
2026-10-05,2023-09-18,17876.82
2026-10-05,2023-09-19,21535.48
2026-10-05,2023-09-20,317.83
2026-10-05,2023-09-21,128.574
2026-10-05,2023-09-22,204.9395
2026-10-05,2023-09-25,-19.2
2026-10-05,2023-09-26,1216.495
2026-10-05,2023-09-27,589.63
2026-10-05,2023-09-28,693.135
2026-10-05,2023-09-29,746.945
2026-10-05,2023-10-02,11.545
2026-10-05,2023-10-03,-6965.2475
2026-10-05,2023-10-04,-28596.1225
2026-10-05,2023-10-05,158.87
2026-10-05,2023-10-06,-29525.9875
2026-10-05,2023-10-09,-25678.38
2026-10-05,2023-10-10,-78890.43
2026-10-05,2023-10-11,-45854.703
2026-10-05,2023-10-12,-44485.165
2026-10-05,2023-10-17,-35383.558
2026-10-05,2023-10-18,-21579.942
2026-10-05,2023-10-19,19980.095
2026-10-05,2023-10-20,-10098.0375
2026-10-05,2023-10-23,66966.605
2026-10-05,2023-10-24,14588.201
2026-10-05,2023-10-25,4374.699
2026-10-05,2023-10-26,39017.22
2026-10-05,2023-10-27,12747.535
2026-10-05,2023-10-30,30389.865
2026-10-05,2023-10-31,48443.0175
2026-10-05,2023-11-01,19542.83
2026-10-05,2023-11-02,444.98
2026-10-05,2023-11-03,-121.376
2026-10-05,2023-11-07,-1568.6475
2026-10-05,2023-11-08,12610.3525
2026-10-05,2023-11-09,12935.678
2026-10-05,2023-11-10,1635.61
2026-10-05,2023-11-13,6851.6
2026-10-05,2023-11-14,-320.21
2026-10-05,2023-11-15,43396.465
2026-10-05,2023-11-16,46212.385
2026-10-05,2023-11-17,69.97
2026-10-05,2023-11-21,-864.5345
2026-10-05,2023-11-22,2720.502
2026-10-05,2023-11-23,8914.565
2026-10-05,2023-11-24,-10093.73
2026-10-05,2023-11-27,-6899.2
2026-10-05,2023-11-28,-7999.84
2026-10-05,2023-11-29,31625.634
2026-10-05,2023-11-30,-33080.655
2026-10-05,2023-12-01,-37177.39
2026-10-05,2023-12-04,-31727.8675
2026-10-05,2023-12-05,-27302.933
2026-10-05,2023-12-06,-54363.421
2026-10-05,2023-12-07,-146125.925
2026-10-05,2023-12-11,8751.6979
2026-10-05,2023-12-12,3377.1171
2026-10-05,2023-12-13,228625.71
2026-10-05,2023-12-14,188877.9525
2026-10-05,2023-12-15,165985.5705
2026-10-05,2023-12-18,172733.338
2026-10-05,2023-12-19,144187.6745
2026-10-05,2023-12-20,137496.984
2026-10-05,2023-12-21,216329.8
2026-10-05,2023-12-22,268223.175
2026-10-05,2023-12-26,150492.7425
2026-10-05,2023-12-27,165388.79
2026-10-05,2023-12-28,246141.9675
2026-10-05,2023-12-29,217958.11
2026-10-05,2024-01-02,71734.8
2026-10-05,2024-01-03,115565.528
2026-10-05,2024-01-04,136000.335
2026-10-05,2024-01-05,188969.824
2026-10-05,2024-01-08,59317.422
2026-10-05,2024-01-09,104498.776
2026-10-05,2024-01-10,103084.85
2026-10-05,2024-01-11,144466.638
2026-10-05,2024-01-12,245026.4
2026-10-05,2024-01-15,65925.1
2026-10-05,2024-01-16,182640.825
2026-10-05,2024-01-17,165263.98
2026-10-05,2024-01-18,140734.608
2026-10-05,2024-01-19,94875.29
2026-10-05,2024-01-22,108952.7
2026-10-05,2024-01-23,155117.224
2026-10-05,2024-01-24,134471.01
2026-10-05,2024-01-25,163571.25
2026-10-05,2024-01-26,95991.075
2026-10-05,2024-01-29,69628.6
2026-10-05,2024-01-30,137853.225
2026-10-05,2024-01-31,-8007.13
2026-10-05,2024-02-01,70294.536
2026-10-05,2024-02-02,64870.503
2026-10-05,2024-02-05,82389.381
2026-10-05,2024-02-06,138306.835
2026-10-05,2024-02-07,62345.856
2026-10-05,2024-02-08,81866.505
2026-10-05,2024-02-09,139001.576
2026-10-05,2024-02-14,212951.987
2026-10-05,2024-02-15,104804.0265
2026-10-05,2024-02-16,229461.75
2026-10-05,2024-02-19,77992.42
2026-10-05,2024-02-20,117297.8
2026-10-05,2024-02-21,98826.888
2026-10-05,2024-02-22,238935.356
2026-10-05,2024-02-23,98990.2
2026-10-05,2024-02-26,61363.8
2026-10-05,2024-02-27,119163.215
2026-10-05,2024-02-28,87902.01
2026-10-05,2024-02-29,-119187.65
2026-10-05,2024-03-01,57541.95
2026-10-05,2024-03-04,255335.32
2026-10-05,2024-03-05,70616.65
2026-10-05,2024-03-06,189814.75
2026-10-05,2024-03-07,215137.8
2026-10-05,2024-03-08,139587.85
2026-10-05,2024-03-11,229994.07
2026-10-05,2024-03-12,75949.9
2026-10-05,2024-03-13,252055.145
2026-10-05,2024-03-14,111784.725
2026-10-05,2024-03-15,194439.15
2026-10-05,2024-03-18,56758.695
2026-10-05,2024-03-19,-62255.29
2026-10-05,2024-03-20,103245.625
2026-10-05,2024-03-21,176052.1
2026-10-05,2024-03-22,154123.43
2026-10-05,2024-03-25,135724.65
2026-10-05,2024-03-26,66027.14
2026-10-05,2024-03-27,24842
2026-10-05,2024-04-03,210514
2026-10-05,2024-04-04,403052.775
2026-10-05,2024-04-05,275359.26
2026-10-05,2024-04-08,241920
2026-10-05,2024-04-09,209036.1
2026-10-05,2024-04-10,94908.75
2026-10-05,2024-04-11,116200.225
2026-10-05,2024-04-12,167031.3
2026-10-05,2024-04-15,96643.12
2026-10-05,2024-04-16,80349.8
2026-10-05,2024-04-17,171641.3
2026-10-05,2024-04-18,173043.325
2026-10-05,2024-04-19,381.725
2026-10-05,2024-04-22,263680.94
2026-10-05,2024-04-23,109846.75
2026-10-05,2024-04-24,95446.65
2026-10-05,2024-04-25,50036.825
2026-10-05,2024-04-26,52120.2
2026-10-05,2024-04-29,-80909
2026-10-05,2024-04-30,168141.83
2026-10-05,2024-05-02,142979.3
2026-10-05,2024-05-03,126528.15
2026-10-05,2024-05-06,57086.475
2026-10-05,2024-05-07,193172.895
2026-10-05,2024-05-08,203713.255
2026-10-05,2024-05-09,52050.67
2026-10-05,2024-05-10,200119.2
2026-10-05,2024-05-13,89990
2026-10-05,2024-05-14,125395.65
2026-10-05,2024-05-15,93061.5
2026-10-05,2024-05-16,232991.76
2026-10-05,2024-05-17,122851.17
2026-10-05,2024-05-20,111586.715
2026-10-05,2024-05-21,167623.46
2026-10-05,2024-05-22,52049.475
2026-10-05,2024-05-23,52279.65
2026-10-05,2024-05-24,104202.725
2026-10-05,2024-05-27,-9835
2026-10-05,2024-05-28,49658.83
2026-10-05,2024-05-29,84373.205
2026-10-05,2024-05-30,33907.6
2026-10-05,2024-05-31,-46601
2026-10-05,2024-06-03,0
2026-10-05,2024-06-04,53283.89
2026-10-05,2024-06-05,43192.5
2026-10-05,2024-06-06,-1241.5
2026-10-05,2024-06-07,17980
2026-10-05,2024-06-10,-24430.65
2026-10-05,2024-06-11,-8123
2026-10-05,2024-06-12,-27987.075
2026-10-05,2024-06-13,21611.46
2026-10-05,2024-06-14,123275.075
2026-10-05,2024-06-18,-110194.325
2026-10-05,2024-06-19,73862.85
2026-10-05,2024-06-24,-141781.665
2026-10-05,2024-06-25,42599.515
2026-10-05,2024-06-26,39130
2026-10-05,2024-06-27,-69188.82
2026-10-05,2024-06-28,-77120.75
2026-10-05,2024-07-01,-34758
2026-10-05,2024-07-02,45278.5
2026-10-05,2024-07-03,1831.5
2026-10-05,2024-07-04,4425.2
2026-10-05,2024-07-05,19843.35
2026-10-05,2024-07-08,-5515
2026-10-05,2024-07-10,37566.65
2026-10-05,2024-07-11,18424
2026-10-05,2024-07-12,46125.5
2026-10-05,2024-07-15,39163.75
2026-10-05,2024-07-16,33210
2026-10-05,2024-07-17,-2315
2026-10-05,2024-07-18,27841.255
2026-10-05,2024-07-19,-57401.1257
2026-10-05,2024-07-22,-98264.5
2026-10-05,2024-07-23,50511.775
2026-10-05,2024-07-24,43528.99
2026-10-05,2024-07-25,-803.025
2026-10-05,2024-07-26,-39976.525
2026-10-05,2024-07-29,-85267.5
2026-10-05,2024-07-30,-115124
2026-10-05,2024-07-31,-59220.75
2026-10-05,2024-08-01,-75130.5
2026-10-05,2024-08-02,135439.95
2026-10-05,2024-08-05,-22919.75
2026-10-05,2024-08-06,-22744.8
2026-10-05,2024-08-07,15443.5
2026-10-05,2024-08-08,44373.05
2026-10-05,2024-08-09,40629.3
2026-10-05,2024-08-12,2817
2026-10-05,2024-08-13,32893.05
2026-10-05,2024-08-14,2350
2026-10-05,2024-08-15,31059.95
2026-10-05,2024-08-16,27303.5
2026-10-05,2024-08-19,698.19
2026-10-05,2024-08-20,82804.25
2026-10-05,2024-08-21,47334.9
2026-10-05,2024-08-22,77017.5
2026-10-05,2024-08-23,10406
2026-10-05,2024-08-26,481.25
2026-10-05,2024-08-27,7.725
2026-10-05,2024-08-28,-71717.425
2026-10-05,2024-08-29,145843.2
2026-10-05,2024-08-30,83
2026-10-05,2024-09-02,-226864.5
2026-10-05,2024-09-03,61912.5
2026-10-05,2024-09-04,-6683.5
2026-10-05,2024-09-05,-5300.16
2026-10-05,2024-09-06,87432.2
2026-10-05,2024-09-09,-957.5
2026-10-05,2024-09-10,-158004.3
2026-10-05,2024-09-11,-29236.25
2026-10-05,2024-09-12,20128.5
2026-10-05,2024-09-13,-71056
2026-10-05,2024-09-16,-85537
2026-10-05,2024-09-17,10576.5
2026-10-05,2024-09-18,67195.7
2026-10-05,2024-09-19,33416.1
2026-10-05,2024-09-20,32359.475
2026-10-05,2024-09-23,61985.1
2026-10-05,2024-09-24,19805.45
2026-10-05,2024-09-25,184640.16
2026-10-05,2024-09-26,-29075
2026-10-05,2024-09-27,-19382
2026-10-05,2024-09-30,72253.5
2026-10-05,2024-10-01,113129.5
2026-10-05,2024-10-02,118560.025
2026-10-05,2024-10-03,102493.25
2026-10-05,2024-10-04,107169.5
2026-10-05,2024-10-07,51161.25
2026-10-05,2024-10-08,848.25
2026-10-05,2024-10-09,38044.5
2026-10-05,2024-10-10,117203.36
2026-10-05,2024-10-14,68530
2026-10-05,2024-10-15,0
2026-10-05,2024-10-16,10872.5
2026-10-05,2024-10-17,12976.845
2026-10-05,2024-10-18,113166.95
2026-10-05,2024-10-21,491.75
2026-10-05,2024-10-22,22734.03
2026-10-05,2024-10-23,170810.75
2026-10-05,2024-10-24,39420
2026-10-05,2024-10-25,54525.8
2026-10-05,2024-10-28,36358.4
2026-10-05,2024-10-29,69537.1
2026-10-05,2024-10-30,190382.5
2026-10-05,2024-10-31,156222
2026-10-05,2024-11-01,18321.25
2026-10-05,2024-11-04,51513.925
2026-10-05,2024-11-05,29561.61
2026-10-05,2024-11-07,70609.5
2026-10-05,2024-11-08,192850.9
2026-10-05,2024-11-11,128812.4
2026-10-05,2024-11-12,-484.575
2026-10-05,2024-11-13,82376.25
2026-10-05,2024-11-14,244705.05
2026-10-05,2024-11-15,133153.39
2026-10-05,2024-11-19,149332.4
2026-10-05,2024-11-20,134416.7
2026-10-05,2024-11-21,51007.49
2026-10-05,2024-11-22,15067.5
2026-10-05,2024-11-25,6642.9
2026-10-05,2024-11-26,57918.275
2026-10-05,2024-11-27,22165
2026-10-05,2024-11-28,228929.5
2026-10-05,2024-11-29,11099
2026-10-05,2024-12-02,-173054.5
2026-10-05,2024-12-03,-52143.75
2026-10-05,2024-12-04,13668.75
2026-10-05,2024-12-05,173324.3
2026-10-05,2024-12-06,73985.5
2026-10-05,2024-12-09,243039.615
2026-10-05,2024-12-10,165537.025
2026-10-05,2024-12-11,167601.6
2026-10-05,2024-12-12,169413.75
2026-10-05,2024-12-13,170721.8
2026-10-05,2024-12-16,34697
2026-10-05,2024-12-17,7725.97
2026-10-05,2024-12-18,154655.1
2026-10-05,2024-12-19,32720
2026-10-05,2024-12-20,222144.45
2026-10-05,2024-12-23,127817.5
2026-10-05,2024-12-26,-184463
2026-10-05,2024-12-27,-616154.75
2026-10-05,2024-12-30,-26209.85
2026-10-05,2025-01-02,32508
2026-10-05,2025-01-03,177455.9
2026-10-05,2025-01-06,27362.525
2026-10-05,2025-01-07,110798.5
2026-10-05,2025-01-08,34188
2026-10-05,2025-01-09,142000.5
2026-10-05,2025-01-10,242878.75
2026-10-05,2025-01-13,173596.5
2026-10-05,2025-01-14,180960
2026-10-05,2025-01-15,174367.5
2026-10-05,2025-01-16,82486.8
2026-10-05,2025-01-17,137544
2026-10-05,2025-01-20,91872
2026-10-05,2025-01-21,-58
2026-10-05,2025-01-22,-36645
2026-10-05,2025-01-23,-85913
2026-10-05,2025-01-24,0
2026-10-05,2025-01-27,-3677.5
2026-10-05,2025-01-28,37800
2026-10-05,2025-01-29,108201.5
2026-10-05,2025-01-30,-18936
2026-10-05,2025-01-31,71010
2026-10-05,2025-02-03,171112.5
2026-10-05,2025-02-04,17913.75
2026-10-05,2025-02-05,9486
2026-10-05,2025-02-06,91214.25
2026-10-05,2025-02-07,344164.925
2026-10-05,2025-02-10,147277.125
2026-10-05,2025-02-11,77304.235
2026-10-05,2025-02-12,178971.1
2026-10-05,2025-02-13,-131.81
2026-10-05,2025-02-14,3700.375
2026-10-05,2025-02-17,39155.25
2026-10-05,2025-02-18,-15892.5
2026-10-05,2025-02-19,181089
2026-10-05,2025-02-20,155773.305
2026-10-05,2025-02-21,87959.25
2026-10-05,2025-02-24,127290
2026-10-05,2025-02-25,136869
2026-10-05,2025-02-26,165753.225
2026-10-05,2025-02-27,117323.375
2026-10-05,2025-02-28,24219.3
2026-10-05,2025-03-05,-372049.25
2026-10-05,2025-03-06,260954.1
2026-10-05,2025-03-07,179368.25
2026-10-05,2025-03-10,-238323
2026-10-05,2025-03-11,38376
2026-10-05,2025-03-12,286156.05
2026-10-05,2025-03-13,85073.3125
2026-10-05,2025-03-14,53670.1
2026-10-05,2025-03-17,-506211.0625
2026-10-05,2025-03-18,-59901
2026-10-05,2025-03-19,-229446.875
2026-10-05,2025-03-20,-199294.425
2026-10-05,2025-03-21,-82394
2026-10-05,2025-03-25,-209479.625
2026-10-05,2025-03-26,-116695.625
2026-10-05,2025-03-27,-51587.725
2026-10-05,2025-03-28,-89555.25
2026-10-05,2025-03-31,-205898.8
2026-10-05,2025-04-01,-153367.2
2026-10-05,2025-04-03,56827.575
2026-10-05,2025-04-04,-10752.5
2026-10-05,2025-04-07,-33787.2
2026-10-05,2025-04-08,-37689.75
2026-10-05,2025-04-09,-64608.5
2026-10-05,2025-04-10,-177746.25
2026-10-05,2025-04-11,-66993.8425
2026-10-05,2025-04-14,-429247.5
2026-10-05,2025-04-15,0
2026-10-05,2025-04-16,0
2026-10-05,2025-04-21,0
2026-10-05,2025-04-22,0
2026-10-05,2025-04-23,0
2026-10-05,2025-04-24,0
2026-10-05,2025-04-25,0
2026-10-05,2025-04-28,0
2026-10-05,2025-04-29,0
2026-10-05,2025-04-30,0
2026-10-05,2025-05-05,0
2026-10-05,2025-05-06,0
2026-10-05,2025-05-07,0
2026-10-05,2025-05-08,0
2026-10-05,2025-05-09,0
2026-10-05,2025-05-12,0
2026-10-05,2025-05-13,0
2026-10-05,2025-05-14,0
2026-10-05,2025-05-15,0
2026-10-05,2025-05-16,0
2026-10-05,2025-05-19,0
2026-10-05,2025-05-20,0
2026-10-05,2025-05-21,0
2026-10-05,2025-05-22,0
2026-10-05,2025-05-23,0
2026-10-05,2025-05-26,0
2026-10-05,2025-05-27,0
2026-10-05,2025-05-28,0
2026-10-05,2025-05-29,0
2026-10-05,2025-05-30,0
2026-10-05,2025-06-02,0
2026-10-05,2025-06-03,0
2026-10-05,2025-06-04,0
2026-10-05,2025-06-05,0
2026-10-05,2025-06-06,0
2026-10-05,2025-06-09,0
2026-10-05,2025-06-10,0
2026-10-05,2025-06-11,0
2026-10-05,2025-06-12,0
2026-10-05,2025-06-13,0
2026-10-05,2025-06-17,0
2026-10-05,2025-06-18,0
2026-10-05,2025-06-19,0
2026-10-05,2025-06-23,0
2026-10-05,2025-06-24,0
2026-10-05,2025-06-25,0
2026-10-05,2025-06-26,0
2026-10-05,2025-06-27,0
2026-10-05,2025-06-30,0
2026-10-05,2025-07-01,0
2026-10-05,2025-07-02,0
2026-10-05,2025-07-03,0
2026-10-05,2025-07-04,0
2026-10-05,2025-07-07,0
2026-10-05,2025-07-08,0
2026-10-05,2025-07-10,0
2026-10-05,2025-07-11,0
2026-10-05,2025-07-14,0
2026-10-05,2025-07-15,0
2026-10-05,2025-07-16,0
2026-10-05,2025-07-17,0
2026-10-05,2025-07-18,0
2026-10-05,2025-07-21,0
2026-10-05,2025-07-22,0
2026-10-05,2025-07-23,0
2026-10-05,2025-07-24,0
2026-10-05,2025-07-25,0
2026-10-05,2025-07-28,0
2026-10-05,2025-07-29,0
2026-10-05,2025-07-30,0
2026-10-05,2025-07-31,0
2026-10-05,2025-08-01,0
2026-10-05,2025-08-04,0
2026-10-05,2025-08-05,0
2026-10-05,2025-08-06,0
2026-10-05,2025-08-07,0
2026-10-05,2025-08-08,0
2026-10-05,2025-08-11,0
2026-10-05,2025-08-12,0
2026-10-05,2025-08-13,0
2026-10-05,2025-08-14,0
2026-10-05,2025-08-18,0
2026-10-05,2025-08-19,0
2026-10-05,2025-08-20,0
2026-10-05,2025-08-21,0
2026-10-05,2025-08-22,0
2026-10-05,2025-08-25,0
2026-10-05,2025-08-26,0
2026-10-05,2025-08-27,0
2026-10-05,2025-08-28,0
2026-10-05,2025-08-29,0
2026-10-05,2025-09-01,0
2026-10-05,2025-09-02,0
2026-10-05,2025-09-03,0
2026-10-05,2025-09-04,0
2026-10-05,2025-09-05,0
2026-10-05,2025-09-08,0
2026-10-05,2025-09-09,0
2026-10-05,2025-09-10,0
2026-10-05,2025-09-11,0
2026-10-05,2025-09-12,0
2026-10-05,2025-09-15,0
2026-10-05,2025-09-16,0
2026-10-05,2025-09-17,-61929
2026-10-05,2025-09-18,-574913.05
2026-10-05,2025-09-19,-1000418.75
2026-10-05,2025-09-22,0
2026-10-05,2025-09-23,0
2026-10-05,2025-09-24,0
2026-10-05,2025-09-25,0
2026-10-05,2025-09-26,0
2026-10-05,2025-09-29,0
2026-10-05,2025-09-30,0
2026-10-05,2025-10-01,0
2026-10-05,2025-10-02,0
2026-10-05,2025-10-03,0
2026-10-05,2025-10-06,0
2026-10-05,2025-10-07,0
2026-10-05,2025-10-08,0
2026-10-05,2025-10-09,0
2026-10-05,2025-10-13,0
2026-10-05,2025-10-14,0
2026-10-05,2025-10-15,0
2026-10-05,2025-10-16,0
2026-10-05,2025-10-17,0
2026-10-05,2025-10-20,0
2026-10-05,2025-10-21,-67840.5
2026-10-05,2025-10-22,0
2026-10-05,2025-10-23,0
2026-10-05,2025-10-24,0
2026-10-05,2025-10-27,0
2026-10-05,2025-10-28,0
2026-10-05,2025-10-29,0
2026-10-05,2025-10-30,0
2026-10-05,2025-10-31,0
2026-10-05,2025-11-03,0
2026-10-05,2025-11-04,0
2026-10-05,2025-11-05,0
2026-10-05,2025-11-07,0
2026-10-05,2025-11-10,0
2026-10-05,2025-11-11,0
2026-10-05,2025-11-12,0
2026-10-05,2025-11-13,0
2026-10-05,2025-11-14,0
2026-10-05,2025-11-17,0
2026-10-05,2025-11-18,0
2026-10-05,2025-11-19,0
2026-10-05,2025-11-20,0
2026-10-05,2025-11-25,0
2026-10-05,2025-11-26,0
2026-10-05,2025-11-27,0
2026-10-05,2025-11-28,0
2026-10-05,2025-12-01,0
2026-10-05,2025-12-02,0
2026-10-05,2025-12-03,0
2026-10-05,2025-12-04,0
2026-10-05,2025-12-05,0
2026-10-05,2025-12-09,0
2026-10-05,2025-12-10,0
2026-10-05,2025-12-11,0
2026-10-05,2025-12-12,0
2026-10-05,2025-12-15,0
2026-10-05,2025-12-16,0
2026-10-05,2025-12-17,0
2026-10-05,2025-12-18,0
2026-10-05,2025-12-19,0
2026-10-05,2025-12-22,0
2026-10-05,2025-12-23,0
2026-10-05,2025-12-26,0
2026-10-05,2025-12-29,0
2026-10-05,2025-12-30,0
2026-10-05,2026-01-02,0
2026-10-05,2026-01-05,30562.5
2026-10-05,2026-01-06,122588
2026-10-05,2026-01-07,13145
2026-10-05,2026-01-08,90515
2026-10-05,2026-01-09,62390
2026-10-05,2026-01-12,80685
2026-10-05,2026-01-13,81004.6
2026-10-05,2026-01-14,273000
2026-10-05,2026-01-15,67847
2026-10-05,2026-01-16,179165
2026-10-05,2026-01-19,29981.05
2026-10-05,2026-01-20,11480
2026-10-05,2026-01-21,152947.5
2026-10-05,2026-01-22,114872.75
2026-10-05,2026-01-23,107320
2026-10-05,2026-01-26,56091
2026-10-05,2026-01-27,46154
2026-10-05,2026-01-28,47469
2026-10-05,2026-01-29,75865
2026-10-05,2026-01-30,33288.5
2026-10-05,2026-02-02,56647.5
2026-10-05,2026-02-03,82500
2026-10-05,2026-02-04,63696.5
2026-10-05,2026-02-05,182106
2026-10-05,2026-02-06,72937.5
2026-10-05,2026-02-09,250495
2026-10-05,2026-02-10,58990
2026-10-05,2026-02-11,300186
2026-10-05,2026-02-12,196272.5
2026-10-05,2026-02-13,58002.6
2026-10-05,2026-02-18,112185
2026-10-05,2026-02-19,105915.5
2026-10-05,2026-02-20,230823
2026-10-05,2026-02-23,129775
2026-10-05,2026-02-24,66176.5
2026-10-05,2026-02-25,117932.5
2026-10-05,2026-02-26,57736
2026-10-05,2026-02-27,46359
2026-10-05,2026-03-02,97735
2026-10-05,2026-03-03,24055
2026-10-05,2026-03-04,56180
2026-10-05,2026-03-05,174890.5
2026-10-05,2026-03-06,56570
2026-10-05,2026-03-09,70970
2026-10-05,2026-03-10,94099.25
2026-10-05,2026-03-11,120174
2026-10-05,2026-03-12,65739.5
2026-10-05,2026-03-13,62602.5
2026-10-05,2026-03-16,69790
2026-10-05,2026-03-17,102001
2026-10-05,2026-03-18,81161
2026-10-05,2026-03-19,184188
2026-10-05,2026-03-20,239815
2026-10-05,2026-03-25,201926.25
2026-10-05,2026-03-26,78040.5
2026-10-05,2026-03-27,66078
2026-10-05,2026-03-30,289974
2026-10-05,2026-03-31,193540
2026-10-05,2026-04-01,105389
2026-10-05,2026-04-06,41640
2026-10-05,2026-04-07,129606
2026-10-05,2026-04-08,141508.5
2026-10-05,2026-04-09,389330
2026-10-05,2026-04-10,629201
2026-10-05,2026-04-13,152281
2026-10-05,2026-04-14,250540
2026-10-05,2026-04-15,174551
2026-10-05,2026-04-16,101662.5
2026-10-05,2026-04-17,129260
2026-10-05,2026-04-20,179915
2026-10-05,2026-04-21,323982
2026-10-05,2026-04-22,144475
2026-10-05,2026-04-23,269217
2026-10-05,2026-04-24,111690
2026-10-05,2026-04-27,76211
2026-10-05,2026-04-28,74696
2026-10-05,2026-04-29,106149
2026-10-05,2026-04-30,285606
2026-10-05,2026-05-04,99236
2026-10-05,2026-05-05,96386
2026-10-05,2026-05-06,62400
2026-10-05,2026-05-07,48632.8311
2026-10-05,2026-05-08,153327.5
2026-10-05,2026-05-11,190361.5
2026-10-05,2026-05-12,97057.5
2026-10-05,2026-05-13,257192.5
2026-10-05,2026-05-14,195190
2026-10-05,2026-05-15,90642.5
2026-10-05,2026-05-18,220408.5
2026-10-05,2026-05-19,201450
2026-10-05,2026-05-20,458719
2026-10-05,2026-05-21,201711
2026-10-05,2026-05-22,193970
2026-10-05,2026-05-26,157666
2026-10-05,2026-05-27,186196.5
2026-10-05,2026-05-28,630582.5
2026-10-05,2026-05-29,98746.58
2026-10-05,2026-06-01,78185
2026-10-05,2026-06-02,249757.5
2026-10-05,2026-06-03,61835.5
2026-10-05,2026-06-04,171135
2026-10-05,2026-06-05,64845
2026-10-05,2026-06-08,102607
2026-10-05,2026-06-09,174930
2026-10-05,2026-06-10,173753.5
2026-10-05,2026-06-11,104160.5
2026-10-05,2026-06-12,71486
2026-10-05,2026-06-16,113626.9
2026-10-05,2026-06-17,48989.5
2026-10-05,2026-06-18,101475
2026-10-05,2026-06-19,73115
2026-10-05,2026-06-22,72850
2026-10-05,2026-06-23,29410
2026-10-05,2026-06-24,103455
2026-10-05,2026-06-25,73855
2026-10-05,2026-06-26,73662.5
2026-10-05,2026-06-29,37025
2026-10-05,2026-06-30,69692
2026-10-05,2026-07-01,37225
2026-10-05,2026-07-02,37325
2026-10-05,2026-07-03,148870
2026-10-05,2026-07-06,121393.5
2026-10-05,2026-07-07,37300
2026-10-05,2026-07-08,50610
2026-10-05,2026-07-13,416115.5
2026-10-05,2026-07-14,784032.5
2026-10-05,2026-07-15,107781
2026-10-05,2026-07-16,339000
2026-10-05,2026-07-17,57676
2026-10-05,2026-07-20,47392
2026-10-05,2026-07-21,66505
2026-10-05,2026-07-22,37057.5
2026-10-05,2026-07-23,67035
2026-10-05,2026-07-24,515137.5
2026-10-05,2026-07-27,40419
2026-10-05,2026-07-28,0
2026-10-05,2026-07-29,53867.5
2026-10-05,2026-07-30,174358.5
2026-10-05,2026-07-31,68465
2026-10-05,2026-08-03,26898.5
2026-10-05,2026-08-04,41915
2026-10-05,2026-08-05,11968
2026-10-05,2026-08-06,61419.5
2026-10-05,2026-08-07,23976
2026-10-05,2026-08-10,20223
2026-10-05,2026-08-11,85068.5
2026-10-05,2026-08-12,17898
2026-10-05,2026-08-13,83552
2026-10-05,2026-08-14,119227.5
2026-10-05,2026-08-18,14925
2026-10-05,2026-08-19,22455
2026-10-05,2026-08-20,133248.5
2026-10-05,2026-08-21,34431
2026-10-05,2026-08-24,17365
2026-10-05,2026-08-25,13141.35
2026-10-05,2026-08-26,93088.5
2026-10-05,2026-08-27,141475.75
2026-10-05,2026-08-28,124791.75
2026-10-05,2026-08-31,69429.5
2026-10-05,2026-09-01,22695
2026-10-05,2026-09-02,42332
2026-10-05,2026-09-03,22620
2026-10-05,2026-09-04,34684
2026-10-05,2026-09-07,0
2026-10-05,2026-09-08,30175
2026-10-05,2026-09-09,16648.5
2026-10-05,2026-09-10,9078
2026-10-05,2026-09-11,7542.5
2026-10-05,2026-09-14,18090
2026-10-05,2026-09-15,21091
2026-10-05,2026-09-16,13572.5
2026-10-05,2026-09-17,13590
2026-10-05,2026-09-18,54407
2026-10-05,2026-09-21,12112
2026-10-05,2026-09-22,10598
2026-10-05,2026-09-23,9096
2026-10-05,2026-09-24,12156
2026-10-05,2026-09-25,0
2026-10-05,2026-09-28,16791.25
2026-10-05,2026-09-29,107418.5
2026-10-05,2026-09-30,242785.5
2026-10-06,2026-10-01,141629.5
2026-10-07,2026-10-02,53315
2026-10-08,2026-10-05,22018.25
