vintage,date,value
2026-10-07,2002-02-02,1
2026-10-07,2002-02-03,0.9999707384
2026-10-07,2002-02-04,0.9999414777
2026-10-07,2002-02-05,0.9999122178
2026-10-07,2002-02-06,0.9998829588
2026-10-07,2002-02-07,1.0006936
2026-10-07,2002-02-08,1.001504898
2026-10-07,2002-02-09,1.002316854
2026-10-07,2002-02-10,1.003129469
2026-10-07,2002-02-11,1.003942742
2026-10-07,2002-02-12,1.004756674
2026-10-07,2002-02-13,1.005571267
2026-10-07,2002-02-14,1.00638652
2026-10-07,2002-02-15,1.007202433
2026-10-07,2002-02-16,1.008019009
2026-10-07,2002-02-17,1.008836246
2026-10-07,2002-02-18,1.009654146
2026-10-07,2002-02-19,1.010472709
2026-10-07,2002-02-20,1.011291936
2026-10-07,2002-02-21,1.012111826
2026-10-07,2002-02-22,1.012932382
2026-10-07,2002-02-23,1.013753603
2026-10-07,2002-02-24,1.014575489
2026-10-07,2002-02-25,1.015398042
2026-10-07,2002-02-26,1.016221262
2026-10-07,2002-02-27,1.017045149
2026-10-07,2002-02-28,1.017869704
2026-10-07,2002-03-01,1.018615038
2026-10-07,2002-03-02,1.019360918
2026-10-07,2002-03-03,1.020107344
2026-10-07,2002-03-04,1.020854316
2026-10-07,2002-03-05,1.021601836
2026-10-07,2002-03-06,1.022349903
2026-10-07,2002-03-07,1.023368432
2026-10-07,2002-03-08,1.024387976
2026-10-07,2002-03-09,1.025408536
2026-10-07,2002-03-10,1.026430113
2026-10-07,2002-03-11,1.027452707
2026-10-07,2002-03-12,1.02847632
2026-10-07,2002-03-13,1.029500953
2026-10-07,2002-03-14,1.030526607
2026-10-07,2002-03-15,1.031553282
2026-10-07,2002-03-16,1.032580981
2026-10-07,2002-03-17,1.033609703
2026-10-07,2002-03-18,1.03463945
2026-10-07,2002-03-19,1.035670223
2026-10-07,2002-03-20,1.036702023
2026-10-07,2002-03-21,1.037734851
2026-10-07,2002-03-22,1.038768708
2026-10-07,2002-03-23,1.039803595
2026-10-07,2002-03-24,1.040839513
2026-10-07,2002-03-25,1.041876462
2026-10-07,2002-03-26,1.042914445
2026-10-07,2002-03-27,1.043953462
2026-10-07,2002-03-28,1.044993515
2026-10-07,2002-03-29,1.046034603
2026-10-07,2002-03-30,1.047076729
2026-10-07,2002-03-31,1.048119892
2026-10-07,2002-04-01,1.04919892
2026-10-07,2002-04-02,1.050279059
2026-10-07,2002-04-03,1.051360309
2026-10-07,2002-04-04,1.052442673
2026-10-07,2002-04-05,1.053526151
2026-10-07,2002-04-06,1.054610745
2026-10-07,2002-04-07,1.055977643
2026-10-07,2002-04-08,1.057346314
2026-10-07,2002-04-09,1.058716758
2026-10-07,2002-04-10,1.060088979
2026-10-07,2002-04-11,1.061462978
2026-10-07,2002-04-12,1.062838759
2026-10-07,2002-04-13,1.064216322
2026-10-07,2002-04-14,1.065595671
2026-10-07,2002-04-15,1.066976807
2026-10-07,2002-04-16,1.068359734
2026-10-07,2002-04-17,1.069744453
2026-10-07,2002-04-18,1.071130967
2026-10-07,2002-04-19,1.072519278
2026-10-07,2002-04-20,1.073909389
2026-10-07,2002-04-21,1.075301301
2026-10-07,2002-04-22,1.076695017
2026-10-07,2002-04-23,1.07809054
2026-10-07,2002-04-24,1.079487871
2026-10-07,2002-04-25,1.080887014
2026-10-07,2002-04-26,1.08228797
2026-10-07,2002-04-27,1.083690741
2026-10-07,2002-04-28,1.085095331
2026-10-07,2002-04-29,1.086501742
2026-10-07,2002-04-30,1.087909975
2026-10-07,2002-05-01,1.089274519
2026-10-07,2002-05-02,1.090640775
2026-10-07,2002-05-03,1.092008745
2026-10-07,2002-05-04,1.09337843
2026-10-07,2002-05-05,1.094749833
2026-10-07,2002-05-06,1.096122957
2026-10-07,2002-05-07,1.099622981
2026-10-07,2002-05-08,1.103134182
2026-10-07,2002-05-09,1.106656595
2026-10-07,2002-05-10,1.110190255
2026-10-07,2002-05-11,1.113735198
2026-10-07,2002-05-12,1.11729146
2026-10-07,2002-05-13,1.120859078
2026-10-07,2002-05-14,1.124438088
2026-10-07,2002-05-15,1.128028526
2026-10-07,2002-05-16,1.131630428
2026-10-07,2002-05-17,1.135243832
2026-10-07,2002-05-18,1.138868774
2026-10-07,2002-05-19,1.14250529
2026-10-07,2002-05-20,1.146153418
2026-10-07,2002-05-21,1.149813195
2026-10-07,2002-05-22,1.153484658
2026-10-07,2002-05-23,1.157167844
2026-10-07,2002-05-24,1.160862791
2026-10-07,2002-05-25,1.164569537
2026-10-07,2002-05-26,1.168288118
2026-10-07,2002-05-27,1.172018573
2026-10-07,2002-05-28,1.17576094
2026-10-07,2002-05-29,1.179515257
2026-10-07,2002-05-30,1.183281561
2026-10-07,2002-05-31,1.187059892
2026-10-07,2002-06-01,1.190976842
2026-10-07,2002-06-02,1.194906717
2026-10-07,2002-06-03,1.198849559
2026-10-07,2002-06-04,1.202805411
2026-10-07,2002-06-05,1.206774317
2026-10-07,2002-06-06,1.210756319
2026-10-07,2002-06-07,1.212344585
2026-10-07,2002-06-08,1.213934935
2026-10-07,2002-06-09,1.215527371
2026-10-07,2002-06-10,1.217121896
2026-10-07,2002-06-11,1.218718512
2026-10-07,2002-06-12,1.220317223
2026-10-07,2002-06-13,1.221918031
2026-10-07,2002-06-14,1.22352094
2026-10-07,2002-06-15,1.225125951
2026-10-07,2002-06-16,1.226733067
2026-10-07,2002-06-17,1.228342291
2026-10-07,2002-06-18,1.229953627
2026-10-07,2002-06-19,1.231567076
2026-10-07,2002-06-20,1.233182642
2026-10-07,2002-06-21,1.234800327
2026-10-07,2002-06-22,1.236420134
2026-10-07,2002-06-23,1.238042066
2026-10-07,2002-06-24,1.239666126
2026-10-07,2002-06-25,1.241292316
2026-10-07,2002-06-26,1.242920639
2026-10-07,2002-06-27,1.244551098
2026-10-07,2002-06-28,1.246183696
2026-10-07,2002-06-29,1.247818436
2026-10-07,2002-06-30,1.24945532
2026-10-07,2002-07-01,1.251041446
2026-10-07,2002-07-02,1.252629586
2026-10-07,2002-07-03,1.254219741
2026-10-07,2002-07-04,1.255811916
2026-10-07,2002-07-05,1.257406111
2026-10-07,2002-07-06,1.25900233
2026-10-07,2002-07-07,1.260447574
2026-10-07,2002-07-08,1.261894476
2026-10-07,2002-07-09,1.263343039
2026-10-07,2002-07-10,1.264793265
2026-10-07,2002-07-11,1.266245156
2026-10-07,2002-07-12,1.267698714
2026-10-07,2002-07-13,1.26915394
2026-10-07,2002-07-14,1.270610837
2026-10-07,2002-07-15,1.272069406
2026-10-07,2002-07-16,1.273529649
2026-10-07,2002-07-17,1.274991569
2026-10-07,2002-07-18,1.276455167
2026-10-07,2002-07-19,1.277920445
2026-10-07,2002-07-20,1.279387405
2026-10-07,2002-07-21,1.280856048
2026-10-07,2002-07-22,1.282326378
2026-10-07,2002-07-23,1.283798396
2026-10-07,2002-07-24,1.285272103
2026-10-07,2002-07-25,1.286747503
2026-10-07,2002-07-26,1.288224595
2026-10-07,2002-07-27,1.289703384
2026-10-07,2002-07-28,1.29118387
2026-10-07,2002-07-29,1.292666055
2026-10-07,2002-07-30,1.294149942
2026-10-07,2002-07-31,1.295635532
2026-10-07,2002-08-01,1.297122828
2026-10-07,2002-08-02,1.298611831
2026-10-07,2002-08-03,1.300102543
2026-10-07,2002-08-04,1.301594966
2026-10-07,2002-08-05,1.303089103
2026-10-07,2002-08-06,1.304584955
2026-10-07,2002-08-07,1.305906224
2026-10-07,2002-08-08,1.307228832
2026-10-07,2002-08-09,1.308552779
2026-10-07,2002-08-10,1.309878068
2026-10-07,2002-08-11,1.311204698
2026-10-07,2002-08-12,1.312532672
2026-10-07,2002-08-13,1.313861991
2026-10-07,2002-08-14,1.315192657
2026-10-07,2002-08-15,1.31652467
2026-10-07,2002-08-16,1.317858032
2026-10-07,2002-08-17,1.319192744
2026-10-07,2002-08-18,1.320528808
2026-10-07,2002-08-19,1.321866226
2026-10-07,2002-08-20,1.323204998
2026-10-07,2002-08-21,1.324545126
2026-10-07,2002-08-22,1.325886611
2026-10-07,2002-08-23,1.327229454
2026-10-07,2002-08-24,1.328573658
2026-10-07,2002-08-25,1.329919223
2026-10-07,2002-08-26,1.331266151
2026-10-07,2002-08-27,1.332614443
2026-10-07,2002-08-28,1.333964101
2026-10-07,2002-08-29,1.335315126
2026-10-07,2002-08-30,1.336667518
2026-10-07,2002-08-31,1.338021281
2026-10-07,2002-09-01,1.339421609
2026-10-07,2002-09-02,1.340823403
2026-10-07,2002-09-03,1.342226664
2026-10-07,2002-09-04,1.343631394
2026-10-07,2002-09-05,1.345037593
2026-10-07,2002-09-06,1.346445265
2026-10-07,2002-09-07,1.347485387
2026-10-07,2002-09-08,1.348526312
2026-10-07,2002-09-09,1.349568042
2026-10-07,2002-09-10,1.350610576
2026-10-07,2002-09-11,1.351653916
2026-10-07,2002-09-12,1.352698061
2026-10-07,2002-09-13,1.353743014
2026-10-07,2002-09-14,1.354788773
2026-10-07,2002-09-15,1.35583534
2026-10-07,2002-09-16,1.356882716
2026-10-07,2002-09-17,1.357930901
2026-10-07,2002-09-18,1.358979896
2026-10-07,2002-09-19,1.3600297
2026-10-07,2002-09-20,1.361080316
2026-10-07,2002-09-21,1.362131744
2026-10-07,2002-09-22,1.363183984
2026-10-07,2002-09-23,1.364237036
2026-10-07,2002-09-24,1.365290902
2026-10-07,2002-09-25,1.366345582
2026-10-07,2002-09-26,1.367401077
2026-10-07,2002-09-27,1.368457387
2026-10-07,2002-09-28,1.369514514
2026-10-07,2002-09-29,1.370572456
2026-10-07,2002-09-30,1.371631216
2026-10-07,2002-10-01,1.372656602
2026-10-07,2002-10-02,1.373682754
2026-10-07,2002-10-03,1.374709673
2026-10-07,2002-10-04,1.375737359
2026-10-07,2002-10-05,1.376765814
2026-10-07,2002-10-06,1.377795038
2026-10-07,2002-10-07,1.378389285
2026-10-07,2002-10-08,1.378983788
2026-10-07,2002-10-09,1.379578547
2026-10-07,2002-10-10,1.380173564
2026-10-07,2002-10-11,1.380768836
2026-10-07,2002-10-12,1.381364366
2026-10-07,2002-10-13,1.381960152
2026-10-07,2002-10-14,1.382556195
2026-10-07,2002-10-15,1.383152496
2026-10-07,2002-10-16,1.383749053
2026-10-07,2002-10-17,1.384345868
2026-10-07,2002-10-18,1.38494294
2026-10-07,2002-10-19,1.38554027
2026-10-07,2002-10-20,1.386137858
2026-10-07,2002-10-21,1.386735703
2026-10-07,2002-10-22,1.387333806
2026-10-07,2002-10-23,1.387932167
2026-10-07,2002-10-24,1.388530786
2026-10-07,2002-10-25,1.389129663
2026-10-07,2002-10-26,1.389728799
2026-10-07,2002-10-27,1.390328192
2026-10-07,2002-10-28,1.390927845
2026-10-07,2002-10-29,1.391527756
2026-10-07,2002-10-30,1.392127926
2026-10-07,2002-10-31,1.392728354
2026-10-07,2002-11-01,1.39334907
2026-10-07,2002-11-02,1.393970061
2026-10-07,2002-11-03,1.39459133
2026-10-07,2002-11-04,1.395212875
2026-10-07,2002-11-05,1.395834697
2026-10-07,2002-11-06,1.396456797
2026-10-07,2002-11-07,1.396559135
2026-10-07,2002-11-08,1.396661481
2026-10-07,2002-11-09,1.396763834
2026-10-07,2002-11-10,1.396866195
2026-10-07,2002-11-11,1.396968563
2026-10-07,2002-11-12,1.397070939
2026-10-07,2002-11-13,1.397173322
2026-10-07,2002-11-14,1.397275713
2026-10-07,2002-11-15,1.397378112
2026-10-07,2002-11-16,1.397480517
2026-10-07,2002-11-17,1.397582931
2026-10-07,2002-11-18,1.397685352
2026-10-07,2002-11-19,1.39778778
2026-10-07,2002-11-20,1.397890216
2026-10-07,2002-11-21,1.397992659
2026-10-07,2002-11-22,1.39809511
2026-10-07,2002-11-23,1.398197568
2026-10-07,2002-11-24,1.398300034
2026-10-07,2002-11-25,1.398402508
2026-10-07,2002-11-26,1.398504989
2026-10-07,2002-11-27,1.398607477
2026-10-07,2002-11-28,1.398709973
2026-10-07,2002-11-29,1.398812476
2026-10-07,2002-11-30,1.398914987
2026-10-07,2002-12-01,1.399014198
2026-10-07,2002-12-02,1.399113417
2026-10-07,2002-12-03,1.399212642
2026-10-07,2002-12-04,1.399311875
2026-10-07,2002-12-05,1.399411114
2026-10-07,2002-12-06,1.39951036
2026-10-07,2002-12-07,1.399741118
2026-10-07,2002-12-08,1.399971913
2026-10-07,2002-12-09,1.400202747
2026-10-07,2002-12-10,1.400433618
2026-10-07,2002-12-11,1.400664528
2026-10-07,2002-12-12,1.400895475
2026-10-07,2002-12-13,1.401126461
2026-10-07,2002-12-14,1.401357485
2026-10-07,2002-12-15,1.401588547
2026-10-07,2002-12-16,1.401819646
2026-10-07,2002-12-17,1.402050785
2026-10-07,2002-12-18,1.402281961
2026-10-07,2002-12-19,1.402513175
2026-10-07,2002-12-20,1.402744427
2026-10-07,2002-12-21,1.402975718
2026-10-07,2002-12-22,1.403207047
2026-10-07,2002-12-23,1.403438414
2026-10-07,2002-12-24,1.403669819
2026-10-07,2002-12-25,1.403901262
2026-10-07,2002-12-26,1.404132743
2026-10-07,2002-12-27,1.404364262
2026-10-07,2002-12-28,1.40459582
2026-10-07,2002-12-29,1.404827416
2026-10-07,2002-12-30,1.40505905
2026-10-07,2002-12-31,1.405290722
2026-10-07,2003-01-01,1.405522432
2026-10-07,2003-01-02,1.405754181
2026-10-07,2003-01-03,1.405985968
2026-10-07,2003-01-04,1.406217793
2026-10-07,2003-01-05,1.406449656
2026-10-07,2003-01-06,1.406681558
2026-10-07,2003-01-07,1.406767401
2026-10-07,2003-01-08,1.40685325
2026-10-07,2003-01-09,1.406939104
2026-10-07,2003-01-10,1.407024963
2026-10-07,2003-01-11,1.407110828
2026-10-07,2003-01-12,1.407196698
2026-10-07,2003-01-13,1.407282573
2026-10-07,2003-01-14,1.407368453
2026-10-07,2003-01-15,1.407454338
2026-10-07,2003-01-16,1.407540229
2026-10-07,2003-01-17,1.407626125
2026-10-07,2003-01-18,1.407712026
2026-10-07,2003-01-19,1.407797933
2026-10-07,2003-01-20,1.407883844
2026-10-07,2003-01-21,1.407969761
2026-10-07,2003-01-22,1.408055683
2026-10-07,2003-01-23,1.408141611
2026-10-07,2003-01-24,1.408227543
2026-10-07,2003-01-25,1.408313481
2026-10-07,2003-01-26,1.408399424
2026-10-07,2003-01-27,1.408485373
2026-10-07,2003-01-28,1.408571326
2026-10-07,2003-01-29,1.408657285
2026-10-07,2003-01-30,1.408743249
2026-10-07,2003-01-31,1.408829219
2026-10-07,2003-02-01,1.408924405
2026-10-07,2003-02-02,1.409019598
2026-10-07,2003-02-03,1.409114798
2026-10-07,2003-02-04,1.409210003
2026-10-07,2003-02-05,1.409305216
2026-10-07,2003-02-06,1.409400434
2026-10-07,2003-02-07,1.410058533
2026-10-07,2003-02-08,1.410716939
2026-10-07,2003-02-09,1.411375653
2026-10-07,2003-02-10,1.412034674
2026-10-07,2003-02-11,1.412694003
2026-10-07,2003-02-12,1.41335364
2026-10-07,2003-02-13,1.414013584
2026-10-07,2003-02-14,1.414673837
2026-10-07,2003-02-15,1.415334398
2026-10-07,2003-02-16,1.415995268
2026-10-07,2003-02-17,1.416656446
2026-10-07,2003-02-18,1.417317933
2026-10-07,2003-02-19,1.417979729
2026-10-07,2003-02-20,1.418641834
2026-10-07,2003-02-21,1.419304248
2026-10-07,2003-02-22,1.419966971
2026-10-07,2003-02-23,1.420630004
2026-10-07,2003-02-24,1.421293346
2026-10-07,2003-02-25,1.421956998
2026-10-07,2003-02-26,1.42262096
2026-10-07,2003-02-27,1.423285232
2026-10-07,2003-02-28,1.423949814
2026-10-07,2003-03-01,1.424550349
2026-10-07,2003-03-02,1.425151136
2026-10-07,2003-03-03,1.425752178
2026-10-07,2003-03-04,1.426353472
2026-10-07,2003-03-05,1.42695502
2026-10-07,2003-03-06,1.427556822
2026-10-07,2003-03-07,1.42781712
2026-10-07,2003-03-08,1.428077465
2026-10-07,2003-03-09,1.428337857
2026-10-07,2003-03-10,1.428598297
2026-10-07,2003-03-11,1.428858785
2026-10-07,2003-03-12,1.429119319
2026-10-07,2003-03-13,1.429379902
2026-10-07,2003-03-14,1.429640532
2026-10-07,2003-03-15,1.429901209
2026-10-07,2003-03-16,1.430161934
2026-10-07,2003-03-17,1.430422707
2026-10-07,2003-03-18,1.430683527
2026-10-07,2003-03-19,1.430944395
2026-10-07,2003-03-20,1.43120531
2026-10-07,2003-03-21,1.431466273
2026-10-07,2003-03-22,1.431727283
2026-10-07,2003-03-23,1.431988341
2026-10-07,2003-03-24,1.432249446
2026-10-07,2003-03-25,1.4325106
2026-10-07,2003-03-26,1.4327718
2026-10-07,2003-03-27,1.433033049
2026-10-07,2003-03-28,1.433294345
2026-10-07,2003-03-29,1.433555689
2026-10-07,2003-03-30,1.43381708
2026-10-07,2003-03-31,1.434078519
2026-10-07,2003-04-01,1.434348723
2026-10-07,2003-04-02,1.434618977
2026-10-07,2003-04-03,1.434889283
2026-10-07,2003-04-04,1.435159639
2026-10-07,2003-04-05,1.435430047
2026-10-07,2003-04-06,1.435700505
2026-10-07,2003-04-07,1.43597968
2026-10-07,2003-04-08,1.436258909
2026-10-07,2003-04-09,1.436538193
2026-10-07,2003-04-10,1.436817531
2026-10-07,2003-04-11,1.437096923
2026-10-07,2003-04-12,1.437376369
2026-10-07,2003-04-13,1.43765587
2026-10-07,2003-04-14,1.437935425
2026-10-07,2003-04-15,1.438215034
2026-10-07,2003-04-16,1.438494698
2026-10-07,2003-04-17,1.438774417
2026-10-07,2003-04-18,1.439054189
2026-10-07,2003-04-19,1.439334016
2026-10-07,2003-04-20,1.439613898
2026-10-07,2003-04-21,1.439893833
2026-10-07,2003-04-22,1.440173824
2026-10-07,2003-04-23,1.440453869
2026-10-07,2003-04-24,1.440733968
2026-10-07,2003-04-25,1.441014121
2026-10-07,2003-04-26,1.44129433
2026-10-07,2003-04-27,1.441574592
2026-10-07,2003-04-28,1.441854909
2026-10-07,2003-04-29,1.442135281
2026-10-07,2003-04-30,1.442415707
2026-10-07,2003-05-01,1.442687139
2026-10-07,2003-05-02,1.442958622
2026-10-07,2003-05-03,1.443230157
2026-10-07,2003-05-04,1.443501742
2026-10-07,2003-05-05,1.443773378
2026-10-07,2003-05-06,1.444045066
2026-10-07,2003-05-07,1.44407149
2026-10-07,2003-05-08,1.444097915
2026-10-07,2003-05-09,1.44412434
2026-10-07,2003-05-10,1.444150765
2026-10-07,2003-05-11,1.444177192
2026-10-07,2003-05-12,1.444203618
2026-10-07,2003-05-13,1.444230045
2026-10-07,2003-05-14,1.444256473
2026-10-07,2003-05-15,1.444282901
2026-10-07,2003-05-16,1.444309329
2026-10-07,2003-05-17,1.444335758
2026-10-07,2003-05-18,1.444362188
2026-10-07,2003-05-19,1.444388618
2026-10-07,2003-05-20,1.444415048
2026-10-07,2003-05-21,1.444441479
2026-10-07,2003-05-22,1.444467911
2026-10-07,2003-05-23,1.444494343
2026-10-07,2003-05-24,1.444520775
2026-10-07,2003-05-25,1.444547208
2026-10-07,2003-05-26,1.444573641
2026-10-07,2003-05-27,1.444600075
2026-10-07,2003-05-28,1.444626509
2026-10-07,2003-05-29,1.444652944
2026-10-07,2003-05-30,1.44467938
2026-10-07,2003-05-31,1.444705815
2026-10-07,2003-06-01,1.444733133
2026-10-07,2003-06-02,1.444760451
2026-10-07,2003-06-03,1.444787769
2026-10-07,2003-06-04,1.444815088
2026-10-07,2003-06-05,1.444842408
2026-10-07,2003-06-06,1.444869728
2026-10-07,2003-06-07,1.444681599
2026-10-07,2003-06-08,1.444493495
2026-10-07,2003-06-09,1.444305415
2026-10-07,2003-06-10,1.44411736
2026-10-07,2003-06-11,1.443929329
2026-10-07,2003-06-12,1.443741323
2026-10-07,2003-06-13,1.443553341
2026-10-07,2003-06-14,1.443365384
2026-10-07,2003-06-15,1.443177451
2026-10-07,2003-06-16,1.442989542
2026-10-07,2003-06-17,1.442801659
2026-10-07,2003-06-18,1.442613799
2026-10-07,2003-06-19,1.442425964
2026-10-07,2003-06-20,1.442238153
2026-10-07,2003-06-21,1.442050367
2026-10-07,2003-06-22,1.441862606
2026-10-07,2003-06-23,1.441674868
2026-10-07,2003-06-24,1.441487156
2026-10-07,2003-06-25,1.441299467
2026-10-07,2003-06-26,1.441111804
2026-10-07,2003-06-27,1.440924164
2026-10-07,2003-06-28,1.440736549
2026-10-07,2003-06-29,1.440548958
2026-10-07,2003-06-30,1.440361392
2026-10-07,2003-07-01,1.4401799
2026-10-07,2003-07-02,1.43999843
2026-10-07,2003-07-03,1.439816984
2026-10-07,2003-07-04,1.43963556
2026-10-07,2003-07-05,1.439454159
2026-10-07,2003-07-06,1.439272781
2026-10-07,2003-07-07,1.439233116
2026-10-07,2003-07-08,1.439193453
2026-10-07,2003-07-09,1.43915379
2026-10-07,2003-07-10,1.439114129
2026-10-07,2003-07-11,1.439074468
2026-10-07,2003-07-12,1.439034809
2026-10-07,2003-07-13,1.438995151
2026-10-07,2003-07-14,1.438955494
2026-10-07,2003-07-15,1.438915838
2026-10-07,2003-07-16,1.438876183
2026-10-07,2003-07-17,1.438836529
2026-10-07,2003-07-18,1.438796877
2026-10-07,2003-07-19,1.438757225
2026-10-07,2003-07-20,1.438717575
2026-10-07,2003-07-21,1.438677925
2026-10-07,2003-07-22,1.438638277
2026-10-07,2003-07-23,1.43859863
2026-10-07,2003-07-24,1.438558984
2026-10-07,2003-07-25,1.438519339
2026-10-07,2003-07-26,1.438479695
2026-10-07,2003-07-27,1.438440052
2026-10-07,2003-07-28,1.43840041
2026-10-07,2003-07-29,1.43836077
2026-10-07,2003-07-30,1.43832113
2026-10-07,2003-07-31,1.438281492
2026-10-07,2003-08-01,1.438241854
2026-10-07,2003-08-02,1.438202218
2026-10-07,2003-08-03,1.438162583
2026-10-07,2003-08-04,1.438122949
2026-10-07,2003-08-05,1.438083316
2026-10-07,2003-08-06,1.438043684
2026-10-07,2003-08-07,1.438251387
2026-10-07,2003-08-08,1.43845912
2026-10-07,2003-08-09,1.438666883
2026-10-07,2003-08-10,1.438874675
2026-10-07,2003-08-11,1.439082498
2026-10-07,2003-08-12,1.439290351
2026-10-07,2003-08-13,1.439498234
2026-10-07,2003-08-14,1.439706147
2026-10-07,2003-08-15,1.43991409
2026-10-07,2003-08-16,1.440122064
2026-10-07,2003-08-17,1.440330067
2026-10-07,2003-08-18,1.4405381
2026-10-07,2003-08-19,1.440746163
2026-10-07,2003-08-20,1.440954256
2026-10-07,2003-08-21,1.44116238
2026-10-07,2003-08-22,1.441370533
2026-10-07,2003-08-23,1.441578716
2026-10-07,2003-08-24,1.44178693
2026-10-07,2003-08-25,1.441995174
2026-10-07,2003-08-26,1.442203447
2026-10-07,2003-08-27,1.442411751
2026-10-07,2003-08-28,1.442620085
2026-10-07,2003-08-29,1.442828449
2026-10-07,2003-08-30,1.443036843
2026-10-07,2003-08-31,1.443245267
2026-10-07,2003-09-01,1.44346067
2026-10-07,2003-09-02,1.443676105
2026-10-07,2003-09-03,1.443891573
2026-10-07,2003-09-04,1.444107073
2026-10-07,2003-09-05,1.444322604
2026-10-07,2003-09-06,1.444538168
2026-10-07,2003-09-07,1.44454841
2026-10-07,2003-09-08,1.444558652
2026-10-07,2003-09-09,1.444568894
2026-10-07,2003-09-10,1.444579136
2026-10-07,2003-09-11,1.444589378
2026-10-07,2003-09-12,1.44459962
2026-10-07,2003-09-13,1.444609862
2026-10-07,2003-09-14,1.444620104
2026-10-07,2003-09-15,1.444630347
2026-10-07,2003-09-16,1.444640589
2026-10-07,2003-09-17,1.444650831
2026-10-07,2003-09-18,1.444661074
2026-10-07,2003-09-19,1.444671316
2026-10-07,2003-09-20,1.444681559
2026-10-07,2003-09-21,1.444691802
2026-10-07,2003-09-22,1.444702045
2026-10-07,2003-09-23,1.444712288
2026-10-07,2003-09-24,1.44472253
2026-10-07,2003-09-25,1.444732774
2026-10-07,2003-09-26,1.444743017
2026-10-07,2003-09-27,1.44475326
2026-10-07,2003-09-28,1.444763503
2026-10-07,2003-09-29,1.444773746
2026-10-07,2003-09-30,1.44478399
2026-10-07,2003-10-01,1.444793903
2026-10-07,2003-10-02,1.444803816
2026-10-07,2003-10-03,1.444813729
2026-10-07,2003-10-04,1.444823642
2026-10-07,2003-10-05,1.444833556
2026-10-07,2003-10-06,1.444843469
2026-10-07,2003-10-07,1.44486329
2026-10-07,2003-10-08,1.44488311
2026-10-07,2003-10-09,1.444902932
2026-10-07,2003-10-10,1.444922753
2026-10-07,2003-10-11,1.444942575
2026-10-07,2003-10-12,1.444962397
2026-10-07,2003-10-13,1.444982219
2026-10-07,2003-10-14,1.445002041
2026-10-07,2003-10-15,1.445021864
2026-10-07,2003-10-16,1.445041687
2026-10-07,2003-10-17,1.445061511
2026-10-07,2003-10-18,1.445081334
2026-10-07,2003-10-19,1.445101158
2026-10-07,2003-10-20,1.445120982
2026-10-07,2003-10-21,1.445140807
2026-10-07,2003-10-22,1.445160631
2026-10-07,2003-10-23,1.445180456
2026-10-07,2003-10-24,1.445200282
2026-10-07,2003-10-25,1.445220107
2026-10-07,2003-10-26,1.445239933
2026-10-07,2003-10-27,1.445259759
2026-10-07,2003-10-28,1.445279585
2026-10-07,2003-10-29,1.445299412
2026-10-07,2003-10-30,1.445319239
2026-10-07,2003-10-31,1.445339066
2026-10-07,2003-11-01,1.445359554
2026-10-07,2003-11-02,1.445380043
2026-10-07,2003-11-03,1.445400532
2026-10-07,2003-11-04,1.445421021
2026-10-07,2003-11-05,1.44544151
2026-10-07,2003-11-06,1.445462
2026-10-07,2003-11-07,1.445744581
2026-10-07,2003-11-08,1.446027218
2026-10-07,2003-11-09,1.44630991
2026-10-07,2003-11-10,1.446592657
2026-10-07,2003-11-11,1.446875459
2026-10-07,2003-11-12,1.447158317
2026-10-07,2003-11-13,1.44744123
2026-10-07,2003-11-14,1.447724198
2026-10-07,2003-11-15,1.448007221
2026-10-07,2003-11-16,1.4482903
2026-10-07,2003-11-17,1.448573434
2026-10-07,2003-11-18,1.448856624
2026-10-07,2003-11-19,1.449139869
2026-10-07,2003-11-20,1.449423169
2026-10-07,2003-11-21,1.449706525
2026-10-07,2003-11-22,1.449989936
2026-10-07,2003-11-23,1.450273402
2026-10-07,2003-11-24,1.450556924
2026-10-07,2003-11-25,1.450840501
2026-10-07,2003-11-26,1.451124134
2026-10-07,2003-11-27,1.451407822
2026-10-07,2003-11-28,1.451691566
2026-10-07,2003-11-29,1.451975365
2026-10-07,2003-11-30,1.45225922
2026-10-07,2003-12-01,1.45253397
2026-10-07,2003-12-02,1.452808773
2026-10-07,2003-12-03,1.453083628
2026-10-07,2003-12-04,1.453358535
2026-10-07,2003-12-05,1.453633494
2026-10-07,2003-12-06,1.453908504
2026-10-07,2003-12-07,1.454024007
2026-10-07,2003-12-08,1.454139518
2026-10-07,2003-12-09,1.454255039
2026-10-07,2003-12-10,1.454370568
2026-10-07,2003-12-11,1.454486107
2026-10-07,2003-12-12,1.454601656
2026-10-07,2003-12-13,1.454717213
2026-10-07,2003-12-14,1.454832779
2026-10-07,2003-12-15,1.454948355
2026-10-07,2003-12-16,1.45506394
2026-10-07,2003-12-17,1.455179534
2026-10-07,2003-12-18,1.455295137
2026-10-07,2003-12-19,1.455410749
2026-10-07,2003-12-20,1.455526371
2026-10-07,2003-12-21,1.455642002
2026-10-07,2003-12-22,1.455757642
2026-10-07,2003-12-23,1.455873291
2026-10-07,2003-12-24,1.455988949
2026-10-07,2003-12-25,1.456104617
2026-10-07,2003-12-26,1.456220294
2026-10-07,2003-12-27,1.456335979
2026-10-07,2003-12-28,1.456451674
2026-10-07,2003-12-29,1.456567379
2026-10-07,2003-12-30,1.456683092
2026-10-07,2003-12-31,1.456798815
2026-10-07,2004-01-01,1.456914547
2026-10-07,2004-01-02,1.457030288
2026-10-07,2004-01-03,1.457146038
2026-10-07,2004-01-04,1.457261797
2026-10-07,2004-01-05,1.457377566
2026-10-07,2004-01-06,1.457493344
2026-10-07,2004-01-07,1.457592363
2026-10-07,2004-01-08,1.457691389
2026-10-07,2004-01-09,1.457790421
2026-10-07,2004-01-10,1.45788946
2026-10-07,2004-01-11,1.457988506
2026-10-07,2004-01-12,1.458087559
2026-10-07,2004-01-13,1.458186618
2026-10-07,2004-01-14,1.458285684
2026-10-07,2004-01-15,1.458384757
2026-10-07,2004-01-16,1.458483837
2026-10-07,2004-01-17,1.458582923
2026-10-07,2004-01-18,1.458682016
2026-10-07,2004-01-19,1.458781116
2026-10-07,2004-01-20,1.458880223
2026-10-07,2004-01-21,1.458979336
2026-10-07,2004-01-22,1.459078456
2026-10-07,2004-01-23,1.459177582
2026-10-07,2004-01-24,1.459276716
2026-10-07,2004-01-25,1.459375856
2026-10-07,2004-01-26,1.459475003
2026-10-07,2004-01-27,1.459574157
2026-10-07,2004-01-28,1.459673317
2026-10-07,2004-01-29,1.459772484
2026-10-07,2004-01-30,1.459871658
2026-10-07,2004-01-31,1.459970839
2026-10-07,2004-02-01,1.460076867
2026-10-07,2004-02-02,1.460182902
2026-10-07,2004-02-03,1.460288946
2026-10-07,2004-02-04,1.460394997
2026-10-07,2004-02-05,1.460501056
2026-10-07,2004-02-06,1.460607123
2026-10-07,2004-02-07,1.460818611
2026-10-07,2004-02-08,1.46103013
2026-10-07,2004-02-09,1.46124168
2026-10-07,2004-02-10,1.46145326
2026-10-07,2004-02-11,1.461664871
2026-10-07,2004-02-12,1.461876512
2026-10-07,2004-02-13,1.462088184
2026-10-07,2004-02-14,1.462299887
2026-10-07,2004-02-15,1.462511621
2026-10-07,2004-02-16,1.462723385
2026-10-07,2004-02-17,1.46293518
2026-10-07,2004-02-18,1.463147005
2026-10-07,2004-02-19,1.463358861
2026-10-07,2004-02-20,1.463570748
2026-10-07,2004-02-21,1.463782666
2026-10-07,2004-02-22,1.463994614
2026-10-07,2004-02-23,1.464206593
2026-10-07,2004-02-24,1.464418602
2026-10-07,2004-02-25,1.464630643
2026-10-07,2004-02-26,1.464842714
2026-10-07,2004-02-27,1.465054815
2026-10-07,2004-02-28,1.465266948
2026-10-07,2004-02-29,1.465479111
2026-10-07,2004-03-01,1.465677614
2026-10-07,2004-03-02,1.465876144
2026-10-07,2004-03-03,1.4660747
2026-10-07,2004-03-04,1.466273284
2026-10-07,2004-03-05,1.466471894
2026-10-07,2004-03-06,1.466670532
2026-10-07,2004-03-07,1.466716765
2026-10-07,2004-03-08,1.466762999
2026-10-07,2004-03-09,1.466809235
2026-10-07,2004-03-10,1.466855472
2026-10-07,2004-03-11,1.466901711
2026-10-07,2004-03-12,1.466947951
2026-10-07,2004-03-13,1.466994192
2026-10-07,2004-03-14,1.467040435
2026-10-07,2004-03-15,1.46708668
2026-10-07,2004-03-16,1.467132926
2026-10-07,2004-03-17,1.467179173
2026-10-07,2004-03-18,1.467225422
2026-10-07,2004-03-19,1.467271672
2026-10-07,2004-03-20,1.467317924
2026-10-07,2004-03-21,1.467364177
2026-10-07,2004-03-22,1.467410432
2026-10-07,2004-03-23,1.467456688
2026-10-07,2004-03-24,1.467502946
2026-10-07,2004-03-25,1.467549205
2026-10-07,2004-03-26,1.467595466
2026-10-07,2004-03-27,1.467641728
2026-10-07,2004-03-28,1.467687991
2026-10-07,2004-03-29,1.467734256
2026-10-07,2004-03-30,1.467780522
2026-10-07,2004-03-31,1.46782679
2026-10-07,2004-04-01,1.467874602
2026-10-07,2004-04-02,1.467922415
2026-10-07,2004-04-03,1.46797023
2026-10-07,2004-04-04,1.468018046
2026-10-07,2004-04-05,1.468065864
2026-10-07,2004-04-06,1.468113683
2026-10-07,2004-04-07,1.468406444
2026-10-07,2004-04-08,1.468699264
2026-10-07,2004-04-09,1.468992141
2026-10-07,2004-04-10,1.469285077
2026-10-07,2004-04-11,1.469578072
2026-10-07,2004-04-12,1.469871125
2026-10-07,2004-04-13,1.470164236
2026-10-07,2004-04-14,1.470457406
2026-10-07,2004-04-15,1.470750635
2026-10-07,2004-04-16,1.471043922
2026-10-07,2004-04-17,1.471337267
2026-10-07,2004-04-18,1.471630671
2026-10-07,2004-04-19,1.471924133
2026-10-07,2004-04-20,1.472217654
2026-10-07,2004-04-21,1.472511233
2026-10-07,2004-04-22,1.472804871
2026-10-07,2004-04-23,1.473098568
2026-10-07,2004-04-24,1.473392323
2026-10-07,2004-04-25,1.473686136
2026-10-07,2004-04-26,1.473980008
2026-10-07,2004-04-27,1.474273939
2026-10-07,2004-04-28,1.474567929
2026-10-07,2004-04-29,1.474861977
2026-10-07,2004-04-30,1.475156083
2026-10-07,2004-05-01,1.475440759
2026-10-07,2004-05-02,1.475725489
2026-10-07,2004-05-03,1.476010274
2026-10-07,2004-05-04,1.476295114
2026-10-07,2004-05-05,1.476580009
2026-10-07,2004-05-06,1.476864959
2026-10-07,2004-05-07,1.477269659
2026-10-07,2004-05-08,1.477674469
2026-10-07,2004-05-09,1.47807939
2026-10-07,2004-05-10,1.478484423
2026-10-07,2004-05-11,1.478889566
2026-10-07,2004-05-12,1.479294821
2026-10-07,2004-05-13,1.479700186
2026-10-07,2004-05-14,1.480105663
2026-10-07,2004-05-15,1.48051125
2026-10-07,2004-05-16,1.480916949
2026-10-07,2004-05-17,1.481322759
2026-10-07,2004-05-18,1.48172868
2026-10-07,2004-05-19,1.482134712
2026-10-07,2004-05-20,1.482540856
2026-10-07,2004-05-21,1.482947111
2026-10-07,2004-05-22,1.483353477
2026-10-07,2004-05-23,1.483759955
2026-10-07,2004-05-24,1.484166544
2026-10-07,2004-05-25,1.484573244
2026-10-07,2004-05-26,1.484980056
2026-10-07,2004-05-27,1.485386979
2026-10-07,2004-05-28,1.485794014
2026-10-07,2004-05-29,1.486201161
2026-10-07,2004-05-30,1.486608419
2026-10-07,2004-05-31,1.487015788
2026-10-07,2004-06-01,1.487436854
2026-10-07,2004-06-02,1.487858039
2026-10-07,2004-06-03,1.488279343
2026-10-07,2004-06-04,1.488700767
2026-10-07,2004-06-05,1.48912231
2026-10-07,2004-06-06,1.489543972
2026-10-07,2004-06-07,1.48990799
2026-10-07,2004-06-08,1.490272096
2026-10-07,2004-06-09,1.490636291
2026-10-07,2004-06-10,1.491000576
2026-10-07,2004-06-11,1.491364949
2026-10-07,2004-06-12,1.491729411
2026-10-07,2004-06-13,1.492093963
2026-10-07,2004-06-14,1.492458603
2026-10-07,2004-06-15,1.492823333
2026-10-07,2004-06-16,1.493188152
2026-10-07,2004-06-17,1.49355306
2026-10-07,2004-06-18,1.493918057
2026-10-07,2004-06-19,1.494283143
2026-10-07,2004-06-20,1.494648319
2026-10-07,2004-06-21,1.495013584
2026-10-07,2004-06-22,1.495378938
2026-10-07,2004-06-23,1.495744381
2026-10-07,2004-06-24,1.496109914
2026-10-07,2004-06-25,1.496475536
2026-10-07,2004-06-26,1.496841247
2026-10-07,2004-06-27,1.497207048
2026-10-07,2004-06-28,1.497572938
2026-10-07,2004-06-29,1.497938917
2026-10-07,2004-06-30,1.498304986
2026-10-07,2004-07-01,1.498659332
2026-10-07,2004-07-02,1.499013761
2026-10-07,2004-07-03,1.499368274
2026-10-07,2004-07-04,1.499722871
2026-10-07,2004-07-05,1.500077552
2026-10-07,2004-07-06,1.500432316
2026-10-07,2004-07-07,1.500702499
2026-10-07,2004-07-08,1.50097273
2026-10-07,2004-07-09,1.50124301
2026-10-07,2004-07-10,1.501513339
2026-10-07,2004-07-11,1.501783716
2026-10-07,2004-07-12,1.502054142
2026-10-07,2004-07-13,1.502324617
2026-10-07,2004-07-14,1.50259514
2026-10-07,2004-07-15,1.502865712
2026-10-07,2004-07-16,1.503136333
2026-10-07,2004-07-17,1.503407003
2026-10-07,2004-07-18,1.503677721
2026-10-07,2004-07-19,1.503948488
2026-10-07,2004-07-20,1.504219304
2026-10-07,2004-07-21,1.504490168
2026-10-07,2004-07-22,1.504761082
2026-10-07,2004-07-23,1.505032044
2026-10-07,2004-07-24,1.505303055
2026-10-07,2004-07-25,1.505574114
2026-10-07,2004-07-26,1.505845223
2026-10-07,2004-07-27,1.50611638
2026-10-07,2004-07-28,1.506387586
2026-10-07,2004-07-29,1.506658841
2026-10-07,2004-07-30,1.506930145
2026-10-07,2004-07-31,1.507201498
2026-10-07,2004-08-01,1.5074729
2026-10-07,2004-08-02,1.50774435
2026-10-07,2004-08-03,1.508015849
2026-10-07,2004-08-04,1.508287398
2026-10-07,2004-08-05,1.508558995
2026-10-07,2004-08-06,1.508830641
2026-10-07,2004-08-07,1.5090548
2026-10-07,2004-08-08,1.509278994
2026-10-07,2004-08-09,1.50950322
2026-10-07,2004-08-10,1.50972748
2026-10-07,2004-08-11,1.509951773
2026-10-07,2004-08-12,1.510176099
2026-10-07,2004-08-13,1.510400459
2026-10-07,2004-08-14,1.510624852
2026-10-07,2004-08-15,1.510849279
2026-10-07,2004-08-16,1.511073739
2026-10-07,2004-08-17,1.511298232
2026-10-07,2004-08-18,1.511522758
2026-10-07,2004-08-19,1.511747318
2026-10-07,2004-08-20,1.511971911
2026-10-07,2004-08-21,1.512196538
2026-10-07,2004-08-22,1.512421198
2026-10-07,2004-08-23,1.512645891
2026-10-07,2004-08-24,1.512870618
2026-10-07,2004-08-25,1.513095378
2026-10-07,2004-08-26,1.513320171
2026-10-07,2004-08-27,1.513544998
2026-10-07,2004-08-28,1.513769858
2026-10-07,2004-08-29,1.513994752
2026-10-07,2004-08-30,1.514219679
2026-10-07,2004-08-31,1.51444464
2026-10-07,2004-09-01,1.514677134
2026-10-07,2004-09-02,1.514909664
2026-10-07,2004-09-03,1.51514223
2026-10-07,2004-09-04,1.515374831
2026-10-07,2004-09-05,1.515607468
2026-10-07,2004-09-06,1.515840141
2026-10-07,2004-09-07,1.516013968
2026-10-07,2004-09-08,1.516187816
2026-10-07,2004-09-09,1.516361683
2026-10-07,2004-09-10,1.51653557
2026-10-07,2004-09-11,1.516709477
2026-10-07,2004-09-12,1.516883404
2026-10-07,2004-09-13,1.517057352
2026-10-07,2004-09-14,1.517231319
2026-10-07,2004-09-15,1.517405305
2026-10-07,2004-09-16,1.517579312
2026-10-07,2004-09-17,1.517753339
2026-10-07,2004-09-18,1.517927386
2026-10-07,2004-09-19,1.518101453
2026-10-07,2004-09-20,1.51827554
2026-10-07,2004-09-21,1.518449646
2026-10-07,2004-09-22,1.518623773
2026-10-07,2004-09-23,1.51879792
2026-10-07,2004-09-24,1.518972086
2026-10-07,2004-09-25,1.519146273
2026-10-07,2004-09-26,1.519320479
2026-10-07,2004-09-27,1.519494706
2026-10-07,2004-09-28,1.519668952
2026-10-07,2004-09-29,1.519843219
2026-10-07,2004-09-30,1.520017505
2026-10-07,2004-10-01,1.520186189
2026-10-07,2004-10-02,1.520354891
2026-10-07,2004-10-03,1.520523612
2026-10-07,2004-10-04,1.520692351
2026-10-07,2004-10-05,1.520861109
2026-10-07,2004-10-06,1.521029886
2026-10-07,2004-10-07,1.521339501
2026-10-07,2004-10-08,1.521649179
2026-10-07,2004-10-09,1.52195892
2026-10-07,2004-10-10,1.522268723
2026-10-07,2004-10-11,1.52257859
2026-10-07,2004-10-12,1.52288852
2026-10-07,2004-10-13,1.523198513
2026-10-07,2004-10-14,1.523508569
2026-10-07,2004-10-15,1.523818689
2026-10-07,2004-10-16,1.524128871
2026-10-07,2004-10-17,1.524439117
2026-10-07,2004-10-18,1.524749425
2026-10-07,2004-10-19,1.525059797
2026-10-07,2004-10-20,1.525370232
2026-10-07,2004-10-21,1.52568073
2026-10-07,2004-10-22,1.525991292
2026-10-07,2004-10-23,1.526301916
2026-10-07,2004-10-24,1.526612604
2026-10-07,2004-10-25,1.526923355
2026-10-07,2004-10-26,1.52723417
2026-10-07,2004-10-27,1.527545047
2026-10-07,2004-10-28,1.527855988
2026-10-07,2004-10-29,1.528166992
2026-10-07,2004-10-30,1.52847806
2026-10-07,2004-10-31,1.528789191
2026-10-07,2004-11-01,1.529110759
2026-10-07,2004-11-02,1.529432395
2026-10-07,2004-11-03,1.529754099
2026-10-07,2004-11-04,1.53007587
2026-10-07,2004-11-05,1.530397709
2026-10-07,2004-11-06,1.530719616
2026-10-07,2004-11-07,1.530920665
2026-10-07,2004-11-08,1.531121741
2026-10-07,2004-11-09,1.531322844
2026-10-07,2004-11-10,1.531523973
2026-10-07,2004-11-11,1.531725128
2026-10-07,2004-11-12,1.531926309
2026-10-07,2004-11-13,1.532127518
2026-10-07,2004-11-14,1.532328752
2026-10-07,2004-11-15,1.532530013
2026-10-07,2004-11-16,1.5327313
2026-10-07,2004-11-17,1.532932614
2026-10-07,2004-11-18,1.533133954
2026-10-07,2004-11-19,1.533335321
2026-10-07,2004-11-20,1.533536714
2026-10-07,2004-11-21,1.533738134
2026-10-07,2004-11-22,1.53393958
2026-10-07,2004-11-23,1.534141052
2026-10-07,2004-11-24,1.534342551
2026-10-07,2004-11-25,1.534544077
2026-10-07,2004-11-26,1.534745629
2026-10-07,2004-11-27,1.534947207
2026-10-07,2004-11-28,1.535148812
2026-10-07,2004-11-29,1.535350443
2026-10-07,2004-11-30,1.535552101
2026-10-07,2004-12-01,1.535747279
2026-10-07,2004-12-02,1.535942481
2026-10-07,2004-12-03,1.536137709
2026-10-07,2004-12-04,1.536332961
2026-10-07,2004-12-05,1.536528239
2026-10-07,2004-12-06,1.536723541
2026-10-07,2004-12-07,1.536723541
2026-10-07,2004-12-08,1.536723541
2026-10-07,2004-12-09,1.536723541
2026-10-07,2004-12-10,1.536723541
2026-10-07,2004-12-11,1.536723541
2026-10-07,2004-12-12,1.536723541
2026-10-07,2004-12-13,1.536723541
2026-10-07,2004-12-14,1.536723541
2026-10-07,2004-12-15,1.536723541
2026-10-07,2004-12-16,1.536723541
2026-10-07,2004-12-17,1.536723541
2026-10-07,2004-12-18,1.536723541
2026-10-07,2004-12-19,1.536723541
2026-10-07,2004-12-20,1.536723541
2026-10-07,2004-12-21,1.536723541
2026-10-07,2004-12-22,1.536723541
2026-10-07,2004-12-23,1.536723541
2026-10-07,2004-12-24,1.536723541
2026-10-07,2004-12-25,1.536723541
2026-10-07,2004-12-26,1.536723541
2026-10-07,2004-12-27,1.536723541
2026-10-07,2004-12-28,1.536723541
2026-10-07,2004-12-29,1.536723541
2026-10-07,2004-12-30,1.536723541
2026-10-07,2004-12-31,1.536723541
2026-10-07,2005-01-01,1.536723541
2026-10-07,2005-01-02,1.536723541
2026-10-07,2005-01-03,1.536723541
2026-10-07,2005-01-04,1.536723541
2026-10-07,2005-01-05,1.536723541
2026-10-07,2005-01-06,1.536723541
2026-10-07,2005-01-07,1.53713815
2026-10-07,2005-01-08,1.537552871
2026-10-07,2005-01-09,1.537967704
2026-10-07,2005-01-10,1.538382649
2026-10-07,2005-01-11,1.538797705
2026-10-07,2005-01-12,1.539212874
2026-10-07,2005-01-13,1.539628155
2026-10-07,2005-01-14,1.540043548
2026-10-07,2005-01-15,1.540459053
2026-10-07,2005-01-16,1.54087467
2026-10-07,2005-01-17,1.541290399
2026-10-07,2005-01-18,1.54170624
2026-10-07,2005-01-19,1.542122194
2026-10-07,2005-01-20,1.54253826
2026-10-07,2005-01-21,1.542954438
2026-10-07,2005-01-22,1.543370728
2026-10-07,2005-01-23,1.54378713
2026-10-07,2005-01-24,1.544203645
2026-10-07,2005-01-25,1.544620273
2026-10-07,2005-01-26,1.545037012
2026-10-07,2005-01-27,1.545453865
2026-10-07,2005-01-28,1.545870829
2026-10-07,2005-01-29,1.546287906
2026-10-07,2005-01-30,1.546705096
2026-10-07,2005-01-31,1.547122398
2026-10-07,2005-02-01,1.547584543
2026-10-07,2005-02-02,1.548046825
2026-10-07,2005-02-03,1.548509246
2026-10-07,2005-02-04,1.548971805
2026-10-07,2005-02-05,1.549434502
2026-10-07,2005-02-06,1.549897337
2026-10-07,2005-02-07,1.550711053
2026-10-07,2005-02-08,1.551525196
2026-10-07,2005-02-09,1.552339766
2026-10-07,2005-02-10,1.553154764
2026-10-07,2005-02-11,1.55397019
2026-10-07,2005-02-12,1.554786044
2026-10-07,2005-02-13,1.555602327
2026-10-07,2005-02-14,1.556419038
2026-10-07,2005-02-15,1.557236178
2026-10-07,2005-02-16,1.558053746
2026-10-07,2005-02-17,1.558871744
2026-10-07,2005-02-18,1.559690172
2026-10-07,2005-02-19,1.560509029
2026-10-07,2005-02-20,1.561328316
2026-10-07,2005-02-21,1.562148033
2026-10-07,2005-02-22,1.562968181
2026-10-07,2005-02-23,1.563788759
2026-10-07,2005-02-24,1.564609768
2026-10-07,2005-02-25,1.565431208
2026-10-07,2005-02-26,1.56625308
2026-10-07,2005-02-27,1.567075382
2026-10-07,2005-02-28,1.567898117
2026-10-07,2005-03-01,1.568641603
2026-10-07,2005-03-02,1.569385442
2026-10-07,2005-03-03,1.570129634
2026-10-07,2005-03-04,1.570874178
2026-10-07,2005-03-05,1.571619076
2026-10-07,2005-03-06,1.572364326
2026-10-07,2005-03-07,1.572844427
2026-10-07,2005-03-08,1.573324674
2026-10-07,2005-03-09,1.573805068
2026-10-07,2005-03-10,1.574285609
2026-10-07,2005-03-11,1.574766297
2026-10-07,2005-03-12,1.575247131
2026-10-07,2005-03-13,1.575728112
2026-10-07,2005-03-14,1.57620924
2026-10-07,2005-03-15,1.576690514
2026-10-07,2005-03-16,1.577171936
2026-10-07,2005-03-17,1.577653505
2026-10-07,2005-03-18,1.578135221
2026-10-07,2005-03-19,1.578617083
2026-10-07,2005-03-20,1.579099093
2026-10-07,2005-03-21,1.57958125
2026-10-07,2005-03-22,1.580063555
2026-10-07,2005-03-23,1.580546006
2026-10-07,2005-03-24,1.581028605
2026-10-07,2005-03-25,1.581511352
2026-10-07,2005-03-26,1.581994245
2026-10-07,2005-03-27,1.582477287
2026-10-07,2005-03-28,1.582960475
2026-10-07,2005-03-29,1.583443811
2026-10-07,2005-03-30,1.583927295
2026-10-07,2005-03-31,1.584410926
2026-10-07,2005-04-01,1.584910834
2026-10-07,2005-04-02,1.585410899
2026-10-07,2005-04-03,1.585911122
2026-10-07,2005-04-04,1.586411503
2026-10-07,2005-04-05,1.586912042
2026-10-07,2005-04-06,1.587412739
2026-10-07,2005-04-07,1.588222615
2026-10-07,2005-04-08,1.589032904
2026-10-07,2005-04-09,1.589843607
2026-10-07,2005-04-10,1.590654723
2026-10-07,2005-04-11,1.591466253
2026-10-07,2005-04-12,1.592278198
2026-10-07,2005-04-13,1.593090556
2026-10-07,2005-04-14,1.593903329
2026-10-07,2005-04-15,1.594716517
2026-10-07,2005-04-16,1.595530119
2026-10-07,2005-04-17,1.596344137
2026-10-07,2005-04-18,1.597158569
2026-10-07,2005-04-19,1.597973418
2026-10-07,2005-04-20,1.598788682
2026-10-07,2005-04-21,1.599604362
2026-10-07,2005-04-22,1.600420458
2026-10-07,2005-04-23,1.601236971
2026-10-07,2005-04-24,1.6020539
2026-10-07,2005-04-25,1.602871245
2026-10-07,2005-04-26,1.603689008
2026-10-07,2005-04-27,1.604507188
2026-10-07,2005-04-28,1.605325786
2026-10-07,2005-04-29,1.606144801
2026-10-07,2005-04-30,1.606964234
2026-10-07,2005-05-01,1.607757632
2026-10-07,2005-05-02,1.608551421
2026-10-07,2005-05-03,1.609345603
2026-10-07,2005-05-04,1.610140176
2026-10-07,2005-05-05,1.610935142
2026-10-07,2005-05-06,1.6117305
2026-10-07,2005-05-07,1.611984257
2026-10-07,2005-05-08,1.612238054
2026-10-07,2005-05-09,1.612491892
2026-10-07,2005-05-10,1.612745769
2026-10-07,2005-05-11,1.612999686
2026-10-07,2005-05-12,1.613253643
2026-10-07,2005-05-13,1.61350764
2026-10-07,2005-05-14,1.613761677
2026-10-07,2005-05-15,1.614015753
2026-10-07,2005-05-16,1.61426987
2026-10-07,2005-05-17,1.614524027
2026-10-07,2005-05-18,1.614778224
2026-10-07,2005-05-19,1.615032461
2026-10-07,2005-05-20,1.615286738
2026-10-07,2005-05-21,1.615541056
2026-10-07,2005-05-22,1.615795413
2026-10-07,2005-05-23,1.61604981
2026-10-07,2005-05-24,1.616304247
2026-10-07,2005-05-25,1.616558724
2026-10-07,2005-05-26,1.616813242
2026-10-07,2005-05-27,1.617067799
2026-10-07,2005-05-28,1.617322397
2026-10-07,2005-05-29,1.617577034
2026-10-07,2005-05-30,1.617831712
2026-10-07,2005-05-31,1.61808643
2026-10-07,2005-06-01,1.61834968
2026-10-07,2005-06-02,1.618612973
2026-10-07,2005-06-03,1.61887631
2026-10-07,2005-06-04,1.619139689
2026-10-07,2005-06-05,1.61940311
2026-10-07,2005-06-06,1.619646575
2026-10-07,2005-06-07,1.619969922
2026-10-07,2005-06-08,1.620293333
2026-10-07,2005-06-09,1.620616808
2026-10-07,2005-06-10,1.620940349
2026-10-07,2005-06-11,1.621263953
2026-10-07,2005-06-12,1.621587623
2026-10-07,2005-06-13,1.621911357
2026-10-07,2005-06-14,1.622235156
2026-10-07,2005-06-15,1.622559019
2026-10-07,2005-06-16,1.622882947
2026-10-07,2005-06-17,1.62320694
2026-10-07,2005-06-18,1.623530997
2026-10-07,2005-06-19,1.623855119
2026-10-07,2005-06-20,1.624179306
2026-10-07,2005-06-21,1.624503557
2026-10-07,2005-06-22,1.624827874
2026-10-07,2005-06-23,1.625152254
2026-10-07,2005-06-24,1.6254767
2026-10-07,2005-06-25,1.625801211
2026-10-07,2005-06-26,1.626125786
2026-10-07,2005-06-27,1.626450426
2026-10-07,2005-06-28,1.626775131
2026-10-07,2005-06-29,1.627099901
2026-10-07,2005-06-30,1.627424735
2026-10-07,2005-07-01,1.627759153
2026-10-07,2005-07-02,1.628073635
2026-10-07,2005-07-03,1.628388178
2026-10-07,2005-07-04,1.628702782
2026-10-07,2005-07-05,1.629017447
2026-10-07,2005-07-06,1.629332172
2026-10-07,2005-07-07,1.629812328
2026-10-07,2005-07-08,1.630292626
2026-10-07,2005-07-09,1.630773065
2026-10-07,2005-07-10,1.631253645
2026-10-07,2005-07-11,1.631734368
2026-10-07,2005-07-12,1.632215232
2026-10-07,2005-07-13,1.632696237
2026-10-07,2005-07-14,1.633177384
2026-10-07,2005-07-15,1.633658674
2026-10-07,2005-07-16,1.634140105
2026-10-07,2005-07-17,1.634621677
2026-10-07,2005-07-18,1.635103392
2026-10-07,2005-07-19,1.635585249
2026-10-07,2005-07-20,1.636067248
2026-10-07,2005-07-21,1.636549388
2026-10-07,2005-07-22,1.637031671
2026-10-07,2005-07-23,1.637514096
2026-10-07,2005-07-24,1.637996663
2026-10-07,2005-07-25,1.638479373
2026-10-07,2005-07-26,1.638962224
2026-10-07,2005-07-27,1.639445218
2026-10-07,2005-07-28,1.639928354
2026-10-07,2005-07-29,1.640411633
2026-10-07,2005-07-30,1.640895054
2026-10-07,2005-07-31,1.641378617
2026-10-07,2005-08-01,1.641842323
2026-10-07,2005-08-02,1.642326166
2026-10-07,2005-08-03,1.642810151
2026-10-07,2005-08-04,1.643294279
2026-10-07,2005-08-05,1.64377855
2026-10-07,2005-08-06,1.644262963
2026-10-07,2005-08-07,1.644792227
2026-10-07,2005-08-08,1.645321662
2026-10-07,2005-08-09,1.645851267
2026-10-07,2005-08-10,1.646381043
2026-10-07,2005-08-11,1.646910989
2026-10-07,2005-08-12,1.647441106
2026-10-07,2005-08-13,1.647971393
2026-10-07,2005-08-14,1.648501851
2026-10-07,2005-08-15,1.64903248
2026-10-07,2005-08-16,1.64956328
2026-10-07,2005-08-17,1.65009425
2026-10-07,2005-08-18,1.650625392
2026-10-07,2005-08-19,1.651156704
2026-10-07,2005-08-20,1.651688188
2026-10-07,2005-08-21,1.652219842
2026-10-07,2005-08-22,1.652751668
2026-10-07,2005-08-23,1.653283665
2026-10-07,2005-08-24,1.653815833
2026-10-07,2005-08-25,1.654348172
2026-10-07,2005-08-26,1.654880683
2026-10-07,2005-08-27,1.655413365
2026-10-07,2005-08-28,1.655946218
2026-10-07,2005-08-29,1.656479243
2026-10-07,2005-08-30,1.65701244
2026-10-07,2005-08-31,1.657545808
2026-10-07,2005-09-01,1.658097136
2026-10-07,2005-09-02,1.658648647
2026-10-07,2005-09-03,1.659200341
2026-10-07,2005-09-04,1.659752219
2026-10-07,2005-09-05,1.660304281
2026-10-07,2005-09-06,1.660856526
2026-10-07,2005-09-07,1.66109838
2026-10-07,2005-09-08,1.66134027
2026-10-07,2005-09-09,1.661582196
2026-10-07,2005-09-10,1.661824156
2026-10-07,2005-09-11,1.662066152
2026-10-07,2005-09-12,1.662308183
2026-10-07,2005-09-13,1.662550249
2026-10-07,2005-09-14,1.66279235
2026-10-07,2005-09-15,1.663034487
2026-10-07,2005-09-16,1.663276659
2026-10-07,2005-09-17,1.663518866
2026-10-07,2005-09-18,1.663761108
2026-10-07,2005-09-19,1.664003386
2026-10-07,2005-09-20,1.664245699
2026-10-07,2005-09-21,1.664488047
2026-10-07,2005-09-22,1.664730431
2026-10-07,2005-09-23,1.66497285
2026-10-07,2005-09-24,1.665215304
2026-10-07,2005-09-25,1.665457793
2026-10-07,2005-09-26,1.665700318
2026-10-07,2005-09-27,1.665942878
2026-10-07,2005-09-28,1.666185474
2026-10-07,2005-09-29,1.666428105
2026-10-07,2005-09-30,1.666670771
2026-10-07,2005-10-01,1.666905642
2026-10-07,2005-10-02,1.667140547
2026-10-07,2005-10-03,1.667375485
2026-10-07,2005-10-04,1.667610456
2026-10-07,2005-10-05,1.667845461
2026-10-07,2005-10-06,1.668080498
2026-10-07,2005-10-07,1.668704628
2026-10-07,2005-10-08,1.669328992
2026-10-07,2005-10-09,1.669953589
2026-10-07,2005-10-10,1.67057842
2026-10-07,2005-10-11,1.671203484
2026-10-07,2005-10-12,1.671828783
2026-10-07,2005-10-13,1.672454315
2026-10-07,2005-10-14,1.673080082
2026-10-07,2005-10-15,1.673706082
2026-10-07,2005-10-16,1.674332317
2026-10-07,2005-10-17,1.674958787
2026-10-07,2005-10-18,1.67558549
2026-10-07,2005-10-19,1.676212428
2026-10-07,2005-10-20,1.676839601
2026-10-07,2005-10-21,1.677467008
2026-10-07,2005-10-22,1.67809465
2026-10-07,2005-10-23,1.678722527
2026-10-07,2005-10-24,1.679350639
2026-10-07,2005-10-25,1.679978986
2026-10-07,2005-10-26,1.680607568
2026-10-07,2005-10-27,1.681236385
2026-10-07,2005-10-28,1.681865438
2026-10-07,2005-10-29,1.682494725
2026-10-07,2005-10-30,1.683124249
2026-10-07,2005-10-31,1.683754007
2026-10-07,2005-11-01,1.684405006
2026-10-07,2005-11-02,1.685056256
2026-10-07,2005-11-03,1.685707758
2026-10-07,2005-11-04,1.686359511
2026-10-07,2005-11-05,1.687011517
2026-10-07,2005-11-06,1.687663775
2026-10-07,2005-11-07,1.688099105
2026-10-07,2005-11-08,1.688534547
2026-10-07,2005-11-09,1.688970101
2026-10-07,2005-11-10,1.689405768
2026-10-07,2005-11-11,1.689841548
2026-10-07,2005-11-12,1.690277439
2026-10-07,2005-11-13,1.690713443
2026-10-07,2005-11-14,1.69114956
2026-10-07,2005-11-15,1.691585789
2026-10-07,2005-11-16,1.692022131
2026-10-07,2005-11-17,1.692458585
2026-10-07,2005-11-18,1.692895152
2026-10-07,2005-11-19,1.693331831
2026-10-07,2005-11-20,1.693768623
2026-10-07,2005-11-21,1.694205528
2026-10-07,2005-11-22,1.694642545
2026-10-07,2005-11-23,1.695079675
2026-10-07,2005-11-24,1.695516918
2026-10-07,2005-11-25,1.695954274
2026-10-07,2005-11-26,1.696391742
2026-10-07,2005-11-27,1.696829324
2026-10-07,2005-11-28,1.697267018
2026-10-07,2005-11-29,1.697704825
2026-10-07,2005-11-30,1.698142745
2026-10-07,2005-12-01,1.698566646
2026-10-07,2005-12-02,1.698990653
2026-10-07,2005-12-03,1.699414766
2026-10-07,2005-12-04,1.699838984
2026-10-07,2005-12-05,1.700263309
2026-10-07,2005-12-06,1.700687739
2026-10-07,2005-12-07,1.701347881
2026-10-07,2005-12-08,1.702008279
2026-10-07,2005-12-09,1.702668933
2026-10-07,2005-12-10,1.703329843
2026-10-07,2005-12-11,1.70399101
2026-10-07,2005-12-12,1.704652434
2026-10-07,2005-12-13,1.705314114
2026-10-07,2005-12-14,1.705976051
2026-10-07,2005-12-15,1.706638245
2026-10-07,2005-12-16,1.707300697
2026-10-07,2005-12-17,1.707963405
2026-10-07,2005-12-18,1.70862637
2026-10-07,2005-12-19,1.709289593
2026-10-07,2005-12-20,1.709953074
2026-10-07,2005-12-21,1.710616812
2026-10-07,2005-12-22,1.711280807
2026-10-07,2005-12-23,1.71194506
2026-10-07,2005-12-24,1.712609571
2026-10-07,2005-12-25,1.71327434
2026-10-07,2005-12-26,1.713939367
2026-10-07,2005-12-27,1.714604653
2026-10-07,2005-12-28,1.715270196
2026-10-07,2005-12-29,1.715935998
2026-10-07,2005-12-30,1.716602058
2026-10-07,2005-12-31,1.717268377
2026-10-07,2006-01-01,1.717934954
2026-10-07,2006-01-02,1.71860179
2026-10-07,2006-01-03,1.719268885
2026-10-07,2006-01-04,1.719936239
2026-10-07,2006-01-05,1.720603852
2026-10-07,2006-01-06,1.721271724
2026-10-07,2006-01-07,1.721886174
2026-10-07,2006-01-08,1.722500842
2026-10-07,2006-01-09,1.72311573
2026-10-07,2006-01-10,1.723730838
2026-10-07,2006-01-11,1.724346165
2026-10-07,2006-01-12,1.724961712
2026-10-07,2006-01-13,1.725577478
2026-10-07,2006-01-14,1.726193464
2026-10-07,2006-01-15,1.726809671
2026-10-07,2006-01-16,1.727426097
2026-10-07,2006-01-17,1.728042743
2026-10-07,2006-01-18,1.728659609
2026-10-07,2006-01-19,1.729276696
2026-10-07,2006-01-20,1.729894003
2026-10-07,2006-01-21,1.73051153
2026-10-07,2006-01-22,1.731129278
2026-10-07,2006-01-23,1.731747246
2026-10-07,2006-01-24,1.732365434
2026-10-07,2006-01-25,1.732983844
2026-10-07,2006-01-26,1.733602474
2026-10-07,2006-01-27,1.734221325
2026-10-07,2006-01-28,1.734840397
2026-10-07,2006-01-29,1.73545969
2026-10-07,2006-01-30,1.736079204
2026-10-07,2006-01-31,1.736698939
2026-10-07,2006-02-01,1.737385333
2026-10-07,2006-02-02,1.738071997
2026-10-07,2006-02-03,1.738758933
2026-10-07,2006-02-04,1.739446141
2026-10-07,2006-02-05,1.74013362
2026-10-07,2006-02-06,1.740821371
2026-10-07,2006-02-07,1.741610368
2026-10-07,2006-02-08,1.742399722
2026-10-07,2006-02-09,1.743189434
2026-10-07,2006-02-10,1.743979504
2026-10-07,2006-02-11,1.744769932
2026-10-07,2006-02-12,1.745560718
2026-10-07,2006-02-13,1.746351863
2026-10-07,2006-02-14,1.747143366
2026-10-07,2006-02-15,1.747935228
2026-10-07,2006-02-16,1.748727449
2026-10-07,2006-02-17,1.749520029
2026-10-07,2006-02-18,1.750312968
2026-10-07,2006-02-19,1.751106266
2026-10-07,2006-02-20,1.751899924
2026-10-07,2006-02-21,1.752693942
2026-10-07,2006-02-22,1.75348832
2026-10-07,2006-02-23,1.754283057
2026-10-07,2006-02-24,1.755078155
2026-10-07,2006-02-25,1.755873614
2026-10-07,2006-02-26,1.756669432
2026-10-07,2006-02-27,1.757465612
2026-10-07,2006-02-28,1.758262152
2026-10-07,2006-03-01,1.758981918
2026-10-07,2006-03-02,1.759701979
2026-10-07,2006-03-03,1.760422335
2026-10-07,2006-03-04,1.761142985
2026-10-07,2006-03-05,1.76186393
2026-10-07,2006-03-06,1.762585171
2026-10-07,2006-03-07,1.762809372
2026-10-07,2006-03-08,1.763033601
2026-10-07,2006-03-09,1.763257859
2026-10-07,2006-03-10,1.763482145
2026-10-07,2006-03-11,1.76370646
2026-10-07,2006-03-12,1.763930803
2026-10-07,2006-03-13,1.764155175
2026-10-07,2006-03-14,1.764379576
2026-10-07,2006-03-15,1.764604005
2026-10-07,2006-03-16,1.764828462
2026-10-07,2006-03-17,1.765052949
2026-10-07,2006-03-18,1.765277463
2026-10-07,2006-03-19,1.765502007
2026-10-07,2006-03-20,1.765726578
2026-10-07,2006-03-21,1.765951179
2026-10-07,2006-03-22,1.766175808
2026-10-07,2006-03-23,1.766400465
2026-10-07,2006-03-24,1.766625151
2026-10-07,2006-03-25,1.766849866
2026-10-07,2006-03-26,1.767074609
2026-10-07,2006-03-27,1.767299381
2026-10-07,2006-03-28,1.767524181
2026-10-07,2006-03-29,1.76774901
2026-10-07,2006-03-30,1.767973868
2026-10-07,2006-03-31,1.768198754
2026-10-07,2006-04-01,1.768431167
2026-10-07,2006-04-02,1.76866361
2026-10-07,2006-04-03,1.768896083
2026-10-07,2006-04-04,1.769128588
2026-10-07,2006-04-05,1.769361122
2026-10-07,2006-04-06,1.769593688
2026-10-07,2006-04-07,1.770299611
2026-10-07,2006-04-08,1.771005816
2026-10-07,2006-04-09,1.771712303
2026-10-07,2006-04-10,1.772419072
2026-10-07,2006-04-11,1.773126123
2026-10-07,2006-04-12,1.773833456
2026-10-07,2006-04-13,1.774541071
2026-10-07,2006-04-14,1.775248968
2026-10-07,2006-04-15,1.775957147
2026-10-07,2006-04-16,1.77666561
2026-10-07,2006-04-17,1.777374354
2026-10-07,2006-04-18,1.778083382
2026-10-07,2006-04-19,1.778792692
2026-10-07,2006-04-20,1.779502285
2026-10-07,2006-04-21,1.780212162
2026-10-07,2006-04-22,1.780922321
2026-10-07,2006-04-23,1.781632764
2026-10-07,2006-04-24,1.78234349
2026-10-07,2006-04-25,1.7830545
2026-10-07,2006-04-26,1.783765794
2026-10-07,2006-04-27,1.784477371
2026-10-07,2006-04-28,1.785189232
2026-10-07,2006-04-29,1.785901377
2026-10-07,2006-04-30,1.786613806
2026-10-07,2006-05-01,1.787303524
2026-10-07,2006-05-02,1.787993508
2026-10-07,2006-05-03,1.788683759
2026-10-07,2006-05-04,1.789374276
2026-10-07,2006-05-05,1.79006506
2026-10-07,2006-05-06,1.79075611
2026-10-07,2006-05-07,1.791315029
2026-10-07,2006-05-08,1.791874123
2026-10-07,2006-05-09,1.792433391
2026-10-07,2006-05-10,1.792992833
2026-10-07,2006-05-11,1.79355245
2026-10-07,2006-05-12,1.794112242
2026-10-07,2006-05-13,1.794672209
2026-10-07,2006-05-14,1.79523235
2026-10-07,2006-05-15,1.795792666
2026-10-07,2006-05-16,1.796353157
2026-10-07,2006-05-17,1.796913823
2026-10-07,2006-05-18,1.797474664
2026-10-07,2006-05-19,1.79803568
2026-10-07,2006-05-20,1.798596871
2026-10-07,2006-05-21,1.799158238
2026-10-07,2006-05-22,1.799719779
2026-10-07,2006-05-23,1.800281496
2026-10-07,2006-05-24,1.800843388
2026-10-07,2006-05-25,1.801405455
2026-10-07,2006-05-26,1.801967698
2026-10-07,2006-05-27,1.802530117
2026-10-07,2006-05-28,1.80309271
2026-10-07,2006-05-29,1.80365548
2026-10-07,2006-05-30,1.804218425
2026-10-07,2006-05-31,1.804781546
2026-10-07,2006-06-01,1.805363622
2026-10-07,2006-06-02,1.805945886
2026-10-07,2006-06-03,1.806528338
2026-10-07,2006-06-04,1.807110977
2026-10-07,2006-06-05,1.807693804
2026-10-07,2006-06-06,1.80827682
2026-10-07,2006-06-07,1.8085595
2026-10-07,2006-06-08,1.808842225
2026-10-07,2006-06-09,1.809124993
2026-10-07,2006-06-10,1.809407806
2026-10-07,2006-06-11,1.809690663
2026-10-07,2006-06-12,1.809973565
2026-10-07,2006-06-13,1.81025651
2026-10-07,2006-06-14,1.8105395
2026-10-07,2006-06-15,1.810822534
2026-10-07,2006-06-16,1.811105612
2026-10-07,2006-06-17,1.811388734
2026-10-07,2006-06-18,1.811671901
2026-10-07,2006-06-19,1.811955112
2026-10-07,2006-06-20,1.812238367
2026-10-07,2006-06-21,1.812521667
2026-10-07,2006-06-22,1.812805011
2026-10-07,2006-06-23,1.813088399
2026-10-07,2006-06-24,1.813371831
2026-10-07,2006-06-25,1.813655308
2026-10-07,2006-06-26,1.813938829
2026-10-07,2006-06-27,1.814222395
2026-10-07,2006-06-28,1.814506004
2026-10-07,2006-06-29,1.814789658
2026-10-07,2006-06-30,1.815073357
2026-10-07,2006-07-01,1.815347946
2026-10-07,2006-07-02,1.815622576
2026-10-07,2006-07-03,1.815897249
2026-10-07,2006-07-04,1.816171962
2026-10-07,2006-07-05,1.816446718
2026-10-07,2006-07-06,1.816721514
2026-10-07,2006-07-07,1.817004934
2026-10-07,2006-07-08,1.817288398
2026-10-07,2006-07-09,1.817571907
2026-10-07,2006-07-10,1.817855459
2026-10-07,2006-07-11,1.818139056
2026-10-07,2006-07-12,1.818422697
2026-10-07,2006-07-13,1.818706383
2026-10-07,2006-07-14,1.818990112
2026-10-07,2006-07-15,1.819273886
2026-10-07,2006-07-16,1.819557704
2026-10-07,2006-07-17,1.819841567
2026-10-07,2006-07-18,1.820125473
2026-10-07,2006-07-19,1.820409424
2026-10-07,2006-07-20,1.82069342
2026-10-07,2006-07-21,1.820977459
2026-10-07,2006-07-22,1.821261543
2026-10-07,2006-07-23,1.821545671
2026-10-07,2006-07-24,1.821829844
2026-10-07,2006-07-25,1.822114061
2026-10-07,2006-07-26,1.822398322
2026-10-07,2006-07-27,1.822682627
2026-10-07,2006-07-28,1.822966977
2026-10-07,2006-07-29,1.823251372
2026-10-07,2006-07-30,1.82353581
2026-10-07,2006-07-31,1.823820293
2026-10-07,2006-08-01,1.824104821
2026-10-07,2006-08-02,1.824389392
2026-10-07,2006-08-03,1.824674008
2026-10-07,2006-08-04,1.824958669
2026-10-07,2006-08-05,1.825243374
2026-10-07,2006-08-06,1.825528123
2026-10-07,2006-08-07,1.825890406
2026-10-07,2006-08-08,1.826252761
2026-10-07,2006-08-09,1.826615188
2026-10-07,2006-08-10,1.826977687
2026-10-07,2006-08-11,1.827340257
2026-10-07,2006-08-12,1.8277029
2026-10-07,2006-08-13,1.828065614
2026-10-07,2006-08-14,1.828428401
2026-10-07,2006-08-15,1.828791259
2026-10-07,2006-08-16,1.82915419
2026-10-07,2006-08-17,1.829517192
2026-10-07,2006-08-18,1.829880267
2026-10-07,2006-08-19,1.830243414
2026-10-07,2006-08-20,1.830606632
2026-10-07,2006-08-21,1.830969923
2026-10-07,2006-08-22,1.831333286
2026-10-07,2006-08-23,1.831696721
2026-10-07,2006-08-24,1.832060228
2026-10-07,2006-08-25,1.832423807
2026-10-07,2006-08-26,1.832787459
2026-10-07,2006-08-27,1.833151182
2026-10-07,2006-08-28,1.833514978
2026-10-07,2006-08-29,1.833878846
2026-10-07,2006-08-30,1.834242786
2026-10-07,2006-08-31,1.834606799
2026-10-07,2006-09-01,1.834983021
2026-10-07,2006-09-02,1.83535932
2026-10-07,2006-09-03,1.835735696
2026-10-07,2006-09-04,1.83611215
2026-10-07,2006-09-05,1.836488681
2026-10-07,2006-09-06,1.836865289
2026-10-07,2006-09-07,1.837209122
2026-10-07,2006-09-08,1.83755302
2026-10-07,2006-09-09,1.837896983
2026-10-07,2006-09-10,1.83824101
2026-10-07,2006-09-11,1.838585101
2026-10-07,2006-09-12,1.838929256
2026-10-07,2006-09-13,1.839273476
2026-10-07,2006-09-14,1.839617761
2026-10-07,2006-09-15,1.83996211
2026-10-07,2006-09-16,1.840306523
2026-10-07,2006-09-17,1.840651001
2026-10-07,2006-09-18,1.840995543
2026-10-07,2006-09-19,1.84134015
2026-10-07,2006-09-20,1.841684821
2026-10-07,2006-09-21,1.842029557
2026-10-07,2006-09-22,1.842374357
2026-10-07,2006-09-23,1.842719222
2026-10-07,2006-09-24,1.843064152
2026-10-07,2006-09-25,1.843409146
2026-10-07,2006-09-26,1.843754204
2026-10-07,2006-09-27,1.844099327
2026-10-07,2006-09-28,1.844444515
2026-10-07,2006-09-29,1.844789768
2026-10-07,2006-09-30,1.845135085
2026-10-07,2006-10-01,1.845469324
2026-10-07,2006-10-02,1.845803624
2026-10-07,2006-10-03,1.846137984
2026-10-07,2006-10-04,1.846472405
2026-10-07,2006-10-05,1.846806887
2026-10-07,2006-10-06,1.847141429
2026-10-07,2006-10-07,1.847674254
2026-10-07,2006-10-08,1.848207233
2026-10-07,2006-10-09,1.848740366
2026-10-07,2006-10-10,1.849273652
2026-10-07,2006-10-11,1.849807092
2026-10-07,2006-10-12,1.850340687
2026-10-07,2006-10-13,1.850874435
2026-10-07,2006-10-14,1.851408337
2026-10-07,2006-10-15,1.851942393
2026-10-07,2006-10-16,1.852476603
2026-10-07,2006-10-17,1.853010967
2026-10-07,2006-10-18,1.853545485
2026-10-07,2006-10-19,1.854080158
2026-10-07,2006-10-20,1.854614985
2026-10-07,2006-10-21,1.855149966
2026-10-07,2006-10-22,1.855685101
2026-10-07,2006-10-23,1.856220391
2026-10-07,2006-10-24,1.856755835
2026-10-07,2006-10-25,1.857291433
2026-10-07,2006-10-26,1.857827186
2026-10-07,2006-10-27,1.858363094
2026-10-07,2006-10-28,1.858899156
2026-10-07,2006-10-29,1.859435373
2026-10-07,2006-10-30,1.859971745
2026-10-07,2006-10-31,1.860508271
2026-10-07,2006-11-01,1.861062844
2026-10-07,2006-11-02,1.861617582
2026-10-07,2006-11-03,1.862172486
2026-10-07,2006-11-04,1.862727555
2026-10-07,2006-11-05,1.86328279
2026-10-07,2006-11-06,1.86383819
2026-10-07,2006-11-07,1.864368521
2026-10-07,2006-11-08,1.864899003
2026-10-07,2006-11-09,1.865429636
2026-10-07,2006-11-10,1.865960421
2026-10-07,2006-11-11,1.866491356
2026-10-07,2006-11-12,1.867022442
2026-10-07,2006-11-13,1.867553679
2026-10-07,2006-11-14,1.868085068
2026-10-07,2006-11-15,1.868616608
2026-10-07,2006-11-16,1.869148299
2026-10-07,2006-11-17,1.869680141
2026-10-07,2006-11-18,1.870212135
2026-10-07,2006-11-19,1.870744279
2026-10-07,2006-11-20,1.871276576
2026-10-07,2006-11-21,1.871809024
2026-10-07,2006-11-22,1.872341623
2026-10-07,2006-11-23,1.872874374
2026-10-07,2006-11-24,1.873407276
2026-10-07,2006-11-25,1.87394033
2026-10-07,2006-11-26,1.874473536
2026-10-07,2006-11-27,1.875006894
2026-10-07,2006-11-28,1.875540403
2026-10-07,2006-11-29,1.876074064
2026-10-07,2006-11-30,1.876607877
2026-10-07,2006-12-01,1.877124615
2026-10-07,2006-12-02,1.877641495
2026-10-07,2006-12-03,1.878158517
2026-10-07,2006-12-04,1.878675682
2026-10-07,2006-12-05,1.879192989
2026-10-07,2006-12-06,1.879710439
2026-10-07,2006-12-07,1.880138406
2026-10-07,2006-12-08,1.880566471
2026-10-07,2006-12-09,1.880994633
2026-10-07,2006-12-10,1.881422893
2026-10-07,2006-12-11,1.88185125
2026-10-07,2006-12-12,1.882279705
2026-10-07,2006-12-13,1.882708257
2026-10-07,2006-12-14,1.883136907
2026-10-07,2006-12-15,1.883565654
2026-10-07,2006-12-16,1.8839945
2026-10-07,2006-12-17,1.884423442
2026-10-07,2006-12-18,1.884852483
2026-10-07,2006-12-19,1.885281621
2026-10-07,2006-12-20,1.885710857
2026-10-07,2006-12-21,1.88614019
2026-10-07,2006-12-22,1.886569621
2026-10-07,2006-12-23,1.88699915
2026-10-07,2006-12-24,1.887428777
2026-10-07,2006-12-25,1.887858502
2026-10-07,2006-12-26,1.888288324
2026-10-07,2006-12-27,1.888718245
2026-10-07,2006-12-28,1.889148263
2026-10-07,2006-12-29,1.889578379
2026-10-07,2006-12-30,1.890008593
2026-10-07,2006-12-31,1.890438905
2026-10-07,2007-01-01,1.890869315
2026-10-07,2007-01-02,1.891299823
2026-10-07,2007-01-03,1.891730429
2026-10-07,2007-01-04,1.892161133
2026-10-07,2007-01-05,1.892591935
2026-10-07,2007-01-06,1.893022835
2026-10-07,2007-01-07,1.893617923
2026-10-07,2007-01-08,1.894213197
2026-10-07,2007-01-09,1.894808658
2026-10-07,2007-01-10,1.895404306
2026-10-07,2007-01-11,1.896000142
2026-10-07,2007-01-12,1.896596165
2026-10-07,2007-01-13,1.897192376
2026-10-07,2007-01-14,1.897788773
2026-10-07,2007-01-15,1.898385359
2026-10-07,2007-01-16,1.898982132
2026-10-07,2007-01-17,1.899579092
2026-10-07,2007-01-18,1.90017624
2026-10-07,2007-01-19,1.900773576
2026-10-07,2007-01-20,1.9013711
2026-10-07,2007-01-21,1.901968811
2026-10-07,2007-01-22,1.90256671
2026-10-07,2007-01-23,1.903164798
2026-10-07,2007-01-24,1.903763073
2026-10-07,2007-01-25,1.904361536
2026-10-07,2007-01-26,1.904960188
2026-10-07,2007-01-27,1.905559028
2026-10-07,2007-01-28,1.906158055
2026-10-07,2007-01-29,1.906757272
2026-10-07,2007-01-30,1.907356676
2026-10-07,2007-01-31,1.907956269
2026-10-07,2007-02-01,1.908620324
2026-10-07,2007-02-02,1.909284611
2026-10-07,2007-02-03,1.909949128
2026-10-07,2007-02-04,1.910613877
2026-10-07,2007-02-05,1.911278857
2026-10-07,2007-02-06,1.911944068
2026-10-07,2007-02-07,1.912722583
2026-10-07,2007-02-08,1.913501416
2026-10-07,2007-02-09,1.914280565
2026-10-07,2007-02-10,1.915060032
2026-10-07,2007-02-11,1.915839816
2026-10-07,2007-02-12,1.916619918
2026-10-07,2007-02-13,1.917400337
2026-10-07,2007-02-14,1.918181075
2026-10-07,2007-02-15,1.91896213
2026-10-07,2007-02-16,1.919743503
2026-10-07,2007-02-17,1.920525194
2026-10-07,2007-02-18,1.921307203
2026-10-07,2007-02-19,1.922089531
2026-10-07,2007-02-20,1.922872178
2026-10-07,2007-02-21,1.923655143
2026-10-07,2007-02-22,1.924438427
2026-10-07,2007-02-23,1.92522203
2026-10-07,2007-02-24,1.926005952
2026-10-07,2007-02-25,1.926790193
2026-10-07,2007-02-26,1.927574754
2026-10-07,2007-02-27,1.928359634
2026-10-07,2007-02-28,1.929144833
2026-10-07,2007-03-01,1.929854321
2026-10-07,2007-03-02,1.930564069
2026-10-07,2007-03-03,1.931274078
2026-10-07,2007-03-04,1.931984349
2026-10-07,2007-03-05,1.93269488
2026-10-07,2007-03-06,1.933405673
2026-10-07,2007-03-07,1.933593682
2026-10-07,2007-03-08,1.933781709
2026-10-07,2007-03-09,1.933969754
2026-10-07,2007-03-10,1.934157817
2026-10-07,2007-03-11,1.934345899
2026-10-07,2007-03-12,1.934533999
2026-10-07,2007-03-13,1.934722117
2026-10-07,2007-03-14,1.934910254
2026-10-07,2007-03-15,1.935098408
2026-10-07,2007-03-16,1.935286581
2026-10-07,2007-03-17,1.935474773
2026-10-07,2007-03-18,1.935662983
2026-10-07,2007-03-19,1.935851211
2026-10-07,2007-03-20,1.936039457
2026-10-07,2007-03-21,1.936227722
2026-10-07,2007-03-22,1.936416005
2026-10-07,2007-03-23,1.936604306
2026-10-07,2007-03-24,1.936792625
2026-10-07,2007-03-25,1.936980963
2026-10-07,2007-03-26,1.93716932
2026-10-07,2007-03-27,1.937357694
2026-10-07,2007-03-28,1.937546087
2026-10-07,2007-03-29,1.937734498
2026-10-07,2007-03-30,1.937922927
2026-10-07,2007-03-31,1.938111375
2026-10-07,2007-04-01,1.938306124
2026-10-07,2007-04-02,1.938500892
2026-10-07,2007-04-03,1.93869568
2026-10-07,2007-04-04,1.938890487
2026-10-07,2007-04-05,1.939085314
2026-10-07,2007-04-06,1.939280161
2026-10-07,2007-04-07,1.939773279
2026-10-07,2007-04-08,1.940266523
2026-10-07,2007-04-09,1.940759892
2026-10-07,2007-04-10,1.941253386
2026-10-07,2007-04-11,1.941747006
2026-10-07,2007-04-12,1.942240752
2026-10-07,2007-04-13,1.942734623
2026-10-07,2007-04-14,1.943228619
2026-10-07,2007-04-15,1.943722742
2026-10-07,2007-04-16,1.94421699
2026-10-07,2007-04-17,1.944711363
2026-10-07,2007-04-18,1.945205862
2026-10-07,2007-04-19,1.945700487
2026-10-07,2007-04-20,1.946195238
2026-10-07,2007-04-21,1.946690115
2026-10-07,2007-04-22,1.947185117
2026-10-07,2007-04-23,1.947680246
2026-10-07,2007-04-24,1.9481755
2026-10-07,2007-04-25,1.94867088
2026-10-07,2007-04-26,1.949166386
2026-10-07,2007-04-27,1.949662018
2026-10-07,2007-04-28,1.950157776
2026-10-07,2007-04-29,1.950653661
2026-10-07,2007-04-30,1.951149671
2026-10-07,2007-05-01,1.951629801
2026-10-07,2007-05-02,1.952110049
2026-10-07,2007-05-03,1.952590416
2026-10-07,2007-05-04,1.9530709
2026-10-07,2007-05-05,1.953551503
2026-10-07,2007-05-06,1.954032224
2026-10-07,2007-05-07,1.954499585
2026-10-07,2007-05-08,1.954967059
2026-10-07,2007-05-09,1.955434644
2026-10-07,2007-05-10,1.95590234
2026-10-07,2007-05-11,1.956370149
2026-10-07,2007-05-12,1.95683807
2026-10-07,2007-05-13,1.957306102
2026-10-07,2007-05-14,1.957774246
2026-10-07,2007-05-15,1.958242503
2026-10-07,2007-05-16,1.958710871
2026-10-07,2007-05-17,1.959179352
2026-10-07,2007-05-18,1.959647944
2026-10-07,2007-05-19,1.960116648
2026-10-07,2007-05-20,1.960585465
2026-10-07,2007-05-21,1.961054394
2026-10-07,2007-05-22,1.961523435
2026-10-07,2007-05-23,1.961992588
2026-10-07,2007-05-24,1.962461853
2026-10-07,2007-05-25,1.962931231
2026-10-07,2007-05-26,1.963400721
2026-10-07,2007-05-27,1.963870323
2026-10-07,2007-05-28,1.964340037
2026-10-07,2007-05-29,1.964809864
2026-10-07,2007-05-30,1.965279803
2026-10-07,2007-05-31,1.965749855
2026-10-07,2007-06-01,1.966235693
2026-10-07,2007-06-02,1.966721651
2026-10-07,2007-06-03,1.967207729
2026-10-07,2007-06-04,1.967693927
2026-10-07,2007-06-05,1.968180246
2026-10-07,2007-06-06,1.968666684
2026-10-07,2007-06-07,1.968939207
2026-10-07,2007-06-08,1.969211767
2026-10-07,2007-06-09,1.969484366
2026-10-07,2007-06-10,1.969757001
2026-10-07,2007-06-11,1.970029675
2026-10-07,2007-06-12,1.970302386
2026-10-07,2007-06-13,1.970575135
2026-10-07,2007-06-14,1.970847922
2026-10-07,2007-06-15,1.971120747
2026-10-07,2007-06-16,1.971393609
2026-10-07,2007-06-17,1.971666509
2026-10-07,2007-06-18,1.971939447
2026-10-07,2007-06-19,1.972212423
2026-10-07,2007-06-20,1.972485436
2026-10-07,2007-06-21,1.972758488
2026-10-07,2007-06-22,1.973031577
2026-10-07,2007-06-23,1.973304704
2026-10-07,2007-06-24,1.973577868
2026-10-07,2007-06-25,1.973851071
2026-10-07,2007-06-26,1.974124311
2026-10-07,2007-06-27,1.974397589
2026-10-07,2007-06-28,1.974670905
2026-10-07,2007-06-29,1.974944259
2026-10-07,2007-06-30,1.975217651
2026-10-07,2007-07-01,1.975482259
2026-10-07,2007-07-02,1.975746903
2026-10-07,2007-07-03,1.976011583
2026-10-07,2007-07-04,1.976276298
2026-10-07,2007-07-05,1.976541048
2026-10-07,2007-07-06,1.976805834
2026-10-07,2007-07-07,1.977086008
2026-10-07,2007-07-08,1.977366222
2026-10-07,2007-07-09,1.977646475
2026-10-07,2007-07-10,1.977926768
2026-10-07,2007-07-11,1.978207101
2026-10-07,2007-07-12,1.978487474
2026-10-07,2007-07-13,1.978767886
2026-10-07,2007-07-14,1.979048338
2026-10-07,2007-07-15,1.97932883
2026-10-07,2007-07-16,1.979609362
2026-10-07,2007-07-17,1.979889933
2026-10-07,2007-07-18,1.980170544
2026-10-07,2007-07-19,1.980451195
2026-10-07,2007-07-20,1.980731886
2026-10-07,2007-07-21,1.981012616
2026-10-07,2007-07-22,1.981293387
2026-10-07,2007-07-23,1.981574197
2026-10-07,2007-07-24,1.981855047
2026-10-07,2007-07-25,1.982135936
2026-10-07,2007-07-26,1.982416866
2026-10-07,2007-07-27,1.982697835
2026-10-07,2007-07-28,1.982978844
2026-10-07,2007-07-29,1.983259893
2026-10-07,2007-07-30,1.983540982
2026-10-07,2007-07-31,1.98382211
2026-10-07,2007-08-01,1.984103279
2026-10-07,2007-08-02,1.984384487
2026-10-07,2007-08-03,1.984665735
2026-10-07,2007-08-04,1.984947023
2026-10-07,2007-08-05,1.985228351
2026-10-07,2007-08-06,1.985509719
2026-10-07,2007-08-07,1.985829354
2026-10-07,2007-08-08,1.986149042
2026-10-07,2007-08-09,1.98646878
2026-10-07,2007-08-10,1.98678857
2026-10-07,2007-08-11,1.987108412
2026-10-07,2007-08-12,1.987428305
2026-10-07,2007-08-13,1.987748249
2026-10-07,2007-08-14,1.988068245
2026-10-07,2007-08-15,1.988388293
2026-10-07,2007-08-16,1.988708392
2026-10-07,2007-08-17,1.989028542
2026-10-07,2007-08-18,1.989348744
2026-10-07,2007-08-19,1.989668998
2026-10-07,2007-08-20,1.989989303
2026-10-07,2007-08-21,1.99030966
2026-10-07,2007-08-22,1.990630068
2026-10-07,2007-08-23,1.990950528
2026-10-07,2007-08-24,1.991271039
2026-10-07,2007-08-25,1.991591603
2026-10-07,2007-08-26,1.991912217
2026-10-07,2007-08-27,1.992232884
2026-10-07,2007-08-28,1.992553602
2026-10-07,2007-08-29,1.992874371
2026-10-07,2007-08-30,1.993195192
2026-10-07,2007-08-31,1.993516065
2026-10-07,2007-09-01,1.993847688
2026-10-07,2007-09-02,1.994179366
2026-10-07,2007-09-03,1.994511099
2026-10-07,2007-09-04,1.994842888
2026-10-07,2007-09-05,1.995174731
2026-10-07,2007-09-06,1.99550663
2026-10-07,2007-09-07,1.995894661
2026-10-07,2007-09-08,1.996282768
2026-10-07,2007-09-09,1.99667095
2026-10-07,2007-09-10,1.997059208
2026-10-07,2007-09-11,1.997447541
2026-10-07,2007-09-12,1.99783595
2026-10-07,2007-09-13,1.998224434
2026-10-07,2007-09-14,1.998612994
2026-10-07,2007-09-15,1.99900163
2026-10-07,2007-09-16,1.99939034
2026-10-07,2007-09-17,1.999779127
2026-10-07,2007-09-18,2.000167989
2026-10-07,2007-09-19,2.000556927
2026-10-07,2007-09-20,2.00094594
2026-10-07,2007-09-21,2.001335029
2026-10-07,2007-09-22,2.001724194
2026-10-07,2007-09-23,2.002113434
2026-10-07,2007-09-24,2.00250275
2026-10-07,2007-09-25,2.002892142
2026-10-07,2007-09-26,2.003281609
2026-10-07,2007-09-27,2.003671152
2026-10-07,2007-09-28,2.004060771
2026-10-07,2007-09-29,2.004450466
2026-10-07,2007-09-30,2.004840237
2026-10-07,2007-10-01,2.005217506
2026-10-07,2007-10-02,2.005594846
2026-10-07,2007-10-03,2.005972258
2026-10-07,2007-10-04,2.00634974
2026-10-07,2007-10-05,2.006727294
2026-10-07,2007-10-06,2.007104918
2026-10-07,2007-10-07,2.007621515
2026-10-07,2007-10-08,2.008138246
2026-10-07,2007-10-09,2.008655109
2026-10-07,2007-10-10,2.009172105
2026-10-07,2007-10-11,2.009689235
2026-10-07,2007-10-12,2.010206497
2026-10-07,2007-10-13,2.010723893
2026-10-07,2007-10-14,2.011241422
2026-10-07,2007-10-15,2.011759084
2026-10-07,2007-10-16,2.012276879
2026-10-07,2007-10-17,2.012794807
2026-10-07,2007-10-18,2.013312869
2026-10-07,2007-10-19,2.013831064
2026-10-07,2007-10-20,2.014349393
2026-10-07,2007-10-21,2.014867855
2026-10-07,2007-10-22,2.01538645
2026-10-07,2007-10-23,2.015905179
2026-10-07,2007-10-24,2.016424042
2026-10-07,2007-10-25,2.016943037
2026-10-07,2007-10-26,2.017462167
2026-10-07,2007-10-27,2.01798143
2026-10-07,2007-10-28,2.018500827
2026-10-07,2007-10-29,2.019020357
2026-10-07,2007-10-30,2.019540022
2026-10-07,2007-10-31,2.020059819
2026-10-07,2007-11-01,2.020597085
2026-10-07,2007-11-02,2.021134493
2026-10-07,2007-11-03,2.021672043
2026-10-07,2007-11-04,2.022209737
2026-10-07,2007-11-05,2.022747574
2026-10-07,2007-11-06,2.023285554
2026-10-07,2007-11-07,2.023744854
2026-10-07,2007-11-08,2.024204259
2026-10-07,2007-11-09,2.024663767
2026-10-07,2007-11-10,2.02512338
2026-10-07,2007-11-11,2.025583097
2026-10-07,2007-11-12,2.026042919
2026-10-07,2007-11-13,2.026502845
2026-10-07,2007-11-14,2.026962875
2026-10-07,2007-11-15,2.02742301
2026-10-07,2007-11-16,2.02788325
2026-10-07,2007-11-17,2.028343593
2026-10-07,2007-11-18,2.028804042
2026-10-07,2007-11-19,2.029264594
2026-10-07,2007-11-20,2.029725252
2026-10-07,2007-11-21,2.030186014
2026-10-07,2007-11-22,2.03064688
2026-10-07,2007-11-23,2.031107851
2026-10-07,2007-11-24,2.031568927
2026-10-07,2007-11-25,2.032030108
2026-10-07,2007-11-26,2.032491393
2026-10-07,2007-11-27,2.032952783
2026-10-07,2007-11-28,2.033414277
2026-10-07,2007-11-29,2.033875877
2026-10-07,2007-11-30,2.034337581
2026-10-07,2007-12-01,2.034784491
2026-10-07,2007-12-02,2.035231499
2026-10-07,2007-12-03,2.035678606
2026-10-07,2007-12-04,2.036125811
2026-10-07,2007-12-05,2.036573114
2026-10-07,2007-12-06,2.037020515
2026-10-07,2007-12-07,2.037579749
2026-10-07,2007-12-08,2.038139135
2026-10-07,2007-12-09,2.038698675
2026-10-07,2007-12-10,2.039258369
2026-10-07,2007-12-11,2.039818217
2026-10-07,2007-12-12,2.040378218
2026-10-07,2007-12-13,2.040938373
2026-10-07,2007-12-14,2.041498681
2026-10-07,2007-12-15,2.042059144
2026-10-07,2007-12-16,2.04261976
2026-10-07,2007-12-17,2.04318053
2026-10-07,2007-12-18,2.043741455
2026-10-07,2007-12-19,2.044302533
2026-10-07,2007-12-20,2.044863765
2026-10-07,2007-12-21,2.045425151
2026-10-07,2007-12-22,2.045986692
2026-10-07,2007-12-23,2.046548386
2026-10-07,2007-12-24,2.047110235
2026-10-07,2007-12-25,2.047672238
2026-10-07,2007-12-26,2.048234396
2026-10-07,2007-12-27,2.048796707
2026-10-07,2007-12-28,2.049359173
2026-10-07,2007-12-29,2.049921794
2026-10-07,2007-12-30,2.050484569
2026-10-07,2007-12-31,2.051047498
2026-10-07,2008-01-01,2.051610582
2026-10-07,2008-01-02,2.052173821
2026-10-07,2008-01-03,2.052737214
2026-10-07,2008-01-04,2.053300762
2026-10-07,2008-01-05,2.053864464
2026-10-07,2008-01-06,2.054428322
2026-10-07,2008-01-07,2.055039975
2026-10-07,2008-01-08,2.055651811
2026-10-07,2008-01-09,2.056263829
2026-10-07,2008-01-10,2.056876029
2026-10-07,2008-01-11,2.057488412
2026-10-07,2008-01-12,2.058100977
2026-10-07,2008-01-13,2.058713724
2026-10-07,2008-01-14,2.059326653
2026-10-07,2008-01-15,2.059939765
2026-10-07,2008-01-16,2.06055306
2026-10-07,2008-01-17,2.061166537
2026-10-07,2008-01-18,2.061780197
2026-10-07,2008-01-19,2.06239404
2026-10-07,2008-01-20,2.063008065
2026-10-07,2008-01-21,2.063622273
2026-10-07,2008-01-22,2.064236664
2026-10-07,2008-01-23,2.064851238
2026-10-07,2008-01-24,2.065465995
2026-10-07,2008-01-25,2.066080935
2026-10-07,2008-01-26,2.066696058
2026-10-07,2008-01-27,2.067311364
2026-10-07,2008-01-28,2.067926853
2026-10-07,2008-01-29,2.068542526
2026-10-07,2008-01-30,2.069158381
2026-10-07,2008-01-31,2.069774421
2026-10-07,2008-02-01,2.070433148
2026-10-07,2008-02-02,2.071092085
2026-10-07,2008-02-03,2.071751232
2026-10-07,2008-02-04,2.072410589
2026-10-07,2008-02-05,2.073070155
2026-10-07,2008-02-06,2.073729932
2026-10-07,2008-02-07,2.074390883
2026-10-07,2008-02-08,2.075052045
2026-10-07,2008-02-09,2.075713417
2026-10-07,2008-02-10,2.076375
2026-10-07,2008-02-11,2.077036795
2026-10-07,2008-02-12,2.0776988
2026-10-07,2008-02-13,2.078361016
2026-10-07,2008-02-14,2.079023443
2026-10-07,2008-02-15,2.079686081
2026-10-07,2008-02-16,2.080348931
2026-10-07,2008-02-17,2.081011992
2026-10-07,2008-02-18,2.081675264
2026-10-07,2008-02-19,2.082338747
2026-10-07,2008-02-20,2.083002442
2026-10-07,2008-02-21,2.083666349
2026-10-07,2008-02-22,2.084330467
2026-10-07,2008-02-23,2.084994796
2026-10-07,2008-02-24,2.085659338
2026-10-07,2008-02-25,2.086324091
2026-10-07,2008-02-26,2.086989057
2026-10-07,2008-02-27,2.087654234
2026-10-07,2008-02-28,2.088319623
2026-10-07,2008-02-29,2.088985224
2026-10-07,2008-03-01,2.089608075
2026-10-07,2008-03-02,2.090231112
2026-10-07,2008-03-03,2.090854335
2026-10-07,2008-03-04,2.091477744
2026-10-07,2008-03-05,2.092101338
2026-10-07,2008-03-06,2.092725118
2026-10-07,2008-03-07,2.093041506
2026-10-07,2008-03-08,2.093357941
2026-10-07,2008-03-09,2.093674425
2026-10-07,2008-03-10,2.093990956
2026-10-07,2008-03-11,2.094307534
2026-10-07,2008-03-12,2.094624161
2026-10-07,2008-03-13,2.094940836
2026-10-07,2008-03-14,2.095257558
2026-10-07,2008-03-15,2.095574329
2026-10-07,2008-03-16,2.095891147
2026-10-07,2008-03-17,2.096208013
2026-10-07,2008-03-18,2.096524927
2026-10-07,2008-03-19,2.096841889
2026-10-07,2008-03-20,2.097158899
2026-10-07,2008-03-21,2.097475957
2026-10-07,2008-03-22,2.097793063
2026-10-07,2008-03-23,2.098110217
2026-10-07,2008-03-24,2.098427419
2026-10-07,2008-03-25,2.098744668
2026-10-07,2008-03-26,2.099061966
2026-10-07,2008-03-27,2.099379311
2026-10-07,2008-03-28,2.099696705
2026-10-07,2008-03-29,2.100014146
2026-10-07,2008-03-30,2.100331636
2026-10-07,2008-03-31,2.100649174
2026-10-07,2008-04-01,2.100977346
2026-10-07,2008-04-02,2.10130557
2026-10-07,2008-04-03,2.101633845
2026-10-07,2008-04-04,2.101962171
2026-10-07,2008-04-05,2.102290549
2026-10-07,2008-04-06,2.102618978
2026-10-07,2008-04-07,2.103406593
2026-10-07,2008-04-08,2.104194504
2026-10-07,2008-04-09,2.104982709
2026-10-07,2008-04-10,2.10577121
2026-10-07,2008-04-11,2.106560006
2026-10-07,2008-04-12,2.107349098
2026-10-07,2008-04-13,2.108138485
2026-10-07,2008-04-14,2.108928168
2026-10-07,2008-04-15,2.109718147
2026-10-07,2008-04-16,2.110508421
2026-10-07,2008-04-17,2.111298992
2026-10-07,2008-04-18,2.112089859
2026-10-07,2008-04-19,2.112881022
2026-10-07,2008-04-20,2.113672481
2026-10-07,2008-04-21,2.114464237
2026-10-07,2008-04-22,2.11525629
2026-10-07,2008-04-23,2.116048639
2026-10-07,2008-04-24,2.116841285
2026-10-07,2008-04-25,2.117634228
2026-10-07,2008-04-26,2.118427468
2026-10-07,2008-04-27,2.119221005
2026-10-07,2008-04-28,2.120014839
2026-10-07,2008-04-29,2.12080897
2026-10-07,2008-04-30,2.1216034
2026-10-07,2008-05-01,2.122372485
2026-10-07,2008-05-02,2.12314185
2026-10-07,2008-05-03,2.123911493
2026-10-07,2008-05-04,2.124681416
2026-10-07,2008-05-05,2.125451617
2026-10-07,2008-05-06,2.126222098
2026-10-07,2008-05-07,2.126787957
2026-10-07,2008-05-08,2.127353968
2026-10-07,2008-05-09,2.127920129
2026-10-07,2008-05-10,2.12848644
2026-10-07,2008-05-11,2.129052902
2026-10-07,2008-05-12,2.129619516
2026-10-07,2008-05-13,2.130186279
2026-10-07,2008-05-14,2.130753194
2026-10-07,2008-05-15,2.13132026
2026-10-07,2008-05-16,2.131887476
2026-10-07,2008-05-17,2.132454843
2026-10-07,2008-05-18,2.133022362
2026-10-07,2008-05-19,2.133590031
2026-10-07,2008-05-20,2.134157852
2026-10-07,2008-05-21,2.134725823
2026-10-07,2008-05-22,2.135293946
2026-10-07,2008-05-23,2.13586222
2026-10-07,2008-05-24,2.136430645
2026-10-07,2008-05-25,2.136999222
2026-10-07,2008-05-26,2.13756795
2026-10-07,2008-05-27,2.138136829
2026-10-07,2008-05-28,2.13870586
2026-10-07,2008-05-29,2.139275042
2026-10-07,2008-05-30,2.139844375
2026-10-07,2008-05-31,2.14041386
2026-10-07,2008-06-01,2.141002487
2026-10-07,2008-06-02,2.141591276
2026-10-07,2008-06-03,2.142180227
2026-10-07,2008-06-04,2.14276934
2026-10-07,2008-06-05,2.143358615
2026-10-07,2008-06-06,2.143948052
2026-10-07,2008-06-07,2.144347176
2026-10-07,2008-06-08,2.144746375
2026-10-07,2008-06-09,2.145145648
2026-10-07,2008-06-10,2.145544995
2026-10-07,2008-06-11,2.145944417
2026-10-07,2008-06-12,2.146343913
2026-10-07,2008-06-13,2.146743483
2026-10-07,2008-06-14,2.147143128
2026-10-07,2008-06-15,2.147542847
2026-10-07,2008-06-16,2.147942641
2026-10-07,2008-06-17,2.148342509
2026-10-07,2008-06-18,2.148742451
2026-10-07,2008-06-19,2.149142468
2026-10-07,2008-06-20,2.149542559
2026-10-07,2008-06-21,2.149942725
2026-10-07,2008-06-22,2.150342966
2026-10-07,2008-06-23,2.150743281
2026-10-07,2008-06-24,2.15114367
2026-10-07,2008-06-25,2.151544134
2026-10-07,2008-06-26,2.151944672
2026-10-07,2008-06-27,2.152345285
2026-10-07,2008-06-28,2.152745973
2026-10-07,2008-06-29,2.153146735
2026-10-07,2008-06-30,2.153547572
2026-10-07,2008-07-01,2.15393555
2026-10-07,2008-07-02,2.154323597
2026-10-07,2008-07-03,2.154711715
2026-10-07,2008-07-04,2.155099902
2026-10-07,2008-07-05,2.15548816
2026-10-07,2008-07-06,2.155876487
2026-10-07,2008-07-07,2.156317735
2026-10-07,2008-07-08,2.156759074
2026-10-07,2008-07-09,2.157200502
2026-10-07,2008-07-10,2.157642022
2026-10-07,2008-07-11,2.158083631
2026-10-07,2008-07-12,2.158525331
2026-10-07,2008-07-13,2.158967122
2026-10-07,2008-07-14,2.159409002
2026-10-07,2008-07-15,2.159850974
2026-10-07,2008-07-16,2.160293035
2026-10-07,2008-07-17,2.160735188
2026-10-07,2008-07-18,2.16117743
2026-10-07,2008-07-19,2.161619763
2026-10-07,2008-07-20,2.162062187
2026-10-07,2008-07-21,2.162504701
2026-10-07,2008-07-22,2.162947306
2026-10-07,2008-07-23,2.163390002
2026-10-07,2008-07-24,2.163832788
2026-10-07,2008-07-25,2.164275664
2026-10-07,2008-07-26,2.164718632
2026-10-07,2008-07-27,2.16516169
2026-10-07,2008-07-28,2.165604838
2026-10-07,2008-07-29,2.166048078
2026-10-07,2008-07-30,2.166491408
2026-10-07,2008-07-31,2.166934829
2026-10-07,2008-08-01,2.16737834
2026-10-07,2008-08-02,2.167821942
2026-10-07,2008-08-03,2.168265636
2026-10-07,2008-08-04,2.16870942
2026-10-07,2008-08-05,2.169153294
2026-10-07,2008-08-06,2.16959726
2026-10-07,2008-08-07,2.16985269
2026-10-07,2008-08-08,2.17010815
2026-10-07,2008-08-09,2.170363639
2026-10-07,2008-08-10,2.170619159
2026-10-07,2008-08-11,2.17087471
2026-10-07,2008-08-12,2.17113029
2026-10-07,2008-08-13,2.1713859
2026-10-07,2008-08-14,2.17164154
2026-10-07,2008-08-15,2.171897211
2026-10-07,2008-08-16,2.172152911
2026-10-07,2008-08-17,2.172408642
2026-10-07,2008-08-18,2.172664403
2026-10-07,2008-08-19,2.172920193
2026-10-07,2008-08-20,2.173176014
2026-10-07,2008-08-21,2.173431866
2026-10-07,2008-08-22,2.173687747
2026-10-07,2008-08-23,2.173943658
2026-10-07,2008-08-24,2.1741996
2026-10-07,2008-08-25,2.174455571
2026-10-07,2008-08-26,2.174711573
2026-10-07,2008-08-27,2.174967605
2026-10-07,2008-08-28,2.175223667
2026-10-07,2008-08-29,2.175479759
2026-10-07,2008-08-30,2.175735881
2026-10-07,2008-08-31,2.175992034
2026-10-07,2008-09-01,2.176256756
2026-10-07,2008-09-02,2.176521511
2026-10-07,2008-09-03,2.176786298
2026-10-07,2008-09-04,2.177051117
2026-10-07,2008-09-05,2.177315969
2026-10-07,2008-09-06,2.177580852
2026-10-07,2008-09-07,2.177923099
2026-10-07,2008-09-08,2.178265399
2026-10-07,2008-09-09,2.178607753
2026-10-07,2008-09-10,2.17895016
2026-10-07,2008-09-11,2.179292622
2026-10-07,2008-09-12,2.179635137
2026-10-07,2008-09-13,2.179977706
2026-10-07,2008-09-14,2.180320329
2026-10-07,2008-09-15,2.180663006
2026-10-07,2008-09-16,2.181005737
2026-10-07,2008-09-17,2.181348521
2026-10-07,2008-09-18,2.18169136
2026-10-07,2008-09-19,2.182034252
2026-10-07,2008-09-20,2.182377199
2026-10-07,2008-09-21,2.182720199
2026-10-07,2008-09-22,2.183063253
2026-10-07,2008-09-23,2.183406361
2026-10-07,2008-09-24,2.183749523
2026-10-07,2008-09-25,2.184092738
2026-10-07,2008-09-26,2.184436008
2026-10-07,2008-09-27,2.184779332
2026-10-07,2008-09-28,2.18512271
2026-10-07,2008-09-29,2.185466141
2026-10-07,2008-09-30,2.185809627
2026-10-07,2008-10-01,2.186142084
2026-10-07,2008-10-02,2.186474591
2026-10-07,2008-10-03,2.186807149
2026-10-07,2008-10-04,2.187139758
2026-10-07,2008-10-05,2.187472417
2026-10-07,2008-10-06,2.187805126
2026-10-07,2008-10-07,2.188163857
2026-10-07,2008-10-08,2.188522647
2026-10-07,2008-10-09,2.188881496
2026-10-07,2008-10-10,2.189240403
2026-10-07,2008-10-11,2.189599369
2026-10-07,2008-10-12,2.189958394
2026-10-07,2008-10-13,2.190317478
2026-10-07,2008-10-14,2.190676621
2026-10-07,2008-10-15,2.191035823
2026-10-07,2008-10-16,2.191395083
2026-10-07,2008-10-17,2.191754403
2026-10-07,2008-10-18,2.192113781
2026-10-07,2008-10-19,2.192473218
2026-10-07,2008-10-20,2.192832715
2026-10-07,2008-10-21,2.19319227
2026-10-07,2008-10-22,2.193551884
2026-10-07,2008-10-23,2.193911557
2026-10-07,2008-10-24,2.194271289
2026-10-07,2008-10-25,2.19463108
2026-10-07,2008-10-26,2.194990931
2026-10-07,2008-10-27,2.19535084
2026-10-07,2008-10-28,2.195710808
2026-10-07,2008-10-29,2.196070835
2026-10-07,2008-10-30,2.196430921
2026-10-07,2008-10-31,2.196791066
2026-10-07,2008-11-01,2.197163278
2026-10-07,2008-11-02,2.197535554
2026-10-07,2008-11-03,2.197907892
2026-10-07,2008-11-04,2.198280293
2026-10-07,2008-11-05,2.198652758
2026-10-07,2008-11-06,2.199025285
2026-10-07,2008-11-07,2.199339077
2026-10-07,2008-11-08,2.199652915
2026-10-07,2008-11-09,2.199966797
2026-10-07,2008-11-10,2.200280723
2026-10-07,2008-11-11,2.200594695
2026-10-07,2008-11-12,2.200908711
2026-10-07,2008-11-13,2.201222772
2026-10-07,2008-11-14,2.201536878
2026-10-07,2008-11-15,2.201851029
2026-10-07,2008-11-16,2.202165225
2026-10-07,2008-11-17,2.202479465
2026-10-07,2008-11-18,2.202793751
2026-10-07,2008-11-19,2.203108081
2026-10-07,2008-11-20,2.203422456
2026-10-07,2008-11-21,2.203736876
2026-10-07,2008-11-22,2.20405134
2026-10-07,2008-11-23,2.20436585
2026-10-07,2008-11-24,2.204680404
2026-10-07,2008-11-25,2.204995004
2026-10-07,2008-11-26,2.205309648
2026-10-07,2008-11-27,2.205624337
2026-10-07,2008-11-28,2.205939071
2026-10-07,2008-11-29,2.20625385
2026-10-07,2008-11-30,2.206568674
2026-10-07,2008-12-01,2.206873385
2026-10-07,2008-12-02,2.207178138
2026-10-07,2008-12-03,2.207482934
2026-10-07,2008-12-04,2.207787771
2026-10-07,2008-12-05,2.20809265
2026-10-07,2008-12-06,2.208397572
2026-10-07,2008-12-07,2.208639224
2026-10-07,2008-12-08,2.208880903
2026-10-07,2008-12-09,2.209122608
2026-10-07,2008-12-10,2.20936434
2026-10-07,2008-12-11,2.209606099
2026-10-07,2008-12-12,2.209847883
2026-10-07,2008-12-13,2.210089694
2026-10-07,2008-12-14,2.210331532
2026-10-07,2008-12-15,2.210573396
2026-10-07,2008-12-16,2.210815287
2026-10-07,2008-12-17,2.211057204
2026-10-07,2008-12-18,2.211299147
2026-10-07,2008-12-19,2.211541117
2026-10-07,2008-12-20,2.211783114
2026-10-07,2008-12-21,2.212025136
2026-10-07,2008-12-22,2.212267186
2026-10-07,2008-12-23,2.212509262
2026-10-07,2008-12-24,2.212751364
2026-10-07,2008-12-25,2.212993493
2026-10-07,2008-12-26,2.213235648
2026-10-07,2008-12-27,2.21347783
2026-10-07,2008-12-28,2.213720039
2026-10-07,2008-12-29,2.213962273
2026-10-07,2008-12-30,2.214204535
2026-10-07,2008-12-31,2.214446823
2026-10-07,2009-01-01,2.214689137
2026-10-07,2009-01-02,2.214931478
2026-10-07,2009-01-03,2.215173845
2026-10-07,2009-01-04,2.215416239
2026-10-07,2009-01-05,2.21565866
2026-10-07,2009-01-06,2.215901107
2026-10-07,2009-01-07,2.216142761
2026-10-07,2009-01-08,2.216384441
2026-10-07,2009-01-09,2.216626147
2026-10-07,2009-01-10,2.21686788
2026-10-07,2009-01-11,2.217109639
2026-10-07,2009-01-12,2.217351425
2026-10-07,2009-01-13,2.217593237
2026-10-07,2009-01-14,2.217835075
2026-10-07,2009-01-15,2.21807694
2026-10-07,2009-01-16,2.218318831
2026-10-07,2009-01-17,2.218560749
2026-10-07,2009-01-18,2.218802692
2026-10-07,2009-01-19,2.219044663
2026-10-07,2009-01-20,2.219286659
2026-10-07,2009-01-21,2.219528682
2026-10-07,2009-01-22,2.219770732
2026-10-07,2009-01-23,2.220012808
2026-10-07,2009-01-24,2.22025491
2026-10-07,2009-01-25,2.220497038
2026-10-07,2009-01-26,2.220739193
2026-10-07,2009-01-27,2.220981375
2026-10-07,2009-01-28,2.221223583
2026-10-07,2009-01-29,2.221465817
2026-10-07,2009-01-30,2.221708077
2026-10-07,2009-01-31,2.221950365
2026-10-07,2009-02-01,2.222218642
2026-10-07,2009-02-02,2.222486951
2026-10-07,2009-02-03,2.222755293
2026-10-07,2009-02-04,2.223023668
2026-10-07,2009-02-05,2.223292075
2026-10-07,2009-02-06,2.223560514
2026-10-07,2009-02-07,2.223980587
2026-10-07,2009-02-08,2.22440074
2026-10-07,2009-02-09,2.224820971
2026-10-07,2009-02-10,2.225241283
2026-10-07,2009-02-11,2.225661673
2026-10-07,2009-02-12,2.226082144
2026-10-07,2009-02-13,2.226502693
2026-10-07,2009-02-14,2.226923322
2026-10-07,2009-02-15,2.227344031
2026-10-07,2009-02-16,2.227764819
2026-10-07,2009-02-17,2.228185686
2026-10-07,2009-02-18,2.228606633
2026-10-07,2009-02-19,2.229027659
2026-10-07,2009-02-20,2.229448765
2026-10-07,2009-02-21,2.229869951
2026-10-07,2009-02-22,2.230291216
2026-10-07,2009-02-23,2.230712561
2026-10-07,2009-02-24,2.231133985
2026-10-07,2009-02-25,2.231555489
2026-10-07,2009-02-26,2.231977073
2026-10-07,2009-02-27,2.232398736
2026-10-07,2009-02-28,2.232820479
2026-10-07,2009-03-01,2.233201476
2026-10-07,2009-03-02,2.233582539
2026-10-07,2009-03-03,2.233963667
2026-10-07,2009-03-04,2.234344859
2026-10-07,2009-03-05,2.234726117
2026-10-07,2009-03-06,2.23510744
2026-10-07,2009-03-07,2.235417986
2026-10-07,2009-03-08,2.235728575
2026-10-07,2009-03-09,2.236039207
2026-10-07,2009-03-10,2.236349883
2026-10-07,2009-03-11,2.236660602
2026-10-07,2009-03-12,2.236971364
2026-10-07,2009-03-13,2.237282169
2026-10-07,2009-03-14,2.237593017
2026-10-07,2009-03-15,2.237903908
2026-10-07,2009-03-16,2.238214843
2026-10-07,2009-03-17,2.238525821
2026-10-07,2009-03-18,2.238836842
2026-10-07,2009-03-19,2.239147906
2026-10-07,2009-03-20,2.239459014
2026-10-07,2009-03-21,2.239770165
2026-10-07,2009-03-22,2.240081359
2026-10-07,2009-03-23,2.240392596
2026-10-07,2009-03-24,2.240703876
2026-10-07,2009-03-25,2.2410152
2026-10-07,2009-03-26,2.241326567
2026-10-07,2009-03-27,2.241637977
2026-10-07,2009-03-28,2.241949431
2026-10-07,2009-03-29,2.242260927
2026-10-07,2009-03-30,2.242572467
2026-10-07,2009-03-31,2.242884051
2026-10-07,2009-04-01,2.243206066
2026-10-07,2009-04-02,2.243528127
2026-10-07,2009-04-03,2.243850234
2026-10-07,2009-04-04,2.244172388
2026-10-07,2009-04-05,2.244494588
2026-10-07,2009-04-06,2.244816834
2026-10-07,2009-04-07,2.245294151
2026-10-07,2009-04-08,2.245771569
2026-10-07,2009-04-09,2.246249089
2026-10-07,2009-04-10,2.24672671
2026-10-07,2009-04-11,2.247204433
2026-10-07,2009-04-12,2.247682257
2026-10-07,2009-04-13,2.248160183
2026-10-07,2009-04-14,2.248638211
2026-10-07,2009-04-15,2.24911634
2026-10-07,2009-04-16,2.249594571
2026-10-07,2009-04-17,2.250072904
2026-10-07,2009-04-18,2.250551339
2026-10-07,2009-04-19,2.251029875
2026-10-07,2009-04-20,2.251508513
2026-10-07,2009-04-21,2.251987252
2026-10-07,2009-04-22,2.252466094
2026-10-07,2009-04-23,2.252945037
2026-10-07,2009-04-24,2.253424082
2026-10-07,2009-04-25,2.253903229
2026-10-07,2009-04-26,2.254382478
2026-10-07,2009-04-27,2.254861829
2026-10-07,2009-04-28,2.255341281
2026-10-07,2009-04-29,2.255820836
2026-10-07,2009-04-30,2.256300492
2026-10-07,2009-05-01,2.256764773
2026-10-07,2009-05-02,2.25722915
2026-10-07,2009-05-03,2.257693622
2026-10-07,2009-05-04,2.258158189
2026-10-07,2009-05-05,2.258622852
2026-10-07,2009-05-06,2.259087611
2026-10-07,2009-05-07,2.25932926
2026-10-07,2009-05-08,2.259570934
2026-10-07,2009-05-09,2.259812634
2026-10-07,2009-05-10,2.260054361
2026-10-07,2009-05-11,2.260296113
2026-10-07,2009-05-12,2.26053789
2026-10-07,2009-05-13,2.260779694
2026-10-07,2009-05-14,2.261021524
2026-10-07,2009-05-15,2.261263379
2026-10-07,2009-05-16,2.26150526
2026-10-07,2009-05-17,2.261747168
2026-10-07,2009-05-18,2.261989101
2026-10-07,2009-05-19,2.26223106
2026-10-07,2009-05-20,2.262473044
2026-10-07,2009-05-21,2.262715055
2026-10-07,2009-05-22,2.262957092
2026-10-07,2009-05-23,2.263199154
2026-10-07,2009-05-24,2.263441243
2026-10-07,2009-05-25,2.263683357
2026-10-07,2009-05-26,2.263925497
2026-10-07,2009-05-27,2.264167663
2026-10-07,2009-05-28,2.264409855
2026-10-07,2009-05-29,2.264652073
2026-10-07,2009-05-30,2.264894317
2026-10-07,2009-05-31,2.265136586
2026-10-07,2009-06-01,2.265386959
2026-10-07,2009-06-02,2.265637359
2026-10-07,2009-06-03,2.265887787
2026-10-07,2009-06-04,2.266138243
2026-10-07,2009-06-05,2.266388726
2026-10-07,2009-06-06,2.266639237
2026-10-07,2009-06-07,2.266888948
2026-10-07,2009-06-08,2.267138686
2026-10-07,2009-06-09,2.267388452
2026-10-07,2009-06-10,2.267638245
2026-10-07,2009-06-11,2.267888065
2026-10-07,2009-06-12,2.268137914
2026-10-07,2009-06-13,2.268387789
2026-10-07,2009-06-14,2.268637693
2026-10-07,2009-06-15,2.268887623
2026-10-07,2009-06-16,2.269137582
2026-10-07,2009-06-17,2.269387568
2026-10-07,2009-06-18,2.269637581
2026-10-07,2009-06-19,2.269887622
2026-10-07,2009-06-20,2.270137691
2026-10-07,2009-06-21,2.270387787
2026-10-07,2009-06-22,2.27063791
2026-10-07,2009-06-23,2.270888061
2026-10-07,2009-06-24,2.27113824
2026-10-07,2009-06-25,2.271388446
2026-10-07,2009-06-26,2.27163868
2026-10-07,2009-06-27,2.271888942
2026-10-07,2009-06-28,2.272139231
2026-10-07,2009-06-29,2.272389547
2026-10-07,2009-06-30,2.272639891
2026-10-07,2009-07-01,2.272882186
2026-10-07,2009-07-02,2.273124507
2026-10-07,2009-07-03,2.273366853
2026-10-07,2009-07-04,2.273609225
2026-10-07,2009-07-05,2.273851624
2026-10-07,2009-07-06,2.274094048
2026-10-07,2009-07-07,2.274404601
2026-10-07,2009-07-08,2.274715196
2026-10-07,2009-07-09,2.275025834
2026-10-07,2009-07-10,2.275336514
2026-10-07,2009-07-11,2.275647237
2026-10-07,2009-07-12,2.275958002
2026-10-07,2009-07-13,2.27626881
2026-10-07,2009-07-14,2.27657966
2026-10-07,2009-07-15,2.276890553
2026-10-07,2009-07-16,2.277201488
2026-10-07,2009-07-17,2.277512465
2026-10-07,2009-07-18,2.277823485
2026-10-07,2009-07-19,2.278134547
2026-10-07,2009-07-20,2.278445652
2026-10-07,2009-07-21,2.2787568
2026-10-07,2009-07-22,2.279067989
2026-10-07,2009-07-23,2.279379222
2026-10-07,2009-07-24,2.279690497
2026-10-07,2009-07-25,2.280001814
2026-10-07,2009-07-26,2.280313174
2026-10-07,2009-07-27,2.280624576
2026-10-07,2009-07-28,2.280936021
2026-10-07,2009-07-29,2.281247508
2026-10-07,2009-07-30,2.281559038
2026-10-07,2009-07-31,2.281870611
2026-10-07,2009-08-01,2.282182226
2026-10-07,2009-08-02,2.282493884
2026-10-07,2009-08-03,2.282805584
2026-10-07,2009-08-04,2.283117327
2026-10-07,2009-08-05,2.283429112
2026-10-07,2009-08-06,2.28374094
2026-10-07,2009-08-07,2.284195989
2026-10-07,2009-08-08,2.284651129
2026-10-07,2009-08-09,2.28510636
2026-10-07,2009-08-10,2.285561681
2026-10-07,2009-08-11,2.286017094
2026-10-07,2009-08-12,2.286472597
2026-10-07,2009-08-13,2.28692819
2026-10-07,2009-08-14,2.287383875
2026-10-07,2009-08-15,2.28783965
2026-10-07,2009-08-16,2.288295516
2026-10-07,2009-08-17,2.288751473
2026-10-07,2009-08-18,2.289207521
2026-10-07,2009-08-19,2.28966366
2026-10-07,2009-08-20,2.290119889
2026-10-07,2009-08-21,2.29057621
2026-10-07,2009-08-22,2.291032621
2026-10-07,2009-08-23,2.291489123
2026-10-07,2009-08-24,2.291945717
2026-10-07,2009-08-25,2.292402401
2026-10-07,2009-08-26,2.292859176
2026-10-07,2009-08-27,2.293316042
2026-10-07,2009-08-28,2.293773
2026-10-07,2009-08-29,2.294230048
2026-10-07,2009-08-30,2.294687187
2026-10-07,2009-08-31,2.295144418
2026-10-07,2009-09-01,2.295616985
2026-10-07,2009-09-02,2.29608965
2026-10-07,2009-09-03,2.296562412
2026-10-07,2009-09-04,2.297035271
2026-10-07,2009-09-05,2.297508227
2026-10-07,2009-09-06,2.297981281
2026-10-07,2009-09-07,2.298614748
2026-10-07,2009-09-08,2.29924839
2026-10-07,2009-09-09,2.299882207
2026-10-07,2009-09-10,2.300516198
2026-10-07,2009-09-11,2.301150363
2026-10-07,2009-09-12,2.301784704
2026-10-07,2009-09-13,2.30241922
2026-10-07,2009-09-14,2.30305391
2026-10-07,2009-09-15,2.303688776
2026-10-07,2009-09-16,2.304323816
2026-10-07,2009-09-17,2.304959031
2026-10-07,2009-09-18,2.305594422
2026-10-07,2009-09-19,2.306229988
2026-10-07,2009-09-20,2.306865729
2026-10-07,2009-09-21,2.307501645
2026-10-07,2009-09-22,2.308137736
2026-10-07,2009-09-23,2.308774003
2026-10-07,2009-09-24,2.309410445
2026-10-07,2009-09-25,2.310047063
2026-10-07,2009-09-26,2.310683856
2026-10-07,2009-09-27,2.311320825
2026-10-07,2009-09-28,2.311957969
2026-10-07,2009-09-29,2.312595289
2026-10-07,2009-09-30,2.313232785
2026-10-07,2009-10-01,2.313849883
2026-10-07,2009-10-02,2.314467147
2026-10-07,2009-10-03,2.315084574
2026-10-07,2009-10-04,2.315702167
2026-10-07,2009-10-05,2.316319924
2026-10-07,2009-10-06,2.316937846
2026-10-07,2009-10-07,2.317489094
2026-10-07,2009-10-08,2.318040473
2026-10-07,2009-10-09,2.318591982
2026-10-07,2009-10-10,2.319143623
2026-10-07,2009-10-11,2.319695396
2026-10-07,2009-10-12,2.320247299
2026-10-07,2009-10-13,2.320799334
2026-10-07,2009-10-14,2.3213515
2026-10-07,2009-10-15,2.321903798
2026-10-07,2009-10-16,2.322456227
2026-10-07,2009-10-17,2.323008787
2026-10-07,2009-10-18,2.323561479
2026-10-07,2009-10-19,2.324114303
2026-10-07,2009-10-20,2.324667258
2026-10-07,2009-10-21,2.325220344
2026-10-07,2009-10-22,2.325773562
2026-10-07,2009-10-23,2.326326912
2026-10-07,2009-10-24,2.326880393
2026-10-07,2009-10-25,2.327434006
2026-10-07,2009-10-26,2.327987751
2026-10-07,2009-10-27,2.328541627
2026-10-07,2009-10-28,2.329095636
2026-10-07,2009-10-29,2.329649776
2026-10-07,2009-10-30,2.330204048
2026-10-07,2009-10-31,2.330758452
2026-10-07,2009-11-01,2.331331474
2026-10-07,2009-11-02,2.331904637
2026-10-07,2009-11-03,2.332477942
2026-10-07,2009-11-04,2.333051387
2026-10-07,2009-11-05,2.333624973
2026-10-07,2009-11-06,2.3341987
2026-10-07,2009-11-07,2.334818022
2026-10-07,2009-11-08,2.335437507
2026-10-07,2009-11-09,2.336057157
2026-10-07,2009-11-10,2.336676971
2026-10-07,2009-11-11,2.33729695
2026-10-07,2009-11-12,2.337917093
2026-10-07,2009-11-13,2.338537401
2026-10-07,2009-11-14,2.339157874
2026-10-07,2009-11-15,2.339778511
2026-10-07,2009-11-16,2.340399312
2026-10-07,2009-11-17,2.341020279
2026-10-07,2009-11-18,2.34164141
2026-10-07,2009-11-19,2.342262706
2026-10-07,2009-11-20,2.342884167
2026-10-07,2009-11-21,2.343505792
2026-10-07,2009-11-22,2.344127583
2026-10-07,2009-11-23,2.344749539
2026-10-07,2009-11-24,2.345371659
2026-10-07,2009-11-25,2.345993945
2026-10-07,2009-11-26,2.346616396
2026-10-07,2009-11-27,2.347239012
2026-10-07,2009-11-28,2.347861793
2026-10-07,2009-11-29,2.348484739
2026-10-07,2009-11-30,2.349107851
2026-10-07,2009-12-01,2.349711019
2026-10-07,2009-12-02,2.350314343
2026-10-07,2009-12-03,2.350917822
2026-10-07,2009-12-04,2.351521455
2026-10-07,2009-12-05,2.352125243
2026-10-07,2009-12-06,2.352729187
2026-10-07,2009-12-07,2.35335596
2026-10-07,2009-12-08,2.353982901
2026-10-07,2009-12-09,2.354610008
2026-10-07,2009-12-10,2.355237283
2026-10-07,2009-12-11,2.355864725
2026-10-07,2009-12-12,2.356492334
2026-10-07,2009-12-13,2.35712011
2026-10-07,2009-12-14,2.357748053
2026-10-07,2009-12-15,2.358376164
2026-10-07,2009-12-16,2.359004441
2026-10-07,2009-12-17,2.359632887
2026-10-07,2009-12-18,2.360261499
2026-10-07,2009-12-19,2.36089028
2026-10-07,2009-12-20,2.361519227
2026-10-07,2009-12-21,2.362148342
2026-10-07,2009-12-22,2.362777625
2026-10-07,2009-12-23,2.363407076
2026-10-07,2009-12-24,2.364036694
2026-10-07,2009-12-25,2.36466648
2026-10-07,2009-12-26,2.365296433
2026-10-07,2009-12-27,2.365926555
2026-10-07,2009-12-28,2.366556844
2026-10-07,2009-12-29,2.367187302
2026-10-07,2009-12-30,2.367817927
2026-10-07,2009-12-31,2.36844872
2026-10-07,2010-01-01,2.369079681
2026-10-07,2010-01-02,2.369710811
2026-10-07,2010-01-03,2.370342108
2026-10-07,2010-01-04,2.370973574
2026-10-07,2010-01-05,2.371605208
2026-10-07,2010-01-06,2.37223701
2026-10-07,2010-01-07,2.372946089
2026-10-07,2010-01-08,2.373655379
2026-10-07,2010-01-09,2.374364882
2026-10-07,2010-01-10,2.375074597
2026-10-07,2010-01-11,2.375784524
2026-10-07,2010-01-12,2.376494663
2026-10-07,2010-01-13,2.377205014
2026-10-07,2010-01-14,2.377915578
2026-10-07,2010-01-15,2.378626354
2026-10-07,2010-01-16,2.379337343
2026-10-07,2010-01-17,2.380048544
2026-10-07,2010-01-18,2.380759957
2026-10-07,2010-01-19,2.381471584
2026-10-07,2010-01-20,2.382183423
2026-10-07,2010-01-21,2.382895475
2026-10-07,2010-01-22,2.383607739
2026-10-07,2010-01-23,2.384320217
2026-10-07,2010-01-24,2.385032907
2026-10-07,2010-01-25,2.385745811
2026-10-07,2010-01-26,2.386458928
2026-10-07,2010-01-27,2.387172257
2026-10-07,2010-01-28,2.3878858
2026-10-07,2010-01-29,2.388599557
2026-10-07,2010-01-30,2.389313526
2026-10-07,2010-01-31,2.390027709
2026-10-07,2010-02-01,2.390818661
2026-10-07,2010-02-02,2.391609874
2026-10-07,2010-02-03,2.39240135
2026-10-07,2010-02-04,2.393193087
2026-10-07,2010-02-05,2.393985086
2026-10-07,2010-02-06,2.394777347
2026-10-07,2010-02-07,2.395661211
2026-10-07,2010-02-08,2.396545401
2026-10-07,2010-02-09,2.397429918
2026-10-07,2010-02-10,2.398314761
2026-10-07,2010-02-11,2.39919993
2026-10-07,2010-02-12,2.400085426
2026-10-07,2010-02-13,2.400971249
2026-10-07,2010-02-14,2.401857399
2026-10-07,2010-02-15,2.402743876
2026-10-07,2010-02-16,2.40363068
2026-10-07,2010-02-17,2.404517812
2026-10-07,2010-02-18,2.40540527
2026-10-07,2010-02-19,2.406293057
2026-10-07,2010-02-20,2.407181171
2026-10-07,2010-02-21,2.408069613
2026-10-07,2010-02-22,2.408958382
2026-10-07,2010-02-23,2.40984748
2026-10-07,2010-02-24,2.410736906
2026-10-07,2010-02-25,2.41162666
2026-10-07,2010-02-26,2.412516743
2026-10-07,2010-02-27,2.413407154
2026-10-07,2010-02-28,2.414297894
2026-10-07,2010-03-01,2.415102716
2026-10-07,2010-03-02,2.415907806
2026-10-07,2010-03-03,2.416713164
2026-10-07,2010-03-04,2.417518791
2026-10-07,2010-03-05,2.418324686
2026-10-07,2010-03-06,2.41913085
2026-10-07,2010-03-07,2.420093194
2026-10-07,2010-03-08,2.421055921
2026-10-07,2010-03-09,2.422019031
2026-10-07,2010-03-10,2.422982525
2026-10-07,2010-03-11,2.423946401
2026-10-07,2010-03-12,2.424910661
2026-10-07,2010-03-13,2.425875304
2026-10-07,2010-03-14,2.426840331
2026-10-07,2010-03-15,2.427805742
2026-10-07,2010-03-16,2.428771538
2026-10-07,2010-03-17,2.429737717
2026-10-07,2010-03-18,2.430704281
2026-10-07,2010-03-19,2.431671229
2026-10-07,2010-03-20,2.432638562
2026-10-07,2010-03-21,2.433606279
2026-10-07,2010-03-22,2.434574382
2026-10-07,2010-03-23,2.43554287
2026-10-07,2010-03-24,2.436511743
2026-10-07,2010-03-25,2.437481001
2026-10-07,2010-03-26,2.438450645
2026-10-07,2010-03-27,2.439420675
2026-10-07,2010-03-28,2.44039109
2026-10-07,2010-03-29,2.441361892
2026-10-07,2010-03-30,2.44233308
2026-10-07,2010-03-31,2.443304654
2026-10-07,2010-04-01,2.44430902
2026-10-07,2010-04-02,2.445313799
2026-10-07,2010-04-03,2.446318991
2026-10-07,2010-04-04,2.447324596
2026-10-07,2010-04-05,2.448330614
2026-10-07,2010-04-06,2.449337046
2026-10-07,2010-04-07,2.450268041
2026-10-07,2010-04-08,2.451199388
2026-10-07,2010-04-09,2.45213109
2026-10-07,2010-04-10,2.453063146
2026-10-07,2010-04-11,2.453995557
2026-10-07,2010-04-12,2.454928321
2026-10-07,2010-04-13,2.455861441
2026-10-07,2010-04-14,2.456794915
2026-10-07,2010-04-15,2.457728743
2026-10-07,2010-04-16,2.458662927
2026-10-07,2010-04-17,2.459597466
2026-10-07,2010-04-18,2.46053236
2026-10-07,2010-04-19,2.461467609
2026-10-07,2010-04-20,2.462403214
2026-10-07,2010-04-21,2.463339175
2026-10-07,2010-04-22,2.464275491
2026-10-07,2010-04-23,2.465212163
2026-10-07,2010-04-24,2.466149191
2026-10-07,2010-04-25,2.467086575
2026-10-07,2010-04-26,2.468024316
2026-10-07,2010-04-27,2.468962413
2026-10-07,2010-04-28,2.469900867
2026-10-07,2010-04-29,2.470839677
2026-10-07,2010-04-30,2.471778844
2026-10-07,2010-05-01,2.472688056
2026-10-07,2010-05-02,2.473597601
2026-10-07,2010-05-03,2.474507482
2026-10-07,2010-05-04,2.475417697
2026-10-07,2010-05-05,2.476328247
2026-10-07,2010-05-06,2.477239132
2026-10-07,2010-05-07,2.477900327
2026-10-07,2010-05-08,2.4785617
2026-10-07,2010-05-09,2.479223249
2026-10-07,2010-05-10,2.479884974
2026-10-07,2010-05-11,2.480546877
2026-10-07,2010-05-12,2.481208955
2026-10-07,2010-05-13,2.481871211
2026-10-07,2010-05-14,2.482533643
2026-10-07,2010-05-15,2.483196252
2026-10-07,2010-05-16,2.483859038
2026-10-07,2010-05-17,2.484522001
2026-10-07,2010-05-18,2.485185141
2026-10-07,2010-05-19,2.485848458
2026-10-07,2010-05-20,2.486511951
2026-10-07,2010-05-21,2.487175622
2026-10-07,2010-05-22,2.48783947
2026-10-07,2010-05-23,2.488503496
2026-10-07,2010-05-24,2.489167698
2026-10-07,2010-05-25,2.489832078
2026-10-07,2010-05-26,2.490496635
2026-10-07,2010-05-27,2.49116137
2026-10-07,2010-05-28,2.491826282
2026-10-07,2010-05-29,2.492491371
2026-10-07,2010-05-30,2.493156638
2026-10-07,2010-05-31,2.493822082
2026-10-07,2010-06-01,2.494509895
2026-10-07,2010-06-02,2.495197897
2026-10-07,2010-06-03,2.495886089
2026-10-07,2010-06-04,2.496574471
2026-10-07,2010-06-05,2.497263042
2026-10-07,2010-06-06,2.497951804
2026-10-07,2010-06-07,2.498571272
2026-10-07,2010-06-08,2.499190894
2026-10-07,2010-06-09,2.49981067
2026-10-07,2010-06-10,2.500430599
2026-10-07,2010-06-11,2.501050682
2026-10-07,2010-06-12,2.501670919
2026-10-07,2010-06-13,2.50229131
2026-10-07,2010-06-14,2.502911854
2026-10-07,2010-06-15,2.503532553
2026-10-07,2010-06-16,2.504153405
2026-10-07,2010-06-17,2.504774411
2026-10-07,2010-06-18,2.505395571
2026-10-07,2010-06-19,2.506016886
2026-10-07,2010-06-20,2.506638354
2026-10-07,2010-06-21,2.507259977
2026-10-07,2010-06-22,2.507881753
2026-10-07,2010-06-23,2.508503684
2026-10-07,2010-06-24,2.509125769
2026-10-07,2010-06-25,2.509748009
2026-10-07,2010-06-26,2.510370402
2026-10-07,2010-06-27,2.51099295
2026-10-07,2010-06-28,2.511615653
2026-10-07,2010-06-29,2.51223851
2026-10-07,2010-06-30,2.512861521
2026-10-07,2010-07-01,2.513464582
2026-10-07,2010-07-02,2.514067788
2026-10-07,2010-07-03,2.514671139
2026-10-07,2010-07-04,2.515274634
2026-10-07,2010-07-05,2.515878275
2026-10-07,2010-07-06,2.51648206
2026-10-07,2010-07-07,2.517074664
2026-10-07,2010-07-08,2.517667408
2026-10-07,2010-07-09,2.518260291
2026-10-07,2010-07-10,2.518853314
2026-10-07,2010-07-11,2.519446476
2026-10-07,2010-07-12,2.520039778
2026-10-07,2010-07-13,2.52063322
2026-10-07,2010-07-14,2.521226802
2026-10-07,2010-07-15,2.521820523
2026-10-07,2010-07-16,2.522414385
2026-10-07,2010-07-17,2.523008386
2026-10-07,2010-07-18,2.523602527
2026-10-07,2010-07-19,2.524196808
2026-10-07,2010-07-20,2.524791228
2026-10-07,2010-07-21,2.525385789
2026-10-07,2010-07-22,2.52598049
2026-10-07,2010-07-23,2.526575331
2026-10-07,2010-07-24,2.527170312
2026-10-07,2010-07-25,2.527765433
2026-10-07,2010-07-26,2.528360694
2026-10-07,2010-07-27,2.528956095
2026-10-07,2010-07-28,2.529551637
2026-10-07,2010-07-29,2.530147319
2026-10-07,2010-07-30,2.530743141
2026-10-07,2010-07-31,2.531339103
2026-10-07,2010-08-01,2.531935206
2026-10-07,2010-08-02,2.532531449
2026-10-07,2010-08-03,2.533127833
2026-10-07,2010-08-04,2.533724357
2026-10-07,2010-08-05,2.534321021
2026-10-07,2010-08-06,2.534917826
2026-10-07,2010-08-07,2.535572224
2026-10-07,2010-08-08,2.536226791
2026-10-07,2010-08-09,2.536881527
2026-10-07,2010-08-10,2.537536432
2026-10-07,2010-08-11,2.538191506
2026-10-07,2010-08-12,2.538846749
2026-10-07,2010-08-13,2.539502161
2026-10-07,2010-08-14,2.540157743
2026-10-07,2010-08-15,2.540813494
2026-10-07,2010-08-16,2.541469414
2026-10-07,2010-08-17,2.542125503
2026-10-07,2010-08-18,2.542781762
2026-10-07,2010-08-19,2.54343819
2026-10-07,2010-08-20,2.544094788
2026-10-07,2010-08-21,2.544751555
2026-10-07,2010-08-22,2.545408491
2026-10-07,2010-08-23,2.546065598
2026-10-07,2010-08-24,2.546722873
2026-10-07,2010-08-25,2.547380319
2026-10-07,2010-08-26,2.548037934
2026-10-07,2010-08-27,2.548695719
2026-10-07,2010-08-28,2.549353674
2026-10-07,2010-08-29,2.550011799
2026-10-07,2010-08-30,2.550670093
2026-10-07,2010-08-31,2.551328558
2026-10-07,2010-09-01,2.55200915
2026-10-07,2010-09-02,2.552689923
2026-10-07,2010-09-03,2.553370878
2026-10-07,2010-09-04,2.554052015
2026-10-07,2010-09-05,2.554733334
2026-10-07,2010-09-06,2.555414834
2026-10-07,2010-09-07,2.55604145
2026-10-07,2010-09-08,2.55666822
2026-10-07,2010-09-09,2.557295144
2026-10-07,2010-09-10,2.557922221
2026-10-07,2010-09-11,2.558549452
2026-10-07,2010-09-12,2.559176837
2026-10-07,2010-09-13,2.559804375
2026-10-07,2010-09-14,2.560432068
2026-10-07,2010-09-15,2.561059914
2026-10-07,2010-09-16,2.561687915
2026-10-07,2010-09-17,2.562316069
2026-10-07,2010-09-18,2.562944378
2026-10-07,2010-09-19,2.56357284
2026-10-07,2010-09-20,2.564201457
2026-10-07,2010-09-21,2.564830228
2026-10-07,2010-09-22,2.565459153
2026-10-07,2010-09-23,2.566088232
2026-10-07,2010-09-24,2.566717465
2026-10-07,2010-09-25,2.567346853
2026-10-07,2010-09-26,2.567976395
2026-10-07,2010-09-27,2.568606092
2026-10-07,2010-09-28,2.569235942
2026-10-07,2010-09-29,2.569865948
2026-10-07,2010-09-30,2.570496108
2026-10-07,2010-10-01,2.571106087
2026-10-07,2010-10-02,2.571716211
2026-10-07,2010-10-03,2.572326479
2026-10-07,2010-10-04,2.572936893
2026-10-07,2010-10-05,2.573547451
2026-10-07,2010-10-06,2.574158154
2026-10-07,2010-10-07,2.574757675
2026-10-07,2010-10-08,2.575357335
2026-10-07,2010-10-09,2.575957135
2026-10-07,2010-10-10,2.576557075
2026-10-07,2010-10-11,2.577157154
2026-10-07,2010-10-12,2.577757373
2026-10-07,2010-10-13,2.578357732
2026-10-07,2010-10-14,2.578958231
2026-10-07,2010-10-15,2.57955887
2026-10-07,2010-10-16,2.580159648
2026-10-07,2010-10-17,2.580760566
2026-10-07,2010-10-18,2.581361625
2026-10-07,2010-10-19,2.581962823
2026-10-07,2010-10-20,2.582564161
2026-10-07,2010-10-21,2.58316564
2026-10-07,2010-10-22,2.583767258
2026-10-07,2010-10-23,2.584369017
2026-10-07,2010-10-24,2.584970916
2026-10-07,2010-10-25,2.585572954
2026-10-07,2010-10-26,2.586175134
2026-10-07,2010-10-27,2.586777453
2026-10-07,2010-10-28,2.587379913
2026-10-07,2010-10-29,2.587982513
2026-10-07,2010-10-30,2.588585253
2026-10-07,2010-10-31,2.589188134
2026-10-07,2010-11-01,2.589811258
2026-10-07,2010-11-02,2.590434532
2026-10-07,2010-11-03,2.591057956
2026-10-07,2010-11-04,2.591681531
2026-10-07,2010-11-05,2.592305255
2026-10-07,2010-11-06,2.592929129
2026-10-07,2010-11-07,2.593655067
2026-10-07,2010-11-08,2.594381209
2026-10-07,2010-11-09,2.595107553
2026-10-07,2010-11-10,2.595834102
2026-10-07,2010-11-11,2.596560853
2026-10-07,2010-11-12,2.597287808
2026-10-07,2010-11-13,2.598014966
2026-10-07,2010-11-14,2.598742328
2026-10-07,2010-11-15,2.599469894
2026-10-07,2010-11-16,2.600197663
2026-10-07,2010-11-17,2.600925637
2026-10-07,2010-11-18,2.601653814
2026-10-07,2010-11-19,2.602382194
2026-10-07,2010-11-20,2.603110779
2026-10-07,2010-11-21,2.603839568
2026-10-07,2010-11-22,2.60456856
2026-10-07,2010-11-23,2.605297757
2026-10-07,2010-11-24,2.606027158
2026-10-07,2010-11-25,2.606756763
2026-10-07,2010-11-26,2.607486573
2026-10-07,2010-11-27,2.608216587
2026-10-07,2010-11-28,2.608946805
2026-10-07,2010-11-29,2.609677227
2026-10-07,2010-11-30,2.610407855
2026-10-07,2010-12-01,2.611115108
2026-10-07,2010-12-02,2.611822553
2026-10-07,2010-12-03,2.612530189
2026-10-07,2010-12-04,2.613238017
2026-10-07,2010-12-05,2.613946038
2026-10-07,2010-12-06,2.614654249
2026-10-07,2010-12-07,2.615267532
2026-10-07,2010-12-08,2.615880959
2026-10-07,2010-12-09,2.616494529
2026-10-07,2010-12-10,2.617108244
2026-10-07,2010-12-11,2.617722102
2026-10-07,2010-12-12,2.618336105
2026-10-07,2010-12-13,2.618950251
2026-10-07,2010-12-14,2.619564541
2026-10-07,2010-12-15,2.620178976
2026-10-07,2010-12-16,2.620793555
2026-10-07,2010-12-17,2.621408277
2026-10-07,2010-12-18,2.622023144
2026-10-07,2010-12-19,2.622638156
2026-10-07,2010-12-20,2.623253311
2026-10-07,2010-12-21,2.623868611
2026-10-07,2010-12-22,2.624484055
2026-10-07,2010-12-23,2.625099643
2026-10-07,2010-12-24,2.625715376
2026-10-07,2010-12-25,2.626331254
2026-10-07,2010-12-26,2.626947275
2026-10-07,2010-12-27,2.627563441
2026-10-07,2010-12-28,2.628179752
2026-10-07,2010-12-29,2.628796207
2026-10-07,2010-12-30,2.629412807
2026-10-07,2010-12-31,2.630029552
2026-10-07,2011-01-01,2.630646441
2026-10-07,2011-01-02,2.631263475
2026-10-07,2011-01-03,2.631880653
2026-10-07,2011-01-04,2.632497977
2026-10-07,2011-01-05,2.633115445
2026-10-07,2011-01-06,2.633733058
2026-10-07,2011-01-07,2.634442442
2026-10-07,2011-01-08,2.635152016
2026-10-07,2011-01-09,2.635861782
2026-10-07,2011-01-10,2.636571739
2026-10-07,2011-01-11,2.637281887
2026-10-07,2011-01-12,2.637992226
2026-10-07,2011-01-13,2.638702757
2026-10-07,2011-01-14,2.639413479
2026-10-07,2011-01-15,2.640124393
2026-10-07,2011-01-16,2.640835498
2026-10-07,2011-01-17,2.641546794
2026-10-07,2011-01-18,2.642258283
2026-10-07,2011-01-19,2.642969962
2026-10-07,2011-01-20,2.643681834
2026-10-07,2011-01-21,2.644393897
2026-10-07,2011-01-22,2.645106152
2026-10-07,2011-01-23,2.645818599
2026-10-07,2011-01-24,2.646531238
2026-10-07,2011-01-25,2.647244068
2026-10-07,2011-01-26,2.647957091
2026-10-07,2011-01-27,2.648670306
2026-10-07,2011-01-28,2.649383713
2026-10-07,2011-01-29,2.650097312
2026-10-07,2011-01-30,2.650811103
2026-10-07,2011-01-31,2.651525086
2026-10-07,2011-02-01,2.652315792
2026-10-07,2011-02-02,2.653106734
2026-10-07,2011-02-03,2.653897912
2026-10-07,2011-02-04,2.654689325
2026-10-07,2011-02-05,2.655480975
2026-10-07,2011-02-06,2.656272861
2026-10-07,2011-02-07,2.65695962
2026-10-07,2011-02-08,2.657646556
2026-10-07,2011-02-09,2.65833367
2026-10-07,2011-02-10,2.659020962
2026-10-07,2011-02-11,2.659708432
2026-10-07,2011-02-12,2.660396079
2026-10-07,2011-02-13,2.661083904
2026-10-07,2011-02-14,2.661771907
2026-10-07,2011-02-15,2.662460087
2026-10-07,2011-02-16,2.663148446
2026-10-07,2011-02-17,2.663836982
2026-10-07,2011-02-18,2.664525697
2026-10-07,2011-02-19,2.66521459
2026-10-07,2011-02-20,2.66590366
2026-10-07,2011-02-21,2.666592909
2026-10-07,2011-02-22,2.667282337
2026-10-07,2011-02-23,2.667971942
2026-10-07,2011-02-24,2.668661726
2026-10-07,2011-02-25,2.669351688
2026-10-07,2011-02-26,2.670041828
2026-10-07,2011-02-27,2.670732147
2026-10-07,2011-02-28,2.671422644
2026-10-07,2011-03-01,2.672046472
2026-10-07,2011-03-02,2.672670447
2026-10-07,2011-03-03,2.673294566
2026-10-07,2011-03-04,2.673918832
2026-10-07,2011-03-05,2.674543243
2026-10-07,2011-03-06,2.6751678
2026-10-07,2011-03-07,2.675801747
2026-10-07,2011-03-08,2.676435844
2026-10-07,2011-03-09,2.677070092
2026-10-07,2011-03-10,2.677704489
2026-10-07,2011-03-11,2.678339037
2026-10-07,2011-03-12,2.678973736
2026-10-07,2011-03-13,2.679608584
2026-10-07,2011-03-14,2.680243583
2026-10-07,2011-03-15,2.680878733
2026-10-07,2011-03-16,2.681514033
2026-10-07,2011-03-17,2.682149484
2026-10-07,2011-03-18,2.682785085
2026-10-07,2011-03-19,2.683420837
2026-10-07,2011-03-20,2.68405674
2026-10-07,2011-03-21,2.684692793
2026-10-07,2011-03-22,2.685328997
2026-10-07,2011-03-23,2.685965352
2026-10-07,2011-03-24,2.686601857
2026-10-07,2011-03-25,2.687238514
2026-10-07,2011-03-26,2.687875321
2026-10-07,2011-03-27,2.688512279
2026-10-07,2011-03-28,2.689149388
2026-10-07,2011-03-29,2.689786649
2026-10-07,2011-03-30,2.69042406
2026-10-07,2011-03-31,2.691061622
2026-10-07,2011-04-01,2.691720595
2026-10-07,2011-04-02,2.692379729
2026-10-07,2011-04-03,2.693039025
2026-10-07,2011-04-04,2.693698482
2026-10-07,2011-04-05,2.694358101
2026-10-07,2011-04-06,2.695017881
2026-10-07,2011-04-07,2.6957723
2026-10-07,2011-04-08,2.69652693
2026-10-07,2011-04-09,2.697281772
2026-10-07,2011-04-10,2.698036824
2026-10-07,2011-04-11,2.698792088
2026-10-07,2011-04-12,2.699547564
2026-10-07,2011-04-13,2.700303251
2026-10-07,2011-04-14,2.701059149
2026-10-07,2011-04-15,2.701815259
2026-10-07,2011-04-16,2.702571581
2026-10-07,2011-04-17,2.703328115
2026-10-07,2011-04-18,2.70408486
2026-10-07,2011-04-19,2.704841817
2026-10-07,2011-04-20,2.705598986
2026-10-07,2011-04-21,2.706356367
2026-10-07,2011-04-22,2.70711396
2026-10-07,2011-04-23,2.707871765
2026-10-07,2011-04-24,2.708629782
2026-10-07,2011-04-25,2.709388012
2026-10-07,2011-04-26,2.710146453
2026-10-07,2011-04-27,2.710905107
2026-10-07,2011-04-28,2.711663974
2026-10-07,2011-04-29,2.712423052
2026-10-07,2011-04-30,2.713182343
2026-10-07,2011-05-01,2.713917344
2026-10-07,2011-05-02,2.714652543
2026-10-07,2011-05-03,2.715387942
2026-10-07,2011-05-04,2.71612354
2026-10-07,2011-05-05,2.716859337
2026-10-07,2011-05-06,2.717595333
2026-10-07,2011-05-07,2.718325398
2026-10-07,2011-05-08,2.719055659
2026-10-07,2011-05-09,2.719786116
2026-10-07,2011-05-10,2.720516769
2026-10-07,2011-05-11,2.721247619
2026-10-07,2011-05-12,2.721978665
2026-10-07,2011-05-13,2.722709907
2026-10-07,2011-05-14,2.723441346
2026-10-07,2011-05-15,2.724172981
2026-10-07,2011-05-16,2.724904813
2026-10-07,2011-05-17,2.725636841
2026-10-07,2011-05-18,2.726369067
2026-10-07,2011-05-19,2.727101488
2026-10-07,2011-05-20,2.727834107
2026-10-07,2011-05-21,2.728566922
2026-10-07,2011-05-22,2.729299934
2026-10-07,2011-05-23,2.730033144
2026-10-07,2011-05-24,2.73076655
2026-10-07,2011-05-25,2.731500153
2026-10-07,2011-05-26,2.732233953
2026-10-07,2011-05-27,2.73296795
2026-10-07,2011-05-28,2.733702145
2026-10-07,2011-05-29,2.734436537
2026-10-07,2011-05-30,2.735171126
2026-10-07,2011-05-31,2.735905912
2026-10-07,2011-06-01,2.736665399
2026-10-07,2011-06-02,2.737425096
2026-10-07,2011-06-03,2.738185005
2026-10-07,2011-06-04,2.738945124
2026-10-07,2011-06-05,2.739705454
2026-10-07,2011-06-06,2.740465996
2026-10-07,2011-06-07,2.741135355
2026-10-07,2011-06-08,2.741804878
2026-10-07,2011-06-09,2.742474564
2026-10-07,2011-06-10,2.743144414
2026-10-07,2011-06-11,2.743814428
2026-10-07,2011-06-12,2.744484605
2026-10-07,2011-06-13,2.745154946
2026-10-07,2011-06-14,2.745825451
2026-10-07,2011-06-15,2.746496119
2026-10-07,2011-06-16,2.747166951
2026-10-07,2011-06-17,2.747837947
2026-10-07,2011-06-18,2.748509107
2026-10-07,2011-06-19,2.749180431
2026-10-07,2011-06-20,2.749851919
2026-10-07,2011-06-21,2.750523571
2026-10-07,2011-06-22,2.751195387
2026-10-07,2011-06-23,2.751867367
2026-10-07,2011-06-24,2.752539511
2026-10-07,2011-06-25,2.753211819
2026-10-07,2011-06-26,2.753884292
2026-10-07,2011-06-27,2.754556928
2026-10-07,2011-06-28,2.75522973
2026-10-07,2011-06-29,2.755902695
2026-10-07,2011-06-30,2.756575825
2026-10-07,2011-07-01,2.757227397
2026-10-07,2011-07-02,2.757879124
2026-10-07,2011-07-03,2.758531004
2026-10-07,2011-07-04,2.759183039
2026-10-07,2011-07-05,2.759835227
2026-10-07,2011-07-06,2.76048757
2026-10-07,2011-07-07,2.761121586
2026-10-07,2011-07-08,2.761755748
2026-10-07,2011-07-09,2.762390055
2026-10-07,2011-07-10,2.763024509
2026-10-07,2011-07-11,2.763659107
2026-10-07,2011-07-12,2.764293852
2026-10-07,2011-07-13,2.764928742
2026-10-07,2011-07-14,2.765563778
2026-10-07,2011-07-15,2.76619896
2026-10-07,2011-07-16,2.766834288
2026-10-07,2011-07-17,2.767469762
2026-10-07,2011-07-18,2.768105382
2026-10-07,2011-07-19,2.768741147
2026-10-07,2011-07-20,2.769377059
2026-10-07,2011-07-21,2.770013117
2026-10-07,2011-07-22,2.770649321
2026-10-07,2011-07-23,2.771285671
2026-10-07,2011-07-24,2.771922167
2026-10-07,2011-07-25,2.772558809
2026-10-07,2011-07-26,2.773195598
2026-10-07,2011-07-27,2.773832533
2026-10-07,2011-07-28,2.774469614
2026-10-07,2011-07-29,2.775106841
2026-10-07,2011-07-30,2.775744215
2026-10-07,2011-07-31,2.776381735
2026-10-07,2011-08-01,2.777019402
2026-10-07,2011-08-02,2.777657215
2026-10-07,2011-08-03,2.778295174
2026-10-07,2011-08-04,2.778933281
2026-10-07,2011-08-05,2.779571533
2026-10-07,2011-08-06,2.780209932
2026-10-07,2011-08-07,2.780919483
2026-10-07,2011-08-08,2.781629214
2026-10-07,2011-08-09,2.782339126
2026-10-07,2011-08-10,2.78304922
2026-10-07,2011-08-11,2.783759495
2026-10-07,2011-08-12,2.784469951
2026-10-07,2011-08-13,2.785180588
2026-10-07,2011-08-14,2.785891407
2026-10-07,2011-08-15,2.786602407
2026-10-07,2011-08-16,2.787313589
2026-10-07,2011-08-17,2.788024952
2026-10-07,2011-08-18,2.788736497
2026-10-07,2011-08-19,2.789448223
2026-10-07,2011-08-20,2.790160131
2026-10-07,2011-08-21,2.790872221
2026-10-07,2011-08-22,2.791584492
2026-10-07,2011-08-23,2.792296945
2026-10-07,2011-08-24,2.79300958
2026-10-07,2011-08-25,2.793722397
2026-10-07,2011-08-26,2.794435396
2026-10-07,2011-08-27,2.795148577
2026-10-07,2011-08-28,2.79586194
2026-10-07,2011-08-29,2.796575484
2026-10-07,2011-08-30,2.797289211
2026-10-07,2011-08-31,2.798003121
2026-10-07,2011-09-01,2.798741018
2026-10-07,2011-09-02,2.79947911
2026-10-07,2011-09-03,2.800217397
2026-10-07,2011-09-04,2.800955878
2026-10-07,2011-09-05,2.801694554
2026-10-07,2011-09-06,2.802433425
2026-10-07,2011-09-07,2.803209233
2026-10-07,2011-09-08,2.803985256
2026-10-07,2011-09-09,2.804761494
2026-10-07,2011-09-10,2.805537946
2026-10-07,2011-09-11,2.806314613
2026-10-07,2011-09-12,2.807091496
2026-10-07,2011-09-13,2.807868593
2026-10-07,2011-09-14,2.808645906
2026-10-07,2011-09-15,2.809423433
2026-10-07,2011-09-16,2.810201176
2026-10-07,2011-09-17,2.810979135
2026-10-07,2011-09-18,2.811757308
2026-10-07,2011-09-19,2.812535697
2026-10-07,2011-09-20,2.813314302
2026-10-07,2011-09-21,2.814093122
2026-10-07,2011-09-22,2.814872158
2026-10-07,2011-09-23,2.815651409
2026-10-07,2011-09-24,2.816430876
2026-10-07,2011-09-25,2.817210559
2026-10-07,2011-09-26,2.817990458
2026-10-07,2011-09-27,2.818770573
2026-10-07,2011-09-28,2.819550903
2026-10-07,2011-09-29,2.82033145
2026-10-07,2011-09-30,2.821112212
2026-10-07,2011-10-01,2.821867995
2026-10-07,2011-10-02,2.82262398
2026-10-07,2011-10-03,2.823380168
2026-10-07,2011-10-04,2.824136558
2026-10-07,2011-10-05,2.824893151
2026-10-07,2011-10-06,2.825649946
2026-10-07,2011-10-07,2.826407569
2026-10-07,2011-10-08,2.827165396
2026-10-07,2011-10-09,2.827923425
2026-10-07,2011-10-10,2.828681658
2026-10-07,2011-10-11,2.829440094
2026-10-07,2011-10-12,2.830198734
2026-10-07,2011-10-13,2.830957577
2026-10-07,2011-10-14,2.831716623
2026-10-07,2011-10-15,2.832475873
2026-10-07,2011-10-16,2.833235327
2026-10-07,2011-10-17,2.833994984
2026-10-07,2011-10-18,2.834754844
2026-10-07,2011-10-19,2.835514909
2026-10-07,2011-10-20,2.836275177
2026-10-07,2011-10-21,2.837035649
2026-10-07,2011-10-22,2.837796325
2026-10-07,2011-10-23,2.838557205
2026-10-07,2011-10-24,2.839318289
2026-10-07,2011-10-25,2.840079578
2026-10-07,2011-10-26,2.84084107
2026-10-07,2011-10-27,2.841602766
2026-10-07,2011-10-28,2.842364667
2026-10-07,2011-10-29,2.843126772
2026-10-07,2011-10-30,2.843889081
2026-10-07,2011-10-31,2.844651594
2026-10-07,2011-11-01,2.84543974
2026-10-07,2011-11-02,2.846228104
2026-10-07,2011-11-03,2.847016686
2026-10-07,2011-11-04,2.847805487
2026-10-07,2011-11-05,2.848594506
2026-10-07,2011-11-06,2.849383744
2026-10-07,2011-11-07,2.849982195
2026-10-07,2011-11-08,2.850580771
2026-10-07,2011-11-09,2.851179472
2026-10-07,2011-11-10,2.8517783
2026-10-07,2011-11-11,2.852377253
2026-10-07,2011-11-12,2.852976332
2026-10-07,2011-11-13,2.853575537
2026-10-07,2011-11-14,2.854174868
2026-10-07,2011-11-15,2.854774325
2026-10-07,2011-11-16,2.855373907
2026-10-07,2011-11-17,2.855973616
2026-10-07,2011-11-18,2.85657345
2026-10-07,2011-11-19,2.85717341
2026-10-07,2011-11-20,2.857773497
2026-10-07,2011-11-21,2.858373709
2026-10-07,2011-11-22,2.858974048
2026-10-07,2011-11-23,2.859574512
2026-10-07,2011-11-24,2.860175103
2026-10-07,2011-11-25,2.86077582
2026-10-07,2011-11-26,2.861376663
2026-10-07,2011-11-27,2.861977632
2026-10-07,2011-11-28,2.862578728
2026-10-07,2011-11-29,2.863179949
2026-10-07,2011-11-30,2.863781297
2026-10-07,2011-12-01,2.864363367
2026-10-07,2011-12-02,2.864945555
2026-10-07,2011-12-03,2.865527862
2026-10-07,2011-12-04,2.866110287
2026-10-07,2011-12-05,2.86669283
2026-10-07,2011-12-06,2.867275492
2026-10-07,2011-12-07,2.867820249
2026-10-07,2011-12-08,2.868365109
2026-10-07,2011-12-09,2.868910073
2026-10-07,2011-12-10,2.869455141
2026-10-07,2011-12-11,2.870000312
2026-10-07,2011-12-12,2.870545587
2026-10-07,2011-12-13,2.871090965
2026-10-07,2011-12-14,2.871636447
2026-10-07,2011-12-15,2.872182032
2026-10-07,2011-12-16,2.872727722
2026-10-07,2011-12-17,2.873273515
2026-10-07,2011-12-18,2.873819411
2026-10-07,2011-12-19,2.874365411
2026-10-07,2011-12-20,2.874911516
2026-10-07,2011-12-21,2.875457723
2026-10-07,2011-12-22,2.876004035
2026-10-07,2011-12-23,2.87655045
2026-10-07,2011-12-24,2.877096969
2026-10-07,2011-12-25,2.877643592
2026-10-07,2011-12-26,2.878190319
2026-10-07,2011-12-27,2.87873715
2026-10-07,2011-12-28,2.879284085
2026-10-07,2011-12-29,2.879831123
2026-10-07,2011-12-30,2.880378266
2026-10-07,2011-12-31,2.880925512
2026-10-07,2012-01-01,2.881472863
2026-10-07,2012-01-02,2.882020317
2026-10-07,2012-01-03,2.882567875
2026-10-07,2012-01-04,2.883115538
2026-10-07,2012-01-05,2.883663304
2026-10-07,2012-01-06,2.884211175
2026-10-07,2012-01-07,2.884989451
2026-10-07,2012-01-08,2.885767936
2026-10-07,2012-01-09,2.886546632
2026-10-07,2012-01-10,2.887325538
2026-10-07,2012-01-11,2.888104654
2026-10-07,2012-01-12,2.888883981
2026-10-07,2012-01-13,2.889663517
2026-10-07,2012-01-14,2.890443264
2026-10-07,2012-01-15,2.891223222
2026-10-07,2012-01-16,2.89200339
2026-10-07,2012-01-17,2.892783768
2026-10-07,2012-01-18,2.893564357
2026-10-07,2012-01-19,2.894345157
2026-10-07,2012-01-20,2.895126167
2026-10-07,2012-01-21,2.895907388
2026-10-07,2012-01-22,2.89668882
2026-10-07,2012-01-23,2.897470463
2026-10-07,2012-01-24,2.898252316
2026-10-07,2012-01-25,2.899034381
2026-10-07,2012-01-26,2.899816657
2026-10-07,2012-01-27,2.900599143
2026-10-07,2012-01-28,2.901381841
2026-10-07,2012-01-29,2.90216475
2026-10-07,2012-01-30,2.902947871
2026-10-07,2012-01-31,2.903731202
2026-10-07,2012-02-01,2.904568791
2026-10-07,2012-02-02,2.905406621
2026-10-07,2012-02-03,2.906244692
2026-10-07,2012-02-04,2.907083005
2026-10-07,2012-02-05,2.907921561
2026-10-07,2012-02-06,2.908760358
2026-10-07,2012-02-07,2.90967308
2026-10-07,2012-02-08,2.910586089
2026-10-07,2012-02-09,2.911499384
2026-10-07,2012-02-10,2.912412966
2026-10-07,2012-02-11,2.913326835
2026-10-07,2012-02-12,2.91424099
2026-10-07,2012-02-13,2.915155433
2026-10-07,2012-02-14,2.916070162
2026-10-07,2012-02-15,2.916985178
2026-10-07,2012-02-16,2.917900481
2026-10-07,2012-02-17,2.918816072
2026-10-07,2012-02-18,2.91973195
2026-10-07,2012-02-19,2.920648115
2026-10-07,2012-02-20,2.921564568
2026-10-07,2012-02-21,2.922481308
2026-10-07,2012-02-22,2.923398336
2026-10-07,2012-02-23,2.924315652
2026-10-07,2012-02-24,2.925233255
2026-10-07,2012-02-25,2.926151147
2026-10-07,2012-02-26,2.927069326
2026-10-07,2012-02-27,2.927987794
2026-10-07,2012-02-28,2.928906549
2026-10-07,2012-02-29,2.929825593
2026-10-07,2012-03-01,2.930685605
2026-10-07,2012-03-02,2.93154587
2026-10-07,2012-03-03,2.932406387
2026-10-07,2012-03-04,2.933267156
2026-10-07,2012-03-05,2.934128178
2026-10-07,2012-03-06,2.934989453
2026-10-07,2012-03-07,2.935685415
2026-10-07,2012-03-08,2.936381542
2026-10-07,2012-03-09,2.937077835
2026-10-07,2012-03-10,2.937774292
2026-10-07,2012-03-11,2.938470914
2026-10-07,2012-03-12,2.939167702
2026-10-07,2012-03-13,2.939864654
2026-10-07,2012-03-14,2.940561772
2026-10-07,2012-03-15,2.941259056
2026-10-07,2012-03-16,2.941956504
2026-10-07,2012-03-17,2.942654118
2026-10-07,2012-03-18,2.943351898
2026-10-07,2012-03-19,2.944049843
2026-10-07,2012-03-20,2.944747953
2026-10-07,2012-03-21,2.945446229
2026-10-07,2012-03-22,2.946144671
2026-10-07,2012-03-23,2.946843278
2026-10-07,2012-03-24,2.947542051
2026-10-07,2012-03-25,2.948240989
2026-10-07,2012-03-26,2.948940094
2026-10-07,2012-03-27,2.949639364
2026-10-07,2012-03-28,2.9503388
2026-10-07,2012-03-29,2.951038401
2026-10-07,2012-03-30,2.951738169
2026-10-07,2012-03-31,2.952438103
2026-10-07,2012-04-01,2.953161542
2026-10-07,2012-04-02,2.953885158
2026-10-07,2012-04-03,2.954608952
2026-10-07,2012-04-04,2.955332922
2026-10-07,2012-04-05,2.956057071
2026-10-07,2012-04-06,2.956781397
2026-10-07,2012-04-07,2.957699105
2026-10-07,2012-04-08,2.958617098
2026-10-07,2012-04-09,2.959535376
2026-10-07,2012-04-10,2.960453939
2026-10-07,2012-04-11,2.961372787
2026-10-07,2012-04-12,2.962291921
2026-10-07,2012-04-13,2.963211339
2026-10-07,2012-04-14,2.964131043
2026-10-07,2012-04-15,2.965051033
2026-10-07,2012-04-16,2.965971308
2026-10-07,2012-04-17,2.966891868
2026-10-07,2012-04-18,2.967812714
2026-10-07,2012-04-19,2.968733847
2026-10-07,2012-04-20,2.969655265
2026-10-07,2012-04-21,2.970576969
2026-10-07,2012-04-22,2.971498959
2026-10-07,2012-04-23,2.972421235
2026-10-07,2012-04-24,2.973343797
2026-10-07,2012-04-25,2.974266646
2026-10-07,2012-04-26,2.975189781
2026-10-07,2012-04-27,2.976113203
2026-10-07,2012-04-28,2.977036912
2026-10-07,2012-04-29,2.977960907
2026-10-07,2012-04-30,2.978885188
2026-10-07,2012-05-01,2.979779928
2026-10-07,2012-05-02,2.980674936
2026-10-07,2012-05-03,2.981570213
2026-10-07,2012-05-04,2.982465759
2026-10-07,2012-05-05,2.983361574
2026-10-07,2012-05-06,2.984257658
2026-10-07,2012-05-07,2.985056603
2026-10-07,2012-05-08,2.985855763
2026-10-07,2012-05-09,2.986655136
2026-10-07,2012-05-10,2.987454723
2026-10-07,2012-05-11,2.988254525
2026-10-07,2012-05-12,2.98905454
2026-10-07,2012-05-13,2.98985477
2026-10-07,2012-05-14,2.990655214
2026-10-07,2012-05-15,2.991455872
2026-10-07,2012-05-16,2.992256745
2026-10-07,2012-05-17,2.993057832
2026-10-07,2012-05-18,2.993859133
2026-10-07,2012-05-19,2.994660649
2026-10-07,2012-05-20,2.995462379
2026-10-07,2012-05-21,2.996264325
2026-10-07,2012-05-22,2.997066484
2026-10-07,2012-05-23,2.997868859
2026-10-07,2012-05-24,2.998671449
2026-10-07,2012-05-25,2.999474253
2026-10-07,2012-05-26,3.000277272
2026-10-07,2012-05-27,3.001080506
2026-10-07,2012-05-28,3.001883956
2026-10-07,2012-05-29,3.00268762
2026-10-07,2012-05-30,3.003491499
2026-10-07,2012-05-31,3.004295594
2026-10-07,2012-06-01,3.005126718
2026-10-07,2012-06-02,3.005958072
2026-10-07,2012-06-03,3.006789656
2026-10-07,2012-06-04,3.00762147
2026-10-07,2012-06-05,3.008453514
2026-10-07,2012-06-06,3.009285789
2026-10-07,2012-06-07,3.010097261
2026-10-07,2012-06-08,3.010908952
2026-10-07,2012-06-09,3.011720862
2026-10-07,2012-06-10,3.012532991
2026-10-07,2012-06-11,3.013345339
2026-10-07,2012-06-12,3.014157906
2026-10-07,2012-06-13,3.014970692
2026-10-07,2012-06-14,3.015783697
2026-10-07,2012-06-15,3.016596921
2026-10-07,2012-06-16,3.017410365
2026-10-07,2012-06-17,3.018224028
2026-10-07,2012-06-18,3.019037911
2026-10-07,2012-06-19,3.019852013
2026-10-07,2012-06-20,3.020666334
2026-10-07,2012-06-21,3.021480875
2026-10-07,2012-06-22,3.022295636
2026-10-07,2012-06-23,3.023110617
2026-10-07,2012-06-24,3.023925817
2026-10-07,2012-06-25,3.024741237
2026-10-07,2012-06-26,3.025556877
2026-10-07,2012-06-27,3.026372737
2026-10-07,2012-06-28,3.027188817
2026-10-07,2012-06-29,3.028005116
2026-10-07,2012-06-30,3.028821636
2026-10-07,2012-07-01,3.029612027
2026-10-07,2012-07-02,3.030402623
2026-10-07,2012-07-03,3.031193426
2026-10-07,2012-07-04,3.031984436
2026-10-07,2012-07-05,3.032775651
2026-10-07,2012-07-06,3.033567073
2026-10-07,2012-07-07,3.034269975
2026-10-07,2012-07-08,3.03497304
2026-10-07,2012-07-09,3.035676268
2026-10-07,2012-07-10,3.036379659
2026-10-07,2012-07-11,3.037083212
2026-10-07,2012-07-12,3.037786929
2026-10-07,2012-07-13,3.038490809
2026-10-07,2012-07-14,3.039194851
2026-10-07,2012-07-15,3.039899057
2026-10-07,2012-07-16,3.040603426
2026-10-07,2012-07-17,3.041307959
2026-10-07,2012-07-18,3.042012654
2026-10-07,2012-07-19,3.042717513
2026-10-07,2012-07-20,3.043422535
2026-10-07,2012-07-21,3.044127721
2026-10-07,2012-07-22,3.04483307
2026-10-07,2012-07-23,3.045538582
2026-10-07,2012-07-24,3.046244258
2026-10-07,2012-07-25,3.046950097
2026-10-07,2012-07-26,3.0476561
2026-10-07,2012-07-27,3.048362267
2026-10-07,2012-07-28,3.049068597
2026-10-07,2012-07-29,3.049775091
2026-10-07,2012-07-30,3.050481748
2026-10-07,2012-07-31,3.051188569
2026-10-07,2012-08-01,3.051895554
2026-10-07,2012-08-02,3.052602703
2026-10-07,2012-08-03,3.053310016
2026-10-07,2012-08-04,3.054017492
2026-10-07,2012-08-05,3.054725133
2026-10-07,2012-08-06,3.055432937
2026-10-07,2012-08-07,3.056211373
2026-10-07,2012-08-08,3.056990007
2026-10-07,2012-08-09,3.057768839
2026-10-07,2012-08-10,3.058547869
2026-10-07,2012-08-11,3.059327099
2026-10-07,2012-08-12,3.060106526
2026-10-07,2012-08-13,3.060886152
2026-10-07,2012-08-14,3.061665977
2026-10-07,2012-08-15,3.062446001
2026-10-07,2012-08-16,3.063226223
2026-10-07,2012-08-17,3.064006644
2026-10-07,2012-08-18,3.064787264
2026-10-07,2012-08-19,3.065568082
2026-10-07,2012-08-20,3.0663491
2026-10-07,2012-08-21,3.067130316
2026-10-07,2012-08-22,3.067911732
2026-10-07,2012-08-23,3.068693347
2026-10-07,2012-08-24,3.069475161
2026-10-07,2012-08-25,3.070257174
2026-10-07,2012-08-26,3.071039386
2026-10-07,2012-08-27,3.071821797
2026-10-07,2012-08-28,3.072604408
2026-10-07,2012-08-29,3.073387219
2026-10-07,2012-08-30,3.074170228
2026-10-07,2012-08-31,3.074953438
2026-10-07,2012-09-01,3.075762963
2026-10-07,2012-09-02,3.076572702
2026-10-07,2012-09-03,3.077382654
2026-10-07,2012-09-04,3.07819282
2026-10-07,2012-09-05,3.079003198
2026-10-07,2012-09-06,3.07981379
2026-10-07,2012-09-07,3.080724571
2026-10-07,2012-09-08,3.081635621
2026-10-07,2012-09-09,3.082546941
2026-10-07,2012-09-10,3.08345853
2026-10-07,2012-09-11,3.084370389
2026-10-07,2012-09-12,3.085282517
2026-10-07,2012-09-13,3.086194915
2026-10-07,2012-09-14,3.087107583
2026-10-07,2012-09-15,3.088020521
2026-10-07,2012-09-16,3.088933729
2026-10-07,2012-09-17,3.089847207
2026-10-07,2012-09-18,3.090760955
2026-10-07,2012-09-19,3.091674973
2026-10-07,2012-09-20,3.092589261
2026-10-07,2012-09-21,3.09350382
2026-10-07,2012-09-22,3.09441865
2026-10-07,2012-09-23,3.09533375
2026-10-07,2012-09-24,3.09624912
2026-10-07,2012-09-25,3.097164761
2026-10-07,2012-09-26,3.098080673
2026-10-07,2012-09-27,3.098996856
2026-10-07,2012-09-28,3.09991331
2026-10-07,2012-09-29,3.100830035
2026-10-07,2012-09-30,3.101747031
2026-10-07,2012-10-01,3.102634704
2026-10-07,2012-10-02,3.103522632
2026-10-07,2012-10-03,3.104410814
2026-10-07,2012-10-04,3.10529925
2026-10-07,2012-10-05,3.10618794
2026-10-07,2012-10-06,3.107076884
2026-10-07,2012-10-07,3.107958264
2026-10-07,2012-10-08,3.108839893
2026-10-07,2012-10-09,3.109721773
2026-10-07,2012-10-10,3.110603903
2026-10-07,2012-10-11,3.111486283
2026-10-07,2012-10-12,3.112368913
2026-10-07,2012-10-13,3.113251794
2026-10-07,2012-10-14,3.114134925
2026-10-07,2012-10-15,3.115018307
2026-10-07,2012-10-16,3.115901939
2026-10-07,2012-10-17,3.116785822
2026-10-07,2012-10-18,3.117669955
2026-10-07,2012-10-19,3.11855434
2026-10-07,2012-10-20,3.119438975
2026-10-07,2012-10-21,3.120323861
2026-10-07,2012-10-22,3.121208999
2026-10-07,2012-10-23,3.122094387
2026-10-07,2012-10-24,3.122980026
2026-10-07,2012-10-25,3.123865917
2026-10-07,2012-10-26,3.124752059
2026-10-07,2012-10-27,3.125638453
2026-10-07,2012-10-28,3.126525097
2026-10-07,2012-10-29,3.127411994
2026-10-07,2012-10-30,3.128299142
2026-10-07,2012-10-31,3.129186541
2026-10-07,2012-11-01,3.130103785
2026-10-07,2012-11-02,3.131021298
2026-10-07,2012-11-03,3.13193908
2026-10-07,2012-11-04,3.132857131
2026-10-07,2012-11-05,3.133775451
2026-10-07,2012-11-06,3.13469404
2026-10-07,2012-11-07,3.135569452
2026-10-07,2012-11-08,3.136445109
2026-10-07,2012-11-09,3.13732101
2026-10-07,2012-11-10,3.138197156
2026-10-07,2012-11-11,3.139073547
2026-10-07,2012-11-12,3.139950182
2026-10-07,2012-11-13,3.140827062
2026-10-07,2012-11-14,3.141704187
2026-10-07,2012-11-15,3.142581557
2026-10-07,2012-11-16,3.143459172
2026-10-07,2012-11-17,3.144337032
2026-10-07,2012-11-18,3.145215137
2026-10-07,2012-11-19,3.146093487
2026-10-07,2012-11-20,3.146972083
2026-10-07,2012-11-21,3.147850924
2026-10-07,2012-11-22,3.14873001
2026-10-07,2012-11-23,3.149609342
2026-10-07,2012-11-24,3.15048892
2026-10-07,2012-11-25,3.151368743
2026-10-07,2012-11-26,3.152248812
2026-10-07,2012-11-27,3.153129127
2026-10-07,2012-11-28,3.154009687
2026-10-07,2012-11-29,3.154890494
2026-10-07,2012-11-30,3.155771546
2026-10-07,2012-12-01,3.156624412
2026-10-07,2012-12-02,3.157477508
2026-10-07,2012-12-03,3.158330834
2026-10-07,2012-12-04,3.159184392
2026-10-07,2012-12-05,3.16003818
2026-10-07,2012-12-06,3.160892198
2026-10-07,2012-12-07,3.161842197
2026-10-07,2012-12-08,3.162792482
2026-10-07,2012-12-09,3.163743052
2026-10-07,2012-12-10,3.164693908
2026-10-07,2012-12-11,3.165645049
2026-10-07,2012-12-12,3.166596477
2026-10-07,2012-12-13,3.16754819
2026-10-07,2012-12-14,3.168500189
2026-10-07,2012-12-15,3.169452475
2026-10-07,2012-12-16,3.170405047
2026-10-07,2012-12-17,3.171357905
2026-10-07,2012-12-18,3.172311049
2026-10-07,2012-12-19,3.17326448
2026-10-07,2012-12-20,3.174218197
2026-10-07,2012-12-21,3.175172202
2026-10-07,2012-12-22,3.176126492
2026-10-07,2012-12-23,3.17708107
2026-10-07,2012-12-24,3.178035934
2026-10-07,2012-12-25,3.178991086
2026-10-07,2012-12-26,3.179946524
2026-10-07,2012-12-27,3.18090225
2026-10-07,2012-12-28,3.181858263
2026-10-07,2012-12-29,3.182814563
2026-10-07,2012-12-30,3.183771151
2026-10-07,2012-12-31,3.184728026
2026-10-07,2013-01-01,3.185685189
2026-10-07,2013-01-02,3.186642639
2026-10-07,2013-01-03,3.187600378
2026-10-07,2013-01-04,3.188558404
2026-10-07,2013-01-05,3.189516718
2026-10-07,2013-01-06,3.19047532
2026-10-07,2013-01-07,3.191541807
2026-10-07,2013-01-08,3.192608651
2026-10-07,2013-01-09,3.193675852
2026-10-07,2013-01-10,3.194743409
2026-10-07,2013-01-11,3.195811323
2026-10-07,2013-01-12,3.196879594
2026-10-07,2013-01-13,3.197948222
2026-10-07,2013-01-14,3.199017208
2026-10-07,2013-01-15,3.200086551
2026-10-07,2013-01-16,3.201156251
2026-10-07,2013-01-17,3.202226309
2026-10-07,2013-01-18,3.203296724
2026-10-07,2013-01-19,3.204367497
2026-10-07,2013-01-20,3.205438628
2026-10-07,2013-01-21,3.206510118
2026-10-07,2013-01-22,3.207581965
2026-10-07,2013-01-23,3.208654171
2026-10-07,2013-01-24,3.209726735
2026-10-07,2013-01-25,3.210799658
2026-10-07,2013-01-26,3.211872939
2026-10-07,2013-01-27,3.212946579
2026-10-07,2013-01-28,3.214020578
2026-10-07,2013-01-29,3.215094936
2026-10-07,2013-01-30,3.216169653
2026-10-07,2013-01-31,3.217244729
2026-10-07,2013-02-01,3.218435412
2026-10-07,2013-02-02,3.219626535
2026-10-07,2013-02-03,3.220818098
2026-10-07,2013-02-04,3.222010103
2026-10-07,2013-02-05,3.223202549
2026-10-07,2013-02-06,3.224395436
2026-10-07,2013-02-07,3.225697782
2026-10-07,2013-02-08,3.227000654
2026-10-07,2013-02-09,3.228304053
2026-10-07,2013-02-10,3.229607977
2026-10-07,2013-02-11,3.230912429
2026-10-07,2013-02-12,3.232217407
2026-10-07,2013-02-13,3.233522912
2026-10-07,2013-02-14,3.234828945
2026-10-07,2013-02-15,3.236135505
2026-10-07,2013-02-16,3.237442593
2026-10-07,2013-02-17,3.238750209
2026-10-07,2013-02-18,3.240058353
2026-10-07,2013-02-19,3.241367025
2026-10-07,2013-02-20,3.242676226
2026-10-07,2013-02-21,3.243985956
2026-10-07,2013-02-22,3.245296214
2026-10-07,2013-02-23,3.246607002
2026-10-07,2013-02-24,3.24791832
2026-10-07,2013-02-25,3.249230167
2026-10-07,2013-02-26,3.250542544
2026-10-07,2013-02-27,3.251855451
2026-10-07,2013-02-28,3.253168888
2026-10-07,2013-03-01,3.254355674
2026-10-07,2013-03-02,3.255542893
2026-10-07,2013-03-03,3.256730546
2026-10-07,2013-03-04,3.257918632
2026-10-07,2013-03-05,3.259107151
2026-10-07,2013-03-06,3.260296103
2026-10-07,2013-03-07,3.260813498
2026-10-07,2013-03-08,3.261330974
2026-10-07,2013-03-09,3.261848533
2026-10-07,2013-03-10,3.262366174
2026-10-07,2013-03-11,3.262883897
2026-10-07,2013-03-12,3.263401702
2026-10-07,2013-03-13,3.263919589
2026-10-07,2013-03-14,3.264437559
2026-10-07,2013-03-15,3.264955611
2026-10-07,2013-03-16,3.265473745
2026-10-07,2013-03-17,3.265991961
2026-10-07,2013-03-18,3.266510259
2026-10-07,2013-03-19,3.26702864
2026-10-07,2013-03-20,3.267547103
2026-10-07,2013-03-21,3.268065648
2026-10-07,2013-03-22,3.268584275
2026-10-07,2013-03-23,3.269102985
2026-10-07,2013-03-24,3.269621777
2026-10-07,2013-03-25,3.270140652
2026-10-07,2013-03-26,3.270659608
2026-10-07,2013-03-27,3.271178648
2026-10-07,2013-03-28,3.271697769
2026-10-07,2013-03-29,3.272216973
2026-10-07,2013-03-30,3.272736259
2026-10-07,2013-03-31,3.273255628
2026-10-07,2013-04-01,3.273792395
2026-10-07,2013-04-02,3.274329251
2026-10-07,2013-04-03,3.274866195
2026-10-07,2013-04-04,3.275403226
2026-10-07,2013-04-05,3.275940346
2026-10-07,2013-04-06,3.276477554
2026-10-07,2013-04-07,3.277267963
2026-10-07,2013-04-08,3.278058563
2026-10-07,2013-04-09,3.278849353
2026-10-07,2013-04-10,3.279640335
2026-10-07,2013-04-11,3.280431507
2026-10-07,2013-04-12,3.28122287
2026-10-07,2013-04-13,3.282014424
2026-10-07,2013-04-14,3.282806169
2026-10-07,2013-04-15,3.283598105
2026-10-07,2013-04-16,3.284390232
2026-10-07,2013-04-17,3.28518255
2026-10-07,2013-04-18,3.285975059
2026-10-07,2013-04-19,3.286767759
2026-10-07,2013-04-20,3.287560651
2026-10-07,2013-04-21,3.288353734
2026-10-07,2013-04-22,3.289147008
2026-10-07,2013-04-23,3.289940474
2026-10-07,2013-04-24,3.290734131
2026-10-07,2013-04-25,3.291527979
2026-10-07,2013-04-26,3.292322019
2026-10-07,2013-04-27,3.29311625
2026-10-07,2013-04-28,3.293910673
2026-10-07,2013-04-29,3.294705288
2026-10-07,2013-04-30,3.295500095
2026-10-07,2013-05-01,3.296269445
2026-10-07,2013-05-02,3.297038974
2026-10-07,2013-05-03,3.297808684
2026-10-07,2013-05-04,3.298578573
2026-10-07,2013-05-05,3.299348641
2026-10-07,2013-05-06,3.30011889
2026-10-07,2013-05-07,3.30089065
2026-10-07,2013-05-08,3.30166259
2026-10-07,2013-05-09,3.30243471
2026-10-07,2013-05-10,3.303207011
2026-10-07,2013-05-11,3.303979493
2026-10-07,2013-05-12,3.304752155
2026-10-07,2013-05-13,3.305524998
2026-10-07,2013-05-14,3.306298022
2026-10-07,2013-05-15,3.307071227
2026-10-07,2013-05-16,3.307844612
2026-10-07,2013-05-17,3.308618178
2026-10-07,2013-05-18,3.309391925
2026-10-07,2013-05-19,3.310165854
2026-10-07,2013-05-20,3.310939963
2026-10-07,2013-05-21,3.311714253
2026-10-07,2013-05-22,3.312488724
2026-10-07,2013-05-23,3.313263376
2026-10-07,2013-05-24,3.31403821
2026-10-07,2013-05-25,3.314813224
2026-10-07,2013-05-26,3.31558842
2026-10-07,2013-05-27,3.316363798
2026-10-07,2013-05-28,3.317139356
2026-10-07,2013-05-29,3.317915096
2026-10-07,2013-05-30,3.318691017
2026-10-07,2013-05-31,3.31946712
2026-10-07,2013-06-01,3.320269284
2026-10-07,2013-06-02,3.321071641
2026-10-07,2013-06-03,3.321874192
2026-10-07,2013-06-04,3.322676938
2026-10-07,2013-06-05,3.323479877
2026-10-07,2013-06-06,3.32428301
2026-10-07,2013-06-07,3.325045069
2026-10-07,2013-06-08,3.325807302
2026-10-07,2013-06-09,3.32656971
2026-10-07,2013-06-10,3.327332293
2026-10-07,2013-06-11,3.328095051
2026-10-07,2013-06-12,3.328857984
2026-10-07,2013-06-13,3.329621091
2026-10-07,2013-06-14,3.330384374
2026-10-07,2013-06-15,3.331147831
2026-10-07,2013-06-16,3.331911463
2026-10-07,2013-06-17,3.332675271
2026-10-07,2013-06-18,3.333439254
2026-10-07,2013-06-19,3.334203411
2026-10-07,2013-06-20,3.334967744
2026-10-07,2013-06-21,3.335732252
2026-10-07,2013-06-22,3.336496936
2026-10-07,2013-06-23,3.337261794
2026-10-07,2013-06-24,3.338026828
2026-10-07,2013-06-25,3.338792038
2026-10-07,2013-06-26,3.339557422
2026-10-07,2013-06-27,3.340322983
2026-10-07,2013-06-28,3.341088718
2026-10-07,2013-06-29,3.34185463
2026-10-07,2013-06-30,3.342620717
2026-10-07,2013-07-01,3.343362258
2026-10-07,2013-07-02,3.344103964
2026-10-07,2013-07-03,3.344845835
2026-10-07,2013-07-04,3.34558787
2026-10-07,2013-07-05,3.34633007
2026-10-07,2013-07-06,3.347072434
2026-10-07,2013-07-07,3.347967777
2026-10-07,2013-07-08,3.348863358
2026-10-07,2013-07-09,3.349759179
2026-10-07,2013-07-10,3.35065524
2026-10-07,2013-07-11,3.35155154
2026-10-07,2013-07-12,3.352448081
2026-10-07,2013-07-13,3.353344861
2026-10-07,2013-07-14,3.354241881
2026-10-07,2013-07-15,3.35513914
2026-10-07,2013-07-16,3.35603664
2026-10-07,2013-07-17,3.35693438
2026-10-07,2013-07-18,3.35783236
2026-10-07,2013-07-19,3.358730581
2026-10-07,2013-07-20,3.359629041
2026-10-07,2013-07-21,3.360527742
2026-10-07,2013-07-22,3.361426684
2026-10-07,2013-07-23,3.362325865
2026-10-07,2013-07-24,3.363225288
2026-10-07,2013-07-25,3.364124951
2026-10-07,2013-07-26,3.365024854
2026-10-07,2013-07-27,3.365924999
2026-10-07,2013-07-28,3.366825384
2026-10-07,2013-07-29,3.36772601
2026-10-07,2013-07-30,3.368626876
2026-10-07,2013-07-31,3.369527984
2026-10-07,2013-08-01,3.370429333
2026-10-07,2013-08-02,3.371330923
2026-10-07,2013-08-03,3.372232754
2026-10-07,2013-08-04,3.373134827
2026-10-07,2013-08-05,3.374037141
2026-10-07,2013-08-06,3.374939696
2026-10-07,2013-08-07,3.375944776
2026-10-07,2013-08-08,3.376950156
2026-10-07,2013-08-09,3.377955835
2026-10-07,2013-08-10,3.378961814
2026-10-07,2013-08-11,3.379968092
2026-10-07,2013-08-12,3.38097467
2026-10-07,2013-08-13,3.381981547
2026-10-07,2013-08-14,3.382988725
2026-10-07,2013-08-15,3.383996202
2026-10-07,2013-08-16,3.38500398
2026-10-07,2013-08-17,3.386012058
2026-10-07,2013-08-18,3.387020435
2026-10-07,2013-08-19,3.388029113
2026-10-07,2013-08-20,3.389038092
2026-10-07,2013-08-21,3.390047371
2026-10-07,2013-08-22,3.391056951
2026-10-07,2013-08-23,3.392066831
2026-10-07,2013-08-24,3.393077012
2026-10-07,2013-08-25,3.394087494
2026-10-07,2013-08-26,3.395098276
2026-10-07,2013-08-27,3.39610936
2026-10-07,2013-08-28,3.397120745
2026-10-07,2013-08-29,3.398132431
2026-10-07,2013-08-30,3.399144419
2026-10-07,2013-08-31,3.400156707
2026-10-07,2013-09-01,3.401203056
2026-10-07,2013-09-02,3.402249726
2026-10-07,2013-09-03,3.403296719
2026-10-07,2013-09-04,3.404344033
2026-10-07,2013-09-05,3.40539167
2026-10-07,2013-09-06,3.40643963
2026-10-07,2013-09-07,3.407386207
2026-10-07,2013-09-08,3.408333048
2026-10-07,2013-09-09,3.409280152
2026-10-07,2013-09-10,3.410227519
2026-10-07,2013-09-11,3.41117515
2026-10-07,2013-09-12,3.412123043
2026-10-07,2013-09-13,3.4130712
2026-10-07,2013-09-14,3.414019621
2026-10-07,2013-09-15,3.414968305
2026-10-07,2013-09-16,3.415917253
2026-10-07,2013-09-17,3.416866464
2026-10-07,2013-09-18,3.417815939
2026-10-07,2013-09-19,3.418765678
2026-10-07,2013-09-20,3.419715681
2026-10-07,2013-09-21,3.420665948
2026-10-07,2013-09-22,3.421616479
2026-10-07,2013-09-23,3.422567274
2026-10-07,2013-09-24,3.423518333
2026-10-07,2013-09-25,3.424469657
2026-10-07,2013-09-26,3.425421245
2026-10-07,2013-09-27,3.426373097
2026-10-07,2013-09-28,3.427325214
2026-10-07,2013-09-29,3.428277595
2026-10-07,2013-09-30,3.429230241
2026-10-07,2013-10-01,3.430152409
2026-10-07,2013-10-02,3.431074825
2026-10-07,2013-10-03,3.431997488
2026-10-07,2013-10-04,3.4329204
2026-10-07,2013-10-05,3.43384356
2026-10-07,2013-10-06,3.434766968
2026-10-07,2013-10-07,3.435682988
2026-10-07,2013-10-08,3.436599253
2026-10-07,2013-10-09,3.437515762
2026-10-07,2013-10-10,3.438432515
2026-10-07,2013-10-11,3.439349513
2026-10-07,2013-10-12,3.440266755
2026-10-07,2013-10-13,3.441184242
2026-10-07,2013-10-14,3.442101974
2026-10-07,2013-10-15,3.44301995
2026-10-07,2013-10-16,3.443938171
2026-10-07,2013-10-17,3.444856637
2026-10-07,2013-10-18,3.445775348
2026-10-07,2013-10-19,3.446694304
2026-10-07,2013-10-20,3.447613505
2026-10-07,2013-10-21,3.448532952
2026-10-07,2013-10-22,3.449452643
2026-10-07,2013-10-23,3.45037258
2026-10-07,2013-10-24,3.451292762
2026-10-07,2013-10-25,3.452213189
2026-10-07,2013-10-26,3.453133862
2026-10-07,2013-10-27,3.454054781
2026-10-07,2013-10-28,3.454975945
2026-10-07,2013-10-29,3.455897355
2026-10-07,2013-10-30,3.45681901
2026-10-07,2013-10-31,3.457740911
2026-10-07,2013-11-01,3.458693801
2026-10-07,2013-11-02,3.459646953
2026-10-07,2013-11-03,3.460600368
2026-10-07,2013-11-04,3.461554046
2026-10-07,2013-11-05,3.462507986
2026-10-07,2013-11-06,3.46346219
2026-10-07,2013-11-07,3.464486788
2026-10-07,2013-11-08,3.46551169
2026-10-07,2013-11-09,3.466536895
2026-10-07,2013-11-10,3.467562403
2026-10-07,2013-11-11,3.468588215
2026-10-07,2013-11-12,3.46961433
2026-10-07,2013-11-13,3.470640748
2026-10-07,2013-11-14,3.471667471
2026-10-07,2013-11-15,3.472694497
2026-10-07,2013-11-16,3.473721826
2026-10-07,2013-11-17,3.47474946
2026-10-07,2013-11-18,3.475777398
2026-10-07,2013-11-19,3.47680564
2026-10-07,2013-11-20,3.477834186
2026-10-07,2013-11-21,3.478863036
2026-10-07,2013-11-22,3.479892191
2026-10-07,2013-11-23,3.48092165
2026-10-07,2013-11-24,3.481951414
2026-10-07,2013-11-25,3.482981482
2026-10-07,2013-11-26,3.484011855
2026-10-07,2013-11-27,3.485042533
2026-10-07,2013-11-28,3.486073516
2026-10-07,2013-11-29,3.487104803
2026-10-07,2013-11-30,3.488136396
2026-10-07,2013-12-01,3.489135002
2026-10-07,2013-12-02,3.490133895
2026-10-07,2013-12-03,3.491133073
2026-10-07,2013-12-04,3.492132537
2026-10-07,2013-12-05,3.493132287
2026-10-07,2013-12-06,3.494132323
2026-10-07,2013-12-07,3.495171831
2026-10-07,2013-12-08,3.496211648
2026-10-07,2013-12-09,3.497251774
2026-10-07,2013-12-10,3.49829221
2026-10-07,2013-12-11,3.499332955
2026-10-07,2013-12-12,3.50037401
2026-10-07,2013-12-13,3.501415375
2026-10-07,2013-12-14,3.502457049
2026-10-07,2013-12-15,3.503499033
2026-10-07,2013-12-16,3.504541328
2026-10-07,2013-12-17,3.505583932
2026-10-07,2013-12-18,3.506626847
2026-10-07,2013-12-19,3.507670071
2026-10-07,2013-12-20,3.508713607
2026-10-07,2013-12-21,3.509757452
2026-10-07,2013-12-22,3.510801608
2026-10-07,2013-12-23,3.511846075
2026-10-07,2013-12-24,3.512890853
2026-10-07,2013-12-25,3.513935941
2026-10-07,2013-12-26,3.51498134
2026-10-07,2013-12-27,3.516027051
2026-10-07,2013-12-28,3.517073072
2026-10-07,2013-12-29,3.518119405
2026-10-07,2013-12-30,3.519166049
2026-10-07,2013-12-31,3.520213004
2026-10-07,2014-01-01,3.521260271
2026-10-07,2014-01-02,3.522307849
2026-10-07,2014-01-03,3.523355739
2026-10-07,2014-01-04,3.52440394
2026-10-07,2014-01-05,3.525452454
2026-10-07,2014-01-06,3.526501279
2026-10-07,2014-01-07,3.528101526
2026-10-07,2014-01-08,3.529702499
2026-10-07,2014-01-09,3.531304199
2026-10-07,2014-01-10,3.532906625
2026-10-07,2014-01-11,3.534509778
2026-10-07,2014-01-12,3.536113659
2026-10-07,2014-01-13,3.537718268
2026-10-07,2014-01-14,3.539323605
2026-10-07,2014-01-15,3.54092967
2026-10-07,2014-01-16,3.542536464
2026-10-07,2014-01-17,3.544143987
2026-10-07,2014-01-18,3.54575224
2026-10-07,2014-01-19,3.547361222
2026-10-07,2014-01-20,3.548970935
2026-10-07,2014-01-21,3.550581378
2026-10-07,2014-01-22,3.552192552
2026-10-07,2014-01-23,3.553804457
2026-10-07,2014-01-24,3.555417093
2026-10-07,2014-01-25,3.557030461
2026-10-07,2014-01-26,3.558644562
2026-10-07,2014-01-27,3.560259394
2026-10-07,2014-01-28,3.56187496
2026-10-07,2014-01-29,3.563491258
2026-10-07,2014-01-30,3.56510829
2026-10-07,2014-01-31,3.566726056
2026-10-07,2014-02-01,3.56851801
2026-10-07,2014-02-02,3.570310865
2026-10-07,2014-02-03,3.57210462
2026-10-07,2014-02-04,3.573899276
2026-10-07,2014-02-05,3.575694834
2026-10-07,2014-02-06,3.577491295
2026-10-07,2014-02-07,3.582072885
2026-10-07,2014-02-08,3.586660343
2026-10-07,2014-02-09,3.591253676
2026-10-07,2014-02-10,3.595852891
2026-10-07,2014-02-11,3.600457997
2026-10-07,2014-02-12,3.605069
2026-10-07,2014-02-13,3.609685908
2026-10-07,2014-02-14,3.614308729
2026-10-07,2014-02-15,3.618937471
2026-10-07,2014-02-16,3.62357214
2026-10-07,2014-02-17,3.628212745
2026-10-07,2014-02-18,3.632859293
2026-10-07,2014-02-19,3.637511792
2026-10-07,2014-02-20,3.642170248
2026-10-07,2014-02-21,3.646834671
2026-10-07,2014-02-22,3.651505068
2026-10-07,2014-02-23,3.656181446
2026-10-07,2014-02-24,3.660863812
2026-10-07,2014-02-25,3.665552175
2026-10-07,2014-02-26,3.670246543
2026-10-07,2014-02-27,3.674946922
2026-10-07,2014-02-28,3.679653321
2026-10-07,2014-03-01,3.683909443
2026-10-07,2014-03-02,3.688170487
2026-10-07,2014-03-03,3.69243646
2026-10-07,2014-03-04,3.696707367
2026-10-07,2014-03-05,3.700983214
2026-10-07,2014-03-06,3.705264007
2026-10-07,2014-03-07,3.709281972
2026-10-07,2014-03-08,3.713304295
2026-10-07,2014-03-09,3.717330978
2026-10-07,2014-03-10,3.721362029
2026-10-07,2014-03-11,3.72539745
2026-10-07,2014-03-12,3.729437248
2026-10-07,2014-03-13,3.733481426
2026-10-07,2014-03-14,3.73752999
2026-10-07,2014-03-15,3.741582944
2026-10-07,2014-03-16,3.745640293
2026-10-07,2014-03-17,3.749702042
2026-10-07,2014-03-18,3.753768195
2026-10-07,2014-03-19,3.757838758
2026-10-07,2014-03-20,3.761913735
2026-10-07,2014-03-21,3.76599313
2026-10-07,2014-03-22,3.770076949
2026-10-07,2014-03-23,3.774165197
2026-10-07,2014-03-24,3.778257878
2026-10-07,2014-03-25,3.782354997
2026-10-07,2014-03-26,3.786456559
2026-10-07,2014-03-27,3.790562569
2026-10-07,2014-03-28,3.794673031
2026-10-07,2014-03-29,3.798787951
2026-10-07,2014-03-30,3.802907333
2026-10-07,2014-03-31,3.807031181
2026-10-07,2014-04-01,3.81129719
2026-10-07,2014-04-02,3.815567979
2026-10-07,2014-04-03,3.819843553
2026-10-07,2014-04-04,3.824123919
2026-10-07,2014-04-05,3.82840908
2026-10-07,2014-04-06,3.832699044
2026-10-07,2014-04-07,3.835974672
2026-10-07,2014-04-08,3.8392531
2026-10-07,2014-04-09,3.842534329
2026-10-07,2014-04-10,3.845818363
2026-10-07,2014-04-11,3.849105204
2026-10-07,2014-04-12,3.852394854
2026-10-07,2014-04-13,3.855687315
2026-10-07,2014-04-14,3.85898259
2026-10-07,2014-04-15,3.862280681
2026-10-07,2014-04-16,3.865581592
2026-10-07,2014-04-17,3.868885323
2026-10-07,2014-04-18,3.872191878
2026-10-07,2014-04-19,3.875501259
2026-10-07,2014-04-20,3.878813468
2026-10-07,2014-04-21,3.882128508
2026-10-07,2014-04-22,3.885446381
2026-10-07,2014-04-23,3.88876709
2026-10-07,2014-04-24,3.892090637
2026-10-07,2014-04-25,3.895417024
2026-10-07,2014-04-26,3.898746254
2026-10-07,2014-04-27,3.90207833
2026-10-07,2014-04-28,3.905413253
2026-10-07,2014-04-29,3.908751027
2026-10-07,2014-04-30,3.912091653
2026-10-07,2014-05-01,3.915327235
2026-10-07,2014-05-02,3.918565494
2026-10-07,2014-05-03,3.921806431
2026-10-07,2014-05-04,3.925050048
2026-10-07,2014-05-05,3.928296348
2026-10-07,2014-05-06,3.931545333
2026-10-07,2014-05-07,3.933792478
2026-10-07,2014-05-08,3.936040908
2026-10-07,2014-05-09,3.938290623
2026-10-07,2014-05-10,3.940541624
2026-10-07,2014-05-11,3.942793912
2026-10-07,2014-05-12,3.945047486
2026-10-07,2014-05-13,3.947302349
2026-10-07,2014-05-14,3.949558501
2026-10-07,2014-05-15,3.951815942
2026-10-07,2014-05-16,3.954074674
2026-10-07,2014-05-17,3.956334696
2026-10-07,2014-05-18,3.958596011
2026-10-07,2014-05-19,3.960858617
2026-10-07,2014-05-20,3.963122518
2026-10-07,2014-05-21,3.965387712
2026-10-07,2014-05-22,3.9676542
2026-10-07,2014-05-23,3.969921984
2026-10-07,2014-05-24,3.972191065
2026-10-07,2014-05-25,3.974461442
2026-10-07,2014-05-26,3.976733117
2026-10-07,2014-05-27,3.979006091
2026-10-07,2014-05-28,3.981280363
2026-10-07,2014-05-29,3.983555936
2026-10-07,2014-05-30,3.985832809
2026-10-07,2014-05-31,3.988110983
2026-10-07,2014-06-01,3.990466465
2026-10-07,2014-06-02,3.992823338
2026-10-07,2014-06-03,3.995181602
2026-10-07,2014-06-04,3.99754126
2026-10-07,2014-06-05,3.999902312
2026-10-07,2014-06-06,4.002264757
2026-10-07,2014-06-07,4.004164913
2026-10-07,2014-06-08,4.006065971
2026-10-07,2014-06-09,4.007967931
2026-10-07,2014-06-10,4.009870794
2026-10-07,2014-06-11,4.011774561
2026-10-07,2014-06-12,4.013679232
2026-10-07,2014-06-13,4.015584807
2026-10-07,2014-06-14,4.017491286
2026-10-07,2014-06-15,4.019398671
2026-10-07,2014-06-16,4.021306961
2026-10-07,2014-06-17,4.023216157
2026-10-07,2014-06-18,4.02512626
2026-10-07,2014-06-19,4.02703727
2026-10-07,2014-06-20,4.028949187
2026-10-07,2014-06-21,4.030862011
2026-10-07,2014-06-22,4.032775744
2026-10-07,2014-06-23,4.034690385
2026-10-07,2014-06-24,4.036605936
2026-10-07,2014-06-25,4.038522395
2026-10-07,2014-06-26,4.040439765
2026-10-07,2014-06-27,4.042358045
2026-10-07,2014-06-28,4.044277236
2026-10-07,2014-06-29,4.046197338
2026-10-07,2014-06-30,4.048118351
2026-10-07,2014-07-01,4.049978265
2026-10-07,2014-07-02,4.051839033
2026-10-07,2014-07-03,4.053700656
2026-10-07,2014-07-04,4.055563135
2026-10-07,2014-07-05,4.057426469
2026-10-07,2014-07-06,4.059290659
2026-10-07,2014-07-07,4.060974457
2026-10-07,2014-07-08,4.062658953
2026-10-07,2014-07-09,4.064344148
2026-10-07,2014-07-10,4.066030042
2026-10-07,2014-07-11,4.067716635
2026-10-07,2014-07-12,4.069403928
2026-10-07,2014-07-13,4.071091921
2026-10-07,2014-07-14,4.072780614
2026-10-07,2014-07-15,4.074470007
2026-10-07,2014-07-16,4.076160102
2026-10-07,2014-07-17,4.077850897
2026-10-07,2014-07-18,4.079542393
2026-10-07,2014-07-19,4.081234592
2026-10-07,2014-07-20,4.082927492
2026-10-07,2014-07-21,4.084621094
2026-10-07,2014-07-22,4.086315399
2026-10-07,2014-07-23,4.088010407
2026-10-07,2014-07-24,4.089706118
2026-10-07,2014-07-25,4.091402532
2026-10-07,2014-07-26,4.093099649
2026-10-07,2014-07-27,4.094797471
2026-10-07,2014-07-28,4.096495997
2026-10-07,2014-07-29,4.098195228
2026-10-07,2014-07-30,4.099895163
2026-10-07,2014-07-31,4.101595804
2026-10-07,2014-08-01,4.10329715
2026-10-07,2014-08-02,4.104999202
2026-10-07,2014-08-03,4.106701959
2026-10-07,2014-08-04,4.108405423
2026-10-07,2014-08-05,4.110109594
2026-10-07,2014-08-06,4.111814472
2026-10-07,2014-08-07,4.113697763
2026-10-07,2014-08-08,4.115581918
2026-10-07,2014-08-09,4.117466935
2026-10-07,2014-08-10,4.119352816
2026-10-07,2014-08-11,4.12123956
2026-10-07,2014-08-12,4.123127169
2026-10-07,2014-08-13,4.125015642
2026-10-07,2014-08-14,4.12690498
2026-10-07,2014-08-15,4.128795184
2026-10-07,2014-08-16,4.130686253
2026-10-07,2014-08-17,4.132578189
2026-10-07,2014-08-18,4.134470991
2026-10-07,2014-08-19,4.13636466
2026-10-07,2014-08-20,4.138259196
2026-10-07,2014-08-21,4.1401546
2026-10-07,2014-08-22,4.142050872
2026-10-07,2014-08-23,4.143948013
2026-10-07,2014-08-24,4.145846022
2026-10-07,2014-08-25,4.147744901
2026-10-07,2014-08-26,4.14964465
2026-10-07,2014-08-27,4.151545268
2026-10-07,2014-08-28,4.153446758
2026-10-07,2014-08-29,4.155349118
2026-10-07,2014-08-30,4.157252349
2026-10-07,2014-08-31,4.159156453
2026-10-07,2014-09-01,4.161124942
2026-10-07,2014-09-02,4.163094363
2026-10-07,2014-09-03,4.165064717
2026-10-07,2014-09-04,4.167036003
2026-10-07,2014-09-05,4.169008222
2026-10-07,2014-09-06,4.170981374
2026-10-07,2014-09-07,4.172824827
2026-10-07,2014-09-08,4.174669094
2026-10-07,2014-09-09,4.176514177
2026-10-07,2014-09-10,4.178360075
2026-10-07,2014-09-11,4.180206789
2026-10-07,2014-09-12,4.182054319
2026-10-07,2014-09-13,4.183902666
2026-10-07,2014-09-14,4.18575183
2026-10-07,2014-09-15,4.18760181
2026-10-07,2014-09-16,4.189452609
2026-10-07,2014-09-17,4.191304226
2026-10-07,2014-09-18,4.19315666
2026-10-07,2014-09-19,4.195009914
2026-10-07,2014-09-20,4.196863987
2026-10-07,2014-09-21,4.198718879
2026-10-07,2014-09-22,4.200574591
2026-10-07,2014-09-23,4.202431123
2026-10-07,2014-09-24,4.204288476
2026-10-07,2014-09-25,4.206146649
2026-10-07,2014-09-26,4.208005644
2026-10-07,2014-09-27,4.209865461
2026-10-07,2014-09-28,4.211726099
2026-10-07,2014-09-29,4.21358756
2026-10-07,2014-09-30,4.215449843
2026-10-07,2014-10-01,4.217252837
2026-10-07,2014-10-02,4.219056602
2026-10-07,2014-10-03,4.220861138
2026-10-07,2014-10-04,4.222666446
2026-10-07,2014-10-05,4.224472526
2026-10-07,2014-10-06,4.226279378
2026-10-07,2014-10-07,4.228140885
2026-10-07,2014-10-08,4.230003212
2026-10-07,2014-10-09,4.231866359
2026-10-07,2014-10-10,4.233730327
2026-10-07,2014-10-11,4.235595115
2026-10-07,2014-10-12,4.237460725
2026-10-07,2014-10-13,4.239327157
2026-10-07,2014-10-14,4.241194411
2026-10-07,2014-10-15,4.243062487
2026-10-07,2014-10-16,4.244931386
2026-10-07,2014-10-17,4.246801108
2026-10-07,2014-10-18,4.248671654
2026-10-07,2014-10-19,4.250543024
2026-10-07,2014-10-20,4.252415218
2026-10-07,2014-10-21,4.254288236
2026-10-07,2014-10-22,4.25616208
2026-10-07,2014-10-23,4.258036749
2026-10-07,2014-10-24,4.259912244
2026-10-07,2014-10-25,4.261788564
2026-10-07,2014-10-26,4.263665711
2026-10-07,2014-10-27,4.265543685
2026-10-07,2014-10-28,4.267422487
2026-10-07,2014-10-29,4.269302115
2026-10-07,2014-10-30,4.271182572
2026-10-07,2014-10-31,4.273063857
2026-10-07,2014-11-01,4.275008722
2026-10-07,2014-11-02,4.276954472
2026-10-07,2014-11-03,4.278901107
2026-10-07,2014-11-04,4.280848629
2026-10-07,2014-11-05,4.282797037
2026-10-07,2014-11-06,4.284746332
2026-10-07,2014-11-07,4.286507269
2026-10-07,2014-11-08,4.28826893
2026-10-07,2014-11-09,4.290031315
2026-10-07,2014-11-10,4.291794424
2026-10-07,2014-11-11,4.293558258
2026-10-07,2014-11-12,4.295322817
2026-10-07,2014-11-13,4.297088101
2026-10-07,2014-11-14,4.29885411
2026-10-07,2014-11-15,4.300620846
2026-10-07,2014-11-16,4.302388307
2026-10-07,2014-11-17,4.304156495
2026-10-07,2014-11-18,4.305925409
2026-10-07,2014-11-19,4.30769505
2026-10-07,2014-11-20,4.309465419
2026-10-07,2014-11-21,4.311236515
2026-10-07,2014-11-22,4.313008339
2026-10-07,2014-11-23,4.314780892
2026-10-07,2014-11-24,4.316554172
2026-10-07,2014-11-25,4.318328182
2026-10-07,2014-11-26,4.320102921
2026-10-07,2014-11-27,4.321878389
2026-10-07,2014-11-28,4.323654586
2026-10-07,2014-11-29,4.325431514
2026-10-07,2014-11-30,4.327209172
2026-10-07,2014-12-01,4.328930182
2026-10-07,2014-12-02,4.330651876
2026-10-07,2014-12-03,4.332374255
2026-10-07,2014-12-04,4.334097319
2026-10-07,2014-12-05,4.335821068
2026-10-07,2014-12-06,4.337545503
2026-10-07,2014-12-07,4.339112525
2026-10-07,2014-12-08,4.340680112
2026-10-07,2014-12-09,4.342248266
2026-10-07,2014-12-10,4.343816987
2026-10-07,2014-12-11,4.345386274
2026-10-07,2014-12-12,4.346956128
2026-10-07,2014-12-13,4.348526549
2026-10-07,2014-12-14,4.350097538
2026-10-07,2014-12-15,4.351669094
2026-10-07,2014-12-16,4.353241218
2026-10-07,2014-12-17,4.35481391
2026-10-07,2014-12-18,4.35638717
2026-10-07,2014-12-19,4.357960999
2026-10-07,2014-12-20,4.359535396
2026-10-07,2014-12-21,4.361110361
2026-10-07,2014-12-22,4.362685896
2026-10-07,2014-12-23,4.364262
2026-10-07,2014-12-24,4.365838674
2026-10-07,2014-12-25,4.367415916
2026-10-07,2014-12-26,4.368993729
2026-10-07,2014-12-27,4.370572112
2026-10-07,2014-12-28,4.372151065
2026-10-07,2014-12-29,4.373730589
2026-10-07,2014-12-30,4.375310683
2026-10-07,2014-12-31,4.376891348
2026-10-07,2015-01-01,4.378472583
2026-10-07,2015-01-02,4.380054391
2026-10-07,2015-01-03,4.381636769
2026-10-07,2015-01-04,4.38321972
2026-10-07,2015-01-05,4.384803242
2026-10-07,2015-01-06,4.386387336
2026-10-07,2015-01-07,4.387792252
2026-10-07,2015-01-08,4.389197618
2026-10-07,2015-01-09,4.390603434
2026-10-07,2015-01-10,4.3920097
2026-10-07,2015-01-11,4.393416417
2026-10-07,2015-01-12,4.394823584
2026-10-07,2015-01-13,4.396231202
2026-10-07,2015-01-14,4.397639271
2026-10-07,2015-01-15,4.39904779
2026-10-07,2015-01-16,4.400456761
2026-10-07,2015-01-17,4.401866184
2026-10-07,2015-01-18,4.403276057
2026-10-07,2015-01-19,4.404686382
2026-10-07,2015-01-20,4.406097159
2026-10-07,2015-01-21,4.407508388
2026-10-07,2015-01-22,4.408920069
2026-10-07,2015-01-23,4.410332202
2026-10-07,2015-01-24,4.411744787
2026-10-07,2015-01-25,4.413157824
2026-10-07,2015-01-26,4.414571314
2026-10-07,2015-01-27,4.415985257
2026-10-07,2015-01-28,4.417399653
2026-10-07,2015-01-29,4.418814502
2026-10-07,2015-01-30,4.420229804
2026-10-07,2015-01-31,4.421645559
2026-10-07,2015-02-01,4.423213532
2026-10-07,2015-02-02,4.42478206
2026-10-07,2015-02-03,4.426351144
2026-10-07,2015-02-04,4.427920785
2026-10-07,2015-02-05,4.429490983
2026-10-07,2015-02-06,4.431061737
2026-10-07,2015-02-07,4.432838667
2026-10-07,2015-02-08,4.43461631
2026-10-07,2015-02-09,4.436394665
2026-10-07,2015-02-10,4.438173734
2026-10-07,2015-02-11,4.439953516
2026-10-07,2015-02-12,4.441734012
2026-10-07,2015-02-13,4.443515222
2026-10-07,2015-02-14,4.445297146
2026-10-07,2015-02-15,4.447079784
2026-10-07,2015-02-16,4.448863138
2026-10-07,2015-02-17,4.450647207
2026-10-07,2015-02-18,4.452431991
2026-10-07,2015-02-19,4.454217491
2026-10-07,2015-02-20,4.456003707
2026-10-07,2015-02-21,4.457790639
2026-10-07,2015-02-22,4.459578288
2026-10-07,2015-02-23,4.461366653
2026-10-07,2015-02-24,4.463155736
2026-10-07,2015-02-25,4.464945536
2026-10-07,2015-02-26,4.466736054
2026-10-07,2015-02-27,4.46852729
2026-10-07,2015-02-28,4.470319245
2026-10-07,2015-03-01,4.471938402
2026-10-07,2015-03-02,4.473558145
2026-10-07,2015-03-03,4.475178475
2026-10-07,2015-03-04,4.476799393
2026-10-07,2015-03-05,4.478420897
2026-10-07,2015-03-06,4.480042988
2026-10-07,2015-03-07,4.481385564
2026-10-07,2015-03-08,4.482728542
2026-10-07,2015-03-09,4.484071923
2026-10-07,2015-03-10,4.485415706
2026-10-07,2015-03-11,4.486759892
2026-10-07,2015-03-12,4.488104481
2026-10-07,2015-03-13,4.489449472
2026-10-07,2015-03-14,4.490794867
2026-10-07,2015-03-15,4.492140665
2026-10-07,2015-03-16,4.493486866
2026-10-07,2015-03-17,4.494833471
2026-10-07,2015-03-18,4.496180479
2026-10-07,2015-03-19,4.497527891
2026-10-07,2015-03-20,4.498875707
2026-10-07,2015-03-21,4.500223927
2026-10-07,2015-03-22,4.50157255
2026-10-07,2015-03-23,4.5029
2026-10-07,2015-03-24,4.50427101
2026-10-07,2015-03-25,4.505620847
2026-10-07,2015-03-26,4.506971087
2026-10-07,2015-03-27,4.508321733
2026-10-07,2015-03-28,4.509672783
2026-10-07,2015-03-29,4.511024239
2026-10-07,2015-03-30,4.512376099
2026-10-07,2015-03-31,4.513728364
2026-10-07,2015-04-01,4.515126131
2026-10-07,2015-04-02,4.516524331
2026-10-07,2015-04-03,4.517922963
2026-10-07,2015-04-04,4.519322029
2026-10-07,2015-04-05,4.520721527
2026-10-07,2015-04-06,4.52212146
2026-10-07,2015-04-07,4.524101648
2026-10-07,2015-04-08,4.526082703
2026-10-07,2015-04-09,4.528064625
2026-10-07,2015-04-10,4.530047416
2026-10-07,2015-04-11,4.532031074
2026-10-07,2015-04-12,4.534015602
2026-10-07,2015-04-13,4.536000998
2026-10-07,2015-04-14,4.537987264
2026-10-07,2015-04-15,4.539974399
2026-10-07,2015-04-16,4.541962405
2026-10-07,2015-04-17,4.543951281
2026-10-07,2015-04-18,4.545941028
2026-10-07,2015-04-19,4.547931646
2026-10-07,2015-04-20,4.549923136
2026-10-07,2015-04-21,4.551915498
2026-10-07,2015-04-22,4.553908733
2026-10-07,2015-04-23,4.55590284
2026-10-07,2015-04-24,4.557897821
2026-10-07,2015-04-25,4.559893675
2026-10-07,2015-04-26,4.561890403
2026-10-07,2015-04-27,4.563888005
2026-10-07,2015-04-28,4.565886482
2026-10-07,2015-04-29,4.567885835
2026-10-07,2015-04-30,4.569886062
2026-10-07,2015-05-01,4.571822601
2026-10-07,2015-05-02,4.573759959
2026-10-07,2015-05-03,4.575698139
2026-10-07,2015-05-04,4.57763714
2026-10-07,2015-05-05,4.579576963
2026-10-07,2015-05-06,4.581517608
2026-10-07,2015-05-07,4.583197233
2026-10-07,2015-05-08,4.584877475
2026-10-07,2015-05-09,4.586558332
2026-10-07,2015-05-10,4.588239805
2026-10-07,2015-05-11,4.589921895
2026-10-07,2015-05-12,4.591604601
2026-10-07,2015-05-13,4.593287925
2026-10-07,2015-05-14,4.594971865
2026-10-07,2015-05-15,4.596656423
2026-10-07,2015-05-16,4.598341599
2026-10-07,2015-05-17,4.600027392
2026-10-07,2015-05-18,4.601713803
2026-10-07,2015-05-19,4.603400833
2026-10-07,2015-05-20,4.605088481
2026-10-07,2015-05-21,4.606776747
2026-10-07,2015-05-22,4.608465633
2026-10-07,2015-05-23,4.610155138
2026-10-07,2015-05-24,4.611845262
2026-10-07,2015-05-25,4.613536006
2026-10-07,2015-05-26,4.615227369
2026-10-07,2015-05-27,4.616919353
2026-10-07,2015-05-28,4.618611957
2026-10-07,2015-05-29,4.620305182
2026-10-07,2015-05-30,4.621999027
2026-10-07,2015-05-31,4.623693493
2026-10-07,2015-06-01,4.625445094
2026-10-07,2015-06-02,4.627197359
2026-10-07,2015-06-03,4.628950287
2026-10-07,2015-06-04,4.63070388
2026-10-07,2015-06-05,4.632458137
2026-10-07,2015-06-06,4.634213058
2026-10-07,2015-06-07,4.635794232
2026-10-07,2015-06-08,4.637375946
2026-10-07,2015-06-09,4.6389582
2026-10-07,2015-06-10,4.640540993
2026-10-07,2015-06-11,4.642124326
2026-10-07,2015-06-12,4.6437082
2026-10-07,2015-06-13,4.645292614
2026-10-07,2015-06-14,4.646877569
2026-10-07,2015-06-15,4.648463064
2026-10-07,2015-06-16,4.6500491
2026-10-07,2015-06-17,4.651635678
2026-10-07,2015-06-18,4.653222797
2026-10-07,2015-06-19,4.654810457
2026-10-07,2015-06-20,4.656398659
2026-10-07,2015-06-21,4.657987403
2026-10-07,2015-06-22,4.659576689
2026-10-07,2015-06-23,4.661166518
2026-10-07,2015-06-24,4.662756888
2026-10-07,2015-06-25,4.664347802
2026-10-07,2015-06-26,4.665939258
2026-10-07,2015-06-27,4.667531257
2026-10-07,2015-06-28,4.669123799
2026-10-07,2015-06-29,4.670716885
2026-10-07,2015-06-30,4.672310514
2026-10-07,2015-07-01,4.673853254
2026-10-07,2015-07-02,4.675396503
2026-10-07,2015-07-03,4.676940262
2026-10-07,2015-07-04,4.67848453
2026-10-07,2015-07-05,4.680029308
2026-10-07,2015-07-06,4.681574596
2026-10-07,2015-07-07,4.683029829
2026-10-07,2015-07-08,4.684485515
2026-10-07,2015-07-09,4.685941653
2026-10-07,2015-07-10,4.687398244
2026-10-07,2015-07-11,4.688855287
2026-10-07,2015-07-12,4.690312784
2026-10-07,2015-07-13,4.691770733
2026-10-07,2015-07-14,4.693229136
2026-10-07,2015-07-15,4.694687992
2026-10-07,2015-07-16,4.696147301
2026-10-07,2015-07-17,4.697607064
2026-10-07,2015-07-18,4.699067281
2026-10-07,2015-07-19,4.700527952
2026-10-07,2015-07-20,4.701989077
2026-10-07,2015-07-21,4.703450655
2026-10-07,2015-07-22,4.704912689
2026-10-07,2015-07-23,4.706375176
2026-10-07,2015-07-24,4.707838119
2026-10-07,2015-07-25,4.709301516
2026-10-07,2015-07-26,4.710765368
2026-10-07,2015-07-27,4.712229675
2026-10-07,2015-07-28,4.713694437
2026-10-07,2015-07-29,4.715159654
2026-10-07,2015-07-30,4.716625327
2026-10-07,2015-07-31,4.718091456
2026-10-07,2015-08-01,4.71955804
2026-10-07,2015-08-02,4.72102508
2026-10-07,2015-08-03,4.722492576
2026-10-07,2015-08-04,4.723960528
2026-10-07,2015-08-05,4.725428937
2026-10-07,2015-08-06,4.726897802
2026-10-07,2015-08-07,4.728914057
2026-10-07,2015-08-08,4.730931173
2026-10-07,2015-08-09,4.732949149
2026-10-07,2015-08-10,4.734967985
2026-10-07,2015-08-11,4.736987683
2026-10-07,2015-08-12,4.739008242
2026-10-07,2015-08-13,4.741029663
2026-10-07,2015-08-14,4.743051946
2026-10-07,2015-08-15,4.745075092
2026-10-07,2015-08-16,4.747099101
2026-10-07,2015-08-17,4.749123973
2026-10-07,2015-08-18,4.751149709
2026-10-07,2015-08-19,4.753176309
2026-10-07,2015-08-20,4.755203773
2026-10-07,2015-08-21,4.757232103
2026-10-07,2015-08-22,4.759261297
2026-10-07,2015-08-23,4.761291357
2026-10-07,2015-08-24,4.763322283
2026-10-07,2015-08-25,4.765354075
2026-10-07,2015-08-26,4.767386734
2026-10-07,2015-08-27,4.76942026
2026-10-07,2015-08-28,4.771454653
2026-10-07,2015-08-29,4.773489914
2026-10-07,2015-08-30,4.775526043
2026-10-07,2015-08-31,4.777563041
2026-10-07,2015-09-01,4.779668851
2026-10-07,2015-09-02,4.78177559
2026-10-07,2015-09-03,4.783883257
2026-10-07,2015-09-04,4.785991853
2026-10-07,2015-09-05,4.788101379
2026-10-07,2015-09-06,4.790211834
2026-10-07,2015-09-07,4.79207687
2026-10-07,2015-09-08,4.793942631
2026-10-07,2015-09-09,4.79580912
2026-10-07,2015-09-10,4.797676334
2026-10-07,2015-09-11,4.799544276
2026-10-07,2015-09-12,4.801412945
2026-10-07,2015-09-13,4.803282342
2026-10-07,2015-09-14,4.805152467
2026-10-07,2015-09-15,4.807023319
2026-10-07,2015-09-16,4.8088949
2026-10-07,2015-09-17,4.81076721
2026-10-07,2015-09-18,4.812640249
2026-10-07,2015-09-19,4.814514017
2026-10-07,2015-09-20,4.816388514
2026-10-07,2015-09-21,4.818263741
2026-10-07,2015-09-22,4.820139699
2026-10-07,2015-09-23,4.822016387
2026-10-07,2015-09-24,4.823893805
2026-10-07,2015-09-25,4.825771954
2026-10-07,2015-09-26,4.827650835
2026-10-07,2015-09-27,4.829530447
2026-10-07,2015-09-28,4.831410791
2026-10-07,2015-09-29,4.833291867
2026-10-07,2015-09-30,4.835173676
2026-10-07,2015-10-01,4.836995479
2026-10-07,2015-10-02,4.838817968
2026-10-07,2015-10-03,4.840641143
2026-10-07,2015-10-04,4.842465006
2026-10-07,2015-10-05,4.844289556
2026-10-07,2015-10-06,4.846114793
2026-10-07,2015-10-07,4.847944563
2026-10-07,2015-10-08,4.849775023
2026-10-07,2015-10-09,4.851606175
2026-10-07,2015-10-10,4.853438018
2026-10-07,2015-10-11,4.855270553
2026-10-07,2015-10-12,4.85710378
2026-10-07,2015-10-13,4.858937698
2026-10-07,2015-10-14,4.86077231
2026-10-07,2015-10-15,4.862607614
2026-10-07,2015-10-16,4.864443611
2026-10-07,2015-10-17,4.866280301
2026-10-07,2015-10-18,4.868117684
2026-10-07,2015-10-19,4.869955762
2026-10-07,2015-10-20,4.871794533
2026-10-07,2015-10-21,4.873633999
2026-10-07,2015-10-22,4.875474159
2026-10-07,2015-10-23,4.877315014
2026-10-07,2015-10-24,4.879156564
2026-10-07,2015-10-25,4.88099881
2026-10-07,2015-10-26,4.882841751
2026-10-07,2015-10-27,4.884685387
2026-10-07,2015-10-28,4.88652972
2026-10-07,2015-10-29,4.88837475
2026-10-07,2015-10-30,4.890220476
2026-10-07,2015-10-31,4.892066899
2026-10-07,2015-11-01,4.893975601
2026-10-07,2015-11-02,4.895885049
2026-10-07,2015-11-03,4.897795241
2026-10-07,2015-11-04,4.899706179
2026-10-07,2015-11-05,4.901617862
2026-10-07,2015-11-06,4.903530291
2026-10-07,2015-11-07,4.905331146
2026-10-07,2015-11-08,4.907132663
2026-10-07,2015-11-09,4.908934841
2026-10-07,2015-11-10,4.910737681
2026-10-07,2015-11-11,4.912541184
2026-10-07,2015-11-12,4.914345348
2026-10-07,2015-11-13,4.916150175
2026-10-07,2015-11-14,4.917955665
2026-10-07,2015-11-15,4.919761818
2026-10-07,2015-11-16,4.921568635
2026-10-07,2015-11-17,4.923376115
2026-10-07,2015-11-18,4.925184258
2026-10-07,2015-11-19,4.926993066
2026-10-07,2015-11-20,4.928802538
2026-10-07,2015-11-21,4.930612675
2026-10-07,2015-11-22,4.932423476
2026-10-07,2015-11-23,4.934234943
2026-10-07,2015-11-24,4.936047075
2026-10-07,2015-11-25,4.937859872
2026-10-07,2015-11-26,4.939673335
2026-10-07,2015-11-27,4.941487464
2026-10-07,2015-11-28,4.943302259
2026-10-07,2015-11-29,4.945117721
2026-10-07,2015-11-30,4.946933849
2026-10-07,2015-12-01,4.948692028
2026-10-07,2015-12-02,4.950450832
2026-10-07,2015-12-03,4.952210261
2026-10-07,2015-12-04,4.953970315
2026-10-07,2015-12-05,4.955730994
2026-10-07,2015-12-06,4.9574923
2026-10-07,2015-12-07,4.960587674
2026-10-07,2015-12-08,4.963684981
2026-10-07,2015-12-09,4.966784222
2026-10-07,2015-12-10,4.969885398
2026-10-07,2015-12-11,4.972988511
2026-10-07,2015-12-12,4.976093561
2026-10-07,2015-12-13,4.97920055
2026-10-07,2015-12-14,4.982309478
2026-10-07,2015-12-15,4.985420348
2026-10-07,2015-12-16,4.988533161
2026-10-07,2015-12-17,4.991647916
2026-10-07,2015-12-18,4.994764617
2026-10-07,2015-12-19,4.997883264
2026-10-07,2015-12-20,5.001003858
2026-10-07,2015-12-21,5.0041264
2026-10-07,2015-12-22,5.007250892
2026-10-07,2015-12-23,5.010377335
2026-10-07,2015-12-24,5.01350573
2026-10-07,2015-12-25,5.016636078
2026-10-07,2015-12-26,5.019768381
2026-10-07,2015-12-27,5.022902639
2026-10-07,2015-12-28,5.026038855
2026-10-07,2015-12-29,5.029177029
2026-10-07,2015-12-30,5.032317162
2026-10-07,2015-12-31,5.035459256
2026-10-07,2016-01-01,5.038603311
2026-10-07,2016-01-02,5.04174933
2026-10-07,2016-01-03,5.044897313
2026-10-07,2016-01-04,5.048047262
2026-10-07,2016-01-05,5.051199177
2026-10-07,2016-01-06,5.054353061
2026-10-07,2016-01-07,5.057508914
2026-10-07,2016-01-08,5.060666737
2026-10-07,2016-01-09,5.063826532
2026-10-07,2016-01-10,5.066988299
2026-10-07,2016-01-11,5.070152041
2026-10-07,2016-01-12,5.073317758
2026-10-07,2016-01-13,5.076485452
2026-10-07,2016-01-14,5.079655124
2026-10-07,2016-01-15,5.082826775
2026-10-07,2016-01-16,5.086000406
2026-10-07,2016-01-17,5.089176019
2026-10-07,2016-01-18,5.092353614
2026-10-07,2016-01-19,5.095533194
2026-10-07,2016-01-20,5.098714759
2026-10-07,2016-01-21,5.10189831
2026-10-07,2016-01-22,5.105083849
2026-10-07,2016-01-23,5.108271378
2026-10-07,2016-01-24,5.111460896
2026-10-07,2016-01-25,5.114652406
2026-10-07,2016-01-26,5.120995458
2026-10-07,2016-01-27,5.127346377
2026-10-07,2016-01-28,5.133705171
2026-10-07,2016-01-29,5.140071852
2026-10-07,2016-01-30,5.146446429
2026-10-07,2016-01-31,5.152828911
2026-10-07,2016-02-01,5.159219309
2026-10-07,2016-02-02,5.165617632
2026-10-07,2016-02-03,5.172023889
2026-10-07,2016-02-04,5.178438092
2026-10-07,2016-02-05,5.18486025
2026-10-07,2016-02-06,5.191290372
2026-10-07,2016-02-07,5.197728468
2026-10-07,2016-02-08,5.204174549
2026-10-07,2016-02-09,5.210628624
2026-10-07,2016-02-10,5.217090703
2026-10-07,2016-02-11,5.223560797
2026-10-07,2016-02-12,5.230038914
2026-10-07,2016-02-13,5.236525065
2026-10-07,2016-02-14,5.243019261
2026-10-07,2016-02-15,5.24952151
2026-10-07,2016-02-16,5.256031823
2026-10-07,2016-02-17,5.26255021
2026-10-07,2016-02-18,5.269076681
2026-10-07,2016-02-19,5.275611246
2026-10-07,2016-02-20,5.282153915
2026-10-07,2016-02-21,5.288704698
2026-10-07,2016-02-22,5.295263605
2026-10-07,2016-02-23,5.301830646
2026-10-07,2016-02-24,5.308405831
2026-10-07,2016-02-25,5.314989171
2026-10-07,2016-02-26,5.32242449
2026-10-07,2016-02-27,5.329870209
2026-10-07,2016-02-28,5.337326345
2026-10-07,2016-02-29,5.344792912
2026-10-07,2016-03-01,5.352269924
2026-10-07,2016-03-02,5.359757395
2026-10-07,2016-03-03,5.367255341
2026-10-07,2016-03-04,5.374763776
2026-10-07,2016-03-05,5.382282715
2026-10-07,2016-03-06,5.389812173
2026-10-07,2016-03-07,5.397352164
2026-10-07,2016-03-08,5.404902702
2026-10-07,2016-03-09,5.412463804
2026-10-07,2016-03-10,5.420035482
2026-10-07,2016-03-11,5.427617754
2026-10-07,2016-03-12,5.435210632
2026-10-07,2016-03-13,5.442814132
2026-10-07,2016-03-14,5.450428269
2026-10-07,2016-03-15,5.458053057
2026-10-07,2016-03-16,5.465688513
2026-10-07,2016-03-17,5.473334649
2026-10-07,2016-03-18,5.480991482
2026-10-07,2016-03-19,5.488659027
2026-10-07,2016-03-20,5.496337298
2026-10-07,2016-03-21,5.50402631
2026-10-07,2016-03-22,5.511726079
2026-10-07,2016-03-23,5.519436619
2026-10-07,2016-03-24,5.527157946
2026-10-07,2016-03-25,5.534890074
2026-10-07,2016-03-26,5.539670555
2026-10-07,2016-03-27,5.544455164
2026-10-07,2016-03-28,5.549243906
2026-10-07,2016-03-29,5.554036784
2026-10-07,2016-03-30,5.558833801
2026-10-07,2016-03-31,5.563634962
2026-10-07,2016-04-01,5.568440269
2026-10-07,2016-04-02,5.573249727
2026-10-07,2016-04-03,5.578063339
2026-10-07,2016-04-04,5.582881108
2026-10-07,2016-04-05,5.587703038
2026-10-07,2016-04-06,5.592529133
2026-10-07,2016-04-07,5.597359397
2026-10-07,2016-04-08,5.602193832
2026-10-07,2016-04-09,5.607032443
2026-10-07,2016-04-10,5.611875232
2026-10-07,2016-04-11,5.616722205
2026-10-07,2016-04-12,5.621573364
2026-10-07,2016-04-13,5.626428712
2026-10-07,2016-04-14,5.631288255
2026-10-07,2016-04-15,5.636151994
2026-10-07,2016-04-16,5.641019935
2026-10-07,2016-04-17,5.645892079
2026-10-07,2016-04-18,5.650768432
2026-10-07,2016-04-19,5.655648997
2026-10-07,2016-04-20,5.660533777
2026-10-07,2016-04-21,5.665422775
2026-10-07,2016-04-22,5.670315997
2026-10-07,2016-04-23,5.675213445
2026-10-07,2016-04-24,5.680115122
2026-10-07,2016-04-25,5.685021034
2026-10-07,2016-04-26,5.690581694
2026-10-07,2016-04-27,5.696147793
2026-10-07,2016-04-28,5.701719336
2026-10-07,2016-04-29,5.707296329
2026-10-07,2016-04-30,5.712878777
2026-10-07,2016-05-01,5.718466686
2026-10-07,2016-05-02,5.72406006
2026-10-07,2016-05-03,5.729658905
2026-10-07,2016-05-04,5.735263226
2026-10-07,2016-05-05,5.740873029
2026-10-07,2016-05-06,5.74648832
2026-10-07,2016-05-07,5.752109102
2026-10-07,2016-05-08,5.757735383
2026-10-07,2016-05-09,5.763367167
2026-10-07,2016-05-10,5.769004459
2026-10-07,2016-05-11,5.774647265
2026-10-07,2016-05-12,5.780295591
2026-10-07,2016-05-13,5.785949441
2026-10-07,2016-05-14,5.791608822
2026-10-07,2016-05-15,5.797273738
2026-10-07,2016-05-16,5.802944195
2026-10-07,2016-05-17,5.808620199
2026-10-07,2016-05-18,5.814301754
2026-10-07,2016-05-19,5.819988867
2026-10-07,2016-05-20,5.825681543
2026-10-07,2016-05-21,5.831379786
2026-10-07,2016-05-22,5.837083603
2026-10-07,2016-05-23,5.842793
2026-10-07,2016-05-24,5.84850798
2026-10-07,2016-05-25,5.854228551
2026-10-07,2016-05-26,5.860536092
2026-10-07,2016-05-27,5.86685043
2026-10-07,2016-05-28,5.873171571
2026-10-07,2016-05-29,5.879499522
2026-10-07,2016-05-30,5.885834291
2026-10-07,2016-05-31,5.892175886
2026-10-07,2016-06-01,5.898524313
2026-10-07,2016-06-02,5.90487958
2026-10-07,2016-06-03,5.911241695
2026-10-07,2016-06-04,5.917610664
2026-10-07,2016-06-05,5.923986496
2026-10-07,2016-06-06,5.930369197
2026-10-07,2016-06-07,5.936758775
2026-10-07,2016-06-08,5.943155237
2026-10-07,2016-06-09,5.949558591
2026-10-07,2016-06-10,5.955968844
2026-10-07,2016-06-11,5.962386004
2026-10-07,2016-06-12,5.968810078
2026-10-07,2016-06-13,5.975241074
2026-10-07,2016-06-14,5.981678998
2026-10-07,2016-06-15,5.988123859
2026-10-07,2016-06-16,5.994575664
2026-10-07,2016-06-17,6.00103442
2026-10-07,2016-06-18,6.007500135
2026-10-07,2016-06-19,6.013972816
2026-10-07,2016-06-20,6.020452472
2026-10-07,2016-06-21,6.026939108
2026-10-07,2016-06-22,6.033432734
2026-10-07,2016-06-23,6.039933356
2026-10-07,2016-06-24,6.046440982
2026-10-07,2016-06-25,6.05295562
2026-10-07,2016-06-26,6.061262326
2026-10-07,2016-06-27,6.069580432
2026-10-07,2016-06-28,6.077909954
2026-10-07,2016-06-29,6.086250906
2026-10-07,2016-06-30,6.094603305
2026-10-07,2016-07-01,6.102967166
2026-10-07,2016-07-02,6.111342505
2026-10-07,2016-07-03,6.119729339
2026-10-07,2016-07-04,6.128127681
2026-10-07,2016-07-05,6.136537549
2026-10-07,2016-07-06,6.144958959
2026-10-07,2016-07-07,6.153391925
2026-10-07,2016-07-08,6.161836464
2026-10-07,2016-07-09,6.170292592
2026-10-07,2016-07-10,6.178760324
2026-10-07,2016-07-11,6.187239678
2026-10-07,2016-07-12,6.195730667
2026-10-07,2016-07-13,6.20423331
2026-10-07,2016-07-14,6.21274762
2026-10-07,2016-07-15,6.221273616
2026-10-07,2016-07-16,6.227346946
2026-10-07,2016-07-17,6.233426206
2026-10-07,2016-07-18,6.2395114
2026-10-07,2016-07-19,6.245602535
2026-10-07,2016-07-20,6.251699616
2026-10-07,2016-07-21,6.257802649
2026-10-07,2016-07-22,6.26391164
2026-10-07,2016-07-23,6.270026595
2026-10-07,2016-07-24,6.276147519
2026-10-07,2016-07-25,6.282274419
2026-10-07,2016-07-26,6.2884073
2026-10-07,2016-07-27,6.294546168
2026-10-07,2016-07-28,6.300691028
2026-10-07,2016-07-29,6.306841888
2026-10-07,2016-07-30,6.312998752
2026-10-07,2016-07-31,6.319161627
2026-10-07,2016-08-01,6.325330518
2026-10-07,2016-08-02,6.331505431
2026-10-07,2016-08-03,6.337686372
2026-10-07,2016-08-04,6.343873347
2026-10-07,2016-08-05,6.350066362
2026-10-07,2016-08-06,6.356265423
2026-10-07,2016-08-07,6.362470535
2026-10-07,2016-08-08,6.368681705
2026-10-07,2016-08-09,6.374898938
2026-10-07,2016-08-10,6.381122241
2026-10-07,2016-08-11,6.387351619
2026-10-07,2016-08-12,6.393587078
2026-10-07,2016-08-13,6.399828625
2026-10-07,2016-08-14,6.406076264
2026-10-07,2016-08-15,6.412330003
2026-10-07,2016-08-16,6.416336761
2026-10-07,2016-08-17,6.420346023
2026-10-07,2016-08-18,6.42435779
2026-10-07,2016-08-19,6.428372064
2026-10-07,2016-08-20,6.432388846
2026-10-07,2016-08-21,6.436408138
2026-10-07,2016-08-22,6.440429941
2026-10-07,2016-08-23,6.444454258
2026-10-07,2016-08-24,6.448481089
2026-10-07,2016-08-25,6.452510436
2026-10-07,2016-08-26,6.456542301
2026-10-07,2016-08-27,6.460576685
2026-10-07,2016-08-28,6.464613591
2026-10-07,2016-08-29,6.468653018
2026-10-07,2016-08-30,6.47269497
2026-10-07,2016-08-31,6.476739447
2026-10-07,2016-09-01,6.480786452
2026-10-07,2016-09-02,6.484835985
2026-10-07,2016-09-03,6.488888049
2026-10-07,2016-09-04,6.492942644
2026-10-07,2016-09-05,6.496999774
2026-10-07,2016-09-06,6.501059438
2026-10-07,2016-09-07,6.505121639
2026-10-07,2016-09-08,6.509186378
2026-10-07,2016-09-09,6.513253657
2026-10-07,2016-09-10,6.517323477
2026-10-07,2016-09-11,6.521395841
2026-10-07,2016-09-12,6.525470749
2026-10-07,2016-09-13,6.529548204
2026-10-07,2016-09-14,6.533628206
2026-10-07,2016-09-15,6.537710757
2026-10-07,2016-09-16,6.538108441
2026-10-07,2016-09-17,6.538506148
2026-10-07,2016-09-18,6.53890388
2026-10-07,2016-09-19,6.539301635
2026-10-07,2016-09-20,6.539699415
2026-10-07,2016-09-21,6.540097219
2026-10-07,2016-09-22,6.540495048
2026-10-07,2016-09-23,6.5408929
2026-10-07,2016-09-24,6.541290777
2026-10-07,2016-09-25,6.541688678
2026-10-07,2016-09-26,6.542086603
2026-10-07,2016-09-27,6.542484552
2026-10-07,2016-09-28,6.542882526
2026-10-07,2016-09-29,6.543280524
2026-10-07,2016-09-30,6.543678546
2026-10-07,2016-10-01,6.544076592
2026-10-07,2016-10-02,6.544474662
2026-10-07,2016-10-03,6.544872757
2026-10-07,2016-10-04,6.545270876
2026-10-07,2016-10-05,6.545669019
2026-10-07,2016-10-06,6.546067186
2026-10-07,2016-10-07,6.546465378
2026-10-07,2016-10-08,6.546863593
2026-10-07,2016-10-09,6.547261833
2026-10-07,2016-10-10,6.547660097
2026-10-07,2016-10-11,6.548058386
2026-10-07,2016-10-12,6.548456698
2026-10-07,2016-10-13,6.548855035
2026-10-07,2016-10-14,6.549253396
2026-10-07,2016-10-15,6.549651782
2026-10-07,2016-10-16,6.551950802
2026-10-07,2016-10-17,6.554250629
2026-10-07,2016-10-18,6.556551263
2026-10-07,2016-10-19,6.558852705
2026-10-07,2016-10-20,6.561154954
2026-10-07,2016-10-21,6.563458012
2026-10-07,2016-10-22,6.565761878
2026-10-07,2016-10-23,6.568066553
2026-10-07,2016-10-24,6.570372037
2026-10-07,2016-10-25,6.57267833
2026-10-07,2016-10-26,6.574985432
2026-10-07,2016-10-27,6.577293345
2026-10-07,2016-10-28,6.579602067
2026-10-07,2016-10-29,6.5819116
2026-10-07,2016-10-30,6.584221944
2026-10-07,2016-10-31,6.586533099
2026-10-07,2016-11-01,6.588845064
2026-10-07,2016-11-02,6.591157842
2026-10-07,2016-11-03,6.593471431
2026-10-07,2016-11-04,6.595785832
2026-10-07,2016-11-05,6.598101046
2026-10-07,2016-11-06,6.600417072
2026-10-07,2016-11-07,6.602733912
2026-10-07,2016-11-08,6.605051564
2026-10-07,2016-11-09,6.60737003
2026-10-07,2016-11-10,6.60968931
2026-10-07,2016-11-11,6.612009404
2026-10-07,2016-11-12,6.614330313
2026-10-07,2016-11-13,6.616652036
2026-10-07,2016-11-14,6.618974574
2026-10-07,2016-11-15,6.621297927
2026-10-07,2016-11-16,6.626609148
2026-10-07,2016-11-17,6.631924629
2026-10-07,2016-11-18,6.637244374
2026-10-07,2016-11-19,6.642568386
2026-10-07,2016-11-20,6.647896668
2026-10-07,2016-11-21,6.653229225
2026-10-07,2016-11-22,6.658566059
2026-10-07,2016-11-23,6.663907175
2026-10-07,2016-11-24,6.669252574
2026-10-07,2016-11-25,6.674602261
2026-10-07,2016-11-26,6.67995624
2026-10-07,2016-11-27,6.685314513
2026-10-07,2016-11-28,6.690677084
2026-10-07,2016-11-29,6.696043957
2026-10-07,2016-11-30,6.701415134
2026-10-07,2016-12-01,6.70679062
2026-10-07,2016-12-02,6.712170418
2026-10-07,2016-12-03,6.717554532
2026-10-07,2016-12-04,6.722942964
2026-10-07,2016-12-05,6.728335719
2026-10-07,2016-12-06,6.733732799
2026-10-07,2016-12-07,6.739134208
2026-10-07,2016-12-08,6.744539951
2026-10-07,2016-12-09,6.749950029
2026-10-07,2016-12-10,6.755364447
2026-10-07,2016-12-11,6.760783208
2026-10-07,2016-12-12,6.766206316
2026-10-07,2016-12-13,6.771633774
2026-10-07,2016-12-14,6.777065585
2026-10-07,2016-12-15,6.782501754
2026-10-07,2016-12-16,6.785942196
2026-10-07,2016-12-17,6.789384384
2026-10-07,2016-12-18,6.792828318
2026-10-07,2016-12-19,6.796273999
2026-10-07,2016-12-20,6.799721427
2026-10-07,2016-12-21,6.803170604
2026-10-07,2016-12-22,6.806621531
2026-10-07,2016-12-23,6.810074209
2026-10-07,2016-12-24,6.813528637
2026-10-07,2016-12-25,6.816984818
2026-10-07,2016-12-26,6.820442753
2026-10-07,2016-12-27,6.823902441
2026-10-07,2016-12-28,6.827363884
2026-10-07,2016-12-29,6.830827083
2026-10-07,2016-12-30,6.834292039
2026-10-07,2016-12-31,6.837758752
2026-10-07,2017-01-01,6.841227224
2026-10-07,2017-01-02,6.844697455
2026-10-07,2017-01-03,6.848169446
2026-10-07,2017-01-04,6.851643199
2026-10-07,2017-01-05,6.855118714
2026-10-07,2017-01-06,6.858595991
2026-10-07,2017-01-07,6.862075033
2026-10-07,2017-01-08,6.865555839
2026-10-07,2017-01-09,6.869038411
2026-10-07,2017-01-10,6.87252275
2026-10-07,2017-01-11,6.876008856
2026-10-07,2017-01-12,6.87949673
2026-10-07,2017-01-13,6.882986373
2026-10-07,2017-01-14,6.886477787
2026-10-07,2017-01-15,6.889970972
2026-10-07,2017-01-16,6.892651629
2026-10-07,2017-01-17,6.895333329
2026-10-07,2017-01-18,6.898016072
2026-10-07,2017-01-19,6.900699859
2026-10-07,2017-01-20,6.90338469
2026-10-07,2017-01-21,6.906070566
2026-10-07,2017-01-22,6.908757487
2026-10-07,2017-01-23,6.911445453
2026-10-07,2017-01-24,6.914134465
2026-10-07,2017-01-25,6.916824523
2026-10-07,2017-01-26,6.919515628
2026-10-07,2017-01-27,6.92220778
2026-10-07,2017-01-28,6.924900979
2026-10-07,2017-01-29,6.927595226
2026-10-07,2017-01-30,6.930290522
2026-10-07,2017-01-31,6.932986866
2026-10-07,2017-02-01,6.935684259
2026-10-07,2017-02-02,6.938382701
2026-10-07,2017-02-03,6.941082194
2026-10-07,2017-02-04,6.943782736
2026-10-07,2017-02-05,6.94648433
2026-10-07,2017-02-06,6.949186974
2026-10-07,2017-02-07,6.95189067
2026-10-07,2017-02-08,6.954595418
2026-10-07,2017-02-09,6.957301218
2026-10-07,2017-02-10,6.960008071
2026-10-07,2017-02-11,6.962715977
2026-10-07,2017-02-12,6.965424937
2026-10-07,2017-02-13,6.96813495
2026-10-07,2017-02-14,6.970846018
2026-10-07,2017-02-15,6.973558141
2026-10-07,2017-02-16,6.97673699
2026-10-07,2017-02-17,6.979917288
2026-10-07,2017-02-18,6.983099036
2026-10-07,2017-02-19,6.986282234
2026-10-07,2017-02-20,6.989466883
2026-10-07,2017-02-21,6.992652983
2026-10-07,2017-02-22,6.995840537
2026-10-07,2017-02-23,6.999029543
2026-10-07,2017-02-24,7.002220003
2026-10-07,2017-02-25,7.005411917
2026-10-07,2017-02-26,7.008605286
2026-10-07,2017-02-27,7.011800111
2026-10-07,2017-02-28,7.014996392
2026-10-07,2017-03-01,7.01819413
2026-10-07,2017-03-02,7.021393326
2026-10-07,2017-03-03,7.02459398
2026-10-07,2017-03-04,7.027796093
2026-10-07,2017-03-05,7.030999666
2026-10-07,2017-03-06,7.034204699
2026-10-07,2017-03-07,7.037411194
2026-10-07,2017-03-08,7.04061915
2026-10-07,2017-03-09,7.043828568
2026-10-07,2017-03-10,7.047039449
2026-10-07,2017-03-11,7.050251794
2026-10-07,2017-03-12,7.053465603
2026-10-07,2017-03-13,7.056680877
2026-10-07,2017-03-14,7.059897617
2026-10-07,2017-03-15,7.063115823
2026-10-07,2017-03-16,7.068823997
2026-10-07,2017-03-17,7.074536784
2026-10-07,2017-03-18,7.080254188
2026-10-07,2017-03-19,7.085976212
2026-10-07,2017-03-20,7.091702861
2026-10-07,2017-03-21,7.097434138
2026-10-07,2017-03-22,7.103170047
2026-10-07,2017-03-23,7.108910592
2026-10-07,2017-03-24,7.114655776
2026-10-07,2017-03-25,7.120405602
2026-10-07,2017-03-26,7.126160076
2026-10-07,2017-03-27,7.1319192
2026-10-07,2017-03-28,7.137682979
2026-10-07,2017-03-29,7.143451415
2026-10-07,2017-03-30,7.149224514
2026-10-07,2017-03-31,7.155002278
2026-10-07,2017-04-01,7.160784712
2026-10-07,2017-04-02,7.166571818
2026-10-07,2017-04-03,7.172363602
2026-10-07,2017-04-04,7.178160066
2026-10-07,2017-04-05,7.183961215
2026-10-07,2017-04-06,7.189767052
2026-10-07,2017-04-07,7.195577581
2026-10-07,2017-04-08,7.201392807
2026-10-07,2017-04-09,7.207212731
2026-10-07,2017-04-10,7.21303736
2026-10-07,2017-04-11,7.218866695
2026-10-07,2017-04-12,7.224700742
2026-10-07,2017-04-13,7.230539503
2026-10-07,2017-04-14,7.236382983
2026-10-07,2017-04-15,7.242231186
2026-10-07,2017-04-16,7.247937016
2026-10-07,2017-04-17,7.253647342
2026-10-07,2017-04-18,7.259362167
2026-10-07,2017-04-19,7.265081494
2026-10-07,2017-04-20,7.270805327
2026-10-07,2017-04-21,7.276533669
2026-10-07,2017-04-22,7.282266525
2026-10-07,2017-04-23,7.288003897
2026-10-07,2017-04-24,7.29374579
2026-10-07,2017-04-25,7.299492206
2026-10-07,2017-04-26,7.30524315
2026-10-07,2017-04-27,7.310998625
2026-10-07,2017-04-28,7.316758634
2026-10-07,2017-04-29,7.322523181
2026-10-07,2017-04-30,7.32829227
2026-10-07,2017-05-01,7.334065904
2026-10-07,2017-05-02,7.339844087
2026-10-07,2017-05-03,7.345626822
2026-10-07,2017-05-04,7.351414113
2026-10-07,2017-05-05,7.357205964
2026-10-07,2017-05-06,7.363002377
2026-10-07,2017-05-07,7.368803358
2026-10-07,2017-05-08,7.374608909
2026-10-07,2017-05-09,7.380419034
2026-10-07,2017-05-10,7.386233736
2026-10-07,2017-05-11,7.39205302
2026-10-07,2017-05-12,7.397876888
2026-10-07,2017-05-13,7.403705344
2026-10-07,2017-05-14,7.409538393
2026-10-07,2017-05-15,7.415376037
2026-10-07,2017-05-16,7.421463586
2026-10-07,2017-05-17,7.427556132
2026-10-07,2017-05-18,7.43365368
2026-10-07,2017-05-19,7.439756233
2026-10-07,2017-05-20,7.445863796
2026-10-07,2017-05-21,7.451976373
2026-10-07,2017-05-22,7.458093969
2026-10-07,2017-05-23,7.464216586
2026-10-07,2017-05-24,7.47034423
2026-10-07,2017-05-25,7.476476904
2026-10-07,2017-05-26,7.482614612
2026-10-07,2017-05-27,7.488757359
2026-10-07,2017-05-28,7.494905149
2026-10-07,2017-05-29,7.501057986
2026-10-07,2017-05-30,7.507215874
2026-10-07,2017-05-31,7.513378818
2026-10-07,2017-06-01,7.51954682
2026-10-07,2017-06-02,7.525719886
2026-10-07,2017-06-03,7.53189802
2026-10-07,2017-06-04,7.538081226
2026-10-07,2017-06-05,7.544269508
2026-10-07,2017-06-06,7.55046287
2026-10-07,2017-06-07,7.556661316
2026-10-07,2017-06-08,7.562864851
2026-10-07,2017-06-09,7.569073478
2026-10-07,2017-06-10,7.575287203
2026-10-07,2017-06-11,7.581506028
2026-10-07,2017-06-12,7.587729959
2026-10-07,2017-06-13,7.593958999
2026-10-07,2017-06-14,7.600193153
2026-10-07,2017-06-15,7.606432425
2026-10-07,2017-06-16,7.609794083
2026-10-07,2017-06-17,7.613157228
2026-10-07,2017-06-18,7.616521858
2026-10-07,2017-06-19,7.619887976
2026-10-07,2017-06-20,7.623255581
2026-10-07,2017-06-21,7.626624675
2026-10-07,2017-06-22,7.629995258
2026-10-07,2017-06-23,7.63336733
2026-10-07,2017-06-24,7.636740892
2026-10-07,2017-06-25,7.640115946
2026-10-07,2017-06-26,7.643492491
2026-10-07,2017-06-27,7.646870528
2026-10-07,2017-06-28,7.650250058
2026-10-07,2017-06-29,7.653631082
2026-10-07,2017-06-30,7.6570136
2026-10-07,2017-07-01,7.660397613
2026-10-07,2017-07-02,7.663783122
2026-10-07,2017-07-03,7.667170127
2026-10-07,2017-07-04,7.670558628
2026-10-07,2017-07-05,7.673948628
2026-10-07,2017-07-06,7.677340125
2026-10-07,2017-07-07,7.680733121
2026-10-07,2017-07-08,7.684127617
2026-10-07,2017-07-09,7.687523613
2026-10-07,2017-07-10,7.69092111
2026-10-07,2017-07-11,7.694320108
2026-10-07,2017-07-12,7.697720609
2026-10-07,2017-07-13,7.701122612
2026-10-07,2017-07-14,7.704526119
2026-10-07,2017-07-15,7.70793113
2026-10-07,2017-07-16,7.710803969
2026-10-07,2017-07-17,7.713677878
2026-10-07,2017-07-18,7.716552858
2026-10-07,2017-07-19,7.71942891
2026-10-07,2017-07-20,7.722306033
2026-10-07,2017-07-21,7.72518423
2026-10-07,2017-07-22,7.728063498
2026-10-07,2017-07-23,7.73094384
2026-10-07,2017-07-24,7.733825256
2026-10-07,2017-07-25,7.736707745
2026-10-07,2017-07-26,7.739591309
2026-10-07,2017-07-27,7.742475947
2026-10-07,2017-07-28,7.745361661
2026-10-07,2017-07-29,7.74824845
2026-10-07,2017-07-30,7.751136315
2026-10-07,2017-07-31,7.754025256
2026-10-07,2017-08-01,7.756915275
2026-10-07,2017-08-02,7.75980637
2026-10-07,2017-08-03,7.762698543
2026-10-07,2017-08-04,7.765591794
2026-10-07,2017-08-05,7.768486123
2026-10-07,2017-08-06,7.771381531
2026-10-07,2017-08-07,7.774278018
2026-10-07,2017-08-08,7.777175584
2026-10-07,2017-08-09,7.780074231
2026-10-07,2017-08-10,7.782973958
2026-10-07,2017-08-11,7.785874766
2026-10-07,2017-08-12,7.788776654
2026-10-07,2017-08-13,7.791679625
2026-10-07,2017-08-14,7.794583677
2026-10-07,2017-08-15,7.797488812
2026-10-07,2017-08-16,7.80169179
2026-10-07,2017-08-17,7.805897033
2026-10-07,2017-08-18,7.810104543
2026-10-07,2017-08-19,7.814314321
2026-10-07,2017-08-20,7.818526368
2026-10-07,2017-08-21,7.822740685
2026-10-07,2017-08-22,7.826957274
2026-10-07,2017-08-23,7.831176136
2026-10-07,2017-08-24,7.835397272
2026-10-07,2017-08-25,7.839620683
2026-10-07,2017-08-26,7.84384637
2026-10-07,2017-08-27,7.848074335
2026-10-07,2017-08-28,7.85230458
2026-10-07,2017-08-29,7.856537104
2026-10-07,2017-08-30,7.86077191
2026-10-07,2017-08-31,7.865008998
2026-10-07,2017-09-01,7.86924837
2026-10-07,2017-09-02,7.873490028
2026-10-07,2017-09-03,7.877733972
2026-10-07,2017-09-04,7.881980203
2026-10-07,2017-09-05,7.886228723
2026-10-07,2017-09-06,7.890479533
2026-10-07,2017-09-07,7.894732634
2026-10-07,2017-09-08,7.898988028
2026-10-07,2017-09-09,7.903245716
2026-10-07,2017-09-10,7.907505698
2026-10-07,2017-09-11,7.911767977
2026-10-07,2017-09-12,7.916032553
2026-10-07,2017-09-13,7.920299428
2026-10-07,2017-09-14,7.924568602
2026-10-07,2017-09-15,7.928840078
2026-10-07,2017-09-16,7.932595497
2026-10-07,2017-09-17,7.936352694
2026-10-07,2017-09-18,7.940111671
2026-10-07,2017-09-19,7.943872428
2026-10-07,2017-09-20,7.947634967
2026-10-07,2017-09-21,7.951399287
2026-10-07,2017-09-22,7.955165391
2026-10-07,2017-09-23,7.958933278
2026-10-07,2017-09-24,7.96270295
2026-10-07,2017-09-25,7.966474407
2026-10-07,2017-09-26,7.970247651
2026-10-07,2017-09-27,7.974022682
2026-10-07,2017-09-28,7.977799501
2026-10-07,2017-09-29,7.981578108
2026-10-07,2017-09-30,7.985358506
2026-10-07,2017-10-01,7.989140694
2026-10-07,2017-10-02,7.992924673
2026-10-07,2017-10-03,7.996710445
2026-10-07,2017-10-04,8.000498009
2026-10-07,2017-10-05,8.004287368
2026-10-07,2017-10-06,8.008078521
2026-10-07,2017-10-07,8.011871471
2026-10-07,2017-10-08,8.015666216
2026-10-07,2017-10-09,8.019462759
2026-10-07,2017-10-10,8.0232611
2026-10-07,2017-10-11,8.02706124
2026-10-07,2017-10-12,8.03086318
2026-10-07,2017-10-13,8.034666921
2026-10-07,2017-10-14,8.038472464
2026-10-07,2017-10-15,8.042279808
2026-10-07,2017-10-16,8.047241149
2026-10-07,2017-10-17,8.052205551
2026-10-07,2017-10-18,8.057173015
2026-10-07,2017-10-19,8.062143544
2026-10-07,2017-10-20,8.067117139
2026-10-07,2017-10-21,8.072093803
2026-10-07,2017-10-22,8.077073536
2026-10-07,2017-10-23,8.082056341
2026-10-07,2017-10-24,8.087042221
2026-10-07,2017-10-25,8.092031176
2026-10-07,2017-10-26,8.097023209
2026-10-07,2017-10-27,8.102018322
2026-10-07,2017-10-28,8.107016516
2026-10-07,2017-10-29,8.112017793
2026-10-07,2017-10-30,8.117022156
2026-10-07,2017-10-31,8.122029606
2026-10-07,2017-11-01,8.127040146
2026-10-07,2017-11-02,8.132053776
2026-10-07,2017-11-03,8.137070499
2026-10-07,2017-11-04,8.142090317
2026-10-07,2017-11-05,8.147113232
2026-10-07,2017-11-06,8.152139246
2026-10-07,2017-11-07,8.15716836
2026-10-07,2017-11-08,8.162200576
2026-10-07,2017-11-09,8.167235897
2026-10-07,2017-11-10,8.172274325
2026-10-07,2017-11-11,8.17731586
2026-10-07,2017-11-12,8.182360506
2026-10-07,2017-11-13,8.187408264
2026-10-07,2017-11-14,8.192459135
2026-10-07,2017-11-15,8.197513123
2026-10-07,2017-11-16,8.201661892
2026-10-07,2017-11-17,8.20581276
2026-10-07,2017-11-18,8.209965729
2026-10-07,2017-11-19,8.2141208
2026-10-07,2017-11-20,8.218277974
2026-10-07,2017-11-21,8.222437251
2026-10-07,2017-11-22,8.226598634
2026-10-07,2017-11-23,8.230762123
2026-10-07,2017-11-24,8.234927719
2026-10-07,2017-11-25,8.239095423
2026-10-07,2017-11-26,8.243265236
2026-10-07,2017-11-27,8.24743716
2026-10-07,2017-11-28,8.251611195
2026-10-07,2017-11-29,8.255787343
2026-10-07,2017-11-30,8.259965604
2026-10-07,2017-12-01,8.26414598
2026-10-07,2017-12-02,8.268328472
2026-10-07,2017-12-03,8.27251308
2026-10-07,2017-12-04,8.276699806
2026-10-07,2017-12-05,8.280888651
2026-10-07,2017-12-06,8.285079616
2026-10-07,2017-12-07,8.289272702
2026-10-07,2017-12-08,8.29346791
2026-10-07,2017-12-09,8.297665242
2026-10-07,2017-12-10,8.301864697
2026-10-07,2017-12-11,8.306066278
2026-10-07,2017-12-12,8.310269986
2026-10-07,2017-12-13,8.314475821
2026-10-07,2017-12-14,8.318683784
2026-10-07,2017-12-15,8.322893877
2026-10-07,2017-12-16,8.326719329
2026-10-07,2017-12-17,8.330546538
2026-10-07,2017-12-18,8.334375507
2026-10-07,2017-12-19,8.338206236
2026-10-07,2017-12-20,8.342038725
2026-10-07,2017-12-21,8.345872976
2026-10-07,2017-12-22,8.349708989
2026-10-07,2017-12-23,8.353546766
2026-10-07,2017-12-24,8.357386306
2026-10-07,2017-12-25,8.361227611
2026-10-07,2017-12-26,8.365070682
2026-10-07,2017-12-27,8.368915519
2026-10-07,2017-12-28,8.372762123
2026-10-07,2017-12-29,8.376610496
2026-10-07,2017-12-30,8.380460637
2026-10-07,2017-12-31,8.384312547
2026-10-07,2018-01-01,8.388166229
2026-10-07,2018-01-02,8.392021681
2026-10-07,2018-01-03,8.395878906
2026-10-07,2018-01-04,8.399737903
2026-10-07,2018-01-05,8.403598674
2026-10-07,2018-01-06,8.40746122
2026-10-07,2018-01-07,8.411325541
2026-10-07,2018-01-08,8.415191638
2026-10-07,2018-01-09,8.419059512
2026-10-07,2018-01-10,8.422929164
2026-10-07,2018-01-11,8.426800595
2026-10-07,2018-01-12,8.430673805
2026-10-07,2018-01-13,8.434548795
2026-10-07,2018-01-14,8.438425566
2026-10-07,2018-01-15,8.44230412
2026-10-07,2018-01-16,8.450622306
2026-10-07,2018-01-17,8.458948689
2026-10-07,2018-01-18,8.467283275
2026-10-07,2018-01-19,8.475626074
2026-10-07,2018-01-20,8.483977093
2026-10-07,2018-01-21,8.49233634
2026-10-07,2018-01-22,8.500703823
2026-10-07,2018-01-23,8.509079551
2026-10-07,2018-01-24,8.517463531
2026-10-07,2018-01-25,8.525855772
2026-10-07,2018-01-26,8.534256282
2026-10-07,2018-01-27,8.542665069
2026-10-07,2018-01-28,8.551082141
2026-10-07,2018-01-29,8.559507507
2026-10-07,2018-01-30,8.567941174
2026-10-07,2018-01-31,8.57638315
2026-10-07,2018-02-01,8.584833445
2026-10-07,2018-02-02,8.593292065
2026-10-07,2018-02-03,8.60175902
2026-10-07,2018-02-04,8.610234317
2026-10-07,2018-02-05,8.618717965
2026-10-07,2018-02-06,8.627209972
2026-10-07,2018-02-07,8.635710346
2026-10-07,2018-02-08,8.644219096
2026-10-07,2018-02-09,8.652736229
2026-10-07,2018-02-10,8.661261754
2026-10-07,2018-02-11,8.669795679
2026-10-07,2018-02-12,8.678338013
2026-10-07,2018-02-13,8.686888763
2026-10-07,2018-02-14,8.695447939
2026-10-07,2018-02-15,8.704015547
2026-10-07,2018-02-16,8.709653758
2026-10-07,2018-02-17,8.715295621
2026-10-07,2018-02-18,8.720941139
2026-10-07,2018-02-19,8.726590313
2026-10-07,2018-02-20,8.732243148
2026-10-07,2018-02-21,8.737899643
2026-10-07,2018-02-22,8.743559803
2026-10-07,2018-02-23,8.74922363
2026-10-07,2018-02-24,8.754891125
2026-10-07,2018-02-25,8.760562291
2026-10-07,2018-02-26,8.766237132
2026-10-07,2018-02-27,8.771915648
2026-10-07,2018-02-28,8.777597842
2026-10-07,2018-03-01,8.783283717
2026-10-07,2018-03-02,8.788973276
2026-10-07,2018-03-03,8.79466652
2026-10-07,2018-03-04,8.800363452
2026-10-07,2018-03-05,8.806064074
2026-10-07,2018-03-06,8.811768389
2026-10-07,2018-03-07,8.817476399
2026-10-07,2018-03-08,8.823188106
2026-10-07,2018-03-09,8.828903513
2026-10-07,2018-03-10,8.834622623
2026-10-07,2018-03-11,8.840345437
2026-10-07,2018-03-12,8.846071959
2026-10-07,2018-03-13,8.85180219
2026-10-07,2018-03-14,8.857536132
2026-10-07,2018-03-15,8.863273789
2026-10-07,2018-03-16,8.870057225
2026-10-07,2018-03-17,8.876845852
2026-10-07,2018-03-18,8.883639674
2026-10-07,2018-03-19,8.890438697
2026-10-07,2018-03-20,8.897242923
2026-10-07,2018-03-21,8.904052356
2026-10-07,2018-03-22,8.910867001
2026-10-07,2018-03-23,8.917686862
2026-10-07,2018-03-24,8.924511942
2026-10-07,2018-03-25,8.931342245
2026-10-07,2018-03-26,8.938177776
2026-10-07,2018-03-27,8.945018539
2026-10-07,2018-03-28,8.951864537
2026-10-07,2018-03-29,8.958715775
2026-10-07,2018-03-30,8.965572256
2026-10-07,2018-03-31,8.972433984
2026-10-07,2018-04-01,8.979300965
2026-10-07,2018-04-02,8.986173201
2026-10-07,2018-04-03,8.993050696
2026-10-07,2018-04-04,8.999933455
2026-10-07,2018-04-05,9.006821482
2026-10-07,2018-04-06,9.013714781
2026-10-07,2018-04-07,9.020613355
2026-10-07,2018-04-08,9.027517209
2026-10-07,2018-04-09,9.034426347
2026-10-07,2018-04-10,9.041340772
2026-10-07,2018-04-11,9.04826049
2026-10-07,2018-04-12,9.055185503
2026-10-07,2018-04-13,9.062115817
2026-10-07,2018-04-14,9.069051434
2026-10-07,2018-04-15,9.07599236
2026-10-07,2018-04-16,9.082874415
2026-10-07,2018-04-17,9.089761688
2026-10-07,2018-04-18,9.096654184
2026-10-07,2018-04-19,9.103551906
2026-10-07,2018-04-20,9.110454859
2026-10-07,2018-04-21,9.117363046
2026-10-07,2018-04-22,9.124276471
2026-10-07,2018-04-23,9.131195138
2026-10-07,2018-04-24,9.138119052
2026-10-07,2018-04-25,9.145048215
2026-10-07,2018-04-26,9.151982633
2026-10-07,2018-04-27,9.158922309
2026-10-07,2018-04-28,9.165867248
2026-10-07,2018-04-29,9.172817452
2026-10-07,2018-04-30,9.179772926
2026-10-07,2018-05-01,9.186733675
2026-10-07,2018-05-02,9.193699702
2026-10-07,2018-05-03,9.200671011
2026-10-07,2018-05-04,9.207647606
2026-10-07,2018-05-05,9.214629491
2026-10-07,2018-05-06,9.22161667
2026-10-07,2018-05-07,9.228609148
2026-10-07,2018-05-08,9.235606927
2026-10-07,2018-05-09,9.242610013
2026-10-07,2018-05-10,9.249618409
2026-10-07,2018-05-11,9.25663212
2026-10-07,2018-05-12,9.263651148
2026-10-07,2018-05-13,9.270675499
2026-10-07,2018-05-14,9.277705177
2026-10-07,2018-05-15,9.284740184
2026-10-07,2018-05-16,9.292723079
2026-10-07,2018-05-17,9.300712837
2026-10-07,2018-05-18,9.308709465
2026-10-07,2018-05-19,9.316712968
2026-10-07,2018-05-20,9.324723352
2026-10-07,2018-05-21,9.332740624
2026-10-07,2018-05-22,9.340764788
2026-10-07,2018-05-23,9.348795852
2026-10-07,2018-05-24,9.356833821
2026-10-07,2018-05-25,9.364878701
2026-10-07,2018-05-26,9.372930497
2026-10-07,2018-05-27,9.380989217
2026-10-07,2018-05-28,9.389054865
2026-10-07,2018-05-29,9.397127448
2026-10-07,2018-05-30,9.405206971
2026-10-07,2018-05-31,9.413293442
2026-10-07,2018-06-01,9.421386865
2026-10-07,2018-06-02,9.429487246
2026-10-07,2018-06-03,9.437594592
2026-10-07,2018-06-04,9.445708909
2026-10-07,2018-06-05,9.453830202
2026-10-07,2018-06-06,9.461958478
2026-10-07,2018-06-07,9.470093743
2026-10-07,2018-06-08,9.478236002
2026-10-07,2018-06-09,9.486385261
2026-10-07,2018-06-10,9.494541528
2026-10-07,2018-06-11,9.502704807
2026-10-07,2018-06-12,9.510875104
2026-10-07,2018-06-13,9.519052427
2026-10-07,2018-06-14,9.52723678
2026-10-07,2018-06-15,9.535428169
2026-10-07,2018-06-16,9.542036138
2026-10-07,2018-06-17,9.548648687
2026-10-07,2018-06-18,9.555265817
2026-10-07,2018-06-19,9.561887533
2026-10-07,2018-06-20,9.568513838
2026-10-07,2018-06-21,9.575144735
2026-10-07,2018-06-22,9.581780227
2026-10-07,2018-06-23,9.588420318
2026-10-07,2018-06-24,9.59506501
2026-10-07,2018-06-25,9.601714307
2026-10-07,2018-06-26,9.608368211
2026-10-07,2018-06-27,9.615026727
2026-10-07,2018-06-28,9.621689857
2026-10-07,2018-06-29,9.628357604
2026-10-07,2018-06-30,9.635029973
2026-10-07,2018-07-01,9.641706965
2026-10-07,2018-07-02,9.648388584
2026-10-07,2018-07-03,9.655074833
2026-10-07,2018-07-04,9.661765716
2026-10-07,2018-07-05,9.668461236
2026-10-07,2018-07-06,9.675161396
2026-10-07,2018-07-07,9.681866198
2026-10-07,2018-07-08,9.688575648
2026-10-07,2018-07-09,9.695289746
2026-10-07,2018-07-10,9.702008498
2026-10-07,2018-07-11,9.708731906
2026-10-07,2018-07-12,9.715459972
2026-10-07,2018-07-13,9.722192702
2026-10-07,2018-07-14,9.728930097
2026-10-07,2018-07-15,9.735672161
2026-10-07,2018-07-16,9.747089036
2026-10-07,2018-07-17,9.758519298
2026-10-07,2018-07-18,9.769962965
2026-10-07,2018-07-19,9.781420052
2026-10-07,2018-07-20,9.792890575
2026-10-07,2018-07-21,9.804374548
2026-10-07,2018-07-22,9.815871989
2026-10-07,2018-07-23,9.827382913
2026-10-07,2018-07-24,9.838907335
2026-10-07,2018-07-25,9.850445272
2026-10-07,2018-07-26,9.861996739
2026-10-07,2018-07-27,9.873561753
2026-10-07,2018-07-28,9.885140328
2026-10-07,2018-07-29,9.896732482
2026-10-07,2018-07-30,9.908338229
2026-10-07,2018-07-31,9.919957587
2026-10-07,2018-08-01,9.93159057
2026-10-07,2018-08-02,9.943237195
2026-10-07,2018-08-03,9.954897478
2026-10-07,2018-08-04,9.966571434
2026-10-07,2018-08-05,9.978259081
2026-10-07,2018-08-06,9.989960434
2026-10-07,2018-08-07,10.00167551
2026-10-07,2018-08-08,10.01340432
2026-10-07,2018-08-09,10.02514689
2026-10-07,2018-08-10,10.03690322
2026-10-07,2018-08-11,10.04867335
2026-10-07,2018-08-12,10.06045727
2026-10-07,2018-08-13,10.07225502
2026-10-07,2018-08-14,10.0840666
2026-10-07,2018-08-15,10.09589203
2026-10-07,2018-08-16,10.10583949
2026-10-07,2018-08-17,10.11579676
2026-10-07,2018-08-18,10.12576384
2026-10-07,2018-08-19,10.13574073
2026-10-07,2018-08-20,10.14572746
2026-10-07,2018-08-21,10.15572403
2026-10-07,2018-08-22,10.16573044
2026-10-07,2018-08-23,10.17574672
2026-10-07,2018-08-24,10.18577286
2026-10-07,2018-08-25,10.19580888
2026-10-07,2018-08-26,10.2058548
2026-10-07,2018-08-27,10.21591061
2026-10-07,2018-08-28,10.22597632
2026-10-07,2018-08-29,10.23605196
2026-10-07,2018-08-30,10.24613752
2026-10-07,2018-08-31,10.25623302
2026-10-07,2018-09-01,10.26633847
2026-10-07,2018-09-02,10.27645387
2026-10-07,2018-09-03,10.28657925
2026-10-07,2018-09-04,10.29671459
2026-10-07,2018-09-05,10.30685993
2026-10-07,2018-09-06,10.31701526
2026-10-07,2018-09-07,10.32718059
2026-10-07,2018-09-08,10.33735595
2026-10-07,2018-09-09,10.34754132
2026-10-07,2018-09-10,10.35773674
2026-10-07,2018-09-11,10.3679422
2026-10-07,2018-09-12,10.37815771
2026-10-07,2018-09-13,10.38838329
2026-10-07,2018-09-14,10.39861894
2026-10-07,2018-09-15,10.40886468
2026-10-07,2018-09-16,10.42214748
2026-10-07,2018-09-17,10.43544722
2026-10-07,2018-09-18,10.44876394
2026-10-07,2018-09-19,10.46209764
2026-10-07,2018-09-20,10.47544837
2026-10-07,2018-09-21,10.48881613
2026-10-07,2018-09-22,10.50220095
2026-10-07,2018-09-23,10.51560285
2026-10-07,2018-09-24,10.52902185
2026-10-07,2018-09-25,10.54245798
2026-10-07,2018-09-26,10.55591125
2026-10-07,2018-09-27,10.56938169
2026-10-07,2018-09-28,10.58286932
2026-10-07,2018-09-29,10.59637416
2026-10-07,2018-09-30,10.60989623
2026-10-07,2018-10-01,10.62343556
2026-10-07,2018-10-02,10.63699217
2026-10-07,2018-10-03,10.65056608
2026-10-07,2018-10-04,10.66415731
2026-10-07,2018-10-05,10.67776588
2026-10-07,2018-10-06,10.69139182
2026-10-07,2018-10-07,10.70503515
2026-10-07,2018-10-08,10.71869589
2026-10-07,2018-10-09,10.73237406
2026-10-07,2018-10-10,10.74606968
2026-10-07,2018-10-11,10.75978278
2026-10-07,2018-10-12,10.77351338
2026-10-07,2018-10-13,10.78726151
2026-10-07,2018-10-14,10.80102717
2026-10-07,2018-10-15,10.81481041
2026-10-07,2018-10-16,10.83680243
2026-10-07,2018-10-17,10.85883918
2026-10-07,2018-10-18,10.88092073
2026-10-07,2018-10-19,10.90304719
2026-10-07,2018-10-20,10.92521865
2026-10-07,2018-10-21,10.94743519
2026-10-07,2018-10-22,10.96969691
2026-10-07,2018-10-23,10.99200389
2026-10-07,2018-10-24,11.01435624
2026-10-07,2018-10-25,11.03675405
2026-10-07,2018-10-26,11.05919739
2026-10-07,2018-10-27,11.08168638
2026-10-07,2018-10-28,11.1042211
2026-10-07,2018-10-29,11.12680164
2026-10-07,2018-10-30,11.14942811
2026-10-07,2018-10-31,11.17210058
2026-10-07,2018-11-01,11.19481916
2026-10-07,2018-11-02,11.21758393
2026-10-07,2018-11-03,11.240395
2026-10-07,2018-11-04,11.26325245
2026-10-07,2018-11-05,11.28615639
2026-10-07,2018-11-06,11.3091069
2026-10-07,2018-11-07,11.33210408
2026-10-07,2018-11-08,11.35514803
2026-10-07,2018-11-09,11.37823883
2026-10-07,2018-11-10,11.4013766
2026-10-07,2018-11-11,11.42456141
2026-10-07,2018-11-12,11.44779337
2026-10-07,2018-11-13,11.47107257
2026-10-07,2018-11-14,11.49439911
2026-10-07,2018-11-15,11.51777308
2026-10-07,2018-11-16,11.53798239
2026-10-07,2018-11-17,11.55822715
2026-10-07,2018-11-18,11.57850744
2026-10-07,2018-11-19,11.59882331
2026-10-07,2018-11-20,11.61917483
2026-10-07,2018-11-21,11.63956206
2026-10-07,2018-11-22,11.65998506
2026-10-07,2018-11-23,11.68044389
2026-10-07,2018-11-24,11.70093862
2026-10-07,2018-11-25,11.72146932
2026-10-07,2018-11-26,11.74203603
2026-10-07,2018-11-27,11.76263883
2026-10-07,2018-11-28,11.78327779
2026-10-07,2018-11-29,11.80395295
2026-10-07,2018-11-30,11.82466439
2026-10-07,2018-12-01,11.84541218
2026-10-07,2018-12-02,11.86619636
2026-10-07,2018-12-03,11.88701702
2026-10-07,2018-12-04,11.90787421
2026-10-07,2018-12-05,11.92876799
2026-10-07,2018-12-06,11.94969844
2026-10-07,2018-12-07,11.97066561
2026-10-07,2018-12-08,11.99166957
2026-10-07,2018-12-09,12.01271038
2026-10-07,2018-12-10,12.03378812
2026-10-07,2018-12-11,12.05490283
2026-10-07,2018-12-12,12.0760546
2026-10-07,2018-12-13,12.09724347
2026-10-07,2018-12-14,12.11846953
2026-10-07,2018-12-15,12.13973283
2026-10-07,2018-12-16,12.15207411
2026-10-07,2018-12-17,12.16442794
2026-10-07,2018-12-18,12.17679433
2026-10-07,2018-12-19,12.18917328
2026-10-07,2018-12-20,12.20156483
2026-10-07,2018-12-21,12.21396897
2026-10-07,2018-12-22,12.22638572
2026-10-07,2018-12-23,12.23881509
2026-10-07,2018-12-24,12.2512571
2026-10-07,2018-12-25,12.26371176
2026-10-07,2018-12-26,12.27617908
2026-10-07,2018-12-27,12.28865907
2026-10-07,2018-12-28,12.30115175
2026-10-07,2018-12-29,12.31365713
2026-10-07,2018-12-30,12.32617523
2026-10-07,2018-12-31,12.33870605
2026-10-07,2019-01-01,12.3512496
2026-10-07,2019-01-02,12.36380591
2026-10-07,2019-01-03,12.37637499
2026-10-07,2019-01-04,12.38895684
2026-10-07,2019-01-05,12.40155149
2026-10-07,2019-01-06,12.41415893
2026-10-07,2019-01-07,12.4267792
2026-10-07,2019-01-08,12.43941229
2026-10-07,2019-01-09,12.45205823
2026-10-07,2019-01-10,12.46471702
2026-10-07,2019-01-11,12.47738868
2026-10-07,2019-01-12,12.49007323
2026-10-07,2019-01-13,12.50277066
2026-10-07,2019-01-14,12.51548101
2026-10-07,2019-01-15,12.52820428
2026-10-07,2019-01-16,12.53858183
2026-10-07,2019-01-17,12.54896797
2026-10-07,2019-01-18,12.55936271
2026-10-07,2019-01-19,12.56976607
2026-10-07,2019-01-20,12.58017804
2026-10-07,2019-01-21,12.59059864
2026-10-07,2019-01-22,12.60102787
2026-10-07,2019-01-23,12.61146574
2026-10-07,2019-01-24,12.62191226
2026-10-07,2019-01-25,12.63236742
2026-10-07,2019-01-26,12.64283125
2026-10-07,2019-01-27,12.65330375
2026-10-07,2019-01-28,12.66378492
2026-10-07,2019-01-29,12.67427477
2026-10-07,2019-01-30,12.68477331
2026-10-07,2019-01-31,12.69528055
2026-10-07,2019-02-01,12.70579649
2026-10-07,2019-02-02,12.71632115
2026-10-07,2019-02-03,12.72685452
2026-10-07,2019-02-04,12.73739661
2026-10-07,2019-02-05,12.74794744
2026-10-07,2019-02-06,12.75850701
2026-10-07,2019-02-07,12.76907532
2026-10-07,2019-02-08,12.77965239
2026-10-07,2019-02-09,12.79023822
2026-10-07,2019-02-10,12.80083282
2026-10-07,2019-02-11,12.81143619
2026-10-07,2019-02-12,12.82204835
2026-10-07,2019-02-13,12.8326693
2026-10-07,2019-02-14,12.84329904
2026-10-07,2019-02-15,12.85393759
2026-10-07,2019-02-16,12.86706791
2026-10-07,2019-02-17,12.88021165
2026-10-07,2019-02-18,12.89336881
2026-10-07,2019-02-19,12.90653941
2026-10-07,2019-02-20,12.91972347
2026-10-07,2019-02-21,12.93292099
2026-10-07,2019-02-22,12.946132
2026-10-07,2019-02-23,12.9593565
2026-10-07,2019-02-24,12.9725945
2026-10-07,2019-02-25,12.98584603
2026-10-07,2019-02-26,12.9991111
2026-10-07,2019-02-27,13.01238972
2026-10-07,2019-02-28,13.0256819
2026-10-07,2019-03-01,13.03898766
2026-10-07,2019-03-02,13.05230701
2026-10-07,2019-03-03,13.06563997
2026-10-07,2019-03-04,13.07898655
2026-10-07,2019-03-05,13.09234676
2026-10-07,2019-03-06,13.10572062
2026-10-07,2019-03-07,13.11910814
2026-10-07,2019-03-08,13.13250933
2026-10-07,2019-03-09,13.14592422
2026-10-07,2019-03-10,13.1593528
2026-10-07,2019-03-11,13.17279511
2026-10-07,2019-03-12,13.18625114
2026-10-07,2019-03-13,13.19972093
2026-10-07,2019-03-14,13.21320447
2026-10-07,2019-03-15,13.22670178
2026-10-07,2019-03-16,13.24262427
2026-10-07,2019-03-17,13.25856592
2026-10-07,2019-03-18,13.27452677
2026-10-07,2019-03-19,13.29050683
2026-10-07,2019-03-20,13.30650612
2026-10-07,2019-03-21,13.32252468
2026-10-07,2019-03-22,13.33856252
2026-10-07,2019-03-23,13.35461966
2026-10-07,2019-03-24,13.37069614
2026-10-07,2019-03-25,13.38679197
2026-10-07,2019-03-26,13.40290717
2026-10-07,2019-03-27,13.41904178
2026-10-07,2019-03-28,13.43519581
2026-10-07,2019-03-29,13.45136928
2026-10-07,2019-03-30,13.46756223
2026-10-07,2019-03-31,13.48377466
2026-10-07,2019-04-01,13.50000662
2026-10-07,2019-04-02,13.51625811
2026-10-07,2019-04-03,13.53252917
2026-10-07,2019-04-04,13.54881982
2026-10-07,2019-04-05,13.56513007
2026-10-07,2019-04-06,13.58145997
2026-10-07,2019-04-07,13.59780951
2026-10-07,2019-04-08,13.61417875
2026-10-07,2019-04-09,13.63056768
2026-10-07,2019-04-10,13.64697635
2026-10-07,2019-04-11,13.66340477
2026-10-07,2019-04-12,13.67985296
2026-10-07,2019-04-13,13.69632096
2026-10-07,2019-04-14,13.71280878
2026-10-07,2019-04-15,13.72931645
2026-10-07,2019-04-16,13.75035164
2026-10-07,2019-04-17,13.77141906
2026-10-07,2019-04-18,13.79251876
2026-10-07,2019-04-19,13.81365079
2026-10-07,2019-04-20,13.83481519
2026-10-07,2019-04-21,13.85601203
2026-10-07,2019-04-22,13.87724133
2026-10-07,2019-04-23,13.89850317
2026-10-07,2019-04-24,13.91979758
2026-10-07,2019-04-25,13.94112461
2026-10-07,2019-04-26,13.96248432
2026-10-07,2019-04-27,13.98387676
2026-10-07,2019-04-28,14.00530198
2026-10-07,2019-04-29,14.02676002
2026-10-07,2019-04-30,14.04825093
2026-10-07,2019-05-01,14.06977478
2026-10-07,2019-05-02,14.0913316
2026-10-07,2019-05-03,14.11292145
2026-10-07,2019-05-04,14.13454438
2026-10-07,2019-05-05,14.15620043
2026-10-07,2019-05-06,14.17788967
2026-10-07,2019-05-07,14.19961214
2026-10-07,2019-05-08,14.22136789
2026-10-07,2019-05-09,14.24315697
2026-10-07,2019-05-10,14.26497944
2026-10-07,2019-05-11,14.28683534
2026-10-07,2019-05-12,14.30872473
2026-10-07,2019-05-13,14.33064765
2026-10-07,2019-05-14,14.35260417
2026-10-07,2019-05-15,14.37459432
2026-10-07,2019-05-16,14.39010628
2026-10-07,2019-05-17,14.40563497
2026-10-07,2019-05-18,14.42118042
2026-10-07,2019-05-19,14.43674265
2026-10-07,2019-05-20,14.45232167
2026-10-07,2019-05-21,14.46791751
2026-10-07,2019-05-22,14.48353017
2026-10-07,2019-05-23,14.49915968
2026-10-07,2019-05-24,14.51480606
2026-10-07,2019-05-25,14.53046932
2026-10-07,2019-05-26,14.54614948
2026-10-07,2019-05-27,14.56184656
2026-10-07,2019-05-28,14.57756059
2026-10-07,2019-05-29,14.59329157
2026-10-07,2019-05-30,14.60903953
2026-10-07,2019-05-31,14.62480448
2026-10-07,2019-06-01,14.64058644
2026-10-07,2019-06-02,14.65638543
2026-10-07,2019-06-03,14.67220147
2026-10-07,2019-06-04,14.68803458
2026-10-07,2019-06-05,14.70388478
2026-10-07,2019-06-06,14.71975208
2026-10-07,2019-06-07,14.7356365
2026-10-07,2019-06-08,14.75153807
2026-10-07,2019-06-09,14.76745679
2026-10-07,2019-06-10,14.78339269
2026-10-07,2019-06-11,14.79934579
2026-10-07,2019-06-12,14.81531611
2026-10-07,2019-06-13,14.83130366
2026-10-07,2019-06-14,14.84730846
2026-10-07,2019-06-15,14.86333053
2026-10-07,2019-06-16,14.87846375
2026-10-07,2019-06-17,14.89361238
2026-10-07,2019-06-18,14.90877643
2026-10-07,2019-06-19,14.92395592
2026-10-07,2019-06-20,14.93915087
2026-10-07,2019-06-21,14.95436129
2026-10-07,2019-06-22,14.96958719
2026-10-07,2019-06-23,14.9848286
2026-10-07,2019-06-24,15.00008553
2026-10-07,2019-06-25,15.01535799
2026-10-07,2019-06-26,15.03064599
2026-10-07,2019-06-27,15.04594957
2026-10-07,2019-06-28,15.06126872
2026-10-07,2019-06-29,15.07660348
2026-10-07,2019-06-30,15.09195384
2026-10-07,2019-07-01,15.10731984
2026-10-07,2019-07-02,15.12270148
2026-10-07,2019-07-03,15.13809878
2026-10-07,2019-07-04,15.15351176
2026-10-07,2019-07-05,15.16894043
2026-10-07,2019-07-06,15.18438481
2026-10-07,2019-07-07,15.19984492
2026-10-07,2019-07-08,15.21532076
2026-10-07,2019-07-09,15.23081237
2026-10-07,2019-07-10,15.24631974
2026-10-07,2019-07-11,15.26184291
2026-10-07,2019-07-12,15.27738188
2026-10-07,2019-07-13,15.29293667
2026-10-07,2019-07-14,15.30850729
2026-10-07,2019-07-15,15.32409378
2026-10-07,2019-07-16,15.33726923
2026-10-07,2019-07-17,15.350456
2026-10-07,2019-07-18,15.36365412
2026-10-07,2019-07-19,15.37686358
2026-10-07,2019-07-20,15.3900844
2026-10-07,2019-07-21,15.40331659
2026-10-07,2019-07-22,15.41656015
2026-10-07,2019-07-23,15.4298151
2026-10-07,2019-07-24,15.44308145
2026-10-07,2019-07-25,15.4563592
2026-10-07,2019-07-26,15.46964837
2026-10-07,2019-07-27,15.48294897
2026-10-07,2019-07-28,15.496261
2026-10-07,2019-07-29,15.50958448
2026-10-07,2019-07-30,15.52291941
2026-10-07,2019-07-31,15.53626581
2026-10-07,2019-08-01,15.54962368
2026-10-07,2019-08-02,15.56299303
2026-10-07,2019-08-03,15.57637389
2026-10-07,2019-08-04,15.58976624
2026-10-07,2019-08-05,15.60317011
2026-10-07,2019-08-06,15.61658551
2026-10-07,2019-08-07,15.63001244
2026-10-07,2019-08-08,15.64345091
2026-10-07,2019-08-09,15.65690094
2026-10-07,2019-08-10,15.67036253
2026-10-07,2019-08-11,15.6838357
2026-10-07,2019-08-12,15.69732045
2026-10-07,2019-08-13,15.7108168
2026-10-07,2019-08-14,15.72432474
2026-10-07,2019-08-15,15.73784431
2026-10-07,2019-08-16,15.74889589
2026-10-07,2019-08-17,15.75995524
2026-10-07,2019-08-18,15.77102236
2026-10-07,2019-08-19,15.78209724
2026-10-07,2019-08-20,15.79317991
2026-10-07,2019-08-21,15.80427035
2026-10-07,2019-08-22,15.81536859
2026-10-07,2019-08-23,15.82647461
2026-10-07,2019-08-24,15.83758844
2026-10-07,2019-08-25,15.84871007
2026-10-07,2019-08-26,15.85983951
2026-10-07,2019-08-27,15.87097677
2026-10-07,2019-08-28,15.88212184
2026-10-07,2019-08-29,15.89327475
2026-10-07,2019-08-30,15.90443548
2026-10-07,2019-08-31,15.91560405
2026-10-07,2019-09-01,15.92678047
2026-10-07,2019-09-02,15.93796473
2026-10-07,2019-09-03,15.94915685
2026-10-07,2019-09-04,15.96035683
2026-10-07,2019-09-05,15.97156467
2026-10-07,2019-09-06,15.98278038
2026-10-07,2019-09-07,15.99400397
2026-10-07,2019-09-08,16.00523544
2026-10-07,2019-09-09,16.0164748
2026-10-07,2019-09-10,16.02772205
2026-10-07,2019-09-11,16.0389772
2026-10-07,2019-09-12,16.05024025
2026-10-07,2019-09-13,16.06151121
2026-10-07,2019-09-14,16.07279009
2026-10-07,2019-09-15,16.08407688
2026-10-07,2019-09-16,16.10511827
2026-10-07,2019-09-17,16.12618718
2026-10-07,2019-09-18,16.14728365
2026-10-07,2019-09-19,16.16840772
2026-10-07,2019-09-20,16.18955943
2026-10-07,2019-09-21,16.2107388
2026-10-07,2019-09-22,16.23194589
2026-10-07,2019-09-23,16.25318071
2026-10-07,2019-09-24,16.27444332
2026-10-07,2019-09-25,16.29573375
2026-10-07,2019-09-26,16.31705202
2026-10-07,2019-09-27,16.33839819
2026-10-07,2019-09-28,16.35977227
2026-10-07,2019-09-29,16.38117433
2026-10-07,2019-09-30,16.40260438
2026-10-07,2019-10-01,16.42406246
2026-10-07,2019-10-02,16.44554862
2026-10-07,2019-10-03,16.46706288
2026-10-07,2019-10-04,16.48860529
2026-10-07,2019-10-05,16.51017589
2026-10-07,2019-10-06,16.5317747
2026-10-07,2019-10-07,16.55340176
2026-10-07,2019-10-08,16.57505712
2026-10-07,2019-10-09,16.59674081
2026-10-07,2019-10-10,16.61845287
2026-10-07,2019-10-11,16.64019333
2026-10-07,2019-10-12,16.66196223
2026-10-07,2019-10-13,16.68375961
2026-10-07,2019-10-14,16.70558551
2026-10-07,2019-10-15,16.72743996
2026-10-07,2019-10-16,16.75840089
2026-10-07,2019-10-17,16.78941912
2026-10-07,2019-10-18,16.82049476
2026-10-07,2019-10-19,16.85162793
2026-10-07,2019-10-20,16.88281872
2026-10-07,2019-10-21,16.91406723
2026-10-07,2019-10-22,16.94537359
2026-10-07,2019-10-23,16.97673789
2026-10-07,2019-10-24,17.00816025
2026-10-07,2019-10-25,17.03964076
2026-10-07,2019-10-26,17.07117955
2026-10-07,2019-10-27,17.1027767
2026-10-07,2019-10-28,17.13443234
2026-10-07,2019-10-29,17.16614658
2026-10-07,2019-10-30,17.19791951
2026-10-07,2019-10-31,17.22975125
2026-10-07,2019-11-01,17.26164191
2026-10-07,2019-11-02,17.29359159
2026-10-07,2019-11-03,17.32560042
2026-10-07,2019-11-04,17.35766848
2026-10-07,2019-11-05,17.3897959
2026-10-07,2019-11-06,17.42198279
2026-10-07,2019-11-07,17.45422925
2026-10-07,2019-11-08,17.4865354
2026-10-07,2019-11-09,17.51890134
2026-10-07,2019-11-10,17.55132719
2026-10-07,2019-11-11,17.58381305
2026-10-07,2019-11-12,17.61635905
2026-10-07,2019-11-13,17.64896528
2026-10-07,2019-11-14,17.68163187
2026-10-07,2019-11-15,17.71435892
2026-10-07,2019-11-16,17.73354047
2026-10-07,2019-11-17,17.7527428
2026-10-07,2019-11-18,17.77196593
2026-10-07,2019-11-19,17.79120987
2026-10-07,2019-11-20,17.81047464
2026-10-07,2019-11-21,17.82976028
2026-10-07,2019-11-22,17.8490668
2026-10-07,2019-11-23,17.86839422
2026-10-07,2019-11-24,17.88774257
2026-10-07,2019-11-25,17.90711188
2026-10-07,2019-11-26,17.92650216
2026-10-07,2019-11-27,17.94591343
2026-10-07,2019-11-28,17.96534572
2026-10-07,2019-11-29,17.98479906
2026-10-07,2019-11-30,18.00427346
2026-10-07,2019-12-01,18.02376894
2026-10-07,2019-12-02,18.04328554
2026-10-07,2019-12-03,18.06282327
2026-10-07,2019-12-04,18.08238215
2026-10-07,2019-12-05,18.10196222
2026-10-07,2019-12-06,18.12156349
2026-10-07,2019-12-07,18.14118598
2026-10-07,2019-12-08,18.16082972
2026-10-07,2019-12-09,18.18049472
2026-10-07,2019-12-10,18.20018103
2026-10-07,2019-12-11,18.21988865
2026-10-07,2019-12-12,18.23961761
2026-10-07,2019-12-13,18.25936793
2026-10-07,2019-12-14,18.27913964
2026-10-07,2019-12-15,18.29893276
2026-10-07,2019-12-16,18.32380147
2026-10-07,2019-12-17,18.34870397
2026-10-07,2019-12-18,18.37364032
2026-10-07,2019-12-19,18.39861056
2026-10-07,2019-12-20,18.42361473
2026-10-07,2019-12-21,18.44865289
2026-10-07,2019-12-22,18.47372507
2026-10-07,2019-12-23,18.49883133
2026-10-07,2019-12-24,18.5239717
2026-10-07,2019-12-25,18.54914625
2026-10-07,2019-12-26,18.574355
2026-10-07,2019-12-27,18.59959802
2026-10-07,2019-12-28,18.62487534
2026-10-07,2019-12-29,18.65018701
2026-10-07,2019-12-30,18.67553308
2026-10-07,2019-12-31,18.7009136
2026-10-07,2020-01-01,18.72632861
2026-10-07,2020-01-02,18.75177816
2026-10-07,2020-01-03,18.7772623
2026-10-07,2020-01-04,18.80278107
2026-10-07,2020-01-05,18.82833452
2026-10-07,2020-01-06,18.8539227
2026-10-07,2020-01-07,18.87954565
2026-10-07,2020-01-08,18.90520343
2026-10-07,2020-01-09,18.93089607
2026-10-07,2020-01-10,18.95662364
2026-10-07,2020-01-11,18.98238616
2026-10-07,2020-01-12,19.0081837
2026-10-07,2020-01-13,19.0340163
2026-10-07,2020-01-14,19.05988401
2026-10-07,2020-01-15,19.08578687
2026-10-07,2020-01-16,19.10816848
2026-10-07,2020-01-17,19.13057634
2026-10-07,2020-01-18,19.15301047
2026-10-07,2020-01-19,19.17547092
2026-10-07,2020-01-20,19.1979577
2026-10-07,2020-01-21,19.22047085
2026-10-07,2020-01-22,19.24301041
2026-10-07,2020-01-23,19.26557639
2026-10-07,2020-01-24,19.28816884
2026-10-07,2020-01-25,19.31078778
2026-10-07,2020-01-26,19.33343325
2026-10-07,2020-01-27,19.35610527
2026-10-07,2020-01-28,19.37880388
2026-10-07,2020-01-29,19.40152911
2026-10-07,2020-01-30,19.42428099
2026-10-07,2020-01-31,19.44705955
2026-10-07,2020-02-01,19.46986482
2026-10-07,2020-02-02,19.49269683
2026-10-07,2020-02-03,19.51555562
2026-10-07,2020-02-04,19.53844121
2026-10-07,2020-02-05,19.56135365
2026-10-07,2020-02-06,19.58429295
2026-10-07,2020-02-07,19.60725915
2026-10-07,2020-02-08,19.63025229
2026-10-07,2020-02-09,19.65327238
2026-10-07,2020-02-10,19.67631948
2026-10-07,2020-02-11,19.6993936
2026-10-07,2020-02-12,19.72249478
2026-10-07,2020-02-13,19.74562305
2026-10-07,2020-02-14,19.76877844
2026-10-07,2020-02-15,19.79196098
2026-10-07,2020-02-16,19.80748635
2026-10-07,2020-02-17,19.82302389
2026-10-07,2020-02-18,19.83857362
2026-10-07,2020-02-19,19.85413554
2026-10-07,2020-02-20,19.86970968
2026-10-07,2020-02-21,19.88529603
2026-10-07,2020-02-22,19.90089461
2026-10-07,2020-02-23,19.91650542
2026-10-07,2020-02-24,19.93212848
2026-10-07,2020-02-25,19.9477638
2026-10-07,2020-02-26,19.96341138
2026-10-07,2020-02-27,19.97907123
2026-10-07,2020-02-28,19.99474337
2026-10-07,2020-02-29,20.0104278
2026-10-07,2020-03-01,20.02612453
2026-10-07,2020-03-02,20.04183358
2026-10-07,2020-03-03,20.05755495
2026-10-07,2020-03-04,20.07328865
2026-10-07,2020-03-05,20.0890347
2026-10-07,2020-03-06,20.10479309
2026-10-07,2020-03-07,20.12056385
2026-10-07,2020-03-08,20.13634698
2026-10-07,2020-03-09,20.15214249
2026-10-07,2020-03-10,20.16795039
2026-10-07,2020-03-11,20.18377069
2026-10-07,2020-03-12,20.1996034
2026-10-07,2020-03-13,20.21544853
2026-10-07,2020-03-14,20.23130609
2026-10-07,2020-03-15,20.24717608
2026-10-07,2020-03-16,20.260114
2026-10-07,2020-03-17,20.27306018
2026-10-07,2020-03-18,20.28601464
2026-10-07,2020-03-19,20.29897737
2026-10-07,2020-03-20,20.31194839
2026-10-07,2020-03-21,20.32492769
2026-10-07,2020-03-22,20.33791529
2026-10-07,2020-03-23,20.35091119
2026-10-07,2020-03-24,20.36391539
2026-10-07,2020-03-25,20.3769279
2026-10-07,2020-03-26,20.38994873
2026-10-07,2020-03-27,20.40297787
2026-10-07,2020-03-28,20.41601535
2026-10-07,2020-03-29,20.42906115
2026-10-07,2020-03-30,20.44211529
2026-10-07,2020-03-31,20.45517777
2026-10-07,2020-04-01,20.4682486
2026-10-07,2020-04-02,20.48132778
2026-10-07,2020-04-03,20.49441532
2026-10-07,2020-04-04,20.50751122
2026-10-07,2020-04-05,20.52061548
2026-10-07,2020-04-06,20.53372813
2026-10-07,2020-04-07,20.54684915
2026-10-07,2020-04-08,20.55997855
2026-10-07,2020-04-09,20.57311635
2026-10-07,2020-04-10,20.58626254
2026-10-07,2020-04-11,20.59941713
2026-10-07,2020-04-12,20.61258013
2026-10-07,2020-04-13,20.62575154
2026-10-07,2020-04-14,20.63893136
2026-10-07,2020-04-15,20.65211961
2026-10-07,2020-04-16,20.67448225
2026-10-07,2020-04-17,20.6968691
2026-10-07,2020-04-18,20.7192802
2026-10-07,2020-04-19,20.74171557
2026-10-07,2020-04-20,20.76417523
2026-10-07,2020-04-21,20.7866592
2026-10-07,2020-04-22,20.80916753
2026-10-07,2020-04-23,20.83170023
2026-10-07,2020-04-24,20.85425732
2026-10-07,2020-04-25,20.87683884
2026-10-07,2020-04-26,20.89944482
2026-10-07,2020-04-27,20.92207527
2026-10-07,2020-04-28,20.94473023
2026-10-07,2020-04-29,20.96740971
2026-10-07,2020-04-30,20.99011376
2026-10-07,2020-05-01,21.01284239
2026-10-07,2020-05-02,21.03559563
2026-10-07,2020-05-03,21.05837351
2026-10-07,2020-05-04,21.08117606
2026-10-07,2020-05-05,21.10400329
2026-10-07,2020-05-06,21.12685524
2026-10-07,2020-05-07,21.14973194
2026-10-07,2020-05-08,21.17263341
2026-10-07,2020-05-09,21.19555968
2026-10-07,2020-05-10,21.21851077
2026-10-07,2020-05-11,21.24148672
2026-10-07,2020-05-12,21.26448754
2026-10-07,2020-05-13,21.28751327
2026-10-07,2020-05-14,21.31056393
2026-10-07,2020-05-15,21.33363955
2026-10-07,2020-05-16,21.34388809
2026-10-07,2020-05-17,21.35414155
2026-10-07,2020-05-18,21.36439993
2026-10-07,2020-05-19,21.37466324
2026-10-07,2020-05-20,21.38493148
2026-10-07,2020-05-21,21.39520466
2026-10-07,2020-05-22,21.40548277
2026-10-07,2020-05-23,21.41576582
2026-10-07,2020-05-24,21.42605381
2026-10-07,2020-05-25,21.43634674
2026-10-07,2020-05-26,21.44664461
2026-10-07,2020-05-27,21.45694743
2026-10-07,2020-05-28,21.4672552
2026-10-07,2020-05-29,21.47756793
2026-10-07,2020-05-30,21.4878856
2026-10-07,2020-05-31,21.49820824
2026-10-07,2020-06-01,21.50853583
2026-10-07,2020-06-02,21.51886838
2026-10-07,2020-06-03,21.5292059
2026-10-07,2020-06-04,21.53954838
2026-10-07,2020-06-05,21.54989584
2026-10-07,2020-06-06,21.56024826
2026-10-07,2020-06-07,21.57060565
2026-10-07,2020-06-08,21.58096803
2026-10-07,2020-06-09,21.59133538
2026-10-07,2020-06-10,21.60170771
2026-10-07,2020-06-11,21.61208502
2026-10-07,2020-06-12,21.62246732
2026-10-07,2020-06-13,21.6328546
2026-10-07,2020-06-14,21.64324688
2026-10-07,2020-06-15,21.65364415
2026-10-07,2020-06-16,21.66439324
2026-10-07,2020-06-17,21.67514766
2026-10-07,2020-06-18,21.68590743
2026-10-07,2020-06-19,21.69667254
2026-10-07,2020-06-20,21.70744299
2026-10-07,2020-06-21,21.71821879
2026-10-07,2020-06-22,21.72899993
2026-10-07,2020-06-23,21.73978643
2026-10-07,2020-06-24,21.75057828
2026-10-07,2020-06-25,21.76137549
2026-10-07,2020-06-26,21.77217806
2026-10-07,2020-06-27,21.782986
2026-10-07,2020-06-28,21.79379929
2026-10-07,2020-06-29,21.80461796
2026-10-07,2020-06-30,21.81544199
2026-10-07,2020-07-01,21.8262714
2026-10-07,2020-07-02,21.83710619
2026-10-07,2020-07-03,21.84794635
2026-10-07,2020-07-04,21.8587919
2026-10-07,2020-07-05,21.86964282
2026-10-07,2020-07-06,21.88049914
2026-10-07,2020-07-07,21.89136084
2026-10-07,2020-07-08,21.90222794
2026-10-07,2020-07-09,21.91310043
2026-10-07,2020-07-10,21.92397832
2026-10-07,2020-07-11,21.93486161
2026-10-07,2020-07-12,21.9457503
2026-10-07,2020-07-13,21.95664439
2026-10-07,2020-07-14,21.96754389
2026-10-07,2020-07-15,21.97844881
2026-10-07,2020-07-16,21.99388274
2026-10-07,2020-07-17,22.0093275
2026-10-07,2020-07-18,22.02478311
2026-10-07,2020-07-19,22.04024958
2026-10-07,2020-07-20,22.0557269
2026-10-07,2020-07-21,22.0712151
2026-10-07,2020-07-22,22.08671417
2026-10-07,2020-07-23,22.10222412
2026-10-07,2020-07-24,22.11774497
2026-10-07,2020-07-25,22.13327671
2026-10-07,2020-07-26,22.14881937
2026-10-07,2020-07-27,22.16437293
2026-10-07,2020-07-28,22.17993742
2026-10-07,2020-07-29,22.19551284
2026-10-07,2020-07-30,22.2110992
2026-10-07,2020-07-31,22.2266965
2026-10-07,2020-08-01,22.24230475
2026-10-07,2020-08-02,22.25792397
2026-10-07,2020-08-03,22.27355415
2026-10-07,2020-08-04,22.28919531
2026-10-07,2020-08-05,22.30484745
2026-10-07,2020-08-06,22.32051059
2026-10-07,2020-08-07,22.33618472
2026-10-07,2020-08-08,22.35186986
2026-10-07,2020-08-09,22.36756601
2026-10-07,2020-08-10,22.38327319
2026-10-07,2020-08-11,22.3989914
2026-10-07,2020-08-12,22.41472064
2026-10-07,2020-08-13,22.43046093
2026-10-07,2020-08-14,22.44621228
2026-10-07,2020-08-15,22.46197468
2026-10-07,2020-08-16,22.47561669
2026-10-07,2020-08-17,22.48926698
2026-10-07,2020-08-18,22.50292556
2026-10-07,2020-08-19,22.51659243
2026-10-07,2020-08-20,22.53026761
2026-10-07,2020-08-21,22.54395109
2026-10-07,2020-08-22,22.55764288
2026-10-07,2020-08-23,22.57134299
2026-10-07,2020-08-24,22.58505142
2026-10-07,2020-08-25,22.59876817
2026-10-07,2020-08-26,22.61249325
2026-10-07,2020-08-27,22.62622667
2026-10-07,2020-08-28,22.63996844
2026-10-07,2020-08-29,22.65371854
2026-10-07,2020-08-30,22.667477
2026-10-07,2020-08-31,22.68124381
2026-10-07,2020-09-01,22.69501899
2026-10-07,2020-09-02,22.70880253
2026-10-07,2020-09-03,22.72259444
2026-10-07,2020-09-04,22.73639473
2026-10-07,2020-09-05,22.7502034
2026-10-07,2020-09-06,22.76402046
2026-10-07,2020-09-07,22.77784591
2026-10-07,2020-09-08,22.79167975
2026-10-07,2020-09-09,22.805522
2026-10-07,2020-09-10,22.81937265
2026-10-07,2020-09-11,22.83323172
2026-10-07,2020-09-12,22.8470992
2026-10-07,2020-09-13,22.8609751
2026-10-07,2020-09-14,22.87485944
2026-10-07,2020-09-15,22.8887522
2026-10-07,2020-09-16,22.90908792
2026-10-07,2020-09-17,22.9294417
2026-10-07,2020-09-18,22.94981356
2026-10-07,2020-09-19,22.97020352
2026-10-07,2020-09-20,22.9906116
2026-10-07,2020-09-21,23.01103782
2026-10-07,2020-09-22,23.03148218
2026-10-07,2020-09-23,23.0519447
2026-10-07,2020-09-24,23.0724254
2026-10-07,2020-09-25,23.0929243
2026-10-07,2020-09-26,23.11344141
2026-10-07,2020-09-27,23.13397675
2026-10-07,2020-09-28,23.15453034
2026-10-07,2020-09-29,23.17510219
2026-10-07,2020-09-30,23.19569231
2026-10-07,2020-10-01,23.21630073
2026-10-07,2020-10-02,23.23692745
2026-10-07,2020-10-03,23.25757251
2026-10-07,2020-10-04,23.2782359
2026-10-07,2020-10-05,23.29891766
2026-10-07,2020-10-06,23.31961778
2026-10-07,2020-10-07,23.3403363
2026-10-07,2020-10-08,23.36107323
2026-10-07,2020-10-09,23.38182858
2026-10-07,2020-10-10,23.40260238
2026-10-07,2020-10-11,23.42339462
2026-10-07,2020-10-12,23.44420534
2026-10-07,2020-10-13,23.46503456
2026-10-07,2020-10-14,23.48588227
2026-10-07,2020-10-15,23.50674851
2026-10-07,2020-10-16,23.52769793
2026-10-07,2020-10-17,23.54866602
2026-10-07,2020-10-18,23.5696528
2026-10-07,2020-10-19,23.59065828
2026-10-07,2020-10-20,23.61168248
2026-10-07,2020-10-21,23.63272542
2026-10-07,2020-10-22,23.65378711
2026-10-07,2020-10-23,23.67486757
2026-10-07,2020-10-24,23.69596682
2026-10-07,2020-10-25,23.71708487
2026-10-07,2020-10-26,23.73822174
2026-10-07,2020-10-27,23.75937745
2026-10-07,2020-10-28,23.78055202
2026-10-07,2020-10-29,23.80174545
2026-10-07,2020-10-30,23.82295778
2026-10-07,2020-10-31,23.844189
2026-10-07,2020-11-01,23.86543915
2026-10-07,2020-11-02,23.88670824
2026-10-07,2020-11-03,23.90799628
2026-10-07,2020-11-04,23.9293033
2026-10-07,2020-11-05,23.9506293
2026-10-07,2020-11-06,23.97197431
2026-10-07,2020-11-07,23.99333835
2026-10-07,2020-11-08,24.01472142
2026-10-07,2020-11-09,24.03612355
2026-10-07,2020-11-10,24.05754475
2026-10-07,2020-11-11,24.07898505
2026-10-07,2020-11-12,24.10044445
2026-10-07,2020-11-13,24.12192297
2026-10-07,2020-11-14,24.14342064
2026-10-07,2020-11-15,24.16493747
2026-10-07,2020-11-16,24.19499783
2026-10-07,2020-11-17,24.22509558
2026-10-07,2020-11-18,24.25523077
2026-10-07,2020-11-19,24.28540345
2026-10-07,2020-11-20,24.31561367
2026-10-07,2020-11-21,24.34586146
2026-10-07,2020-11-22,24.37614688
2026-10-07,2020-11-23,24.40646998
2026-10-07,2020-11-24,24.4368308
2026-10-07,2020-11-25,24.46722938
2026-10-07,2020-11-26,24.49766578
2026-10-07,2020-11-27,24.52814004
2026-10-07,2020-11-28,24.55865221
2026-10-07,2020-11-29,24.58920234
2026-10-07,2020-11-30,24.61979047
2026-10-07,2020-12-01,24.65041665
2026-10-07,2020-12-02,24.68108092
2026-10-07,2020-12-03,24.71178335
2026-10-07,2020-12-04,24.74252396
2026-10-07,2020-12-05,24.77330282
2026-10-07,2020-12-06,24.80411996
2026-10-07,2020-12-07,24.83497544
2026-10-07,2020-12-08,24.86586931
2026-10-07,2020-12-09,24.8968016
2026-10-07,2020-12-10,24.92777237
2026-10-07,2020-12-11,24.95878167
2026-10-07,2020-12-12,24.98982955
2026-10-07,2020-12-13,25.02091604
2026-10-07,2020-12-14,25.05204121
2026-10-07,2020-12-15,25.08320509
2026-10-07,2020-12-16,25.10870474
2026-10-07,2020-12-17,25.13423031
2026-10-07,2020-12-18,25.15978183
2026-10-07,2020-12-19,25.18535933
2026-10-07,2020-12-20,25.21096282
2026-10-07,2020-12-21,25.23659235
2026-10-07,2020-12-22,25.26224793
2026-10-07,2020-12-23,25.28792959
2026-10-07,2020-12-24,25.31363736
2026-10-07,2020-12-25,25.33937127
2026-10-07,2020-12-26,25.36513133
2026-10-07,2020-12-27,25.39091759
2026-10-07,2020-12-28,25.41673006
2026-10-07,2020-12-29,25.44256877
2026-10-07,2020-12-30,25.46843374
2026-10-07,2020-12-31,25.49432501
2026-10-07,2021-01-01,25.52024261
2026-10-07,2021-01-02,25.54618655
2026-10-07,2021-01-03,25.57215686
2026-10-07,2021-01-04,25.59815358
2026-10-07,2021-01-05,25.62417672
2026-10-07,2021-01-06,25.65022632
2026-10-07,2021-01-07,25.67630241
2026-10-07,2021-01-08,25.702405
2026-10-07,2021-01-09,25.72853413
2026-10-07,2021-01-10,25.75468982
2026-10-07,2021-01-11,25.7808721
2026-10-07,2021-01-12,25.80708099
2026-10-07,2021-01-13,25.83331653
2026-10-07,2021-01-14,25.85957875
2026-10-07,2021-01-15,25.88586766
2026-10-07,2021-01-16,25.91863878
2026-10-07,2021-01-17,25.95145138
2026-10-07,2021-01-18,25.98430553
2026-10-07,2021-01-19,26.01720127
2026-10-07,2021-01-20,26.05013866
2026-10-07,2021-01-21,26.08311774
2026-10-07,2021-01-22,26.11613858
2026-10-07,2021-01-23,26.14920122
2026-10-07,2021-01-24,26.18230571
2026-10-07,2021-01-25,26.21545212
2026-10-07,2021-01-26,26.24864049
2026-10-07,2021-01-27,26.28187087
2026-10-07,2021-01-28,26.31514332
2026-10-07,2021-01-29,26.3484579
2026-10-07,2021-01-30,26.38181465
2026-10-07,2021-01-31,26.41521363
2026-10-07,2021-02-01,26.4486549
2026-10-07,2021-02-02,26.4821385
2026-10-07,2021-02-03,26.51566449
2026-10-07,2021-02-04,26.54923292
2026-10-07,2021-02-05,26.58284385
2026-10-07,2021-02-06,26.61649733
2026-10-07,2021-02-07,26.65019342
2026-10-07,2021-02-08,26.68393216
2026-10-07,2021-02-09,26.71771362
2026-10-07,2021-02-10,26.75153784
2026-10-07,2021-02-11,26.78540489
2026-10-07,2021-02-12,26.81931481
2026-10-07,2021-02-13,26.85326766
2026-10-07,2021-02-14,26.88726349
2026-10-07,2021-02-15,26.92130236
2026-10-07,2021-02-16,26.95903852
2026-10-07,2021-02-17,26.99682758
2026-10-07,2021-02-18,27.03466961
2026-10-07,2021-02-19,27.07256468
2026-10-07,2021-02-20,27.11051287
2026-10-07,2021-02-21,27.14851425
2026-10-07,2021-02-22,27.1865689
2026-10-07,2021-02-23,27.22467689
2026-10-07,2021-02-24,27.2628383
2026-10-07,2021-02-25,27.3010532
2026-10-07,2021-02-26,27.33932167
2026-10-07,2021-02-27,27.37764377
2026-10-07,2021-02-28,27.4160196
2026-10-07,2021-03-01,27.45444922
2026-10-07,2021-03-02,27.4929327
2026-10-07,2021-03-03,27.53147013
2026-10-07,2021-03-04,27.57006158
2026-10-07,2021-03-05,27.60870712
2026-10-07,2021-03-06,27.64740683
2026-10-07,2021-03-07,27.68616079
2026-10-07,2021-03-08,27.72496907
2026-10-07,2021-03-09,27.76383174
2026-10-07,2021-03-10,27.8027489
2026-10-07,2021-03-11,27.8417206
2026-10-07,2021-03-12,27.88074693
2026-10-07,2021-03-13,27.91982797
2026-10-07,2021-03-14,27.95896378
2026-10-07,2021-03-15,27.99815446
2026-10-07,2021-03-16,28.0301151
2026-10-07,2021-03-17,28.06211222
2026-10-07,2021-03-18,28.09414587
2026-10-07,2021-03-19,28.12621609
2026-10-07,2021-03-20,28.15832291
2026-10-07,2021-03-21,28.19046639
2026-10-07,2021-03-22,28.22264656
2026-10-07,2021-03-23,28.25486346
2026-10-07,2021-03-24,28.28711714
2026-10-07,2021-03-25,28.31940764
2026-10-07,2021-03-26,28.351735
2026-10-07,2021-03-27,28.38409926
2026-10-07,2021-03-28,28.41650046
2026-10-07,2021-03-29,28.44893866
2026-10-07,2021-03-30,28.48141388
2026-10-07,2021-03-31,28.51392617
2026-10-07,2021-04-01,28.54647558
2026-10-07,2021-04-02,28.57906214
2026-10-07,2021-04-03,28.6116859
2026-10-07,2021-04-04,28.6443469
2026-10-07,2021-04-05,28.67704519
2026-10-07,2021-04-06,28.7097808
2026-10-07,2021-04-07,28.74255378
2026-10-07,2021-04-08,28.77536417
2026-10-07,2021-04-09,28.80821202
2026-10-07,2021-04-10,28.84109736
2026-10-07,2021-04-11,28.87402024
2026-10-07,2021-04-12,28.9069807
2026-10-07,2021-04-13,28.93997879
2026-10-07,2021-04-14,28.97301455
2026-10-07,2021-04-15,29.00608802
2026-10-07,2021-04-16,29.05145377
2026-10-07,2021-04-17,29.09689048
2026-10-07,2021-04-18,29.14239825
2026-10-07,2021-04-19,29.18797719
2026-10-07,2021-04-20,29.23362742
2026-10-07,2021-04-21,29.27934904
2026-10-07,2021-04-22,29.32514218
2026-10-07,2021-04-23,29.37100694
2026-10-07,2021-04-24,29.41694343
2026-10-07,2021-04-25,29.46295176
2026-10-07,2021-04-26,29.50903205
2026-10-07,2021-04-27,29.55518441
2026-10-07,2021-04-28,29.60140896
2026-10-07,2021-04-29,29.6477058
2026-10-07,2021-04-30,29.69407505
2026-10-07,2021-05-01,29.74051682
2026-10-07,2021-05-02,29.78703122
2026-10-07,2021-05-03,29.83361838
2026-10-07,2021-05-04,29.8802784
2026-10-07,2021-05-05,29.92701139
2026-10-07,2021-05-06,29.97381747
2026-10-07,2021-05-07,30.02069676
2026-10-07,2021-05-08,30.06764937
2026-10-07,2021-05-09,30.11467542
2026-10-07,2021-05-10,30.16177501
2026-10-07,2021-05-11,30.20894827
2026-10-07,2021-05-12,30.2561953
2026-10-07,2021-05-13,30.30351623
2026-10-07,2021-05-14,30.35091117
2026-10-07,2021-05-15,30.39838024
2026-10-07,2021-05-16,30.43780777
2026-10-07,2021-05-17,30.47728643
2026-10-07,2021-05-18,30.5168163
2026-10-07,2021-05-19,30.55639744
2026-10-07,2021-05-20,30.59602992
2026-10-07,2021-05-21,30.6357138
2026-10-07,2021-05-22,30.67544915
2026-10-07,2021-05-23,30.71523604
2026-10-07,2021-05-24,30.75507454
2026-10-07,2021-05-25,30.79496471
2026-10-07,2021-05-26,30.83490661
2026-10-07,2021-05-27,30.87490033
2026-10-07,2021-05-28,30.91494591
2026-10-07,2021-05-29,30.95504344
2026-10-07,2021-05-30,30.99519297
2026-10-07,2021-05-31,31.03539458
2026-10-07,2021-06-01,31.07564833
2026-10-07,2021-06-02,31.11595429
2026-10-07,2021-06-03,31.15631252
2026-10-07,2021-06-04,31.19672311
2026-10-07,2021-06-05,31.23718611
2026-10-07,2021-06-06,31.27770159
2026-10-07,2021-06-07,31.31826961
2026-10-07,2021-06-08,31.35889026
2026-10-07,2021-06-09,31.39956359
2026-10-07,2021-06-10,31.44028968
2026-10-07,2021-06-11,31.48106859
2026-10-07,2021-06-12,31.52190039
2026-10-07,2021-06-13,31.56278515
2026-10-07,2021-06-14,31.60372294
2026-10-07,2021-06-15,31.64471383
2026-10-07,2021-06-16,31.67897954
2026-10-07,2021-06-17,31.71328234
2026-10-07,2021-06-18,31.74762229
2026-10-07,2021-06-19,31.78199943
2026-10-07,2021-06-20,31.81641379
2026-10-07,2021-06-21,31.85086541
2026-10-07,2021-06-22,31.88535434
2026-10-07,2021-06-23,31.91988062
2026-10-07,2021-06-24,31.95444428
2026-10-07,2021-06-25,31.98904536
2026-10-07,2021-06-26,32.02368392
2026-10-07,2021-06-27,32.05835998
2026-10-07,2021-06-28,32.09307359
2026-10-07,2021-06-29,32.12782479
2026-10-07,2021-06-30,32.16261362
2026-10-07,2021-07-01,32.19744012
2026-10-07,2021-07-02,32.23230432
2026-10-07,2021-07-03,32.26720629
2026-10-07,2021-07-04,32.30214604
2026-10-07,2021-07-05,32.33712363
2026-10-07,2021-07-06,32.37213909
2026-10-07,2021-07-07,32.40719247
2026-10-07,2021-07-08,32.4422838
2026-10-07,2021-07-09,32.47741313
2026-10-07,2021-07-10,32.51258051
2026-10-07,2021-07-11,32.54778596
2026-10-07,2021-07-12,32.58302953
2026-10-07,2021-07-13,32.61831126
2026-10-07,2021-07-14,32.6536312
2026-10-07,2021-07-15,32.68898939
2026-10-07,2021-07-16,32.72222109
2026-10-07,2021-07-17,32.75548658
2026-10-07,2021-07-18,32.78878589
2026-10-07,2021-07-19,32.82211905
2026-10-07,2021-07-20,32.8554861
2026-10-07,2021-07-21,32.88888706
2026-10-07,2021-07-22,32.92232199
2026-10-07,2021-07-23,32.9557909
2026-10-07,2021-07-24,32.98929383
2026-10-07,2021-07-25,33.02283083
2026-10-07,2021-07-26,33.05640192
2026-10-07,2021-07-27,33.09000714
2026-10-07,2021-07-28,33.12364652
2026-10-07,2021-07-29,33.1573201
2026-10-07,2021-07-30,33.19102791
2026-10-07,2021-07-31,33.22476999
2026-10-07,2021-08-01,33.25854637
2026-10-07,2021-08-02,33.29235709
2026-10-07,2021-08-03,33.32620218
2026-10-07,2021-08-04,33.36008168
2026-10-07,2021-08-05,33.39399562
2026-10-07,2021-08-06,33.42794404
2026-10-07,2021-08-07,33.46192697
2026-10-07,2021-08-08,33.49594444
2026-10-07,2021-08-09,33.5299965
2026-10-07,2021-08-10,33.56408318
2026-10-07,2021-08-11,33.5982045
2026-10-07,2021-08-12,33.63236052
2026-10-07,2021-08-13,33.66655126
2026-10-07,2021-08-14,33.70077676
2026-10-07,2021-08-15,33.73503705
2026-10-07,2021-08-16,33.76721908
2026-10-07,2021-08-17,33.7994318
2026-10-07,2021-08-18,33.83167526
2026-10-07,2021-08-19,33.86394948
2026-10-07,2021-08-20,33.89625448
2026-10-07,2021-08-21,33.92859031
2026-10-07,2021-08-22,33.96095698
2026-10-07,2021-08-23,33.99335452
2026-10-07,2021-08-24,34.02578298
2026-10-07,2021-08-25,34.05824236
2026-10-07,2021-08-26,34.09073272
2026-10-07,2021-08-27,34.12325407
2026-10-07,2021-08-28,34.15580644
2026-10-07,2021-08-29,34.18838987
2026-10-07,2021-08-30,34.22100438
2026-10-07,2021-08-31,34.25365
2026-10-07,2021-09-01,34.28632676
2026-10-07,2021-09-02,34.3190347
2026-10-07,2021-09-03,34.35177384
2026-10-07,2021-09-04,34.38454421
2026-10-07,2021-09-05,34.41734585
2026-10-07,2021-09-06,34.45017877
2026-10-07,2021-09-07,34.48304302
2026-10-07,2021-09-08,34.51593862
2026-10-07,2021-09-09,34.5488656
2026-10-07,2021-09-10,34.58182399
2026-10-07,2021-09-11,34.61481382
2026-10-07,2021-09-12,34.64783512
2026-10-07,2021-09-13,34.68088793
2026-10-07,2021-09-14,34.71397226
2026-10-07,2021-09-15,34.74708816
2026-10-07,2021-09-16,34.77569981
2026-10-07,2021-09-17,34.80433503
2026-10-07,2021-09-18,34.83299382
2026-10-07,2021-09-19,34.86167621
2026-10-07,2021-09-20,34.89038221
2026-10-07,2021-09-21,34.91911186
2026-10-07,2021-09-22,34.94786516
2026-10-07,2021-09-23,34.97664214
2026-10-07,2021-09-24,35.00544281
2026-10-07,2021-09-25,35.0342672
2026-10-07,2021-09-26,35.06311533
2026-10-07,2021-09-27,35.0919872
2026-10-07,2021-09-28,35.12088285
2026-10-07,2021-09-29,35.1498023
2026-10-07,2021-09-30,35.17874556
2026-10-07,2021-10-01,35.20771265
2026-10-07,2021-10-02,35.23670359
2026-10-07,2021-10-03,35.26571841
2026-10-07,2021-10-04,35.29475711
2026-10-07,2021-10-05,35.32381973
2026-10-07,2021-10-06,35.35290628
2026-10-07,2021-10-07,35.38201678
2026-10-07,2021-10-08,35.41115125
2026-10-07,2021-10-09,35.44030971
2026-10-07,2021-10-10,35.46949218
2026-10-07,2021-10-11,35.49869868
2026-10-07,2021-10-12,35.52792922
2026-10-07,2021-10-13,35.55718384
2026-10-07,2021-10-14,35.58646255
2026-10-07,2021-10-15,35.61576536
2026-10-07,2021-10-16,35.65531095
2026-10-07,2021-10-17,35.69490045
2026-10-07,2021-10-18,35.7345339
2026-10-07,2021-10-19,35.77421137
2026-10-07,2021-10-20,35.81393288
2026-10-07,2021-10-21,35.8536985
2026-10-07,2021-10-22,35.89350828
2026-10-07,2021-10-23,35.93336226
2026-10-07,2021-10-24,35.97326048
2026-10-07,2021-10-25,36.01320301
2026-10-07,2021-10-26,36.05318989
2026-10-07,2021-10-27,36.09322117
2026-10-07,2021-10-28,36.1332969
2026-10-07,2021-10-29,36.17341712
2026-10-07,2021-10-30,36.21358189
2026-10-07,2021-10-31,36.25379126
2026-10-07,2021-11-01,36.29404527
2026-10-07,2021-11-02,36.33434398
2026-10-07,2021-11-03,36.37468743
2026-10-07,2021-11-04,36.41507568
2026-10-07,2021-11-05,36.45550878
2026-10-07,2021-11-06,36.49598676
2026-10-07,2021-11-07,36.5365097
2026-10-07,2021-11-08,36.57707762
2026-10-07,2021-11-09,36.61769059
2026-10-07,2021-11-10,36.65834866
2026-10-07,2021-11-11,36.69905187
2026-10-07,2021-11-12,36.73980027
2026-10-07,2021-11-13,36.78059392
2026-10-07,2021-11-14,36.82143286
2026-10-07,2021-11-15,36.86231715
2026-10-07,2021-11-16,36.90461194
2026-10-07,2021-11-17,36.94695526
2026-10-07,2021-11-18,36.98934716
2026-10-07,2021-11-19,37.0317877
2026-10-07,2021-11-20,37.07427693
2026-10-07,2021-11-21,37.11681492
2026-10-07,2021-11-22,37.15940171
2026-10-07,2021-11-23,37.20203737
2026-10-07,2021-11-24,37.24472194
2026-10-07,2021-11-25,37.28745549
2026-10-07,2021-11-26,37.33023807
2026-10-07,2021-11-27,37.37306974
2026-10-07,2021-11-28,37.41595055
2026-10-07,2021-11-29,37.45888056
2026-10-07,2021-11-30,37.50185983
2026-10-07,2021-12-01,37.54488841
2026-10-07,2021-12-02,37.58796636
2026-10-07,2021-12-03,37.63109374
2026-10-07,2021-12-04,37.6742706
2026-10-07,2021-12-05,37.71749701
2026-10-07,2021-12-06,37.760773
2026-10-07,2021-12-07,37.80409866
2026-10-07,2021-12-08,37.84747402
2026-10-07,2021-12-09,37.89089915
2026-10-07,2021-12-10,37.9343741
2026-10-07,2021-12-11,37.97789894
2026-10-07,2021-12-12,38.02147372
2026-10-07,2021-12-13,38.06509849
2026-10-07,2021-12-14,38.10877332
2026-10-07,2021-12-15,38.15249825
2026-10-07,2021-12-16,38.18290019
2026-10-07,2021-12-17,38.21332636
2026-10-07,2021-12-18,38.24377677
2026-10-07,2021-12-19,38.27425145
2026-10-07,2021-12-20,38.30475041
2026-10-07,2021-12-21,38.33527367
2026-10-07,2021-12-22,38.36582126
2026-10-07,2021-12-23,38.39639318
2026-10-07,2021-12-24,38.42698947
2026-10-07,2021-12-25,38.45761014
2026-10-07,2021-12-26,38.48825521
2026-10-07,2021-12-27,38.5189247
2026-10-07,2021-12-28,38.54961863
2026-10-07,2021-12-29,38.58033702
2026-10-07,2021-12-30,38.61107989
2026-10-07,2021-12-31,38.64184725
2026-10-07,2022-01-01,38.67263913
2026-10-07,2022-01-02,38.70345554
2026-10-07,2022-01-03,38.73429652
2026-10-07,2022-01-04,38.76516207
2026-10-07,2022-01-05,38.79605221
2026-10-07,2022-01-06,38.82696697
2026-10-07,2022-01-07,38.85790636
2026-10-07,2022-01-08,38.88887041
2026-10-07,2022-01-09,38.91985913
2026-10-07,2022-01-10,38.95087254
2026-10-07,2022-01-11,38.98191067
2026-10-07,2022-01-12,39.01297353
2026-10-07,2022-01-13,39.04406115
2026-10-07,2022-01-14,39.07517353
2026-10-07,2022-01-15,39.10631071
2026-10-07,2022-01-16,39.15338743
2026-10-07,2022-01-17,39.20052082
2026-10-07,2022-01-18,39.24771095
2026-10-07,2022-01-19,39.29495788
2026-10-07,2022-01-20,39.3422617
2026-10-07,2022-01-21,39.38962246
2026-10-07,2022-01-22,39.43704023
2026-10-07,2022-01-23,39.48451508
2026-10-07,2022-01-24,39.53204709
2026-10-07,2022-01-25,39.57963631
2026-10-07,2022-01-26,39.62728283
2026-10-07,2022-01-27,39.6749867
2026-10-07,2022-01-28,39.722748
2026-10-07,2022-01-29,39.77056679
2026-10-07,2022-01-30,39.81844315
2026-10-07,2022-01-31,39.86637714
2026-10-07,2022-02-01,39.91436884
2026-10-07,2022-02-02,39.96241831
2026-10-07,2022-02-03,40.01052562
2026-10-07,2022-02-04,40.05869084
2026-10-07,2022-02-05,40.10691405
2026-10-07,2022-02-06,40.15519531
2026-10-07,2022-02-07,40.20353469
2026-10-07,2022-02-08,40.25193226
2026-10-07,2022-02-09,40.30038809
2026-10-07,2022-02-10,40.34890225
2026-10-07,2022-02-11,40.39747482
2026-10-07,2022-02-12,40.44610586
2026-10-07,2022-02-13,40.49479544
2026-10-07,2022-02-14,40.54354364
2026-10-07,2022-02-15,40.59235052
2026-10-07,2022-02-16,40.64785311
2026-10-07,2022-02-17,40.70343159
2026-10-07,2022-02-18,40.75908606
2026-10-07,2022-02-19,40.81481663
2026-10-07,2022-02-20,40.8706234
2026-10-07,2022-02-21,40.92650648
2026-10-07,2022-02-22,40.98246597
2026-10-07,2022-02-23,41.03850197
2026-10-07,2022-02-24,41.09461459
2026-10-07,2022-02-25,41.15080394
2026-10-07,2022-02-26,41.20707011
2026-10-07,2022-02-27,41.26341322
2026-10-07,2022-02-28,41.31983336
2026-10-07,2022-03-01,41.37633065
2026-10-07,2022-03-02,41.43290519
2026-10-07,2022-03-03,41.48955709
2026-10-07,2022-03-04,41.54628644
2026-10-07,2022-03-05,41.60309337
2026-10-07,2022-03-06,41.65997796
2026-10-07,2022-03-07,41.71694034
2026-10-07,2022-03-08,41.7739806
2026-10-07,2022-03-09,41.83109885
2026-10-07,2022-03-10,41.8882952
2026-10-07,2022-03-11,41.94556976
2026-10-07,2022-03-12,42.00292263
2026-10-07,2022-03-13,42.06035392
2026-10-07,2022-03-14,42.11786374
2026-10-07,2022-03-15,42.17545219
2026-10-07,2022-03-16,42.23798474
2026-10-07,2022-03-17,42.30061001
2026-10-07,2022-03-18,42.36332813
2026-10-07,2022-03-19,42.42613924
2026-10-07,2022-03-20,42.48904348
2026-10-07,2022-03-21,42.55204099
2026-10-07,2022-03-22,42.6151319
2026-10-07,2022-03-23,42.67831636
2026-10-07,2022-03-24,42.7415945
2026-10-07,2022-03-25,42.80496645
2026-10-07,2022-03-26,42.86843237
2026-10-07,2022-03-27,42.93199239
2026-10-07,2022-03-28,42.99564665
2026-10-07,2022-03-29,43.05939529
2026-10-07,2022-03-30,43.12323844
2026-10-07,2022-03-31,43.18717625
2026-10-07,2022-04-01,43.25120887
2026-10-07,2022-04-02,43.31533642
2026-10-07,2022-04-03,43.37955905
2026-10-07,2022-04-04,43.44387691
2026-10-07,2022-04-05,43.50829012
2026-10-07,2022-04-06,43.57279884
2026-10-07,2022-04-07,43.63740321
2026-10-07,2022-04-08,43.70210336
2026-10-07,2022-04-09,43.76689944
2026-10-07,2022-04-10,43.8317916
2026-10-07,2022-04-11,43.89677997
2026-10-07,2022-04-12,43.96186469
2026-10-07,2022-04-13,44.02704592
2026-10-07,2022-04-14,44.09232379
2026-10-07,2022-04-15,44.15769844
2026-10-07,2022-04-16,44.25325734
2026-10-07,2022-04-17,44.34902304
2026-10-07,2022-04-18,44.44499598
2026-10-07,2022-04-19,44.5411766
2026-10-07,2022-04-20,44.63756537
2026-10-07,2022-04-21,44.73416272
2026-10-07,2022-04-22,44.83096911
2026-10-07,2022-04-23,44.927985
2026-10-07,2022-04-24,45.02521083
2026-10-07,2022-04-25,45.12264707
2026-10-07,2022-04-26,45.22029415
2026-10-07,2022-04-27,45.31815255
2026-10-07,2022-04-28,45.41622272
2026-10-07,2022-04-29,45.51450512
2026-10-07,2022-04-30,45.6130002
2026-10-07,2022-05-01,45.71170843
2026-10-07,2022-05-02,45.81063027
2026-10-07,2022-05-03,45.90976618
2026-10-07,2022-05-04,46.00911663
2026-10-07,2022-05-05,46.10868207
2026-10-07,2022-05-06,46.20846297
2026-10-07,2022-05-07,46.30845981
2026-10-07,2022-05-08,46.40867304
2026-10-07,2022-05-09,46.50910314
2026-10-07,2022-05-10,46.60975057
2026-10-07,2022-05-11,46.7106158
2026-10-07,2022-05-12,46.81169931
2026-10-07,2022-05-13,46.91300157
2026-10-07,2022-05-14,47.01452306
2026-10-07,2022-05-15,47.11626423
2026-10-07,2022-05-16,47.20490924
2026-10-07,2022-05-17,47.29372102
2026-10-07,2022-05-18,47.38269989
2026-10-07,2022-05-19,47.47184617
2026-10-07,2022-05-20,47.56116016
2026-10-07,2022-05-21,47.6506422
2026-10-07,2022-05-22,47.74029259
2026-10-07,2022-05-23,47.83011164
2026-10-07,2022-05-24,47.92009968
2026-10-07,2022-05-25,48.01025703
2026-10-07,2022-05-26,48.100584
2026-10-07,2022-05-27,48.19108091
2026-10-07,2022-05-28,48.28174809
2026-10-07,2022-05-29,48.37258584
2026-10-07,2022-05-30,48.4635945
2026-10-07,2022-05-31,48.55477438
2026-10-07,2022-06-01,48.64612581
2026-10-07,2022-06-02,48.73764911
2026-10-07,2022-06-03,48.8293446
2026-10-07,2022-06-04,48.92121261
2026-10-07,2022-06-05,49.01325346
2026-10-07,2022-06-06,49.10546748
2026-10-07,2022-06-07,49.19785499
2026-10-07,2022-06-08,49.29041632
2026-10-07,2022-06-09,49.38315179
2026-10-07,2022-06-10,49.47606174
2026-10-07,2022-06-11,49.56914649
2026-10-07,2022-06-12,49.66240637
2026-10-07,2022-06-13,49.75584171
2026-10-07,2022-06-14,49.84945284
2026-10-07,2022-06-15,49.94324009
2026-10-07,2022-06-16,50.02611815
2026-10-07,2022-06-17,50.10913375
2026-10-07,2022-06-18,50.1922871
2026-10-07,2022-06-19,50.27557845
2026-10-07,2022-06-20,50.35900801
2026-10-07,2022-06-21,50.44257602
2026-10-07,2022-06-22,50.5262827
2026-10-07,2022-06-23,50.6101283
2026-10-07,2022-06-24,50.69411302
2026-10-07,2022-06-25,50.77823712
2026-10-07,2022-06-26,50.86250082
2026-10-07,2022-06-27,50.94690434
2026-10-07,2022-06-28,51.03144793
2026-10-07,2022-06-29,51.11613182
2026-10-07,2022-06-30,51.20095623
2026-10-07,2022-07-01,51.28592141
2026-10-07,2022-07-02,51.37102758
2026-10-07,2022-07-03,51.45627498
2026-10-07,2022-07-04,51.54166384
2026-10-07,2022-07-05,51.6271944
2026-10-07,2022-07-06,51.7128669
2026-10-07,2022-07-07,51.79868156
2026-10-07,2022-07-08,51.88463863
2026-10-07,2022-07-09,51.97073834
2026-10-07,2022-07-10,52.05698092
2026-10-07,2022-07-11,52.14336662
2026-10-07,2022-07-12,52.22989568
2026-10-07,2022-07-13,52.31656832
2026-10-07,2022-07-14,52.40338479
2026-10-07,2022-07-15,52.49034533
2026-10-07,2022-07-16,52.57786244
2026-10-07,2022-07-17,52.66552547
2026-10-07,2022-07-18,52.75333465
2026-10-07,2022-07-19,52.84129024
2026-10-07,2022-07-20,52.92939248
2026-10-07,2022-07-21,53.01764161
2026-10-07,2022-07-22,53.10603788
2026-10-07,2022-07-23,53.19458153
2026-10-07,2022-07-24,53.28327281
2026-10-07,2022-07-25,53.37211197
2026-10-07,2022-07-26,53.46109924
2026-10-07,2022-07-27,53.55023489
2026-10-07,2022-07-28,53.63951915
2026-10-07,2022-07-29,53.72895227
2026-10-07,2022-07-30,53.81853451
2026-10-07,2022-07-31,53.90826611
2026-10-07,2022-08-01,53.99814731
2026-10-07,2022-08-02,54.08817838
2026-10-07,2022-08-03,54.17835955
2026-10-07,2022-08-04,54.26869108
2026-10-07,2022-08-05,54.35917323
2026-10-07,2022-08-06,54.44980623
2026-10-07,2022-08-07,54.54059035
2026-10-07,2022-08-08,54.63152583
2026-10-07,2022-08-09,54.72261292
2026-10-07,2022-08-10,54.81385189
2026-10-07,2022-08-11,54.90524298
2026-10-07,2022-08-12,54.99678644
2026-10-07,2022-08-13,55.08848254
2026-10-07,2022-08-14,55.18033152
2026-10-07,2022-08-15,55.27233364
2026-10-07,2022-08-16,55.39976714
2026-10-07,2022-08-17,55.52749445
2026-10-07,2022-08-18,55.65551625
2026-10-07,2022-08-19,55.7838332
2026-10-07,2022-08-20,55.912446
2026-10-07,2022-08-21,56.04135532
2026-10-07,2022-08-22,56.17056185
2026-10-07,2022-08-23,56.30006627
2026-10-07,2022-08-24,56.42986927
2026-10-07,2022-08-25,56.55997154
2026-10-07,2022-08-26,56.69037377
2026-10-07,2022-08-27,56.82107665
2026-10-07,2022-08-28,56.95208087
2026-10-07,2022-08-29,57.08338713
2026-10-07,2022-08-30,57.21499612
2026-10-07,2022-08-31,57.34690854
2026-10-07,2022-09-01,57.4791251
2026-10-07,2022-09-02,57.61164649
2026-10-07,2022-09-03,57.74447341
2026-10-07,2022-09-04,57.87760658
2026-10-07,2022-09-05,58.01104669
2026-10-07,2022-09-06,58.14479445
2026-10-07,2022-09-07,58.27885058
2026-10-07,2022-09-08,58.41321578
2026-10-07,2022-09-09,58.54789077
2026-10-07,2022-09-10,58.68287625
2026-10-07,2022-09-11,58.81817296
2026-10-07,2022-09-12,58.9537816
2026-10-07,2022-09-13,59.08970289
2026-10-07,2022-09-14,59.22593756
2026-10-07,2022-09-15,59.36248632
2026-10-07,2022-09-16,59.49651693
2026-10-07,2022-09-17,59.63085015
2026-10-07,2022-09-18,59.76548667
2026-10-07,2022-09-19,59.90042718
2026-10-07,2022-09-20,60.03567236
2026-10-07,2022-09-21,60.17122291
2026-10-07,2022-09-22,60.3070795
2026-10-07,2022-09-23,60.44324284
2026-10-07,2022-09-24,60.57971361
2026-10-07,2022-09-25,60.7164925
2026-10-07,2022-09-26,60.85358023
2026-10-07,2022-09-27,60.99097747
2026-10-07,2022-09-28,61.12868493
2026-10-07,2022-09-29,61.26670332
2026-10-07,2022-09-30,61.40503332
2026-10-07,2022-10-01,61.54367566
2026-10-07,2022-10-02,61.68263102
2026-10-07,2022-10-03,61.82190012
2026-10-07,2022-10-04,61.96148367
2026-10-07,2022-10-05,62.10138237
2026-10-07,2022-10-06,62.24159695
2026-10-07,2022-10-07,62.3821281
2026-10-07,2022-10-08,62.52297655
2026-10-07,2022-10-09,62.66414301
2026-10-07,2022-10-10,62.80562821
2026-10-07,2022-10-11,62.94743285
2026-10-07,2022-10-12,63.08955766
2026-10-07,2022-10-13,63.23200337
2026-10-07,2022-10-14,63.3747707
2026-10-07,2022-10-15,63.51786037
2026-10-07,2022-10-16,63.6412332
2026-10-07,2022-10-17,63.76484567
2026-10-07,2022-10-18,63.88869824
2026-10-07,2022-10-19,64.01279137
2026-10-07,2022-10-20,64.13712552
2026-10-07,2022-10-21,64.26170118
2026-10-07,2022-10-22,64.3865188
2026-10-07,2022-10-23,64.51157886
2026-10-07,2022-10-24,64.63688183
2026-10-07,2022-10-25,64.76242818
2026-10-07,2022-10-26,64.88821839
2026-10-07,2022-10-27,65.01425291
2026-10-07,2022-10-28,65.14053224
2026-10-07,2022-10-29,65.26705685
2026-10-07,2022-10-30,65.39382721
2026-10-07,2022-10-31,65.5208438
2026-10-07,2022-11-01,65.6481071
2026-10-07,2022-11-02,65.77561758
2026-10-07,2022-11-03,65.90337574
2026-10-07,2022-11-04,66.03138204
2026-10-07,2022-11-05,66.15963697
2026-10-07,2022-11-06,66.28814102
2026-10-07,2022-11-07,66.41689466
2026-10-07,2022-11-08,66.54589839
2026-10-07,2022-11-09,66.67515269
2026-10-07,2022-11-10,66.80465804
2026-10-07,2022-11-11,66.93441493
2026-10-07,2022-11-12,67.06442385
2026-10-07,2022-11-13,67.1946853
2026-10-07,2022-11-14,67.32519975
2026-10-07,2022-11-15,67.45596771
2026-10-07,2022-11-16,67.59348199
2026-10-07,2022-11-17,67.7312766
2026-10-07,2022-11-18,67.86935212
2026-10-07,2022-11-19,68.00770911
2026-10-07,2022-11-20,68.14634816
2026-10-07,2022-11-21,68.28526983
2026-10-07,2022-11-22,68.42447471
2026-10-07,2022-11-23,68.56396336
2026-10-07,2022-11-24,68.70373638
2026-10-07,2022-11-25,68.84379433
2026-10-07,2022-11-26,68.9841378
2026-10-07,2022-11-27,69.12476737
2026-10-07,2022-11-28,69.26568363
2026-10-07,2022-11-29,69.40688716
2026-10-07,2022-11-30,69.54837854
2026-10-07,2022-12-01,69.69015836
2026-10-07,2022-12-02,69.83222721
2026-10-07,2022-12-03,69.97458568
2026-10-07,2022-12-04,70.11723436
2026-10-07,2022-12-05,70.26017384
2026-10-07,2022-12-06,70.40340471
2026-10-07,2022-12-07,70.54692757
2026-10-07,2022-12-08,70.69074301
2026-10-07,2022-12-09,70.83485163
2026-10-07,2022-12-10,70.97925403
2026-10-07,2022-12-11,71.1239508
2026-10-07,2022-12-12,71.26894255
2026-10-07,2022-12-13,71.41422988
2026-10-07,2022-12-14,71.55981339
2026-10-07,2022-12-15,71.70569368
2026-10-07,2022-12-16,71.816431
2026-10-07,2022-12-17,71.92733933
2026-10-07,2022-12-18,72.03841894
2026-10-07,2022-12-19,72.1496701
2026-10-07,2022-12-20,72.26109307
2026-10-07,2022-12-21,72.37268811
2026-10-07,2022-12-22,72.48445548
2026-10-07,2022-12-23,72.59639547
2026-10-07,2022-12-24,72.70850833
2026-10-07,2022-12-25,72.82079432
2026-10-07,2022-12-26,72.93325373
2026-10-07,2022-12-27,73.04588681
2026-10-07,2022-12-28,73.15869383
2026-10-07,2022-12-29,73.27167506
2026-10-07,2022-12-30,73.38483077
2026-10-07,2022-12-31,73.49816123
2026-10-07,2023-01-01,73.61166672
2026-10-07,2023-01-02,73.72534749
2026-10-07,2023-01-03,73.83920382
2026-10-07,2023-01-04,73.95323599
2026-10-07,2023-01-05,74.06744426
2026-10-07,2023-01-06,74.1818289
2026-10-07,2023-01-07,74.29639019
2026-10-07,2023-01-08,74.4111284
2026-10-07,2023-01-09,74.52604381
2026-10-07,2023-01-10,74.64113668
2026-10-07,2023-01-11,74.7564073
2026-10-07,2023-01-12,74.87185593
2026-10-07,2023-01-13,74.98748285
2026-10-07,2023-01-14,75.10328834
2026-10-07,2023-01-15,75.21927267
2026-10-07,2023-01-16,75.34006516
2026-10-07,2023-01-17,75.46105164
2026-10-07,2023-01-18,75.5822324
2026-10-07,2023-01-19,75.70360776
2026-10-07,2023-01-20,75.82517804
2026-10-07,2023-01-21,75.94694354
2026-10-07,2023-01-22,76.06890459
2026-10-07,2023-01-23,76.19106148
2026-10-07,2023-01-24,76.31341455
2026-10-07,2023-01-25,76.4359641
2026-10-07,2023-01-26,76.55871044
2026-10-07,2023-01-27,76.68165391
2026-10-07,2023-01-28,76.8047948
2026-10-07,2023-01-29,76.92813344
2026-10-07,2023-01-30,77.05167015
2026-10-07,2023-01-31,77.17540524
2026-10-07,2023-02-01,77.29933904
2026-10-07,2023-02-02,77.42347185
2026-10-07,2023-02-03,77.54780401
2026-10-07,2023-02-04,77.67233583
2026-10-07,2023-02-05,77.79706763
2026-10-07,2023-02-06,77.92199974
2026-10-07,2023-02-07,78.04713247
2026-10-07,2023-02-08,78.17246614
2026-10-07,2023-02-09,78.29800109
2026-10-07,2023-02-10,78.42373763
2026-10-07,2023-02-11,78.54967609
2026-10-07,2023-02-12,78.67581678
2026-10-07,2023-02-13,78.80216005
2026-10-07,2023-02-14,78.9287062
2026-10-07,2023-02-15,79.05545557
2026-10-07,2023-02-16,79.22014384
2026-10-07,2023-02-17,79.38517519
2026-10-07,2023-02-18,79.55055033
2026-10-07,2023-02-19,79.71626998
2026-10-07,2023-02-20,79.88233485
2026-10-07,2023-02-21,80.04874568
2026-10-07,2023-02-22,80.21550317
2026-10-07,2023-02-23,80.38260804
2026-10-07,2023-02-24,80.55006104
2026-10-07,2023-02-25,80.71786287
2026-10-07,2023-02-26,80.88601426
2026-10-07,2023-02-27,81.05451595
2026-10-07,2023-02-28,81.22336866
2026-10-07,2023-03-01,81.39257312
2026-10-07,2023-03-02,81.56213007
2026-10-07,2023-03-03,81.73204024
2026-10-07,2023-03-04,81.90230437
2026-10-07,2023-03-05,82.07292319
2026-10-07,2023-03-06,82.24389744
2026-10-07,2023-03-07,82.41522787
2026-10-07,2023-03-08,82.58691522
2026-10-07,2023-03-09,82.75896022
2026-10-07,2023-03-10,82.93136363
2026-10-07,2023-03-11,83.10412618
2026-10-07,2023-03-12,83.27724864
2026-10-07,2023-03-13,83.45073174
2026-10-07,2023-03-14,83.62457625
2026-10-07,2023-03-15,83.79878291
2026-10-07,2023-03-16,83.97173077
2026-10-07,2023-03-17,84.14503558
2026-10-07,2023-03-18,84.31869805
2026-10-07,2023-03-19,84.49271895
2026-10-07,2023-03-20,84.66709899
2026-10-07,2023-03-21,84.84183893
2026-10-07,2023-03-22,85.0169395
2026-10-07,2023-03-23,85.19240146
2026-10-07,2023-03-24,85.36822554
2026-10-07,2023-03-25,85.54441249
2026-10-07,2023-03-26,85.72096307
2026-10-07,2023-03-27,85.89787802
2026-10-07,2023-03-28,86.0751581
2026-10-07,2023-03-29,86.25280406
2026-10-07,2023-03-30,86.43081665
2026-10-07,2023-03-31,86.60919663
2026-10-07,2023-04-01,86.78794476
2026-10-07,2023-04-02,86.9670618
2026-10-07,2023-04-03,87.14654851
2026-10-07,2023-04-04,87.32640565
2026-10-07,2023-04-05,87.50663399
2026-10-07,2023-04-06,87.68723429
2026-10-07,2023-04-07,87.86820732
2026-10-07,2023-04-08,88.04955386
2026-10-07,2023-04-09,88.23127467
2026-10-07,2023-04-10,88.41337052
2026-10-07,2023-04-11,88.59584219
2026-10-07,2023-04-12,88.77869045
2026-10-07,2023-04-13,88.96191608
2026-10-07,2023-04-14,89.14551986
2026-10-07,2023-04-15,89.32950258
2026-10-07,2023-04-16,89.55065617
2026-10-07,2023-04-17,89.77235728
2026-10-07,2023-04-18,89.99460726
2026-10-07,2023-04-19,90.21740746
2026-10-07,2023-04-20,90.44075924
2026-10-07,2023-04-21,90.66466398
2026-10-07,2023-04-22,90.88912305
2026-10-07,2023-04-23,91.1141378
2026-10-07,2023-04-24,91.33970963
2026-10-07,2023-04-25,91.56583991
2026-10-07,2023-04-26,91.79253002
2026-10-07,2023-04-27,92.01978135
2026-10-07,2023-04-28,92.24759528
2026-10-07,2023-04-29,92.47597322
2026-10-07,2023-04-30,92.70491655
2026-10-07,2023-05-01,92.93442668
2026-10-07,2023-05-02,93.16450501
2026-10-07,2023-05-03,93.39515295
2026-10-07,2023-05-04,93.6263719
2026-10-07,2023-05-05,93.85816328
2026-10-07,2023-05-06,94.09052851
2026-10-07,2023-05-07,94.32346901
2026-10-07,2023-05-08,94.55698619
2026-10-07,2023-05-09,94.7910815
2026-10-07,2023-05-10,95.02575636
2026-10-07,2023-05-11,95.26101221
2026-10-07,2023-05-12,95.49685048
2026-10-07,2023-05-13,95.73327262
2026-10-07,2023-05-14,95.97028007
2026-10-07,2023-05-15,96.20787428
2026-10-07,2023-05-16,96.45852038
2026-10-07,2023-05-17,96.70981949
2026-10-07,2023-05-18,96.96177329
2026-10-07,2023-05-19,97.2143835
2026-10-07,2023-05-20,97.46765182
2026-10-07,2023-05-21,97.72157996
2026-10-07,2023-05-22,97.97616966
2026-10-07,2023-05-23,98.23142263
2026-10-07,2023-05-24,98.4873406
2026-10-07,2023-05-25,98.7439253
2026-10-07,2023-05-26,99.00117846
2026-10-07,2023-05-27,99.25910184
2026-10-07,2023-05-28,99.51769718
2026-10-07,2023-05-29,99.77696622
2026-10-07,2023-05-30,100.0369107
2026-10-07,2023-05-31,100.2975324
2026-10-07,2023-06-01,100.5588332
2026-10-07,2023-06-02,100.8208146
2026-10-07,2023-06-03,101.0834786
2026-10-07,2023-06-04,101.3468269
2026-10-07,2023-06-05,101.6108613
2026-10-07,2023-06-06,101.8755836
2026-10-07,2023-06-07,102.1409955
2026-10-07,2023-06-08,102.4070989
2026-10-07,2023-06-09,102.6738956
2026-10-07,2023-06-10,102.9413873
2026-10-07,2023-06-11,103.209576
2026-10-07,2023-06-12,103.4784633
2026-10-07,2023-06-13,103.7480512
2026-10-07,2023-06-14,104.0183413
2026-10-07,2023-06-15,104.2893357
2026-10-07,2023-06-16,104.5507598
2026-10-07,2023-06-17,104.8128392
2026-10-07,2023-06-18,105.0755755
2026-10-07,2023-06-19,105.3389704
2026-10-07,2023-06-20,105.6030256
2026-10-07,2023-06-21,105.8677427
2026-10-07,2023-06-22,106.1331234
2026-10-07,2023-06-23,106.3991693
2026-10-07,2023-06-24,106.6658822
2026-10-07,2023-06-25,106.9332635
2026-10-07,2023-06-26,107.2013152
2026-10-07,2023-06-27,107.4700388
2026-10-07,2023-06-28,107.7394359
2026-10-07,2023-06-29,108.0095084
2026-10-07,2023-06-30,108.2802579
2026-10-07,2023-07-01,108.5516861
2026-10-07,2023-07-02,108.8237947
2026-10-07,2023-07-03,109.0965854
2026-10-07,2023-07-04,109.3700598
2026-10-07,2023-07-05,109.6442198
2026-10-07,2023-07-06,109.9190671
2026-10-07,2023-07-07,110.1946033
2026-10-07,2023-07-08,110.4708302
2026-10-07,2023-07-09,110.7477495
2026-10-07,2023-07-10,111.025363
2026-10-07,2023-07-11,111.3036724
2026-10-07,2023-07-12,111.5826794
2026-10-07,2023-07-13,111.8623859
2026-10-07,2023-07-14,112.1427934
2026-10-07,2023-07-15,112.4239039
2026-10-07,2023-07-16,112.6354193
2026-10-07,2023-07-17,112.8473327
2026-10-07,2023-07-18,113.0596448
2026-10-07,2023-07-19,113.2723563
2026-10-07,2023-07-20,113.4854681
2026-10-07,2023-07-21,113.6989807
2026-10-07,2023-07-22,113.9128951
2026-10-07,2023-07-23,114.127212
2026-10-07,2023-07-24,114.341932
2026-10-07,2023-07-25,114.557056
2026-10-07,2023-07-26,114.7725848
2026-10-07,2023-07-27,114.9885191
2026-10-07,2023-07-28,115.2048596
2026-10-07,2023-07-29,115.4216072
2026-10-07,2023-07-30,115.6387625
2026-10-07,2023-07-31,115.8563264
2026-10-07,2023-08-01,116.0742997
2026-10-07,2023-08-02,116.292683
2026-10-07,2023-08-03,116.5114772
2026-10-07,2023-08-04,116.730683
2026-10-07,2023-08-05,116.9503013
2026-10-07,2023-08-06,117.1703327
2026-10-07,2023-08-07,117.3907781
2026-10-07,2023-08-08,117.6116383
2026-10-07,2023-08-09,117.832914
2026-10-07,2023-08-10,118.054606
2026-10-07,2023-08-11,118.2767151
2026-10-07,2023-08-12,118.4992421
2026-10-07,2023-08-13,118.7221877
2026-10-07,2023-08-14,118.9455528
2026-10-07,2023-08-15,119.1693381
2026-10-07,2023-08-16,119.4044298
2026-10-07,2023-08-17,119.6399852
2026-10-07,2023-08-18,119.8760054
2026-10-07,2023-08-19,120.1124911
2026-10-07,2023-08-20,120.3494434
2026-10-07,2023-08-21,120.5868631
2026-10-07,2023-08-22,120.8247512
2026-10-07,2023-08-23,121.0631086
2026-10-07,2023-08-24,121.3019362
2026-10-07,2023-08-25,121.541235
2026-10-07,2023-08-26,121.7810058
2026-10-07,2023-08-27,122.0212496
2026-10-07,2023-08-28,122.2619674
2026-10-07,2023-08-29,122.5031601
2026-10-07,2023-08-30,122.7448286
2026-10-07,2023-08-31,122.9869738
2026-10-07,2023-09-01,123.2295967
2026-10-07,2023-09-02,123.4726983
2026-10-07,2023-09-03,123.7162794
2026-10-07,2023-09-04,123.9603411
2026-10-07,2023-09-05,124.2048842
2026-10-07,2023-09-06,124.4499097
2026-10-07,2023-09-07,124.6954187
2026-10-07,2023-09-08,124.9414119
2026-10-07,2023-09-09,125.1878905
2026-10-07,2023-09-10,125.4348553
2026-10-07,2023-09-11,125.6823072
2026-10-07,2023-09-12,125.9302474
2026-10-07,2023-09-13,126.1786767
2026-10-07,2023-09-14,126.427596
2026-10-07,2023-09-15,126.6770064
2026-10-07,2023-09-16,127.171561
2026-10-07,2023-09-17,127.6680463
2026-10-07,2023-09-18,128.16647
2026-10-07,2023-09-19,128.6668395
2026-10-07,2023-09-20,129.1691625
2026-10-07,2023-09-21,129.6734466
2026-10-07,2023-09-22,130.1796994
2026-10-07,2023-09-23,130.6879287
2026-10-07,2023-09-24,131.1981421
2026-10-07,2023-09-25,131.7103475
2026-10-07,2023-09-26,132.2245525
2026-10-07,2023-09-27,132.740765
2026-10-07,2023-09-28,133.2589929
2026-10-07,2023-09-29,133.7792439
2026-10-07,2023-09-30,134.301526
2026-10-07,2023-10-01,134.8258472
2026-10-07,2023-10-02,135.3522153
2026-10-07,2023-10-03,135.8806384
2026-10-07,2023-10-04,136.4111245
2026-10-07,2023-10-05,136.9436816
2026-10-07,2023-10-06,137.4783179
2026-10-07,2023-10-07,138.0150414
2026-10-07,2023-10-08,138.5538603
2026-10-07,2023-10-09,139.0947828
2026-10-07,2023-10-10,139.6378171
2026-10-07,2023-10-11,140.1829715
2026-10-07,2023-10-12,140.7302541
2026-10-07,2023-10-13,141.2796734
2026-10-07,2023-10-14,141.8312377
2026-10-07,2023-10-15,142.3849552
2026-10-07,2023-10-16,142.9351587
2026-10-07,2023-10-17,143.4874882
2026-10-07,2023-10-18,144.041952
2026-10-07,2023-10-19,144.5985584
2026-10-07,2023-10-20,145.1573156
2026-10-07,2023-10-21,145.718232
2026-10-07,2023-10-22,146.2813158
2026-10-07,2023-10-23,146.8465756
2026-10-07,2023-10-24,147.4140196
2026-10-07,2023-10-25,147.9836563
2026-10-07,2023-10-26,148.5554942
2026-10-07,2023-10-27,149.1295418
2026-10-07,2023-10-28,149.7058076
2026-10-07,2023-10-29,150.2843003
2026-10-07,2023-10-30,150.8650283
2026-10-07,2023-10-31,151.4480004
2026-10-07,2023-11-01,152.0332252
2026-10-07,2023-11-02,152.6207114
2026-10-07,2023-11-03,153.2104678
2026-10-07,2023-11-04,153.8025032
2026-10-07,2023-11-05,154.3968262
2026-10-07,2023-11-06,154.9934459
2026-10-07,2023-11-07,155.592371
2026-10-07,2023-11-08,156.1936105
2026-10-07,2023-11-09,156.7971732
2026-10-07,2023-11-10,157.4030683
2026-10-07,2023-11-11,158.0113047
2026-10-07,2023-11-12,158.6218914
2026-10-07,2023-11-13,159.2348375
2026-10-07,2023-11-14,159.8501522
2026-10-07,2023-11-15,160.4678446
2026-10-07,2023-11-16,160.8949084
2026-10-07,2023-11-17,161.3231089
2026-10-07,2023-11-18,161.752449
2026-10-07,2023-11-19,162.1829317
2026-10-07,2023-11-20,162.6145601
2026-10-07,2023-11-21,163.0473372
2026-10-07,2023-11-22,163.481266
2026-10-07,2023-11-23,163.9163497
2026-10-07,2023-11-24,164.3525914
2026-10-07,2023-11-25,164.789994
2026-10-07,2023-11-26,165.2285607
2026-10-07,2023-11-27,165.6682946
2026-10-07,2023-11-28,166.1091989
2026-10-07,2023-11-29,166.5512765
2026-10-07,2023-11-30,166.9945306
2026-10-07,2023-12-01,167.4389644
2026-10-07,2023-12-02,167.884581
2026-10-07,2023-12-03,168.3313836
2026-10-07,2023-12-04,168.7793752
2026-10-07,2023-12-05,169.2285592
2026-10-07,2023-12-06,169.6789386
2026-10-07,2023-12-07,170.1305166
2026-10-07,2023-12-08,170.5832964
2026-10-07,2023-12-09,171.0372812
2026-10-07,2023-12-10,171.4924742
2026-10-07,2023-12-11,171.9488787
2026-10-07,2023-12-12,172.4064979
2026-10-07,2023-12-13,172.8653349
2026-10-07,2023-12-14,173.3253931
2026-10-07,2023-12-15,173.7866756
2026-10-07,2023-12-16,174.4632129
2026-10-07,2023-12-17,175.1423838
2026-10-07,2023-12-18,175.8241986
2026-10-07,2023-12-19,176.5086677
2026-10-07,2023-12-20,177.1958014
2026-10-07,2023-12-21,177.8856101
2026-10-07,2023-12-22,178.5781041
2026-10-07,2023-12-23,179.2732939
2026-10-07,2023-12-24,179.9711901
2026-10-07,2023-12-25,180.6718031
2026-10-07,2023-12-26,181.3751435
2026-10-07,2023-12-27,182.081222
2026-10-07,2023-12-28,182.7900492
2026-10-07,2023-12-29,183.5016358
2026-10-07,2023-12-30,184.2159925
2026-10-07,2023-12-31,184.9331302
2026-10-07,2024-01-01,185.6530597
2026-10-07,2024-01-02,186.3757917
2026-10-07,2024-01-03,187.1013373
2026-10-07,2024-01-04,187.8297074
2026-10-07,2024-01-05,188.560913
2026-10-07,2024-01-06,189.294965
2026-10-07,2024-01-07,190.0318747
2026-10-07,2024-01-08,190.7716532
2026-10-07,2024-01-09,191.5143115
2026-10-07,2024-01-10,192.2598609
2026-10-07,2024-01-11,193.0083127
2026-10-07,2024-01-12,193.7596782
2026-10-07,2024-01-13,194.5139686
2026-10-07,2024-01-14,195.2711955
2026-10-07,2024-01-15,196.0313701
2026-10-07,2024-01-16,197.4729577
2026-10-07,2024-01-17,198.9251466
2026-10-07,2024-01-18,200.3880146
2026-10-07,2024-01-19,201.8616403
2026-10-07,2024-01-20,203.3461029
2026-10-07,2024-01-21,204.8414821
2026-10-07,2024-01-22,206.347858
2026-10-07,2024-01-23,207.8653116
2026-10-07,2024-01-24,209.3939244
2026-10-07,2024-01-25,210.9337784
2026-10-07,2024-01-26,212.4849562
2026-10-07,2024-01-27,214.0475412
2026-10-07,2024-01-28,215.6216172
2026-10-07,2024-01-29,217.2072688
2026-10-07,2024-01-30,218.804581
2026-10-07,2024-01-31,220.4136397
2026-10-07,2024-02-01,222.0345311
2026-10-07,2024-02-02,223.6673424
2026-10-07,2024-02-03,225.3121611
2026-10-07,2024-02-04,226.9690756
2026-10-07,2024-02-05,228.6381748
2026-10-07,2024-02-06,230.3195483
2026-10-07,2024-02-07,232.0132864
2026-10-07,2024-02-08,233.7194801
2026-10-07,2024-02-09,235.4382208
2026-10-07,2024-02-10,237.1696009
2026-10-07,2024-02-11,238.9137134
2026-10-07,2024-02-12,240.6706518
2026-10-07,2024-02-13,242.4405105
2026-10-07,2024-02-14,244.2233845
2026-10-07,2024-02-15,246.0193695
2026-10-07,2024-02-16,247.6135353
2026-10-07,2024-02-17,249.2180309
2026-10-07,2024-02-18,250.8329235
2026-10-07,2024-02-19,252.4582803
2026-10-07,2024-02-20,254.0941691
2026-10-07,2024-02-21,255.7406582
2026-10-07,2024-02-22,257.3978164
2026-10-07,2024-02-23,259.0657126
2026-10-07,2024-02-24,260.7444165
2026-10-07,2024-02-25,262.4339982
2026-10-07,2024-02-26,264.1345281
2026-10-07,2024-02-27,265.8460771
2026-10-07,2024-02-28,267.5687167
2026-10-07,2024-02-29,269.3025187
2026-10-07,2024-03-01,271.0475555
2026-10-07,2024-03-02,272.8038998
2026-10-07,2024-03-03,274.571625
2026-10-07,2024-03-04,276.3508047
2026-10-07,2024-03-05,278.1415133
2026-10-07,2024-03-06,279.9438253
2026-10-07,2024-03-07,281.757816
2026-10-07,2024-03-08,283.5835611
2026-10-07,2024-03-09,285.4211368
2026-10-07,2024-03-10,287.2706196
2026-10-07,2024-03-11,289.1320868
2026-10-07,2024-03-12,291.0056159
2026-10-07,2024-03-13,292.8912853
2026-10-07,2024-03-14,294.7891735
2026-10-07,2024-03-15,296.6993596
2026-10-07,2024-03-16,297.8883991
2026-10-07,2024-03-17,299.0822037
2026-10-07,2024-03-18,300.2807926
2026-10-07,2024-03-19,301.4841849
2026-10-07,2024-03-20,302.6923998
2026-10-07,2024-03-21,303.9054567
2026-10-07,2024-03-22,305.123375
2026-10-07,2024-03-23,306.3461742
2026-10-07,2024-03-24,307.5738739
2026-10-07,2024-03-25,308.8064936
2026-10-07,2024-03-26,310.0440531
2026-10-07,2024-03-27,311.2865722
2026-10-07,2024-03-28,312.5340707
2026-10-07,2024-03-29,313.7865687
2026-10-07,2024-03-30,315.0440861
2026-10-07,2024-03-31,316.3066431
2026-10-07,2024-04-01,317.5742599
2026-10-07,2024-04-02,318.8469567
2026-10-07,2024-04-03,320.124754
2026-10-07,2024-04-04,321.407672
2026-10-07,2024-04-05,322.6957315
2026-10-07,2024-04-06,323.9889529
2026-10-07,2024-04-07,325.287357
2026-10-07,2024-04-08,326.5909644
2026-10-07,2024-04-09,327.8997962
2026-10-07,2024-04-10,329.2138732
2026-10-07,2024-04-11,330.5332164
2026-10-07,2024-04-12,331.857847
2026-10-07,2024-04-13,333.1877861
2026-10-07,2024-04-14,334.523055
2026-10-07,2024-04-15,335.8636751
2026-10-07,2024-04-16,337.0340676
2026-10-07,2024-04-17,338.2085385
2026-10-07,2024-04-18,339.3871022
2026-10-07,2024-04-19,340.5697728
2026-10-07,2024-04-20,341.7565648
2026-10-07,2024-04-21,342.9474923
2026-10-07,2024-04-22,344.1425699
2026-10-07,2024-04-23,345.3418121
2026-10-07,2024-04-24,346.5452332
2026-10-07,2024-04-25,347.752848
2026-10-07,2024-04-26,348.964671
2026-10-07,2024-04-27,350.1807168
2026-10-07,2024-04-28,351.4010002
2026-10-07,2024-04-29,352.625536
2026-10-07,2024-04-30,353.8543389
2026-10-07,2024-05-01,355.0874239
2026-10-07,2024-05-02,356.3248058
2026-10-07,2024-05-03,357.5664997
2026-10-07,2024-05-04,358.8125205
2026-10-07,2024-05-05,360.0628834
2026-10-07,2024-05-06,361.3176035
2026-10-07,2024-05-07,362.5766959
2026-10-07,2024-05-08,363.8401758
2026-10-07,2024-05-09,365.1080587
2026-10-07,2024-05-10,366.3803598
2026-10-07,2024-05-11,367.6570945
2026-10-07,2024-05-12,368.9382783
2026-10-07,2024-05-13,370.2239267
2026-10-07,2024-05-14,371.5140551
2026-10-07,2024-05-15,372.8086794
2026-10-07,2024-05-16,373.8243543
2026-10-07,2024-05-17,374.8427964
2026-10-07,2024-05-18,375.8640131
2026-10-07,2024-05-19,376.888012
2026-10-07,2024-05-20,377.9148007
2026-10-07,2024-05-21,378.9443867
2026-10-07,2024-05-22,379.9767777
2026-10-07,2024-05-23,381.0119814
2026-10-07,2024-05-24,382.0500053
2026-10-07,2024-05-25,383.0908572
2026-10-07,2024-05-26,384.1345448
2026-10-07,2024-05-27,385.1810759
2026-10-07,2024-05-28,386.230458
2026-10-07,2024-05-29,387.2826991
2026-10-07,2024-05-30,388.3378069
2026-10-07,2024-05-31,389.3957892
2026-10-07,2024-06-01,390.4566539
2026-10-07,2024-06-02,391.5204088
2026-10-07,2024-06-03,392.5870618
2026-10-07,2024-06-04,393.6566207
2026-10-07,2024-06-05,394.7290935
2026-10-07,2024-06-06,395.8044882
2026-10-07,2024-06-07,396.8828127
2026-10-07,2024-06-08,397.9640749
2026-10-07,2024-06-09,399.0482829
2026-10-07,2024-06-10,400.1354447
2026-10-07,2024-06-11,401.2255683
2026-10-07,2024-06-12,402.3186619
2026-10-07,2024-06-13,403.4147335
2026-10-07,2024-06-14,404.5137912
2026-10-07,2024-06-15,405.6158432
2026-10-07,2024-06-16,406.1724856
2026-10-07,2024-06-17,406.7298919
2026-10-07,2024-06-18,407.2880631
2026-10-07,2024-06-19,407.8470004
2026-10-07,2024-06-20,408.4067047
2026-10-07,2024-06-21,408.9671771
2026-10-07,2024-06-22,409.5284187
2026-10-07,2024-06-23,410.0904304
2026-10-07,2024-06-24,410.6532135
2026-10-07,2024-06-25,411.2167689
2026-10-07,2024-06-26,411.7810977
2026-10-07,2024-06-27,412.3462009
2026-10-07,2024-06-28,412.9120796
2026-10-07,2024-06-29,413.4787349
2026-10-07,2024-06-30,414.0461679
2026-10-07,2024-07-01,414.6143795
2026-10-07,2024-07-02,415.183371
2026-10-07,2024-07-03,415.7531433
2026-10-07,2024-07-04,416.3236975
2026-10-07,2024-07-05,416.8950347
2026-10-07,2024-07-06,417.467156
2026-10-07,2024-07-07,418.0400624
2026-10-07,2024-07-08,418.613755
2026-10-07,2024-07-09,419.188235
2026-10-07,2024-07-10,419.7635033
2026-10-07,2024-07-11,420.3395611
2026-10-07,2024-07-12,420.9164094
2026-10-07,2024-07-13,421.4940494
2026-10-07,2024-07-14,422.0724821
2026-10-07,2024-07-15,422.6517086
2026-10-07,2024-07-16,423.2653171
2026-10-07,2024-07-17,423.8798165
2026-10-07,2024-07-18,424.495208
2026-10-07,2024-07-19,425.1114929
2026-10-07,2024-07-20,425.7286726
2026-10-07,2024-07-21,426.3467483
2026-10-07,2024-07-22,426.9657213
2026-10-07,2024-07-23,427.5855929
2026-10-07,2024-07-24,428.2063645
2026-10-07,2024-07-25,428.8280373
2026-10-07,2024-07-26,429.4506127
2026-10-07,2024-07-27,430.0740919
2026-10-07,2024-07-28,430.6984763
2026-10-07,2024-07-29,431.3237672
2026-10-07,2024-07-30,431.9499659
2026-10-07,2024-07-31,432.5770737
2026-10-07,2024-08-01,433.2050919
2026-10-07,2024-08-02,433.8340219
2026-10-07,2024-08-03,434.463865
2026-10-07,2024-08-04,435.0946225
2026-10-07,2024-08-05,435.7262958
2026-10-07,2024-08-06,436.3588861
2026-10-07,2024-08-07,436.9923948
2026-10-07,2024-08-08,437.6268232
2026-10-07,2024-08-09,438.2621727
2026-10-07,2024-08-10,438.8984446
2026-10-07,2024-08-11,439.5356403
2026-10-07,2024-08-12,440.173761
2026-10-07,2024-08-13,440.8128082
2026-10-07,2024-08-14,441.4527831
2026-10-07,2024-08-15,442.0936872
2026-10-07,2024-08-16,442.6533711
2026-10-07,2024-08-17,443.2137636
2026-10-07,2024-08-18,443.7748656
2026-10-07,2024-08-19,444.3366779
2026-10-07,2024-08-20,444.8992015
2026-10-07,2024-08-21,445.4624372
2026-10-07,2024-08-22,446.0263859
2026-10-07,2024-08-23,446.5910487
2026-10-07,2024-08-24,447.1564262
2026-10-07,2024-08-25,447.7225195
2026-10-07,2024-08-26,448.2893295
2026-10-07,2024-08-27,448.8568571
2026-10-07,2024-08-28,449.4251031
2026-10-07,2024-08-29,449.9940685
2026-10-07,2024-08-30,450.5637543
2026-10-07,2024-08-31,451.1341612
2026-10-07,2024-09-01,451.7052903
2026-10-07,2024-09-02,452.2771424
2026-10-07,2024-09-03,452.8497185
2026-10-07,2024-09-04,453.4230194
2026-10-07,2024-09-05,453.9970461
2026-10-07,2024-09-06,454.5717996
2026-10-07,2024-09-07,455.1472807
2026-10-07,2024-09-08,455.7234903
2026-10-07,2024-09-09,456.3004294
2026-10-07,2024-09-10,456.8780989
2026-10-07,2024-09-11,457.4564997
2026-10-07,2024-09-12,458.0356327
2026-10-07,2024-09-13,458.615499
2026-10-07,2024-09-14,459.1960993
2026-10-07,2024-09-15,459.7774346
2026-10-07,2024-09-16,460.4084051
2026-10-07,2024-09-17,461.0402415
2026-10-07,2024-09-18,461.6729449
2026-10-07,2024-09-19,462.3065167
2026-10-07,2024-09-20,462.9409579
2026-10-07,2024-09-21,463.5762698
2026-10-07,2024-09-22,464.2124535
2026-10-07,2024-09-23,464.8495104
2026-10-07,2024-09-24,465.4874414
2026-10-07,2024-09-25,466.126248
2026-10-07,2024-09-26,466.7659311
2026-10-07,2024-09-27,467.4064922
2026-10-07,2024-09-28,468.0479323
2026-10-07,2024-09-29,468.6902527
2026-10-07,2024-09-30,469.3334546
2026-10-07,2024-10-01,469.9775391
2026-10-07,2024-10-02,470.6225076
2026-10-07,2024-10-03,471.2683612
2026-10-07,2024-10-04,471.9151011
2026-10-07,2024-10-05,472.5627285
2026-10-07,2024-10-06,473.2112447
2026-10-07,2024-10-07,473.8606509
2026-10-07,2024-10-08,474.5109483
2026-10-07,2024-10-09,475.1621382
2026-10-07,2024-10-10,475.8142217
2026-10-07,2024-10-11,476.4672
2026-10-07,2024-10-12,477.1210745
2026-10-07,2024-10-13,477.7758463
2026-10-07,2024-10-14,478.4315167
2026-10-07,2024-10-15,479.0880869
2026-10-07,2024-10-16,479.6200373
2026-10-07,2024-10-17,480.1525783
2026-10-07,2024-10-18,480.6857107
2026-10-07,2024-10-19,481.2194349
2026-10-07,2024-10-20,481.7537518
2026-10-07,2024-10-21,482.288662
2026-10-07,2024-10-22,482.8241661
2026-10-07,2024-10-23,483.3602648
2026-10-07,2024-10-24,483.8969588
2026-10-07,2024-10-25,484.4342487
2026-10-07,2024-10-26,484.9721351
2026-10-07,2024-10-27,485.5106188
2026-10-07,2024-10-28,486.0497003
2026-10-07,2024-10-29,486.5893805
2026-10-07,2024-10-30,487.1296599
2026-10-07,2024-10-31,487.6705391
2026-10-07,2024-11-01,488.2120189
2026-10-07,2024-11-02,488.7541
2026-10-07,2024-11-03,489.2967829
2026-10-07,2024-11-04,489.8400684
2026-10-07,2024-11-05,490.3839572
2026-10-07,2024-11-06,490.9284498
2026-10-07,2024-11-07,491.473547
2026-10-07,2024-11-08,492.0192495
2026-10-07,2024-11-09,492.5655578
2026-10-07,2024-11-10,493.1124728
2026-10-07,2024-11-11,493.659995
2026-10-07,2024-11-12,494.2081251
2026-10-07,2024-11-13,494.7568639
2026-10-07,2024-11-14,495.3062119
2026-10-07,2024-11-15,495.8561699
2026-10-07,2024-11-16,496.2967177
2026-10-07,2024-11-17,496.7376569
2026-10-07,2024-11-18,497.1789879
2026-10-07,2024-11-19,497.6207109
2026-10-07,2024-11-20,498.0628264
2026-10-07,2024-11-21,498.5053347
2026-10-07,2024-11-22,498.9482362
2026-10-07,2024-11-23,499.3915311
2026-10-07,2024-11-24,499.83522
2026-10-07,2024-11-25,500.279303
2026-10-07,2024-11-26,500.7237805
2026-10-07,2024-11-27,501.168653
2026-10-07,2024-11-28,501.6139207
2026-10-07,2024-11-29,502.059584
2026-10-07,2024-11-30,502.5056432
2026-10-07,2024-12-01,502.9520988
2026-10-07,2024-12-02,503.398951
2026-10-07,2024-12-03,503.8462003
2026-10-07,2024-12-04,504.2938469
2026-10-07,2024-12-05,504.7418912
2026-10-07,2024-12-06,505.1903335
2026-10-07,2024-12-07,505.6391744
2026-10-07,2024-12-08,506.0884139
2026-10-07,2024-12-09,506.5380526
2026-10-07,2024-12-10,506.9880908
2026-10-07,2024-12-11,507.4385289
2026-10-07,2024-12-12,507.8893671
2026-10-07,2024-12-13,508.3406059
2026-10-07,2024-12-14,508.7922456
2026-10-07,2024-12-15,509.2442865
2026-10-07,2024-12-16,509.6340326
2026-10-07,2024-12-17,510.0240769
2026-10-07,2024-12-18,510.4144197
2026-10-07,2024-12-19,510.8050613
2026-10-07,2024-12-20,511.1960018
2026-10-07,2024-12-21,511.5872416
2026-10-07,2024-12-22,511.9787808
2026-10-07,2024-12-23,512.3706196
2026-10-07,2024-12-24,512.7627584
2026-10-07,2024-12-25,513.1551972
2026-10-07,2024-12-26,513.5479364
2026-10-07,2024-12-27,513.9409762
2026-10-07,2024-12-28,514.3343168
2026-10-07,2024-12-29,514.7279585
2026-10-07,2024-12-30,515.1219014
2026-10-07,2024-12-31,515.5161458
2026-10-07,2025-01-01,515.9106919
2026-10-07,2025-01-02,516.30554
2026-10-07,2025-01-03,516.7006903
2026-10-07,2025-01-04,517.0961431
2026-10-07,2025-01-05,517.4918984
2026-10-07,2025-01-06,517.8879567
2026-10-07,2025-01-07,518.2843181
2026-10-07,2025-01-08,518.6809828
2026-10-07,2025-01-09,519.0779512
2026-10-07,2025-01-10,519.4752233
2026-10-07,2025-01-11,519.8727995
2026-10-07,2025-01-12,520.27068
2026-10-07,2025-01-13,520.668865
2026-10-07,2025-01-14,521.0673547
2026-10-07,2025-01-15,521.4661494
2026-10-07,2025-01-16,521.914499
2026-10-07,2025-01-17,522.363234
2026-10-07,2025-01-18,522.8123549
2026-10-07,2025-01-19,523.2618619
2026-10-07,2025-01-20,523.7117554
2026-10-07,2025-01-21,524.1620358
2026-10-07,2025-01-22,524.6127032
2026-10-07,2025-01-23,525.0637581
2026-10-07,2025-01-24,525.5152009
2026-10-07,2025-01-25,525.9670318
2026-10-07,2025-01-26,526.4192512
2026-10-07,2025-01-27,526.8718593
2026-10-07,2025-01-28,527.3248567
2026-10-07,2025-01-29,527.7782435
2026-10-07,2025-01-30,528.2320201
2026-10-07,2025-01-31,528.6861869
2026-10-07,2025-02-01,529.1407441
2026-10-07,2025-02-02,529.5956922
2026-10-07,2025-02-03,530.0510315
2026-10-07,2025-02-04,530.5067622
2026-10-07,2025-02-05,530.9628848
2026-10-07,2025-02-06,531.4193995
2026-10-07,2025-02-07,531.8763068
2026-10-07,2025-02-08,532.3336068
2026-10-07,2025-02-09,532.7913001
2026-10-07,2025-02-10,533.2493869
2026-10-07,2025-02-11,533.7078675
2026-10-07,2025-02-12,534.1667424
2026-10-07,2025-02-13,534.6260117
2026-10-07,2025-02-14,535.085676
2026-10-07,2025-02-15,535.5457354
2026-10-07,2025-02-16,535.9621213
2026-10-07,2025-02-17,536.3788309
2026-10-07,2025-02-18,536.7958645
2026-10-07,2025-02-19,537.2132223
2026-10-07,2025-02-20,537.6309047
2026-10-07,2025-02-21,538.0489117
2026-10-07,2025-02-22,538.4672438
2026-10-07,2025-02-23,538.8859011
2026-10-07,2025-02-24,539.304884
2026-10-07,2025-02-25,539.7241926
2026-10-07,2025-02-26,540.1438272
2026-10-07,2025-02-27,540.563788
2026-10-07,2025-02-28,540.9840754
2026-10-07,2025-03-01,541.4046896
2026-10-07,2025-03-02,541.8256308
2026-10-07,2025-03-03,542.2468993
2026-10-07,2025-03-04,542.6684953
2026-10-07,2025-03-05,543.0904191
2026-10-07,2025-03-06,543.5126709
2026-10-07,2025-03-07,543.935251
2026-10-07,2025-03-08,544.3581597
2026-10-07,2025-03-09,544.7813972
2026-10-07,2025-03-10,545.2049638
2026-10-07,2025-03-11,545.6288597
2026-10-07,2025-03-12,546.0530852
2026-10-07,2025-03-13,546.4776405
2026-10-07,2025-03-14,546.9025259
2026-10-07,2025-03-15,547.3277416
2026-10-07,2025-03-16,547.7466345
2026-10-07,2025-03-17,548.165848
2026-10-07,2025-03-18,548.5853823
2026-10-07,2025-03-19,549.0052378
2026-10-07,2025-03-20,549.4254145
2026-10-07,2025-03-21,549.8459128
2026-10-07,2025-03-22,550.266733
2026-10-07,2025-03-23,550.6878752
2026-10-07,2025-03-24,551.1093398
2026-10-07,2025-03-25,551.5311269
2026-10-07,2025-03-26,551.9532368
2026-10-07,2025-03-27,552.3756698
2026-10-07,2025-03-28,552.798426
2026-10-07,2025-03-29,553.2215059
2026-10-07,2025-03-30,553.6449095
2026-10-07,2025-03-31,554.0686372
2026-10-07,2025-04-01,554.4926892
2026-10-07,2025-04-02,554.9170657
2026-10-07,2025-04-03,555.341767
2026-10-07,2025-04-04,555.7667934
2026-10-07,2025-04-05,556.1921451
2026-10-07,2025-04-06,556.6178222
2026-10-07,2025-04-07,557.0438252
2026-10-07,2025-04-08,557.4701542
2026-10-07,2025-04-09,557.8968095
2026-10-07,2025-04-10,558.3237914
2026-10-07,2025-04-11,558.7511
2026-10-07,2025-04-12,559.1787357
2026-10-07,2025-04-13,559.6066986
2026-10-07,2025-04-14,560.0349891
2026-10-07,2025-04-15,560.4636074
2026-10-07,2025-04-16,561.1427761
2026-10-07,2025-04-17,561.8227677
2026-10-07,2025-04-18,562.5035834
2026-10-07,2025-04-19,563.1852241
2026-10-07,2025-04-20,563.8676908
2026-10-07,2025-04-21,564.5509845
2026-10-07,2025-04-22,565.2351062
2026-10-07,2025-04-23,565.920057
2026-10-07,2025-04-24,566.6058377
2026-10-07,2025-04-25,567.2924495
2026-10-07,2025-04-26,567.9798933
2026-10-07,2025-04-27,568.6681702
2026-10-07,2025-04-28,569.3572811
2026-10-07,2025-04-29,570.0472271
2026-10-07,2025-04-30,570.7380092
2026-10-07,2025-05-01,571.4296283
2026-10-07,2025-05-02,572.1220855
2026-10-07,2025-05-03,572.8153819
2026-10-07,2025-05-04,573.5095184
2026-10-07,2025-05-05,574.2044961
2026-10-07,2025-05-06,574.9003159
2026-10-07,2025-05-07,575.5969789
2026-10-07,2025-05-08,576.2944861
2026-10-07,2025-05-09,576.9928386
2026-10-07,2025-05-10,577.6920374
2026-10-07,2025-05-11,578.3920834
2026-10-07,2025-05-12,579.0929777
2026-10-07,2025-05-13,579.7947214
2026-10-07,2025-05-14,580.4973154
2026-10-07,2025-05-15,581.2007609
2026-10-07,2025-05-16,581.7187321
2026-10-07,2025-05-17,582.2371649
2026-10-07,2025-05-18,582.7560597
2026-10-07,2025-05-19,583.275417
2026-10-07,2025-05-20,583.7952372
2026-10-07,2025-05-21,584.3155206
2026-10-07,2025-05-22,584.8362677
2026-10-07,2025-05-23,585.3574789
2026-10-07,2025-05-24,585.8791546
2026-10-07,2025-05-25,586.4012952
2026-10-07,2025-05-26,586.9239011
2026-10-07,2025-05-27,587.4469728
2026-10-07,2025-05-28,587.9705107
2026-10-07,2025-05-29,588.4945152
2026-10-07,2025-05-30,589.0189866
2026-10-07,2025-05-31,589.5439255
2026-10-07,2025-06-01,590.0693322
2026-10-07,2025-06-02,590.5952071
2026-10-07,2025-06-03,591.1215507
2026-10-07,2025-06-04,591.6483634
2026-10-07,2025-06-05,592.1756456
2026-10-07,2025-06-06,592.7033977
2026-10-07,2025-06-07,593.2316201
2026-10-07,2025-06-08,593.7603133
2026-10-07,2025-06-09,594.2894777
2026-10-07,2025-06-10,594.8191137
2026-10-07,2025-06-11,595.3492217
2026-10-07,2025-06-12,595.8798021
2026-10-07,2025-06-13,596.4108554
2026-10-07,2025-06-14,596.9423819
2026-10-07,2025-06-15,597.4743822
2026-10-07,2025-06-16,597.7709746
2026-10-07,2025-06-17,598.0677143
2026-10-07,2025-06-18,598.3646012
2026-10-07,2025-06-19,598.6616355
2026-10-07,2025-06-20,598.9588173
2026-10-07,2025-06-21,599.2561466
2026-10-07,2025-06-22,599.5536235
2026-10-07,2025-06-23,599.8512481
2026-10-07,2025-06-24,600.1490204
2026-10-07,2025-06-25,600.4469405
2026-10-07,2025-06-26,600.7450085
2026-10-07,2025-06-27,601.0432245
2026-10-07,2025-06-28,601.3415885
2026-10-07,2025-06-29,601.6401006
2026-10-07,2025-06-30,601.938761
2026-10-07,2025-07-01,602.2375695
2026-10-07,2025-07-02,602.5365264
2026-10-07,2025-07-03,602.8356318
2026-10-07,2025-07-04,603.1348855
2026-10-07,2025-07-05,603.4342879
2026-10-07,2025-07-06,603.7338388
2026-10-07,2025-07-07,604.0335385
2026-10-07,2025-07-08,604.333387
2026-10-07,2025-07-09,604.6333843
2026-10-07,2025-07-10,604.9335305
2026-10-07,2025-07-11,605.2338257
2026-10-07,2025-07-12,605.5342699
2026-10-07,2025-07-13,605.8348634
2026-10-07,2025-07-14,606.135606
2026-10-07,2025-07-15,606.4364979
2026-10-07,2025-07-16,606.7470993
2026-10-07,2025-07-17,607.0578598
2026-10-07,2025-07-18,607.3687794
2026-10-07,2025-07-19,607.6798583
2026-10-07,2025-07-20,607.9910965
2026-10-07,2025-07-21,608.3024942
2026-10-07,2025-07-22,608.6140513
2026-10-07,2025-07-23,608.925768
2026-10-07,2025-07-24,609.2376443
2026-10-07,2025-07-25,609.5496804
2026-10-07,2025-07-26,609.8618762
2026-10-07,2025-07-27,610.174232
2026-10-07,2025-07-28,610.4867478
2026-10-07,2025-07-29,610.7994236
2026-10-07,2025-07-30,611.1122596
2026-10-07,2025-07-31,611.4252558
2026-10-07,2025-08-01,611.7384123
2026-10-07,2025-08-02,612.0517292
2026-10-07,2025-08-03,612.3652066
2026-10-07,2025-08-04,612.6788445
2026-10-07,2025-08-05,612.9926431
2026-10-07,2025-08-06,613.3066024
2026-10-07,2025-08-07,613.6207224
2026-10-07,2025-08-08,613.9350034
2026-10-07,2025-08-09,614.2494454
2026-10-07,2025-08-10,614.5640483
2026-10-07,2025-08-11,614.8788125
2026-10-07,2025-08-12,615.1937378
2026-10-07,2025-08-13,615.5088244
2026-10-07,2025-08-14,615.8240724
2026-10-07,2025-08-15,616.1394819
2026-10-07,2025-08-16,616.5136866
2026-10-07,2025-08-17,616.8881187
2026-10-07,2025-08-18,617.2627781
2026-10-07,2025-08-19,617.6376651
2026-10-07,2025-08-20,618.0127797
2026-10-07,2025-08-21,618.3881222
2026-10-07,2025-08-22,618.7636926
2026-10-07,2025-08-23,619.1394911
2026-10-07,2025-08-24,619.5155179
2026-10-07,2025-08-25,619.891773
2026-10-07,2025-08-26,620.2682567
2026-10-07,2025-08-27,620.644969
2026-10-07,2025-08-28,621.0219101
2026-10-07,2025-08-29,621.3990801
2026-10-07,2025-08-30,621.7764792
2026-10-07,2025-08-31,622.1541075
2026-10-07,2025-09-01,622.5319652
2026-10-07,2025-09-02,622.9100523
2026-10-07,2025-09-03,623.2883691
2026-10-07,2025-09-04,623.6669156
2026-10-07,2025-09-05,624.0456921
2026-10-07,2025-09-06,624.4246986
2026-10-07,2025-09-07,624.8039352
2026-10-07,2025-09-08,625.1834022
2026-10-07,2025-09-09,625.5630997
2026-10-07,2025-09-10,625.9430278
2026-10-07,2025-09-11,626.3231866
2026-10-07,2025-09-12,626.7035763
2026-10-07,2025-09-13,627.084197
2026-10-07,2025-09-14,627.4650489
2026-10-07,2025-09-15,627.8461321
2026-10-07,2025-09-16,628.2401612
2026-10-07,2025-09-17,628.6344376
2026-10-07,2025-09-18,629.0289614
2026-10-07,2025-09-19,629.4237329
2026-10-07,2025-09-20,629.8187521
2026-10-07,2025-09-21,630.2140192
2026-10-07,2025-09-22,630.6095343
2026-10-07,2025-09-23,631.0052977
2026-10-07,2025-09-24,631.4013095
2026-10-07,2025-09-25,631.7975698
2026-10-07,2025-09-26,632.1940788
2026-10-07,2025-09-27,632.5908366
2026-10-07,2025-09-28,632.9878435
2026-10-07,2025-09-29,633.3850994
2026-10-07,2025-09-30,633.7826048
2026-10-07,2025-10-01,634.1803595
2026-10-07,2025-10-02,634.5783639
2026-10-07,2025-10-03,634.9766181
2026-10-07,2025-10-04,635.3751222
2026-10-07,2025-10-05,635.7738765
2026-10-07,2025-10-06,636.1728809
2026-10-07,2025-10-07,636.5721358
2026-10-07,2025-10-08,636.9716413
2026-10-07,2025-10-09,637.3713975
2026-10-07,2025-10-10,637.7714045
2026-10-07,2025-10-11,638.1716626
2026-10-07,2025-10-12,638.5721719
2026-10-07,2025-10-13,638.9729326
2026-10-07,2025-10-14,639.3739447
2026-10-07,2025-10-15,639.7752086
2026-10-07,2025-10-16,640.2042605
2026-10-07,2025-10-17,640.6336003
2026-10-07,2025-10-18,641.0632279
2026-10-07,2025-10-19,641.4931437
2026-10-07,2025-10-20,641.9233477
2026-10-07,2025-10-21,642.3538403
2026-10-07,2025-10-22,642.7846216
2026-10-07,2025-10-23,643.2156918
2026-10-07,2025-10-24,643.647051
2026-10-07,2025-10-25,644.0786996
2026-10-07,2025-10-26,644.5106376
2026-10-07,2025-10-27,644.9428653
2026-10-07,2025-10-28,645.3753828
2026-10-07,2025-10-29,645.8081905
2026-10-07,2025-10-30,646.2412883
2026-10-07,2025-10-31,646.6746766
2026-10-07,2025-11-01,647.1083556
2026-10-07,2025-11-02,647.5423254
2026-10-07,2025-11-03,647.9765862
2026-10-07,2025-11-04,648.4111383
2026-10-07,2025-11-05,648.8459818
2026-10-07,2025-11-06,649.2811169
2026-10-07,2025-11-07,649.7165438
2026-10-07,2025-11-08,650.1522627
2026-10-07,2025-11-09,650.5882739
2026-10-07,2025-11-10,651.0245774
2026-10-07,2025-11-11,651.4611735
2026-10-07,2025-11-12,651.8980624
2026-10-07,2025-11-13,652.3352444
2026-10-07,2025-11-14,652.7727195
2026-10-07,2025-11-15,653.2104879
2026-10-07,2025-11-16,653.705798
2026-10-07,2025-11-17,654.2014837
2026-10-07,2025-11-18,654.6975452
2026-10-07,2025-11-19,655.1939829
2026-10-07,2025-11-20,655.690797
2026-10-07,2025-11-21,656.1879878
2026-10-07,2025-11-22,656.6855556
2026-10-07,2025-11-23,657.1835007
2026-10-07,2025-11-24,657.6818234
2026-10-07,2025-11-25,658.180524
2026-10-07,2025-11-26,658.6796027
2026-10-07,2025-11-27,659.1790598
2026-10-07,2025-11-28,659.6788957
2026-10-07,2025-11-29,660.1791105
2026-10-07,2025-11-30,660.6797047
2026-10-07,2025-12-01,661.1806785
2026-10-07,2025-12-02,661.6820321
2026-10-07,2025-12-03,662.1837659
2026-10-07,2025-12-04,662.6858801
2026-10-07,2025-12-05,663.1883751
2026-10-07,2025-12-06,663.6912511
2026-10-07,2025-12-07,664.1945085
2026-10-07,2025-12-08,664.6981474
2026-10-07,2025-12-09,665.2021682
2026-10-07,2025-12-10,665.7065712
2026-10-07,2025-12-11,666.2113567
2026-10-07,2025-12-12,666.7165249
2026-10-07,2025-12-13,667.2220762
2026-10-07,2025-12-14,667.7280109
2026-10-07,2025-12-15,668.2343292
2026-10-07,2025-12-16,668.7668138
2026-10-07,2025-12-17,669.2997228
2026-10-07,2025-12-18,669.8330565
2026-10-07,2025-12-19,670.3668151
2026-10-07,2025-12-20,670.900999
2026-10-07,2025-12-21,671.4356086
2026-10-07,2025-12-22,671.9706443
2026-10-07,2025-12-23,672.5061062
2026-10-07,2025-12-24,673.0419949
2026-10-07,2025-12-25,673.5783105
2026-10-07,2025-12-26,674.1150536
2026-10-07,2025-12-27,674.6522243
2026-10-07,2025-12-28,675.1898231
2026-10-07,2025-12-29,675.7278503
2026-10-07,2025-12-30,676.2663062
2026-10-07,2025-12-31,676.8051912
2026-10-07,2026-01-01,677.3445056
2026-10-07,2026-01-02,677.8842497
2026-10-07,2026-01-03,678.4244239
2026-10-07,2026-01-04,678.9650286
2026-10-07,2026-01-05,679.5060641
2026-10-07,2026-01-06,680.0475307
2026-10-07,2026-01-07,680.5894287
2026-10-07,2026-01-08,681.1317586
2026-10-07,2026-01-09,681.6745206
2026-10-07,2026-01-10,682.2177152
2026-10-07,2026-01-11,682.7613425
2026-10-07,2026-01-12,683.3054031
2026-10-07,2026-01-13,683.8498972
2026-10-07,2026-01-14,684.3948252
2026-10-07,2026-01-15,684.9401874
2026-10-07,2026-01-16,685.5506121
2026-10-07,2026-01-17,686.1615808
2026-10-07,2026-01-18,686.773094
2026-10-07,2026-01-19,687.3851521
2026-10-07,2026-01-20,687.9977558
2026-10-07,2026-01-21,688.6109054
2026-10-07,2026-01-22,689.2246014
2026-10-07,2026-01-23,689.8388444
2026-10-07,2026-01-24,690.4536348
2026-10-07,2026-01-25,691.0689731
2026-10-07,2026-01-26,691.6848598
2026-10-07,2026-01-27,692.3012954
2026-10-07,2026-01-28,692.9182804
2026-10-07,2026-01-29,693.5358152
2026-10-07,2026-01-30,694.1539004
2026-10-07,2026-01-31,694.7725364
2026-10-07,2026-02-01,695.3917237
2026-10-07,2026-02-02,696.0114629
2026-10-07,2026-02-03,696.6317544
2026-10-07,2026-02-04,697.2525987
2026-10-07,2026-02-05,697.8739963
2026-10-07,2026-02-06,698.4959477
2026-10-07,2026-02-07,699.1184534
2026-10-07,2026-02-08,699.7415139
2026-10-07,2026-02-09,700.3651296
2026-10-07,2026-02-10,700.9893011
2026-10-07,2026-02-11,701.6140289
2026-10-07,2026-02-12,702.2393135
2026-10-07,2026-02-13,702.8651553
2026-10-07,2026-02-14,703.4915548
2026-10-07,2026-02-15,704.1185126
2026-10-07,2026-02-16,704.8377711
2026-10-07,2026-02-17,705.5577643
2026-10-07,2026-02-18,706.2784929
2026-10-07,2026-02-19,706.9999578
2026-10-07,2026-02-20,707.7221597
2026-10-07,2026-02-21,708.4450993
2026-10-07,2026-02-22,709.1687773
2026-10-07,2026-02-23,709.8931946
2026-10-07,2026-02-24,710.6183519
2026-10-07,2026-02-25,711.34425
2026-10-07,2026-02-26,712.0708896
2026-10-07,2026-02-27,712.7982714
2026-10-07,2026-02-28,713.5263962
2026-10-07,2026-03-01,714.2552649
2026-10-07,2026-03-02,714.984878
2026-10-07,2026-03-03,715.7152365
2026-10-07,2026-03-04,716.446341
2026-10-07,2026-03-05,717.1781924
2026-10-07,2026-03-06,717.9107913
2026-10-07,2026-03-07,718.6441386
2026-10-07,2026-03-08,719.378235
2026-10-07,2026-03-09,720.1130813
2026-10-07,2026-03-10,720.8486783
2026-10-07,2026-03-11,721.5850266
2026-10-07,2026-03-12,722.3221271
2026-10-07,2026-03-13,723.0599806
2026-10-07,2026-03-14,723.7985878
2026-10-07,2026-03-15,724.5379495
2026-10-07,2026-03-16,725.2064092
2026-10-07,2026-03-17,725.8754856
2026-10-07,2026-03-18,726.5451793
2026-10-07,2026-03-19,727.2154909
2026-10-07,2026-03-20,727.8864209
2026-10-07,2026-03-21,728.5579699
2026-10-07,2026-03-22,729.2301385
2026-10-07,2026-03-23,729.9029272
2026-10-07,2026-03-24,730.5763367
2026-10-07,2026-03-25,731.2503674
2026-10-07,2026-03-26,731.92502
2026-10-07,2026-03-27,732.600295
2026-10-07,2026-03-28,733.276193
2026-10-07,2026-03-29,733.9527146
2026-10-07,2026-03-30,734.6298604
2026-10-07,2026-03-31,735.3076309
2026-10-07,2026-04-01,735.9860267
2026-10-07,2026-04-02,736.6650484
2026-10-07,2026-04-03,737.3446966
2026-10-07,2026-04-04,738.0249718
2026-10-07,2026-04-05,738.7058747
2026-10-07,2026-04-06,739.3874057
2026-10-07,2026-04-07,740.0695656
2026-10-07,2026-04-08,740.7523548
2026-10-07,2026-04-09,741.4357739
2026-10-07,2026-04-10,742.1198235
2026-10-07,2026-04-11,742.8045043
2026-10-07,2026-04-12,743.4898168
2026-10-07,2026-04-13,744.1757615
2026-10-07,2026-04-14,744.862339
2026-10-07,2026-04-15,745.5495501
2026-10-07,2026-04-16,746.3809227
2026-10-07,2026-04-17,747.2132223
2026-10-07,2026-04-18,748.0464501
2026-10-07,2026-04-19,748.880607
2026-10-07,2026-04-20,749.7156942
2026-10-07,2026-04-21,750.5517125
2026-10-07,2026-04-22,751.3886631
2026-10-07,2026-04-23,752.2265469
2026-10-07,2026-04-24,753.0653652
2026-10-07,2026-04-25,753.9051187
2026-10-07,2026-04-26,754.7458088
2026-10-07,2026-04-27,755.5874362
2026-10-07,2026-04-28,756.4300022
2026-10-07,2026-04-29,757.2735078
2026-10-07,2026-04-30,758.1179539
2026-10-07,2026-05-01,758.9633417
2026-10-07,2026-05-02,759.8096722
2026-10-07,2026-05-03,760.6569465
2026-10-07,2026-05-04,761.5051656
2026-10-07,2026-05-05,762.3543305
2026-10-07,2026-05-06,763.2044423
2026-10-07,2026-05-07,764.0555021
2026-10-07,2026-05-08,764.907511
2026-10-07,2026-05-09,765.7604699
2026-10-07,2026-05-10,766.61438
2026-10-07,2026-05-11,767.4692423
2026-10-07,2026-05-12,768.3250578
2026-10-07,2026-05-13,769.1818277
2026-10-07,2026-05-14,770.039553
2026-10-07,2026-05-15,770.8982348
2026-10-07,2026-05-16,771.5367965
2026-10-07,2026-05-17,772.1758872
2026-10-07,2026-05-18,772.8155073
2026-10-07,2026-05-19,773.4556572
2026-10-07,2026-05-20,774.0963374
2026-10-07,2026-05-21,774.7375483
2026-10-07,2026-05-22,775.3792903
2026-10-07,2026-05-23,776.0215638
2026-10-07,2026-05-24,776.6643694
2026-10-07,2026-05-25,777.3077075
2026-10-07,2026-05-26,777.9515785
2026-10-07,2026-05-27,778.5959827
2026-10-07,2026-05-28,779.2409208
2026-10-07,2026-05-29,779.8863931
2026-10-07,2026-05-30,780.5324001
2026-10-07,2026-05-31,781.1789422
2026-10-07,2026-06-01,781.8260198
2026-10-07,2026-06-02,782.4736334
2026-10-07,2026-06-03,783.1217835
2026-10-07,2026-06-04,783.7704705
2026-10-07,2026-06-05,784.4196948
2026-10-07,2026-06-06,785.0694568
2026-10-07,2026-06-07,785.7197571
2026-10-07,2026-06-08,786.370596
2026-10-07,2026-06-09,787.0219741
2026-10-07,2026-06-10,787.6738917
2026-10-07,2026-06-11,788.3263493
2026-10-07,2026-06-12,788.9793474
2026-10-07,2026-06-13,789.6328864
2026-10-07,2026-06-14,790.2869667
2026-10-07,2026-06-15,790.9415889
2026-10-07,2026-06-16,791.4897045
2026-10-07,2026-06-17,792.0382
2026-10-07,2026-06-18,792.5870756
2026-10-07,2026-06-19,793.1363315
2026-10-07,2026-06-20,793.6859681
2026-10-07,2026-06-21,794.2359856
2026-10-07,2026-06-22,794.7863843
2026-10-07,2026-06-23,795.3371643
2026-10-07,2026-06-24,795.8883261
2026-10-07,2026-06-25,796.4398698
2026-10-07,2026-06-26,796.9917957
2026-10-07,2026-06-27,797.5441041
2026-10-07,2026-06-28,798.0967952
2026-10-07,2026-06-29,798.6498693
2026-10-07,2026-06-30,799.2033268
2026-10-07,2026-07-01,799.7571677
2026-10-07,2026-07-02,800.3113925
2026-10-07,2026-07-03,800.8660013
2026-10-07,2026-07-04,801.4209945
2026-10-07,2026-07-05,801.9763723
2026-10-07,2026-07-06,802.532135
2026-10-07,2026-07-07,803.0882828
2026-10-07,2026-07-08,803.644816
2026-10-07,2026-07-09,804.2017349
2026-10-07,2026-07-10,804.7590397
2026-10-07,2026-07-11,805.3167307
2026-10-07,2026-07-12,805.8748082
2026-10-07,2026-07-13,806.4332724
2026-10-07,2026-07-14,806.9921237
2026-10-07,2026-07-15,807.5513622
2026-10-07,2026-07-16,808.0418186
2026-10-07,2026-07-17,808.5325729
2026-10-07,2026-07-18,809.0236252
2026-10-07,2026-07-19,809.5149758
2026-10-07,2026-07-20,810.0066248
2026-10-07,2026-07-21,810.4985723
2026-10-07,2026-07-22,810.9908187
2026-10-07,2026-07-23,811.483364
2026-10-07,2026-07-24,811.9762085
2026-10-07,2026-07-25,812.4693522
2026-10-07,2026-07-26,812.9627955
2026-10-07,2026-07-27,813.4565385
2026-10-07,2026-07-28,813.9505813
2026-10-07,2026-07-29,814.4449242
2026-10-07,2026-07-30,814.9395673
2026-10-07,2026-07-31,815.4345109
2026-10-07,2026-08-01,815.929755
2026-10-07,2026-08-02,816.4252999
2026-10-07,2026-08-03,816.9211458
2026-10-07,2026-08-04,817.4172928
2026-10-07,2026-08-05,817.9137412
2026-10-07,2026-08-06,818.410491
2026-10-07,2026-08-07,818.9075426
2026-10-07,2026-08-08,819.404896
2026-10-07,2026-08-09,819.9025515
2026-10-07,2026-08-10,820.4005093
2026-10-07,2026-08-11,820.8987695
2026-10-07,2026-08-12,821.3973322
2026-10-07,2026-08-13,821.8961978
2026-10-07,2026-08-14,822.3953664
2026-10-07,2026-08-15,822.8948381
2026-10-07,2026-08-16,823.4466955
2026-10-07,2026-08-17,823.9989229
2026-10-07,2026-08-18,824.5515207
2026-10-07,2026-08-19,825.1044891
2026-10-07,2026-08-20,825.6578283
2026-10-07,2026-08-21,826.2115386
2026-10-07,2026-08-22,826.7656202
2026-10-07,2026-08-23,827.3200734
2026-10-07,2026-08-24,827.8748985
2026-10-07,2026-08-25,828.4300956
2026-10-07,2026-08-26,828.9856651
2026-10-07,2026-08-27,829.5416071
2026-10-07,2026-08-28,830.097922
2026-10-07,2026-08-29,830.65461
2026-10-07,2026-08-30,831.2116712
2026-10-07,2026-08-31,831.7691061
2026-10-07,2026-09-01,832.3269148
2026-10-07,2026-09-02,832.8850976
2026-10-07,2026-09-03,833.4436547
2026-10-07,2026-09-04,834.0025864
2026-10-07,2026-09-05,834.561893
2026-10-07,2026-09-06,835.1215746
2026-10-07,2026-09-07,835.6816315
2026-10-07,2026-09-08,836.2420641
2026-10-07,2026-09-09,836.8028725
2026-10-07,2026-09-10,837.364057
2026-10-07,2026-09-11,837.9256178
2026-10-07,2026-09-12,838.4875553
2026-10-07,2026-09-13,839.0498696
2026-10-07,2026-09-14,839.612561
2026-10-07,2026-09-15,840.1756297
2026-10-07,2026-09-16,840.6478603
2026-10-07,2026-09-17,841.1203564
2026-10-07,2026-09-18,841.593118
2026-10-07,2026-09-19,842.0661453
2026-10-07,2026-09-20,842.5394386
2026-10-07,2026-09-21,843.0129978
2026-10-07,2026-09-22,843.4868232
2026-10-07,2026-09-23,843.9609149
2026-10-07,2026-09-24,844.4352731
2026-10-07,2026-09-25,844.9098979
2026-10-07,2026-09-26,845.3847895
2026-10-07,2026-09-27,845.859948
2026-10-07,2026-09-28,846.3353736
2026-10-07,2026-09-29,846.8110663
2026-10-07,2026-09-30,847.2870265
2026-10-07,2026-10-01,847.7632542
2026-10-07,2026-10-02,848.2397495
2026-10-07,2026-10-03,848.7165127
2026-10-07,2026-10-04,849.1935438
2026-10-07,2026-10-05,849.670843
2026-10-07,2026-10-06,850.1484106
2026-10-07,2026-10-07,850.6262465
2026-10-08,2026-10-08,851.104351
2026-10-09,2026-10-09,851.5827243
