vintage,date,value
2026-10-05,2003-01-02,30.01
2026-10-05,2003-01-03,-0.15
2026-10-05,2003-01-06,0.03
2026-10-05,2003-01-07,-0.02
2026-10-05,2003-01-08,0.76
2026-10-05,2003-01-09,0.42
2026-10-05,2003-01-10,0.36
2026-10-05,2003-01-13,0.24
2026-10-05,2003-01-14,-0.12
2026-10-05,2003-01-15,-0.37
2026-10-05,2003-01-16,-0.16
2026-10-05,2003-01-17,0.07
2026-10-05,2003-01-20,0.53
2026-10-05,2003-01-21,34.94
2026-10-05,2003-01-22,-1.43
2026-10-05,2003-01-23,0.27
2026-10-05,2003-01-24,-0.77
2026-10-05,2003-01-27,0.23
2026-10-05,2003-01-28,2.1
2026-10-05,2003-01-29,0.53
2026-10-05,2003-01-30,-0.43
2026-10-05,2003-01-31,0
2026-10-05,2003-02-03,-0.15
2026-10-05,2003-02-04,-0.21
2026-10-05,2003-02-05,-0.12
2026-10-05,2003-02-06,1.47
2026-10-05,2003-02-07,-0.11
2026-10-05,2003-02-10,0.19
2026-10-05,2003-02-11,-1.52
2026-10-05,2003-02-12,-0.26
2026-10-05,2003-02-13,0
2026-10-05,2003-02-14,-0.25
2026-10-05,2003-02-17,0.01
2026-10-05,2003-02-18,0
2026-10-05,2003-02-19,-35.52
2026-10-05,2003-02-20,0.12
2026-10-05,2003-02-21,0.24
2026-10-05,2003-02-24,0.11
2026-10-05,2003-02-25,24.9
2026-10-05,2003-02-26,-0.29
2026-10-05,2003-02-27,0.02
2026-10-05,2003-02-28,0.01
2026-10-05,2003-03-03,-6.49
2026-10-05,2003-03-04,0.01
2026-10-05,2003-03-05,0
2026-10-05,2003-03-06,0.14
2026-10-05,2003-03-07,-0.5
2026-10-05,2003-03-10,-2.72
2026-10-05,2003-03-11,-0.47
2026-10-05,2003-03-12,-0.01
2026-10-05,2003-03-13,-0.22
2026-10-05,2003-03-14,8.995
2026-10-05,2003-03-17,-1.805
2026-10-05,2003-03-18,-9.18
2026-10-05,2003-03-19,0.23
2026-10-05,2003-03-20,-0.23
2026-10-05,2003-03-21,0
2026-10-05,2003-03-24,0.29
2026-10-05,2003-03-25,0.07
2026-10-05,2003-03-26,-0.18
2026-10-05,2003-03-27,-0.16
2026-10-05,2003-03-28,0.09
2026-10-05,2003-04-01,0.12
2026-10-05,2003-04-02,0.36
2026-10-05,2003-04-03,0.12
2026-10-05,2003-04-04,1.2
2026-10-05,2003-04-07,0
2026-10-05,2003-04-08,-3.7
2026-10-05,2003-04-09,-0.24
2026-10-05,2003-04-10,0.68
2026-10-05,2003-04-11,0.5
2026-10-05,2003-04-14,-0.31
2026-10-05,2003-04-15,0.74
2026-10-05,2003-04-16,2.92
2026-10-05,2003-04-21,-0.62
2026-10-05,2003-04-22,-0.06
2026-10-05,2003-04-23,0.44
2026-10-05,2003-04-24,0.58
2026-10-05,2003-04-25,0
2026-10-05,2003-04-28,0.01
2026-10-05,2003-04-29,-1.21
2026-10-05,2003-04-30,-0.77
2026-10-05,2003-05-02,-0.69
2026-10-05,2003-05-05,0.11
2026-10-05,2003-05-06,-1.45
2026-10-05,2003-05-07,1
2026-10-05,2003-05-08,2.5
2026-10-05,2003-05-09,-2.01
2026-10-05,2003-05-12,-0.99
2026-10-05,2003-05-13,-1.98
2026-10-05,2003-05-14,-0.63
2026-10-05,2003-05-15,0.09
2026-10-05,2003-05-16,-137.48
2026-10-05,2003-05-19,-0.11
2026-10-05,2003-05-20,-2.99
2026-10-05,2003-05-21,-1.41
2026-10-05,2003-05-22,2.05
2026-10-05,2003-05-23,0.63
2026-10-05,2003-05-26,0.83
2026-10-05,2003-05-27,-0.02
2026-10-05,2003-05-28,-1.54
2026-10-05,2003-05-29,-0.6
2026-10-05,2003-05-30,0.57
2026-10-05,2003-06-02,5.24
2026-10-05,2003-06-03,-0.01
2026-10-05,2003-06-04,0.01
2026-10-05,2003-06-05,-0.04
2026-10-05,2003-06-06,-0.01
2026-10-05,2003-06-09,0
2026-10-05,2003-06-10,-4.03
2026-10-05,2003-06-11,-3.47
2026-10-05,2003-06-12,1.17
2026-10-05,2003-06-13,-0.72
2026-10-05,2003-06-17,0.03
2026-10-05,2003-06-18,0
2026-10-05,2003-06-19,-0.01
2026-10-05,2003-06-20,0
2026-10-05,2003-06-23,-0.01
2026-10-05,2003-06-24,2.02
2026-10-05,2003-06-25,2.96
2026-10-05,2003-06-26,-1.143
2026-10-05,2003-06-27,0.003
2026-10-05,2003-06-30,-3.845
2026-10-05,2003-07-01,0.992
2026-10-05,2003-07-02,0.495
2026-10-05,2003-07-03,0.495
2026-10-05,2003-07-04,2.048
2026-10-05,2003-07-07,-0.171
2026-10-05,2003-07-08,-0.048
2026-10-05,2003-07-10,0.182
2026-10-05,2003-07-11,0.025
2026-10-05,2003-07-14,-1.051
2026-10-05,2003-07-15,-0.429
2026-10-05,2003-07-16,-0.001
2026-10-05,2003-07-17,-0.006
2026-10-05,2003-07-18,-1.041
2026-10-05,2003-07-21,-1.511
2026-10-05,2003-07-22,0.003
2026-10-05,2003-07-23,0.003
2026-10-05,2003-07-24,8.998
2026-10-05,2003-07-25,-9.001
2026-10-05,2003-07-28,-0.002
2026-10-05,2003-07-29,-0.008
2026-10-05,2003-07-30,0.004
2026-10-05,2003-07-31,8.903
2026-10-05,2003-08-01,-0.249
2026-10-05,2003-08-04,-6.663
2026-10-05,2003-08-05,-0.99
2026-10-05,2003-08-06,-1.003
2026-10-05,2003-08-07,1.59
2026-10-05,2003-08-08,-1.591
2026-10-05,2003-08-11,0.002
2026-10-05,2003-08-12,0.001
2026-10-05,2003-08-13,0.002
2026-10-05,2003-08-14,0.001
2026-10-05,2003-08-15,0.009
2026-10-05,2003-08-19,-0.004
2026-10-05,2003-08-20,-0.002
2026-10-05,2003-08-21,-0.001
2026-10-05,2003-08-22,5.2007
2026-10-05,2003-08-25,0.035
2026-10-05,2003-08-26,0.013
2026-10-05,2003-08-27,-5.248
2026-10-05,2003-08-28,-8.97
2026-10-05,2003-08-29,-0.005
2026-10-05,2003-09-01,0
2026-10-05,2003-09-02,0.037
2026-10-05,2003-09-03,5.463
2026-10-05,2003-09-04,-1.497
2026-10-05,2003-09-05,-0.998
2026-10-05,2003-09-08,-0.796
2026-10-05,2003-09-09,-0.5131
2026-10-05,2003-09-10,2.306
2026-10-05,2003-09-11,0.594
2026-10-05,2003-09-12,-0.001
2026-10-05,2003-09-15,-3.595
2026-10-05,2003-09-16,1.014
2026-10-05,2003-09-17,-2.024
2026-10-05,2003-09-18,-0.003
2026-10-05,2003-09-19,0
2026-10-05,2003-09-22,0
2026-10-05,2003-09-23,-0.005
2026-10-05,2003-09-24,-0.005
2026-10-05,2003-09-25,-0.108
2026-10-05,2003-09-26,-0.034
2026-10-05,2003-09-29,-0.014
2026-10-05,2003-09-30,0.151
2026-10-05,2003-10-01,4.0124
2026-10-05,2003-10-02,-3.179
2026-10-05,2003-10-03,-1.027
2026-10-05,2003-10-06,2.498
2026-10-05,2003-10-07,-1.134
2026-10-05,2003-10-08,0.132
2026-10-05,2003-10-09,1.012
2026-10-05,2003-10-10,-1.044
2026-10-05,2003-10-14,1.898
2026-10-05,2003-10-15,-1.846
2026-10-05,2003-10-16,4.511
2026-10-05,2003-10-17,0.041
2026-10-05,2003-10-20,-6.086
2026-10-05,2003-10-21,0.062
2026-10-05,2003-10-22,-0.001
2026-10-05,2003-10-23,-0.061
2026-10-05,2003-10-24,2.42
2026-10-05,2003-10-27,-0.11
2026-10-05,2003-10-28,3.804
2026-10-05,2003-10-29,-2.33
2026-10-05,2003-10-30,-3.893
2026-10-05,2003-10-31,-0.165
2026-10-05,2003-11-03,-0.647
2026-10-05,2003-11-04,0.2238
2026-10-05,2003-11-05,-0.414
2026-10-05,2003-11-07,-0.065
2026-10-05,2003-11-10,-0.237
2026-10-05,2003-11-11,-0.241
2026-10-05,2003-11-12,0.3639
2026-10-05,2003-11-13,0.115
2026-10-05,2003-11-14,-0.001
2026-10-05,2003-11-17,-0.236
2026-10-05,2003-11-18,-0.119
2026-10-05,2003-11-19,0.092
2026-10-05,2003-11-20,0.1438
2026-10-05,2003-11-21,-0.18
2026-10-05,2003-11-24,0.175
2026-10-05,2003-11-25,0.238
2026-10-05,2003-11-26,0.118
2026-10-05,2003-11-27,0.236
2026-10-05,2003-11-28,-0.001
2026-10-05,2003-12-01,0
2026-10-05,2003-12-02,0.236
2026-10-05,2003-12-03,0.002
2026-10-05,2003-12-04,-0.001
2026-10-05,2003-12-05,0.36
2026-10-05,2003-12-09,0.115
2026-10-05,2003-12-10,0
2026-10-05,2003-12-11,0.184
2026-10-05,2003-12-12,0
2026-10-05,2003-12-15,-0.068
2026-10-05,2003-12-16,-0.001
2026-10-05,2003-12-17,-0.12
2026-10-05,2003-12-18,0.015
2026-10-05,2003-12-19,0.058
2026-10-05,2003-12-22,-0.117
2026-10-05,2003-12-23,-0.179
2026-10-05,2003-12-24,-0.139
2026-10-05,2003-12-26,-0.094
2026-10-05,2003-12-29,0.234
2026-10-05,2003-12-30,-0.239
2026-10-05,2003-12-31,-0.001
2026-10-05,2004-01-02,-0.2445
2026-10-05,2004-01-05,3.247
2026-10-05,2004-01-06,0.119
2026-10-05,2004-01-07,0.492
2026-10-05,2004-01-08,-2.964
2026-10-05,2004-01-09,0.014
2026-10-05,2004-01-12,0.002
2026-10-05,2004-01-13,0.002
2026-10-05,2004-01-14,-0.557
2026-10-05,2004-01-15,-0.408
2026-10-05,2004-01-16,-0.237
2026-10-05,2004-01-19,0.409
2026-10-05,2004-01-20,-0.0721
2026-10-05,2004-01-21,-0.231
2026-10-05,2004-01-22,-156.216
2026-10-05,2004-01-23,0
2026-10-05,2004-01-26,0.057
2026-10-05,2004-01-27,-0.3466
2026-10-05,2004-01-28,-0.0616
2026-10-05,2004-01-29,-0.2347
2026-10-05,2004-01-30,-0.0001
2026-10-05,2004-02-02,-0.0011
2026-10-05,2004-02-03,-0.1733
2026-10-05,2004-02-04,0.114
2026-10-05,2004-02-05,0.1182
2026-10-05,2004-02-06,-0.2384
2026-10-05,2004-02-09,0.004
2026-10-05,2004-02-10,0.528
2026-10-05,2004-02-11,-0.472
2026-10-05,2004-02-12,0.7334
2026-10-05,2004-02-13,0.473
2026-10-05,2004-02-16,0.377
2026-10-05,2004-02-17,0.1674
2026-10-05,2004-02-18,-0.197
2026-10-05,2004-02-19,0.106
2026-10-05,2004-02-20,-0.058
2026-10-05,2004-02-23,0.178
2026-10-05,2004-02-24,-0.182
2026-10-05,2004-02-25,0.115
2026-10-05,2004-02-26,-0.119
2026-10-05,2004-02-27,0.1866
2026-10-05,2004-03-01,-0.3005
2026-10-05,2004-03-02,-0.1131
2026-10-05,2004-03-03,-0.587
2026-10-05,2004-03-04,0.5711
2026-10-05,2004-03-05,0.0691
2026-10-05,2004-03-08,0.0581
2026-10-05,2004-03-09,-0.2338
2026-10-05,2004-03-10,0.2345
2026-10-05,2004-03-11,0.2977
2026-10-05,2004-03-12,0.0033
2026-10-05,2004-03-15,-0.0012
2026-10-05,2004-03-16,0.0032
2026-10-05,2004-03-17,0.0004
2026-10-05,2004-03-18,-0.001
2026-10-05,2004-03-19,0.0015
2026-10-05,2004-03-22,0
2026-10-05,2004-03-23,-0.0026
2026-10-05,2004-03-24,0.001
2026-10-05,2004-03-25,-0.0049
2026-10-05,2004-03-26,3.5024
2026-10-05,2004-03-29,-1.002
2026-10-05,2004-03-30,1.4989
2026-10-05,2004-03-31,-4.1668
2026-10-05,2004-04-01,2.9991
2026-10-05,2004-04-02,0
2026-10-05,2004-04-06,1.2
2026-10-05,2004-04-07,0.5008
2026-10-05,2004-04-12,1.3002
2026-10-05,2004-04-13,0.299
2026-10-05,2004-04-14,0
2026-10-05,2004-04-15,-1.3
2026-10-05,2004-04-16,-1
2026-10-05,2004-04-19,-1
2026-10-05,2004-04-20,-1
2026-10-05,2004-04-21,-2
2026-10-05,2004-04-22,-25
2026-10-05,2004-04-23,0
2026-10-05,2004-04-26,0
2026-10-05,2004-04-27,0
2026-10-05,2004-04-28,0
2026-10-05,2004-04-29,0
2026-10-05,2004-04-30,0
2026-10-05,2004-05-03,0
2026-10-05,2004-05-04,0
2026-10-05,2004-05-05,0
2026-10-05,2004-05-06,0
2026-10-05,2004-05-07,0
2026-10-05,2004-05-10,0
2026-10-05,2004-05-11,0
2026-10-05,2004-05-12,0
2026-10-05,2004-05-13,0
2026-10-05,2004-05-14,0
2026-10-05,2004-05-17,0
2026-10-05,2004-05-18,0
2026-10-05,2004-05-19,0
2026-10-05,2004-05-20,0
2026-10-05,2004-05-21,1.6068
2026-10-05,2004-05-24,-19.702
2026-10-05,2004-05-26,0
2026-10-05,2004-05-27,0
2026-10-05,2004-05-28,-134.7976
2026-10-05,2004-05-31,-76.3838
2026-10-05,2004-06-01,-34.026
2026-10-05,2004-06-02,137.284
2026-10-05,2004-06-03,24.674
2026-10-05,2004-06-04,-107.6755
2026-10-05,2004-06-07,-3.5974
2026-10-05,2004-06-08,-40.9796
2026-10-05,2004-06-09,-50.934
2026-10-05,2004-06-10,-41.1832
2026-10-05,2004-06-11,-122.531
2026-10-05,2004-06-14,29.036
2026-10-05,2004-06-15,-82.4989
2026-10-05,2004-06-16,-58.4599
2026-10-05,2004-06-17,-42.0634
2026-10-05,2004-06-18,-105.155
2026-10-05,2004-06-22,-63.9555
2026-10-05,2004-06-23,-116.7552
2026-10-05,2004-06-24,16.92
2026-10-05,2004-06-25,29.445
2026-10-05,2004-06-28,-50.984
2026-10-05,2004-06-29,47.987
2026-10-05,2004-06-30,-98.6552
2026-10-05,2004-07-01,-425.3115
2026-10-05,2004-07-02,-267.6259
2026-10-05,2004-07-05,-372.6637
2026-10-05,2004-07-06,-463.2564
2026-10-05,2004-07-07,-688.6434
2026-10-05,2004-07-08,-684.4208
2026-10-05,2004-07-12,-146.0711
2026-10-05,2004-07-13,-345.4158
2026-10-05,2004-07-14,-216.6908
2026-10-05,2004-07-15,-308.141
2026-10-05,2004-07-16,-133.047
2026-10-05,2004-07-19,215.1489
2026-10-05,2004-07-20,420.2328
2026-10-05,2004-07-21,433.7566
2026-10-05,2004-07-22,312.2037
2026-10-05,2004-07-23,-158.375
2026-10-05,2004-07-26,185.4146
2026-10-05,2004-07-27,-97.9102
2026-10-05,2004-07-28,36.7
2026-10-05,2004-07-29,68.29
2026-10-05,2004-07-30,-23.4233
2026-10-05,2004-08-02,67.3099
2026-10-05,2004-08-03,171.1226
2026-10-05,2004-08-04,68.758
2026-10-05,2004-08-05,-287.5152
2026-10-05,2004-08-06,50.0739
2026-10-05,2004-08-09,-287.5214
2026-10-05,2004-08-10,-225.6511
2026-10-05,2004-08-11,-379.3916
2026-10-05,2004-08-12,-181.9523
2026-10-05,2004-08-13,-348.5695
2026-10-05,2004-08-17,809.8348
2026-10-05,2004-08-18,262.5516
2026-10-05,2004-08-19,316.8232
2026-10-05,2004-08-20,-16.6697
2026-10-05,2004-08-23,-234.0358
2026-10-05,2004-08-24,-71.441
2026-10-05,2004-08-25,-228.4668
2026-10-05,2004-08-26,296.0823
2026-10-05,2004-08-27,70.8253
2026-10-05,2004-08-30,-187.1622
2026-10-05,2004-08-31,66.044
2026-10-05,2004-09-01,-277.1028
2026-10-05,2004-09-02,-427.5885
2026-10-05,2004-09-03,236.1166
2026-10-05,2004-09-06,-19.3109
2026-10-05,2004-09-07,-36.4141
2026-10-05,2004-09-08,-77.2702
2026-10-05,2004-09-09,-37.1864
2026-10-05,2004-09-10,-298.8204
2026-10-05,2004-09-13,-470.5076
2026-10-05,2004-09-14,185.9737
2026-10-05,2004-09-15,117.4938
2026-10-05,2004-09-16,173.4469
2026-10-05,2004-09-17,-4.9504
2026-10-05,2004-09-20,248.2688
2026-10-05,2004-09-21,-439.8619
2026-10-05,2004-09-22,176.2807
2026-10-05,2004-09-23,-22.2456
2026-10-05,2004-09-24,-199.565
2026-10-05,2004-09-27,72.0824
2026-10-05,2004-09-28,308.588
2026-10-05,2004-09-29,58.9272
2026-10-05,2004-09-30,615.915
2026-10-05,2004-10-01,-85.7565
2026-10-05,2004-10-04,-301.5709
2026-10-05,2004-10-05,-237.817
2026-10-05,2004-10-06,18.1295
2026-10-05,2004-10-07,-32.5951
2026-10-05,2004-10-08,-267.95
2026-10-05,2004-10-12,-185.7945
2026-10-05,2004-10-13,6.027
2026-10-05,2004-10-14,-260.7911
2026-10-05,2004-10-15,-66.8515
2026-10-05,2004-10-18,-920.427
2026-10-05,2004-10-19,818.8015
2026-10-05,2004-10-20,-375.042
2026-10-05,2004-10-21,-414.889
2026-10-05,2004-10-22,-151.8879
2026-10-05,2004-10-25,-310.2087
2026-10-05,2004-10-26,-83.8934
2026-10-05,2004-10-27,-128.4668
2026-10-05,2004-10-28,331.9471
2026-10-05,2004-10-29,440.5441
2026-10-05,2004-11-01,187.49
2026-10-05,2004-11-02,82.6929
2026-10-05,2004-11-03,394.5348
2026-10-05,2004-11-04,-76.3013
2026-10-05,2004-11-05,108.2713
2026-10-05,2004-11-08,98.578
2026-10-05,2004-11-09,-129.9845
2026-10-05,2004-11-10,-69.1445
2026-10-05,2004-11-11,-125.3882
2026-10-05,2004-11-12,-364.5939
2026-10-05,2004-11-15,-102.9745
2026-10-05,2004-11-16,-56.7751
2026-10-05,2004-11-17,7.954
2026-10-05,2004-11-18,206.608
2026-10-05,2004-11-19,157.2261
2026-10-05,2004-11-22,77.815
2026-10-05,2004-11-23,69.915
2026-10-05,2004-11-24,72.527
2026-10-05,2004-11-25,117.577
2026-10-05,2004-11-26,103.221
2026-10-05,2004-11-29,-59.834
2026-10-05,2004-11-30,105.619
2026-10-05,2004-12-01,-0.5789
2026-10-05,2004-12-02,114.9812
2026-10-05,2004-12-03,-69.625
2026-10-05,2004-12-06,-136.302
2026-10-05,2004-12-07,128.378
2026-10-05,2004-12-09,158.503
2026-10-05,2004-12-10,-183.255
2026-10-05,2004-12-13,79.738
2026-10-05,2004-12-14,101.652
2026-10-05,2004-12-15,-556.055
2026-10-05,2004-12-16,589.095
2026-10-05,2004-12-17,-180.702
2026-10-05,2004-12-20,-59.03
2026-10-05,2004-12-21,-67.59
2026-10-05,2004-12-22,-462.278
2026-10-05,2004-12-23,-33.947
2026-10-05,2004-12-24,160.974
2026-10-05,2004-12-27,11.841
2026-10-05,2004-12-28,6.428
2026-10-05,2004-12-29,101.124
2026-10-05,2004-12-30,-7.492
2026-10-05,2004-12-31,388.606
2026-10-05,2005-01-03,58.0067
2026-10-05,2005-01-04,-14.0926
2026-10-05,2005-01-05,-218.1644
2026-10-05,2005-01-06,-113.18
2026-10-05,2005-01-07,-361.8624
2026-10-05,2005-01-10,-1073.1802
2026-10-05,2005-01-11,-341.65
2026-10-05,2005-01-12,-365.786
2026-10-05,2005-01-13,-86.3514
2026-10-05,2005-01-14,-564.97
2026-10-05,2005-01-17,479.2499
2026-10-05,2005-01-18,-222.4119
2026-10-05,2005-01-19,-234.6189
2026-10-05,2005-01-20,-139.04
2026-10-05,2005-01-21,-210.07
2026-10-05,2005-01-24,-22.6592
2026-10-05,2005-01-25,-269.0254
2026-10-05,2005-01-26,96.4938
2026-10-05,2005-01-27,56.6129
2026-10-05,2005-01-28,67.4494
2026-10-05,2005-01-31,268.6407
2026-10-05,2005-02-01,786.42
2026-10-05,2005-02-02,137.1042
2026-10-05,2005-02-03,206.3332
2026-10-05,2005-02-04,147.7285
2026-10-05,2005-02-07,133.33
2026-10-05,2005-02-08,427.7658
2026-10-05,2005-02-09,51.5202
2026-10-05,2005-02-10,-360.29
2026-10-05,2005-02-11,-708.5169
2026-10-05,2005-02-14,-329.4
2026-10-05,2005-02-15,-46.41
2026-10-05,2005-02-16,336.672
2026-10-05,2005-02-17,654.9558
2026-10-05,2005-02-18,618.1773
2026-10-05,2005-02-21,169.2777
2026-10-05,2005-02-22,-114.0196
2026-10-05,2005-02-23,-412.827
2026-10-05,2005-02-24,-110.263
2026-10-05,2005-02-25,206.7237
2026-10-05,2005-02-28,-338.24
2026-10-05,2005-03-01,155.137
2026-10-05,2005-03-02,326.3096
2026-10-05,2005-03-03,292.8527
2026-10-05,2005-03-04,264.5427
2026-10-05,2005-03-07,472.416
2026-10-05,2005-03-08,-47.0422
2026-10-05,2005-03-09,223.032
2026-10-05,2005-03-10,-208.5083
2026-10-05,2005-03-11,247.4469
2026-10-05,2005-03-14,281.438
2026-10-05,2005-03-15,104.3304
2026-10-05,2005-03-16,-3.6702
2026-10-05,2005-03-17,22.1713
2026-10-05,2005-03-18,-103.39
2026-10-05,2005-03-21,101.94
2026-10-05,2005-03-22,60.1766
2026-10-05,2005-03-23,187.2365
2026-10-05,2005-03-28,21.9324
2026-10-05,2005-03-29,506.7972
2026-10-05,2005-03-30,389.6931
2026-10-05,2005-03-31,-961.0764
2026-10-05,2005-04-01,-654.209
2026-10-05,2005-04-04,1096.2414
2026-10-05,2005-04-05,408.279
2026-10-05,2005-04-06,-594.5085
2026-10-05,2005-04-07,-385.26
2026-10-05,2005-04-08,-202.181
2026-10-05,2005-04-11,557.4953
2026-10-05,2005-04-12,-137.7066
2026-10-05,2005-04-13,268.8747
2026-10-05,2005-04-14,4.6936
2026-10-05,2005-04-15,-140.0076
2026-10-05,2005-04-18,-282.44
2026-10-05,2005-04-19,-154.313
2026-10-05,2005-04-20,-417.95
2026-10-05,2005-04-21,-300.0885
2026-10-05,2005-04-22,-519.6119
2026-10-05,2005-04-25,-709.263
2026-10-05,2005-04-26,-727.2932
2026-10-05,2005-04-27,446.236
2026-10-05,2005-04-28,455.8817
2026-10-05,2005-04-29,389.738
2026-10-05,2005-05-02,1068.504
2026-10-05,2005-05-03,1258.5698
2026-10-05,2005-05-04,273.7048
2026-10-05,2005-05-05,225.978
2026-10-05,2005-05-06,406.727
2026-10-05,2005-05-09,80.917
2026-10-05,2005-05-10,-628.752
2026-10-05,2005-05-11,-569.183
2026-10-05,2005-05-12,-547.7015
2026-10-05,2005-05-13,-851.742
2026-10-05,2005-05-16,-805.763
2026-10-05,2005-05-17,-43.733
2026-10-05,2005-05-18,-0.364
2026-10-05,2005-05-19,143.381
2026-10-05,2005-05-20,-143.2748
2026-10-05,2005-05-23,60.237
2026-10-05,2005-05-24,52.391
2026-10-05,2005-05-26,859.813
2026-10-05,2005-05-27,45.402
2026-10-05,2005-05-30,42.053
2026-10-05,2005-05-31,-213.3178
2026-10-05,2005-06-01,-518.8531
2026-10-05,2005-06-02,211.451
2026-10-05,2005-06-03,371.582
2026-10-05,2005-06-06,197.159
2026-10-05,2005-06-07,348.531
2026-10-05,2005-06-08,8.2902
2026-10-05,2005-06-09,167.718
2026-10-05,2005-06-10,119.751
2026-10-05,2005-06-13,-49.435
2026-10-05,2005-06-14,13.7896
2026-10-05,2005-06-15,484.6358
2026-10-05,2005-06-16,-296.4301
2026-10-05,2005-06-17,-1202.406
2026-10-05,2005-06-21,101.516
2026-10-05,2005-06-22,-2502.399
2026-10-05,2005-06-23,-162.1249
2026-10-05,2005-06-24,1666.222
2026-10-05,2005-06-27,735.774
2026-10-05,2005-06-28,457.889
2026-10-05,2005-06-29,951.528
2026-10-05,2005-06-30,-2170.4769
2026-10-05,2005-07-01,1013.8459
2026-10-05,2005-07-04,513.882
2026-10-05,2005-07-05,708.533
2026-10-05,2005-07-06,123.373
2026-10-05,2005-07-07,-111.758
2026-10-05,2005-07-08,493.6179
2026-10-05,2005-07-11,-162.414
2026-10-05,2005-07-12,158.958
2026-10-05,2005-07-13,206.298
2026-10-05,2005-07-14,-351.4065
2026-10-05,2005-07-15,-422.447
2026-10-05,2005-07-18,-129.0706
2026-10-05,2005-07-19,-200.305
2026-10-05,2005-07-20,-344.4407
2026-10-05,2005-07-21,-237.1671
2026-10-05,2005-07-22,-323.654
2026-10-05,2005-07-25,509.055
2026-10-05,2005-07-26,-77.699
2026-10-05,2005-07-27,-65.163
2026-10-05,2005-07-28,26.0575
2026-10-05,2005-07-29,-38.4304
2026-10-05,2005-08-01,180.1013
2026-10-05,2005-08-02,-107.925
2026-10-05,2005-08-03,-8.1521
2026-10-05,2005-08-04,-97.8663
2026-10-05,2005-08-05,-420.6634
2026-10-05,2005-08-08,-55.9566
2026-10-05,2005-08-09,-174.7832
2026-10-05,2005-08-10,-242.6999
2026-10-05,2005-08-11,-59.973
2026-10-05,2005-08-12,-23.4572
2026-10-05,2005-08-16,164.9402
2026-10-05,2005-08-17,-1661.3904
2026-10-05,2005-08-18,-306.4969
2026-10-05,2005-08-19,-214.9018
2026-10-05,2005-08-22,-223.3522
2026-10-05,2005-08-23,-3.372
2026-10-05,2005-08-24,-77.5159
2026-10-05,2005-08-25,255.3482
2026-10-05,2005-08-26,-69.9433
2026-10-05,2005-08-29,-349.177
2026-10-05,2005-08-30,1423.3588
2026-10-05,2005-08-31,604.4135
2026-10-05,2005-09-01,-1977.5338
2026-10-05,2005-09-02,1643.7739
2026-10-05,2005-09-05,156.3698
2026-10-05,2005-09-06,-450.2721
2026-10-05,2005-09-07,-267.3876
2026-10-05,2005-09-08,-134.2572
2026-10-05,2005-09-09,-124.1236
2026-10-05,2005-09-12,136.0398
2026-10-05,2005-09-13,-200.6124
2026-10-05,2005-09-14,249.2947
2026-10-05,2005-09-15,404.7673
2026-10-05,2005-09-16,573.0415
2026-10-05,2005-09-19,-236.6862
2026-10-05,2005-09-20,-95.3403
2026-10-05,2005-09-21,49.4108
2026-10-05,2005-09-22,269.9259
2026-10-05,2005-09-23,181.9388
2026-10-05,2005-09-26,-630.8169
2026-10-05,2005-09-27,-106.3893
2026-10-05,2005-09-28,-227.6507
2026-10-05,2005-09-29,-123.8649
2026-10-05,2005-09-30,601.8239
2026-10-05,2005-10-03,781.1034
2026-10-05,2005-10-04,1217.7948
2026-10-05,2005-10-05,183.1496
2026-10-05,2005-10-06,156.8474
2026-10-05,2005-10-07,201.1862
2026-10-05,2005-10-11,97.9688
2026-10-05,2005-10-12,261.155
2026-10-05,2005-10-13,-275.9942
2026-10-05,2005-10-14,-55.8027
2026-10-05,2005-10-17,-121.6413
2026-10-05,2005-10-18,-13.2392
2026-10-05,2005-10-19,-358.3972
2026-10-05,2005-10-20,209.0104
2026-10-05,2005-10-21,248.8141
2026-10-05,2005-10-24,-220.1903
2026-10-05,2005-10-25,418.4704
2026-10-05,2005-10-26,256.6471
2026-10-05,2005-10-27,199.8773
2026-10-05,2005-10-28,-230.5105
2026-10-05,2005-10-31,-129.5508
2026-10-05,2005-11-01,-33.8721
2026-10-05,2005-11-02,-141.3447
2026-10-05,2005-11-03,-229.9091
2026-10-05,2005-11-04,121.7928
2026-10-05,2005-11-07,-78.2711
2026-10-05,2005-11-08,5.9264
2026-10-05,2005-11-09,380.8117
2026-10-05,2005-11-10,-316.8113
2026-10-05,2005-11-11,49.1526
2026-10-05,2005-11-14,-28.3612
2026-10-05,2005-11-15,249.5925
2026-10-05,2005-11-16,-447.421
2026-10-05,2005-11-17,164.6273
2026-10-05,2005-11-18,-12.6165
2026-10-05,2005-11-21,-226.3513
2026-10-05,2005-11-22,-12.9718
2026-10-05,2005-11-23,-366.9138
2026-10-05,2005-11-24,665.5489
2026-10-05,2005-11-25,609.66
2026-10-05,2005-11-28,-336.9909
2026-10-05,2005-11-29,-106.0236
2026-10-05,2005-11-30,-303.4906
2026-10-05,2005-12-01,278.5335
2026-10-05,2005-12-02,308.5691
2026-10-05,2005-12-05,-288.121
2026-10-05,2005-12-06,-245.4375
2026-10-05,2005-12-07,-940.8312
2026-10-05,2005-12-09,-432.7481
2026-10-05,2005-12-12,81.5381
2026-10-05,2005-12-13,148.5884
2026-10-05,2005-12-14,68.2345
2026-10-05,2005-12-15,514.2964
2026-10-05,2005-12-16,-111.9228
2026-10-05,2005-12-19,-516.0413
2026-10-05,2005-12-20,-229.305
2026-10-05,2005-12-21,838.6028
2026-10-05,2005-12-22,241.7821
2026-10-05,2005-12-23,57.7071
2026-10-05,2005-12-26,121.982
2026-10-05,2005-12-27,266.6742
2026-10-05,2005-12-28,-1459.5452
2026-10-05,2005-12-29,-785.0768
2026-10-05,2005-12-30,-384.2136
2026-10-05,2006-01-02,178.3513
2026-10-05,2006-01-03,453.8467
2026-10-05,2006-01-04,360.3121
2026-10-05,2006-01-05,3114.1507
2026-10-05,2006-01-06,754.7016
2026-10-05,2006-01-09,69.6686
2026-10-05,2006-01-10,100.2346
2026-10-05,2006-01-11,53.1439
2026-10-05,2006-01-12,-102.7076
2026-10-05,2006-01-13,-18.4779
2026-10-05,2006-01-16,-149.0837
2026-10-05,2006-01-17,-257.6641
2026-10-05,2006-01-18,-334.2484
2026-10-05,2006-01-19,-291.0925
2026-10-05,2006-01-20,-116.1374
2026-10-05,2006-01-23,-170.574
2026-10-05,2006-01-24,-163.3042
2026-10-05,2006-01-25,111.0795
2026-10-05,2006-01-26,-312.1025
2026-10-05,2006-01-27,-208.5146
2026-10-05,2006-01-30,-121.9986
2026-10-05,2006-01-31,127.4725
2026-10-05,2006-02-01,-338.4418
2026-10-05,2006-02-02,1133.109
2026-10-05,2006-02-03,-126.2958
2026-10-05,2006-02-06,433.2518
2026-10-05,2006-02-07,-102.9773
2026-10-05,2006-02-08,-413.2678
2026-10-05,2006-02-09,-186.2261
2026-10-05,2006-02-10,296.7669
2026-10-05,2006-02-13,-199.671
2026-10-05,2006-02-14,-107.3443
2026-10-05,2006-02-15,-395.068
2026-10-05,2006-02-16,-141.1941
2026-10-05,2006-02-17,-485.8395
2026-10-05,2006-02-20,8.5075
2026-10-05,2006-02-21,-191.2164
2026-10-05,2006-02-22,-131.6278
2026-10-05,2006-02-23,394.8182
2026-10-05,2006-02-24,-199.2025
2026-10-05,2006-02-27,39.6748
2026-10-05,2006-02-28,-315.1492
2026-10-05,2006-03-01,979.2612
2026-10-05,2006-03-02,1673.1589
2026-10-05,2006-03-03,100.0277
2026-10-05,2006-03-06,196.607
2026-10-05,2006-03-07,80.8128
2026-10-05,2006-03-08,-137.7425
2026-10-05,2006-03-09,169.1681
2026-10-05,2006-03-10,-13.6805
2026-10-05,2006-03-13,-48.5391
2026-10-05,2006-03-14,-32.4228
2026-10-05,2006-03-15,-76.4805
2026-10-05,2006-03-16,54.6847
2026-10-05,2006-03-17,-212.8399
2026-10-05,2006-03-20,-49.2467
2026-10-05,2006-03-21,205.6223
2026-10-05,2006-03-22,-341.7365
2026-10-05,2006-03-23,-216.9983
2026-10-05,2006-03-27,-272.4066
2026-10-05,2006-03-28,34.7249
2026-10-05,2006-03-29,-953.6406
2026-10-05,2006-03-30,-294.6127
2026-10-05,2006-03-31,1492.6311
2026-10-05,2006-04-03,680.9488
2026-10-05,2006-04-04,-246.043
2026-10-05,2006-04-05,223.4653
2026-10-05,2006-04-06,-299.0495
2026-10-05,2006-04-07,209.2794
2026-10-05,2006-04-10,-10.8273
2026-10-05,2006-04-11,173.5457
2026-10-05,2006-04-12,-56.8288
2026-10-05,2006-04-17,-186.5543
2026-10-05,2006-04-18,-776.642
2026-10-05,2006-04-19,-260.6006
2026-10-05,2006-04-20,-129.8941
2026-10-05,2006-04-21,-148.6561
2026-10-05,2006-04-24,-431.3956
2026-10-05,2006-04-25,336.2604
2026-10-05,2006-04-26,286.5607
2026-10-05,2006-04-27,-725.8717
2026-10-05,2006-04-28,-75.4757
2026-10-05,2006-05-02,333.9042
2026-10-05,2006-05-03,537.5292
2026-10-05,2006-05-04,-496.2248
2026-10-05,2006-05-05,-90.3006
2026-10-05,2006-05-08,-216.1752
2026-10-05,2006-05-09,-408.6201
2026-10-05,2006-05-10,-17.62
2026-10-05,2006-05-11,48.2955
2026-10-05,2006-05-12,-298.648
2026-10-05,2006-05-15,121.7289
2026-10-05,2006-05-16,-610.625
2026-10-05,2006-05-17,-428.3172
2026-10-05,2006-05-18,-83.5295
2026-10-05,2006-05-19,22.4413
2026-10-05,2006-05-22,-85.4973
2026-10-05,2006-05-23,-525.57
2026-10-05,2006-05-24,250.3603
2026-10-05,2006-05-26,-136.4669
2026-10-05,2006-05-29,-547.8753
2026-10-05,2006-05-30,-552.4014
2026-10-05,2006-05-31,221.586
2026-10-05,2006-06-01,1166.9709
2026-10-05,2006-06-02,-23.3727
2026-10-05,2006-06-05,153.2911
2026-10-05,2006-06-06,-50.1943
2026-10-05,2006-06-07,42.2064
2026-10-05,2006-06-08,288.3221
2026-10-05,2006-06-09,62.9271
2026-10-05,2006-06-12,-336.2444
2026-10-05,2006-06-13,67.4417
2026-10-05,2006-06-14,230.5137
2026-10-05,2006-06-15,321.3859
2026-10-05,2006-06-16,63.6666
2026-10-05,2006-06-20,-134.75
2026-10-05,2006-06-21,390.6513
2026-10-05,2006-06-22,-565.175
2026-10-05,2006-06-23,222.9634
2026-10-05,2006-06-26,-172.7619
2026-10-05,2006-06-27,-53.6091
2026-10-05,2006-06-28,395.1853
2026-10-05,2006-06-29,-40.6208
2026-10-05,2006-06-30,-76.5958
2026-10-05,2006-07-03,744.7237
2026-10-05,2006-07-04,-85.5591
2026-10-05,2006-07-05,127.9063
2026-10-05,2006-07-06,46.08
2026-10-05,2006-07-07,157.6046
2026-10-05,2006-07-10,-46.7038
2026-10-05,2006-07-11,33.9917
2026-10-05,2006-07-12,-301.0069
2026-10-05,2006-07-13,120.4948
2026-10-05,2006-07-14,-138.8653
2026-10-05,2006-07-17,40.3387
2026-10-05,2006-07-18,164.2297
2026-10-05,2006-07-19,-235.4498
2026-10-05,2006-07-20,53.2965
2026-10-05,2006-07-21,-275.1274
2026-10-05,2006-07-24,118.1098
2026-10-05,2006-07-25,95.3679
2026-10-05,2006-07-26,-55.0156
2026-10-05,2006-07-27,-394.2372
2026-10-05,2006-07-28,-237.2058
2026-10-05,2006-07-31,-623.553
2026-10-05,2006-08-01,1736.1917
2026-10-05,2006-08-02,4.5727
2026-10-05,2006-08-03,430.247
2026-10-05,2006-08-04,-364.8136
2026-10-05,2006-08-07,-40.5048
2026-10-05,2006-08-08,-373.1593
2026-10-05,2006-08-09,-205.7962
2026-10-05,2006-08-10,283.9159
2026-10-05,2006-08-11,-205.825
2026-10-05,2006-08-14,-350.7683
2026-10-05,2006-08-15,304.988
2026-10-05,2006-08-16,-381.9707
2026-10-05,2006-08-17,-57.2387
2026-10-05,2006-08-18,-603.1838
2026-10-05,2006-08-22,198.9011
2026-10-05,2006-08-23,411.2223
2026-10-05,2006-08-24,-90.7954
2026-10-05,2006-08-25,232.7592
2026-10-05,2006-08-28,-242.1074
2026-10-05,2006-08-29,-462.908
2026-10-05,2006-08-30,109.8159
2026-10-05,2006-08-31,-828.5232
2026-10-05,2006-09-01,1849.8829
2026-10-05,2006-09-04,475.4215
2026-10-05,2006-09-05,51.8004
2026-10-05,2006-09-06,261.9719
2026-10-05,2006-09-07,315.2387
2026-10-05,2006-09-08,476.6698
2026-10-05,2006-09-11,164.4001
2026-10-05,2006-09-12,-158.9034
2026-10-05,2006-09-13,210.8192
2026-10-05,2006-09-14,274.7553
2026-10-05,2006-09-15,253.9291
2026-10-05,2006-09-18,-132.8209
2026-10-05,2006-09-19,-198.9731
2026-10-05,2006-09-20,20.4141
2026-10-05,2006-09-21,7.3528
2026-10-05,2006-09-22,66.7111
2026-10-05,2006-09-25,390.2735
2026-10-05,2006-09-26,288.396
2026-10-05,2006-09-27,-383.9258
2026-10-05,2006-09-28,4.5246
2026-10-05,2006-09-29,-1305.8345
2026-10-05,2006-10-02,1087.789
2026-10-05,2006-10-03,-27.6349
2026-10-05,2006-10-04,-598.4316
2026-10-05,2006-10-05,252.7491
2026-10-05,2006-10-06,-17.9431
2026-10-05,2006-10-09,-39.5125
2026-10-05,2006-10-10,56.1517
2026-10-05,2006-10-11,259.1783
2026-10-05,2006-10-12,-140.6326
2026-10-05,2006-10-13,172.4181
2026-10-05,2006-10-17,-32.1789
2026-10-05,2006-10-18,329.0212
2026-10-05,2006-10-19,-384.3486
2026-10-05,2006-10-20,-523.5975
2026-10-05,2006-10-23,-69.7901
2026-10-05,2006-10-24,46.19
2026-10-05,2006-10-25,-175.4438
2026-10-05,2006-10-26,-1023.0454
2026-10-05,2006-10-27,-646.3722
2026-10-05,2006-10-30,-428.8254
2026-10-05,2006-10-31,-595.5603
2026-10-05,2006-11-01,1451.5201
2026-10-05,2006-11-02,738.0368
2026-10-05,2006-11-03,330.1342
2026-10-05,2006-11-07,237.4512
2026-10-05,2006-11-08,95.0398
2026-10-05,2006-11-09,325.9028
2026-10-05,2006-11-10,277.7316
2026-10-05,2006-11-13,89.7273
2026-10-05,2006-11-14,17.4807
2026-10-05,2006-11-15,-99.955
2026-10-05,2006-11-16,-353.697
2026-10-05,2006-11-17,-403.9682
2026-10-05,2006-11-20,16.2922
2026-10-05,2006-11-21,-278.5039
2026-10-05,2006-11-22,-122.1831
2026-10-05,2006-11-23,191.4206
2026-10-05,2006-11-24,87.3988
2026-10-05,2006-11-27,34.4196
2026-10-05,2006-11-28,-212.7491
2026-10-05,2006-11-29,-718.6541
2026-10-05,2006-11-30,28.7415
2026-10-05,2006-12-01,1701.3669
2026-10-05,2006-12-04,-228.3288
2026-10-05,2006-12-05,394.3241
2026-10-05,2006-12-06,536.3728
2026-10-05,2006-12-07,227.4167
2026-10-05,2006-12-11,85.5498
2026-10-05,2006-12-12,60.9182
2026-10-05,2006-12-13,13.8881
2026-10-05,2006-12-14,-119.2318
2026-10-05,2006-12-15,-63.045
2026-10-05,2006-12-18,-44.7447
2026-10-05,2006-12-19,195.0884
2026-10-05,2006-12-20,-99.6797
2026-10-05,2006-12-21,205.1799
2026-10-05,2006-12-22,161.57
2026-10-05,2006-12-26,117.5983
2026-10-05,2006-12-27,37.474
2026-10-05,2006-12-28,-166.4921
2026-10-05,2006-12-29,-100.3427
2026-10-05,2007-01-02,-189.2193
2026-10-05,2007-01-03,-367.2704
2026-10-05,2007-01-04,-468.6968
2026-10-05,2007-01-05,-888.5498
2026-10-05,2007-01-08,-391.592
2026-10-05,2007-01-09,94.7008
2026-10-05,2007-01-10,-54.1304
2026-10-05,2007-01-11,-394.2257
2026-10-05,2007-01-12,115.0083
2026-10-05,2007-01-15,82.748
2026-10-05,2007-01-16,-824.634
2026-10-05,2007-01-17,352.2503
2026-10-05,2007-01-18,-302.6259
2026-10-05,2007-01-19,585.1176
2026-10-05,2007-01-22,163.1282
2026-10-05,2007-01-23,-831.1607
2026-10-05,2007-01-24,-791.8361
2026-10-05,2007-01-25,716.5449
2026-10-05,2007-01-26,-394.479
2026-10-05,2007-01-29,-456.6416
2026-10-05,2007-01-30,-786.981
2026-10-05,2007-01-31,774.7217
2026-10-05,2007-02-01,-430.5028
2026-10-05,2007-02-02,1441.0283
2026-10-05,2007-02-05,-116.3257
2026-10-05,2007-02-06,-576.3713
2026-10-05,2007-02-07,114.5302
2026-10-05,2007-02-08,-132.703
2026-10-05,2007-02-09,-604.5449
2026-10-05,2007-02-12,114.907
2026-10-05,2007-02-13,-345.0319
2026-10-05,2007-02-14,638.1542
2026-10-05,2007-02-15,334.9679
2026-10-05,2007-02-16,-813.3658
2026-10-05,2007-02-19,276.3543
2026-10-05,2007-02-20,608.4346
2026-10-05,2007-02-21,1025.5014
2026-10-05,2007-02-22,-1105.8714
2026-10-05,2007-02-23,-225.0003
2026-10-05,2007-02-26,-479.6411
2026-10-05,2007-02-27,-426.808
2026-10-05,2007-02-28,-246.4753
2026-10-05,2007-03-01,2411.8802
2026-10-05,2007-03-02,466.2098
2026-10-05,2007-03-05,299.1371
2026-10-05,2007-03-06,189.0507
2026-10-05,2007-03-07,-103.6733
2026-10-05,2007-03-08,-269.4015
2026-10-05,2007-03-09,54.1093
2026-10-05,2007-03-12,-211.6014
2026-10-05,2007-03-13,-112.5868
2026-10-05,2007-03-14,206.281
2026-10-05,2007-03-15,328.1276
2026-10-05,2007-03-16,-496.2849
2026-10-05,2007-03-19,-572.6714
2026-10-05,2007-03-20,-371.777
2026-10-05,2007-03-21,678.4019
2026-10-05,2007-03-22,-538.6579
2026-10-05,2007-03-23,-109.6603
2026-10-05,2007-03-26,437.4299
2026-10-05,2007-03-27,-538.3146
2026-10-05,2007-03-28,-120.543
2026-10-05,2007-03-29,-170.9417
2026-10-05,2007-03-30,516.8104
2026-10-05,2007-04-03,1241.3398
2026-10-05,2007-04-04,301.242
2026-10-05,2007-04-09,-471.8978
2026-10-05,2007-04-10,-249.412
2026-10-05,2007-04-11,-242.503
2026-10-05,2007-04-12,-851.9184
2026-10-05,2007-04-13,141.3757
2026-10-05,2007-04-16,-460.316
2026-10-05,2007-04-17,-893.5024
2026-10-05,2007-04-18,2.5856
2026-10-05,2007-04-19,24.817
2026-10-05,2007-04-20,-665.4271
2026-10-05,2007-04-23,-281.813
2026-10-05,2007-04-24,-47.4742
2026-10-05,2007-04-25,-31.9182
2026-10-05,2007-04-26,431.8825
2026-10-05,2007-04-27,-105.5382
2026-10-05,2007-04-30,-1981.245
2026-10-05,2007-05-02,3032.9163
2026-10-05,2007-05-03,-162.9794
2026-10-05,2007-05-04,574.1677
2026-10-05,2007-05-07,-231.132
2026-10-05,2007-05-08,-163.0281
2026-10-05,2007-05-09,-13.6153
2026-10-05,2007-05-10,418.0922
2026-10-05,2007-05-11,401.116
2026-10-05,2007-05-14,-106.1433
2026-10-05,2007-05-15,-374.035
2026-10-05,2007-05-16,-126.9616
2026-10-05,2007-05-17,-132.9724
2026-10-05,2007-05-18,-81.5446
2026-10-05,2007-05-21,243.9416
2026-10-05,2007-05-22,-611.7972
2026-10-05,2007-05-23,1094.3225
2026-10-05,2007-05-24,-201.195
2026-10-05,2007-05-28,-798.6182
2026-10-05,2007-05-29,-343.9131
2026-10-05,2007-05-30,-935.7346
2026-10-05,2007-05-31,-241.4257
2026-10-05,2007-06-01,4773.9211
2026-10-05,2007-06-04,1034.134
2026-10-05,2007-06-05,-728.4538
2026-10-05,2007-06-06,-310.8144
2026-10-05,2007-06-07,-281.0511
2026-10-05,2007-06-08,88.9847
2026-10-05,2007-06-11,-578.3914
2026-10-05,2007-06-12,-278.8573
2026-10-05,2007-06-13,754.7981
2026-10-05,2007-06-14,161.5972
2026-10-05,2007-06-15,159.4682
2026-10-05,2007-06-19,-188.7096
2026-10-05,2007-06-20,-690.089
2026-10-05,2007-06-21,-594.3126
2026-10-05,2007-06-22,389.0861
2026-10-05,2007-06-25,-55.6673
2026-10-05,2007-06-26,-738.365
2026-10-05,2007-06-27,1075.7911
2026-10-05,2007-06-28,-13.8267
2026-10-05,2007-06-29,-1812.9986
2026-10-05,2007-07-02,2052.2809
2026-10-05,2007-07-03,234.548
2026-10-05,2007-07-04,24.8665
2026-10-05,2007-07-05,92.019
2026-10-05,2007-07-06,621.628
2026-10-05,2007-07-10,-16.7444
2026-10-05,2007-07-11,-585.4606
2026-10-05,2007-07-12,-93.34
2026-10-05,2007-07-13,198.559
2026-10-05,2007-07-16,194.05
2026-10-05,2007-07-17,-346.2688
2026-10-05,2007-07-18,-237.599
2026-10-05,2007-07-19,127.779
2026-10-05,2007-07-20,480.3062
2026-10-05,2007-07-23,421.116
2026-10-05,2007-07-24,114.1056
2026-10-05,2007-07-25,348.402
2026-10-05,2007-07-26,267.579
2026-10-05,2007-07-27,-152.0234
2026-10-05,2007-07-30,90.741
2026-10-05,2007-07-31,-36.875
2026-10-05,2007-08-01,-117.417
2026-10-05,2007-08-02,-128.954
2026-10-05,2007-08-03,52.6
2026-10-05,2007-08-06,-40.1258
2026-10-05,2007-08-07,-58.9144
2026-10-05,2007-08-08,-508.859
2026-10-05,2007-08-09,-67.144
2026-10-05,2007-08-10,481.406
2026-10-05,2007-08-13,-638.294
2026-10-05,2007-08-14,-57.676
2026-10-05,2007-08-15,749.744
2026-10-05,2007-08-16,-108.156
2026-10-05,2007-08-17,-463.1263
2026-10-05,2007-08-21,-76.09
2026-10-05,2007-08-22,-588.302
2026-10-05,2007-08-23,-30.677
2026-10-05,2007-08-24,176.007
2026-10-05,2007-08-27,-201.431
2026-10-05,2007-08-28,-404.5725
2026-10-05,2007-08-29,-674.467
2026-10-05,2007-08-30,-593.684
2026-10-05,2007-08-31,2298.6764
2026-10-05,2007-09-03,826.1982
2026-10-05,2007-09-04,592.3423
2026-10-05,2007-09-05,178.4094
2026-10-05,2007-09-06,589.811
2026-10-05,2007-09-07,10.046
2026-10-05,2007-09-10,-34.24
2026-10-05,2007-09-11,21.2608
2026-10-05,2007-09-12,-58.6966
2026-10-05,2007-09-13,-605.2988
2026-10-05,2007-09-14,-1141.0907
2026-10-05,2007-09-17,-391.0688
2026-10-05,2007-09-18,-511.7945
2026-10-05,2007-09-19,-545.0636
2026-10-05,2007-09-20,-735.8028
2026-10-05,2007-09-21,-864.37
2026-10-05,2007-09-24,-143.312
2026-10-05,2007-09-25,-226.5052
2026-10-05,2007-09-26,275.947
2026-10-05,2007-09-27,-174.875
2026-10-05,2007-09-28,970.349
2026-10-05,2007-10-01,2120.681
2026-10-05,2007-10-02,-281.8751
2026-10-05,2007-10-03,465.824
2026-10-05,2007-10-04,523.287
2026-10-05,2007-10-05,-30.546
2026-10-05,2007-10-08,214.3107
2026-10-05,2007-10-09,-42.5468
2026-10-05,2007-10-10,-7.188
2026-10-05,2007-10-11,-302.2146
2026-10-05,2007-10-12,275.0129
2026-10-05,2007-10-16,105.174
2026-10-05,2007-10-17,-247.7336
2026-10-05,2007-10-18,-219.3118
2026-10-05,2007-10-19,-469.524
2026-10-05,2007-10-22,-154.946
2026-10-05,2007-10-23,-840.802
2026-10-05,2007-10-24,493.1455
2026-10-05,2007-10-25,365.714
2026-10-05,2007-10-26,-156.35
2026-10-05,2007-10-29,-796.253
2026-10-05,2007-10-30,0.004
2026-10-05,2007-10-31,-390.834
2026-10-05,2007-11-01,2106.3719
2026-10-05,2007-11-02,888.8845
2026-10-05,2007-11-05,197.633
2026-10-05,2007-11-07,265.975
2026-10-05,2007-11-08,208.693
2026-10-05,2007-11-09,-249.6896
2026-10-05,2007-11-12,-149.822
2026-10-05,2007-11-13,-4.7418
2026-10-05,2007-11-14,33.1366
2026-10-05,2007-11-15,575.132
2026-10-05,2007-11-16,-832.238
2026-10-05,2007-11-19,-801.134
2026-10-05,2007-11-20,288.977
2026-10-05,2007-11-21,-521.539
2026-10-05,2007-11-22,-589.0496
2026-10-05,2007-11-23,42.186
2026-10-05,2007-11-26,-347.3388
2026-10-05,2007-11-27,-731.6611
2026-10-05,2007-11-28,-1233.566
2026-10-05,2007-11-29,-507.378
2026-10-05,2007-11-30,695.1583
2026-10-05,2007-12-03,1697.4701
2026-10-05,2007-12-04,1263.412
2026-10-05,2007-12-05,-56.5103
2026-10-05,2007-12-06,-39.439
2026-10-05,2007-12-07,44.576
2026-10-05,2007-12-10,-100.363
2026-10-05,2007-12-11,-19.839
2026-10-05,2007-12-12,18.5562
2026-10-05,2007-12-13,7.754
2026-10-05,2007-12-14,-131.866
2026-10-05,2007-12-17,110.2639
2026-10-05,2007-12-18,117.684
2026-10-05,2007-12-19,-146.938
2026-10-05,2007-12-20,208.664
2026-10-05,2007-12-21,-488.7015
2026-10-05,2007-12-26,-771.3589
2026-10-05,2007-12-27,-145.228
2026-10-05,2007-12-28,-59.145
2026-10-05,2008-01-02,-174.885
2026-10-05,2008-01-03,-1046.2058
2026-10-05,2008-01-04,-864.934
2026-10-05,2008-01-07,-217.2837
2026-10-05,2008-01-08,-382.7338
2026-10-05,2008-01-09,-21.941
2026-10-05,2008-01-10,-5.534
2026-10-05,2008-01-11,-332.734
2026-10-05,2008-01-14,186.7211
2026-10-05,2008-01-15,-196.8135
2026-10-05,2008-01-16,-938.584
2026-10-05,2008-01-17,-466.4003
2026-10-05,2008-01-18,-207.4108
2026-10-05,2008-01-21,-32.271
2026-10-05,2008-01-22,-291.376
2026-10-05,2008-01-23,-557.0667
2026-10-05,2008-01-24,-670.3065
2026-10-05,2008-01-25,-1047.5995
2026-10-05,2008-01-28,-367.396
2026-10-05,2008-01-29,27.7339
2026-10-05,2008-01-30,-713.4749
2026-10-05,2008-01-31,-119.655
2026-10-05,2008-02-01,-277.131
2026-10-05,2008-02-04,642.1624
2026-10-05,2008-02-05,-799.6914
2026-10-05,2008-02-06,-578.685
2026-10-05,2008-02-07,631.5758
2026-10-05,2008-02-08,584.2978
2026-10-05,2008-02-11,556.7648
2026-10-05,2008-02-12,301.0237
2026-10-05,2008-02-13,197.4958
2026-10-05,2008-02-14,473.887
2026-10-05,2008-02-15,103.6284
2026-10-05,2008-02-18,-357.2543
2026-10-05,2008-02-19,-221.6742
2026-10-05,2008-02-20,131.8365
2026-10-05,2008-02-21,1121.207
2026-10-05,2008-02-22,-848.4324
2026-10-05,2008-02-25,255.631
2026-10-05,2008-02-26,-338.454
2026-10-05,2008-02-27,203.1363
2026-10-05,2008-02-28,134.6738
2026-10-05,2008-02-29,1605.3516
2026-10-05,2008-03-03,1326.2504
2026-10-05,2008-03-04,-680.042
2026-10-05,2008-03-05,161.013
2026-10-05,2008-03-06,-907.375
2026-10-05,2008-03-07,487.7593
2026-10-05,2008-03-10,-138.58
2026-10-05,2008-03-11,-476.6097
2026-10-05,2008-03-12,-296.9933
2026-10-05,2008-03-13,364.25
2026-10-05,2008-03-14,457.974
2026-10-05,2008-03-17,157.2318
2026-10-05,2008-03-18,-1452.7246
2026-10-05,2008-03-19,149.028
2026-10-05,2008-03-25,-765.1252
2026-10-05,2008-03-26,-98.1423
2026-10-05,2008-03-27,-731.2365
2026-10-05,2008-03-28,916.5125
2026-10-05,2008-03-31,1396.593
2026-10-05,2008-04-01,1666.8402
2026-10-05,2008-04-03,74.992
2026-10-05,2008-04-04,-268.9271
2026-10-05,2008-04-07,-597.762
2026-10-05,2008-04-08,-911.3946
2026-10-05,2008-04-09,-54.266
2026-10-05,2008-04-10,454.1079
2026-10-05,2008-04-11,31.4904
2026-10-05,2008-04-14,-488.239
2026-10-05,2008-04-15,-110.776
2026-10-05,2008-04-16,-1769.857
2026-10-05,2008-04-17,-189.442
2026-10-05,2008-04-18,6.919
2026-10-05,2008-04-21,1228.934
2026-10-05,2008-04-22,980.693
2026-10-05,2008-04-23,1095.775
2026-10-05,2008-04-24,-198.075
2026-10-05,2008-04-25,1272.6643
2026-10-05,2008-04-28,-1204.0356
2026-10-05,2008-04-29,-568.8868
2026-10-05,2008-04-30,428.0163
2026-10-05,2008-05-02,1732.839
2026-10-05,2008-05-05,-384.7736
2026-10-05,2008-05-06,-461.9874
2026-10-05,2008-05-07,-320.0854
2026-10-05,2008-05-08,-445.815
2026-10-05,2008-05-09,48.2305
2026-10-05,2008-05-12,542.2685
2026-10-05,2008-05-13,1013.0696
2026-10-05,2008-05-14,430.5064
2026-10-05,2008-05-15,734.138
2026-10-05,2008-05-16,-901.4126
2026-10-05,2008-05-19,703.242
2026-10-05,2008-05-20,-907.4596
2026-10-05,2008-05-21,-1040.4835
2026-10-05,2008-05-22,-402.6763
2026-10-05,2008-05-23,-69.342
2026-10-05,2008-05-26,883.1509
2026-10-05,2008-05-27,-674.511
2026-10-05,2008-05-28,-198.2449
2026-10-05,2008-05-29,-10.2652
2026-10-05,2008-05-30,749.3488
2026-10-05,2008-06-02,2037.63
2026-10-05,2008-06-03,597.5662
2026-10-05,2008-06-04,-422.7378
2026-10-05,2008-06-05,-421.0269
2026-10-05,2008-06-06,749.3394
2026-10-05,2008-06-09,31.389
2026-10-05,2008-06-10,-69.6532
2026-10-05,2008-06-11,-184.3242
2026-10-05,2008-06-12,-337.6442
2026-10-05,2008-06-13,-255.23
2026-10-05,2008-06-17,69.229
2026-10-05,2008-06-18,-1490.5236
2026-10-05,2008-06-19,-251.0159
2026-10-05,2008-06-20,1875.9427
2026-10-05,2008-06-23,-217.8577
2026-10-05,2008-06-24,172.1922
2026-10-05,2008-06-25,-1096.676
2026-10-05,2008-06-26,-325.4484
2026-10-05,2008-06-27,-705.9906
2026-10-05,2008-06-30,1400.391
2026-10-05,2008-07-01,-1255.305
2026-10-05,2008-07-02,-447.6037
2026-10-05,2008-07-03,295.9131
2026-10-05,2008-07-04,-596.3046
2026-10-05,2008-07-07,76.693
2026-10-05,2008-07-08,-656.5703
2026-10-05,2008-07-10,1330.188
2026-10-05,2008-07-11,-255.1596
2026-10-05,2008-07-14,177.6385
2026-10-05,2008-07-15,189.8002
2026-10-05,2008-07-16,-1377.1539
2026-10-05,2008-07-17,-2578.913
2026-10-05,2008-07-18,-628.9515
2026-10-05,2008-07-21,-43.0054
2026-10-05,2008-07-22,-1022.107
2026-10-05,2008-07-23,407.569
2026-10-05,2008-07-24,-1289.784
2026-10-05,2008-07-25,-1245.927
2026-10-05,2008-07-28,-448.063
2026-10-05,2008-07-29,-871.0464
2026-10-05,2008-07-30,61.5206
2026-10-05,2008-07-31,1127.1619
2026-10-05,2008-08-01,6075.9524
2026-10-05,2008-08-04,-125.9638
2026-10-05,2008-08-05,-1849.5955
2026-10-05,2008-08-06,256.2157
2026-10-05,2008-08-07,275.0646
2026-10-05,2008-08-08,-62.311
2026-10-05,2008-08-11,1159.6078
2026-10-05,2008-08-12,-417.1601
2026-10-05,2008-08-13,-230.5341
2026-10-05,2008-08-14,-165.4362
2026-10-05,2008-08-15,-383.0636
2026-10-05,2008-08-19,-1858.914
2026-10-05,2008-08-20,-1999.2801
2026-10-05,2008-08-21,-1006.3438
2026-10-05,2008-08-22,227.7952
2026-10-05,2008-08-25,1415.9935
2026-10-05,2008-08-26,-560.9986
2026-10-05,2008-08-27,-726.7005
2026-10-05,2008-08-28,-69.0848
2026-10-05,2008-08-29,658.8592
2026-10-05,2008-09-01,3307.2061
2026-10-05,2008-09-02,431.873
2026-10-05,2008-09-03,718.5925
2026-10-05,2008-09-04,-36.6253
2026-10-05,2008-09-05,-122.0913
2026-10-05,2008-09-08,95.5524
2026-10-05,2008-09-09,158.586
2026-10-05,2008-09-10,-481.3484
2026-10-05,2008-09-11,-613.3797
2026-10-05,2008-09-12,47.773
2026-10-05,2008-09-15,319.7045
2026-10-05,2008-09-16,-870.8009
2026-10-05,2008-09-17,-560.6706
2026-10-05,2008-09-18,-294.9697
2026-10-05,2008-09-19,-910.7373
2026-10-05,2008-09-22,-2.5845
2026-10-05,2008-09-23,146.2186
2026-10-05,2008-09-24,-858.054
2026-10-05,2008-09-25,-565.894
2026-10-05,2008-09-26,332.125
2026-10-05,2008-09-29,-289.4387
2026-10-05,2008-09-30,1426.498
2026-10-05,2008-10-01,2819.0645
2026-10-05,2008-10-02,-224.9137
2026-10-05,2008-10-03,-806.6167
2026-10-05,2008-10-06,887.6253
2026-10-05,2008-10-07,3.5621
2026-10-05,2008-10-08,551.0803
2026-10-05,2008-10-09,921.0442
2026-10-05,2008-10-10,1154.0414
2026-10-05,2008-10-14,-42.1337
2026-10-05,2008-10-15,-910.8129
2026-10-05,2008-10-16,-583.6883
2026-10-05,2008-10-17,-698.4518
2026-10-05,2008-10-20,-939.8237
2026-10-05,2008-10-21,-6.3543
2026-10-05,2008-10-22,-1135.8829
2026-10-05,2008-10-23,527.7004
2026-10-05,2008-10-24,257.0937
2026-10-05,2008-10-27,48.3616
2026-10-05,2008-10-28,-598.5226
2026-10-05,2008-10-29,3671.6256
2026-10-05,2008-10-30,1230.8206
2026-10-05,2008-10-31,899.3927
2026-10-05,2008-11-03,255.0676
2026-10-05,2008-11-04,-1076.0901
2026-10-05,2008-11-05,-975.6463
2026-10-05,2008-11-07,-256.7819
2026-10-05,2008-11-10,-1166.6901
2026-10-05,2008-11-11,388.9506
2026-10-05,2008-11-12,-548.4027
2026-10-05,2008-11-13,-702.4769
2026-10-05,2008-11-14,48.9315
2026-10-05,2008-11-17,-1129.297
2026-10-05,2008-11-18,-536.1091
2026-10-05,2008-11-19,-278.7171
2026-10-05,2008-11-20,-403.8905
2026-10-05,2008-11-21,-245.103
2026-10-05,2008-11-24,951.0661
2026-10-05,2008-11-25,832.6609
2026-10-05,2008-11-26,-831.6902
2026-10-05,2008-11-27,3.0754
2026-10-05,2008-11-28,-530.6564
2026-10-05,2008-12-01,4125.3813
2026-10-05,2008-12-02,-384.2694
2026-10-05,2008-12-03,-926.5639
2026-10-05,2008-12-04,220.3304
2026-10-05,2008-12-05,768.2398
2026-10-05,2008-12-09,-245.6983
2026-10-05,2008-12-10,54.9448
2026-10-05,2008-12-11,-77.9246
2026-10-05,2008-12-12,1086.6474
2026-10-05,2008-12-15,-430.5385
2026-10-05,2008-12-16,-136.7758
2026-10-05,2008-12-17,-1394.9871
2026-10-05,2008-12-18,368.5065
2026-10-05,2008-12-19,-200.4778
2026-10-05,2008-12-22,538.2018
2026-10-05,2008-12-23,45.8666
2026-10-05,2008-12-24,-836.4901
2026-10-05,2008-12-26,535.6093
2026-10-05,2008-12-29,-817.4925
2026-10-05,2008-12-30,588.8757
2026-10-05,2008-12-31,-252.9845
2026-10-05,2009-01-02,-310.1549
2026-10-05,2009-01-05,-2198.8505
2026-10-05,2009-01-06,-1996.7693
2026-10-05,2009-01-07,663.3863
2026-10-05,2009-01-08,-735.1676
2026-10-05,2009-01-09,-139.4341
2026-10-05,2009-01-12,224.0307
2026-10-05,2009-01-13,211.7448
2026-10-05,2009-01-14,662.787
2026-10-05,2009-01-15,-700.4918
2026-10-05,2009-01-16,-1347.3112
2026-10-05,2009-01-19,-926.5539
2026-10-05,2009-01-20,-391.9252
2026-10-05,2009-01-21,884.3057
2026-10-05,2009-01-22,-2.1359
2026-10-05,2009-01-23,395.0857
2026-10-05,2009-01-26,-218.2777
2026-10-05,2009-01-27,2.8409
2026-10-05,2009-01-28,188.7919
2026-10-05,2009-01-29,-595.3645
2026-10-05,2009-01-30,1609.2648
2026-10-05,2009-02-02,142.628
2026-10-05,2009-02-03,-218.1274
2026-10-05,2009-02-04,-183.788
2026-10-05,2009-02-05,97.06
2026-10-05,2009-02-06,159.986
2026-10-05,2009-02-09,124.4809
2026-10-05,2009-02-10,1148.739
2026-10-05,2009-02-11,-264.292
2026-10-05,2009-02-12,-173.345
2026-10-05,2009-02-13,-813.6963
2026-10-05,2009-02-16,-486.3839
2026-10-05,2009-02-17,-1187.9123
2026-10-05,2009-02-18,-1093.5188
2026-10-05,2009-02-19,-157.6194
2026-10-05,2009-02-20,151.2399
2026-10-05,2009-02-23,237.5086
2026-10-05,2009-02-24,104.0878
2026-10-05,2009-02-25,-1108.3468
2026-10-05,2009-02-26,-355.9018
2026-10-05,2009-02-27,1478.5805
2026-10-05,2009-03-02,3635.5875
2026-10-05,2009-03-03,-565.316
2026-10-05,2009-03-04,218.6432
2026-10-05,2009-03-05,-674.1201
2026-10-05,2009-03-06,-1180.6342
2026-10-05,2009-03-09,197.6805
2026-10-05,2009-03-10,-1033.7718
2026-10-05,2009-03-11,-183.6096
2026-10-05,2009-03-12,212.2446
2026-10-05,2009-03-13,-840.6232
2026-10-05,2009-03-16,882.473
2026-10-05,2009-03-17,-408.644
2026-10-05,2009-03-18,-450.611
2026-10-05,2009-03-19,-79.1191
2026-10-05,2009-03-20,-809.48
2026-10-05,2009-03-23,603.9178
2026-10-05,2009-03-25,-532.4354
2026-10-05,2009-03-26,-1292.635
2026-10-05,2009-03-27,-1106.8558
2026-10-05,2009-03-30,-1046.6325
2026-10-05,2009-03-31,2066.378
2026-10-05,2009-04-01,7196.7848
2026-10-05,2009-04-03,-619.847
2026-10-05,2009-04-06,-1775.1506
2026-10-05,2009-04-07,499.2355
2026-10-05,2009-04-08,-1686.3695
2026-10-05,2009-04-13,-658.2034
2026-10-05,2009-04-14,-458.3645
2026-10-05,2009-04-15,798.5078
2026-10-05,2009-04-16,-528.8502
2026-10-05,2009-04-17,-1931.5289
2026-10-05,2009-04-20,451.6709
2026-10-05,2009-04-21,-345.3109
2026-10-05,2009-04-22,126.2772
2026-10-05,2009-04-23,599.2054
2026-10-05,2009-04-24,213.1017
2026-10-05,2009-04-27,60.0473
2026-10-05,2009-04-28,-968.3168
2026-10-05,2009-04-29,-1035.3329
2026-10-05,2009-04-30,3299.3635
2026-10-05,2009-05-04,1988.0922
2026-10-05,2009-05-05,110.5507
2026-10-05,2009-05-06,-611.1873
2026-10-05,2009-05-07,-873.0242
2026-10-05,2009-05-08,-2167.0015
2026-10-05,2009-05-11,1568.1684
2026-10-05,2009-05-12,-774.6485
2026-10-05,2009-05-13,-96.3543
2026-10-05,2009-05-14,301.1659
2026-10-05,2009-05-15,-907.4179
2026-10-05,2009-05-18,-902.8741
2026-10-05,2009-05-19,-2406.5959
2026-10-05,2009-05-20,1470.9408
2026-10-05,2009-05-21,148.7691
2026-10-05,2009-05-22,649.3197
2026-10-05,2009-05-26,2146.062
2026-10-05,2009-05-27,-1365.1319
2026-10-05,2009-05-28,-122.2985
2026-10-05,2009-05-29,-876.6588
2026-10-05,2009-06-01,6338.689
2026-10-05,2009-06-02,799.7831
2026-10-05,2009-06-03,536.7761
2026-10-05,2009-06-04,-1317.7628
2026-10-05,2009-06-05,-1208.2041
2026-10-05,2009-06-08,-1733.7804
2026-10-05,2009-06-09,970.7428
2026-10-05,2009-06-10,-1770.2159
2026-10-05,2009-06-11,342.3993
2026-10-05,2009-06-12,-630.5189
2026-10-05,2009-06-16,-75.1204
2026-10-05,2009-06-17,-1501.5205
2026-10-05,2009-06-18,304.2597
2026-10-05,2009-06-19,-1690.0958
2026-10-05,2009-06-22,1122.168
2026-10-05,2009-06-23,-186.3609
2026-10-05,2009-06-24,-649.5701
2026-10-05,2009-06-25,2215.3012
2026-10-05,2009-06-26,618.5941
2026-10-05,2009-06-29,-209.676
2026-10-05,2009-06-30,1439.7777
2026-10-05,2009-07-01,4086.8797
2026-10-05,2009-07-02,-58.463
2026-10-05,2009-07-03,233.2948
2026-10-05,2009-07-06,-960.581
2026-10-05,2009-07-07,-451.3683
2026-10-05,2009-07-08,1357.6376
2026-10-05,2009-07-13,91.0383
2026-10-05,2009-07-14,-41.7028
2026-10-05,2009-07-15,-467.4336
2026-10-05,2009-07-16,-1672.2766
2026-10-05,2009-07-17,-1703.7885
2026-10-05,2009-07-20,900.8327
2026-10-05,2009-07-21,-649.6411
2026-10-05,2009-07-22,-95.3015
2026-10-05,2009-07-23,575.1133
2026-10-05,2009-07-24,-844.8356
2026-10-05,2009-07-27,-789.5018
2026-10-05,2009-07-28,262.2225
2026-10-05,2009-07-29,845.062
2026-10-05,2009-07-30,-917.3651
2026-10-05,2009-07-31,-2001.8534
2026-10-05,2009-08-03,6492.7189
2026-10-05,2009-08-04,909.6047
2026-10-05,2009-08-05,-569.4648
2026-10-05,2009-08-06,-1189.7342
2026-10-05,2009-08-07,-622.5729
2026-10-05,2009-08-10,-637.7486
2026-10-05,2009-08-11,-267.3599
2026-10-05,2009-08-12,763.5138
2026-10-05,2009-08-13,-1448.7171
2026-10-05,2009-08-14,-269.6336
2026-10-05,2009-08-18,184.3677
2026-10-05,2009-08-19,-962.4914
2026-10-05,2009-08-20,514.0238
2026-10-05,2009-08-21,144.5335
2026-10-05,2009-08-24,153.5336
2026-10-05,2009-08-25,592.3502
2026-10-05,2009-08-26,305.8626
2026-10-05,2009-08-27,-1085.8381
2026-10-05,2009-08-28,-290.7643
2026-10-05,2009-08-31,1101.0355
2026-10-05,2009-09-01,2977.0842
2026-10-05,2009-09-02,14.4192
2026-10-05,2009-09-03,1111.5085
2026-10-05,2009-09-04,-1555.3264
2026-10-05,2009-09-07,-465.4908
2026-10-05,2009-09-08,-835.92
2026-10-05,2009-09-09,1254.2691
2026-10-05,2009-09-10,314.0194
2026-10-05,2009-09-11,-970.544
2026-10-05,2009-09-14,966.4978
2026-10-05,2009-09-15,-702.3836
2026-10-05,2009-09-16,-78.8875
2026-10-05,2009-09-17,-1538.2089
2026-10-05,2009-09-18,687.2595
2026-10-05,2009-09-21,-205.3738
2026-10-05,2009-09-22,-543.6456
2026-10-05,2009-09-23,2339.8894
2026-10-05,2009-09-24,-480.4585
2026-10-05,2009-09-25,426.4126
2026-10-05,2009-09-28,-227.3081
2026-10-05,2009-09-29,-860.34
2026-10-05,2009-09-30,-1412.6864
2026-10-05,2009-10-01,2655.4312
2026-10-05,2009-10-02,272.2604
2026-10-05,2009-10-05,-219.4477
2026-10-05,2009-10-06,-256.3649
2026-10-05,2009-10-07,286.0456
2026-10-05,2009-10-08,700.4069
2026-10-05,2009-10-09,89.6787
2026-10-05,2009-10-13,366.5181
2026-10-05,2009-10-14,-421.995
2026-10-05,2009-10-15,-922.757
2026-10-05,2009-10-16,-2156.7026
2026-10-05,2009-10-19,-1705.0738
2026-10-05,2009-10-20,18.7029
2026-10-05,2009-10-21,1189.253
2026-10-05,2009-10-22,-79.8679
2026-10-05,2009-10-23,-34.5982
2026-10-05,2009-10-26,808.6306
2026-10-05,2009-10-27,422.7497
2026-10-05,2009-10-28,334.3464
2026-10-05,2009-10-29,-190.107
2026-10-05,2009-10-30,-308.351
2026-10-05,2009-11-02,2770.089
2026-10-05,2009-11-03,-515.2575
2026-10-05,2009-11-04,88.6673
2026-10-05,2009-11-05,-852.9658
2026-10-05,2009-11-09,-663.3658
2026-10-05,2009-11-10,-26.6518
2026-10-05,2009-11-11,313.0194
2026-10-05,2009-11-12,924.9623
2026-10-05,2009-11-13,-679.8056
2026-10-05,2009-11-16,-90.6497
2026-10-05,2009-11-17,-1557.8154
2026-10-05,2009-11-18,1163.8829
2026-10-05,2009-11-19,1277.5488
2026-10-05,2009-11-20,-326.8582
2026-10-05,2009-11-23,-695.5203
2026-10-05,2009-11-24,-176.1183
2026-10-05,2009-11-25,1252.8136
2026-10-05,2009-11-26,1530.7951
2026-10-05,2009-11-27,-1261.9311
2026-10-05,2009-11-30,-539.3623
2026-10-05,2009-12-01,3527.4361
2026-10-05,2009-12-02,280.3589
2026-10-05,2009-12-03,632.5666
2026-10-05,2009-12-04,188.3646
2026-10-05,2009-12-07,-735.2412
2026-10-05,2009-12-09,-488.6475
2026-10-05,2009-12-10,-151.435
2026-10-05,2009-12-11,-1124.8855
2026-10-05,2009-12-14,1372.8694
2026-10-05,2009-12-15,136.0661
2026-10-05,2009-12-16,-862.1049
2026-10-05,2009-12-17,-1711.2756
2026-10-05,2009-12-18,-1348.2381
2026-10-05,2009-12-21,711.5257
2026-10-05,2009-12-22,835.2739
2026-10-05,2009-12-23,609.8413
2026-10-05,2009-12-24,-74.4811
2026-10-05,2009-12-28,888.7369
2026-10-05,2009-12-29,118.278
2026-10-05,2009-12-30,-414.614
2026-10-05,2009-12-31,-830.233
2026-10-05,2010-01-04,1134.1408
2026-10-05,2010-01-05,-1736.6948
2026-10-05,2010-01-06,149.7728
2026-10-05,2010-01-07,-976.2942
2026-10-05,2010-01-08,-128.3751
2026-10-05,2010-01-11,-497.1217
2026-10-05,2010-01-12,663.4791
2026-10-05,2010-01-13,-544.081
2026-10-05,2010-01-14,-140.3901
2026-10-05,2010-01-15,-1403.7419
2026-10-05,2010-01-18,-951.7191
2026-10-05,2010-01-19,-964.3038
2026-10-05,2010-01-20,-237.3388
2026-10-05,2010-01-21,252.1092
2026-10-05,2010-01-22,352.1032
2026-10-05,2010-01-25,-282.1591
2026-10-05,2010-01-26,-1214.863
2026-10-05,2010-01-27,-498.2352
2026-10-05,2010-01-28,-646.289
2026-10-05,2010-01-29,-611.876
2026-10-05,2010-02-01,1920.2727
2026-10-05,2010-02-02,-1971.4505
2026-10-05,2010-02-03,-587.0123
2026-10-05,2010-02-04,-251.0594
2026-10-05,2010-02-05,139.467
2026-10-05,2010-02-08,-42.3207
2026-10-05,2010-02-09,184.7382
2026-10-05,2010-02-10,1393.9714
2026-10-05,2010-02-11,836.0774
2026-10-05,2010-02-12,-545.8581
2026-10-05,2010-02-15,-354.402
2026-10-05,2010-02-16,-1072.5553
2026-10-05,2010-02-17,-1289.75
2026-10-05,2010-02-18,-666.8562
2026-10-05,2010-02-19,196.7627
2026-10-05,2010-02-22,-222.255
2026-10-05,2010-02-23,-139.4113
2026-10-05,2010-02-24,-799.2984
2026-10-05,2010-02-25,1485.649
2026-10-05,2010-02-26,-800.3326
2026-10-05,2010-03-01,4238.6674
2026-10-05,2010-03-02,1596.1596
2026-10-05,2010-03-03,1930.7083
2026-10-05,2010-03-04,-582.3252
2026-10-05,2010-03-05,-200.0704
2026-10-05,2010-03-08,-770.6113
2026-10-05,2010-03-09,61.2173
2026-10-05,2010-03-10,-68.9976
2026-10-05,2010-03-11,266.0949
2026-10-05,2010-03-12,-620.3102
2026-10-05,2010-03-15,-835.1472
2026-10-05,2010-03-16,-1236.7553
2026-10-05,2010-03-17,-1033.3978
2026-10-05,2010-03-18,317.9696
2026-10-05,2010-03-19,565.0142
2026-10-05,2010-03-22,-1001.552
2026-10-05,2010-03-23,683.3942
2026-10-05,2010-03-25,2019.2728
2026-10-05,2010-03-26,-74.3572
2026-10-05,2010-03-29,-1179.9259
2026-10-05,2010-03-30,907.1903
2026-10-05,2010-03-31,1873.0841
2026-10-05,2010-04-05,2279.372
2026-10-05,2010-04-06,-991.7966
2026-10-05,2010-04-07,-817.205
2026-10-05,2010-04-08,-1252.827
2026-10-05,2010-04-09,-671.407
2026-10-05,2010-04-12,50.3131
2026-10-05,2010-04-13,25.467
2026-10-05,2010-04-14,70.6992
2026-10-05,2010-04-15,-1003.2505
2026-10-05,2010-04-16,-2117.2061
2026-10-05,2010-04-19,-648.0546
2026-10-05,2010-04-20,239.6387
2026-10-05,2010-04-21,134.9849
2026-10-05,2010-04-22,-119.7217
2026-10-05,2010-04-23,456.721
2026-10-05,2010-04-26,-401.3557
2026-10-05,2010-04-27,-3260.4922
2026-10-05,2010-04-28,876.1247
2026-10-05,2010-04-29,-1172.8532
2026-10-05,2010-04-30,2561.8835
2026-10-05,2010-05-03,2076.548
2026-10-05,2010-05-04,1903.4534
2026-10-05,2010-05-05,1108.0662
2026-10-05,2010-05-06,-1214.5333
2026-10-05,2010-05-07,887.457
2026-10-05,2010-05-10,-1979.5593
2026-10-05,2010-05-11,-548.0383
2026-10-05,2010-05-12,551.8412
2026-10-05,2010-05-13,-125.294
2026-10-05,2010-05-14,-15.3505
2026-10-05,2010-05-17,-1499.4357
2026-10-05,2010-05-18,-2422.809
2026-10-05,2010-05-19,1125.0356
2026-10-05,2010-05-20,1848.1234
2026-10-05,2010-05-21,-651.7001
2026-10-05,2010-05-26,331.7774
2026-10-05,2010-05-27,-1405.9352
2026-10-05,2010-05-28,-1957.889
2026-10-05,2010-05-31,-369.4369
2026-10-05,2010-06-01,6003.048
2026-10-05,2010-06-02,-722.5523
2026-10-05,2010-06-03,1182.0047
2026-10-05,2010-06-04,-378.166
2026-10-05,2010-06-07,-1843.2049
2026-10-05,2010-06-08,-759.2239
2026-10-05,2010-06-09,-19.3395
2026-10-05,2010-06-10,1048.5955
2026-10-05,2010-06-11,-542.0366
2026-10-05,2010-06-14,560.4903
2026-10-05,2010-06-15,168.103
2026-10-05,2010-06-16,-312.6912
2026-10-05,2010-06-17,-492.6353
2026-10-05,2010-06-18,-2572.263
2026-10-05,2010-06-22,1753.837
2026-10-05,2010-06-23,1502.3534
2026-10-05,2010-06-24,835.5401
2026-10-05,2010-06-25,-1188.974
2026-10-05,2010-06-28,1009.6958
2026-10-05,2010-06-29,-785.6078
2026-10-05,2010-06-30,-1104.542
2026-10-05,2010-07-01,3657.908
2026-10-05,2010-07-02,-1015.191
2026-10-05,2010-07-05,398.4102
2026-10-05,2010-07-06,30.4122
2026-10-05,2010-07-07,-104.3568
2026-10-05,2010-07-08,-1053.7766
2026-10-05,2010-07-12,308.377
2026-10-05,2010-07-13,-1188.7444
2026-10-05,2010-07-14,1059.5481
2026-10-05,2010-07-15,151.7171
2026-10-05,2010-07-16,-971.6219
2026-10-05,2010-07-19,-432.5265
2026-10-05,2010-07-20,-2065.3445
2026-10-05,2010-07-21,2160.5533
2026-10-05,2010-07-22,301.3421
2026-10-05,2010-07-23,-198.8963
2026-10-05,2010-07-26,-645.3173
2026-10-05,2010-07-27,391.232
2026-10-05,2010-07-28,451.558
2026-10-05,2010-07-29,-155.015
2026-10-05,2010-07-30,-187.004
2026-10-05,2010-08-02,1902.325
2026-10-05,2010-08-03,147.898
2026-10-05,2010-08-04,439.306
2026-10-05,2010-08-05,-748.744
2026-10-05,2010-08-06,-487.592
2026-10-05,2010-08-09,149.111
2026-10-05,2010-08-10,-291.296
2026-10-05,2010-08-11,1273.661
2026-10-05,2010-08-12,769.776
2026-10-05,2010-08-13,-667.32
2026-10-05,2010-08-17,494.982
2026-10-05,2010-08-18,-905.803
2026-10-05,2010-08-19,-350.435
2026-10-05,2010-08-20,585.1807
2026-10-05,2010-08-23,1167.644
2026-10-05,2010-08-24,379.998
2026-10-05,2010-08-25,1511.923
2026-10-05,2010-08-26,267.584
2026-10-05,2010-08-27,-1550.616
2026-10-05,2010-08-30,-2579.3847
2026-10-05,2010-08-31,-683.4178
2026-10-05,2010-09-01,2887.9427
2026-10-05,2010-09-02,-86.755
2026-10-05,2010-09-03,-614.07
2026-10-05,2010-09-06,-239.271
2026-10-05,2010-09-07,-784.1345
2026-10-05,2010-09-08,1086.4579
2026-10-05,2010-09-09,113.0864
2026-10-05,2010-09-10,335.659
2026-10-05,2010-09-13,-363.4712
2026-10-05,2010-09-14,-78.1452
2026-10-05,2010-09-15,-625.0466
2026-10-05,2010-09-16,-1810.5772
2026-10-05,2010-09-17,-282.1452
2026-10-05,2010-09-20,601.8721
2026-10-05,2010-09-21,328.498
2026-10-05,2010-09-22,370.696
2026-10-05,2010-09-23,997.981
2026-10-05,2010-09-24,-242.3447
2026-10-05,2010-09-27,761.692
2026-10-05,2010-09-28,611.538
2026-10-05,2010-09-29,1779.082
2026-10-05,2010-09-30,-864.758
2026-10-05,2010-10-01,1183.2775
2026-10-05,2010-10-04,196.7373
2026-10-05,2010-10-05,-868.1909
2026-10-05,2010-10-06,272.1308
2026-10-05,2010-10-07,461.6714
2026-10-05,2010-10-08,-1239.768
2026-10-05,2010-10-12,-420.108
2026-10-05,2010-10-13,-762.47
2026-10-05,2010-10-14,157.113
2026-10-05,2010-10-15,245.949
2026-10-05,2010-10-18,-1337.3776
2026-10-05,2010-10-19,-1825.493
2026-10-05,2010-10-20,1052.449
2026-10-05,2010-10-21,1215.0218
2026-10-05,2010-10-22,878.689
2026-10-05,2010-10-25,-626.8884
2026-10-05,2010-10-26,-2162.851
2026-10-05,2010-10-28,-624.972
2026-10-05,2010-10-29,-374.932
2026-10-05,2010-11-01,4454.717
2026-10-05,2010-11-02,-1071.226
2026-10-05,2010-11-03,252.265
2026-10-05,2010-11-04,-342.056
2026-10-05,2010-11-05,-2467.552
2026-10-05,2010-11-08,767.1248
2026-10-05,2010-11-09,-389.919
2026-10-05,2010-11-10,1067.513
2026-10-05,2010-11-11,1188.085
2026-10-05,2010-11-12,575.927
2026-10-05,2010-11-15,-116.674
2026-10-05,2010-11-16,-1499.675
2026-10-05,2010-11-17,-353.837
2026-10-05,2010-11-18,402.643
2026-10-05,2010-11-19,1515.197
2026-10-05,2010-11-23,1461.832
2026-10-05,2010-11-24,-360.563
2026-10-05,2010-11-25,384.88
2026-10-05,2010-11-26,-2079.529
2026-10-05,2010-11-29,-247.8326
2026-10-05,2010-11-30,-1046.923
2026-10-05,2010-12-01,5952.264
2026-10-05,2010-12-02,-93.605
2026-10-05,2010-12-03,-1028.055
2026-10-05,2010-12-06,80.052
2026-10-05,2010-12-07,-57.528
2026-10-05,2010-12-09,810.818
2026-10-05,2010-12-10,151.275
2026-10-05,2010-12-13,335.059
2026-10-05,2010-12-14,-95.6343
2026-10-05,2010-12-15,-53.245
2026-10-05,2010-12-16,-755.137
2026-10-05,2010-12-17,-2495.329
2026-10-05,2010-12-20,582.3815
2026-10-05,2010-12-21,-467.38
2026-10-05,2010-12-22,928.1314
2026-10-05,2010-12-23,951.5379
2026-10-05,2010-12-27,-598.0841
2026-10-05,2010-12-28,-2983.6204
2026-10-05,2010-12-29,-1299.1061
2026-10-05,2010-12-30,-665.4135
2026-10-05,2010-12-31,0
2026-10-05,2011-01-03,2219.0373
2026-10-05,2011-01-04,1196.8727
2026-10-05,2011-01-05,439.9345
2026-10-05,2011-01-06,-373.7135
2026-10-05,2011-01-07,-464.1048
2026-10-05,2011-01-10,-161.3416
2026-10-05,2011-01-11,333.8343
2026-10-05,2011-01-12,910.3919
2026-10-05,2011-01-13,581.0029
2026-10-05,2011-01-14,565.8858
2026-10-05,2011-01-17,-817.0452
2026-10-05,2011-01-18,-1091.6003
2026-10-05,2011-01-19,-3.7649
2026-10-05,2011-01-20,21.732
2026-10-05,2011-01-21,-397.0924
2026-10-05,2011-01-24,-20.7394
2026-10-05,2011-01-25,1.8711
2026-10-05,2011-01-26,-1486.7147
2026-10-05,2011-01-27,-1320.8034
2026-10-05,2011-01-28,-1450.4828
2026-10-05,2011-01-31,234.4401
2026-10-05,2011-02-01,1737.9329
2026-10-05,2011-02-02,1580.1917
2026-10-05,2011-02-03,69.4406
2026-10-05,2011-02-04,-497.8514
2026-10-05,2011-02-07,1137.636
2026-10-05,2011-02-08,-440.7955
2026-10-05,2011-02-09,1312.7046
2026-10-05,2011-02-10,457.1125
2026-10-05,2011-02-11,417.934
2026-10-05,2011-02-14,131.9658
2026-10-05,2011-02-15,-157.9113
2026-10-05,2011-02-16,-139.0838
2026-10-05,2011-02-17,40.3405
2026-10-05,2011-02-18,-1395.1361
2026-10-05,2011-02-21,-418.1255
2026-10-05,2011-02-22,527.8054
2026-10-05,2011-02-23,-429.9279
2026-10-05,2011-02-24,419.9054
2026-10-05,2011-02-25,387.9133
2026-10-05,2011-02-28,-3477.3099
2026-10-05,2011-03-01,4344.0766
2026-10-05,2011-03-02,1272.4606
2026-10-05,2011-03-03,-936.3704
2026-10-05,2011-03-04,-31.5978
2026-10-05,2011-03-09,666.9701
2026-10-05,2011-03-10,-1816.7088
2026-10-05,2011-03-11,-1057.3033
2026-10-05,2011-03-14,40.8442
2026-10-05,2011-03-15,155.7455
2026-10-05,2011-03-16,-1421.3905
2026-10-05,2011-03-17,180.8369
2026-10-05,2011-03-18,-1954.5036
2026-10-05,2011-03-21,-455.6915
2026-10-05,2011-03-22,44.586
2026-10-05,2011-03-23,310.4134
2026-10-05,2011-03-28,199.7766
2026-10-05,2011-03-29,-2742.3903
2026-10-05,2011-03-30,-4249.7491
2026-10-05,2011-03-31,489.3741
2026-10-05,2011-04-01,6708.7757
2026-10-05,2011-04-04,-150.4956
2026-10-05,2011-04-05,1164.0395
2026-10-05,2011-04-06,505.7912
2026-10-05,2011-04-07,-1309.5039
2026-10-05,2011-04-08,-1128.8815
2026-10-05,2011-04-11,1339.6073
2026-10-05,2011-04-12,75.2526
2026-10-05,2011-04-13,650.5533
2026-10-05,2011-04-14,1525.1409
2026-10-05,2011-04-15,-667.0882
2026-10-05,2011-04-18,80.9525
2026-10-05,2011-04-19,1128.8098
2026-10-05,2011-04-20,513.1051
2026-10-05,2011-04-25,-2576.8626
2026-10-05,2011-04-26,-1248.9605
2026-10-05,2011-04-27,-885.7026
2026-10-05,2011-04-28,-365.0543
2026-10-05,2011-04-29,-276.5046
2026-10-05,2011-05-02,3566.6242
2026-10-05,2011-05-03,-166.3562
2026-10-05,2011-05-04,270.9155
2026-10-05,2011-05-05,-532.8814
2026-10-05,2011-05-06,-1162.0967
2026-10-05,2011-05-09,446.5682
2026-10-05,2011-05-10,-2414.6507
2026-10-05,2011-05-11,904.1475
2026-10-05,2011-05-12,868.4119
2026-10-05,2011-05-13,635.8467
2026-10-05,2011-05-16,1273.9029
2026-10-05,2011-05-17,-608.8144
2026-10-05,2011-05-18,954.6653
2026-10-05,2011-05-19,620.9698
2026-10-05,2011-05-20,-435.347
2026-10-05,2011-05-23,-335.3631
2026-10-05,2011-05-24,-26.9051
2026-10-05,2011-05-26,-1674.1225
2026-10-05,2011-05-27,-2065.249
2026-10-05,2011-05-30,-2285.3478
2026-10-05,2011-05-31,3299.464
2026-10-05,2011-06-01,5312.941
2026-10-05,2011-06-02,-573.3334
2026-10-05,2011-06-03,656.6291
2026-10-05,2011-06-06,270.6887
2026-10-05,2011-06-07,-916.7192
2026-10-05,2011-06-08,-160.8358
2026-10-05,2011-06-09,-937.9179
2026-10-05,2011-06-10,752.3969
2026-10-05,2011-06-13,207.364
2026-10-05,2011-06-14,-83.092
2026-10-05,2011-06-15,1336.4788
2026-10-05,2011-06-16,-1759.7605
2026-10-05,2011-06-17,607.1389
2026-10-05,2011-06-21,175.4263
2026-10-05,2011-06-22,-86.4711
2026-10-05,2011-06-23,-658.2439
2026-10-05,2011-06-24,444.6219
2026-10-05,2011-06-27,-344.1183
2026-10-05,2011-06-28,-833.7452
2026-10-05,2011-06-29,-1672.5592
2026-10-05,2011-06-30,2180.854
2026-10-05,2011-07-01,6356.6702
2026-10-05,2011-07-04,-1362.3866
2026-10-05,2011-07-05,472.0699
2026-10-05,2011-07-06,-368.0181
2026-10-05,2011-07-07,-231.6467
2026-10-05,2011-07-08,-228.4297
2026-10-05,2011-07-11,1957.7912
2026-10-05,2011-07-12,196.7525
2026-10-05,2011-07-13,761.7795
2026-10-05,2011-07-14,523.0965
2026-10-05,2011-07-15,-2235.3902
2026-10-05,2011-07-18,-499.1044
2026-10-05,2011-07-19,-108.4388
2026-10-05,2011-07-20,-807.3811
2026-10-05,2011-07-21,-1367.1011
2026-10-05,2011-07-22,-1043.0475
2026-10-05,2011-07-25,172.1029
2026-10-05,2011-07-26,-426.2511
2026-10-05,2011-07-27,-1341.3628
2026-10-05,2011-07-28,-1187.6985
2026-10-05,2011-07-29,30.8022
2026-10-05,2011-08-01,4617.1219
2026-10-05,2011-08-02,332.5614
2026-10-05,2011-08-03,-1176.7449
2026-10-05,2011-08-04,-531.042
2026-10-05,2011-08-05,-2269.0004
2026-10-05,2011-08-08,812.504
2026-10-05,2011-08-09,44.3216
2026-10-05,2011-08-10,-691.4421
2026-10-05,2011-08-11,562.6697
2026-10-05,2011-08-12,-997.5811
2026-10-05,2011-08-15,289.0329
2026-10-05,2011-08-16,-2579.9891
2026-10-05,2011-08-17,-170.5405
2026-10-05,2011-08-18,75.5649
2026-10-05,2011-08-19,793.534
2026-10-05,2011-08-23,785.6604
2026-10-05,2011-08-24,-975.4001
2026-10-05,2011-08-25,-1932.8942
2026-10-05,2011-08-26,-1172.6918
2026-10-05,2011-08-29,-564.9435
2026-10-05,2011-08-30,-69.4269
2026-10-05,2011-08-31,97.732
2026-10-05,2011-09-01,6059.178
2026-10-05,2011-09-02,1387.65
2026-10-05,2011-09-05,531.7998
2026-10-05,2011-09-06,-1264.9044
2026-10-05,2011-09-07,-454.901
2026-10-05,2011-09-08,414.8702
2026-10-05,2011-09-09,461.1083
2026-10-05,2011-09-12,2257.7892
2026-10-05,2011-09-13,118.6224
2026-10-05,2011-09-14,403.8445
2026-10-05,2011-09-15,-811.2678
2026-10-05,2011-09-16,-2990.0959
2026-10-05,2011-09-19,172.5315
2026-10-05,2011-09-20,-1700.4927
2026-10-05,2011-09-21,-1199.6831
2026-10-05,2011-09-22,-457.1987
2026-10-05,2011-09-23,-1075.1343
2026-10-05,2011-09-26,2043.0377
2026-10-05,2011-09-27,-778.8301
2026-10-05,2011-09-28,160.2972
2026-10-05,2011-09-29,-1229.2569
2026-10-05,2011-09-30,3911.4729
2026-10-05,2011-10-03,3121.2088
2026-10-05,2011-10-04,387.934
2026-10-05,2011-10-05,-565.7498
2026-10-05,2011-10-06,-62.1549
2026-10-05,2011-10-07,-315.7911
2026-10-05,2011-10-11,-785.2312
2026-10-05,2011-10-12,568.18
2026-10-05,2011-10-13,-480.9117
2026-10-05,2011-10-14,101.0826
2026-10-05,2011-10-17,-804.4321
2026-10-05,2011-10-18,-466.3578
2026-10-05,2011-10-19,-2080.6341
2026-10-05,2011-10-20,2123.0474
2026-10-05,2011-10-21,-1541.4503
2026-10-05,2011-10-24,208.4322
2026-10-05,2011-10-25,-258.7433
2026-10-05,2011-10-26,-1663.2624
2026-10-05,2011-10-27,905.7413
2026-10-05,2011-10-28,-1101.7521
2026-10-05,2011-10-31,2193.232
2026-10-05,2011-11-01,4217.835
2026-10-05,2011-11-02,826.6632
2026-10-05,2011-11-03,-209.6692
2026-10-05,2011-11-04,-2969.977
2026-10-05,2011-11-07,-634.4181
2026-10-05,2011-11-08,-644.7118
2026-10-05,2011-11-09,589.1249
2026-10-05,2011-11-10,1332.8898
2026-10-05,2011-11-11,531.8874
2026-10-05,2011-11-14,894.7577
2026-10-05,2011-11-15,-537.9758
2026-10-05,2011-11-16,-1189.7808
2026-10-05,2011-11-17,372.8627
2026-10-05,2011-11-18,-434.8492
2026-10-05,2011-11-21,-675.5033
2026-10-05,2011-11-22,-387.6024
2026-10-05,2011-11-23,-1097.1826
2026-10-05,2011-11-24,-785.2065
2026-10-05,2011-11-25,-1984.1033
2026-10-05,2011-11-29,-399.8685
2026-10-05,2011-11-30,-1825.2605
2026-10-05,2011-12-01,7735.847
2026-10-05,2011-12-02,250.8609
2026-10-05,2011-12-05,-1908.1569
2026-10-05,2011-12-06,227.6316
2026-10-05,2011-12-07,-2369.6317
2026-10-05,2011-12-12,993.7038
2026-10-05,2011-12-13,20.7177
2026-10-05,2011-12-14,556.6159
2026-10-05,2011-12-15,-324.6875
2026-10-05,2011-12-16,-1555.0793
2026-10-05,2011-12-19,-1305.1027
2026-10-05,2011-12-20,-754.6269
2026-10-05,2011-12-21,913.2208
2026-10-05,2011-12-22,-331.7158
2026-10-05,2011-12-23,-1076.1392
2026-10-05,2011-12-27,571.4939
2026-10-05,2011-12-28,818.2853
2026-10-05,2011-12-29,869.4934
2026-10-05,2011-12-30,-444.444
2026-10-05,2012-01-03,-1302.8355
2026-10-05,2012-01-04,-3695.2179
2026-10-05,2012-01-05,-2823.6816
2026-10-05,2012-01-06,169.6874
2026-10-05,2012-01-09,2316.5148
2026-10-05,2012-01-10,1547.0731
2026-10-05,2012-01-11,2551.5392
2026-10-05,2012-01-12,2070.5562
2026-10-05,2012-01-13,-1247.0615
2026-10-05,2012-01-16,174.0899
2026-10-05,2012-01-17,-677.6074
2026-10-05,2012-01-18,1712.0314
2026-10-05,2012-01-19,-591.3385
2026-10-05,2012-01-20,-1139.5514
2026-10-05,2012-01-23,25.0518
2026-10-05,2012-01-24,989.5465
2026-10-05,2012-01-25,-1878.3587
2026-10-05,2012-01-26,-1013.6351
2026-10-05,2012-01-27,-1214.2566
2026-10-05,2012-01-30,-1740.8583
2026-10-05,2012-01-31,-1899.8074
2026-10-05,2012-02-01,-653.1476
2026-10-05,2012-02-02,-3188.1717
2026-10-05,2012-02-03,-1719.6661
2026-10-05,2012-02-06,-949.181
2026-10-05,2012-02-07,561.7918
2026-10-05,2012-02-08,1672.5778
2026-10-05,2012-02-09,224.4978
2026-10-05,2012-02-10,416.7901
2026-10-05,2012-02-13,571.0615
2026-10-05,2012-02-14,-1250.3601
2026-10-05,2012-02-15,157.0398
2026-10-05,2012-02-16,-2969.5143
2026-10-05,2012-02-17,-849.1436
2026-10-05,2012-02-22,7364.3
2026-10-05,2012-02-23,-7274.7634
2026-10-05,2012-02-24,-5875.3025
2026-10-05,2012-02-28,3426.03
2026-10-05,2012-02-29,31.593
2026-10-05,2012-03-01,9353.0791
2026-10-05,2012-03-02,520.5536
2026-10-05,2012-03-05,-802.9416
2026-10-05,2012-03-06,-577.3494
2026-10-05,2012-03-07,419.5694
2026-10-05,2012-03-08,1657.6285
2026-10-05,2012-03-09,2216.4005
2026-10-05,2012-03-12,1368.5591
2026-10-05,2012-03-13,310.4923
2026-10-05,2012-03-14,1542.5241
2026-10-05,2012-03-15,-3235.651
2026-10-05,2012-03-16,-2411.6122
2026-10-05,2012-03-19,-347.7713
2026-10-05,2012-03-20,-1280.8202
2026-10-05,2012-03-21,916.21
2026-10-05,2012-03-22,885.8997
2026-10-05,2012-03-23,-794.0839
2026-10-05,2012-03-26,-2592.1063
2026-10-05,2012-03-27,829.6148
2026-10-05,2012-03-28,347.2345
2026-10-05,2012-03-29,-5302.9752
2026-10-05,2012-03-30,6417.6375
2026-10-05,2012-04-03,1951.2334
2026-10-05,2012-04-04,-1266.632
2026-10-05,2012-04-09,-519.1127
2026-10-05,2012-04-10,324.2391
2026-10-05,2012-04-11,967.8982
2026-10-05,2012-04-12,-1214.3278
2026-10-05,2012-04-13,-2152.3324
2026-10-05,2012-04-16,890.9545
2026-10-05,2012-04-17,-2524.1136
2026-10-05,2012-04-18,121.7869
2026-10-05,2012-04-19,-1504.9197
2026-10-05,2012-04-20,-3399.867
2026-10-05,2012-04-23,-522.928
2026-10-05,2012-04-24,-1493.7345
2026-10-05,2012-04-25,9604.0817
2026-10-05,2012-04-26,-3506.7394
2026-10-05,2012-04-27,-1062.8451
2026-10-05,2012-05-02,6941.2958
2026-10-05,2012-05-03,-6404.9536
2026-10-05,2012-05-04,-1376.218
2026-10-05,2012-05-07,-2025.828
2026-10-05,2012-05-08,-881.0594
2026-10-05,2012-05-09,1547.619
2026-10-05,2012-05-10,1464.3834
2026-10-05,2012-05-11,1740.2888
2026-10-05,2012-05-14,-173.8949
2026-10-05,2012-05-15,-1605.2115
2026-10-05,2012-05-16,21.7775
2026-10-05,2012-05-17,1247.403
2026-10-05,2012-05-18,1239.4145
2026-10-05,2012-05-21,-5552.1008
2026-10-05,2012-05-22,102.8926
2026-10-05,2012-05-23,697.2085
2026-10-05,2012-05-24,-1006.7064
2026-10-05,2012-05-28,1278.5946
2026-10-05,2012-05-29,-2556.5013
2026-10-05,2012-05-30,4316.355
2026-10-05,2012-05-31,-3319.3771
2026-10-05,2012-06-01,7277.9491
2026-10-05,2012-06-04,-837.7534
2026-10-05,2012-06-05,1265.3332
2026-10-05,2012-06-06,313.3022
2026-10-05,2012-06-07,1298.452
2026-10-05,2012-06-08,455.2572
2026-10-05,2012-06-11,944.9914
2026-10-05,2012-06-12,-116.0689
2026-10-05,2012-06-13,996.66
2026-10-05,2012-06-14,1328.1138
2026-10-05,2012-06-15,818.0173
2026-10-05,2012-06-18,-505.9711
2026-10-05,2012-06-19,-812.3401
2026-10-05,2012-06-21,758.6853
2026-10-05,2012-06-22,547.2989
2026-10-05,2012-06-25,-71.1713
2026-10-05,2012-06-26,-1616.6371
2026-10-05,2012-06-27,-2541.599
2026-10-05,2012-06-28,-1765.724
2026-10-05,2012-06-29,3458.0585
2026-10-05,2012-07-02,6431.1199
2026-10-05,2012-07-03,-2239.0877
2026-10-05,2012-07-04,-357.5568
2026-10-05,2012-07-05,-704.5487
2026-10-05,2012-07-06,-1685.6934
2026-10-05,2012-07-10,462.6631
2026-10-05,2012-07-11,-3016.9629
2026-10-05,2012-07-12,1618.1717
2026-10-05,2012-07-13,2226.9572
2026-10-05,2012-07-16,854.6695
2026-10-05,2012-07-17,796.2671
2026-10-05,2012-07-18,330.4154
2026-10-05,2012-07-19,-876.5717
2026-10-05,2012-07-20,-2126.3584
2026-10-05,2012-07-23,-129.3832
2026-10-05,2012-07-24,-1243.4243
2026-10-05,2012-07-25,911.1142
2026-10-05,2012-07-26,-2964.4834
2026-10-05,2012-07-27,-1297.5582
2026-10-05,2012-07-30,-1808.9708
2026-10-05,2012-07-31,-3203.7677
2026-10-05,2012-08-01,7695.4641
2026-10-05,2012-08-02,2590.6442
2026-10-05,2012-08-03,1376.2762
2026-10-05,2012-08-06,700.533
2026-10-05,2012-08-07,-1381.7767
2026-10-05,2012-08-08,-1933.4018
2026-10-05,2012-08-09,1225.2596
2026-10-05,2012-08-10,-893.2678
2026-10-05,2012-08-13,1511.7527
2026-10-05,2012-08-14,641.312
2026-10-05,2012-08-15,1261.9163
2026-10-05,2012-08-16,-617.441
2026-10-05,2012-08-17,-4275.5432
2026-10-05,2012-08-21,1921.1885
2026-10-05,2012-08-22,2716.9157
2026-10-05,2012-08-23,-4006.1072
2026-10-05,2012-08-24,213.8906
2026-10-05,2012-08-27,-1182.0662
2026-10-05,2012-08-28,575.5877
2026-10-05,2012-08-29,-1423.7746
2026-10-05,2012-08-30,2272.3914
2026-10-05,2012-08-31,283.6363
2026-10-05,2012-09-03,2193.8649
2026-10-05,2012-09-04,315.0061
2026-10-05,2012-09-05,251.4019
2026-10-05,2012-09-06,-318.5371
2026-10-05,2012-09-07,-2288.2708
2026-10-05,2012-09-10,698.7587
2026-10-05,2012-09-11,-22.06
2026-10-05,2012-09-12,1784.9569
2026-10-05,2012-09-13,482.9249
2026-10-05,2012-09-14,154.7247
2026-10-05,2012-09-17,-751.5147
2026-10-05,2012-09-18,-716.1176
2026-10-05,2012-09-19,-1316.1855
2026-10-05,2012-09-20,-67.7378
2026-10-05,2012-09-21,44.7045
2026-10-05,2012-09-25,1841.6542
2026-10-05,2012-09-26,-454.4479
2026-10-05,2012-09-27,-273.6811
2026-10-05,2012-09-28,375.1439
2026-10-05,2012-10-01,4371.4531
2026-10-05,2012-10-02,46.2506
2026-10-05,2012-10-03,-882.3816
2026-10-05,2012-10-04,-1186.3191
2026-10-05,2012-10-05,-111.2968
2026-10-05,2012-10-09,-2545.5617
2026-10-05,2012-10-10,-1541.9238
2026-10-05,2012-10-11,-106.9958
2026-10-05,2012-10-12,697.3674
2026-10-05,2012-10-15,1174.3269
2026-10-05,2012-10-16,-272.0912
2026-10-05,2012-10-17,1281.202
2026-10-05,2012-10-18,-117.5016
2026-10-05,2012-10-19,-524.7644
2026-10-05,2012-10-22,139.011
2026-10-05,2012-10-23,-2048.4883
2026-10-05,2012-10-24,2729.7457
2026-10-05,2012-10-25,-3274.3313
2026-10-05,2012-10-26,-2169.0707
2026-10-05,2012-10-29,1170.6842
2026-10-05,2012-10-30,-1121.781
2026-10-05,2012-10-31,611.2023
2026-10-05,2012-11-01,9576.2882
2026-10-05,2012-11-02,-773.0405
2026-10-05,2012-11-05,185.5789
2026-10-05,2012-11-07,-1853.9533
2026-10-05,2012-11-08,-1992.2595
2026-10-05,2012-11-09,938.1903
2026-10-05,2012-11-12,-234.6993
2026-10-05,2012-11-13,-820.2299
2026-10-05,2012-11-14,1133.3584
2026-10-05,2012-11-15,182.6402
2026-10-05,2012-11-16,-1114.7908
2026-10-05,2012-11-19,-675.6738
2026-10-05,2012-11-20,-902.1494
2026-10-05,2012-11-21,2145.1449
2026-10-05,2012-11-22,1467.9124
2026-10-05,2012-11-23,-13086.5725
2026-10-05,2012-11-27,-1005.9814
2026-10-05,2012-11-28,-2031.3415
2026-10-05,2012-11-29,-2691.2952
2026-10-05,2012-11-30,976.2982
2026-10-05,2012-12-03,19288.3224
2026-10-05,2012-12-04,148.9179
2026-10-05,2012-12-05,-74.9549
2026-10-05,2012-12-06,-551.2937
2026-10-05,2012-12-07,1208.3727
2026-10-05,2012-12-10,-2499.6823
2026-10-05,2012-12-11,-6556.9887
2026-10-05,2012-12-12,2145.1188
2026-10-05,2012-12-13,725.4252
2026-10-05,2012-12-14,-214.8953
2026-10-05,2012-12-17,-3334.1643
2026-10-05,2012-12-18,393.3519
2026-10-05,2012-12-19,9502.8814
2026-10-05,2012-12-20,-10459.585
2026-10-05,2012-12-21,677.2392
2026-10-05,2012-12-26,-886.4475
2026-10-05,2012-12-27,3596.2752
2026-10-05,2012-12-28,3465.4142
2026-10-05,2012-12-31,-828.4309
2026-10-05,2013-01-02,-2382.5111
2026-10-05,2013-01-03,300.459
2026-10-05,2013-01-04,-2762.3564
2026-10-05,2013-01-07,-1551.5753
2026-10-05,2013-01-08,-161.2317
2026-10-05,2013-01-09,189.3875
2026-10-05,2013-01-10,1794.5638
2026-10-05,2013-01-11,1515.9603
2026-10-05,2013-01-14,-1259.6612
2026-10-05,2013-01-15,1601.7193
2026-10-05,2013-01-16,-537.8621
2026-10-05,2013-01-17,-938.7311
2026-10-05,2013-01-18,-1147.9663
2026-10-05,2013-01-21,846.2293
2026-10-05,2013-01-22,29.2132
2026-10-05,2013-01-23,-1980.7498
2026-10-05,2013-01-24,-355.9272
2026-10-05,2013-01-25,-1353.3249
2026-10-05,2013-01-28,-2408.5401
2026-10-05,2013-01-29,-188.9713
2026-10-05,2013-01-30,758.9659
2026-10-05,2013-02-01,1940.8305
2026-10-05,2013-02-04,-725.4491
2026-10-05,2013-02-05,-236.0218
2026-10-05,2013-02-06,2632.4182
2026-10-05,2013-02-07,1070.5556
2026-10-05,2013-02-08,2075.7179
2026-10-05,2013-02-13,5797.6748
2026-10-05,2013-02-14,1042.4551
2026-10-05,2013-02-15,2350.5149
2026-10-05,2013-02-18,-4513.4788
2026-10-05,2013-02-19,-2363.2215
2026-10-05,2013-02-21,512.1052
2026-10-05,2013-02-22,-3412.6721
2026-10-05,2013-02-25,-939.0122
2026-10-05,2013-02-26,111.0227
2026-10-05,2013-02-27,-608.1765
2026-10-05,2013-02-28,-1007.9848
2026-10-05,2013-03-01,9020.4785
2026-10-05,2013-03-04,501.5121
2026-10-05,2013-03-05,13.176
2026-10-05,2013-03-06,-486.9771
2026-10-05,2013-03-07,31.9299
2026-10-05,2013-03-08,-170.9292
2026-10-05,2013-03-11,-153.4464
2026-10-05,2013-03-12,-71.9326
2026-10-05,2013-03-13,259.1098
2026-10-05,2013-03-14,71.1356
2026-10-05,2013-03-15,-2217.943
2026-10-05,2013-03-18,-1185.8941
2026-10-05,2013-03-19,643.7247
2026-10-05,2013-03-20,951.036
2026-10-05,2013-03-21,-1110.3447
2026-10-05,2013-03-22,2069.0615
2026-10-05,2013-03-25,1853.5118
2026-10-05,2013-03-26,2307.6706
2026-10-05,2013-03-27,1843.7523
2026-10-05,2013-04-03,1900.1179
2026-10-05,2013-04-04,-677.559
2026-10-05,2013-04-05,-1449.6657
2026-10-05,2013-04-08,-799.3745
2026-10-05,2013-04-09,68.9691
2026-10-05,2013-04-10,481.3134
2026-10-05,2013-04-11,-259.5116
2026-10-05,2013-04-12,4.2818
2026-10-05,2013-04-15,-1258.326
2026-10-05,2013-04-16,-1141.5676
2026-10-05,2013-04-17,-2267.2617
2026-10-05,2013-04-18,537.6124
2026-10-05,2013-04-19,-2372.7164
2026-10-05,2013-04-22,-2580.8613
2026-10-05,2013-04-23,-1337.7456
2026-10-05,2013-04-24,-1770.8804
2026-10-05,2013-04-25,-2392.2557
2026-10-05,2013-04-26,-2668.099
2026-10-05,2013-04-29,-6890.074
2026-10-05,2013-04-30,8184.8833
2026-10-05,2013-05-02,5988.2818
2026-10-05,2013-05-03,1435.4739
2026-10-05,2013-05-06,-144.7028
2026-10-05,2013-05-07,-747.4344
2026-10-05,2013-05-08,2489.2656
2026-10-05,2013-05-09,87.2815
2026-10-05,2013-05-10,734.25
2026-10-05,2013-05-13,2451.0707
2026-10-05,2013-05-14,1188.1604
2026-10-05,2013-05-15,-1556.7677
2026-10-05,2013-05-16,-2050.7801
2026-10-05,2013-05-17,-306.2909
2026-10-05,2013-05-20,-884.8984
2026-10-05,2013-05-21,417.65
2026-10-05,2013-05-22,1318.049
2026-10-05,2013-05-23,1095.0251
2026-10-05,2013-05-24,-1559.8617
2026-10-05,2013-05-27,-1705.4662
2026-10-05,2013-05-28,-408.4802
2026-10-05,2013-05-29,-1394.5259
2026-10-05,2013-05-30,2264.7274
2026-10-05,2013-05-31,1925.3623
2026-10-05,2013-06-03,4477.9628
2026-10-05,2013-06-04,-402.7577
2026-10-05,2013-06-05,270.7442
2026-10-05,2013-06-06,-523.2627
2026-10-05,2013-06-07,295.9421
2026-10-05,2013-06-10,-387.3553
2026-10-05,2013-06-11,-492.2416
2026-10-05,2013-06-12,1879.3449
2026-10-05,2013-06-13,663.9863
2026-10-05,2013-06-14,313.9288
2026-10-05,2013-06-17,-2095.3719
2026-10-05,2013-06-18,-609.0702
2026-10-05,2013-06-19,-2061.8082
2026-10-05,2013-06-24,-1484.7362
2026-10-05,2013-06-25,-78.8302
2026-10-05,2013-06-26,-3493.3961
2026-10-05,2013-06-27,-50.5789
2026-10-05,2013-06-28,-847.1162
2026-10-05,2013-07-01,7712.1586
2026-10-05,2013-07-02,1237.2676
2026-10-05,2013-07-03,459.6956
2026-10-05,2013-07-04,458.1044
2026-10-05,2013-07-05,1027.8718
2026-10-05,2013-07-08,-874.9495
2026-10-05,2013-07-10,1585.2953
2026-10-05,2013-07-11,-593.3317
2026-10-05,2013-07-12,940.9359
2026-10-05,2013-07-15,645.9511
2026-10-05,2013-07-16,-3033.5009
2026-10-05,2013-07-17,884.6731
2026-10-05,2013-07-18,-1029.3859
2026-10-05,2013-07-19,-1795.0985
2026-10-05,2013-07-22,430.854
2026-10-05,2013-07-23,-3348.1435
2026-10-05,2013-07-24,2633.9156
2026-10-05,2013-07-25,1110.2919
2026-10-05,2013-07-26,-240.2312
2026-10-05,2013-07-29,-3872.7909
2026-10-05,2013-07-30,-6657.8501
2026-10-05,2013-07-31,-1424.3831
2026-10-05,2013-08-01,11154.5902
2026-10-05,2013-08-02,32.5838
2026-10-05,2013-08-05,-248.3081
2026-10-05,2013-08-06,1305.6222
2026-10-05,2013-08-07,47.6677
2026-10-05,2013-08-08,-1689.9913
2026-10-05,2013-08-09,-1910.8015
2026-10-05,2013-08-12,563.5694
2026-10-05,2013-08-13,613.5452
2026-10-05,2013-08-14,-4464.6535
2026-10-05,2013-08-15,907.1739
2026-10-05,2013-08-16,-3141.2004
2026-10-05,2013-08-20,2458.0524
2026-10-05,2013-08-21,1634.0963
2026-10-05,2013-08-22,-2132.7555
2026-10-05,2013-08-23,-2060.6016
2026-10-05,2013-08-26,1628.899
2026-10-05,2013-08-27,-43.3104
2026-10-05,2013-08-28,-1247.9563
2026-10-05,2013-08-29,195.4358
2026-10-05,2013-08-30,-2469.3711
2026-10-05,2013-09-02,6861.954
2026-10-05,2013-09-03,2333.5523
2026-10-05,2013-09-04,210.23
2026-10-05,2013-09-05,-929.1497
2026-10-05,2013-09-06,455.2369
2026-10-05,2013-09-09,-519.8118
2026-10-05,2013-09-10,51.8332
2026-10-05,2013-09-11,-574.0003
2026-10-05,2013-09-12,802.5392
2026-10-05,2013-09-13,-964.6008
2026-10-05,2013-09-16,-744.8311
2026-10-05,2013-09-17,839.7996
2026-10-05,2013-09-18,1032.0166
2026-10-05,2013-09-19,-1276.2111
2026-10-05,2013-09-20,-3469.4494
2026-10-05,2013-09-23,-1959.7277
2026-10-05,2013-09-24,439.4126
2026-10-05,2013-09-25,2550.8041
2026-10-05,2013-09-26,-1502.1172
2026-10-05,2013-09-27,-2650.3247
2026-10-05,2013-09-30,-2481.9552
2026-10-05,2013-10-01,11062.085
2026-10-05,2013-10-02,-183.7833
2026-10-05,2013-10-03,782.0207
2026-10-05,2013-10-04,-334.9644
2026-10-05,2013-10-07,270.5923
2026-10-05,2013-10-08,561.4094
2026-10-05,2013-10-09,64.1469
2026-10-05,2013-10-10,37.2361
2026-10-05,2013-10-11,-583.2079
2026-10-05,2013-10-15,691.4655
2026-10-05,2013-10-16,-1206.9718
2026-10-05,2013-10-17,-1192.572
2026-10-05,2013-10-18,-249.3068
2026-10-05,2013-10-21,-2217.6862
2026-10-05,2013-10-22,1294.0177
2026-10-05,2013-10-23,1615.4974
2026-10-05,2013-10-24,235.7931
2026-10-05,2013-10-25,-498.8842
2026-10-05,2013-10-28,-3809.6434
2026-10-05,2013-10-29,-3964.3666
2026-10-05,2013-10-30,-1348.0873
2026-10-05,2013-10-31,-3823.2019
2026-10-05,2013-11-01,15484.5129
2026-10-05,2013-11-04,-37.7413
2026-10-05,2013-11-05,73.5232
2026-10-05,2013-11-07,-241.7852
2026-10-05,2013-11-08,-123.9642
2026-10-05,2013-11-11,-711.034
2026-10-05,2013-11-12,28.7597
2026-10-05,2013-11-13,-779.3094
2026-10-05,2013-11-14,-718.6404
2026-10-05,2013-11-15,485.8601
2026-10-05,2013-11-18,-2868.2048
2026-10-05,2013-11-19,-2433.4648
2026-10-05,2013-11-20,-1066.273
2026-10-05,2013-11-21,-280.4993
2026-10-05,2013-11-22,796.82
2026-10-05,2013-11-26,-779.4235
2026-10-05,2013-11-27,-1863.5703
2026-10-05,2013-11-28,-2417.6826
2026-10-05,2013-11-29,1817.8149
2026-10-05,2013-12-02,15211.8826
2026-10-05,2013-12-03,75.6275
2026-10-05,2013-12-04,-26.4569
2026-10-05,2013-12-05,-304.5103
2026-10-05,2013-12-06,-326.8947
2026-10-05,2013-12-09,-571.6609
2026-10-05,2013-12-10,450.3773
2026-10-05,2013-12-11,120.7134
2026-10-05,2013-12-12,-348.3232
2026-10-05,2013-12-13,-522.8388
2026-10-05,2013-12-16,23.2953
2026-10-05,2013-12-17,-466.8445
2026-10-05,2013-12-18,-51.9042
2026-10-05,2013-12-19,1341.7853
2026-10-05,2013-12-20,1570.9293
2026-10-05,2013-12-23,-570.2178
2026-10-05,2013-12-26,-104.4136
2026-10-05,2013-12-27,-684.6249
2026-10-05,2013-12-30,522.3237
2026-10-05,2014-01-02,-860.4685
2026-10-05,2014-01-03,456.2065
2026-10-05,2014-01-06,6.8725
2026-10-05,2014-01-07,-466.4746
2026-10-05,2014-01-08,-547.0449
2026-10-05,2014-01-09,1296.0778
2026-10-05,2014-01-10,854.5214
2026-10-05,2014-01-13,146.7527
2026-10-05,2014-01-14,2.4294
2026-10-05,2014-01-15,-1603.2959
2026-10-05,2014-01-16,-3577.4904
2026-10-05,2014-01-17,-1186.784
2026-10-05,2014-01-20,-1840.1426
2026-10-05,2014-01-21,-506.0322
2026-10-05,2014-01-22,-822.9926
2026-10-05,2014-01-23,-738.2215
2026-10-05,2014-01-24,-3250.2933
2026-10-05,2014-01-27,-2324.8738
2026-10-05,2014-01-28,3840.2164
2026-10-05,2014-01-29,3495.3542
2026-10-05,2014-01-30,656.2519
2026-10-05,2014-01-31,-428.6517
2026-10-05,2014-02-03,-2971.3571
2026-10-05,2014-02-04,-1743.1848
2026-10-05,2014-02-05,-2991.5768
2026-10-05,2014-02-06,-749.7345
2026-10-05,2014-02-07,-3555.8776
2026-10-05,2014-02-10,-96.6214
2026-10-05,2014-02-11,-705.7727
2026-10-05,2014-02-12,15686.483
2026-10-05,2014-02-13,-1667.0258
2026-10-05,2014-02-14,-925.4729
2026-10-05,2014-02-17,-603.3577
2026-10-05,2014-02-18,-1439.1832
2026-10-05,2014-02-19,950.4911
2026-10-05,2014-02-20,-1607.4395
2026-10-05,2014-02-21,-5298.0017
2026-10-05,2014-02-24,3048.6298
2026-10-05,2014-02-25,-10306.6255
2026-10-05,2014-02-26,15523.5412
2026-10-05,2014-02-27,-10600.3414
2026-10-05,2014-02-28,12007.4644
2026-10-05,2014-03-05,4464.9467
2026-10-05,2014-03-06,-1246.7392
2026-10-05,2014-03-07,-502.4487
2026-10-05,2014-03-10,1561.129
2026-10-05,2014-03-11,12.6576
2026-10-05,2014-03-12,724.017
2026-10-05,2014-03-13,-1094.9456
2026-10-05,2014-03-14,734.9986
2026-10-05,2014-03-17,-649.087
2026-10-05,2014-03-18,-763.2339
2026-10-05,2014-03-19,369.3229
2026-10-05,2014-03-20,-938.5277
2026-10-05,2014-03-21,-1596.7268
2026-10-05,2014-03-25,-2510.8133
2026-10-05,2014-03-26,-2569.6808
2026-10-05,2014-03-27,-7366.5184
2026-10-05,2014-03-28,-6847.2604
2026-10-05,2014-03-31,-374.7741
2026-10-05,2014-04-01,14125.5442
2026-10-05,2014-04-03,-923.3497
2026-10-05,2014-04-04,234.0656
2026-10-05,2014-04-07,1291.1712
2026-10-05,2014-04-08,2954.1636
2026-10-05,2014-04-09,1038.2877
2026-10-05,2014-04-10,-1012.2692
2026-10-05,2014-04-11,-1938.6436
2026-10-05,2014-04-14,-544.1305
2026-10-05,2014-04-15,923.9395
2026-10-05,2014-04-16,-1448.2961
2026-10-05,2014-04-21,-1345.702
2026-10-05,2014-04-22,-1342.2943
2026-10-05,2014-04-23,-3478.7324
2026-10-05,2014-04-24,-2253.8927
2026-10-05,2014-04-25,-10161.3953
2026-10-05,2014-04-28,-5482.3854
2026-10-05,2014-04-29,588.0876
2026-10-05,2014-04-30,24276.3629
2026-10-05,2014-05-05,7054.7011
2026-10-05,2014-05-06,-616.4609
2026-10-05,2014-05-07,-866.1701
2026-10-05,2014-05-08,615.5385
2026-10-05,2014-05-09,-505.6985
2026-10-05,2014-05-12,-677.6672
2026-10-05,2014-05-13,1545.2218
2026-10-05,2014-05-14,-2835.9569
2026-10-05,2014-05-15,-1930.7758
2026-10-05,2014-05-16,-275.4013
2026-10-05,2014-05-19,-1776.9683
2026-10-05,2014-05-20,-1847.2264
2026-10-05,2014-05-21,5699.3766
2026-10-05,2014-05-22,-5687.4525
2026-10-05,2014-05-23,-948.4337
2026-10-05,2014-05-26,-6709.5803
2026-10-05,2014-05-27,7652.3116
2026-10-05,2014-05-28,2914.0124
2026-10-05,2014-05-29,-14639.7745
2026-10-05,2014-05-30,5406.0395
2026-10-05,2014-06-02,15674.3987
2026-10-05,2014-06-03,1159.7598
2026-10-05,2014-06-04,403.3579
2026-10-05,2014-06-05,-1016.5711
2026-10-05,2014-06-06,-699.5825
2026-10-05,2014-06-09,-1156.2385
2026-10-05,2014-06-10,1010.2186
2026-10-05,2014-06-11,1466.1198
2026-10-05,2014-06-12,540.3035
2026-10-05,2014-06-13,-2335.3414
2026-10-05,2014-06-16,-5964.8384
2026-10-05,2014-06-17,31.8015
2026-10-05,2014-06-18,-601.1423
2026-10-05,2014-06-19,-327.7376
2026-10-05,2014-06-23,1448.9719
2026-10-05,2014-06-24,-1375.4234
2026-10-05,2014-06-25,1171.3977
2026-10-05,2014-06-26,-956.0528
2026-10-05,2014-06-27,-2972.425
2026-10-05,2014-06-30,-3209.0745
2026-10-05,2014-07-01,13080.5125
2026-10-05,2014-07-02,1440.5342
2026-10-05,2014-07-03,-641.5029
2026-10-05,2014-07-04,440.3546
2026-10-05,2014-07-07,923.2292
2026-10-05,2014-07-08,-1380.8678
2026-10-05,2014-07-10,677.7619
2026-10-05,2014-07-11,-1579.9136
2026-10-05,2014-07-14,1247.6961
2026-10-05,2014-07-15,443.0725
2026-10-05,2014-07-16,-4007.8315
2026-10-05,2014-07-17,-2588.1787
2026-10-05,2014-07-18,-863.3807
2026-10-05,2014-07-21,-280.5326
2026-10-05,2014-07-22,-1743.7238
2026-10-05,2014-07-23,5180.3852
2026-10-05,2014-07-24,-8699.2962
2026-10-05,2014-07-25,-4350.2522
2026-10-05,2014-07-28,-3107.1432
2026-10-05,2014-07-29,983.1697
2026-10-05,2014-07-30,1971.6161
2026-10-05,2014-07-31,1578.7682
2026-10-05,2014-08-01,11326.8444
2026-10-05,2014-08-04,267.3769
2026-10-05,2014-08-05,124.6365
2026-10-05,2014-08-06,-1147.3785
2026-10-05,2014-08-07,-929.1897
2026-10-05,2014-08-08,1677.8439
2026-10-05,2014-08-11,-1144.4912
2026-10-05,2014-08-12,4057.3003
2026-10-05,2014-08-13,-6058.854
2026-10-05,2014-08-14,-658.7429
2026-10-05,2014-08-15,-866.922
2026-10-05,2014-08-19,3954.7115
2026-10-05,2014-08-20,-7522.1415
2026-10-05,2014-08-21,1919.8271
2026-10-05,2014-08-22,-420.1454
2026-10-05,2014-08-25,-2346.1056
2026-10-05,2014-08-26,1332.5925
2026-10-05,2014-08-27,-3152.5334
2026-10-05,2014-08-28,-13407.5383
2026-10-05,2014-08-29,3764.3376
2026-10-05,2014-09-01,14056.1664
2026-10-05,2014-09-02,928.4356
2026-10-05,2014-09-03,1085.8533
2026-10-05,2014-09-04,392.2737
2026-10-05,2014-09-05,-771.9898
2026-10-05,2014-09-08,-390.2216
2026-10-05,2014-09-09,-4175.305
2026-10-05,2014-09-10,1858.398
2026-10-05,2014-09-11,-1244.0981
2026-10-05,2014-09-12,236.5091
2026-10-05,2014-09-15,-1118.5222
2026-10-05,2014-09-16,-1903.4832
2026-10-05,2014-09-17,737.1427
2026-10-05,2014-09-18,-3813.6391
2026-10-05,2014-09-19,-766.3146
2026-10-05,2014-09-22,1411.5786
2026-10-05,2014-09-23,1039.7914
2026-10-05,2014-09-24,1853.231
2026-10-05,2014-09-25,826.1239
2026-10-05,2014-09-26,-1544.4774
2026-10-05,2014-09-29,-1621.0939
2026-10-05,2014-09-30,-5799.5152
2026-10-05,2014-10-01,18687.0437
2026-10-05,2014-10-02,-5466.4668
2026-10-05,2014-10-03,370.9486
2026-10-05,2014-10-06,-664.9853
2026-10-05,2014-10-07,3036.061
2026-10-05,2014-10-08,-1227.5524
2026-10-05,2014-10-09,501.5021
2026-10-05,2014-10-10,-481.3152
2026-10-05,2014-10-14,4470.4874
2026-10-05,2014-10-15,-1400.9527
2026-10-05,2014-10-16,487.8088
2026-10-05,2014-10-17,-796.5396
2026-10-05,2014-10-20,-797.0605
2026-10-05,2014-10-21,-7828.9255
2026-10-05,2014-10-22,-1460.2009
2026-10-05,2014-10-23,-270.9658
2026-10-05,2014-10-24,-7315.0067
2026-10-05,2014-10-27,-4397.1296
2026-10-05,2014-10-28,1056.9835
2026-10-05,2014-10-29,-6602.799
2026-10-05,2014-10-30,2030.9736
2026-10-05,2014-10-31,18889.9683
2026-10-05,2014-11-03,7190.0848
2026-10-05,2014-11-04,867.6845
2026-10-05,2014-11-05,510.6043
2026-10-05,2014-11-07,603.7692
2026-10-05,2014-11-10,1327.7772
2026-10-05,2014-11-11,-392.9264
2026-10-05,2014-11-12,205.3012
2026-10-05,2014-11-13,-1345.9884
2026-10-05,2014-11-14,-4821.0557
2026-10-05,2014-11-17,-1417.1751
2026-10-05,2014-11-18,-293.6213
2026-10-05,2014-11-19,-2491.7912
2026-10-05,2014-11-20,-1656.4379
2026-10-05,2014-11-21,-8051.77
2026-10-05,2014-11-25,13889.1507
2026-10-05,2014-11-26,-965.8869
2026-10-05,2014-11-27,-12444.8315
2026-10-05,2014-11-28,-15046.817
2026-10-05,2014-12-01,25720.2431
2026-10-05,2014-12-02,2809.4023
2026-10-05,2014-12-03,1158.8735
2026-10-05,2014-12-04,-3142.734
2026-10-05,2014-12-05,1107.8789
2026-10-05,2014-12-09,2390.3337
2026-10-05,2014-12-10,-494.9135
2026-10-05,2014-12-11,2886.9295
2026-10-05,2014-12-12,-9791.8156
2026-10-05,2014-12-15,8577.0842
2026-10-05,2014-12-16,2422.2209
2026-10-05,2014-12-17,-526.0735
2026-10-05,2014-12-18,566.4705
2026-10-05,2014-12-19,1734.1441
2026-10-05,2014-12-22,-737.4778
2026-10-05,2014-12-23,-9230.6219
2026-10-05,2014-12-24,-538.0676
2026-10-05,2014-12-29,400.7356
2026-10-05,2014-12-30,-14707.5329
2026-10-05,2015-01-02,5110.5775
2026-10-05,2015-01-05,85.2883
2026-10-05,2015-01-06,-48.072
2026-10-05,2015-01-07,1129.4854
2026-10-05,2015-01-08,1425.4065
2026-10-05,2015-01-09,1258.787
2026-10-05,2015-01-12,1719.5019
2026-10-05,2015-01-13,1896.9807
2026-10-05,2015-01-14,-5865.8228
2026-10-05,2015-01-15,-127.6707
2026-10-05,2015-01-16,-1848.6337
2026-10-05,2015-01-19,-741.3573
2026-10-05,2015-01-20,1472.3594
2026-10-05,2015-01-21,1364.0306
2026-10-05,2015-01-22,-1034.0471
2026-10-05,2015-01-23,1721.7657
2026-10-05,2015-01-26,-4997.6271
2026-10-05,2015-01-27,1027.3407
2026-10-05,2015-01-28,424.6725
2026-10-05,2015-01-29,1511.0687
2026-10-05,2015-01-30,3043.2138
2026-10-05,2015-02-02,1876.9592
2026-10-05,2015-02-03,-3071.5115
2026-10-05,2015-02-04,-2375.2985
2026-10-05,2015-02-05,894.156
2026-10-05,2015-02-06,-124.7459
2026-10-05,2015-02-09,1202.1477
2026-10-05,2015-02-10,2248.6925
2026-10-05,2015-02-11,383.4173
2026-10-05,2015-02-12,176.6532
2026-10-05,2015-02-13,2674.5112
2026-10-05,2015-02-18,2823.8917
2026-10-05,2015-02-19,129.047
2026-10-05,2015-02-20,555.7936
2026-10-05,2015-02-23,-3730.8686
2026-10-05,2015-02-24,-1779.993
2026-10-05,2015-02-25,1940.9669
2026-10-05,2015-02-26,-2759.7042
2026-10-05,2015-02-27,-956.1921
2026-10-05,2015-03-02,11158.0009
2026-10-05,2015-03-03,916.9981
2026-10-05,2015-03-04,758.6381
2026-10-05,2015-03-05,-1914.5614
2026-10-05,2015-03-06,498.123
2026-10-05,2015-03-09,256.3834
2026-10-05,2015-03-10,1517.1182
2026-10-05,2015-03-11,-884.3689
2026-10-05,2015-03-12,1992.0733
2026-10-05,2015-03-13,-2449.9582
2026-10-05,2015-03-16,-2303.8776
2026-10-05,2015-03-17,-1814.1333
2026-10-05,2015-03-18,1591.1182
2026-10-05,2015-03-19,13.5268
2026-10-05,2015-03-20,-699.7014
2026-10-05,2015-03-25,-764.906
2026-10-05,2015-03-26,-13215.7368
2026-10-05,2015-03-27,-5253.1128
2026-10-05,2015-03-30,5080.3318
2026-10-05,2015-03-31,-4569.3526
2026-10-05,2015-04-01,21160.8587
2026-10-05,2015-04-06,-3611.5277
2026-10-05,2015-04-07,-605.1425
2026-10-05,2015-04-08,2705.2373
2026-10-05,2015-04-09,1038.9492
2026-10-05,2015-04-10,-303.5371
2026-10-05,2015-04-13,1422.6
2026-10-05,2015-04-14,1489.5263
2026-10-05,2015-04-15,-1894.4164
2026-10-05,2015-04-16,23.6664
2026-10-05,2015-04-17,-6667.5928
2026-10-05,2015-04-20,2351.6294
2026-10-05,2015-04-21,-2241.7471
2026-10-05,2015-04-22,-2366.2657
2026-10-05,2015-04-23,-3197.1347
2026-10-05,2015-04-24,-346.9549
2026-10-05,2015-04-27,-4337.6898
2026-10-05,2015-04-28,-8874.1352
2026-10-05,2015-04-29,-3676.8835
2026-10-05,2015-04-30,33054.3057
2026-10-05,2015-05-04,-1116.5373
2026-10-05,2015-05-05,-1749.8251
2026-10-05,2015-05-06,-2387.6986
2026-10-05,2015-05-07,-2401.3432
2026-10-05,2015-05-08,3028.3546
2026-10-05,2015-05-11,6930.5219
2026-10-05,2015-05-12,847.1342
2026-10-05,2015-05-13,-5115.9517
2026-10-05,2015-05-14,-2061.3604
2026-10-05,2015-05-15,-3367.1883
2026-10-05,2015-05-18,-399.2532
2026-10-05,2015-05-19,-3123.8795
2026-10-05,2015-05-20,2021.3028
2026-10-05,2015-05-21,-4519.767
2026-10-05,2015-05-22,868.1197
2026-10-05,2015-05-26,-182.0726
2026-10-05,2015-05-27,-2506.5545
2026-10-05,2015-05-28,-9395.92
2026-10-05,2015-05-29,-71.0306
2026-10-05,2015-06-01,17429.291
2026-10-05,2015-06-02,2005.2313
2026-10-05,2015-06-03,-738.9364
2026-10-05,2015-06-04,-115.042
2026-10-05,2015-06-05,-3275.0385
2026-10-05,2015-06-08,3679.92
2026-10-05,2015-06-09,157.661
2026-10-05,2015-06-10,2603.1414
2026-10-05,2015-06-11,-892.7523
2026-10-05,2015-06-12,-2612.4531
2026-10-05,2015-06-15,-429.4919
2026-10-05,2015-06-16,-2249.3793
2026-10-05,2015-06-17,-3548.1368
2026-10-05,2015-06-18,-47.9687
2026-10-05,2015-06-19,-2856.3306
2026-10-05,2015-06-22,-481.7388
2026-10-05,2015-06-23,-332.1419
2026-10-05,2015-06-24,9517.9882
2026-10-05,2015-06-25,-19318.725
2026-10-05,2015-06-26,3831.549
2026-10-05,2015-06-29,-3562.9418
2026-10-05,2015-06-30,-2643.5744
2026-10-05,2015-07-01,16388.6944
2026-10-05,2015-07-02,4232.8689
2026-10-05,2015-07-03,6021.5768
2026-10-05,2015-07-06,-10062.7856
2026-10-05,2015-07-07,2733.2258
2026-10-05,2015-07-08,-2008.807
2026-10-05,2015-07-10,2500.9493
2026-10-05,2015-07-13,-1326.4826
2026-10-05,2015-07-14,1604.8777
2026-10-05,2015-07-15,-1892.7269
2026-10-05,2015-07-16,-1386.1311
2026-10-05,2015-07-17,2239.4865
2026-10-05,2015-07-20,1197.2035
2026-10-05,2015-07-21,1080.4898
2026-10-05,2015-07-22,-107.9966
2026-10-05,2015-07-23,-236.5221
2026-10-05,2015-07-24,-13289.1684
2026-10-05,2015-07-27,2647.5096
2026-10-05,2015-07-28,4589.4235
2026-10-05,2015-07-29,-3352.2247
2026-10-05,2015-07-30,-6182.1192
2026-10-05,2015-07-31,8099.8111
2026-10-05,2015-08-03,10744.7509
2026-10-05,2015-08-04,3140.4304
2026-10-05,2015-08-05,-4241.7023
2026-10-05,2015-08-06,-1981.5041
2026-10-05,2015-08-07,-1232.7456
2026-10-05,2015-08-10,2833.9422
2026-10-05,2015-08-11,3478.9333
2026-10-05,2015-08-12,-1552.2648
2026-10-05,2015-08-13,189.3803
2026-10-05,2015-08-14,1390.8116
2026-10-05,2015-08-18,-4288.5159
2026-10-05,2015-08-19,4653.8016
2026-10-05,2015-08-20,-9023.2883
2026-10-05,2015-08-21,-2026.556
2026-10-05,2015-08-24,407.0544
2026-10-05,2015-08-25,3518.61
2026-10-05,2015-08-26,-1910.0954
2026-10-05,2015-08-27,-199.145
2026-10-05,2015-08-28,-1043.3824
2026-10-05,2015-08-31,-14532.3476
2026-10-05,2015-09-01,24586.4369
2026-10-05,2015-09-02,-2755.2835
2026-10-05,2015-09-03,784.2153
2026-10-05,2015-09-04,1467.5172
2026-10-05,2015-09-07,-1182.8422
2026-10-05,2015-09-08,-662.3009
2026-10-05,2015-09-09,1245.465
2026-10-05,2015-09-10,401.2012
2026-10-05,2015-09-11,1159.9244
2026-10-05,2015-09-14,-3755.0417
2026-10-05,2015-09-15,1595.1713
2026-10-05,2015-09-16,-5064.0565
2026-10-05,2015-09-17,-2894.1506
2026-10-05,2015-09-18,1176.6829
2026-10-05,2015-09-21,-369.8389
2026-10-05,2015-09-22,978.2911
2026-10-05,2015-09-23,-3236.6368
2026-10-05,2015-09-24,-283.393
2026-10-05,2015-09-25,-3193.6717
2026-10-05,2015-09-28,-4929.1428
2026-10-05,2015-09-29,3765.2042
2026-10-05,2015-09-30,-2591.7926
2026-10-05,2015-10-01,16311.2735
2026-10-05,2015-10-02,-3310.3841
2026-10-05,2015-10-05,1228.0173
2026-10-05,2015-10-06,-424.2176
2026-10-05,2015-10-07,-592.402
2026-10-05,2015-10-08,266.779
2026-10-05,2015-10-09,-2565.7438
2026-10-05,2015-10-13,2894.7217
2026-10-05,2015-10-14,-3017.0969
2026-10-05,2015-10-15,3384.8753
2026-10-05,2015-10-16,-1392.7767
2026-10-05,2015-10-19,-82.0111
2026-10-05,2015-10-20,4365.9028
2026-10-05,2015-10-21,-3352.2502
2026-10-05,2015-10-22,455.2835
2026-10-05,2015-10-23,-2009.5065
2026-10-05,2015-10-26,-1511.5631
2026-10-05,2015-10-27,-2751.3548
2026-10-05,2015-10-28,-18067.7467
2026-10-05,2015-10-29,-9707.2031
2026-10-05,2015-10-30,16974.7586
2026-10-05,2015-11-02,17051.8489
2026-10-05,2015-11-03,-357.7848
2026-10-05,2015-11-04,-833.1385
2026-10-05,2015-11-05,1152.9472
2026-10-05,2015-11-09,-3076.4794
2026-10-05,2015-11-10,1350.8793
2026-10-05,2015-11-11,1555.4763
2026-10-05,2015-11-12,-355.6717
2026-10-05,2015-11-13,-4427.1716
2026-10-05,2015-11-16,-887.1187
2026-10-05,2015-11-17,-646.8096
2026-10-05,2015-11-18,-3836.2899
2026-10-05,2015-11-19,-6160.3176
2026-10-05,2015-11-20,-7355.6852
2026-10-05,2015-11-23,1016.0313
2026-10-05,2015-11-24,-14357.8896
2026-10-05,2015-11-25,138.3776
2026-10-05,2015-11-26,7487.7645
2026-10-05,2015-11-30,-31458.0304
2026-10-05,2015-12-01,57341.6369
2026-10-05,2015-12-02,-1703.6697
2026-10-05,2015-12-03,-128.2272
2026-10-05,2015-12-04,-226.7838
2026-10-05,2015-12-09,-2992.4937
2026-10-05,2015-12-10,-2438.5904
2026-10-05,2015-12-11,-3148.7341
2026-10-05,2015-12-14,1894.3707
2026-10-05,2015-12-15,-1615.7858
2026-10-05,2015-12-16,-8538.1682
2026-10-05,2015-12-17,-189.3274
2026-10-05,2015-12-18,1332.5555
2026-10-05,2015-12-21,-14080.5435
2026-10-05,2015-12-22,2076.4074
2026-10-05,2015-12-23,4665.478
2026-10-05,2015-12-24,-2510.826
2026-10-05,2015-12-28,578.1361
2026-10-05,2015-12-29,1355.4949
2026-10-05,2015-12-30,2376.1898
2026-10-05,2015-12-31,15483.8147
2026-10-05,2016-01-04,-4369.4508
2026-10-05,2016-01-05,529.2684
2026-10-05,2016-01-06,1579.912
2026-10-05,2016-01-07,-989.7524
2026-10-05,2016-01-08,1921.0928
2026-10-05,2016-01-11,7925.8966
2026-10-05,2016-01-12,1638.4072
2026-10-05,2016-01-13,4174.3148
2026-10-05,2016-01-14,2033.7837
2026-10-05,2016-01-15,-885.716
2026-10-05,2016-01-18,-9138.355
2026-10-05,2016-01-19,-1011.593
2026-10-05,2016-01-20,2503.0251
2026-10-05,2016-01-21,1966.4564
2026-10-05,2016-01-22,-19.0094
2026-10-05,2016-01-25,-3531.71
2026-10-05,2016-01-26,4399.6812
2026-10-05,2016-01-27,-4455.6859
2026-10-05,2016-01-28,-950.6189
2026-10-05,2016-01-29,-1615.8095
2026-10-05,2016-02-01,-3279.9665
2026-10-05,2016-02-02,-493.0344
2026-10-05,2016-02-03,7887.0688
2026-10-05,2016-02-04,-7046.8969
2026-10-05,2016-02-05,-7527.9077
2026-10-05,2016-02-10,6192.3981
2026-10-05,2016-02-11,6512.4772
2026-10-05,2016-02-12,284.3435
2026-10-05,2016-02-15,687.628
2026-10-05,2016-02-16,-13379.3598
2026-10-05,2016-02-17,3130.2376
2026-10-05,2016-02-18,-1957.0573
2026-10-05,2016-02-19,946.5617
2026-10-05,2016-02-22,-4095.7429
2026-10-05,2016-02-23,1511.6382
2026-10-05,2016-02-24,-2806.9121
2026-10-05,2016-02-25,1629.0131
2026-10-05,2016-02-26,816.7152
2026-10-05,2016-02-29,7250.2149
2026-10-05,2016-03-01,18199.2416
2026-10-05,2016-03-02,-815.083
2026-10-05,2016-03-03,2349.1375
2026-10-05,2016-03-04,867.4224
2026-10-05,2016-03-07,-366.3606
2026-10-05,2016-03-08,-1637.9246
2026-10-05,2016-03-09,3488.7159
2026-10-05,2016-03-10,14.5587
2026-10-05,2016-03-11,-1656.5915
2026-10-05,2016-03-14,-1719.3814
2026-10-05,2016-03-15,-453.1422
2026-10-05,2016-03-16,-4452.942
2026-10-05,2016-03-17,1044.5975
2026-10-05,2016-03-18,-5487.5244
2026-10-05,2016-03-21,11837.2415
2026-10-05,2016-03-22,-8890.1457
2026-10-05,2016-03-23,-13555.9478
2026-10-05,2016-03-28,-10096.9695
2026-10-05,2016-03-29,651.1324
2026-10-05,2016-03-30,-8769.2879
2026-10-05,2016-03-31,521.5645
2026-10-05,2016-04-01,35383.4572
2026-10-05,2016-04-04,-2217.9176
2026-10-05,2016-04-05,386.4316
2026-10-05,2016-04-06,-560.422
2026-10-05,2016-04-07,2468.5059
2026-10-05,2016-04-08,-2237.6455
2026-10-05,2016-04-11,1455.4227
2026-10-05,2016-04-12,2809.6326
2026-10-05,2016-04-13,-5134.9408
2026-10-05,2016-04-14,301.9398
2026-10-05,2016-04-15,-2087.8405
2026-10-05,2016-04-18,-6592.3006
2026-10-05,2016-04-19,6172.9107
2026-10-05,2016-04-20,2921.8076
2026-10-05,2016-04-21,-18828.4499
2026-10-05,2016-04-22,228.099
2026-10-05,2016-04-25,-758.41
2026-10-05,2016-04-26,5518.8716
2026-10-05,2016-04-27,4970.3726
2026-10-05,2016-04-28,-6869.5924
2026-10-05,2016-04-29,-4494.9824
2026-10-05,2016-05-02,19509.9008
2026-10-05,2016-05-03,-1589.3484
2026-10-05,2016-05-04,2412.7611
2026-10-05,2016-05-05,651.7366
2026-10-05,2016-05-06,-5959.71
2026-10-05,2016-05-09,1507.0356
2026-10-05,2016-05-10,-8411.2906
2026-10-05,2016-05-11,5201.0414
2026-10-05,2016-05-12,-5262.1592
2026-10-05,2016-05-13,-11556.3587
2026-10-05,2016-05-16,-3535.1495
2026-10-05,2016-05-17,6170.8896
2026-10-05,2016-05-18,-4145.9933
2026-10-05,2016-05-19,1665.6364
2026-10-05,2016-05-20,4964.6545
2026-10-05,2016-05-23,-425.5612
2026-10-05,2016-05-24,-5762.1223
2026-10-05,2016-05-26,-24003.9853
2026-10-05,2016-05-27,9169.0197
2026-10-05,2016-05-30,4121.3006
2026-10-05,2016-05-31,6060.2683
2026-10-05,2016-06-01,31646.1217
2026-10-05,2016-06-02,-3637.1092
2026-10-05,2016-06-03,-3300.237
2026-10-05,2016-06-06,1742.4235
2026-10-05,2016-06-07,2638.8627
2026-10-05,2016-06-08,-3920.9144
2026-10-05,2016-06-09,609.6928
2026-10-05,2016-06-10,-466.9639
2026-10-05,2016-06-13,-664.7818
2026-10-05,2016-06-14,-2656.7818
2026-10-05,2016-06-15,-7638.4126
2026-10-05,2016-06-16,-11211.7629
2026-10-05,2016-06-21,4635.2609
2026-10-05,2016-06-22,-10237.5082
2026-10-05,2016-06-23,-8528.651
2026-10-05,2016-06-24,-6113.7448
2026-10-05,2016-06-27,-5770.5338
2026-10-05,2016-06-28,4875.5342
2026-10-05,2016-06-29,-18103.8982
2026-10-05,2016-06-30,9274.0929
2026-10-05,2016-07-01,52611.4942
2026-10-05,2016-07-04,-1639.1706
2026-10-05,2016-07-05,-1257.0952
2026-10-05,2016-07-06,-13418.5294
2026-10-05,2016-07-07,3220.699
2026-10-05,2016-07-11,1339.7294
2026-10-05,2016-07-12,-3190.244
2026-10-05,2016-07-13,-1182.9146
2026-10-05,2016-07-14,1854.4693
2026-10-05,2016-07-15,-10227.8524
2026-10-05,2016-07-18,-2728.1201
2026-10-05,2016-07-19,-1917.0334
2026-10-05,2016-07-20,4005.757
2026-10-05,2016-07-21,161.3478
2026-10-05,2016-07-22,-112.3609
2026-10-05,2016-07-25,3877.5972
2026-10-05,2016-07-26,8040.8228
2026-10-05,2016-07-27,-3362.2679
2026-10-05,2016-07-28,-782.9162
2026-10-05,2016-07-29,-11461.4494
2026-10-05,2016-08-01,27517.8771
2026-10-05,2016-08-02,-6623.3983
2026-10-05,2016-08-03,1388.191
2026-10-05,2016-08-04,2160.043
2026-10-05,2016-08-05,921.2167
2026-10-05,2016-08-08,2651.2246
2026-10-05,2016-08-09,-1652.366
2026-10-05,2016-08-10,4478.6882
2026-10-05,2016-08-11,-7910.163
2026-10-05,2016-08-12,-1339.1799
2026-10-05,2016-08-16,-5071.4941
2026-10-05,2016-08-17,-2477.124
2026-10-05,2016-08-18,-2502.9696
2026-10-05,2016-08-19,459.9159
2026-10-05,2016-08-22,3891.0242
2026-10-05,2016-08-23,1356.5254
2026-10-05,2016-08-24,-7059.1097
2026-10-05,2016-08-25,-2438.5513
2026-10-05,2016-08-26,2001.0722
2026-10-05,2016-08-29,-5751.4344
2026-10-05,2016-08-30,10981.1518
2026-10-05,2016-08-31,-10229.8034
2026-10-05,2016-09-01,26088.0681
2026-10-05,2016-09-02,-12523.0083
2026-10-05,2016-09-05,6101.5874
2026-10-05,2016-09-06,576.7467
2026-10-05,2016-09-07,1748.8729
2026-10-05,2016-09-08,5216.8716
2026-10-05,2016-09-09,-3085.8033
2026-10-05,2016-09-12,-4291.4591
2026-10-05,2016-09-13,-6436.5462
2026-10-05,2016-09-14,-4741.598
2026-10-05,2016-09-15,-2899.4116
2026-10-05,2016-09-16,-6383.6297
2026-10-05,2016-09-19,7814.1287
2026-10-05,2016-09-20,-849.4159
2026-10-05,2016-09-21,-4786.6696
2026-10-05,2016-09-22,2497.6782
2026-10-05,2016-09-23,-4427.6877
2026-10-05,2016-09-26,1450.5771
2026-10-05,2016-09-27,285.0605
2026-10-05,2016-09-28,-6084.8316
2026-10-05,2016-09-29,-1851.2816
2026-10-05,2016-09-30,-2768.8823
2026-10-05,2016-10-03,4442.1396
2026-10-05,2016-10-04,1180.6497
2026-10-05,2016-10-05,3033.9489
2026-10-05,2016-10-06,-370.0377
2026-10-05,2016-10-07,14254.2285
2026-10-05,2016-10-11,5323.7827
2026-10-05,2016-10-12,-1867.7644
2026-10-05,2016-10-13,-84.5392
2026-10-05,2016-10-14,-389.2484
2026-10-05,2016-10-17,-2162.897
2026-10-05,2016-10-18,-3712.0689
2026-10-05,2016-10-19,-5268.9059
2026-10-05,2016-10-20,6246.6652
2026-10-05,2016-10-21,-2415.8821
2026-10-05,2016-10-24,-2361.1609
2026-10-05,2016-10-25,2609.0716
2026-10-05,2016-10-26,-7025.1746
2026-10-05,2016-10-27,-3266.8166
2026-10-05,2016-10-28,3005.5982
2026-10-05,2016-10-31,-25387.3103
2026-10-05,2016-11-01,44563.0637
2026-10-05,2016-11-02,-342.5979
2026-10-05,2016-11-03,580.8211
2026-10-05,2016-11-04,-2071.2652
2026-10-05,2016-11-07,2005.3315
2026-10-05,2016-11-08,1067.1267
2026-10-05,2016-11-09,-3918.2915
2026-10-05,2016-11-10,-2145.2163
2026-10-05,2016-11-11,-6696.8033
2026-10-05,2016-11-14,-2492.7875
2026-10-05,2016-11-15,277.1636
2026-10-05,2016-11-16,-6924.1944
2026-10-05,2016-11-17,3794.0536
2026-10-05,2016-11-18,-718.475
2026-10-05,2016-11-21,1821.5971
2026-10-05,2016-11-22,747.1988
2026-10-05,2016-11-23,-3343.5283
2026-10-05,2016-11-24,-6774.9649
2026-10-05,2016-11-25,-6819.0306
2026-10-05,2016-11-29,-2341.5181
2026-10-05,2016-11-30,-22546.6302
2026-10-05,2016-12-01,41528.4577
2026-10-05,2016-12-02,-1330.6522
2026-10-05,2016-12-05,5982.3335
2026-10-05,2016-12-06,-3426.2329
2026-10-05,2016-12-07,-5748.1169
2026-10-05,2016-12-12,5985.8988
2026-10-05,2016-12-13,1645.5615
2026-10-05,2016-12-14,-3970.8034
2026-10-05,2016-12-15,-12187.1988
2026-10-05,2016-12-16,-265.8504
2026-10-05,2016-12-19,-238.3111
2026-10-05,2016-12-20,-646.5629
2026-10-05,2016-12-21,-501.9657
2026-10-05,2016-12-22,-14268.7928
2026-10-05,2016-12-23,-8545.3397
2026-10-05,2016-12-26,6.5305
2026-10-05,2016-12-27,-1675.6404
2026-10-05,2016-12-28,-9809.991
2026-10-05,2016-12-29,5611.0645
2026-10-05,2016-12-30,4536.225
2026-10-05,2017-01-02,34745.8829
2026-10-05,2017-01-03,1270.0816
2026-10-05,2017-01-04,10342.649
2026-10-05,2017-01-05,-9079.8048
2026-10-05,2017-01-06,-2837.6884
2026-10-05,2017-01-09,-549.7805
2026-10-05,2017-01-10,7677.2617
2026-10-05,2017-01-11,-32511.1372
2026-10-05,2017-01-12,670.5908
2026-10-05,2017-01-13,-3580.6824
2026-10-05,2017-01-16,-4209.747
2026-10-05,2017-01-17,-22420.2997
2026-10-05,2017-01-18,-12534.2827
2026-10-05,2017-01-19,-3645.998
2026-10-05,2017-01-20,3748.9183
2026-10-05,2017-01-23,2770.2579
2026-10-05,2017-01-24,6822.5119
2026-10-05,2017-01-25,8142.8815
2026-10-05,2017-01-26,2927.3329
2026-10-05,2017-01-27,-4989.7917
2026-10-05,2017-01-30,-12071.1003
2026-10-05,2017-01-31,728.3964
2026-10-05,2017-02-01,-10766.5331
2026-10-05,2017-02-02,-6847.6925
2026-10-05,2017-02-03,795.1433
2026-10-05,2017-02-06,4498.5526
2026-10-05,2017-02-07,17537.0205
2026-10-05,2017-02-08,-4991.0379
2026-10-05,2017-02-09,-4161.0271
2026-10-05,2017-02-10,1115.1708
2026-10-05,2017-02-13,-4063.6406
2026-10-05,2017-02-14,-1081.2785
2026-10-05,2017-02-15,-2902.8347
2026-10-05,2017-02-16,-13472.6102
2026-10-05,2017-02-17,-24852.1087
2026-10-05,2017-02-20,1281.6102
2026-10-05,2017-02-21,1802.2028
2026-10-05,2017-02-22,-19102.8536
2026-10-05,2017-02-23,3575.1629
2026-10-05,2017-02-24,-10565.1609
2026-10-05,2017-03-01,36052.3592
2026-10-05,2017-03-02,-3120.8302
2026-10-05,2017-03-03,-17144.914
2026-10-05,2017-03-06,-18481.3084
2026-10-05,2017-03-07,-24603.3119
2026-10-05,2017-03-08,-1193.3672
2026-10-05,2017-03-09,6580.4164
2026-10-05,2017-03-10,9180.5673
2026-10-05,2017-03-13,-7559.5865
2026-10-05,2017-03-14,4770.5952
2026-10-05,2017-03-15,8741.1747
2026-10-05,2017-03-16,-27604.3571
2026-10-05,2017-03-17,-3995.4743
2026-10-05,2017-03-20,6463.5458
2026-10-05,2017-03-21,4384.6014
2026-10-05,2017-03-22,-4017.8792
2026-10-05,2017-03-23,-5617.7888
2026-10-05,2017-03-27,-6495.7531
2026-10-05,2017-03-28,-3539.4252
2026-10-05,2017-03-29,15008.1599
2026-10-05,2017-03-30,21299.8439
2026-10-05,2017-03-31,-13623.6765
2026-10-05,2017-04-03,48047.8778
2026-10-05,2017-04-04,8049.8708
2026-10-05,2017-04-05,-626.3746
2026-10-05,2017-04-06,10310.3258
2026-10-05,2017-04-07,12876.7712
2026-10-05,2017-04-10,6268.0716
2026-10-05,2017-04-11,3206.1266
2026-10-05,2017-04-12,-8579.8621
2026-10-05,2017-04-17,14130.1548
2026-10-05,2017-04-18,-65.1176
2026-10-05,2017-04-19,-23381.7737
2026-10-05,2017-04-20,-22793.5906
2026-10-05,2017-04-21,-14668.9621
2026-10-05,2017-04-24,1897.8562
2026-10-05,2017-04-25,-3191.8093
2026-10-05,2017-04-26,-5423.437
2026-10-05,2017-04-27,3699.673
2026-10-05,2017-04-28,-6073.0849
2026-10-05,2017-05-02,36302.3788
2026-10-05,2017-05-03,5207.7257
2026-10-05,2017-05-04,1607.2541
2026-10-05,2017-05-05,12264.3868
2026-10-05,2017-05-08,-2081.4679
2026-10-05,2017-05-09,12936.8225
2026-10-05,2017-05-10,7606.5547
2026-10-05,2017-05-11,-38.9886
2026-10-05,2017-05-12,-4179.4006
2026-10-05,2017-05-15,-4549.4032
2026-10-05,2017-05-16,-5827.1793
2026-10-05,2017-05-17,-9286.0403
2026-10-05,2017-05-18,-2373.9067
2026-10-05,2017-05-19,-12026.0285
2026-10-05,2017-05-22,1751.2953
2026-10-05,2017-05-23,-3886.2525
2026-10-05,2017-05-24,-11918.3448
2026-10-05,2017-05-26,13130.2255
2026-10-05,2017-05-29,-3585.3955
2026-10-05,2017-05-30,11891.3482
2026-10-05,2017-05-31,1174.1775
2026-10-05,2017-06-01,16122.9261
2026-10-05,2017-06-02,474.4098
2026-10-05,2017-06-05,1533.9739
2026-10-05,2017-06-06,1706.2989
2026-10-05,2017-06-07,18062.6476
2026-10-05,2017-06-08,4912.3605
2026-10-05,2017-06-09,9650.807
2026-10-05,2017-06-12,3037.0724
2026-10-05,2017-06-13,-893.7296
2026-10-05,2017-06-14,3055.8645
2026-10-05,2017-06-15,823.2825
2026-10-05,2017-06-16,-6978.9254
2026-10-05,2017-06-19,1680.5457
2026-10-05,2017-06-21,-39856.3202
2026-10-05,2017-06-22,-12793.9556
2026-10-05,2017-06-23,-9988.5252
2026-10-05,2017-06-26,-6256.2873
2026-10-05,2017-06-27,-14985.9221
2026-10-05,2017-06-28,25436.7151
2026-10-05,2017-06-29,529.6753
2026-10-05,2017-06-30,-2299.766
2026-10-05,2017-07-03,34130.0179
2026-10-05,2017-07-04,5771.0974
2026-10-05,2017-07-05,4255.1273
2026-10-05,2017-07-06,6084.6176
2026-10-05,2017-07-07,10066.7797
2026-10-05,2017-07-10,8913.3248
2026-10-05,2017-07-11,6683.346
2026-10-05,2017-07-12,4409.6246
2026-10-05,2017-07-13,-1635.5954
2026-10-05,2017-07-14,-2963.0195
2026-10-05,2017-07-17,159.5202
2026-10-05,2017-07-18,-8256.7376
2026-10-05,2017-07-19,-6045.5876
2026-10-05,2017-07-20,-4650.7752
2026-10-05,2017-07-21,2954.6316
2026-10-05,2017-07-24,3773.5391
2026-10-05,2017-07-25,6180.3792
2026-10-05,2017-07-26,3927.3588
2026-10-05,2017-07-27,-1004.4833
2026-10-05,2017-07-28,-204.0655
2026-10-05,2017-07-31,-22871.1834
2026-10-05,2017-08-01,39243.4465
2026-10-05,2017-08-02,1823.3781
2026-10-05,2017-08-03,4422.4828
2026-10-05,2017-08-04,2461.3984
2026-10-05,2017-08-07,2161.8464
2026-10-05,2017-08-08,1992.8677
2026-10-05,2017-08-09,1247.7097
2026-10-05,2017-08-10,-1135.9984
2026-10-05,2017-08-11,-624.5106
2026-10-05,2017-08-14,-3393.3102
2026-10-05,2017-08-15,-307.8019
2026-10-05,2017-08-16,-23693.5097
2026-10-05,2017-08-17,-9227.7943
2026-10-05,2017-08-18,-3053.4802
2026-10-05,2017-08-22,6045.0733
2026-10-05,2017-08-23,10223.5028
2026-10-05,2017-08-24,-3659.2581
2026-10-05,2017-08-25,1450.7311
2026-10-05,2017-08-28,5604.367
2026-10-05,2017-08-29,1662.9578
2026-10-05,2017-08-30,-415.58
2026-10-05,2017-08-31,-5827.1509
2026-10-05,2017-09-01,29320.4612
2026-10-05,2017-09-04,4287.6425
2026-10-05,2017-09-05,-1946.8539
2026-10-05,2017-09-06,-923.4648
2026-10-05,2017-09-07,768.6298
2026-10-05,2017-09-08,723.2516
2026-10-05,2017-09-11,3090.7875
2026-10-05,2017-09-12,316.1045
2026-10-05,2017-09-13,3443.3522
2026-10-05,2017-09-14,-2061.9889
2026-10-05,2017-09-15,-5053.8958
2026-10-05,2017-09-18,-3442.9048
2026-10-05,2017-09-19,-799.0283
2026-10-05,2017-09-20,-4505.076
2026-10-05,2017-09-21,4580.628
2026-10-05,2017-09-22,-18421.9366
2026-10-05,2017-09-25,-4112.2038
2026-10-05,2017-09-26,-5896.1238
2026-10-05,2017-09-27,-11716.6063
2026-10-05,2017-09-28,-9455.6591
2026-10-05,2017-09-29,3749.2026
2026-10-05,2017-10-02,26565.8459
2026-10-05,2017-10-03,-3602.5876
2026-10-05,2017-10-04,3492.3963
2026-10-05,2017-10-05,4468.1972
2026-10-05,2017-10-06,877.7529
2026-10-05,2017-10-09,7375.8999
2026-10-05,2017-10-10,-6623.6163
2026-10-05,2017-10-11,6967.1293
2026-10-05,2017-10-12,-831.2658
2026-10-05,2017-10-13,-2832.4199
2026-10-05,2017-10-17,-6026.3677
2026-10-05,2017-10-18,-24948.7796
2026-10-05,2017-10-19,-19746.9647
2026-10-05,2017-10-20,-1267.3947
2026-10-05,2017-10-23,10669.1784
2026-10-05,2017-10-24,7903.5051
2026-10-05,2017-10-25,-3312.1959
2026-10-05,2017-10-26,333.7928
2026-10-05,2017-10-27,4540.6328
2026-10-05,2017-10-30,-8812.124
2026-10-05,2017-10-31,-10814.0849
2026-10-05,2017-11-01,37407.7554
2026-10-05,2017-11-02,13824.3372
2026-10-05,2017-11-03,2193.76
2026-10-05,2017-11-07,1730.7893
2026-10-05,2017-11-08,-1881.8181
2026-10-05,2017-11-09,4958.8249
2026-10-05,2017-11-10,-3602.7174
2026-10-05,2017-11-13,-4316.5771
2026-10-05,2017-11-14,-6798.3218
2026-10-05,2017-11-15,-26047.6359
2026-10-05,2017-11-16,-23146.9798
2026-10-05,2017-11-17,-7957.2717
2026-10-05,2017-11-21,16487.1237
2026-10-05,2017-11-22,2968.5905
2026-10-05,2017-11-23,5443.8309
2026-10-05,2017-11-24,-1157.6222
2026-10-05,2017-11-27,-12665.9668
2026-10-05,2017-11-28,-7477.623
2026-10-05,2017-11-29,6986.1942
2026-10-05,2017-11-30,-13342.4809
2026-10-05,2017-12-01,55206.0987
2026-10-05,2017-12-04,4227.5274
2026-10-05,2017-12-05,913.5226
2026-10-05,2017-12-06,-179.0851
2026-10-05,2017-12-07,-1724.5881
2026-10-05,2017-12-11,1618.9839
2026-10-05,2017-12-12,3380.787
2026-10-05,2017-12-13,8261.1156
2026-10-05,2017-12-14,-5408.0138
2026-10-05,2017-12-15,25993.6638
2026-10-05,2017-12-18,-7194.9027
2026-10-05,2017-12-19,-8249.62
2026-10-05,2017-12-20,-26554.0605
2026-10-05,2017-12-21,-24205.2235
2026-10-05,2017-12-22,15644.8758
2026-10-05,2017-12-26,-2462.7672
2026-10-05,2017-12-27,-25235.6372
2026-10-05,2017-12-28,6056.1392
2026-10-05,2017-12-29,-7212.09
2026-10-05,2018-01-02,64570.5163
2026-10-05,2018-01-03,-4243.8896
2026-10-05,2018-01-04,-7753.9983
2026-10-05,2018-01-05,304.0302
2026-10-05,2018-01-08,-7628.378
2026-10-05,2018-01-09,-6615.6794
2026-10-05,2018-01-10,10932.1923
2026-10-05,2018-01-11,12058.1737
2026-10-05,2018-01-12,11842.2505
2026-10-05,2018-01-15,7692.0386
2026-10-05,2018-01-16,-2625.4711
2026-10-05,2018-01-17,390.217
2026-10-05,2018-01-18,-3355.0136
2026-10-05,2018-01-19,2080.6267
2026-10-05,2018-01-22,1461.8213
2026-10-05,2018-01-23,7873.6962
2026-10-05,2018-01-24,-726.4293
2026-10-05,2018-01-25,-2448.5716
2026-10-05,2018-01-26,1580.0917
2026-10-05,2018-01-29,-5714.538
2026-10-05,2018-01-30,-4543.5839
2026-10-05,2018-01-31,-25763.3726
2026-10-05,2018-02-01,36933.7952
2026-10-05,2018-02-02,-950.9392
2026-10-05,2018-02-05,1886.569
2026-10-05,2018-02-06,1345.1794
2026-10-05,2018-02-07,-2106.0334
2026-10-05,2018-02-08,-583.4057
2026-10-05,2018-02-09,3296.1672
2026-10-05,2018-02-14,446.9549
2026-10-05,2018-02-15,911.8544
2026-10-05,2018-02-16,673.283
2026-10-05,2018-02-19,1379.272
2026-10-05,2018-02-20,321.8081
2026-10-05,2018-02-21,-7937.4677
2026-10-05,2018-02-22,-4709.8415
2026-10-05,2018-02-23,-5942.6406
2026-10-05,2018-02-26,-6535.3737
2026-10-05,2018-02-27,521.7656
2026-10-05,2018-02-28,-21817.1305
2026-10-05,2018-03-01,41209.9706
2026-10-05,2018-03-02,-2907.2065
2026-10-05,2018-03-05,-11361.6474
2026-10-05,2018-03-06,8572.4971
2026-10-05,2018-03-07,-3501.0147
2026-10-05,2018-03-08,2474.8695
2026-10-05,2018-03-09,-969.2675
2026-10-05,2018-03-12,5430.3135
2026-10-05,2018-03-13,-27048.5101
2026-10-05,2018-03-14,27804.2798
2026-10-05,2018-03-15,-2939.2391
2026-10-05,2018-03-16,-12703.5024
2026-10-05,2018-03-19,21386.7733
2026-10-05,2018-03-20,-6326.7429
2026-10-05,2018-03-21,-9112.437
2026-10-05,2018-03-22,591.1851
2026-10-05,2018-03-23,2096.3397
2026-10-05,2018-03-26,2570.8196
2026-10-05,2018-03-27,-14374.8315
2026-10-05,2018-03-28,-5378.7781
2026-10-05,2018-04-03,16808.1484
2026-10-05,2018-04-04,-1975.7918
2026-10-05,2018-04-05,-949.07
2026-10-05,2018-04-06,3645.1949
2026-10-05,2018-04-09,1073.5033
2026-10-05,2018-04-10,893.758
2026-10-05,2018-04-11,4.095
2026-10-05,2018-04-12,-19817.5198
2026-10-05,2018-04-13,24726.4018
2026-10-05,2018-04-16,-1056.066
2026-10-05,2018-04-17,-264.6212
2026-10-05,2018-04-18,-19885.6247
2026-10-05,2018-04-19,7509.8562
2026-10-05,2018-04-20,4735.4101
2026-10-05,2018-04-23,5819.9985
2026-10-05,2018-04-24,3039.8777
2026-10-05,2018-04-25,2632.272
2026-10-05,2018-04-26,3849.7428
2026-10-05,2018-04-27,-8188.3348
2026-10-05,2018-05-02,3975.6564
2026-10-05,2018-05-03,-2474.3781
2026-10-05,2018-05-04,2533.8337
2026-10-05,2018-05-07,-5617.0332
2026-10-05,2018-05-08,4778.6939
2026-10-05,2018-05-09,968.1935
2026-10-05,2018-05-10,4775.0178
2026-10-05,2018-05-11,-1389.9144
2026-10-05,2018-05-14,3935.0475
2026-10-05,2018-05-15,1986.3409
2026-10-05,2018-05-16,-2605.7708
2026-10-05,2018-05-17,1437.3823
2026-10-05,2018-05-18,-2921.069
2026-10-05,2018-05-21,-343.1859
2026-10-05,2018-05-22,-3940.3034
2026-10-05,2018-05-23,4478.1982
2026-10-05,2018-05-24,-560.3112
2026-10-05,2018-05-28,207.953
2026-10-05,2018-05-29,-129.6288
2026-10-05,2018-05-30,1558.3575
2026-10-05,2018-05-31,-1120.2914
2026-10-05,2018-06-01,513.892
2026-10-05,2018-06-04,-1323.4202
2026-10-05,2018-06-05,-670.4644
2026-10-05,2018-06-06,-448.7905
2026-10-05,2018-06-07,804.6926
2026-10-05,2018-06-08,-1324.8602
2026-10-05,2018-06-11,492.1848
2026-10-05,2018-06-12,6028.001
2026-10-05,2018-06-13,-4354.7085
2026-10-05,2018-06-14,-577.3189
2026-10-05,2018-06-15,837.173
2026-10-05,2018-06-18,501.9559
2026-10-05,2018-06-19,-602.8263
2026-10-05,2018-06-21,-4120.0407
2026-10-05,2018-06-22,-16101.2119
2026-10-05,2018-06-25,9216.6752
2026-10-05,2018-06-26,-50471.4273
2026-10-05,2018-06-27,-31176.1311
2026-10-05,2018-06-28,-17533.66
2026-10-05,2018-06-29,9366.975
2026-10-05,2018-07-02,94079.9934
2026-10-05,2018-07-03,-42314.2467
2026-10-05,2018-07-04,128.0198
2026-10-05,2018-07-05,46851.0667
2026-10-05,2018-07-06,2470.4292
2026-10-05,2018-07-10,-1751.6639
2026-10-05,2018-07-11,4691.9501
2026-10-05,2018-07-12,-2972.3708
2026-10-05,2018-07-13,3352.9726
2026-10-05,2018-07-16,-4425.7647
2026-10-05,2018-07-17,5005.1698
2026-10-05,2018-07-18,-6392.9653
2026-10-05,2018-07-19,-8044.6864
2026-10-05,2018-07-20,-9428.8479
2026-10-05,2018-07-23,8365.6732
2026-10-05,2018-07-24,7285.0918
2026-10-05,2018-07-25,7560.933
2026-10-05,2018-07-26,-5686.7415
2026-10-05,2018-07-27,1402.8453
2026-10-05,2018-07-30,503.2073
2026-10-05,2018-07-31,-29314.1522
2026-10-05,2018-08-01,34319.9585
2026-10-05,2018-08-02,130.0143
2026-10-05,2018-08-03,-2576.3778
2026-10-05,2018-08-06,-1007.6297
2026-10-05,2018-08-07,511.5151
2026-10-05,2018-08-08,3317.6794
2026-10-05,2018-08-09,-4628.4408
2026-10-05,2018-08-10,1321.5123
2026-10-05,2018-08-13,-232.5717
2026-10-05,2018-08-14,-296.2493
2026-10-05,2018-08-15,-19961.6969
2026-10-05,2018-08-16,6941.6063
2026-10-05,2018-08-17,10346.9157
2026-10-05,2018-08-21,3763.7953
2026-10-05,2018-08-22,-3148.0448
2026-10-05,2018-08-23,403.5281
2026-10-05,2018-08-24,786.1586
2026-10-05,2018-08-27,1936.3679
2026-10-05,2018-08-28,1463.9216
2026-10-05,2018-08-29,-584.7049
2026-10-05,2018-08-30,-10391.371
2026-10-05,2018-08-31,-13093.0098
2026-10-05,2018-09-03,20805.8364
2026-10-05,2018-09-04,2022.0454
2026-10-05,2018-09-05,-357.5088
2026-10-05,2018-09-06,851.0499
2026-10-05,2018-09-07,7.2248
2026-10-05,2018-09-10,-1314.5587
2026-10-05,2018-09-11,2413.0327
2026-10-05,2018-09-12,-3106.1837
2026-10-05,2018-09-13,1531.5702
2026-10-05,2018-09-14,-2231.6931
2026-10-05,2018-09-17,-4605.872
2026-10-05,2018-09-18,7725.1326
2026-10-05,2018-09-19,-15821.5604
2026-10-05,2018-09-20,4237.5457
2026-10-05,2018-09-21,3488.6102
2026-10-05,2018-09-24,4605.2072
2026-10-05,2018-09-25,4201.9763
2026-10-05,2018-09-26,-3356.1782
2026-10-05,2018-09-27,-1199.5279
2026-10-05,2018-09-28,-28933.9073
2026-10-05,2018-10-01,33119.3033
2026-10-05,2018-10-02,506.0698
2026-10-05,2018-10-03,-2174.0322
2026-10-05,2018-10-04,497.2942
2026-10-05,2018-10-05,1202.845
2026-10-05,2018-10-08,633.5368
2026-10-05,2018-10-09,-1293.2643
2026-10-05,2018-10-10,-397.6765
2026-10-05,2018-10-11,437.2349
2026-10-05,2018-10-12,378.7168
2026-10-05,2018-10-16,300.7764
2026-10-05,2018-10-17,-3090.0208
2026-10-05,2018-10-18,1235.5035
2026-10-05,2018-10-19,-6262.9476
2026-10-05,2018-10-22,8552.0365
2026-10-05,2018-10-23,338.8041
2026-10-05,2018-10-24,53.5035
2026-10-05,2018-10-25,-3334.1312
2026-10-05,2018-10-26,-1555.6967
2026-10-05,2018-10-29,853.0126
2026-10-05,2018-10-30,-19434.2905
2026-10-05,2018-10-31,-83045.4123
2026-10-05,2018-11-01,105837.1746
2026-10-05,2018-11-02,180.43
2026-10-05,2018-11-05,-149.4457
2026-10-05,2018-11-07,720.6182
2026-10-05,2018-11-08,604.2924
2026-10-05,2018-11-09,-1326.2364
2026-10-05,2018-11-12,-13117.397
2026-10-05,2018-11-13,14105.0233
2026-10-05,2018-11-14,-2278.7365
2026-10-05,2018-11-15,-1123.7216
2026-10-05,2018-11-16,1023.6074
2026-10-05,2018-11-20,-1316.958
2026-10-05,2018-11-21,-1052.8772
2026-10-05,2018-11-22,-592.7507
2026-10-05,2018-11-23,2354.4403
2026-10-05,2018-11-26,-1659.4669
2026-10-05,2018-11-27,1273.8392
2026-10-05,2018-11-28,-2314.5808
2026-10-05,2018-11-29,-36583.0448
2026-10-05,2018-12-03,31258.3301
2026-10-05,2018-12-04,1294.258
2026-10-05,2018-12-05,7911.5443
2026-10-05,2018-12-06,-647.5985
2026-10-05,2018-12-07,-2026.8752
2026-10-05,2018-12-10,1637.9416
2026-10-05,2018-12-11,542.0091
2026-10-05,2018-12-12,-810.1689
2026-10-05,2018-12-13,-1086.2553
2026-10-05,2018-12-14,13.946
2026-10-05,2018-12-17,1661.2263
2026-10-05,2018-12-18,386.7324
2026-10-05,2018-12-19,-1469.9557
2026-10-05,2018-12-20,229.2632
2026-10-05,2018-12-21,-945.7127
2026-10-05,2018-12-26,-3654.7347
2026-10-05,2018-12-27,3893.6133
2026-10-05,2018-12-28,-12129.0469
2026-10-05,2019-01-02,15322.0128
2026-10-05,2019-01-03,538.281
2026-10-05,2019-01-04,211.285
2026-10-05,2019-01-07,-1948.7361
2026-10-05,2019-01-08,2727.569
2026-10-05,2019-01-09,259.4718
2026-10-05,2019-01-10,-198.7496
2026-10-05,2019-01-11,120.2195
2026-10-05,2019-01-14,41.486
2026-10-05,2019-01-15,-595.7412
2026-10-05,2019-01-16,305.1991
2026-10-05,2019-01-17,250.7765
2026-10-05,2019-01-18,-6463.9877
2026-10-05,2019-01-21,6313.7165
2026-10-05,2019-01-22,219.5368
2026-10-05,2019-01-23,-418.4276
2026-10-05,2019-01-24,-11.7799
2026-10-05,2019-01-25,-12576.8845
2026-10-05,2019-01-28,-34371.0207
2026-10-05,2019-01-29,-29719.809
2026-10-05,2019-01-30,-6429.5998
2026-10-05,2019-01-31,-28516.0198
2026-10-05,2019-02-01,105383.4869
2026-10-05,2019-02-04,2532.8317
2026-10-05,2019-02-05,3712.7661
2026-10-05,2019-02-06,-1277.0891
2026-10-05,2019-02-07,886.5117
2026-10-05,2019-02-08,354.4069
2026-10-05,2019-02-11,-2962.5081
2026-10-05,2019-02-12,-354.4567
2026-10-05,2019-02-13,244.4315
2026-10-05,2019-02-14,-525.8754
2026-10-05,2019-02-15,2588.8256
2026-10-05,2019-02-18,1428.2442
2026-10-05,2019-02-19,-90.9203
2026-10-05,2019-02-20,-121.6866
2026-10-05,2019-02-21,286.4768
2026-10-05,2019-02-22,-1526.1006
2026-10-05,2019-02-25,1253.2874
2026-10-05,2019-02-26,-359.1444
2026-10-05,2019-02-27,443.7279
2026-10-05,2019-02-28,-33916.7715
2026-10-05,2019-03-01,30948.0535
2026-10-05,2019-03-06,2092.2756
2026-10-05,2019-03-07,-23.7476
2026-10-05,2019-03-08,1093.6736
2026-10-05,2019-03-11,-0.2888
2026-10-05,2019-03-12,0.0585
2026-10-05,2019-03-13,0.4001
2026-10-05,2019-03-14,-13.4807
2026-10-05,2019-03-15,-196.031
2026-10-05,2019-03-18,208.6777
2026-10-05,2019-03-19,-911.8928
2026-10-05,2019-03-20,802.5735
2026-10-05,2019-03-21,-3024.882
2026-10-05,2019-03-22,3120.1002
2026-10-05,2019-03-25,-996.1817
2026-10-05,2019-03-26,905.4374
2026-10-05,2019-03-27,105.6673
2026-10-05,2019-03-28,-58.9654
2026-10-05,2019-03-29,-27145.2446
2026-10-05,2019-04-01,26973.3078
2026-10-05,2019-04-03,-3937.2688
2026-10-05,2019-04-04,3961.4565
2026-10-05,2019-04-05,92.453
2026-10-05,2019-04-08,-59.3074
2026-10-05,2019-04-09,33.8993
2026-10-05,2019-04-10,-383.4023
2026-10-05,2019-04-11,398.1855
2026-10-05,2019-04-12,-45.9603
2026-10-05,2019-04-15,-3497.0041
2026-10-05,2019-04-16,1946.9347
2026-10-05,2019-04-17,777.0269
2026-10-05,2019-04-22,-1469.8716
2026-10-05,2019-04-23,1724.6311
2026-10-05,2019-04-24,285.0254
2026-10-05,2019-04-25,174.6535
2026-10-05,2019-04-26,109.0414
2026-10-05,2019-04-29,-1354.7701
2026-10-05,2019-04-30,-11995.3147
2026-10-05,2019-05-02,13290.1292
2026-10-05,2019-05-03,10.945
2026-10-05,2019-05-06,-2437.1358
2026-10-05,2019-05-07,1709.0721
2026-10-05,2019-05-08,-1903.0429
2026-10-05,2019-05-09,1830.1076
2026-10-05,2019-05-10,304.4739
2026-10-05,2019-05-13,-8.1431
2026-10-05,2019-05-14,39.9196
2026-10-05,2019-05-15,2.0633
2026-10-05,2019-05-16,2.4855
2026-10-05,2019-05-17,-119.9515
2026-10-05,2019-05-20,126.9016
2026-10-05,2019-05-21,1.9478
2026-10-05,2019-05-22,-126.3857
2026-10-05,2019-05-23,32.0569
2026-10-05,2019-05-24,-2037.5691
2026-10-05,2019-05-27,1582.5703
2026-10-05,2019-05-28,-2937.4514
2026-10-05,2019-05-29,-2034.3332
2026-10-05,2019-05-30,-37731.7129
2026-10-05,2019-05-31,1203.2689
2026-10-05,2019-06-03,39629.9131
2026-10-05,2019-06-04,627.1036
2026-10-05,2019-06-05,1868.4163
2026-10-05,2019-06-06,-1383.6153
2026-10-05,2019-06-07,1032.3258
2026-10-05,2019-06-10,394.6738
2026-10-05,2019-06-11,-85.1141
2026-10-05,2019-06-12,-1936.174
2026-10-05,2019-06-13,-66.1963
2026-10-05,2019-06-14,734.453
2026-10-05,2019-06-18,914.5564
2026-10-05,2019-06-19,-4361.9506
2026-10-05,2019-06-21,175.0602
2026-10-05,2019-06-24,4294.8616
2026-10-05,2019-06-25,-5451.3767
2026-10-05,2019-06-26,-1398.4089
2026-10-05,2019-06-27,898.2823
2026-10-05,2019-06-28,-20841.5187
2026-10-05,2019-07-01,17935.0591
2026-10-05,2019-07-02,1431.8926
2026-10-05,2019-07-03,-280.8648
2026-10-05,2019-07-04,79.5501
2026-10-05,2019-07-05,4474.7718
2026-10-05,2019-07-10,3345.0586
2026-10-05,2019-07-11,-849.2138
2026-10-05,2019-07-12,316.6212
2026-10-05,2019-07-15,87.1048
2026-10-05,2019-07-16,11.7879
2026-10-05,2019-07-17,-1310.2035
2026-10-05,2019-07-18,-349.0578
2026-10-05,2019-07-19,1246.2441
2026-10-05,2019-07-22,206.417
2026-10-05,2019-07-23,216.4788
2026-10-05,2019-07-24,81.9993
2026-10-05,2019-07-25,70.4771
2026-10-05,2019-07-26,-3540.3135
2026-10-05,2019-07-29,1189.923
2026-10-05,2019-07-30,-454.9101
2026-10-05,2019-07-31,1243.0857
2026-10-05,2019-08-01,179.2927
2026-10-05,2019-08-02,-1247.4452
2026-10-05,2019-08-05,-150.2755
2026-10-05,2019-08-06,-356.3706
2026-10-05,2019-08-07,-489.4498
2026-10-05,2019-08-08,2051.6928
2026-10-05,2019-08-09,-2712.8936
2026-10-05,2019-08-12,-9459.7183
2026-10-05,2019-08-13,10881.3634
2026-10-05,2019-08-14,-63849.2554
2026-10-05,2019-08-15,13751.8468
2026-10-05,2019-08-16,-27732.7087
2026-10-05,2019-08-20,37820.7226
2026-10-05,2019-08-21,9459.0297
2026-10-05,2019-08-22,4421.0908
2026-10-05,2019-08-23,-55111.5665
2026-10-05,2019-08-26,31905.4609
2026-10-05,2019-08-27,5368.3219
2026-10-05,2019-08-28,-9697.3562
2026-10-05,2019-08-29,-35935.1743
2026-10-05,2019-08-30,-127772.6391
2026-10-05,2019-09-02,190575.2696
2026-10-05,2019-09-03,992.6357
2026-10-05,2019-09-04,-4542.238
2026-10-05,2019-09-05,4229.5831
2026-10-05,2019-09-06,-5158.9168
2026-10-05,2019-09-09,-93689.6276
2026-10-05,2019-09-10,7229.87
2026-10-05,2019-09-11,13817.7877
2026-10-05,2019-09-12,2116.4006
2026-10-05,2019-09-13,-3679.7666
2026-10-05,2019-09-16,-16862.1206
2026-10-05,2019-09-17,-27830.1413
2026-10-05,2019-09-18,-3877.6965
2026-10-05,2019-09-19,-2865.7446
2026-10-05,2019-09-20,-2712.2129
2026-10-05,2019-09-23,-5183.9849
2026-10-05,2019-09-24,-6432.4252
2026-10-05,2019-09-25,1696.0351
2026-10-05,2019-09-26,-7004.356
2026-10-05,2019-09-27,-12333.1386
2026-10-05,2019-09-30,-31909.3722
2026-10-05,2019-10-01,76232.7205
2026-10-05,2019-10-02,-13477.9493
2026-10-05,2019-10-03,11161.3636
2026-10-05,2019-10-04,2075.4497
2026-10-05,2019-10-07,-2458.6018
2026-10-05,2019-10-08,-14085.6511
2026-10-05,2019-10-09,-10995.0969
2026-10-05,2019-10-10,-8983.2242
2026-10-05,2019-10-11,8446.2515
2026-10-05,2019-10-15,35060.0621
2026-10-05,2019-10-16,-2840.2325
2026-10-05,2019-10-17,-27271.8878
2026-10-05,2019-10-18,-3069.2621
2026-10-05,2019-10-21,-5204.918
2026-10-05,2019-10-22,-16396.0141
2026-10-05,2019-10-23,11705.8171
2026-10-05,2019-10-24,-15645.5157
2026-10-05,2019-10-25,-18.9015
2026-10-05,2019-10-28,-60919.3756
2026-10-05,2019-10-29,-11140.1008
2026-10-05,2019-10-30,-2768.6384
2026-10-05,2019-10-31,-37371.843
2026-10-05,2019-11-01,80604.2865
2026-10-05,2019-11-04,13912.5514
2026-10-05,2019-11-05,12266.3166
2026-10-05,2019-11-07,-3556.9941
2026-10-05,2019-11-08,-35583.5875
2026-10-05,2019-11-11,28223.0537
2026-10-05,2019-11-12,14820.0049
2026-10-05,2019-11-13,-6756.054
2026-10-05,2019-11-14,685.941
2026-10-05,2019-11-15,-2152.979
2026-10-05,2019-11-19,-13200.9659
2026-10-05,2019-11-20,-7461.0717
2026-10-05,2019-11-21,-6830.1794
2026-10-05,2019-11-22,2891.8659
2026-10-05,2019-11-25,18732.1598
2026-10-05,2019-11-26,-34299.1251
2026-10-05,2019-11-27,-25287.9698
2026-10-05,2019-11-28,2100.311
2026-10-05,2019-11-29,-43488.2901
2026-10-05,2019-12-02,5978.9167
2026-10-05,2019-12-03,-69546.4159
2026-10-05,2019-12-04,-45946.4764
2026-10-05,2019-12-05,-8443.91
2026-10-05,2019-12-06,-44078.6175
2026-10-05,2019-12-09,10456.5758
2026-10-05,2019-12-10,55190.0516
2026-10-05,2019-12-11,-4867.4581
2026-10-05,2019-12-12,-65082.9773
2026-10-05,2019-12-13,-31255.8361
2026-10-05,2019-12-16,55106.6968
2026-10-05,2019-12-17,-26597.0168
2026-10-05,2019-12-18,23767.8344
2026-10-05,2019-12-19,-1840.914
2026-10-05,2019-12-20,51508.7016
2026-10-05,2019-12-23,56429.531
2026-10-05,2019-12-26,-100372.109
2026-10-05,2019-12-27,29863.4519
2026-10-05,2019-12-30,-4592.5472
2026-10-05,2020-01-02,-38765.1438
2026-10-05,2020-01-03,-54912.6392
2026-10-05,2020-01-06,-108118.8817
2026-10-05,2020-01-07,-47067.0325
2026-10-05,2020-01-08,-47052.1362
2026-10-05,2020-01-09,-21492.9895
2026-10-05,2020-01-10,-28837.9747
2026-10-05,2020-01-13,22620.7865
2026-10-05,2020-01-14,-14245.3198
2026-10-05,2020-01-15,-22659.8736
2026-10-05,2020-01-16,-6936.0615
2026-10-05,2020-01-17,-15746.5864
2026-10-05,2020-01-20,39496.3071
2026-10-05,2020-01-21,583975.3127
2026-10-05,2020-01-22,-146187.8205
2026-10-05,2020-01-23,295468.1266
2026-10-05,2020-01-24,-48432.1662
2026-10-05,2020-01-27,55181.0101
2026-10-05,2020-01-28,25989.3526
2026-10-05,2020-01-29,-38896.4688
2026-10-05,2020-01-30,-2638.055
2026-10-05,2020-01-31,14419.2761
2026-10-05,2020-02-03,30491.4447
2026-10-05,2020-02-04,1044.0563
2026-10-05,2020-02-05,111.7004
2026-10-05,2020-02-06,634.0797
2026-10-05,2020-02-07,1061.5593
2026-10-05,2020-02-10,-1281.366
2026-10-05,2020-02-11,144.6228
2026-10-05,2020-02-12,219.5064
2026-10-05,2020-02-13,988.9901
2026-10-05,2020-02-14,-2986.9802
2026-10-05,2020-02-17,3320.5431
2026-10-05,2020-02-18,-1722.3508
2026-10-05,2020-02-19,1235.4889
2026-10-05,2020-02-20,-1491.7595
2026-10-05,2020-02-21,-36358.3562
2026-10-05,2020-02-26,-1931.689
2026-10-05,2020-02-27,-14923.6024
2026-10-05,2020-02-28,-9671.4071
2026-10-05,2020-03-02,63555.267
2026-10-05,2020-03-03,218.9264
2026-10-05,2020-03-04,1966.5193
2026-10-05,2020-03-05,-191.2328
2026-10-05,2020-03-06,619.9736
2026-10-05,2020-03-09,-433.8126
2026-10-05,2020-03-10,738.5472
2026-10-05,2020-03-11,-702.9169
2026-10-05,2020-03-12,-150.5851
2026-10-05,2020-03-13,77.1379
2026-10-05,2020-03-16,263.6847
2026-10-05,2020-03-17,-369.1161
2026-10-05,2020-03-18,6.8286
2026-10-05,2020-03-19,-1528.6076
2026-10-05,2020-03-20,2404.98
2026-10-05,2020-03-25,-3580.7814
2026-10-05,2020-03-26,-8072.6543
2026-10-05,2020-03-27,-100563.1824
2026-10-05,2020-03-30,68427.9659
2026-10-05,2020-04-01,-5424.5841
2026-10-05,2020-04-02,-11913.3814
2026-10-05,2020-04-03,-37512.2756
2026-10-05,2020-04-06,-26544.9445
2026-10-05,2020-04-07,-31447.4475
2026-10-05,2020-04-08,-13373.0361
2026-10-05,2020-04-13,-1925.5424
2026-10-05,2020-04-14,152098.0418
2026-10-05,2020-04-15,-1465.8196
2026-10-05,2020-04-16,12577.266
2026-10-05,2020-04-17,-514500.8561
2026-10-05,2020-04-20,-9760.7689
2026-10-05,2020-04-21,-34739.1393
2026-10-05,2020-04-22,-51967.9967
2026-10-05,2020-04-23,-16069.4979
2026-10-05,2020-04-24,-56031.423
2026-10-05,2020-04-27,51130.0408
2026-10-05,2020-04-28,-98989.253
2026-10-05,2020-04-29,-43245.6106
2026-10-05,2020-04-30,-55404.2424
2026-10-05,2020-05-04,509249.9865
2026-10-05,2020-05-05,15531.741
2026-10-05,2020-05-06,-96510.2655
2026-10-05,2020-05-07,-59489.5196
2026-10-05,2020-05-08,-2010.1501
2026-10-05,2020-05-11,16983.1503
2026-10-05,2020-05-12,41.4774
2026-10-05,2020-05-13,-112946.8186
2026-10-05,2020-05-14,19938.6718
2026-10-05,2020-05-15,166619.6988
2026-10-05,2020-05-18,-246465.4552
2026-10-05,2020-05-19,-88909.4122
2026-10-05,2020-05-20,-95336.3248
2026-10-05,2020-05-21,64935.0375
2026-10-05,2020-05-22,-4844.684
2026-10-05,2020-05-26,34678.9417
2026-10-05,2020-05-27,-43199.1228
2026-10-05,2020-05-28,-980.5962
2026-10-05,2020-05-29,58071.2773
2026-10-05,2020-06-01,278832.0565
2026-10-05,2020-06-02,90620.523
2026-10-05,2020-06-03,-65304.327
2026-10-05,2020-06-04,-23190.5634
2026-10-05,2020-06-05,-38667.3268
2026-10-05,2020-06-08,-86576.5586
2026-10-05,2020-06-09,5808.4313
2026-10-05,2020-06-10,-31316.4581
2026-10-05,2020-06-11,-38024.2568
2026-10-05,2020-06-12,-8060.5736
2026-10-05,2020-06-16,18697.501
2026-10-05,2020-06-17,-12107.1465
2026-10-05,2020-06-18,6999.7207
2026-10-05,2020-06-19,-57542.6826
2026-10-05,2020-06-22,50744.6365
2026-10-05,2020-06-23,-85483.0298
2026-10-05,2020-06-24,7383.2479
2026-10-05,2020-06-25,-2432.2578
2026-10-05,2020-06-26,27196.571
2026-10-05,2020-06-29,-34364.6324
2026-10-05,2020-06-30,-36935.8861
2026-10-05,2020-07-01,212549.0751
2026-10-05,2020-07-02,-14855.5762
2026-10-05,2020-07-03,-8863.5937
2026-10-05,2020-07-06,2014.579
2026-10-05,2020-07-07,-28867.221
2026-10-05,2020-07-08,-139410.7907
2026-10-05,2020-07-13,70767.9272
2026-10-05,2020-07-14,-16370.9495
2026-10-05,2020-07-15,-51325.3451
2026-10-05,2020-07-16,-19157.2252
2026-10-05,2020-07-17,-43819.1793
2026-10-05,2020-07-20,32959.8511
2026-10-05,2020-07-21,-13838.6646
2026-10-05,2020-07-22,6878.4068
2026-10-05,2020-07-23,15306.5748
2026-10-05,2020-07-24,-18091.8229
2026-10-05,2020-07-27,-884.7301
2026-10-05,2020-07-28,-29451.9845
2026-10-05,2020-07-29,-43794.1226
2026-10-05,2020-07-30,80856.5215
2026-10-05,2020-07-31,70464.7738
2026-10-05,2020-08-03,84069.7724
2026-10-05,2020-08-04,12083.7672
2026-10-05,2020-08-05,-35910.5894
2026-10-05,2020-08-06,9300.7642
2026-10-05,2020-08-07,-52206.3502
2026-10-05,2020-08-10,3119.8728
2026-10-05,2020-08-11,-11338.7094
2026-10-05,2020-08-12,20531.3675
2026-10-05,2020-08-13,24087.8964
2026-10-05,2020-08-14,-26224.182
2026-10-05,2020-08-18,-56166.6103
2026-10-05,2020-08-19,-13004.3889
2026-10-05,2020-08-20,25288.7544
2026-10-05,2020-08-21,-27067.1997
2026-10-05,2020-08-24,3990.409
2026-10-05,2020-08-25,-22481.2011
2026-10-05,2020-08-26,-6557.5613
2026-10-05,2020-08-27,24915.514
2026-10-05,2020-08-28,92233.6142
2026-10-05,2020-08-31,-34319.5423
2026-10-05,2020-09-01,56251.102
2026-10-05,2020-09-02,-10212.0583
2026-10-05,2020-09-03,-5386.2542
2026-10-05,2020-09-04,1402.4519
2026-10-05,2020-09-07,-72392.3604
2026-10-05,2020-09-08,-15145.1991
2026-10-05,2020-09-09,-3836.8964
2026-10-05,2020-09-10,6525.5746
2026-10-05,2020-09-11,3058.7911
2026-10-05,2020-09-14,11918.3089
2026-10-05,2020-09-15,-70370.5643
2026-10-05,2020-09-16,703.1288
2026-10-05,2020-09-17,53694.7806
2026-10-05,2020-09-18,-9641.017
2026-10-05,2020-09-21,23513.765
2026-10-05,2020-09-22,-83391.3627
2026-10-05,2020-09-23,-34807.0353
2026-10-05,2020-09-24,43896.8028
2026-10-05,2020-09-25,-35864.3022
2026-10-05,2020-09-28,60711.5728
2026-10-05,2020-09-29,-39699.1848
2026-10-05,2020-09-30,63088.9415
2026-10-05,2020-10-01,152296.9533
2026-10-05,2020-10-02,-178911.2734
2026-10-05,2020-10-05,27425.1736
2026-10-05,2020-10-06,-91888.3163
2026-10-05,2020-10-07,-67799.6681
2026-10-05,2020-10-08,80099.4003
2026-10-05,2020-10-09,-46575.3745
2026-10-05,2020-10-13,-1093.106
2026-10-05,2020-10-14,-30658.1125
2026-10-05,2020-10-15,39629.0697
2026-10-05,2020-10-16,-27104.0619
2026-10-05,2020-10-19,-7740.8526
2026-10-05,2020-10-20,-81186.8025
2026-10-05,2020-10-21,-1844.2103
2026-10-05,2020-10-22,-31871.6905
2026-10-05,2020-10-23,33266.4324
2026-10-05,2020-10-26,37787.1696
2026-10-05,2020-10-27,-138152.7847
2026-10-05,2020-10-28,-10303.4169
2026-10-05,2020-10-29,97162.3447
2026-10-05,2020-10-30,-18756.4524
2026-10-05,2020-11-02,107686.3408
2026-10-05,2020-11-03,16204.9358
2026-10-05,2020-11-04,3044.7995
2026-10-05,2020-11-05,31674.0124
2026-10-05,2020-11-09,82830.5564
2026-10-05,2020-11-10,-39646.0806
2026-10-05,2020-11-11,-42101.0376
2026-10-05,2020-11-12,61206.5699
2026-10-05,2020-11-13,-84538.4507
2026-10-05,2020-11-16,-3455.6271
2026-10-05,2020-11-17,-24548.6021
2026-10-05,2020-11-18,336.653
2026-10-05,2020-11-19,1998.4092
2026-10-05,2020-11-20,3710.8557
2026-10-05,2020-11-24,19058.4162
2026-10-05,2020-11-25,-22156.9662
2026-10-05,2020-11-26,22824.686
2026-10-05,2020-11-27,29870.2908
2026-10-05,2020-11-30,-122249.031
2026-10-05,2020-12-01,52114.2586
2026-10-05,2020-12-02,35299.9446
2026-10-05,2020-12-03,8787.5379
2026-10-05,2020-12-04,-34564.3863
2026-10-05,2020-12-09,-1279.8382
2026-10-05,2020-12-10,-28026.8763
2026-10-05,2020-12-11,-48004.7095
2026-10-05,2020-12-14,-54069.7911
2026-10-05,2020-12-15,-50798.78
2026-10-05,2020-12-16,-14089.64
2026-10-05,2020-12-17,36686.3592
2026-10-05,2020-12-18,-70710.2178
2026-10-05,2020-12-21,-43206.1636
2026-10-05,2020-12-22,-58752.9515
2026-10-05,2020-12-23,-9844.6164
2026-10-05,2020-12-28,65605.1203
2026-10-05,2020-12-29,-48113.807
2026-10-05,2020-12-30,61963.2617
2026-10-05,2021-01-04,144878.8462
2026-10-05,2021-01-05,12890.0152
2026-10-05,2021-01-06,42417.5252
2026-10-05,2021-01-07,9610.6498
2026-10-05,2021-01-08,-106664.2624
2026-10-05,2021-01-11,6659.176
2026-10-05,2021-01-12,-6919.6321
2026-10-05,2021-01-13,53226.6274
2026-10-05,2021-01-14,-45398.5022
2026-10-05,2021-01-15,-36398.6842
2026-10-05,2021-01-18,19407.4806
2026-10-05,2021-01-19,-15135.8603
2026-10-05,2021-01-20,39325.9176
2026-10-05,2021-01-21,61731.3113
2026-10-05,2021-01-22,14955.4993
2026-10-05,2021-01-25,4743.1192
2026-10-05,2021-01-26,-30099.8496
2026-10-05,2021-01-27,-34532.6498
2026-10-05,2021-01-28,11847.3398
2026-10-05,2021-01-29,-90282.7562
2026-10-05,2021-02-01,119251.319
2026-10-05,2021-02-02,7497.9768
2026-10-05,2021-02-03,3271.1203
2026-10-05,2021-02-04,14395.5646
2026-10-05,2021-02-05,61840.961
2026-10-05,2021-02-08,441.0836
2026-10-05,2021-02-09,-40925.3713
2026-10-05,2021-02-10,1692.3029
2026-10-05,2021-02-11,-16751.3042
2026-10-05,2021-02-12,-27175.7111
2026-10-05,2021-02-17,176692.4574
2026-10-05,2021-02-18,-48719.6453
2026-10-05,2021-02-19,7971.0957
2026-10-05,2021-02-22,-91820.143
2026-10-05,2021-02-23,-140003.0592
2026-10-05,2021-02-24,-36082.3733
2026-10-05,2021-02-25,-23456.6111
2026-10-05,2021-02-26,-69301.5722
2026-10-05,2021-03-01,82146.2032
2026-10-05,2021-03-02,13457.373
2026-10-05,2021-03-03,80332.0007
2026-10-05,2021-03-04,35493.6298
2026-10-05,2021-03-05,-2946.987
2026-10-05,2021-03-08,-44821.0948
2026-10-05,2021-03-09,-20719.7069
2026-10-05,2021-03-10,-4197.9477
2026-10-05,2021-03-11,-117254.9977
2026-10-05,2021-03-12,-38363.7357
2026-10-05,2021-03-15,-20956.3768
2026-10-05,2021-03-16,-51130.9213
2026-10-05,2021-03-17,-22618.0193
2026-10-05,2021-03-18,54743.5659
2026-10-05,2021-03-19,25377.4838
2026-10-05,2021-03-22,13713.0069
2026-10-05,2021-03-23,-15461.3058
2026-10-05,2021-03-25,-32838.5344
2026-10-05,2021-03-26,-39320.3296
2026-10-05,2021-03-29,29700.024
2026-10-05,2021-03-30,-8921.4885
2026-10-05,2021-03-31,-234020.627
2026-10-05,2021-04-05,403383.3852
2026-10-05,2021-04-06,-407.4054
2026-10-05,2021-04-07,-15603.3498
2026-10-05,2021-04-08,-147906.5342
2026-10-05,2021-04-09,-123918.5732
2026-10-05,2021-04-12,40920.1137
2026-10-05,2021-04-13,-10301.0807
2026-10-05,2021-04-14,-44003.449
2026-10-05,2021-04-15,38337.7007
2026-10-05,2021-04-16,-69074.3391
2026-10-05,2021-04-19,37956.5865
2026-10-05,2021-04-20,-13387.3835
2026-10-05,2021-04-21,-5212.5999
2026-10-05,2021-04-22,-21485.9878
2026-10-05,2021-04-23,78711.1981
2026-10-05,2021-04-26,9863.3866
2026-10-05,2021-04-27,-41665.6701
2026-10-05,2021-04-28,-53146.4999
2026-10-05,2021-04-29,14698.0558
2026-10-05,2021-04-30,-76638.9609
2026-10-05,2021-05-03,111883.8317
2026-10-05,2021-05-04,-7746.1495
2026-10-05,2021-05-05,-13106.5811
2026-10-05,2021-05-06,-11665.542
2026-10-05,2021-05-07,-253.1764
2026-10-05,2021-05-10,-14718.7772
2026-10-05,2021-05-11,7540.1977
2026-10-05,2021-05-12,-29138.0278
2026-10-05,2021-05-13,-53171.505
2026-10-05,2021-05-14,-57402.8374
2026-10-05,2021-05-17,-60253.8052
2026-10-05,2021-05-18,-5844.0467
2026-10-05,2021-05-19,13985.0465
2026-10-05,2021-05-20,-13755.9196
2026-10-05,2021-05-21,-71819.0272
2026-10-05,2021-05-26,126020.6475
2026-10-05,2021-05-27,-58448.338
2026-10-05,2021-05-28,24670.9286
2026-10-05,2021-05-31,-123858.8081
2026-10-05,2021-06-01,-109557.6216
2026-10-05,2021-06-02,175486.6879
2026-10-05,2021-06-03,82982.4026
2026-10-05,2021-06-04,-23568.1462
2026-10-05,2021-06-07,47448.0624
2026-10-05,2021-06-08,-119847.7775
2026-10-05,2021-06-09,-23886.0379
2026-10-05,2021-06-10,71693.0949
2026-10-05,2021-06-11,102358.4893
2026-10-05,2021-06-14,46403.5157
2026-10-05,2021-06-15,15755.5325
2026-10-05,2021-06-16,-18758.2312
2026-10-05,2021-06-17,19362.0942
2026-10-05,2021-06-18,32060.2698
2026-10-05,2021-06-22,98659.5853
2026-10-05,2021-06-23,-79438.3698
2026-10-05,2021-06-24,2671.6892
2026-10-05,2021-06-25,-21031.572
2026-10-05,2021-06-28,-142495.0437
2026-10-05,2021-06-29,-44779.4341
2026-10-05,2021-06-30,-62179.7626
2026-10-05,2021-07-01,-5110.0737
2026-10-05,2021-07-02,-59153.6465
2026-10-05,2021-07-05,-15647.0908
2026-10-05,2021-07-06,37477.5459
2026-10-05,2021-07-07,24970.0178
2026-10-05,2021-07-08,-23023.7513
2026-10-05,2021-07-12,154314.7539
2026-10-05,2021-07-13,-63538.1026
2026-10-05,2021-07-14,32973.7164
2026-10-05,2021-07-15,22246.7314
2026-10-05,2021-07-16,-182901.8278
2026-10-05,2021-07-19,55795.8885
2026-10-05,2021-07-20,-19349.8508
2026-10-05,2021-07-21,-25391.104
2026-10-05,2021-07-22,4014.9672
2026-10-05,2021-07-23,-57624.5308
2026-10-05,2021-07-26,-33948.8173
2026-10-05,2021-07-27,-39565.9235
2026-10-05,2021-07-28,-26069.7393
2026-10-05,2021-07-29,26640.3701
2026-10-05,2021-07-30,-24449.2419
2026-10-05,2021-08-02,127785.4558
2026-10-05,2021-08-03,34765.1911
2026-10-05,2021-08-04,-7520.0835
2026-10-05,2021-08-05,-55362.1217
2026-10-05,2021-08-06,-70935.3146
2026-10-05,2021-08-09,-15317.393
2026-10-05,2021-08-10,29143.2792
2026-10-05,2021-08-11,-14318.2062
2026-10-05,2021-08-12,2828.6673
2026-10-05,2021-08-13,-20205.5784
2026-10-05,2021-08-17,33709.1557
2026-10-05,2021-08-18,-3561.0987
2026-10-05,2021-08-19,-31001.6387
2026-10-05,2021-08-20,90889.0284
2026-10-05,2021-08-23,-241712.4273
2026-10-05,2021-08-24,63478.5009
2026-10-05,2021-08-25,-1901.6655
2026-10-05,2021-08-26,-9082.8686
2026-10-05,2021-08-27,28271.8058
2026-10-05,2021-08-30,-36297.4651
2026-10-05,2021-08-31,14191.0068
2026-10-05,2021-09-01,91825.2042
2026-10-05,2021-09-02,4167.1354
2026-10-05,2021-09-03,-89967.711
2026-10-05,2021-09-06,-25142.3002
2026-10-05,2021-09-07,32743.715
2026-10-05,2021-09-08,-28391.6165
2026-10-05,2021-09-09,-7541.9467
2026-10-05,2021-09-10,70.8369
2026-10-05,2021-09-13,-47360.6094
2026-10-05,2021-09-14,25363.1191
2026-10-05,2021-09-15,-11877.4353
2026-10-05,2021-09-16,-48309.3346
2026-10-05,2021-09-17,66175.6851
2026-10-05,2021-09-20,-36278.128
2026-10-05,2021-09-21,32803.6203
2026-10-05,2021-09-22,-32695.3123
2026-10-05,2021-09-23,21519.997
2026-10-05,2021-09-24,12530.2658
2026-10-05,2021-09-27,-26350.0262
2026-10-05,2021-09-28,-17637.9583
2026-10-05,2021-09-29,-10216.6967
2026-10-05,2021-09-30,-84652.7981
2026-10-05,2021-10-01,16428.0892
2026-10-05,2021-10-04,-60031.6746
2026-10-05,2021-10-05,11798.2842
2026-10-05,2021-10-06,-7874.2681
2026-10-05,2021-10-07,86153.0112
2026-10-05,2021-10-12,345455.0915
2026-10-05,2021-10-13,-49355.8496
2026-10-05,2021-10-14,-65829.3712
2026-10-05,2021-10-15,-173489.2614
2026-10-05,2021-10-18,-124999.6338
2026-10-05,2021-10-19,149881.3241
2026-10-05,2021-10-20,-55065.656
2026-10-05,2021-10-21,-24037.3316
2026-10-05,2021-10-22,-7949.4777
2026-10-05,2021-10-25,-50578.0053
2026-10-05,2021-10-26,-24027.7118
2026-10-05,2021-10-27,107237.0549
2026-10-05,2021-10-28,-106151.7632
2026-10-05,2021-10-29,-81235.6983
2026-10-05,2021-11-01,26937.0051
2026-10-05,2021-11-02,36031.0733
2026-10-05,2021-11-03,-51340.1582
2026-10-05,2021-11-04,-12791.7503
2026-10-05,2021-11-05,-59344.294
2026-10-05,2021-11-08,55977.7908
2026-10-05,2021-11-09,40054.3485
2026-10-05,2021-11-10,53998.2921
2026-10-05,2021-11-11,104996.9463
2026-10-05,2021-11-12,-13291.1069
2026-10-05,2021-11-15,-73439.094
2026-10-05,2021-11-16,-50034.0476
2026-10-05,2021-11-17,3165.7986
2026-10-05,2021-11-18,-121460.8481
2026-10-05,2021-11-19,-43232.3906
2026-10-05,2021-11-23,216199.9948
2026-10-05,2021-11-24,4244.9686
2026-10-05,2021-11-25,7442.2503
2026-10-05,2021-11-26,-107934.0553
2026-10-05,2021-11-29,-48543.8485
2026-10-05,2021-11-30,149732.4659
2026-10-05,2021-12-01,126248.6506
2026-10-05,2021-12-02,51311.736
2026-10-05,2021-12-03,-61759.7459
2026-10-05,2021-12-06,-87529.0841
2026-10-05,2021-12-07,-96846.3267
2026-10-05,2021-12-09,133377.6312
2026-10-05,2021-12-10,-15188.3998
2026-10-05,2021-12-13,11010.3327
2026-10-05,2021-12-14,-128921.0263
2026-10-05,2021-12-15,-119648.3847
2026-10-05,2021-12-16,-37742.9657
2026-10-05,2021-12-17,-10378.4848
2026-10-05,2021-12-20,-118026.1315
2026-10-05,2021-12-21,-41457.0947
2026-10-05,2021-12-22,-92280.4056
2026-10-05,2021-12-23,73300.481
2026-10-05,2021-12-27,-10313.7696
2026-10-05,2021-12-28,-97286.6526
2026-10-05,2021-12-29,-5728.1715
2026-10-05,2021-12-30,-201149.9464
2026-10-05,2022-01-03,330615.3676
2026-10-05,2022-01-04,120397.4196
2026-10-05,2022-01-05,97636.0273
2026-10-05,2022-01-06,280960.2531
2026-10-05,2022-01-07,-571215.4483
2026-10-05,2022-01-10,8665.2805
2026-10-05,2022-01-11,453369.4699
2026-10-05,2022-01-12,32407.2274
2026-10-05,2022-01-13,176102.4298
2026-10-05,2022-01-14,197694.3555
2026-10-05,2022-01-17,121909.9077
2026-10-05,2022-01-18,137709.8335
2026-10-05,2022-01-19,-9791.8405
2026-10-05,2022-01-20,142687.6536
2026-10-05,2022-01-21,-1998.709
2026-10-05,2022-01-24,105358.0131
2026-10-05,2022-01-25,3069.8352
2026-10-05,2022-01-26,15307.1744
2026-10-05,2022-01-27,54680.013
2026-10-05,2022-01-28,52229.475
2026-10-05,2022-01-31,56702.3425
2026-10-05,2022-02-01,185093.4471
2026-10-05,2022-02-02,-23089.4997
2026-10-05,2022-02-03,71104.4533
2026-10-05,2022-02-04,-23992.9137
2026-10-05,2022-02-07,-87871.6455
2026-10-05,2022-02-08,-128228.643
2026-10-05,2022-02-09,-41075.5645
2026-10-05,2022-02-10,6971.8333
2026-10-05,2022-02-11,37973.8176
2026-10-05,2022-02-14,227746.3103
2026-10-05,2022-02-15,11228.3017
2026-10-05,2022-02-16,-89005.7206
2026-10-05,2022-02-17,-44633.0061
2026-10-05,2022-02-18,-96136.8259
2026-10-05,2022-02-21,81693.591
2026-10-05,2022-02-22,230370.6101
2026-10-05,2022-02-23,-46002.8178
2026-10-05,2022-02-24,171447.0083
2026-10-05,2022-02-25,-32407.2507
2026-10-05,2022-03-02,198611.4517
2026-10-05,2022-03-03,-63416.6266
2026-10-05,2022-03-04,-50418.1356
2026-10-05,2022-03-07,-13346.6519
2026-10-05,2022-03-08,-55024.3475
2026-10-05,2022-03-09,43193.4336
2026-10-05,2022-03-10,62658.7576
2026-10-05,2022-03-11,-72007.3866
2026-10-05,2022-03-14,70426.4595
2026-10-05,2022-03-15,-16029.967
2026-10-05,2022-03-16,-35918.8382
2026-10-05,2022-03-17,-11987.1493
2026-10-05,2022-03-18,23223.3491
2026-10-05,2022-03-21,-56155.8703
2026-10-05,2022-03-22,-156414.544
2026-10-05,2022-03-23,91955.2558
2026-10-05,2022-03-25,1649.758
2026-10-05,2022-03-28,-90103.0109
2026-10-05,2022-03-29,65805.6802
2026-10-05,2022-03-30,-106553.9757
2026-10-05,2022-03-31,172316.7337
2026-10-05,2022-04-01,235279.4825
2026-10-05,2022-04-04,-102806.512
2026-10-05,2022-04-05,30629.4152
2026-10-05,2022-04-06,-115803.9105
2026-10-05,2022-04-07,-9021.5908
2026-10-05,2022-04-08,-8662.8686
2026-10-05,2022-04-11,31312.9905
2026-10-05,2022-04-12,149606.4696
2026-10-05,2022-04-13,44561.6766
2026-10-05,2022-04-18,-53615.3157
2026-10-05,2022-04-19,3559.5442
2026-10-05,2022-04-20,-72072.9399
2026-10-05,2022-04-21,-108751.8321
2026-10-05,2022-04-22,-63314.6548
2026-10-05,2022-04-25,148342.7477
2026-10-05,2022-04-26,-26041.7768
2026-10-05,2022-04-27,-68895.7899
2026-10-05,2022-04-28,-40334.6331
2026-10-05,2022-04-29,49690.4067
2026-10-05,2022-05-02,204122.9181
2026-10-05,2022-05-03,-48249.0497
2026-10-05,2022-05-04,-1716.7681
2026-10-05,2022-05-05,36085.6349
2026-10-05,2022-05-06,-43075.4376
2026-10-05,2022-05-09,1410.8527
2026-10-05,2022-05-10,25990.4267
2026-10-05,2022-05-11,45547.1612
2026-10-05,2022-05-12,-35103.0638
2026-10-05,2022-05-13,-101797.7196
2026-10-05,2022-05-16,63107.4335
2026-10-05,2022-05-17,-82892.8762
2026-10-05,2022-05-19,-69816.0854
2026-10-05,2022-05-20,-18689.61
2026-10-05,2022-05-23,118109.2015
2026-10-05,2022-05-24,12110.608
2026-10-05,2022-05-26,-40195.8268
2026-10-05,2022-05-27,-80672.8045
2026-10-05,2022-05-30,-48747.2548
2026-10-05,2022-05-31,28230.7887
2026-10-05,2022-06-01,214986.5217
2026-10-05,2022-06-02,-21930.8565
2026-10-05,2022-06-03,-6258.155
2026-10-05,2022-06-06,-29739.3471
2026-10-05,2022-06-07,58768.5334
2026-10-05,2022-06-08,-11156.8075
2026-10-05,2022-06-09,14549.9191
2026-10-05,2022-06-10,-80587.5852
2026-10-05,2022-06-13,-6310.2335
2026-10-05,2022-06-14,48234.1181
2026-10-05,2022-06-15,-41104.1042
2026-10-05,2022-06-16,-167240.6715
2026-10-05,2022-06-21,187155.4
2026-10-05,2022-06-22,-141782.3119
2026-10-05,2022-06-23,120354.5336
2026-10-05,2022-06-24,-192657.5095
2026-10-05,2022-06-27,-22036.084
2026-10-05,2022-06-28,-65949.9394
2026-10-05,2022-06-29,-132870.5188
2026-10-05,2022-06-30,-205235.3198
2026-10-05,2022-07-01,158806.3866
2026-10-05,2022-07-04,-35255.2205
2026-10-05,2022-07-05,-203603.469
2026-10-05,2022-07-06,-218892.6084
2026-10-05,2022-07-07,366551.8694
2026-10-05,2022-07-08,-38952.0611
2026-10-05,2022-07-11,45749.5633
2026-10-05,2022-07-12,196710.7745
2026-10-05,2022-07-13,-51242.4749
2026-10-05,2022-07-14,2268.9193
2026-10-05,2022-07-15,88291.5063
2026-10-05,2022-07-18,61718.291
2026-10-05,2022-07-19,-88272.8107
2026-10-05,2022-07-20,-55063.4767
2026-10-05,2022-07-21,-128380.5074
2026-10-05,2022-07-22,19226.6317
2026-10-05,2022-07-25,-47351.16
2026-10-05,2022-07-26,-39232.5368
2026-10-05,2022-07-27,-11582.6442
2026-10-05,2022-07-28,33727.3406
2026-10-05,2022-07-29,224070.8749
2026-10-05,2022-08-01,58122.2481
2026-10-05,2022-08-02,144893.4805
2026-10-05,2022-08-03,-86644.4055
2026-10-05,2022-08-04,-21637.5584
2026-10-05,2022-08-05,-29010.0707
2026-10-05,2022-08-08,475.4088
2026-10-05,2022-08-09,-160147.8524
2026-10-05,2022-08-10,54654.8185
2026-10-05,2022-08-11,77209.5365
2026-10-05,2022-08-12,-32791.5633
2026-10-05,2022-08-16,53968.1975
2026-10-05,2022-08-17,6764.2888
2026-10-05,2022-08-18,-124612.2016
2026-10-05,2022-08-19,-15682.9589
2026-10-05,2022-08-22,18424.0956
2026-10-05,2022-08-23,-121340.7494
2026-10-05,2022-08-24,-154502.3657
2026-10-05,2022-08-25,97247.4672
2026-10-05,2022-08-26,-26948.8617
2026-10-05,2022-08-29,119661.6858
2026-10-05,2022-08-30,-167377.8866
2026-10-05,2022-08-31,205454.2026
2026-10-05,2022-09-01,-59666.482
2026-10-05,2022-09-05,-20469.3393
2026-10-05,2022-09-06,-239507.7999
2026-10-05,2022-09-07,-238283.1977
2026-10-05,2022-09-08,132626.5479
2026-10-05,2022-09-09,-126279.4075
2026-10-05,2022-09-12,88948.7322
2026-10-05,2022-09-13,78046.3433
2026-10-05,2022-09-14,-79663.0842
2026-10-05,2022-09-15,96601.106
2026-10-05,2022-09-16,-266691.4686
2026-10-05,2022-09-19,116635.2717
2026-10-05,2022-09-20,236012.4527
2026-10-05,2022-09-21,-86272.5327
2026-10-05,2022-09-22,5945.0042
2026-10-05,2022-09-23,-50124.7004
2026-10-05,2022-09-26,-40616.8961
2026-10-05,2022-09-27,60495.2905
2026-10-05,2022-09-28,-178740.1855
2026-10-05,2022-09-29,10039.4814
2026-10-05,2022-09-30,67307.3189
2026-10-05,2022-10-03,76465.681
2026-10-05,2022-10-04,84554.8227
2026-10-05,2022-10-05,31516.6199
2026-10-05,2022-10-06,69060.9407
2026-10-05,2022-10-11,35406.8636
2026-10-05,2022-10-12,-166621.1357
2026-10-05,2022-10-13,162891.99
2026-10-05,2022-10-14,-71263.4
2026-10-05,2022-10-17,27023.3764
2026-10-05,2022-10-18,-84925.4719
2026-10-05,2022-10-19,-75794.7136
2026-10-05,2022-10-20,-112557.152
2026-10-05,2022-10-21,-8454.4494
2026-10-05,2022-10-24,36245.5728
2026-10-05,2022-10-25,-132749.6265
2026-10-05,2022-10-26,55818.4931
2026-10-05,2022-10-27,-151613.7764
2026-10-05,2022-10-28,-80809.6763
2026-10-05,2022-10-31,33049.1132
2026-10-05,2022-11-01,128663.3197
2026-10-05,2022-11-02,-116768.4321
2026-10-05,2022-11-03,50819.8016
2026-10-05,2022-11-04,-21705.1498
2026-10-05,2022-11-07,88399.2553
2026-10-05,2022-11-08,2842.2115
2026-10-05,2022-11-09,9924.0229
2026-10-05,2022-11-10,189282.039
2026-10-05,2022-11-11,-26569.0961
2026-10-05,2022-11-14,31218.6424
2026-10-05,2022-11-15,-39490.3298
2026-10-05,2022-11-16,-39958.5094
2026-10-05,2022-11-17,-77403.8186
2026-10-05,2022-11-18,-96412.8509
2026-10-05,2022-11-22,153862.2321
2026-10-05,2022-11-23,-161764.4863
2026-10-05,2022-11-24,21279.4908
2026-10-05,2022-11-25,-37805.56
2026-10-05,2022-11-28,47044.7871
2026-10-05,2022-11-29,-251967.88
2026-10-05,2022-11-30,-351.107
2026-10-05,2022-12-01,149945.4251
2026-10-05,2022-12-02,-227909.6442
2026-10-05,2022-12-05,172820.2095
2026-10-05,2022-12-06,-60827.4839
2026-10-05,2022-12-07,-110424.5585
2026-10-05,2022-12-12,135182.2856
2026-10-05,2022-12-13,-93558.7184
2026-10-05,2022-12-14,-140865.8661
2026-10-05,2022-12-15,-25614.8356
2026-10-05,2022-12-16,148974.0253
2026-10-05,2022-12-19,17644.0756
2026-10-05,2022-12-20,44977.69
2026-10-05,2022-12-21,-224863.266
2026-10-05,2022-12-22,100834.8615
2026-10-05,2022-12-23,-46079.5245
2026-10-05,2022-12-26,-1482.445
2026-10-05,2022-12-27,-47917.1904
2026-10-05,2022-12-28,-38351.6369
2026-10-05,2022-12-29,-168907.9077
2026-10-05,2022-12-30,293811.7891
2026-10-05,2023-01-02,-81220.2432
2026-10-05,2023-01-03,182438.1287
2026-10-05,2023-01-04,-34865.1436
2026-10-05,2023-01-05,-76256.5503
2026-10-05,2023-01-06,-14797.3558
2026-10-05,2023-01-09,116238.157
2026-10-05,2023-01-10,73317.8592
2026-10-05,2023-01-11,-94639.7327
2026-10-05,2023-01-12,151903.6191
2026-10-05,2023-01-13,-21601.6871
2026-10-05,2023-01-16,38586.7849
2026-10-05,2023-01-17,-244293.2373
2026-10-05,2023-01-18,-117819.8609
2026-10-05,2023-01-19,-142726.383
2026-10-05,2023-01-20,137149.3054
2026-10-05,2023-01-23,47208.1004
2026-10-05,2023-01-24,-343216.2738
2026-10-05,2023-01-25,-191409.5895
2026-10-05,2023-01-26,-162962.4719
2026-10-05,2023-01-27,83588.2834
2026-10-05,2023-01-30,-118539.5254
2026-10-05,2023-01-31,321645.402
2026-10-05,2023-02-01,40951.1499
2026-10-05,2023-02-02,-94839.6801
2026-10-05,2023-02-03,52969.6423
2026-10-05,2023-02-06,-22684.3014
2026-10-05,2023-02-07,83772.7703
2026-10-05,2023-02-08,-87803.6222
2026-10-05,2023-02-09,132235.5505
2026-10-05,2023-02-10,25544.0883
2026-10-05,2023-02-13,-27003.3198
2026-10-05,2023-02-14,19877.4756
2026-10-05,2023-02-15,73189.7797
2026-10-05,2023-02-16,34129.4638
2026-10-05,2023-02-17,85933.531
2026-10-05,2023-02-22,-121342.8964
2026-10-05,2023-02-23,-219246.0278
2026-10-05,2023-02-24,-54198.8962
2026-10-05,2023-02-27,-47674.7234
2026-10-05,2023-02-28,29607.4517
2026-10-05,2023-03-01,-83320.3561
2026-10-05,2023-03-02,-166748.3247
2026-10-05,2023-03-03,11962.4249
2026-10-05,2023-03-06,-61451.4111
2026-10-05,2023-03-07,-100305.9538
2026-10-05,2023-03-08,-12676.2198
2026-10-05,2023-03-09,-111877.8168
2026-10-05,2023-03-10,-20326.4474
2026-10-05,2023-03-13,-28419.1228
2026-10-05,2023-03-14,422635.1645
2026-10-05,2023-03-15,-102360.9547
2026-10-05,2023-03-16,-157481.7393
2026-10-05,2023-03-17,-38683.9024
2026-10-05,2023-03-20,-37486.6332
2026-10-05,2023-03-21,511530.504
2026-10-05,2023-03-22,-183735.5793
2026-10-05,2023-03-23,170640.9097
2026-10-05,2023-03-27,47579.4491
2026-10-05,2023-03-28,-92506.8127
2026-10-05,2023-03-29,-159569.2688
2026-10-05,2023-03-30,42492.9189
2026-10-05,2023-03-31,75976.691
2026-10-05,2023-04-03,-43534.6467
2026-10-05,2023-04-04,38344.0732
2026-10-05,2023-04-05,45524.1023
2026-10-05,2023-04-10,-127763.2123
2026-10-05,2023-04-11,-71721.8099
2026-10-05,2023-04-12,-122880.1791
2026-10-05,2023-04-13,225441.063
2026-10-05,2023-04-14,-68889.2492
2026-10-05,2023-04-17,-3751.2076
2026-10-05,2023-04-18,-511583.061
2026-10-05,2023-04-19,2001.8545
2026-10-05,2023-04-20,-41299.9553
2026-10-05,2023-04-21,91575.3622
2026-10-05,2023-04-24,-32050.2848
2026-10-05,2023-04-25,-42493.4942
2026-10-05,2023-04-26,-278838.0507
2026-10-05,2023-04-27,2324.7595
2026-10-05,2023-04-28,195530.8301
2026-10-05,2023-05-02,114651.231
2026-10-05,2023-05-03,26707.4158
2026-10-05,2023-05-04,111881.6688
2026-10-05,2023-05-05,9772.0999
2026-10-05,2023-05-08,-44465.3228
2026-10-05,2023-05-09,162508.8674
2026-10-05,2023-05-10,-152670.9625
2026-10-05,2023-05-11,431729.8752
2026-10-05,2023-05-12,-265599.8475
2026-10-05,2023-05-15,-111911.0881
2026-10-05,2023-05-16,111774.9436
2026-10-05,2023-05-17,-139882.5547
2026-10-05,2023-05-18,-92130.9063
2026-10-05,2023-05-19,-22595.8864
2026-10-05,2023-05-22,-15743.7616
2026-10-05,2023-05-23,47711.0083
2026-10-05,2023-05-24,-251433.7264
2026-10-05,2023-05-29,-11646.6451
2026-10-05,2023-05-30,-346115.1434
2026-10-05,2023-05-31,206770.3511
2026-10-05,2023-06-01,210254.2516
2026-10-05,2023-06-02,-15673.6061
2026-10-05,2023-06-05,-187308.6728
2026-10-05,2023-06-06,40968.1271
2026-10-05,2023-06-07,-14388.0624
2026-10-05,2023-06-08,-177682.1209
2026-10-05,2023-06-09,-42082.348
2026-10-05,2023-06-12,37037.6288
2026-10-05,2023-06-13,-174451.1063
2026-10-05,2023-06-14,-97433.3697
2026-10-05,2023-06-15,146421.2801
2026-10-05,2023-06-16,395453.7462
2026-10-05,2023-06-21,-174660.7004
2026-10-05,2023-06-22,269045.3017
2026-10-05,2023-06-23,-138890.0438
2026-10-05,2023-06-26,-114904.6566
2026-10-05,2023-06-27,180494.1742
2026-10-05,2023-06-28,-5002.79
2026-10-05,2023-06-29,-178401.8838
2026-10-05,2023-06-30,-5904.1375
2026-10-05,2023-07-03,45782.2185
2026-10-05,2023-07-04,139006.7708
2026-10-05,2023-07-05,-87903.2648
2026-10-05,2023-07-06,201840.7104
2026-10-05,2023-07-07,-9482.6438
2026-10-05,2023-07-10,-740104.8286
2026-10-05,2023-07-11,578426.5852
2026-10-05,2023-07-12,-110695.1164
2026-10-05,2023-07-13,116816.9702
2026-10-05,2023-07-14,-87639.4263
2026-10-05,2023-07-17,-160307.2744
2026-10-05,2023-07-18,194686.806
2026-10-05,2023-07-19,-46310.1854
2026-10-05,2023-07-20,-35415.079
2026-10-05,2023-07-21,54563.7877
2026-10-05,2023-07-24,-128756.7606
2026-10-05,2023-07-25,-78150.7923
2026-10-05,2023-07-26,-103726.6751
2026-10-05,2023-07-27,-315396.9942
2026-10-05,2023-07-28,-276966.742
2026-10-05,2023-07-31,145548.3844
2026-10-05,2023-08-01,-69882.9193
2026-10-05,2023-08-02,-164557.1822
2026-10-05,2023-08-03,328720.4546
2026-10-05,2023-08-04,-89350.9634
2026-10-05,2023-08-07,-30895.3098
2026-10-05,2023-08-08,-301135.7374
2026-10-05,2023-08-09,-62133.9815
2026-10-05,2023-08-10,-126716.682
2026-10-05,2023-08-11,112764.0681
2026-10-05,2023-08-14,-306430.4861
2026-10-05,2023-08-15,-215454.1012
2026-10-05,2023-08-16,-219188.0223
2026-10-05,2023-08-17,-96730.6468
2026-10-05,2023-08-18,-123055.1661
2026-10-05,2023-08-22,-206801.1734
2026-10-05,2023-08-23,720591.457
2026-10-05,2023-08-24,31590.2561
2026-10-05,2023-08-25,47245.8433
2026-10-05,2023-08-28,-397947.0404
2026-10-05,2023-08-29,-205166.9356
2026-10-05,2023-08-30,-80151.6689
2026-10-05,2023-08-31,569260.5868
2026-10-05,2023-09-01,20100.2612
2026-10-05,2023-09-04,-367377.1577
2026-10-05,2023-09-05,541169.1362
2026-10-05,2023-09-06,-69203.8197
2026-10-05,2023-09-07,179096.7952
2026-10-05,2023-09-08,-119902.1185
2026-10-05,2023-09-11,-204132.6582
2026-10-05,2023-09-12,-357441.1253
2026-10-05,2023-09-13,-67536.3186
2026-10-05,2023-09-14,-100285.1172
2026-10-05,2023-09-15,-391934.5736
2026-10-05,2023-09-18,246799.1143
2026-10-05,2023-09-19,171583.7243
2026-10-05,2023-09-20,25516.0685
2026-10-05,2023-09-21,-181570.0356
2026-10-05,2023-09-22,-14841.9935
2026-10-05,2023-09-25,-48391.3231
2026-10-05,2023-09-26,-207949.3094
2026-10-05,2023-09-27,-35069.9293
2026-10-05,2023-09-28,-656176.2753
2026-10-05,2023-09-29,585002.864
2026-10-05,2023-10-02,-7580.2261
2026-10-05,2023-10-03,-314036.3244
2026-10-05,2023-10-04,93225.2226
2026-10-05,2023-10-05,-365603.1723
2026-10-05,2023-10-06,159921.9702
2026-10-05,2023-10-09,-33114.2008
2026-10-05,2023-10-10,-30439.2711
2026-10-05,2023-10-11,-139746.42
2026-10-05,2023-10-12,-398123.2214
2026-10-05,2023-10-17,-709058.3096
2026-10-05,2023-10-18,309699.8628
2026-10-05,2023-10-19,-1064709.671
2026-10-05,2023-10-20,144327.2716
2026-10-05,2023-10-23,-722995.0533
2026-10-05,2023-10-24,294685.0563
2026-10-05,2023-10-25,-92702.8962
2026-10-05,2023-10-26,95687.4896
2026-10-05,2023-10-27,-59416.398
2026-10-05,2023-10-30,-235668.397
2026-10-05,2023-10-31,569053.0819
2026-10-05,2023-11-01,154982.7978
2026-10-05,2023-11-02,-37624.5479
2026-10-05,2023-11-03,-465274.9806
2026-10-05,2023-11-07,-4514.7955
2026-10-05,2023-11-08,-8411.117
2026-10-05,2023-11-09,12622.8249
2026-10-05,2023-11-10,32382.9302
2026-10-05,2023-11-13,23328.1774
2026-10-05,2023-11-14,56318.1525
2026-10-05,2023-11-15,56657.1772
2026-10-05,2023-11-16,-324743.3354
2026-10-05,2023-11-17,169602.1023
2026-10-05,2023-11-21,-2212435.681
2026-10-05,2023-11-22,-128430.4223
2026-10-05,2023-11-23,-1588592.91
2026-10-05,2023-11-24,119208.1285
2026-10-05,2023-11-27,-6641.0044
2026-10-05,2023-11-28,-1299717.943
2026-10-05,2023-11-29,-325539.7458
2026-10-05,2023-11-30,-58258.6615
2026-10-05,2023-12-01,-494264.1502
2026-10-05,2023-12-04,-168523.1952
2026-10-05,2023-12-05,-1126172.182
2026-10-05,2023-12-06,26130.1853
2026-10-05,2023-12-07,-81163.3469
2026-10-05,2023-12-11,-1203253.872
2026-10-05,2023-12-12,-1465348.238
2026-10-05,2023-12-13,-1614924.438
2026-10-05,2023-12-14,-896586.0127
2026-10-05,2023-12-15,-312126.7488
2026-10-05,2023-12-18,-586354.258
2026-10-05,2023-12-19,-1346609.201
2026-10-05,2023-12-20,-222354.6009
2026-10-05,2023-12-21,-446369.3162
2026-10-05,2023-12-22,2139206.029
2026-10-05,2023-12-26,-746281.3732
2026-10-05,2023-12-27,-295799.1872
2026-10-05,2023-12-28,-639924.7558
2026-10-05,2023-12-29,30394.2008
2026-10-05,2024-01-02,-434014.3676
2026-10-05,2024-01-03,-308257.6904
2026-10-05,2024-01-04,-321371.3953
2026-10-05,2024-01-05,-155450.7285
2026-10-05,2024-01-08,-108769.1155
2026-10-05,2024-01-09,-464732.4845
2026-10-05,2024-01-10,-210168.8661
2026-10-05,2024-01-11,-1233873.723
2026-10-05,2024-01-12,-333933.6139
2026-10-05,2024-01-15,-212151.4756
2026-10-05,2024-01-16,-301868.2611
2026-10-05,2024-01-17,20673.9585
2026-10-05,2024-01-18,1446934.756
2026-10-05,2024-01-19,-121973.5971
2026-10-05,2024-01-22,-517274.7986
2026-10-05,2024-01-23,-194712.6379
2026-10-05,2024-01-24,-314756.1847
2026-10-05,2024-01-25,-415471.9854
2026-10-05,2024-01-26,67912.4132
2026-10-05,2024-01-29,-616782.5769
2026-10-05,2024-01-30,-849879.5767
2026-10-05,2024-01-31,-144798.3766
2026-10-05,2024-02-01,2569453.664
2026-10-05,2024-02-02,-27281.7878
2026-10-05,2024-02-05,-577706.4421
2026-10-05,2024-02-06,-331231.268
2026-10-05,2024-02-07,627200.3671
2026-10-05,2024-02-08,-116370.8471
2026-10-05,2024-02-09,-123947.4202
2026-10-05,2024-02-14,-893046.856
2026-10-05,2024-02-15,-359293.0829
2026-10-05,2024-02-16,-125514.6243
2026-10-05,2024-02-19,-899692.772
2026-10-05,2024-02-20,2142873.755
2026-10-05,2024-02-21,-437582.4203
2026-10-05,2024-02-22,638779.9754
2026-10-05,2024-02-23,-323321.0592
2026-10-05,2024-02-26,-109350.2114
2026-10-05,2024-02-27,-476514.3397
2026-10-05,2024-02-28,45096.0796
2026-10-05,2024-02-29,606122.4339
2026-10-05,2024-03-01,98623.4749
2026-10-05,2024-03-04,-574086.1062
2026-10-05,2024-03-05,-305892.7206
2026-10-05,2024-03-06,-318337.6302
2026-10-05,2024-03-07,243149.8948
2026-10-05,2024-03-08,-214573.3084
2026-10-05,2024-03-11,-584787.5895
2026-10-05,2024-03-12,-226794.5433
2026-10-05,2024-03-13,-911474.9662
2026-10-05,2024-03-14,-279823.3915
2026-10-05,2024-03-15,-206830.2946
2026-10-05,2024-03-18,-212943.4299
2026-10-05,2024-03-19,-109626.9389
2026-10-05,2024-03-20,298463.8782
2026-10-05,2024-03-21,-602462.8574
2026-10-05,2024-03-22,260160.8346
2026-10-05,2024-03-25,25293.3226
2026-10-05,2024-03-26,-146944.6029
2026-10-05,2024-03-27,1023372.371
2026-10-05,2024-04-03,-1575818.592
2026-10-05,2024-04-04,-495064.9136
2026-10-05,2024-04-05,-221624.9669
2026-10-05,2024-04-08,-585002.1174
2026-10-05,2024-04-09,-234094.0964
2026-10-05,2024-04-10,-198815.5937
2026-10-05,2024-04-11,-79956.5929
2026-10-05,2024-04-12,138783.3925
2026-10-05,2024-04-15,2409951.965
2026-10-05,2024-04-16,126302.8641
2026-10-05,2024-04-17,-276142.5273
2026-10-05,2024-04-18,-114490.0281
2026-10-05,2024-04-19,406536.3403
2026-10-05,2024-04-22,-422916.4902
2026-10-05,2024-04-23,-102600.8779
2026-10-05,2024-04-24,-342198.2097
2026-10-05,2024-04-25,-215255.5782
2026-10-05,2024-04-26,-627352.7962
2026-10-05,2024-04-29,-105623.9447
2026-10-05,2024-04-30,594394.2664
2026-10-05,2024-05-02,-1900911.467
2026-10-05,2024-05-03,-41274.9379
2026-10-05,2024-05-06,-49465.2667
2026-10-05,2024-05-07,-302885.4002
2026-10-05,2024-05-08,427290.6361
2026-10-05,2024-05-09,-542109.0729
2026-10-05,2024-05-10,-166469.3847
2026-10-05,2024-05-13,-207388.1462
2026-10-05,2024-05-14,-51491.4355
2026-10-05,2024-05-15,1671816.847
2026-10-05,2024-05-16,1219177.186
2026-10-05,2024-05-17,-136103.1815
2026-10-05,2024-05-20,10878247.12
2026-10-05,2024-05-21,-3442304.914
2026-10-05,2024-05-22,-602999.265
2026-10-05,2024-05-23,1770015.776
2026-10-05,2024-05-24,156141.8133
2026-10-05,2024-05-27,205124.9479
2026-10-05,2024-05-28,261004.9409
2026-10-05,2024-05-29,-18979.5294
2026-10-05,2024-05-30,336565.3768
2026-10-05,2024-05-31,4760579.87
2026-10-05,2024-06-03,-418997.4416
2026-10-05,2024-06-04,-128988.0441
2026-10-05,2024-06-05,164267.1989
2026-10-05,2024-06-06,336602.1072
2026-10-05,2024-06-07,515421.9195
2026-10-05,2024-06-10,-1113741.778
2026-10-05,2024-06-11,-256873.0787
2026-10-05,2024-06-12,794531.4205
2026-10-05,2024-06-13,-343693.7411
2026-10-05,2024-06-14,1966588.9
2026-10-05,2024-06-18,-746395.5615
2026-10-05,2024-06-19,381490.4278
2026-10-05,2024-06-24,-787874.2686
2026-10-05,2024-06-25,172272.0114
2026-10-05,2024-06-26,332098.0399
2026-10-05,2024-06-27,97843.4808
2026-10-05,2024-06-28,1643947.943
2026-10-05,2024-07-01,4889720.295
2026-10-05,2024-07-02,-2444494.735
2026-10-05,2024-07-03,155479.1225
2026-10-05,2024-07-04,-217234.6435
2026-10-05,2024-07-05,160563.2406
2026-10-05,2024-07-08,2721.6079
2026-10-05,2024-07-10,-682527.6295
2026-10-05,2024-07-11,-265838.8725
2026-10-05,2024-07-12,3560192.696
2026-10-05,2024-07-15,-594339.8006
2026-10-05,2024-07-16,-434965.2956
2026-10-05,2024-07-17,223762.2725
2026-10-05,2024-07-18,250151.111
2026-10-05,2024-07-19,424856.569
2026-10-05,2024-07-22,10852784.51
2026-10-05,2024-07-23,-80.775
2026-10-05,2024-07-24,0
2026-10-05,2024-07-25,95.427
2026-10-05,2024-07-26,-96.3522
2026-10-05,2024-07-29,0
2026-10-05,2024-07-30,0
2026-10-05,2024-07-31,0
2026-10-05,2024-08-01,10586.27
2026-10-05,2024-08-02,31970.85
2026-10-05,2024-08-05,-21950.385
2026-10-05,2024-08-06,3083.22
2026-10-05,2024-08-07,0
2026-10-05,2024-08-08,-10586.27
2026-10-05,2024-08-09,0
2026-10-05,2024-08-12,-10020.465
2026-10-05,2024-08-13,-3083.22
2026-10-05,2024-08-14,0
2026-10-05,2024-08-15,0
2026-10-05,2024-08-16,0
2026-10-05,2024-08-19,0
2026-10-05,2024-08-20,0
2026-10-05,2024-08-21,0
2026-10-05,2024-08-22,0
2026-10-05,2024-08-23,0
2026-10-05,2024-08-26,0
2026-10-05,2024-08-27,0
2026-10-05,2024-08-28,0
2026-10-05,2024-08-29,0
2026-10-05,2024-08-30,0
2026-10-05,2024-09-02,0
2026-10-05,2024-09-03,0
2026-10-05,2024-09-04,531.3888
2026-10-05,2024-09-05,-497.7888
2026-10-05,2024-09-06,476.14
2026-10-05,2024-09-09,-289.24
2026-10-05,2024-09-10,47671.9594
2026-10-05,2024-09-11,-40642.865
2026-10-05,2024-09-12,49424.232
2026-10-05,2024-09-13,97452.1077
2026-10-05,2024-09-16,-108034.6145
2026-10-05,2024-09-17,-32204.9264
2026-10-05,2024-09-18,25105.1244
2026-10-05,2024-09-19,-7366.4039
2026-10-05,2024-09-20,26990.4723
2026-10-05,2024-09-23,58173.7062
2026-10-05,2024-09-24,-51888.5933
2026-10-05,2024-09-25,-40685.3542
2026-10-05,2024-09-26,-5394.3735
2026-10-05,2024-09-27,6323.1372
2026-10-05,2024-09-30,139291.559
2026-10-05,2024-10-01,-146086.1106
2026-10-05,2024-10-02,-1881.5939
2026-10-05,2024-10-03,9.975
2026-10-05,2024-10-04,-1420.007
2026-10-05,2024-10-07,-3540.6019
2026-10-05,2024-10-08,-532.7
2026-10-05,2024-10-09,-669.2
2026-10-05,2024-10-10,370072.8383
2026-10-05,2024-10-14,140752.6547
2026-10-05,2024-10-15,-268186.4782
2026-10-05,2024-10-16,116407.4383
2026-10-05,2024-10-17,-320894.0702
2026-10-05,2024-10-18,10404.3313
2026-10-05,2024-10-21,110891.4685
2026-10-05,2024-10-22,30140.7438
2026-10-05,2024-10-23,99959.7795
2026-10-05,2024-10-24,-96460.2591
2026-10-05,2024-10-25,-138861.7782
2026-10-05,2024-10-28,-54754.511
2026-10-05,2024-10-29,90635.47
2026-10-05,2024-10-30,-21129.92
2026-10-05,2024-10-31,-28903.743
2026-10-05,2024-11-01,-10449.508
2026-10-05,2024-11-04,-27205.8272
2026-10-05,2024-11-05,90.3
2026-10-05,2024-11-07,102184.3383
2026-10-05,2024-11-08,42947.5152
2026-10-05,2024-11-11,-94740.5888
2026-10-05,2024-11-12,-43906.5625
2026-10-05,2024-11-13,42586.3056
2026-10-05,2024-11-14,-42288.0411
2026-10-05,2024-11-15,53385.311
2026-10-05,2024-11-19,-12438.4158
2026-10-05,2024-11-20,-48697.514
2026-10-05,2024-11-21,51423.8215
2026-10-05,2024-11-22,55834.836
2026-10-05,2024-11-25,81802.935
2026-10-05,2024-11-26,-57270.5337
2026-10-05,2024-11-27,-10074.5782
2026-10-05,2024-11-28,377462.0416
2026-10-05,2024-11-29,-247900.9998
2026-10-05,2024-12-02,-135986.1666
2026-10-05,2024-12-03,-62192.1096
2026-10-05,2024-12-04,-9852.9585
2026-10-05,2024-12-05,-37017.813
2026-10-05,2024-12-06,-19.1205
2026-10-05,2024-12-09,193794.1079
2026-10-05,2024-12-10,-27274.97
2026-10-05,2024-12-11,41737.3857
2026-10-05,2024-12-12,218528.2705
2026-10-05,2024-12-13,-258292.332
2026-10-05,2024-12-16,-142130.14
2026-10-05,2024-12-17,48440.3696
2026-10-05,2024-12-18,-80955.3856
2026-10-05,2024-12-19,20475.4215
2026-10-05,2024-12-20,-8828.8905
2026-10-05,2024-12-23,38046.077
2026-10-05,2024-12-26,87438.969
2026-10-05,2024-12-27,20718.9264
2026-10-05,2024-12-30,337092.9299
2026-10-05,2025-01-02,-408245.6315
2026-10-05,2025-01-03,36078.7826
2026-10-05,2025-01-06,-12382.1368
2026-10-05,2025-01-07,3966.775
2026-10-05,2025-01-08,-6396.17
2026-10-05,2025-01-09,-7218.953
2026-10-05,2025-01-10,179272.8971
2026-10-05,2025-01-13,160388.6351
2026-10-05,2025-01-14,-97826.4735
2026-10-05,2025-01-15,-129696.2013
2026-10-05,2025-01-16,18025.0388
2026-10-05,2025-01-17,984697.6557
2026-10-05,2025-01-20,-387507.4975
2026-10-05,2025-01-21,-8486.1348
2026-10-05,2025-01-22,212983.4795
2026-10-05,2025-01-23,154987.3121
2026-10-05,2025-01-24,-139336.692
2026-10-05,2025-01-27,378097.7487
2026-10-05,2025-01-28,-636350.4875
2026-10-05,2025-01-29,-238882.6825
2026-10-05,2025-01-30,-66056.657
2026-10-05,2025-01-31,-186433.4947
2026-10-05,2025-02-03,-284735.2839
2026-10-05,2025-02-04,11894.8304
2026-10-05,2025-02-05,17763.0987
2026-10-05,2025-02-06,7537.0883
2026-10-05,2025-02-07,20928.7369
2026-10-05,2025-02-10,-4826.4869
2026-10-05,2025-02-11,-2337.4453
2026-10-05,2025-02-12,135315.7654
2026-10-05,2025-02-13,-16134.2727
2026-10-05,2025-02-14,-150628.6738
2026-10-05,2025-02-17,6839.1236
2026-10-05,2025-02-18,6518.4451
2026-10-05,2025-02-19,8147.017
2026-10-05,2025-02-20,7881.728
2026-10-05,2025-02-21,-3770.6211
2026-10-05,2025-02-24,60055.5623
2026-10-05,2025-02-25,-65981.7102
2026-10-05,2025-02-26,26381.5081
2026-10-05,2025-02-27,-31529.059
2026-10-05,2025-02-28,110106.635
2026-10-05,2025-03-05,498622.9366
2026-10-05,2025-03-06,-536984.6403
2026-10-05,2025-03-07,-55024.8365
2026-10-05,2025-03-10,184219.2984
2026-10-05,2025-03-11,20821.9267
2026-10-05,2025-03-12,107539.3118
2026-10-05,2025-03-13,192366.05
2026-10-05,2025-03-14,-213306.9315
2026-10-05,2025-03-17,-259551.5618
2026-10-05,2025-03-18,-51853.9283
2026-10-05,2025-03-19,48857.2114
2026-10-05,2025-03-20,100434.9375
2026-10-05,2025-03-21,-27006.2132
2026-10-05,2025-03-25,226264.6181
2026-10-05,2025-03-26,-18500.2891
2026-10-05,2025-03-27,-36473.825
2026-10-05,2025-03-28,10624.1761
2026-10-05,2025-03-31,72338.6709
2026-10-05,2025-04-01,-144127.2083
2026-10-05,2025-04-03,-69080.4645
2026-10-05,2025-04-04,84548.3345
2026-10-05,2025-04-07,6084.1479
2026-10-05,2025-04-08,53831.1044
2026-10-05,2025-04-09,290297.239
2026-10-05,2025-04-10,725374.3441
2026-10-05,2025-04-11,-814047.4417
2026-10-05,2025-04-14,-42801.4224
2026-10-05,2025-04-15,-54063.4056
2026-10-05,2025-04-16,-59141.9858
2026-10-05,2025-04-21,-341559.3601
2026-10-05,2025-04-22,-4971.2444
2026-10-05,2025-04-23,-14244.6218
2026-10-05,2025-04-24,-5470.8977
2026-10-05,2025-04-25,-43975.9284
2026-10-05,2025-04-28,0
2026-10-05,2025-04-29,0
2026-10-05,2025-04-30,0
2026-10-05,2025-05-05,0
2026-10-05,2025-05-06,0
2026-10-05,2025-05-07,0
2026-10-05,2025-05-08,0
2026-10-05,2025-05-09,0
2026-10-05,2025-05-12,0
2026-10-05,2025-05-13,0
2026-10-05,2025-05-14,0
2026-10-05,2025-05-15,0
2026-10-05,2025-05-16,0
2026-10-05,2025-05-19,0
2026-10-05,2025-05-20,0
2026-10-05,2025-05-21,0
2026-10-05,2025-05-22,0
2026-10-05,2025-05-23,0
2026-10-05,2025-05-26,0
2026-10-05,2025-05-27,0
2026-10-05,2025-05-28,0
2026-10-05,2025-05-29,0
2026-10-05,2025-05-30,0
2026-10-05,2025-06-02,0
2026-10-05,2025-06-03,0
2026-10-05,2025-06-04,0
2026-10-05,2025-06-05,0
2026-10-05,2025-06-06,0
2026-10-05,2025-06-09,0
2026-10-05,2025-06-10,0
2026-10-05,2025-06-11,0
2026-10-05,2025-06-12,0
2026-10-05,2025-06-13,0
2026-10-05,2025-06-17,0
2026-10-05,2025-06-18,0
2026-10-05,2025-06-19,0
2026-10-05,2025-06-23,0
2026-10-05,2025-06-24,0
2026-10-05,2025-06-25,0
2026-10-05,2025-06-26,0
2026-10-05,2025-06-27,0
2026-10-05,2025-06-30,0
2026-10-05,2025-07-01,0
2026-10-05,2025-07-02,0
2026-10-05,2025-07-03,0
2026-10-05,2025-07-04,0
2026-10-05,2025-07-07,0
2026-10-05,2025-07-08,0
2026-10-05,2025-07-10,0
2026-10-05,2025-07-11,0
2026-10-05,2025-07-14,0
2026-10-05,2025-07-15,0
2026-10-05,2025-07-16,0
2026-10-05,2025-07-17,0
2026-10-05,2025-07-18,0
2026-10-05,2025-07-21,0
2026-10-05,2025-07-22,0
2026-10-05,2025-07-23,0
2026-10-05,2025-07-24,0
2026-10-05,2025-07-25,0
2026-10-05,2025-07-28,0
2026-10-05,2025-07-29,0
2026-10-05,2025-07-30,0
2026-10-05,2025-07-31,0
2026-10-05,2025-08-01,0
2026-10-05,2025-08-04,0
2026-10-05,2025-08-05,0
2026-10-05,2025-08-06,0
2026-10-05,2025-08-07,0
2026-10-05,2025-08-08,0
2026-10-05,2025-08-11,0
2026-10-05,2025-08-12,0
2026-10-05,2025-08-13,0
2026-10-05,2025-08-14,0
2026-10-05,2025-08-18,0
2026-10-05,2025-08-19,0
2026-10-05,2025-08-20,0
2026-10-05,2025-08-21,0
2026-10-05,2025-08-22,0
2026-10-05,2025-08-25,0
2026-10-05,2025-08-26,0
2026-10-05,2025-08-27,0
2026-10-05,2025-08-28,0
2026-10-05,2025-08-29,0
2026-10-05,2025-09-01,0
2026-10-05,2025-09-02,0
2026-10-05,2025-09-03,0
2026-10-05,2025-09-04,0
2026-10-05,2025-09-05,0
2026-10-05,2025-09-08,0
2026-10-05,2025-09-09,0
2026-10-05,2025-09-10,0
2026-10-05,2025-09-11,0
2026-10-05,2025-09-12,0
2026-10-05,2025-09-15,0
2026-10-05,2025-09-16,0
2026-10-05,2025-09-17,0
2026-10-05,2025-09-18,0
2026-10-05,2025-09-19,0
2026-10-05,2025-09-22,0
2026-10-05,2025-09-23,0
2026-10-05,2025-09-24,0
2026-10-05,2025-09-25,0
2026-10-05,2025-09-26,0
2026-10-05,2025-09-29,0
2026-10-05,2025-09-30,0
2026-10-05,2025-10-01,0
2026-10-05,2025-10-02,0
2026-10-05,2025-10-03,0
2026-10-05,2025-10-06,0
2026-10-05,2025-10-07,0
2026-10-05,2025-10-08,0
2026-10-05,2025-10-09,0
2026-10-05,2025-10-13,0
2026-10-05,2025-10-14,0
2026-10-05,2025-10-15,0
2026-10-05,2025-10-16,0
2026-10-05,2025-10-17,0
2026-10-05,2025-10-20,0
2026-10-05,2025-10-21,0
2026-10-05,2025-10-22,0
2026-10-05,2025-10-23,0
2026-10-05,2025-10-24,0
2026-10-05,2025-10-27,0
2026-10-05,2025-10-28,0
2026-10-05,2025-10-29,0
2026-10-05,2025-10-30,0
2026-10-05,2025-10-31,0
2026-10-05,2025-11-03,0
2026-10-05,2025-11-04,0
2026-10-05,2025-11-05,0
2026-10-05,2025-11-07,0
2026-10-05,2025-11-10,0
2026-10-05,2025-11-11,0
2026-10-05,2025-11-12,0
2026-10-05,2025-11-13,0
2026-10-05,2025-11-14,0
2026-10-05,2025-11-17,0
2026-10-05,2025-11-18,0
2026-10-05,2025-11-19,0
2026-10-05,2025-11-20,0
2026-10-05,2025-11-25,0
2026-10-05,2025-11-26,0
2026-10-05,2025-11-27,0
2026-10-05,2025-11-28,0
2026-10-05,2025-12-01,0
2026-10-05,2025-12-02,0
2026-10-05,2025-12-03,0
2026-10-05,2025-12-04,0
2026-10-05,2025-12-05,0
2026-10-05,2025-12-09,0
2026-10-05,2025-12-10,0
2026-10-05,2025-12-11,0
2026-10-05,2025-12-12,0
2026-10-05,2025-12-15,0
2026-10-05,2025-12-16,0
2026-10-05,2025-12-17,0
2026-10-05,2025-12-18,0
2026-10-05,2025-12-19,0
2026-10-05,2025-12-22,0
2026-10-05,2025-12-23,0
2026-10-05,2025-12-26,0
2026-10-05,2025-12-29,0
2026-10-05,2025-12-30,0
2026-10-05,2026-01-02,0
2026-10-05,2026-01-05,0
2026-10-05,2026-01-06,0
2026-10-05,2026-01-07,0
2026-10-05,2026-01-08,0
2026-10-05,2026-01-09,0
2026-10-05,2026-01-12,0
2026-10-05,2026-01-13,0
2026-10-05,2026-01-14,0
2026-10-05,2026-01-15,0
2026-10-05,2026-01-16,0
2026-10-05,2026-01-19,0
2026-10-05,2026-01-20,0
2026-10-05,2026-01-21,0
2026-10-05,2026-01-22,0
2026-10-05,2026-01-23,0
2026-10-05,2026-01-26,0
2026-10-05,2026-01-27,0
2026-10-05,2026-01-28,0
2026-10-05,2026-01-29,0
2026-10-05,2026-01-30,0
2026-10-05,2026-02-02,0
2026-10-05,2026-02-03,0
2026-10-05,2026-02-04,0
2026-10-05,2026-02-05,0
2026-10-05,2026-02-06,0
2026-10-05,2026-02-09,0
2026-10-05,2026-02-10,0
2026-10-05,2026-02-11,0
2026-10-05,2026-02-12,0
2026-10-05,2026-02-13,0
2026-10-05,2026-02-18,0
2026-10-05,2026-02-19,0
2026-10-05,2026-02-20,0
2026-10-05,2026-02-23,0
2026-10-05,2026-02-24,0
2026-10-05,2026-02-25,0
2026-10-05,2026-02-26,0
2026-10-05,2026-02-27,0
2026-10-05,2026-03-02,0
2026-10-05,2026-03-03,0
2026-10-05,2026-03-04,0
2026-10-05,2026-03-05,0
2026-10-05,2026-03-06,0
2026-10-05,2026-03-09,0
2026-10-05,2026-03-10,0
2026-10-05,2026-03-11,0
2026-10-05,2026-03-12,0
2026-10-05,2026-03-13,0
2026-10-05,2026-03-16,0
2026-10-05,2026-03-17,0
2026-10-05,2026-03-18,0
2026-10-05,2026-03-19,0
2026-10-05,2026-03-20,0
2026-10-05,2026-03-25,0
2026-10-05,2026-03-26,0
2026-10-05,2026-03-27,0
2026-10-05,2026-03-30,0
2026-10-05,2026-03-31,0
2026-10-05,2026-04-01,0
2026-10-05,2026-04-06,0
2026-10-05,2026-04-07,0
2026-10-05,2026-04-08,0
2026-10-05,2026-04-09,0
2026-10-05,2026-04-10,0
2026-10-05,2026-04-13,0
2026-10-05,2026-04-14,0
2026-10-05,2026-04-15,0
2026-10-05,2026-04-16,0
2026-10-05,2026-04-17,0
2026-10-05,2026-04-20,0
2026-10-05,2026-04-21,0
2026-10-05,2026-04-22,0
2026-10-05,2026-04-23,0
2026-10-05,2026-04-24,0
2026-10-05,2026-04-27,0
2026-10-05,2026-04-28,0
2026-10-05,2026-04-29,0
2026-10-05,2026-04-30,0
2026-10-05,2026-05-04,0
2026-10-05,2026-05-05,0
2026-10-05,2026-05-06,0
2026-10-05,2026-05-07,0
2026-10-05,2026-05-08,0
2026-10-05,2026-05-11,0
2026-10-05,2026-05-12,0
2026-10-05,2026-05-13,0
2026-10-05,2026-05-14,0
2026-10-05,2026-05-15,0
2026-10-05,2026-05-18,0
2026-10-05,2026-05-19,0
2026-10-05,2026-05-20,0
2026-10-05,2026-05-21,0
2026-10-05,2026-05-22,0
2026-10-05,2026-05-26,0
2026-10-05,2026-05-27,0
2026-10-05,2026-05-28,0
2026-10-05,2026-05-29,0
2026-10-05,2026-06-01,0
2026-10-05,2026-06-02,0
2026-10-05,2026-06-03,0
2026-10-05,2026-06-04,0
2026-10-05,2026-06-05,0
2026-10-05,2026-06-08,0
2026-10-05,2026-06-09,0
2026-10-05,2026-06-10,0
2026-10-05,2026-06-11,0
2026-10-05,2026-06-12,0
2026-10-05,2026-06-16,0
2026-10-05,2026-06-17,0
2026-10-05,2026-06-18,0
2026-10-05,2026-06-19,0
2026-10-05,2026-06-22,0
2026-10-05,2026-06-23,0
2026-10-05,2026-06-24,0
2026-10-05,2026-06-25,0
2026-10-05,2026-06-26,0
2026-10-05,2026-06-29,0
2026-10-05,2026-06-30,0
2026-10-05,2026-07-01,0
2026-10-05,2026-07-02,0
2026-10-05,2026-07-03,0
2026-10-05,2026-07-06,0
2026-10-05,2026-07-07,0
2026-10-05,2026-07-08,0
2026-10-05,2026-07-13,0
2026-10-05,2026-07-14,0
2026-10-05,2026-07-15,0
2026-10-05,2026-07-16,0
2026-10-05,2026-07-17,0
2026-10-05,2026-07-20,0
2026-10-05,2026-07-21,0
2026-10-05,2026-07-22,0
2026-10-05,2026-07-23,0
2026-10-05,2026-07-24,0
2026-10-05,2026-07-27,0
2026-10-05,2026-07-28,0
2026-10-05,2026-07-29,0
2026-10-05,2026-07-30,0
2026-10-05,2026-07-31,0
2026-10-05,2026-08-03,0
2026-10-05,2026-08-04,0
2026-10-05,2026-08-05,0
2026-10-05,2026-08-06,0
2026-10-05,2026-08-07,0
2026-10-05,2026-08-10,0
2026-10-05,2026-08-11,0
2026-10-05,2026-08-12,0
2026-10-05,2026-08-13,0
2026-10-05,2026-08-14,0
2026-10-05,2026-08-18,0
2026-10-05,2026-08-19,0
2026-10-05,2026-08-20,0
2026-10-05,2026-08-21,0
2026-10-05,2026-08-24,0
2026-10-05,2026-08-25,0
2026-10-05,2026-08-26,0
2026-10-05,2026-08-27,0
2026-10-05,2026-08-28,0
2026-10-05,2026-08-31,0
2026-10-05,2026-09-01,0
2026-10-05,2026-09-02,0
2026-10-05,2026-09-03,0
2026-10-05,2026-09-04,0
2026-10-05,2026-09-07,0
2026-10-05,2026-09-08,0
2026-10-05,2026-09-09,0
2026-10-05,2026-09-10,0
2026-10-05,2026-09-11,0
2026-10-05,2026-09-14,0
2026-10-05,2026-09-15,0
2026-10-05,2026-09-16,0
2026-10-05,2026-09-17,0
2026-10-05,2026-09-18,0
2026-10-05,2026-09-21,0
2026-10-05,2026-09-22,0
2026-10-05,2026-09-23,0
2026-10-05,2026-09-24,0
2026-10-05,2026-09-25,0
2026-10-05,2026-09-28,0
2026-10-05,2026-09-29,0
2026-10-05,2026-09-30,0
2026-10-06,2026-10-01,0
2026-10-07,2026-10-02,0
2026-10-08,2026-10-05,0
