vintage,date,value
2026-10-05,1996-01-02,10942
2026-10-05,1996-01-03,10862
2026-10-05,1996-01-04,11026
2026-10-05,1996-01-05,11447
2026-10-05,1996-01-08,11205
2026-10-05,1996-01-09,11126
2026-10-05,1996-01-10,11077
2026-10-05,1996-01-11,11093
2026-10-05,1996-01-12,11193
2026-10-05,1996-01-15,10915
2026-10-05,1996-01-16,10830
2026-10-05,1996-01-17,10807
2026-10-05,1996-01-18,10788
2026-10-05,1996-01-19,10838
2026-10-05,1996-01-22,10530
2026-10-05,1996-01-23,10399
2026-10-05,1996-01-24,10277
2026-10-05,1996-01-25,10245
2026-10-05,1996-01-26,10250
2026-10-05,1996-01-29,10062
2026-10-05,1996-01-30,10075
2026-10-05,1996-01-31,10183
2026-10-05,1996-02-01,10406
2026-10-05,1996-02-02,10732
2026-10-05,1996-02-05,10688
2026-10-05,1996-02-06,10843
2026-10-05,1996-02-07,10913
2026-10-05,1996-02-08,10989
2026-10-05,1996-02-09,11069
2026-10-05,1996-02-12,10764
2026-10-05,1996-02-13,10664
2026-10-05,1996-02-14,10570
2026-10-05,1996-02-15,10601
2026-10-05,1996-02-16,10663
2026-10-05,1996-02-19,10412
2026-10-05,1996-02-20,10384
2026-10-05,1996-02-21,10342
2026-10-05,1996-02-22,10280
2026-10-05,1996-02-23,10244
2026-10-05,1996-02-26,10048
2026-10-05,1996-02-27,9991
2026-10-05,1996-02-28,10022
2026-10-05,1996-02-29,10189
2026-10-05,1996-03-01,10482
2026-10-05,1996-03-04,10463
2026-10-05,1996-03-05,10631
2026-10-05,1996-03-06,10832
2026-10-05,1996-03-07,10986
2026-10-05,1996-03-08,11098
2026-10-05,1996-03-11,10785
2026-10-05,1996-03-12,10651
2026-10-05,1996-03-13,10578
2026-10-05,1996-03-14,10557
2026-10-05,1996-03-15,10585
2026-10-05,1996-03-18,10313
2026-10-05,1996-03-19,10224
2026-10-05,1996-03-20,10202
2026-10-05,1996-03-21,10213
2026-10-05,1996-03-22,10222
2026-10-05,1996-03-25,9916
2026-10-05,1996-03-26,9825
2026-10-05,1996-03-27,9761
2026-10-05,1996-03-28,9901
2026-10-05,1996-03-29,10193
2026-10-05,1996-04-01,10210
2026-10-05,1996-04-02,10499
2026-10-05,1996-04-03,11071
2026-10-05,1996-04-08,10703
2026-10-05,1996-04-09,10597
2026-10-05,1996-04-10,10504
2026-10-05,1996-04-11,10483
2026-10-05,1996-04-12,10530
2026-10-05,1996-04-15,10272
2026-10-05,1996-04-16,10210
2026-10-05,1996-04-17,10216
2026-10-05,1996-04-18,10281
2026-10-05,1996-04-19,10378
2026-10-05,1996-04-22,10130
2026-10-05,1996-04-23,10037
2026-10-05,1996-04-24,9952
2026-10-05,1996-04-25,9932
2026-10-05,1996-04-26,10042
2026-10-05,1996-04-29,9956
2026-10-05,1996-04-30,10143
2026-10-05,1996-05-02,10309
2026-10-05,1996-05-03,10633
2026-10-05,1996-05-06,10607
2026-10-05,1996-05-07,10710
2026-10-05,1996-05-08,10773
2026-10-05,1996-05-09,10832
2026-10-05,1996-05-10,10858
2026-10-05,1996-05-13,10557
2026-10-05,1996-05-14,10456
2026-10-05,1996-05-15,10419
2026-10-05,1996-05-16,10438
2026-10-05,1996-05-17,10548
2026-10-05,1996-05-20,10367
2026-10-05,1996-05-21,10327
2026-10-05,1996-05-22,10293
2026-10-05,1996-05-23,10251
2026-10-05,1996-05-24,10300
2026-10-05,1996-05-27,10037
2026-10-05,1996-05-28,9967
2026-10-05,1996-05-29,9967
2026-10-05,1996-05-30,10100
2026-10-05,1996-05-31,10398
2026-10-05,1996-06-03,10413
2026-10-05,1996-06-04,10568
2026-10-05,1996-06-05,10826
2026-10-05,1996-06-06,11108
2026-10-05,1996-06-07,11340
2026-10-05,1996-06-11,10928
2026-10-05,1996-06-12,10788
2026-10-05,1996-06-13,10750
2026-10-05,1996-06-14,10806
2026-10-05,1996-06-18,10362
2026-10-05,1996-06-19,10320
2026-10-05,1996-06-20,10461
2026-10-05,1996-06-21,10583
2026-10-05,1996-06-24,10380
2026-10-05,1996-06-25,10346
2026-10-05,1996-06-26,10381
2026-10-05,1996-06-27,10552
2026-10-05,1996-06-28,10927
2026-10-05,1996-07-01,11028
2026-10-05,1996-07-02,11221
2026-10-05,1996-07-03,11487
2026-10-05,1996-07-04,11832
2026-10-05,1996-07-05,12259
2026-10-05,1996-07-08,12071
2026-10-05,1996-07-10,11926
2026-10-05,1996-07-11,11877
2026-10-05,1996-07-12,11983
2026-10-05,1996-07-15,11730
2026-10-05,1996-07-16,11675
2026-10-05,1996-07-17,11657
2026-10-05,1996-07-18,11684
2026-10-05,1996-07-19,11833
2026-10-05,1996-07-22,11587
2026-10-05,1996-07-23,11499
2026-10-05,1996-07-24,11367
2026-10-05,1996-07-25,11300
2026-10-05,1996-07-26,11257
2026-10-05,1996-07-29,11009
2026-10-05,1996-07-30,10968
2026-10-05,1996-07-31,11049
2026-10-05,1996-08-01,11226
2026-10-05,1996-08-02,11423
2026-10-05,1996-08-05,11428
2026-10-05,1996-08-06,11570
2026-10-05,1996-08-07,11656
2026-10-05,1996-08-08,11610
2026-10-05,1996-08-09,11740
2026-10-05,1996-08-12,11350
2026-10-05,1996-08-13,11181
2026-10-05,1996-08-14,11061
2026-10-05,1996-08-15,11032
2026-10-05,1996-08-16,11081
2026-10-05,1996-08-20,10774
2026-10-05,1996-08-21,10736
2026-10-05,1996-08-22,10656
2026-10-05,1996-08-23,10648
2026-10-05,1996-08-26,10366
2026-10-05,1996-08-27,10244
2026-10-05,1996-08-28,10212
2026-10-05,1996-08-29,10282
2026-10-05,1996-08-30,10526
2026-10-05,1996-09-02,10532
2026-10-05,1996-09-03,10614
2026-10-05,1996-09-04,10807
2026-10-05,1996-09-05,11131
2026-10-05,1996-09-06,11378
2026-10-05,1996-09-09,11099
2026-10-05,1996-09-10,10945
2026-10-05,1996-09-11,10854
2026-10-05,1996-09-12,10822
2026-10-05,1996-09-13,10878
2026-10-05,1996-09-16,10621
2026-10-05,1996-09-17,10551
2026-10-05,1996-09-18,10517
2026-10-05,1996-09-19,10540
2026-10-05,1996-09-20,10603
2026-10-05,1996-09-23,10317
2026-10-05,1996-09-24,10223
2026-10-05,1996-09-25,10200
2026-10-05,1996-09-26,10161
2026-10-05,1996-09-27,10189
2026-10-05,1996-09-30,10194
2026-10-05,1996-10-01,10306
2026-10-05,1996-10-02,10457
2026-10-05,1996-10-03,10692
2026-10-05,1996-10-04,11104
2026-10-05,1996-10-07,10972
2026-10-05,1996-10-08,10894
2026-10-05,1996-10-09,10832
2026-10-05,1996-10-10,10790
2026-10-05,1996-10-11,10845
2026-10-05,1996-10-14,10509
2026-10-05,1996-10-15,10512
2026-10-05,1996-10-16,10453
2026-10-05,1996-10-17,10459
2026-10-05,1996-10-18,10617
2026-10-05,1996-10-21,10353
2026-10-05,1996-10-22,10228
2026-10-05,1996-10-23,10115
2026-10-05,1996-10-24,10065
2026-10-05,1996-10-25,10063
2026-10-05,1996-10-28,9834
2026-10-05,1996-10-29,9782
2026-10-05,1996-10-30,9836
2026-10-05,1996-10-31,10015
2026-10-05,1996-11-01,10306
2026-10-05,1996-11-04,10331
2026-10-05,1996-11-05,10583
2026-10-05,1996-11-06,10682
2026-10-05,1996-11-07,10858
2026-10-05,1996-11-08,11015
2026-10-05,1996-11-11,10722
2026-10-05,1996-11-12,10567
2026-10-05,1996-11-13,10502
2026-10-05,1996-11-14,10513
2026-10-05,1996-11-15,10569
2026-10-05,1996-11-18,10333
2026-10-05,1996-11-19,10269
2026-10-05,1996-11-20,10302
2026-10-05,1996-11-21,10337
2026-10-05,1996-11-22,10354
2026-10-05,1996-11-25,10076
2026-10-05,1996-11-26,9977
2026-10-05,1996-11-27,9986
2026-10-05,1996-11-28,10049
2026-10-05,1996-11-29,10313
2026-10-05,1996-12-02,10333
2026-10-05,1996-12-03,10462
2026-10-05,1996-12-04,10672
2026-10-05,1996-12-05,10982
2026-10-05,1996-12-06,11256
2026-10-05,1996-12-09,11037
2026-10-05,1996-12-10,10917
2026-10-05,1996-12-11,10866
2026-10-05,1996-12-12,10866
2026-10-05,1996-12-13,10952
2026-10-05,1996-12-16,10773
2026-10-05,1996-12-17,10742
2026-10-05,1996-12-18,10861
2026-10-05,1996-12-19,11084
2026-10-05,1996-12-20,11550
2026-10-05,1996-12-23,11643
2026-10-05,1996-12-24,11541
2026-10-05,1996-12-26,11509
2026-10-05,1996-12-27,11806
2026-10-05,1996-12-30,11887
2026-10-05,1997-01-02,11689
2026-10-05,1997-01-03,11863
2026-10-05,1997-01-06,11872
2026-10-05,1997-01-07,11870
2026-10-05,1997-01-08,11960
2026-10-05,1997-01-09,11982
2026-10-05,1997-01-10,12073
2026-10-05,1997-01-13,11814
2026-10-05,1997-01-14,11758
2026-10-05,1997-01-15,11740
2026-10-05,1997-01-16,11772
2026-10-05,1997-01-17,11878
2026-10-05,1997-01-20,11615
2026-10-05,1997-01-21,11486
2026-10-05,1997-01-22,11385
2026-10-05,1997-01-23,11302
2026-10-05,1997-01-24,11274
2026-10-05,1997-01-27,11001
2026-10-05,1997-01-28,10893
2026-10-05,1997-01-29,10869
2026-10-05,1997-01-30,10962
2026-10-05,1997-01-31,11231
2026-10-05,1997-02-03,11258
2026-10-05,1997-02-04,11307
2026-10-05,1997-02-05,11504
2026-10-05,1997-02-06,11711
2026-10-05,1997-02-07,11923
2026-10-05,1997-02-10,11654
2026-10-05,1997-02-11,11516
2026-10-05,1997-02-12,11447
2026-10-05,1997-02-13,11439
2026-10-05,1997-02-14,11515
2026-10-05,1997-02-17,11282
2026-10-05,1997-02-18,11194
2026-10-05,1997-02-19,11177
2026-10-05,1997-02-20,11218
2026-10-05,1997-02-21,11265
2026-10-05,1997-02-24,10991
2026-10-05,1997-02-25,10882
2026-10-05,1997-02-26,10847
2026-10-05,1997-02-27,10935
2026-10-05,1997-02-28,11217
2026-10-05,1997-03-03,11224
2026-10-05,1997-03-04,11314
2026-10-05,1997-03-05,11544
2026-10-05,1997-03-06,11812
2026-10-05,1997-03-07,12069
2026-10-05,1997-03-10,11768
2026-10-05,1997-03-11,11630
2026-10-05,1997-03-12,11504
2026-10-05,1997-03-13,11539
2026-10-05,1997-03-14,11586
2026-10-05,1997-03-17,11341
2026-10-05,1997-03-18,11245
2026-10-05,1997-03-19,11239
2026-10-05,1997-03-20,11323
2026-10-05,1997-03-21,11396
2026-10-05,1997-03-24,11127
2026-10-05,1997-03-25,11117
2026-10-05,1997-03-26,11269
2026-10-05,1997-03-31,11050
2026-10-05,1997-04-01,11133
2026-10-05,1997-04-02,11255
2026-10-05,1997-04-03,11496
2026-10-05,1997-04-04,12016
2026-10-05,1997-04-07,11843
2026-10-05,1997-04-08,11798
2026-10-05,1997-04-09,11729
2026-10-05,1997-04-10,11712
2026-10-05,1997-04-11,11766
2026-10-05,1997-04-14,11494
2026-10-05,1997-04-15,11382
2026-10-05,1997-04-16,11401
2026-10-05,1997-04-17,11403
2026-10-05,1997-04-18,11529
2026-10-05,1997-04-21,11309
2026-10-05,1997-04-22,11172
2026-10-05,1997-04-23,11074
2026-10-05,1997-04-24,11019
2026-10-05,1997-04-25,11074
2026-10-05,1997-04-28,10857
2026-10-05,1997-04-29,10912
2026-10-05,1997-04-30,11171
2026-10-05,1997-05-02,11424
2026-10-05,1997-05-05,11450
2026-10-05,1997-05-06,11597
2026-10-05,1997-05-07,11768
2026-10-05,1997-05-08,11879
2026-10-05,1997-05-09,12014
2026-10-05,1997-05-12,11709
2026-10-05,1997-05-13,11592
2026-10-05,1997-05-14,11534
2026-10-05,1997-05-15,11534
2026-10-05,1997-05-16,11639
2026-10-05,1997-05-19,11415
2026-10-05,1997-05-20,11397
2026-10-05,1997-05-21,11409
2026-10-05,1997-05-22,11443
2026-10-05,1997-05-23,11459
2026-10-05,1997-05-26,11194
2026-10-05,1997-05-27,11085
2026-10-05,1997-05-28,11050
2026-10-05,1997-05-29,11161
2026-10-05,1997-05-30,11442
2026-10-05,1997-06-02,11464
2026-10-05,1997-06-03,11559
2026-10-05,1997-06-04,11784
2026-10-05,1997-06-05,12083
2026-10-05,1997-06-06,12429
2026-10-05,1997-06-10,12054
2026-10-05,1997-06-11,11896
2026-10-05,1997-06-12,11866
2026-10-05,1997-06-13,11925
2026-10-05,1997-06-17,11583
2026-10-05,1997-06-18,11493
2026-10-05,1997-06-19,11535
2026-10-05,1997-06-20,11672
2026-10-05,1997-06-23,11449
2026-10-05,1997-06-24,11403
2026-10-05,1997-06-25,11338
2026-10-05,1997-06-26,11382
2026-10-05,1997-06-27,11633
2026-10-05,1997-06-30,11694
2026-10-05,1997-07-01,11936
2026-10-05,1997-07-02,12154
2026-10-05,1997-07-03,12495
2026-10-05,1997-07-04,13087
2026-10-05,1997-07-07,13038
2026-10-05,1997-07-08,13066
2026-10-05,1997-07-10,12969
2026-10-05,1997-07-11,13047
2026-10-05,1997-07-14,12782
2026-10-05,1997-07-15,12723
2026-10-05,1997-07-16,12704
2026-10-05,1997-07-17,12747
2026-10-05,1997-07-18,12891
2026-10-05,1997-07-21,12691
2026-10-05,1997-07-22,12638
2026-10-05,1997-07-23,12517
2026-10-05,1997-07-24,12436
2026-10-05,1997-07-25,12393
2026-10-05,1997-07-28,12142
2026-10-05,1997-07-29,12040
2026-10-05,1997-07-30,12042
2026-10-05,1997-07-31,12221
2026-10-05,1997-08-01,12523
2026-10-05,1997-08-04,12462
2026-10-05,1997-08-05,12633
2026-10-05,1997-08-06,12831
2026-10-05,1997-08-07,12990
2026-10-05,1997-08-08,13104
2026-10-05,1997-08-11,12783
2026-10-05,1997-08-12,12657
2026-10-05,1997-08-13,12558
2026-10-05,1997-08-14,12510
2026-10-05,1997-08-15,12646
2026-10-05,1997-08-19,12301
2026-10-05,1997-08-20,12216
2026-10-05,1997-08-21,12244
2026-10-05,1997-08-22,12316
2026-10-05,1997-08-25,12042
2026-10-05,1997-08-26,11921
2026-10-05,1997-08-27,11846
2026-10-05,1997-08-28,11933
2026-10-05,1997-08-29,12155
2026-10-05,1997-09-01,12200
2026-10-05,1997-09-02,12290
2026-10-05,1997-09-03,12434
2026-10-05,1997-09-04,12696
2026-10-05,1997-09-05,13075
2026-10-05,1997-09-08,12866
2026-10-05,1997-09-09,12754
2026-10-05,1997-09-10,12691
2026-10-05,1997-09-11,12649
2026-10-05,1997-09-12,12708
2026-10-05,1997-09-15,12434
2026-10-05,1997-09-16,12349
2026-10-05,1997-09-17,12295
2026-10-05,1997-09-18,12287
2026-10-05,1997-09-19,12407
2026-10-05,1997-09-22,12125
2026-10-05,1997-09-23,11987
2026-10-05,1997-09-24,11901
2026-10-05,1997-09-25,11859
2026-10-05,1997-09-26,11917
2026-10-05,1997-09-29,11798
2026-10-05,1997-09-30,11901
2026-10-05,1997-10-01,12139
2026-10-05,1997-10-02,12377
2026-10-05,1997-10-03,12737
2026-10-05,1997-10-06,12769
2026-10-05,1997-10-07,12820
2026-10-05,1997-10-08,12810
2026-10-05,1997-10-09,12831
2026-10-05,1997-10-10,12891
2026-10-05,1997-10-13,12599
2026-10-05,1997-10-14,12515
2026-10-05,1997-10-15,12482
2026-10-05,1997-10-16,12499
2026-10-05,1997-10-17,12605
2026-10-05,1997-10-20,12375
2026-10-05,1997-10-21,12329
2026-10-05,1997-10-22,12255
2026-10-05,1997-10-23,12176
2026-10-05,1997-10-24,12192
2026-10-05,1997-10-27,11939
2026-10-05,1997-10-28,11823
2026-10-05,1997-10-29,11763
2026-10-05,1997-10-30,11868
2026-10-05,1997-10-31,12089
2026-10-05,1997-11-03,12152
2026-10-05,1997-11-04,12210
2026-10-05,1997-11-05,12434
2026-10-05,1997-11-06,12634
2026-10-05,1997-11-07,12883
2026-10-05,1997-11-10,12638
2026-10-05,1997-11-11,12496
2026-10-05,1997-11-12,12412
2026-10-05,1997-11-13,12377
2026-10-05,1997-11-14,12429
2026-10-05,1997-11-17,12187
2026-10-05,1997-11-18,12084
2026-10-05,1997-11-19,12055
2026-10-05,1997-11-20,12122
2026-10-05,1997-11-21,12198
2026-10-05,1997-11-24,11896
2026-10-05,1997-11-25,11779
2026-10-05,1997-11-26,11719
2026-10-05,1997-11-27,11807
2026-10-05,1997-11-28,12059
2026-10-05,1997-12-01,12130
2026-10-05,1997-12-02,12252
2026-10-05,1997-12-03,12387
2026-10-05,1997-12-04,12688
2026-10-05,1997-12-05,13085
2026-10-05,1997-12-09,12790
2026-10-05,1997-12-10,12645
2026-10-05,1997-12-11,12607
2026-10-05,1997-12-12,12690
2026-10-05,1997-12-15,12455
2026-10-05,1997-12-16,12433
2026-10-05,1997-12-17,12466
2026-10-05,1997-12-18,12642
2026-10-05,1997-12-19,12973
2026-10-05,1997-12-22,13085
2026-10-05,1997-12-23,13460
2026-10-05,1997-12-24,13400
2026-10-05,1997-12-26,13405
2026-10-05,1997-12-29,13345
2026-10-05,1997-12-31,13416
2026-10-05,1998-01-02,13432
2026-10-05,1998-01-05,13333
2026-10-05,1998-01-06,13389
2026-10-05,1998-01-07,13488
2026-10-05,1998-01-08,13592
2026-10-05,1998-01-09,13659
2026-10-05,1998-01-12,13327
2026-10-05,1998-01-13,13139
2026-10-05,1998-01-14,13046
2026-10-05,1998-01-15,13014
2026-10-05,1998-01-16,13052
2026-10-05,1998-01-19,12783
2026-10-05,1998-01-20,12704
2026-10-05,1998-01-21,12628
2026-10-05,1998-01-22,12690
2026-10-05,1998-01-23,12722
2026-10-05,1998-01-26,12462
2026-10-05,1998-01-27,12335
2026-10-05,1998-01-28,12252
2026-10-05,1998-01-29,12334
2026-10-05,1998-01-30,12550
2026-10-05,1998-02-02,12547
2026-10-05,1998-02-03,12604
2026-10-05,1998-02-04,12788
2026-10-05,1998-02-05,13043
2026-10-05,1998-02-06,13297
2026-10-05,1998-02-09,13112
2026-10-05,1998-02-10,12994
2026-10-05,1998-02-11,12917
2026-10-05,1998-02-12,12869
2026-10-05,1998-02-13,12919
2026-10-05,1998-02-16,12686
2026-10-05,1998-02-17,12586
2026-10-05,1998-02-18,12442
2026-10-05,1998-02-19,12559
2026-10-05,1998-02-20,12632
2026-10-05,1998-02-23,12345
2026-10-05,1998-02-24,12218
2026-10-05,1998-02-25,12125
2026-10-05,1998-02-26,12203
2026-10-05,1998-02-27,12401
2026-10-05,1998-03-02,12448
2026-10-05,1998-03-03,12515
2026-10-05,1998-03-04,12654
2026-10-05,1998-03-05,12922
2026-10-05,1998-03-06,13264
2026-10-05,1998-03-09,13054
2026-10-05,1998-03-10,12904
2026-10-05,1998-03-11,12796
2026-10-05,1998-03-12,12791
2026-10-05,1998-03-13,12841
2026-10-05,1998-03-16,12587
2026-10-05,1998-03-17,12486
2026-10-05,1998-03-18,12440
2026-10-05,1998-03-19,12455
2026-10-05,1998-03-20,12570
2026-10-05,1998-03-23,12297
2026-10-05,1998-03-24,12157
2026-10-05,1998-03-25,12070
2026-10-05,1998-03-26,12053
2026-10-05,1998-03-27,12124
2026-10-05,1998-03-30,12002
2026-10-05,1998-03-31,12099
2026-10-05,1998-04-01,12327
2026-10-05,1998-04-02,12543
2026-10-05,1998-04-03,12910
2026-10-05,1998-04-06,13001
2026-10-05,1998-04-07,13185
2026-10-05,1998-04-08,13338
2026-10-05,1998-04-13,12874
2026-10-05,1998-04-14,12724
2026-10-05,1998-04-15,12577
2026-10-05,1998-04-16,12583
2026-10-05,1998-04-17,12668
2026-10-05,1998-04-20,12498
2026-10-05,1998-04-21,12364
2026-10-05,1998-04-22,12401
2026-10-05,1998-04-23,12387
2026-10-05,1998-04-24,12389
2026-10-05,1998-04-27,12135
2026-10-05,1998-04-28,12065
2026-10-05,1998-04-29,12164
2026-10-05,1998-04-30,12426
2026-10-05,1998-05-04,12467
2026-10-05,1998-05-05,12588
2026-10-05,1998-05-06,12755
2026-10-05,1998-05-07,12968
2026-10-05,1998-05-08,13209
2026-10-05,1998-05-11,12970
2026-10-05,1998-05-12,12809
2026-10-05,1998-05-13,12705
2026-10-05,1998-05-14,12720
2026-10-05,1998-05-15,12768
2026-10-05,1998-05-18,12530
2026-10-05,1998-05-19,12420
2026-10-05,1998-05-20,12429
2026-10-05,1998-05-21,12493
2026-10-05,1998-05-22,12611
2026-10-05,1998-05-26,12298
2026-10-05,1998-05-27,12175
2026-10-05,1998-05-28,12245
2026-10-05,1998-05-29,12473
2026-10-05,1998-06-01,12525
2026-10-05,1998-06-02,12611
2026-10-05,1998-06-03,12734
2026-10-05,1998-06-04,13010
2026-10-05,1998-06-05,13397
2026-10-05,1998-06-09,13136
2026-10-05,1998-06-10,12991
2026-10-05,1998-06-11,12955
2026-10-05,1998-06-12,13030
2026-10-05,1998-06-16,12697
2026-10-05,1998-06-17,12582
2026-10-05,1998-06-18,12562
2026-10-05,1998-06-19,12694
2026-10-05,1998-06-22,12469
2026-10-05,1998-06-23,12394
2026-10-05,1998-06-24,12290
2026-10-05,1998-06-25,12277
2026-10-05,1998-06-26,12346
2026-10-05,1998-06-29,12298
2026-10-05,1998-06-30,12424
2026-10-05,1998-07-01,12735
2026-10-05,1998-07-02,13045
2026-10-05,1998-07-03,13408
2026-10-05,1998-07-06,13598
2026-10-05,1998-07-07,13740
2026-10-05,1998-07-08,13887
2026-10-05,1998-07-10,13935
2026-10-05,1998-07-13,13693
2026-10-05,1998-07-14,13623
2026-10-05,1998-07-15,13593
2026-10-05,1998-07-16,13643
2026-10-05,1998-07-17,13790
2026-10-05,1998-07-20,13578
2026-10-05,1998-07-21,13548
2026-10-05,1998-07-22,13538
2026-10-05,1998-07-23,13454
2026-10-05,1998-07-24,13413
2026-10-05,1998-07-27,13142
2026-10-05,1998-07-28,13001
2026-10-05,1998-07-29,12932
2026-10-05,1998-07-30,13035
2026-10-05,1998-07-31,13201
2026-10-05,1998-08-03,13263
2026-10-05,1998-08-04,13321
2026-10-05,1998-08-05,13474
2026-10-05,1998-08-06,13708
2026-10-05,1998-08-07,13997
2026-10-05,1998-08-10,13722
2026-10-05,1998-08-11,13580
2026-10-05,1998-08-12,13463
2026-10-05,1998-08-13,13437
2026-10-05,1998-08-14,13491
2026-10-05,1998-08-18,13177
2026-10-05,1998-08-19,13040
2026-10-05,1998-08-20,13008
2026-10-05,1998-08-21,13102
2026-10-05,1998-08-24,13128
2026-10-05,1998-08-25,12706
2026-10-05,1998-08-26,12579
2026-10-05,1998-08-27,12557
2026-10-05,1998-08-28,12683
2026-10-05,1998-08-31,12656
2026-10-05,1998-09-01,12699
2026-10-05,1998-09-02,12840
2026-10-05,1998-09-03,13012
2026-10-05,1998-09-04,13435
2026-10-05,1998-09-07,13303
2026-10-05,1998-09-08,13165
2026-10-05,1998-09-09,13068
2026-10-05,1998-09-10,13031
2026-10-05,1998-09-11,13047
2026-10-05,1998-09-14,12764
2026-10-05,1998-09-15,12619
2026-10-05,1998-09-16,12526
2026-10-05,1998-09-17,12531
2026-10-05,1998-09-18,12600
2026-10-05,1998-09-21,12436
2026-10-05,1998-09-22,12303
2026-10-05,1998-09-23,12196
2026-10-05,1998-09-24,12141
2026-10-05,1998-09-25,12145
2026-10-05,1998-09-28,11951
2026-10-05,1998-09-29,11907
2026-10-05,1998-09-30,12013
2026-10-05,1998-10-01,12274
2026-10-05,1998-10-02,12572
2026-10-05,1998-10-05,12593
2026-10-05,1998-10-06,12715
2026-10-05,1998-10-07,12847
2026-10-05,1998-10-08,12962
2026-10-05,1998-10-09,13029
2026-10-05,1998-10-13,12677
2026-10-05,1998-10-14,12524
2026-10-05,1998-10-15,12508
2026-10-05,1998-10-16,12550
2026-10-05,1998-10-19,12284
2026-10-05,1998-10-20,12206
2026-10-05,1998-10-21,12212
2026-10-05,1998-10-22,12232
2026-10-05,1998-10-23,12224
2026-10-05,1998-10-26,11980
2026-10-05,1998-10-27,11852
2026-10-05,1998-10-28,11797
2026-10-05,1998-10-29,11870
2026-10-05,1998-10-30,12063
2026-10-05,1998-11-02,12153
2026-10-05,1998-11-03,12273
2026-10-05,1998-11-04,12424
2026-10-05,1998-11-05,12830
2026-10-05,1998-11-06,12939
2026-10-05,1998-11-09,12822
2026-10-05,1998-11-10,12677
2026-10-05,1998-11-11,12591
2026-10-05,1998-11-12,12598
2026-10-05,1998-11-13,12712
2026-10-05,1998-11-16,12466
2026-10-05,1998-11-17,12385
2026-10-05,1998-11-18,12328
2026-10-05,1998-11-19,12374
2026-10-05,1998-11-20,12471
2026-10-05,1998-11-23,12195
2026-10-05,1998-11-24,12068
2026-10-05,1998-11-25,11974
2026-10-05,1998-11-26,11977
2026-10-05,1998-11-27,12153
2026-10-05,1998-11-30,12094
2026-10-05,1998-12-01,12238
2026-10-05,1998-12-02,12415
2026-10-05,1998-12-03,12692
2026-10-05,1998-12-04,13120
2026-10-05,1998-12-07,13098
2026-10-05,1998-12-09,12951
2026-10-05,1998-12-10,12873
2026-10-05,1998-12-11,12925
2026-10-05,1998-12-14,12749
2026-10-05,1998-12-15,12598
2026-10-05,1998-12-16,12609
2026-10-05,1998-12-17,12758
2026-10-05,1998-12-18,13001
2026-10-05,1998-12-21,13036
2026-10-05,1998-12-22,13295
2026-10-05,1998-12-23,13728
2026-10-05,1998-12-24,13670
2026-10-05,1998-12-28,13572
2026-10-05,1998-12-29,13633
2026-10-05,1998-12-30,13846
2026-10-05,1999-01-04,13616
2026-10-05,1999-01-05,13605
2026-10-05,1999-01-06,13640
2026-10-05,1999-01-07,13769
2026-10-05,1999-01-08,13939
2026-10-05,1999-01-11,13714
2026-10-05,1999-01-12,13592
2026-10-05,1999-01-13,13464
2026-10-05,1999-01-14,13419
2026-10-05,1999-01-15,13368
2026-10-05,1999-01-18,13117
2026-10-05,1999-01-19,13005
2026-10-05,1999-01-20,12946
2026-10-05,1999-01-21,12932
2026-10-05,1999-01-22,12961
2026-10-05,1999-01-25,12738
2026-10-05,1999-01-26,12606
2026-10-05,1999-01-27,12500
2026-10-05,1999-01-28,12508
2026-10-05,1999-01-29,12683
2026-10-05,1999-02-01,12695
2026-10-05,1999-02-02,12755
2026-10-05,1999-02-03,12835
2026-10-05,1999-02-04,13059
2026-10-05,1999-02-05,13341
2026-10-05,1999-02-08,13216
2026-10-05,1999-02-09,13092
2026-10-05,1999-02-10,12985
2026-10-05,1999-02-11,12972
2026-10-05,1999-02-12,13022
2026-10-05,1999-02-15,12781
2026-10-05,1999-02-16,12669
2026-10-05,1999-02-17,12608
2026-10-05,1999-02-18,12628
2026-10-05,1999-02-19,12687
2026-10-05,1999-02-22,12436
2026-10-05,1999-02-23,12305
2026-10-05,1999-02-24,12226
2026-10-05,1999-02-25,12232
2026-10-05,1999-02-26,12405
2026-10-05,1999-03-01,12467
2026-10-05,1999-03-02,12515
2026-10-05,1999-03-03,12623
2026-10-05,1999-03-04,12850
2026-10-05,1999-03-05,13182
2026-10-05,1999-03-08,13021
2026-10-05,1999-03-09,12925
2026-10-05,1999-03-10,12832
2026-10-05,1999-03-11,12796
2026-10-05,1999-03-12,12858
2026-10-05,1999-03-15,12626
2026-10-05,1999-03-16,12516
2026-10-05,1999-03-17,12473
2026-10-05,1999-03-18,12447
2026-10-05,1999-03-19,12589
2026-10-05,1999-03-22,12349
2026-10-05,1999-03-23,12173
2026-10-05,1999-03-24,12092
2026-10-05,1999-03-25,12026
2026-10-05,1999-03-26,12041
2026-10-05,1999-03-29,11876
2026-10-05,1999-03-30,11950
2026-10-05,1999-03-31,12224
2026-10-05,1999-04-05,12242
2026-10-05,1999-04-06,12313
2026-10-05,1999-04-07,12400
2026-10-05,1999-04-08,12531
2026-10-05,1999-04-09,12708
2026-10-05,1999-04-12,12513
2026-10-05,1999-04-13,12392
2026-10-05,1999-04-14,12333
2026-10-05,1999-04-15,12334
2026-10-05,1999-04-16,12401
2026-10-05,1999-04-19,12236
2026-10-05,1999-04-20,12152
2026-10-05,1999-04-21,12157
2026-10-05,1999-04-22,12172
2026-10-05,1999-04-23,12233
2026-10-05,1999-04-26,12009
2026-10-05,1999-04-27,11874
2026-10-05,1999-04-28,11813
2026-10-05,1999-04-29,11953
2026-10-05,1999-04-30,12195
2026-10-05,1999-05-03,12266
2026-10-05,1999-05-04,12323
2026-10-05,1999-05-05,12515
2026-10-05,1999-05-06,13043
2026-10-05,1999-05-07,12976
2026-10-05,1999-05-10,12814
2026-10-05,1999-05-11,12653
2026-10-05,1999-05-12,12561
2026-10-05,1999-05-13,12528
2026-10-05,1999-05-14,12576
2026-10-05,1999-05-17,12370
2026-10-05,1999-05-18,12300
2026-10-05,1999-05-19,12252
2026-10-05,1999-05-20,12296
2026-10-05,1999-05-21,12361
2026-10-05,1999-05-24,12133
2026-10-05,1999-05-26,11908
2026-10-05,1999-05-27,11835
2026-10-05,1999-05-28,11925
2026-10-05,1999-05-31,11903
2026-10-05,1999-06-01,12012
2026-10-05,1999-06-02,12156
2026-10-05,1999-06-03,12357
2026-10-05,1999-06-04,12742
2026-10-05,1999-06-07,12691
2026-10-05,1999-06-08,12583
2026-10-05,1999-06-09,12520
2026-10-05,1999-06-10,12491
2026-10-05,1999-06-11,12566
2026-10-05,1999-06-15,12264
2026-10-05,1999-06-16,12155
2026-10-05,1999-06-17,12155
2026-10-05,1999-06-18,12255
2026-10-05,1999-06-22,12031
2026-10-05,1999-06-23,11943
2026-10-05,1999-06-24,11878
2026-10-05,1999-06-25,11912
2026-10-05,1999-06-28,11727
2026-10-05,1999-06-29,11739
2026-10-05,1999-06-30,11904
2026-10-05,1999-07-01,12132
2026-10-05,1999-07-02,12433
2026-10-05,1999-07-05,12642
2026-10-05,1999-07-06,12849
2026-10-05,1999-07-07,13096
2026-10-05,1999-07-08,13372
2026-10-05,1999-07-12,13128
2026-10-05,1999-07-13,13008
2026-10-05,1999-07-14,12977
2026-10-05,1999-07-15,12989
2026-10-05,1999-07-16,13101
2026-10-05,1999-07-19,12943
2026-10-05,1999-07-20,12857
2026-10-05,1999-07-21,12860
2026-10-05,1999-07-22,12908
2026-10-05,1999-07-23,12891
2026-10-05,1999-07-26,12638
2026-10-05,1999-07-27,12484
2026-10-05,1999-07-28,12403
2026-10-05,1999-07-29,12465
2026-10-05,1999-07-30,12620
2026-10-05,1999-08-02,12647
2026-10-05,1999-08-03,12708
2026-10-05,1999-08-04,12826
2026-10-05,1999-08-05,13106
2026-10-05,1999-08-06,13374
2026-10-05,1999-08-09,13220
2026-10-05,1999-08-10,13100
2026-10-05,1999-08-11,13012
2026-10-05,1999-08-12,13002
2026-10-05,1999-08-13,13052
2026-10-05,1999-08-17,12810
2026-10-05,1999-08-18,12650
2026-10-05,1999-08-19,12648
2026-10-05,1999-08-20,12706
2026-10-05,1999-08-23,12514
2026-10-05,1999-08-24,12348
2026-10-05,1999-08-25,12250
2026-10-05,1999-08-26,12195
2026-10-05,1999-08-27,12222
2026-10-05,1999-08-30,12084
2026-10-05,1999-08-31,12129
2026-10-05,1999-09-01,12258
2026-10-05,1999-09-02,12467
2026-10-05,1999-09-03,12696
2026-10-05,1999-09-06,12784
2026-10-05,1999-09-07,12800
2026-10-05,1999-09-08,12802
2026-10-05,1999-09-09,12813
2026-10-05,1999-09-10,12843
2026-10-05,1999-09-13,12611
2026-10-05,1999-09-14,12484
2026-10-05,1999-09-15,12400
2026-10-05,1999-09-16,12384
2026-10-05,1999-09-17,12446
2026-10-05,1999-09-20,12273
2026-10-05,1999-09-21,12206
2026-10-05,1999-09-22,12133
2026-10-05,1999-09-23,12077
2026-10-05,1999-09-24,12094
2026-10-05,1999-09-27,11860
2026-10-05,1999-09-28,11773
2026-10-05,1999-09-29,11774
2026-10-05,1999-09-30,11960
2026-10-05,1999-10-01,12218
2026-10-05,1999-10-04,12305
2026-10-05,1999-10-05,12396
2026-10-05,1999-10-06,12594
2026-10-05,1999-10-07,12802
2026-10-05,1999-10-08,12922
2026-10-05,1999-10-12,12595
2026-10-05,1999-10-13,12452
2026-10-05,1999-10-14,12389
2026-10-05,1999-10-15,12412
2026-10-05,1999-10-18,12202
2026-10-05,1999-10-19,12108
2026-10-05,1999-10-20,12063
2026-10-05,1999-10-21,12114
2026-10-05,1999-10-22,12178
2026-10-05,1999-10-25,11964
2026-10-05,1999-10-26,11809
2026-10-05,1999-10-27,11726
2026-10-05,1999-10-28,11823
2026-10-05,1999-10-29,11996
2026-10-05,1999-11-01,12028
2026-10-05,1999-11-02,12078
2026-10-05,1999-11-03,12219
2026-10-05,1999-11-04,12481
2026-10-05,1999-11-05,12792
2026-10-05,1999-11-08,12676
2026-10-05,1999-11-09,12569
2026-10-05,1999-11-10,12473
2026-10-05,1999-11-11,12452
2026-10-05,1999-11-12,12503
2026-10-05,1999-11-15,12307
2026-10-05,1999-11-16,12185
2026-10-05,1999-11-17,12134
2026-10-05,1999-11-18,12175
2026-10-05,1999-11-19,12240
2026-10-05,1999-11-22,12037
2026-10-05,1999-11-23,11889
2026-10-05,1999-11-24,11814
2026-10-05,1999-11-25,11774
2026-10-05,1999-11-26,11807
2026-10-05,1999-11-29,11724
2026-10-05,1999-11-30,11783
2026-10-05,1999-12-01,11908
2026-10-05,1999-12-02,12171
2026-10-05,1999-12-03,12445
2026-10-05,1999-12-06,12599
2026-10-05,1999-12-07,12679
2026-10-05,1999-12-09,12762
2026-10-05,1999-12-10,12684
2026-10-05,1999-12-13,12520
2026-10-05,1999-12-14,12409
2026-10-05,1999-12-15,12402
2026-10-05,1999-12-16,12445
2026-10-05,1999-12-17,12591
2026-10-05,1999-12-20,12549
2026-10-05,1999-12-21,12637
2026-10-05,1999-12-22,12971
2026-10-05,1999-12-23,13299
2026-10-05,1999-12-24,13174
2026-10-05,1999-12-27,13262
2026-10-05,1999-12-28,13317
2026-10-05,1999-12-29,13722
2026-10-05,1999-12-31,13539
2026-10-05,2000-01-03,13530
2026-10-05,2000-01-04,13407
2026-10-05,2000-01-05,13419
2026-10-05,2000-01-06,13551
2026-10-05,2000-01-07,13747
2026-10-05,2000-01-10,13430
2026-10-05,2000-01-11,13233
2026-10-05,2000-01-12,13121
2026-10-05,2000-01-13,13062
2026-10-05,2000-01-14,13065
2026-10-05,2000-01-17,12806
2026-10-05,2000-01-18,12685
2026-10-05,2000-01-19,12598
2026-10-05,2000-01-20,12578
2026-10-05,2000-01-21,12603
2026-10-05,2000-01-24,12384
2026-10-05,2000-01-25,12233
2026-10-05,2000-01-26,12140
2026-10-05,2000-01-27,12086
2026-10-05,2000-01-28,12163
2026-10-05,2000-01-31,12088
2026-10-05,2000-02-01,12168
2026-10-05,2000-02-02,12281
2026-10-05,2000-02-03,12397
2026-10-05,2000-02-04,12671
2026-10-05,2000-02-07,12637
2026-10-05,2000-02-08,12604
2026-10-05,2000-02-09,12559
2026-10-05,2000-02-10,12518
2026-10-05,2000-02-11,12533
2026-10-05,2000-02-14,12291
2026-10-05,2000-02-15,12184
2026-10-05,2000-02-16,12139
2026-10-05,2000-02-17,12105
2026-10-05,2000-02-18,12156
2026-10-05,2000-02-21,11947
2026-10-05,2000-02-22,11822
2026-10-05,2000-02-23,11755
2026-10-05,2000-02-24,11704
2026-10-05,2000-02-25,11705
2026-10-05,2000-02-28,11527
2026-10-05,2000-02-29,11531
2026-10-05,2000-03-01,11743
2026-10-05,2000-03-02,11871
2026-10-05,2000-03-03,12160
2026-10-05,2000-03-06,12189
2026-10-05,2000-03-07,12284
2026-10-05,2000-03-08,12288
2026-10-05,2000-03-09,12284
2026-10-05,2000-03-10,12350
2026-10-05,2000-03-13,12087
2026-10-05,2000-03-14,12009
2026-10-05,2000-03-15,11968
2026-10-05,2000-03-16,11971
2026-10-05,2000-03-17,12041
2026-10-05,2000-03-20,11788
2026-10-05,2000-03-21,11712
2026-10-05,2000-03-22,11635
2026-10-05,2000-03-23,11579
2026-10-05,2000-03-24,11594
2026-10-05,2000-03-27,11336
2026-10-05,2000-03-28,11237
2026-10-05,2000-03-29,11163
2026-10-05,2000-03-30,11181
2026-10-05,2000-03-31,11424
2026-10-05,2000-04-03,11471
2026-10-05,2000-04-04,11568
2026-10-05,2000-04-05,11701
2026-10-05,2000-04-06,11920
2026-10-05,2000-04-07,12207
2026-10-05,2000-04-10,12034
2026-10-05,2000-04-11,11941
2026-10-05,2000-04-12,11897
2026-10-05,2000-04-13,11892
2026-10-05,2000-04-14,11952
2026-10-05,2000-04-17,11754
2026-10-05,2000-04-18,11740
2026-10-05,2000-04-19,11863
2026-10-05,2000-04-24,11511
2026-10-05,2000-04-25,11424
2026-10-05,2000-04-26,11366
2026-10-05,2000-04-27,11392
2026-10-05,2000-04-28,11635
2026-10-05,2000-05-02,11630
2026-10-05,2000-05-03,11657
2026-10-05,2000-05-04,11843
2026-10-05,2000-05-05,12160
2026-10-05,2000-05-08,12149
2026-10-05,2000-05-09,12104
2026-10-05,2000-05-10,12063
2026-10-05,2000-05-11,12041
2026-10-05,2000-05-12,12091
2026-10-05,2000-05-15,11843
2026-10-05,2000-05-16,11767
2026-10-05,2000-05-17,11769
2026-10-05,2000-05-18,11785
2026-10-05,2000-05-19,11864
2026-10-05,2000-05-22,11634
2026-10-05,2000-05-23,11525
2026-10-05,2000-05-24,11468
2026-10-05,2000-05-26,11388
2026-10-05,2000-05-29,11148
2026-10-05,2000-05-30,11081
2026-10-05,2000-05-31,11200
2026-10-05,2000-06-01,11419
2026-10-05,2000-06-02,11603
2026-10-05,2000-06-05,11633
2026-10-05,2000-06-06,11798
2026-10-05,2000-06-07,11968
2026-10-05,2000-06-08,12080
2026-10-05,2000-06-09,12066
2026-10-05,2000-06-12,11901
2026-10-05,2000-06-13,11758
2026-10-05,2000-06-14,11684
2026-10-05,2000-06-15,11686
2026-10-05,2000-06-16,11782
2026-10-05,2000-06-20,11484
2026-10-05,2000-06-21,11380
2026-10-05,2000-06-22,11409
2026-10-05,2000-06-23,11437
2026-10-05,2000-06-26,11191
2026-10-05,2000-06-27,11088
2026-10-05,2000-06-28,11027
2026-10-05,2000-06-29,11108
2026-10-05,2000-06-30,11397
2026-10-05,2000-07-03,11553
2026-10-05,2000-07-04,11679
2026-10-05,2000-07-05,11821
2026-10-05,2000-07-06,12111
2026-10-05,2000-07-07,12507
2026-10-05,2000-07-10,12386
2026-10-05,2000-07-11,12343
2026-10-05,2000-07-12,12364
2026-10-05,2000-07-13,12365
2026-10-05,2000-07-14,12462
2026-10-05,2000-07-17,12307
2026-10-05,2000-07-18,12249
2026-10-05,2000-07-19,12236
2026-10-05,2000-07-20,12278
2026-10-05,2000-07-21,12383
2026-10-05,2000-07-24,12111
2026-10-05,2000-07-25,11988
2026-10-05,2000-07-26,11887
2026-10-05,2000-07-27,11842
2026-10-05,2000-07-28,11884
2026-10-05,2000-07-31,11820
2026-10-05,2000-08-01,11929
2026-10-05,2000-08-02,12017
2026-10-05,2000-08-03,12176
2026-10-05,2000-08-04,12463
2026-10-05,2000-08-07,12437
2026-10-05,2000-08-08,12395
2026-10-05,2000-08-09,12359
2026-10-05,2000-08-10,12335
2026-10-05,2000-08-11,12384
2026-10-05,2000-08-14,12120
2026-10-05,2000-08-15,12021
2026-10-05,2000-08-16,11979
2026-10-05,2000-08-17,11961
2026-10-05,2000-08-18,12024
2026-10-05,2000-08-22,11745
2026-10-05,2000-08-23,11581
2026-10-05,2000-08-24,11536
2026-10-05,2000-08-25,11520
2026-10-05,2000-08-28,11293
2026-10-05,2000-08-29,11184
2026-10-05,2000-08-30,11167
2026-10-05,2000-08-31,11307
2026-10-05,2000-09-01,11597
2026-10-05,2000-09-04,11617
2026-10-05,2000-09-05,11671
2026-10-05,2000-09-06,11836
2026-10-05,2000-09-07,12019
2026-10-05,2000-09-08,12164
2026-10-05,2000-09-11,11935
2026-10-05,2000-09-12,11815
2026-10-05,2000-09-13,11777
2026-10-05,2000-09-14,11752
2026-10-05,2000-09-15,11860
2026-10-05,2000-09-18,11665
2026-10-05,2000-09-19,11551
2026-10-05,2000-09-20,11537
2026-10-05,2000-09-21,11556
2026-10-05,2000-09-22,11577
2026-10-05,2000-09-25,11334
2026-10-05,2000-09-26,11228
2026-10-05,2000-09-27,11174
2026-10-05,2000-09-28,11218
2026-10-05,2000-09-29,11369
2026-10-05,2000-10-02,11457
2026-10-05,2000-10-03,11551
2026-10-05,2000-10-04,11681
2026-10-05,2000-10-05,11827
2026-10-05,2000-10-06,12127
2026-10-05,2000-10-09,11979
2026-10-05,2000-10-10,11876
2026-10-05,2000-10-11,11852
2026-10-05,2000-10-12,11862
2026-10-05,2000-10-13,11898
2026-10-05,2000-10-17,11560
2026-10-05,2000-10-18,11427
2026-10-05,2000-10-19,11399
2026-10-05,2000-10-20,11474
2026-10-05,2000-10-23,11256
2026-10-05,2000-10-24,11137
2026-10-05,2000-10-25,11077
2026-10-05,2000-10-26,11030
2026-10-05,2000-10-27,11062
2026-10-05,2000-10-30,10910
2026-10-05,2000-10-31,10946
2026-10-05,2000-11-01,11124
2026-10-05,2000-11-02,11280
2026-10-05,2000-11-03,11606
2026-10-05,2000-11-07,11603
2026-10-05,2000-11-08,11624
2026-10-05,2000-11-09,11650
2026-10-05,2000-11-10,11721
2026-10-05,2000-11-13,11468
2026-10-05,2000-11-14,11441
2026-10-05,2000-11-15,11416
2026-10-05,2000-11-16,11424
2026-10-05,2000-11-17,11498
2026-10-05,2000-11-20,11306
2026-10-05,2000-11-21,11246
2026-10-05,2000-11-22,11211
2026-10-05,2000-11-23,11212
2026-10-05,2000-11-24,11214
2026-10-05,2000-11-27,10988
2026-10-05,2000-11-28,10866
2026-10-05,2000-11-29,10865
2026-10-05,2000-11-30,11016
2026-10-05,2000-12-01,11309
2026-10-05,2000-12-04,11341
2026-10-05,2000-12-05,11431
2026-10-05,2000-12-06,11616
2026-10-05,2000-12-07,11892
2026-10-05,2000-12-11,11685
2026-10-05,2000-12-12,11587
2026-10-05,2000-12-13,11523
2026-10-05,2000-12-14,11525
2026-10-05,2000-12-15,11624
2026-10-05,2000-12-18,11443
2026-10-05,2000-12-19,11445
2026-10-05,2000-12-20,11556
2026-10-05,2000-12-21,11822
2026-10-05,2000-12-22,12284
2026-10-05,2000-12-26,12092
2026-10-05,2000-12-27,12125
2026-10-05,2000-12-31,12338
2026-10-05,2001-01-02,12340
2026-10-05,2001-01-03,12280
2026-10-05,2001-01-04,12394
2026-10-05,2001-01-05,12668
2026-10-05,2001-01-08,12631
2026-10-05,2001-01-09,12531
2026-10-05,2001-01-10,12492
2026-10-05,2001-01-11,12440
2026-10-05,2001-01-12,12472
2026-10-05,2001-01-15,12253
2026-10-05,2001-01-16,12155
2026-10-05,2001-01-17,12136
2026-10-05,2001-01-18,12139
2026-10-05,2001-01-19,12191
2026-10-05,2001-01-22,12007
2026-10-05,2001-01-23,11905
2026-10-05,2001-01-24,11822
2026-10-05,2001-01-25,11767
2026-10-05,2001-01-26,11751
2026-10-05,2001-01-29,11558
2026-10-05,2001-01-30,11472
2026-10-05,2001-01-31,11577
2026-10-05,2001-02-01,11748
2026-10-05,2001-02-02,11969
2026-10-05,2001-02-05,11992
2026-10-05,2001-02-06,12065
2026-10-05,2001-02-07,12180
2026-10-05,2001-02-08,12227
2026-10-05,2001-02-09,12291
2026-10-05,2001-02-12,12079
2026-10-05,2001-02-13,11941
2026-10-05,2001-02-14,11878
2026-10-05,2001-02-15,11881
2026-10-05,2001-02-16,11943
2026-10-05,2001-02-19,11741
2026-10-05,2001-02-20,11661
2026-10-05,2001-02-21,11627
2026-10-05,2001-02-22,11580
2026-10-05,2001-02-23,11601
2026-10-05,2001-02-26,11401
2026-10-05,2001-02-27,11305
2026-10-05,2001-02-28,11381
2026-10-05,2001-03-01,11549
2026-10-05,2001-03-02,11779
2026-10-05,2001-03-05,11810
2026-10-05,2001-03-06,11899
2026-10-05,2001-03-07,12026
2026-10-05,2001-03-08,12090
2026-10-05,2001-03-09,12175
2026-10-05,2001-03-12,11958
2026-10-05,2001-03-13,11815
2026-10-05,2001-03-14,11763
2026-10-05,2001-03-15,11755
2026-10-05,2001-03-16,11833
2026-10-05,2001-03-19,11609
2026-10-05,2001-03-20,11516
2026-10-05,2001-03-21,11480
2026-10-05,2001-03-22,11473
2026-10-05,2001-03-23,11488
2026-10-05,2001-03-26,11266
2026-10-05,2001-03-27,11151
2026-10-05,2001-03-28,11078
2026-10-05,2001-03-29,11100
2026-10-05,2001-03-30,11340
2026-10-05,2001-04-03,11332
2026-10-05,2001-04-04,11370
2026-10-05,2001-04-05,11527
2026-10-05,2001-04-06,11830
2026-10-05,2001-04-09,11829
2026-10-05,2001-04-10,11807
2026-10-05,2001-04-11,11879
2026-10-05,2001-04-16,11439
2026-10-05,2001-04-17,11288
2026-10-05,2001-04-18,11240
2026-10-05,2001-04-19,11265
2026-10-05,2001-04-20,11387
2026-10-05,2001-04-23,11165
2026-10-05,2001-04-24,11081
2026-10-05,2001-04-25,11011
2026-10-05,2001-04-26,10975
2026-10-05,2001-04-27,11068
2026-10-05,2001-04-30,11043
2026-10-05,2001-05-02,11093
2026-10-05,2001-05-03,11225
2026-10-05,2001-05-04,11475
2026-10-05,2001-05-07,11514
2026-10-05,2001-05-08,11522
2026-10-05,2001-05-09,11520
2026-10-05,2001-05-10,11505
2026-10-05,2001-05-11,11544
2026-10-05,2001-05-14,11345
2026-10-05,2001-05-15,11251
2026-10-05,2001-05-16,11225
2026-10-05,2001-05-17,11256
2026-10-05,2001-05-18,11322
2026-10-05,2001-05-21,11169
2026-10-05,2001-05-22,11110
2026-10-05,2001-05-23,11066
2026-10-05,2001-05-24,11072
2026-10-05,2001-05-28,10810
2026-10-05,2001-05-29,10687
2026-10-05,2001-05-30,10689
2026-10-05,2001-05-31,10793
2026-10-05,2001-06-01,10996
2026-10-05,2001-06-04,11125
2026-10-05,2001-06-05,11207
2026-10-05,2001-06-06,11356
2026-10-05,2001-06-07,11518
2026-10-05,2001-06-08,11575
2026-10-05,2001-06-11,11485
2026-10-05,2001-06-12,11345
2026-10-05,2001-06-13,11293
2026-10-05,2001-06-14,11281
2026-10-05,2001-06-15,11382
2026-10-05,2001-06-19,11138
2026-10-05,2001-06-20,10986
2026-10-05,2001-06-21,10964
2026-10-05,2001-06-22,11042
2026-10-05,2001-06-25,10855
2026-10-05,2001-06-26,10747
2026-10-05,2001-06-27,10680
2026-10-05,2001-06-28,10755
2026-10-05,2001-06-29,10903
2026-10-05,2001-07-02,10967
2026-10-05,2001-07-03,11086
2026-10-05,2001-07-04,11192
2026-10-05,2001-07-05,11438
2026-10-05,2001-07-06,11689
2026-10-05,2001-07-10,11564
2026-10-05,2001-07-11,11450
2026-10-05,2001-07-12,11434
2026-10-05,2001-07-13,11508
2026-10-05,2001-07-16,11352
2026-10-05,2001-07-17,11315
2026-10-05,2001-07-18,11303
2026-10-05,2001-07-19,11297
2026-10-05,2001-07-20,11342
2026-10-05,2001-07-23,11147
2026-10-05,2001-07-24,10991
2026-10-05,2001-07-25,10944
2026-10-05,2001-07-26,10793
2026-10-05,2001-07-27,10631
2026-10-05,2001-07-30,10385
2026-10-05,2001-07-31,10283
2026-10-05,2001-08-01,10356
2026-10-05,2001-08-02,10385
2026-10-05,2001-08-03,10474
2026-10-05,2001-08-06,10487
2026-10-05,2001-08-07,10442
2026-10-05,2001-08-08,10437
2026-10-05,2001-08-09,10428
2026-10-05,2001-08-10,10460
2026-10-05,2001-08-13,10314
2026-10-05,2001-08-14,10215
2026-10-05,2001-08-15,10178
2026-10-05,2001-08-16,10157
2026-10-05,2001-08-17,10178
2026-10-05,2001-08-21,9939
2026-10-05,2001-08-22,9822
2026-10-05,2001-08-23,9755
2026-10-05,2001-08-24,9739
2026-10-05,2001-08-27,9480
2026-10-05,2001-08-28,9403
2026-10-05,2001-08-29,9311
2026-10-05,2001-08-30,9294
2026-10-05,2001-08-31,9396
2026-10-05,2001-09-03,9411
2026-10-05,2001-09-04,9389
2026-10-05,2001-09-05,9504
2026-10-05,2001-09-06,9711
2026-10-05,2001-09-07,9856
2026-10-05,2001-09-10,9759
2026-10-05,2001-09-11,9671
2026-10-05,2001-09-12,9620
2026-10-05,2001-09-13,9601
2026-10-05,2001-09-14,9612
2026-10-05,2001-09-17,9432
2026-10-05,2001-09-18,9341
2026-10-05,2001-09-19,9315
2026-10-05,2001-09-20,9335
2026-10-05,2001-09-21,9373
2026-10-05,2001-09-24,9184
2026-10-05,2001-09-25,9074
2026-10-05,2001-09-26,9006
2026-10-05,2001-09-27,9017
2026-10-05,2001-09-28,9139
2026-10-05,2001-10-01,9145
2026-10-05,2001-10-02,9152
2026-10-05,2001-10-03,9246
2026-10-05,2001-10-04,9411
2026-10-05,2001-10-05,9628
2026-10-05,2001-10-09,9503
2026-10-05,2001-10-10,9382
2026-10-05,2001-10-11,9360
2026-10-05,2001-10-12,9415
2026-10-05,2001-10-15,9253
2026-10-05,2001-10-16,9151
2026-10-05,2001-10-17,9114
2026-10-05,2001-10-18,9121
2026-10-05,2001-10-19,9164
2026-10-05,2001-10-22,8997
2026-10-05,2001-10-23,8847
2026-10-05,2001-10-24,8779
2026-10-05,2001-10-25,8743
2026-10-05,2001-10-26,8720
2026-10-05,2001-10-29,8556
2026-10-05,2001-10-30,8494
2026-10-05,2001-10-31,8551
2026-10-05,2001-11-01,8652
2026-10-05,2001-11-02,8837
2026-10-05,2001-11-05,8881
2026-10-05,2001-11-07,8908
2026-10-05,2001-11-08,8983
2026-10-05,2001-11-09,9091
2026-10-05,2001-11-12,8926
2026-10-05,2001-11-13,8847
2026-10-05,2001-11-14,8798
2026-10-05,2001-11-15,8779
2026-10-05,2001-11-16,8817
2026-10-05,2001-11-19,8702
2026-10-05,2001-11-20,8630
2026-10-05,2001-11-21,8617
2026-10-05,2001-11-22,8617
2026-10-05,2001-11-23,8661
2026-10-05,2001-11-26,8503
2026-10-05,2001-11-27,8410
2026-10-05,2001-11-28,8368
2026-10-05,2001-11-29,8409
2026-10-05,2001-11-30,8570
2026-10-05,2001-12-03,8420
2026-10-05,2001-12-04,8268
2026-10-05,2001-12-05,8114
2026-10-05,2001-12-06,8159
2026-10-05,2001-12-07,8173
2026-10-05,2001-12-10,8175
2026-10-05,2001-12-11,8208
2026-10-05,2001-12-12,8155
2026-10-05,2001-12-13,8127
2026-10-05,2001-12-14,8091
2026-10-05,2001-12-17,7967
2026-10-05,2001-12-18,7942
2026-10-05,2001-12-19,8018
2026-10-05,2001-12-20,8134
2026-10-05,2001-12-21,8499
2026-10-05,2001-12-24,8685
2026-10-05,2001-12-26,8693
2026-10-05,2001-12-27,8674
2026-10-05,2001-12-28,8816
2026-10-05,2001-12-31,9082
2026-10-05,2002-01-02,9077
2026-10-05,2002-01-03,9014
2026-10-05,2002-01-04,9002
2026-10-05,2002-01-07,8990
2026-10-05,2002-01-08,9023
2026-10-05,2002-01-09,9023
2026-10-05,2002-01-10,9007
2026-10-05,2002-01-11,9091
2026-10-05,2002-01-14,9103
2026-10-05,2002-01-15,9131
2026-10-05,2002-01-16,9149
2026-10-05,2002-01-17,9180
2026-10-05,2002-01-18,9237
2026-10-05,2002-01-21,9290
2026-10-05,2002-01-22,9290
2026-10-05,2002-01-23,9386
2026-10-05,2002-01-24,9385
2026-10-05,2002-01-25,9397
2026-10-05,2002-01-28,9368
2026-10-05,2002-01-29,9351
2026-10-05,2002-01-30,9322
2026-10-05,2002-01-31,9336
2026-10-05,2002-02-01,9532
2026-10-05,2002-02-04,9790
2026-10-05,2002-02-05,10010
2026-10-05,2002-02-06,9938
2026-10-05,2002-02-07,10087
2026-10-05,2002-02-08,10221
2026-10-05,2002-02-11,10403
2026-10-05,2002-02-12,10484
2026-10-05,2002-02-13,10520
2026-10-05,2002-02-14,10598
2026-10-05,2002-02-15,10689
2026-10-05,2002-02-18,10767
2026-10-05,2002-02-19,10811
2026-10-05,2002-02-20,10851
2026-10-05,2002-02-21,10979
2026-10-05,2002-02-22,11035
2026-10-05,2002-02-25,11089
2026-10-05,2002-02-26,11100
2026-10-05,2002-02-27,11140
2026-10-05,2002-02-28,11255
2026-10-05,2002-03-01,11459
2026-10-05,2002-03-04,11598
2026-10-05,2002-03-05,11673
2026-10-05,2002-03-06,11748
2026-10-05,2002-03-07,11899
2026-10-05,2002-03-08,12041
2026-10-05,2002-03-11,12167
2026-10-05,2002-03-12,12229
2026-10-05,2002-03-13,12259
2026-10-05,2002-03-14,12287
2026-10-05,2002-03-15,12268
2026-10-05,2002-03-18,12239
2026-10-05,2002-03-19,12202
2026-10-05,2002-03-20,12178
2026-10-05,2002-03-21,12080
2026-10-05,2002-03-22,12077
2026-10-05,2002-03-25,12125
2026-10-05,2002-03-26,12171
2026-10-05,2002-03-27,12191
2026-10-05,2002-04-02,12347
2026-10-05,2002-04-03,12272
2026-10-05,2002-04-04,12332
2026-10-05,2002-04-05,12365
2026-10-05,2002-04-08,12359
2026-10-05,2002-04-09,12420
2026-10-05,2002-04-10,12425
2026-10-05,2002-04-11,12440
2026-10-05,2002-04-12,12444
2026-10-05,2002-04-15,12429
2026-10-05,2002-04-16,12369
2026-10-05,2002-04-17,12361
2026-10-05,2002-04-18,12362
2026-10-05,2002-04-19,12600
2026-10-05,2002-04-22,12600
2026-10-05,2002-04-23,12660
2026-10-05,2002-04-24,12730
2026-10-05,2002-04-25,12899
2026-10-05,2002-04-26,13124
2026-10-05,2002-04-29,13006
2026-10-05,2002-04-30,12976
2026-10-05,2002-05-02,13137
2026-10-05,2002-05-03,13244
2026-10-05,2002-05-06,13434
2026-10-05,2002-05-07,13435
2026-10-05,2002-05-08,13513
2026-10-05,2002-05-09,13497
2026-10-05,2002-05-10,13675
2026-10-05,2002-05-13,13698
2026-10-05,2002-05-14,13710
2026-10-05,2002-05-15,13690
2026-10-05,2002-05-16,13672
2026-10-05,2002-05-17,13742
2026-10-05,2002-05-20,13790
2026-10-05,2002-05-21,13796
2026-10-05,2002-05-22,13738
2026-10-05,2002-05-23,13691
2026-10-05,2002-05-24,13580
2026-10-05,2002-05-27,13496
2026-10-05,2002-05-28,13408
2026-10-05,2002-05-29,13397
2026-10-05,2002-05-30,13390
2026-10-05,2002-05-31,13359
2026-10-05,2002-06-03,13452
2026-10-05,2002-06-04,13476
2026-10-05,2002-06-05,13477
2026-10-05,2002-06-06,13444
2026-10-05,2002-06-07,13465
2026-10-05,2002-06-10,13503
2026-10-05,2002-06-11,13446
2026-10-05,2002-06-12,13397
2026-10-05,2002-06-13,13431
2026-10-05,2002-06-14,13434
2026-10-05,2002-06-18,13384
2026-10-05,2002-06-19,13314
2026-10-05,2002-06-20,13290
2026-10-05,2002-06-21,13242
2026-10-05,2002-06-24,13168
2026-10-05,2002-06-25,13021
2026-10-05,2002-06-26,12918
2026-10-05,2002-06-27,12967
2026-10-05,2002-06-28,12998
2026-10-05,2002-07-01,13176
2026-10-05,2002-07-02,13211
2026-10-05,2002-07-03,13282
2026-10-05,2002-07-04,13415
2026-10-05,2002-07-05,13485
2026-10-05,2002-07-08,13630
2026-10-05,2002-07-10,13699
2026-10-05,2002-07-11,13707
2026-10-05,2002-07-12,13842
2026-10-05,2002-07-15,13874
2026-10-05,2002-07-16,13877
2026-10-05,2002-07-17,13901
2026-10-05,2002-07-18,13924
2026-10-05,2002-07-19,13916
2026-10-05,2002-07-22,13823
2026-10-05,2002-07-23,13743
2026-10-05,2002-07-24,13659
2026-10-05,2002-07-25,13595
2026-10-05,2002-07-26,13516
2026-10-05,2002-07-29,13450
2026-10-05,2002-07-30,13404
2026-10-05,2002-07-31,13268
2026-10-05,2002-08-01,13446
2026-10-05,2002-08-02,13508
2026-10-05,2002-08-05,13550
2026-10-05,2002-08-06,13619
2026-10-05,2002-08-07,13669
2026-10-05,2002-08-08,13747
2026-10-05,2002-08-09,13833
2026-10-05,2002-08-12,13796
2026-10-05,2002-08-13,13780
2026-10-05,2002-08-14,13701
2026-10-05,2002-08-15,13676
2026-10-05,2002-08-16,13665
2026-10-05,2002-08-20,13600
2026-10-05,2002-08-21,13601
2026-10-05,2002-08-22,13561
2026-10-05,2002-08-23,13471
2026-10-05,2002-08-26,13367
2026-10-05,2002-08-27,13251
2026-10-05,2002-08-28,13137
2026-10-05,2002-08-29,13162
2026-10-05,2002-08-30,13060
2026-10-05,2002-09-02,13184
2026-10-05,2002-09-03,13238
2026-10-05,2002-09-04,13189
2026-10-05,2002-09-05,13326
2026-10-05,2002-09-06,13347
2026-10-05,2002-09-09,13485
2026-10-05,2002-09-10,13485
2026-10-05,2002-09-11,13440
2026-10-05,2002-09-12,13427
2026-10-05,2002-09-13,13439
2026-10-05,2002-09-16,13391
2026-10-05,2002-09-17,13339
2026-10-05,2002-09-18,13241
2026-10-05,2002-09-19,13250
2026-10-05,2002-09-20,13230
2026-10-05,2002-09-23,13176
2026-10-05,2002-09-24,13074
2026-10-05,2002-09-25,12933
2026-10-05,2002-09-26,12893
2026-10-05,2002-09-27,12881
2026-10-05,2002-09-30,12882
2026-10-05,2002-10-01,12957
2026-10-05,2002-10-02,13021
2026-10-05,2002-10-03,13105
2026-10-05,2002-10-04,13218
2026-10-05,2002-10-07,13339
2026-10-05,2002-10-08,13402
2026-10-05,2002-10-09,13410
2026-10-05,2002-10-10,13442
2026-10-05,2002-10-11,13495
2026-10-05,2002-10-15,13460
2026-10-05,2002-10-16,13394
2026-10-05,2002-10-17,13378
2026-10-05,2002-10-18,13379
2026-10-05,2002-10-21,13343
2026-10-05,2002-10-22,13280
2026-10-05,2002-10-23,13178
2026-10-05,2002-10-24,13167
2026-10-05,2002-10-25,13117
2026-10-05,2002-10-28,13043
2026-10-05,2002-10-29,13001
2026-10-05,2002-10-30,12993
2026-10-05,2002-10-31,13031
2026-10-05,2002-11-01,13168
2026-10-05,2002-11-04,13291
2026-10-05,2002-11-05,13377
2026-10-05,2002-11-07,13542
2026-10-05,2002-11-08,13695
2026-10-05,2002-11-11,13746
2026-10-05,2002-11-12,13744
2026-10-05,2002-11-13,13732
2026-10-05,2002-11-14,13755
2026-10-05,2002-11-15,13775
2026-10-05,2002-11-18,13789
2026-10-05,2002-11-19,13761
2026-10-05,2002-11-20,13756
2026-10-05,2002-11-21,13769
2026-10-05,2002-11-22,13779
2026-10-05,2002-11-25,13733
2026-10-05,2002-11-26,13649
2026-10-05,2002-11-27,13628
2026-10-05,2002-11-28,13639
2026-10-05,2002-11-29,13731
2026-10-05,2002-12-02,14000
2026-10-05,2002-12-03,14213
2026-10-05,2002-12-04,14421
2026-10-05,2002-12-05,14659
2026-10-05,2002-12-06,14921
2026-10-05,2002-12-09,15050
2026-10-05,2002-12-10,15154
2026-10-05,2002-12-11,15215
2026-10-05,2002-12-12,15286
2026-10-05,2002-12-13,15380
2026-10-05,2002-12-16,15374
2026-10-05,2002-12-17,15424
2026-10-05,2002-12-18,15524
2026-10-05,2002-12-19,15629
2026-10-05,2002-12-20,15784
2026-10-05,2002-12-23,16140
2026-10-05,2002-12-24,16144
2026-10-05,2002-12-26,16271
2026-10-05,2002-12-27,16354
2026-10-05,2002-12-30,16452
2026-10-05,2002-12-31,16449
2026-10-05,2003-01-02,16444
2026-10-05,2003-01-03,16491
2026-10-05,2003-01-06,16514
2026-10-05,2003-01-07,16554
2026-10-05,2003-01-08,16597
2026-10-05,2003-01-09,16615
2026-10-05,2003-01-10,16618
2026-10-05,2003-01-13,16540
2026-10-05,2003-01-14,16486
2026-10-05,2003-01-15,16438
2026-10-05,2003-01-16,16399
2026-10-05,2003-01-17,16407
2026-10-05,2003-01-20,16362
2026-10-05,2003-01-21,16353
2026-10-05,2003-01-22,16363
2026-10-05,2003-01-23,16317
2026-10-05,2003-01-24,16266
2026-10-05,2003-01-27,16170
2026-10-05,2003-01-28,16085
2026-10-05,2003-01-29,16065
2026-10-05,2003-01-30,16075
2026-10-05,2003-01-31,16175
2026-10-05,2003-02-03,16260
2026-10-05,2003-02-04,16313
2026-10-05,2003-02-05,16410
2026-10-05,2003-02-06,16537
2026-10-05,2003-02-07,16699
2026-10-05,2003-02-10,16732
2026-10-05,2003-02-11,16703
2026-10-05,2003-02-12,16631
2026-10-05,2003-02-13,16626
2026-10-05,2003-02-14,16641
2026-10-05,2003-02-17,16582
2026-10-05,2003-02-18,16544
2026-10-05,2003-02-19,16566
2026-10-05,2003-02-20,16594
2026-10-05,2003-02-21,16619
2026-10-05,2003-02-24,16580
2026-10-05,2003-02-25,16461
2026-10-05,2003-02-26,16409
2026-10-05,2003-02-27,16440
2026-10-05,2003-02-28,16532
2026-10-05,2003-03-03,16687
2026-10-05,2003-03-04,16764
2026-10-05,2003-03-05,16867
2026-10-05,2003-03-06,17003
2026-10-05,2003-03-07,17192
2026-10-05,2003-03-10,17258
2026-10-05,2003-03-11,17259
2026-10-05,2003-03-12,17227
2026-10-05,2003-03-13,17203
2026-10-05,2003-03-14,17200
2026-10-05,2003-03-17,17110
2026-10-05,2003-03-18,17044
2026-10-05,2003-03-19,16982
2026-10-05,2003-03-20,17020
2026-10-05,2003-03-21,17063
2026-10-05,2003-03-24,16971
2026-10-05,2003-03-25,16893
2026-10-05,2003-03-26,16854
2026-10-05,2003-03-27,16897
2026-10-05,2003-03-28,17017
2026-10-05,2003-04-01,17127
2026-10-05,2003-04-02,17189
2026-10-05,2003-04-03,17309
2026-10-05,2003-04-04,17468
2026-10-05,2003-04-07,17604
2026-10-05,2003-04-08,17624
2026-10-05,2003-04-09,17658
2026-10-05,2003-04-10,17689
2026-10-05,2003-04-11,17768
2026-10-05,2003-04-14,17740
2026-10-05,2003-04-15,17722
2026-10-05,2003-04-16,17775
2026-10-05,2003-04-21,17584
2026-10-05,2003-04-22,17538
2026-10-05,2003-04-23,17483
2026-10-05,2003-04-24,17435
2026-10-05,2003-04-25,17440
2026-10-05,2003-04-28,17342
2026-10-05,2003-04-29,17306
2026-10-05,2003-04-30,17394
2026-10-05,2003-05-02,17673
2026-10-05,2003-05-05,17862
2026-10-05,2003-05-06,17882
2026-10-05,2003-05-07,18004
2026-10-05,2003-05-08,18136
2026-10-05,2003-05-09,18285
2026-10-05,2003-05-12,18270
2026-10-05,2003-05-13,18192
2026-10-05,2003-05-14,18154
2026-10-05,2003-05-15,18149
2026-10-05,2003-05-16,18172
2026-10-05,2003-05-19,18085
2026-10-05,2003-05-20,18106
2026-10-05,2003-05-21,18153
2026-10-05,2003-05-22,18174
2026-10-05,2003-05-23,18202
2026-10-05,2003-05-26,18090
2026-10-05,2003-05-27,18009
2026-10-05,2003-05-28,18011
2026-10-05,2003-05-29,18048
2026-10-05,2003-05-30,18183
2026-10-05,2003-06-02,18419
2026-10-05,2003-06-03,18550
2026-10-05,2003-06-04,18661
2026-10-05,2003-06-05,18872
2026-10-05,2003-06-06,19136
2026-10-05,2003-06-09,19245
2026-10-05,2003-06-10,19265
2026-10-05,2003-06-11,19181
2026-10-05,2003-06-12,19170
2026-10-05,2003-06-13,19244
2026-10-05,2003-06-17,19155
2026-10-05,2003-06-18,19074
2026-10-05,2003-06-19,19075
2026-10-05,2003-06-20,19183
2026-10-05,2003-06-23,19183
2026-10-05,2003-06-24,19161
2026-10-05,2003-06-25,19125
2026-10-05,2003-06-26,19133
2026-10-05,2003-06-27,19298
2026-10-05,2003-06-30,19489
2026-10-05,2003-07-01,19742
2026-10-05,2003-07-02,19969
2026-10-05,2003-07-03,20225
2026-10-05,2003-07-04,20544
2026-10-05,2003-07-07,20851
2026-10-05,2003-07-08,20919
2026-10-05,2003-07-10,21083
2026-10-05,2003-07-11,21157
2026-10-05,2003-07-14,21091
2026-10-05,2003-07-15,21010
2026-10-05,2003-07-16,20998
2026-10-05,2003-07-17,21084
2026-10-05,2003-07-18,21162
2026-10-05,2003-07-21,21159
2026-10-05,2003-07-22,21168
2026-10-05,2003-07-23,21116
2026-10-05,2003-07-24,21110
2026-10-05,2003-07-25,21120
2026-10-05,2003-07-28,21027
2026-10-05,2003-07-29,20992
2026-10-05,2003-07-30,21006
2026-10-05,2003-07-31,21074
2026-10-05,2003-08-01,21387
2026-10-05,2003-08-04,21577
2026-10-05,2003-08-05,21664
2026-10-05,2003-08-06,21806
2026-10-05,2003-08-07,22001
2026-10-05,2003-08-08,22249
2026-10-05,2003-08-11,22267
2026-10-05,2003-08-12,22158
2026-10-05,2003-08-13,22083
2026-10-05,2003-08-14,22050
2026-10-05,2003-08-15,22095
2026-10-05,2003-08-19,21866
2026-10-05,2003-08-20,21827
2026-10-05,2003-08-21,21866
2026-10-05,2003-08-22,21917
2026-10-05,2003-08-25,21857
2026-10-05,2003-08-26,21770
2026-10-05,2003-08-27,21784
2026-10-05,2003-08-28,21845
2026-10-05,2003-08-29,22010
2026-10-05,2003-09-01,22222
2026-10-05,2003-09-02,22386
2026-10-05,2003-09-03,22517
2026-10-05,2003-09-04,22720
2026-10-05,2003-09-05,23121
2026-10-05,2003-09-08,23211
2026-10-05,2003-09-09,23163
2026-10-05,2003-09-10,23007
2026-10-05,2003-09-11,23034
2026-10-05,2003-09-12,23017
2026-10-05,2003-09-15,22820
2026-10-05,2003-09-16,22710
2026-10-05,2003-09-17,22642
2026-10-05,2003-09-18,22643
2026-10-05,2003-09-19,22722
2026-10-05,2003-09-22,22555
2026-10-05,2003-09-23,22448
2026-10-05,2003-09-24,22340
2026-10-05,2003-09-25,22288
2026-10-05,2003-09-26,22312
2026-10-05,2003-09-29,22240
2026-10-05,2003-09-30,22302
2026-10-05,2003-10-01,22503
2026-10-05,2003-10-02,22738
2026-10-05,2003-10-03,22990
2026-10-05,2003-10-06,23145
2026-10-05,2003-10-07,23275
2026-10-05,2003-10-08,23367
2026-10-05,2003-10-09,23455
2026-10-05,2003-10-10,23522
2026-10-05,2003-10-14,23226
2026-10-05,2003-10-15,23095
2026-10-05,2003-10-16,22992
2026-10-05,2003-10-17,22949
2026-10-05,2003-10-20,22803
2026-10-05,2003-10-21,22720
2026-10-05,2003-10-22,22644
2026-10-05,2003-10-23,22652
2026-10-05,2003-10-24,22667
2026-10-05,2003-10-27,22537
2026-10-05,2003-10-28,22459
2026-10-05,2003-10-29,22417
2026-10-05,2003-10-30,22471
2026-10-05,2003-10-31,22656
2026-10-05,2003-11-03,22917
2026-10-05,2003-11-04,23024
2026-10-05,2003-11-05,23296
2026-10-05,2003-11-07,23619
2026-10-05,2003-11-10,23769
2026-10-05,2003-11-11,23644
2026-10-05,2003-11-12,23527
2026-10-05,2003-11-13,23539
2026-10-05,2003-11-14,23606
2026-10-05,2003-11-17,23455
2026-10-05,2003-11-18,23408
2026-10-05,2003-11-19,23360
2026-10-05,2003-11-20,23438
2026-10-05,2003-11-21,23535
2026-10-05,2003-11-24,23420
2026-10-05,2003-11-25,23424
2026-10-05,2003-11-26,23377
2026-10-05,2003-11-27,23368
2026-10-05,2003-11-28,23522
2026-10-05,2003-12-01,23803
2026-10-05,2003-12-02,24005
2026-10-05,2003-12-03,24212
2026-10-05,2003-12-04,24448
2026-10-05,2003-12-05,24962
2026-10-05,2003-12-09,24908
2026-10-05,2003-12-10,24965
2026-10-05,2003-12-11,25028
2026-10-05,2003-12-12,25114
2026-10-05,2003-12-15,25042
2026-10-05,2003-12-16,25037
2026-10-05,2003-12-17,25104
2026-10-05,2003-12-18,25309
2026-10-05,2003-12-19,25629
2026-10-05,2003-12-22,25896
2026-10-05,2003-12-23,26236
2026-10-05,2003-12-24,26289
2026-10-05,2003-12-26,26525
2026-10-05,2003-12-29,26554
2026-10-05,2003-12-30,26709
2026-10-05,2003-12-31,26631
2026-10-05,2004-01-02,26535
2026-10-05,2004-01-05,26445
2026-10-05,2004-01-06,26413
2026-10-05,2004-01-07,26477
2026-10-05,2004-01-08,26713
2026-10-05,2004-01-09,26738
2026-10-05,2004-01-12,26533
2026-10-05,2004-01-13,26207
2026-10-05,2004-01-14,26128
2026-10-05,2004-01-15,26053
2026-10-05,2004-01-16,25848
2026-10-05,2004-01-19,25756
2026-10-05,2004-01-20,25594
2026-10-05,2004-01-21,25480
2026-10-05,2004-01-22,25426
2026-10-05,2004-01-23,25414
2026-10-05,2004-01-26,25307
2026-10-05,2004-01-27,25225
2026-10-05,2004-01-28,25215
2026-10-05,2004-01-29,25326
2026-10-05,2004-01-30,25524
2026-10-05,2004-02-02,25790
2026-10-05,2004-02-03,25917
2026-10-05,2004-02-04,26057
2026-10-05,2004-02-05,26357
2026-10-05,2004-02-06,26675
2026-10-05,2004-02-09,26703
2026-10-05,2004-02-10,26578
2026-10-05,2004-02-11,26411
2026-10-05,2004-02-12,26298
2026-10-05,2004-02-13,26243
2026-10-05,2004-02-16,26017
2026-10-05,2004-02-17,25854
2026-10-05,2004-02-18,25757
2026-10-05,2004-02-19,25681
2026-10-05,2004-02-20,25745
2026-10-05,2004-02-23,25614
2026-10-05,2004-02-24,25545
2026-10-05,2004-02-25,25501
2026-10-05,2004-02-26,25557
2026-10-05,2004-02-27,25741
2026-10-05,2004-03-01,26005
2026-10-05,2004-03-02,26164
2026-10-05,2004-03-03,26291
2026-10-05,2004-03-04,26562
2026-10-05,2004-03-05,26941
2026-10-05,2004-03-08,27049
2026-10-05,2004-03-09,26949
2026-10-05,2004-03-10,26793
2026-10-05,2004-03-11,26710
2026-10-05,2004-03-12,26644
2026-10-05,2004-03-15,26384
2026-10-05,2004-03-16,26225
2026-10-05,2004-03-17,26051
2026-10-05,2004-03-18,25950
2026-10-05,2004-03-19,25963
2026-10-05,2004-03-22,25805
2026-10-05,2004-03-23,25701
2026-10-05,2004-03-24,25638
2026-10-05,2004-03-25,25590
2026-10-05,2004-03-26,25649
2026-10-05,2004-03-29,25646
2026-10-05,2004-03-30,25595
2026-10-05,2004-03-31,25695
2026-10-05,2004-04-01,26061
2026-10-05,2004-04-02,26532
2026-10-05,2004-04-06,26839
2026-10-05,2004-04-07,27021
2026-10-05,2004-04-12,26690
2026-10-05,2004-04-13,26532
2026-10-05,2004-04-14,26393
2026-10-05,2004-04-15,26250
2026-10-05,2004-04-16,26147
2026-10-05,2004-04-19,25946
2026-10-05,2004-04-20,25896
2026-10-05,2004-04-21,25852
2026-10-05,2004-04-22,25865
2026-10-05,2004-04-23,25911
2026-10-05,2004-04-26,25773
2026-10-05,2004-04-27,25740
2026-10-05,2004-04-28,25685
2026-10-05,2004-04-29,25814
2026-10-05,2004-04-30,26025
2026-10-05,2004-05-03,26393
2026-10-05,2004-05-04,26584
2026-10-05,2004-05-05,26847
2026-10-05,2004-05-06,27077
2026-10-05,2004-05-07,27506
2026-10-05,2004-05-10,27480
2026-10-05,2004-05-11,27343
2026-10-05,2004-05-12,27210
2026-10-05,2004-05-13,27085
2026-10-05,2004-05-14,27034
2026-10-05,2004-05-17,26858
2026-10-05,2004-05-18,26748
2026-10-05,2004-05-19,26653
2026-10-05,2004-05-20,26627
2026-10-05,2004-05-21,26712
2026-10-05,2004-05-24,26632
2026-10-05,2004-05-26,26524
2026-10-05,2004-05-27,26498
2026-10-05,2004-05-28,26607
2026-10-05,2004-05-31,26683
2026-10-05,2004-06-01,26880
2026-10-05,2004-06-02,27052
2026-10-05,2004-06-03,27357
2026-10-05,2004-06-04,27801
2026-10-05,2004-06-07,27972
2026-10-05,2004-06-08,27863
2026-10-05,2004-06-09,27733
2026-10-05,2004-06-10,27673
2026-10-05,2004-06-11,27741
2026-10-05,2004-06-14,27521
2026-10-05,2004-06-15,27355
2026-10-05,2004-06-16,27219
2026-10-05,2004-06-17,27197
2026-10-05,2004-06-18,27325
2026-10-05,2004-06-22,27201
2026-10-05,2004-06-23,27097
2026-10-05,2004-06-24,27115
2026-10-05,2004-06-25,27195
2026-10-05,2004-06-28,27143
2026-10-05,2004-06-29,27484
2026-10-05,2004-06-30,27440
2026-10-05,2004-07-01,27771
2026-10-05,2004-07-02,28339
2026-10-05,2004-07-05,28977
2026-10-05,2004-07-06,29119
2026-10-05,2004-07-07,29335
2026-10-05,2004-07-08,29596
2026-10-05,2004-07-12,29350
2026-10-05,2004-07-13,29182
2026-10-05,2004-07-14,29038
2026-10-05,2004-07-15,28913
2026-10-05,2004-07-16,28843
2026-10-05,2004-07-19,28618
2026-10-05,2004-07-20,28496
2026-10-05,2004-07-21,28465
2026-10-05,2004-07-22,28431
2026-10-05,2004-07-23,28490
2026-10-05,2004-07-26,28324
2026-10-05,2004-07-27,28225
2026-10-05,2004-07-28,28195
2026-10-05,2004-07-29,28308
2026-10-05,2004-07-30,28532
2026-10-05,2004-08-02,28747
2026-10-05,2004-08-03,28955
2026-10-05,2004-08-04,29152
2026-10-05,2004-08-05,29427
2026-10-05,2004-08-06,29816
2026-10-05,2004-08-09,29752
2026-10-05,2004-08-10,29562
2026-10-05,2004-08-11,29363
2026-10-05,2004-08-12,29220
2026-10-05,2004-08-13,29137
2026-10-05,2004-08-17,28747
2026-10-05,2004-08-18,28510
2026-10-05,2004-08-19,28460
2026-10-05,2004-08-20,28490
2026-10-05,2004-08-23,28331
2026-10-05,2004-08-24,28237
2026-10-05,2004-08-25,28168
2026-10-05,2004-08-26,28169
2026-10-05,2004-08-27,28198
2026-10-05,2004-08-30,28229
2026-10-05,2004-08-31,28251
2026-10-05,2004-09-01,28574
2026-10-05,2004-09-02,28878
2026-10-05,2004-09-03,29256
2026-10-05,2004-09-06,29440
2026-10-05,2004-09-07,29530
2026-10-05,2004-09-08,29518
2026-10-05,2004-09-09,29447
2026-10-05,2004-09-10,29392
2026-10-05,2004-09-13,29089
2026-10-05,2004-09-14,28878
2026-10-05,2004-09-15,28667
2026-10-05,2004-09-16,28560
2026-10-05,2004-09-17,28538
2026-10-05,2004-09-20,28367
2026-10-05,2004-09-21,28265
2026-10-05,2004-09-22,28213
2026-10-05,2004-09-23,28231
2026-10-05,2004-09-24,28250
2026-10-05,2004-09-27,28084
2026-10-05,2004-09-28,28048
2026-10-05,2004-09-29,28095
2026-10-05,2004-09-30,28176
2026-10-05,2004-10-01,28692
2026-10-05,2004-10-04,28911
2026-10-05,2004-10-05,29103
2026-10-05,2004-10-06,29317
2026-10-05,2004-10-07,29565
2026-10-05,2004-10-08,29684
2026-10-05,2004-10-12,29314
2026-10-05,2004-10-13,28945
2026-10-05,2004-10-14,28822
2026-10-05,2004-10-15,28687
2026-10-05,2004-10-18,28461
2026-10-05,2004-10-19,28287
2026-10-05,2004-10-20,28256
2026-10-05,2004-10-21,28277
2026-10-05,2004-10-22,28327
2026-10-05,2004-10-25,28085
2026-10-05,2004-10-26,28027
2026-10-05,2004-10-27,28044
2026-10-05,2004-10-28,28201
2026-10-05,2004-10-29,28447
2026-10-05,2004-11-01,28805
2026-10-05,2004-11-02,28993
2026-10-05,2004-11-03,29159
2026-10-05,2004-11-04,29467
2026-10-05,2004-11-05,29883
2026-10-05,2004-11-08,29850
2026-10-05,2004-11-09,29749
2026-10-05,2004-11-10,29543
2026-10-05,2004-11-11,29407
2026-10-05,2004-11-12,29319
2026-10-05,2004-11-15,29028
2026-10-05,2004-11-16,28884
2026-10-05,2004-11-17,28797
2026-10-05,2004-11-18,28775
2026-10-05,2004-11-19,28840
2026-10-05,2004-11-22,28740
2026-10-05,2004-11-23,28655
2026-10-05,2004-11-24,28587
2026-10-05,2004-11-25,28689
2026-10-05,2004-11-26,28811
2026-10-05,2004-11-29,28770
2026-10-05,2004-11-30,28789
2026-10-05,2004-12-01,29292
2026-10-05,2004-12-02,29636
2026-10-05,2004-12-03,30223
2026-10-05,2004-12-06,30714
2026-10-05,2004-12-07,31049
2026-10-05,2004-12-09,31086
2026-10-05,2004-12-10,31230
2026-10-05,2004-12-13,31048
2026-10-05,2004-12-14,30892
2026-10-05,2004-12-15,30884
2026-10-05,2004-12-16,31049
2026-10-05,2004-12-17,31522
2026-10-05,2004-12-20,31785
2026-10-05,2004-12-21,32199
2026-10-05,2004-12-22,32573
2026-10-05,2004-12-23,33161
2026-10-05,2004-12-24,33193
2026-10-05,2004-12-27,33368
2026-10-05,2004-12-28,33400
2026-10-05,2004-12-29,33507
2026-10-05,2004-12-30,33734
2026-10-05,2004-12-31,33825
2026-10-05,2005-01-03,33751
2026-10-05,2005-01-04,33713
2026-10-05,2005-01-05,33666
2026-10-05,2005-01-06,33748
2026-10-05,2005-01-07,33799
2026-10-05,2005-01-10,33565
2026-10-05,2005-01-11,33252
2026-10-05,2005-01-12,32987
2026-10-05,2005-01-13,32717
2026-10-05,2005-01-14,32511
2026-10-05,2005-01-17,32220
2026-10-05,2005-01-18,32035
2026-10-05,2005-01-19,31959
2026-10-05,2005-01-20,31904
2026-10-05,2005-01-21,31911
2026-10-05,2005-01-24,31771
2026-10-05,2005-01-25,31663
2026-10-05,2005-01-26,31581
2026-10-05,2005-01-27,31638
2026-10-05,2005-01-28,31801
2026-10-05,2005-01-31,31831
2026-10-05,2005-02-01,32015
2026-10-05,2005-02-02,32194
2026-10-05,2005-02-03,32377
2026-10-05,2005-02-04,32844
2026-10-05,2005-02-07,32920
2026-10-05,2005-02-08,32841
2026-10-05,2005-02-09,32710
2026-10-05,2005-02-10,32575
2026-10-05,2005-02-11,32487
2026-10-05,2005-02-14,32202
2026-10-05,2005-02-15,31972
2026-10-05,2005-02-16,31853
2026-10-05,2005-02-17,31841
2026-10-05,2005-02-18,31831
2026-10-05,2005-02-21,31767
2026-10-05,2005-02-22,31681
2026-10-05,2005-02-23,31649
2026-10-05,2005-02-24,31736
2026-10-05,2005-02-25,31893
2026-10-05,2005-02-28,32009
2026-10-05,2005-03-01,32273
2026-10-05,2005-03-02,32509
2026-10-05,2005-03-03,32807
2026-10-05,2005-03-04,33201
2026-10-05,2005-03-07,33358
2026-10-05,2005-03-08,33286
2026-10-05,2005-03-09,33164
2026-10-05,2005-03-10,33129
2026-10-05,2005-03-11,33072
2026-10-05,2005-03-14,32778
2026-10-05,2005-03-15,32575
2026-10-05,2005-03-16,32380
2026-10-05,2005-03-17,32258
2026-10-05,2005-03-18,32342
2026-10-05,2005-03-21,32271
2026-10-05,2005-03-22,32215
2026-10-05,2005-03-23,32245
2026-10-05,2005-03-28,31959
2026-10-05,2005-03-29,31834
2026-10-05,2005-03-30,31905
2026-10-05,2005-03-31,32086
2026-10-05,2005-04-01,32525
2026-10-05,2005-04-04,32822
2026-10-05,2005-04-05,32957
2026-10-05,2005-04-06,33211
2026-10-05,2005-04-07,33449
2026-10-05,2005-04-08,33769
2026-10-05,2005-04-11,33482
2026-10-05,2005-04-12,33232
2026-10-05,2005-04-13,33015
2026-10-05,2005-04-14,32919
2026-10-05,2005-04-15,32879
2026-10-05,2005-04-18,32658
2026-10-05,2005-04-19,32492
2026-10-05,2005-04-20,32386
2026-10-05,2005-04-21,32422
2026-10-05,2005-04-22,32543
2026-10-05,2005-04-25,32425
2026-10-05,2005-04-26,32336
2026-10-05,2005-04-27,32319
2026-10-05,2005-04-28,32455
2026-10-05,2005-04-29,32840
2026-10-05,2005-05-02,33189
2026-10-05,2005-05-03,33297
2026-10-05,2005-05-04,33537
2026-10-05,2005-05-05,33799
2026-10-05,2005-05-06,34321
2026-10-05,2005-05-09,34213
2026-10-05,2005-05-10,34039
2026-10-05,2005-05-11,33902
2026-10-05,2005-05-12,33873
2026-10-05,2005-05-13,33857
2026-10-05,2005-05-16,33597
2026-10-05,2005-05-17,33417
2026-10-05,2005-05-18,33348
2026-10-05,2005-05-19,33414
2026-10-05,2005-05-20,33472
2026-10-05,2005-05-23,33315
2026-10-05,2005-05-24,33327
2026-10-05,2005-05-26,33306
2026-10-05,2005-05-27,33281
2026-10-05,2005-05-30,33261
2026-10-05,2005-05-31,33406
2026-10-05,2005-06-01,33660
2026-10-05,2005-06-02,34066
2026-10-05,2005-06-03,34539
2026-10-05,2005-06-06,34815
2026-10-05,2005-06-07,34942
2026-10-05,2005-06-08,34969
2026-10-05,2005-06-09,35021
2026-10-05,2005-06-10,35078
2026-10-05,2005-06-13,34832
2026-10-05,2005-06-14,34670
2026-10-05,2005-06-15,34550
2026-10-05,2005-06-16,34587
2026-10-05,2005-06-17,34685
2026-10-05,2005-06-21,34459
2026-10-05,2005-06-22,34398
2026-10-05,2005-06-23,34438
2026-10-05,2005-06-24,34543
2026-10-05,2005-06-27,34415
2026-10-05,2005-06-28,34555
2026-10-05,2005-06-29,34720
2026-10-05,2005-06-30,35136
2026-10-05,2005-07-01,35665
2026-10-05,2005-07-04,36096
2026-10-05,2005-07-05,36249
2026-10-05,2005-07-06,36681
2026-10-05,2005-07-07,37085
2026-10-05,2005-07-08,37420
2026-10-05,2005-07-11,37323
2026-10-05,2005-07-12,37114
2026-10-05,2005-07-13,36978
2026-10-05,2005-07-14,36892
2026-10-05,2005-07-15,36849
2026-10-05,2005-07-18,36599
2026-10-05,2005-07-19,36406
2026-10-05,2005-07-20,36318
2026-10-05,2005-07-21,36290
2026-10-05,2005-07-22,36334
2026-10-05,2005-07-25,36240
2026-10-05,2005-07-26,36110
2026-10-05,2005-07-27,36105
2026-10-05,2005-07-28,36149
2026-10-05,2005-07-29,36462
2026-10-05,2005-08-01,36683
2026-10-05,2005-08-02,36846
2026-10-05,2005-08-03,37033
2026-10-05,2005-08-04,37398
2026-10-05,2005-08-05,37795
2026-10-05,2005-08-08,37827
2026-10-05,2005-08-09,37549
2026-10-05,2005-08-10,37481
2026-10-05,2005-08-11,37404
2026-10-05,2005-08-12,37411
2026-10-05,2005-08-16,37051
2026-10-05,2005-08-17,36779
2026-10-05,2005-08-18,36752
2026-10-05,2005-08-19,36871
2026-10-05,2005-08-22,36689
2026-10-05,2005-08-23,36561
2026-10-05,2005-08-24,36476
2026-10-05,2005-08-25,36545
2026-10-05,2005-08-26,36669
2026-10-05,2005-08-29,36487
2026-10-05,2005-08-30,36509
2026-10-05,2005-08-31,36712
2026-10-05,2005-09-01,37009
2026-10-05,2005-09-02,37468
2026-10-05,2005-09-05,37742
2026-10-05,2005-09-06,37901
2026-10-05,2005-09-07,38054
2026-10-05,2005-09-08,38150
2026-10-05,2005-09-09,38136
2026-10-05,2005-09-12,37877
2026-10-05,2005-09-13,37601
2026-10-05,2005-09-14,37483
2026-10-05,2005-09-15,37439
2026-10-05,2005-09-16,37475
2026-10-05,2005-09-19,37191
2026-10-05,2005-09-20,37048
2026-10-05,2005-09-21,37050
2026-10-05,2005-09-22,37102
2026-10-05,2005-09-23,37215
2026-10-05,2005-09-26,37014
2026-10-05,2005-09-27,36906
2026-10-05,2005-09-28,36924
2026-10-05,2005-09-29,37101
2026-10-05,2005-09-30,37436
2026-10-05,2005-10-03,37754
2026-10-05,2005-10-04,37908
2026-10-05,2005-10-05,38162
2026-10-05,2005-10-06,38637
2026-10-05,2005-10-07,38922
2026-10-05,2005-10-11,38730
2026-10-05,2005-10-12,38474
2026-10-05,2005-10-13,38410
2026-10-05,2005-10-14,38509
2026-10-05,2005-10-17,38197
2026-10-05,2005-10-18,38021
2026-10-05,2005-10-19,37924
2026-10-05,2005-10-20,38016
2026-10-05,2005-10-21,38154
2026-10-05,2005-10-24,38063
2026-10-05,2005-10-25,37895
2026-10-05,2005-10-26,37919
2026-10-05,2005-10-27,38034
2026-10-05,2005-10-28,38204
2026-10-05,2005-10-31,38374
2026-10-05,2005-11-01,38502
2026-10-05,2005-11-02,38811
2026-10-05,2005-11-03,39120
2026-10-05,2005-11-04,39633
2026-10-05,2005-11-07,39851
2026-10-05,2005-11-08,39709
2026-10-05,2005-11-09,39512
2026-10-05,2005-11-10,39462
2026-10-05,2005-11-11,39462
2026-10-05,2005-11-14,39160
2026-10-05,2005-11-15,38953
2026-10-05,2005-11-16,38847
2026-10-05,2005-11-17,38830
2026-10-05,2005-11-18,38885
2026-10-05,2005-11-21,38707
2026-10-05,2005-11-22,38564
2026-10-05,2005-11-23,38512
2026-10-05,2005-11-24,38567
2026-10-05,2005-11-25,38665
2026-10-05,2005-11-28,38528
2026-10-05,2005-11-29,38486
2026-10-05,2005-11-30,38727
2026-10-05,2005-12-01,39069
2026-10-05,2005-12-02,39707
2026-10-05,2005-12-05,40099
2026-10-05,2005-12-06,40361
2026-10-05,2005-12-07,40784
2026-10-05,2005-12-09,40998
2026-10-05,2005-12-12,40799
2026-10-05,2005-12-13,40566
2026-10-05,2005-12-14,40470
2026-10-05,2005-12-15,40527
2026-10-05,2005-12-16,40719
2026-10-05,2005-12-19,40778
2026-10-05,2005-12-20,40932
2026-10-05,2005-12-21,41469
2026-10-05,2005-12-22,42216
2026-10-05,2005-12-23,42783
2026-10-05,2005-12-26,42742
2026-10-05,2005-12-27,42838
2026-10-05,2005-12-28,42955
2026-10-05,2005-12-29,43416
2026-10-05,2005-12-30,43742
2026-10-05,2005-12-31,43497
2026-10-05,2006-01-02,43597
2026-10-05,2006-01-03,43542
2026-10-05,2006-01-04,43480
2026-10-05,2006-01-05,43744
2026-10-05,2006-01-06,44011
2026-10-05,2006-01-09,43805
2026-10-05,2006-01-10,43496
2026-10-05,2006-01-11,43202
2026-10-05,2006-01-12,43060
2026-10-05,2006-01-13,42940
2026-10-05,2006-01-16,42641
2026-10-05,2006-01-17,42341
2026-10-05,2006-01-18,42181
2026-10-05,2006-01-19,42118
2026-10-05,2006-01-20,42098
2026-10-05,2006-01-23,41888
2026-10-05,2006-01-24,41731
2026-10-05,2006-01-25,41666
2026-10-05,2006-01-26,41698
2026-10-05,2006-01-27,41799
2026-10-05,2006-01-30,41832
2026-10-05,2006-01-31,41923
2026-10-05,2006-02-01,42113
2026-10-05,2006-02-02,42373
2026-10-05,2006-02-03,42665
2026-10-05,2006-02-06,42919
2026-10-05,2006-02-07,42937
2026-10-05,2006-02-08,42901
2026-10-05,2006-02-09,42882
2026-10-05,2006-02-10,42868
2026-10-05,2006-02-13,42481
2026-10-05,2006-02-14,42243
2026-10-05,2006-02-15,42086
2026-10-05,2006-02-16,41995
2026-10-05,2006-02-17,42041
2026-10-05,2006-02-20,41813
2026-10-05,2006-02-21,41659
2026-10-05,2006-02-22,41603
2026-10-05,2006-02-23,41678
2026-10-05,2006-02-24,41762
2026-10-05,2006-02-27,41714
2026-10-05,2006-02-28,41841
2026-10-05,2006-03-01,41976
2026-10-05,2006-03-02,42414
2026-10-05,2006-03-03,42733
2026-10-05,2006-03-06,43051
2026-10-05,2006-03-07,43094
2026-10-05,2006-03-08,43078
2026-10-05,2006-03-09,42980
2026-10-05,2006-03-10,42966
2026-10-05,2006-03-13,42554
2026-10-05,2006-03-14,42246
2026-10-05,2006-03-15,42088
2026-10-05,2006-03-16,41969
2026-10-05,2006-03-17,41999
2026-10-05,2006-03-20,41750
2026-10-05,2006-03-21,41648
2026-10-05,2006-03-22,41630
2026-10-05,2006-03-23,41816
2026-10-05,2006-03-27,41700
2026-10-05,2006-03-28,41384
2026-10-05,2006-03-29,41371
2026-10-05,2006-03-30,41575
2026-10-05,2006-03-31,41997
2026-10-05,2006-04-03,42406
2026-10-05,2006-04-04,42489
2026-10-05,2006-04-05,42720
2026-10-05,2006-04-06,43152
2026-10-05,2006-04-07,43575
2026-10-05,2006-04-10,43470
2026-10-05,2006-04-11,43240
2026-10-05,2006-04-12,43142
2026-10-05,2006-04-17,42521
2026-10-05,2006-04-18,42191
2026-10-05,2006-04-19,42044
2026-10-05,2006-04-20,42073
2026-10-05,2006-04-21,42190
2026-10-05,2006-04-24,41990
2026-10-05,2006-04-25,41869
2026-10-05,2006-04-26,41821
2026-10-05,2006-04-27,42000
2026-10-05,2006-04-28,42443
2026-10-05,2006-05-02,42738
2026-10-05,2006-05-03,42835
2026-10-05,2006-05-04,43049
2026-10-05,2006-05-05,43690
2026-10-05,2006-05-08,43808
2026-10-05,2006-05-09,43586
2026-10-05,2006-05-10,43441
2026-10-05,2006-05-11,43341
2026-10-05,2006-05-12,43395
2026-10-05,2006-05-15,43046
2026-10-05,2006-05-16,42787
2026-10-05,2006-05-17,42690
2026-10-05,2006-05-18,42663
2026-10-05,2006-05-19,42806
2026-10-05,2006-05-22,42660
2026-10-05,2006-05-23,42498
2026-10-05,2006-05-24,42537
2026-10-05,2006-05-26,42597
2026-10-05,2006-05-29,42403
2026-10-05,2006-05-30,42398
2026-10-05,2006-05-31,42692
2026-10-05,2006-06-01,43047
2026-10-05,2006-06-02,43576
2026-10-05,2006-06-05,43918
2026-10-05,2006-06-06,44061
2026-10-05,2006-06-07,44251
2026-10-05,2006-06-08,44333
2026-10-05,2006-06-09,44440
2026-10-05,2006-06-12,44234
2026-10-05,2006-06-13,43952
2026-10-05,2006-06-14,43823
2026-10-05,2006-06-15,43823
2026-10-05,2006-06-16,43868
2026-10-05,2006-06-20,43591
2026-10-05,2006-06-21,43382
2026-10-05,2006-06-22,43432
2026-10-05,2006-06-23,43677
2026-10-05,2006-06-26,43611
2026-10-05,2006-06-27,43542
2026-10-05,2006-06-28,43770
2026-10-05,2006-06-29,44100
2026-10-05,2006-06-30,44692
2026-10-05,2006-07-03,45251
2026-10-05,2006-07-04,45542
2026-10-05,2006-07-05,45924
2026-10-05,2006-07-06,46415
2026-10-05,2006-07-07,46879
2026-10-05,2006-07-10,46806
2026-10-05,2006-07-11,46567
2026-10-05,2006-07-12,46439
2026-10-05,2006-07-13,46391
2026-10-05,2006-07-14,46380
2026-10-05,2006-07-17,46099
2026-10-05,2006-07-18,45872
2026-10-05,2006-07-19,45707
2026-10-05,2006-07-20,45846
2026-10-05,2006-07-21,46009
2026-10-05,2006-07-24,45792
2026-10-05,2006-07-25,45633
2026-10-05,2006-07-26,45554
2026-10-05,2006-07-27,45643
2026-10-05,2006-07-28,45836
2026-10-05,2006-07-31,46019
2026-10-05,2006-08-01,46140
2026-10-05,2006-08-02,46345
2026-10-05,2006-08-03,46644
2026-10-05,2006-08-04,47178
2026-10-05,2006-08-07,47391
2026-10-05,2006-08-08,47219
2026-10-05,2006-08-09,47028
2026-10-05,2006-08-10,46942
2026-10-05,2006-08-11,46894
2026-10-05,2006-08-14,46586
2026-10-05,2006-08-15,46290
2026-10-05,2006-08-16,46155
2026-10-05,2006-08-17,46104
2026-10-05,2006-08-18,46172
2026-10-05,2006-08-22,45916
2026-10-05,2006-08-23,45656
2026-10-05,2006-08-24,45660
2026-10-05,2006-08-25,45787
2026-10-05,2006-08-28,45571
2026-10-05,2006-08-29,45476
2026-10-05,2006-08-30,45646
2026-10-05,2006-08-31,45929
2026-10-05,2006-09-01,46417
2026-10-05,2006-09-04,46785
2026-10-05,2006-09-05,46889
2026-10-05,2006-09-06,47190
2026-10-05,2006-09-07,47501
2026-10-05,2006-09-08,47647
2026-10-05,2006-09-11,47414
2026-10-05,2006-09-12,47110
2026-10-05,2006-09-13,46904
2026-10-05,2006-09-14,46815
2026-10-05,2006-09-15,46829
2026-10-05,2006-09-18,46518
2026-10-05,2006-09-19,46260
2026-10-05,2006-09-20,46191
2026-10-05,2006-09-21,46265
2026-10-05,2006-09-22,46425
2026-10-05,2006-09-25,46215
2026-10-05,2006-09-26,46093
2026-10-05,2006-09-27,46128
2026-10-05,2006-09-28,46273
2026-10-05,2006-09-29,46697
2026-10-05,2006-10-02,47016
2026-10-05,2006-10-03,47156
2026-10-05,2006-10-04,47399
2026-10-05,2006-10-05,47887
2026-10-05,2006-10-06,48383
2026-10-05,2006-10-09,48302
2026-10-05,2006-10-10,48077
2026-10-05,2006-10-11,47794
2026-10-05,2006-10-12,47754
2026-10-05,2006-10-13,47754
2026-10-05,2006-10-17,47281
2026-10-05,2006-10-18,46959
2026-10-05,2006-10-19,46888
2026-10-05,2006-10-20,47038
2026-10-05,2006-10-23,46798
2026-10-05,2006-10-24,46625
2026-10-05,2006-10-25,46633
2026-10-05,2006-10-26,46674
2026-10-05,2006-10-27,46812
2026-10-05,2006-10-30,46841
2026-10-05,2006-10-31,46969
2026-10-05,2006-11-01,47286
2026-10-05,2006-11-02,47697
2026-10-05,2006-11-03,48300
2026-10-05,2006-11-07,48320
2026-10-05,2006-11-08,48386
2026-10-05,2006-11-09,48339
2026-10-05,2006-11-10,48385
2026-10-05,2006-11-13,48045
2026-10-05,2006-11-14,47819
2026-10-05,2006-11-15,47667
2026-10-05,2006-11-16,47662
2026-10-05,2006-11-17,47706
2026-10-05,2006-11-20,47459
2026-10-05,2006-11-21,47359
2026-10-05,2006-11-22,47384
2026-10-05,2006-11-23,47455
2026-10-05,2006-11-24,47610
2026-10-05,2006-11-27,47440
2026-10-05,2006-11-28,47380
2026-10-05,2006-11-29,47587
2026-10-05,2006-11-30,47928
2026-10-05,2006-12-01,48587
2026-10-05,2006-12-04,48975
2026-10-05,2006-12-05,49207
2026-10-05,2006-12-06,49772
2026-10-05,2006-12-07,50392
2026-10-05,2006-12-11,50281
2026-10-05,2006-12-12,50024
2026-10-05,2006-12-13,49935
2026-10-05,2006-12-14,50066
2026-10-05,2006-12-15,50267
2026-10-05,2006-12-18,50228
2026-10-05,2006-12-19,50359
2026-10-05,2006-12-20,50780
2026-10-05,2006-12-21,51716
2026-10-05,2006-12-22,52520
2026-10-05,2006-12-26,52621
2026-10-05,2006-12-27,52717
2026-10-05,2006-12-28,53304
2026-10-05,2006-12-29,53799
2026-10-05,2007-01-02,53658
2026-10-05,2007-01-03,53552
2026-10-05,2007-01-04,53588
2026-10-05,2007-01-05,54045
2026-10-05,2007-01-08,54017
2026-10-05,2007-01-09,53680
2026-10-05,2007-01-10,53446
2026-10-05,2007-01-11,53223
2026-10-05,2007-01-12,53159
2026-10-05,2007-01-15,52814
2026-10-05,2007-01-16,52477
2026-10-05,2007-01-17,52291
2026-10-05,2007-01-18,52212
2026-10-05,2007-01-19,52221
2026-10-05,2007-01-22,51979
2026-10-05,2007-01-23,51697
2026-10-05,2007-01-24,51690
2026-10-05,2007-01-25,51713
2026-10-05,2007-01-26,51816
2026-10-05,2007-01-29,51720
2026-10-05,2007-01-30,51756
2026-10-05,2007-01-31,51847
2026-10-05,2007-02-01,52186
2026-10-05,2007-02-02,52923
2026-10-05,2007-02-05,53000
2026-10-05,2007-02-06,53125
2026-10-05,2007-02-07,53460
2026-10-05,2007-02-08,53427
2026-10-05,2007-02-09,53515
2026-10-05,2007-02-12,53188
2026-10-05,2007-02-13,52757
2026-10-05,2007-02-14,52543
2026-10-05,2007-02-15,52428
2026-10-05,2007-02-16,52430
2026-10-05,2007-02-19,52239
2026-10-05,2007-02-20,52078
2026-10-05,2007-02-21,51905
2026-10-05,2007-02-22,52132
2026-10-05,2007-02-23,52103
2026-10-05,2007-02-26,51987
2026-10-05,2007-02-27,51980
2026-10-05,2007-02-28,52243
2026-10-05,2007-03-01,52558
2026-10-05,2007-03-02,53199
2026-10-05,2007-03-05,53599
2026-10-05,2007-03-06,53800
2026-10-05,2007-03-07,54030
2026-10-05,2007-03-08,54324
2026-10-05,2007-03-09,54335
2026-10-05,2007-03-12,53942
2026-10-05,2007-03-13,53527
2026-10-05,2007-03-14,53312
2026-10-05,2007-03-15,53195
2026-10-05,2007-03-16,53154
2026-10-05,2007-03-19,52799
2026-10-05,2007-03-20,52535
2026-10-05,2007-03-21,52515
2026-10-05,2007-03-22,52611
2026-10-05,2007-03-23,52828
2026-10-05,2007-03-26,52655
2026-10-05,2007-03-27,52500
2026-10-05,2007-03-28,52560
2026-10-05,2007-03-29,52693
2026-10-05,2007-03-30,53151
2026-10-05,2007-04-03,53833
2026-10-05,2007-04-04,54302
2026-10-05,2007-04-09,54420
2026-10-05,2007-04-10,54361
2026-10-05,2007-04-11,54092
2026-10-05,2007-04-12,54002
2026-10-05,2007-04-13,54026
2026-10-05,2007-04-16,53671
2026-10-05,2007-04-17,53323
2026-10-05,2007-04-18,53224
2026-10-05,2007-04-19,53212
2026-10-05,2007-04-20,53426
2026-10-05,2007-04-23,53276
2026-10-05,2007-04-24,53098
2026-10-05,2007-04-25,52965
2026-10-05,2007-04-26,53079
2026-10-05,2007-04-27,53402
2026-10-05,2007-04-30,53688
2026-10-05,2007-05-02,53997
2026-10-05,2007-05-03,54393
2026-10-05,2007-05-04,54927
2026-10-05,2007-05-07,55480
2026-10-05,2007-05-08,55254
2026-10-05,2007-05-09,55240
2026-10-05,2007-05-10,55122
2026-10-05,2007-05-11,55083
2026-10-05,2007-05-14,54687
2026-10-05,2007-05-15,54449
2026-10-05,2007-05-16,54288
2026-10-05,2007-05-17,54441
2026-10-05,2007-05-18,54373
2026-10-05,2007-05-21,54330
2026-10-05,2007-05-22,54085
2026-10-05,2007-05-23,54140
2026-10-05,2007-05-24,54304
2026-10-05,2007-05-28,54058
2026-10-05,2007-05-29,53903
2026-10-05,2007-05-30,54111
2026-10-05,2007-05-31,54370
2026-10-05,2007-06-01,55033
2026-10-05,2007-06-04,55562
2026-10-05,2007-06-05,55797
2026-10-05,2007-06-06,56238
2026-10-05,2007-06-07,56632
2026-10-05,2007-06-08,57015
2026-10-05,2007-06-11,56907
2026-10-05,2007-06-12,56572
2026-10-05,2007-06-13,56244
2026-10-05,2007-06-14,56276
2026-10-05,2007-06-15,56402
2026-10-05,2007-06-19,56004
2026-10-05,2007-06-20,55765
2026-10-05,2007-06-21,55827
2026-10-05,2007-06-22,56165
2026-10-05,2007-06-25,56199
2026-10-05,2007-06-26,56191
2026-10-05,2007-06-27,56392
2026-10-05,2007-06-28,56796
2026-10-05,2007-06-29,57493
2026-10-05,2007-07-02,58163
2026-10-05,2007-07-03,58507
2026-10-05,2007-07-04,59045
2026-10-05,2007-07-05,59695
2026-10-05,2007-07-06,60406
2026-10-05,2007-07-10,60400
2026-10-05,2007-07-11,60181
2026-10-05,2007-07-12,60084
2026-10-05,2007-07-13,60043
2026-10-05,2007-07-16,59707
2026-10-05,2007-07-17,59364
2026-10-05,2007-07-18,59257
2026-10-05,2007-07-19,59283
2026-10-05,2007-07-20,59460
2026-10-05,2007-07-23,59263
2026-10-05,2007-07-24,59065
2026-10-05,2007-07-25,59054
2026-10-05,2007-07-26,59026
2026-10-05,2007-07-27,59217
2026-10-05,2007-07-30,59122
2026-10-05,2007-07-31,59103
2026-10-05,2007-08-01,59359
2026-10-05,2007-08-02,59751
2026-10-05,2007-08-03,60307
2026-10-05,2007-08-06,60759
2026-10-05,2007-08-07,60925
2026-10-05,2007-08-08,60976
2026-10-05,2007-08-09,60880
2026-10-05,2007-08-10,60711
2026-10-05,2007-08-13,60233
2026-10-05,2007-08-14,59856
2026-10-05,2007-08-15,59647
2026-10-05,2007-08-16,59648
2026-10-05,2007-08-17,59597
2026-10-05,2007-08-21,59258
2026-10-05,2007-08-22,59017
2026-10-05,2007-08-23,59034
2026-10-05,2007-08-24,59147
2026-10-05,2007-08-27,59063
2026-10-05,2007-08-28,58604
2026-10-05,2007-08-29,58678
2026-10-05,2007-08-30,58589
2026-10-05,2007-08-31,58945
2026-10-05,2007-09-03,59330
2026-10-05,2007-09-04,59483
2026-10-05,2007-09-05,59746
2026-10-05,2007-09-06,60230
2026-10-05,2007-09-07,60663
2026-10-05,2007-09-10,60509
2026-10-05,2007-09-11,60062
2026-10-05,2007-09-12,59762
2026-10-05,2007-09-13,59577
2026-10-05,2007-09-14,59509
2026-10-05,2007-09-17,59095
2026-10-05,2007-09-18,58709
2026-10-05,2007-09-19,58596
2026-10-05,2007-09-20,58684
2026-10-05,2007-09-21,58826
2026-10-05,2007-09-24,58648
2026-10-05,2007-09-25,58486
2026-10-05,2007-09-26,58441
2026-10-05,2007-09-27,58611
2026-10-05,2007-09-28,59057
2026-10-05,2007-10-01,59460
2026-10-05,2007-10-02,59642
2026-10-05,2007-10-03,59932
2026-10-05,2007-10-04,60518
2026-10-05,2007-10-05,61158
2026-10-05,2007-10-08,61273
2026-10-05,2007-10-09,60927
2026-10-05,2007-10-10,60680
2026-10-05,2007-10-11,60532
2026-10-05,2007-10-12,60484
2026-10-05,2007-10-16,59944
2026-10-05,2007-10-17,59483
2026-10-05,2007-10-18,59406
2026-10-05,2007-10-19,59547
2026-10-05,2007-10-22,59335
2026-10-05,2007-10-23,59051
2026-10-05,2007-10-24,58998
2026-10-05,2007-10-25,58989
2026-10-05,2007-10-26,59166
2026-10-05,2007-10-29,59034
2026-10-05,2007-10-30,58858
2026-10-05,2007-10-31,58973
2026-10-05,2007-11-01,59598
2026-10-05,2007-11-02,60092
2026-10-05,2007-11-05,60651
2026-10-05,2007-11-07,60724
2026-10-05,2007-11-08,61009
2026-10-05,2007-11-09,61190
2026-10-05,2007-11-12,60868
2026-10-05,2007-11-13,60333
2026-10-05,2007-11-14,60090
2026-10-05,2007-11-15,60005
2026-10-05,2007-11-16,59974
2026-10-05,2007-11-19,59602
2026-10-05,2007-11-20,59388
2026-10-05,2007-11-21,59383
2026-10-05,2007-11-22,59541
2026-10-05,2007-11-23,59726
2026-10-05,2007-11-26,59446
2026-10-05,2007-11-27,59265
2026-10-05,2007-11-28,59303
2026-10-05,2007-11-29,59574
2026-10-05,2007-11-30,59983
2026-10-05,2007-12-03,60536
2026-10-05,2007-12-04,61033
2026-10-05,2007-12-05,61268
2026-10-05,2007-12-06,62042
2026-10-05,2007-12-07,62858
2026-10-05,2007-12-10,62422
2026-10-05,2007-12-11,62653
2026-10-05,2007-12-12,62462
2026-10-05,2007-12-13,62552
2026-10-05,2007-12-14,62730
2026-10-05,2007-12-17,62600
2026-10-05,2007-12-18,62614
2026-10-05,2007-12-19,63074
2026-10-05,2007-12-20,64103
2026-10-05,2007-12-21,65634
2026-10-05,2007-12-26,65738
2026-10-05,2007-12-27,66021
2026-10-05,2007-12-28,67343
2026-10-05,2008-01-02,66702
2026-10-05,2008-01-03,66630
2026-10-05,2008-01-04,66921
2026-10-05,2008-01-07,67174
2026-10-05,2008-01-08,66937
2026-10-05,2008-01-09,66659
2026-10-05,2008-01-10,66407
2026-10-05,2008-01-11,66187
2026-10-05,2008-01-14,65655
2026-10-05,2008-01-15,65194
2026-10-05,2008-01-16,64930
2026-10-05,2008-01-17,64764
2026-10-05,2008-01-18,64728
2026-10-05,2008-01-21,64442
2026-10-05,2008-01-22,64152
2026-10-05,2008-01-23,64019
2026-10-05,2008-01-24,64030
2026-10-05,2008-01-25,64111
2026-10-05,2008-01-28,63852
2026-10-05,2008-01-29,63703
2026-10-05,2008-01-30,63853
2026-10-05,2008-01-31,64109
2026-10-05,2008-02-01,64699
2026-10-05,2008-02-04,65214
2026-10-05,2008-02-05,65382
2026-10-05,2008-02-06,65636
2026-10-05,2008-02-07,65967
2026-10-05,2008-02-08,66230
2026-10-05,2008-02-11,65926
2026-10-05,2008-02-12,65336
2026-10-05,2008-02-13,64981
2026-10-05,2008-02-14,64783
2026-10-05,2008-02-15,64727
2026-10-05,2008-02-18,64320
2026-10-05,2008-02-19,63979
2026-10-05,2008-02-20,63870
2026-10-05,2008-02-21,63880
2026-10-05,2008-02-22,64049
2026-10-05,2008-02-25,63872
2026-10-05,2008-02-26,63666
2026-10-05,2008-02-27,63665
2026-10-05,2008-02-28,63890
2026-10-05,2008-02-29,64352
2026-10-05,2008-03-03,64885
2026-10-05,2008-03-04,65180
2026-10-05,2008-03-05,65560
2026-10-05,2008-03-06,66056
2026-10-05,2008-03-07,66595
2026-10-05,2008-03-10,66526
2026-10-05,2008-03-11,66065
2026-10-05,2008-03-12,65677
2026-10-05,2008-03-13,65498
2026-10-05,2008-03-14,65370
2026-10-05,2008-03-17,65012
2026-10-05,2008-03-18,64740
2026-10-05,2008-03-19,64888
2026-10-05,2008-03-25,64250
2026-10-05,2008-03-26,63979
2026-10-05,2008-03-27,63997
2026-10-05,2008-03-28,64599
2026-10-05,2008-03-31,64880
2026-10-05,2008-04-01,65358
2026-10-05,2008-04-03,65711
2026-10-05,2008-04-04,66524
2026-10-05,2008-04-07,67013
2026-10-05,2008-04-08,66874
2026-10-05,2008-04-09,66548
2026-10-05,2008-04-10,66437
2026-10-05,2008-04-11,66395
2026-10-05,2008-04-14,66034
2026-10-05,2008-04-15,65555
2026-10-05,2008-04-16,65348
2026-10-05,2008-04-17,65310
2026-10-05,2008-04-18,65454
2026-10-05,2008-04-21,65075
2026-10-05,2008-04-22,64790
2026-10-05,2008-04-23,64667
2026-10-05,2008-04-24,64719
2026-10-05,2008-04-25,64904
2026-10-05,2008-04-28,64631
2026-10-05,2008-04-29,64685
2026-10-05,2008-04-30,65025
2026-10-05,2008-05-02,65898
2026-10-05,2008-05-05,66385
2026-10-05,2008-05-06,66531
2026-10-05,2008-05-07,66849
2026-10-05,2008-05-08,67255
2026-10-05,2008-05-09,67659
2026-10-05,2008-05-12,67425
2026-10-05,2008-05-13,66913
2026-10-05,2008-05-14,66664
2026-10-05,2008-05-15,66484
2026-10-05,2008-05-16,66391
2026-10-05,2008-05-19,66112
2026-10-05,2008-05-20,65708
2026-10-05,2008-05-21,65491
2026-10-05,2008-05-22,65441
2026-10-05,2008-05-23,65563
2026-10-05,2008-05-26,65276
2026-10-05,2008-05-27,65032
2026-10-05,2008-05-28,64956
2026-10-05,2008-05-29,65149
2026-10-05,2008-05-30,65560
2026-10-05,2008-06-02,66168
2026-10-05,2008-06-03,66275
2026-10-05,2008-06-04,66545
2026-10-05,2008-06-05,67151
2026-10-05,2008-06-06,67862
2026-10-05,2008-06-09,67783
2026-10-05,2008-06-10,67333
2026-10-05,2008-06-11,66958
2026-10-05,2008-06-12,66755
2026-10-05,2008-06-13,66741
2026-10-05,2008-06-17,66272
2026-10-05,2008-06-18,65846
2026-10-05,2008-06-19,65690
2026-10-05,2008-06-20,65785
2026-10-05,2008-06-23,65639
2026-10-05,2008-06-24,65411
2026-10-05,2008-06-25,65418
2026-10-05,2008-06-26,65540
2026-10-05,2008-06-27,66035
2026-10-05,2008-06-30,66633
2026-10-05,2008-07-01,66929
2026-10-05,2008-07-02,67526
2026-10-05,2008-07-03,68106
2026-10-05,2008-07-04,69071
2026-10-05,2008-07-07,69775
2026-10-05,2008-07-08,69708
2026-10-05,2008-07-10,69562
2026-10-05,2008-07-11,69361
2026-10-05,2008-07-14,68826
2026-10-05,2008-07-15,68332
2026-10-05,2008-07-16,68069
2026-10-05,2008-07-17,67928
2026-10-05,2008-07-18,67962
2026-10-05,2008-07-21,67644
2026-10-05,2008-07-22,67211
2026-10-05,2008-07-23,67151
2026-10-05,2008-07-24,67198
2026-10-05,2008-07-25,67354
2026-10-05,2008-07-28,66859
2026-10-05,2008-07-29,66704
2026-10-05,2008-07-30,66613
2026-10-05,2008-07-31,66844
2026-10-05,2008-08-01,67567
2026-10-05,2008-08-04,68043
2026-10-05,2008-08-05,68222
2026-10-05,2008-08-06,68652
2026-10-05,2008-08-07,69054
2026-10-05,2008-08-08,69386
2026-10-05,2008-08-11,68961
2026-10-05,2008-08-12,68288
2026-10-05,2008-08-13,67938
2026-10-05,2008-08-14,67654
2026-10-05,2008-08-15,67525
2026-10-05,2008-08-19,66842
2026-10-05,2008-08-20,66352
2026-10-05,2008-08-21,66280
2026-10-05,2008-08-22,66427
2026-10-05,2008-08-25,66116
2026-10-05,2008-08-26,65899
2026-10-05,2008-08-27,65873
2026-10-05,2008-08-28,66029
2026-10-05,2008-08-29,66564
2026-10-05,2008-09-01,67052
2026-10-05,2008-09-02,67301
2026-10-05,2008-09-03,67700
2026-10-05,2008-09-04,68352
2026-10-05,2008-09-05,69195
2026-10-05,2008-09-08,69346
2026-10-05,2008-09-09,68807
2026-10-05,2008-09-10,68467
2026-10-05,2008-09-11,68126
2026-10-05,2008-09-12,67954
2026-10-05,2008-09-15,67378
2026-10-05,2008-09-16,66784
2026-10-05,2008-09-17,66597
2026-10-05,2008-09-18,66476
2026-10-05,2008-09-19,66620
2026-10-05,2008-09-22,66347
2026-10-05,2008-09-23,66027
2026-10-05,2008-09-24,65920
2026-10-05,2008-09-25,65984
2026-10-05,2008-09-26,66142
2026-10-05,2008-09-29,65779
2026-10-05,2008-09-30,65866
2026-10-05,2008-10-01,66378
2026-10-05,2008-10-02,67206
2026-10-05,2008-10-03,68136
2026-10-05,2008-10-06,69064
2026-10-05,2008-10-07,69092
2026-10-05,2008-10-08,69172
2026-10-05,2008-10-09,68968
2026-10-05,2008-10-10,68957
2026-10-05,2008-10-14,68022
2026-10-05,2008-10-15,67230
2026-10-05,2008-10-16,66869
2026-10-05,2008-10-17,66777
2026-10-05,2008-10-20,66227
2026-10-05,2008-10-21,65835
2026-10-05,2008-10-22,65795
2026-10-05,2008-10-23,66001
2026-10-05,2008-10-24,66092
2026-10-05,2008-10-27,65710
2026-10-05,2008-10-28,65414
2026-10-05,2008-10-29,65279
2026-10-05,2008-10-30,65279
2026-10-05,2008-10-31,65813
2026-10-05,2008-11-03,66650
2026-10-05,2008-11-04,67258
2026-10-05,2008-11-05,67844
2026-10-05,2008-11-07,68518
2026-10-05,2008-11-10,68403
2026-10-05,2008-11-11,67922
2026-10-05,2008-11-12,67538
2026-10-05,2008-11-13,67293
2026-10-05,2008-11-14,67281
2026-10-05,2008-11-17,66763
2026-10-05,2008-11-18,66344
2026-10-05,2008-11-19,66160
2026-10-05,2008-11-20,66217
2026-10-05,2008-11-21,66415
2026-10-05,2008-11-24,66081
2026-10-05,2008-11-25,65812
2026-10-05,2008-11-26,65800
2026-10-05,2008-11-27,65956
2026-10-05,2008-11-28,66505
2026-10-05,2008-12-01,67289
2026-10-05,2008-12-02,67682
2026-10-05,2008-12-03,68345
2026-10-05,2008-12-04,69295
2026-10-05,2008-12-05,70407
2026-10-05,2008-12-09,70513
2026-10-05,2008-12-10,70084
2026-10-05,2008-12-11,69912
2026-10-05,2008-12-12,69817
2026-10-05,2008-12-15,69370
2026-10-05,2008-12-16,69080
2026-10-05,2008-12-17,69383
2026-10-05,2008-12-18,69889
2026-10-05,2008-12-19,70950
2026-10-05,2008-12-22,71986
2026-10-05,2008-12-23,73035
2026-10-05,2008-12-24,73006
2026-10-05,2008-12-26,73484
2026-10-05,2008-12-29,73580
2026-10-05,2008-12-30,73925
2026-10-05,2008-12-31,74043
2026-10-05,2009-01-02,74160
2026-10-05,2009-01-05,74240
2026-10-05,2009-01-06,74160
2026-10-05,2009-01-07,74212
2026-10-05,2009-01-08,74364
2026-10-05,2009-01-09,74365
2026-10-05,2009-01-12,73724
2026-10-05,2009-01-13,72913
2026-10-05,2009-01-14,72451
2026-10-05,2009-01-15,72138
2026-10-05,2009-01-16,71962
2026-10-05,2009-01-19,71425
2026-10-05,2009-01-20,70913
2026-10-05,2009-01-21,70717
2026-10-05,2009-01-22,70628
2026-10-05,2009-01-23,70664
2026-10-05,2009-01-26,70372
2026-10-05,2009-01-27,70070
2026-10-05,2009-01-28,70028
2026-10-05,2009-01-29,70201
2026-10-05,2009-01-30,70644
2026-10-05,2009-02-02,71318
2026-10-05,2009-02-03,71451
2026-10-05,2009-02-04,71741
2026-10-05,2009-02-05,72257
2026-10-05,2009-02-06,72820
2026-10-05,2009-02-09,72852
2026-10-05,2009-02-10,72349
2026-10-05,2009-02-11,71811
2026-10-05,2009-02-12,71500
2026-10-05,2009-02-13,71256
2026-10-05,2009-02-16,70712
2026-10-05,2009-02-17,70226
2026-10-05,2009-02-18,69997
2026-10-05,2009-02-19,69940
2026-10-05,2009-02-20,70043
2026-10-05,2009-02-23,69677
2026-10-05,2009-02-24,69317
2026-10-05,2009-02-25,69187
2026-10-05,2009-02-26,69156
2026-10-05,2009-02-27,69615
2026-10-05,2009-03-02,70189
2026-10-05,2009-03-03,70272
2026-10-05,2009-03-04,70440
2026-10-05,2009-03-05,70929
2026-10-05,2009-03-06,71584
2026-10-05,2009-03-09,71526
2026-10-05,2009-03-10,70873
2026-10-05,2009-03-11,70313
2026-10-05,2009-03-12,69827
2026-10-05,2009-03-13,69629
2026-10-05,2009-03-16,68941
2026-10-05,2009-03-17,68319
2026-10-05,2009-03-18,68001
2026-10-05,2009-03-19,67931
2026-10-05,2009-03-20,68084
2026-10-05,2009-03-23,67712
2026-10-05,2009-03-25,67293
2026-10-05,2009-03-26,67170
2026-10-05,2009-03-27,67203
2026-10-05,2009-03-30,66876
2026-10-05,2009-03-31,66739
2026-10-05,2009-04-01,67326
2026-10-05,2009-04-03,68229
2026-10-05,2009-04-06,68763
2026-10-05,2009-04-07,68839
2026-10-05,2009-04-08,69403
2026-10-05,2009-04-13,68565
2026-10-05,2009-04-14,67887
2026-10-05,2009-04-15,67563
2026-10-05,2009-04-16,67431
2026-10-05,2009-04-17,67449
2026-10-05,2009-04-20,67033
2026-10-05,2009-04-21,66738
2026-10-05,2009-04-22,66668
2026-10-05,2009-04-23,66854
2026-10-05,2009-04-24,66977
2026-10-05,2009-04-27,66581
2026-10-05,2009-04-28,66365
2026-10-05,2009-04-29,66686
2026-10-05,2009-04-30,67451
2026-10-05,2009-05-04,68270
2026-10-05,2009-05-05,68538
2026-10-05,2009-05-06,68996
2026-10-05,2009-05-07,69577
2026-10-05,2009-05-08,70194
2026-10-05,2009-05-11,70093
2026-10-05,2009-05-12,69470
2026-10-05,2009-05-13,69125
2026-10-05,2009-05-14,69133
2026-10-05,2009-05-15,68945
2026-10-05,2009-05-18,68426
2026-10-05,2009-05-19,68019
2026-10-05,2009-05-20,67950
2026-10-05,2009-05-21,68143
2026-10-05,2009-05-22,68341
2026-10-05,2009-05-26,67837
2026-10-05,2009-05-27,67604
2026-10-05,2009-05-28,67860
2026-10-05,2009-05-29,68561
2026-10-05,2009-06-01,69295
2026-10-05,2009-06-02,69638
2026-10-05,2009-06-03,70236
2026-10-05,2009-06-04,71037
2026-10-05,2009-06-05,71766
2026-10-05,2009-06-08,72060
2026-10-05,2009-06-09,71759
2026-10-05,2009-06-10,71594
2026-10-05,2009-06-11,71392
2026-10-05,2009-06-12,71385
2026-10-05,2009-06-16,70828
2026-10-05,2009-06-17,70341
2026-10-05,2009-06-18,70295
2026-10-05,2009-06-19,70687
2026-10-05,2009-06-22,70598
2026-10-05,2009-06-23,70371
2026-10-05,2009-06-24,70406
2026-10-05,2009-06-25,70683
2026-10-05,2009-06-26,71162
2026-10-05,2009-06-29,71343
2026-10-05,2009-06-30,71418
2026-10-05,2009-07-01,72305
2026-10-05,2009-07-02,73293
2026-10-05,2009-07-03,74392
2026-10-05,2009-07-06,75334
2026-10-05,2009-07-07,75575
2026-10-05,2009-07-08,76018
2026-10-05,2009-07-13,75309
2026-10-05,2009-07-14,74550
2026-10-05,2009-07-15,74191
2026-10-05,2009-07-16,73984
2026-10-05,2009-07-17,73953
2026-10-05,2009-07-20,73490
2026-10-05,2009-07-21,73005
2026-10-05,2009-07-22,72906
2026-10-05,2009-07-23,72921
2026-10-05,2009-07-24,72980
2026-10-05,2009-07-27,72606
2026-10-05,2009-07-28,72323
2026-10-05,2009-07-29,72286
2026-10-05,2009-07-30,72221
2026-10-05,2009-07-31,72628
2026-10-05,2009-08-03,73394
2026-10-05,2009-08-04,73592
2026-10-05,2009-08-05,74083
2026-10-05,2009-08-06,74678
2026-10-05,2009-08-07,75343
2026-10-05,2009-08-10,75324
2026-10-05,2009-08-11,74634
2026-10-05,2009-08-12,74212
2026-10-05,2009-08-13,73984
2026-10-05,2009-08-14,73973
2026-10-05,2009-08-18,73272
2026-10-05,2009-08-19,72602
2026-10-05,2009-08-20,72469
2026-10-05,2009-08-21,72571
2026-10-05,2009-08-24,72198
2026-10-05,2009-08-25,71800
2026-10-05,2009-08-26,71684
2026-10-05,2009-08-27,71767
2026-10-05,2009-08-28,72050
2026-10-05,2009-08-31,72226
2026-10-05,2009-09-01,72516
2026-10-05,2009-09-02,73111
2026-10-05,2009-09-03,73733
2026-10-05,2009-09-04,74622
2026-10-05,2009-09-07,75177
2026-10-05,2009-09-08,74864
2026-10-05,2009-09-09,74635
2026-10-05,2009-09-10,74508
2026-10-05,2009-09-11,74436
2026-10-05,2009-09-14,73935
2026-10-05,2009-09-15,73392
2026-10-05,2009-09-16,73077
2026-10-05,2009-09-17,72967
2026-10-05,2009-09-18,72990
2026-10-05,2009-09-21,72729
2026-10-05,2009-09-22,72374
2026-10-05,2009-09-23,72353
2026-10-05,2009-09-24,72430
2026-10-05,2009-09-25,72574
2026-10-05,2009-09-28,72265
2026-10-05,2009-09-29,71946
2026-10-05,2009-09-30,72217
2026-10-05,2009-10-01,72851
2026-10-05,2009-10-02,73869
2026-10-05,2009-10-05,74611
2026-10-05,2009-10-06,74950
2026-10-05,2009-10-07,75382
2026-10-05,2009-10-08,75678
2026-10-05,2009-10-09,75852
2026-10-05,2009-10-13,75068
2026-10-05,2009-10-14,74226
2026-10-05,2009-10-15,73957
2026-10-05,2009-10-16,73967
2026-10-05,2009-10-19,73413
2026-10-05,2009-10-20,73008
2026-10-05,2009-10-21,72917
2026-10-05,2009-10-22,73031
2026-10-05,2009-10-23,73251
2026-10-05,2009-10-26,72827
2026-10-05,2009-10-27,72601
2026-10-05,2009-10-28,72682
2026-10-05,2009-10-29,72881
2026-10-05,2009-10-30,73473
2026-10-05,2009-11-02,74088
2026-10-05,2009-11-03,74425
2026-10-05,2009-11-04,75107
2026-10-05,2009-11-05,76218
2026-10-05,2009-11-09,76410
2026-10-05,2009-11-10,75997
2026-10-05,2009-11-11,75754
2026-10-05,2009-11-12,75592
2026-10-05,2009-11-13,75586
2026-10-05,2009-11-16,75087
2026-10-05,2009-11-17,74602
2026-10-05,2009-11-18,74437
2026-10-05,2009-11-19,74543
2026-10-05,2009-11-20,74789
2026-10-05,2009-11-23,74354
2026-10-05,2009-11-24,74102
2026-10-05,2009-11-25,74162
2026-10-05,2009-11-26,74344
2026-10-05,2009-11-27,74682
2026-10-05,2009-11-30,75222
2026-10-05,2009-12-01,75824
2026-10-05,2009-12-02,76720
2026-10-05,2009-12-03,77950
2026-10-05,2009-12-04,79500
2026-10-05,2009-12-07,80423
2026-10-05,2009-12-09,80393
2026-10-05,2009-12-10,80335
2026-10-05,2009-12-11,80474
2026-10-05,2009-12-14,80209
2026-10-05,2009-12-15,79958
2026-10-05,2009-12-16,80083
2026-10-05,2009-12-17,80650
2026-10-05,2009-12-18,81522
2026-10-05,2009-12-21,82428
2026-10-05,2009-12-22,83276
2026-10-05,2009-12-23,84780
2026-10-05,2009-12-24,84786
2026-10-05,2009-12-28,85105
2026-10-05,2009-12-29,85151
2026-10-05,2009-12-30,85971
2026-10-05,2009-12-31,85999
2026-10-05,2010-01-04,86023
2026-10-05,2010-01-05,86172
2026-10-05,2010-01-06,86444
2026-10-05,2010-01-07,86912
2026-10-05,2010-01-08,87129
2026-10-05,2010-01-11,86859
2026-10-05,2010-01-12,86030
2026-10-05,2010-01-13,85488
2026-10-05,2010-01-14,85103
2026-10-05,2010-01-15,84895
2026-10-05,2010-01-18,84284
2026-10-05,2010-01-19,83741
2026-10-05,2010-01-20,83463
2026-10-05,2010-01-21,83484
2026-10-05,2010-01-22,83537
2026-10-05,2010-01-25,83223
2026-10-05,2010-01-26,82872
2026-10-05,2010-01-27,82748
2026-10-05,2010-01-28,82898
2026-10-05,2010-01-29,83511
2026-10-05,2010-02-01,84127
2026-10-05,2010-02-02,84152
2026-10-05,2010-02-03,84524
2026-10-05,2010-02-04,85059
2026-10-05,2010-02-05,85804
2026-10-05,2010-02-08,85978
2026-10-05,2010-02-09,85419
2026-10-05,2010-02-10,84990
2026-10-05,2010-02-11,84528
2026-10-05,2010-02-12,84254
2026-10-05,2010-02-15,83612
2026-10-05,2010-02-16,82913
2026-10-05,2010-02-17,82594
2026-10-05,2010-02-18,82449
2026-10-05,2010-02-19,82476
2026-10-05,2010-02-22,82222
2026-10-05,2010-02-23,81822
2026-10-05,2010-02-24,81637
2026-10-05,2010-02-25,81672
2026-10-05,2010-02-26,82250
2026-10-05,2010-03-01,82753
2026-10-05,2010-03-02,82859
2026-10-05,2010-03-03,83403
2026-10-05,2010-03-04,84133
2026-10-05,2010-03-05,85149
2026-10-05,2010-03-08,85441
2026-10-05,2010-03-09,84867
2026-10-05,2010-03-10,84407
2026-10-05,2010-03-11,83998
2026-10-05,2010-03-12,83767
2026-10-05,2010-03-15,83150
2026-10-05,2010-03-16,82499
2026-10-05,2010-03-17,82236
2026-10-05,2010-03-18,82183
2026-10-05,2010-03-19,82423
2026-10-05,2010-03-22,82203
2026-10-05,2010-03-23,81849
2026-10-05,2010-03-25,81687
2026-10-05,2010-03-26,81623
2026-10-05,2010-03-29,81378
2026-10-05,2010-03-30,81281
2026-10-05,2010-03-31,81914
2026-10-05,2010-04-05,82463
2026-10-05,2010-04-06,82581
2026-10-05,2010-04-07,83216
2026-10-05,2010-04-08,83782
2026-10-05,2010-04-09,84284
2026-10-05,2010-04-12,83937
2026-10-05,2010-04-13,83148
2026-10-05,2010-04-14,82758
2026-10-05,2010-04-15,82569
2026-10-05,2010-04-16,82555
2026-10-05,2010-04-19,82096
2026-10-05,2010-04-20,81608
2026-10-05,2010-04-21,81551
2026-10-05,2010-04-22,81670
2026-10-05,2010-04-23,81773
2026-10-05,2010-04-26,81249
2026-10-05,2010-04-27,80906
2026-10-05,2010-04-28,80971
2026-10-05,2010-04-29,81378
2026-10-05,2010-04-30,82340
2026-10-05,2010-05-03,83233
2026-10-05,2010-05-04,83550
2026-10-05,2010-05-05,84194
2026-10-05,2010-05-06,85014
2026-10-05,2010-05-07,85884
2026-10-05,2010-05-10,85958
2026-10-05,2010-05-11,85326
2026-10-05,2010-05-12,84960
2026-10-05,2010-05-13,84610
2026-10-05,2010-05-14,84400
2026-10-05,2010-05-17,84130
2026-10-05,2010-05-18,83444
2026-10-05,2010-05-19,83397
2026-10-05,2010-05-20,83608
2026-10-05,2010-05-21,83935
2026-10-05,2010-05-26,83256
2026-10-05,2010-05-27,82875
2026-10-05,2010-05-28,83229
2026-10-05,2010-05-31,83721
2026-10-05,2010-06-01,84042
2026-10-05,2010-06-02,84792
2026-10-05,2010-06-03,85701
2026-10-05,2010-06-04,86966
2026-10-05,2010-06-07,87801
2026-10-05,2010-06-08,87484
2026-10-05,2010-06-09,87334
2026-10-05,2010-06-10,87284
2026-10-05,2010-06-11,87288
2026-10-05,2010-06-14,86805
2026-10-05,2010-06-15,86357
2026-10-05,2010-06-16,86295
2026-10-05,2010-06-17,86463
2026-10-05,2010-06-18,86900
2026-10-05,2010-06-22,86806
2026-10-05,2010-06-23,86573
2026-10-05,2010-06-24,86804
2026-10-05,2010-06-25,87031
2026-10-05,2010-06-28,87258
2026-10-05,2010-06-29,87346
2026-10-05,2010-06-30,88054
2026-10-05,2010-07-01,89498
2026-10-05,2010-07-02,90389
2026-10-05,2010-07-05,91731
2026-10-05,2010-07-06,92519
2026-10-05,2010-07-07,93410
2026-10-05,2010-07-08,94201
2026-10-05,2010-07-12,94024
2026-10-05,2010-07-13,93064
2026-10-05,2010-07-14,92726
2026-10-05,2010-07-15,92587
2026-10-05,2010-07-16,92570
2026-10-05,2010-07-19,92125
2026-10-05,2010-07-20,91731
2026-10-05,2010-07-21,91728
2026-10-05,2010-07-22,91771
2026-10-05,2010-07-23,91975
2026-10-05,2010-07-26,91571
2026-10-05,2010-07-27,91219
2026-10-05,2010-07-28,91229
2026-10-05,2010-07-29,91419
2026-10-05,2010-07-30,91929
2026-10-05,2010-08-02,92663
2026-10-05,2010-08-03,93205
2026-10-05,2010-08-04,93709
2026-10-05,2010-08-05,94439
2026-10-05,2010-08-06,95525
2026-10-05,2010-08-09,95906
2026-10-05,2010-08-10,95320
2026-10-05,2010-08-11,94842
2026-10-05,2010-08-12,94526
2026-10-05,2010-08-13,94424
2026-10-05,2010-08-17,93591
2026-10-05,2010-08-18,92785
2026-10-05,2010-08-19,92594
2026-10-05,2010-08-20,92780
2026-10-05,2010-08-23,92476
2026-10-05,2010-08-24,91987
2026-10-05,2010-08-25,91862
2026-10-05,2010-08-26,91836
2026-10-05,2010-08-27,92150
2026-10-05,2010-08-30,91888
2026-10-05,2010-08-31,92045
2026-10-05,2010-09-01,92708
2026-10-05,2010-09-02,93514
2026-10-05,2010-09-03,94822
2026-10-05,2010-09-06,96104
2026-10-05,2010-09-07,96248
2026-10-05,2010-09-08,96455
2026-10-05,2010-09-09,96455
2026-10-05,2010-09-10,96564
2026-10-05,2010-09-13,95858
2026-10-05,2010-09-14,95263
2026-10-05,2010-09-15,95070
2026-10-05,2010-09-16,94995
2026-10-05,2010-09-17,94940
2026-10-05,2010-09-20,94561
2026-10-05,2010-09-21,94149
2026-10-05,2010-09-22,94183
2026-10-05,2010-09-23,94353
2026-10-05,2010-09-24,94542
2026-10-05,2010-09-27,94265
2026-10-05,2010-09-28,93928
2026-10-05,2010-09-29,93835
2026-10-05,2010-09-30,94184
2026-10-05,2010-10-01,95303
2026-10-05,2010-10-04,96412
2026-10-05,2010-10-05,96998
2026-10-05,2010-10-06,97917
2026-10-05,2010-10-07,98848
2026-10-05,2010-10-08,99466
2026-10-05,2010-10-12,98849
2026-10-05,2010-10-13,97971
2026-10-05,2010-10-14,97591
2026-10-05,2010-10-15,97607
2026-10-05,2010-10-18,96975
2026-10-05,2010-10-19,96469
2026-10-05,2010-10-20,96378
2026-10-05,2010-10-21,96460
2026-10-05,2010-10-22,96817
2026-10-05,2010-10-25,96335
2026-10-05,2010-10-26,95889
2026-10-05,2010-10-28,96048
2026-10-05,2010-10-29,96690
2026-10-05,2010-11-01,97586
2026-10-05,2010-11-02,97977
2026-10-05,2010-11-03,98686
2026-10-05,2010-11-04,99617
2026-10-05,2010-11-05,100904
2026-10-05,2010-11-08,101359
2026-10-05,2010-11-09,100952
2026-10-05,2010-11-10,100558
2026-10-05,2010-11-11,100162
2026-10-05,2010-11-12,100176
2026-10-05,2010-11-15,99659
2026-10-05,2010-11-16,99111
2026-10-05,2010-11-17,98953
2026-10-05,2010-11-18,99011
2026-10-05,2010-11-19,99477
2026-10-05,2010-11-23,99235
2026-10-05,2010-11-24,98751
2026-10-05,2010-11-25,98744
2026-10-05,2010-11-26,98916
2026-10-05,2010-11-29,98678
2026-10-05,2010-11-30,98595
2026-10-05,2010-12-01,99723
2026-10-05,2010-12-02,100910
2026-10-05,2010-12-03,102739
2026-10-05,2010-12-06,104361
2026-10-05,2010-12-07,105217
2026-10-05,2010-12-09,105770
2026-10-05,2010-12-10,105985
2026-10-05,2010-12-13,105504
2026-10-05,2010-12-14,105129
2026-10-05,2010-12-15,105284
2026-10-05,2010-12-16,105560
2026-10-05,2010-12-17,106525
2026-10-05,2010-12-20,107328
2026-10-05,2010-12-21,108084
2026-10-05,2010-12-22,109705
2026-10-05,2010-12-23,111386
2026-10-05,2010-12-27,111480
2026-10-05,2010-12-28,111831
2026-10-05,2010-12-29,112647
2026-10-05,2010-12-30,113461
2026-10-05,2011-01-03,113246
2026-10-05,2011-01-04,113156
2026-10-05,2011-01-05,113617
2026-10-05,2011-01-06,114306
2026-10-05,2011-01-07,115050
2026-10-05,2011-01-10,114697
2026-10-05,2011-01-11,114022
2026-10-05,2011-01-12,113560
2026-10-05,2011-01-13,113226
2026-10-05,2011-01-14,113107
2026-10-05,2011-01-17,112676
2026-10-05,2011-01-18,112119
2026-10-05,2011-01-19,111541
2026-10-05,2011-01-20,111474
2026-10-05,2011-01-21,111488
2026-10-05,2011-01-24,110956
2026-10-05,2011-01-25,110347
2026-10-05,2011-01-26,110276
2026-10-05,2011-01-27,110309
2026-10-05,2011-01-28,110644
2026-10-05,2011-01-31,111158
2026-10-05,2011-02-01,111396
2026-10-05,2011-02-02,111988
2026-10-05,2011-02-03,112747
2026-10-05,2011-02-04,113824
2026-10-05,2011-02-07,114503
2026-10-05,2011-02-08,114366
2026-10-05,2011-02-09,114070
2026-10-05,2011-02-10,113746
2026-10-05,2011-02-11,113432
2026-10-05,2011-02-14,112821
2026-10-05,2011-02-15,112109
2026-10-05,2011-02-16,111706
2026-10-05,2011-02-17,111451
2026-10-05,2011-02-18,111444
2026-10-05,2011-02-21,111124
2026-10-05,2011-02-22,110585
2026-10-05,2011-02-23,110436
2026-10-05,2011-02-24,110385
2026-10-05,2011-02-25,110929
2026-10-05,2011-02-28,111419
2026-10-05,2011-03-01,111750
2026-10-05,2011-03-02,112667
2026-10-05,2011-03-03,113475
2026-10-05,2011-03-04,115235
2026-10-05,2011-03-09,115746
2026-10-05,2011-03-10,115254
2026-10-05,2011-03-11,115019
2026-10-05,2011-03-14,114146
2026-10-05,2011-03-15,113246
2026-10-05,2011-03-16,112704
2026-10-05,2011-03-17,112405
2026-10-05,2011-03-18,112436
2026-10-05,2011-03-21,112081
2026-10-05,2011-03-22,111754
2026-10-05,2011-03-23,111883
2026-10-05,2011-03-28,110950
2026-10-05,2011-03-29,110398
2026-10-05,2011-03-30,110409
2026-10-05,2011-03-31,111170
2026-10-05,2011-04-01,112495
2026-10-05,2011-04-04,113571
2026-10-05,2011-04-05,114253
2026-10-05,2011-04-06,115301
2026-10-05,2011-04-07,116267
2026-10-05,2011-04-08,117024
2026-10-05,2011-04-11,116758
2026-10-05,2011-04-12,115868
2026-10-05,2011-04-13,115284
2026-10-05,2011-04-14,114943
2026-10-05,2011-04-15,114861
2026-10-05,2011-04-18,114253
2026-10-05,2011-04-19,113771
2026-10-05,2011-04-20,113962
2026-10-05,2011-04-25,113109
2026-10-05,2011-04-26,112384
2026-10-05,2011-04-27,112370
2026-10-05,2011-04-28,112664
2026-10-05,2011-04-29,113533
2026-10-05,2011-05-02,114690
2026-10-05,2011-05-03,115091
2026-10-05,2011-05-04,115933
2026-10-05,2011-05-05,117151
2026-10-05,2011-05-06,118559
2026-10-05,2011-05-09,118930
2026-10-05,2011-05-10,118313
2026-10-05,2011-05-11,117831
2026-10-05,2011-05-12,117315
2026-10-05,2011-05-13,117209
2026-10-05,2011-05-16,116534
2026-10-05,2011-05-17,115815
2026-10-05,2011-05-18,115668
2026-10-05,2011-05-19,115792
2026-10-05,2011-05-20,116112
2026-10-05,2011-05-23,115713
2026-10-05,2011-05-24,115244
2026-10-05,2011-05-26,115068
2026-10-05,2011-05-27,115238
2026-10-05,2011-05-30,115146
2026-10-05,2011-05-31,115163
2026-10-05,2011-06-01,116172
2026-10-05,2011-06-02,117398
2026-10-05,2011-06-03,118802
2026-10-05,2011-06-06,120464
2026-10-05,2011-06-07,120799
2026-10-05,2011-06-08,121281
2026-10-05,2011-06-09,121292
2026-10-05,2011-06-10,121446
2026-10-05,2011-06-13,120899
2026-10-05,2011-06-14,120290
2026-10-05,2011-06-15,120182
2026-10-05,2011-06-16,120328
2026-10-05,2011-06-17,120892
2026-10-05,2011-06-21,120575
2026-10-05,2011-06-22,120258
2026-10-05,2011-06-23,120572
2026-10-05,2011-06-24,121163
2026-10-05,2011-06-27,121187
2026-10-05,2011-06-28,121185
2026-10-05,2011-06-29,121675
2026-10-05,2011-06-30,122654
2026-10-05,2011-07-01,124232
2026-10-05,2011-07-04,125926
2026-10-05,2011-07-05,126962
2026-10-05,2011-07-06,128086
2026-10-05,2011-07-07,129338
2026-10-05,2011-07-08,130355
2026-10-05,2011-07-11,130701
2026-10-05,2011-07-12,129774
2026-10-05,2011-07-13,129257
2026-10-05,2011-07-14,129000
2026-10-05,2011-07-15,129015
2026-10-05,2011-07-18,128397
2026-10-05,2011-07-19,127687
2026-10-05,2011-07-20,127571
2026-10-05,2011-07-21,127572
2026-10-05,2011-07-22,127975
2026-10-05,2011-07-25,127736
2026-10-05,2011-07-26,127218
2026-10-05,2011-07-27,127218
2026-10-05,2011-07-28,127364
2026-10-05,2011-07-29,127967
2026-10-05,2011-08-01,129013
2026-10-05,2011-08-02,129224
2026-10-05,2011-08-03,130092
2026-10-05,2011-08-04,131216
2026-10-05,2011-08-05,132757
2026-10-05,2011-08-08,133642
2026-10-05,2011-08-09,132794
2026-10-05,2011-08-10,132269
2026-10-05,2011-08-11,131690
2026-10-05,2011-08-12,131493
2026-10-05,2011-08-15,130814
2026-10-05,2011-08-16,130134
2026-10-05,2011-08-17,129679
2026-10-05,2011-08-18,129486
2026-10-05,2011-08-19,129720
2026-10-05,2011-08-23,129252
2026-10-05,2011-08-24,128445
2026-10-05,2011-08-25,128330
2026-10-05,2011-08-26,128494
2026-10-05,2011-08-29,128114
2026-10-05,2011-08-30,127398
2026-10-05,2011-08-31,127743
2026-10-05,2011-09-01,128659
2026-10-05,2011-09-02,130210
2026-10-05,2011-09-05,131494
2026-10-05,2011-09-06,132058
2026-10-05,2011-09-07,132807
2026-10-05,2011-09-08,133296
2026-10-05,2011-09-09,133465
2026-10-05,2011-09-12,132792
2026-10-05,2011-09-13,131539
2026-10-05,2011-09-14,130949
2026-10-05,2011-09-15,130701
2026-10-05,2011-09-16,130593
2026-10-05,2011-09-19,130081
2026-10-05,2011-09-20,129373
2026-10-05,2011-09-21,129253
2026-10-05,2011-09-22,129295
2026-10-05,2011-09-23,129580
2026-10-05,2011-09-26,129234
2026-10-05,2011-09-27,128633
2026-10-05,2011-09-28,128715
2026-10-05,2011-09-29,128819
2026-10-05,2011-09-30,129621
2026-10-05,2011-10-03,130648
2026-10-05,2011-10-04,131028
2026-10-05,2011-10-05,131971
2026-10-05,2011-10-06,133235
2026-10-05,2011-10-07,134444
2026-10-05,2011-10-11,134599
2026-10-05,2011-10-12,133298
2026-10-05,2011-10-13,132566
2026-10-05,2011-10-14,132503
2026-10-05,2011-10-17,131692
2026-10-05,2011-10-18,130786
2026-10-05,2011-10-19,130552
2026-10-05,2011-10-20,130392
2026-10-05,2011-10-21,130683
2026-10-05,2011-10-24,130045
2026-10-05,2011-10-25,129491
2026-10-05,2011-10-26,129329
2026-10-05,2011-10-27,129490
2026-10-05,2011-10-28,130074
2026-10-05,2011-10-31,130911
2026-10-05,2011-11-01,131487
2026-10-05,2011-11-02,132623
2026-10-05,2011-11-03,133837
2026-10-05,2011-11-04,135791
2026-10-05,2011-11-07,137138
2026-10-05,2011-11-08,137089
2026-10-05,2011-11-09,136963
2026-10-05,2011-11-10,136711
2026-10-05,2011-11-11,136653
2026-10-05,2011-11-14,136061
2026-10-05,2011-11-15,135403
2026-10-05,2011-11-16,135195
2026-10-05,2011-11-17,135138
2026-10-05,2011-11-18,135298
2026-10-05,2011-11-21,134927
2026-10-05,2011-11-22,134484
2026-10-05,2011-11-23,134547
2026-10-05,2011-11-24,134666
2026-10-05,2011-11-25,135192
2026-10-05,2011-11-29,134756
2026-10-05,2011-11-30,134750
2026-10-05,2011-12-01,136125
2026-10-05,2011-12-02,138073
2026-10-05,2011-12-05,140100
2026-10-05,2011-12-06,141463
2026-10-05,2011-12-07,143902
2026-10-05,2011-12-12,143498
2026-10-05,2011-12-13,142613
2026-10-05,2011-12-14,142152
2026-10-05,2011-12-15,142080
2026-10-05,2011-12-16,142535
2026-10-05,2011-12-19,142993
2026-10-05,2011-12-20,143534
2026-10-05,2011-12-21,145106
2026-10-05,2011-12-22,147459
2026-10-05,2011-12-23,148220
2026-10-05,2011-12-27,149180
2026-10-05,2011-12-28,149501
2026-10-05,2011-12-29,150545
2026-10-05,2011-12-30,151214
2026-10-05,2012-01-03,151656
2026-10-05,2012-01-04,151719
2026-10-05,2012-01-05,152497
2026-10-05,2012-01-06,153502
2026-10-05,2012-01-09,153865
2026-10-05,2012-01-10,152884
2026-10-05,2012-01-11,151973
2026-10-05,2012-01-12,151426
2026-10-05,2012-01-13,150906
2026-10-05,2012-01-16,150128
2026-10-05,2012-01-17,149166
2026-10-05,2012-01-18,148716
2026-10-05,2012-01-19,148564
2026-10-05,2012-01-20,148548
2026-10-05,2012-01-23,147962
2026-10-05,2012-01-24,147211
2026-10-05,2012-01-25,147059
2026-10-05,2012-01-26,146865
2026-10-05,2012-01-27,147128
2026-10-05,2012-01-30,147142
2026-10-05,2012-01-31,146917
2026-10-05,2012-02-01,147627
2026-10-05,2012-02-02,148531
2026-10-05,2012-02-03,149746
2026-10-05,2012-02-06,150955
2026-10-05,2012-02-07,150937
2026-10-05,2012-02-08,151001
2026-10-05,2012-02-09,150813
2026-10-05,2012-02-10,150685
2026-10-05,2012-02-13,149811
2026-10-05,2012-02-14,148820
2026-10-05,2012-02-15,148364
2026-10-05,2012-02-16,148068
2026-10-05,2012-02-17,148065
2026-10-05,2012-02-22,146943
2026-10-05,2012-02-23,146349
2026-10-05,2012-02-24,146715
2026-10-05,2012-02-28,146531
2026-10-05,2012-02-29,146331
2026-10-05,2012-03-01,147202
2026-10-05,2012-03-02,148862
2026-10-05,2012-03-05,150152
2026-10-05,2012-03-06,150621
2026-10-05,2012-03-07,151653
2026-10-05,2012-03-08,152225
2026-10-05,2012-03-09,152412
2026-10-05,2012-03-12,151671
2026-10-05,2012-03-13,150254
2026-10-05,2012-03-14,149605
2026-10-05,2012-03-15,149230
2026-10-05,2012-03-16,149122
2026-10-05,2012-03-19,148357
2026-10-05,2012-03-20,147539
2026-10-05,2012-03-21,147385
2026-10-05,2012-03-22,147581
2026-10-05,2012-03-23,147798
2026-10-05,2012-03-26,147568
2026-10-05,2012-03-27,147172
2026-10-05,2012-03-28,147124
2026-10-05,2012-03-29,147343
2026-10-05,2012-03-30,148393
2026-10-05,2012-04-03,149714
2026-10-05,2012-04-04,151334
2026-10-05,2012-04-09,152114
2026-10-05,2012-04-10,151907
2026-10-05,2012-04-11,151778
2026-10-05,2012-04-12,151468
2026-10-05,2012-04-13,151374
2026-10-05,2012-04-16,150760
2026-10-05,2012-04-17,149744
2026-10-05,2012-04-18,149417
2026-10-05,2012-04-19,149522
2026-10-05,2012-04-20,149752
2026-10-05,2012-04-23,149416
2026-10-05,2012-04-24,148799
2026-10-05,2012-04-25,148934
2026-10-05,2012-04-26,149433
2026-10-05,2012-04-27,150672
2026-10-05,2012-05-02,152043
2026-10-05,2012-05-03,152240
2026-10-05,2012-05-04,153645
2026-10-05,2012-05-07,155168
2026-10-05,2012-05-08,155239
2026-10-05,2012-05-09,155302
2026-10-05,2012-05-10,155281
2026-10-05,2012-05-11,155316
2026-10-05,2012-05-14,154832
2026-10-05,2012-05-15,154135
2026-10-05,2012-05-16,153844
2026-10-05,2012-05-17,154017
2026-10-05,2012-05-18,154450
2026-10-05,2012-05-21,154426
2026-10-05,2012-05-22,154044
2026-10-05,2012-05-23,154265
2026-10-05,2012-05-24,154656
2026-10-05,2012-05-28,154325
2026-10-05,2012-05-29,154082
2026-10-05,2012-05-30,154551
2026-10-05,2012-05-31,155345
2026-10-05,2012-06-01,157331
2026-10-05,2012-06-04,159541
2026-10-05,2012-06-05,160316
2026-10-05,2012-06-06,161875
2026-10-05,2012-06-07,163170
2026-10-05,2012-06-08,164589
2026-10-05,2012-06-11,164956
2026-10-05,2012-06-12,163926
2026-10-05,2012-06-13,163304
2026-10-05,2012-06-14,163231
2026-10-05,2012-06-15,164135
2026-10-05,2012-06-18,164507
2026-10-05,2012-06-19,163225
2026-10-05,2012-06-21,163518
2026-10-05,2012-06-22,163621
2026-10-05,2012-06-25,164197
2026-10-05,2012-06-26,164109
2026-10-05,2012-06-27,164427
2026-10-05,2012-06-28,165809
2026-10-05,2012-06-29,167797
2026-10-05,2012-07-02,170033
2026-10-05,2012-07-03,170970
2026-10-05,2012-07-04,172249
2026-10-05,2012-07-05,174224
2026-10-05,2012-07-06,176678
2026-10-05,2012-07-10,177608
2026-10-05,2012-07-11,176934
2026-10-05,2012-07-12,176505
2026-10-05,2012-07-13,176301
2026-10-05,2012-07-16,176089
2026-10-05,2012-07-17,175239
2026-10-05,2012-07-18,175004
2026-10-05,2012-07-19,175171
2026-10-05,2012-07-20,175792
2026-10-05,2012-07-23,175323
2026-10-05,2012-07-24,174638
2026-10-05,2012-07-25,174572
2026-10-05,2012-07-26,174678
2026-10-05,2012-07-27,175130
2026-10-05,2012-07-30,175241
2026-10-05,2012-07-31,175227
2026-10-05,2012-08-01,176113
2026-10-05,2012-08-02,177233
2026-10-05,2012-08-03,178799
2026-10-05,2012-08-06,180854
2026-10-05,2012-08-07,180973
2026-10-05,2012-08-08,181090
2026-10-05,2012-08-09,181096
2026-10-05,2012-08-10,181171
2026-10-05,2012-08-13,180360
2026-10-05,2012-08-14,179257
2026-10-05,2012-08-15,178697
2026-10-05,2012-08-16,178516
2026-10-05,2012-08-17,178510
2026-10-05,2012-08-21,177968
2026-10-05,2012-08-22,177142
2026-10-05,2012-08-23,177015
2026-10-05,2012-08-24,177263
2026-10-05,2012-08-27,176885
2026-10-05,2012-08-28,176332
2026-10-05,2012-08-29,176338
2026-10-05,2012-08-30,176467
2026-10-05,2012-08-31,177420
2026-10-05,2012-09-03,178930
2026-10-05,2012-09-04,179459
2026-10-05,2012-09-05,180294
2026-10-05,2012-09-06,181705
2026-10-05,2012-09-07,183207
2026-10-05,2012-09-10,183796
2026-10-05,2012-09-11,182693
2026-10-05,2012-09-12,181730
2026-10-05,2012-09-13,181493
2026-10-05,2012-09-14,181426
2026-10-05,2012-09-17,180876
2026-10-05,2012-09-18,179887
2026-10-05,2012-09-19,179507
2026-10-05,2012-09-20,179767
2026-10-05,2012-09-21,180238
2026-10-05,2012-09-25,179733
2026-10-05,2012-09-26,179088
2026-10-05,2012-09-27,179499
2026-10-05,2012-09-28,180806
2026-10-05,2012-10-01,181955
2026-10-05,2012-10-02,182370
2026-10-05,2012-10-03,183278
2026-10-05,2012-10-04,184746
2026-10-05,2012-10-05,186683
2026-10-05,2012-10-09,187377
2026-10-05,2012-10-10,186427
2026-10-05,2012-10-11,185775
2026-10-05,2012-10-12,185404
2026-10-05,2012-10-15,184431
2026-10-05,2012-10-16,183177
2026-10-05,2012-10-17,182891
2026-10-05,2012-10-18,182935
2026-10-05,2012-10-19,183376
2026-10-05,2012-10-22,183015
2026-10-05,2012-10-23,182276
2026-10-05,2012-10-24,182137
2026-10-05,2012-10-25,182251
2026-10-05,2012-10-26,182551
2026-10-05,2012-10-29,182184
2026-10-05,2012-10-30,181724
2026-10-05,2012-10-31,182332
2026-10-05,2012-11-01,183550
2026-10-05,2012-11-02,185274
2026-10-05,2012-11-05,187302
2026-10-05,2012-11-07,187647
2026-10-05,2012-11-08,188396
2026-10-05,2012-11-09,188997
2026-10-05,2012-11-12,188666
2026-10-05,2012-11-13,187435
2026-10-05,2012-11-14,186758
2026-10-05,2012-11-15,186459
2026-10-05,2012-11-16,186370
2026-10-05,2012-11-19,185871
2026-10-05,2012-11-20,185757
2026-10-05,2012-11-21,185467
2026-10-05,2012-11-22,185163
2026-10-05,2012-11-23,185752
2026-10-05,2012-11-27,185048
2026-10-05,2012-11-28,184518
2026-10-05,2012-11-29,185271
2026-10-05,2012-11-30,186738
2026-10-05,2012-12-03,188735
2026-10-05,2012-12-04,189759
2026-10-05,2012-12-05,191528
2026-10-05,2012-12-06,193510
2026-10-05,2012-12-07,195640
2026-10-05,2012-12-10,197371
2026-10-05,2012-12-11,196673
2026-10-05,2012-12-12,196292
2026-10-05,2012-12-13,196196
2026-10-05,2012-12-14,196594
2026-10-05,2012-12-17,196730
2026-10-05,2012-12-18,197172
2026-10-05,2012-12-19,198785
2026-10-05,2012-12-20,202379
2026-10-05,2012-12-21,205955
2026-10-05,2012-12-26,207886
2026-10-05,2012-12-27,208011
2026-10-05,2012-12-28,209667
2026-10-05,2012-12-31,209528
2026-10-05,2013-01-02,210163
2026-10-05,2013-01-03,210312
2026-10-05,2013-01-04,210971
2026-10-05,2013-01-07,212183
2026-10-05,2013-01-08,211855
2026-10-05,2013-01-09,211481
2026-10-05,2013-01-10,210998
2026-10-05,2013-01-11,210281
2026-10-05,2013-01-14,209278
2026-10-05,2013-01-15,207983
2026-10-05,2013-01-16,207258
2026-10-05,2013-01-17,206796
2026-10-05,2013-01-18,206495
2026-10-05,2013-01-21,205888
2026-10-05,2013-01-22,204796
2026-10-05,2013-01-23,204242
2026-10-05,2013-01-24,204140
2026-10-05,2013-01-25,204285
2026-10-05,2013-01-28,203940
2026-10-05,2013-01-29,203590
2026-10-05,2013-01-30,204356
2026-10-05,2013-02-01,206184
2026-10-05,2013-02-04,207395
2026-10-05,2013-02-05,207487
2026-10-05,2013-02-06,208379
2026-10-05,2013-02-07,209583
2026-10-05,2013-02-08,210325
2026-10-05,2013-02-13,209070
2026-10-05,2013-02-14,207288
2026-10-05,2013-02-15,206364
2026-10-05,2013-02-18,204926
2026-10-05,2013-02-19,203642
2026-10-05,2013-02-21,203086
2026-10-05,2013-02-22,202941
2026-10-05,2013-02-25,202481
2026-10-05,2013-02-26,201673
2026-10-05,2013-02-27,201458
2026-10-05,2013-02-28,202481
2026-10-05,2013-03-01,203921
2026-10-05,2013-03-04,205634
2026-10-05,2013-03-05,206065
2026-10-05,2013-03-06,206986
2026-10-05,2013-03-07,208378
2026-10-05,2013-03-08,209334
2026-10-05,2013-03-11,209122
2026-10-05,2013-03-12,207345
2026-10-05,2013-03-13,206197
2026-10-05,2013-03-14,205508
2026-10-05,2013-03-15,205215
2026-10-05,2013-03-18,204473
2026-10-05,2013-03-19,203346
2026-10-05,2013-03-20,202844
2026-10-05,2013-03-21,203031
2026-10-05,2013-03-22,203595
2026-10-05,2013-03-25,203344
2026-10-05,2013-03-26,203268
2026-10-05,2013-03-27,204825
2026-10-05,2013-04-03,205186
2026-10-05,2013-04-04,205292
2026-10-05,2013-04-05,206813
2026-10-05,2013-04-08,208437
2026-10-05,2013-04-09,208108
2026-10-05,2013-04-10,207655
2026-10-05,2013-04-11,207111
2026-10-05,2013-04-12,207090
2026-10-05,2013-04-15,206315
2026-10-05,2013-04-16,204931
2026-10-05,2013-04-17,204563
2026-10-05,2013-04-18,204273
2026-10-05,2013-04-19,204715
2026-10-05,2013-04-22,204333
2026-10-05,2013-04-23,203259
2026-10-05,2013-04-24,203135
2026-10-05,2013-04-25,203345
2026-10-05,2013-04-26,203866
2026-10-05,2013-04-29,203756
2026-10-05,2013-04-30,204643
2026-10-05,2013-05-02,206606
2026-10-05,2013-05-03,207970
2026-10-05,2013-05-06,210005
2026-10-05,2013-05-07,210394
2026-10-05,2013-05-08,211287
2026-10-05,2013-05-09,211950
2026-10-05,2013-05-10,212313
2026-10-05,2013-05-13,211209
2026-10-05,2013-05-14,209477
2026-10-05,2013-05-15,208626
2026-10-05,2013-05-16,208147
2026-10-05,2013-05-17,208340
2026-10-05,2013-05-20,207563
2026-10-05,2013-05-21,206711
2026-10-05,2013-05-22,206572
2026-10-05,2013-05-23,206573
2026-10-05,2013-05-24,207133
2026-10-05,2013-05-27,206770
2026-10-05,2013-05-28,206050
2026-10-05,2013-05-29,206179
2026-10-05,2013-05-30,206456
2026-10-05,2013-05-31,207626
2026-10-05,2013-06-03,209665
2026-10-05,2013-06-04,210646
2026-10-05,2013-06-05,212029
2026-10-05,2013-06-06,214075
2026-10-05,2013-06-07,216392
2026-10-05,2013-06-10,217303
2026-10-05,2013-06-11,215791
2026-10-05,2013-06-12,215112
2026-10-05,2013-06-13,214710
2026-10-05,2013-06-14,214917
2026-10-05,2013-06-17,214687
2026-10-05,2013-06-18,213918
2026-10-05,2013-06-19,214674
2026-10-05,2013-06-24,214830
2026-10-05,2013-06-25,214389
2026-10-05,2013-06-26,214848
2026-10-05,2013-06-27,215799
2026-10-05,2013-06-28,218254
2026-10-05,2013-07-01,220800
2026-10-05,2013-07-02,222011
2026-10-05,2013-07-03,223394
2026-10-05,2013-07-04,225587
2026-10-05,2013-07-05,228351
2026-10-05,2013-07-08,230495
2026-10-05,2013-07-10,230591
2026-10-05,2013-07-11,229124
2026-10-05,2013-07-12,228670
2026-10-05,2013-07-15,227831
2026-10-05,2013-07-16,226661
2026-10-05,2013-07-17,226235
2026-10-05,2013-07-18,226135
2026-10-05,2013-07-19,226548
2026-10-05,2013-07-22,226372
2026-10-05,2013-07-23,225516
2026-10-05,2013-07-24,225363
2026-10-05,2013-07-25,225545
2026-10-05,2013-07-26,225899
2026-10-05,2013-07-29,225788
2026-10-05,2013-07-30,225107
2026-10-05,2013-07-31,225633
2026-10-05,2013-08-01,226922
2026-10-05,2013-08-02,228991
2026-10-05,2013-08-05,231042
2026-10-05,2013-08-06,231695
2026-10-05,2013-08-07,232890
2026-10-05,2013-08-08,233766
2026-10-05,2013-08-09,234230
2026-10-05,2013-08-12,233382
2026-10-05,2013-08-13,231338
2026-10-05,2013-08-14,230264
2026-10-05,2013-08-15,229984
2026-10-05,2013-08-16,229993
2026-10-05,2013-08-20,228462
2026-10-05,2013-08-21,226944
2026-10-05,2013-08-22,226687
2026-10-05,2013-08-23,227098
2026-10-05,2013-08-26,226603
2026-10-05,2013-08-27,225792
2026-10-05,2013-08-28,225825
2026-10-05,2013-08-29,226334
2026-10-05,2013-08-30,227555
2026-10-05,2013-09-02,229408
2026-10-05,2013-09-03,229873
2026-10-05,2013-09-04,230809
2026-10-05,2013-09-05,232618
2026-10-05,2013-09-06,234898
2026-10-05,2013-09-09,235902
2026-10-05,2013-09-10,234690
2026-10-05,2013-09-11,233631
2026-10-05,2013-09-12,232810
2026-10-05,2013-09-13,232330
2026-10-05,2013-09-16,231311
2026-10-05,2013-09-17,230125
2026-10-05,2013-09-18,229779
2026-10-05,2013-09-19,229922
2026-10-05,2013-09-20,230391
2026-10-05,2013-09-23,230043
2026-10-05,2013-09-24,229271
2026-10-05,2013-09-25,228916
2026-10-05,2013-09-26,229429
2026-10-05,2013-09-27,230492
2026-10-05,2013-09-30,231293
2026-10-05,2013-10-01,231624
2026-10-05,2013-10-02,232823
2026-10-05,2013-10-03,234369
2026-10-05,2013-10-04,236661
2026-10-05,2013-10-07,238800
2026-10-05,2013-10-08,238645
2026-10-05,2013-10-09,238306
2026-10-05,2013-10-10,237945
2026-10-05,2013-10-11,237366
2026-10-05,2013-10-15,235760
2026-10-05,2013-10-16,234030
2026-10-05,2013-10-17,233627
2026-10-05,2013-10-18,233723
2026-10-05,2013-10-21,233325
2026-10-05,2013-10-22,232169
2026-10-05,2013-10-23,231882
2026-10-05,2013-10-24,231965
2026-10-05,2013-10-25,232291
2026-10-05,2013-10-28,231767
2026-10-05,2013-10-29,231256
2026-10-05,2013-10-30,231013
2026-10-05,2013-10-31,231683
2026-10-05,2013-11-01,233254
2026-10-05,2013-11-04,235628
2026-10-05,2013-11-05,236353
2026-10-05,2013-11-07,237684
2026-10-05,2013-11-08,239514
2026-10-05,2013-11-11,239634
2026-10-05,2013-11-12,237409
2026-10-05,2013-11-13,236251
2026-10-05,2013-11-14,235820
2026-10-05,2013-11-15,235575
2026-10-05,2013-11-18,234513
2026-10-05,2013-11-19,233218
2026-10-05,2013-11-20,232767
2026-10-05,2013-11-21,232623
2026-10-05,2013-11-22,232943
2026-10-05,2013-11-26,231793
2026-10-05,2013-11-27,230653
2026-10-05,2013-11-28,230904
2026-10-05,2013-11-29,232656
2026-10-05,2013-12-02,234857
2026-10-05,2013-12-03,235780
2026-10-05,2013-12-04,237495
2026-10-05,2013-12-05,240148
2026-10-05,2013-12-06,243157
2026-10-05,2013-12-09,244916
2026-10-05,2013-12-10,244614
2026-10-05,2013-12-11,244017
2026-10-05,2013-12-12,243907
2026-10-05,2013-12-13,244115
2026-10-05,2013-12-16,244011
2026-10-05,2013-12-17,244389
2026-10-05,2013-12-18,245965
2026-10-05,2013-12-19,248412
2026-10-05,2013-12-20,252128
2026-10-05,2013-12-23,255314
2026-10-05,2013-12-26,254850
2026-10-05,2013-12-27,255465
2026-10-05,2013-12-30,257710
2026-10-05,2014-01-02,256591
2026-10-05,2014-01-03,256715
2026-10-05,2014-01-06,257813
2026-10-05,2014-01-07,257587
2026-10-05,2014-01-08,257730
2026-10-05,2014-01-09,257746
2026-10-05,2014-01-10,257273
2026-10-05,2014-01-13,255703
2026-10-05,2014-01-14,253649
2026-10-05,2014-01-15,252392
2026-10-05,2014-01-16,251407
2026-10-05,2014-01-17,250958
2026-10-05,2014-01-20,249745
2026-10-05,2014-01-21,248163
2026-10-05,2014-01-22,247511
2026-10-05,2014-01-23,247037
2026-10-05,2014-01-24,246944
2026-10-05,2014-01-27,246420
2026-10-05,2014-01-28,245440
2026-10-05,2014-01-29,245368
2026-10-05,2014-01-30,245656
2026-10-05,2014-01-31,246647
2026-10-05,2014-02-03,247938
2026-10-05,2014-02-04,248361
2026-10-05,2014-02-05,249066
2026-10-05,2014-02-06,250072
2026-10-05,2014-02-07,251009
2026-10-05,2014-02-10,251447
2026-10-05,2014-02-11,249465
2026-10-05,2014-02-12,247743
2026-10-05,2014-02-13,246346
2026-10-05,2014-02-14,245573
2026-10-05,2014-02-17,244205
2026-10-05,2014-02-18,242317
2026-10-05,2014-02-19,241321
2026-10-05,2014-02-20,240938
2026-10-05,2014-02-21,240618
2026-10-05,2014-02-24,239731
2026-10-05,2014-02-25,238575
2026-10-05,2014-02-26,238133
2026-10-05,2014-02-27,238533
2026-10-05,2014-02-28,240580
2026-10-05,2014-03-05,242386
2026-10-05,2014-03-06,243296
2026-10-05,2014-03-07,244879
2026-10-05,2014-03-10,246315
2026-10-05,2014-03-11,245381
2026-10-05,2014-03-12,244359
2026-10-05,2014-03-13,243376
2026-10-05,2014-03-14,242641
2026-10-05,2014-03-17,241539
2026-10-05,2014-03-18,239718
2026-10-05,2014-03-19,238848
2026-10-05,2014-03-20,238555
2026-10-05,2014-03-21,238675
2026-10-05,2014-03-25,237274
2026-10-05,2014-03-26,235764
2026-10-05,2014-03-27,235686
2026-10-05,2014-03-28,236295
2026-10-05,2014-03-31,237558
2026-10-05,2014-04-01,238109
2026-10-05,2014-04-03,240337
2026-10-05,2014-04-04,242208
2026-10-05,2014-04-07,243782
2026-10-05,2014-04-08,243803
2026-10-05,2014-04-09,243845
2026-10-05,2014-04-10,243967
2026-10-05,2014-04-11,244283
2026-10-05,2014-04-14,242247
2026-10-05,2014-04-15,240553
2026-10-05,2014-04-16,239919
2026-10-05,2014-04-21,237683
2026-10-05,2014-04-22,235964
2026-10-05,2014-04-23,235492
2026-10-05,2014-04-24,235444
2026-10-05,2014-04-25,235788
2026-10-05,2014-04-28,235171
2026-10-05,2014-04-29,235144
2026-10-05,2014-04-30,237498
2026-10-05,2014-05-05,240425
2026-10-05,2014-05-06,240822
2026-10-05,2014-05-07,241784
2026-10-05,2014-05-08,243365
2026-10-05,2014-05-09,244899
2026-10-05,2014-05-12,244689
2026-10-05,2014-05-13,242450
2026-10-05,2014-05-14,241327
2026-10-05,2014-05-15,240925
2026-10-05,2014-05-16,240650
2026-10-05,2014-05-19,239595
2026-10-05,2014-05-20,238264
2026-10-05,2014-05-21,237675
2026-10-05,2014-05-22,237807
2026-10-05,2014-05-23,238078
2026-10-05,2014-05-26,237547
2026-10-05,2014-05-27,236963
2026-10-05,2014-05-28,237357
2026-10-05,2014-05-29,237492
2026-10-05,2014-05-30,239685
2026-10-05,2014-06-02,242654
2026-10-05,2014-06-03,243723
2026-10-05,2014-06-04,245272
2026-10-05,2014-06-05,248398
2026-10-05,2014-06-06,250966
2026-10-05,2014-06-09,252502
2026-10-05,2014-06-10,251275
2026-10-05,2014-06-11,250383
2026-10-05,2014-06-12,249771
2026-10-05,2014-06-13,249827
2026-10-05,2014-06-16,249264
2026-10-05,2014-06-17,248380
2026-10-05,2014-06-18,248540
2026-10-05,2014-06-19,249539
2026-10-05,2014-06-23,250458
2026-10-05,2014-06-24,250234
2026-10-05,2014-06-25,249799
2026-10-05,2014-06-26,250928
2026-10-05,2014-06-27,253033
2026-10-05,2014-06-30,256606
2026-10-05,2014-07-01,257324
2026-10-05,2014-07-02,260663
2026-10-05,2014-07-03,263080
2026-10-05,2014-07-04,266633
2026-10-05,2014-07-07,269936
2026-10-05,2014-07-08,270736
2026-10-05,2014-07-10,270183
2026-10-05,2014-07-11,269768
2026-10-05,2014-07-14,268932
2026-10-05,2014-07-15,267300
2026-10-05,2014-07-16,266827
2026-10-05,2014-07-17,266892
2026-10-05,2014-07-18,267168
2026-10-05,2014-07-21,267081
2026-10-05,2014-07-22,265672
2026-10-05,2014-07-23,265515
2026-10-05,2014-07-24,265878
2026-10-05,2014-07-25,266300
2026-10-05,2014-07-28,266037
2026-10-05,2014-07-29,265392
2026-10-05,2014-07-30,265296
2026-10-05,2014-07-31,266585
2026-10-05,2014-08-01,269122
2026-10-05,2014-08-04,271505
2026-10-05,2014-08-05,272123
2026-10-05,2014-08-06,273880
2026-10-05,2014-08-07,274848
2026-10-05,2014-08-08,276165
2026-10-05,2014-08-11,276009
2026-10-05,2014-08-12,273666
2026-10-05,2014-08-13,272177
2026-10-05,2014-08-14,271573
2026-10-05,2014-08-15,271481
2026-10-05,2014-08-19,269900
2026-10-05,2014-08-20,268168
2026-10-05,2014-08-21,267632
2026-10-05,2014-08-22,267785
2026-10-05,2014-08-25,267006
2026-10-05,2014-08-26,266156
2026-10-05,2014-08-27,266273
2026-10-05,2014-08-28,266540
2026-10-05,2014-08-29,269084
2026-10-05,2014-09-01,270960
2026-10-05,2014-09-02,271723
2026-10-05,2014-09-03,273050
2026-10-05,2014-09-04,275326
2026-10-05,2014-09-05,278031
2026-10-05,2014-09-08,279556
2026-10-05,2014-09-09,278277
2026-10-05,2014-09-10,277432
2026-10-05,2014-09-11,276603
2026-10-05,2014-09-12,275999
2026-10-05,2014-09-15,274716
2026-10-05,2014-09-16,273050
2026-10-05,2014-09-17,272623
2026-10-05,2014-09-18,272547
2026-10-05,2014-09-19,272706
2026-10-05,2014-09-22,272369
2026-10-05,2014-09-23,271293
2026-10-05,2014-09-24,271035
2026-10-05,2014-09-25,271151
2026-10-05,2014-09-26,271776
2026-10-05,2014-09-29,271446
2026-10-05,2014-09-30,271754
2026-10-05,2014-10-01,272780
2026-10-05,2014-10-02,274977
2026-10-05,2014-10-03,277335
2026-10-05,2014-10-06,279678
2026-10-05,2014-10-07,280318
2026-10-05,2014-10-08,281164
2026-10-05,2014-10-09,281278
2026-10-05,2014-10-10,281271
2026-10-05,2014-10-14,278779
2026-10-05,2014-10-15,276137
2026-10-05,2014-10-16,275056
2026-10-05,2014-10-17,274723
2026-10-05,2014-10-20,273690
2026-10-05,2014-10-21,272165
2026-10-05,2014-10-22,271820
2026-10-05,2014-10-23,271156
2026-10-05,2014-10-24,271328
2026-10-05,2014-10-27,270456
2026-10-05,2014-10-28,269698
2026-10-05,2014-10-29,269469
2026-10-05,2014-10-30,269974
2026-10-05,2014-10-31,271741
2026-10-05,2014-11-03,273978
2026-10-05,2014-11-04,275343
2026-10-05,2014-11-05,277982
2026-10-05,2014-11-07,280605
2026-10-05,2014-11-10,281912
2026-10-05,2014-11-11,280944
2026-10-05,2014-11-12,280131
2026-10-05,2014-11-13,279133
2026-10-05,2014-11-14,278091
2026-10-05,2014-11-17,277227
2026-10-05,2014-11-18,276077
2026-10-05,2014-11-19,275627
2026-10-05,2014-11-20,276176
2026-10-05,2014-11-21,276947
2026-10-05,2014-11-25,275812
2026-10-05,2014-11-26,275082
2026-10-05,2014-11-27,275773
2026-10-05,2014-11-28,277981
2026-10-05,2014-12-01,280843
2026-10-05,2014-12-02,282364
2026-10-05,2014-12-03,285230
2026-10-05,2014-12-04,289025
2026-10-05,2014-12-05,293362
2026-10-05,2014-12-09,295272
2026-10-05,2014-12-10,294967
2026-10-05,2014-12-11,294255
2026-10-05,2014-12-12,294199
2026-10-05,2014-12-15,293819
2026-10-05,2014-12-16,293091
2026-10-05,2014-12-17,294515
2026-10-05,2014-12-18,297242
2026-10-05,2014-12-19,302428
2026-10-05,2014-12-22,307324
2026-10-05,2014-12-23,311257
2026-10-05,2014-12-24,310630
2026-10-05,2014-12-29,313920
2026-10-05,2014-12-30,315757
2026-10-05,2015-01-02,315595
2026-10-05,2015-01-05,316127
2026-10-05,2015-01-06,315785
2026-10-05,2015-01-07,316370
2026-10-05,2015-01-08,317317
2026-10-05,2015-01-09,317904
2026-10-05,2015-01-12,317121
2026-10-05,2015-01-13,314080
2026-10-05,2015-01-14,312770
2026-10-05,2015-01-15,311812
2026-10-05,2015-01-16,311089
2026-10-05,2015-01-19,309789
2026-10-05,2015-01-20,308228
2026-10-05,2015-01-21,307585
2026-10-05,2015-01-22,307513
2026-10-05,2015-01-23,307362
2026-10-05,2015-01-26,306168
2026-10-05,2015-01-27,305127
2026-10-05,2015-01-28,305001
2026-10-05,2015-01-29,305782
2026-10-05,2015-01-30,307969
2026-10-05,2015-02-02,310322
2026-10-05,2015-02-03,310866
2026-10-05,2015-02-04,312170
2026-10-05,2015-02-05,314152
2026-10-05,2015-02-06,316624
2026-10-05,2015-02-09,317953
2026-10-05,2015-02-10,315939
2026-10-05,2015-02-11,314121
2026-10-05,2015-02-12,313166
2026-10-05,2015-02-13,312693
2026-10-05,2015-02-18,310621
2026-10-05,2015-02-19,307969
2026-10-05,2015-02-20,307101
2026-10-05,2015-02-23,306426
2026-10-05,2015-02-24,305429
2026-10-05,2015-02-25,305175
2026-10-05,2015-02-26,305605
2026-10-05,2015-02-27,307779
2026-10-05,2015-03-02,310399
2026-10-05,2015-03-03,310575
2026-10-05,2015-03-04,312000
2026-10-05,2015-03-05,314294
2026-10-05,2015-03-06,317298
2026-10-05,2015-03-09,318194
2026-10-05,2015-03-10,316549
2026-10-05,2015-03-11,315122
2026-10-05,2015-03-12,314021
2026-10-05,2015-03-13,313112
2026-10-05,2015-03-16,312132
2026-10-05,2015-03-17,310169
2026-10-05,2015-03-18,309505
2026-10-05,2015-03-19,309638
2026-10-05,2015-03-20,310774
2026-10-05,2015-03-25,308695
2026-10-05,2015-03-26,307406
2026-10-05,2015-03-27,308116
2026-10-05,2015-03-30,308831
2026-10-05,2015-03-31,310006
2026-10-05,2015-04-01,312549
2026-10-05,2015-04-06,314967
2026-10-05,2015-04-07,314887
2026-10-05,2015-04-08,316368
2026-10-05,2015-04-09,317952
2026-10-05,2015-04-10,319171
2026-10-05,2015-04-13,318419
2026-10-05,2015-04-14,316299
2026-10-05,2015-04-15,315236
2026-10-05,2015-04-16,315245
2026-10-05,2015-04-17,315712
2026-10-05,2015-04-20,315013
2026-10-05,2015-04-21,313783
2026-10-05,2015-04-22,313416
2026-10-05,2015-04-23,313756
2026-10-05,2015-04-24,314464
2026-10-05,2015-04-27,313950
2026-10-05,2015-04-28,313363
2026-10-05,2015-04-29,314050
2026-10-05,2015-04-30,317306
2026-10-05,2015-05-04,320944
2026-10-05,2015-05-05,321635
2026-10-05,2015-05-06,323209
2026-10-05,2015-05-07,325243
2026-10-05,2015-05-08,328214
2026-10-05,2015-05-11,328929
2026-10-05,2015-05-12,327834
2026-10-05,2015-05-13,324779
2026-10-05,2015-05-14,323908
2026-10-05,2015-05-15,323824
2026-10-05,2015-05-18,323640
2026-10-05,2015-05-19,322210
2026-10-05,2015-05-20,322764
2026-10-05,2015-05-21,323538
2026-10-05,2015-05-22,324183
2026-10-05,2015-05-26,323852
2026-10-05,2015-05-27,322756
2026-10-05,2015-05-28,320136
2026-10-05,2015-05-29,321871
2026-10-05,2015-06-01,323687
2026-10-05,2015-06-02,325000
2026-10-05,2015-06-03,327443
2026-10-05,2015-06-04,332949
2026-10-05,2015-06-05,337329
2026-10-05,2015-06-08,339771
2026-10-05,2015-06-09,339453
2026-10-05,2015-06-10,340034
2026-10-05,2015-06-11,338633
2026-10-05,2015-06-12,338215
2026-10-05,2015-06-15,337844
2026-10-05,2015-06-16,336457
2026-10-05,2015-06-17,336433
2026-10-05,2015-06-18,337335
2026-10-05,2015-06-19,339231
2026-10-05,2015-06-22,341115
2026-10-05,2015-06-23,341168
2026-10-05,2015-06-24,341910
2026-10-05,2015-06-25,343114
2026-10-05,2015-06-26,345155
2026-10-05,2015-06-29,346284
2026-10-05,2015-06-30,348125
2026-10-05,2015-07-01,351165
2026-10-05,2015-07-02,354983
2026-10-05,2015-07-03,358826
2026-10-05,2015-07-06,363371
2026-10-05,2015-07-07,364990
2026-10-05,2015-07-08,366961
2026-10-05,2015-07-10,369189
2026-10-05,2015-07-13,367079
2026-10-05,2015-07-14,366133
2026-10-05,2015-07-15,365414
2026-10-05,2015-07-16,365393
2026-10-05,2015-07-17,365791
2026-10-05,2015-07-20,366124
2026-10-05,2015-07-21,365108
2026-10-05,2015-07-22,365046
2026-10-05,2015-07-23,365529
2026-10-05,2015-07-24,366216
2026-10-05,2015-07-27,365894
2026-10-05,2015-07-28,365257
2026-10-05,2015-07-29,365279
2026-10-05,2015-07-30,365815
2026-10-05,2015-07-31,367201
2026-10-05,2015-08-03,370109
2026-10-05,2015-08-04,370862
2026-10-05,2015-08-05,372521
2026-10-05,2015-08-06,374871
2026-10-05,2015-08-07,377656
2026-10-05,2015-08-10,379268
2026-10-05,2015-08-11,377061
2026-10-05,2015-08-12,375677
2026-10-05,2015-08-13,374505
2026-10-05,2015-08-14,374486
2026-10-05,2015-08-18,373192
2026-10-05,2015-08-19,371034
2026-10-05,2015-08-20,370596
2026-10-05,2015-08-21,370842
2026-10-05,2015-08-24,370144
2026-10-05,2015-08-25,368819
2026-10-05,2015-08-26,368025
2026-10-05,2015-08-27,368219
2026-10-05,2015-08-28,369332
2026-10-05,2015-08-31,371310
2026-10-05,2015-09-01,371819
2026-10-05,2015-09-02,373593
2026-10-05,2015-09-03,375623
2026-10-05,2015-09-04,378939
2026-10-05,2015-09-07,381583
2026-10-05,2015-09-08,381386
2026-10-05,2015-09-09,381031
2026-10-05,2015-09-10,380667
2026-10-05,2015-09-11,380130
2026-10-05,2015-09-14,379058
2026-10-05,2015-09-15,377568
2026-10-05,2015-09-16,376744
2026-10-05,2015-09-17,376702
2026-10-05,2015-09-18,377106
2026-10-05,2015-09-21,377214
2026-10-05,2015-09-22,375677
2026-10-05,2015-09-23,375248
2026-10-05,2015-09-24,375487
2026-10-05,2015-09-25,376910
2026-10-05,2015-09-28,376449
2026-10-05,2015-09-29,376028
2026-10-05,2015-09-30,375612
2026-10-05,2015-10-01,377477
2026-10-05,2015-10-02,381529
2026-10-05,2015-10-05,384439
2026-10-05,2015-10-06,385192
2026-10-05,2015-10-07,387023
2026-10-05,2015-10-08,388875
2026-10-05,2015-10-09,389539
2026-10-05,2015-10-13,387511
2026-10-05,2015-10-14,384044
2026-10-05,2015-10-15,382876
2026-10-05,2015-10-16,382570
2026-10-05,2015-10-19,381495
2026-10-05,2015-10-20,379771
2026-10-05,2015-10-21,379431
2026-10-05,2015-10-22,379535
2026-10-05,2015-10-23,380126
2026-10-05,2015-10-26,379150
2026-10-05,2015-10-27,378308
2026-10-05,2015-10-28,378772
2026-10-05,2015-10-29,379381
2026-10-05,2015-10-30,381031
2026-10-05,2015-11-02,383707
2026-10-05,2015-11-03,384416
2026-10-05,2015-11-04,385351
2026-10-05,2015-11-05,389467
2026-10-05,2015-11-09,390433
2026-10-05,2015-11-10,389626
2026-10-05,2015-11-11,388835
2026-10-05,2015-11-12,387925
2026-10-05,2015-11-13,387645
2026-10-05,2015-11-16,386938
2026-10-05,2015-11-17,385022
2026-10-05,2015-11-18,384787
2026-10-05,2015-11-19,384867
2026-10-05,2015-11-20,385970
2026-10-05,2015-11-23,385148
2026-10-05,2015-11-24,383800
2026-10-05,2015-11-25,383986
2026-10-05,2015-11-26,385362
2026-10-05,2015-11-30,387418
2026-10-05,2015-12-01,388278
2026-10-05,2015-12-02,391340
2026-10-05,2015-12-03,395314
2026-10-05,2015-12-04,401149
2026-10-05,2015-12-09,404618
2026-10-05,2015-12-10,404918
2026-10-05,2015-12-11,405387
2026-10-05,2015-12-14,404160
2026-10-05,2015-12-15,401799
2026-10-05,2015-12-16,402234
2026-10-05,2015-12-17,403834
2026-10-05,2015-12-18,407938
2026-10-05,2015-12-21,412510
2026-10-05,2015-12-22,416357
2026-10-05,2015-12-23,421190
2026-10-05,2015-12-24,420027
2026-10-05,2015-12-28,422336
2026-10-05,2015-12-29,422005
2026-10-05,2015-12-30,424376
2026-10-05,2015-12-31,425366
2026-10-05,2016-01-04,425258
2026-10-05,2016-01-05,423830
2026-10-05,2016-01-06,423634
2026-10-05,2016-01-07,424550
2026-10-05,2016-01-08,425124
2026-10-05,2016-01-11,424510
2026-10-05,2016-01-12,420721
2026-10-05,2016-01-13,418378
2026-10-05,2016-01-14,416462
2026-10-05,2016-01-15,414590
2026-10-05,2016-01-18,412901
2026-10-05,2016-01-19,409858
2026-10-05,2016-01-20,408201
2026-10-05,2016-01-21,407191
2026-10-05,2016-01-22,406356
2026-10-05,2016-01-25,404738
2026-10-05,2016-01-26,402549
2026-10-05,2016-01-27,401873
2026-10-05,2016-01-28,402219
2026-10-05,2016-01-29,404835
2026-10-05,2016-02-01,407510
2026-10-05,2016-02-02,407674
2026-10-05,2016-02-03,408920
2026-10-05,2016-02-04,411076
2026-10-05,2016-02-05,414117
2026-10-05,2016-02-10,414575
2026-10-05,2016-02-11,411458
2026-10-05,2016-02-12,409388
2026-10-05,2016-02-15,406864
2026-10-05,2016-02-16,403717
2026-10-05,2016-02-17,402051
2026-10-05,2016-02-18,400870
2026-10-05,2016-02-19,400722
2026-10-05,2016-02-22,399722
2026-10-05,2016-02-23,397651
2026-10-05,2016-02-24,396882
2026-10-05,2016-02-25,396686
2026-10-05,2016-02-26,397254
2026-10-05,2016-02-29,399470
2026-10-05,2016-03-01,399371
2026-10-05,2016-03-02,402409
2026-10-05,2016-03-03,404118
2026-10-05,2016-03-04,407940
2026-10-05,2016-03-07,411090
2026-10-05,2016-03-08,410324
2026-10-05,2016-03-09,409855
2026-10-05,2016-03-10,408734
2026-10-05,2016-03-11,407529
2026-10-05,2016-03-14,405823
2026-10-05,2016-03-15,402635
2026-10-05,2016-03-16,400753
2026-10-05,2016-03-17,400027
2026-10-05,2016-03-18,399505
2026-10-05,2016-03-21,398819
2026-10-05,2016-03-22,397030
2026-10-05,2016-03-23,396953
2026-10-05,2016-03-28,394907
2026-10-05,2016-03-29,392619
2026-10-05,2016-03-30,392707
2026-10-05,2016-03-31,393995
2026-10-05,2016-04-01,396731
2026-10-05,2016-04-04,400264
2026-10-05,2016-04-05,400950
2026-10-05,2016-04-06,402524
2026-10-05,2016-04-07,405332
2026-10-05,2016-04-08,406856
2026-10-05,2016-04-11,406671
2026-10-05,2016-04-12,403356
2026-10-05,2016-04-13,401326
2026-10-05,2016-04-14,400578
2026-10-05,2016-04-15,398717
2026-10-05,2016-04-18,397031
2026-10-05,2016-04-19,395185
2026-10-05,2016-04-20,396017
2026-10-05,2016-04-21,396078
2026-10-05,2016-04-22,395024
2026-10-05,2016-04-25,392917
2026-10-05,2016-04-26,391218
2026-10-05,2016-04-27,391089
2026-10-05,2016-04-28,391888
2026-10-05,2016-04-29,394314
2026-10-05,2016-05-02,397903
2026-10-05,2016-05-03,398372
2026-10-05,2016-05-04,400238
2026-10-05,2016-05-05,403456
2026-10-05,2016-05-06,407343
2026-10-05,2016-05-09,409758
2026-10-05,2016-05-10,407088
2026-10-05,2016-05-11,405580
2026-10-05,2016-05-12,404224
2026-10-05,2016-05-13,403457
2026-10-05,2016-05-16,402392
2026-10-05,2016-05-17,399713
2026-10-05,2016-05-18,399001
2026-10-05,2016-05-19,399027
2026-10-05,2016-05-20,399522
2026-10-05,2016-05-23,398735
2026-10-05,2016-05-24,396752
2026-10-05,2016-05-26,396286
2026-10-05,2016-05-27,396186
2026-10-05,2016-05-30,395974
2026-10-05,2016-05-31,395526
2026-10-05,2016-06-01,397966
2026-10-05,2016-06-02,400869
2026-10-05,2016-06-03,404295
2026-10-05,2016-06-06,408665
2026-10-05,2016-06-07,409177
2026-10-05,2016-06-08,410322
2026-10-05,2016-06-09,410990
2026-10-05,2016-06-10,411579
2026-10-05,2016-06-13,410497
2026-10-05,2016-06-14,408011
2026-10-05,2016-06-15,407996
2026-10-05,2016-06-16,409364
2026-10-05,2016-06-21,409170
2026-10-05,2016-06-22,407065
2026-10-05,2016-06-23,408447
2026-10-05,2016-06-24,410816
2026-10-05,2016-06-27,411873
2026-10-05,2016-06-28,411580
2026-10-05,2016-06-29,413717
2026-10-05,2016-06-30,417507
2026-10-05,2016-07-01,422773
2026-10-05,2016-07-04,427641
2026-10-05,2016-07-05,429599
2026-10-05,2016-07-06,433467
2026-10-05,2016-07-07,437787
2026-10-05,2016-07-11,439938
2026-10-05,2016-07-12,437233
2026-10-05,2016-07-13,435524
2026-10-05,2016-07-14,434478
2026-10-05,2016-07-15,434144
2026-10-05,2016-07-18,433351
2026-10-05,2016-07-19,431154
2026-10-05,2016-07-20,430832
2026-10-05,2016-07-21,430830
2026-10-05,2016-07-22,431339
2026-10-05,2016-07-25,430865
2026-10-05,2016-07-26,428808
2026-10-05,2016-07-27,428773
2026-10-05,2016-07-28,429787
2026-10-05,2016-07-29,432922
2026-10-05,2016-08-01,436041
2026-10-05,2016-08-02,436456
2026-10-05,2016-08-03,438044
2026-10-05,2016-08-04,441371
2026-10-05,2016-08-05,444830
2026-10-05,2016-08-08,447415
2026-10-05,2016-08-09,445439
2026-10-05,2016-08-10,444400
2026-10-05,2016-08-11,443009
2026-10-05,2016-08-12,441926
2026-10-05,2016-08-16,440273
2026-10-05,2016-08-17,437062
2026-10-05,2016-08-18,436079
2026-10-05,2016-08-19,436462
2026-10-05,2016-08-22,435457
2026-10-05,2016-08-23,433201
2026-10-05,2016-08-24,432612
2026-10-05,2016-08-25,432374
2026-10-05,2016-08-26,432505
2026-10-05,2016-08-29,432174
2026-10-05,2016-08-30,430465
2026-10-05,2016-08-31,431527
2026-10-05,2016-09-01,434490
2026-10-05,2016-09-02,438797
2026-10-05,2016-09-05,442471
2026-10-05,2016-09-06,443748
2026-10-05,2016-09-07,446573
2026-10-05,2016-09-08,448821
2026-10-05,2016-09-09,449791
2026-10-05,2016-09-12,448490
2026-10-05,2016-09-13,444725
2026-10-05,2016-09-14,443124
2026-10-05,2016-09-15,442474
2026-10-05,2016-09-16,442512
2026-10-05,2016-09-19,441499
2026-10-05,2016-09-20,439745
2026-10-05,2016-09-21,438722
2026-10-05,2016-09-22,438951
2026-10-05,2016-09-23,439652
2026-10-05,2016-09-26,439862
2026-10-05,2016-09-27,439150
2026-10-05,2016-09-28,438546
2026-10-05,2016-09-29,438660
2026-10-05,2016-09-30,441108
2026-10-05,2016-10-03,444829
2026-10-05,2016-10-04,446515
2026-10-05,2016-10-05,448759
2026-10-05,2016-10-06,451643
2026-10-05,2016-10-07,455682
2026-10-05,2016-10-11,457037
2026-10-05,2016-10-12,453506
2026-10-05,2016-10-13,451698
2026-10-05,2016-10-14,451116
2026-10-05,2016-10-17,449826
2026-10-05,2016-10-18,447185
2026-10-05,2016-10-19,445383
2026-10-05,2016-10-20,444894
2026-10-05,2016-10-21,445071
2026-10-05,2016-10-24,444355
2026-10-05,2016-10-25,442485
2026-10-05,2016-10-26,442223
2026-10-05,2016-10-27,443458
2026-10-05,2016-10-28,444316
2026-10-05,2016-10-31,446933
2026-10-05,2016-11-01,448126
2026-10-05,2016-11-02,450809
2026-10-05,2016-11-03,453979
2026-10-05,2016-11-04,458764
2026-10-05,2016-11-07,463499
2026-10-05,2016-11-08,463079
2026-10-05,2016-11-09,462767
2026-10-05,2016-11-10,462156
2026-10-05,2016-11-11,461668
2026-10-05,2016-11-14,460368
2026-10-05,2016-11-15,457892
2026-10-05,2016-11-16,456601
2026-10-05,2016-11-17,456048
2026-10-05,2016-11-18,455948
2026-10-05,2016-11-21,455404
2026-10-05,2016-11-22,453951
2026-10-05,2016-11-23,454241
2026-10-05,2016-11-24,454785
2026-10-05,2016-11-25,456174
2026-10-05,2016-11-29,456350
2026-10-05,2016-11-30,456822
2026-10-05,2016-12-01,460802
2026-10-05,2016-12-02,466351
2026-10-05,2016-12-05,472985
2026-10-05,2016-12-06,477715
2026-10-05,2016-12-07,483804
2026-10-05,2016-12-12,486223
2026-10-05,2016-12-13,485001
2026-10-05,2016-12-14,485801
2026-10-05,2016-12-15,486470
2026-10-05,2016-12-16,489181
2026-10-05,2016-12-19,494476
2026-10-05,2016-12-20,498008
2026-10-05,2016-12-21,503597
2026-10-05,2016-12-22,512831
2026-10-05,2016-12-23,517743
2026-10-05,2016-12-26,519107
2026-10-05,2016-12-27,519202
2026-10-05,2016-12-28,520596
2026-10-05,2016-12-29,523888
2026-10-05,2016-12-30,527451
2026-10-05,2017-01-02,527824
2026-10-05,2017-01-03,527004
2026-10-05,2017-01-04,527131
2026-10-05,2017-01-05,529174
2026-10-05,2017-01-06,532053
2026-10-05,2017-01-09,532761
2026-10-05,2017-01-10,529337
2026-10-05,2017-01-11,526245
2026-10-05,2017-01-12,524163
2026-10-05,2017-01-13,521813
2026-10-05,2017-01-16,520370
2026-10-05,2017-01-17,517085
2026-10-05,2017-01-18,515649
2026-10-05,2017-01-19,514911
2026-10-05,2017-01-20,514585
2026-10-05,2017-01-23,513149
2026-10-05,2017-01-24,511061
2026-10-05,2017-01-25,510255
2026-10-05,2017-01-26,510449
2026-10-05,2017-01-27,510361
2026-10-05,2017-01-30,511198
2026-10-05,2017-01-31,511169
2026-10-05,2017-02-01,513195
2026-10-05,2017-02-02,515468
2026-10-05,2017-02-03,518321
2026-10-05,2017-02-06,522461
2026-10-05,2017-02-07,522686
2026-10-05,2017-02-08,523106
2026-10-05,2017-02-09,523096
2026-10-05,2017-02-10,522258
2026-10-05,2017-02-13,519677
2026-10-05,2017-02-14,516009
2026-10-05,2017-02-15,515267
2026-10-05,2017-02-16,515087
2026-10-05,2017-02-17,513950
2026-10-05,2017-02-20,512939
2026-10-05,2017-02-21,510519
2026-10-05,2017-02-22,510025
2026-10-05,2017-02-23,510752
2026-10-05,2017-02-24,512580
2026-10-05,2017-03-01,515984
2026-10-05,2017-03-02,516467
2026-10-05,2017-03-03,518924
2026-10-05,2017-03-06,524166
2026-10-05,2017-03-07,524705
2026-10-05,2017-03-08,525807
2026-10-05,2017-03-09,525880
2026-10-05,2017-03-10,526211
2026-10-05,2017-03-13,523689
2026-10-05,2017-03-14,518916
2026-10-05,2017-03-15,515942
2026-10-05,2017-03-16,514418
2026-10-05,2017-03-17,513306
2026-10-05,2017-03-20,511883
2026-10-05,2017-03-21,510339
2026-10-05,2017-03-22,510274
2026-10-05,2017-03-23,510663
2026-10-05,2017-03-27,509815
2026-10-05,2017-03-28,507111
2026-10-05,2017-03-29,506213
2026-10-05,2017-03-30,505110
2026-10-05,2017-03-31,506950
2026-10-05,2017-04-03,511809
2026-10-05,2017-04-04,513248
2026-10-05,2017-04-05,515577
2026-10-05,2017-04-06,517856
2026-10-05,2017-04-07,523570
2026-10-05,2017-04-10,525829
2026-10-05,2017-04-11,523047
2026-10-05,2017-04-12,521506
2026-10-05,2017-04-17,516605
2026-10-05,2017-04-18,512523
2026-10-05,2017-04-19,510525
2026-10-05,2017-04-20,510161
2026-10-05,2017-04-21,510260
2026-10-05,2017-04-24,510158
2026-10-05,2017-04-25,507890
2026-10-05,2017-04-26,507750
2026-10-05,2017-04-27,508645
2026-10-05,2017-04-28,513665
2026-10-05,2017-05-02,519971
2026-10-05,2017-05-03,519851
2026-10-05,2017-05-04,522291
2026-10-05,2017-05-05,526963
2026-10-05,2017-05-08,531441
2026-10-05,2017-05-09,529823
2026-10-05,2017-05-10,528816
2026-10-05,2017-05-11,526846
2026-10-05,2017-05-12,525585
2026-10-05,2017-05-15,523942
2026-10-05,2017-05-16,521035
2026-10-05,2017-05-17,520297
2026-10-05,2017-05-18,519948
2026-10-05,2017-05-19,520634
2026-10-05,2017-05-22,520638
2026-10-05,2017-05-23,519080
2026-10-05,2017-05-24,519047
2026-10-05,2017-05-26,519840
2026-10-05,2017-05-29,520018
2026-10-05,2017-05-30,520087
2026-10-05,2017-05-31,521633
2026-10-05,2017-06-01,525860
2026-10-05,2017-06-02,531429
2026-10-05,2017-06-05,537380
2026-10-05,2017-06-06,539583
2026-10-05,2017-06-07,542480
2026-10-05,2017-06-08,545227
2026-10-05,2017-06-09,547113
2026-10-05,2017-06-12,547174
2026-10-05,2017-06-13,543439
2026-10-05,2017-06-14,541467
2026-10-05,2017-06-15,541304
2026-10-05,2017-06-16,541971
2026-10-05,2017-06-19,543080
2026-10-05,2017-06-21,541838
2026-10-05,2017-06-22,541503
2026-10-05,2017-06-23,544312
2026-10-05,2017-06-26,546242
2026-10-05,2017-06-27,546707
2026-10-05,2017-06-28,549520
2026-10-05,2017-06-29,552980
2026-10-05,2017-06-30,560039
2026-10-05,2017-07-03,568279
2026-10-05,2017-07-04,571351
2026-10-05,2017-07-05,575506
2026-10-05,2017-07-06,580450
2026-10-05,2017-07-07,584387
2026-10-05,2017-07-10,588791
2026-10-05,2017-07-11,585819
2026-10-05,2017-07-12,583116
2026-10-05,2017-07-13,581956
2026-10-05,2017-07-14,581026
2026-10-05,2017-07-17,580535
2026-10-05,2017-07-18,577659
2026-10-05,2017-07-19,576583
2026-10-05,2017-07-20,576800
2026-10-05,2017-07-21,577237
2026-10-05,2017-07-24,577565
2026-10-05,2017-07-25,575812
2026-10-05,2017-07-26,574836
2026-10-05,2017-07-27,575928
2026-10-05,2017-07-28,578013
2026-10-05,2017-07-31,580859
2026-10-05,2017-08-01,581868
2026-10-05,2017-08-02,584331
2026-10-05,2017-08-03,587159
2026-10-05,2017-08-04,591816
2026-10-05,2017-08-07,597246
2026-10-05,2017-08-08,596534
2026-10-05,2017-08-09,595943
2026-10-05,2017-08-10,595440
2026-10-05,2017-08-11,594077
2026-10-05,2017-08-14,592814
2026-10-05,2017-08-15,589514
2026-10-05,2017-08-16,587530
2026-10-05,2017-08-17,586946
2026-10-05,2017-08-18,587617
2026-10-05,2017-08-22,586763
2026-10-05,2017-08-23,584168
2026-10-05,2017-08-24,583989
2026-10-05,2017-08-25,584129
2026-10-05,2017-08-28,583825
2026-10-05,2017-08-29,582096
2026-10-05,2017-08-30,582628
2026-10-05,2017-08-31,584396
2026-10-05,2017-09-01,588883
2026-10-05,2017-09-04,594876
2026-10-05,2017-09-05,595424
2026-10-05,2017-09-06,599397
2026-10-05,2017-09-07,603311
2026-10-05,2017-09-08,605625
2026-10-05,2017-09-11,605974
2026-10-05,2017-09-12,601747
2026-10-05,2017-09-13,599083
2026-10-05,2017-09-14,597563
2026-10-05,2017-09-15,597210
2026-10-05,2017-09-18,595853
2026-10-05,2017-09-19,592809
2026-10-05,2017-09-20,591508
2026-10-05,2017-09-21,590760
2026-10-05,2017-09-22,592427
2026-10-05,2017-09-25,593549
2026-10-05,2017-09-26,593279
2026-10-05,2017-09-27,592739
2026-10-05,2017-09-28,595061
2026-10-05,2017-09-29,598556
2026-10-05,2017-10-02,604002
2026-10-05,2017-10-03,605036
2026-10-05,2017-10-04,607374
2026-10-05,2017-10-05,611721
2026-10-05,2017-10-06,617449
2026-10-05,2017-10-09,621583
2026-10-05,2017-10-10,618596
2026-10-05,2017-10-11,616224
2026-10-05,2017-10-12,614465
2026-10-05,2017-10-13,614194
2026-10-05,2017-10-17,613659
2026-10-05,2017-10-18,609154
2026-10-05,2017-10-19,607700
2026-10-05,2017-10-20,608063
2026-10-05,2017-10-23,606837
2026-10-05,2017-10-24,605284
2026-10-05,2017-10-25,605021
2026-10-05,2017-10-26,605572
2026-10-05,2017-10-27,607598
2026-10-05,2017-10-30,609119
2026-10-05,2017-10-31,609201
2026-10-05,2017-11-01,612878
2026-10-05,2017-11-02,615464
2026-10-05,2017-11-03,621059
2026-10-05,2017-11-07,622776
2026-10-05,2017-11-08,624180
2026-10-05,2017-11-09,626766
2026-10-05,2017-11-10,629616
2026-10-05,2017-11-13,624812
2026-10-05,2017-11-14,620997
2026-10-05,2017-11-15,619794
2026-10-05,2017-11-16,619285
2026-10-05,2017-11-17,620006
2026-10-05,2017-11-21,618969
2026-10-05,2017-11-22,615889
2026-10-05,2017-11-23,614879
2026-10-05,2017-11-24,616004
2026-10-05,2017-11-27,615885
2026-10-05,2017-11-28,614933
2026-10-05,2017-11-29,616292
2026-10-05,2017-11-30,621853
2026-10-05,2017-12-01,626340
2026-10-05,2017-12-04,632673
2026-10-05,2017-12-05,634799
2026-10-05,2017-12-06,639054
2026-10-05,2017-12-07,645157
2026-10-05,2017-12-11,648780
2026-10-05,2017-12-12,644661
2026-10-05,2017-12-13,643885
2026-10-05,2017-12-14,644035
2026-10-05,2017-12-15,646472
2026-10-05,2017-12-18,649610
2026-10-05,2017-12-19,651791
2026-10-05,2017-12-20,658700
2026-10-05,2017-12-21,669639
2026-10-05,2017-12-22,681198
2026-10-05,2017-12-26,687508
2026-10-05,2017-12-27,690969
2026-10-05,2017-12-28,695820
2026-10-05,2017-12-29,700821
2026-10-05,2018-01-02,702333
2026-10-05,2018-01-03,701096
2026-10-05,2018-01-04,701111
2026-10-05,2018-01-05,703149
2026-10-05,2018-01-08,706062
2026-10-05,2018-01-09,702849
2026-10-05,2018-01-10,699872
2026-10-05,2018-01-11,696623
2026-10-05,2018-01-12,693656
2026-10-05,2018-01-15,690828
2026-10-05,2018-01-16,686600
2026-10-05,2018-01-17,684681
2026-10-05,2018-01-18,682944
2026-10-05,2018-01-19,681765
2026-10-05,2018-01-22,680327
2026-10-05,2018-01-23,676386
2026-10-05,2018-01-24,675200
2026-10-05,2018-01-25,674760
2026-10-05,2018-01-26,674961
2026-10-05,2018-01-29,675018
2026-10-05,2018-01-30,674804
2026-10-05,2018-01-31,675941
2026-10-05,2018-02-01,677564
2026-10-05,2018-02-02,680355
2026-10-05,2018-02-05,685428
2026-10-05,2018-02-06,686887
2026-10-05,2018-02-07,690041
2026-10-05,2018-02-08,693277
2026-10-05,2018-02-09,693340
2026-10-05,2018-02-14,684485
2026-10-05,2018-02-15,679313
2026-10-05,2018-02-16,676687
2026-10-05,2018-02-19,676345
2026-10-05,2018-02-20,673810
2026-10-05,2018-02-21,666875
2026-10-05,2018-02-22,666408
2026-10-05,2018-02-23,665877
2026-10-05,2018-02-26,664875
2026-10-05,2018-02-27,665655
2026-10-05,2018-02-28,666748
2026-10-05,2018-03-01,669478
2026-10-05,2018-03-02,674575
2026-10-05,2018-03-05,680156
2026-10-05,2018-03-06,681734
2026-10-05,2018-03-07,683513
2026-10-05,2018-03-08,685276
2026-10-05,2018-03-09,685442
2026-10-05,2018-03-12,683253
2026-10-05,2018-03-13,675897
2026-10-05,2018-03-14,671561
2026-10-05,2018-03-15,669292
2026-10-05,2018-03-16,667917
2026-10-05,2018-03-19,666239
2026-10-05,2018-03-20,662064
2026-10-05,2018-03-21,660158
2026-10-05,2018-03-22,660040
2026-10-05,2018-03-23,660969
2026-10-05,2018-03-26,661254
2026-10-05,2018-03-27,660747
2026-10-05,2018-03-28,665228
2026-10-05,2018-04-03,665501
2026-10-05,2018-04-04,663002
2026-10-05,2018-04-05,667720
2026-10-05,2018-04-06,669300
2026-10-05,2018-04-09,672577
2026-10-05,2018-04-10,670417
2026-10-05,2018-04-11,669412
2026-10-05,2018-04-12,665827
2026-10-05,2018-04-13,663856
2026-10-05,2018-04-16,662044
2026-10-05,2018-04-17,660482
2026-10-05,2018-04-18,658791
2026-10-05,2018-04-19,652446
2026-10-05,2018-04-20,651321
2026-10-05,2018-04-23,649752
2026-10-05,2018-04-24,647126
2026-10-05,2018-04-25,646048
2026-10-05,2018-04-26,648050
2026-10-05,2018-04-27,654356
2026-10-05,2018-05-02,658217
2026-10-05,2018-05-03,657760
2026-10-05,2018-05-04,662384
2026-10-05,2018-05-07,668448
2026-10-05,2018-05-08,668170
2026-10-05,2018-05-09,668026
2026-10-05,2018-05-10,666873
2026-10-05,2018-05-11,665279
2026-10-05,2018-05-14,662944
2026-10-05,2018-05-15,658489
2026-10-05,2018-05-16,655188
2026-10-05,2018-05-17,653486
2026-10-05,2018-05-18,652904
2026-10-05,2018-05-21,651110
2026-10-05,2018-05-22,647532
2026-10-05,2018-05-23,646633
2026-10-05,2018-05-24,646346
2026-10-05,2018-05-28,645001
2026-10-05,2018-05-29,642527
2026-10-05,2018-05-30,642394
2026-10-05,2018-05-31,644103
2026-10-05,2018-06-01,649068
2026-10-05,2018-06-04,655184
2026-10-05,2018-06-05,655925
2026-10-05,2018-06-06,658557
2026-10-05,2018-06-07,662251
2026-10-05,2018-06-08,665058
2026-10-05,2018-06-11,666093
2026-10-05,2018-06-12,660637
2026-10-05,2018-06-13,657066
2026-10-05,2018-06-14,656509
2026-10-05,2018-06-15,657840
2026-10-05,2018-06-18,656157
2026-10-05,2018-06-19,652907
2026-10-05,2018-06-21,652063
2026-10-05,2018-06-22,653324
2026-10-05,2018-06-25,656089
2026-10-05,2018-06-26,655683
2026-10-05,2018-06-27,657109
2026-10-05,2018-06-28,661184
2026-10-05,2018-06-29,670137
2026-10-05,2018-07-02,680647
2026-10-05,2018-07-03,682504
2026-10-05,2018-07-04,685747
2026-10-05,2018-07-05,690819
2026-10-05,2018-07-06,696471
2026-10-05,2018-07-10,700821
2026-10-05,2018-07-11,695548
2026-10-05,2018-07-12,691369
2026-10-05,2018-07-13,689331
2026-10-05,2018-07-16,686785
2026-10-05,2018-07-17,681799
2026-10-05,2018-07-18,678744
2026-10-05,2018-07-19,677526
2026-10-05,2018-07-20,677178
2026-10-05,2018-07-23,675748
2026-10-05,2018-07-24,672248
2026-10-05,2018-07-25,671255
2026-10-05,2018-07-26,670403
2026-10-05,2018-07-27,670998
2026-10-05,2018-07-30,671940
2026-10-05,2018-07-31,671807
2026-10-05,2018-08-01,673672
2026-10-05,2018-08-02,676995
2026-10-05,2018-08-03,681214
2026-10-05,2018-08-06,687174
2026-10-05,2018-08-07,685569
2026-10-05,2018-08-08,684457
2026-10-05,2018-08-09,684275
2026-10-05,2018-08-10,683915
2026-10-05,2018-08-13,681676
2026-10-05,2018-08-14,674918
2026-10-05,2018-08-15,671723
2026-10-05,2018-08-16,670119
2026-10-05,2018-08-17,669603
2026-10-05,2018-08-21,665841
2026-10-05,2018-08-22,661985
2026-10-05,2018-08-23,661232
2026-10-05,2018-08-24,661512
2026-10-05,2018-08-27,659918
2026-10-05,2018-08-28,657564
2026-10-05,2018-08-29,656420
2026-10-05,2018-08-30,656260
2026-10-05,2018-08-31,660017
2026-10-05,2018-09-03,665430
2026-10-05,2018-09-04,665793
2026-10-05,2018-09-05,667701
2026-10-05,2018-09-06,671206
2026-10-05,2018-09-07,674359
2026-10-05,2018-09-10,675616
2026-10-05,2018-09-11,670810
2026-10-05,2018-09-12,665026
2026-10-05,2018-09-13,661570
2026-10-05,2018-09-14,659720
2026-10-05,2018-09-17,657898
2026-10-05,2018-09-18,653382
2026-10-05,2018-09-19,651168
2026-10-05,2018-09-20,650589
2026-10-05,2018-09-21,649499
2026-10-05,2018-09-24,649427
2026-10-05,2018-09-25,649602
2026-10-05,2018-09-26,648211
2026-10-05,2018-09-27,647924
2026-10-05,2018-09-28,651926
2026-10-05,2018-10-01,655590
2026-10-05,2018-10-02,657566
2026-10-05,2018-10-03,658147
2026-10-05,2018-10-04,662005
2026-10-05,2018-10-05,666769
2026-10-05,2018-10-08,670348
2026-10-05,2018-10-09,665599
2026-10-05,2018-10-10,661833
2026-10-05,2018-10-11,657821
2026-10-05,2018-10-12,653931
2026-10-05,2018-10-16,649872
2026-10-05,2018-10-17,643435
2026-10-05,2018-10-18,640861
2026-10-05,2018-10-19,639984
2026-10-05,2018-10-22,636885
2026-10-05,2018-10-23,632776
2026-10-05,2018-10-24,631576
2026-10-05,2018-10-25,631505
2026-10-05,2018-10-26,631954
2026-10-05,2018-10-29,630953
2026-10-05,2018-10-30,627612
2026-10-05,2018-10-31,628419
2026-10-05,2018-11-01,632491
2026-10-05,2018-11-02,637421
2026-10-05,2018-11-05,644111
2026-10-05,2018-11-07,643337
2026-10-05,2018-11-08,645246
2026-10-05,2018-11-09,647102
2026-10-05,2018-11-12,644285
2026-10-05,2018-11-13,637999
2026-10-05,2018-11-14,635346
2026-10-05,2018-11-15,633859
2026-10-05,2018-11-16,632269
2026-10-05,2018-11-20,628111
2026-10-05,2018-11-21,623661
2026-10-05,2018-11-22,622437
2026-10-05,2018-11-23,621611
2026-10-05,2018-11-26,620053
2026-10-05,2018-11-27,618065
2026-10-05,2018-11-28,621021
2026-10-05,2018-11-29,628483
2026-10-05,2018-12-03,637385
2026-10-05,2018-12-04,639522
2026-10-05,2018-12-05,645157
2026-10-05,2018-12-06,652473
2026-10-05,2018-12-07,659984
2026-10-05,2018-12-10,668418
2026-10-05,2018-12-11,667443
2026-10-05,2018-12-12,668222
2026-10-05,2018-12-13,672063
2026-10-05,2018-12-14,676303
2026-10-05,2018-12-17,684101
2026-10-05,2018-12-18,688521
2026-10-05,2018-12-19,696408
2026-10-05,2018-12-20,709286
2026-10-05,2018-12-21,724193
2026-10-05,2018-12-26,730963
2026-10-05,2018-12-27,732506
2026-10-05,2018-12-28,740697
2026-10-05,2019-01-02,739749
2026-10-05,2019-01-03,737171
2026-10-05,2019-01-04,737533
2026-10-05,2019-01-07,741104
2026-10-05,2019-01-08,738446
2026-10-05,2019-01-09,735525
2026-10-05,2019-01-10,733444
2026-10-05,2019-01-11,729852
2026-10-05,2019-01-14,725844
2026-10-05,2019-01-15,719204
2026-10-05,2019-01-16,714629
2026-10-05,2019-01-17,711199
2026-10-05,2019-01-18,708877
2026-10-05,2019-01-21,707097
2026-10-05,2019-01-22,702362
2026-10-05,2019-01-23,698965
2026-10-05,2019-01-24,698509
2026-10-05,2019-01-25,697941
2026-10-05,2019-01-28,696621
2026-10-05,2019-01-29,694264
2026-10-05,2019-01-30,694608
2026-10-05,2019-01-31,696163
2026-10-05,2019-02-01,701019
2026-10-05,2019-02-04,706989
2026-10-05,2019-02-05,706524
2026-10-05,2019-02-06,709091
2026-10-05,2019-02-07,711990
2026-10-05,2019-02-08,714481
2026-10-05,2019-02-11,713232
2026-10-05,2019-02-12,706651
2026-10-05,2019-02-13,701735
2026-10-05,2019-02-14,699169
2026-10-05,2019-02-15,696685
2026-10-05,2019-02-18,694052
2026-10-05,2019-02-19,688942
2026-10-05,2019-02-20,686086
2026-10-05,2019-02-21,684929
2026-10-05,2019-02-22,686054
2026-10-05,2019-02-25,684784
2026-10-05,2019-02-26,682989
2026-10-05,2019-02-27,684540
2026-10-05,2019-02-28,689357
2026-10-05,2019-03-01,696328
2026-10-05,2019-03-06,705486
2026-10-05,2019-03-07,705639
2026-10-05,2019-03-08,709906
2026-10-05,2019-03-11,712776
2026-10-05,2019-03-12,708387
2026-10-05,2019-03-13,704897
2026-10-05,2019-03-14,702135
2026-10-05,2019-03-15,700851
2026-10-05,2019-03-18,697098
2026-10-05,2019-03-19,692524
2026-10-05,2019-03-20,690435
2026-10-05,2019-03-21,690739
2026-10-05,2019-03-22,691060
2026-10-05,2019-03-25,690597
2026-10-05,2019-03-26,688240
2026-10-05,2019-03-27,688338
2026-10-05,2019-03-28,690979
2026-10-05,2019-03-29,698370
2026-10-05,2019-04-01,706572
2026-10-05,2019-04-03,708837
2026-10-05,2019-04-04,710514
2026-10-05,2019-04-05,716908
2026-10-05,2019-04-08,723513
2026-10-05,2019-04-09,719982
2026-10-05,2019-04-10,717463
2026-10-05,2019-04-11,714740
2026-10-05,2019-04-12,712313
2026-10-05,2019-04-15,709722
2026-10-05,2019-04-16,704575
2026-10-05,2019-04-17,704516
2026-10-05,2019-04-22,698893
2026-10-05,2019-04-23,692678
2026-10-05,2019-04-24,691392
2026-10-05,2019-04-25,691405
2026-10-05,2019-04-26,694188
2026-10-05,2019-04-29,699712
2026-10-05,2019-04-30,703273
2026-10-05,2019-05-02,711609
2026-10-05,2019-05-03,716589
2026-10-05,2019-05-06,724305
2026-10-05,2019-05-07,725414
2026-10-05,2019-05-08,728867
2026-10-05,2019-05-09,730983
2026-10-05,2019-05-10,731472
2026-10-05,2019-05-13,728928
2026-10-05,2019-05-14,722593
2026-10-05,2019-05-15,717560
2026-10-05,2019-05-16,716470
2026-10-05,2019-05-17,716176
2026-10-05,2019-05-20,713943
2026-10-05,2019-05-21,709777
2026-10-05,2019-05-22,708640
2026-10-05,2019-05-23,709877
2026-10-05,2019-05-24,711509
2026-10-05,2019-05-27,713093
2026-10-05,2019-05-28,713424
2026-10-05,2019-05-29,713830
2026-10-05,2019-05-30,715457
2026-10-05,2019-05-31,717862
2026-10-05,2019-06-03,726607
2026-10-05,2019-06-04,729239
2026-10-05,2019-06-05,734125
2026-10-05,2019-06-06,740367
2026-10-05,2019-06-07,748123
2026-10-05,2019-06-10,752840
2026-10-05,2019-06-11,747333
2026-10-05,2019-06-12,744771
2026-10-05,2019-06-13,743364
2026-10-05,2019-06-14,745025
2026-10-05,2019-06-18,744598
2026-10-05,2019-06-19,743311
2026-10-05,2019-06-21,745866
2026-10-05,2019-06-24,748905
2026-10-05,2019-06-25,748956
2026-10-05,2019-06-26,752253
2026-10-05,2019-06-27,758588
2026-10-05,2019-06-28,770991
2026-10-05,2019-07-01,784047
2026-10-05,2019-07-02,787961
2026-10-05,2019-07-03,792771
2026-10-05,2019-07-04,800345
2026-10-05,2019-07-05,810210
2026-10-05,2019-07-10,812159
2026-10-05,2019-07-11,809248
2026-10-05,2019-07-12,805295
2026-10-05,2019-07-15,803286
2026-10-05,2019-07-16,797346
2026-10-05,2019-07-17,794689
2026-10-05,2019-07-18,793741
2026-10-05,2019-07-19,794757
2026-10-05,2019-07-22,793913
2026-10-05,2019-07-23,789555
2026-10-05,2019-07-24,788872
2026-10-05,2019-07-25,789285
2026-10-05,2019-07-26,790350
2026-10-05,2019-07-29,790658
2026-10-05,2019-07-30,789899
2026-10-05,2019-07-31,792282
2026-10-05,2019-08-01,797168
2026-10-05,2019-08-02,804176
2026-10-05,2019-08-05,812057
2026-10-05,2019-08-06,814015
2026-10-05,2019-08-07,815684
2026-10-05,2019-08-08,817381
2026-10-05,2019-08-09,816999
2026-10-05,2019-08-12,814681
2026-10-05,2019-08-13,807426
2026-10-05,2019-08-14,803779
2026-10-05,2019-08-15,802427
2026-10-05,2019-08-16,801907
2026-10-05,2019-08-20,796013
2026-10-05,2019-08-21,791671
2026-10-05,2019-08-22,789570
2026-10-05,2019-08-23,790349
2026-10-05,2019-08-26,789104
2026-10-05,2019-08-27,785926
2026-10-05,2019-08-28,786584
2026-10-05,2019-08-29,789754
2026-10-05,2019-08-30,795384
2026-10-05,2019-09-02,806055
2026-10-05,2019-09-03,808126
2026-10-05,2019-09-04,811363
2026-10-05,2019-09-05,817432
2026-10-05,2019-09-06,824833
2026-10-05,2019-09-09,829248
2026-10-05,2019-09-10,824783
2026-10-05,2019-09-11,822377
2026-10-05,2019-09-12,820348
2026-10-05,2019-09-13,819445
2026-10-05,2019-09-16,817570
2026-10-05,2019-09-17,812359
2026-10-05,2019-09-18,809422
2026-10-05,2019-09-19,809250
2026-10-05,2019-09-20,809362
2026-10-05,2019-09-23,810360
2026-10-05,2019-09-24,808477
2026-10-05,2019-09-25,807968
2026-10-05,2019-09-26,808072
2026-10-05,2019-09-27,812379
2026-10-05,2019-09-30,816302
2026-10-05,2019-10-01,817058
2026-10-05,2019-10-02,820738
2026-10-05,2019-10-03,825490
2026-10-05,2019-10-04,833618
2026-10-05,2019-10-07,842770
2026-10-05,2019-10-08,840102
2026-10-05,2019-10-09,839806
2026-10-05,2019-10-10,840089
2026-10-05,2019-10-11,838201
2026-10-05,2019-10-15,832727
2026-10-05,2019-10-16,828042
2026-10-05,2019-10-17,825852
2026-10-05,2019-10-18,824199
2026-10-05,2019-10-21,821862
2026-10-05,2019-10-22,813648
2026-10-05,2019-10-23,807055
2026-10-05,2019-10-24,800873
2026-10-05,2019-10-25,796332
2026-10-05,2019-10-28,795814
2026-10-05,2019-10-29,794135
2026-10-05,2019-10-30,796104
2026-10-05,2019-10-31,800813
2026-10-05,2019-11-01,808635
2026-10-05,2019-11-04,818128
2026-10-05,2019-11-05,821521
2026-10-05,2019-11-07,826315
2026-10-05,2019-11-08,834495
2026-10-05,2019-11-11,836211
2026-10-05,2019-11-12,829902
2026-10-05,2019-11-13,828681
2026-10-05,2019-11-14,828115
2026-10-05,2019-11-15,829511
2026-10-05,2019-11-19,825830
2026-10-05,2019-11-20,820999
2026-10-05,2019-11-21,821147
2026-10-05,2019-11-22,823336
2026-10-05,2019-11-25,824525
2026-10-05,2019-11-26,824057
2026-10-05,2019-11-27,827169
2026-10-05,2019-11-28,831172
2026-10-05,2019-11-29,841089
2026-10-05,2019-12-02,852046
2026-10-05,2019-12-03,854704
2026-10-05,2019-12-04,862534
2026-10-05,2019-12-05,874055
2026-10-05,2019-12-06,886295
2026-10-05,2019-12-09,895616
2026-10-05,2019-12-10,895715
2026-10-05,2019-12-11,898807
2026-10-05,2019-12-12,904142
2026-10-05,2019-12-13,910138
2026-10-05,2019-12-16,919072
2026-10-05,2019-12-17,922495
2026-10-05,2019-12-18,933982
2026-10-05,2019-12-19,949579
2026-10-05,2019-12-20,968741
2026-10-05,2019-12-23,984742
2026-10-05,2019-12-26,986535
2026-10-05,2019-12-27,994501
2026-10-05,2019-12-30,1009740
2026-10-05,2020-01-02,1008506
2026-10-05,2020-01-03,1010074
2026-10-05,2020-01-06,1012713
2026-10-05,2020-01-07,1011178
2026-10-05,2020-01-08,1013172
2026-10-05,2020-01-09,1013087
2026-10-05,2020-01-10,1011384
2026-10-05,2020-01-13,1009754
2026-10-05,2020-01-14,1003336
2026-10-05,2020-01-15,1001556
2026-10-05,2020-01-16,1000901
2026-10-05,2020-01-17,1000031
2026-10-05,2020-01-20,997592
2026-10-05,2020-01-21,992955
2026-10-05,2020-01-22,992273
2026-10-05,2020-01-23,991765
2026-10-05,2020-01-24,993328
2026-10-05,2020-01-27,992940
2026-10-05,2020-01-28,990538
2026-10-05,2020-01-29,991518
2026-10-05,2020-01-30,995135
2026-10-05,2020-01-31,999994
2026-10-05,2020-02-03,1004440
2026-10-05,2020-02-04,1007143
2026-10-05,2020-02-05,1010592
2026-10-05,2020-02-06,1015790
2026-10-05,2020-02-07,1021140
2026-10-05,2020-02-10,1023889
2026-10-05,2020-02-11,1016484
2026-10-05,2020-02-12,1015348
2026-10-05,2020-02-13,1013889
2026-10-05,2020-02-14,1013575
2026-10-05,2020-02-17,1011039
2026-10-05,2020-02-18,1004960
2026-10-05,2020-02-19,1003060
2026-10-05,2020-02-20,1005200
2026-10-05,2020-02-21,1006644
2026-10-05,2020-02-26,1002876
2026-10-05,2020-02-27,999807
2026-10-05,2020-02-28,1007070
2026-10-05,2020-03-02,1015668
2026-10-05,2020-03-03,1016818
2026-10-05,2020-03-04,1019631
2026-10-05,2020-03-05,1026368
2026-10-05,2020-03-06,1034198
2026-10-05,2020-03-09,1039828
2026-10-05,2020-03-10,1034352
2026-10-05,2020-03-11,1030932
2026-10-05,2020-03-12,1029605
2026-10-05,2020-03-13,1030650
2026-10-05,2020-03-16,1031439
2026-10-05,2020-03-17,1027451
2026-10-05,2020-03-18,1026373
2026-10-05,2020-03-19,1031101
2026-10-05,2020-03-20,1033295
2026-10-05,2020-03-25,1037893
2026-10-05,2020-03-26,1038016
2026-10-05,2020-03-27,1038724
2026-10-05,2020-03-30,1053509
2026-10-05,2020-04-01,1061552
2026-10-05,2020-04-02,1067084
2026-10-05,2020-04-03,1083183
2026-10-05,2020-04-06,1114942
2026-10-05,2020-04-07,1124089
2026-10-05,2020-04-08,1133680
2026-10-05,2020-04-13,1150628
2026-10-05,2020-04-14,1147591
2026-10-05,2020-04-15,1148524
2026-10-05,2020-04-16,1150237
2026-10-05,2020-04-17,1152247
2026-10-05,2020-04-20,1158574
2026-10-05,2020-04-21,1159018
2026-10-05,2020-04-22,1160599
2026-10-05,2020-04-23,1161596
2026-10-05,2020-04-24,1163424
2026-10-05,2020-04-27,1171436
2026-10-05,2020-04-28,1171314
2026-10-05,2020-04-29,1176377
2026-10-05,2020-04-30,1184848
2026-10-05,2020-05-04,1204027
2026-10-05,2020-05-05,1208637
2026-10-05,2020-05-06,1215687
2026-10-05,2020-05-07,1222037
2026-10-05,2020-05-08,1231909
2026-10-05,2020-05-11,1249722
2026-10-05,2020-05-12,1250195
2026-10-05,2020-05-13,1253559
2026-10-05,2020-05-14,1256371
2026-10-05,2020-05-15,1257998
2026-10-05,2020-05-18,1265395
2026-10-05,2020-05-19,1264359
2026-10-05,2020-05-20,1264194
2026-10-05,2020-05-21,1262264
2026-10-05,2020-05-22,1262757
2026-10-05,2020-05-26,1267499
2026-10-05,2020-05-27,1266608
2026-10-05,2020-05-28,1266774
2026-10-05,2020-05-29,1270580
2026-10-05,2020-06-01,1285791
2026-10-05,2020-06-02,1286979
2026-10-05,2020-06-03,1289494
2026-10-05,2020-06-04,1293581
2026-10-05,2020-06-05,1297801
2026-10-05,2020-06-08,1314473
2026-10-05,2020-06-09,1313728
2026-10-05,2020-06-10,1315799
2026-10-05,2020-06-11,1319760
2026-10-05,2020-06-12,1323213
2026-10-05,2020-06-16,1336346
2026-10-05,2020-06-17,1334786
2026-10-05,2020-06-18,1336451
2026-10-05,2020-06-19,1338015
2026-10-05,2020-06-22,1349314
2026-10-05,2020-06-23,1350107
2026-10-05,2020-06-24,1352684
2026-10-05,2020-06-25,1357494
2026-10-05,2020-06-26,1363648
2026-10-05,2020-06-29,1381264
2026-10-05,2020-06-30,1385093
2026-10-05,2020-07-01,1390786
2026-10-05,2020-07-02,1396794
2026-10-05,2020-07-03,1401535
2026-10-05,2020-07-06,1421438
2026-10-05,2020-07-07,1422764
2026-10-05,2020-07-08,1424816
2026-10-05,2020-07-13,1442291
2026-10-05,2020-07-14,1434671
2026-10-05,2020-07-15,1430354
2026-10-05,2020-07-16,1429336
2026-10-05,2020-07-17,1431723
2026-10-05,2020-07-20,1442763
2026-10-05,2020-07-21,1440395
2026-10-05,2020-07-22,1441738
2026-10-05,2020-07-23,1442655
2026-10-05,2020-07-24,1443312
2026-10-05,2020-07-27,1451436
2026-10-05,2020-07-28,1449996
2026-10-05,2020-07-29,1451387
2026-10-05,2020-07-30,1453376
2026-10-05,2020-07-31,1455248
2026-10-05,2020-08-03,1467754
2026-10-05,2020-08-04,1466225
2026-10-05,2020-08-05,1466373
2026-10-05,2020-08-06,1469306
2026-10-05,2020-08-07,1470475
2026-10-05,2020-08-10,1479959
2026-10-05,2020-08-11,1474304
2026-10-05,2020-08-12,1472671
2026-10-05,2020-08-13,1471256
2026-10-05,2020-08-14,1469278
2026-10-05,2020-08-18,1474963
2026-10-05,2020-08-19,1468872
2026-10-05,2020-08-20,1465481
2026-10-05,2020-08-21,1462847
2026-10-05,2020-08-24,1467431
2026-10-05,2020-08-25,1464259
2026-10-05,2020-08-26,1462065
2026-10-05,2020-08-27,1461544
2026-10-05,2020-08-28,1462008
2026-10-05,2020-08-31,1472915
2026-10-05,2020-09-01,1470632
2026-10-05,2020-09-02,1471281
2026-10-05,2020-09-03,1472409
2026-10-05,2020-09-04,1474723
2026-10-05,2020-09-07,1489726
2026-10-05,2020-09-08,1487002
2026-10-05,2020-09-09,1484829
2026-10-05,2020-09-10,1482950
2026-10-05,2020-09-11,1481208
2026-10-05,2020-09-14,1484435
2026-10-05,2020-09-15,1480780
2026-10-05,2020-09-16,1479857
2026-10-05,2020-09-17,1480122
2026-10-05,2020-09-18,1479066
2026-10-05,2020-09-21,1485211
2026-10-05,2020-09-22,1482294
2026-10-05,2020-09-23,1482450
2026-10-05,2020-09-24,1483380
2026-10-05,2020-09-25,1482825
2026-10-05,2020-09-28,1488832
2026-10-05,2020-09-29,1486273
2026-10-05,2020-09-30,1485279
2026-10-05,2020-10-01,1485993
2026-10-05,2020-10-02,1489218
2026-10-05,2020-10-05,1502104
2026-10-05,2020-10-06,1501963
2026-10-05,2020-10-07,1505073
2026-10-05,2020-10-08,1507796
2026-10-05,2020-10-09,1507289
2026-10-05,2020-10-13,1512390
2026-10-05,2020-10-14,1501714
2026-10-05,2020-10-15,1495145
2026-10-05,2020-10-16,1491061
2026-10-05,2020-10-19,1489645
2026-10-05,2020-10-20,1481261
2026-10-05,2020-10-21,1478503
2026-10-05,2020-10-22,1473900
2026-10-05,2020-10-23,1470041
2026-10-05,2020-10-26,1470709
2026-10-05,2020-10-27,1464740
2026-10-05,2020-10-28,1462384
2026-10-05,2020-10-29,1461760
2026-10-05,2020-10-30,1463072
2026-10-05,2020-11-02,1473933
2026-10-05,2020-11-03,1473272
2026-10-05,2020-11-04,1472832
2026-10-05,2020-11-05,1475634
2026-10-05,2020-11-09,1487186
2026-10-05,2020-11-10,1481514
2026-10-05,2020-11-11,1479390
2026-10-05,2020-11-12,1476927
2026-10-05,2020-11-13,1474527
2026-10-05,2020-11-16,1475429
2026-10-05,2020-11-17,1469383
2026-10-05,2020-11-18,1465027
2026-10-05,2020-11-19,1462661
2026-10-05,2020-11-20,1459860
2026-10-05,2020-11-24,1462619
2026-10-05,2020-11-25,1455595
2026-10-05,2020-11-26,1453425
2026-10-05,2020-11-27,1452824
2026-10-05,2020-11-30,1462943
2026-10-05,2020-12-01,1463492
2026-10-05,2020-12-02,1468462
2026-10-05,2020-12-03,1474523
2026-10-05,2020-12-04,1482488
2026-10-05,2020-12-09,1509154
2026-10-05,2020-12-10,1503461
2026-10-05,2020-12-11,1506566
2026-10-05,2020-12-14,1517460
2026-10-05,2020-12-15,1514376
2026-10-05,2020-12-16,1518275
2026-10-05,2020-12-17,1528156
2026-10-05,2020-12-18,1542990
2026-10-05,2020-12-21,1577930
2026-10-05,2020-12-22,1594989
2026-10-05,2020-12-23,1611000
2026-10-05,2020-12-28,1630606
2026-10-05,2020-12-29,1630541
2026-10-05,2020-12-30,1637618
2026-10-05,2021-01-04,1643865
2026-10-05,2021-01-05,1639109
2026-10-05,2021-01-06,1638882
2026-10-05,2021-01-07,1640356
2026-10-05,2021-01-08,1640604
2026-10-05,2021-01-11,1643069
2026-10-05,2021-01-12,1633028
2026-10-05,2021-01-13,1626514
2026-10-05,2021-01-14,1621832
2026-10-05,2021-01-15,1614847
2026-10-05,2021-01-18,1613414
2026-10-05,2021-01-19,1603753
2026-10-05,2021-01-20,1597547
2026-10-05,2021-01-21,1593616
2026-10-05,2021-01-22,1589071
2026-10-05,2021-01-25,1589474
2026-10-05,2021-01-26,1582742
2026-10-05,2021-01-27,1579612
2026-10-05,2021-01-28,1578599
2026-10-05,2021-01-29,1582283
2026-10-05,2021-02-01,1590793
2026-10-05,2021-02-02,1589221
2026-10-05,2021-02-03,1589788
2026-10-05,2021-02-04,1592124
2026-10-05,2021-02-05,1598191
2026-10-05,2021-02-08,1610482
2026-10-05,2021-02-09,1603494
2026-10-05,2021-02-10,1598953
2026-10-05,2021-02-11,1594126
2026-10-05,2021-02-12,1589709
2026-10-05,2021-02-17,1588800
2026-10-05,2021-02-18,1576098
2026-10-05,2021-02-19,1570555
2026-10-05,2021-02-22,1570483
2026-10-05,2021-02-23,1562813
2026-10-05,2021-02-24,1559674
2026-10-05,2021-02-25,1558300
2026-10-05,2021-02-26,1563169
2026-10-05,2021-03-01,1578241
2026-10-05,2021-03-02,1577115
2026-10-05,2021-03-03,1578577
2026-10-05,2021-03-04,1582559
2026-10-05,2021-03-05,1590186
2026-10-05,2021-03-08,1606397
2026-10-05,2021-03-09,1602438
2026-10-05,2021-03-10,1598917
2026-10-05,2021-03-11,1595961
2026-10-05,2021-03-12,1592469
2026-10-05,2021-03-15,1591556
2026-10-05,2021-03-16,1581799
2026-10-05,2021-03-17,1576174
2026-10-05,2021-03-18,1573130
2026-10-05,2021-03-19,1571445
2026-10-05,2021-03-22,1575018
2026-10-05,2021-03-23,1567777
2026-10-05,2021-03-25,1565095
2026-10-05,2021-03-26,1560358
2026-10-05,2021-03-29,1562308
2026-10-05,2021-03-30,1557168
2026-10-05,2021-03-31,1558246
2026-10-05,2021-04-05,1580392
2026-10-05,2021-04-06,1576546
2026-10-05,2021-04-07,1579898
2026-10-05,2021-04-08,1585387
2026-10-05,2021-04-09,1585962
2026-10-05,2021-04-12,1586554
2026-10-05,2021-04-13,1576864
2026-10-05,2021-04-14,1575016
2026-10-05,2021-04-15,1572035
2026-10-05,2021-04-16,1568705
2026-10-05,2021-04-19,1568037
2026-10-05,2021-04-20,1560784
2026-10-05,2021-04-21,1559774
2026-10-05,2021-04-22,1559959
2026-10-05,2021-04-23,1559216
2026-10-05,2021-04-26,1563661
2026-10-05,2021-04-27,1559288
2026-10-05,2021-04-28,1559672
2026-10-05,2021-04-29,1563197
2026-10-05,2021-04-30,1572913
2026-10-05,2021-05-03,1593716
2026-10-05,2021-05-04,1598152
2026-10-05,2021-05-05,1603452
2026-10-05,2021-05-06,1620169
2026-10-05,2021-05-07,1623398
2026-10-05,2021-05-10,1637925
2026-10-05,2021-05-11,1631566
2026-10-05,2021-05-12,1626834
2026-10-05,2021-05-13,1623930
2026-10-05,2021-05-14,1621966
2026-10-05,2021-05-17,1624905
2026-10-05,2021-05-18,1617812
2026-10-05,2021-05-19,1614696
2026-10-05,2021-05-20,1615409
2026-10-05,2021-05-21,1618154
2026-10-05,2021-05-26,1622618
2026-10-05,2021-05-27,1619468
2026-10-05,2021-05-28,1621865
2026-10-05,2021-05-31,1640195
2026-10-05,2021-06-01,1644207
2026-10-05,2021-06-02,1653990
2026-10-05,2021-06-03,1665064
2026-10-05,2021-06-04,1675025
2026-10-05,2021-06-07,1699805
2026-10-05,2021-06-08,1703074
2026-10-05,2021-06-09,1705998
2026-10-05,2021-06-10,1710231
2026-10-05,2021-06-11,1713157
2026-10-05,2021-06-14,1722759
2026-10-05,2021-06-15,1720320
2026-10-05,2021-06-16,1720075
2026-10-05,2021-06-17,1724113
2026-10-05,2021-06-18,1729122
2026-10-05,2021-06-22,1745659
2026-10-05,2021-06-23,1746976
2026-10-05,2021-06-24,1751577
2026-10-05,2021-06-25,1759556
2026-10-05,2021-06-28,1774900
2026-10-05,2021-06-29,1778924
2026-10-05,2021-06-30,1789158
2026-10-05,2021-07-01,1803319
2026-10-05,2021-07-02,1819121
2026-10-05,2021-07-05,1849566
2026-10-05,2021-07-06,1857269
2026-10-05,2021-07-07,1868735
2026-10-05,2021-07-08,1876399
2026-10-05,2021-07-12,1895616
2026-10-05,2021-07-13,1885648
2026-10-05,2021-07-14,1881158
2026-10-05,2021-07-15,1880020
2026-10-05,2021-07-16,1880753
2026-10-05,2021-07-19,1885911
2026-10-05,2021-07-20,1880823
2026-10-05,2021-07-21,1879091
2026-10-05,2021-07-22,1879775
2026-10-05,2021-07-23,1881376
2026-10-05,2021-07-26,1886875
2026-10-05,2021-07-27,1882513
2026-10-05,2021-07-28,1880025
2026-10-05,2021-07-29,1881255
2026-10-05,2021-07-30,1885794
2026-10-05,2021-08-02,1902325
2026-10-05,2021-08-03,1904461
2026-10-05,2021-08-04,1904469
2026-10-05,2021-08-05,1911274
2026-10-05,2021-08-06,1921349
2026-10-05,2021-08-09,1937499
2026-10-05,2021-08-10,1932174
2026-10-05,2021-08-11,1927544
2026-10-05,2021-08-12,1926417
2026-10-05,2021-08-13,1923684
2026-10-05,2021-08-17,1926879
2026-10-05,2021-08-18,1916477
2026-10-05,2021-08-19,1912647
2026-10-05,2021-08-20,1910927
2026-10-05,2021-08-23,1915596
2026-10-05,2021-08-24,1909647
2026-10-05,2021-08-25,1906939
2026-10-05,2021-08-26,1908454
2026-10-05,2021-08-27,1909033
2026-10-05,2021-08-30,1915470
2026-10-05,2021-08-31,1913481
2026-10-05,2021-09-01,1915863
2026-10-05,2021-09-02,1922558
2026-10-05,2021-09-03,1932402
2026-10-05,2021-09-06,1956119
2026-10-05,2021-09-07,1958402
2026-10-05,2021-09-08,1959659
2026-10-05,2021-09-09,1961782
2026-10-05,2021-09-10,1961262
2026-10-05,2021-09-13,1965743
2026-10-05,2021-09-14,1955937
2026-10-05,2021-09-15,1950834
2026-10-05,2021-09-16,1952532
2026-10-05,2021-09-17,1945500
2026-10-05,2021-09-20,1945521
2026-10-05,2021-09-21,1938582
2026-10-05,2021-09-22,1937982
2026-10-05,2021-09-23,1938548
2026-10-05,2021-09-24,1939374
2026-10-05,2021-09-27,1947462
2026-10-05,2021-09-28,1945004
2026-10-05,2021-09-29,1940086
2026-10-05,2021-09-30,1941597
2026-10-05,2021-10-01,1949213
2026-10-05,2021-10-04,1968525
2026-10-05,2021-10-05,1973934
2026-10-05,2021-10-06,1982598
2026-10-05,2021-10-07,1992989
2026-10-05,2021-10-12,2007928
2026-10-05,2021-10-13,1992504
2026-10-05,2021-10-14,1986375
2026-10-05,2021-10-15,1981979
2026-10-05,2021-10-18,1983694
2026-10-05,2021-10-19,1974303
2026-10-05,2021-10-20,1968617
2026-10-05,2021-10-21,1967886
2026-10-05,2021-10-22,1971111
2026-10-05,2021-10-25,1978890
2026-10-05,2021-10-26,1977502
2026-10-05,2021-10-27,1978624
2026-10-05,2021-10-28,1982347
2026-10-05,2021-10-29,1992852
2026-10-05,2021-11-01,2012636
2026-10-05,2021-11-02,2014450
2026-10-05,2021-11-03,2020604
2026-10-05,2021-11-04,2029054
2026-10-05,2021-11-05,2040871
2026-10-05,2021-11-08,2061408
2026-10-05,2021-11-09,2059769
2026-10-05,2021-11-10,2059558
2026-10-05,2021-11-11,2066540
2026-10-05,2021-11-12,2070975
2026-10-05,2021-11-15,2076216
2026-10-05,2021-11-16,2067262
2026-10-05,2021-11-17,2063776
2026-10-05,2021-11-18,2064865
2026-10-05,2021-11-19,2068645
2026-10-05,2021-11-23,2075038
2026-10-05,2021-11-24,2066958
2026-10-05,2021-11-25,2064791
2026-10-05,2021-11-26,2064971
2026-10-05,2021-11-29,2067600
2026-10-05,2021-11-30,2065808
2026-10-05,2021-12-01,2070439
2026-10-05,2021-12-02,2086873
2026-10-05,2021-12-03,2101931
2026-10-05,2021-12-06,2134209
2026-10-05,2021-12-07,2144598
2026-10-05,2021-12-09,2161951
2026-10-05,2021-12-10,2164951
2026-10-05,2021-12-13,2172814
2026-10-05,2021-12-14,2171810
2026-10-05,2021-12-15,2177702
2026-10-05,2021-12-16,2189802
2026-10-05,2021-12-17,2213375
2026-10-05,2021-12-20,2259802
2026-10-05,2021-12-21,2284624
2026-10-05,2021-12-22,2319584
2026-10-05,2021-12-23,2349045
2026-10-05,2021-12-27,2381271
2026-10-05,2021-12-28,2385534
2026-10-05,2021-12-29,2399104
2026-10-05,2021-12-30,2415045
2026-10-05,2022-01-03,2428500
2026-10-05,2022-01-04,2420953
2026-10-05,2022-01-05,2425617
2026-10-05,2022-01-06,2428471
2026-10-05,2022-01-07,2431792
2026-10-05,2022-01-10,2440680
2026-10-05,2022-01-11,2426580
2026-10-05,2022-01-12,2419324
2026-10-05,2022-01-13,2415514
2026-10-05,2022-01-14,2415004
2026-10-05,2022-01-17,2414173
2026-10-05,2022-01-18,2407473
2026-10-05,2022-01-19,2402284
2026-10-05,2022-01-20,2400434
2026-10-05,2022-01-21,2399143
2026-10-05,2022-01-24,2403151
2026-10-05,2022-01-25,2394978
2026-10-05,2022-01-26,2393664
2026-10-05,2022-01-27,2391946
2026-10-05,2022-01-28,2394809
2026-10-05,2022-01-31,2412231
2026-10-05,2022-02-01,2410846
2026-10-05,2022-02-02,2414288
2026-10-05,2022-02-03,2415224
2026-10-05,2022-02-04,2423187
2026-10-05,2022-02-07,2446686
2026-10-05,2022-02-08,2445777
2026-10-05,2022-02-09,2443634
2026-10-05,2022-02-10,2440023
2026-10-05,2022-02-11,2434934
2026-10-05,2022-02-14,2437128
2026-10-05,2022-02-15,2425390
2026-10-05,2022-02-16,2417512
2026-10-05,2022-02-17,2411132
2026-10-05,2022-02-18,2406716
2026-10-05,2022-02-21,2408196
2026-10-05,2022-02-22,2398069
2026-10-05,2022-02-23,2392575
2026-10-05,2022-02-24,2394211
2026-10-05,2022-02-25,2395301
2026-10-05,2022-03-02,2415117
2026-10-05,2022-03-03,2408967
2026-10-05,2022-03-04,2413579
2026-10-05,2022-03-07,2426378
2026-10-05,2022-03-08,2426991
2026-10-05,2022-03-09,2423616
2026-10-05,2022-03-10,2420712
2026-10-05,2022-03-11,2414688
2026-10-05,2022-03-14,2411899
2026-10-05,2022-03-15,2396023
2026-10-05,2022-03-16,2390045
2026-10-05,2022-03-17,2389580
2026-10-05,2022-03-18,2382482
2026-10-05,2022-03-21,2385143
2026-10-05,2022-03-22,2375661
2026-10-05,2022-03-23,2371688
2026-10-05,2022-03-25,2368921
2026-10-05,2022-03-28,2365957
2026-10-05,2022-03-29,2357651
2026-10-05,2022-03-30,2354423
2026-10-05,2022-03-31,2354628
2026-10-05,2022-04-01,2363894
2026-10-05,2022-04-04,2387521
2026-10-05,2022-04-05,2390874
2026-10-05,2022-04-06,2400713
2026-10-05,2022-04-07,2411402
2026-10-05,2022-04-08,2420365
2026-10-05,2022-04-11,2430014
2026-10-05,2022-04-12,2417736
2026-10-05,2022-04-13,2411212
2026-10-05,2022-04-18,2395566
2026-10-05,2022-04-19,2366287
2026-10-05,2022-04-20,2365661
2026-10-05,2022-04-21,2378451
2026-10-05,2022-04-22,2379059
2026-10-05,2022-04-25,2386167
2026-10-05,2022-04-26,2380731
2026-10-05,2022-04-27,2381464
2026-10-05,2022-04-28,2381982
2026-10-05,2022-04-29,2391405
2026-10-05,2022-05-02,2416042
2026-10-05,2022-05-03,2420031
2026-10-05,2022-05-04,2427169
2026-10-05,2022-05-05,2440875
2026-10-05,2022-05-06,2458071
2026-10-05,2022-05-09,2482470
2026-10-05,2022-05-10,2477461
2026-10-05,2022-05-11,2474403
2026-10-05,2022-05-12,2472729
2026-10-05,2022-05-13,2473764
2026-10-05,2022-05-16,2479171
2026-10-05,2022-05-17,2473394
2026-10-05,2022-05-19,2477754
2026-10-05,2022-05-20,2481427
2026-10-05,2022-05-23,2496008
2026-10-05,2022-05-24,2491119
2026-10-05,2022-05-26,2495331
2026-10-05,2022-05-27,2496084
2026-10-05,2022-05-30,2507270
2026-10-05,2022-05-31,2504212
2026-10-05,2022-06-01,2513762
2026-10-05,2022-06-02,2527720
2026-10-05,2022-06-03,2544367
2026-10-05,2022-06-06,2578107
2026-10-05,2022-06-07,2585858
2026-10-05,2022-06-08,2596679
2026-10-05,2022-06-09,2604654
2026-10-05,2022-06-10,2615132
2026-10-05,2022-06-13,2631654
2026-10-05,2022-06-14,2628183
2026-10-05,2022-06-15,2634356
2026-10-05,2022-06-16,2648553
2026-10-05,2022-06-21,2676580
2026-10-05,2022-06-22,2669225
2026-10-05,2022-06-23,2682323
2026-10-05,2022-06-24,2698012
2026-10-05,2022-06-27,2722512
2026-10-05,2022-06-28,2730812
2026-10-05,2022-06-29,2745762
2026-10-05,2022-06-30,2767880
2026-10-05,2022-07-01,2794066
2026-10-05,2022-07-04,2839649
2026-10-05,2022-07-05,2851329
2026-10-05,2022-07-06,2872542
2026-10-05,2022-07-07,2891590
2026-10-05,2022-07-08,2910281
2026-10-05,2022-07-11,2933563
2026-10-05,2022-07-12,2926748
2026-10-05,2022-07-13,2923909
2026-10-05,2022-07-14,2920808
2026-10-05,2022-07-15,2920862
2026-10-05,2022-07-18,2926193
2026-10-05,2022-07-19,2914462
2026-10-05,2022-07-20,2910757
2026-10-05,2022-07-21,2910280
2026-10-05,2022-07-22,2916815
2026-10-05,2022-07-25,2919467
2026-10-05,2022-07-26,2908119
2026-10-05,2022-07-27,2904306
2026-10-05,2022-07-28,2904709
2026-10-05,2022-07-29,2909468
2026-10-05,2022-08-01,2926532
2026-10-05,2022-08-02,2923902
2026-10-05,2022-08-03,2925013
2026-10-05,2022-08-04,2928145
2026-10-05,2022-08-05,2940334
2026-10-05,2022-08-08,2964618
2026-10-05,2022-08-09,2956842
2026-10-05,2022-08-10,2951943
2026-10-05,2022-08-11,2943351
2026-10-05,2022-08-12,2936334
2026-10-05,2022-08-16,2931580
2026-10-05,2022-08-17,2909527
2026-10-05,2022-08-18,2896861
2026-10-05,2022-08-19,2888084
2026-10-05,2022-08-22,2886872
2026-10-05,2022-08-23,2872757
2026-10-05,2022-08-24,2863262
2026-10-05,2022-08-25,2858031
2026-10-05,2022-08-26,2852696
2026-10-05,2022-08-29,2851102
2026-10-05,2022-08-30,2831712
2026-10-05,2022-08-31,2825584
2026-10-05,2022-09-01,2829875
2026-10-05,2022-09-05,2861783
2026-10-05,2022-09-06,2862942
2026-10-05,2022-09-07,2872514
2026-10-05,2022-09-08,2877464
2026-10-05,2022-09-09,2878435
2026-10-05,2022-09-12,2881821
2026-10-05,2022-09-13,2863608
2026-10-05,2022-09-14,2856390
2026-10-05,2022-09-15,2853281
2026-10-05,2022-09-16,2849273
2026-10-05,2022-09-19,2851354
2026-10-05,2022-09-20,2841815
2026-10-05,2022-09-21,2840593
2026-10-05,2022-09-22,2845706
2026-10-05,2022-09-23,2852733
2026-10-05,2022-09-26,2867625
2026-10-05,2022-09-27,2856706
2026-10-05,2022-09-28,2856983
2026-10-05,2022-09-29,2858533
2026-10-05,2022-09-30,2864449
2026-10-05,2022-10-03,2884879
2026-10-05,2022-10-04,2885581
2026-10-05,2022-10-05,2902117
2026-10-05,2022-10-06,2921502
2026-10-05,2022-10-11,2947069
2026-10-05,2022-10-12,2927037
2026-10-05,2022-10-13,2920665
2026-10-05,2022-10-14,2919641
2026-10-05,2022-10-17,2923129
2026-10-05,2022-10-18,2911667
2026-10-05,2022-10-19,2905532
2026-10-05,2022-10-20,2904223
2026-10-05,2022-10-21,2907997
2026-10-05,2022-10-24,2916669
2026-10-05,2022-10-25,2907018
2026-10-05,2022-10-26,2905995
2026-10-05,2022-10-27,2908700
2026-10-05,2022-10-28,2918496
2026-10-05,2022-10-31,2941145
2026-10-05,2022-11-01,2941777
2026-10-05,2022-11-02,2952861
2026-10-05,2022-11-03,2962450
2026-10-05,2022-11-04,2986282
2026-10-05,2022-11-07,3019920
2026-10-05,2022-11-08,3020394
2026-10-05,2022-11-09,3022857
2026-10-05,2022-11-10,3025157
2026-10-05,2022-11-11,3028122
2026-10-05,2022-11-14,3033792
2026-10-05,2022-11-15,3024162
2026-10-05,2022-11-16,3022964
2026-10-05,2022-11-17,3024538
2026-10-05,2022-11-18,3029969
2026-10-05,2022-11-22,3036618
2026-10-05,2022-11-23,3036615
2026-10-05,2022-11-24,3036977
2026-10-05,2022-11-25,3042737
2026-10-05,2022-11-28,3050543
2026-10-05,2022-11-29,3045909
2026-10-05,2022-11-30,3052613
2026-10-05,2022-12-01,3075804
2026-10-05,2022-12-02,3108209
2026-10-05,2022-12-05,3149662
2026-10-05,2022-12-06,3164864
2026-10-05,2022-12-07,3193274
2026-10-05,2022-12-12,3232455
2026-10-05,2022-12-13,3231505
2026-10-05,2022-12-14,3248366
2026-10-05,2022-12-15,3270892
2026-10-05,2022-12-16,3308085
2026-10-05,2022-12-19,3373431
2026-10-05,2022-12-20,3411938
2026-10-05,2022-12-21,3462638
2026-10-05,2022-12-22,3528442
2026-10-05,2022-12-23,3589031
2026-10-05,2022-12-26,3634947
2026-10-05,2022-12-27,3648987
2026-10-05,2022-12-28,3664095
2026-10-05,2022-12-29,3690590
2026-10-05,2022-12-30,3720259
2026-10-05,2023-01-02,3727079
2026-10-05,2023-01-03,3721561
2026-10-05,2023-01-04,3724194
2026-10-05,2023-01-05,3739678
2026-10-05,2023-01-06,3751807
2026-10-05,2023-01-09,3772869
2026-10-05,2023-01-10,3758535
2026-10-05,2023-01-11,3749497
2026-10-05,2023-01-12,3739968
2026-10-05,2023-01-13,3732099
2026-10-05,2023-01-16,3737025
2026-10-05,2023-01-17,3720473
2026-10-05,2023-01-18,3710747
2026-10-05,2023-01-19,3704440
2026-10-05,2023-01-20,3698163
2026-10-05,2023-01-23,3699193
2026-10-05,2023-01-24,3684743
2026-10-05,2023-01-25,3677156
2026-10-05,2023-01-26,3670434
2026-10-05,2023-01-27,3666801
2026-10-05,2023-01-30,3675468
2026-10-05,2023-01-31,3661885
2026-10-05,2023-02-01,3662392
2026-10-05,2023-02-02,3665889
2026-10-05,2023-02-03,3673525
2026-10-05,2023-02-06,3700920
2026-10-05,2023-02-07,3689809
2026-10-05,2023-02-08,3699816
2026-10-05,2023-02-09,3697580
2026-10-05,2023-02-10,3694033
2026-10-05,2023-02-13,3693961
2026-10-05,2023-02-14,3664582
2026-10-05,2023-02-15,3660668
2026-10-05,2023-02-16,3655819
2026-10-05,2023-02-17,3647391
2026-10-05,2023-02-22,3648688
2026-10-05,2023-02-23,3647307
2026-10-05,2023-02-24,3622815
2026-10-05,2023-02-27,3622007
2026-10-05,2023-02-28,3620281
2026-10-05,2023-03-01,3626263
2026-10-05,2023-03-02,3637053
2026-10-05,2023-03-03,3650528
2026-10-05,2023-03-06,3686096
2026-10-05,2023-03-07,3681073
2026-10-05,2023-03-08,3695836
2026-10-05,2023-03-09,3694572
2026-10-05,2023-03-10,3695925
2026-10-05,2023-03-13,3694254
2026-10-05,2023-03-14,3673098
2026-10-05,2023-03-15,3661669
2026-10-05,2023-03-16,3655097
2026-10-05,2023-03-17,3657317
2026-10-05,2023-03-20,3659230
2026-10-05,2023-03-21,3646995
2026-10-05,2023-03-22,3647366
2026-10-05,2023-03-23,3647007
2026-10-05,2023-03-27,3655195
2026-10-05,2023-03-28,3639459
2026-10-05,2023-03-29,3634139
2026-10-05,2023-03-30,3635095
2026-10-05,2023-03-31,3642282
2026-10-05,2023-04-03,3676001
2026-10-05,2023-04-04,3687442
2026-10-05,2023-04-05,3714638
2026-10-05,2023-04-10,3743832
2026-10-05,2023-04-11,3735983
2026-10-05,2023-04-12,3728139
2026-10-05,2023-04-13,3722190
2026-10-05,2023-04-14,3720138
2026-10-05,2023-04-17,3726721
2026-10-05,2023-04-18,3715696
2026-10-05,2023-04-19,3719660
2026-10-05,2023-04-20,3727595
2026-10-05,2023-04-21,3735619
2026-10-05,2023-04-24,3753263
2026-10-05,2023-04-25,3746384
2026-10-05,2023-04-26,3750291
2026-10-05,2023-04-27,3760122
2026-10-05,2023-04-28,3792734
2026-10-05,2023-05-02,3838671
2026-10-05,2023-05-03,3836973
2026-10-05,2023-05-04,3843656
2026-10-05,2023-05-05,3864751
2026-10-05,2023-05-08,3899597
2026-10-05,2023-05-09,3889184
2026-10-05,2023-05-10,3887409
2026-10-05,2023-05-11,3881096
2026-10-05,2023-05-12,3879859
2026-10-05,2023-05-15,3885129
2026-10-05,2023-05-16,3859505
2026-10-05,2023-05-17,3854815
2026-10-05,2023-05-18,3847999
2026-10-05,2023-05-19,3850891
2026-10-05,2023-05-22,3847798
2026-10-05,2023-05-23,3842590
2026-10-05,2023-05-24,3838113
2026-10-05,2023-05-29,3838741
2026-10-05,2023-05-30,3820678
2026-10-05,2023-05-31,3825529
2026-10-05,2023-06-01,3851703
2026-10-05,2023-06-02,3886921
2026-10-05,2023-06-05,3925642
2026-10-05,2023-06-06,3950985
2026-10-05,2023-06-07,3969941
2026-10-05,2023-06-08,3990057
2026-10-05,2023-06-09,4008520
2026-10-05,2023-06-12,4028008
2026-10-05,2023-06-13,4013187
2026-10-05,2023-06-14,4007799
2026-10-05,2023-06-15,4019695
2026-10-05,2023-06-16,4040984
2026-10-05,2023-06-21,4078436
2026-10-05,2023-06-22,4062690
2026-10-05,2023-06-23,4071082
2026-10-05,2023-06-26,4099241
2026-10-05,2023-06-27,4104886
2026-10-05,2023-06-28,4117297
2026-10-05,2023-06-29,4144654
2026-10-05,2023-06-30,4204390
2026-10-05,2023-07-03,4272769
2026-10-05,2023-07-04,4290621
2026-10-05,2023-07-05,4323738
2026-10-05,2023-07-06,4360874
2026-10-05,2023-07-07,4400872
2026-10-05,2023-07-10,4455382
2026-10-05,2023-07-11,4441083
2026-10-05,2023-07-12,4436606
2026-10-05,2023-07-13,4442041
2026-10-05,2023-07-14,4454440
2026-10-05,2023-07-17,4483466
2026-10-05,2023-07-18,4474981
2026-10-05,2023-07-19,4474971
2026-10-05,2023-07-20,4482931
2026-10-05,2023-07-21,4500381
2026-10-05,2023-07-24,4520225
2026-10-05,2023-07-25,4516367
2026-10-05,2023-07-26,4507776
2026-10-05,2023-07-27,4509656
2026-10-05,2023-07-28,4525247
2026-10-05,2023-07-31,4553396
2026-10-05,2023-08-01,4548996
2026-10-05,2023-08-02,4569296
2026-10-05,2023-08-03,4584577
2026-10-05,2023-08-04,4619065
2026-10-05,2023-08-07,4671196
2026-10-05,2023-08-08,4684875
2026-10-05,2023-08-09,4696544
2026-10-05,2023-08-10,4703101
2026-10-05,2023-08-11,4712574
2026-10-05,2023-08-14,4721332
2026-10-05,2023-08-15,4692757
2026-10-05,2023-08-16,4672010
2026-10-05,2023-08-17,4650311
2026-10-05,2023-08-18,4636223
2026-10-05,2023-08-22,4638370
2026-10-05,2023-08-23,4609983
2026-10-05,2023-08-24,4597943
2026-10-05,2023-08-25,4596917
2026-10-05,2023-08-28,4595680
2026-10-05,2023-08-29,4575651
2026-10-05,2023-08-30,4562929
2026-10-05,2023-08-31,4565053
2026-10-05,2023-09-01,4597020
2026-10-05,2023-09-04,4634962
2026-10-05,2023-09-05,4638140
2026-10-05,2023-09-06,4668621
2026-10-05,2023-09-07,4695903
2026-10-05,2023-09-08,4726481
2026-10-05,2023-09-11,4753600
2026-10-05,2023-09-12,4735196
2026-10-05,2023-09-13,4728711
2026-10-05,2023-09-14,4731521
2026-10-05,2023-09-15,4746426
2026-10-05,2023-09-18,4758062
2026-10-05,2023-09-19,4745659
2026-10-05,2023-09-20,4743390
2026-10-05,2023-09-21,4752510
2026-10-05,2023-09-22,4771432
2026-10-05,2023-09-25,4807770
2026-10-05,2023-09-26,4812970
2026-10-05,2023-09-27,4816988
2026-10-05,2023-09-28,4838930
2026-10-05,2023-09-29,4870617
2026-10-05,2023-10-02,4926751
2026-10-05,2023-10-03,4939381
2026-10-05,2023-10-04,4969330
2026-10-05,2023-10-05,5016977
2026-10-05,2023-10-06,5071890
2026-10-05,2023-10-09,5124232
2026-10-05,2023-10-10,5146084
2026-10-05,2023-10-11,5158332
2026-10-05,2023-10-12,5164103
2026-10-05,2023-10-17,5204296
2026-10-05,2023-10-18,5191628
2026-10-05,2023-10-19,5216067
2026-10-05,2023-10-20,5232825
2026-10-05,2023-10-23,5227023
2026-10-05,2023-10-24,5187612
2026-10-05,2023-10-25,5165788
2026-10-05,2023-10-26,5154279
2026-10-05,2023-10-27,5153396
2026-10-05,2023-10-30,5148636
2026-10-05,2023-10-31,5141317
2026-10-05,2023-11-01,5144396
2026-10-05,2023-11-02,5173098
2026-10-05,2023-11-03,5212260
2026-10-05,2023-11-07,5240678
2026-10-05,2023-11-08,5266084
2026-10-05,2023-11-09,5298627
2026-10-05,2023-11-10,5326613
2026-10-05,2023-11-13,5351967
2026-10-05,2023-11-14,5338604
2026-10-05,2023-11-15,5341615
2026-10-05,2023-11-16,5350575
2026-10-05,2023-11-17,5362753
2026-10-05,2023-11-21,5373842
2026-10-05,2023-11-22,5351771
2026-10-05,2023-11-23,5355365
2026-10-05,2023-11-24,5366454
2026-10-05,2023-11-27,5372820
2026-10-05,2023-11-28,5359551
2026-10-05,2023-11-29,5370861
2026-10-05,2023-11-30,5414397
2026-10-05,2023-12-01,5481716
2026-10-05,2023-12-04,5562972
2026-10-05,2023-12-05,5597442
2026-10-05,2023-12-06,5662980
2026-10-05,2023-12-07,5731232
2026-10-05,2023-12-11,5809251
2026-10-05,2023-12-12,5818829
2026-10-05,2023-12-13,5850080
2026-10-05,2023-12-14,5878796
2026-10-05,2023-12-15,5935160
2026-10-05,2023-12-18,6001294
2026-10-05,2023-12-19,6071872
2026-10-05,2023-12-20,6163019
2026-10-05,2023-12-21,6283294
2026-10-05,2023-12-22,6411359
2026-10-05,2023-12-26,6495623
2026-10-05,2023-12-27,6512201
2026-10-05,2023-12-28,6557913
2026-10-05,2023-12-29,6629219
2026-10-05,2024-01-02,6641071
2026-10-05,2024-01-03,6620361
2026-10-05,2024-01-04,6620037
2026-10-05,2024-01-05,6640298
2026-10-05,2024-01-08,6697833
2026-10-05,2024-01-09,6698565
2026-10-05,2024-01-10,6708400
2026-10-05,2024-01-11,6709082
2026-10-05,2024-01-12,6715533
2026-10-05,2024-01-15,6713610
2026-10-05,2024-01-16,6690978
2026-10-05,2024-01-17,6690056
2026-10-05,2024-01-18,6692912
2026-10-05,2024-01-19,6698495
2026-10-05,2024-01-22,6715279
2026-10-05,2024-01-23,6687077
2026-10-05,2024-01-24,6681811
2026-10-05,2024-01-25,6689649
2026-10-05,2024-01-26,6689934
2026-10-05,2024-01-29,6691246
2026-10-05,2024-01-30,6674052
2026-10-05,2024-01-31,6665429
2026-10-05,2024-02-01,6697433
2026-10-05,2024-02-02,6736704
2026-10-05,2024-02-05,6774371
2026-10-05,2024-02-06,6791148
2026-10-05,2024-02-07,6830588
2026-10-05,2024-02-08,6859300
2026-10-05,2024-02-09,6874775
2026-10-05,2024-02-14,6847972
2026-10-05,2024-02-15,6814490
2026-10-05,2024-02-16,6809818
2026-10-05,2024-02-19,6784501
2026-10-05,2024-02-20,6749312
2026-10-05,2024-02-21,6733622
2026-10-05,2024-02-22,6724749
2026-10-05,2024-02-23,6721413
2026-10-05,2024-02-26,6721832
2026-10-05,2024-02-27,6688666
2026-10-05,2024-02-28,6691178
2026-10-05,2024-02-29,6717555
2026-10-05,2024-03-01,6787196
2026-10-05,2024-03-04,6848462
2026-10-05,2024-03-05,6849162
2026-10-05,2024-03-06,6895030
2026-10-05,2024-03-07,6943624
2026-10-05,2024-03-08,7007812
2026-10-05,2024-03-11,7041558
2026-10-05,2024-03-12,7011959
2026-10-05,2024-03-13,7004899
2026-10-05,2024-03-14,7006349
2026-10-05,2024-03-15,7035332
2026-10-05,2024-03-18,7092987
2026-10-05,2024-03-19,7088337
2026-10-05,2024-03-20,7103373
2026-10-05,2024-03-21,7144945
2026-10-05,2024-03-22,7193123
2026-10-05,2024-03-25,7262880
2026-10-05,2024-03-26,7302598
2026-10-05,2024-03-27,7374132
2026-10-05,2024-04-03,7421748
2026-10-05,2024-04-04,7408973
2026-10-05,2024-04-05,7475290
2026-10-05,2024-04-08,7535880
2026-10-05,2024-04-09,7516549
2026-10-05,2024-04-10,7544231
2026-10-05,2024-04-11,7543113
2026-10-05,2024-04-12,7572775
2026-10-05,2024-04-15,7572391
2026-10-05,2024-04-16,7537539
2026-10-05,2024-04-17,7573991
2026-10-05,2024-04-18,7607225
2026-10-05,2024-04-19,7667215
2026-10-05,2024-04-22,7733695
2026-10-05,2024-04-23,7750545
2026-10-05,2024-04-24,7793143
2026-10-05,2024-04-25,7842724
2026-10-05,2024-04-26,7884780
2026-10-05,2024-04-29,7969549
2026-10-05,2024-04-30,8000682
2026-10-05,2024-05-02,8103574
2026-10-05,2024-05-03,8190380
2026-10-05,2024-05-06,8250520
2026-10-05,2024-05-07,8272517
2026-10-05,2024-05-08,8349843
2026-10-05,2024-05-09,8366891
2026-10-05,2024-05-10,8452273
2026-10-05,2024-05-13,8509041
2026-10-05,2024-05-14,8524450
2026-10-05,2024-05-15,8570262
2026-10-05,2024-05-16,8601361
2026-10-05,2024-05-17,8655136
2026-10-05,2024-05-20,8683405
2026-10-05,2024-05-21,8749209
2026-10-05,2024-05-22,8802945
2026-10-05,2024-05-23,8836480
2026-10-05,2024-05-24,8890649
2026-10-05,2024-05-27,8967894
2026-10-05,2024-05-28,8983682
2026-10-05,2024-05-29,9044486
2026-10-05,2024-05-30,9056570
2026-10-05,2024-05-31,9156246
2026-10-05,2024-06-03,9256325
2026-10-05,2024-06-04,9285102
2026-10-05,2024-06-05,9350747
2026-10-05,2024-06-06,9449825
2026-10-05,2024-06-07,9560702
2026-10-05,2024-06-10,9686618
2026-10-05,2024-06-11,9747557
2026-10-05,2024-06-12,9851923
2026-10-05,2024-06-13,9952647
2026-10-05,2024-06-14,10101568
2026-10-05,2024-06-18,10333656
2026-10-05,2024-06-19,10477814
2026-10-05,2024-06-24,10625142
2026-10-05,2024-06-25,10658379
2026-10-05,2024-06-26,10802063
2026-10-05,2024-06-27,10932967
2026-10-05,2024-06-28,11139207
2026-10-05,2024-07-01,11329424
2026-10-05,2024-07-02,11447987
2026-10-05,2024-07-03,11527438
2026-10-05,2024-07-04,11643262
2026-10-05,2024-07-05,11784686
2026-10-05,2024-07-08,11985022
2026-10-05,2024-07-10,12061478
2026-10-05,2024-07-11,12109453
2026-10-05,2024-07-12,12197062
2026-10-05,2024-07-15,12274713
2026-10-05,2024-07-16,12316230
2026-10-05,2024-07-17,12345290
2026-10-05,2024-07-18,12362658
2026-10-05,2024-07-19,12418949
2026-10-05,2024-07-22,12470557
2026-10-05,2024-07-23,12453088
2026-10-05,2024-07-24,12476941
2026-10-05,2024-07-25,12486975
2026-10-05,2024-07-26,12520327
2026-10-05,2024-07-29,12571592
2026-10-05,2024-07-30,12555862
2026-10-05,2024-07-31,12527671
2026-10-05,2024-08-01,12537962
2026-10-05,2024-08-02,12608442
2026-10-05,2024-08-05,12674872
2026-10-05,2024-08-06,12678088
2026-10-05,2024-08-07,12692257
2026-10-05,2024-08-08,12728626
2026-10-05,2024-08-09,12777169
2026-10-05,2024-08-12,12820865
2026-10-05,2024-08-13,12799626
2026-10-05,2024-08-14,12772022
2026-10-05,2024-08-15,12791992
2026-10-05,2024-08-16,12778040
2026-10-05,2024-08-19,12806803
2026-10-05,2024-08-20,12766375
2026-10-05,2024-08-21,12731659
2026-10-05,2024-08-22,12730810
2026-10-05,2024-08-23,12780230
2026-10-05,2024-08-26,12819068
2026-10-05,2024-08-27,12784898
2026-10-05,2024-08-28,12803038
2026-10-05,2024-08-29,12797163
2026-10-05,2024-08-30,12829632
2026-10-05,2024-09-02,12892370
2026-10-05,2024-09-03,12890347
2026-10-05,2024-09-04,12897383
2026-10-05,2024-09-05,12930373
2026-10-05,2024-09-06,13000109
2026-10-05,2024-09-09,13098731
2026-10-05,2024-09-10,13089759
2026-10-05,2024-09-11,13102113
2026-10-05,2024-09-12,13105825
2026-10-05,2024-09-13,13134470
2026-10-05,2024-09-16,13159168
2026-10-05,2024-09-17,13121853
2026-10-05,2024-09-18,13114094
2026-10-05,2024-09-19,13069041
2026-10-05,2024-09-20,13140971
2026-10-05,2024-09-23,13175544
2026-10-05,2024-09-24,13151668
2026-10-05,2024-09-25,13120841
2026-10-05,2024-09-26,13113710
2026-10-05,2024-09-27,13149966
2026-10-05,2024-09-30,13209919
2026-10-05,2024-10-01,13249740
2026-10-05,2024-10-02,13281760
2026-10-05,2024-10-03,13322851
2026-10-05,2024-10-04,13411113
2026-10-05,2024-10-07,13528027
2026-10-05,2024-10-08,13552695
2026-10-05,2024-10-09,13606172
2026-10-05,2024-10-10,13648382
2026-10-05,2024-10-14,13755449
2026-10-05,2024-10-15,13720416
2026-10-05,2024-10-16,13697196
2026-10-05,2024-10-17,13705616
2026-10-05,2024-10-18,13745431
2026-10-05,2024-10-21,13787209
2026-10-05,2024-10-22,13745083
2026-10-05,2024-10-23,13741862
2026-10-05,2024-10-24,13751936
2026-10-05,2024-10-25,13791367
2026-10-05,2024-10-28,13796044
2026-10-05,2024-10-29,13758349
2026-10-05,2024-10-30,13715018
2026-10-05,2024-10-31,13722960
2026-10-05,2024-11-01,13791079
2026-10-05,2024-11-04,13875047
2026-10-05,2024-11-05,13890521
2026-10-05,2024-11-07,13943811
2026-10-05,2024-11-08,14053822
2026-10-05,2024-11-11,14121613
2026-10-05,2024-11-12,14085185
2026-10-05,2024-11-13,14120394
2026-10-05,2024-11-14,14169166
2026-10-05,2024-11-15,14234090
2026-10-05,2024-11-19,14274539
2026-10-05,2024-11-20,14257455
2026-10-05,2024-11-21,14280562
2026-10-05,2024-11-22,14295176
2026-10-05,2024-11-25,14352907
2026-10-05,2024-11-26,14341436
2026-10-05,2024-11-27,14376038
2026-10-05,2024-11-28,14454261
2026-10-05,2024-11-29,14577702
2026-10-05,2024-12-02,14711717
2026-10-05,2024-12-03,14770241
2026-10-05,2024-12-04,14863240
2026-10-05,2024-12-05,14884101
2026-10-05,2024-12-06,14990325
2026-10-05,2024-12-09,15176335
2026-10-05,2024-12-10,15247346
2026-10-05,2024-12-11,15361221
2026-10-05,2024-12-12,15488061
2026-10-05,2024-12-13,15689948
2026-10-05,2024-12-16,15931906
2026-10-05,2024-12-17,16084890
2026-10-05,2024-12-18,16324154
2026-10-05,2024-12-19,16545324
2026-10-05,2024-12-20,16904647
2026-10-05,2024-12-23,17268563
2026-10-05,2024-12-26,17466211
2026-10-05,2024-12-27,17554613
2026-10-05,2024-12-30,17783458
2026-10-05,2025-01-02,17752251
2026-10-05,2025-01-03,17746869
2026-10-05,2025-01-06,17747042
2026-10-05,2025-01-07,17711449
2026-10-05,2025-01-08,17735121
2026-10-05,2025-01-09,17796193
2026-10-05,2025-01-10,17860698
2026-10-05,2025-01-13,17921382
2026-10-05,2025-01-14,17876668
2026-10-05,2025-01-15,17901371
2026-10-05,2025-01-16,17871599
2026-10-05,2025-01-17,17901189
2026-10-05,2025-01-20,17940271
2026-10-05,2025-01-21,17897904
2026-10-05,2025-01-22,17902408
2026-10-05,2025-01-23,17912812
2026-10-05,2025-01-24,17939808
2026-10-05,2025-01-27,17978430
2026-10-05,2025-01-28,17975655
2026-10-05,2025-01-29,17967462
2026-10-05,2025-01-30,17968309
2026-10-05,2025-01-31,18006483
2026-10-05,2025-02-03,18084662
2026-10-05,2025-02-04,18055839
2026-10-05,2025-02-05,18019607
2026-10-05,2025-02-06,18035016
2026-10-05,2025-02-07,18064923
2026-10-05,2025-02-10,18129055
2026-10-05,2025-02-11,18072562
2026-10-05,2025-02-12,18056884
2026-10-05,2025-02-13,18064346
2026-10-05,2025-02-14,18099821
2026-10-05,2025-02-17,18133507
2026-10-05,2025-02-18,18086539
2026-10-05,2025-02-19,18072691
2026-10-05,2025-02-20,18091561
2026-10-05,2025-02-21,18134268
2026-10-05,2025-02-24,18186959
2026-10-05,2025-02-25,18161967
2026-10-05,2025-02-26,18168988
2026-10-05,2025-02-27,18223470
2026-10-05,2025-02-28,18351321
2026-10-05,2025-03-05,18471174
2026-10-05,2025-03-06,18423856
2026-10-05,2025-03-07,18431095
2026-10-05,2025-03-10,18468436
2026-10-05,2025-03-11,18358634
2026-10-05,2025-03-12,18340896
2026-10-05,2025-03-13,18364752
2026-10-05,2025-03-14,18463476
2026-10-05,2025-03-17,18530874
2026-10-05,2025-03-18,18530293
2026-10-05,2025-03-19,18610167
2026-10-05,2025-03-20,18639333
2026-10-05,2025-03-21,18733021
2026-10-05,2025-03-25,18828304
2026-10-05,2025-03-26,18821444
2026-10-05,2025-03-27,18852569
2026-10-05,2025-03-28,18948596
2026-10-05,2025-03-31,19036383
2026-10-05,2025-04-01,19023679
2026-10-05,2025-04-03,19098098
2026-10-05,2025-04-04,19124404
2026-10-05,2025-04-07,19222752
2026-10-05,2025-04-08,19190404
2026-10-05,2025-04-09,19245240
2026-10-05,2025-04-10,19299451
2026-10-05,2025-04-11,19390921
2026-10-05,2025-04-14,19391534
2026-10-05,2025-04-15,19308805
2026-10-05,2025-04-16,19284334
2026-10-05,2025-04-21,19198179
2026-10-05,2025-04-22,19073309
2026-10-05,2025-04-23,19031040
2026-10-05,2025-04-24,19038281
2026-10-05,2025-04-25,19080316
2026-10-05,2025-04-28,19132420
2026-10-05,2025-04-29,19114712
2026-10-05,2025-04-30,19236667
2026-10-05,2025-05-05,19301079
2026-10-05,2025-05-06,19259761
2026-10-05,2025-05-07,19216018
2026-10-05,2025-05-08,19235183
2026-10-05,2025-05-09,19268830
2026-10-05,2025-05-12,19334621
2026-10-05,2025-05-13,19245710
2026-10-05,2025-05-14,19210303
2026-10-05,2025-05-15,19203858
2026-10-05,2025-05-16,19228039
2026-10-05,2025-05-19,19226356
2026-10-05,2025-05-20,19174070
2026-10-05,2025-05-21,19173183
2026-10-05,2025-05-22,19192120
2026-10-05,2025-05-23,19252193
2026-10-05,2025-05-26,19271271
2026-10-05,2025-05-27,19239814
2026-10-05,2025-05-28,19279046
2026-10-05,2025-05-29,19349172
2026-10-05,2025-05-30,19425343
2026-10-05,2025-06-02,19536396
2026-10-05,2025-06-03,19551643
2026-10-05,2025-06-04,19568335
2026-10-05,2025-06-05,19614515
2026-10-05,2025-06-06,19748676
2026-10-05,2025-06-09,19865942
2026-10-05,2025-06-10,19894806
2026-10-05,2025-06-11,19946811
2026-10-05,2025-06-12,19981734
2026-10-05,2025-06-13,20099154
2026-10-05,2025-06-17,20225708
2026-10-05,2025-06-18,20273171
2026-10-05,2025-06-19,20266008
2026-10-05,2025-06-23,20390750
2026-10-05,2025-06-24,20389361
2026-10-05,2025-06-25,20487151
2026-10-05,2025-06-26,20595533
2026-10-05,2025-06-27,20746837
2026-10-05,2025-06-30,21045536
2026-10-05,2025-07-01,21103854
2026-10-05,2025-07-02,21182229
2026-10-05,2025-07-03,21269865
2026-10-05,2025-07-04,21360186
2026-10-05,2025-07-07,21552123
2026-10-05,2025-07-08,21570923
2026-10-05,2025-07-10,21686004
2026-10-05,2025-07-11,21692379
2026-10-05,2025-07-14,21737407
2026-10-05,2025-07-15,21685623
2026-10-05,2025-07-16,21653419
2026-10-05,2025-07-17,21619880
2026-10-05,2025-07-18,21687083
2026-10-05,2025-07-21,21735329
2026-10-05,2025-07-22,21681427
2026-10-05,2025-07-23,21677334
2026-10-05,2025-07-24,21680932
2026-10-05,2025-07-25,21688213
2026-10-05,2025-07-28,21717944
2026-10-05,2025-07-29,21685779
2026-10-05,2025-07-30,21675245
2026-10-05,2025-07-31,21673141
2026-10-05,2025-08-01,21719466
2026-10-05,2025-08-04,21795109
2026-10-05,2025-08-05,21756816
2026-10-05,2025-08-06,21766034
2026-10-05,2025-08-07,21786716
2026-10-05,2025-08-08,21850300
2026-10-05,2025-08-11,21914023
2026-10-05,2025-08-12,21846349
2026-10-05,2025-08-13,21842160
2026-10-05,2025-08-14,21835315
2026-10-05,2025-08-18,21796098
2026-10-05,2025-08-19,21632427
2026-10-05,2025-08-20,21555579
2026-10-05,2025-08-21,21555747
2026-10-05,2025-08-22,21586736
2026-10-05,2025-08-25,21588355
2026-10-05,2025-08-26,21523186
2026-10-05,2025-08-27,21528571
2026-10-05,2025-08-28,21557576
2026-10-05,2025-08-29,21579249
2026-10-05,2025-09-01,21612790
2026-10-05,2025-09-02,21548510
2026-10-05,2025-09-03,21546172
2026-10-05,2025-09-04,21551105
2026-10-05,2025-09-05,21571758
2026-10-05,2025-09-08,21656735
2026-10-05,2025-09-09,21608378
2026-10-05,2025-09-10,21636871
2026-10-05,2025-09-11,21653764
2026-10-05,2025-09-12,21668808
2026-10-05,2025-09-15,21712392
2026-10-05,2025-09-16,21649035
2026-10-05,2025-09-17,21625740
2026-10-05,2025-09-18,21623844
2026-10-05,2025-09-19,21635118
2026-10-05,2025-09-22,21674558
2026-10-05,2025-09-23,21587213
2026-10-05,2025-09-24,21586484
2026-10-05,2025-09-25,21586858
2026-10-05,2025-09-26,21580196
2026-10-05,2025-09-29,21568170
2026-10-05,2025-09-30,21537968
2026-10-05,2025-10-01,21514375
2026-10-05,2025-10-02,21563192
2026-10-05,2025-10-03,21640853
2026-10-05,2025-10-06,21684290
2026-10-05,2025-10-07,21656564
2026-10-05,2025-10-08,21701888
2026-10-05,2025-10-09,21790269
2026-10-05,2025-10-13,21740204
2026-10-05,2025-10-14,21617305
2026-10-05,2025-10-15,21544798
2026-10-05,2025-10-16,21527534
2026-10-05,2025-10-17,21496172
2026-10-05,2025-10-20,21490201
2026-10-05,2025-10-21,21419257
2026-10-05,2025-10-22,21432836
2026-10-05,2025-10-23,21446224
2026-10-05,2025-10-24,21457126
2026-10-05,2025-10-27,21353349
2026-10-05,2025-10-28,21408234
2026-10-05,2025-10-29,21366063
2026-10-05,2025-10-30,21340057
2026-10-05,2025-10-31,21374831
2026-10-05,2025-11-03,21427615
2026-10-05,2025-11-04,21384419
2026-10-05,2025-11-05,21401665
2026-10-05,2025-11-07,21375384
2026-10-05,2025-11-10,21442774
2026-10-05,2025-11-11,21393012
2026-10-05,2025-11-12,21361765
2026-10-05,2025-11-13,21376510
2026-10-05,2025-11-14,21410326
2026-10-05,2025-11-17,21418595
2026-10-05,2025-11-18,21351890
2026-10-05,2025-11-19,21355476
2026-10-05,2025-11-20,21470419
2026-10-05,2025-11-25,21526539
2026-10-05,2025-11-26,21487233
2026-10-05,2025-11-27,21556738
2026-10-05,2025-11-28,21699864
2026-10-05,2025-12-01,21791241
2026-10-05,2025-12-02,21780162
2026-10-05,2025-12-03,21829380
2026-10-05,2025-12-04,21896118
2026-10-05,2025-12-05,21996862
2026-10-05,2025-12-09,22186202
2026-10-05,2025-12-10,22220659
2026-10-05,2025-12-11,22328806
2026-10-05,2025-12-12,22561016
2026-10-05,2025-12-15,22774453
2026-10-05,2025-12-16,22873827
2026-10-05,2025-12-17,23059587
2026-10-05,2025-12-18,23287167
2026-10-05,2025-12-19,23604809
2026-10-05,2025-12-22,24039541
2026-10-05,2025-12-23,24271036
2026-10-05,2025-12-26,24395438
2026-10-05,2025-12-29,24493324
2026-10-05,2025-12-30,24576066
2026-10-05,2026-01-02,24527671
2026-10-05,2026-01-05,24458103
2026-10-05,2026-01-06,24362180
2026-10-05,2026-01-07,24286081
2026-10-05,2026-01-08,24240964
2026-10-05,2026-01-09,24194395
2026-10-05,2026-01-12,24177156
2026-10-05,2026-01-13,24062455
2026-10-05,2026-01-14,24008034
2026-10-05,2026-01-15,23980192
2026-10-05,2026-01-16,23933870
2026-10-05,2026-01-19,23884389
2026-10-05,2026-01-20,23780275
2026-10-05,2026-01-21,23714972
2026-10-05,2026-01-22,23673316
2026-10-05,2026-01-23,23669825
2026-10-05,2026-01-26,23658425
2026-10-05,2026-01-27,23534550
2026-10-05,2026-01-28,23527559
2026-10-05,2026-01-29,23563353
2026-10-05,2026-01-30,23625544
2026-10-05,2026-02-02,23651101
2026-10-05,2026-02-03,23589554
2026-10-05,2026-02-04,23545433
2026-10-05,2026-02-05,23524524
2026-10-05,2026-02-06,23521580
2026-10-05,2026-02-09,23594397
2026-10-05,2026-02-10,23538132
2026-10-05,2026-02-11,23498501
2026-10-05,2026-02-12,23468623
2026-10-05,2026-02-13,23457452
2026-10-05,2026-02-18,23404999
2026-10-05,2026-02-19,23385177
2026-10-05,2026-02-20,23356591
2026-10-05,2026-02-23,23295998
2026-10-05,2026-02-24,23233684
2026-10-05,2026-02-25,23217053
2026-10-05,2026-02-26,23250219
2026-10-05,2026-02-27,23371534
2026-10-05,2026-03-02,23427406
2026-10-05,2026-03-03,23349387
2026-10-05,2026-03-04,23320703
2026-10-05,2026-03-05,23321558
2026-10-05,2026-03-06,23328351
2026-10-05,2026-03-09,23413350
2026-10-05,2026-03-10,23368635
2026-10-05,2026-03-11,23327228
2026-10-05,2026-03-12,23322451
2026-10-05,2026-03-13,23343754
2026-10-05,2026-03-16,23341058
2026-10-05,2026-03-17,23251190
2026-10-05,2026-03-18,23189541
2026-10-05,2026-03-19,23205381
2026-10-05,2026-03-20,23248616
2026-10-05,2026-03-25,23220505
2026-10-05,2026-03-26,23134513
2026-10-05,2026-03-27,23179453
2026-10-05,2026-03-30,23203301
2026-10-05,2026-03-31,23167908
2026-10-05,2026-04-01,23191643
2026-10-05,2026-04-06,23179862
2026-10-05,2026-04-07,23048646
2026-10-05,2026-04-08,23004743
2026-10-05,2026-04-09,22979626
2026-10-05,2026-04-10,23048691
2026-10-05,2026-04-13,23067890
2026-10-05,2026-04-14,22957738
2026-10-05,2026-04-15,22975043
2026-10-05,2026-04-16,22966738
2026-10-05,2026-04-17,22962716
2026-10-05,2026-04-20,22931973
2026-10-05,2026-04-21,22855492
2026-10-05,2026-04-22,22851003
2026-10-05,2026-04-23,22849293
2026-10-05,2026-04-24,22909318
2026-10-05,2026-04-27,22938448
2026-10-05,2026-04-28,22934720
2026-10-05,2026-04-29,23046699
2026-10-05,2026-04-30,23237697
2026-10-05,2026-05-04,23373124
2026-10-05,2026-05-05,23311502
2026-10-05,2026-05-06,23301000
2026-10-05,2026-05-07,23296187
2026-10-05,2026-05-08,23310410
2026-10-05,2026-05-11,23372930
2026-10-05,2026-05-12,23311832
2026-10-05,2026-05-13,23265842
2026-10-05,2026-05-14,23323850
2026-10-05,2026-05-15,23364317
2026-10-05,2026-05-18,23371585
2026-10-05,2026-05-19,23315943
2026-10-05,2026-05-20,23318096
2026-10-05,2026-05-21,23371261
2026-10-05,2026-05-22,23494070
2026-10-05,2026-05-26,23559183
2026-10-05,2026-05-27,23545915
2026-10-05,2026-05-28,23627677
2026-10-05,2026-05-29,23813872
2026-10-05,2026-06-01,23929105
2026-10-05,2026-06-02,23908611
2026-10-05,2026-06-03,23929776
2026-10-05,2026-06-04,23967117
2026-10-05,2026-06-05,24029564
2026-10-05,2026-06-08,24193656
2026-10-05,2026-06-09,24227406
2026-10-05,2026-06-10,24315805
2026-10-05,2026-06-11,24420646
2026-10-05,2026-06-12,24549284
2026-10-05,2026-06-16,24629471
2026-10-05,2026-06-17,24621421
2026-10-05,2026-06-18,24667693
2026-10-05,2026-06-19,24784889
2026-10-05,2026-06-22,24914678
2026-10-05,2026-06-23,24991361
2026-10-05,2026-06-24,25114078
2026-10-05,2026-06-25,25248149
2026-10-05,2026-06-26,25443395
2026-10-05,2026-06-29,25696303
2026-10-05,2026-06-30,25782691
2026-10-05,2026-07-01,25898054
2026-10-05,2026-07-02,26028901
2026-10-05,2026-07-03,26118416
2026-10-05,2026-07-06,26234442
2026-10-05,2026-07-07,26229624
2026-10-05,2026-07-08,26398861
2026-10-05,2026-07-13,26470716
2026-10-05,2026-07-14,26346493
2026-10-05,2026-07-15,26314697
2026-10-05,2026-07-16,26341636
2026-10-05,2026-07-17,26359886
2026-10-05,2026-07-20,26366918
2026-10-05,2026-07-21,26304702
2026-10-05,2026-07-22,26310987
2026-10-05,2026-07-23,26358131
2026-10-05,2026-07-24,26420677
2026-10-05,2026-07-27,26473650
2026-10-05,2026-07-28,26478721
2026-10-05,2026-07-29,26490133
2026-10-05,2026-07-30,26483730
2026-10-05,2026-07-31,26525998
2026-10-05,2026-08-03,26504918
2026-10-05,2026-08-04,26491596
2026-10-05,2026-08-05,26469321
2026-10-05,2026-08-06,26426515
2026-10-05,2026-08-07,26424090
2026-10-05,2026-08-10,26496097
2026-10-05,2026-08-11,26432153
2026-10-05,2026-08-12,26395460
2026-10-05,2026-08-13,26396963
2026-10-05,2026-08-14,26424694
2026-10-05,2026-08-18,26402233
2026-10-05,2026-08-19,26291150
2026-10-05,2026-08-20,26259379
2026-10-05,2026-08-21,26255383
2026-10-05,2026-08-24,26241929
2026-10-05,2026-08-25,26205354
2026-10-05,2026-08-26,26227528
2026-10-05,2026-08-27,26262953
2026-10-05,2026-08-28,26352655
2026-10-05,2026-08-31,26522426
2026-10-05,2026-09-01,26458122
2026-10-05,2026-09-02,26482674
2026-10-05,2026-09-03,26483300
2026-10-05,2026-09-04,26463348
2026-10-05,2026-09-07,26510507
2026-10-05,2026-09-08,26471110
2026-10-05,2026-09-09,26493221
2026-10-05,2026-09-10,26533035
2026-10-05,2026-09-11,26572759
2026-10-05,2026-09-14,26589544
2026-10-05,2026-09-15,26515767
2026-10-05,2026-09-16,26472635
2026-10-05,2026-09-17,26466827
2026-10-05,2026-09-18,26471952
2026-10-05,2026-09-21,26471252
2026-10-05,2026-09-22,26440704
2026-10-05,2026-09-23,26459160
2026-10-05,2026-09-24,26507693
2026-10-05,2026-09-25,26558219
2026-10-05,2026-09-28,26653866
2026-10-05,2026-09-29,26600811
2026-10-05,2026-09-30,26625146
2026-10-05,2026-10-01,26658709
2026-10-06,2026-09-23,26460189
2026-10-06,2026-09-28,26646346
2026-10-06,2026-09-30,26625546
2026-10-06,2026-10-01,26658811
2026-10-06,2026-10-02,26732970
2026-10-07,2026-09-24,26508547
2026-10-07,2026-09-25,26559072
2026-10-07,2026-09-29,26600113
2026-10-07,2026-09-30,26625559
2026-10-07,2026-10-01,26659841
2026-10-07,2026-10-02,26726360
2026-10-07,2026-10-05,26744001
2026-10-08,2026-09-25,26558814
2026-10-08,2026-09-30,26623876
2026-10-08,2026-10-02,26726688
2026-10-08,2026-10-05,26744229
2026-10-08,2026-10-06,26673333
