vintage,date,value
2026-10-07,2003-01-02,29.37
2026-10-07,2003-01-03,61.46
2026-10-07,2003-01-06,51.68
2026-10-07,2003-01-07,101.98
2026-10-07,2003-01-08,45.78
2026-10-07,2003-01-09,7.84
2026-10-07,2003-01-10,-7.64
2026-10-07,2003-01-13,25.63
2026-10-07,2003-01-14,36.45
2026-10-07,2003-01-15,34.18
2026-10-07,2003-01-16,15.97
2026-10-07,2003-01-17,14.92
2026-10-07,2003-01-20,-0.82
2026-10-07,2003-01-21,50.51
2026-10-07,2003-01-22,12.53
2026-10-07,2003-01-23,10
2026-10-07,2003-01-24,18.7
2026-10-07,2003-01-27,-8.79
2026-10-07,2003-01-28,3.24
2026-10-07,2003-01-29,-0.44
2026-10-07,2003-01-30,6.58
2026-10-07,2003-01-31,6.97
2026-10-07,2003-02-03,10.35
2026-10-07,2003-02-04,17.2
2026-10-07,2003-02-05,14.05
2026-10-07,2003-02-06,8.99
2026-10-07,2003-02-07,19.15
2026-10-07,2003-02-10,22.99
2026-10-07,2003-02-11,21.52
2026-10-07,2003-02-12,20.32
2026-10-07,2003-02-13,16.24
2026-10-07,2003-02-14,7.71
2026-10-07,2003-02-17,-0.6
2026-10-07,2003-02-18,22.4
2026-10-07,2003-02-19,19.51
2026-10-07,2003-02-20,10.67
2026-10-07,2003-02-21,30.26
2026-10-07,2003-02-24,14.05
2026-10-07,2003-02-25,19.91
2026-10-07,2003-02-26,8.24
2026-10-07,2003-02-27,5.31
2026-10-07,2003-02-28,4.43
2026-10-07,2003-03-03,-2.36
2026-10-07,2003-03-04,6.38
2026-10-07,2003-03-05,9.26
2026-10-07,2003-03-06,5.75
2026-10-07,2003-03-07,0.78
2026-10-07,2003-03-10,26.28
2026-10-07,2003-03-11,4.87
2026-10-07,2003-03-12,1.78
2026-10-07,2003-03-13,-1.76
2026-10-07,2003-03-14,-6.97
2026-10-07,2003-03-17,18.9
2026-10-07,2003-03-18,11.97
2026-10-07,2003-03-19,-3.36
2026-10-07,2003-03-20,23.04
2026-10-07,2003-03-21,1.06
2026-10-07,2003-03-24,21.23
2026-10-07,2003-03-25,19.07
2026-10-07,2003-03-26,17.23
2026-10-07,2003-03-27,19.92
2026-10-07,2003-03-28,1.48
2026-10-07,2003-04-01,3.15
2026-10-07,2003-04-02,8.81
2026-10-07,2003-04-03,32.79
2026-10-07,2003-04-04,2.64
2026-10-07,2003-04-07,10.88
2026-10-07,2003-04-08,6.08
2026-10-07,2003-04-09,3.14
2026-10-07,2003-04-10,21.54
2026-10-07,2003-04-11,16.3
2026-10-07,2003-04-14,4.32
2026-10-07,2003-04-15,1.57
2026-10-07,2003-04-16,2.24
2026-10-07,2003-04-21,9.22
2026-10-07,2003-04-22,40.78
2026-10-07,2003-04-23,47.89
2026-10-07,2003-04-24,9.44
2026-10-07,2003-04-25,10.37
2026-10-07,2003-04-28,25.7
2026-10-07,2003-04-29,45.68
2026-10-07,2003-04-30,47.22
2026-10-07,2003-05-02,94.54
2026-10-07,2003-05-05,78.77
2026-10-07,2003-05-06,74.58
2026-10-07,2003-05-07,5.5
2026-10-07,2003-05-08,142.47
2026-10-07,2003-05-09,153.11
2026-10-07,2003-05-12,62.17
2026-10-07,2003-05-13,90.81
2026-10-07,2003-05-14,12.76
2026-10-07,2003-05-15,15.73
2026-10-07,2003-05-16,0.48
2026-10-07,2003-05-19,-0.2
2026-10-07,2003-05-20,84.04
2026-10-07,2003-05-21,8
2026-10-07,2003-05-22,-1.01
2026-10-07,2003-05-23,1.97
2026-10-07,2003-05-26,-1.45
2026-10-07,2003-05-27,5.88
2026-10-07,2003-05-28,-1.96
2026-10-07,2003-05-29,4.35
2026-10-07,2003-05-30,4.43
2026-10-07,2003-06-02,16.24
2026-10-07,2003-06-03,50.3
2026-10-07,2003-06-04,30.04
2026-10-07,2003-06-05,30.68
2026-10-07,2003-06-06,42.76
2026-10-07,2003-06-09,74.04
2026-10-07,2003-06-10,85.19
2026-10-07,2003-06-11,28.11
2026-10-07,2003-06-12,22.91
2026-10-07,2003-06-13,101.9
2026-10-07,2003-06-17,89.34
2026-10-07,2003-06-18,70.4
2026-10-07,2003-06-19,35.15
2026-10-07,2003-06-20,34.86
2026-10-07,2003-06-23,89.69
2026-10-07,2003-06-24,78.35
2026-10-07,2003-06-25,32.97
2026-10-07,2003-06-26,57.73
2026-10-07,2003-06-27,12.35
2026-10-07,2003-06-30,12.818
2026-10-07,2003-07-01,21.501
2026-10-07,2003-07-02,25.15
2026-10-07,2003-07-03,12.6
2026-10-07,2003-07-04,-1
2026-10-07,2003-07-07,57.15
2026-10-07,2003-07-08,34.05
2026-10-07,2003-07-10,38.95
2026-10-07,2003-07-11,32.94
2026-10-07,2003-07-14,25.94
2026-10-07,2003-07-15,59.5
2026-10-07,2003-07-16,11.46
2026-10-07,2003-07-17,37.65
2026-10-07,2003-07-18,31.15
2026-10-07,2003-07-21,25.106
2026-10-07,2003-07-22,42.206
2026-10-07,2003-07-23,17.3
2026-10-07,2003-07-24,35.33
2026-10-07,2003-07-25,27.42
2026-10-07,2003-07-28,15.95
2026-10-07,2003-07-29,25.25
2026-10-07,2003-07-30,-4.201
2026-10-07,2003-07-31,6.48
2026-10-07,2003-08-01,-3.737
2026-10-07,2003-08-04,5.061
2026-10-07,2003-08-05,3.415
2026-10-07,2003-08-06,1.927
2026-10-07,2003-08-07,1.765
2026-10-07,2003-08-08,4.354
2026-10-07,2003-08-11,8.441
2026-10-07,2003-08-12,17.002
2026-10-07,2003-08-13,15.316
2026-10-07,2003-08-14,4.37
2026-10-07,2003-08-15,-2.753
2026-10-07,2003-08-19,9.314
2026-10-07,2003-08-20,14.681
2026-10-07,2003-08-21,5.311
2026-10-07,2003-08-22,1.255
2026-10-07,2003-08-25,-0.343
2026-10-07,2003-08-26,8.908
2026-10-07,2003-08-27,10.211
2026-10-07,2003-08-28,-0.704
2026-10-07,2003-08-29,-1.596
2026-10-07,2003-09-01,-0.399
2026-10-07,2003-09-02,8.05
2026-10-07,2003-09-03,3.687
2026-10-07,2003-09-04,-0.227
2026-10-07,2003-09-05,9.254
2026-10-07,2003-09-08,1.563
2026-10-07,2003-09-09,-1.351
2026-10-07,2003-09-10,0.915
2026-10-07,2003-09-11,1.725
2026-10-07,2003-09-12,-6.877
2026-10-07,2003-09-15,0.605
2026-10-07,2003-09-16,-0.399
2026-10-07,2003-09-17,4.56
2026-10-07,2003-09-18,1.236
2026-10-07,2003-09-19,5.113
2026-10-07,2003-09-22,4.563
2026-10-07,2003-09-23,5.929
2026-10-07,2003-09-24,0.724
2026-10-07,2003-09-25,8.857
2026-10-07,2003-09-26,-2.21
2026-10-07,2003-09-29,14.396
2026-10-07,2003-09-30,12.711
2026-10-07,2003-10-01,9.724
2026-10-07,2003-10-02,7.525
2026-10-07,2003-10-03,10.26
2026-10-07,2003-10-06,19.757
2026-10-07,2003-10-07,23.064
2026-10-07,2003-10-08,17.24
2026-10-07,2003-10-09,23.104
2026-10-07,2003-10-10,17.589
2026-10-07,2003-10-14,26.6
2026-10-07,2003-10-15,24.078
2026-10-07,2003-10-16,11.904
2026-10-07,2003-10-17,16.18
2026-10-07,2003-10-20,40.72
2026-10-07,2003-10-21,31.8
2026-10-07,2003-10-22,26.852
2026-10-07,2003-10-23,26.172
2026-10-07,2003-10-24,33.548
2026-10-07,2003-10-27,35.076
2026-10-07,2003-10-28,35.371
2026-10-07,2003-10-29,34.76
2026-10-07,2003-10-30,35.31
2026-10-07,2003-10-31,32.43
2026-10-07,2003-11-03,28.319
2026-10-07,2003-11-04,31.957
2026-10-07,2003-11-05,32.451
2026-10-07,2003-11-07,30.201
2026-10-07,2003-11-10,26.52
2026-10-07,2003-11-11,0.145
2026-10-07,2003-11-12,61.9176
2026-10-07,2003-11-13,31.017
2026-10-07,2003-11-14,31.12
2026-10-07,2003-11-17,30.736
2026-10-07,2003-11-18,28.183
2026-10-07,2003-11-19,28.845
2026-10-07,2003-11-20,28.102
2026-10-07,2003-11-21,29.807
2026-10-07,2003-11-24,33.203
2026-10-07,2003-11-25,26.525
2026-10-07,2003-11-26,32.698
2026-10-07,2003-11-27,-0.999
2026-10-07,2003-11-28,-0.158
2026-10-07,2003-12-01,29.434
2026-10-07,2003-12-02,30.029
2026-10-07,2003-12-03,33.742
2026-10-07,2003-12-04,32.143
2026-10-07,2003-12-05,27.893
2026-10-07,2003-12-09,40.678
2026-10-07,2003-12-10,35.705
2026-10-07,2003-12-11,46.675
2026-10-07,2003-12-12,31.185
2026-10-07,2003-12-15,49.176
2026-10-07,2003-12-16,40.417
2026-10-07,2003-12-17,40.157
2026-10-07,2003-12-18,39.813
2026-10-07,2003-12-19,41.391
2026-10-07,2003-12-22,40.003
2026-10-07,2003-12-23,39.61
2026-10-07,2003-12-24,-0.757
2026-10-07,2003-12-26,40.831
2026-10-07,2003-12-29,40.85
2026-10-07,2003-12-30,39.725
2026-10-07,2003-12-31,-1.117
2026-10-07,2004-01-02,36.381
2026-10-07,2004-01-05,35.002
2026-10-07,2004-01-06,33.857
2026-10-07,2004-01-07,36
2026-10-07,2004-01-08,35.429
2026-10-07,2004-01-09,35.032
2026-10-07,2004-01-12,29.012
2026-10-07,2004-01-13,29.7
2026-10-07,2004-01-14,31.24
2026-10-07,2004-01-15,28.908
2026-10-07,2004-01-16,30.85
2026-10-07,2004-01-19,-0.799
2026-10-07,2004-01-20,25.712
2026-10-07,2004-01-21,25.624
2026-10-07,2004-01-22,21.302
2026-10-07,2004-01-23,28.389
2026-10-07,2004-01-26,18.718
2026-10-07,2004-01-27,20.032
2026-10-07,2004-01-28,20.7103
2026-10-07,2004-01-29,21.505
2026-10-07,2004-01-30,20.389
2026-10-07,2004-02-02,14.051
2026-10-07,2004-02-03,10.134
2026-10-07,2004-02-04,15.751
2026-10-07,2004-02-05,11.077
2026-10-07,2004-02-06,10.556
2026-10-07,2004-02-09,4.743
2026-10-07,2004-02-10,10.675
2026-10-07,2004-02-11,6.079
2026-10-07,2004-02-12,9.949
2026-10-07,2004-02-13,6.287
2026-10-07,2004-02-16,-1.5
2026-10-07,2004-02-17,15.995
2026-10-07,2004-02-18,3.576
2026-10-07,2004-02-19,11.372
2026-10-07,2004-02-20,5.735
2026-10-07,2004-02-23,10.23
2026-10-07,2004-02-24,9.945
2026-10-07,2004-02-25,10.192
2026-10-07,2004-02-26,10.062
2026-10-07,2004-02-27,10.6613
2026-10-07,2004-03-01,8.707
2026-10-07,2004-03-02,11.572
2026-10-07,2004-03-03,10.14
2026-10-07,2004-03-04,8.322
2026-10-07,2004-03-05,12.49
2026-10-07,2004-03-08,8.751
2026-10-07,2004-03-09,20.516
2026-10-07,2004-03-10,19.17
2026-10-07,2004-03-11,21.189
2026-10-07,2004-03-12,19.2
2026-10-07,2004-03-15,20.94
2026-10-07,2004-03-16,20.071
2026-10-07,2004-03-17,20.13
2026-10-07,2004-03-18,20.252
2026-10-07,2004-03-19,20.066
2026-10-07,2004-03-22,24.431
2026-10-07,2004-03-23,25.38
2026-10-07,2004-03-24,25.77
2026-10-07,2004-03-25,24.567
2026-10-07,2004-03-26,24.211
2026-10-07,2004-03-29,30.401
2026-10-07,2004-03-30,30.054
2026-10-07,2004-03-31,29.601
2026-10-07,2004-04-01,35.15
2026-10-07,2004-04-02,34.979
2026-10-07,2004-04-06,35.5
2026-10-07,2004-04-07,42.378
2026-10-07,2004-04-12,42
2026-10-07,2004-04-13,47.6
2026-10-07,2004-04-14,45.4
2026-10-07,2004-04-15,45.05
2026-10-07,2004-04-16,43.45
2026-10-07,2004-04-19,45.843
2026-10-07,2004-04-20,46.71
2026-10-07,2004-04-21,43.5
2026-10-07,2004-04-22,47.072
2026-10-07,2004-04-23,43.3174
2026-10-07,2004-04-26,47.57
2026-10-07,2004-04-27,44.778
2026-10-07,2004-04-28,50.355
2026-10-07,2004-04-29,44.2145
2026-10-07,2004-04-30,45.8331
2026-10-07,2004-05-03,44.018
2026-10-07,2004-05-04,46.018
2026-10-07,2004-05-05,44.4385
2026-10-07,2004-05-06,46.084
2026-10-07,2004-05-07,44.43
2026-10-07,2004-05-10,45.161
2026-10-07,2004-05-11,45.2554
2026-10-07,2004-05-12,44.5671
2026-10-07,2004-05-13,41.6934
2026-10-07,2004-05-14,49.143
2026-10-07,2004-05-17,44.609
2026-10-07,2004-05-18,45.0682
2026-10-07,2004-05-19,45.6088
2026-10-07,2004-05-20,43.562
2026-10-07,2004-05-21,46.956
2026-10-07,2004-05-24,46.803
2026-10-07,2004-05-26,40.409
2026-10-07,2004-05-27,39.743
2026-10-07,2004-05-28,44.93
2026-10-07,2004-05-31,0.002
2026-10-07,2004-06-01,41.694
2026-10-07,2004-06-02,45.725
2026-10-07,2004-06-03,25.563
2026-10-07,2004-06-04,50.813
2026-10-07,2004-06-07,46.7007
2026-10-07,2004-06-08,40.0009
2026-10-07,2004-06-09,40.095
2026-10-07,2004-06-10,41.597
2026-10-07,2004-06-11,38.018
2026-10-07,2004-06-14,42.55
2026-10-07,2004-06-15,39.5418
2026-10-07,2004-06-16,39.5853
2026-10-07,2004-06-17,44.2569
2026-10-07,2004-06-18,40.363
2026-10-07,2004-06-22,30.1153
2026-10-07,2004-06-23,39.283
2026-10-07,2004-06-24,37.469
2026-10-07,2004-06-25,35.177
2026-10-07,2004-06-28,34.7799
2026-10-07,2004-06-29,35.7983
2026-10-07,2004-06-30,0.03
2026-10-07,2004-07-01,35.0524
2026-10-07,2004-07-02,35.1011
2026-10-07,2004-07-05,0.029
2026-10-07,2004-07-06,99.4205
2026-10-07,2004-07-07,36.3045
2026-10-07,2004-07-08,34.153
2026-10-07,2004-07-12,31.108
2026-10-07,2004-07-13,28.6237
2026-10-07,2004-07-14,32.0928
2026-10-07,2004-07-15,28.5052
2026-10-07,2004-07-16,32.2588
2026-10-07,2004-07-19,25.1919
2026-10-07,2004-07-20,25.554
2026-10-07,2004-07-21,25.1634
2026-10-07,2004-07-22,25.1242
2026-10-07,2004-07-23,25.0076
2026-10-07,2004-07-26,24.532
2026-10-07,2004-07-27,25.7614
2026-10-07,2004-07-28,25.171
2026-10-07,2004-07-29,25.401
2026-10-07,2004-07-30,25.6057
2026-10-07,2004-08-02,26.4645
2026-10-07,2004-08-03,25.18
2026-10-07,2004-08-04,24.729
2026-10-07,2004-08-05,25.7806
2026-10-07,2004-08-06,0.13
2026-10-07,2004-08-09,15.0761
2026-10-07,2004-08-10,15.9786
2026-10-07,2004-08-11,18.0731
2026-10-07,2004-08-12,14.582
2026-10-07,2004-08-13,24.7599
2026-10-07,2004-08-17,18.567
2026-10-07,2004-08-18,20.1384
2026-10-07,2004-08-19,15.7988
2026-10-07,2004-08-20,20.2879
2026-10-07,2004-08-23,19.9575
2026-10-07,2004-08-24,20.722
2026-10-07,2004-08-25,19.779
2026-10-07,2004-08-26,20.684
2026-10-07,2004-08-27,20.09
2026-10-07,2004-08-30,19.066
2026-10-07,2004-08-31,21.7646
2026-10-07,2004-09-01,20.079
2026-10-07,2004-09-02,20.533
2026-10-07,2004-09-03,20.044
2026-10-07,2004-09-06,0.002
2026-10-07,2004-09-07,20.9856
2026-10-07,2004-09-08,19.3636
2026-10-07,2004-09-09,21.3877
2026-10-07,2004-09-10,21.0201
2026-10-07,2004-09-13,35.3271
2026-10-07,2004-09-14,20.633
2026-10-07,2004-09-15,19.8114
2026-10-07,2004-09-16,20.785
2026-10-07,2004-09-17,0.4061
2026-10-07,2004-09-20,20.074
2026-10-07,2004-09-21,20.1564
2026-10-07,2004-09-22,20.3999
2026-10-07,2004-09-23,19.7816
2026-10-07,2004-09-24,20.5938
2026-10-07,2004-09-27,20.463
2026-10-07,2004-09-28,20.404
2026-10-07,2004-09-29,20.351
2026-10-07,2004-09-30,16.7728
2026-10-07,2004-10-01,22.559
2026-10-07,2004-10-04,20.402
2026-10-07,2004-10-05,22.569
2026-10-07,2004-10-06,19.597
2026-10-07,2004-10-07,25.053
2026-10-07,2004-10-08,22.035
2026-10-07,2004-10-12,24.785
2026-10-07,2004-10-13,25.031
2026-10-07,2004-10-14,26.099
2026-10-07,2004-10-15,26.4824
2026-10-07,2004-10-18,28.083
2026-10-07,2004-10-19,30.258
2026-10-07,2004-10-20,30.186
2026-10-07,2004-10-21,30.0116
2026-10-07,2004-10-22,30.673
2026-10-07,2004-10-25,32.552
2026-10-07,2004-10-26,32.1622
2026-10-07,2004-10-27,33.2606
2026-10-07,2004-10-28,33.1192
2026-10-07,2004-10-29,30.1794
2026-10-07,2004-11-01,29.218
2026-10-07,2004-11-02,30.143
2026-10-07,2004-11-03,33.0783
2026-10-07,2004-11-04,34.6661
2026-10-07,2004-11-05,35.2997
2026-10-07,2004-11-08,33.607
2026-10-07,2004-11-09,33.5109
2026-10-07,2004-11-10,36.5767
2026-10-07,2004-11-11,0
2026-10-07,2004-11-12,32.2
2026-10-07,2004-11-15,36.1107
2026-10-07,2004-11-16,31.598
2026-10-07,2004-11-17,45.547
2026-10-07,2004-11-18,45.047
2026-10-07,2004-11-19,46.5036
2026-10-07,2004-11-22,50.499
2026-10-07,2004-11-23,49.577
2026-10-07,2004-11-24,50.524
2026-10-07,2004-11-25,0
2026-10-07,2004-11-26,55.227
2026-10-07,2004-11-29,54.747
2026-10-07,2004-11-30,55.051
2026-10-07,2004-12-01,65.068
2026-10-07,2004-12-02,75.327
2026-10-07,2004-12-03,69.83
2026-10-07,2004-12-06,75.881
2026-10-07,2004-12-07,55.276
2026-10-07,2004-12-09,61.247
2026-10-07,2004-12-10,74.22
2026-10-07,2004-12-13,75.292
2026-10-07,2004-12-14,75.136
2026-10-07,2004-12-15,74.556
2026-10-07,2004-12-16,76.524
2026-10-07,2004-12-17,75.133
2026-10-07,2004-12-20,50.68
2026-10-07,2004-12-21,73.028
2026-10-07,2004-12-22,45.123
2026-10-07,2004-12-23,70.431
2026-10-07,2004-12-24,0.046
2026-10-07,2004-12-27,80.5
2026-10-07,2004-12-28,35.087
2026-10-07,2004-12-29,99.307
2026-10-07,2004-12-30,100.619
2026-10-07,2004-12-31,0.857
2026-10-07,2005-01-03,20
2026-10-07,2005-01-04,1.814
2026-10-07,2005-01-05,20.385
2026-10-07,2005-01-06,0
2026-10-07,2005-01-07,40.1878
2026-10-07,2005-01-10,10.2717
2026-10-07,2005-01-11,0.0474
2026-10-07,2005-01-12,0.025
2026-10-07,2005-01-13,50
2026-10-07,2005-01-14,29.033
2026-10-07,2005-01-17,0
2026-10-07,2005-01-18,6.6392
2026-10-07,2005-01-19,0
2026-10-07,2005-01-20,0.0055
2026-10-07,2005-01-21,0.043
2026-10-07,2005-01-24,25.015
2026-10-07,2005-01-25,46.0119
2026-10-07,2005-01-26,10.568
2026-10-07,2005-01-27,16
2026-10-07,2005-01-28,14.5974
2026-10-07,2005-01-31,26.519
2026-10-07,2005-02-01,45.097
2026-10-07,2005-02-02,44.55
2026-10-07,2005-02-03,35.5
2026-10-07,2005-02-04,20.526
2026-10-07,2005-02-07,8
2026-10-07,2005-02-08,11.532
2026-10-07,2005-02-09,19
2026-10-07,2005-02-10,16.522
2026-10-07,2005-02-11,10.505
2026-10-07,2005-02-14,13.511
2026-10-07,2005-02-15,15.5
2026-10-07,2005-02-16,37.5
2026-10-07,2005-02-17,40.5
2026-10-07,2005-02-18,30
2026-10-07,2005-02-21,0
2026-10-07,2005-02-22,13.584
2026-10-07,2005-02-23,10.007
2026-10-07,2005-02-24,9.7203
2026-10-07,2005-02-25,10.0235
2026-10-07,2005-02-28,11.6085
2026-10-07,2005-03-01,4.558
2026-10-07,2005-03-02,10.0491
2026-10-07,2005-03-03,5.268
2026-10-07,2005-03-04,4.359
2026-10-07,2005-03-07,8.3792
2026-10-07,2005-03-08,2.036
2026-10-07,2005-03-09,2.514
2026-10-07,2005-03-10,0.014
2026-10-07,2005-03-11,5.059
2026-10-07,2005-03-14,9.7444
2026-10-07,2005-03-15,10.5146
2026-10-07,2005-03-16,8.0587
2026-10-07,2005-03-17,0.062
2026-10-07,2005-03-18,15.138
2026-10-07,2005-03-21,0.601
2026-10-07,2005-03-22,13.532
2026-10-07,2005-03-23,15.5309
2026-10-07,2005-03-28,12.429
2026-10-07,2005-03-29,0.032
2026-10-07,2005-03-30,10.0148
2026-10-07,2005-03-31,0.084
2026-10-07,2005-04-01,24.0751
2026-10-07,2005-04-04,10
2026-10-07,2005-04-05,21
2026-10-07,2005-04-06,10
2026-10-07,2005-04-07,2.5539
2026-10-07,2005-04-08,26
2026-10-07,2005-04-11,17
2026-10-07,2005-04-12,10.5
2026-10-07,2005-04-13,16.5227
2026-10-07,2005-04-14,55.0142
2026-10-07,2005-04-15,37.1682
2026-10-07,2005-04-18,12
2026-10-07,2005-04-19,30.037
2026-10-07,2005-04-20,30.0786
2026-10-07,2005-04-21,38.0362
2026-10-07,2005-04-22,50.517
2026-10-07,2005-04-25,3.5326
2026-10-07,2005-04-26,17.536
2026-10-07,2005-04-27,20.5
2026-10-07,2005-04-28,14.039
2026-10-07,2005-04-29,27.5084
2026-10-07,2005-05-02,41.149
2026-10-07,2005-05-03,50.5468
2026-10-07,2005-05-04,51.007
2026-10-07,2005-05-05,85.7038
2026-10-07,2005-05-06,88.0189
2026-10-07,2005-05-09,89.702
2026-10-07,2005-05-10,79.5345
2026-10-07,2005-05-11,65.6
2026-10-07,2005-05-12,65.709
2026-10-07,2005-05-13,66.3101
2026-10-07,2005-05-16,101.5071
2026-10-07,2005-05-17,69
2026-10-07,2005-05-18,99.5496
2026-10-07,2005-05-19,42.533
2026-10-07,2005-05-20,50.5
2026-10-07,2005-05-23,89.8106
2026-10-07,2005-05-24,120
2026-10-07,2005-05-26,107.0191
2026-10-07,2005-05-27,86
2026-10-07,2005-05-30,0
2026-10-07,2005-05-31,54.0105
2026-10-07,2005-06-01,90.145
2026-10-07,2005-06-02,93.5
2026-10-07,2005-06-03,153.0068
2026-10-07,2005-06-06,32.5068
2026-10-07,2005-06-07,18.176
2026-10-07,2005-06-08,49.071
2026-10-07,2005-06-09,28.5091
2026-10-07,2005-06-10,47.2547
2026-10-07,2005-06-13,56.547
2026-10-07,2005-06-14,58.9115
2026-10-07,2005-06-15,115.0084
2026-10-07,2005-06-16,104.0627
2026-10-07,2005-06-17,123.5
2026-10-07,2005-06-21,80.9
2026-10-07,2005-06-22,152.514
2026-10-07,2005-06-23,86.7
2026-10-07,2005-06-24,74.2
2026-10-07,2005-06-27,90.91
2026-10-07,2005-06-28,74.711
2026-10-07,2005-06-29,48.6416
2026-10-07,2005-06-30,75.0054
2026-10-07,2005-07-01,84.709
2026-10-07,2005-07-04,12
2026-10-07,2005-07-05,16.52
2026-10-07,2005-07-06,76.0086
2026-10-07,2005-07-07,94.4945
2026-10-07,2005-07-08,85.5
2026-10-07,2005-07-11,0
2026-10-07,2005-07-12,253
2026-10-07,2005-07-13,43
2026-10-07,2005-07-14,266.93
2026-10-07,2005-07-15,103.5
2026-10-07,2005-07-18,42.5
2026-10-07,2005-07-19,83.519
2026-10-07,2005-07-20,87.2
2026-10-07,2005-07-21,131.8
2026-10-07,2005-07-22,39.5
2026-10-07,2005-07-25,9
2026-10-07,2005-07-26,76.3
2026-10-07,2005-07-27,57
2026-10-07,2005-07-28,10.9996
2026-10-07,2005-07-29,48.2289
2026-10-07,2005-08-01,91.2896
2026-10-07,2005-08-02,112.7
2026-10-07,2005-08-03,176.9
2026-10-07,2005-08-04,93.5
2026-10-07,2005-08-05,127.3622
2026-10-07,2005-08-08,70.5
2026-10-07,2005-08-09,67.7
2026-10-07,2005-08-10,108.7381
2026-10-07,2005-08-11,90.5
2026-10-07,2005-08-12,41.09
2026-10-07,2005-08-16,54.6273
2026-10-07,2005-08-17,76.367
2026-10-07,2005-08-18,54.8257
2026-10-07,2005-08-19,0.104
2026-10-07,2005-08-22,57.535
2026-10-07,2005-08-23,3.5854
2026-10-07,2005-08-24,5.5019
2026-10-07,2005-08-25,53.1664
2026-10-07,2005-08-26,33.036
2026-10-07,2005-08-29,37.2406
2026-10-07,2005-08-30,110.083
2026-10-07,2005-08-31,77.7785
2026-10-07,2005-09-01,54.6976
2026-10-07,2005-09-02,79.8777
2026-10-07,2005-09-05,0
2026-10-07,2005-09-06,98.6268
2026-10-07,2005-09-07,190.885
2026-10-07,2005-09-08,57.124
2026-10-07,2005-09-09,22.025
2026-10-07,2005-09-12,20.0099
2026-10-07,2005-09-13,29.1046
2026-10-07,2005-09-14,18.76
2026-10-07,2005-09-15,31.5619
2026-10-07,2005-09-16,62.2568
2026-10-07,2005-09-19,19.745
2026-10-07,2005-09-20,30.075
2026-10-07,2005-09-21,33.6043
2026-10-07,2005-09-22,35.5314
2026-10-07,2005-09-23,38.8317
2026-10-07,2005-09-26,41.226
2026-10-07,2005-09-27,45.218
2026-10-07,2005-09-28,34.0251
2026-10-07,2005-09-29,16.7819
2026-10-07,2005-09-30,66.427
2026-10-07,2005-10-03,98.8529
2026-10-07,2005-10-04,96.8
2026-10-07,2005-10-05,66.703
2026-10-07,2005-10-06,65.8835
2026-10-07,2005-10-07,79.5695
2026-10-07,2005-10-11,36.0871
2026-10-07,2005-10-12,66.767
2026-10-07,2005-10-13,0.0497
2026-10-07,2005-10-14,31.1655
2026-10-07,2005-10-17,61.7945
2026-10-07,2005-10-18,109.484
2026-10-07,2005-10-19,8.6024
2026-10-07,2005-10-20,2.6364
2026-10-07,2005-10-21,3.225
2026-10-07,2005-10-24,1.2001
2026-10-07,2005-10-25,1.5351
2026-10-07,2005-10-26,0.2074
2026-10-07,2005-10-27,-19.8295
2026-10-07,2005-10-28,0.6354
2026-10-07,2005-10-31,-24.4048
2026-10-07,2005-11-01,0.1547
2026-10-07,2005-11-02,0.2593
2026-10-07,2005-11-03,5.2909
2026-10-07,2005-11-04,3.9584
2026-10-07,2005-11-07,18.6613
2026-10-07,2005-11-08,76.1433
2026-10-07,2005-11-09,26.2136
2026-10-07,2005-11-10,6.6671
2026-10-07,2005-11-11,0
2026-10-07,2005-11-14,3.499
2026-10-07,2005-11-15,70.8723
2026-10-07,2005-11-16,87.9016
2026-10-07,2005-11-17,12.627
2026-10-07,2005-11-18,22.6147
2026-10-07,2005-11-21,63.594
2026-10-07,2005-11-22,16.3339
2026-10-07,2005-11-23,6.9196
2026-10-07,2005-11-24,0
2026-10-07,2005-11-25,6.5059
2026-10-07,2005-11-28,0.353
2026-10-07,2005-11-29,0.3044
2026-10-07,2005-11-30,11.57
2026-10-07,2005-12-01,44.1072
2026-10-07,2005-12-02,50.6806
2026-10-07,2005-12-05,44.2873
2026-10-07,2005-12-06,43.572
2026-10-07,2005-12-07,41.8796
2026-10-07,2005-12-09,39.6212
2026-10-07,2005-12-12,0.777
2026-10-07,2005-12-13,21.687
2026-10-07,2005-12-14,93.5307
2026-10-07,2005-12-15,100.5523
2026-10-07,2005-12-16,0.9514
2026-10-07,2005-12-19,0.0769
2026-10-07,2005-12-20,20.7103
2026-10-07,2005-12-21,21.9638
2026-10-07,2005-12-22,37.6889
2026-10-07,2005-12-23,20.4388
2026-10-07,2005-12-26,0
2026-10-07,2005-12-27,70.8107
2026-10-07,2005-12-28,4.1873
2026-10-07,2005-12-29,50.14
2026-10-07,2005-12-30,37.7166
2026-10-07,2006-01-02,0
2026-10-07,2006-01-03,51.0834
2026-10-07,2006-01-04,0
2026-10-07,2006-01-05,65
2026-10-07,2006-01-06,89.5229
2026-10-07,2006-01-09,0.261
2026-10-07,2006-01-10,38.1929
2026-10-07,2006-01-11,23.653
2026-10-07,2006-01-12,16.526
2026-10-07,2006-01-13,11.4171
2026-10-07,2006-01-16,6.4118
2026-10-07,2006-01-17,25.1898
2026-10-07,2006-01-18,43.7149
2026-10-07,2006-01-19,58.046
2026-10-07,2006-01-20,40.314
2026-10-07,2006-01-23,69.3336
2026-10-07,2006-01-24,61.7263
2026-10-07,2006-01-25,20.7383
2026-10-07,2006-01-26,69.3788
2026-10-07,2006-01-27,60.9672
2026-10-07,2006-01-30,56.6221
2026-10-07,2006-01-31,52.329
2026-10-07,2006-02-01,32.2706
2026-10-07,2006-02-02,27.862
2026-10-07,2006-02-03,79.1942
2026-10-07,2006-02-06,49.262
2026-10-07,2006-02-07,46.5924
2026-10-07,2006-02-08,5.6155
2026-10-07,2006-02-09,1.2961
2026-10-07,2006-02-10,26.601
2026-10-07,2006-02-13,55.3583
2026-10-07,2006-02-14,72.4202
2026-10-07,2006-02-15,56.0685
2026-10-07,2006-02-16,74.5489
2026-10-07,2006-02-17,87.1913
2026-10-07,2006-02-20,5.5444
2026-10-07,2006-02-21,48.8234
2026-10-07,2006-02-22,91.8829
2026-10-07,2006-02-23,45.9748
2026-10-07,2006-02-24,56.836
2026-10-07,2006-02-27,28.2316
2026-10-07,2006-02-28,41.5579
2026-10-07,2006-03-01,89.4305
2026-10-07,2006-03-02,75.531
2026-10-07,2006-03-03,61.8356
2026-10-07,2006-03-06,66.14
2026-10-07,2006-03-07,75.8823
2026-10-07,2006-03-08,11.7414
2026-10-07,2006-03-09,44.1189
2026-10-07,2006-03-10,82.8682
2026-10-07,2006-03-13,0.7635
2026-10-07,2006-03-14,9.0509
2026-10-07,2006-03-15,30.5738
2026-10-07,2006-03-16,88.202
2026-10-07,2006-03-17,86.8325
2026-10-07,2006-03-20,63.8643
2026-10-07,2006-03-21,2.0914
2026-10-07,2006-03-22,35.0162
2026-10-07,2006-03-23,15.3425
2026-10-07,2006-03-27,15.0808
2026-10-07,2006-03-28,0.0235
2026-10-07,2006-03-29,49.9166
2026-10-07,2006-03-30,33.7897
2026-10-07,2006-03-31,12.3395
2026-10-07,2006-04-03,9.8021
2026-10-07,2006-04-04,28.1496
2026-10-07,2006-04-05,56.5364
2026-10-07,2006-04-06,62.9993
2026-10-07,2006-04-07,18.7071
2026-10-07,2006-04-10,26.1059
2026-10-07,2006-04-11,70.2189
2026-10-07,2006-04-12,82.6413
2026-10-07,2006-04-17,95.7132
2026-10-07,2006-04-18,92.7809
2026-10-07,2006-04-19,58.7068
2026-10-07,2006-04-20,74.3496
2026-10-07,2006-04-21,85.1663
2026-10-07,2006-04-24,102.872
2026-10-07,2006-04-25,107.139
2026-10-07,2006-04-26,77.9745
2026-10-07,2006-04-27,91.8236
2026-10-07,2006-04-28,78.1848
2026-10-07,2006-05-02,109.5714
2026-10-07,2006-05-03,96.0675
2026-10-07,2006-05-04,95.5393
2026-10-07,2006-05-05,95.5293
2026-10-07,2006-05-08,95.8132
2026-10-07,2006-05-09,85.4301
2026-10-07,2006-05-10,95.3507
2026-10-07,2006-05-11,75.2472
2026-10-07,2006-05-12,31.2686
2026-10-07,2006-05-15,100.1779
2026-10-07,2006-05-16,80
2026-10-07,2006-05-17,92.2417
2026-10-07,2006-05-18,52.3334
2026-10-07,2006-05-19,58.549
2026-10-07,2006-05-22,43.1956
2026-10-07,2006-05-23,102.4317
2026-10-07,2006-05-24,-7.3808
2026-10-07,2006-05-26,55.5919
2026-10-07,2006-05-29,0.309
2026-10-07,2006-05-30,-0.3
2026-10-07,2006-05-31,-24.6128
2026-10-07,2006-06-01,6.4831
2026-10-07,2006-06-02,76.282
2026-10-07,2006-06-05,86.463
2026-10-07,2006-06-06,7.7295
2026-10-07,2006-06-07,89.3303
2026-10-07,2006-06-08,41.191
2026-10-07,2006-06-09,70.1487
2026-10-07,2006-06-12,55.1577
2026-10-07,2006-06-13,72.41
2026-10-07,2006-06-14,11.8348
2026-10-07,2006-06-15,82.204
2026-10-07,2006-06-16,107.157
2026-10-07,2006-06-20,46.9941
2026-10-07,2006-06-21,89.6277
2026-10-07,2006-06-22,57.8277
2026-10-07,2006-06-23,65.0796
2026-10-07,2006-06-26,72.7098
2026-10-07,2006-06-27,24.6067
2026-10-07,2006-06-28,-4.8831
2026-10-07,2006-06-29,25.4807
2026-10-07,2006-06-30,81.1409
2026-10-07,2006-07-03,66.9554
2026-10-07,2006-07-04,0.3789
2026-10-07,2006-07-05,112.0945
2026-10-07,2006-07-06,81.549
2026-10-07,2006-07-07,93.24
2026-10-07,2006-07-10,27.4826
2026-10-07,2006-07-11,53.3575
2026-10-07,2006-07-12,89.9394
2026-10-07,2006-07-13,68.2403
2026-10-07,2006-07-14,35.6727
2026-10-07,2006-07-17,64.326
2026-10-07,2006-07-18,67.6193
2026-10-07,2006-07-19,66.4445
2026-10-07,2006-07-20,23.5699
2026-10-07,2006-07-21,55.5669
2026-10-07,2006-07-24,1.7387
2026-10-07,2006-07-25,56.515
2026-10-07,2006-07-26,69.132
2026-10-07,2006-07-27,-1.8602
2026-10-07,2006-07-28,17.0426
2026-10-07,2006-07-31,120.3452
2026-10-07,2006-08-01,76.271
2026-10-07,2006-08-02,28.1217
2026-10-07,2006-08-03,57.9985
2026-10-07,2006-08-04,148.7254
2026-10-07,2006-08-07,84.9206
2026-10-07,2006-08-08,57.8188
2026-10-07,2006-08-09,90.9492
2026-10-07,2006-08-10,129.3084
2026-10-07,2006-08-11,98.796
2026-10-07,2006-08-14,82.234
2026-10-07,2006-08-15,95.0835
2026-10-07,2006-08-16,137.0801
2026-10-07,2006-08-17,79.3894
2026-10-07,2006-08-18,51.4963
2026-10-07,2006-08-22,73.849
2026-10-07,2006-08-23,67.1621
2026-10-07,2006-08-24,73.1909
2026-10-07,2006-08-25,61.9338
2026-10-07,2006-08-28,0.3519
2026-10-07,2006-08-29,49.9589
2026-10-07,2006-08-30,50.5057
2026-10-07,2006-08-31,16.2454
2026-10-07,2006-09-01,50.7709
2026-10-07,2006-09-04,0.3828
2026-10-07,2006-09-05,50.583
2026-10-07,2006-09-06,32.884
2026-10-07,2006-09-07,-3.4
2026-10-07,2006-09-08,61.544
2026-10-07,2006-09-11,44.368
2026-10-07,2006-09-12,49.0619
2026-10-07,2006-09-13,0.8177
2026-10-07,2006-09-14,63.173
2026-10-07,2006-09-15,58.8574
2026-10-07,2006-09-18,47.5012
2026-10-07,2006-09-19,39.685
2026-10-07,2006-09-20,30.1389
2026-10-07,2006-09-21,-11.1354
2026-10-07,2006-09-22,56.3274
2026-10-07,2006-09-25,65.5966
2026-10-07,2006-09-26,3.9944
2026-10-07,2006-09-27,-3.8421
2026-10-07,2006-09-28,0.2498
2026-10-07,2006-09-29,5.164
2026-10-07,2006-10-02,21.4654
2026-10-07,2006-10-03,36.534
2026-10-07,2006-10-04,44.58
2026-10-07,2006-10-05,54.5475
2026-10-07,2006-10-06,54.8296
2026-10-07,2006-10-09,0.569
2026-10-07,2006-10-10,46.5532
2026-10-07,2006-10-11,49.94
2026-10-07,2006-10-12,59.127
2026-10-07,2006-10-13,71.8813
2026-10-07,2006-10-17,72.8379
2026-10-07,2006-10-18,86.4915
2026-10-07,2006-10-19,48.2051
2026-10-07,2006-10-20,59.2219
2026-10-07,2006-10-23,70.0674
2026-10-07,2006-10-24,57.7292
2026-10-07,2006-10-25,39.617
2026-10-07,2006-10-26,52.8324
2026-10-07,2006-10-27,37.3869
2026-10-07,2006-10-30,16.063
2026-10-07,2006-10-31,61.3534
2026-10-07,2006-11-01,70.8301
2026-10-07,2006-11-02,79.187
2026-10-07,2006-11-03,57.6147
2026-10-07,2006-11-07,121.653
2026-10-07,2006-11-08,128.9386
2026-10-07,2006-11-09,84.9842
2026-10-07,2006-11-10,42.3693
2026-10-07,2006-11-13,68.6393
2026-10-07,2006-11-14,67.8836
2026-10-07,2006-11-15,96.6164
2026-10-07,2006-11-16,51.1088
2026-10-07,2006-11-17,20.7657
2026-10-07,2006-11-20,50.106
2026-10-07,2006-11-21,60.8998
2026-10-07,2006-11-22,68.0694
2026-10-07,2006-11-23,0.7423
2026-10-07,2006-11-24,54.543
2026-10-07,2006-11-27,47.11
2026-10-07,2006-11-28,78.0445
2026-10-07,2006-11-29,44.2274
2026-10-07,2006-11-30,105.0176
2026-10-07,2006-12-01,61.124
2026-10-07,2006-12-04,26.5736
2026-10-07,2006-12-05,119.743
2026-10-07,2006-12-06,82.416
2026-10-07,2006-12-07,62.589
2026-10-07,2006-12-11,66.1067
2026-10-07,2006-12-12,103.5957
2026-10-07,2006-12-13,66.3964
2026-10-07,2006-12-14,66.8054
2026-10-07,2006-12-15,126.0915
2026-10-07,2006-12-18,102.1879
2026-10-07,2006-12-19,80.6431
2026-10-07,2006-12-20,148.1775
2026-10-07,2006-12-21,133.6115
2026-10-07,2006-12-22,102.385
2026-10-07,2006-12-26,79.3026
2026-10-07,2006-12-27,138.867
2026-10-07,2006-12-28,146.767
2026-10-07,2006-12-29,127.048
2026-10-07,2007-01-02,144.584
2026-10-07,2007-01-03,146.864
2026-10-07,2007-01-04,64.577
2026-10-07,2007-01-05,77.6141
2026-10-07,2007-01-08,56.928
2026-10-07,2007-01-09,57.6112
2026-10-07,2007-01-10,98.635
2026-10-07,2007-01-11,112.608
2026-10-07,2007-01-12,52.7866
2026-10-07,2007-01-15,0.3119
2026-10-07,2007-01-16,76.0418
2026-10-07,2007-01-17,66.1689
2026-10-07,2007-01-18,34.1096
2026-10-07,2007-01-19,85.024
2026-10-07,2007-01-22,14
2026-10-07,2007-01-23,47.6543
2026-10-07,2007-01-24,59.2179
2026-10-07,2007-01-25,40.9941
2026-10-07,2007-01-26,0.1994
2026-10-07,2007-01-29,0.193
2026-10-07,2007-01-30,5.4806
2026-10-07,2007-01-31,21.7741
2026-10-07,2007-02-01,54.118
2026-10-07,2007-02-02,80.3353
2026-10-07,2007-02-05,69.44
2026-10-07,2007-02-06,81.264
2026-10-07,2007-02-07,72.3926
2026-10-07,2007-02-08,49.326
2026-10-07,2007-02-09,17.9526
2026-10-07,2007-02-12,72.6538
2026-10-07,2007-02-13,61.6457
2026-10-07,2007-02-14,79.2653
2026-10-07,2007-02-15,40.6
2026-10-07,2007-02-16,5.343
2026-10-07,2007-02-19,0.353
2026-10-07,2007-02-20,25.8292
2026-10-07,2007-02-21,2.5949
2026-10-07,2007-02-22,28.5182
2026-10-07,2007-02-23,9.2348
2026-10-07,2007-02-26,9.5723
2026-10-07,2007-02-27,20.6073
2026-10-07,2007-02-28,65.713
2026-10-07,2007-03-01,83.9917
2026-10-07,2007-03-02,71.6004
2026-10-07,2007-03-05,68.6875
2026-10-07,2007-03-06,49.29
2026-10-07,2007-03-07,76.619
2026-10-07,2007-03-08,75.4054
2026-10-07,2007-03-09,53.9569
2026-10-07,2007-03-12,71.2
2026-10-07,2007-03-13,70.823
2026-10-07,2007-03-14,72.919
2026-10-07,2007-03-15,88.0761
2026-10-07,2007-03-16,111.6369
2026-10-07,2007-03-19,61.158
2026-10-07,2007-03-20,73.671
2026-10-07,2007-03-21,71.307
2026-10-07,2007-03-22,53.7002
2026-10-07,2007-03-23,80.12
2026-10-07,2007-03-26,68.8122
2026-10-07,2007-03-27,81.51
2026-10-07,2007-03-28,81.7547
2026-10-07,2007-03-29,75.277
2026-10-07,2007-03-30,86.098
2026-10-07,2007-04-03,51.24
2026-10-07,2007-04-04,83.844
2026-10-07,2007-04-09,108.5
2026-10-07,2007-04-10,95.234
2026-10-07,2007-04-11,173.6486
2026-10-07,2007-04-12,166.5
2026-10-07,2007-04-13,8.0898
2026-10-07,2007-04-16,78.746
2026-10-07,2007-04-17,111.796
2026-10-07,2007-04-18,143.1243
2026-10-07,2007-04-19,46.338
2026-10-07,2007-04-20,37.2672
2026-10-07,2007-04-23,92.992
2026-10-07,2007-04-24,102.1024
2026-10-07,2007-04-25,98.7317
2026-10-07,2007-04-26,12.719
2026-10-07,2007-04-27,58.889
2026-10-07,2007-04-30,127.8935
2026-10-07,2007-05-02,117.7952
2026-10-07,2007-05-03,48.295
2026-10-07,2007-05-04,69.442
2026-10-07,2007-05-07,163.069
2026-10-07,2007-05-08,143.257
2026-10-07,2007-05-09,176.885
2026-10-07,2007-05-10,14.65
2026-10-07,2007-05-11,22.11
2026-10-07,2007-05-14,48.097
2026-10-07,2007-05-15,129.618
2026-10-07,2007-05-16,67.277
2026-10-07,2007-05-17,101.869
2026-10-07,2007-05-18,29.5
2026-10-07,2007-05-21,72.5
2026-10-07,2007-05-22,226.2
2026-10-07,2007-05-23,46.4
2026-10-07,2007-05-24,0
2026-10-07,2007-05-28,0
2026-10-07,2007-05-29,75.8
2026-10-07,2007-05-30,77.2
2026-10-07,2007-05-31,137.95
2026-10-07,2007-06-01,113.85
2026-10-07,2007-06-04,106.03
2026-10-07,2007-06-05,204.2
2026-10-07,2007-06-06,48.7
2026-10-07,2007-06-07,34.5
2026-10-07,2007-06-08,81.901
2026-10-07,2007-06-11,194.9
2026-10-07,2007-06-12,33.3
2026-10-07,2007-06-13,85.9
2026-10-07,2007-06-14,120.2
2026-10-07,2007-06-15,184.6
2026-10-07,2007-06-19,120.4
2026-10-07,2007-06-20,225.2
2026-10-07,2007-06-21,119.2
2026-10-07,2007-06-22,43.5
2026-10-07,2007-06-25,31.5
2026-10-07,2007-06-26,14.5
2026-10-07,2007-06-27,48.4
2026-10-07,2007-06-28,76.15
2026-10-07,2007-06-29,124.8
2026-10-07,2007-07-02,59.5
2026-10-07,2007-07-03,18.6
2026-10-07,2007-07-04,0
2026-10-07,2007-07-05,34
2026-10-07,2007-07-06,19.5
2026-10-07,2007-07-10,37
2026-10-07,2007-07-11,170.2
2026-10-07,2007-07-12,68
2026-10-07,2007-07-13,25.8
2026-10-07,2007-07-16,14
2026-10-07,2007-07-17,60.5
2026-10-07,2007-07-18,39
2026-10-07,2007-07-19,38
2026-10-07,2007-07-20,10
2026-10-07,2007-07-23,9.95
2026-10-07,2007-07-24,0
2026-10-07,2007-07-25,-12.85
2026-10-07,2007-07-26,-87
2026-10-07,2007-07-27,15.2
2026-10-07,2007-07-30,-8
2026-10-07,2007-07-31,19
2026-10-07,2007-08-01,-71.6
2026-10-07,2007-08-02,47.5
2026-10-07,2007-08-03,-81.4
2026-10-07,2007-08-06,-6.7
2026-10-07,2007-08-07,5.5
2026-10-07,2007-08-08,4
2026-10-07,2007-08-09,0
2026-10-07,2007-08-10,-55.82
2026-10-07,2007-08-13,-11.5
2026-10-07,2007-08-14,-24.5
2026-10-07,2007-08-15,-31.5
2026-10-07,2007-08-16,-63
2026-10-07,2007-08-17,-18
2026-10-07,2007-08-21,0
2026-10-07,2007-08-22,10.7
2026-10-07,2007-08-23,1.8
2026-10-07,2007-08-24,-233.6
2026-10-07,2007-08-27,-126
2026-10-07,2007-08-28,-133
2026-10-07,2007-08-29,8.5
2026-10-07,2007-08-30,11.5
2026-10-07,2007-08-31,5
2026-10-07,2007-09-03,0
2026-10-07,2007-09-04,24
2026-10-07,2007-09-05,-5.3
2026-10-07,2007-09-06,32.5
2026-10-07,2007-09-07,-31
2026-10-07,2007-09-10,-17
2026-10-07,2007-09-11,6.1
2026-10-07,2007-09-12,97.9
2026-10-07,2007-09-13,88.3
2026-10-07,2007-09-14,57
2026-10-07,2007-09-17,-6.6
2026-10-07,2007-09-18,4
2026-10-07,2007-09-19,-2
2026-10-07,2007-09-20,-1.5
2026-10-07,2007-09-21,-63
2026-10-07,2007-09-24,-12.5
2026-10-07,2007-09-25,21
2026-10-07,2007-09-26,8
2026-10-07,2007-09-27,-97.4
2026-10-07,2007-09-28,-72.463
2026-10-07,2007-10-01,-26.5
2026-10-07,2007-10-02,-20.2
2026-10-07,2007-10-03,-10.7
2026-10-07,2007-10-04,-29.7
2026-10-07,2007-10-05,0
2026-10-07,2007-10-08,0
2026-10-07,2007-10-09,-15
2026-10-07,2007-10-10,-8.5
2026-10-07,2007-10-11,0
2026-10-07,2007-10-12,31.5
2026-10-07,2007-10-16,-4
2026-10-07,2007-10-17,12
2026-10-07,2007-10-18,3
2026-10-07,2007-10-19,-16
2026-10-07,2007-10-22,-4
2026-10-07,2007-10-23,-68.35
2026-10-07,2007-10-24,-159.3
2026-10-07,2007-10-25,-125.2
2026-10-07,2007-10-26,-73.9
2026-10-07,2007-10-29,-38.2
2026-10-07,2007-10-30,-15.3
2026-10-07,2007-10-31,-173.8
2026-10-07,2007-11-01,47.4
2026-10-07,2007-11-02,70.7
2026-10-07,2007-11-05,62.5
2026-10-07,2007-11-07,73.2
2026-10-07,2007-11-08,49.3
2026-10-07,2007-11-09,0
2026-10-07,2007-11-12,0
2026-10-07,2007-11-13,23.9
2026-10-07,2007-11-14,81.5
2026-10-07,2007-11-15,105.9
2026-10-07,2007-11-16,78.9
2026-10-07,2007-11-19,3.8
2026-10-07,2007-11-20,112
2026-10-07,2007-11-21,32.8
2026-10-07,2007-11-22,0
2026-10-07,2007-11-23,11.7
2026-10-07,2007-11-26,113
2026-10-07,2007-11-27,35.5
2026-10-07,2007-11-28,56.5
2026-10-07,2007-11-29,100.1
2026-10-07,2007-11-30,-4.7
2026-10-07,2007-12-03,16
2026-10-07,2007-12-04,118.06
2026-10-07,2007-12-05,95.6
2026-10-07,2007-12-06,122.9
2026-10-07,2007-12-07,129.1
2026-10-07,2007-12-10,13
2026-10-07,2007-12-11,96.34
2026-10-07,2007-12-12,127.5
2026-10-07,2007-12-13,131.7
2026-10-07,2007-12-14,-9.8
2026-10-07,2007-12-17,-35
2026-10-07,2007-12-18,-16
2026-10-07,2007-12-19,77.7
2026-10-07,2007-12-20,123.5
2026-10-07,2007-12-21,29.1
2026-10-07,2007-12-26,27.5
2026-10-07,2007-12-27,40.4
2026-10-07,2007-12-28,161.4
2026-10-07,2008-01-02,126.5
2026-10-07,2008-01-03,145.1
2026-10-07,2008-01-04,16
2026-10-07,2008-01-07,183.5
2026-10-07,2008-01-08,90.5
2026-10-07,2008-01-09,108.4
2026-10-07,2008-01-10,214.5
2026-10-07,2008-01-11,83.5
2026-10-07,2008-01-14,188
2026-10-07,2008-01-15,39.5
2026-10-07,2008-01-16,151.2
2026-10-07,2008-01-17,26.3
2026-10-07,2008-01-18,7
2026-10-07,2008-01-21,0
2026-10-07,2008-01-22,36.5
2026-10-07,2008-01-23,26
2026-10-07,2008-01-24,53.6
2026-10-07,2008-01-25,98.4
2026-10-07,2008-01-28,29.5
2026-10-07,2008-01-29,44.5
2026-10-07,2008-01-30,2
2026-10-07,2008-01-31,33
2026-10-07,2008-02-01,14.5
2026-10-07,2008-02-04,32
2026-10-07,2008-02-05,-2
2026-10-07,2008-02-06,12
2026-10-07,2008-02-07,72.5
2026-10-07,2008-02-08,7
2026-10-07,2008-02-11,0
2026-10-07,2008-02-12,15.5
2026-10-07,2008-02-13,18
2026-10-07,2008-02-14,0
2026-10-07,2008-02-15,5
2026-10-07,2008-02-18,0
2026-10-07,2008-02-19,0
2026-10-07,2008-02-20,-12.5
2026-10-07,2008-02-21,39.2
2026-10-07,2008-02-22,136.8
2026-10-07,2008-02-25,74.1
2026-10-07,2008-02-26,99.64
2026-10-07,2008-02-27,0
2026-10-07,2008-02-28,0
2026-10-07,2008-02-29,-29.2429
2026-10-07,2008-03-03,-5.5
2026-10-07,2008-03-04,0
2026-10-07,2008-03-05,51.5
2026-10-07,2008-03-06,52.6
2026-10-07,2008-03-07,46.5
2026-10-07,2008-03-10,0
2026-10-07,2008-03-11,54.3
2026-10-07,2008-03-12,134.5
2026-10-07,2008-03-13,0
2026-10-07,2008-03-14,94.6
2026-10-07,2008-03-17,149.4
2026-10-07,2008-03-18,116.055
2026-10-07,2008-03-19,117.3
2026-10-07,2008-03-25,52.5
2026-10-07,2008-03-26,-0.5
2026-10-07,2008-03-27,-50.9
2026-10-07,2008-03-28,-79.5
2026-10-07,2008-03-31,-183.2
2026-10-07,2008-04-01,-37.87
2026-10-07,2008-04-03,-17
2026-10-07,2008-04-04,-62.5
2026-10-07,2008-04-07,-30
2026-10-07,2008-04-08,0
2026-10-07,2008-04-09,-23
2026-10-07,2008-04-10,0
2026-10-07,2008-04-11,38
2026-10-07,2008-04-14,48.7
2026-10-07,2008-04-15,126.5
2026-10-07,2008-04-16,1
2026-10-07,2008-04-17,39
2026-10-07,2008-04-18,-54.41
2026-10-07,2008-04-21,8
2026-10-07,2008-04-22,-87.5
2026-10-07,2008-04-23,0
2026-10-07,2008-04-24,0
2026-10-07,2008-04-25,-366.2
2026-10-07,2008-04-28,-2.5
2026-10-07,2008-04-29,48.51
2026-10-07,2008-04-30,17.8
2026-10-07,2008-05-02,101.1
2026-10-07,2008-05-05,32.5
2026-10-07,2008-05-06,-45.7
2026-10-07,2008-05-07,-11.4
2026-10-07,2008-05-08,-46.8
2026-10-07,2008-05-09,-122
2026-10-07,2008-05-12,-171.6
2026-10-07,2008-05-13,-286.2
2026-10-07,2008-05-14,-161.69
2026-10-07,2008-05-15,-95.95
2026-10-07,2008-05-16,-92.3
2026-10-07,2008-05-19,-26.44
2026-10-07,2008-05-20,-131
2026-10-07,2008-05-21,-71.4
2026-10-07,2008-05-22,-75.9
2026-10-07,2008-05-23,-190.3
2026-10-07,2008-05-26,0
2026-10-07,2008-05-27,-197.34
2026-10-07,2008-05-28,-42.83
2026-10-07,2008-05-29,-0.3
2026-10-07,2008-05-30,-9.3
2026-10-07,2008-06-02,-9.3
2026-10-07,2008-06-03,-0.3
2026-10-07,2008-06-04,2.7
2026-10-07,2008-06-05,-70.8
2026-10-07,2008-06-06,-119.8
2026-10-07,2008-06-09,-104.3
2026-10-07,2008-06-10,-11.3
2026-10-07,2008-06-11,-15.4
2026-10-07,2008-06-12,-4.4
2026-10-07,2008-06-13,-13.3
2026-10-07,2008-06-17,-10.3
2026-10-07,2008-06-18,0
2026-10-07,2008-06-19,-0.3
2026-10-07,2008-06-20,-0.3
2026-10-07,2008-06-23,-10.3
2026-10-07,2008-06-24,-7.3
2026-10-07,2008-06-25,-4.8
2026-10-07,2008-06-26,-19
2026-10-07,2008-06-27,-137.73
2026-10-07,2008-06-30,-143.06
2026-10-07,2008-07-01,-8
2026-10-07,2008-07-02,-3.5
2026-10-07,2008-07-03,18.3
2026-10-07,2008-07-04,0
2026-10-07,2008-07-07,110.635
2026-10-07,2008-07-08,48.97
2026-10-07,2008-07-10,96.29
2026-10-07,2008-07-11,72.2
2026-10-07,2008-07-14,-0.3
2026-10-07,2008-07-15,65
2026-10-07,2008-07-16,21.97
2026-10-07,2008-07-17,74.84
2026-10-07,2008-07-18,225.75
2026-10-07,2008-07-21,106.8
2026-10-07,2008-07-22,-3.3
2026-10-07,2008-07-23,-0.2
2026-10-07,2008-07-24,84.3
2026-10-07,2008-07-25,13.3
2026-10-07,2008-07-28,4.8
2026-10-07,2008-07-29,-11.2
2026-10-07,2008-07-30,-66.2
2026-10-07,2008-07-31,-47.3
2026-10-07,2008-08-01,-103.7
2026-10-07,2008-08-04,-0.5
2026-10-07,2008-08-05,71.1
2026-10-07,2008-08-06,70
2026-10-07,2008-08-07,-8
2026-10-07,2008-08-08,-74.5
2026-10-07,2008-08-11,-2
2026-10-07,2008-08-12,44.8
2026-10-07,2008-08-13,8.4
2026-10-07,2008-08-14,11.3
2026-10-07,2008-08-15,58.8
2026-10-07,2008-08-19,145.2
2026-10-07,2008-08-20,107.2
2026-10-07,2008-08-21,84.5
2026-10-07,2008-08-22,80.5
2026-10-07,2008-08-25,38
2026-10-07,2008-08-26,57.9
2026-10-07,2008-08-27,-0.8
2026-10-07,2008-08-28,44.3
2026-10-07,2008-08-29,22
2026-10-07,2008-09-01,-0.3
2026-10-07,2008-09-02,11.2
2026-10-07,2008-09-03,-0.2
2026-10-07,2008-09-04,0
2026-10-07,2008-09-05,35.5
2026-10-07,2008-09-08,96.8
2026-10-07,2008-09-09,128.8
2026-10-07,2008-09-10,-4
2026-10-07,2008-09-11,-94
2026-10-07,2008-09-12,-31.2
2026-10-07,2008-09-15,-21.2
2026-10-07,2008-09-16,-45.5
2026-10-07,2008-09-17,-92.8
2026-10-07,2008-09-18,-126.7
2026-10-07,2008-09-19,-1.2
2026-10-07,2008-09-22,-11.8
2026-10-07,2008-09-23,28.5
2026-10-07,2008-09-24,10
2026-10-07,2008-09-25,27
2026-10-07,2008-09-26,36
2026-10-07,2008-09-29,41
2026-10-07,2008-09-30,-109.5
2026-10-07,2008-10-01,-23.7
2026-10-07,2008-10-02,-43.5
2026-10-07,2008-10-03,-43
2026-10-07,2008-10-06,-147.1347
2026-10-07,2008-10-07,-71.5
2026-10-07,2008-10-08,-342.5
2026-10-07,2008-10-09,-148.9
2026-10-07,2008-10-10,-357.35
2026-10-07,2008-10-14,-5.5
2026-10-07,2008-10-15,21
2026-10-07,2008-10-16,4
2026-10-07,2008-10-17,-90
2026-10-07,2008-10-20,-128.4884
2026-10-07,2008-10-21,-241.3029
2026-10-07,2008-10-22,-47.6396
2026-10-07,2008-10-23,-218.1465
2026-10-07,2008-10-24,-344.4
2026-10-07,2008-10-27,-207.5
2026-10-07,2008-10-28,-217.1
2026-10-07,2008-10-29,-303.1
2026-10-07,2008-10-30,4.1811
2026-10-07,2008-10-31,-526.53
2026-10-07,2008-11-03,-110.1225
2026-10-07,2008-11-04,25.6269
2026-10-07,2008-11-05,143.8
2026-10-07,2008-11-07,79.0337
2026-10-07,2008-11-10,113.9
2026-10-07,2008-11-11,-0.6
2026-10-07,2008-11-12,127.6
2026-10-07,2008-11-13,79.05
2026-10-07,2008-11-14,64.2
2026-10-07,2008-11-17,73.3
2026-10-07,2008-11-18,61
2026-10-07,2008-11-19,-10.7698
2026-10-07,2008-11-20,29.2943
2026-10-07,2008-11-21,-4.7
2026-10-07,2008-11-24,-29.5
2026-10-07,2008-11-25,-24.1
2026-10-07,2008-11-26,0.5
2026-10-07,2008-11-27,1.4999
2026-10-07,2008-11-28,-18.3
2026-10-07,2008-12-01,-27.5
2026-10-07,2008-12-02,-25.386
2026-10-07,2008-12-03,-31.7523
2026-10-07,2008-12-04,-30.8
2026-10-07,2008-12-05,-61.6
2026-10-07,2008-12-09,-54.3
2026-10-07,2008-12-10,-6.9937
2026-10-07,2008-12-11,-5.4393
2026-10-07,2008-12-12,122.6
2026-10-07,2008-12-15,4.2
2026-10-07,2008-12-16,29.9
2026-10-07,2008-12-17,119.9953
2026-10-07,2008-12-18,82.5
2026-10-07,2008-12-19,123.2
2026-10-07,2008-12-22,162.3967
2026-10-07,2008-12-23,122.55
2026-10-07,2008-12-24,0
2026-10-07,2008-12-26,0
2026-10-07,2008-12-29,163
2026-10-07,2008-12-30,44.8
2026-10-07,2008-12-31,8.9961
2026-10-07,2009-01-02,0.8
2026-10-07,2009-01-05,-10.4
2026-10-07,2009-01-06,78.7
2026-10-07,2009-01-07,45
2026-10-07,2009-01-08,5.5
2026-10-07,2009-01-09,104.6
2026-10-07,2009-01-12,37.9
2026-10-07,2009-01-13,57.6
2026-10-07,2009-01-14,92.8
2026-10-07,2009-01-15,36.3
2026-10-07,2009-01-16,72.9
2026-10-07,2009-01-19,-0.7
2026-10-07,2009-01-20,56
2026-10-07,2009-01-21,34
2026-10-07,2009-01-22,57.5
2026-10-07,2009-01-23,9
2026-10-07,2009-01-26,-19.5
2026-10-07,2009-01-27,-0.1
2026-10-07,2009-01-28,-13
2026-10-07,2009-01-29,-76.799
2026-10-07,2009-01-30,-220.5
2026-10-07,2009-02-02,-50.2
2026-10-07,2009-02-03,-1
2026-10-07,2009-02-04,-108.7
2026-10-07,2009-02-05,-8.7
2026-10-07,2009-02-06,-10.102
2026-10-07,2009-02-09,-1.6
2026-10-07,2009-02-10,5.8
2026-10-07,2009-02-11,74.5
2026-10-07,2009-02-12,31.8
2026-10-07,2009-02-13,59.4057
2026-10-07,2009-02-16,0
2026-10-07,2009-02-17,57.8
2026-10-07,2009-02-18,42.9
2026-10-07,2009-02-19,13.35
2026-10-07,2009-02-20,-7.4
2026-10-07,2009-02-23,-1.3
2026-10-07,2009-02-24,-27
2026-10-07,2009-02-25,-42.7
2026-10-07,2009-02-26,-71.3
2026-10-07,2009-02-27,-92.0487
2026-10-07,2009-03-02,-62.45
2026-10-07,2009-03-03,-114.9
2026-10-07,2009-03-04,-19.05
2026-10-07,2009-03-05,-115.3
2026-10-07,2009-03-06,-57.9
2026-10-07,2009-03-09,-128.3
2026-10-07,2009-03-10,-97.9
2026-10-07,2009-03-11,-29.05
2026-10-07,2009-03-12,-113.45
2026-10-07,2009-03-13,-101.8
2026-10-07,2009-03-16,-55.35
2026-10-07,2009-03-17,-31.35
2026-10-07,2009-03-18,-73.15
2026-10-07,2009-03-19,-106.99
2026-10-07,2009-03-20,-29.1
2026-10-07,2009-03-23,-28.5
2026-10-07,2009-03-25,-84.4
2026-10-07,2009-03-26,-103.75
2026-10-07,2009-03-27,-142.4
2026-10-07,2009-03-30,-164.85
2026-10-07,2009-03-31,-202.3
2026-10-07,2009-04-01,-192
2026-10-07,2009-04-03,-34.73
2026-10-07,2009-04-06,28.65
2026-10-07,2009-04-07,34.9
2026-10-07,2009-04-08,1.4
2026-10-07,2009-04-13,109.9
2026-10-07,2009-04-14,-14
2026-10-07,2009-04-15,89.3
2026-10-07,2009-04-16,65.3
2026-10-07,2009-04-17,39
2026-10-07,2009-04-20,0.4
2026-10-07,2009-04-21,-9.6
2026-10-07,2009-04-22,35.9
2026-10-07,2009-04-23,45.1
2026-10-07,2009-04-24,12
2026-10-07,2009-04-27,2.1
2026-10-07,2009-04-28,-20.8
2026-10-07,2009-04-29,-34.9
2026-10-07,2009-04-30,-96.6
2026-10-07,2009-05-04,67.3
2026-10-07,2009-05-05,74.1
2026-10-07,2009-05-06,104.8
2026-10-07,2009-05-07,127.9
2026-10-07,2009-05-08,40.5209
2026-10-07,2009-05-11,73.6
2026-10-07,2009-05-12,116.382
2026-10-07,2009-05-13,72.6
2026-10-07,2009-05-14,71.9
2026-10-07,2009-05-15,0.9
2026-10-07,2009-05-18,47.1
2026-10-07,2009-05-19,47.6
2026-10-07,2009-05-20,52.1
2026-10-07,2009-05-21,-8.1
2026-10-07,2009-05-22,-9.8
2026-10-07,2009-05-26,4
2026-10-07,2009-05-27,-12.3
2026-10-07,2009-05-28,-53.8
2026-10-07,2009-05-29,-86.8
2026-10-07,2009-06-01,-5.2
2026-10-07,2009-06-02,-1.8
2026-10-07,2009-06-03,-6.9
2026-10-07,2009-06-04,5.1
2026-10-07,2009-06-05,-2.4
2026-10-07,2009-06-08,-54
2026-10-07,2009-06-09,-19.6
2026-10-07,2009-06-10,-10.55
2026-10-07,2009-06-11,-0.8
2026-10-07,2009-06-12,9.4
2026-10-07,2009-06-16,-3.4
2026-10-07,2009-06-17,-12.25
2026-10-07,2009-06-18,-26.2
2026-10-07,2009-06-19,-23.2
2026-10-07,2009-06-22,-123.6
2026-10-07,2009-06-23,-74.2
2026-10-07,2009-06-24,-183.6
2026-10-07,2009-06-25,-149
2026-10-07,2009-06-26,-124.95
2026-10-07,2009-06-29,-1.9
2026-10-07,2009-06-30,45.4
2026-10-07,2009-07-01,-15.7
2026-10-07,2009-07-02,-0.9
2026-10-07,2009-07-03,-62
2026-10-07,2009-07-06,-37.5
2026-10-07,2009-07-07,15.9
2026-10-07,2009-07-08,-53.7
2026-10-07,2009-07-13,-20.5
2026-10-07,2009-07-14,11.5
2026-10-07,2009-07-15,0.1
2026-10-07,2009-07-16,19.7
2026-10-07,2009-07-17,36.9
2026-10-07,2009-07-20,3
2026-10-07,2009-07-21,1.3
2026-10-07,2009-07-22,-12.5
2026-10-07,2009-07-23,12.9
2026-10-07,2009-07-24,7.3
2026-10-07,2009-07-27,-6.5
2026-10-07,2009-07-28,-16.4
2026-10-07,2009-07-29,-79.3
2026-10-07,2009-07-30,-60.5
2026-10-07,2009-07-31,-75.3
2026-10-07,2009-08-03,6
2026-10-07,2009-08-04,43.2
2026-10-07,2009-08-05,66.6
2026-10-07,2009-08-06,73.4
2026-10-07,2009-08-07,73.3
2026-10-07,2009-08-10,99
2026-10-07,2009-08-11,13.6
2026-10-07,2009-08-12,77.5
2026-10-07,2009-08-13,23.9
2026-10-07,2009-08-14,-1.8
2026-10-07,2009-08-18,22.1
2026-10-07,2009-08-19,-11.2
2026-10-07,2009-08-20,-5.3
2026-10-07,2009-08-21,-9.2
2026-10-07,2009-08-24,-1
2026-10-07,2009-08-25,-1.9
2026-10-07,2009-08-26,12.2
2026-10-07,2009-08-27,8.2
2026-10-07,2009-08-28,55.7
2026-10-07,2009-08-31,-5.9
2026-10-07,2009-09-01,57.7
2026-10-07,2009-09-02,35.4
2026-10-07,2009-09-03,46.9
2026-10-07,2009-09-04,46.2
2026-10-07,2009-09-07,0.7
2026-10-07,2009-09-08,1.3
2026-10-07,2009-09-09,0.4
2026-10-07,2009-09-10,-31.8
2026-10-07,2009-09-11,-11.1
2026-10-07,2009-09-14,-0.1
2026-10-07,2009-09-15,160.9
2026-10-07,2009-09-16,48.6
2026-10-07,2009-09-17,3.3
2026-10-07,2009-09-18,2.7
2026-10-07,2009-09-21,104.1
2026-10-07,2009-09-22,88.7
2026-10-07,2009-09-23,-0.1
2026-10-07,2009-09-24,68
2026-10-07,2009-09-25,6.9
2026-10-07,2009-09-28,-11.1
2026-10-07,2009-09-29,0
2026-10-07,2009-09-30,30.8
2026-10-07,2009-10-01,33.4
2026-10-07,2009-10-02,-2
2026-10-07,2009-10-05,23.1
2026-10-07,2009-10-06,170.13
2026-10-07,2009-10-07,29.9
2026-10-07,2009-10-08,40.8
2026-10-07,2009-10-09,21.6
2026-10-07,2009-10-13,185
2026-10-07,2009-10-14,128.9
2026-10-07,2009-10-15,170.75
2026-10-07,2009-10-16,167
2026-10-07,2009-10-19,3
2026-10-07,2009-10-20,118.2
2026-10-07,2009-10-21,115.3
2026-10-07,2009-10-22,97.1
2026-10-07,2009-10-23,-5
2026-10-07,2009-10-26,75
2026-10-07,2009-10-27,-0.2
2026-10-07,2009-10-28,0
2026-10-07,2009-10-29,0
2026-10-07,2009-10-30,104
2026-10-07,2009-11-02,108
2026-10-07,2009-11-03,14.5
2026-10-07,2009-11-04,88.8
2026-10-07,2009-11-05,19.5
2026-10-07,2009-11-09,173.6
2026-10-07,2009-11-10,33
2026-10-07,2009-11-11,0
2026-10-07,2009-11-12,21.5
2026-10-07,2009-11-13,7
2026-10-07,2009-11-16,0
2026-10-07,2009-11-17,13.48
2026-10-07,2009-11-18,58.72
2026-10-07,2009-11-19,114.1
2026-10-07,2009-11-20,57.9
2026-10-07,2009-11-23,148.5
2026-10-07,2009-11-24,57.5
2026-10-07,2009-11-25,27
2026-10-07,2009-11-26,0
2026-10-07,2009-11-27,8
2026-10-07,2009-11-30,97.5
2026-10-07,2009-12-01,-2
2026-10-07,2009-12-02,11
2026-10-07,2009-12-03,9
2026-10-07,2009-12-04,22.7
2026-10-07,2009-12-07,86.3
2026-10-07,2009-12-09,56.5
2026-10-07,2009-12-10,46
2026-10-07,2009-12-11,114
2026-10-07,2009-12-14,89.6
2026-10-07,2009-12-15,62.7
2026-10-07,2009-12-16,88.5
2026-10-07,2009-12-17,77.9
2026-10-07,2009-12-18,34.25
2026-10-07,2009-12-21,21.9
2026-10-07,2009-12-22,153
2026-10-07,2009-12-23,82.8
2026-10-07,2009-12-24,33.8
2026-10-07,2009-12-28,191.7
2026-10-07,2009-12-29,62.8
2026-10-07,2009-12-30,92.5
2026-10-07,2009-12-31,34
2026-10-07,2010-01-04,116.8
2026-10-07,2010-01-05,54.9
2026-10-07,2010-01-06,25.7431
2026-10-07,2010-01-07,66.8
2026-10-07,2010-01-08,-5.1
2026-10-07,2010-01-11,6.2
2026-10-07,2010-01-12,41.8
2026-10-07,2010-01-13,139.7
2026-10-07,2010-01-14,86.7
2026-10-07,2010-01-15,13.0953
2026-10-07,2010-01-18,-0.7
2026-10-07,2010-01-19,56.73
2026-10-07,2010-01-20,67.18
2026-10-07,2010-01-21,67.31
2026-10-07,2010-01-22,21.4
2026-10-07,2010-01-25,85.9
2026-10-07,2010-01-26,19.3
2026-10-07,2010-01-27,28.25
2026-10-07,2010-01-28,26.15
2026-10-07,2010-01-29,3.4
2026-10-07,2010-02-01,-0.8
2026-10-07,2010-02-02,-0.5
2026-10-07,2010-02-03,71.2
2026-10-07,2010-02-04,-0.8
2026-10-07,2010-02-05,-1.4
2026-10-07,2010-02-08,-0.9
2026-10-07,2010-02-09,-1
2026-10-07,2010-02-10,11.1
2026-10-07,2010-02-11,-0.9
2026-10-07,2010-02-12,-1.1
2026-10-07,2010-02-15,-1.1
2026-10-07,2010-02-16,-22.59
2026-10-07,2010-02-17,-16.3
2026-10-07,2010-02-18,-24.1
2026-10-07,2010-02-19,-10
2026-10-07,2010-02-22,-21.6
2026-10-07,2010-02-23,-101
2026-10-07,2010-02-24,-9.2
2026-10-07,2010-02-25,-109.7
2026-10-07,2010-02-26,9.3
2026-10-07,2010-03-01,-0.8
2026-10-07,2010-03-02,-0.8
2026-10-07,2010-03-03,-0.6
2026-10-07,2010-03-04,21.8
2026-10-07,2010-03-05,35.9
2026-10-07,2010-03-08,14.8
2026-10-07,2010-03-09,31.4
2026-10-07,2010-03-10,17.3
2026-10-07,2010-03-11,118.7
2026-10-07,2010-03-12,104.15
2026-10-07,2010-03-15,21.6
2026-10-07,2010-03-16,44.9
2026-10-07,2010-03-17,18.3
2026-10-07,2010-03-18,40.3
2026-10-07,2010-03-19,-0.9
2026-10-07,2010-03-22,-0.6
2026-10-07,2010-03-23,29.4
2026-10-07,2010-03-25,37.3
2026-10-07,2010-03-26,22.3
2026-10-07,2010-03-29,0
2026-10-07,2010-03-30,-10.2
2026-10-07,2010-03-31,-0.1
2026-10-07,2010-04-05,6.1
2026-10-07,2010-04-06,25.505
2026-10-07,2010-04-07,-42.46
2026-10-07,2010-04-08,-0.5
2026-10-07,2010-04-09,158.6029
2026-10-07,2010-04-12,183.6306
2026-10-07,2010-04-13,108.7943
2026-10-07,2010-04-14,13.0758
2026-10-07,2010-04-15,-0.7
2026-10-07,2010-04-16,26.3033
2026-10-07,2010-04-19,147.9116
2026-10-07,2010-04-20,121.8332
2026-10-07,2010-04-21,66.572
2026-10-07,2010-04-22,63.1562
2026-10-07,2010-04-23,28.4751
2026-10-07,2010-04-26,93.54
2026-10-07,2010-04-27,65
2026-10-07,2010-04-28,4.6
2026-10-07,2010-04-29,57.3912
2026-10-07,2010-04-30,37.6
2026-10-07,2010-05-03,105.35
2026-10-07,2010-05-04,62.2
2026-10-07,2010-05-05,-31.4
2026-10-07,2010-05-06,19.8
2026-10-07,2010-05-07,208.776
2026-10-07,2010-05-10,213.9
2026-10-07,2010-05-11,92.4
2026-10-07,2010-05-12,156.3
2026-10-07,2010-05-13,177.6715
2026-10-07,2010-05-14,76.2
2026-10-07,2010-05-17,71.6
2026-10-07,2010-05-18,35.19
2026-10-07,2010-05-19,-29.811
2026-10-07,2010-05-20,89.9
2026-10-07,2010-05-21,168.8
2026-10-07,2010-05-26,106.6181
2026-10-07,2010-05-27,12
2026-10-07,2010-05-28,-1.5
2026-10-07,2010-05-31,-0.4
2026-10-07,2010-06-01,-38.9924
2026-10-07,2010-06-02,-63.31
2026-10-07,2010-06-03,-0.5
2026-10-07,2010-06-04,78.4
2026-10-07,2010-06-07,-81.5
2026-10-07,2010-06-08,29.5
2026-10-07,2010-06-09,136.4
2026-10-07,2010-06-10,92
2026-10-07,2010-06-11,74.5
2026-10-07,2010-06-14,-26
2026-10-07,2010-06-15,121.4
2026-10-07,2010-06-16,240
2026-10-07,2010-06-17,243.16
2026-10-07,2010-06-18,106.6
2026-10-07,2010-06-22,122.8
2026-10-07,2010-06-23,-33.4
2026-10-07,2010-06-24,46.29
2026-10-07,2010-06-25,10
2026-10-07,2010-06-28,4.5
2026-10-07,2010-06-29,-11.1
2026-10-07,2010-06-30,-0.3
2026-10-07,2010-07-01,72.14
2026-10-07,2010-07-02,79.7
2026-10-07,2010-07-05,-0.4
2026-10-07,2010-07-06,126.4
2026-10-07,2010-07-07,208.3
2026-10-07,2010-07-08,254.279
2026-10-07,2010-07-12,74.8
2026-10-07,2010-07-13,108.4
2026-10-07,2010-07-14,150.8
2026-10-07,2010-07-15,113.8
2026-10-07,2010-07-16,135.7
2026-10-07,2010-07-19,54.3
2026-10-07,2010-07-20,92.4
2026-10-07,2010-07-21,61.7
2026-10-07,2010-07-22,78.4
2026-10-07,2010-07-23,60.1
2026-10-07,2010-07-26,29
2026-10-07,2010-07-27,24.3
2026-10-07,2010-07-28,-0.6
2026-10-07,2010-07-29,-16.4
2026-10-07,2010-07-30,-11.5
2026-10-07,2010-08-02,12.9
2026-10-07,2010-08-03,40.9
2026-10-07,2010-08-04,119.8
2026-10-07,2010-08-05,0.3
2026-10-07,2010-08-06,34.5
2026-10-07,2010-08-09,36.8
2026-10-07,2010-08-10,29.4
2026-10-07,2010-08-11,16.4
2026-10-07,2010-08-12,145.6
2026-10-07,2010-08-13,25.64
2026-10-07,2010-08-17,119.1977
2026-10-07,2010-08-18,33.4
2026-10-07,2010-08-19,24.3909
2026-10-07,2010-08-20,40.1
2026-10-07,2010-08-23,41.4
2026-10-07,2010-08-24,29.5
2026-10-07,2010-08-25,30.9
2026-10-07,2010-08-26,29.4
2026-10-07,2010-08-27,42.4
2026-10-07,2010-08-30,-0.6
2026-10-07,2010-08-31,16.4
2026-10-07,2010-09-01,54.9
2026-10-07,2010-09-02,98.5
2026-10-07,2010-09-03,82.9
2026-10-07,2010-09-06,-0.1
2026-10-07,2010-09-07,70.88
2026-10-07,2010-09-08,59.9
2026-10-07,2010-09-09,82.9
2026-10-07,2010-09-10,61.4
2026-10-07,2010-09-13,51.9
2026-10-07,2010-09-14,83
2026-10-07,2010-09-15,70.4
2026-10-07,2010-09-16,103
2026-10-07,2010-09-17,-0.5
2026-10-07,2010-09-20,27.9
2026-10-07,2010-09-21,33.9
2026-10-07,2010-09-22,47.4
2026-10-07,2010-09-23,39.5
2026-10-07,2010-09-24,-0.5
2026-10-07,2010-09-27,21.4
2026-10-07,2010-09-28,-0.5
2026-10-07,2010-09-29,-0.6
2026-10-07,2010-09-30,26.5
2026-10-07,2010-10-01,88.4
2026-10-07,2010-10-04,75.1
2026-10-07,2010-10-05,82.4
2026-10-07,2010-10-06,33.27
2026-10-07,2010-10-07,117.0013
2026-10-07,2010-10-08,86.4105
2026-10-07,2010-10-12,65.5
2026-10-07,2010-10-13,63.9
2026-10-07,2010-10-14,88.3967
2026-10-07,2010-10-15,30.5
2026-10-07,2010-10-18,83.6
2026-10-07,2010-10-19,20.4
2026-10-07,2010-10-20,33.5
2026-10-07,2010-10-21,41.5
2026-10-07,2010-10-22,41.9
2026-10-07,2010-10-25,37.54
2026-10-07,2010-10-26,6.9
2026-10-07,2010-10-28,29.8
2026-10-07,2010-10-29,12.9
2026-10-07,2010-11-01,43.4
2026-10-07,2010-11-02,85
2026-10-07,2010-11-03,67.15
2026-10-07,2010-11-04,30.6
2026-10-07,2010-11-05,62.698
2026-10-07,2010-11-08,21.9
2026-10-07,2010-11-09,52.9995
2026-10-07,2010-11-10,53.4
2026-10-07,2010-11-11,0
2026-10-07,2010-11-12,69.7
2026-10-07,2010-11-15,17.4943
2026-10-07,2010-11-16,47.4
2026-10-07,2010-11-17,21.6598
2026-10-07,2010-11-18,84
2026-10-07,2010-11-19,29.2
2026-10-07,2010-11-23,31.3
2026-10-07,2010-11-24,111.0091
2026-10-07,2010-11-25,-0.1
2026-10-07,2010-11-26,42
2026-10-07,2010-11-29,-0.6
2026-10-07,2010-11-30,53.5151
2026-10-07,2010-12-01,16.4
2026-10-07,2010-12-02,97.8
2026-10-07,2010-12-03,102.1
2026-10-07,2010-12-06,38.9
2026-10-07,2010-12-07,41.814
2026-10-07,2010-12-09,41
2026-10-07,2010-12-10,50.8
2026-10-07,2010-12-13,39.4
2026-10-07,2010-12-14,46.9
2026-10-07,2010-12-15,41.5
2026-10-07,2010-12-16,59.4
2026-10-07,2010-12-17,48.4
2026-10-07,2010-12-20,64
2026-10-07,2010-12-21,58.8138
2026-10-07,2010-12-22,136.3204
2026-10-07,2010-12-23,60.4
2026-10-07,2010-12-27,59.4
2026-10-07,2010-12-28,63.41
2026-10-07,2010-12-29,119.9
2026-10-07,2010-12-30,94.8
2026-10-07,2010-12-31,0
2026-10-07,2011-01-03,30.4
2026-10-07,2011-01-04,40.9
2026-10-07,2011-01-05,58.2
2026-10-07,2011-01-06,45.9
2026-10-07,2011-01-07,29.1
2026-10-07,2011-01-10,54.3
2026-10-07,2011-01-11,36.7
2026-10-07,2011-01-12,-0.6
2026-10-07,2011-01-13,85.8
2026-10-07,2011-01-14,60.4
2026-10-07,2011-01-17,-0.2
2026-10-07,2011-01-18,53
2026-10-07,2011-01-19,57.5
2026-10-07,2011-01-20,49.2
2026-10-07,2011-01-21,63.5
2026-10-07,2011-01-24,44.3
2026-10-07,2011-01-25,5.5
2026-10-07,2011-01-26,80.3
2026-10-07,2011-01-27,27.2
2026-10-07,2011-01-28,-0.5
2026-10-07,2011-01-31,-1
2026-10-07,2011-02-01,11.2
2026-10-07,2011-02-02,39
2026-10-07,2011-02-03,37.5
2026-10-07,2011-02-04,43.3
2026-10-07,2011-02-07,22
2026-10-07,2011-02-08,51.4
2026-10-07,2011-02-09,67.1
2026-10-07,2011-02-10,71.6
2026-10-07,2011-02-11,53.3
2026-10-07,2011-02-14,8.9
2026-10-07,2011-02-15,48.1
2026-10-07,2011-02-16,84.08
2026-10-07,2011-02-17,49.5
2026-10-07,2011-02-18,30.4
2026-10-07,2011-02-21,-0.5
2026-10-07,2011-02-22,19.4
2026-10-07,2011-02-23,18.4
2026-10-07,2011-02-24,80.4
2026-10-07,2011-02-25,101.6
2026-10-07,2011-02-28,99
2026-10-07,2011-03-01,-0.6
2026-10-07,2011-03-02,86.203
2026-10-07,2011-03-03,143.1
2026-10-07,2011-03-04,67.08
2026-10-07,2011-03-09,64.4
2026-10-07,2011-03-10,107.9
2026-10-07,2011-03-11,136.3
2026-10-07,2011-03-14,73.8
2026-10-07,2011-03-15,25
2026-10-07,2011-03-16,30.4
2026-10-07,2011-03-17,59.2
2026-10-07,2011-03-18,130.5
2026-10-07,2011-03-21,-0.8
2026-10-07,2011-03-22,106.8
2026-10-07,2011-03-23,112.9
2026-10-07,2011-03-28,79.4
2026-10-07,2011-03-29,69.5
2026-10-07,2011-03-30,39
2026-10-07,2011-03-31,57.7
2026-10-07,2011-04-01,-0.7
2026-10-07,2011-04-04,55.3
2026-10-07,2011-04-05,124.3
2026-10-07,2011-04-06,128.5
2026-10-07,2011-04-07,124
2026-10-07,2011-04-08,87.1
2026-10-07,2011-04-11,109.26
2026-10-07,2011-04-12,45.3
2026-10-07,2011-04-13,46.8
2026-10-07,2011-04-14,73.3
2026-10-07,2011-04-15,-0.6
2026-10-07,2011-04-18,2.3
2026-10-07,2011-04-19,47.3
2026-10-07,2011-04-20,83.586
2026-10-07,2011-04-25,74.15
2026-10-07,2011-04-26,21
2026-10-07,2011-04-27,15.4
2026-10-07,2011-04-28,-80.6
2026-10-07,2011-04-29,-26.5
2026-10-07,2011-05-02,-63.5
2026-10-07,2011-05-03,108.4
2026-10-07,2011-05-04,24.2432
2026-10-07,2011-05-05,-11.5
2026-10-07,2011-05-06,9.3
2026-10-07,2011-05-09,-0.6
2026-10-07,2011-05-10,139.65
2026-10-07,2011-05-11,-60.5
2026-10-07,2011-05-12,136.1
2026-10-07,2011-05-13,204
2026-10-07,2011-05-16,-8.7
2026-10-07,2011-05-17,-0.7
2026-10-07,2011-05-18,-13.6
2026-10-07,2011-05-19,-22.1
2026-10-07,2011-05-20,-35.8
2026-10-07,2011-05-23,41.5
2026-10-07,2011-05-24,123.3
2026-10-07,2011-05-26,174.8
2026-10-07,2011-05-27,273.9
2026-10-07,2011-05-30,-0.65
2026-10-07,2011-05-31,-156.2
2026-10-07,2011-06-01,46.7
2026-10-07,2011-06-02,59.6
2026-10-07,2011-06-03,29.3
2026-10-07,2011-06-06,-2.2
2026-10-07,2011-06-07,42.9
2026-10-07,2011-06-08,-0.6
2026-10-07,2011-06-09,80.3
2026-10-07,2011-06-10,102.465
2026-10-07,2011-06-13,152.4
2026-10-07,2011-06-14,96.4
2026-10-07,2011-06-15,-2.7
2026-10-07,2011-06-16,37.9
2026-10-07,2011-06-17,37.9
2026-10-07,2011-06-21,1.3
2026-10-07,2011-06-22,36.2
2026-10-07,2011-06-23,13.46
2026-10-07,2011-06-24,-15.412
2026-10-07,2011-06-27,-12.6
2026-10-07,2011-06-28,26.9
2026-10-07,2011-06-29,-5.8
2026-10-07,2011-06-30,-105.6
2026-10-07,2011-07-01,62.4
2026-10-07,2011-07-04,-1.1
2026-10-07,2011-07-05,-175.8
2026-10-07,2011-07-06,-48.1
2026-10-07,2011-07-07,-37.356
2026-10-07,2011-07-08,62.4
2026-10-07,2011-07-11,21.95
2026-10-07,2011-07-12,82.48
2026-10-07,2011-07-13,174.9
2026-10-07,2011-07-14,135.3
2026-10-07,2011-07-15,-2.1
2026-10-07,2011-07-18,-1.2
2026-10-07,2011-07-19,-23
2026-10-07,2011-07-20,-167.7
2026-10-07,2011-07-21,-1
2026-10-07,2011-07-22,-1.2
2026-10-07,2011-07-25,-23
2026-10-07,2011-07-26,45.3
2026-10-07,2011-07-27,59.5
2026-10-07,2011-07-28,-99
2026-10-07,2011-07-29,-52.5
2026-10-07,2011-08-01,-41.7
2026-10-07,2011-08-02,-82.5
2026-10-07,2011-08-03,-0.7
2026-10-07,2011-08-04,-102
2026-10-07,2011-08-05,-10.6
2026-10-07,2011-08-08,-229.3
2026-10-07,2011-08-09,-86.78
2026-10-07,2011-08-10,42.7
2026-10-07,2011-08-11,23.5
2026-10-07,2011-08-12,2.8
2026-10-07,2011-08-15,-0.6
2026-10-07,2011-08-16,-103.35
2026-10-07,2011-08-17,-15.19
2026-10-07,2011-08-18,-52.3
2026-10-07,2011-08-19,-0.6
2026-10-07,2011-08-23,-46.6
2026-10-07,2011-08-24,-97.04
2026-10-07,2011-08-25,-56.5
2026-10-07,2011-08-26,-0.7
2026-10-07,2011-08-29,-9
2026-10-07,2011-08-30,-99.1
2026-10-07,2011-08-31,-210.1
2026-10-07,2011-09-01,-0.5
2026-10-07,2011-09-02,-248.5
2026-10-07,2011-09-05,-0.5
2026-10-07,2011-09-06,-315.85
2026-10-07,2011-09-07,-49.5
2026-10-07,2011-09-08,-42.8
2026-10-07,2011-09-09,-0.5
2026-10-07,2011-09-12,0.26
2026-10-07,2011-09-13,0.76
2026-10-07,2011-09-14,0
2026-10-07,2011-09-15,-63.8
2026-10-07,2011-09-16,-91.14
2026-10-07,2011-09-19,-219.3
2026-10-07,2011-09-20,-61.5
2026-10-07,2011-09-21,67.5
2026-10-07,2011-09-22,-0.5
2026-10-07,2011-09-23,-2.1
2026-10-07,2011-09-26,-111.34
2026-10-07,2011-09-27,-143.5
2026-10-07,2011-09-28,-34.12
2026-10-07,2011-09-29,-58.44
2026-10-07,2011-09-30,-123.89
2026-10-07,2011-10-03,-86.6
2026-10-07,2011-10-04,-186.25
2026-10-07,2011-10-05,-101.6
2026-10-07,2011-10-06,39.81
2026-10-07,2011-10-07,-131.28
2026-10-07,2011-10-11,-164.26
2026-10-07,2011-10-12,-15.85
2026-10-07,2011-10-13,18.7
2026-10-07,2011-10-14,10
2026-10-07,2011-10-17,-66.62
2026-10-07,2011-10-18,-135.2
2026-10-07,2011-10-19,-78.5
2026-10-07,2011-10-20,-223.92
2026-10-07,2011-10-21,-61.07
2026-10-07,2011-10-24,-139.6
2026-10-07,2011-10-25,-169.85
2026-10-07,2011-10-26,-171.6
2026-10-07,2011-10-27,-210.68
2026-10-07,2011-10-28,-127.8
2026-10-07,2011-10-31,-105.56
2026-10-07,2011-11-01,-64.5
2026-10-07,2011-11-02,6.26
2026-10-07,2011-11-03,-25.5
2026-10-07,2011-11-04,-65.9
2026-10-07,2011-11-07,-74.6
2026-10-07,2011-11-08,-42.5
2026-10-07,2011-11-09,25.5
2026-10-07,2011-11-10,-68.5
2026-10-07,2011-11-11,-5.1025
2026-10-07,2011-11-14,-39.2999
2026-10-07,2011-11-15,-4.9119
2026-10-07,2011-11-16,30
2026-10-07,2011-11-17,30.1
2026-10-07,2011-11-18,88.95
2026-10-07,2011-11-21,56
2026-10-07,2011-11-22,79.9
2026-10-07,2011-11-23,16.7
2026-10-07,2011-11-24,0
2026-10-07,2011-11-25,80.7
2026-10-07,2011-11-29,9.2
2026-10-07,2011-11-30,29
2026-10-07,2011-12-01,-13
2026-10-07,2011-12-02,5.5
2026-10-07,2011-12-05,-49
2026-10-07,2011-12-06,89.6
2026-10-07,2011-12-07,133
2026-10-07,2011-12-12,205
2026-10-07,2011-12-13,179.2
2026-10-07,2011-12-14,139.2
2026-10-07,2011-12-15,169.5
2026-10-07,2011-12-16,95
2026-10-07,2011-12-19,123.5
2026-10-07,2011-12-20,124.25
2026-10-07,2011-12-21,278.1
2026-10-07,2011-12-22,408
2026-10-07,2011-12-23,111
2026-10-07,2011-12-27,107
2026-10-07,2011-12-28,141.9
2026-10-07,2011-12-29,74.9
2026-10-07,2011-12-30,170
2026-10-07,2012-01-03,5.5
2026-10-07,2012-01-04,191.2
2026-10-07,2012-01-05,131.9
2026-10-07,2012-01-06,-20.5
2026-10-07,2012-01-09,-18
2026-10-07,2012-01-10,167.06
2026-10-07,2012-01-11,86
2026-10-07,2012-01-12,135
2026-10-07,2012-01-13,207.26
2026-10-07,2012-01-16,-0.5
2026-10-07,2012-01-17,66.7
2026-10-07,2012-01-18,3
2026-10-07,2012-01-19,29.97
2026-10-07,2012-01-20,3.5
2026-10-07,2012-01-23,47
2026-10-07,2012-01-24,50.97
2026-10-07,2012-01-25,-26.38
2026-10-07,2012-01-26,-19.3
2026-10-07,2012-01-27,11.35
2026-10-07,2012-01-30,20
2026-10-07,2012-01-31,-0.5
2026-10-07,2012-02-01,24.69
2026-10-07,2012-02-02,44.5
2026-10-07,2012-02-03,122.95
2026-10-07,2012-02-06,41.5
2026-10-07,2012-02-07,46.1
2026-10-07,2012-02-08,50.4
2026-10-07,2012-02-09,44.5
2026-10-07,2012-02-10,125.3
2026-10-07,2012-02-13,128.95
2026-10-07,2012-02-14,35.6
2026-10-07,2012-02-15,30
2026-10-07,2012-02-16,0.5
2026-10-07,2012-02-17,99.5
2026-10-07,2012-02-22,17.606
2026-10-07,2012-02-23,13
2026-10-07,2012-02-24,86.5
2026-10-07,2012-02-28,0.6
2026-10-07,2012-02-29,29.35
2026-10-07,2012-03-01,14
2026-10-07,2012-03-02,39.5
2026-10-07,2012-03-05,66.7
2026-10-07,2012-03-06,65
2026-10-07,2012-03-07,6.6
2026-10-07,2012-03-08,107
2026-10-07,2012-03-09,35.5
2026-10-07,2012-03-12,101.85
2026-10-07,2012-03-13,64.6
2026-10-07,2012-03-14,72
2026-10-07,2012-03-15,43.5
2026-10-07,2012-03-16,158.5
2026-10-07,2012-03-19,8.5
2026-10-07,2012-03-20,99.3
2026-10-07,2012-03-21,55.5
2026-10-07,2012-03-22,60.5
2026-10-07,2012-03-23,132.5
2026-10-07,2012-03-26,61
2026-10-07,2012-03-27,83.1
2026-10-07,2012-03-28,105.71
2026-10-07,2012-03-29,82
2026-10-07,2012-03-30,101
2026-10-07,2012-04-03,90.6
2026-10-07,2012-04-04,20.5
2026-10-07,2012-04-09,82
2026-10-07,2012-04-10,152.5
2026-10-07,2012-04-11,196.9
2026-10-07,2012-04-12,193
2026-10-07,2012-04-13,202.8
2026-10-07,2012-04-16,42
2026-10-07,2012-04-17,135.5
2026-10-07,2012-04-18,22.5
2026-10-07,2012-04-19,52
2026-10-07,2012-04-20,47.5
2026-10-07,2012-04-23,-0.5
2026-10-07,2012-04-24,66
2026-10-07,2012-04-25,-0.5
2026-10-07,2012-04-26,130.5
2026-10-07,2012-04-27,222.5
2026-10-07,2012-05-02,-0.7
2026-10-07,2012-05-03,-47.9
2026-10-07,2012-05-04,176.5
2026-10-07,2012-05-07,63.23
2026-10-07,2012-05-08,72.5
2026-10-07,2012-05-09,-20.5
2026-10-07,2012-05-10,104.5
2026-10-07,2012-05-11,160.2
2026-10-07,2012-05-14,-0.3
2026-10-07,2012-05-15,149.6
2026-10-07,2012-05-16,142.3
2026-10-07,2012-05-17,24.7
2026-10-07,2012-05-18,200
2026-10-07,2012-05-21,105.1
2026-10-07,2012-05-22,15.2
2026-10-07,2012-05-23,10
2026-10-07,2012-05-24,113.5
2026-10-07,2012-05-28,-0.5
2026-10-07,2012-05-29,40.4
2026-10-07,2012-05-30,5.5
2026-10-07,2012-05-31,83.35
2026-10-07,2012-06-01,83.5
2026-10-07,2012-06-04,28.15
2026-10-07,2012-06-05,-0.3
2026-10-07,2012-06-06,5.2
2026-10-07,2012-06-07,4
2026-10-07,2012-06-08,86.7
2026-10-07,2012-06-11,-0.3
2026-10-07,2012-06-12,-0.3
2026-10-07,2012-06-13,-36.6
2026-10-07,2012-06-14,-0.3
2026-10-07,2012-06-15,22.3
2026-10-07,2012-06-18,-0.4
2026-10-07,2012-06-19,-0.3
2026-10-07,2012-06-21,-0.3
2026-10-07,2012-06-22,46
2026-10-07,2012-06-25,121.42
2026-10-07,2012-06-26,5
2026-10-07,2012-06-27,109.2
2026-10-07,2012-06-28,105.4
2026-10-07,2012-06-29,154.6
2026-10-07,2012-07-02,0
2026-10-07,2012-07-03,95.7
2026-10-07,2012-07-04,-0.6
2026-10-07,2012-07-05,44.22
2026-10-07,2012-07-06,42.73
2026-10-07,2012-07-10,63
2026-10-07,2012-07-11,86.3
2026-10-07,2012-07-12,69
2026-10-07,2012-07-13,16.4
2026-10-07,2012-07-16,90.4
2026-10-07,2012-07-17,-37.8
2026-10-07,2012-07-18,-0.5
2026-10-07,2012-07-19,-27.9
2026-10-07,2012-07-20,0.6
2026-10-07,2012-07-23,0
2026-10-07,2012-07-24,-40.4
2026-10-07,2012-07-25,1
2026-10-07,2012-07-26,-0.0195
2026-10-07,2012-07-27,0
2026-10-07,2012-07-30,0.3
2026-10-07,2012-07-31,-52
2026-10-07,2012-08-01,1
2026-10-07,2012-08-02,20.5
2026-10-07,2012-08-03,25.5
2026-10-07,2012-08-06,25.5
2026-10-07,2012-08-07,0
2026-10-07,2012-08-08,1
2026-10-07,2012-08-09,-25
2026-10-07,2012-08-10,100.35
2026-10-07,2012-08-13,14
2026-10-07,2012-08-14,-41.2
2026-10-07,2012-08-15,0
2026-10-07,2012-08-16,2.5
2026-10-07,2012-08-17,20.5
2026-10-07,2012-08-21,-25
2026-10-07,2012-08-22,-64.27
2026-10-07,2012-08-23,22.5848
2026-10-07,2012-08-24,98.2
2026-10-07,2012-08-27,-75.5
2026-10-07,2012-08-28,-4.32
2026-10-07,2012-08-29,-62.3
2026-10-07,2012-08-30,37
2026-10-07,2012-08-31,35
2026-10-07,2012-09-03,0
2026-10-07,2012-09-04,9.15
2026-10-07,2012-09-05,-10.0123
2026-10-07,2012-09-06,38.8395
2026-10-07,2012-09-07,58.5
2026-10-07,2012-09-10,-22.9
2026-10-07,2012-09-11,0
2026-10-07,2012-09-12,0
2026-10-07,2012-09-13,0
2026-10-07,2012-09-14,37
2026-10-07,2012-09-17,-19.5
2026-10-07,2012-09-18,10.5
2026-10-07,2012-09-19,-41
2026-10-07,2012-09-20,4
2026-10-07,2012-09-21,36.23
2026-10-07,2012-09-25,-67.5
2026-10-07,2012-09-26,-39.5
2026-10-07,2012-09-27,19.3459
2026-10-07,2012-09-28,104.5
2026-10-07,2012-10-01,19.2
2026-10-07,2012-10-02,-54.5091
2026-10-07,2012-10-03,11.9975
2026-10-07,2012-10-04,25
2026-10-07,2012-10-05,114.25
2026-10-07,2012-10-09,0
2026-10-07,2012-10-10,4
2026-10-07,2012-10-11,-18.4
2026-10-07,2012-10-12,-66
2026-10-07,2012-10-15,6
2026-10-07,2012-10-16,-36
2026-10-07,2012-10-17,7.1
2026-10-07,2012-10-18,49.6
2026-10-07,2012-10-19,53.37
2026-10-07,2012-10-22,0
2026-10-07,2012-10-23,-63.5
2026-10-07,2012-10-24,0
2026-10-07,2012-10-25,-12
2026-10-07,2012-10-26,-4
2026-10-07,2012-10-29,3.7
2026-10-07,2012-10-30,-53
2026-10-07,2012-10-31,39.5648
2026-10-07,2012-11-01,14.5
2026-10-07,2012-11-02,-15.0428
2026-10-07,2012-11-05,67.9
2026-10-07,2012-11-07,115.9365
2026-10-07,2012-11-08,33.5163
2026-10-07,2012-11-09,62.5
2026-10-07,2012-11-12,0
2026-10-07,2012-11-13,-20.95
2026-10-07,2012-11-14,24.5
2026-10-07,2012-11-15,-13.5
2026-10-07,2012-11-16,-18
2026-10-07,2012-11-19,-11.0135
2026-10-07,2012-11-20,-81.1
2026-10-07,2012-11-21,-9
2026-10-07,2012-11-22,0
2026-10-07,2012-11-23,-34
2026-10-07,2012-11-27,-29.5
2026-10-07,2012-11-28,-26
2026-10-07,2012-11-29,41
2026-10-07,2012-11-30,38.7
2026-10-07,2012-12-03,70.14
2026-10-07,2012-12-04,60.24
2026-10-07,2012-12-05,6
2026-10-07,2012-12-06,3
2026-10-07,2012-12-07,195
2026-10-07,2012-12-10,97.15
2026-10-07,2012-12-11,103.8
2026-10-07,2012-12-12,31
2026-10-07,2012-12-13,77.5
2026-10-07,2012-12-14,110.01
2026-10-07,2012-12-17,-46.5
2026-10-07,2012-12-18,60
2026-10-07,2012-12-19,-2
2026-10-07,2012-12-20,75.73
2026-10-07,2012-12-21,50.1
2026-10-07,2012-12-26,26.5298
2026-10-07,2012-12-27,1
2026-10-07,2012-12-28,178.811
2026-10-07,2012-12-31,0
2026-10-07,2013-01-02,2
2026-10-07,2013-01-03,0
2026-10-07,2013-01-04,-19
2026-10-07,2013-01-07,-2
2026-10-07,2013-01-08,35
2026-10-07,2013-01-09,7
2026-10-07,2013-01-10,10
2026-10-07,2013-01-11,9.5
2026-10-07,2013-01-14,15.5
2026-10-07,2013-01-15,-49.2
2026-10-07,2013-01-16,14
2026-10-07,2013-01-17,13.3
2026-10-07,2013-01-18,42.7
2026-10-07,2013-01-21,0
2026-10-07,2013-01-22,19.5
2026-10-07,2013-01-23,-36
2026-10-07,2013-01-24,-24
2026-10-07,2013-01-25,2.3
2026-10-07,2013-01-28,9.5
2026-10-07,2013-01-29,-59.5
2026-10-07,2013-01-30,108.7
2026-10-07,2013-02-01,7
2026-10-07,2013-02-04,33
2026-10-07,2013-02-05,0.8
2026-10-07,2013-02-06,-10
2026-10-07,2013-02-07,-86.1
2026-10-07,2013-02-08,-15.627
2026-10-07,2013-02-13,8.0107
2026-10-07,2013-02-14,80.2483
2026-10-07,2013-02-15,3.5
2026-10-07,2013-02-18,0
2026-10-07,2013-02-19,-134.9
2026-10-07,2013-02-21,-47.5607
2026-10-07,2013-02-22,8.4874
2026-10-07,2013-02-25,28.8126
2026-10-07,2013-02-26,-15
2026-10-07,2013-02-27,-46.1397
2026-10-07,2013-02-28,16
2026-10-07,2013-03-01,25.024
2026-10-07,2013-03-04,-2.024
2026-10-07,2013-03-05,-36.6
2026-10-07,2013-03-06,-13.7
2026-10-07,2013-03-07,0
2026-10-07,2013-03-08,85.0005
2026-10-07,2013-03-11,-11.5
2026-10-07,2013-03-12,-49.5
2026-10-07,2013-03-13,7
2026-10-07,2013-03-14,26
2026-10-07,2013-03-15,-75.2
2026-10-07,2013-03-18,0
2026-10-07,2013-03-19,-63.5
2026-10-07,2013-03-20,-62.5
2026-10-07,2013-03-21,39.3
2026-10-07,2013-03-22,-80
2026-10-07,2013-03-25,-38.5
2026-10-07,2013-03-26,-38
2026-10-07,2013-03-27,100.9298
2026-10-07,2013-04-03,62.8
2026-10-07,2013-04-04,-14
2026-10-07,2013-04-05,29.4
2026-10-07,2013-04-08,21
2026-10-07,2013-04-09,35
2026-10-07,2013-04-10,75.3
2026-10-07,2013-04-11,23.9
2026-10-07,2013-04-12,42.5
2026-10-07,2013-04-15,43.7
2026-10-07,2013-04-16,53
2026-10-07,2013-04-17,-6.2
2026-10-07,2013-04-18,26.3
2026-10-07,2013-04-19,35.5
2026-10-07,2013-04-22,12.5
2026-10-07,2013-04-23,45.8
2026-10-07,2013-04-24,17.5
2026-10-07,2013-04-25,29.2
2026-10-07,2013-04-26,33
2026-10-07,2013-04-29,32.2
2026-10-07,2013-04-30,0
2026-10-07,2013-05-02,1
2026-10-07,2013-05-03,-75.0727
2026-10-07,2013-05-06,64.5
2026-10-07,2013-05-07,2.1
2026-10-07,2013-05-08,47.5
2026-10-07,2013-05-09,-3.5
2026-10-07,2013-05-10,31.9
2026-10-07,2013-05-13,5
2026-10-07,2013-05-14,10.5
2026-10-07,2013-05-15,19.7
2026-10-07,2013-05-16,42.5
2026-10-07,2013-05-17,109.2
2026-10-07,2013-05-20,1.0042
2026-10-07,2013-05-21,39.6
2026-10-07,2013-05-22,20
2026-10-07,2013-05-23,-53.6
2026-10-07,2013-05-24,91.9
2026-10-07,2013-05-27,0
2026-10-07,2013-05-28,-39.8
2026-10-07,2013-05-29,3.3
2026-10-07,2013-05-30,-37.5
2026-10-07,2013-05-31,110.5
2026-10-07,2013-06-03,50
2026-10-07,2013-06-04,-22.1
2026-10-07,2013-06-05,32.9
2026-10-07,2013-06-06,-28
2026-10-07,2013-06-07,176.5
2026-10-07,2013-06-10,96.7
2026-10-07,2013-06-11,16.7
2026-10-07,2013-06-12,9.5
2026-10-07,2013-06-13,0
2026-10-07,2013-06-14,10
2026-10-07,2013-06-17,-42.0555
2026-10-07,2013-06-18,101.5609
2026-10-07,2013-06-19,30.5
2026-10-07,2013-06-24,39.3
2026-10-07,2013-06-25,-11
2026-10-07,2013-06-26,16
2026-10-07,2013-06-27,40.6
2026-10-07,2013-06-28,27.5
2026-10-07,2013-07-01,40
2026-10-07,2013-07-02,-14.2
2026-10-07,2013-07-03,17.5
2026-10-07,2013-07-04,0
2026-10-07,2013-07-05,57.5
2026-10-07,2013-07-08,65
2026-10-07,2013-07-10,61.75
2026-10-07,2013-07-11,-24
2026-10-07,2013-07-12,63
2026-10-07,2013-07-15,2.35
2026-10-07,2013-07-16,-31
2026-10-07,2013-07-17,-58
2026-10-07,2013-07-18,0
2026-10-07,2013-07-19,-16.2
2026-10-07,2013-07-22,-85.5
2026-10-07,2013-07-23,-31.5
2026-10-07,2013-07-24,-68.5063
2026-10-07,2013-07-25,-57
2026-10-07,2013-07-26,2
2026-10-07,2013-07-29,-44.3
2026-10-07,2013-07-30,-59.5
2026-10-07,2013-07-31,51.5
2026-10-07,2013-08-01,-14
2026-10-07,2013-08-02,72.9
2026-10-07,2013-08-05,-28
2026-10-07,2013-08-06,-37
2026-10-07,2013-08-07,19.6
2026-10-07,2013-08-08,-34
2026-10-07,2013-08-09,32.5
2026-10-07,2013-08-12,-31
2026-10-07,2013-08-13,-35.86
2026-10-07,2013-08-14,30.5
2026-10-07,2013-08-15,-4.94
2026-10-07,2013-08-16,0
2026-10-07,2013-08-20,0.65
2026-10-07,2013-08-21,-40
2026-10-07,2013-08-22,-43
2026-10-07,2013-08-23,-110.2
2026-10-07,2013-08-26,-50.427
2026-10-07,2013-08-27,-79.85
2026-10-07,2013-08-28,-45
2026-10-07,2013-08-29,3
2026-10-07,2013-08-30,48.9
2026-10-07,2013-09-02,0
2026-10-07,2013-09-03,-67
2026-10-07,2013-09-04,-11.5
2026-10-07,2013-09-05,59.84
2026-10-07,2013-09-06,-103.5
2026-10-07,2013-09-09,-51
2026-10-07,2013-09-10,-37
2026-10-07,2013-09-11,-76
2026-10-07,2013-09-12,-40
2026-10-07,2013-09-13,29
2026-10-07,2013-09-16,-80.5
2026-10-07,2013-09-17,-98
2026-10-07,2013-09-18,-51
2026-10-07,2013-09-19,-47.2
2026-10-07,2013-09-20,-57.5
2026-10-07,2013-09-23,-124
2026-10-07,2013-09-24,-80.5
2026-10-07,2013-09-25,-95
2026-10-07,2013-09-26,-168
2026-10-07,2013-09-27,-90.2
2026-10-07,2013-09-30,28.3
2026-10-07,2013-10-01,-95.5942
2026-10-07,2013-10-02,-92.1
2026-10-07,2013-10-03,-64.5581
2026-10-07,2013-10-04,-91.0448
2026-10-07,2013-10-07,-38.1
2026-10-07,2013-10-08,-21.5284
2026-10-07,2013-10-09,-24.0684
2026-10-07,2013-10-10,-93.5
2026-10-07,2013-10-11,-197.4488
2026-10-07,2013-10-15,-58
2026-10-07,2013-10-16,-112.9
2026-10-07,2013-10-17,-125
2026-10-07,2013-10-18,-92.8
2026-10-07,2013-10-21,-122.5
2026-10-07,2013-10-22,-76.82
2026-10-07,2013-10-23,-98
2026-10-07,2013-10-24,-35.4736
2026-10-07,2013-10-25,-54.4988
2026-10-07,2013-10-28,-272.8
2026-10-07,2013-10-29,-172.5
2026-10-07,2013-10-30,-138.6
2026-10-07,2013-10-31,8.32
2026-10-07,2013-11-01,-8
2026-10-07,2013-11-04,-85.03
2026-10-07,2013-11-05,-125.68
2026-10-07,2013-11-07,7.2
2026-10-07,2013-11-08,-36.5
2026-10-07,2013-11-11,0
2026-10-07,2013-11-12,-279
2026-10-07,2013-11-13,-123
2026-10-07,2013-11-14,-45.8
2026-10-07,2013-11-15,-147.6
2026-10-07,2013-11-18,-179.5
2026-10-07,2013-11-19,-142.4
2026-10-07,2013-11-20,-179
2026-10-07,2013-11-21,-185.5
2026-10-07,2013-11-22,-88.52
2026-10-07,2013-11-26,-183.7
2026-10-07,2013-11-27,-29.38
2026-10-07,2013-11-28,0
2026-10-07,2013-11-29,-177.3
2026-10-07,2013-12-02,-147.5
2026-10-07,2013-12-03,-54.964
2026-10-07,2013-12-04,-123.4188
2026-10-07,2013-12-05,-186.5
2026-10-07,2013-12-06,23.998
2026-10-07,2013-12-09,-122.5
2026-10-07,2013-12-10,-152.7
2026-10-07,2013-12-11,57
2026-10-07,2013-12-12,42.5
2026-10-07,2013-12-13,37.7
2026-10-07,2013-12-16,0
2026-10-07,2013-12-17,6.5
2026-10-07,2013-12-18,72.33
2026-10-07,2013-12-19,-64.5
2026-10-07,2013-12-20,92.7
2026-10-07,2013-12-23,-18.2
2026-10-07,2013-12-26,-126.5
2026-10-07,2013-12-27,-293.8
2026-10-07,2013-12-30,33.8
2026-10-07,2014-01-02,-84.5
2026-10-07,2014-01-03,-91
2026-10-07,2014-01-06,-120
2026-10-07,2014-01-07,-100
2026-10-07,2014-01-08,-82.5
2026-10-07,2014-01-09,-49
2026-10-07,2014-01-10,-39
2026-10-07,2014-01-13,-93.5
2026-10-07,2014-01-14,68.5
2026-10-07,2014-01-15,-30.5
2026-10-07,2014-01-16,-110.76
2026-10-07,2014-01-17,0
2026-10-07,2014-01-20,0
2026-10-07,2014-01-21,-159.65
2026-10-07,2014-01-22,-81.4
2026-10-07,2014-01-23,-203.3
2026-10-07,2014-01-24,-193
2026-10-07,2014-01-27,-111.55
2026-10-07,2014-01-28,-93.5
2026-10-07,2014-01-29,-46.62
2026-10-07,2014-01-30,-90.8
2026-10-07,2014-01-31,-40.5
2026-10-07,2014-02-03,-2
2026-10-07,2014-02-04,0
2026-10-07,2014-02-05,360.5
2026-10-07,2014-02-06,407.7
2026-10-07,2014-02-07,358.5
2026-10-07,2014-02-10,-74.5
2026-10-07,2014-02-11,21
2026-10-07,2014-02-12,153.5
2026-10-07,2014-02-13,63.5
2026-10-07,2014-02-14,67
2026-10-07,2014-02-17,20.5
2026-10-07,2014-02-18,170.5
2026-10-07,2014-02-19,73.5
2026-10-07,2014-02-20,-45
2026-10-07,2014-02-21,-16
2026-10-07,2014-02-24,-22
2026-10-07,2014-02-25,0
2026-10-07,2014-02-26,-8
2026-10-07,2014-02-27,-3
2026-10-07,2014-02-28,136.1
2026-10-07,2014-03-05,-51.5
2026-10-07,2014-03-06,2.5
2026-10-07,2014-03-07,82
2026-10-07,2014-03-10,46.5
2026-10-07,2014-03-11,-111.9
2026-10-07,2014-03-12,199
2026-10-07,2014-03-13,25
2026-10-07,2014-03-14,55.2
2026-10-07,2014-03-17,-23
2026-10-07,2014-03-18,-43
2026-10-07,2014-03-19,58
2026-10-07,2014-03-20,29
2026-10-07,2014-03-21,46.1
2026-10-07,2014-03-25,0
2026-10-07,2014-03-26,-15
2026-10-07,2014-03-27,-50.5
2026-10-07,2014-03-28,199
2026-10-07,2014-03-31,29.5
2026-10-07,2014-04-01,31.2
2026-10-07,2014-04-03,-81.5
2026-10-07,2014-04-04,395.92
2026-10-07,2014-04-07,27.5
2026-10-07,2014-04-08,120
2026-10-07,2014-04-09,200.2
2026-10-07,2014-04-10,15
2026-10-07,2014-04-11,272.1
2026-10-07,2014-04-14,94.1
2026-10-07,2014-04-15,384.9
2026-10-07,2014-04-16,218.7
2026-10-07,2014-04-21,19
2026-10-07,2014-04-22,56.5
2026-10-07,2014-04-23,43.4842
2026-10-07,2014-04-24,89
2026-10-07,2014-04-25,331
2026-10-07,2014-04-28,78.5
2026-10-07,2014-04-29,91
2026-10-07,2014-04-30,59.2
2026-10-07,2014-05-05,73
2026-10-07,2014-05-06,142.5
2026-10-07,2014-05-07,64.6
2026-10-07,2014-05-08,141
2026-10-07,2014-05-09,19.5
2026-10-07,2014-05-12,22.5
2026-10-07,2014-05-13,2
2026-10-07,2014-05-14,-20
2026-10-07,2014-05-15,-24
2026-10-07,2014-05-16,58
2026-10-07,2014-05-19,0.1
2026-10-07,2014-05-20,20
2026-10-07,2014-05-21,-32
2026-10-07,2014-05-22,73.9
2026-10-07,2014-05-23,187.5
2026-10-07,2014-05-26,0
2026-10-07,2014-05-27,0
2026-10-07,2014-05-28,84.8
2026-10-07,2014-05-29,4
2026-10-07,2014-05-30,81
2026-10-07,2014-06-02,72.8
2026-10-07,2014-06-03,-17
2026-10-07,2014-06-04,43.5
2026-10-07,2014-06-05,-36
2026-10-07,2014-06-06,19
2026-10-07,2014-06-09,148.5
2026-10-07,2014-06-10,17.8
2026-10-07,2014-06-11,44.5
2026-10-07,2014-06-12,-46
2026-10-07,2014-06-13,72.13
2026-10-07,2014-06-16,15
2026-10-07,2014-06-17,40
2026-10-07,2014-06-18,40
2026-10-07,2014-06-19,-116
2026-10-07,2014-06-23,15.8
2026-10-07,2014-06-24,113.5
2026-10-07,2014-06-25,45.7
2026-10-07,2014-06-26,65
2026-10-07,2014-06-27,109.5
2026-10-07,2014-06-30,83
2026-10-07,2014-07-01,89.5
2026-10-07,2014-07-02,10
2026-10-07,2014-07-03,149.05
2026-10-07,2014-07-04,0
2026-10-07,2014-07-07,115.5
2026-10-07,2014-07-08,75
2026-10-07,2014-07-10,67.9
2026-10-07,2014-07-11,4.5
2026-10-07,2014-07-14,47
2026-10-07,2014-07-15,-11
2026-10-07,2014-07-16,43
2026-10-07,2014-07-17,36
2026-10-07,2014-07-18,-5
2026-10-07,2014-07-21,21.5
2026-10-07,2014-07-22,13
2026-10-07,2014-07-23,15
2026-10-07,2014-07-24,53
2026-10-07,2014-07-25,19.03
2026-10-07,2014-07-28,-70.9
2026-10-07,2014-07-29,47.5
2026-10-07,2014-07-30,40.5
2026-10-07,2014-07-31,3.2
2026-10-07,2014-08-01,0
2026-10-07,2014-08-04,-66.5
2026-10-07,2014-08-05,20.5
2026-10-07,2014-08-06,12
2026-10-07,2014-08-07,71
2026-10-07,2014-08-08,37.5
2026-10-07,2014-08-11,33
2026-10-07,2014-08-12,22
2026-10-07,2014-08-13,20.3
2026-10-07,2014-08-14,-18.9
2026-10-07,2014-08-15,11.65
2026-10-07,2014-08-19,29
2026-10-07,2014-08-20,-28
2026-10-07,2014-08-21,-14
2026-10-07,2014-08-22,-93.3
2026-10-07,2014-08-25,-99
2026-10-07,2014-08-26,-81.6
2026-10-07,2014-08-27,16
2026-10-07,2014-08-28,-32
2026-10-07,2014-08-29,51.5
2026-10-07,2014-09-01,0
2026-10-07,2014-09-02,-27.5
2026-10-07,2014-09-03,-65
2026-10-07,2014-09-04,267.5
2026-10-07,2014-09-05,-56
2026-10-07,2014-09-08,23.5
2026-10-07,2014-09-09,23.1
2026-10-07,2014-09-10,1
2026-10-07,2014-09-11,40
2026-10-07,2014-09-12,4.5
2026-10-07,2014-09-15,26.9
2026-10-07,2014-09-16,51.2
2026-10-07,2014-09-17,-27.5
2026-10-07,2014-09-18,-65
2026-10-07,2014-09-19,-65
2026-10-07,2014-09-22,-57.5
2026-10-07,2014-09-23,-52
2026-10-07,2014-09-24,-43.5
2026-10-07,2014-09-25,-14.5
2026-10-07,2014-09-26,-101.9
2026-10-07,2014-09-29,-52.7
2026-10-07,2014-09-30,-26.8
2026-10-07,2014-10-01,-54.1
2026-10-07,2014-10-02,38.7
2026-10-07,2014-10-03,-38.6
2026-10-07,2014-10-06,-25.8
2026-10-07,2014-10-07,-10.7
2026-10-07,2014-10-08,-60.3
2026-10-07,2014-10-09,-96.6
2026-10-07,2014-10-10,20.3
2026-10-07,2014-10-14,-31.4
2026-10-07,2014-10-15,-5.2
2026-10-07,2014-10-16,0.8
2026-10-07,2014-10-17,3.9
2026-10-07,2014-10-20,-14.7
2026-10-07,2014-10-21,-42.238
2026-10-07,2014-10-22,26.56
2026-10-07,2014-10-23,-27.03
2026-10-07,2014-10-24,-0.5919
2026-10-07,2014-10-27,-85.793
2026-10-07,2014-10-28,11.8672
2026-10-07,2014-10-29,1.235
2026-10-07,2014-10-30,-1.139
2026-10-07,2014-10-31,50.1961
2026-10-07,2014-11-03,27.048
2026-10-07,2014-11-04,-22.75
2026-10-07,2014-11-05,35.727
2026-10-07,2014-11-07,94.3661
2026-10-07,2014-11-10,21.0632
2026-10-07,2014-11-11,8.4324
2026-10-07,2014-11-12,16.8548
2026-10-07,2014-11-13,36.9074
2026-10-07,2014-11-14,55.691
2026-10-07,2014-11-17,-39.3112
2026-10-07,2014-11-18,-30.2144
2026-10-07,2014-11-19,4.6166
2026-10-07,2014-11-20,-16.7319
2026-10-07,2014-11-21,-67.9168
2026-10-07,2014-11-25,-46.9763
2026-10-07,2014-11-26,-2.8989
2026-10-07,2014-11-27,8.2071
2026-10-07,2014-11-28,46.958
2026-10-07,2014-12-01,-21.451
2026-10-07,2014-12-02,4.751
2026-10-07,2014-12-03,-69.271
2026-10-07,2014-12-04,-25.7435
2026-10-07,2014-12-05,-52.135
2026-10-07,2014-12-09,201.779
2026-10-07,2014-12-10,3.95
2026-10-07,2014-12-11,-5.8382
2026-10-07,2014-12-12,90.346
2026-10-07,2014-12-15,67.234
2026-10-07,2014-12-16,201.8
2026-10-07,2014-12-17,268.509
2026-10-07,2014-12-18,110
2026-10-07,2014-12-19,30.455
2026-10-07,2014-12-22,21.308
2026-10-07,2014-12-23,91.234
2026-10-07,2014-12-24,-9.4227
2026-10-07,2014-12-29,-16.2444
2026-10-07,2014-12-30,52.182
2026-10-07,2015-01-02,6.515
2026-10-07,2015-01-05,-30.143
2026-10-07,2015-01-06,-56.4567
2026-10-07,2015-01-07,-76.6439
2026-10-07,2015-01-08,-19.018
2026-10-07,2015-01-09,60.055
2026-10-07,2015-01-12,40.153
2026-10-07,2015-01-13,3.296
2026-10-07,2015-01-14,-25.694
2026-10-07,2015-01-15,-27.1516
2026-10-07,2015-01-16,10.332
2026-10-07,2015-01-19,12.031
2026-10-07,2015-01-20,-23.377
2026-10-07,2015-01-21,-15.06
2026-10-07,2015-01-22,-24.028
2026-10-07,2015-01-23,-5.2645
2026-10-07,2015-01-26,-80.981
2026-10-07,2015-01-27,-4.759
2026-10-07,2015-01-28,26.652
2026-10-07,2015-01-29,33.753
2026-10-07,2015-01-30,8.383
2026-10-07,2015-02-02,-31.4954
2026-10-07,2015-02-03,-75.4695
2026-10-07,2015-02-04,22.741
2026-10-07,2015-02-05,77.02
2026-10-07,2015-02-06,102.2972
2026-10-07,2015-02-09,-40.5802
2026-10-07,2015-02-10,-48.14
2026-10-07,2015-02-11,-46.3734
2026-10-07,2015-02-12,-88.0307
2026-10-07,2015-02-13,-46.8082
2026-10-07,2015-02-18,52.1949
2026-10-07,2015-02-19,-244.8097
2026-10-07,2015-02-20,-8.8548
2026-10-07,2015-02-23,-11.3618
2026-10-07,2015-02-24,-3.4703
2026-10-07,2015-02-25,-39.6936
2026-10-07,2015-02-26,-115.2142
2026-10-07,2015-02-27,146.2392
2026-10-07,2015-03-02,8.251
2026-10-07,2015-03-03,-35.5634
2026-10-07,2015-03-04,-39.5367
2026-10-07,2015-03-05,-55.913
2026-10-07,2015-03-06,-26.6434
2026-10-07,2015-03-09,-55.617
2026-10-07,2015-03-10,-51.719
2026-10-07,2015-03-11,-59.4898
2026-10-07,2015-03-12,-82.6232
2026-10-07,2015-03-13,20.068
2026-10-07,2015-03-16,121.648
2026-10-07,2015-03-17,-65.6626
2026-10-07,2015-03-18,-36.5302
2026-10-07,2015-03-19,-50.588
2026-10-07,2015-03-20,-57.7155
2026-10-07,2015-03-25,38.904
2026-10-07,2015-03-26,-20.5117
2026-10-07,2015-03-27,-5.2124
2026-10-07,2015-03-30,40.2
2026-10-07,2015-03-31,-27.637
2026-10-07,2015-04-01,95.8917
2026-10-07,2015-04-06,19.2043
2026-10-07,2015-04-07,-6.836
2026-10-07,2015-04-08,14.5039
2026-10-07,2015-04-09,8.673
2026-10-07,2015-04-10,91.652
2026-10-07,2015-04-13,-31.3246
2026-10-07,2015-04-14,58.852
2026-10-07,2015-04-15,3.5878
2026-10-07,2015-04-16,58.178
2026-10-07,2015-04-17,-6.8361
2026-10-07,2015-04-20,9.2372
2026-10-07,2015-04-21,117.2372
2026-10-07,2015-04-22,25.0934
2026-10-07,2015-04-23,26.261
2026-10-07,2015-04-24,65.8111
2026-10-07,2015-04-27,10.0248
2026-10-07,2015-04-28,641.9669
2026-10-07,2015-04-29,95.2665
2026-10-07,2015-04-30,13.2361
2026-10-07,2015-05-04,56.504
2026-10-07,2015-05-05,-55.8068
2026-10-07,2015-05-06,-46.37
2026-10-07,2015-05-07,246.027
2026-10-07,2015-05-08,59.538
2026-10-07,2015-05-11,-31.469
2026-10-07,2015-05-12,55.4723
2026-10-07,2015-05-13,-2.568
2026-10-07,2015-05-14,32.711
2026-10-07,2015-05-15,241.729
2026-10-07,2015-05-18,25.4397
2026-10-07,2015-05-19,45.3378
2026-10-07,2015-05-20,-21.5884
2026-10-07,2015-05-21,47.2648
2026-10-07,2015-05-22,46.987
2026-10-07,2015-05-26,16.213
2026-10-07,2015-05-27,32.519
2026-10-07,2015-05-28,14.9614
2026-10-07,2015-05-29,105.059
2026-10-07,2015-06-01,14.3553
2026-10-07,2015-06-02,-27.433
2026-10-07,2015-06-03,-116.25
2026-10-07,2015-06-04,73.5926
2026-10-07,2015-06-05,105.566
2026-10-07,2015-06-08,23.845
2026-10-07,2015-06-09,33.558
2026-10-07,2015-06-10,34.224
2026-10-07,2015-06-11,59.657
2026-10-07,2015-06-12,0.5696
2026-10-07,2015-06-15,49.7478
2026-10-07,2015-06-16,0.8178
2026-10-07,2015-06-17,-14.6706
2026-10-07,2015-06-18,-17.3536
2026-10-07,2015-06-19,7.7668
2026-10-07,2015-06-22,17.5222
2026-10-07,2015-06-23,118.9
2026-10-07,2015-06-24,89.9852
2026-10-07,2015-06-25,59.3609
2026-10-07,2015-06-26,122.3957
2026-10-07,2015-06-29,89.7883
2026-10-07,2015-06-30,-20.9806
2026-10-07,2015-07-01,79.8846
2026-10-07,2015-07-02,19.651
2026-10-07,2015-07-03,7.694
2026-10-07,2015-07-06,-83.486
2026-10-07,2015-07-07,26.8426
2026-10-07,2015-07-08,16.5551
2026-10-07,2015-07-10,-0.081
2026-10-07,2015-07-13,53.88
2026-10-07,2015-07-14,-50.6195
2026-10-07,2015-07-15,-57.897
2026-10-07,2015-07-16,7.992
2026-10-07,2015-07-17,81.4108
2026-10-07,2015-07-20,10.459
2026-10-07,2015-07-21,-5.9986
2026-10-07,2015-07-22,133.9579
2026-10-07,2015-07-23,-88.778
2026-10-07,2015-07-24,18.267
2026-10-07,2015-07-27,-78.544
2026-10-07,2015-07-28,-78.5798
2026-10-07,2015-07-29,-86.7795
2026-10-07,2015-07-30,-44.3132
2026-10-07,2015-07-31,-95.366
2026-10-07,2015-08-03,-115.213
2026-10-07,2015-08-04,-167.536
2026-10-07,2015-08-05,-145.36
2026-10-07,2015-08-06,-144.158
2026-10-07,2015-08-07,-65.442
2026-10-07,2015-08-10,-62.549
2026-10-07,2015-08-11,-79.8496
2026-10-07,2015-08-12,-94.3791
2026-10-07,2015-08-13,-106.5955
2026-10-07,2015-08-14,58.087
2026-10-07,2015-08-18,39.2763
2026-10-07,2015-08-19,-39.56
2026-10-07,2015-08-20,-21.662
2026-10-07,2015-08-21,-43.4034
2026-10-07,2015-08-24,-77.6647
2026-10-07,2015-08-25,-114.0821
2026-10-07,2015-08-26,-84.356
2026-10-07,2015-08-27,-56.3733
2026-10-07,2015-08-28,-81.1757
2026-10-07,2015-08-31,-100.8932
2026-10-07,2015-09-01,-135.5966
2026-10-07,2015-09-02,-72.1936
2026-10-07,2015-09-03,-83.6993
2026-10-07,2015-09-04,-90.8557
2026-10-07,2015-09-07,-10.4986
2026-10-07,2015-09-08,-132.764
2026-10-07,2015-09-09,-124.0201
2026-10-07,2015-09-10,-113.2856
2026-10-07,2015-09-11,-25.4494
2026-10-07,2015-09-14,-116.5757
2026-10-07,2015-09-15,-46.7039
2026-10-07,2015-09-16,-118.8979
2026-10-07,2015-09-17,-80.0799
2026-10-07,2015-09-18,-64.4663
2026-10-07,2015-09-21,-32.6985
2026-10-07,2015-09-22,0.4486
2026-10-07,2015-09-23,-100.1802
2026-10-07,2015-09-24,-117.4824
2026-10-07,2015-09-25,-109.8977
2026-10-07,2015-09-28,-73.8948
2026-10-07,2015-09-29,-131.722
2026-10-07,2015-09-30,-93.1881
2026-10-07,2015-10-01,-645.1435
2026-10-07,2015-10-02,-132.2447
2026-10-07,2015-10-05,-149.9641
2026-10-07,2015-10-06,-129.6884
2026-10-07,2015-10-07,-140.667
2026-10-07,2015-10-08,-71.5802
2026-10-07,2015-10-09,-16.0615
2026-10-07,2015-10-13,-168.7205
2026-10-07,2015-10-14,-176.1949
2026-10-07,2015-10-15,-52.5222
2026-10-07,2015-10-16,0.4508
2026-10-07,2015-10-19,-118.9829
2026-10-07,2015-10-20,-163.0855
2026-10-07,2015-10-21,-168.9113
2026-10-07,2015-10-22,-108.85
2026-10-07,2015-10-23,-37.2442
2026-10-07,2015-10-26,-107.8816
2026-10-07,2015-10-27,-89.8412
2026-10-07,2015-10-28,-23.1336
2026-10-07,2015-10-29,-57.3567
2026-10-07,2015-10-30,-104.5996
2026-10-07,2015-11-02,-168.5512
2026-10-07,2015-11-03,-165.8532
2026-10-07,2015-11-04,-147.5975
2026-10-07,2015-11-05,-172.8728
2026-10-07,2015-11-09,-98.1894
2026-10-07,2015-11-10,-165.5
2026-10-07,2015-11-11,14.6319
2026-10-07,2015-11-12,-165.873
2026-10-07,2015-11-13,-132.8498
2026-10-07,2015-11-16,-132.7693
2026-10-07,2015-11-17,-146.9627
2026-10-07,2015-11-18,-130.4758
2026-10-07,2015-11-19,-152.2962
2026-10-07,2015-11-20,-110.8573
2026-10-07,2015-11-23,-93.6054
2026-10-07,2015-11-24,-90.8876
2026-10-07,2015-11-25,-35.1263
2026-10-07,2015-11-26,7.6822
2026-10-07,2015-11-30,-79.5229
2026-10-07,2015-12-01,-165.4084
2026-10-07,2015-12-02,-171.2642
2026-10-07,2015-12-03,-191.4846
2026-10-07,2015-12-04,-236.2136
2026-10-07,2015-12-09,-68.5563
2026-10-07,2015-12-10,-203.1301
2026-10-07,2015-12-11,-219.3414
2026-10-07,2015-12-14,-132.8858
2026-10-07,2015-12-15,-143.1406
2026-10-07,2015-12-16,-170.456
2026-10-07,2015-12-17,0
2026-10-07,2015-12-18,15.478
2026-10-07,2015-12-21,117.716
2026-10-07,2015-12-22,7.4633
2026-10-07,2015-12-23,12.4508
2026-10-07,2015-12-24,11.031
2026-10-07,2015-12-28,7.1936
2026-10-07,2015-12-29,2.953
2026-10-07,2015-12-30,5.901
2026-10-07,2015-12-31,14.7457
2026-10-07,2016-01-04,4.083
2026-10-07,2016-01-05,11.224
2026-10-07,2016-01-06,12.5365
2026-10-07,2016-01-07,4.7311
2026-10-07,2016-01-08,9.9954
2026-10-07,2016-01-11,8.4711
2026-10-07,2016-01-12,9.421
2026-10-07,2016-01-13,12.5977
2026-10-07,2016-01-14,8.9038
2026-10-07,2016-01-15,14.1948
2026-10-07,2016-01-18,7.1827
2026-10-07,2016-01-19,5.6764
2026-10-07,2016-01-20,24.1331
2026-10-07,2016-01-21,9.5417
2026-10-07,2016-01-22,9.5166
2026-10-07,2016-01-25,6.5736
2026-10-07,2016-01-26,0
2026-10-07,2016-01-27,20.526
2026-10-07,2016-01-28,7.924
2026-10-07,2016-01-29,8.436
2026-10-07,2016-02-01,6.0993
2026-10-07,2016-02-02,5.695
2026-10-07,2016-02-03,3.34
2026-10-07,2016-02-04,9.5698
2026-10-07,2016-02-05,12.514
2026-10-07,2016-02-10,5.5589
2026-10-07,2016-02-11,3.81
2026-10-07,2016-02-12,9.7612
2026-10-07,2016-02-15,3.936
2026-10-07,2016-02-16,7.3557
2026-10-07,2016-02-17,7.2422
2026-10-07,2016-02-18,-35.3078
2026-10-07,2016-02-19,18.0804
2026-10-07,2016-02-22,9.4
2026-10-07,2016-02-23,-118.5401
2026-10-07,2016-02-24,-8.7407
2026-10-07,2016-02-25,-52.2677
2026-10-07,2016-02-26,-104.779
2026-10-07,2016-02-29,-159.5106
2026-10-07,2016-03-01,-231.7444
2026-10-07,2016-03-02,6.1575
2026-10-07,2016-03-03,11.7701
2026-10-07,2016-03-04,8.4161
2026-10-07,2016-03-07,5.266
2026-10-07,2016-03-08,3.4112
2026-10-07,2016-03-09,5.9627
2026-10-07,2016-03-10,0.223
2026-10-07,2016-03-11,8.148
2026-10-07,2016-03-14,2.3693
2026-10-07,2016-03-15,3.521
2026-10-07,2016-03-16,503.7429
2026-10-07,2016-03-17,1.93
2026-10-07,2016-03-18,5.137
2026-10-07,2016-03-21,3.01
2026-10-07,2016-03-22,2.631
2026-10-07,2016-03-23,-0.647
2026-10-07,2016-03-28,3.451
2026-10-07,2016-03-29,1.952
2026-10-07,2016-03-30,2.869
2026-10-07,2016-03-31,-208.04
2026-10-07,2016-04-01,14.629
2026-10-07,2016-04-04,26.9271
2026-10-07,2016-04-05,80.328
2026-10-07,2016-04-06,2.158
2026-10-07,2016-04-07,1.514
2026-10-07,2016-04-08,3.256
2026-10-07,2016-04-11,3.51
2026-10-07,2016-04-12,60.9423
2026-10-07,2016-04-13,97.0222
2026-10-07,2016-04-14,1.1096
2026-10-07,2016-04-15,121.04
2026-10-07,2016-04-18,119.0272
2026-10-07,2016-04-19,116.0684
2026-10-07,2016-04-20,0.855
2026-10-07,2016-04-21,1.116
2026-10-07,2016-04-22,2.929
2026-10-07,2016-04-25,4.0393
2026-10-07,2016-04-26,66.625
2026-10-07,2016-04-27,1.1127
2026-10-07,2016-04-28,1.109
2026-10-07,2016-04-29,-422.673
2026-10-07,2016-05-02,-0.594
2026-10-07,2016-05-03,1.456
2026-10-07,2016-05-04,40
2026-10-07,2016-05-05,2.015
2026-10-07,2016-05-06,3.575
2026-10-07,2016-05-09,56.3798
2026-10-07,2016-05-10,1.153
2026-10-07,2016-05-11,108.0499
2026-10-07,2016-05-12,71.016
2026-10-07,2016-05-13,194.552
2026-10-07,2016-05-16,58.8146
2026-10-07,2016-05-17,263.3721
2026-10-07,2016-05-18,213.7744
2026-10-07,2016-05-19,-9.1456
2026-10-07,2016-05-20,101.176
2026-10-07,2016-05-23,266.972
2026-10-07,2016-05-24,0.3
2026-10-07,2016-05-26,12.4241
2026-10-07,2016-05-27,117.789
2026-10-07,2016-05-30,1.833
2026-10-07,2016-05-31,1.0996
2026-10-07,2016-06-01,0.911
2026-10-07,2016-06-02,45.5
2026-10-07,2016-06-03,203.6654
2026-10-07,2016-06-06,31.255
2026-10-07,2016-06-07,0.134
2026-10-07,2016-06-08,31.461
2026-10-07,2016-06-09,10
2026-10-07,2016-06-10,11.7
2026-10-07,2016-06-13,0.514
2026-10-07,2016-06-14,93.6261
2026-10-07,2016-06-15,177.362
2026-10-07,2016-06-16,145.414
2026-10-07,2016-06-21,0.191
2026-10-07,2016-06-22,0.792
2026-10-07,2016-06-23,59.644
2026-10-07,2016-06-24,3.129
2026-10-07,2016-06-27,1.063
2026-10-07,2016-06-28,33.7044
2026-10-07,2016-06-29,3.3562
2026-10-07,2016-06-30,-530.337
2026-10-07,2016-07-01,1.9478
2026-10-07,2016-07-04,2.839
2026-10-07,2016-07-05,1.918
2026-10-07,2016-07-06,3.1498
2026-10-07,2016-07-07,81.0995
2026-10-07,2016-07-11,33.157
2026-10-07,2016-07-12,216.0541
2026-10-07,2016-07-13,125.91
2026-10-07,2016-07-14,117.027
2026-10-07,2016-07-15,125.855
2026-10-07,2016-07-18,1.055
2026-10-07,2016-07-19,0.9415
2026-10-07,2016-07-20,1.5083
2026-10-07,2016-07-21,2.249
2026-10-07,2016-07-22,0.788
2026-10-07,2016-07-25,0.9968
2026-10-07,2016-07-26,0.448
2026-10-07,2016-07-27,0.687
2026-10-07,2016-07-28,0.973
2026-10-07,2016-07-29,0.822
2026-10-07,2016-08-01,1.044
2026-10-07,2016-08-02,0.812
2026-10-07,2016-08-03,1.096
2026-10-07,2016-08-04,0.4747
2026-10-07,2016-08-05,1.216
2026-10-07,2016-08-08,0.67
2026-10-07,2016-08-09,0.5593
2026-10-07,2016-08-10,0
2026-10-07,2016-08-11,0
2026-10-07,2016-08-12,0
2026-10-07,2016-08-16,0
2026-10-07,2016-08-17,0
2026-10-07,2016-08-18,0
2026-10-07,2016-08-19,0
2026-10-07,2016-08-22,0
2026-10-07,2016-08-23,0
2026-10-07,2016-08-24,0
2026-10-07,2016-08-25,0
2026-10-07,2016-08-26,0
2026-10-07,2016-08-29,0
2026-10-07,2016-08-30,-0.018
2026-10-07,2016-08-31,0
2026-10-07,2016-09-01,0
2026-10-07,2016-09-02,0
2026-10-07,2016-09-05,0
2026-10-07,2016-09-06,0
2026-10-07,2016-09-07,0
2026-10-07,2016-09-08,0
2026-10-07,2016-09-09,0
2026-10-07,2016-09-12,0
2026-10-07,2016-09-13,0
2026-10-07,2016-09-14,0
2026-10-07,2016-09-15,0
2026-10-07,2016-09-16,0
2026-10-07,2016-09-19,0
2026-10-07,2016-09-20,0
2026-10-07,2016-09-21,0
2026-10-07,2016-09-22,0
2026-10-07,2016-09-23,0
2026-10-07,2016-09-26,0
2026-10-07,2016-09-27,0
2026-10-07,2016-09-28,0
2026-10-07,2016-09-29,0
2026-10-07,2016-09-30,0
2026-10-07,2016-10-03,0
2026-10-07,2016-10-04,0
2026-10-07,2016-10-05,0
2026-10-07,2016-10-06,0
2026-10-07,2016-10-07,0
2026-10-07,2016-10-11,0
2026-10-07,2016-10-12,0
2026-10-07,2016-10-13,0
2026-10-07,2016-10-14,0
2026-10-07,2016-10-17,0
2026-10-07,2016-10-18,0
2026-10-07,2016-10-19,0
2026-10-07,2016-10-20,0
2026-10-07,2016-10-21,0
2026-10-07,2016-10-24,0
2026-10-07,2016-10-25,10.8
2026-10-07,2016-10-26,0
2026-10-07,2016-10-27,0
2026-10-07,2016-10-28,0
2026-10-07,2016-10-31,0
2026-10-07,2016-11-01,0
2026-10-07,2016-11-02,0
2026-10-07,2016-11-03,0
2026-10-07,2016-11-04,0
2026-10-07,2016-11-07,0
2026-10-07,2016-11-08,0
2026-10-07,2016-11-09,0
2026-10-07,2016-11-10,0
2026-10-07,2016-11-11,0
2026-10-07,2016-11-14,0
2026-10-07,2016-11-15,0
2026-10-07,2016-11-16,0
2026-10-07,2016-11-17,0
2026-10-07,2016-11-18,4.3
2026-10-07,2016-11-21,0
2026-10-07,2016-11-22,0
2026-10-07,2016-11-23,0
2026-10-07,2016-11-24,0
2026-10-07,2016-11-25,0
2026-10-07,2016-11-29,0
2026-10-07,2016-11-30,0
2026-10-07,2016-12-01,0
2026-10-07,2016-12-02,0
2026-10-07,2016-12-05,0
2026-10-07,2016-12-06,0
2026-10-07,2016-12-07,0
2026-10-07,2016-12-12,0
2026-10-07,2016-12-13,0
2026-10-07,2016-12-14,0
2026-10-07,2016-12-15,0
2026-10-07,2016-12-16,0
2026-10-07,2016-12-19,0
2026-10-07,2016-12-20,700
2026-10-07,2016-12-21,0
2026-10-07,2016-12-22,0
2026-10-07,2016-12-23,0
2026-10-07,2016-12-26,0
2026-10-07,2016-12-27,0
2026-10-07,2016-12-28,0
2026-10-07,2016-12-29,5.534
2026-10-07,2016-12-30,0
2026-10-07,2017-01-02,0
2026-10-07,2017-01-03,0
2026-10-07,2017-01-04,0
2026-10-07,2017-01-05,0
2026-10-07,2017-01-06,0
2026-10-07,2017-01-09,0
2026-10-07,2017-01-10,0
2026-10-07,2017-01-11,0
2026-10-07,2017-01-12,0
2026-10-07,2017-01-13,0
2026-10-07,2017-01-16,0
2026-10-07,2017-01-17,0
2026-10-07,2017-01-18,0
2026-10-07,2017-01-19,0
2026-10-07,2017-01-20,0
2026-10-07,2017-01-23,0
2026-10-07,2017-01-24,0
2026-10-07,2017-01-25,0
2026-10-07,2017-01-26,0
2026-10-07,2017-01-27,0
2026-10-07,2017-01-30,0
2026-10-07,2017-01-31,0
2026-10-07,2017-02-01,0
2026-10-07,2017-02-02,0
2026-10-07,2017-02-03,0
2026-10-07,2017-02-06,0
2026-10-07,2017-02-07,0
2026-10-07,2017-02-08,0
2026-10-07,2017-02-09,0
2026-10-07,2017-02-10,0
2026-10-07,2017-02-13,0
2026-10-07,2017-02-14,0
2026-10-07,2017-02-15,0
2026-10-07,2017-02-16,0
2026-10-07,2017-02-17,0
2026-10-07,2017-02-20,0
2026-10-07,2017-02-21,0
2026-10-07,2017-02-22,0
2026-10-07,2017-02-23,0
2026-10-07,2017-02-24,0
2026-10-07,2017-03-01,0
2026-10-07,2017-03-02,0
2026-10-07,2017-03-03,0
2026-10-07,2017-03-06,0
2026-10-07,2017-03-07,0
2026-10-07,2017-03-08,0
2026-10-07,2017-03-09,0
2026-10-07,2017-03-10,0
2026-10-07,2017-03-13,0
2026-10-07,2017-03-14,0
2026-10-07,2017-03-15,300
2026-10-07,2017-03-16,0
2026-10-07,2017-03-17,0
2026-10-07,2017-03-20,0
2026-10-07,2017-03-21,0
2026-10-07,2017-03-22,0
2026-10-07,2017-03-23,300
2026-10-07,2017-03-27,0
2026-10-07,2017-03-28,0
2026-10-07,2017-03-29,0
2026-10-07,2017-03-30,0
2026-10-07,2017-03-31,0
2026-10-07,2017-04-03,0
2026-10-07,2017-04-04,0
2026-10-07,2017-04-05,0
2026-10-07,2017-04-06,0
2026-10-07,2017-04-07,0
2026-10-07,2017-04-10,0
2026-10-07,2017-04-11,0
2026-10-07,2017-04-12,0
2026-10-07,2017-04-17,0
2026-10-07,2017-04-18,0
2026-10-07,2017-04-19,0
2026-10-07,2017-04-20,0
2026-10-07,2017-04-21,0
2026-10-07,2017-04-24,0
2026-10-07,2017-04-25,0
2026-10-07,2017-04-26,0
2026-10-07,2017-04-27,0
2026-10-07,2017-04-28,0
2026-10-07,2017-05-02,0
2026-10-07,2017-05-03,100
2026-10-07,2017-05-04,100
2026-10-07,2017-05-05,100
2026-10-07,2017-05-08,100
2026-10-07,2017-05-09,100
2026-10-07,2017-05-10,100
2026-10-07,2017-05-11,100
2026-10-07,2017-05-12,100
2026-10-07,2017-05-15,100
2026-10-07,2017-05-16,100
2026-10-07,2017-05-17,100
2026-10-07,2017-05-18,0
2026-10-07,2017-05-19,0
2026-10-07,2017-05-22,0
2026-10-07,2017-05-23,0
2026-10-07,2017-05-24,0
2026-10-07,2017-05-26,0
2026-10-07,2017-05-29,0
2026-10-07,2017-05-30,0
2026-10-07,2017-05-31,0
2026-10-07,2017-06-01,49.5602
2026-10-07,2017-06-02,0
2026-10-07,2017-06-05,0
2026-10-07,2017-06-06,0
2026-10-07,2017-06-07,0
2026-10-07,2017-06-08,0
2026-10-07,2017-06-09,0
2026-10-07,2017-06-12,0
2026-10-07,2017-06-13,0
2026-10-07,2017-06-14,0
2026-10-07,2017-06-15,0
2026-10-07,2017-06-16,0
2026-10-07,2017-06-19,0
2026-10-07,2017-06-21,0
2026-10-07,2017-06-22,0
2026-10-07,2017-06-23,0
2026-10-07,2017-06-26,0
2026-10-07,2017-06-27,0
2026-10-07,2017-06-28,0
2026-10-07,2017-06-29,0
2026-10-07,2017-06-30,0
2026-10-07,2017-07-03,0
2026-10-07,2017-07-04,0
2026-10-07,2017-07-05,0
2026-10-07,2017-07-06,0
2026-10-07,2017-07-07,0
2026-10-07,2017-07-10,0
2026-10-07,2017-07-11,0
2026-10-07,2017-07-12,0
2026-10-07,2017-07-13,0
2026-10-07,2017-07-14,0
2026-10-07,2017-07-17,0
2026-10-07,2017-07-18,0
2026-10-07,2017-07-19,0
2026-10-07,2017-07-20,0
2026-10-07,2017-07-21,0
2026-10-07,2017-07-24,0
2026-10-07,2017-07-25,0
2026-10-07,2017-07-26,0
2026-10-07,2017-07-27,0
2026-10-07,2017-07-28,-304.5
2026-10-07,2017-07-31,0
2026-10-07,2017-08-01,0
2026-10-07,2017-08-02,0
2026-10-07,2017-08-03,-42.3
2026-10-07,2017-08-04,0
2026-10-07,2017-08-07,-165.1
2026-10-07,2017-08-08,-208
2026-10-07,2017-08-09,-583.71
2026-10-07,2017-08-10,-298.2
2026-10-07,2017-08-11,-235.4
2026-10-07,2017-08-14,0
2026-10-07,2017-08-15,0
2026-10-07,2017-08-16,0
2026-10-07,2017-08-17,0
2026-10-07,2017-08-18,0
2026-10-07,2017-08-22,0
2026-10-07,2017-08-23,0
2026-10-07,2017-08-24,0
2026-10-07,2017-08-25,0
2026-10-07,2017-08-28,0
2026-10-07,2017-08-29,0
2026-10-07,2017-08-30,0
2026-10-07,2017-08-31,0
2026-10-07,2017-09-01,0
2026-10-07,2017-09-04,0
2026-10-07,2017-09-05,0
2026-10-07,2017-09-06,0
2026-10-07,2017-09-07,0
2026-10-07,2017-09-08,0
2026-10-07,2017-09-11,0
2026-10-07,2017-09-12,0
2026-10-07,2017-09-13,0
2026-10-07,2017-09-14,0
2026-10-07,2017-09-15,0
2026-10-07,2017-09-18,0
2026-10-07,2017-09-19,0
2026-10-07,2017-09-20,0
2026-10-07,2017-09-21,0
2026-10-07,2017-09-22,0
2026-10-07,2017-09-25,0
2026-10-07,2017-09-26,0
2026-10-07,2017-09-27,0
2026-10-07,2017-09-28,0
2026-10-07,2017-09-29,0
2026-10-07,2017-10-02,0
2026-10-07,2017-10-03,0
2026-10-07,2017-10-04,0
2026-10-07,2017-10-05,0
2026-10-07,2017-10-06,0
2026-10-07,2017-10-09,0
2026-10-07,2017-10-10,0
2026-10-07,2017-10-11,0
2026-10-07,2017-10-12,0
2026-10-07,2017-10-13,0
2026-10-07,2017-10-17,0
2026-10-07,2017-10-18,0
2026-10-07,2017-10-19,0
2026-10-07,2017-10-20,0
2026-10-07,2017-10-23,0
2026-10-07,2017-10-24,0
2026-10-07,2017-10-25,0
2026-10-07,2017-10-26,0
2026-10-07,2017-10-27,0
2026-10-07,2017-10-30,0
2026-10-07,2017-10-31,0
2026-10-07,2017-11-01,0
2026-10-07,2017-11-02,0
2026-10-07,2017-11-03,0
2026-10-07,2017-11-07,0
2026-10-07,2017-11-08,0
2026-10-07,2017-11-09,0
2026-10-07,2017-11-10,0
2026-10-07,2017-11-13,0
2026-10-07,2017-11-14,0
2026-10-07,2017-11-15,0
2026-10-07,2017-11-16,0
2026-10-07,2017-11-17,0
2026-10-07,2017-11-21,0
2026-10-07,2017-11-22,0
2026-10-07,2017-11-23,0
2026-10-07,2017-11-24,0
2026-10-07,2017-11-27,0
2026-10-07,2017-11-28,0
2026-10-07,2017-11-29,0
2026-10-07,2017-11-30,0
2026-10-07,2017-12-01,0
2026-10-07,2017-12-04,0
2026-10-07,2017-12-05,0
2026-10-07,2017-12-06,0
2026-10-07,2017-12-07,0
2026-10-07,2017-12-11,0
2026-10-07,2017-12-12,0
2026-10-07,2017-12-13,0
2026-10-07,2017-12-14,0
2026-10-07,2017-12-15,0
2026-10-07,2017-12-18,0
2026-10-07,2017-12-19,0
2026-10-07,2017-12-20,0
2026-10-07,2017-12-21,0
2026-10-07,2017-12-22,0
2026-10-07,2017-12-26,0
2026-10-07,2017-12-27,0
2026-10-07,2017-12-28,0
2026-10-07,2017-12-29,0
2026-10-07,2018-01-02,0
2026-10-07,2018-01-03,0
2026-10-07,2018-01-04,0
2026-10-07,2018-01-05,0
2026-10-07,2018-01-08,0
2026-10-07,2018-01-09,0
2026-10-07,2018-01-10,0
2026-10-07,2018-01-11,0
2026-10-07,2018-01-12,0
2026-10-07,2018-01-15,0
2026-10-07,2018-01-16,0
2026-10-07,2018-01-17,0
2026-10-07,2018-01-18,0
2026-10-07,2018-01-19,0
2026-10-07,2018-01-22,0
2026-10-07,2018-01-23,0
2026-10-07,2018-01-24,0
2026-10-07,2018-01-25,0
2026-10-07,2018-01-26,0
2026-10-07,2018-01-29,0
2026-10-07,2018-01-30,0
2026-10-07,2018-01-31,0
2026-10-07,2018-02-01,0
2026-10-07,2018-02-02,0
2026-10-07,2018-02-05,0
2026-10-07,2018-02-06,0
2026-10-07,2018-02-07,0
2026-10-07,2018-02-08,0
2026-10-07,2018-02-09,0
2026-10-07,2018-02-14,0
2026-10-07,2018-02-15,0
2026-10-07,2018-02-16,0
2026-10-07,2018-02-19,0
2026-10-07,2018-02-20,0
2026-10-07,2018-02-21,0
2026-10-07,2018-02-22,0
2026-10-07,2018-02-23,0
2026-10-07,2018-02-26,0
2026-10-07,2018-02-27,0
2026-10-07,2018-02-28,0
2026-10-07,2018-03-01,0
2026-10-07,2018-03-02,0
2026-10-07,2018-03-05,-30
2026-10-07,2018-03-06,0
2026-10-07,2018-03-07,-20
2026-10-07,2018-03-08,-123.17
2026-10-07,2018-03-09,-212.5
2026-10-07,2018-03-12,-136.7
2026-10-07,2018-03-13,0
2026-10-07,2018-03-14,0
2026-10-07,2018-03-15,0
2026-10-07,2018-03-16,-412.5
2026-10-07,2018-03-19,-187.5
2026-10-07,2018-03-20,-45
2026-10-07,2018-03-21,-24
2026-10-07,2018-03-22,-365.3
2026-10-07,2018-03-23,-139.5
2026-10-07,2018-03-26,-69
2026-10-07,2018-03-27,-158.9
2026-10-07,2018-03-28,-115.7
2026-10-07,2018-04-03,0
2026-10-07,2018-04-04,-212.5
2026-10-07,2018-04-05,0
2026-10-07,2018-04-06,-175
2026-10-07,2018-04-09,0
2026-10-07,2018-04-10,0
2026-10-07,2018-04-11,0
2026-10-07,2018-04-12,0
2026-10-07,2018-04-13,0
2026-10-07,2018-04-16,0
2026-10-07,2018-04-17,0
2026-10-07,2018-04-18,0
2026-10-07,2018-04-19,0
2026-10-07,2018-04-20,0
2026-10-07,2018-04-23,-210.8
2026-10-07,2018-04-24,-425.5
2026-10-07,2018-04-25,-1471.7
2026-10-07,2018-04-26,-853.34
2026-10-07,2018-04-27,-1382.11
2026-10-07,2018-05-02,-504.5
2026-10-07,2018-05-03,-451
2026-10-07,2018-05-04,0
2026-10-07,2018-05-07,0
2026-10-07,2018-05-08,0
2026-10-07,2018-05-09,0
2026-10-07,2018-05-10,-139.5
2026-10-07,2018-05-11,-1094.65
2026-10-07,2018-05-14,-415.1
2026-10-07,2018-05-15,-790.8
2026-10-07,2018-05-16,0
2026-10-07,2018-05-17,0
2026-10-07,2018-05-18,0
2026-10-07,2018-05-21,0
2026-10-07,2018-05-22,0
2026-10-07,2018-05-23,0
2026-10-07,2018-05-24,0
2026-10-07,2018-05-28,0
2026-10-07,2018-05-29,0
2026-10-07,2018-05-30,0
2026-10-07,2018-05-31,0
2026-10-07,2018-06-01,0
2026-10-07,2018-06-04,0
2026-10-07,2018-06-05,0
2026-10-07,2018-06-06,0
2026-10-07,2018-06-07,0
2026-10-07,2018-06-08,0
2026-10-07,2018-06-11,0
2026-10-07,2018-06-12,-695.2
2026-10-07,2018-06-13,-99
2026-10-07,2018-06-14,0
2026-10-07,2018-06-15,0
2026-10-07,2018-06-18,-175
2026-10-07,2018-06-19,0
2026-10-07,2018-06-21,0
2026-10-07,2018-06-22,0
2026-10-07,2018-06-25,0
2026-10-07,2018-06-26,0
2026-10-07,2018-06-27,0
2026-10-07,2018-06-28,0
2026-10-07,2018-06-29,-300
2026-10-07,2018-07-02,0
2026-10-07,2018-07-03,0
2026-10-07,2018-07-04,0
2026-10-07,2018-07-05,0
2026-10-07,2018-07-06,0
2026-10-07,2018-07-10,0
2026-10-07,2018-07-11,0
2026-10-07,2018-07-12,0
2026-10-07,2018-07-13,0
2026-10-07,2018-07-16,0
2026-10-07,2018-07-17,0
2026-10-07,2018-07-18,0
2026-10-07,2018-07-19,0
2026-10-07,2018-07-20,0
2026-10-07,2018-07-23,0
2026-10-07,2018-07-24,0
2026-10-07,2018-07-25,0
2026-10-07,2018-07-26,0
2026-10-07,2018-07-27,0
2026-10-07,2018-07-30,0
2026-10-07,2018-07-31,0
2026-10-07,2018-08-01,0
2026-10-07,2018-08-02,0
2026-10-07,2018-08-03,0
2026-10-07,2018-08-06,0
2026-10-07,2018-08-07,0
2026-10-07,2018-08-08,0
2026-10-07,2018-08-09,0
2026-10-07,2018-08-10,0
2026-10-07,2018-08-13,0
2026-10-07,2018-08-14,0
2026-10-07,2018-08-15,-981
2026-10-07,2018-08-16,-55
2026-10-07,2018-08-17,0
2026-10-07,2018-08-21,0
2026-10-07,2018-08-22,0
2026-10-07,2018-08-23,0
2026-10-07,2018-08-24,0
2026-10-07,2018-08-27,-210
2026-10-07,2018-08-28,-270
2026-10-07,2018-08-29,-370
2026-10-07,2018-08-30,-408
2026-10-07,2018-08-31,-250
2026-10-07,2018-09-03,0
2026-10-07,2018-09-04,-480.07
2026-10-07,2018-09-05,-235.08
2026-10-07,2018-09-06,0
2026-10-07,2018-09-07,0
2026-10-07,2018-09-10,-15
2026-10-07,2018-09-11,-54.85
2026-10-07,2018-09-12,-5
2026-10-07,2018-09-13,-39
2026-10-07,2018-09-14,-281.3
2026-10-07,2018-09-17,-301.5
2026-10-07,2018-09-18,-261.5
2026-10-07,2018-09-19,-195.14
2026-10-07,2018-09-20,0
2026-10-07,2018-09-21,0
2026-10-07,2018-09-24,-120
2026-10-07,2018-09-25,0
2026-10-07,2018-09-26,0
2026-10-07,2018-09-27,0
2026-10-07,2018-09-28,0
2026-10-07,2018-10-01,0
2026-10-07,2018-10-02,0
2026-10-07,2018-10-03,0
2026-10-07,2018-10-04,0
2026-10-07,2018-10-05,0
2026-10-07,2018-10-08,0
2026-10-07,2018-10-09,0
2026-10-07,2018-10-10,0
2026-10-07,2018-10-11,0
2026-10-07,2018-10-12,0
2026-10-07,2018-10-16,0
2026-10-07,2018-10-17,0
2026-10-07,2018-10-18,0
2026-10-07,2018-10-19,0
2026-10-07,2018-10-22,0
2026-10-07,2018-10-23,0
2026-10-07,2018-10-24,0
2026-10-07,2018-10-25,0
2026-10-07,2018-10-26,0
2026-10-07,2018-10-29,0
2026-10-07,2018-10-30,0
2026-10-07,2018-10-31,0
2026-10-07,2018-11-01,0
2026-10-07,2018-11-02,0
2026-10-07,2018-11-05,0
2026-10-07,2018-11-07,0
2026-10-07,2018-11-08,0
2026-10-07,2018-11-09,0
2026-10-07,2018-11-12,0
2026-10-07,2018-11-13,0
2026-10-07,2018-11-14,0
2026-10-07,2018-11-15,0
2026-10-07,2018-11-16,0
2026-10-07,2018-11-20,0
2026-10-07,2018-11-21,0
2026-10-07,2018-11-22,0
2026-10-07,2018-11-23,0
2026-10-07,2018-11-26,0
2026-10-07,2018-11-27,0
2026-10-07,2018-11-28,0
2026-10-07,2018-11-29,0
2026-10-07,2018-12-03,0
2026-10-07,2018-12-04,0
2026-10-07,2018-12-05,0
2026-10-07,2018-12-06,0
2026-10-07,2018-12-07,0
2026-10-07,2018-12-10,0
2026-10-07,2018-12-11,0
2026-10-07,2018-12-12,0
2026-10-07,2018-12-13,0
2026-10-07,2018-12-14,0
2026-10-07,2018-12-17,0
2026-10-07,2018-12-18,0
2026-10-07,2018-12-19,0
2026-10-07,2018-12-20,0
2026-10-07,2018-12-21,0
2026-10-07,2018-12-26,0
2026-10-07,2018-12-27,0
2026-10-07,2018-12-28,0
2026-10-07,2019-01-02,0
2026-10-07,2019-01-03,0
2026-10-07,2019-01-04,0
2026-10-07,2019-01-07,0
2026-10-07,2019-01-08,0
2026-10-07,2019-01-09,0
2026-10-07,2019-01-10,20
2026-10-07,2019-01-11,40
2026-10-07,2019-01-14,50
2026-10-07,2019-01-15,50
2026-10-07,2019-01-16,30
2026-10-07,2019-01-17,0
2026-10-07,2019-01-18,0
2026-10-07,2019-01-21,0
2026-10-07,2019-01-22,50
2026-10-07,2019-01-23,50
2026-10-07,2019-01-24,50
2026-10-07,2019-01-25,50
2026-10-07,2019-01-28,50
2026-10-07,2019-01-29,50
2026-10-07,2019-01-30,20
2026-10-07,2019-01-31,50
2026-10-07,2019-02-01,50
2026-10-07,2019-02-04,75
2026-10-07,2019-02-05,75
2026-10-07,2019-02-06,75
2026-10-07,2019-02-07,25
2026-10-07,2019-02-08,25
2026-10-07,2019-02-11,0
2026-10-07,2019-02-12,75
2026-10-07,2019-02-13,18
2026-10-07,2019-02-14,0
2026-10-07,2019-02-15,0
2026-10-07,2019-02-18,0
2026-10-07,2019-02-19,0
2026-10-07,2019-02-20,0
2026-10-07,2019-02-21,0
2026-10-07,2019-02-22,0
2026-10-07,2019-02-25,0
2026-10-07,2019-02-26,0
2026-10-07,2019-02-27,0
2026-10-07,2019-02-28,0
2026-10-07,2019-03-01,0
2026-10-07,2019-03-06,0
2026-10-07,2019-03-07,0
2026-10-07,2019-03-08,0
2026-10-07,2019-03-11,0
2026-10-07,2019-03-12,0
2026-10-07,2019-03-13,0
2026-10-07,2019-03-14,0
2026-10-07,2019-03-15,0
2026-10-07,2019-03-18,0
2026-10-07,2019-03-19,0
2026-10-07,2019-03-20,0
2026-10-07,2019-03-21,0
2026-10-07,2019-03-22,0
2026-10-07,2019-03-25,0
2026-10-07,2019-03-26,0
2026-10-07,2019-03-27,0
2026-10-07,2019-03-28,0
2026-10-07,2019-03-29,0
2026-10-07,2019-04-01,0
2026-10-07,2019-04-03,0
2026-10-07,2019-04-04,0
2026-10-07,2019-04-05,0
2026-10-07,2019-04-08,0
2026-10-07,2019-04-09,0
2026-10-07,2019-04-10,0
2026-10-07,2019-04-11,0
2026-10-07,2019-04-12,0
2026-10-07,2019-04-15,0
2026-10-07,2019-04-16,0
2026-10-07,2019-04-17,0
2026-10-07,2019-04-22,0
2026-10-07,2019-04-23,0
2026-10-07,2019-04-24,0
2026-10-07,2019-04-25,0
2026-10-07,2019-04-26,0
2026-10-07,2019-04-29,0
2026-10-07,2019-04-30,0
2026-10-07,2019-05-02,0
2026-10-07,2019-05-03,0
2026-10-07,2019-05-06,0
2026-10-07,2019-05-07,0
2026-10-07,2019-05-08,0
2026-10-07,2019-05-09,0
2026-10-07,2019-05-10,0
2026-10-07,2019-05-13,0
2026-10-07,2019-05-14,0
2026-10-07,2019-05-15,0
2026-10-07,2019-05-16,0
2026-10-07,2019-05-17,0
2026-10-07,2019-05-20,0
2026-10-07,2019-05-21,0
2026-10-07,2019-05-22,0
2026-10-07,2019-05-23,0
2026-10-07,2019-05-24,0
2026-10-07,2019-05-27,0
2026-10-07,2019-05-28,0
2026-10-07,2019-05-29,0
2026-10-07,2019-05-30,0
2026-10-07,2019-05-31,0
2026-10-07,2019-06-03,0
2026-10-07,2019-06-04,0
2026-10-07,2019-06-05,0
2026-10-07,2019-06-06,0
2026-10-07,2019-06-07,0
2026-10-07,2019-06-10,0
2026-10-07,2019-06-11,0
2026-10-07,2019-06-12,0
2026-10-07,2019-06-13,0
2026-10-07,2019-06-14,0
2026-10-07,2019-06-18,0
2026-10-07,2019-06-19,0
2026-10-07,2019-06-21,0
2026-10-07,2019-06-24,0
2026-10-07,2019-06-25,0
2026-10-07,2019-06-26,0
2026-10-07,2019-06-27,0
2026-10-07,2019-06-28,0
2026-10-07,2019-07-01,0
2026-10-07,2019-07-02,0
2026-10-07,2019-07-03,0
2026-10-07,2019-07-04,0
2026-10-07,2019-07-05,0
2026-10-07,2019-07-10,0
2026-10-07,2019-07-11,0
2026-10-07,2019-07-12,0
2026-10-07,2019-07-15,0
2026-10-07,2019-07-16,0
2026-10-07,2019-07-17,0
2026-10-07,2019-07-18,0
2026-10-07,2019-07-19,0
2026-10-07,2019-07-22,0
2026-10-07,2019-07-23,0
2026-10-07,2019-07-24,0
2026-10-07,2019-07-25,0
2026-10-07,2019-07-26,0
2026-10-07,2019-07-29,0
2026-10-07,2019-07-30,0
2026-10-07,2019-07-31,0
2026-10-07,2019-08-01,0
2026-10-07,2019-08-02,0
2026-10-07,2019-08-05,0
2026-10-07,2019-08-06,0
2026-10-07,2019-08-07,0
2026-10-07,2019-08-08,0
2026-10-07,2019-08-09,0
2026-10-07,2019-08-12,-105
2026-10-07,2019-08-13,-150
2026-10-07,2019-08-14,-248
2026-10-07,2019-08-15,0
2026-10-07,2019-08-16,0
2026-10-07,2019-08-20,-112
2026-10-07,2019-08-21,-94
2026-10-07,2019-08-22,0
2026-10-07,2019-08-23,-50
2026-10-07,2019-08-26,0
2026-10-07,2019-08-27,-302
2026-10-07,2019-08-28,-367
2026-10-07,2019-08-29,-223
2026-10-07,2019-08-30,-387
2026-10-07,2019-09-02,0
2026-10-07,2019-09-03,-134.9
2026-10-07,2019-09-04,-162.5
2026-10-07,2019-09-05,-19
2026-10-07,2019-09-06,0
2026-10-07,2019-09-09,-80
2026-10-07,2019-09-10,28
2026-10-07,2019-09-11,-56
2026-10-07,2019-09-12,0
2026-10-07,2019-09-13,0
2026-10-07,2019-09-16,-105
2026-10-07,2019-09-17,-72.5
2026-10-07,2019-09-18,-116
2026-10-07,2019-09-19,-60
2026-10-07,2019-09-20,-97
2026-10-07,2019-09-23,-85
2026-10-07,2019-09-24,0
2026-10-07,2019-09-25,0
2026-10-07,2019-09-26,-63
2026-10-07,2019-09-27,-95.5
2026-10-07,2019-09-30,-203.65
2026-10-07,2019-10-01,-203.5
2026-10-07,2019-10-02,-153.9
2026-10-07,2019-10-03,-33.5
2026-10-07,2019-10-04,-38.5
2026-10-07,2019-10-07,-51.5
2026-10-07,2019-10-08,-81.3
2026-10-07,2019-10-09,-25
2026-10-07,2019-10-10,-40.5
2026-10-07,2019-10-11,-57.3
2026-10-07,2019-10-15,-153.1
2026-10-07,2019-10-16,-185
2026-10-07,2019-10-17,-95.75
2026-10-07,2019-10-18,-291.75
2026-10-07,2019-10-21,-357
2026-10-07,2019-10-22,-447
2026-10-07,2019-10-23,-555.35
2026-10-07,2019-10-24,-690.6
2026-10-07,2019-10-25,-812.15
2026-10-07,2019-10-28,42
2026-10-07,2019-10-29,100
2026-10-07,2019-10-30,8.1
2026-10-07,2019-10-31,0
2026-10-07,2019-11-01,124
2026-10-07,2019-11-04,116
2026-10-07,2019-11-05,155.5
2026-10-07,2019-11-07,213
2026-10-07,2019-11-08,346
2026-10-07,2019-11-11,0
2026-10-07,2019-11-12,202
2026-10-07,2019-11-13,86
2026-10-07,2019-11-14,127
2026-10-07,2019-11-15,142
2026-10-07,2019-11-19,124.5
2026-10-07,2019-11-20,64
2026-10-07,2019-11-21,68
2026-10-07,2019-11-22,143
2026-10-07,2019-11-25,157.5
2026-10-07,2019-11-26,106
2026-10-07,2019-11-27,19.5
2026-10-07,2019-11-28,0
2026-10-07,2019-11-29,8
2026-10-07,2019-12-02,-55
2026-10-07,2019-12-03,49
2026-10-07,2019-12-04,37
2026-10-07,2019-12-05,-13.65
2026-10-07,2019-12-06,4
2026-10-07,2019-12-09,-4
2026-10-07,2019-12-10,0
2026-10-07,2019-12-11,110.5
2026-10-07,2019-12-12,206.5
2026-10-07,2019-12-13,175.8
2026-10-07,2019-12-16,70
2026-10-07,2019-12-17,158.4
2026-10-07,2019-12-18,109.2
2026-10-07,2019-12-19,166.5
2026-10-07,2019-12-20,117
2026-10-07,2019-12-23,-59.5
2026-10-07,2019-12-26,0
2026-10-07,2019-12-27,49.2
2026-10-07,2019-12-30,0
2026-10-07,2020-01-02,74.5
2026-10-07,2020-01-03,140
2026-10-07,2020-01-06,29
2026-10-07,2020-01-07,62.2
2026-10-07,2020-01-08,140.2
2026-10-07,2020-01-09,201.85
2026-10-07,2020-01-10,106
2026-10-07,2020-01-13,-57.6
2026-10-07,2020-01-14,-57.5
2026-10-07,2020-01-15,92.6
2026-10-07,2020-01-16,22.5
2026-10-07,2020-01-17,120.22
2026-10-07,2020-01-20,0
2026-10-07,2020-01-21,0
2026-10-07,2020-01-22,33
2026-10-07,2020-01-23,0
2026-10-07,2020-01-24,0
2026-10-07,2020-01-27,-115
2026-10-07,2020-01-28,11
2026-10-07,2020-01-29,8
2026-10-07,2020-01-30,45.5
2026-10-07,2020-01-31,-73.3
2026-10-07,2020-02-03,-2.5
2026-10-07,2020-02-04,-275.925
2026-10-07,2020-02-05,-23.1
2026-10-07,2020-02-06,10
2026-10-07,2020-02-07,-2
2026-10-07,2020-02-10,0
2026-10-07,2020-02-11,-15
2026-10-07,2020-02-12,-45
2026-10-07,2020-02-13,12
2026-10-07,2020-02-14,25
2026-10-07,2020-02-17,0.5
2026-10-07,2020-02-18,-23.5
2026-10-07,2020-02-19,-11
2026-10-07,2020-02-20,12
2026-10-07,2020-02-21,51.6
2026-10-07,2020-02-26,-17.5
2026-10-07,2020-02-27,59.5
2026-10-07,2020-02-28,-14.6
2026-10-07,2020-03-02,99.75
2026-10-07,2020-03-03,172.6
2026-10-07,2020-03-04,-7.8
2026-10-07,2020-03-05,20
2026-10-07,2020-03-06,9.2
2026-10-07,2020-03-09,-77
2026-10-07,2020-03-10,5.2
2026-10-07,2020-03-11,9.5
2026-10-07,2020-03-12,-65.7
2026-10-07,2020-03-13,-100.7
2026-10-07,2020-03-16,0.8
2026-10-07,2020-03-17,-32.4
2026-10-07,2020-03-18,-108.5
2026-10-07,2020-03-19,-10.1
2026-10-07,2020-03-20,-51.5
2026-10-07,2020-03-25,95
2026-10-07,2020-03-26,76.12
2026-10-07,2020-03-27,39.4
2026-10-07,2020-03-30,61.25
2026-10-07,2020-04-01,54
2026-10-07,2020-04-02,37
2026-10-07,2020-04-03,22
2026-10-07,2020-04-06,57.1
2026-10-07,2020-04-07,7.95
2026-10-07,2020-04-08,31.2
2026-10-07,2020-04-13,34
2026-10-07,2020-04-14,11.22
2026-10-07,2020-04-15,-66.49
2026-10-07,2020-04-16,-34.02
2026-10-07,2020-04-17,-85.8
2026-10-07,2020-04-20,-12.6
2026-10-07,2020-04-21,-28.35
2026-10-07,2020-04-22,-93.8
2026-10-07,2020-04-23,-39.6
2026-10-07,2020-04-24,-54.95
2026-10-07,2020-04-27,-104.5
2026-10-07,2020-04-28,-101
2026-10-07,2020-04-29,-104.33
2026-10-07,2020-04-30,-75.75
2026-10-07,2020-05-04,31.5
2026-10-07,2020-05-05,80.3
2026-10-07,2020-05-06,-28.45
2026-10-07,2020-05-07,8.75
2026-10-07,2020-05-08,-51.4
2026-10-07,2020-05-11,-11.8
2026-10-07,2020-05-12,-6.1
2026-10-07,2020-05-13,-96.75
2026-10-07,2020-05-14,-81.98
2026-10-07,2020-05-15,-45.9
2026-10-07,2020-05-18,-125.55
2026-10-07,2020-05-19,-93.52
2026-10-07,2020-05-20,-92.92
2026-10-07,2020-05-21,-93.75
2026-10-07,2020-05-22,-74.6
2026-10-07,2020-05-26,-87.93
2026-10-07,2020-05-27,-84.58
2026-10-07,2020-05-28,-103.31
2026-10-07,2020-05-29,279
2026-10-07,2020-06-01,58
2026-10-07,2020-06-02,81.75
2026-10-07,2020-06-03,19.4
2026-10-07,2020-06-04,73.95
2026-10-07,2020-06-05,80.62
2026-10-07,2020-06-08,40.6
2026-10-07,2020-06-09,71.47
2026-10-07,2020-06-10,100.35
2026-10-07,2020-06-11,110.15
2026-10-07,2020-06-12,38.15
2026-10-07,2020-06-16,97.5
2026-10-07,2020-06-17,0
2026-10-07,2020-06-18,-84.85
2026-10-07,2020-06-19,-21.28
2026-10-07,2020-06-22,18.7
2026-10-07,2020-06-23,-48
2026-10-07,2020-06-24,0.5
2026-10-07,2020-06-25,-50.35
2026-10-07,2020-06-26,27.2
2026-10-07,2020-06-29,8.34
2026-10-07,2020-06-30,49.75
2026-10-07,2020-07-01,-100.85
2026-10-07,2020-07-02,-77.2
2026-10-07,2020-07-03,-47.53
2026-10-07,2020-07-06,11.7
2026-10-07,2020-07-07,-44.43
2026-10-07,2020-07-08,-25.29
2026-10-07,2020-07-13,26
2026-10-07,2020-07-14,18.8
2026-10-07,2020-07-15,0
2026-10-07,2020-07-16,-40.33
2026-10-07,2020-07-17,-44.93
2026-10-07,2020-07-20,12.48
2026-10-07,2020-07-21,-19.89
2026-10-07,2020-07-22,-30.69
2026-10-07,2020-07-23,-28.55
2026-10-07,2020-07-24,-21.33
2026-10-07,2020-07-27,-30.84
2026-10-07,2020-07-28,11.7
2026-10-07,2020-07-29,-24.9
2026-10-07,2020-07-30,-57.31
2026-10-07,2020-07-31,-54.8
2026-10-07,2020-08-03,-98
2026-10-07,2020-08-04,-126.03
2026-10-07,2020-08-05,-120.48
2026-10-07,2020-08-06,-84.3
2026-10-07,2020-08-07,-48.35
2026-10-07,2020-08-10,0
2026-10-07,2020-08-11,-29.5
2026-10-07,2020-08-12,-47.7
2026-10-07,2020-08-13,-83.3
2026-10-07,2020-08-14,-104.05
2026-10-07,2020-08-18,4
2026-10-07,2020-08-19,-42
2026-10-07,2020-08-20,-20.92
2026-10-07,2020-08-21,-46.05
2026-10-07,2020-08-24,-2
2026-10-07,2020-08-25,-113.4
2026-10-07,2020-08-26,-90.65
2026-10-07,2020-08-27,-80
2026-10-07,2020-08-28,-107.3
2026-10-07,2020-08-31,-38.77
2026-10-07,2020-09-01,-240.5
2026-10-07,2020-09-02,-114.07
2026-10-07,2020-09-03,-81.28
2026-10-07,2020-09-04,-34.4
2026-10-07,2020-09-07,-22.6
2026-10-07,2020-09-08,-115.92
2026-10-07,2020-09-09,-147.8
2026-10-07,2020-09-10,-114.1
2026-10-07,2020-09-11,-138.5
2026-10-07,2020-09-14,30.3
2026-10-07,2020-09-15,-49.3
2026-10-07,2020-09-16,0
2026-10-07,2020-09-17,-97.5
2026-10-07,2020-09-18,-52.65
2026-10-07,2020-09-21,16.3
2026-10-07,2020-09-22,-73.98
2026-10-07,2020-09-23,-28.74
2026-10-07,2020-09-24,-75.28
2026-10-07,2020-09-25,-160.45
2026-10-07,2020-09-28,-66.94
2026-10-07,2020-09-29,-38.85
2026-10-07,2020-09-30,-11.5
2026-10-07,2020-10-01,-103.03
2026-10-07,2020-10-02,-110.42
2026-10-07,2020-10-05,-139.5
2026-10-07,2020-10-06,-50.3
2026-10-07,2020-10-07,16.9
2026-10-07,2020-10-08,-22.07
2026-10-07,2020-10-09,-91.8601
2026-10-07,2020-10-13,0.5
2026-10-07,2020-10-14,-76.9899
2026-10-07,2020-10-15,-73.8413
2026-10-07,2020-10-16,14.4
2026-10-07,2020-10-19,-16.35
2026-10-07,2020-10-20,-26.2
2026-10-07,2020-10-21,15
2026-10-07,2020-10-22,2.45
2026-10-07,2020-10-23,-142.2
2026-10-07,2020-10-26,-85.5
2026-10-07,2020-10-27,-87.9
2026-10-07,2020-10-28,-65.2231
2026-10-07,2020-10-29,-0.2021
2026-10-07,2020-10-30,-48.1149
2026-10-07,2020-11-02,81.803
2026-10-07,2020-11-03,-50.5
2026-10-07,2020-11-04,9.1
2026-10-07,2020-11-05,19.6
2026-10-07,2020-11-09,113.04
2026-10-07,2020-11-10,-27.3511
2026-10-07,2020-11-11,-42.6362
2026-10-07,2020-11-12,-115.2
2026-10-07,2020-11-13,-115
2026-10-07,2020-11-16,41.5
2026-10-07,2020-11-17,-39
2026-10-07,2020-11-18,-48
2026-10-07,2020-11-19,-90.8
2026-10-07,2020-11-20,-51.45
2026-10-07,2020-11-24,7.45
2026-10-07,2020-11-25,14.45
2026-10-07,2020-11-26,6.37
2026-10-07,2020-11-27,-45.05
2026-10-07,2020-11-30,4.7
2026-10-07,2020-12-01,-70.1763
2026-10-07,2020-12-02,-12.2126
2026-10-07,2020-12-03,25.25
2026-10-07,2020-12-04,0
2026-10-07,2020-12-09,52.3
2026-10-07,2020-12-10,29.1813
2026-10-07,2020-12-11,23.1883
2026-10-07,2020-12-14,9.3
2026-10-07,2020-12-15,16.8
2026-10-07,2020-12-16,13.9
2026-10-07,2020-12-17,36
2026-10-07,2020-12-18,12.9
2026-10-07,2020-12-21,110.4522
2026-10-07,2020-12-22,111.7
2026-10-07,2020-12-23,43.9061
2026-10-07,2020-12-28,50.5246
2026-10-07,2020-12-29,62.22
2026-10-07,2020-12-30,92.5
2026-10-07,2021-01-04,4.512
2026-10-07,2021-01-05,4.5
2026-10-07,2021-01-06,3.5
2026-10-07,2021-01-07,3
2026-10-07,2021-01-08,0.1
2026-10-07,2021-01-11,196.2
2026-10-07,2021-01-12,52.25
2026-10-07,2021-01-13,59
2026-10-07,2021-01-14,106.3
2026-10-07,2021-01-15,72.1
2026-10-07,2021-01-18,7.05
2026-10-07,2021-01-19,-41.66
2026-10-07,2021-01-20,-69.407
2026-10-07,2021-01-21,12.3264
2026-10-07,2021-01-22,-74.5096
2026-10-07,2021-01-25,12.6304
2026-10-07,2021-01-26,-89.9414
2026-10-07,2021-01-27,-25
2026-10-07,2021-01-28,4
2026-10-07,2021-01-29,-79.8446
2026-10-07,2021-02-01,44.8804
2026-10-07,2021-02-02,36.5
2026-10-07,2021-02-03,19.7262
2026-10-07,2021-02-04,38.15
2026-10-07,2021-02-05,19.0367
2026-10-07,2021-02-08,104.5899
2026-10-07,2021-02-09,24.7
2026-10-07,2021-02-10,0
2026-10-07,2021-02-11,119.5
2026-10-07,2021-02-12,0.25
2026-10-07,2021-02-17,48.45
2026-10-07,2021-02-18,0.3
2026-10-07,2021-02-19,4.6451
2026-10-07,2021-02-22,52.85
2026-10-07,2021-02-23,54.9724
2026-10-07,2021-02-24,0
2026-10-07,2021-02-25,9.7249
2026-10-07,2021-02-26,54.45
2026-10-07,2021-03-01,180.4
2026-10-07,2021-03-02,103.9526
2026-10-07,2021-03-03,121.3
2026-10-07,2021-03-04,186.2
2026-10-07,2021-03-05,70
2026-10-07,2021-03-08,47.7
2026-10-07,2021-03-09,0.9996
2026-10-07,2021-03-10,23.427
2026-10-07,2021-03-11,126.9156
2026-10-07,2021-03-12,105
2026-10-07,2021-03-15,144.7151
2026-10-07,2021-03-16,102.6
2026-10-07,2021-03-17,39.4
2026-10-07,2021-03-18,0.2464
2026-10-07,2021-03-19,0.2941
2026-10-07,2021-03-22,-72
2026-10-07,2021-03-23,132.4
2026-10-07,2021-03-25,29
2026-10-07,2021-03-26,45.2
2026-10-07,2021-03-29,60.8
2026-10-07,2021-03-30,92.3
2026-10-07,2021-03-31,-64.55
2026-10-07,2021-04-05,66.8
2026-10-07,2021-04-06,87.8
2026-10-07,2021-04-07,85.5
2026-10-07,2021-04-08,127.9794
2026-10-07,2021-04-09,152.87
2026-10-07,2021-04-12,115.8
2026-10-07,2021-04-13,143.2
2026-10-07,2021-04-14,51.55
2026-10-07,2021-04-15,50.9
2026-10-07,2021-04-16,1.4887
2026-10-07,2021-04-19,144.7363
2026-10-07,2021-04-20,80.4
2026-10-07,2021-04-21,58
2026-10-07,2021-04-22,67.54
2026-10-07,2021-04-23,96.1
2026-10-07,2021-04-26,58.4087
2026-10-07,2021-04-27,82.1433
2026-10-07,2021-04-28,0.4032
2026-10-07,2021-04-29,0.8001
2026-10-07,2021-04-30,-99.06
2026-10-07,2021-05-03,108.6
2026-10-07,2021-05-04,157.85
2026-10-07,2021-05-05,123.3
2026-10-07,2021-05-06,134
2026-10-07,2021-05-07,93.8006
2026-10-07,2021-05-10,139.4094
2026-10-07,2021-05-11,129.45
2026-10-07,2021-05-12,227.9757
2026-10-07,2021-05-13,108.6594
2026-10-07,2021-05-14,138.5
2026-10-07,2021-05-17,195.4
2026-10-07,2021-05-18,133.83
2026-10-07,2021-05-19,48.8
2026-10-07,2021-05-20,53.0643
2026-10-07,2021-05-21,49.05
2026-10-07,2021-05-26,141.5
2026-10-07,2021-05-27,20
2026-10-07,2021-05-28,85.3195
2026-10-07,2021-05-31,0.4939
2026-10-07,2021-06-01,42.15
2026-10-07,2021-06-02,0.9
2026-10-07,2021-06-03,65.5
2026-10-07,2021-06-04,0
2026-10-07,2021-06-07,43.155
2026-10-07,2021-06-08,72.1
2026-10-07,2021-06-09,67.5
2026-10-07,2021-06-10,0.15
2026-10-07,2021-06-11,51.7
2026-10-07,2021-06-14,82.9621
2026-10-07,2021-06-15,24.8
2026-10-07,2021-06-16,87.3037
2026-10-07,2021-06-17,0.8627
2026-10-07,2021-06-18,18.7254
2026-10-07,2021-06-22,39.7102
2026-10-07,2021-06-23,0
2026-10-07,2021-06-24,29.7
2026-10-07,2021-06-25,0.8
2026-10-07,2021-06-28,0
2026-10-07,2021-06-29,0.9168
2026-10-07,2021-06-30,98.5
2026-10-07,2021-07-01,80.5
2026-10-07,2021-07-02,191.2
2026-10-07,2021-07-05,10.5
2026-10-07,2021-07-06,52.85
2026-10-07,2021-07-07,36.8
2026-10-07,2021-07-08,1.9
2026-10-07,2021-07-12,194.2536
2026-10-07,2021-07-13,209.7
2026-10-07,2021-07-14,10.9839
2026-10-07,2021-07-15,105.2
2026-10-07,2021-07-16,15.7884
2026-10-07,2021-07-19,64.2469
2026-10-07,2021-07-20,27.1
2026-10-07,2021-07-21,33.3
2026-10-07,2021-07-22,2.9227
2026-10-07,2021-07-23,18.5
2026-10-07,2021-07-26,0
2026-10-07,2021-07-27,-69.5171
2026-10-07,2021-07-28,-86.5
2026-10-07,2021-07-29,-70.8
2026-10-07,2021-07-30,-114.93
2026-10-07,2021-08-02,1
2026-10-07,2021-08-03,68.2946
2026-10-07,2021-08-04,45
2026-10-07,2021-08-05,0
2026-10-07,2021-08-06,0
2026-10-07,2021-08-09,0
2026-10-07,2021-08-10,0.9075
2026-10-07,2021-08-11,0.4
2026-10-07,2021-08-12,10.814
2026-10-07,2021-08-13,51
2026-10-07,2021-08-17,0
2026-10-07,2021-08-18,26.5
2026-10-07,2021-08-19,49.1701
2026-10-07,2021-08-20,29.2
2026-10-07,2021-08-23,63.4308
2026-10-07,2021-08-24,6.9303
2026-10-07,2021-08-25,0
2026-10-07,2021-08-26,-154.5
2026-10-07,2021-08-27,0
2026-10-07,2021-08-30,-59
2026-10-07,2021-08-31,-137.96
2026-10-07,2021-09-01,-89
2026-10-07,2021-09-02,-76.5
2026-10-07,2021-09-03,0
2026-10-07,2021-09-06,-60.22
2026-10-07,2021-09-07,-92.8
2026-10-07,2021-09-08,-98.6313
2026-10-07,2021-09-09,-93.85
2026-10-07,2021-09-10,7.5
2026-10-07,2021-09-13,15.8
2026-10-07,2021-09-14,45.5
2026-10-07,2021-09-15,15.55
2026-10-07,2021-09-16,0
2026-10-07,2021-09-17,-145.12
2026-10-07,2021-09-20,-95
2026-10-07,2021-09-21,-38.75
2026-10-07,2021-09-22,-0.8
2026-10-07,2021-09-23,0
2026-10-07,2021-09-24,3.7699
2026-10-07,2021-09-27,10.29
2026-10-07,2021-09-28,0
2026-10-07,2021-09-29,-66
2026-10-07,2021-09-30,-198.89
2026-10-07,2021-10-01,-58.5
2026-10-07,2021-10-04,-54.6
2026-10-07,2021-10-05,-105
2026-10-07,2021-10-06,100.9
2026-10-07,2021-10-07,71
2026-10-07,2021-10-12,99.9
2026-10-07,2021-10-13,122.9849
2026-10-07,2021-10-14,107.65
2026-10-07,2021-10-15,31.5
2026-10-07,2021-10-18,117.5
2026-10-07,2021-10-19,63.49
2026-10-07,2021-10-20,0.55
2026-10-07,2021-10-21,2
2026-10-07,2021-10-22,4.53
2026-10-07,2021-10-25,24
2026-10-07,2021-10-26,21
2026-10-07,2021-10-27,0.5952
2026-10-07,2021-10-28,-43.46
2026-10-07,2021-10-29,-298.76
2026-10-07,2021-11-01,-21.5
2026-10-07,2021-11-02,-42.45
2026-10-07,2021-11-03,-88.5
2026-10-07,2021-11-04,-79.7
2026-10-07,2021-11-05,207
2026-10-07,2021-11-08,0.22
2026-10-07,2021-11-09,-111.4
2026-10-07,2021-11-10,-183
2026-10-07,2021-11-11,-40.4845
2026-10-07,2021-11-12,-299.4
2026-10-07,2021-11-15,-37.1
2026-10-07,2021-11-16,49.8
2026-10-07,2021-11-17,0.4
2026-10-07,2021-11-18,-79
2026-10-07,2021-11-19,-58.78
2026-10-07,2021-11-23,20.44
2026-10-07,2021-11-24,129.2
2026-10-07,2021-11-25,0
2026-10-07,2021-11-26,-55.6
2026-10-07,2021-11-29,-72.5
2026-10-07,2021-11-30,-135
2026-10-07,2021-12-01,6.9
2026-10-07,2021-12-02,-76.55
2026-10-07,2021-12-03,-172.11
2026-10-07,2021-12-06,28.08
2026-10-07,2021-12-07,-49.4
2026-10-07,2021-12-09,-96.7
2026-10-07,2021-12-10,-24.5
2026-10-07,2021-12-13,3.23
2026-10-07,2021-12-14,1
2026-10-07,2021-12-15,11.5
2026-10-07,2021-12-16,0.5
2026-10-07,2021-12-17,2
2026-10-07,2021-12-20,3.8
2026-10-07,2021-12-21,0.85
2026-10-07,2021-12-22,3.35
2026-10-07,2021-12-23,8.5
2026-10-07,2021-12-27,26.8
2026-10-07,2021-12-28,4.36
2026-10-07,2021-12-29,-46.7
2026-10-07,2021-12-30,-109.5
2026-10-07,2022-01-03,4.7
2026-10-07,2022-01-04,0.7
2026-10-07,2022-01-05,19.35
2026-10-07,2022-01-06,1
2026-10-07,2022-01-07,79.2
2026-10-07,2022-01-10,75.4
2026-10-07,2022-01-11,23
2026-10-07,2022-01-12,0.2
2026-10-07,2022-01-13,0
2026-10-07,2022-01-14,0.42
2026-10-07,2022-01-17,0
2026-10-07,2022-01-18,-49.57
2026-10-07,2022-01-19,-61.64
2026-10-07,2022-01-20,-36.8
2026-10-07,2022-01-21,9.5
2026-10-07,2022-01-24,38.5
2026-10-07,2022-01-25,0
2026-10-07,2022-01-26,-48.99
2026-10-07,2022-01-27,-111.06
2026-10-07,2022-01-28,-82.78
2026-10-07,2022-01-31,2.41
2026-10-07,2022-02-01,-49
2026-10-07,2022-02-02,1
2026-10-07,2022-02-03,2.3
2026-10-07,2022-02-04,0
2026-10-07,2022-02-07,47.1
2026-10-07,2022-02-08,5
2026-10-07,2022-02-09,0
2026-10-07,2022-02-10,2
2026-10-07,2022-02-11,0
2026-10-07,2022-02-14,80.84
2026-10-07,2022-02-15,6.292
2026-10-07,2022-02-16,5
2026-10-07,2022-02-17,0
2026-10-07,2022-02-18,0
2026-10-07,2022-02-21,-6
2026-10-07,2022-02-22,-59.6
2026-10-07,2022-02-23,-61.0147
2026-10-07,2022-02-24,-61.5
2026-10-07,2022-02-25,-99.05
2026-10-07,2022-03-02,40.6
2026-10-07,2022-03-03,25.1
2026-10-07,2022-03-04,25.75
2026-10-07,2022-03-07,298.73
2026-10-07,2022-03-08,63.72
2026-10-07,2022-03-09,0.5
2026-10-07,2022-03-10,8
2026-10-07,2022-03-11,5.75
2026-10-07,2022-03-14,89.39
2026-10-07,2022-03-15,2.25
2026-10-07,2022-03-16,0
2026-10-07,2022-03-17,-33
2026-10-07,2022-03-18,-15
2026-10-07,2022-03-21,-49.06
2026-10-07,2022-03-22,6.35
2026-10-07,2022-03-23,-29.3882
2026-10-07,2022-03-25,-20
2026-10-07,2022-03-28,8.4
2026-10-07,2022-03-29,-43
2026-10-07,2022-03-30,-37.05
2026-10-07,2022-03-31,-72.9
2026-10-07,2022-04-01,5
2026-10-07,2022-04-04,-10.5
2026-10-07,2022-04-05,15
2026-10-07,2022-04-06,25.5
2026-10-07,2022-04-07,0.55
2026-10-07,2022-04-08,0.25
2026-10-07,2022-04-11,7.5
2026-10-07,2022-04-12,0.1633
2026-10-07,2022-04-13,-31.15
2026-10-07,2022-04-18,68.9
2026-10-07,2022-04-19,78.6
2026-10-07,2022-04-20,-37.35
2026-10-07,2022-04-21,29.3
2026-10-07,2022-04-22,13
2026-10-07,2022-04-25,39.7
2026-10-07,2022-04-26,14.2
2026-10-07,2022-04-27,-67.65
2026-10-07,2022-04-28,0
2026-10-07,2022-04-29,10.3
2026-10-07,2022-05-02,198.2
2026-10-07,2022-05-03,49
2026-10-07,2022-05-04,87.9
2026-10-07,2022-05-05,103.5
2026-10-07,2022-05-06,82.2
2026-10-07,2022-05-09,111
2026-10-07,2022-05-10,3.5
2026-10-07,2022-05-11,-20.2746
2026-10-07,2022-05-12,-82
2026-10-07,2022-05-13,3.5
2026-10-07,2022-05-16,126.7
2026-10-07,2022-05-17,0.4
2026-10-07,2022-05-19,61.25
2026-10-07,2022-05-20,42.85
2026-10-07,2022-05-23,157.7
2026-10-07,2022-05-24,2
2026-10-07,2022-05-26,-56
2026-10-07,2022-05-27,64.21
2026-10-07,2022-05-30,45
2026-10-07,2022-05-31,-196.61
2026-10-07,2022-06-01,-16
2026-10-07,2022-06-02,10
2026-10-07,2022-06-03,3.65
2026-10-07,2022-06-06,7.8
2026-10-07,2022-06-07,7.5
2026-10-07,2022-06-08,12
2026-10-07,2022-06-09,3
2026-10-07,2022-06-10,7.6
2026-10-07,2022-06-13,26.5
2026-10-07,2022-06-14,-59.0432
2026-10-07,2022-06-15,-143.85
2026-10-07,2022-06-16,-194.5
2026-10-07,2022-06-21,10.5
2026-10-07,2022-06-22,0.9
2026-10-07,2022-06-23,-163.7
2026-10-07,2022-06-24,-95.92
2026-10-07,2022-06-27,254.14
2026-10-07,2022-06-28,159.3
2026-10-07,2022-06-29,582.15
2026-10-07,2022-06-30,536.35
2026-10-07,2022-07-01,-198.5984
2026-10-07,2022-07-04,-98.6
2026-10-07,2022-07-05,-180.5
2026-10-07,2022-07-06,-92
2026-10-07,2022-07-07,-81.6798
2026-10-07,2022-07-08,-94
2026-10-07,2022-07-11,72.5663
2026-10-07,2022-07-12,0
2026-10-07,2022-07-13,3
2026-10-07,2022-07-14,8.5
2026-10-07,2022-07-15,4
2026-10-07,2022-07-18,-128.1967
2026-10-07,2022-07-19,-119.67
2026-10-07,2022-07-20,-44.4587
2026-10-07,2022-07-21,-48.5
2026-10-07,2022-07-22,44
2026-10-07,2022-07-25,51.8
2026-10-07,2022-07-26,2.2
2026-10-07,2022-07-27,-130.5
2026-10-07,2022-07-28,-109.03
2026-10-07,2022-07-29,-144.3
2026-10-07,2022-08-01,-117.5
2026-10-07,2022-08-02,-178.2
2026-10-07,2022-08-03,-152.55
2026-10-07,2022-08-04,-147.8316
2026-10-07,2022-08-05,-96.05
2026-10-07,2022-08-08,-81.35
2026-10-07,2022-08-09,-63
2026-10-07,2022-08-10,14.6842
2026-10-07,2022-08-11,3
2026-10-07,2022-08-12,0.9642
2026-10-07,2022-08-16,17.9568
2026-10-07,2022-08-17,82.28
2026-10-07,2022-08-18,18
2026-10-07,2022-08-19,4.4373
2026-10-07,2022-08-22,139.5
2026-10-07,2022-08-23,1.5
2026-10-07,2022-08-24,6
2026-10-07,2022-08-25,10.9273
2026-10-07,2022-08-26,0.8694
2026-10-07,2022-08-29,11
2026-10-07,2022-08-30,0.4
2026-10-07,2022-08-31,3.2
2026-10-07,2022-09-01,0.4891
2026-10-07,2022-09-05,-8.5
2026-10-07,2022-09-06,140.3871
2026-10-07,2022-09-07,282.447
2026-10-07,2022-09-08,431.7119
2026-10-07,2022-09-09,178.5883
2026-10-07,2022-09-12,169.6036
2026-10-07,2022-09-13,180.4236
2026-10-07,2022-09-14,270.9955
2026-10-07,2022-09-15,300.168
2026-10-07,2022-09-16,199.0553
2026-10-07,2022-09-19,211.4521
2026-10-07,2022-09-20,180.3872
2026-10-07,2022-09-21,243.6265
2026-10-07,2022-09-22,341.394
2026-10-07,2022-09-23,155.7555
2026-10-07,2022-09-26,374.7765
2026-10-07,2022-09-27,324.1825
2026-10-07,2022-09-28,302.0507
2026-10-07,2022-09-29,369.8274
2026-10-07,2022-09-30,317.6283
2026-10-07,2022-10-03,44.9
2026-10-07,2022-10-04,2.788
2026-10-07,2022-10-05,-34.8
2026-10-07,2022-10-06,-58.6
2026-10-07,2022-10-11,-39
2026-10-07,2022-10-12,-87.17
2026-10-07,2022-10-13,-63
2026-10-07,2022-10-14,-67.7353
2026-10-07,2022-10-17,23.5
2026-10-07,2022-10-18,20.9
2026-10-07,2022-10-19,0
2026-10-07,2022-10-20,4.45
2026-10-07,2022-10-21,-45.5
2026-10-07,2022-10-24,3
2026-10-07,2022-10-25,1.23
2026-10-07,2022-10-26,-49
2026-10-07,2022-10-27,0.6
2026-10-07,2022-10-28,-28.5
2026-10-07,2022-10-31,-125.91
2026-10-07,2022-11-01,-27
2026-10-07,2022-11-02,-83.7685
2026-10-07,2022-11-03,-84.3
2026-10-07,2022-11-04,-49.5
2026-10-07,2022-11-07,-153.7
2026-10-07,2022-11-08,-149.4
2026-10-07,2022-11-09,-80.09
2026-10-07,2022-11-10,-95.15
2026-10-07,2022-11-11,-51
2026-10-07,2022-11-14,-106.5
2026-10-07,2022-11-15,-48.65
2026-10-07,2022-11-16,5.5
2026-10-07,2022-11-17,3.05
2026-10-07,2022-11-18,-51.442
2026-10-07,2022-11-22,1.2
2026-10-07,2022-11-23,3.4
2026-10-07,2022-11-24,1.5
2026-10-07,2022-11-25,-44.6
2026-10-07,2022-11-28,191.7758
2026-10-07,2022-11-29,122.3195
2026-10-07,2022-11-30,23.9199
2026-10-07,2022-12-01,5.8176
2026-10-07,2022-12-02,112.7373
2026-10-07,2022-12-05,74.0534
2026-10-07,2022-12-06,90.5917
2026-10-07,2022-12-07,71.3616
2026-10-07,2022-12-12,70.1568
2026-10-07,2022-12-13,39.3656
2026-10-07,2022-12-14,40.4831
2026-10-07,2022-12-15,156.8418
2026-10-07,2022-12-16,54.9831
2026-10-07,2022-12-19,52.4501
2026-10-07,2022-12-20,-31.8358
2026-10-07,2022-12-21,63.028
2026-10-07,2022-12-22,57.4094
2026-10-07,2022-12-23,47.1236
2026-10-07,2022-12-26,23.7519
2026-10-07,2022-12-27,147.1603
2026-10-07,2022-12-28,239.3606
2026-10-07,2022-12-29,539.5994
2026-10-07,2022-12-30,133.1828
2026-10-07,2023-01-02,0
2026-10-07,2023-01-03,3.0692
2026-10-07,2023-01-04,2.4
2026-10-07,2023-01-05,56
2026-10-07,2023-01-06,0
2026-10-07,2023-01-09,3
2026-10-07,2023-01-10,12.2385
2026-10-07,2023-01-11,4
2026-10-07,2023-01-12,0
2026-10-07,2023-01-13,200.26
2026-10-07,2023-01-16,3.9255
2026-10-07,2023-01-17,-23.7
2026-10-07,2023-01-18,-52
2026-10-07,2023-01-19,-38.73
2026-10-07,2023-01-20,-34.2
2026-10-07,2023-01-23,-56.45
2026-10-07,2023-01-24,2.5
2026-10-07,2023-01-25,-86
2026-10-07,2023-01-26,-45.45
2026-10-07,2023-01-27,-26.9
2026-10-07,2023-01-30,-28.25
2026-10-07,2023-01-31,-87.9
2026-10-07,2023-02-01,-42
2026-10-07,2023-02-02,-56.7
2026-10-07,2023-02-03,-49
2026-10-07,2023-02-06,-45.15
2026-10-07,2023-02-07,-49.08
2026-10-07,2023-02-08,-69.4
2026-10-07,2023-02-09,-68.9
2026-10-07,2023-02-10,-67.5
2026-10-07,2023-02-13,-48
2026-10-07,2023-02-14,-36.25
2026-10-07,2023-02-15,-292.43
2026-10-07,2023-02-16,-46.83
2026-10-07,2023-02-17,-49.2
2026-10-07,2023-02-22,2.9373
2026-10-07,2023-02-23,4
2026-10-07,2023-02-24,-28.52
2026-10-07,2023-02-27,32.9
2026-10-07,2023-02-28,19.17
2026-10-07,2023-03-01,-44.41
2026-10-07,2023-03-02,4.21
2026-10-07,2023-03-03,0.4
2026-10-07,2023-03-06,-43
2026-10-07,2023-03-07,-49.16
2026-10-07,2023-03-08,-69.8297
2026-10-07,2023-03-09,-47.5
2026-10-07,2023-03-10,-75.05
2026-10-07,2023-03-13,-87.3325
2026-10-07,2023-03-14,-145.03
2026-10-07,2023-03-15,-87
2026-10-07,2023-03-16,-96.1292
2026-10-07,2023-03-17,-139.7293
2026-10-07,2023-03-20,-259.5752
2026-10-07,2023-03-21,-99.5
2026-10-07,2023-03-22,-145.6668
2026-10-07,2023-03-23,-88.05
2026-10-07,2023-03-27,-98.5042
2026-10-07,2023-03-28,-74.839
2026-10-07,2023-03-29,-97.5485
2026-10-07,2023-03-30,-131.5
2026-10-07,2023-03-31,-44.95
2026-10-07,2023-04-03,-259.4865
2026-10-07,2023-04-04,-49.4
2026-10-07,2023-04-05,-113.5
2026-10-07,2023-04-10,-98.8002
2026-10-07,2023-04-11,2.3675
2026-10-07,2023-04-12,1.3854
2026-10-07,2023-04-13,332.7797
2026-10-07,2023-04-14,60.4181
2026-10-07,2023-04-17,72.9762
2026-10-07,2023-04-18,0.2913
2026-10-07,2023-04-19,-198.8044
2026-10-07,2023-04-20,43.6074
2026-10-07,2023-04-21,289.6516
2026-10-07,2023-04-24,105.3008
2026-10-07,2023-04-25,40.6865
2026-10-07,2023-04-26,-49.2114
2026-10-07,2023-04-27,-79.4592
2026-10-07,2023-04-28,-67.3381
2026-10-07,2023-05-02,-133.2083
2026-10-07,2023-05-03,-127.7883
2026-10-07,2023-05-04,-18.1097
2026-10-07,2023-05-05,1.1466
2026-10-07,2023-05-08,9.0549
2026-10-07,2023-05-09,2.8972
2026-10-07,2023-05-10,0.2784
2026-10-07,2023-05-11,10.8362
2026-10-07,2023-05-12,101.2936
2026-10-07,2023-05-15,59.3718
2026-10-07,2023-05-16,42.561
2026-10-07,2023-05-17,50.5089
2026-10-07,2023-05-18,51.4274
2026-10-07,2023-05-19,101.051
2026-10-07,2023-05-22,31.3393
2026-10-07,2023-05-23,13.8213
2026-10-07,2023-05-24,110.6245
2026-10-07,2023-05-29,11.5307
2026-10-07,2023-05-30,81.47
2026-10-07,2023-05-31,445.5606
2026-10-07,2023-06-01,53.8443
2026-10-07,2023-06-02,31.5029
2026-10-07,2023-06-05,5.907
2026-10-07,2023-06-06,-48.5725
2026-10-07,2023-06-07,-77.1641
2026-10-07,2023-06-08,-62.1408
2026-10-07,2023-06-09,-48.4286
2026-10-07,2023-06-12,-44.6877
2026-10-07,2023-06-13,74.5073
2026-10-07,2023-06-14,50.8786
2026-10-07,2023-06-15,-97.9538
2026-10-07,2023-06-16,-185.4379
2026-10-07,2023-06-21,6.3928
2026-10-07,2023-06-22,-87.7265
2026-10-07,2023-06-23,-127.2565
2026-10-07,2023-06-26,10.885
2026-10-07,2023-06-27,-123.2088
2026-10-07,2023-06-28,-120.8491
2026-10-07,2023-06-29,-57.0449
2026-10-07,2023-06-30,-97.8571
2026-10-07,2023-07-03,-18.0038
2026-10-07,2023-07-04,-168.1668
2026-10-07,2023-07-05,-95.218
2026-10-07,2023-07-06,-96.3494
2026-10-07,2023-07-07,-111.9904
2026-10-07,2023-07-10,-71.8456
2026-10-07,2023-07-11,-98.0083
2026-10-07,2023-07-12,-96.5718
2026-10-07,2023-07-13,-97.83
2026-10-07,2023-07-14,-98.0103
2026-10-07,2023-07-17,53.8568
2026-10-07,2023-07-18,-53.9787
2026-10-07,2023-07-19,-170.7921
2026-10-07,2023-07-20,-56.6405
2026-10-07,2023-07-21,-197.9543
2026-10-07,2023-07-24,64.9031
2026-10-07,2023-07-25,61.8853
2026-10-07,2023-07-26,87.6315
2026-10-07,2023-07-27,217.0782
2026-10-07,2023-07-28,302.5453
2026-10-07,2023-07-31,174.8265
2026-10-07,2023-08-01,76.6579
2026-10-07,2023-08-02,-99.4316
2026-10-07,2023-08-03,163.5849
2026-10-07,2023-08-04,219.5209
2026-10-07,2023-08-07,20.0775
2026-10-07,2023-08-08,-22.8388
2026-10-07,2023-08-09,-94.9733
2026-10-07,2023-08-10,-34.8776
2026-10-07,2023-08-11,-97.5482
2026-10-07,2023-08-14,220.3191
2026-10-07,2023-08-15,125.5533
2026-10-07,2023-08-16,117.091
2026-10-07,2023-08-17,184.5187
2026-10-07,2023-08-18,11.2533
2026-10-07,2023-08-22,66.6594
2026-10-07,2023-08-23,100.9072
2026-10-07,2023-08-24,20.3096
2026-10-07,2023-08-25,37.6442
2026-10-07,2023-08-28,64.1061
2026-10-07,2023-08-29,133.5472
2026-10-07,2023-08-30,20.8872
2026-10-07,2023-08-31,21.3552
2026-10-07,2023-09-01,0.5559
2026-10-07,2023-09-04,9.0121
2026-10-07,2023-09-05,3.4931
2026-10-07,2023-09-06,21.7603
2026-10-07,2023-09-07,58.3651
2026-10-07,2023-09-08,104.0075
2026-10-07,2023-09-11,51.8649
2026-10-07,2023-09-12,68.3295
2026-10-07,2023-09-13,23.9293
2026-10-07,2023-09-14,8.6117
2026-10-07,2023-09-15,50.4937
2026-10-07,2023-09-18,51.2315
2026-10-07,2023-09-19,61.5779
2026-10-07,2023-09-20,0.9908
2026-10-07,2023-09-21,0.7107
2026-10-07,2023-09-22,0.8504
2026-10-07,2023-09-25,0.8892
2026-10-07,2023-09-26,3.6935
2026-10-07,2023-09-27,1.9776
2026-10-07,2023-09-28,2.5015
2026-10-07,2023-09-29,2.5
2026-10-07,2023-10-02,0.9957
2026-10-07,2023-10-03,-19.0758
2026-10-07,2023-10-04,-80.8372
2026-10-07,2023-10-05,1.2501
2026-10-07,2023-10-06,-83.5923
2026-10-07,2023-10-09,-70.6895
2026-10-07,2023-10-10,-224.4563
2026-10-07,2023-10-11,-130.0536
2026-10-07,2023-10-12,-125.9111
2026-10-07,2023-10-17,-95.646
2026-10-07,2023-10-18,-60.4896
2026-10-07,2023-10-19,58.381
2026-10-07,2023-10-20,-27.75
2026-10-07,2023-10-23,195.0493
2026-10-07,2023-10-24,42.78
2026-10-07,2023-10-25,13.4815
2026-10-07,2023-10-26,112.7626
2026-10-07,2023-10-27,37.5222
2026-10-07,2023-10-30,90.1335
2026-10-07,2023-10-31,139.6219
2026-10-07,2023-11-01,57.0929
2026-10-07,2023-11-02,2.5096
2026-10-07,2023-11-03,0.8488
2026-10-07,2023-11-07,0.4697
2026-10-07,2023-11-08,37.3637
2026-10-07,2023-11-09,38.1689
2026-10-07,2023-11-10,5.9611
2026-10-07,2023-11-13,23.1964
2026-10-07,2023-11-14,0.1313
2026-10-07,2023-11-15,121.0523
2026-10-07,2023-11-16,131.456
2026-10-07,2023-11-17,0.9098
2026-10-07,2023-11-21,0.4375
2026-10-07,2023-11-22,8.3498
2026-10-07,2023-11-23,25.6863
2026-10-07,2023-11-24,-27.6875
2026-10-07,2023-11-27,-17
2026-10-07,2023-11-28,-21.5372
2026-10-07,2023-11-29,88.5617
2026-10-07,2023-11-30,-91.0602
2026-10-07,2023-12-01,-102.0838
2026-10-07,2023-12-04,-85.3762
2026-10-07,2023-12-05,-74.73
2026-10-07,2023-12-06,-149.0654
2026-10-07,2023-12-07,-400.75
2026-10-07,2023-12-11,23.9111
2026-10-07,2023-12-12,9.2158
2026-10-07,2023-12-13,285.8
2026-10-07,2023-12-14,235.95
2026-10-07,2023-12-15,207.21
2026-10-07,2023-12-18,215.2276
2026-10-07,2023-12-19,179.5298
2026-10-07,2023-12-20,171.08
2026-10-07,2023-12-21,269
2026-10-07,2023-12-22,333.3
2026-10-07,2023-12-26,186.5543
2026-10-07,2023-12-27,204.8507
2026-10-07,2023-12-28,304.65
2026-10-07,2023-12-29,269.6
2026-10-07,2024-01-02,88.5
2026-10-07,2024-01-03,142.48
2026-10-07,2024-01-04,167.55
2026-10-07,2024-01-05,232.6945
2026-10-07,2024-01-08,72.89
2026-10-07,2024-01-09,128.3313
2026-10-07,2024-01-10,126.5
2026-10-07,2024-01-11,177.1762
2026-10-07,2024-01-12,300.2938
2026-10-07,2024-01-15,80.6382
2026-10-07,2024-01-16,223.25
2026-10-07,2024-01-17,201.9365
2026-10-07,2024-01-18,171.8021
2026-10-07,2024-01-19,115.7459
2026-10-07,2024-01-22,132.68
2026-10-07,2024-01-23,188.7353
2026-10-07,2024-01-24,163.5121
2026-10-07,2024-01-25,198.75
2026-10-07,2024-01-26,116.5931
2026-10-07,2024-01-29,84.3871
2026-10-07,2024-01-30,166.9568
2026-10-07,2024-01-31,-9.6824
2026-10-07,2024-02-01,85.02
2026-10-07,2024-02-02,78.4144
2026-10-07,2024-02-05,99.4032
2026-10-07,2024-02-06,166.7376
2026-10-07,2024-02-07,75.1453
2026-10-07,2024-02-08,98.5647
2026-10-07,2024-02-09,167.23
2026-10-07,2024-02-14,255.4432
2026-10-07,2024-02-15,125.6127
2026-10-07,2024-02-16,274.8073
2026-10-07,2024-02-19,93.2281
2026-10-07,2024-02-20,140.1135
2026-10-07,2024-02-21,117.96
2026-10-07,2024-02-22,285.0283
2026-10-07,2024-02-23,118
2026-10-07,2024-02-26,73
2026-10-07,2024-02-27,141.6793
2026-10-07,2024-02-28,104.4433
2026-10-07,2024-02-29,-141.5
2026-10-07,2024-03-01,68.3345
2026-10-07,2024-03-04,302.53
2026-10-07,2024-03-05,83.57
2026-10-07,2024-03-06,224.5
2026-10-07,2024-03-07,254.3
2026-10-07,2024-03-08,164.9
2026-10-07,2024-03-11,271.2238
2026-10-07,2024-03-12,89.5126
2026-10-07,2024-03-13,296.71
2026-10-07,2024-03-14,131.5133
2026-10-07,2024-03-15,228.6256
2026-10-07,2024-03-18,66.6243
2026-10-07,2024-03-19,-72.94
2026-10-07,2024-03-20,121.0443
2026-10-07,2024-03-21,206.15
2026-10-07,2024-03-22,180.3708
2026-10-07,2024-03-25,158.569
2026-10-07,2024-03-26,77.0948
2026-10-07,2024-03-27,29
2026-10-07,2024-04-03,244.5
2026-10-07,2024-04-04,467.85
2026-10-07,2024-04-05,319.2643
2026-10-07,2024-04-08,280
2026-10-07,2024-04-09,241.8
2026-10-07,2024-04-10,109.7259
2026-10-07,2024-04-11,134.2614
2026-10-07,2024-04-12,192.7676
2026-10-07,2024-04-15,111.34
2026-10-07,2024-04-16,92.5178
2026-10-07,2024-04-17,197.5184
2026-10-07,2024-04-18,199.017
2026-10-07,2024-04-19,0.45
2026-10-07,2024-04-22,302.3924
2026-10-07,2024-04-23,125.9
2026-10-07,2024-04-24,109.3359
2026-10-07,2024-04-25,57.2875
2026-10-07,2024-04-26,59.6
2026-10-07,2024-04-29,-92.2416
2026-10-07,2024-04-30,191.839
2026-10-07,2024-05-02,162.85
2026-10-07,2024-05-03,144.0289
2026-10-07,2024-05-06,64.8734
2026-10-07,2024-05-07,219.39
2026-10-07,2024-05-08,231.1012
2026-10-07,2024-05-09,59.0158
2026-10-07,2024-05-10,226.7655
2026-10-07,2024-05-13,101.8
2026-10-07,2024-05-14,141.69
2026-10-07,2024-05-15,105.0966
2026-10-07,2024-05-16,262.9745
2026-10-07,2024-05-17,138.58
2026-10-07,2024-05-20,125.59
2026-10-07,2024-05-21,188.5637
2026-10-07,2024-05-22,58.5171
2026-10-07,2024-05-23,58.7496
2026-10-07,2024-05-24,117.0178
2026-10-07,2024-05-27,-11
2026-10-07,2024-05-28,55.6279
2026-10-07,2024-05-29,94.43
2026-10-07,2024-05-30,37.9376
2026-10-07,2024-05-31,-52
2026-10-07,2024-06-03,0
2026-10-07,2024-06-04,59.4049
2026-10-07,2024-06-05,48.1301
2026-10-07,2024-06-06,-1.3775
2026-10-07,2024-06-07,20
2026-10-07,2024-06-10,-27.1
2026-10-07,2024-06-11,-9
2026-10-07,2024-06-12,-30.9812
2026-10-07,2024-06-13,23.9674
2026-10-07,2024-06-14,136.5185
2026-10-07,2024-06-18,-121.4813
2026-10-07,2024-06-19,81.5372
2026-10-07,2024-06-24,-155.78
2026-10-07,2024-06-25,46.8396
2026-10-07,2024-06-26,43
2026-10-07,2024-06-27,-75.8219
2026-10-07,2024-06-28,-84.5
2026-10-07,2024-07-01,-38
2026-10-07,2024-07-02,49.5418
2026-10-07,2024-07-03,2.0211
2026-10-07,2024-07-04,4.8514
2026-10-07,2024-07-05,21.6773
2026-10-07,2024-07-08,-6
2026-10-07,2024-07-10,40.9
2026-10-07,2024-07-11,20.0401
2026-10-07,2024-07-12,50.1424
2026-10-07,2024-07-15,42.5
2026-10-07,2024-07-16,36
2026-10-07,2024-07-17,-2.5
2026-10-07,2024-07-18,30.1489
2026-10-07,2024-07-19,-62.1873
2026-10-07,2024-07-22,-106
2026-10-07,2024-07-23,54.5203
2026-10-07,2024-07-24,46.9594
2026-10-07,2024-07-25,-0.8584
2026-10-07,2024-07-26,-42.9829
2026-10-07,2024-07-29,-91.5
2026-10-07,2024-07-30,-123.5
2026-10-07,2024-07-31,-63.5
2026-10-07,2024-08-01,-80.5
2026-10-07,2024-08-02,145.1674
2026-10-07,2024-08-05,-24.5
2026-10-07,2024-08-06,-24.3
2026-10-07,2024-08-07,16.5
2026-10-07,2024-08-08,47.3856
2026-10-07,2024-08-09,43.3626
2026-10-07,2024-08-12,3
2026-10-07,2024-08-13,35.0124
2026-10-07,2024-08-14,2.5
2026-10-07,2024-08-15,33.0101
2026-10-07,2024-08-16,29
2026-10-07,2024-08-19,0.74
2026-10-07,2024-08-20,87.7185
2026-10-07,2024-08-21,50.1222
2026-10-07,2024-08-22,81.5
2026-10-07,2024-08-23,11
2026-10-07,2024-08-26,0.5081
2026-10-07,2024-08-27,0.0086
2026-10-07,2024-08-28,-75.4913
2026-10-07,2024-08-29,153.6
2026-10-07,2024-08-30,0.09
2026-10-07,2024-09-02,-238
2026-10-07,2024-09-03,65
2026-10-07,2024-09-04,-7
2026-10-07,2024-09-05,-5.54
2026-10-07,2024-09-06,91.6
2026-10-07,2024-09-09,-1
2026-10-07,2024-09-10,-164.9102
2026-10-07,2024-09-11,-30.5
2026-10-07,2024-09-12,21
2026-10-07,2024-09-13,-74
2026-10-07,2024-09-16,-88.908
2026-10-07,2024-09-17,11
2026-10-07,2024-09-18,69.85
2026-10-07,2024-09-19,34.7
2026-10-07,2024-09-20,33.591
2026-10-07,2024-09-23,64.2
2026-10-07,2024-09-24,20.5041
2026-10-07,2024-09-25,191.04
2026-10-07,2024-09-26,-30
2026-10-07,2024-09-27,-20
2026-10-07,2024-09-30,74.5
2026-10-07,2024-10-01,116.5718
2026-10-07,2024-10-02,122.1021
2026-10-07,2024-10-03,105.5
2026-10-07,2024-10-04,110.2
2026-10-07,2024-10-07,52.5
2026-10-07,2024-10-08,0.8768
2026-10-07,2024-10-09,39
2026-10-07,2024-10-10,120.0868
2026-10-07,2024-10-14,70
2026-10-07,2024-10-15,0
2026-10-07,2024-10-16,11.0992
2026-10-07,2024-10-17,13.2295
2026-10-07,2024-10-18,115.3
2026-10-07,2024-10-21,0.5
2026-10-07,2024-10-22,23.1083
2026-10-07,2024-10-23,173.5
2026-10-07,2024-10-24,40
2026-10-07,2024-10-25,55.3
2026-10-07,2024-10-28,36.8
2026-10-07,2024-10-29,70.3507
2026-10-07,2024-10-30,192.5
2026-10-07,2024-10-31,157.8
2026-10-07,2024-11-01,18.5
2026-10-07,2024-11-04,51.9086
2026-10-07,2024-11-05,29.77
2026-10-07,2024-11-07,71
2026-10-07,2024-11-08,193.82
2026-10-07,2024-11-11,129.2
2026-10-07,2024-11-12,-0.4841
2026-10-07,2024-11-13,82.5
2026-10-07,2024-11-14,244.95
2026-10-07,2024-11-15,133.22
2026-10-07,2024-11-19,148.96
2026-10-07,2024-11-20,134.019
2026-10-07,2024-11-21,50.83
2026-10-07,2024-11-22,15
2026-10-07,2024-11-25,6.6
2026-10-07,2024-11-26,57.5172
2026-10-07,2024-11-27,22
2026-10-07,2024-11-28,227
2026-10-07,2024-11-29,11
2026-10-07,2024-12-02,-171
2026-10-07,2024-12-03,-51.5
2026-10-07,2024-12-04,13.5
2026-10-07,2024-12-05,171.1
2026-10-07,2024-12-06,73
2026-10-07,2024-12-09,239.33
2026-10-07,2024-12-10,162.85
2026-10-07,2024-12-11,164.8
2026-10-07,2024-12-12,166.5
2026-10-07,2024-12-13,167.6251
2026-10-07,2024-12-16,34
2026-10-07,2024-12-17,7.57
2026-10-07,2024-12-18,151.4
2026-10-07,2024-12-19,32
2026-10-07,2024-12-20,217.15
2026-10-07,2024-12-23,124.7
2026-10-07,2024-12-26,-179.3683
2026-10-07,2024-12-27,-598.5
2026-10-07,2024-12-30,-25.4
2026-10-07,2025-01-02,31.5
2026-10-07,2025-01-03,171.8774
2026-10-07,2025-01-06,26.45
2026-10-07,2025-01-07,107
2026-10-07,2025-01-08,33
2026-10-07,2025-01-09,137
2026-10-07,2025-01-10,234.1
2026-10-07,2025-01-13,167
2026-10-07,2025-01-14,174
2026-10-07,2025-01-15,167.5
2026-10-07,2025-01-16,79.2
2026-10-07,2025-01-17,132
2026-10-07,2025-01-20,88
2026-10-07,2025-01-21,-0.0611
2026-10-07,2025-01-22,-35
2026-10-07,2025-01-23,-82
2026-10-07,2025-01-24,0
2026-10-07,2025-01-27,-3.5
2026-10-07,2025-01-28,36
2026-10-07,2025-01-29,103
2026-10-07,2025-01-30,-18
2026-10-07,2025-01-31,67.5
2026-10-07,2025-02-03,162.5
2026-10-07,2025-02-04,17
2026-10-07,2025-02-05,9
2026-10-07,2025-02-06,86.5
2026-10-07,2025-02-07,326.3
2026-10-07,2025-02-10,139.5
2026-10-07,2025-02-11,73.19
2026-10-07,2025-02-12,169.4
2026-10-07,2025-02-13,-0.12
2026-10-07,2025-02-14,3.5
2026-10-07,2025-02-17,37
2026-10-07,2025-02-18,-15
2026-10-07,2025-02-19,171
2026-10-07,2025-02-20,147.06
2026-10-07,2025-02-21,83
2026-10-07,2025-02-24,120
2026-10-07,2025-02-25,129
2026-10-07,2025-02-26,156.15
2026-10-07,2025-02-27,110.5
2026-10-07,2025-02-28,22.8
2026-10-07,2025-03-05,-349.5
2026-10-07,2025-03-06,245.2
2026-10-07,2025-03-07,168.5
2026-10-07,2025-03-10,-223.5
2026-10-07,2025-03-11,36
2026-10-07,2025-03-12,268.3166
2026-10-07,2025-03-13,79.75
2026-10-07,2025-03-14,50.3
2026-10-07,2025-03-17,-473.63
2026-10-07,2025-03-18,-56
2026-10-07,2025-03-19,-214.5759
2026-10-07,2025-03-20,-186.3
2026-10-07,2025-03-21,-77
2026-10-07,2025-03-25,-195.5
2026-10-07,2025-03-26,-108.8766
2026-10-07,2025-03-27,-48.1
2026-10-07,2025-03-28,-83.5
2026-10-07,2025-03-31,-191.8
2026-10-07,2025-04-01,-142.8
2026-10-07,2025-04-03,52.9
2026-10-07,2025-04-04,-10
2026-10-07,2025-04-07,-31.4
2026-10-07,2025-04-08,-35
2026-10-07,2025-04-09,-60
2026-10-07,2025-04-10,-165
2026-10-07,2025-04-11,-62.17
2026-10-07,2025-04-14,-398
2026-10-07,2025-04-15,0
2026-10-07,2025-04-16,0
2026-10-07,2025-04-21,0
2026-10-07,2025-04-22,0
2026-10-07,2025-04-23,0
2026-10-07,2025-04-24,0
2026-10-07,2025-04-25,0
2026-10-07,2025-04-28,0
2026-10-07,2025-04-29,0
2026-10-07,2025-04-30,0
2026-10-07,2025-05-05,0
2026-10-07,2025-05-06,0
2026-10-07,2025-05-07,0
2026-10-07,2025-05-08,0
2026-10-07,2025-05-09,0
2026-10-07,2025-05-12,0
2026-10-07,2025-05-13,0
2026-10-07,2025-05-14,0
2026-10-07,2025-05-15,0
2026-10-07,2025-05-16,0
2026-10-07,2025-05-19,0
2026-10-07,2025-05-20,0
2026-10-07,2025-05-21,0
2026-10-07,2025-05-22,0
2026-10-07,2025-05-23,0
2026-10-07,2025-05-26,0
2026-10-07,2025-05-27,0
2026-10-07,2025-05-28,0
2026-10-07,2025-05-29,0
2026-10-07,2025-05-30,0
2026-10-07,2025-06-02,0
2026-10-07,2025-06-03,0
2026-10-07,2025-06-04,0
2026-10-07,2025-06-05,0
2026-10-07,2025-06-06,0
2026-10-07,2025-06-09,0
2026-10-07,2025-06-10,0
2026-10-07,2025-06-11,0
2026-10-07,2025-06-12,0
2026-10-07,2025-06-13,0
2026-10-07,2025-06-17,0
2026-10-07,2025-06-18,0
2026-10-07,2025-06-19,0
2026-10-07,2025-06-23,0
2026-10-07,2025-06-24,0
2026-10-07,2025-06-25,0
2026-10-07,2025-06-26,0
2026-10-07,2025-06-27,0
2026-10-07,2025-06-30,0
2026-10-07,2025-07-01,0
2026-10-07,2025-07-02,0
2026-10-07,2025-07-03,0
2026-10-07,2025-07-04,0
2026-10-07,2025-07-07,0
2026-10-07,2025-07-08,0
2026-10-07,2025-07-10,0
2026-10-07,2025-07-11,0
2026-10-07,2025-07-14,0
2026-10-07,2025-07-15,0
2026-10-07,2025-07-16,0
2026-10-07,2025-07-17,0
2026-10-07,2025-07-18,0
2026-10-07,2025-07-21,0
2026-10-07,2025-07-22,0
2026-10-07,2025-07-23,0
2026-10-07,2025-07-24,0
2026-10-07,2025-07-25,0
2026-10-07,2025-07-28,0
2026-10-07,2025-07-29,0
2026-10-07,2025-07-30,0
2026-10-07,2025-07-31,0
2026-10-07,2025-08-01,0
2026-10-07,2025-08-04,0
2026-10-07,2025-08-05,0
2026-10-07,2025-08-06,0
2026-10-07,2025-08-07,0
2026-10-07,2025-08-08,0
2026-10-07,2025-08-11,0
2026-10-07,2025-08-12,0
2026-10-07,2025-08-13,0
2026-10-07,2025-08-14,0
2026-10-07,2025-08-18,0
2026-10-07,2025-08-19,0
2026-10-07,2025-08-20,0
2026-10-07,2025-08-21,0
2026-10-07,2025-08-22,0
2026-10-07,2025-08-25,0
2026-10-07,2025-08-26,0
2026-10-07,2025-08-27,0
2026-10-07,2025-08-28,0
2026-10-07,2025-08-29,0
2026-10-07,2025-09-01,0
2026-10-07,2025-09-02,0
2026-10-07,2025-09-03,0
2026-10-07,2025-09-04,0
2026-10-07,2025-09-05,0
2026-10-07,2025-09-08,0
2026-10-07,2025-09-09,0
2026-10-07,2025-09-10,0
2026-10-07,2025-09-11,0
2026-10-07,2025-09-12,0
2026-10-07,2025-09-15,0
2026-10-07,2025-09-16,0
2026-10-07,2025-09-17,-42
2026-10-07,2025-09-18,-389.9
2026-10-07,2025-09-19,-678.25
2026-10-07,2025-09-22,0
2026-10-07,2025-09-23,0
2026-10-07,2025-09-24,0
2026-10-07,2025-09-25,0
2026-10-07,2025-09-26,0
2026-10-07,2025-09-29,0
2026-10-07,2025-09-30,0
2026-10-07,2025-10-01,0
2026-10-07,2025-10-02,0
2026-10-07,2025-10-03,0
2026-10-07,2025-10-06,0
2026-10-07,2025-10-07,0
2026-10-07,2025-10-08,0
2026-10-07,2025-10-09,0
2026-10-07,2025-10-13,0
2026-10-07,2025-10-14,0
2026-10-07,2025-10-15,0
2026-10-07,2025-10-16,0
2026-10-07,2025-10-17,0
2026-10-07,2025-10-20,0
2026-10-07,2025-10-21,-45.5
2026-10-07,2025-10-22,0
2026-10-07,2025-10-23,0
2026-10-07,2025-10-24,0
2026-10-07,2025-10-27,0
2026-10-07,2025-10-28,0
2026-10-07,2025-10-29,0
2026-10-07,2025-10-30,0
2026-10-07,2025-10-31,0
2026-10-07,2025-11-03,0
2026-10-07,2025-11-04,0
2026-10-07,2025-11-05,0
2026-10-07,2025-11-07,0
2026-10-07,2025-11-10,0
2026-10-07,2025-11-11,0
2026-10-07,2025-11-12,0
2026-10-07,2025-11-13,0
2026-10-07,2025-11-14,0
2026-10-07,2025-11-17,0
2026-10-07,2025-11-18,0
2026-10-07,2025-11-19,0
2026-10-07,2025-11-20,0
2026-10-07,2025-11-25,0
2026-10-07,2025-11-26,0
2026-10-07,2025-11-27,0
2026-10-07,2025-11-28,0
2026-10-07,2025-12-01,0
2026-10-07,2025-12-02,0
2026-10-07,2025-12-03,0
2026-10-07,2025-12-04,0
2026-10-07,2025-12-05,0
2026-10-07,2025-12-09,0
2026-10-07,2025-12-10,0
2026-10-07,2025-12-11,0
2026-10-07,2025-12-12,0
2026-10-07,2025-12-15,0
2026-10-07,2025-12-16,0
2026-10-07,2025-12-17,0
2026-10-07,2025-12-18,0
2026-10-07,2025-12-19,0
2026-10-07,2025-12-22,0
2026-10-07,2025-12-23,0
2026-10-07,2025-12-26,0
2026-10-07,2025-12-29,0
2026-10-07,2025-12-30,0
2026-10-07,2026-01-02,0
2026-10-07,2026-01-05,20.8
2026-10-07,2026-01-06,83.5
2026-10-07,2026-01-07,9
2026-10-07,2026-01-08,62
2026-10-07,2026-01-09,42.5
2026-10-07,2026-01-12,55
2026-10-07,2026-01-13,55.2
2026-10-07,2026-01-14,187.5
2026-10-07,2026-01-15,47
2026-10-07,2026-01-16,125
2026-10-07,2026-01-19,20.9
2026-10-07,2026-01-20,8
2026-10-07,2026-01-21,107
2026-10-07,2026-01-22,80.5
2026-10-07,2026-01-23,75
2026-10-07,2026-01-26,39
2026-10-07,2026-01-27,32
2026-10-07,2026-01-28,33
2026-10-07,2026-01-29,52.5
2026-10-07,2026-01-30,23
2026-10-07,2026-02-02,39
2026-10-07,2026-02-03,57
2026-10-07,2026-02-04,44
2026-10-07,2026-02-05,126
2026-10-07,2026-02-06,51
2026-10-07,2026-02-09,176
2026-10-07,2026-02-10,42
2026-10-07,2026-02-11,214
2026-10-07,2026-02-12,141
2026-10-07,2026-02-13,41.6
2026-10-07,2026-02-18,80
2026-10-07,2026-02-19,76
2026-10-07,2026-02-20,167
2026-10-07,2026-02-23,95
2026-10-07,2026-02-24,48
2026-10-07,2026-02-25,85
2026-10-07,2026-02-26,41
2026-10-07,2026-02-27,33
2026-10-07,2026-03-02,70
2026-10-07,2026-03-03,17
2026-10-07,2026-03-04,40
2026-10-07,2026-03-05,124.4
2026-10-07,2026-03-06,40
2026-10-07,2026-03-09,50
2026-10-07,2026-03-10,67
2026-10-07,2026-03-11,86
2026-10-07,2026-03-12,47
2026-10-07,2026-03-13,45
2026-10-07,2026-03-16,50
2026-10-07,2026-03-17,73
2026-10-07,2026-03-18,58
2026-10-07,2026-03-19,132
2026-10-07,2026-03-20,172
2026-10-07,2026-03-25,146.5
2026-10-07,2026-03-26,57
2026-10-07,2026-03-27,48
2026-10-07,2026-03-30,208
2026-10-07,2026-03-31,140
2026-10-07,2026-04-01,76
2026-10-07,2026-04-06,30
2026-10-07,2026-04-07,93
2026-10-07,2026-04-08,102
2026-10-07,2026-04-09,281
2026-10-07,2026-04-10,457.5
2026-10-07,2026-04-13,111.5
2026-10-07,2026-04-14,185
2026-10-07,2026-04-15,128
2026-10-07,2026-04-16,75
2026-10-07,2026-04-17,95
2026-10-07,2026-04-20,131
2026-10-07,2026-04-21,235
2026-10-07,2026-04-22,105
2026-10-07,2026-04-23,194.5
2026-10-07,2026-04-24,80
2026-10-07,2026-04-27,54
2026-10-07,2026-04-28,53
2026-10-07,2026-04-29,76
2026-10-07,2026-04-30,207
2026-10-07,2026-05-04,71
2026-10-07,2026-05-05,69
2026-10-07,2026-05-06,45
2026-10-07,2026-05-07,35
2026-10-07,2026-05-08,110
2026-10-07,2026-05-11,136
2026-10-07,2026-05-12,70
2026-10-07,2026-05-13,185
2026-10-07,2026-05-14,140
2026-10-07,2026-05-15,65
2026-10-07,2026-05-18,158
2026-10-07,2026-05-19,144
2026-10-07,2026-05-20,328
2026-10-07,2026-05-21,145
2026-10-07,2026-05-22,139
2026-10-07,2026-05-26,112
2026-10-07,2026-05-27,132
2026-10-07,2026-05-28,447
2026-10-07,2026-05-29,70.01
2026-10-07,2026-06-01,55
2026-10-07,2026-06-02,175
2026-10-07,2026-06-03,43
2026-10-07,2026-06-04,119
2026-10-07,2026-06-05,45
2026-10-07,2026-06-08,71
2026-10-07,2026-06-09,121
2026-10-07,2026-06-10,121
2026-10-07,2026-06-11,73
2026-10-07,2026-06-12,50
2026-10-07,2026-06-16,79.3
2026-10-07,2026-06-17,34
2026-10-07,2026-06-18,70
2026-10-07,2026-06-19,50
2026-10-07,2026-06-22,50
2026-10-07,2026-06-23,20
2026-10-07,2026-06-24,70
2026-10-07,2026-06-25,50
2026-10-07,2026-06-26,50
2026-10-07,2026-06-29,25
2026-10-07,2026-06-30,47
2026-10-07,2026-07-01,25
2026-10-07,2026-07-02,25
2026-10-07,2026-07-03,100
2026-10-07,2026-07-06,81.5
2026-10-07,2026-07-07,25
2026-10-07,2026-07-08,34
2026-10-07,2026-07-13,280
2026-10-07,2026-07-14,532
2026-10-07,2026-07-15,73
2026-10-07,2026-07-16,230
2026-10-07,2026-07-17,39
2026-10-07,2026-07-20,32
2026-10-07,2026-07-21,45
2026-10-07,2026-07-22,25
2026-10-07,2026-07-23,45
2026-10-07,2026-07-24,345
2026-10-07,2026-07-27,27
2026-10-07,2026-07-28,0
2026-10-07,2026-07-29,36
2026-10-07,2026-07-30,117
2026-10-07,2026-07-31,46
2026-10-07,2026-08-03,18
2026-10-07,2026-08-04,28
2026-10-07,2026-08-05,8
2026-10-07,2026-08-06,41
2026-10-07,2026-08-07,16
2026-10-07,2026-08-10,13.5
2026-10-07,2026-08-11,57
2026-10-07,2026-08-12,12
2026-10-07,2026-08-13,56
2026-10-07,2026-08-14,80
2026-10-07,2026-08-18,10
2026-10-07,2026-08-19,15
2026-10-07,2026-08-20,89
2026-10-07,2026-08-21,23
2026-10-07,2026-08-24,11.5
2026-10-07,2026-08-25,8.7
2026-10-07,2026-08-26,61.5
2026-10-07,2026-08-27,93.5
2026-10-07,2026-08-28,82.5
2026-10-07,2026-08-31,46
2026-10-07,2026-09-01,15
2026-10-07,2026-09-02,28
2026-10-07,2026-09-03,15
2026-10-07,2026-09-04,23
2026-10-07,2026-09-07,0
2026-10-07,2026-09-08,20
2026-10-07,2026-09-09,11
2026-10-07,2026-09-10,6
2026-10-07,2026-09-11,5
2026-10-07,2026-09-14,12
2026-10-07,2026-09-15,14
2026-10-07,2026-09-16,9
2026-10-07,2026-09-17,9
2026-10-07,2026-09-18,36
2026-10-07,2026-09-21,8
2026-10-07,2026-09-22,7
2026-10-07,2026-09-23,6
2026-10-07,2026-09-24,8
2026-10-07,2026-09-25,0
2026-10-07,2026-09-28,11
2026-10-07,2026-09-29,70.5
2026-10-07,2026-09-30,160
2026-10-07,2026-10-01,93
2026-10-07,2026-10-02,35
2026-10-08,2026-10-05,14.5
