vintage,date,value
2026-10-05,2003-01-02,-6.2491
2026-10-05,2003-01-03,-1.64
2026-10-05,2003-01-06,-7.89
2026-10-05,2003-01-07,-5.08
2026-10-05,2003-01-08,-8.61
2026-10-05,2003-01-09,-1.106
2026-10-05,2003-01-10,-6.8705
2026-10-05,2003-01-13,-6.9543
2026-10-05,2003-01-14,-10.2665
2026-10-05,2003-01-15,-3.4975
2026-10-05,2003-01-16,-16.22
2026-10-05,2003-01-17,-497.1675
2026-10-05,2003-01-20,51.881
2026-10-05,2003-01-21,6.8727
2026-10-05,2003-01-22,-84.1418
2026-10-05,2003-01-23,4.154
2026-10-05,2003-01-24,-0.4367
2026-10-05,2003-01-27,-5.7669
2026-10-05,2003-01-28,1.608
2026-10-05,2003-01-29,2.0046
2026-10-05,2003-01-30,3.0562
2026-10-05,2003-01-31,-69.2598
2026-10-05,2003-02-03,-355.1682
2026-10-05,2003-02-04,-7.0179
2026-10-05,2003-02-05,-7.663
2026-10-05,2003-02-06,-6.5404
2026-10-05,2003-02-07,-5.9283
2026-10-05,2003-02-10,-3.2272
2026-10-05,2003-02-11,-7.47
2026-10-05,2003-02-12,-7.1102
2026-10-05,2003-02-13,-6.7956
2026-10-05,2003-02-14,-7.1
2026-10-05,2003-02-17,-2.6462
2026-10-05,2003-02-18,-10.1555
2026-10-05,2003-02-19,50.783
2026-10-05,2003-02-20,-6.0578
2026-10-05,2003-02-21,4.84
2026-10-05,2003-02-24,3.3328
2026-10-05,2003-02-25,-9.73
2026-10-05,2003-02-26,-7.1768
2026-10-05,2003-02-27,-2.72
2026-10-05,2003-02-28,-36.8311
2026-10-05,2003-03-03,1.43
2026-10-05,2003-03-04,-5.7419
2026-10-05,2003-03-05,-6.4609
2026-10-05,2003-03-06,-3.4141
2026-10-05,2003-03-07,-4.2401
2026-10-05,2003-03-10,-4.5113
2026-10-05,2003-03-11,-6.7124
2026-10-05,2003-03-12,-5.8097
2026-10-05,2003-03-13,-8.3266
2026-10-05,2003-03-14,-3.8462
2026-10-05,2003-03-17,0.703
2026-10-05,2003-03-18,-11.9012
2026-10-05,2003-03-19,50.7217
2026-10-05,2003-03-20,-6.74
2026-10-05,2003-03-21,2.27
2026-10-05,2003-03-24,-0.8193
2026-10-05,2003-03-25,-19.3564
2026-10-05,2003-03-26,-5.28
2026-10-05,2003-03-27,-8.3143
2026-10-05,2003-03-28,3.4787
2026-10-05,2003-04-01,1.7223
2026-10-05,2003-04-02,-9.5575
2026-10-05,2003-04-03,4.796
2026-10-05,2003-04-04,-7.5341
2026-10-05,2003-04-07,-7.2423
2026-10-05,2003-04-08,-7.4443
2026-10-05,2003-04-09,-5.7512
2026-10-05,2003-04-10,-6.6088
2026-10-05,2003-04-11,-7.0527
2026-10-05,2003-04-14,-8.57
2026-10-05,2003-04-15,-4.3141
2026-10-05,2003-04-16,-5.6633
2026-10-05,2003-04-21,-4.7641
2026-10-05,2003-04-22,63.9919
2026-10-05,2003-04-23,-4.4615
2026-10-05,2003-04-24,-1.995
2026-10-05,2003-04-25,-6.89
2026-10-05,2003-04-28,-4.6785
2026-10-05,2003-04-29,-6.65
2026-10-05,2003-04-30,-18.8414
2026-10-05,2003-05-02,-9.949
2026-10-05,2003-05-05,3.5173
2026-10-05,2003-05-06,-0.6693
2026-10-05,2003-05-07,-6.5838
2026-10-05,2003-05-08,-8.85
2026-10-05,2003-05-09,-4.9044
2026-10-05,2003-05-12,-8.718
2026-10-05,2003-05-13,-4.4733
2026-10-05,2003-05-14,-8.31
2026-10-05,2003-05-15,0.54
2026-10-05,2003-05-16,-8.1947
2026-10-05,2003-05-19,45.8155
2026-10-05,2003-05-20,-5.5128
2026-10-05,2003-05-21,5.7322
2026-10-05,2003-05-22,-3.9233
2026-10-05,2003-05-23,-8.6277
2026-10-05,2003-05-26,0.5083
2026-10-05,2003-05-27,-64.7266
2026-10-05,2003-05-28,-5.082
2026-10-05,2003-05-29,-6.6551
2026-10-05,2003-05-30,-23.4191
2026-10-05,2003-06-02,5.1338
2026-10-05,2003-06-03,-6.2272
2026-10-05,2003-06-04,3.609
2026-10-05,2003-06-05,-7.0899
2026-10-05,2003-06-06,-8.4057
2026-10-05,2003-06-09,-0.1375
2026-10-05,2003-06-10,-18.4774
2026-10-05,2003-06-11,-189.37
2026-10-05,2003-06-12,159.32
2026-10-05,2003-06-13,23.127
2026-10-05,2003-06-17,-11.4673
2026-10-05,2003-06-18,-42.9646
2026-10-05,2003-06-19,-110.5714
2026-10-05,2003-06-20,-6.5365
2026-10-05,2003-06-23,-1.6009
2026-10-05,2003-06-24,11.8189
2026-10-05,2003-06-25,26.4208
2026-10-05,2003-06-26,-2.5826
2026-10-05,2003-06-27,-9.6713
2026-10-05,2003-06-30,-23.1873
2026-10-05,2003-07-01,8.5992
2026-10-05,2003-07-02,-2.9353
2026-10-05,2003-07-03,0.7621
2026-10-05,2003-07-04,-6.8645
2026-10-05,2003-07-07,-2.7391
2026-10-05,2003-07-08,19.9837
2026-10-05,2003-07-10,7.6636
2026-10-05,2003-07-11,-5.7083
2026-10-05,2003-07-14,-6.4852
2026-10-05,2003-07-15,0.0529
2026-10-05,2003-07-16,-18.959
2026-10-05,2003-07-17,-412.521
2026-10-05,2003-07-18,-1.6189
2026-10-05,2003-07-21,60.1845
2026-10-05,2003-07-22,-8.4104
2026-10-05,2003-07-23,-10.1807
2026-10-05,2003-07-24,73.1878
2026-10-05,2003-07-25,-10.1796
2026-10-05,2003-07-28,8.1603
2026-10-05,2003-07-29,8.3431
2026-10-05,2003-07-30,-0.4847
2026-10-05,2003-07-31,-10.3717
2026-10-05,2003-08-01,387.1381
2026-10-05,2003-08-04,192.9202
2026-10-05,2003-08-05,-8.879
2026-10-05,2003-08-06,-6.216
2026-10-05,2003-08-07,-4.255
2026-10-05,2003-08-08,19.1281
2026-10-05,2003-08-11,143.8611
2026-10-05,2003-08-12,-167.4731
2026-10-05,2003-08-13,-4.891
2026-10-05,2003-08-14,-8.3695
2026-10-05,2003-08-15,10.2561
2026-10-05,2003-08-19,216.253
2026-10-05,2003-08-20,-22.481
2026-10-05,2003-08-21,6.5528
2026-10-05,2003-08-22,24.3212
2026-10-05,2003-08-25,-22.2758
2026-10-05,2003-08-26,24.8313
2026-10-05,2003-08-27,4.0762
2026-10-05,2003-08-28,-4.0448
2026-10-05,2003-08-29,-9.979
2026-10-05,2003-09-01,-4.7479
2026-10-05,2003-09-02,-7.839
2026-10-05,2003-09-03,8.7916
2026-10-05,2003-09-04,13.748
2026-10-05,2003-09-05,-6.8298
2026-10-05,2003-09-08,4.3696
2026-10-05,2003-09-09,-2.371
2026-10-05,2003-09-10,-5.7286
2026-10-05,2003-09-11,-6.1997
2026-10-05,2003-09-12,11.172
2026-10-05,2003-09-15,1.776
2026-10-05,2003-09-16,-16.964
2026-10-05,2003-09-17,-99.9888
2026-10-05,2003-09-18,26.8387
2026-10-05,2003-09-19,96.6215
2026-10-05,2003-09-22,6.7713
2026-10-05,2003-09-23,-8.971
2026-10-05,2003-09-24,4.1304
2026-10-05,2003-09-25,7.3663
2026-10-05,2003-09-26,-6.0176
2026-10-05,2003-09-29,-13.5381
2026-10-05,2003-09-30,3.1075
2026-10-05,2003-10-01,37.1059
2026-10-05,2003-10-02,-3.0021
2026-10-05,2003-10-03,5.6161
2026-10-05,2003-10-06,-35.4971
2026-10-05,2003-10-07,-5.6521
2026-10-05,2003-10-08,5.6633
2026-10-05,2003-10-09,2.5541
2026-10-05,2003-10-10,-0.7798
2026-10-05,2003-10-14,-187.5666
2026-10-05,2003-10-15,161.0266
2026-10-05,2003-10-16,-0.5685
2026-10-05,2003-10-17,9.236
2026-10-05,2003-10-20,38.7539
2026-10-05,2003-10-21,-69.9553
2026-10-05,2003-10-22,59.052
2026-10-05,2003-10-23,-0.2189
2026-10-05,2003-10-24,32.0787
2026-10-05,2003-10-27,-34.2573
2026-10-05,2003-10-28,45.1086
2026-10-05,2003-10-29,-10.6998
2026-10-05,2003-10-30,12.816
2026-10-05,2003-10-31,9.3515
2026-10-05,2003-11-03,-4.3307
2026-10-05,2003-11-04,1.5263
2026-10-05,2003-11-05,-2.4486
2026-10-05,2003-11-07,-5.5628
2026-10-05,2003-11-10,10.3197
2026-10-05,2003-11-11,-4.7044
2026-10-05,2003-11-12,-55.3058
2026-10-05,2003-11-13,-6.1814
2026-10-05,2003-11-14,-6.9341
2026-10-05,2003-11-17,35.007
2026-10-05,2003-11-18,-14.5188
2026-10-05,2003-11-19,58.1738
2026-10-05,2003-11-20,2.809
2026-10-05,2003-11-21,16.0494
2026-10-05,2003-11-24,-39.2902
2026-10-05,2003-11-25,-0.0213
2026-10-05,2003-11-26,12.5805
2026-10-05,2003-11-27,8.0415
2026-10-05,2003-11-28,6.552
2026-10-05,2003-12-01,-14.9192
2026-10-05,2003-12-02,-1.2562
2026-10-05,2003-12-03,16.0431
2026-10-05,2003-12-04,-16.6923
2026-10-05,2003-12-05,-2.8494
2026-10-05,2003-12-09,1.7556
2026-10-05,2003-12-10,4.1679
2026-10-05,2003-12-11,-94.5091
2026-10-05,2003-12-12,116.332
2026-10-05,2003-12-15,3.0022
2026-10-05,2003-12-16,-16.401
2026-10-05,2003-12-17,-2.4146
2026-10-05,2003-12-18,-0.7892
2026-10-05,2003-12-19,40.0597
2026-10-05,2003-12-22,-9.4602
2026-10-05,2003-12-23,-134.0599
2026-10-05,2003-12-24,79.071
2026-10-05,2003-12-26,71.5387
2026-10-05,2003-12-29,8.6734
2026-10-05,2003-12-30,-97.4633
2026-10-05,2003-12-31,0.3759
2026-10-05,2004-01-02,103.08
2026-10-05,2004-01-05,-1.6547
2026-10-05,2004-01-06,-2.6674
2026-10-05,2004-01-07,1.1369
2026-10-05,2004-01-08,7.1776
2026-10-05,2004-01-09,-0.4397
2026-10-05,2004-01-12,-3.7669
2026-10-05,2004-01-13,-180.2694
2026-10-05,2004-01-14,77.8354
2026-10-05,2004-01-15,79.636
2026-10-05,2004-01-16,-14.3351
2026-10-05,2004-01-19,61.5712
2026-10-05,2004-01-20,-4.4685
2026-10-05,2004-01-21,11.1852
2026-10-05,2004-01-22,-86.2113
2026-10-05,2004-01-23,70.029
2026-10-05,2004-01-26,4.3142
2026-10-05,2004-01-27,-7.0356
2026-10-05,2004-01-28,3.805
2026-10-05,2004-01-29,-1.5788
2026-10-05,2004-01-30,8.1465
2026-10-05,2004-02-02,-9.3451
2026-10-05,2004-02-03,363.4818
2026-10-05,2004-02-04,-7.595
2026-10-05,2004-02-05,-4.4244
2026-10-05,2004-02-06,-3.3774
2026-10-05,2004-02-09,4.4182
2026-10-05,2004-02-10,-6.3161
2026-10-05,2004-02-11,-36.3046
2026-10-05,2004-02-12,-50.4751
2026-10-05,2004-02-13,4.0449
2026-10-05,2004-02-16,-43.6949
2026-10-05,2004-02-17,-3.8901
2026-10-05,2004-02-18,55.3926
2026-10-05,2004-02-19,-18.2045
2026-10-05,2004-02-20,81.7981
2026-10-05,2004-02-23,18.3607
2026-10-05,2004-02-24,-0.9149
2026-10-05,2004-02-25,-3.8205
2026-10-05,2004-02-26,-22.0036
2026-10-05,2004-02-27,-6.0755
2026-10-05,2004-03-01,8.9755
2026-10-05,2004-03-02,-5.8071
2026-10-05,2004-03-03,5.7316
2026-10-05,2004-03-04,3.4399
2026-10-05,2004-03-05,-0.3782
2026-10-05,2004-03-08,-5.4111
2026-10-05,2004-03-09,-2.6675
2026-10-05,2004-03-10,-10.1608
2026-10-05,2004-03-11,0.8255
2026-10-05,2004-03-12,-5.6615
2026-10-05,2004-03-15,-8.0651
2026-10-05,2004-03-16,3.0486
2026-10-05,2004-03-17,-5.6239
2026-10-05,2004-03-18,4.8988
2026-10-05,2004-03-19,55.4258
2026-10-05,2004-03-22,6.688
2026-10-05,2004-03-23,-2.7722
2026-10-05,2004-03-24,-1.6419
2026-10-05,2004-03-25,-10.4417
2026-10-05,2004-03-26,596.6385
2026-10-05,2004-03-29,-3.9456
2026-10-05,2004-03-30,-8.3483
2026-10-05,2004-03-31,284.5568
2026-10-05,2004-04-01,17.484
2026-10-05,2004-04-02,-2.4231
2026-10-05,2004-04-06,3.9914
2026-10-05,2004-04-07,-0.4434
2026-10-05,2004-04-12,0.8366
2026-10-05,2004-04-13,-8.4033
2026-10-05,2004-04-14,-15.3754
2026-10-05,2004-04-15,2.7059
2026-10-05,2004-04-16,-6.3302
2026-10-05,2004-04-19,53.5408
2026-10-05,2004-04-20,-55.6018
2026-10-05,2004-04-21,67.2774
2026-10-05,2004-04-22,-71.9326
2026-10-05,2004-04-23,61.9378
2026-10-05,2004-04-26,2.6858
2026-10-05,2004-04-27,-39.3606
2026-10-05,2004-04-28,-3.5504
2026-10-05,2004-04-29,4.5769
2026-10-05,2004-04-30,2.2343
2026-10-05,2004-05-03,11.5343
2026-10-05,2004-05-04,-11.066
2026-10-05,2004-05-05,-5.6661
2026-10-05,2004-05-06,-6.9837
2026-10-05,2004-05-07,-19.2754
2026-10-05,2004-05-10,29.9425
2026-10-05,2004-05-11,-5.5493
2026-10-05,2004-05-12,-15.08
2026-10-05,2004-05-13,-8.2709
2026-10-05,2004-05-14,-4.3007
2026-10-05,2004-05-17,-35.7188
2026-10-05,2004-05-18,-73.2106
2026-10-05,2004-05-19,171.7429
2026-10-05,2004-05-20,-6.6537
2026-10-05,2004-05-21,3.5037
2026-10-05,2004-05-24,2.9871
2026-10-05,2004-05-26,-9.4667
2026-10-05,2004-05-27,-5.8906
2026-10-05,2004-05-28,-5.1268
2026-10-05,2004-05-31,-4.9246
2026-10-05,2004-06-01,-3.6941
2026-10-05,2004-06-02,-2.6254
2026-10-05,2004-06-03,4.5664
2026-10-05,2004-06-04,-3.4186
2026-10-05,2004-06-07,-3.002
2026-10-05,2004-06-08,-5.942
2026-10-05,2004-06-09,-22.7739
2026-10-05,2004-06-10,-6.1139
2026-10-05,2004-06-11,-3.7827
2026-10-05,2004-06-14,-6.8543
2026-10-05,2004-06-15,1.8992
2026-10-05,2004-06-16,-0.1351
2026-10-05,2004-06-17,-6.8127
2026-10-05,2004-06-18,-60.9054
2026-10-05,2004-06-22,59.373
2026-10-05,2004-06-23,80.3442
2026-10-05,2004-06-24,-4.0663
2026-10-05,2004-06-25,-5.8711
2026-10-05,2004-06-28,-4.0596
2026-10-05,2004-06-29,-8.5229
2026-10-05,2004-06-30,17.6917
2026-10-05,2004-07-01,-3.47
2026-10-05,2004-07-02,-3.47
2026-10-05,2004-07-05,-3.47
2026-10-05,2004-07-06,3.0402
2026-10-05,2004-07-07,-9.5936
2026-10-05,2004-07-08,-6.1565
2026-10-05,2004-07-12,-2.5941
2026-10-05,2004-07-13,-4.2905
2026-10-05,2004-07-14,-24.6446
2026-10-05,2004-07-15,9.245
2026-10-05,2004-07-16,-5.8684
2026-10-05,2004-07-19,48.9563
2026-10-05,2004-07-20,-67.0003
2026-10-05,2004-07-21,6.2175
2026-10-05,2004-07-22,-6.104
2026-10-05,2004-07-23,10.0104
2026-10-05,2004-07-26,2.6347
2026-10-05,2004-07-27,-7.1285
2026-10-05,2004-07-28,-4.7274
2026-10-05,2004-07-29,-6.341
2026-10-05,2004-07-30,-92.281
2026-10-05,2004-08-02,-697.4529
2026-10-05,2004-08-03,12.8595
2026-10-05,2004-08-04,-5.8823
2026-10-05,2004-08-05,-6.2372
2026-10-05,2004-08-06,-5.7333
2026-10-05,2004-08-09,-0.3266
2026-10-05,2004-08-10,-5.3692
2026-10-05,2004-08-11,-35.2576
2026-10-05,2004-08-12,-5.7656
2026-10-05,2004-08-13,-23.0546
2026-10-05,2004-08-17,-23.664
2026-10-05,2004-08-18,22.298
2026-10-05,2004-08-19,22.4562
2026-10-05,2004-08-20,69.2101
2026-10-05,2004-08-23,8.4908
2026-10-05,2004-08-24,0.9981
2026-10-05,2004-08-25,-5.6012
2026-10-05,2004-08-26,-0.9016
2026-10-05,2004-08-27,-6.2183
2026-10-05,2004-08-30,-95.541
2026-10-05,2004-08-31,2.0886
2026-10-05,2004-09-01,-8.872
2026-10-05,2004-09-02,2.0684
2026-10-05,2004-09-03,2.835
2026-10-05,2004-09-06,-0.8246
2026-10-05,2004-09-07,-3.3724
2026-10-05,2004-09-08,-4.9758
2026-10-05,2004-09-09,-3.6238
2026-10-05,2004-09-10,-3.8267
2026-10-05,2004-09-13,-177.934
2026-10-05,2004-09-14,96.939
2026-10-05,2004-09-15,-27.3
2026-10-05,2004-09-16,-9.1686
2026-10-05,2004-09-17,91.1957
2026-10-05,2004-09-20,58.4792
2026-10-05,2004-09-21,7.1447
2026-10-05,2004-09-22,-6.4689
2026-10-05,2004-09-23,-4.8988
2026-10-05,2004-09-24,-1.1359
2026-10-05,2004-09-27,-6.0417
2026-10-05,2004-09-28,-3.59
2026-10-05,2004-09-29,-3.733
2026-10-05,2004-09-30,-81.0685
2026-10-05,2004-10-01,1.369
2026-10-05,2004-10-04,-0.8975
2026-10-05,2004-10-05,-0.6666
2026-10-05,2004-10-06,-5.9409
2026-10-05,2004-10-07,-3.21
2026-10-05,2004-10-08,-1.5289
2026-10-05,2004-10-12,0.3279
2026-10-05,2004-10-13,-6.4229
2026-10-05,2004-10-14,-20.7574
2026-10-05,2004-10-15,4.3232
2026-10-05,2004-10-18,-34.5888
2026-10-05,2004-10-19,81.2593
2026-10-05,2004-10-20,-50.5908
2026-10-05,2004-10-21,66.3387
2026-10-05,2004-10-22,-6.0462
2026-10-05,2004-10-25,0.5634
2026-10-05,2004-10-26,-4.728
2026-10-05,2004-10-27,-6.356
2026-10-05,2004-10-28,-102.7245
2026-10-05,2004-10-29,-12.17
2026-10-05,2004-11-01,-87.4712
2026-10-05,2004-11-02,102.939
2026-10-05,2004-11-03,2.713
2026-10-05,2004-11-04,-5.39
2026-10-05,2004-11-05,-0.855
2026-10-05,2004-11-08,-2.597
2026-10-05,2004-11-09,-53.7137
2026-10-05,2004-11-10,44.8184
2026-10-05,2004-11-11,-9.278
2026-10-05,2004-11-12,-5.4765
2026-10-05,2004-11-15,8.81
2026-10-05,2004-11-16,-10.2618
2026-10-05,2004-11-17,-38.736
2026-10-05,2004-11-18,-5.425
2026-10-05,2004-11-19,88.831
2026-10-05,2004-11-22,8.075
2026-10-05,2004-11-23,-6.271
2026-10-05,2004-11-24,-0.691
2026-10-05,2004-11-25,-6.475
2026-10-05,2004-11-26,-9.563
2026-10-05,2004-11-29,-4.038
2026-10-05,2004-11-30,-176.47
2026-10-05,2004-12-01,35.484
2026-10-05,2004-12-02,74.652
2026-10-05,2004-12-03,1.158
2026-10-05,2004-12-06,-4.447
2026-10-05,2004-12-07,-4.288
2026-10-05,2004-12-09,-6.182
2026-10-05,2004-12-10,-49.233
2026-10-05,2004-12-13,-6.241
2026-10-05,2004-12-14,-10.016
2026-10-05,2004-12-15,18.5295
2026-10-05,2004-12-16,-6.925
2026-10-05,2004-12-17,-1.467
2026-10-05,2004-12-20,59.309
2026-10-05,2004-12-21,6.682
2026-10-05,2004-12-22,-5.575
2026-10-05,2004-12-23,-5.9638
2026-10-05,2004-12-24,-0.578
2026-10-05,2004-12-27,-3.976
2026-10-05,2004-12-28,0.928
2026-10-05,2004-12-29,-8.398
2026-10-05,2004-12-30,-0.308
2026-10-05,2004-12-31,-7.254
2026-10-05,2005-01-03,-55.6773
2026-10-05,2005-01-04,-6.1809
2026-10-05,2005-01-05,-6.1238
2026-10-05,2005-01-06,-38.3429
2026-10-05,2005-01-07,-4.1077
2026-10-05,2005-01-10,13.2122
2026-10-05,2005-01-11,-5.4179
2026-10-05,2005-01-12,-8.7894
2026-10-05,2005-01-13,-59.4407
2026-10-05,2005-01-14,39.775
2026-10-05,2005-01-17,8.3675
2026-10-05,2005-01-18,-24.9196
2026-10-05,2005-01-19,73.0885
2026-10-05,2005-01-20,-86.6419
2026-10-05,2005-01-21,11.8562
2026-10-05,2005-01-24,81.2818
2026-10-05,2005-01-25,-5.8573
2026-10-05,2005-01-26,-6.6107
2026-10-05,2005-01-27,-5.1816
2026-10-05,2005-01-28,-4.5793
2026-10-05,2005-01-31,62.7295
2026-10-05,2005-02-01,-95.6728
2026-10-05,2005-02-02,-5.7878
2026-10-05,2005-02-03,1.7837
2026-10-05,2005-02-04,-5.9827
2026-10-05,2005-02-07,-3.4
2026-10-05,2005-02-08,-5.7386
2026-10-05,2005-02-09,-55.1944
2026-10-05,2005-02-10,-75.663
2026-10-05,2005-02-11,102.5794
2026-10-05,2005-02-14,-6.3814
2026-10-05,2005-02-15,3.5094
2026-10-05,2005-02-16,-17.6064
2026-10-05,2005-02-17,-8.0374
2026-10-05,2005-02-18,10.4727
2026-10-05,2005-02-21,73.1324
2026-10-05,2005-02-22,-9.682
2026-10-05,2005-02-23,-6.6037
2026-10-05,2005-02-24,-79.324
2026-10-05,2005-02-25,-10.5026
2026-10-05,2005-02-28,-8.9554
2026-10-05,2005-03-01,34.31
2026-10-05,2005-03-02,-6.965
2026-10-05,2005-03-03,-30.062
2026-10-05,2005-03-04,-5.5837
2026-10-05,2005-03-07,-3.4793
2026-10-05,2005-03-08,-6.3306
2026-10-05,2005-03-09,-4.5864
2026-10-05,2005-03-10,-5.4412
2026-10-05,2005-03-11,-6.3382
2026-10-05,2005-03-14,-17.6559
2026-10-05,2005-03-15,4.1035
2026-10-05,2005-03-16,-6.4194
2026-10-05,2005-03-17,-23.8479
2026-10-05,2005-03-18,21.8754
2026-10-05,2005-03-21,72.0155
2026-10-05,2005-03-22,-6.6077
2026-10-05,2005-03-23,-8.6665
2026-10-05,2005-03-28,9.7584
2026-10-05,2005-03-29,-13.1149
2026-10-05,2005-03-30,-85.3854
2026-10-05,2005-03-31,-12.0557
2026-10-05,2005-04-01,28.5465
2026-10-05,2005-04-04,-28.4243
2026-10-05,2005-04-05,-6.5548
2026-10-05,2005-04-06,-5.5986
2026-10-05,2005-04-07,-3.7544
2026-10-05,2005-04-08,-5.753
2026-10-05,2005-04-11,-1.2151
2026-10-05,2005-04-12,-6.1412
2026-10-05,2005-04-13,-6.1929
2026-10-05,2005-04-14,-5.9459
2026-10-05,2005-04-15,6.853
2026-10-05,2005-04-18,-5.8528
2026-10-05,2005-04-19,19.65
2026-10-05,2005-04-20,-23.7479
2026-10-05,2005-04-21,55.17
2026-10-05,2005-04-22,-18.2014
2026-10-05,2005-04-25,10.0954
2026-10-05,2005-04-26,0.5407
2026-10-05,2005-04-27,-6.0934
2026-10-05,2005-04-28,-3.687
2026-10-05,2005-04-29,-6.1387
2026-10-05,2005-05-02,-545.9225
2026-10-05,2005-05-03,156.24
2026-10-05,2005-05-04,-6.132
2026-10-05,2005-05-05,-6.339
2026-10-05,2005-05-06,-5.784
2026-10-05,2005-05-09,-39.133
2026-10-05,2005-05-10,-5.246
2026-10-05,2005-05-11,-5.643
2026-10-05,2005-05-12,-12.55
2026-10-05,2005-05-13,-8.077
2026-10-05,2005-05-16,3.366
2026-10-05,2005-05-17,-3.958
2026-10-05,2005-05-18,-928.502
2026-10-05,2005-05-19,155.251
2026-10-05,2005-05-20,46.915
2026-10-05,2005-05-23,29.505
2026-10-05,2005-05-24,-433.2893
2026-10-05,2005-05-26,116.6216
2026-10-05,2005-05-27,100.992
2026-10-05,2005-05-30,-112.617
2026-10-05,2005-05-31,15.612
2026-10-05,2005-06-01,507.342
2026-10-05,2005-06-02,-8.032
2026-10-05,2005-06-03,-1.415
2026-10-05,2005-06-06,-3.985
2026-10-05,2005-06-07,-3.787
2026-10-05,2005-06-08,-7.174
2026-10-05,2005-06-09,-85.7815
2026-10-05,2005-06-10,31.276
2026-10-05,2005-06-13,-2.095
2026-10-05,2005-06-14,-6.955
2026-10-05,2005-06-15,3.399
2026-10-05,2005-06-16,-6.853
2026-10-05,2005-06-17,-6.357
2026-10-05,2005-06-21,109.041
2026-10-05,2005-06-22,-5.713
2026-10-05,2005-06-23,-7.28
2026-10-05,2005-06-24,-3.875
2026-10-05,2005-06-27,-171.952
2026-10-05,2005-06-28,5.423
2026-10-05,2005-06-29,-4.484
2026-10-05,2005-06-30,-124.9108
2026-10-05,2005-07-01,27.7848
2026-10-05,2005-07-04,3.387
2026-10-05,2005-07-05,-6.27
2026-10-05,2005-07-06,-5.942
2026-10-05,2005-07-07,-168.9395
2026-10-05,2005-07-08,-208.7042
2026-10-05,2005-07-11,97.2577
2026-10-05,2005-07-12,-860.552
2026-10-05,2005-07-13,10.28
2026-10-05,2005-07-14,-878.623
2026-10-05,2005-07-15,-19.647
2026-10-05,2005-07-18,-7.422
2026-10-05,2005-07-19,52.196
2026-10-05,2005-07-20,26.96
2026-10-05,2005-07-21,6.388
2026-10-05,2005-07-22,-9.109
2026-10-05,2005-07-25,-3.456
2026-10-05,2005-07-26,1.853
2026-10-05,2005-07-27,-11.027
2026-10-05,2005-07-28,3.4173
2026-10-05,2005-07-29,572.7594
2026-10-05,2005-08-01,195.1356
2026-10-05,2005-08-02,-159.4241
2026-10-05,2005-08-03,155.7498
2026-10-05,2005-08-04,-76.2025
2026-10-05,2005-08-05,-362.34
2026-10-05,2005-08-08,353.4521
2026-10-05,2005-08-09,-7.4251
2026-10-05,2005-08-10,-5.8561
2026-10-05,2005-08-11,-181.8202
2026-10-05,2005-08-12,149.514
2026-10-05,2005-08-16,3.673
2026-10-05,2005-08-17,-23.2725
2026-10-05,2005-08-18,-6.1854
2026-10-05,2005-08-19,14.5998
2026-10-05,2005-08-22,33.0889
2026-10-05,2005-08-23,24.8403
2026-10-05,2005-08-24,-93.9916
2026-10-05,2005-08-25,-0.7995
2026-10-05,2005-08-26,-762.841
2026-10-05,2005-08-29,3.7292
2026-10-05,2005-08-30,-94.8292
2026-10-05,2005-08-31,833.7538
2026-10-05,2005-09-01,30.609
2026-10-05,2005-09-02,-5.695
2026-10-05,2005-09-05,-7.5396
2026-10-05,2005-09-06,-5.9641
2026-10-05,2005-09-07,-4.0292
2026-10-05,2005-09-08,-6.0383
2026-10-05,2005-09-09,-6.0159
2026-10-05,2005-09-12,-5.2538
2026-10-05,2005-09-13,-6.6643
2026-10-05,2005-09-14,-55.4641
2026-10-05,2005-09-15,28.5714
2026-10-05,2005-09-16,-6.0284
2026-10-05,2005-09-19,56.3107
2026-10-05,2005-09-20,-6.2015
2026-10-05,2005-09-21,27.597
2026-10-05,2005-09-22,-14.2915
2026-10-05,2005-09-23,-4.626
2026-10-05,2005-09-26,-1.5228
2026-10-05,2005-09-27,-5.0696
2026-10-05,2005-09-28,-19.6409
2026-10-05,2005-09-29,-186.2433
2026-10-05,2005-09-30,-374.187
2026-10-05,2005-10-03,216.2591
2026-10-05,2005-10-04,-3.2518
2026-10-05,2005-10-05,-6.2305
2026-10-05,2005-10-06,-195.877
2026-10-05,2005-10-07,-5.0315
2026-10-05,2005-10-11,-4.7982
2026-10-05,2005-10-12,-6.5328
2026-10-05,2005-10-13,-6.1234
2026-10-05,2005-10-14,-27.7023
2026-10-05,2005-10-17,1.1425
2026-10-05,2005-10-18,-117.4604
2026-10-05,2005-10-19,55.9133
2026-10-05,2005-10-20,13.7581
2026-10-05,2005-10-21,-56.9044
2026-10-05,2005-10-24,-0.3501
2026-10-05,2005-10-25,-14.3036
2026-10-05,2005-10-26,-12.5326
2026-10-05,2005-10-27,699.3943
2026-10-05,2005-10-28,-8.4853
2026-10-05,2005-10-31,-94.7526
2026-10-05,2005-11-01,-156.1188
2026-10-05,2005-11-02,-7.1268
2026-10-05,2005-11-03,27.5641
2026-10-05,2005-11-04,-6.9817
2026-10-05,2005-11-07,146.21
2026-10-05,2005-11-08,-6.803
2026-10-05,2005-11-09,-5.9147
2026-10-05,2005-11-10,-6.3746
2026-10-05,2005-11-11,-133.3439
2026-10-05,2005-11-14,-1.0613
2026-10-05,2005-11-15,-14.4445
2026-10-05,2005-11-16,-443.654
2026-10-05,2005-11-17,-7.2654
2026-10-05,2005-11-18,-7.0764
2026-10-05,2005-11-21,600.3843
2026-10-05,2005-11-22,14.5752
2026-10-05,2005-11-23,-5.5203
2026-10-05,2005-11-24,-5.7039
2026-10-05,2005-11-25,-152.4609
2026-10-05,2005-11-28,-295.5619
2026-10-05,2005-11-29,1.0523
2026-10-05,2005-11-30,193.2964
2026-10-05,2005-12-01,-6.281
2026-10-05,2005-12-02,-7.8315
2026-10-05,2005-12-05,-2.0601
2026-10-05,2005-12-06,-22.8297
2026-10-05,2005-12-07,-5.9716
2026-10-05,2005-12-09,-8.7758
2026-10-05,2005-12-12,-7.7255
2026-10-05,2005-12-13,-137.0256
2026-10-05,2005-12-14,6.2693
2026-10-05,2005-12-15,-252.4047
2026-10-05,2005-12-16,240.7227
2026-10-05,2005-12-19,-478.4962
2026-10-05,2005-12-20,-10.0756
2026-10-05,2005-12-21,285.992
2026-10-05,2005-12-22,-8.5959
2026-10-05,2005-12-23,-13.0252
2026-10-05,2005-12-26,-6.7594
2026-10-05,2005-12-27,-1150.1394
2026-10-05,2005-12-28,1.3808
2026-10-05,2005-12-29,172.0712
2026-10-05,2005-12-30,-109.9463
2026-10-05,2006-01-02,14.37
2026-10-05,2006-01-03,-0.2254
2026-10-05,2006-01-04,-8.3
2026-10-05,2006-01-05,-8.3
2026-10-05,2006-01-06,-8.34
2026-10-05,2006-01-09,31.66
2026-10-05,2006-01-10,-7.2862
2026-10-05,2006-01-11,23.5913
2026-10-05,2006-01-12,-9.295
2026-10-05,2006-01-13,-46.5905
2026-10-05,2006-01-16,14.2431
2026-10-05,2006-01-17,1204.8658
2026-10-05,2006-01-18,5.9406
2026-10-05,2006-01-19,56.7616
2026-10-05,2006-01-20,-8.7275
2026-10-05,2006-01-23,7.1414
2026-10-05,2006-01-24,-4.4853
2026-10-05,2006-01-25,-7.8977
2026-10-05,2006-01-26,-1417.7576
2026-10-05,2006-01-27,-312.2254
2026-10-05,2006-01-30,-88.9662
2026-10-05,2006-01-31,-8.3443
2026-10-05,2006-02-01,1233.0082
2026-10-05,2006-02-02,-8.56
2026-10-05,2006-02-03,166.28
2026-10-05,2006-02-06,361.3239
2026-10-05,2006-02-07,-6.7985
2026-10-05,2006-02-08,-7.1321
2026-10-05,2006-02-09,-8.5722
2026-10-05,2006-02-10,-58.0895
2026-10-05,2006-02-13,26.5022
2026-10-05,2006-02-14,-8.358
2026-10-05,2006-02-15,14.7534
2026-10-05,2006-02-16,-10.1475
2026-10-05,2006-02-17,-7.4872
2026-10-05,2006-02-20,57.4895
2026-10-05,2006-02-21,14.8594
2026-10-05,2006-02-22,-6.4731
2026-10-05,2006-02-23,40.6441
2026-10-05,2006-02-24,-20.3514
2026-10-05,2006-02-27,19.9241
2026-10-05,2006-02-28,-96.2373
2026-10-05,2006-03-01,14.16
2026-10-05,2006-03-02,-1800.4538
2026-10-05,2006-03-03,8.2185
2026-10-05,2006-03-06,1202.4756
2026-10-05,2006-03-07,2.3933
2026-10-05,2006-03-08,0.0425
2026-10-05,2006-03-09,0.1315
2026-10-05,2006-03-10,-1.9683
2026-10-05,2006-03-13,303.5748
2026-10-05,2006-03-14,-0.821
2026-10-05,2006-03-15,310.163
2026-10-05,2006-03-16,-0.5738
2026-10-05,2006-03-17,2.5156
2026-10-05,2006-03-20,64.718
2026-10-05,2006-03-21,14.2577
2026-10-05,2006-03-22,-3.5346
2026-10-05,2006-03-23,-599.945
2026-10-05,2006-03-27,-5.6221
2026-10-05,2006-03-28,18.8529
2026-10-05,2006-03-29,600.9071
2026-10-05,2006-03-30,-93.7289
2026-10-05,2006-03-31,204.8464
2026-10-05,2006-04-03,24.0653
2026-10-05,2006-04-04,0.2101
2026-10-05,2006-04-05,-0.127
2026-10-05,2006-04-06,-0.204
2026-10-05,2006-04-07,-9.1584
2026-10-05,2006-04-10,12.1273
2026-10-05,2006-04-11,-1.3461
2026-10-05,2006-04-12,-41.6508
2026-10-05,2006-04-17,48.3763
2026-10-05,2006-04-18,-0.0801
2026-10-05,2006-04-19,64.5308
2026-10-05,2006-04-20,-0.1287
2026-10-05,2006-04-21,13.103
2026-10-05,2006-04-24,0.7954
2026-10-05,2006-04-25,-11.6177
2026-10-05,2006-04-26,22.9259
2026-10-05,2006-04-27,-11.4616
2026-10-05,2006-04-28,-601.3581
2026-10-05,2006-05-02,-81.1234
2026-10-05,2006-05-03,6.87
2026-10-05,2006-05-04,-0.159
2026-10-05,2006-05-05,1.5459
2026-10-05,2006-05-08,-97.639
2026-10-05,2006-05-09,-68.1604
2026-10-05,2006-05-10,30.8179
2026-10-05,2006-05-11,36.6747
2026-10-05,2006-05-12,4.3441
2026-10-05,2006-05-15,8.6693
2026-10-05,2006-05-16,-45.9408
2026-10-05,2006-05-17,-0.1932
2026-10-05,2006-05-18,-0.9694
2026-10-05,2006-05-19,-1892.9213
2026-10-05,2006-05-22,1900.9108
2026-10-05,2006-05-23,-20.109
2026-10-05,2006-05-24,41.6877
2026-10-05,2006-05-26,-68.4939
2026-10-05,2006-05-29,9.1437
2026-10-05,2006-05-30,62.701
2026-10-05,2006-05-31,-66.0902
2026-10-05,2006-06-01,7.1667
2026-10-05,2006-06-02,-6.9849
2026-10-05,2006-06-05,4.4995
2026-10-05,2006-06-06,-62.1492
2026-10-05,2006-06-07,-164.912
2026-10-05,2006-06-08,-113.5269
2026-10-05,2006-06-09,64.8952
2026-10-05,2006-06-12,34.8313
2026-10-05,2006-06-13,-13.4314
2026-10-05,2006-06-14,-40.4035
2026-10-05,2006-06-15,-19.5215
2026-10-05,2006-06-16,-8.3372
2026-10-05,2006-06-20,35.983
2026-10-05,2006-06-21,-567.3517
2026-10-05,2006-06-22,1185.0411
2026-10-05,2006-06-23,-26.6662
2026-10-05,2006-06-26,19.1133
2026-10-05,2006-06-27,1.8576
2026-10-05,2006-06-28,48.2242
2026-10-05,2006-06-29,287.8068
2026-10-05,2006-06-30,-100.3979
2026-10-05,2006-07-03,14.1864
2026-10-05,2006-07-04,0.0002
2026-10-05,2006-07-05,0.7724
2026-10-05,2006-07-06,-21.1564
2026-10-05,2006-07-07,-109.5561
2026-10-05,2006-07-10,-116.108
2026-10-05,2006-07-11,65.8425
2026-10-05,2006-07-12,32.5836
2026-10-05,2006-07-13,-51.4994
2026-10-05,2006-07-14,-103.2967
2026-10-05,2006-07-17,98.6964
2026-10-05,2006-07-18,-6.057
2026-10-05,2006-07-19,60.195
2026-10-05,2006-07-20,-363.5484
2026-10-05,2006-07-21,338.6245
2026-10-05,2006-07-24,-7.4484
2026-10-05,2006-07-25,-19.6098
2026-10-05,2006-07-26,6.6533
2026-10-05,2006-07-27,-12.6064
2026-10-05,2006-07-28,200.0248
2026-10-05,2006-07-31,-115.9428
2026-10-05,2006-08-01,6.5291
2026-10-05,2006-08-02,-180.6037
2026-10-05,2006-08-03,175.3594
2026-10-05,2006-08-04,-4.2422
2026-10-05,2006-08-07,-24.9889
2026-10-05,2006-08-08,-108.7624
2026-10-05,2006-08-09,-107.0682
2026-10-05,2006-08-10,73.5353
2026-10-05,2006-08-11,16.1874
2026-10-05,2006-08-14,-14.253
2026-10-05,2006-08-15,-85.8
2026-10-05,2006-08-16,39.345
2026-10-05,2006-08-17,-4.4065
2026-10-05,2006-08-18,-6.5024
2026-10-05,2006-08-22,101.1279
2026-10-05,2006-08-23,-92.865
2026-10-05,2006-08-24,-1.0197
2026-10-05,2006-08-25,-20.4961
2026-10-05,2006-08-28,200.5969
2026-10-05,2006-08-29,-173.0344
2026-10-05,2006-08-30,93.6919
2026-10-05,2006-08-31,-7.4731
2026-10-05,2006-09-01,6.1669
2026-10-05,2006-09-04,2.7793
2026-10-05,2006-09-05,-7.1392
2026-10-05,2006-09-06,-2.7131
2026-10-05,2006-09-07,-107.6486
2026-10-05,2006-09-08,-131.4468
2026-10-05,2006-09-11,10.2635
2026-10-05,2006-09-12,52.1166
2026-10-05,2006-09-13,38.6864
2026-10-05,2006-09-14,-53.6667
2026-10-05,2006-09-15,0.516
2026-10-05,2006-09-18,-8.5101
2026-10-05,2006-09-19,82.5203
2026-10-05,2006-09-20,-40.3923
2026-10-05,2006-09-21,-61.0513
2026-10-05,2006-09-22,-13.1604
2026-10-05,2006-09-25,32.3705
2026-10-05,2006-09-26,-17.3038
2026-10-05,2006-09-27,11.7552
2026-10-05,2006-09-28,207.2855
2026-10-05,2006-09-29,-201.7159
2026-10-05,2006-10-02,99.4711
2026-10-05,2006-10-03,-0.9538
2026-10-05,2006-10-04,-4.1648
2026-10-05,2006-10-05,-4.9451
2026-10-05,2006-10-06,-110.9997
2026-10-05,2006-10-09,-119.0595
2026-10-05,2006-10-10,56.9046
2026-10-05,2006-10-11,43.3073
2026-10-05,2006-10-12,-7.0398
2026-10-05,2006-10-13,-101.6746
2026-10-05,2006-10-17,1.1275
2026-10-05,2006-10-18,47.3321
2026-10-05,2006-10-19,86.5716
2026-10-05,2006-10-20,-10.5081
2026-10-05,2006-10-23,-142.9257
2026-10-05,2006-10-24,14.893
2026-10-05,2006-10-25,68.1818
2026-10-05,2006-10-26,-7.1998
2026-10-05,2006-10-27,-142.8324
2026-10-05,2006-10-30,113.0055
2026-10-05,2006-10-31,-18.5029
2026-10-05,2006-11-01,6.7852
2026-10-05,2006-11-02,-184.3837
2026-10-05,2006-11-03,180.1319
2026-10-05,2006-11-07,-11.4206
2026-10-05,2006-11-08,-447.2249
2026-10-05,2006-11-09,327.1257
2026-10-05,2006-11-10,-19.2812
2026-10-05,2006-11-13,-10.4912
2026-10-05,2006-11-14,6.9009
2026-10-05,2006-11-15,-85.1997
2026-10-05,2006-11-16,79.6421
2026-10-05,2006-11-17,-55.3604
2026-10-05,2006-11-20,96.621
2026-10-05,2006-11-21,-31.241
2026-10-05,2006-11-22,-86.8041
2026-10-05,2006-11-23,32.8685
2026-10-05,2006-11-24,9.3352
2026-10-05,2006-11-27,-26.1459
2026-10-05,2006-11-28,15.2086
2026-10-05,2006-11-29,-336.5594
2026-10-05,2006-11-30,269.936
2026-10-05,2006-12-01,3.5221
2026-10-05,2006-12-04,5.5897
2026-10-05,2006-12-05,-7.7333
2026-10-05,2006-12-06,-93.9259
2026-10-05,2006-12-07,-6.0093
2026-10-05,2006-12-11,35.6762
2026-10-05,2006-12-12,-14.8902
2026-10-05,2006-12-13,-6.7092
2026-10-05,2006-12-14,-712.9466
2026-10-05,2006-12-15,-19.3556
2026-10-05,2006-12-18,-12.4586
2026-10-05,2006-12-19,167.508
2026-10-05,2006-12-20,190.305
2026-10-05,2006-12-21,-921.6884
2026-10-05,2006-12-22,-16.1315
2026-10-05,2006-12-26,7.9467
2026-10-05,2006-12-27,21.0605
2026-10-05,2006-12-28,-1982.811
2026-10-05,2006-12-29,5.1343
2026-10-05,2007-01-02,-192.164
2026-10-05,2007-01-03,-56.9087
2026-10-05,2007-01-04,45.4248
2026-10-05,2007-01-05,-5.57
2026-10-05,2007-01-08,-77.8342
2026-10-05,2007-01-09,-7.2868
2026-10-05,2007-01-10,47.4326
2026-10-05,2007-01-11,-7.4221
2026-10-05,2007-01-12,-57.367
2026-10-05,2007-01-15,36.3198
2026-10-05,2007-01-16,-40.0989
2026-10-05,2007-01-17,-8.5386
2026-10-05,2007-01-18,-501.6748
2026-10-05,2007-01-19,-369.1842
2026-10-05,2007-01-22,2680.839
2026-10-05,2007-01-23,-12.722
2026-10-05,2007-01-24,5.1152
2026-10-05,2007-01-25,-20.4419
2026-10-05,2007-01-26,117.9627
2026-10-05,2007-01-29,118.09
2026-10-05,2007-01-30,-170.719
2026-10-05,2007-01-31,-22.1622
2026-10-05,2007-02-01,-1718.5284
2026-10-05,2007-02-02,-162.607
2026-10-05,2007-02-05,1217.9832
2026-10-05,2007-02-06,-83.6114
2026-10-05,2007-02-07,-4.0452
2026-10-05,2007-02-08,-4.0216
2026-10-05,2007-02-09,-11.5763
2026-10-05,2007-02-12,1537.7863
2026-10-05,2007-02-13,26.0078
2026-10-05,2007-02-14,-62.6218
2026-10-05,2007-02-15,48.4661
2026-10-05,2007-02-16,-1694.4819
2026-10-05,2007-02-19,96.871
2026-10-05,2007-02-20,-114.3327
2026-10-05,2007-02-21,-7.957
2026-10-05,2007-02-22,53.8701
2026-10-05,2007-02-23,-7.8027
2026-10-05,2007-02-26,5.7863
2026-10-05,2007-02-27,174.3429
2026-10-05,2007-02-28,-991.5628
2026-10-05,2007-03-01,-41.8042
2026-10-05,2007-03-02,1846.3973
2026-10-05,2007-03-05,-3.4481
2026-10-05,2007-03-06,-85.2221
2026-10-05,2007-03-07,-3.331
2026-10-05,2007-03-08,-14.2268
2026-10-05,2007-03-09,-1694.7569
2026-10-05,2007-03-12,-5.4916
2026-10-05,2007-03-13,-39.3515
2026-10-05,2007-03-14,-2.8257
2026-10-05,2007-03-15,-22.1308
2026-10-05,2007-03-16,-174.7045
2026-10-05,2007-03-19,232.0256
2026-10-05,2007-03-20,-122.3104
2026-10-05,2007-03-21,41.0235
2026-10-05,2007-03-22,-8.1903
2026-10-05,2007-03-23,590.7233
2026-10-05,2007-03-26,-1.1714
2026-10-05,2007-03-27,221.9595
2026-10-05,2007-03-28,0.5995
2026-10-05,2007-03-29,-89.9965
2026-10-05,2007-03-30,-1165.277
2026-10-05,2007-04-03,291.2022
2026-10-05,2007-04-04,-96.5083
2026-10-05,2007-04-09,-1.9514
2026-10-05,2007-04-10,-3.5206
2026-10-05,2007-04-11,-29.2756
2026-10-05,2007-04-12,-23.9965
2026-10-05,2007-04-13,-61.4554
2026-10-05,2007-04-16,84.6799
2026-10-05,2007-04-17,-128.594
2026-10-05,2007-04-18,58.3667
2026-10-05,2007-04-19,120.3986
2026-10-05,2007-04-20,-132.4246
2026-10-05,2007-04-23,-29.1111
2026-10-05,2007-04-24,34.7165
2026-10-05,2007-04-25,-6.9235
2026-10-05,2007-04-26,-7.1226
2026-10-05,2007-04-27,176.6116
2026-10-05,2007-04-30,-135.6299
2026-10-05,2007-05-02,-31.8457
2026-10-05,2007-05-03,75.9257
2026-10-05,2007-05-04,0.577
2026-10-05,2007-05-07,-98.244
2026-10-05,2007-05-08,0.73
2026-10-05,2007-05-09,-10.774
2026-10-05,2007-05-10,-12.0403
2026-10-05,2007-05-11,48.4355
2026-10-05,2007-05-14,-11.161
2026-10-05,2007-05-15,-59.0266
2026-10-05,2007-05-16,51.6491
2026-10-05,2007-05-17,-84.3975
2026-10-05,2007-05-18,-34.1172
2026-10-05,2007-05-21,46.2947
2026-10-05,2007-05-22,-9.437
2026-10-05,2007-05-23,-2375.9047
2026-10-05,2007-05-24,2284.9732
2026-10-05,2007-05-28,-739.4742
2026-10-05,2007-05-29,793.0597
2026-10-05,2007-05-30,-888.0655
2026-10-05,2007-05-31,-689.6761
2026-10-05,2007-06-01,-32.4357
2026-10-05,2007-06-04,56.0326
2026-10-05,2007-06-05,-6.2133
2026-10-05,2007-06-06,-149.6387
2026-10-05,2007-06-07,-4.8623
2026-10-05,2007-06-08,-6.594
2026-10-05,2007-06-11,-33.2788
2026-10-05,2007-06-12,-478.9279
2026-10-05,2007-06-13,12.4873
2026-10-05,2007-06-14,-83.697
2026-10-05,2007-06-15,-16.492
2026-10-05,2007-06-19,152.9755
2026-10-05,2007-06-20,-31.7795
2026-10-05,2007-06-21,-480.262
2026-10-05,2007-06-22,91.7331
2026-10-05,2007-06-25,196.5384
2026-10-05,2007-06-26,-6.7844
2026-10-05,2007-06-27,-15.9001
2026-10-05,2007-06-28,382.616
2026-10-05,2007-06-29,-59.2637
2026-10-05,2007-07-02,270.75
2026-10-05,2007-07-03,21.4417
2026-10-05,2007-07-04,-62.4352
2026-10-05,2007-07-05,43.7172
2026-10-05,2007-07-06,-210.9531
2026-10-05,2007-07-10,149.8241
2026-10-05,2007-07-11,38.8236
2026-10-05,2007-07-12,-10.7405
2026-10-05,2007-07-13,-105.1934
2026-10-05,2007-07-16,239.5144
2026-10-05,2007-07-17,1880.9972
2026-10-05,2007-07-18,-4.43
2026-10-05,2007-07-19,-872.9712
2026-10-05,2007-07-20,-70.711
2026-10-05,2007-07-23,-141.228
2026-10-05,2007-07-24,-7.0863
2026-10-05,2007-07-25,-264.3677
2026-10-05,2007-07-26,-957.026
2026-10-05,2007-07-27,484.85
2026-10-05,2007-07-30,-103.474
2026-10-05,2007-07-31,-68.617
2026-10-05,2007-08-01,-46.563
2026-10-05,2007-08-02,52.607
2026-10-05,2007-08-03,2841.3392
2026-10-05,2007-08-06,-121.8932
2026-10-05,2007-08-07,-4.9725
2026-10-05,2007-08-08,1.7875
2026-10-05,2007-08-09,-1.377
2026-10-05,2007-08-10,-23.28
2026-10-05,2007-08-13,-61.142
2026-10-05,2007-08-14,-76.804
2026-10-05,2007-08-15,101.095
2026-10-05,2007-08-16,-48.229
2026-10-05,2007-08-17,8.434
2026-10-05,2007-08-21,-4.709
2026-10-05,2007-08-22,130.0401
2026-10-05,2007-08-23,-74.4351
2026-10-05,2007-08-24,-4.882
2026-10-05,2007-08-27,-19.069
2026-10-05,2007-08-28,258.0283
2026-10-05,2007-08-29,-8.1182
2026-10-05,2007-08-30,-168.4527
2026-10-05,2007-08-31,-15.7689
2026-10-05,2007-09-03,-52.3905
2026-10-05,2007-09-04,165.3214
2026-10-05,2007-09-05,43.2915
2026-10-05,2007-09-06,-156.9968
2026-10-05,2007-09-07,-984.662
2026-10-05,2007-09-10,10.098
2026-10-05,2007-09-11,-21.149
2026-10-05,2007-09-12,378.993
2026-10-05,2007-09-13,501.581
2026-10-05,2007-09-14,-112.7392
2026-10-05,2007-09-17,540.4444
2026-10-05,2007-09-18,67.0329
2026-10-05,2007-09-19,91.8441
2026-10-05,2007-09-20,-527.0721
2026-10-05,2007-09-21,201.323
2026-10-05,2007-09-24,-14.805
2026-10-05,2007-09-25,-0.6805
2026-10-05,2007-09-26,-6.4228
2026-10-05,2007-09-27,-17.0455
2026-10-05,2007-09-28,220.4768
2026-10-05,2007-10-01,1115.1895
2026-10-05,2007-10-02,-9.5192
2026-10-05,2007-10-03,0.4718
2026-10-05,2007-10-04,-7.3587
2026-10-05,2007-10-05,-1004.9334
2026-10-05,2007-10-08,-0.06
2026-10-05,2007-10-09,-10.0083
2026-10-05,2007-10-10,-24.5129
2026-10-05,2007-10-11,-3.3848
2026-10-05,2007-10-12,940.7
2026-10-05,2007-10-16,36.2251
2026-10-05,2007-10-17,-76.4373
2026-10-05,2007-10-18,-12.9819
2026-10-05,2007-10-19,102.155
2026-10-05,2007-10-22,-991.5918
2026-10-05,2007-10-23,-7.1812
2026-10-05,2007-10-24,-2.8682
2026-10-05,2007-10-25,4.1688
2026-10-05,2007-10-26,-19.0367
2026-10-05,2007-10-29,2.3258
2026-10-05,2007-10-30,-115.184
2026-10-05,2007-10-31,42.541
2026-10-05,2007-11-01,16.1551
2026-10-05,2007-11-02,-40.1411
2026-10-05,2007-11-05,25.1266
2026-10-05,2007-11-07,-31.7766
2026-10-05,2007-11-08,7.054
2026-10-05,2007-11-09,-0.825
2026-10-05,2007-11-12,-4.394
2026-10-05,2007-11-13,-109.256
2026-10-05,2007-11-14,-14.092
2026-10-05,2007-11-15,-624.931
2026-10-05,2007-11-16,601.007
2026-10-05,2007-11-19,-371.746
2026-10-05,2007-11-20,-4.102
2026-10-05,2007-11-21,-391.774
2026-10-05,2007-11-22,-6.516
2026-10-05,2007-11-23,41.9
2026-10-05,2007-11-26,-9.986
2026-10-05,2007-11-27,-17.185
2026-10-05,2007-11-28,2.149
2026-10-05,2007-11-29,-358.28
2026-10-05,2007-11-30,1322.658
2026-10-05,2007-12-03,79.505
2026-10-05,2007-12-04,45.3922
2026-10-05,2007-12-05,-679.4982
2026-10-05,2007-12-06,-867.577
2026-10-05,2007-12-07,315.393
2026-10-05,2007-12-10,-7.165
2026-10-05,2007-12-11,43.965
2026-10-05,2007-12-12,-39.4046
2026-10-05,2007-12-13,-120.3884
2026-10-05,2007-12-14,2480.548
2026-10-05,2007-12-17,62.7074
2026-10-05,2007-12-18,16.1826
2026-10-05,2007-12-19,137.145
2026-10-05,2007-12-20,-2549.349
2026-10-05,2007-12-21,2001.582
2026-10-05,2007-12-26,-7.777
2026-10-05,2007-12-27,-8.47
2026-10-05,2007-12-28,-5018.106
2026-10-05,2008-01-02,209.975
2026-10-05,2008-01-03,-49.75
2026-10-05,2008-01-04,-13.339
2026-10-05,2008-01-07,2.713
2026-10-05,2008-01-08,1.263
2026-10-05,2008-01-09,11.274
2026-10-05,2008-01-10,-36.753
2026-10-05,2008-01-11,-6.848
2026-10-05,2008-01-14,-43.6214
2026-10-05,2008-01-15,-4.04
2026-10-05,2008-01-16,31.626
2026-10-05,2008-01-17,-13.1925
2026-10-05,2008-01-18,-15.3345
2026-10-05,2008-01-21,189.2448
2026-10-05,2008-01-22,-15.8428
2026-10-05,2008-01-23,-8.849
2026-10-05,2008-01-24,-36.996
2026-10-05,2008-01-25,-17.818
2026-10-05,2008-01-28,1.9778
2026-10-05,2008-01-29,18.7591
2026-10-05,2008-01-30,-172.5649
2026-10-05,2008-01-31,52.6384
2026-10-05,2008-02-01,1701.649
2026-10-05,2008-02-04,-99.4975
2026-10-05,2008-02-05,86.7853
2026-10-05,2008-02-06,-7.2353
2026-10-05,2008-02-07,-1705.28
2026-10-05,2008-02-08,-5.989
2026-10-05,2008-02-11,-9.71
2026-10-05,2008-02-12,-13.6175
2026-10-05,2008-02-13,-13.9529
2026-10-05,2008-02-14,-8.3296
2026-10-05,2008-02-15,1571.808
2026-10-05,2008-02-18,-392.873
2026-10-05,2008-02-19,14.9486
2026-10-05,2008-02-20,592.4464
2026-10-05,2008-02-21,5.939
2026-10-05,2008-02-22,-2100.3279
2026-10-05,2008-02-25,145.1159
2026-10-05,2008-02-26,212.232
2026-10-05,2008-02-27,-92.438
2026-10-05,2008-02-28,95.256
2026-10-05,2008-02-29,-134.7
2026-10-05,2008-03-03,6.138
2026-10-05,2008-03-04,-8.0318
2026-10-05,2008-03-05,-16.001
2026-10-05,2008-03-06,10.074
2026-10-05,2008-03-07,1687.4326
2026-10-05,2008-03-10,-5.6099
2026-10-05,2008-03-11,-7.4708
2026-10-05,2008-03-12,-16.9851
2026-10-05,2008-03-13,-1007.2224
2026-10-05,2008-03-14,-1601.1237
2026-10-05,2008-03-17,336.0051
2026-10-05,2008-03-18,-36.7082
2026-10-05,2008-03-19,870.5792
2026-10-05,2008-03-25,14.959
2026-10-05,2008-03-26,8.6809
2026-10-05,2008-03-27,-36.9265
2026-10-05,2008-03-28,-31.6428
2026-10-05,2008-03-31,-390.435
2026-10-05,2008-04-01,68.257
2026-10-05,2008-04-03,515.0208
2026-10-05,2008-04-04,-19.1404
2026-10-05,2008-04-07,-2.04
2026-10-05,2008-04-08,-9.4572
2026-10-05,2008-04-09,-272.7876
2026-10-05,2008-04-10,-573.8668
2026-10-05,2008-04-11,5.244
2026-10-05,2008-04-14,153.0476
2026-10-05,2008-04-15,-369.9392
2026-10-05,2008-04-16,882.9515
2026-10-05,2008-04-17,85.818
2026-10-05,2008-04-18,25.568
2026-10-05,2008-04-21,130.875
2026-10-05,2008-04-22,215.144
2026-10-05,2008-04-23,-6.188
2026-10-05,2008-04-24,285.284
2026-10-05,2008-04-25,-10.6848
2026-10-05,2008-04-28,-590.4604
2026-10-05,2008-04-29,428.1238
2026-10-05,2008-04-30,-71.0941
2026-10-05,2008-05-02,6.151
2026-10-05,2008-05-05,-0.6521
2026-10-05,2008-05-06,-14.4333
2026-10-05,2008-05-07,47.0509
2026-10-05,2008-05-08,-2.226
2026-10-05,2008-05-09,-17.969
2026-10-05,2008-05-12,335.5263
2026-10-05,2008-05-13,-10.0597
2026-10-05,2008-05-14,-14.606
2026-10-05,2008-05-15,-74.322
2026-10-05,2008-05-16,35.8201
2026-10-05,2008-05-19,302.042
2026-10-05,2008-05-20,-1777.3047
2026-10-05,2008-05-21,1664.551
2026-10-05,2008-05-22,-10.6883
2026-10-05,2008-05-23,-8.6915
2026-10-05,2008-05-26,-6.263
2026-10-05,2008-05-27,-123.4839
2026-10-05,2008-05-28,105.9012
2026-10-05,2008-05-29,-950.1459
2026-10-05,2008-05-30,-117.7287
2026-10-05,2008-06-02,275.2138
2026-10-05,2008-06-03,-8.7237
2026-10-05,2008-06-04,-8.354
2026-10-05,2008-06-05,-8.0277
2026-10-05,2008-06-06,-89.4733
2026-10-05,2008-06-09,-25.338
2026-10-05,2008-06-10,20.2847
2026-10-05,2008-06-11,235.6735
2026-10-05,2008-06-12,-16.422
2026-10-05,2008-06-13,-9.9108
2026-10-05,2008-06-17,114.3748
2026-10-05,2008-06-18,-36
2026-10-05,2008-06-19,161.01
2026-10-05,2008-06-20,-689.634
2026-10-05,2008-06-23,965.6358
2026-10-05,2008-06-24,-147.4988
2026-10-05,2008-06-25,7.3591
2026-10-05,2008-06-26,104.323
2026-10-05,2008-06-27,-52.7665
2026-10-05,2008-06-30,-106.1535
2026-10-05,2008-07-01,913.5861
2026-10-05,2008-07-02,-6.7241
2026-10-05,2008-07-03,-7.6135
2026-10-05,2008-07-04,-7.2015
2026-10-05,2008-07-07,1900.413
2026-10-05,2008-07-08,-27.78
2026-10-05,2008-07-10,-13.892
2026-10-05,2008-07-11,944.02
2026-10-05,2008-07-14,-61.199
2026-10-05,2008-07-15,57.637
2026-10-05,2008-07-16,-28.939
2026-10-05,2008-07-17,-58.622
2026-10-05,2008-07-18,-1992.945
2026-10-05,2008-07-21,230.7707
2026-10-05,2008-07-22,10.7513
2026-10-05,2008-07-23,-21.4243
2026-10-05,2008-07-24,4.6353
2026-10-05,2008-07-25,-1027.488
2026-10-05,2008-07-28,1257.52
2026-10-05,2008-07-29,-9.4464
2026-10-05,2008-07-30,-123.9566
2026-10-05,2008-07-31,-17.4784
2026-10-05,2008-08-01,5.0091
2026-10-05,2008-08-04,21.9816
2026-10-05,2008-08-05,-7.1354
2026-10-05,2008-08-06,-9.545
2026-10-05,2008-08-07,-6.6393
2026-10-05,2008-08-08,-9.0546
2026-10-05,2008-08-11,11.3595
2026-10-05,2008-08-12,231.1152
2026-10-05,2008-08-13,-16.972
2026-10-05,2008-08-14,-82.7281
2026-10-05,2008-08-15,79.1556
2026-10-05,2008-08-19,139.8374
2026-10-05,2008-08-20,6.0815
2026-10-05,2008-08-21,14.4988
2026-10-05,2008-08-22,-1.315
2026-10-05,2008-08-25,-17.5827
2026-10-05,2008-08-26,-15.0366
2026-10-05,2008-08-27,-26.4227
2026-10-05,2008-08-28,6.8652
2026-10-05,2008-08-29,-20.5435
2026-10-05,2008-09-01,-107.7247
2026-10-05,2008-09-02,-6.944
2026-10-05,2008-09-03,-9.1471
2026-10-05,2008-09-04,-8.8161
2026-10-05,2008-09-05,-9.1218
2026-10-05,2008-09-08,-6.6813
2026-10-05,2008-09-09,-22.7877
2026-10-05,2008-09-10,-10.6456
2026-10-05,2008-09-11,3.7755
2026-10-05,2008-09-12,-19.3576
2026-10-05,2008-09-15,-66.9521
2026-10-05,2008-09-16,-16.6112
2026-10-05,2008-09-17,66.9424
2026-10-05,2008-09-18,-7.2988
2026-10-05,2008-09-19,112.9752
2026-10-05,2008-09-22,-2.2182
2026-10-05,2008-09-23,10.6466
2026-10-05,2008-09-24,-6.6976
2026-10-05,2008-09-25,2.2734
2026-10-05,2008-09-26,-139.1039
2026-10-05,2008-09-29,109.92
2026-10-05,2008-09-30,-220.5171
2026-10-05,2008-10-01,5.5729
2026-10-05,2008-10-02,91.1063
2026-10-05,2008-10-03,-8.4857
2026-10-05,2008-10-06,-12.6246
2026-10-05,2008-10-07,-1.695
2026-10-05,2008-10-08,-8.6693
2026-10-05,2008-10-09,-2.0481
2026-10-05,2008-10-10,-9.338
2026-10-05,2008-10-14,-85.6705
2026-10-05,2008-10-15,44.2344
2026-10-05,2008-10-16,11.6139
2026-10-05,2008-10-17,-134.7069
2026-10-05,2008-10-20,212.9592
2026-10-05,2008-10-21,18.7394
2026-10-05,2008-10-22,7.6806
2026-10-05,2008-10-23,-13.7989
2026-10-05,2008-10-24,-40.6927
2026-10-05,2008-10-27,17.8575
2026-10-05,2008-10-28,-5.7723
2026-10-05,2008-10-29,-8.6071
2026-10-05,2008-10-30,-82.1997
2026-10-05,2008-10-31,-47.0766
2026-10-05,2008-11-03,10.619
2026-10-05,2008-11-04,-2.108
2026-10-05,2008-11-05,-8.152
2026-10-05,2008-11-07,-4.012
2026-10-05,2008-11-10,189.685
2026-10-05,2008-11-11,-12.5585
2026-10-05,2008-11-12,-19.42
2026-10-05,2008-11-13,-17.8341
2026-10-05,2008-11-14,-33.0598
2026-10-05,2008-11-17,13.53
2026-10-05,2008-11-18,-343.4217
2026-10-05,2008-11-19,392.6303
2026-10-05,2008-11-20,47.5212
2026-10-05,2008-11-21,-5.6435
2026-10-05,2008-11-24,9.5351
2026-10-05,2008-11-25,-10.7531
2026-10-05,2008-11-26,-23.13
2026-10-05,2008-11-27,-15.0893
2026-10-05,2008-11-28,14.1357
2026-10-05,2008-12-01,-97.8619
2026-10-05,2008-12-02,-43.6855
2026-10-05,2008-12-03,-40.4226
2026-10-05,2008-12-04,33.9916
2026-10-05,2008-12-05,-79.7504
2026-10-05,2008-12-09,-159.0075
2026-10-05,2008-12-10,123.2928
2026-10-05,2008-12-11,214.8358
2026-10-05,2008-12-12,-21.5737
2026-10-05,2008-12-15,-175.0561
2026-10-05,2008-12-16,-517.0485
2026-10-05,2008-12-17,179.197
2026-10-05,2008-12-18,-227.437
2026-10-05,2008-12-19,484.954
2026-10-05,2008-12-22,194.8472
2026-10-05,2008-12-23,25.6482
2026-10-05,2008-12-24,-8.0004
2026-10-05,2008-12-26,-61.8953
2026-10-05,2008-12-29,-2497.3391
2026-10-05,2008-12-30,-3123.6196
2026-10-05,2008-12-31,-305.73
2026-10-05,2009-01-02,421.874
2026-10-05,2009-01-05,2500.4564
2026-10-05,2009-01-06,2593.4454
2026-10-05,2009-01-07,-31.0564
2026-10-05,2009-01-08,-27.3272
2026-10-05,2009-01-09,13.0011
2026-10-05,2009-01-12,-6.2334
2026-10-05,2009-01-13,-15.84
2026-10-05,2009-01-14,-239.178
2026-10-05,2009-01-15,26.7545
2026-10-05,2009-01-16,-79.4228
2026-10-05,2009-01-19,-72.6737
2026-10-05,2009-01-20,87.2341
2026-10-05,2009-01-21,-37.9624
2026-10-05,2009-01-22,66.9427
2026-10-05,2009-01-23,4.3073
2026-10-05,2009-01-26,-12.6264
2026-10-05,2009-01-27,-50.1427
2026-10-05,2009-01-28,56.258
2026-10-05,2009-01-29,-16.6622
2026-10-05,2009-01-30,-144.0048
2026-10-05,2009-02-02,9.335
2026-10-05,2009-02-03,-36.034
2026-10-05,2009-02-04,-82.589
2026-10-05,2009-02-05,-8.183
2026-10-05,2009-02-06,-6.738
2026-10-05,2009-02-09,-6.71
2026-10-05,2009-02-10,-4.835
2026-10-05,2009-02-11,-15.133
2026-10-05,2009-02-12,1.436
2026-10-05,2009-02-13,-5.068
2026-10-05,2009-02-16,31.38
2026-10-05,2009-02-17,-106.0515
2026-10-05,2009-02-18,-12.4185
2026-10-05,2009-02-19,147.0936
2026-10-05,2009-02-20,-12.9131
2026-10-05,2009-02-23,26.2144
2026-10-05,2009-02-24,-132.2448
2026-10-05,2009-02-25,128.152
2026-10-05,2009-02-26,-10.7529
2026-10-05,2009-02-27,-41.7091
2026-10-05,2009-03-02,-96.5608
2026-10-05,2009-03-03,-8.48
2026-10-05,2009-03-04,-13.708
2026-10-05,2009-03-05,14.984
2026-10-05,2009-03-06,-1499.9048
2026-10-05,2009-03-09,-7.2335
2026-10-05,2009-03-10,1479.9481
2026-10-05,2009-03-11,-7.0036
2026-10-05,2009-03-12,-13.7812
2026-10-05,2009-03-13,-955.031
2026-10-05,2009-03-16,-104.731
2026-10-05,2009-03-17,-675.25
2026-10-05,2009-03-18,1235.4167
2026-10-05,2009-03-19,445.4596
2026-10-05,2009-03-20,-13.8459
2026-10-05,2009-03-23,7.3271
2026-10-05,2009-03-25,88.6642
2026-10-05,2009-03-26,0.1421
2026-10-05,2009-03-27,1.8019
2026-10-05,2009-03-30,-804.55
2026-10-05,2009-03-31,32.2725
2026-10-05,2009-04-01,2.3311
2026-10-05,2009-04-03,1.9254
2026-10-05,2009-04-06,-26.7624
2026-10-05,2009-04-07,28.2956
2026-10-05,2009-04-08,6.4655
2026-10-05,2009-04-13,-6.5978
2026-10-05,2009-04-14,-66.3778
2026-10-05,2009-04-15,35.0973
2026-10-05,2009-04-16,-21.3291
2026-10-05,2009-04-17,28.0003
2026-10-05,2009-04-20,85.3081
2026-10-05,2009-04-21,4.7183
2026-10-05,2009-04-22,-12.6551
2026-10-05,2009-04-23,-1.738
2026-10-05,2009-04-24,9.733
2026-10-05,2009-04-27,13.952
2026-10-05,2009-04-28,-131.818
2026-10-05,2009-04-29,46.851
2026-10-05,2009-04-30,-140.0507
2026-10-05,2009-05-04,27.1249
2026-10-05,2009-05-05,25.4889
2026-10-05,2009-05-06,-3.6161
2026-10-05,2009-05-07,6.372
2026-10-05,2009-05-08,10.9087
2026-10-05,2009-05-11,-44.2405
2026-10-05,2009-05-12,-3.0795
2026-10-05,2009-05-13,-32.5489
2026-10-05,2009-05-14,-785.5156
2026-10-05,2009-05-15,796.2244
2026-10-05,2009-05-18,-5.439
2026-10-05,2009-05-19,76.0931
2026-10-05,2009-05-20,20.7
2026-10-05,2009-05-21,3.3984
2026-10-05,2009-05-22,5.1654
2026-10-05,2009-05-26,-40.4256
2026-10-05,2009-05-27,-151.0457
2026-10-05,2009-05-28,148.1671
2026-10-05,2009-05-29,69.8609
2026-10-05,2009-06-01,-169.8995
2026-10-05,2009-06-02,19.2801
2026-10-05,2009-06-03,-1.2485
2026-10-05,2009-06-04,3.1994
2026-10-05,2009-06-05,-0.988
2026-10-05,2009-06-08,-1.516
2026-10-05,2009-06-09,-54.637
2026-10-05,2009-06-10,-1.315
2026-10-05,2009-06-11,49.0492
2026-10-05,2009-06-12,-1.4812
2026-10-05,2009-06-16,-40.721
2026-10-05,2009-06-17,37.5562
2026-10-05,2009-06-18,-3187.9998
2026-10-05,2009-06-19,3249.9475
2026-10-05,2009-06-22,13.652
2026-10-05,2009-06-23,-5.0754
2026-10-05,2009-06-24,-1.2763
2026-10-05,2009-06-25,-2.3913
2026-10-05,2009-06-26,-225.164
2026-10-05,2009-06-29,-36.2206
2026-10-05,2009-06-30,-2208.7808
2026-10-05,2009-07-01,13.0802
2026-10-05,2009-07-02,-47.9914
2026-10-05,2009-07-03,80.8125
2026-10-05,2009-07-06,1301.4285
2026-10-05,2009-07-07,-66.4066
2026-10-05,2009-07-08,371.8203
2026-10-05,2009-07-13,502.4939
2026-10-05,2009-07-14,-145.4697
2026-10-05,2009-07-15,59.526
2026-10-05,2009-07-16,-10.0652
2026-10-05,2009-07-17,6.6139
2026-10-05,2009-07-20,-132.4317
2026-10-05,2009-07-21,227.2477
2026-10-05,2009-07-22,-68.2348
2026-10-05,2009-07-23,-28.8858
2026-10-05,2009-07-24,45.4498
2026-10-05,2009-07-27,-18.785
2026-10-05,2009-07-28,108.5845
2026-10-05,2009-07-29,-25.7453
2026-10-05,2009-07-30,-863.8336
2026-10-05,2009-07-31,6.9426
2026-10-05,2009-08-03,10.268
2026-10-05,2009-08-04,-5.4125
2026-10-05,2009-08-05,-13.4865
2026-10-05,2009-08-06,-4.621
2026-10-05,2009-08-07,-54.4317
2026-10-05,2009-08-10,93.9774
2026-10-05,2009-08-11,-20.0625
2026-10-05,2009-08-12,207.2159
2026-10-05,2009-08-13,-15.6322
2026-10-05,2009-08-14,-84.3651
2026-10-05,2009-08-18,54.0747
2026-10-05,2009-08-19,25.6615
2026-10-05,2009-08-20,49.827
2026-10-05,2009-08-21,49.045
2026-10-05,2009-08-24,10.3865
2026-10-05,2009-08-25,-37.0835
2026-10-05,2009-08-26,-3.5985
2026-10-05,2009-08-27,-13.4792
2026-10-05,2009-08-28,53.0487
2026-10-05,2009-08-31,-199.6004
2026-10-05,2009-09-01,213.6378
2026-10-05,2009-09-02,505.3779
2026-10-05,2009-09-03,11.8598
2026-10-05,2009-09-04,-60.4253
2026-10-05,2009-09-07,4.2215
2026-10-05,2009-09-08,-9.1498
2026-10-05,2009-09-09,15.7553
2026-10-05,2009-09-10,1.259
2026-10-05,2009-09-11,-100.5306
2026-10-05,2009-09-14,-45.897
2026-10-05,2009-09-15,-7.0846
2026-10-05,2009-09-16,-8.6598
2026-10-05,2009-09-17,-30.615
2026-10-05,2009-09-18,143.6666
2026-10-05,2009-09-21,74.2495
2026-10-05,2009-09-22,3.3089
2026-10-05,2009-09-23,-4.769
2026-10-05,2009-09-24,5.4729
2026-10-05,2009-09-25,-24.4354
2026-10-05,2009-09-28,10.1
2026-10-05,2009-09-29,-622.6055
2026-10-05,2009-09-30,317.249
2026-10-05,2009-10-01,89.0793
2026-10-05,2009-10-02,20.2092
2026-10-05,2009-10-05,-2.1537
2026-10-05,2009-10-06,-28.484
2026-10-05,2009-10-07,49.3644
2026-10-05,2009-10-08,-84.8391
2026-10-05,2009-10-09,50.2008
2026-10-05,2009-10-13,8.0327
2026-10-05,2009-10-14,-47.0444
2026-10-05,2009-10-15,50.9058
2026-10-05,2009-10-16,-20.4576
2026-10-05,2009-10-19,-656.1173
2026-10-05,2009-10-20,216.396
2026-10-05,2009-10-21,293.686
2026-10-05,2009-10-22,193.6716
2026-10-05,2009-10-23,-11.5562
2026-10-05,2009-10-26,-7.0078
2026-10-05,2009-10-27,-21.5908
2026-10-05,2009-10-28,9.7974
2026-10-05,2009-10-29,2.5238
2026-10-05,2009-10-30,-181.3559
2026-10-05,2009-11-02,8.5876
2026-10-05,2009-11-03,-15.796
2026-10-05,2009-11-04,-0.8627
2026-10-05,2009-11-05,-4.0048
2026-10-05,2009-11-09,-23.6922
2026-10-05,2009-11-10,29.76
2026-10-05,2009-11-11,-6.3312
2026-10-05,2009-11-12,-6.3059
2026-10-05,2009-11-13,-4.1609
2026-10-05,2009-11-16,82.9777
2026-10-05,2009-11-17,-244.9273
2026-10-05,2009-11-18,1.5385
2026-10-05,2009-11-19,49.8541
2026-10-05,2009-11-20,-0.057
2026-10-05,2009-11-23,-379.9396
2026-10-05,2009-11-24,-2411.4064
2026-10-05,2009-11-25,9.0733
2026-10-05,2009-11-26,-17.0943
2026-10-05,2009-11-27,-13.8
2026-10-05,2009-11-30,-106.5075
2026-10-05,2009-12-01,-1941.3896
2026-10-05,2009-12-02,-6.7087
2026-10-05,2009-12-03,-87.9208
2026-10-05,2009-12-04,1382.5277
2026-10-05,2009-12-07,-33.6367
2026-10-05,2009-12-09,-9.7833
2026-10-05,2009-12-10,5.7259
2026-10-05,2009-12-11,2660.5889
2026-10-05,2009-12-14,13.3542
2026-10-05,2009-12-15,-284.841
2026-10-05,2009-12-16,-15.0206
2026-10-05,2009-12-17,123.0024
2026-10-05,2009-12-18,-402.6026
2026-10-05,2009-12-21,476.4316
2026-10-05,2009-12-22,-7.729
2026-10-05,2009-12-23,-108.6839
2026-10-05,2009-12-24,-10.8211
2026-10-05,2009-12-28,6.73
2026-10-05,2009-12-29,-4
2026-10-05,2009-12-30,-132.5008
2026-10-05,2009-12-31,-267.415
2026-10-05,2010-01-04,-14.4963
2026-10-05,2010-01-05,-5.889
2026-10-05,2010-01-06,-13.1454
2026-10-05,2010-01-07,573.1907
2026-10-05,2010-01-08,15.4478
2026-10-05,2010-01-11,30.4295
2026-10-05,2010-01-12,-34.8109
2026-10-05,2010-01-13,43.6026
2026-10-05,2010-01-14,-152.264
2026-10-05,2010-01-15,173.8476
2026-10-05,2010-01-18,-44.0059
2026-10-05,2010-01-19,-24.3207
2026-10-05,2010-01-20,53.8566
2026-10-05,2010-01-21,95.0221
2026-10-05,2010-01-22,-1816.9049
2026-10-05,2010-01-25,1793.6509
2026-10-05,2010-01-26,18.5405
2026-10-05,2010-01-27,-79.0629
2026-10-05,2010-01-28,15.2188
2026-10-05,2010-01-29,-6.5763
2026-10-05,2010-02-01,-151.6678
2026-10-05,2010-02-02,-35.0499
2026-10-05,2010-02-03,81.901
2026-10-05,2010-02-04,-49.505
2026-10-05,2010-02-05,96.1252
2026-10-05,2010-02-08,-59.3389
2026-10-05,2010-02-09,17.646
2026-10-05,2010-02-10,2.3197
2026-10-05,2010-02-11,-81.7586
2026-10-05,2010-02-12,69.9601
2026-10-05,2010-02-15,-35.9928
2026-10-05,2010-02-16,-47.3466
2026-10-05,2010-02-17,43.833
2026-10-05,2010-02-18,4.939
2026-10-05,2010-02-19,64.8412
2026-10-05,2010-02-22,-56.1434
2026-10-05,2010-02-23,-4.3267
2026-10-05,2010-02-24,-2.0751
2026-10-05,2010-02-25,20.095
2026-10-05,2010-02-26,-1604.535
2026-10-05,2010-03-01,-79.875
2026-10-05,2010-03-02,-4.5369
2026-10-05,2010-03-03,-13.2453
2026-10-05,2010-03-04,2.0915
2026-10-05,2010-03-05,-4.5394
2026-10-05,2010-03-08,33.9713
2026-10-05,2010-03-09,215.4941
2026-10-05,2010-03-10,69.1336
2026-10-05,2010-03-11,-55.259
2026-10-05,2010-03-12,47.8168
2026-10-05,2010-03-15,-14.6567
2026-10-05,2010-03-16,-54.0251
2026-10-05,2010-03-17,-17.6585
2026-10-05,2010-03-18,30.0767
2026-10-05,2010-03-19,78.7918
2026-10-05,2010-03-22,-0.001
2026-10-05,2010-03-23,-23.521
2026-10-05,2010-03-25,-3.6825
2026-10-05,2010-03-26,11.2645
2026-10-05,2010-03-29,896.7752
2026-10-05,2010-03-30,-113.1123
2026-10-05,2010-03-31,19.09
2026-10-05,2010-04-05,-1832.817
2026-10-05,2010-04-06,18.5521
2026-10-05,2010-04-07,-20.0321
2026-10-05,2010-04-08,-8.945
2026-10-05,2010-04-09,5.1784
2026-10-05,2010-04-12,-18.8864
2026-10-05,2010-04-13,7.228
2026-10-05,2010-04-14,-90.547
2026-10-05,2010-04-15,80.796
2026-10-05,2010-04-16,-116.475
2026-10-05,2010-04-19,138.242
2026-10-05,2010-04-20,-15.1337
2026-10-05,2010-04-21,21.004
2026-10-05,2010-04-22,11.0217
2026-10-05,2010-04-23,2494.0129
2026-10-05,2010-04-26,-12.0293
2026-10-05,2010-04-27,0.5295
2026-10-05,2010-04-28,13.8537
2026-10-05,2010-04-29,-12.726
2026-10-05,2010-04-30,-2695.4443
2026-10-05,2010-05-03,20.0706
2026-10-05,2010-05-04,-22.2986
2026-10-05,2010-05-05,0.6783
2026-10-05,2010-05-06,-8.9405
2026-10-05,2010-05-07,50.7655
2026-10-05,2010-05-10,9.6597
2026-10-05,2010-05-11,-11.9232
2026-10-05,2010-05-12,6.7407
2026-10-05,2010-05-13,-26.9426
2026-10-05,2010-05-14,-6.829
2026-10-05,2010-05-17,-10.6932
2026-10-05,2010-05-18,-13.1554
2026-10-05,2010-05-19,52.6185
2026-10-05,2010-05-20,2.0015
2026-10-05,2010-05-21,26.386
2026-10-05,2010-05-26,-32.574
2026-10-05,2010-05-27,-2.727
2026-10-05,2010-05-28,16.457
2026-10-05,2010-05-31,-121.9837
2026-10-05,2010-06-01,-34.9353
2026-10-05,2010-06-02,15.106
2026-10-05,2010-06-03,24.1584
2026-10-05,2010-06-04,2403.3855
2026-10-05,2010-06-07,-54.7959
2026-10-05,2010-06-08,-16.662
2026-10-05,2010-06-09,56.53
2026-10-05,2010-06-10,-32.02
2026-10-05,2010-06-11,-2427.728
2026-10-05,2010-06-14,-80.491
2026-10-05,2010-06-15,-131.7078
2026-10-05,2010-06-16,130.0044
2026-10-05,2010-06-17,25.3214
2026-10-05,2010-06-18,174.309
2026-10-05,2010-06-22,547.0566
2026-10-05,2010-06-23,-2.538
2026-10-05,2010-06-24,-17.083
2026-10-05,2010-06-25,-13.8076
2026-10-05,2010-06-28,9.3676
2026-10-05,2010-06-29,-21.8857
2026-10-05,2010-06-30,-496.2784
2026-10-05,2010-07-01,969.111
2026-10-05,2010-07-02,41.7733
2026-10-05,2010-07-05,1850.9082
2026-10-05,2010-07-06,57.587
2026-10-05,2010-07-07,-24.863
2026-10-05,2010-07-08,25.029
2026-10-05,2010-07-12,-54.232
2026-10-05,2010-07-13,6.9901
2026-10-05,2010-07-14,-21.1307
2026-10-05,2010-07-15,12.4783
2026-10-05,2010-07-16,-59.8439
2026-10-05,2010-07-19,36.1983
2026-10-05,2010-07-20,42.8769
2026-10-05,2010-07-21,14.4053
2026-10-05,2010-07-22,13.974
2026-10-05,2010-07-23,-17.1634
2026-10-05,2010-07-26,-6.903
2026-10-05,2010-07-27,-23.8162
2026-10-05,2010-07-28,10.3172
2026-10-05,2010-07-29,-2.9695
2026-10-05,2010-07-30,-3162.7134
2026-10-05,2010-08-02,-12.854
2026-10-05,2010-08-03,32.5945
2026-10-05,2010-08-04,-117.3294
2026-10-05,2010-08-05,-48.3673
2026-10-05,2010-08-06,8.6579
2026-10-05,2010-08-09,39.5049
2026-10-05,2010-08-10,-0.951
2026-10-05,2010-08-11,-40.1125
2026-10-05,2010-08-12,5.5261
2026-10-05,2010-08-13,-34.9892
2026-10-05,2010-08-17,20.2334
2026-10-05,2010-08-18,-20.1231
2026-10-05,2010-08-19,37.5204
2026-10-05,2010-08-20,-90.0315
2026-10-05,2010-08-23,121.5262
2026-10-05,2010-08-24,-21.8828
2026-10-05,2010-08-25,-0.2141
2026-10-05,2010-08-26,11.7276
2026-10-05,2010-08-27,-25.6048
2026-10-05,2010-08-30,-214.2339
2026-10-05,2010-08-31,3119.7754
2026-10-05,2010-09-01,10.3011
2026-10-05,2010-09-02,-51.0802
2026-10-05,2010-09-03,-87.5169
2026-10-05,2010-09-06,108.5381
2026-10-05,2010-09-07,-17.2256
2026-10-05,2010-09-08,-336.8738
2026-10-05,2010-09-09,324.0283
2026-10-05,2010-09-10,-14.2493
2026-10-05,2010-09-13,-10.2392
2026-10-05,2010-09-14,4.4353
2026-10-05,2010-09-15,-83.4735
2026-10-05,2010-09-16,18.6206
2026-10-05,2010-09-17,-57.4413
2026-10-05,2010-09-20,109.8905
2026-10-05,2010-09-21,36.2084
2026-10-05,2010-09-22,1.4231
2026-10-05,2010-09-23,8.8089
2026-10-05,2010-09-24,-2.6106
2026-10-05,2010-09-27,-39.5735
2026-10-05,2010-09-28,-2937.9178
2026-10-05,2010-09-29,-32.5903
2026-10-05,2010-09-30,-61.823
2026-10-05,2010-10-01,604.3672
2026-10-05,2010-10-04,-24.2366
2026-10-05,2010-10-05,2005.3274
2026-10-05,2010-10-06,3.9879
2026-10-05,2010-10-07,-619.4166
2026-10-05,2010-10-08,-61.8924
2026-10-05,2010-10-12,15.5981
2026-10-05,2010-10-13,-7.0887
2026-10-05,2010-10-14,-28.6757
2026-10-05,2010-10-15,912.8373
2026-10-05,2010-10-18,4.3654
2026-10-05,2010-10-19,63.2161
2026-10-05,2010-10-20,118.5922
2026-10-05,2010-10-21,-20.4336
2026-10-05,2010-10-22,-2820.6251
2026-10-05,2010-10-25,-29.1204
2026-10-05,2010-10-26,-52.7065
2026-10-05,2010-10-28,44.5115
2026-10-05,2010-10-29,-1084.0779
2026-10-05,2010-11-01,-244.4105
2026-10-05,2010-11-02,36.04
2026-10-05,2010-11-03,22.2831
2026-10-05,2010-11-04,-44.7305
2026-10-05,2010-11-05,-43.0546
2026-10-05,2010-11-08,108.5847
2026-10-05,2010-11-09,-42.7843
2026-10-05,2010-11-10,3.4865
2026-10-05,2010-11-11,-45.5261
2026-10-05,2010-11-12,-54.3749
2026-10-05,2010-11-15,-3052.1898
2026-10-05,2010-11-16,2830.0332
2026-10-05,2010-11-17,12.2038
2026-10-05,2010-11-18,55.4177
2026-10-05,2010-11-19,-2676.34
2026-10-05,2010-11-23,1640.775
2026-10-05,2010-11-24,-1712.3771
2026-10-05,2010-11-25,-4.4037
2026-10-05,2010-11-26,1834.4552
2026-10-05,2010-11-29,-498.5723
2026-10-05,2010-11-30,-1954.3669
2026-10-05,2010-12-01,2526.5133
2026-10-05,2010-12-02,297.7403
2026-10-05,2010-12-03,313.3693
2026-10-05,2010-12-06,30.7568
2026-10-05,2010-12-07,382.8285
2026-10-05,2010-12-09,-468.4915
2026-10-05,2010-12-10,1052.409
2026-10-05,2010-12-13,11.83
2026-10-05,2010-12-14,-14.78
2026-10-05,2010-12-15,-517.622
2026-10-05,2010-12-16,0.2589
2026-10-05,2010-12-17,2742.1034
2026-10-05,2010-12-20,-578.0445
2026-10-05,2010-12-21,758.8445
2026-10-05,2010-12-22,-301.1135
2026-10-05,2010-12-23,-305.2075
2026-10-05,2010-12-27,-12.8849
2026-10-05,2010-12-28,28.087
2026-10-05,2010-12-29,-3.3345
2026-10-05,2010-12-30,-7549.2263
2026-10-05,2010-12-31,0
2026-10-05,2011-01-03,-99.9176
2026-10-05,2011-01-04,161.4528
2026-10-05,2011-01-05,-319.5366
2026-10-05,2011-01-06,-46.3946
2026-10-05,2011-01-07,193.898
2026-10-05,2011-01-10,180.0256
2026-10-05,2011-01-11,-72.7739
2026-10-05,2011-01-12,26.091
2026-10-05,2011-01-13,3.1868
2026-10-05,2011-01-14,105.1147
2026-10-05,2011-01-17,-335.5124
2026-10-05,2011-01-18,-87.3311
2026-10-05,2011-01-19,100.7512
2026-10-05,2011-01-20,277.9263
2026-10-05,2011-01-21,2074.2947
2026-10-05,2011-01-24,57.5571
2026-10-05,2011-01-25,-52.7424
2026-10-05,2011-01-26,-1087.9061
2026-10-05,2011-01-27,-1380.2024
2026-10-05,2011-01-28,508.4057
2026-10-05,2011-01-31,336.42
2026-10-05,2011-02-01,98.3855
2026-10-05,2011-02-02,716.7025
2026-10-05,2011-02-03,-450.4033
2026-10-05,2011-02-04,-2203.2608
2026-10-05,2011-02-07,488.5196
2026-10-05,2011-02-08,171.9271
2026-10-05,2011-02-09,406.9131
2026-10-05,2011-02-10,-557.2135
2026-10-05,2011-02-11,-493.7501
2026-10-05,2011-02-14,335.3296
2026-10-05,2011-02-15,-13.1269
2026-10-05,2011-02-16,-614.9673
2026-10-05,2011-02-17,55.1525
2026-10-05,2011-02-18,19.4688
2026-10-05,2011-02-21,539.7037
2026-10-05,2011-02-22,542.2569
2026-10-05,2011-02-23,-1612.001
2026-10-05,2011-02-24,837.1807
2026-10-05,2011-02-25,1862.6852
2026-10-05,2011-02-28,477.2783
2026-10-05,2011-03-01,-116.223
2026-10-05,2011-03-02,331.4838
2026-10-05,2011-03-03,1670.1721
2026-10-05,2011-03-04,-2229.7717
2026-10-05,2011-03-09,321.2427
2026-10-05,2011-03-10,409.8803
2026-10-05,2011-03-11,1796.5912
2026-10-05,2011-03-14,93.0028
2026-10-05,2011-03-15,-543.6591
2026-10-05,2011-03-16,-432.5244
2026-10-05,2011-03-17,500.1396
2026-10-05,2011-03-18,-135.6362
2026-10-05,2011-03-21,273.9032
2026-10-05,2011-03-22,155.6394
2026-10-05,2011-03-23,-1850.6022
2026-10-05,2011-03-28,1259.7236
2026-10-05,2011-03-29,401.0884
2026-10-05,2011-03-30,-1336.1659
2026-10-05,2011-03-31,1179.5762
2026-10-05,2011-04-01,-1241.3288
2026-10-05,2011-04-04,219.1374
2026-10-05,2011-04-05,1867.1918
2026-10-05,2011-04-06,-282.735
2026-10-05,2011-04-07,246.0209
2026-10-05,2011-04-08,167.1142
2026-10-05,2011-04-11,479.8143
2026-10-05,2011-04-12,-477.8998
2026-10-05,2011-04-13,128.5591
2026-10-05,2011-04-14,-2712.0128
2026-10-05,2011-04-15,-199.2566
2026-10-05,2011-04-18,-491.7433
2026-10-05,2011-04-19,-1815.4052
2026-10-05,2011-04-20,3124.9239
2026-10-05,2011-04-25,809.3425
2026-10-05,2011-04-26,800.7643
2026-10-05,2011-04-27,-490.5319
2026-10-05,2011-04-28,310.2397
2026-10-05,2011-04-29,-1851.9583
2026-10-05,2011-05-02,-231.1115
2026-10-05,2011-05-03,567.6968
2026-10-05,2011-05-04,208.146
2026-10-05,2011-05-05,-770.2716
2026-10-05,2011-05-06,2222.5723
2026-10-05,2011-05-09,178.4654
2026-10-05,2011-05-10,546.7759
2026-10-05,2011-05-11,-181.8478
2026-10-05,2011-05-12,-146.6654
2026-10-05,2011-05-13,-2421.9717
2026-10-05,2011-05-16,-483.3656
2026-10-05,2011-05-17,101.0863
2026-10-05,2011-05-18,-225.1791
2026-10-05,2011-05-19,189.6441
2026-10-05,2011-05-20,-596.7015
2026-10-05,2011-05-23,544.7039
2026-10-05,2011-05-24,517.6735
2026-10-05,2011-05-26,251.5256
2026-10-05,2011-05-27,-337.3876
2026-10-05,2011-05-30,-379.8017
2026-10-05,2011-05-31,604.4532
2026-10-05,2011-06-01,152.9076
2026-10-05,2011-06-02,-140.6766
2026-10-05,2011-06-03,-213.5319
2026-10-05,2011-06-06,-258.0171
2026-10-05,2011-06-07,482.1866
2026-10-05,2011-06-08,-367.0719
2026-10-05,2011-06-09,317.4048
2026-10-05,2011-06-10,2443.0599
2026-10-05,2011-06-13,-102.0613
2026-10-05,2011-06-14,-542.7644
2026-10-05,2011-06-15,612.7839
2026-10-05,2011-06-16,-1190.3311
2026-10-05,2011-06-17,-2728.057
2026-10-05,2011-06-21,283.9587
2026-10-05,2011-06-22,1071.0998
2026-10-05,2011-06-23,556.4418
2026-10-05,2011-06-24,-3083.8788
2026-10-05,2011-06-27,770.4446
2026-10-05,2011-06-28,160.3812
2026-10-05,2011-06-29,-1001.3844
2026-10-05,2011-06-30,1730.3655
2026-10-05,2011-07-01,-428.466
2026-10-05,2011-07-04,489.7328
2026-10-05,2011-07-05,-206.8261
2026-10-05,2011-07-06,1896.7691
2026-10-05,2011-07-07,-12.2213
2026-10-05,2011-07-08,-108.5491
2026-10-05,2011-07-11,1624.3273
2026-10-05,2011-07-12,-294.6229
2026-10-05,2011-07-13,276.8577
2026-10-05,2011-07-14,-315.8412
2026-10-05,2011-07-15,-94.6166
2026-10-05,2011-07-18,380.3176
2026-10-05,2011-07-19,-159.5627
2026-10-05,2011-07-20,-234.908
2026-10-05,2011-07-21,643.6126
2026-10-05,2011-07-22,1886.341
2026-10-05,2011-07-25,-159.4075
2026-10-05,2011-07-26,-1112.6485
2026-10-05,2011-07-27,350.5401
2026-10-05,2011-07-28,-191.3515
2026-10-05,2011-07-29,-2741.9354
2026-10-05,2011-08-01,3366.3115
2026-10-05,2011-08-02,204.4063
2026-10-05,2011-08-03,-18.6118
2026-10-05,2011-08-04,-223.0561
2026-10-05,2011-08-05,722.1868
2026-10-05,2011-08-08,428.2783
2026-10-05,2011-08-09,103.5124
2026-10-05,2011-08-10,-825.7982
2026-10-05,2011-08-11,406.2544
2026-10-05,2011-08-12,97.7145
2026-10-05,2011-08-15,244.4567
2026-10-05,2011-08-16,-170.844
2026-10-05,2011-08-17,-304.9537
2026-10-05,2011-08-18,41.2983
2026-10-05,2011-08-19,489.9706
2026-10-05,2011-08-23,116.4825
2026-10-05,2011-08-24,-1930.2159
2026-10-05,2011-08-25,820.145
2026-10-05,2011-08-26,312.8954
2026-10-05,2011-08-29,8.1108
2026-10-05,2011-08-30,32.4007
2026-10-05,2011-08-31,1274.8128
2026-10-05,2011-09-01,143.7832
2026-10-05,2011-09-02,68.5378
2026-10-05,2011-09-05,-65.002
2026-10-05,2011-09-06,1.4441
2026-10-05,2011-09-07,-204.7541
2026-10-05,2011-09-08,184.1451
2026-10-05,2011-09-09,-135.9622
2026-10-05,2011-09-12,-622.0443
2026-10-05,2011-09-13,676.9851
2026-10-05,2011-09-14,-140.7117
2026-10-05,2011-09-15,-243.4006
2026-10-05,2011-09-16,-468.2917
2026-10-05,2011-09-19,-1723.3754
2026-10-05,2011-09-20,620.7763
2026-10-05,2011-09-21,-849.4353
2026-10-05,2011-09-22,-5.739
2026-10-05,2011-09-23,-3.8569
2026-10-05,2011-09-26,494.892
2026-10-05,2011-09-27,436.2406
2026-10-05,2011-09-28,8.4767
2026-10-05,2011-09-29,-4.1233
2026-10-05,2011-09-30,-1.9803
2026-10-05,2011-10-03,-195.1557
2026-10-05,2011-10-04,-161.0545
2026-10-05,2011-10-05,195.0777
2026-10-05,2011-10-06,-11.5877
2026-10-05,2011-10-07,-687.2587
2026-10-05,2011-10-11,331.8091
2026-10-05,2011-10-12,49.7913
2026-10-05,2011-10-13,-75.6882
2026-10-05,2011-10-14,-619.8327
2026-10-05,2011-10-17,-10.6966
2026-10-05,2011-10-18,7.9635
2026-10-05,2011-10-19,154.538
2026-10-05,2011-10-20,-144.2131
2026-10-05,2011-10-21,1669.461
2026-10-05,2011-10-24,-511.7422
2026-10-05,2011-10-25,-17.6152
2026-10-05,2011-10-26,402.8543
2026-10-05,2011-10-27,535.6809
2026-10-05,2011-10-28,-1939.5072
2026-10-05,2011-10-31,1709.9499
2026-10-05,2011-11-01,147.2998
2026-10-05,2011-11-02,61.6571
2026-10-05,2011-11-03,-54.5469
2026-10-05,2011-11-04,-25.1903
2026-10-05,2011-11-07,-119.4785
2026-10-05,2011-11-08,-184.6708
2026-10-05,2011-11-09,356.8474
2026-10-05,2011-11-10,-183.7081
2026-10-05,2011-11-11,-390.0232
2026-10-05,2011-11-14,-26.0952
2026-10-05,2011-11-15,358.2474
2026-10-05,2011-11-16,-360.2548
2026-10-05,2011-11-17,-190.4544
2026-10-05,2011-11-18,125.7426
2026-10-05,2011-11-21,380.2075
2026-10-05,2011-11-22,-196.496
2026-10-05,2011-11-23,-485.37
2026-10-05,2011-11-24,23.7995
2026-10-05,2011-11-25,510.2993
2026-10-05,2011-11-29,-3.4598
2026-10-05,2011-11-30,-263.9204
2026-10-05,2011-12-01,48.6861
2026-10-05,2011-12-02,-244.4274
2026-10-05,2011-12-05,-459.813
2026-10-05,2011-12-06,1000.8378
2026-10-05,2011-12-07,-3449.6679
2026-10-05,2011-12-12,3155.115
2026-10-05,2011-12-13,377.2509
2026-10-05,2011-12-14,728.7429
2026-10-05,2011-12-15,-2452.7985
2026-10-05,2011-12-16,-6331.9115
2026-10-05,2011-12-19,6817.9548
2026-10-05,2011-12-20,210.8499
2026-10-05,2011-12-21,11.7419
2026-10-05,2011-12-22,-7.1554
2026-10-05,2011-12-23,10.6051
2026-10-05,2011-12-27,6.7313
2026-10-05,2011-12-28,-538.5828
2026-10-05,2011-12-29,2256.9232
2026-10-05,2011-12-30,-78.8034
2026-10-05,2012-01-03,266.3546
2026-10-05,2012-01-04,-114.7819
2026-10-05,2012-01-05,-181.0659
2026-10-05,2012-01-06,-259.385
2026-10-05,2012-01-09,-24.6635
2026-10-05,2012-01-10,0.4122
2026-10-05,2012-01-11,147.0174
2026-10-05,2012-01-12,-267.3385
2026-10-05,2012-01-13,-131.707
2026-10-05,2012-01-16,122.1589
2026-10-05,2012-01-17,11.9928
2026-10-05,2012-01-18,-62.9863
2026-10-05,2012-01-19,162.9533
2026-10-05,2012-01-20,388.4573
2026-10-05,2012-01-23,-795.6901
2026-10-05,2012-01-24,-2.1292
2026-10-05,2012-01-25,505.9435
2026-10-05,2012-01-26,484.3925
2026-10-05,2012-01-27,-217.1779
2026-10-05,2012-01-30,97.6393
2026-10-05,2012-01-31,-259.3739
2026-10-05,2012-02-01,90.6241
2026-10-05,2012-02-02,17.0146
2026-10-05,2012-02-03,-248.3259
2026-10-05,2012-02-06,-646.5713
2026-10-05,2012-02-07,334.4474
2026-10-05,2012-02-08,491.0304
2026-10-05,2012-02-09,72.3927
2026-10-05,2012-02-10,-93.7585
2026-10-05,2012-02-13,-28.6165
2026-10-05,2012-02-14,-429.4977
2026-10-05,2012-02-15,6.1214
2026-10-05,2012-02-16,-23.7167
2026-10-05,2012-02-17,-785.4362
2026-10-05,2012-02-22,1308.7772
2026-10-05,2012-02-23,48.8609
2026-10-05,2012-02-24,-761.0839
2026-10-05,2012-02-28,5.0765
2026-10-05,2012-02-29,-82.2689
2026-10-05,2012-03-01,138.2057
2026-10-05,2012-03-02,-258.7504
2026-10-05,2012-03-05,20.3534
2026-10-05,2012-03-06,-372.4083
2026-10-05,2012-03-07,43.4902
2026-10-05,2012-03-08,24.4422
2026-10-05,2012-03-09,460.3651
2026-10-05,2012-03-12,374.7494
2026-10-05,2012-03-13,289.3978
2026-10-05,2012-03-14,-97.0807
2026-10-05,2012-03-15,-40.3872
2026-10-05,2012-03-16,-81.1452
2026-10-05,2012-03-19,37.2067
2026-10-05,2012-03-20,95.448
2026-10-05,2012-03-21,72.3077
2026-10-05,2012-03-22,109.7486
2026-10-05,2012-03-23,-799.3805
2026-10-05,2012-03-26,561.5673
2026-10-05,2012-03-27,162.5163
2026-10-05,2012-03-28,6.9301
2026-10-05,2012-03-29,-1936.1969
2026-10-05,2012-03-30,121.1176
2026-10-05,2012-04-03,1876.3975
2026-10-05,2012-04-04,-261.7882
2026-10-05,2012-04-09,84.2545
2026-10-05,2012-04-10,38.9737
2026-10-05,2012-04-11,40.2084
2026-10-05,2012-04-12,-315.5423
2026-10-05,2012-04-13,-394.8061
2026-10-05,2012-04-16,-13.85
2026-10-05,2012-04-17,-108.4292
2026-10-05,2012-04-18,-15.3094
2026-10-05,2012-04-19,-443.8899
2026-10-05,2012-04-20,416.8932
2026-10-05,2012-04-23,65.1038
2026-10-05,2012-04-24,-168.4467
2026-10-05,2012-04-25,936.8817
2026-10-05,2012-04-26,-57.6567
2026-10-05,2012-04-27,27.1142
2026-10-05,2012-05-02,-72.3538
2026-10-05,2012-05-03,-326.8289
2026-10-05,2012-05-04,-100.0581
2026-10-05,2012-05-07,129.7317
2026-10-05,2012-05-08,-263.2732
2026-10-05,2012-05-09,6.3067
2026-10-05,2012-05-10,304.6004
2026-10-05,2012-05-11,-10.9987
2026-10-05,2012-05-14,-498.252
2026-10-05,2012-05-15,502.4862
2026-10-05,2012-05-16,-418.2353
2026-10-05,2012-05-17,295.5845
2026-10-05,2012-05-18,263.6562
2026-10-05,2012-05-21,112.2535
2026-10-05,2012-05-22,-74.2691
2026-10-05,2012-05-23,118.0284
2026-10-05,2012-05-24,-106.9017
2026-10-05,2012-05-28,-43.2382
2026-10-05,2012-05-29,-6.8103
2026-10-05,2012-05-30,17.2423
2026-10-05,2012-05-31,-132.0098
2026-10-05,2012-06-01,-170.9207
2026-10-05,2012-06-04,-153.1673
2026-10-05,2012-06-05,-2.1044
2026-10-05,2012-06-06,499.6453
2026-10-05,2012-06-07,-308.1173
2026-10-05,2012-06-08,241.1035
2026-10-05,2012-06-11,-165.6605
2026-10-05,2012-06-12,-38.2413
2026-10-05,2012-06-13,25.8402
2026-10-05,2012-06-14,-325.5755
2026-10-05,2012-06-15,227.8129
2026-10-05,2012-06-18,25.1398
2026-10-05,2012-06-19,16.739
2026-10-05,2012-06-21,101.6952
2026-10-05,2012-06-22,-38.2482
2026-10-05,2012-06-25,170.8077
2026-10-05,2012-06-26,-89.5529
2026-10-05,2012-06-27,-127.6917
2026-10-05,2012-06-28,51.54
2026-10-05,2012-06-29,-5.0796
2026-10-05,2012-07-02,-164.5571
2026-10-05,2012-07-03,-4.3194
2026-10-05,2012-07-04,-383.6774
2026-10-05,2012-07-05,-153.9156
2026-10-05,2012-07-06,14.2005
2026-10-05,2012-07-10,491.899
2026-10-05,2012-07-11,72.6133
2026-10-05,2012-07-12,-160.7018
2026-10-05,2012-07-13,-70.3807
2026-10-05,2012-07-16,-32.8729
2026-10-05,2012-07-17,-398.7092
2026-10-05,2012-07-18,340.2538
2026-10-05,2012-07-19,100.6605
2026-10-05,2012-07-20,26.1029
2026-10-05,2012-07-23,130.763
2026-10-05,2012-07-24,6.2249
2026-10-05,2012-07-25,-256.033
2026-10-05,2012-07-26,-13.8311
2026-10-05,2012-07-27,-19.7546
2026-10-05,2012-07-30,-39.9643
2026-10-05,2012-07-31,-40.7739
2026-10-05,2012-08-01,300.8951
2026-10-05,2012-08-02,20.7791
2026-10-05,2012-08-03,-58.5878
2026-10-05,2012-08-06,-166.6624
2026-10-05,2012-08-07,166.0405
2026-10-05,2012-08-08,-38.8288
2026-10-05,2012-08-09,62.2839
2026-10-05,2012-08-10,-272.9633
2026-10-05,2012-08-13,75.3681
2026-10-05,2012-08-14,74.6176
2026-10-05,2012-08-15,-29.0155
2026-10-05,2012-08-16,-357.4
2026-10-05,2012-08-17,-169.6369
2026-10-05,2012-08-21,386.4517
2026-10-05,2012-08-22,240.4121
2026-10-05,2012-08-23,-625.7705
2026-10-05,2012-08-24,-291.9257
2026-10-05,2012-08-27,188.9456
2026-10-05,2012-08-28,757.4906
2026-10-05,2012-08-29,6.5184
2026-10-05,2012-08-30,7.0363
2026-10-05,2012-08-31,-67.0764
2026-10-05,2012-09-03,220.6836
2026-10-05,2012-09-04,-483.988
2026-10-05,2012-09-05,-8.7203
2026-10-05,2012-09-06,278.6954
2026-10-05,2012-09-07,136.8803
2026-10-05,2012-09-10,-388.2151
2026-10-05,2012-09-11,240.2069
2026-10-05,2012-09-12,-189.054
2026-10-05,2012-09-13,-53.3855
2026-10-05,2012-09-14,-356.9749
2026-10-05,2012-09-17,-59.1632
2026-10-05,2012-09-18,-96.7539
2026-10-05,2012-09-19,702.4543
2026-10-05,2012-09-20,-155.8507
2026-10-05,2012-09-21,223.9572
2026-10-05,2012-09-25,84.7431
2026-10-05,2012-09-26,-62.0136
2026-10-05,2012-09-27,-173.8178
2026-10-05,2012-09-28,-55.0285
2026-10-05,2012-10-01,276.4115
2026-10-05,2012-10-02,-328.8071
2026-10-05,2012-10-03,-6.3248
2026-10-05,2012-10-04,77.3878
2026-10-05,2012-10-05,150.9555
2026-10-05,2012-10-09,-123.6609
2026-10-05,2012-10-10,-49.0025
2026-10-05,2012-10-11,14.9432
2026-10-05,2012-10-12,-8.4931
2026-10-05,2012-10-15,-112.3946
2026-10-05,2012-10-16,99.8354
2026-10-05,2012-10-17,-31.1664
2026-10-05,2012-10-18,-135.4996
2026-10-05,2012-10-19,279.4488
2026-10-05,2012-10-22,14.5309
2026-10-05,2012-10-23,-62.8585
2026-10-05,2012-10-24,-46.0797
2026-10-05,2012-10-25,-33.7593
2026-10-05,2012-10-26,122.5183
2026-10-05,2012-10-29,15.9648
2026-10-05,2012-10-30,-44.3879
2026-10-05,2012-10-31,66.9829
2026-10-05,2012-11-01,-48.9604
2026-10-05,2012-11-02,-13.9597
2026-10-05,2012-11-05,-305.965
2026-10-05,2012-11-07,235.7321
2026-10-05,2012-11-08,-255.9702
2026-10-05,2012-11-09,195.8338
2026-10-05,2012-11-12,-149.0034
2026-10-05,2012-11-13,123.229
2026-10-05,2012-11-14,-158.8118
2026-10-05,2012-11-15,-39.09
2026-10-05,2012-11-16,-468.0288
2026-10-05,2012-11-19,694.4653
2026-10-05,2012-11-20,-19.1195
2026-10-05,2012-11-21,-386.4285
2026-10-05,2012-11-22,-118.3119
2026-10-05,2012-11-23,558.8503
2026-10-05,2012-11-27,-17.6246
2026-10-05,2012-11-28,-243.4861
2026-10-05,2012-11-29,43.9277
2026-10-05,2012-11-30,158.3525
2026-10-05,2012-12-03,46.5975
2026-10-05,2012-12-04,-77.6481
2026-10-05,2012-12-05,-199.5378
2026-10-05,2012-12-06,263.6086
2026-10-05,2012-12-07,-60.8749
2026-10-05,2012-12-10,-362.078
2026-10-05,2012-12-11,167.6592
2026-10-05,2012-12-12,-472.101
2026-10-05,2012-12-13,-72.2899
2026-10-05,2012-12-14,-461.9612
2026-10-05,2012-12-17,-231.8266
2026-10-05,2012-12-18,-103.4358
2026-10-05,2012-12-19,1410.1547
2026-10-05,2012-12-20,-7042.1987
2026-10-05,2012-12-21,8.057
2026-10-05,2012-12-26,1865.0476
2026-10-05,2012-12-27,-17.5206
2026-10-05,2012-12-28,-87.7268
2026-10-05,2012-12-31,-344.9
2026-10-05,2013-01-02,103.1499
2026-10-05,2013-01-03,-63.3678
2026-10-05,2013-01-04,-191.7393
2026-10-05,2013-01-07,240.5326
2026-10-05,2013-01-08,0.291
2026-10-05,2013-01-09,115.1009
2026-10-05,2013-01-10,-261.2328
2026-10-05,2013-01-11,159.8822
2026-10-05,2013-01-14,-89.4629
2026-10-05,2013-01-15,-44.9029
2026-10-05,2013-01-16,-298.9807
2026-10-05,2013-01-17,237.2692
2026-10-05,2013-01-18,-74.9899
2026-10-05,2013-01-21,294.5949
2026-10-05,2013-01-22,135.705
2026-10-05,2013-01-23,-250.365
2026-10-05,2013-01-24,147.9286
2026-10-05,2013-01-25,1809.2513
2026-10-05,2013-01-28,22.9982
2026-10-05,2013-01-29,47.0752
2026-10-05,2013-01-30,-1960.0333
2026-10-05,2013-02-01,-7.5216
2026-10-05,2013-02-04,-108.9725
2026-10-05,2013-02-05,-213.8719
2026-10-05,2013-02-06,282.8507
2026-10-05,2013-02-07,-282.4317
2026-10-05,2013-02-08,2087.999
2026-10-05,2013-02-13,-256.701
2026-10-05,2013-02-14,-1571.2591
2026-10-05,2013-02-15,775.5589
2026-10-05,2013-02-18,-92.3814
2026-10-05,2013-02-19,41.7509
2026-10-05,2013-02-21,-1166.7958
2026-10-05,2013-02-22,4984.0626
2026-10-05,2013-02-25,160.2738
2026-10-05,2013-02-26,-157.5996
2026-10-05,2013-02-27,-87.8565
2026-10-05,2013-02-28,-2145.5986
2026-10-05,2013-03-01,-4.727
2026-10-05,2013-03-04,-178.8647
2026-10-05,2013-03-05,7.9796
2026-10-05,2013-03-06,74.3499
2026-10-05,2013-03-07,-298.1897
2026-10-05,2013-03-08,206.6738
2026-10-05,2013-03-11,1201.9805
2026-10-05,2013-03-12,59.0346
2026-10-05,2013-03-13,-564.833
2026-10-05,2013-03-14,198.6559
2026-10-05,2013-03-15,195.7096
2026-10-05,2013-03-18,-340.7369
2026-10-05,2013-03-19,75.5532
2026-10-05,2013-03-20,-95.624
2026-10-05,2013-03-21,162.495
2026-10-05,2013-03-22,269.0735
2026-10-05,2013-03-25,-136.7125
2026-10-05,2013-03-26,1092.0117
2026-10-05,2013-03-27,-4303.4226
2026-10-05,2013-04-03,1784.8724
2026-10-05,2013-04-04,-24.1693
2026-10-05,2013-04-05,-38.9395
2026-10-05,2013-04-08,-73.3055
2026-10-05,2013-04-09,30.6697
2026-10-05,2013-04-10,227.8405
2026-10-05,2013-04-11,-80.4592
2026-10-05,2013-04-12,-89.0823
2026-10-05,2013-04-15,1549.1911
2026-10-05,2013-04-16,260.7839
2026-10-05,2013-04-17,-267.0655
2026-10-05,2013-04-18,73.998
2026-10-05,2013-04-19,383.0488
2026-10-05,2013-04-22,589.7984
2026-10-05,2013-04-23,-396.276
2026-10-05,2013-04-24,267.6691
2026-10-05,2013-04-25,104.5341
2026-10-05,2013-04-26,-94.579
2026-10-05,2013-04-29,24.8412
2026-10-05,2013-04-30,-187.7299
2026-10-05,2013-05-02,283.761
2026-10-05,2013-05-03,-20.9213
2026-10-05,2013-05-06,-344.4315
2026-10-05,2013-05-07,106.609
2026-10-05,2013-05-08,-1.7291
2026-10-05,2013-05-09,2.8452
2026-10-05,2013-05-10,-44.827
2026-10-05,2013-05-13,-217.9942
2026-10-05,2013-05-14,69.8119
2026-10-05,2013-05-15,2.2001
2026-10-05,2013-05-16,-101.4887
2026-10-05,2013-05-17,-112.6249
2026-10-05,2013-05-20,242.5625
2026-10-05,2013-05-21,182.7482
2026-10-05,2013-05-22,-330.8808
2026-10-05,2013-05-23,-16.4906
2026-10-05,2013-05-24,448.121
2026-10-05,2013-05-27,-25.1807
2026-10-05,2013-05-28,3.5095
2026-10-05,2013-05-29,63.9928
2026-10-05,2013-05-30,-16.5959
2026-10-05,2013-05-31,-8.8755
2026-10-05,2013-06-03,35.0026
2026-10-05,2013-06-04,-254.6807
2026-10-05,2013-06-05,145.1636
2026-10-05,2013-06-06,-156.2376
2026-10-05,2013-06-07,30.1237
2026-10-05,2013-06-10,-230.9627
2026-10-05,2013-06-11,-72.6572
2026-10-05,2013-06-12,61.7934
2026-10-05,2013-06-13,-185.8981
2026-10-05,2013-06-14,-3031.6487
2026-10-05,2013-06-17,-121.547
2026-10-05,2013-06-18,-334.7181
2026-10-05,2013-06-19,733.9316
2026-10-05,2013-06-24,920.1117
2026-10-05,2013-06-25,804.2613
2026-10-05,2013-06-26,-59.4091
2026-10-05,2013-06-27,-1599.6736
2026-10-05,2013-06-28,-7032.2553
2026-10-05,2013-07-01,-536.7437
2026-10-05,2013-07-02,5292.3506
2026-10-05,2013-07-03,-69.6358
2026-10-05,2013-07-04,27.8172
2026-10-05,2013-07-05,147.7007
2026-10-05,2013-07-08,0.5029
2026-10-05,2013-07-10,318.2362
2026-10-05,2013-07-11,-118.891
2026-10-05,2013-07-12,-193.8935
2026-10-05,2013-07-15,-199.0407
2026-10-05,2013-07-16,347.5744
2026-10-05,2013-07-17,189.5067
2026-10-05,2013-07-18,-279.6217
2026-10-05,2013-07-19,4058.8098
2026-10-05,2013-07-22,-98.7857
2026-10-05,2013-07-23,-878.5827
2026-10-05,2013-07-24,344.735
2026-10-05,2013-07-25,319.2936
2026-10-05,2013-07-26,-11206.8545
2026-10-05,2013-07-29,708.0592
2026-10-05,2013-07-30,3917.1528
2026-10-05,2013-07-31,62.1614
2026-10-05,2013-08-01,32.2866
2026-10-05,2013-08-02,-208.3271
2026-10-05,2013-08-05,-143.6889
2026-10-05,2013-08-06,55.6779
2026-10-05,2013-08-07,249.9197
2026-10-05,2013-08-08,3057.227
2026-10-05,2013-08-09,101.7394
2026-10-05,2013-08-12,-350.552
2026-10-05,2013-08-13,235.1872
2026-10-05,2013-08-14,338.6773
2026-10-05,2013-08-15,60.5271
2026-10-05,2013-08-16,-140.7532
2026-10-05,2013-08-20,3762.5705
2026-10-05,2013-08-21,297.0357
2026-10-05,2013-08-22,-287.0531
2026-10-05,2013-08-23,257.6833
2026-10-05,2013-08-26,102.2405
2026-10-05,2013-08-27,-81.5056
2026-10-05,2013-08-28,59.8213
2026-10-05,2013-08-29,-1392.5623
2026-10-05,2013-08-30,-278.8959
2026-10-05,2013-09-02,1815.3278
2026-10-05,2013-09-03,-307.864
2026-10-05,2013-09-04,-180.1591
2026-10-05,2013-09-05,180.4528
2026-10-05,2013-09-06,9.2629
2026-10-05,2013-09-09,-294.0365
2026-10-05,2013-09-10,-542.6366
2026-10-05,2013-09-11,16.0505
2026-10-05,2013-09-12,-12.4812
2026-10-05,2013-09-13,-184.2326
2026-10-05,2013-09-16,-63.2793
2026-10-05,2013-09-17,131.6936
2026-10-05,2013-09-18,-240.3766
2026-10-05,2013-09-19,354.9037
2026-10-05,2013-09-20,-428.0256
2026-10-05,2013-09-23,320.1653
2026-10-05,2013-09-24,-140.0209
2026-10-05,2013-09-25,87.3456
2026-10-05,2013-09-26,0.0593
2026-10-05,2013-09-27,-1.9991
2026-10-05,2013-09-30,-1076.0296
2026-10-05,2013-10-01,72.5883
2026-10-05,2013-10-02,-58.572
2026-10-05,2013-10-03,22.1002
2026-10-05,2013-10-04,-280.0054
2026-10-05,2013-10-07,-27.6822
2026-10-05,2013-10-08,92.4571
2026-10-05,2013-10-09,-50.8529
2026-10-05,2013-10-10,-236.3763
2026-10-05,2013-10-11,-6.4246
2026-10-05,2013-10-15,-279.2321
2026-10-05,2013-10-16,-68.4549
2026-10-05,2013-10-17,41.3843
2026-10-05,2013-10-18,82.0479
2026-10-05,2013-10-21,-333.4423
2026-10-05,2013-10-22,-124.7508
2026-10-05,2013-10-23,513.8963
2026-10-05,2013-10-24,871.3362
2026-10-05,2013-10-25,-6586.4252
2026-10-05,2013-10-28,301.6628
2026-10-05,2013-10-29,29.792
2026-10-05,2013-10-30,5988.4555
2026-10-05,2013-10-31,-11.6393
2026-10-05,2013-11-01,-125.3949
2026-10-05,2013-11-04,-21.1742
2026-10-05,2013-11-05,-375.172
2026-10-05,2013-11-07,421.9603
2026-10-05,2013-11-08,-85.3581
2026-10-05,2013-11-11,-271.6069
2026-10-05,2013-11-12,-213.9517
2026-10-05,2013-11-13,-72.3543
2026-10-05,2013-11-14,-102.4292
2026-10-05,2013-11-15,-40.7042
2026-10-05,2013-11-18,6.9192
2026-10-05,2013-11-19,438.1711
2026-10-05,2013-11-20,-15.9484
2026-10-05,2013-11-21,-644.1629
2026-10-05,2013-11-22,-291.9212
2026-10-05,2013-11-26,-117.3935
2026-10-05,2013-11-27,-126.1564
2026-10-05,2013-11-28,-92.8379
2026-10-05,2013-11-29,-87.4292
2026-10-05,2013-12-02,-31.1015
2026-10-05,2013-12-03,14.9705
2026-10-05,2013-12-04,-93.0904
2026-10-05,2013-12-05,26.6373
2026-10-05,2013-12-06,-2.7856
2026-10-05,2013-12-09,54.0765
2026-10-05,2013-12-10,631.4057
2026-10-05,2013-12-11,237.9394
2026-10-05,2013-12-12,-3869.1464
2026-10-05,2013-12-13,-517.595
2026-10-05,2013-12-16,17.7211
2026-10-05,2013-12-17,595.1114
2026-10-05,2013-12-18,225.305
2026-10-05,2013-12-19,18.5204
2026-10-05,2013-12-20,23.5545
2026-10-05,2013-12-23,10.7368
2026-10-05,2013-12-26,-6505.0276
2026-10-05,2013-12-27,-1092.6618
2026-10-05,2013-12-30,2084.0842
2026-10-05,2014-01-02,568.3475
2026-10-05,2014-01-03,5737.4133
2026-10-05,2014-01-06,-618.9546
2026-10-05,2014-01-07,-137.5909
2026-10-05,2014-01-08,730.1561
2026-10-05,2014-01-09,1002.7678
2026-10-05,2014-01-10,-164.5782
2026-10-05,2014-01-13,16.6788
2026-10-05,2014-01-14,-131.3522
2026-10-05,2014-01-15,-201.5665
2026-10-05,2014-01-16,-6154.3113
2026-10-05,2014-01-17,-105.8419
2026-10-05,2014-01-20,580.405
2026-10-05,2014-01-21,398.222
2026-10-05,2014-01-22,-150.5763
2026-10-05,2014-01-23,-444.4192
2026-10-05,2014-01-24,142.2379
2026-10-05,2014-01-27,-46.1501
2026-10-05,2014-01-28,79.5165
2026-10-05,2014-01-29,7388.6271
2026-10-05,2014-01-30,49.9709
2026-10-05,2014-01-31,-73.7576
2026-10-05,2014-02-03,70.0057
2026-10-05,2014-02-04,-350.0673
2026-10-05,2014-02-05,52.1028
2026-10-05,2014-02-06,136.8766
2026-10-05,2014-02-07,-321.5886
2026-10-05,2014-02-10,-34.6591
2026-10-05,2014-02-11,-111.2455
2026-10-05,2014-02-12,109.3552
2026-10-05,2014-02-13,-33.3405
2026-10-05,2014-02-14,174.8811
2026-10-05,2014-02-17,-1231.1962
2026-10-05,2014-02-18,-458.747
2026-10-05,2014-02-19,34.4539
2026-10-05,2014-02-20,-129.6536
2026-10-05,2014-02-21,893.6749
2026-10-05,2014-02-24,-318.328
2026-10-05,2014-02-25,389.4246
2026-10-05,2014-02-26,-876.316
2026-10-05,2014-02-27,615.5274
2026-10-05,2014-02-28,-352.5499
2026-10-05,2014-03-05,460.8026
2026-10-05,2014-03-06,259.7117
2026-10-05,2014-03-07,-260.985
2026-10-05,2014-03-10,-524.0265
2026-10-05,2014-03-11,355.0542
2026-10-05,2014-03-12,-200.3157
2026-10-05,2014-03-13,-2720.5087
2026-10-05,2014-03-14,28.0658
2026-10-05,2014-03-17,19.9313
2026-10-05,2014-03-18,-151.2379
2026-10-05,2014-03-19,415.5018
2026-10-05,2014-03-20,2152.9743
2026-10-05,2014-03-21,24.3918
2026-10-05,2014-03-25,29.6835
2026-10-05,2014-03-26,144.4752
2026-10-05,2014-03-27,-12218.9943
2026-10-05,2014-03-28,9673.308
2026-10-05,2014-03-31,2099.5731
2026-10-05,2014-04-01,358.7006
2026-10-05,2014-04-03,473.0509
2026-10-05,2014-04-04,-583.4946
2026-10-05,2014-04-07,326.1759
2026-10-05,2014-04-08,-181.2894
2026-10-05,2014-04-09,150.354
2026-10-05,2014-04-10,-836.1969
2026-10-05,2014-04-11,103.8587
2026-10-05,2014-04-14,733.7289
2026-10-05,2014-04-15,-110.2818
2026-10-05,2014-04-16,300.098
2026-10-05,2014-04-21,-4.1624
2026-10-05,2014-04-22,-651.3597
2026-10-05,2014-04-23,491.3591
2026-10-05,2014-04-24,-17.8816
2026-10-05,2014-04-25,-335.5695
2026-10-05,2014-04-28,-779.5749
2026-10-05,2014-04-29,-136.6009
2026-10-05,2014-04-30,941.3995
2026-10-05,2014-05-05,-116.5129
2026-10-05,2014-05-06,-101.4021
2026-10-05,2014-05-07,-134.0668
2026-10-05,2014-05-08,168.1093
2026-10-05,2014-05-09,-23.2113
2026-10-05,2014-05-12,-210.6
2026-10-05,2014-05-13,-29.4853
2026-10-05,2014-05-14,-36.8992
2026-10-05,2014-05-15,-3940.7427
2026-10-05,2014-05-16,7.9306
2026-10-05,2014-05-19,48.2104
2026-10-05,2014-05-20,28.8741
2026-10-05,2014-05-21,91.4615
2026-10-05,2014-05-22,4026.8602
2026-10-05,2014-05-23,-7.7655
2026-10-05,2014-05-26,-139.5599
2026-10-05,2014-05-27,128.084
2026-10-05,2014-05-28,161.1235
2026-10-05,2014-05-29,-3634.2558
2026-10-05,2014-05-30,-4797.3704
2026-10-05,2014-06-02,289.8248
2026-10-05,2014-06-03,-70.8155
2026-10-05,2014-06-04,7560.3842
2026-10-05,2014-06-05,375.0738
2026-10-05,2014-06-06,-6148.3709
2026-10-05,2014-06-09,6091.6366
2026-10-05,2014-06-10,249.9581
2026-10-05,2014-06-11,-101.157
2026-10-05,2014-06-12,-392.715
2026-10-05,2014-06-13,-381.3159
2026-10-05,2014-06-16,36.4843
2026-10-05,2014-06-17,192.1339
2026-10-05,2014-06-18,-293.0205
2026-10-05,2014-06-19,379.2171
2026-10-05,2014-06-23,-544.4867
2026-10-05,2014-06-24,332.5397
2026-10-05,2014-06-25,132.8804
2026-10-05,2014-06-26,-968.7505
2026-10-05,2014-06-27,-5.0119
2026-10-05,2014-06-30,451.6887
2026-10-05,2014-07-01,-1618.7983
2026-10-05,2014-07-02,416.0487
2026-10-05,2014-07-03,72.7215
2026-10-05,2014-07-04,-209.0214
2026-10-05,2014-07-07,-439.4066
2026-10-05,2014-07-08,1903.4076
2026-10-05,2014-07-10,371.8493
2026-10-05,2014-07-11,-2.0345
2026-10-05,2014-07-14,56.231
2026-10-05,2014-07-15,-584.3648
2026-10-05,2014-07-16,-86.1254
2026-10-05,2014-07-17,-217.1787
2026-10-05,2014-07-18,492.0279
2026-10-05,2014-07-21,325.7898
2026-10-05,2014-07-22,-1615.1767
2026-10-05,2014-07-23,1371.2199
2026-10-05,2014-07-24,-8657.7185
2026-10-05,2014-07-25,2796.0814
2026-10-05,2014-07-28,348.8573
2026-10-05,2014-07-29,5.9229
2026-10-05,2014-07-30,-160.5087
2026-10-05,2014-07-31,-1999.9825
2026-10-05,2014-08-01,7996.4882
2026-10-05,2014-08-04,-163.108
2026-10-05,2014-08-05,-718.9916
2026-10-05,2014-08-06,-650.7712
2026-10-05,2014-08-07,1213.9787
2026-10-05,2014-08-08,1.586
2026-10-05,2014-08-11,-777.3399
2026-10-05,2014-08-12,758.842
2026-10-05,2014-08-13,-29.8456
2026-10-05,2014-08-14,-199.369
2026-10-05,2014-08-15,-7993.9712
2026-10-05,2014-08-19,-498.4682
2026-10-05,2014-08-20,728.935
2026-10-05,2014-08-21,7069.9976
2026-10-05,2014-08-22,952.626
2026-10-05,2014-08-25,-408.0818
2026-10-05,2014-08-26,-190.728
2026-10-05,2014-08-27,526.7732
2026-10-05,2014-08-28,39.8243
2026-10-05,2014-08-29,-435.2551
2026-10-05,2014-09-01,205.5712
2026-10-05,2014-09-02,153.1705
2026-10-05,2014-09-03,-355.2314
2026-10-05,2014-09-04,-40.9786
2026-10-05,2014-09-05,310.6574
2026-10-05,2014-09-08,14.8078
2026-10-05,2014-09-09,-1002.1392
2026-10-05,2014-09-10,160.8216
2026-10-05,2014-09-11,404.7433
2026-10-05,2014-09-12,-14.7544
2026-10-05,2014-09-15,-136.5941
2026-10-05,2014-09-16,64.1563
2026-10-05,2014-09-17,1.3105
2026-10-05,2014-09-18,-6094.6767
2026-10-05,2014-09-19,-19.6691
2026-10-05,2014-09-22,1032.4025
2026-10-05,2014-09-23,130.9238
2026-10-05,2014-09-24,-442.7605
2026-10-05,2014-09-25,5521.9792
2026-10-05,2014-09-26,113.6546
2026-10-05,2014-09-29,-219.8264
2026-10-05,2014-09-30,145.8682
2026-10-05,2014-10-01,-17124.0016
2026-10-05,2014-10-02,-231.4904
2026-10-05,2014-10-03,1909.8067
2026-10-05,2014-10-06,-225.1459
2026-10-05,2014-10-07,5.6911
2026-10-05,2014-10-08,485.0614
2026-10-05,2014-10-09,31.3037
2026-10-05,2014-10-10,3942.7404
2026-10-05,2014-10-14,-141.7907
2026-10-05,2014-10-15,-233.7054
2026-10-05,2014-10-16,67.4225
2026-10-05,2014-10-17,541.723
2026-10-05,2014-10-20,163.3249
2026-10-05,2014-10-21,-194.1385
2026-10-05,2014-10-22,20.2707
2026-10-05,2014-10-23,679.3059
2026-10-05,2014-10-24,-42.6969
2026-10-05,2014-10-27,-116.7993
2026-10-05,2014-10-28,0.6999
2026-10-05,2014-10-29,10258.0187
2026-10-05,2014-10-30,51.1634
2026-10-05,2014-10-31,-2797.5204
2026-10-05,2014-11-03,-73.6994
2026-10-05,2014-11-04,-451.1025
2026-10-05,2014-11-05,2922.4833
2026-10-05,2014-11-07,331.7666
2026-10-05,2014-11-10,-83.9504
2026-10-05,2014-11-11,-1527.3459
2026-10-05,2014-11-12,1392.5113
2026-10-05,2014-11-13,-4777.5529
2026-10-05,2014-11-14,-2069.5006
2026-10-05,2014-11-17,492.4746
2026-10-05,2014-11-18,605.7101
2026-10-05,2014-11-19,-302.2298
2026-10-05,2014-11-20,198.6389
2026-10-05,2014-11-21,1498.9658
2026-10-05,2014-11-25,-426.3928
2026-10-05,2014-11-26,848.7579
2026-10-05,2014-11-27,-27507.7248
2026-10-05,2014-11-28,17806.3627
2026-10-05,2014-12-01,-498.244
2026-10-05,2014-12-02,51.044
2026-10-05,2014-12-03,-397.1979
2026-10-05,2014-12-04,-137.1205
2026-10-05,2014-12-05,-7508.8309
2026-10-05,2014-12-09,-5357.463
2026-10-05,2014-12-10,-1249.0869
2026-10-05,2014-12-11,17192.2713
2026-10-05,2014-12-12,-14680.7811
2026-10-05,2014-12-15,-544.2296
2026-10-05,2014-12-16,312.3842
2026-10-05,2014-12-17,1665.0105
2026-10-05,2014-12-18,1508.2616
2026-10-05,2014-12-19,11418.8054
2026-10-05,2014-12-22,-32924.9213
2026-10-05,2014-12-23,-8173.7673
2026-10-05,2014-12-24,-4
2026-10-05,2014-12-29,28932.5746
2026-10-05,2014-12-30,320.3738
2026-10-05,2015-01-02,-658
2026-10-05,2015-01-05,-644.5737
2026-10-05,2015-01-06,390.5834
2026-10-05,2015-01-07,-469.1126
2026-10-05,2015-01-08,767.7124
2026-10-05,2015-01-09,-504.0336
2026-10-05,2015-01-12,-210.2782
2026-10-05,2015-01-13,-20.1256
2026-10-05,2015-01-14,-67.5647
2026-10-05,2015-01-15,9469.4513
2026-10-05,2015-01-16,-533.3902
2026-10-05,2015-01-19,620.6701
2026-10-05,2015-01-20,608.963
2026-10-05,2015-01-21,-1017.4486
2026-10-05,2015-01-22,-6201.2419
2026-10-05,2015-01-23,145.4711
2026-10-05,2015-01-26,-392.2404
2026-10-05,2015-01-27,464.8365
2026-10-05,2015-01-28,-298.9592
2026-10-05,2015-01-29,5188.9072
2026-10-05,2015-01-30,83.9159
2026-10-05,2015-02-02,808.4081
2026-10-05,2015-02-03,317.3433
2026-10-05,2015-02-04,8688.1655
2026-10-05,2015-02-05,-636.373
2026-10-05,2015-02-06,-69.0325
2026-10-05,2015-02-09,486.4342
2026-10-05,2015-02-10,-30.419
2026-10-05,2015-02-11,81.933
2026-10-05,2015-02-12,-2261.3831
2026-10-05,2015-02-13,5449.2172
2026-10-05,2015-02-18,-439.6634
2026-10-05,2015-02-19,-3050.1636
2026-10-05,2015-02-20,5874.6341
2026-10-05,2015-02-23,1188.9409
2026-10-05,2015-02-24,-2186.9396
2026-10-05,2015-02-25,1250.0657
2026-10-05,2015-02-26,-485.6547
2026-10-05,2015-02-27,2229.6725
2026-10-05,2015-03-02,-24.4013
2026-10-05,2015-03-03,53.6319
2026-10-05,2015-03-04,-203.8076
2026-10-05,2015-03-05,-7053.6079
2026-10-05,2015-03-06,185.2955
2026-10-05,2015-03-09,-31.4516
2026-10-05,2015-03-10,-759.7913
2026-10-05,2015-03-11,207.7634
2026-10-05,2015-03-12,-308.8936
2026-10-05,2015-03-13,1423.8987
2026-10-05,2015-03-16,5239.8747
2026-10-05,2015-03-17,-743.2522
2026-10-05,2015-03-18,238.5201
2026-10-05,2015-03-19,1088.6737
2026-10-05,2015-03-20,-825.3815
2026-10-05,2015-03-25,1012.829
2026-10-05,2015-03-26,-106.035
2026-10-05,2015-03-27,-22.0143
2026-10-05,2015-03-30,-285.2661
2026-10-05,2015-03-31,-5105.282
2026-10-05,2015-04-01,3383.5414
2026-10-05,2015-04-06,-114.7282
2026-10-05,2015-04-07,64.9623
2026-10-05,2015-04-08,155.7801
2026-10-05,2015-04-09,-240.8114
2026-10-05,2015-04-10,-185.2212
2026-10-05,2015-04-13,-350.6894
2026-10-05,2015-04-14,-672.9818
2026-10-05,2015-04-15,1017.7653
2026-10-05,2015-04-16,-493.5027
2026-10-05,2015-04-17,798.9143
2026-10-05,2015-04-20,-1173.1225
2026-10-05,2015-04-21,103.5173
2026-10-05,2015-04-22,-226.0051
2026-10-05,2015-04-23,143.8702
2026-10-05,2015-04-24,27.4101
2026-10-05,2015-04-27,17.6539
2026-10-05,2015-04-28,-185.5525
2026-10-05,2015-04-29,165.5804
2026-10-05,2015-04-30,-3691.4754
2026-10-05,2015-05-04,2417.6999
2026-10-05,2015-05-05,-417.9439
2026-10-05,2015-05-06,-54.3964
2026-10-05,2015-05-07,-5447.2496
2026-10-05,2015-05-08,154.1618
2026-10-05,2015-05-11,-371.2996
2026-10-05,2015-05-12,13.6728
2026-10-05,2015-05-13,110.1333
2026-10-05,2015-05-14,-727.3391
2026-10-05,2015-05-15,-138.5312
2026-10-05,2015-05-18,-44.3345
2026-10-05,2015-05-19,227.0786
2026-10-05,2015-05-20,68.3642
2026-10-05,2015-05-21,-1218.0275
2026-10-05,2015-05-22,1854.5804
2026-10-05,2015-05-26,-249.4189
2026-10-05,2015-05-27,6286.8856
2026-10-05,2015-05-28,140.8417
2026-10-05,2015-05-29,-12748.305
2026-10-05,2015-06-01,-167.5712
2026-10-05,2015-06-02,515.383
2026-10-05,2015-06-03,-3697.1068
2026-10-05,2015-06-04,6474.194
2026-10-05,2015-06-05,991.2012
2026-10-05,2015-06-08,2509.0025
2026-10-05,2015-06-09,-815.5378
2026-10-05,2015-06-10,593.3554
2026-10-05,2015-06-11,9321.1849
2026-10-05,2015-06-12,-11339.5571
2026-10-05,2015-06-15,290.2208
2026-10-05,2015-06-16,-789.9585
2026-10-05,2015-06-17,-2480.4228
2026-10-05,2015-06-18,-2838.767
2026-10-05,2015-06-19,-2246.685
2026-10-05,2015-06-22,5669.2929
2026-10-05,2015-06-23,-15526.089
2026-10-05,2015-06-24,2572.025
2026-10-05,2015-06-25,12670.2163
2026-10-05,2015-06-26,-2846.1256
2026-10-05,2015-06-29,-123.3181
2026-10-05,2015-06-30,118.0831
2026-10-05,2015-07-01,1287.8643
2026-10-05,2015-07-02,-78.6149
2026-10-05,2015-07-03,-1759.7226
2026-10-05,2015-07-06,10374.2824
2026-10-05,2015-07-07,1275.3352
2026-10-05,2015-07-08,1103.4694
2026-10-05,2015-07-10,20.2605
2026-10-05,2015-07-13,-1036.7854
2026-10-05,2015-07-14,-712.7338
2026-10-05,2015-07-15,-269.1864
2026-10-05,2015-07-16,362.1845
2026-10-05,2015-07-17,-261.7598
2026-10-05,2015-07-20,1010.5237
2026-10-05,2015-07-21,1670.0378
2026-10-05,2015-07-22,-1764.6835
2026-10-05,2015-07-23,-8727.4457
2026-10-05,2015-07-24,-878.9129
2026-10-05,2015-07-27,-4951.5232
2026-10-05,2015-07-28,656.5805
2026-10-05,2015-07-29,130.8105
2026-10-05,2015-07-30,73.581
2026-10-05,2015-07-31,5045.0651
2026-10-05,2015-08-03,922.083
2026-10-05,2015-08-04,5556.4511
2026-10-05,2015-08-05,798.5794
2026-10-05,2015-08-06,-164.5905
2026-10-05,2015-08-07,1060.7069
2026-10-05,2015-08-10,951.6408
2026-10-05,2015-08-11,289.5175
2026-10-05,2015-08-12,-138.2981
2026-10-05,2015-08-13,281.7203
2026-10-05,2015-08-14,-565.8033
2026-10-05,2015-08-18,-496.5485
2026-10-05,2015-08-19,60.6508
2026-10-05,2015-08-20,591.5798
2026-10-05,2015-08-21,-8225.1145
2026-10-05,2015-08-24,-2273.5583
2026-10-05,2015-08-25,376.1436
2026-10-05,2015-08-26,951.5416
2026-10-05,2015-08-27,90.0661
2026-10-05,2015-08-28,9819.1931
2026-10-05,2015-08-31,187.9635
2026-10-05,2015-09-01,210.3985
2026-10-05,2015-09-02,-52.1403
2026-10-05,2015-09-03,-10494.6695
2026-10-05,2015-09-04,3080.6293
2026-10-05,2015-09-07,519.552
2026-10-05,2015-09-08,-320.4257
2026-10-05,2015-09-09,461.2855
2026-10-05,2015-09-10,-361.3652
2026-10-05,2015-09-11,9553.0232
2026-10-05,2015-09-14,230.6792
2026-10-05,2015-09-15,-803.4483
2026-10-05,2015-09-16,288.7242
2026-10-05,2015-09-17,-28.5934
2026-10-05,2015-09-18,-8556.3866
2026-10-05,2015-09-21,-2172.4001
2026-10-05,2015-09-22,2450.4897
2026-10-05,2015-09-23,-628.6608
2026-10-05,2015-09-24,986.6428
2026-10-05,2015-09-25,-394.1347
2026-10-05,2015-09-28,-594.1397
2026-10-05,2015-09-29,7185.2946
2026-10-05,2015-09-30,-26150.1793
2026-10-05,2015-10-01,101.8729
2026-10-05,2015-10-02,-1679.6689
2026-10-05,2015-10-05,7826.4454
2026-10-05,2015-10-06,1302.222
2026-10-05,2015-10-07,670.5443
2026-10-05,2015-10-08,-284.3534
2026-10-05,2015-10-09,-13.5455
2026-10-05,2015-10-13,-673.4692
2026-10-05,2015-10-14,567.0645
2026-10-05,2015-10-15,6889.934
2026-10-05,2015-10-16,-466.4891
2026-10-05,2015-10-19,-1663.1635
2026-10-05,2015-10-20,807.2081
2026-10-05,2015-10-21,945.1249
2026-10-05,2015-10-22,734.3785
2026-10-05,2015-10-23,46.4631
2026-10-05,2015-10-26,-834.984
2026-10-05,2015-10-27,-8196.3704
2026-10-05,2015-10-28,179.187
2026-10-05,2015-10-29,-187.3086
2026-10-05,2015-10-30,-179.7101
2026-10-05,2015-11-02,314.6579
2026-10-05,2015-11-03,603.2846
2026-10-05,2015-11-04,2315.1373
2026-10-05,2015-11-05,-1272.8499
2026-10-05,2015-11-09,3719.2535
2026-10-05,2015-11-10,1162.0707
2026-10-05,2015-11-11,1046.3434
2026-10-05,2015-11-12,-842.2111
2026-10-05,2015-11-13,527.8614
2026-10-05,2015-11-16,2210.5515
2026-10-05,2015-11-17,-1075.5868
2026-10-05,2015-11-18,-5748.9029
2026-10-05,2015-11-19,549.3737
2026-10-05,2015-11-20,2196.07
2026-10-05,2015-11-23,2496.006
2026-10-05,2015-11-24,13298.1185
2026-10-05,2015-11-25,-1347.0084
2026-10-05,2015-11-26,55.2813
2026-10-05,2015-11-30,2100.0429
2026-10-05,2015-12-01,-102.8364
2026-10-05,2015-12-02,-1381.8618
2026-10-05,2015-12-03,-364.3047
2026-10-05,2015-12-04,-5604.4944
2026-10-05,2015-12-09,3730.363
2026-10-05,2015-12-10,-2742.4812
2026-10-05,2015-12-11,-2710.5589
2026-10-05,2015-12-14,-1279.7846
2026-10-05,2015-12-15,-1350.773
2026-10-05,2015-12-16,295.243
2026-10-05,2015-12-17,1370.1236
2026-10-05,2015-12-18,1432.1694
2026-10-05,2015-12-21,5787.9323
2026-10-05,2015-12-22,1614.118
2026-10-05,2015-12-23,-254.0071
2026-10-05,2015-12-24,-6.0965
2026-10-05,2015-12-28,-2087.589
2026-10-05,2015-12-29,2761.2842
2026-10-05,2015-12-30,-1360.1868
2026-10-05,2015-12-31,-1032.4
2026-10-05,2016-01-04,760.5044
2026-10-05,2016-01-05,408.5232
2026-10-05,2016-01-06,107.845
2026-10-05,2016-01-07,-936.6765
2026-10-05,2016-01-08,811.2559
2026-10-05,2016-01-11,501.7832
2026-10-05,2016-01-12,-415.3702
2026-10-05,2016-01-13,-93.0839
2026-10-05,2016-01-14,-47.152
2026-10-05,2016-01-15,498.1673
2026-10-05,2016-01-18,-2423.056
2026-10-05,2016-01-19,1125.0442
2026-10-05,2016-01-20,1204.8966
2026-10-05,2016-01-21,-243.1036
2026-10-05,2016-01-22,-1236.8539
2026-10-05,2016-01-25,1153.0443
2026-10-05,2016-01-26,-114.0649
2026-10-05,2016-01-27,-729.4547
2026-10-05,2016-01-28,891.7736
2026-10-05,2016-01-29,-1037.9205
2026-10-05,2016-02-01,827.1953
2026-10-05,2016-02-02,211.4889
2026-10-05,2016-02-03,-41.5751
2026-10-05,2016-02-04,-418.1342
2026-10-05,2016-02-05,441.1232
2026-10-05,2016-02-10,-212.799
2026-10-05,2016-02-11,260.0029
2026-10-05,2016-02-12,-5.0356
2026-10-05,2016-02-15,-201.1725
2026-10-05,2016-02-16,-38.8941
2026-10-05,2016-02-17,-322.6131
2026-10-05,2016-02-18,227.4182
2026-10-05,2016-02-19,-219.0677
2026-10-05,2016-02-22,457.9876
2026-10-05,2016-02-23,112.8411
2026-10-05,2016-02-24,117.6336
2026-10-05,2016-02-25,-559.5134
2026-10-05,2016-02-26,361.6554
2026-10-05,2016-02-29,-297.6996
2026-10-05,2016-03-01,361.116
2026-10-05,2016-03-02,-5.106
2026-10-05,2016-03-03,-345.1723
2026-10-05,2016-03-04,-214.3035
2026-10-05,2016-03-07,252.4485
2026-10-05,2016-03-08,-664.1536
2026-10-05,2016-03-09,886.5113
2026-10-05,2016-03-10,-132.816
2026-10-05,2016-03-11,-215.3064
2026-10-05,2016-03-14,-208.5056
2026-10-05,2016-03-15,314.4803
2026-10-05,2016-03-16,-776.4077
2026-10-05,2016-03-17,372.2872
2026-10-05,2016-03-18,-448.583
2026-10-05,2016-03-21,-7810.2791
2026-10-05,2016-03-22,8371.7349
2026-10-05,2016-03-23,-242.7306
2026-10-05,2016-03-28,534.9186
2026-10-05,2016-03-29,-197.2066
2026-10-05,2016-03-30,-356.2715
2026-10-05,2016-03-31,-1401.0418
2026-10-05,2016-04-01,-325.1082
2026-10-05,2016-04-04,-285.8618
2026-10-05,2016-04-05,-159.5911
2026-10-05,2016-04-06,410.8814
2026-10-05,2016-04-07,-45.1494
2026-10-05,2016-04-08,175.1313
2026-10-05,2016-04-11,-134.8391
2026-10-05,2016-04-12,-173.4765
2026-10-05,2016-04-13,157.8861
2026-10-05,2016-04-14,-54.8536
2026-10-05,2016-04-15,-603.136
2026-10-05,2016-04-18,251.5305
2026-10-05,2016-04-19,-85.7392
2026-10-05,2016-04-20,-14.1192
2026-10-05,2016-04-21,425.6372
2026-10-05,2016-04-22,9.5165
2026-10-05,2016-04-25,-225.7737
2026-10-05,2016-04-26,-80.6776
2026-10-05,2016-04-27,350.3904
2026-10-05,2016-04-28,28.7564
2026-10-05,2016-04-29,-92.6797
2026-10-05,2016-05-02,115.4174
2026-10-05,2016-05-03,73.0388
2026-10-05,2016-05-04,-313.1712
2026-10-05,2016-05-05,38.3553
2026-10-05,2016-05-06,-333.6631
2026-10-05,2016-05-09,-3483.6674
2026-10-05,2016-05-10,276.5307
2026-10-05,2016-05-11,470.4448
2026-10-05,2016-05-12,52.0245
2026-10-05,2016-05-13,-215.0438
2026-10-05,2016-05-16,-46.1021
2026-10-05,2016-05-17,-151.892
2026-10-05,2016-05-18,473.9489
2026-10-05,2016-05-19,-16.0007
2026-10-05,2016-05-20,-150.1443
2026-10-05,2016-05-23,298.0431
2026-10-05,2016-05-24,-31.5142
2026-10-05,2016-05-26,-253.0777
2026-10-05,2016-05-27,264.5179
2026-10-05,2016-05-30,12.6192
2026-10-05,2016-05-31,-220.0204
2026-10-05,2016-06-01,-108.0685
2026-10-05,2016-06-02,418.0134
2026-10-05,2016-06-03,-18.2585
2026-10-05,2016-06-06,-394.2822
2026-10-05,2016-06-07,-41.3374
2026-10-05,2016-06-08,-177.7872
2026-10-05,2016-06-09,68.799
2026-10-05,2016-06-10,124.8416
2026-10-05,2016-06-13,-429.4845
2026-10-05,2016-06-14,6.9303
2026-10-05,2016-06-15,-25.2962
2026-10-05,2016-06-16,-2831.7805
2026-10-05,2016-06-21,2868.2976
2026-10-05,2016-06-22,332.4992
2026-10-05,2016-06-23,-193.9993
2026-10-05,2016-06-24,14.7155
2026-10-05,2016-06-27,-4.901
2026-10-05,2016-06-28,122.7699
2026-10-05,2016-06-29,-41.9884
2026-10-05,2016-06-30,-1121.2469
2026-10-05,2016-07-01,209.1273
2026-10-05,2016-07-04,-335.3017
2026-10-05,2016-07-05,47.3894
2026-10-05,2016-07-06,-333.6278
2026-10-05,2016-07-07,-38.7924
2026-10-05,2016-07-11,80.1153
2026-10-05,2016-07-12,-1916.6816
2026-10-05,2016-07-13,206.0531
2026-10-05,2016-07-14,-157.8509
2026-10-05,2016-07-15,-10.7349
2026-10-05,2016-07-18,-208.071
2026-10-05,2016-07-19,-130.2646
2026-10-05,2016-07-20,566.3544
2026-10-05,2016-07-21,28.0196
2026-10-05,2016-07-22,80.1096
2026-10-05,2016-07-25,-73.2144
2026-10-05,2016-07-26,53.4347
2026-10-05,2016-07-27,95.335
2026-10-05,2016-07-28,-85.9925
2026-10-05,2016-07-29,31.6908
2026-10-05,2016-08-01,-258.7855
2026-10-05,2016-08-02,240.0662
2026-10-05,2016-08-03,67.37
2026-10-05,2016-08-04,-344.2903
2026-10-05,2016-08-05,182.5401
2026-10-05,2016-08-08,-64.7364
2026-10-05,2016-08-09,113.86
2026-10-05,2016-08-10,-154.2377
2026-10-05,2016-08-11,-80.6682
2026-10-05,2016-08-12,-216.8034
2026-10-05,2016-08-16,178.2702
2026-10-05,2016-08-17,-22779.2332
2026-10-05,2016-08-18,59.1156
2026-10-05,2016-08-19,367.2756
2026-10-05,2016-08-22,-49.9548
2026-10-05,2016-08-23,-122.6244
2026-10-05,2016-08-24,-29.2448
2026-10-05,2016-08-25,238.4839
2026-10-05,2016-08-26,-69.7617
2026-10-05,2016-08-29,22586.6585
2026-10-05,2016-08-30,56.9461
2026-10-05,2016-08-31,-160.6107
2026-10-05,2016-09-01,-8.6059
2026-10-05,2016-09-02,-47.3084
2026-10-05,2016-09-05,-82.2817
2026-10-05,2016-09-06,-434.5483
2026-10-05,2016-09-07,591.6257
2026-10-05,2016-09-08,-93.7668
2026-10-05,2016-09-09,-40.2266
2026-10-05,2016-09-12,-437.6778
2026-10-05,2016-09-13,-86.5933
2026-10-05,2016-09-14,115.3826
2026-10-05,2016-09-15,-222.5573
2026-10-05,2016-09-16,172.6607
2026-10-05,2016-09-19,-206.7306
2026-10-05,2016-09-20,377.6651
2026-10-05,2016-09-21,-201.5267
2026-10-05,2016-09-22,169.7803
2026-10-05,2016-09-23,-86.4643
2026-10-05,2016-09-26,-43.814
2026-10-05,2016-09-27,72.5698
2026-10-05,2016-09-28,82.9228
2026-10-05,2016-09-29,-238.1441
2026-10-05,2016-09-30,304.3063
2026-10-05,2016-10-03,-61.1113
2026-10-05,2016-10-04,-95.8418
2026-10-05,2016-10-05,-238.7369
2026-10-05,2016-10-06,136.4662
2026-10-05,2016-10-07,134.1354
2026-10-05,2016-10-11,-123.21
2026-10-05,2016-10-12,-20.4016
2026-10-05,2016-10-13,-59.8219
2026-10-05,2016-10-14,-4.2115
2026-10-05,2016-10-17,-367.3487
2026-10-05,2016-10-18,220.4964
2026-10-05,2016-10-19,303.5681
2026-10-05,2016-10-20,51.4706
2026-10-05,2016-10-21,35.0598
2026-10-05,2016-10-24,69.1337
2026-10-05,2016-10-25,-212.8164
2026-10-05,2016-10-26,88.1259
2026-10-05,2016-10-27,-92.5744
2026-10-05,2016-10-28,176.0658
2026-10-05,2016-10-31,-149.9966
2026-10-05,2016-11-01,142.1165
2026-10-05,2016-11-02,-8.1078
2026-10-05,2016-11-03,-85.7921
2026-10-05,2016-11-04,-216.529
2026-10-05,2016-11-07,-28.0385
2026-10-05,2016-11-08,103.642
2026-10-05,2016-11-09,10.8102
2026-10-05,2016-11-10,-84.3646
2026-10-05,2016-11-11,143.6725
2026-10-05,2016-11-14,-52.1569
2026-10-05,2016-11-15,-68.7686
2026-10-05,2016-11-16,-250.1203
2026-10-05,2016-11-17,-1519.5853
2026-10-05,2016-11-18,1448.3786
2026-10-05,2016-11-21,200.8334
2026-10-05,2016-11-22,4.9772
2026-10-05,2016-11-23,244.538
2026-10-05,2016-11-24,-0.9725
2026-10-05,2016-11-25,-38.3642
2026-10-05,2016-11-29,-31.1311
2026-10-05,2016-11-30,2.5817
2026-10-05,2016-12-01,128.5589
2026-10-05,2016-12-02,14.7484
2026-10-05,2016-12-05,-43.6833
2026-10-05,2016-12-06,69.7776
2026-10-05,2016-12-07,-86.5321
2026-10-05,2016-12-12,-167.014
2026-10-05,2016-12-13,57.7907
2026-10-05,2016-12-14,40.2104
2026-10-05,2016-12-15,-791.561
2026-10-05,2016-12-16,726.8395
2026-10-05,2016-12-19,-201.085
2026-10-05,2016-12-20,-38.6662
2026-10-05,2016-12-21,297.3031
2026-10-05,2016-12-22,-168.1731
2026-10-05,2016-12-23,113.7917
2026-10-05,2016-12-26,138.2915
2026-10-05,2016-12-27,-20.0629
2026-10-05,2016-12-28,-432.0311
2026-10-05,2016-12-29,411.2114
2026-10-05,2016-12-30,36.5463
2026-10-05,2017-01-02,-1175.1972
2026-10-05,2017-01-03,75.5231
2026-10-05,2017-01-04,45.0792
2026-10-05,2017-01-05,-118.442
2026-10-05,2017-01-06,83.0816
2026-10-05,2017-01-09,-156.4831
2026-10-05,2017-01-10,107.2675
2026-10-05,2017-01-11,-231.852
2026-10-05,2017-01-12,-164.2314
2026-10-05,2017-01-13,-161.9849
2026-10-05,2017-01-16,50.3139
2026-10-05,2017-01-17,160.8073
2026-10-05,2017-01-18,193.6437
2026-10-05,2017-01-19,-22.5741
2026-10-05,2017-01-20,-23.1524
2026-10-05,2017-01-23,129.0136
2026-10-05,2017-01-24,-47.3087
2026-10-05,2017-01-25,24.4843
2026-10-05,2017-01-26,70.0814
2026-10-05,2017-01-27,-45.0698
2026-10-05,2017-01-30,-158.6495
2026-10-05,2017-01-31,-307.5877
2026-10-05,2017-02-01,218.7634
2026-10-05,2017-02-02,120.5043
2026-10-05,2017-02-03,-61.0237
2026-10-05,2017-02-06,-8.9213
2026-10-05,2017-02-07,44.9941
2026-10-05,2017-02-08,-189.0831
2026-10-05,2017-02-09,-61.3992
2026-10-05,2017-02-10,59.4643
2026-10-05,2017-02-13,10.1539
2026-10-05,2017-02-14,-128.3757
2026-10-05,2017-02-15,-436.9377
2026-10-05,2017-02-16,317.1483
2026-10-05,2017-02-17,-170.8359
2026-10-05,2017-02-20,-10.8829
2026-10-05,2017-02-21,-565.4565
2026-10-05,2017-02-22,797.0617
2026-10-05,2017-02-23,126.7908
2026-10-05,2017-02-24,-113.8583
2026-10-05,2017-03-01,147.8687
2026-10-05,2017-03-02,-394.7965
2026-10-05,2017-03-03,483.0267
2026-10-05,2017-03-06,-362.7726
2026-10-05,2017-03-07,115.1312
2026-10-05,2017-03-08,27.0222
2026-10-05,2017-03-09,-117.0889
2026-10-05,2017-03-10,112.1276
2026-10-05,2017-03-13,-302.6674
2026-10-05,2017-03-14,63.7921
2026-10-05,2017-03-15,-170.5046
2026-10-05,2017-03-16,-36.8562
2026-10-05,2017-03-17,275.5307
2026-10-05,2017-03-20,190.2924
2026-10-05,2017-03-21,-27.7794
2026-10-05,2017-03-22,-30.4793
2026-10-05,2017-03-23,30.9799
2026-10-05,2017-03-27,-97.3945
2026-10-05,2017-03-28,-63.3604
2026-10-05,2017-03-29,126.3261
2026-10-05,2017-03-30,-34.7616
2026-10-05,2017-03-31,174.3069
2026-10-05,2017-04-03,134.8029
2026-10-05,2017-04-04,-111.5628
2026-10-05,2017-04-05,-331.0988
2026-10-05,2017-04-06,283.0031
2026-10-05,2017-04-07,110.7424
2026-10-05,2017-04-10,-162.0979
2026-10-05,2017-04-11,-125.7093
2026-10-05,2017-04-12,59.9302
2026-10-05,2017-04-17,-104.7511
2026-10-05,2017-04-18,-59.7077
2026-10-05,2017-04-19,154.4553
2026-10-05,2017-04-20,184.5214
2026-10-05,2017-04-21,-48.3396
2026-10-05,2017-04-24,-59.2099
2026-10-05,2017-04-25,-52.2899
2026-10-05,2017-04-26,-41.589
2026-10-05,2017-04-27,214.5346
2026-10-05,2017-04-28,-42.7876
2026-10-05,2017-05-02,-76.2579
2026-10-05,2017-05-03,112.4596
2026-10-05,2017-05-04,-190.5996
2026-10-05,2017-05-05,83.2194
2026-10-05,2017-05-08,-184.9376
2026-10-05,2017-05-09,-57.5753
2026-10-05,2017-05-10,91.8278
2026-10-05,2017-05-11,-61.7498
2026-10-05,2017-05-12,30.0092
2026-10-05,2017-05-15,-281.7144
2026-10-05,2017-05-16,-35.771
2026-10-05,2017-05-17,-308.3796
2026-10-05,2017-05-18,527.2304
2026-10-05,2017-05-19,68.958
2026-10-05,2017-05-22,-279.2028
2026-10-05,2017-05-23,253.509
2026-10-05,2017-05-24,-236.6405
2026-10-05,2017-05-26,213.2572
2026-10-05,2017-05-29,81.0493
2026-10-05,2017-05-30,-9.5492
2026-10-05,2017-05-31,-132.311
2026-10-05,2017-06-01,38.0405
2026-10-05,2017-06-02,102.5899
2026-10-05,2017-06-05,-96.9721
2026-10-05,2017-06-06,-164.906
2026-10-05,2017-06-07,-557.1905
2026-10-05,2017-06-08,709.9124
2026-10-05,2017-06-09,0.975
2026-10-05,2017-06-12,-147.2513
2026-10-05,2017-06-13,-38.144
2026-10-05,2017-06-14,-71.8393
2026-10-05,2017-06-15,-255.3473
2026-10-05,2017-06-16,-3546.3721
2026-10-05,2017-06-19,3553.1462
2026-10-05,2017-06-21,241.1409
2026-10-05,2017-06-22,-1.1205
2026-10-05,2017-06-23,108.0928
2026-10-05,2017-06-26,-306.5901
2026-10-05,2017-06-27,-20.1906
2026-10-05,2017-06-28,101.4547
2026-10-05,2017-06-29,109.0682
2026-10-05,2017-06-30,-960.5149
2026-10-05,2017-07-03,9.3235
2026-10-05,2017-07-04,-162.3578
2026-10-05,2017-07-05,-69.1146
2026-10-05,2017-07-06,117.8351
2026-10-05,2017-07-07,13.2232
2026-10-05,2017-07-10,-164.9929
2026-10-05,2017-07-11,50.4268
2026-10-05,2017-07-12,-72.8794
2026-10-05,2017-07-13,-245.1835
2026-10-05,2017-07-14,244.8474
2026-10-05,2017-07-17,-366.8651
2026-10-05,2017-07-18,155.8497
2026-10-05,2017-07-19,97.506
2026-10-05,2017-07-20,81.2552
2026-10-05,2017-07-21,-51.8011
2026-10-05,2017-07-24,5.5114
2026-10-05,2017-07-25,125.7478
2026-10-05,2017-07-26,-211.2804
2026-10-05,2017-07-27,151.46
2026-10-05,2017-07-28,2.4625
2026-10-05,2017-07-31,13.0239
2026-10-05,2017-08-01,201.2819
2026-10-05,2017-08-02,-46.609
2026-10-05,2017-08-03,-49.3362
2026-10-05,2017-08-04,-0.4285
2026-10-05,2017-08-07,-5.5678
2026-10-05,2017-08-08,45.4051
2026-10-05,2017-08-09,20.4698
2026-10-05,2017-08-10,53.1799
2026-10-05,2017-08-11,-391.3194
2026-10-05,2017-08-14,-91.0949
2026-10-05,2017-08-15,173.0978
2026-10-05,2017-08-16,-705.6459
2026-10-05,2017-08-17,673.8752
2026-10-05,2017-08-18,-65.9715
2026-10-05,2017-08-22,71.4936
2026-10-05,2017-08-23,278.6299
2026-10-05,2017-08-24,-148.3646
2026-10-05,2017-08-25,-26.657
2026-10-05,2017-08-28,79.2966
2026-10-05,2017-08-29,-48.0653
2026-10-05,2017-08-30,-85.4139
2026-10-05,2017-08-31,-20.5769
2026-10-05,2017-09-01,20.8443
2026-10-05,2017-09-04,-138.9091
2026-10-05,2017-09-05,-66.7669
2026-10-05,2017-09-06,158.0138
2026-10-05,2017-09-07,-120.8177
2026-10-05,2017-09-08,14.2609
2026-10-05,2017-09-11,-293.6902
2026-10-05,2017-09-12,-79.1269
2026-10-05,2017-09-13,-361.9055
2026-10-05,2017-09-14,-85.223
2026-10-05,2017-09-15,-171.6936
2026-10-05,2017-09-18,141.4221
2026-10-05,2017-09-19,195.467
2026-10-05,2017-09-20,-639.9321
2026-10-05,2017-09-21,-1056.4649
2026-10-05,2017-09-22,-106.4969
2026-10-05,2017-09-25,357.0522
2026-10-05,2017-09-26,-158.9361
2026-10-05,2017-09-27,137.6938
2026-10-05,2017-09-28,-121.7578
2026-10-05,2017-09-29,-69.3947
2026-10-05,2017-10-02,-3.7231
2026-10-05,2017-10-03,230.6584
2026-10-05,2017-10-04,108.8517
2026-10-05,2017-10-05,-195.7781
2026-10-05,2017-10-06,3.7815
2026-10-05,2017-10-09,-1100.1887
2026-10-05,2017-10-10,-37.7552
2026-10-05,2017-10-11,84.4825
2026-10-05,2017-10-12,-538.4499
2026-10-05,2017-10-13,495.7377
2026-10-05,2017-10-17,-427.8332
2026-10-05,2017-10-18,19.1583
2026-10-05,2017-10-19,307.9397
2026-10-05,2017-10-20,-711.3461
2026-10-05,2017-10-23,671.8644
2026-10-05,2017-10-24,222.1005
2026-10-05,2017-10-25,-298.7645
2026-10-05,2017-10-26,115.5136
2026-10-05,2017-10-27,335.9552
2026-10-05,2017-10-30,-188.2675
2026-10-05,2017-10-31,148.9331
2026-10-05,2017-11-01,-74.4732
2026-10-05,2017-11-02,119.3238
2026-10-05,2017-11-03,-35.2898
2026-10-05,2017-11-07,-225.0847
2026-10-05,2017-11-08,142.3075
2026-10-05,2017-11-09,-49.6406
2026-10-05,2017-11-10,-161.8463
2026-10-05,2017-11-13,-57.5981
2026-10-05,2017-11-14,107.8328
2026-10-05,2017-11-15,-159.3994
2026-10-05,2017-11-16,8.58
2026-10-05,2017-11-17,-328.6836
2026-10-05,2017-11-21,-7201.2135
2026-10-05,2017-11-22,7743.9609
2026-10-05,2017-11-23,41.1049
2026-10-05,2017-11-24,-84.2274
2026-10-05,2017-11-27,-9.1714
2026-10-05,2017-11-28,-36.8562
2026-10-05,2017-11-29,-239.7035
2026-10-05,2017-11-30,325.5159
2026-10-05,2017-12-01,-99.7209
2026-10-05,2017-12-04,-592.1956
2026-10-05,2017-12-05,494.6534
2026-10-05,2017-12-06,111.5065
2026-10-05,2017-12-07,-86.8327
2026-10-05,2017-12-11,-139.6477
2026-10-05,2017-12-12,-0.9043
2026-10-05,2017-12-13,-220.0648
2026-10-05,2017-12-14,154.822
2026-10-05,2017-12-15,179.1991
2026-10-05,2017-12-18,-108.2213
2026-10-05,2017-12-19,157.4021
2026-10-05,2017-12-20,-170.8973
2026-10-05,2017-12-21,12.6657
2026-10-05,2017-12-22,215.9786
2026-10-05,2017-12-26,76.4843
2026-10-05,2017-12-27,-112.3668
2026-10-05,2017-12-28,-258.0565
2026-10-05,2017-12-29,136.841
2026-10-05,2018-01-02,-1477.5497
2026-10-05,2018-01-03,-446.9463
2026-10-05,2018-01-04,110.9723
2026-10-05,2018-01-05,-85.3554
2026-10-05,2018-01-08,-168.4095
2026-10-05,2018-01-09,510.9717
2026-10-05,2018-01-10,85.866
2026-10-05,2018-01-11,-395.5364
2026-10-05,2018-01-12,277.0669
2026-10-05,2018-01-15,-801.7997
2026-10-05,2018-01-16,359.6316
2026-10-05,2018-01-17,400.6851
2026-10-05,2018-01-18,-40.6253
2026-10-05,2018-01-19,149.3965
2026-10-05,2018-01-22,-53.9377
2026-10-05,2018-01-23,296.3075
2026-10-05,2018-01-24,-152.5577
2026-10-05,2018-01-25,-24.7039
2026-10-05,2018-01-26,254.5682
2026-10-05,2018-01-29,39.6327
2026-10-05,2018-01-30,-149.7374
2026-10-05,2018-01-31,-70.5611
2026-10-05,2018-02-01,-357.4621
2026-10-05,2018-02-02,534.7201
2026-10-05,2018-02-05,-263.5397
2026-10-05,2018-02-06,85.451
2026-10-05,2018-02-07,-89.7606
2026-10-05,2018-02-08,-4026.9868
2026-10-05,2018-02-09,4096.5227
2026-10-05,2018-02-14,-2.2136
2026-10-05,2018-02-15,-94.3944
2026-10-05,2018-02-16,-453.227
2026-10-05,2018-02-19,48.6955
2026-10-05,2018-02-20,38.5428
2026-10-05,2018-02-21,43.3606
2026-10-05,2018-02-22,286.6067
2026-10-05,2018-02-23,81.3637
2026-10-05,2018-02-26,-220.9739
2026-10-05,2018-02-27,390.8358
2026-10-05,2018-02-28,-411.2152
2026-10-05,2018-03-01,213.838
2026-10-05,2018-03-02,-66.1281
2026-10-05,2018-03-05,-309.5192
2026-10-05,2018-03-06,427.0782
2026-10-05,2018-03-07,-35.0876
2026-10-05,2018-03-08,-19.5368
2026-10-05,2018-03-09,81.7805
2026-10-05,2018-03-12,-144.2755
2026-10-05,2018-03-13,-73.8563
2026-10-05,2018-03-14,-385.1105
2026-10-05,2018-03-15,192.5479
2026-10-05,2018-03-16,-169.9041
2026-10-05,2018-03-19,249.2818
2026-10-05,2018-03-20,-108.112
2026-10-05,2018-03-21,173.6654
2026-10-05,2018-03-22,-669.2932
2026-10-05,2018-03-23,851.4696
2026-10-05,2018-03-26,-43.2183
2026-10-05,2018-03-27,-253.3572
2026-10-05,2018-03-28,167.8171
2026-10-05,2018-04-03,-508.3033
2026-10-05,2018-04-04,619.9437
2026-10-05,2018-04-05,-2156.3714
2026-10-05,2018-04-06,2117.7684
2026-10-05,2018-04-09,-491.682
2026-10-05,2018-04-10,493.2336
2026-10-05,2018-04-11,-313.9764
2026-10-05,2018-04-12,136.0358
2026-10-05,2018-04-13,-627.7298
2026-10-05,2018-04-16,-4340.1291
2026-10-05,2018-04-17,853.8479
2026-10-05,2018-04-18,3797.139
2026-10-05,2018-04-19,270.5562
2026-10-05,2018-04-20,121.2674
2026-10-05,2018-04-23,-630.3719
2026-10-05,2018-04-24,617.8148
2026-10-05,2018-04-25,157.5749
2026-10-05,2018-04-26,-35.8991
2026-10-05,2018-04-27,406.0623
2026-10-05,2018-05-02,-229.5974
2026-10-05,2018-05-03,164.4005
2026-10-05,2018-05-04,-946.0278
2026-10-05,2018-05-07,978.0641
2026-10-05,2018-05-08,-702.7497
2026-10-05,2018-05-09,560.3563
2026-10-05,2018-05-10,69.5471
2026-10-05,2018-05-11,43.7551
2026-10-05,2018-05-14,27.8268
2026-10-05,2018-05-15,58.5434
2026-10-05,2018-05-16,-272.6162
2026-10-05,2018-05-17,-78.2747
2026-10-05,2018-05-18,-1436.9855
2026-10-05,2018-05-21,354.8423
2026-10-05,2018-05-22,120.1777
2026-10-05,2018-05-23,-9.2816
2026-10-05,2018-05-24,45.2727
2026-10-05,2018-05-28,-1.8077
2026-10-05,2018-05-29,-15.3811
2026-10-05,2018-05-30,-90.3198
2026-10-05,2018-05-31,-171.6231
2026-10-05,2018-06-01,-169.5762
2026-10-05,2018-06-04,-58.5292
2026-10-05,2018-06-05,461.4869
2026-10-05,2018-06-06,-10.5568
2026-10-05,2018-06-07,116.1771
2026-10-05,2018-06-08,57.8821
2026-10-05,2018-06-11,-108.9301
2026-10-05,2018-06-12,9.7819
2026-10-05,2018-06-13,-271.843
2026-10-05,2018-06-14,133.7315
2026-10-05,2018-06-15,-429.4685
2026-10-05,2018-06-18,-3894.2367
2026-10-05,2018-06-19,4295.1772
2026-10-05,2018-06-21,-1722.9578
2026-10-05,2018-06-22,-17697.1553
2026-10-05,2018-06-25,12429.5015
2026-10-05,2018-06-26,-2957.5099
2026-10-05,2018-06-27,-2505.1329
2026-10-05,2018-06-28,-4168.5341
2026-10-05,2018-06-29,-4316.9933
2026-10-05,2018-07-02,-4334.2943
2026-10-05,2018-07-03,-2826.3381
2026-10-05,2018-07-04,12.2629
2026-10-05,2018-07-05,-5695.141
2026-10-05,2018-07-06,-2959.7847
2026-10-05,2018-07-10,-2711.9917
2026-10-05,2018-07-11,-2707.1457
2026-10-05,2018-07-12,-2701.6661
2026-10-05,2018-07-13,-3163.9938
2026-10-05,2018-07-16,-2370.5438
2026-10-05,2018-07-17,-3421.7595
2026-10-05,2018-07-18,-2554.1264
2026-10-05,2018-07-19,51112.8079
2026-10-05,2018-07-20,-2682.7512
2026-10-05,2018-07-23,-2756.1699
2026-10-05,2018-07-24,-2785.6217
2026-10-05,2018-07-25,-2785.588
2026-10-05,2018-07-26,-2639.7324
2026-10-05,2018-07-27,-2826.3272
2026-10-05,2018-07-30,-2727.683
2026-10-05,2018-07-31,-2608.0873
2026-10-05,2018-08-01,-2047.2669
2026-10-05,2018-08-02,-3038.2353
2026-10-05,2018-08-03,-2887.6299
2026-10-05,2018-08-06,551.893
2026-10-05,2018-08-07,-1384.5905
2026-10-05,2018-08-08,-1388.4684
2026-10-05,2018-08-09,-1353.6435
2026-10-05,2018-08-10,-1442.5901
2026-10-05,2018-08-13,-30.3935
2026-10-05,2018-08-14,-34.6783
2026-10-05,2018-08-15,13061.4104
2026-10-05,2018-08-16,892.6045
2026-10-05,2018-08-17,-335.9653
2026-10-05,2018-08-21,196.5743
2026-10-05,2018-08-22,221.6507
2026-10-05,2018-08-23,7.9719
2026-10-05,2018-08-24,9086.7805
2026-10-05,2018-08-27,1475.8223
2026-10-05,2018-08-28,2212.6514
2026-10-05,2018-08-29,1098.2924
2026-10-05,2018-08-30,1835.8829
2026-10-05,2018-08-31,347.5525
2026-10-05,2018-09-03,3698.2793
2026-10-05,2018-09-04,1966.1261
2026-10-05,2018-09-05,258.1476
2026-10-05,2018-09-06,-421.4832
2026-10-05,2018-09-07,640.5116
2026-10-05,2018-09-10,1855.8547
2026-10-05,2018-09-11,-199.4592
2026-10-05,2018-09-12,-157.427
2026-10-05,2018-09-13,10.2055
2026-10-05,2018-09-14,-122.725
2026-10-05,2018-09-17,-25.4248
2026-10-05,2018-09-18,291.2613
2026-10-05,2018-09-19,116.2629
2026-10-05,2018-09-20,-25.0283
2026-10-05,2018-09-21,111.3737
2026-10-05,2018-09-24,-11050.1073
2026-10-05,2018-09-25,11087.6783
2026-10-05,2018-09-26,-117.7714
2026-10-05,2018-09-27,133.0305
2026-10-05,2018-09-28,118.945
2026-10-05,2018-10-01,109.1512
2026-10-05,2018-10-02,78.6049
2026-10-05,2018-10-03,-4.6151
2026-10-05,2018-10-04,179.9192
2026-10-05,2018-10-05,170.4114
2026-10-05,2018-10-08,-191.8855
2026-10-05,2018-10-09,-215.6879
2026-10-05,2018-10-10,115.1592
2026-10-05,2018-10-11,-252.1519
2026-10-05,2018-10-12,-96.2086
2026-10-05,2018-10-16,92.6572
2026-10-05,2018-10-17,-363.6386
2026-10-05,2018-10-18,-167.5638
2026-10-05,2018-10-19,949.9857
2026-10-05,2018-10-22,47.769
2026-10-05,2018-10-23,-10780.1067
2026-10-05,2018-10-24,9863.4876
2026-10-05,2018-10-25,1096.5859
2026-10-05,2018-10-26,36.3172
2026-10-05,2018-10-29,-236.1491
2026-10-05,2018-10-30,228.7013
2026-10-05,2018-10-31,95.5266
2026-10-05,2018-11-01,-241.5145
2026-10-05,2018-11-02,341.0693
2026-10-05,2018-11-05,-801.9803
2026-10-05,2018-11-07,40.0061
2026-10-05,2018-11-08,691.9605
2026-10-05,2018-11-09,-190.1458
2026-10-05,2018-11-12,227.602
2026-10-05,2018-11-13,-130.6209
2026-10-05,2018-11-14,-192.7713
2026-10-05,2018-11-15,136.5302
2026-10-05,2018-11-16,-240.147
2026-10-05,2018-11-20,132.0471
2026-10-05,2018-11-21,299.7846
2026-10-05,2018-11-22,-11511.8392
2026-10-05,2018-11-23,11851.5408
2026-10-05,2018-11-26,19.0164
2026-10-05,2018-11-27,-37.7099
2026-10-05,2018-11-28,182.5234
2026-10-05,2018-11-29,67.8133
2026-10-05,2018-12-03,-1209.6753
2026-10-05,2018-12-04,68.4722
2026-10-05,2018-12-05,-127.4813
2026-10-05,2018-12-06,41.129
2026-10-05,2018-12-07,-304.1091
2026-10-05,2018-12-10,332.8474
2026-10-05,2018-12-11,-319.3358
2026-10-05,2018-12-12,187.5075
2026-10-05,2018-12-13,88.4465
2026-10-05,2018-12-14,105.8059
2026-10-05,2018-12-17,22.0765
2026-10-05,2018-12-18,-216.8277
2026-10-05,2018-12-19,41.0222
2026-10-05,2018-12-20,269.902
2026-10-05,2018-12-21,-47.3221
2026-10-05,2018-12-26,77.115
2026-10-05,2018-12-27,-5307.634
2026-10-05,2018-12-28,776.3149
2026-10-05,2019-01-02,-2024.9973
2026-10-05,2019-01-03,69.8073
2026-10-05,2019-01-04,80.1031
2026-10-05,2019-01-07,5348.2801
2026-10-05,2019-01-08,-823.6982
2026-10-05,2019-01-09,-100.7243
2026-10-05,2019-01-10,765.9853
2026-10-05,2019-01-11,-1274.0222
2026-10-05,2019-01-14,577.3741
2026-10-05,2019-01-15,444.5444
2026-10-05,2019-01-16,-657.6579
2026-10-05,2019-01-17,550.4956
2026-10-05,2019-01-18,289.0191
2026-10-05,2019-01-21,278.5828
2026-10-05,2019-01-22,-3.2825
2026-10-05,2019-01-23,-25.104
2026-10-05,2019-01-24,-67.1272
2026-10-05,2019-01-25,-1.3538
2026-10-05,2019-01-28,238.7537
2026-10-05,2019-01-29,-70.0747
2026-10-05,2019-01-30,191.0068
2026-10-05,2019-01-31,209.9988
2026-10-05,2019-02-01,-43.924
2026-10-05,2019-02-04,-368.8692
2026-10-05,2019-02-05,56.2258
2026-10-05,2019-02-06,62.3236
2026-10-05,2019-02-07,-14.3857
2026-10-05,2019-02-08,260.3296
2026-10-05,2019-02-11,96.0955
2026-10-05,2019-02-12,-149.1259
2026-10-05,2019-02-13,-92.986
2026-10-05,2019-02-14,-18.8894
2026-10-05,2019-02-15,-213.9879
2026-10-05,2019-02-18,201.1966
2026-10-05,2019-02-19,327.6082
2026-10-05,2019-02-20,-70.1685
2026-10-05,2019-02-21,21.5592
2026-10-05,2019-02-22,-4082.5933
2026-10-05,2019-02-25,1697.3693
2026-10-05,2019-02-26,25.3336
2026-10-05,2019-02-27,-17.8714
2026-10-05,2019-02-28,184.9975
2026-10-05,2019-03-01,16.4413
2026-10-05,2019-03-06,-61.9537
2026-10-05,2019-03-07,-35.9879
2026-10-05,2019-03-08,-652.6593
2026-10-05,2019-03-11,-1061.6761
2026-10-05,2019-03-12,-30.0474
2026-10-05,2019-03-13,-135.5078
2026-10-05,2019-03-14,-157.2369
2026-10-05,2019-03-15,-6.0391
2026-10-05,2019-03-18,-211.2729
2026-10-05,2019-03-19,218.7578
2026-10-05,2019-03-20,224.3904
2026-10-05,2019-03-21,19.139
2026-10-05,2019-03-22,78.6527
2026-10-05,2019-03-25,-120.8059
2026-10-05,2019-03-26,148.464
2026-10-05,2019-03-27,26.238
2026-10-05,2019-03-28,23.3902
2026-10-05,2019-03-29,-722.5893
2026-10-05,2019-04-01,491.0809
2026-10-05,2019-04-03,-45.6087
2026-10-05,2019-04-04,-597.1541
2026-10-05,2019-04-05,655.5227
2026-10-05,2019-04-08,-21.0118
2026-10-05,2019-04-09,29.7897
2026-10-05,2019-04-10,1.0536
2026-10-05,2019-04-11,94.9984
2026-10-05,2019-04-12,593.6196
2026-10-05,2019-04-15,-2455.8298
2026-10-05,2019-04-16,-2602.3893
2026-10-05,2019-04-17,4681.4225
2026-10-05,2019-04-22,-2435.6421
2026-10-05,2019-04-23,-2565.2936
2026-10-05,2019-04-24,1658.5203
2026-10-05,2019-04-25,-1573.2227
2026-10-05,2019-04-26,1793.6008
2026-10-05,2019-04-29,-1678.6994
2026-10-05,2019-04-30,1260.9581
2026-10-05,2019-05-02,-1608.5044
2026-10-05,2019-05-03,2638.5482
2026-10-05,2019-05-06,-2630.5776
2026-10-05,2019-05-07,2825.0843
2026-10-05,2019-05-08,-3155.4452
2026-10-05,2019-05-09,-2951.6471
2026-10-05,2019-05-10,5369.5162
2026-10-05,2019-05-13,-2204.4674
2026-10-05,2019-05-14,2663.8003
2026-10-05,2019-05-15,-2971.7693
2026-10-05,2019-05-16,-2644.6937
2026-10-05,2019-05-17,5179.0077
2026-10-05,2019-05-20,-2538.8497
2026-10-05,2019-05-21,3023.4425
2026-10-05,2019-05-22,-2586.9957
2026-10-05,2019-05-23,-2692.495
2026-10-05,2019-05-24,-23735.4882
2026-10-05,2019-05-27,-146.5506
2026-10-05,2019-05-28,-5333.4589
2026-10-05,2019-05-29,-2650.0713
2026-10-05,2019-05-30,-2558.7941
2026-10-05,2019-05-31,-79943.6894
2026-10-05,2019-06-03,42293.7752
2026-10-05,2019-06-04,-2650.8963
2026-10-05,2019-06-05,69743.4184
2026-10-05,2019-06-06,-5946.8114
2026-10-05,2019-06-07,9629.3747
2026-10-05,2019-06-10,211.0226
2026-10-05,2019-06-11,-2695.2797
2026-10-05,2019-06-12,-2776.3862
2026-10-05,2019-06-13,-3154.5221
2026-10-05,2019-06-14,11256.9763
2026-10-05,2019-06-18,-3033.7593
2026-10-05,2019-06-19,-2025.6013
2026-10-05,2019-06-21,5202.3595
2026-10-05,2019-06-24,-2459.8357
2026-10-05,2019-06-25,2511.8265
2026-10-05,2019-06-26,1541.5582
2026-10-05,2019-06-27,-2802.0734
2026-10-05,2019-06-28,372.7021
2026-10-05,2019-07-01,3032.7343
2026-10-05,2019-07-02,-16.1954
2026-10-05,2019-07-03,-1629.9902
2026-10-05,2019-07-04,2567.4954
2026-10-05,2019-07-05,-5024.5823
2026-10-05,2019-07-10,608.3609
2026-10-05,2019-07-11,3385.7452
2026-10-05,2019-07-12,-493.717
2026-10-05,2019-07-15,307.5769
2026-10-05,2019-07-16,-507.5451
2026-10-05,2019-07-17,198.1972
2026-10-05,2019-07-18,524.9036
2026-10-05,2019-07-19,157.7275
2026-10-05,2019-07-22,-181.7772
2026-10-05,2019-07-23,-174.9464
2026-10-05,2019-07-24,256.6824
2026-10-05,2019-07-25,-83.8171
2026-10-05,2019-07-26,95.1821
2026-10-05,2019-07-29,-30.5009
2026-10-05,2019-07-30,-44.5019
2026-10-05,2019-07-31,33.4349
2026-10-05,2019-08-01,14.5461
2026-10-05,2019-08-02,-1771.4357
2026-10-05,2019-08-05,1533.7364
2026-10-05,2019-08-06,-1233.3021
2026-10-05,2019-08-07,24.7423
2026-10-05,2019-08-08,1351.3378
2026-10-05,2019-08-09,59.3954
2026-10-05,2019-08-12,-852.346
2026-10-05,2019-08-13,180.5936
2026-10-05,2019-08-14,-587.6028
2026-10-05,2019-08-15,1165.6793
2026-10-05,2019-08-16,1465.9686
2026-10-05,2019-08-20,-2392.109
2026-10-05,2019-08-21,480.4753
2026-10-05,2019-08-22,-10.1649
2026-10-05,2019-08-23,-46.1358
2026-10-05,2019-08-26,-229.6172
2026-10-05,2019-08-27,87.2304
2026-10-05,2019-08-28,-33.4522
2026-10-05,2019-08-29,38.4369
2026-10-05,2019-08-30,-37.4549
2026-10-05,2019-09-02,-589.7994
2026-10-05,2019-09-03,1900.5453
2026-10-05,2019-09-04,661.6717
2026-10-05,2019-09-05,-17.8926
2026-10-05,2019-09-06,1495.9011
2026-10-05,2019-09-09,-31.1797
2026-10-05,2019-09-10,154.0829
2026-10-05,2019-09-11,-966.9454
2026-10-05,2019-09-12,-325.7834
2026-10-05,2019-09-13,248.4833
2026-10-05,2019-09-16,-305.9428
2026-10-05,2019-09-17,808.9041
2026-10-05,2019-09-18,-275.663
2026-10-05,2019-09-19,643.6103
2026-10-05,2019-09-20,-23.1115
2026-10-05,2019-09-23,-146.5968
2026-10-05,2019-09-24,-563.1358
2026-10-05,2019-09-25,307.9156
2026-10-05,2019-09-26,278.9999
2026-10-05,2019-09-27,-84747.6006
2026-10-05,2019-09-30,23608.2411
2026-10-05,2019-10-01,9941.4916
2026-10-05,2019-10-02,19844.4981
2026-10-05,2019-10-03,17358.176
2026-10-05,2019-10-04,424.9212
2026-10-05,2019-10-07,-11889.8051
2026-10-05,2019-10-08,1052.2632
2026-10-05,2019-10-09,5064.1104
2026-10-05,2019-10-10,-327.8926
2026-10-05,2019-10-11,10855.5745
2026-10-05,2019-10-15,458.831
2026-10-05,2019-10-16,-6409.4389
2026-10-05,2019-10-17,13244.7916
2026-10-05,2019-10-18,556.1354
2026-10-05,2019-10-21,237.9889
2026-10-05,2019-10-22,-3310.7803
2026-10-05,2019-10-23,-42.781
2026-10-05,2019-10-24,-1904.6022
2026-10-05,2019-10-25,-14996.4211
2026-10-05,2019-10-28,6291.6041
2026-10-05,2019-10-29,-715.0669
2026-10-05,2019-10-30,-3788.5922
2026-10-05,2019-10-31,9539.8413
2026-10-05,2019-11-01,5419.5504
2026-10-05,2019-11-04,-3965.2556
2026-10-05,2019-11-05,-2053.0867
2026-10-05,2019-11-07,1200.8024
2026-10-05,2019-11-08,4595.2041
2026-10-05,2019-11-11,128.6197
2026-10-05,2019-11-12,-80.7281
2026-10-05,2019-11-13,-183.1025
2026-10-05,2019-11-14,116.1879
2026-10-05,2019-11-15,-1350.2544
2026-10-05,2019-11-19,-1251.4551
2026-10-05,2019-11-20,-1150.3082
2026-10-05,2019-11-21,-3947.2263
2026-10-05,2019-11-22,-1415.1102
2026-10-05,2019-11-25,-1241.4375
2026-10-05,2019-11-26,-20387.1259
2026-10-05,2019-11-27,-520.4507
2026-10-05,2019-11-28,17134.4968
2026-10-05,2019-11-29,-7580.8723
2026-10-05,2019-12-02,-67086.2274
2026-10-05,2019-12-03,20468.526
2026-10-05,2019-12-04,4507.6755
2026-10-05,2019-12-05,-15730.2557
2026-10-05,2019-12-06,32713.7297
2026-10-05,2019-12-09,1463.351
2026-10-05,2019-12-10,-112.7782
2026-10-05,2019-12-11,78.5703
2026-10-05,2019-12-12,14027.026
2026-10-05,2019-12-13,5019.8746
2026-10-05,2019-12-16,831.2797
2026-10-05,2019-12-17,17477.15
2026-10-05,2019-12-18,158.7925
2026-10-05,2019-12-19,580.7065
2026-10-05,2019-12-20,-49882.7353
2026-10-05,2019-12-23,10845.5694
2026-10-05,2019-12-26,-331.3738
2026-10-05,2019-12-27,2218.7696
2026-10-05,2019-12-30,9312.7655
2026-10-05,2020-01-02,17323.6587
2026-10-05,2020-01-03,2994.4741
2026-10-05,2020-01-06,-8891.5983
2026-10-05,2020-01-07,2497.1676
2026-10-05,2020-01-08,-244.8452
2026-10-05,2020-01-09,-6053.3588
2026-10-05,2020-01-10,-18.3431
2026-10-05,2020-01-13,-55.0058
2026-10-05,2020-01-14,-280.3956
2026-10-05,2020-01-15,609.6937
2026-10-05,2020-01-16,653.3282
2026-10-05,2020-01-17,271.0903
2026-10-05,2020-01-20,1304.6016
2026-10-05,2020-01-21,49.4267
2026-10-05,2020-01-22,904.2765
2026-10-05,2020-01-23,4196.6282
2026-10-05,2020-01-24,-331.6851
2026-10-05,2020-01-27,314.1943
2026-10-05,2020-01-28,2903.5642
2026-10-05,2020-01-29,-2218.7253
2026-10-05,2020-01-30,-61.8979
2026-10-05,2020-01-31,597.3799
2026-10-05,2020-02-03,5230.2812
2026-10-05,2020-02-04,-80.7061
2026-10-05,2020-02-05,1535.7606
2026-10-05,2020-02-06,65.931
2026-10-05,2020-02-07,-5646.5742
2026-10-05,2020-02-10,4771.6829
2026-10-05,2020-02-11,-156.2821
2026-10-05,2020-02-12,67.1181
2026-10-05,2020-02-13,-9097.8952
2026-10-05,2020-02-14,-965.1451
2026-10-05,2020-02-17,8284.5985
2026-10-05,2020-02-18,472.3967
2026-10-05,2020-02-19,-54.3798
2026-10-05,2020-02-20,-29895.5489
2026-10-05,2020-02-21,17.6426
2026-10-05,2020-02-26,19601.0256
2026-10-05,2020-02-27,-788.0535
2026-10-05,2020-02-28,10442.6993
2026-10-05,2020-03-02,-45429.4412
2026-10-05,2020-03-03,8272.1055
2026-10-05,2020-03-04,-38435.3574
2026-10-05,2020-03-05,104.7164
2026-10-05,2020-03-06,15899.3346
2026-10-05,2020-03-09,12122.1843
2026-10-05,2020-03-10,-59.3443
2026-10-05,2020-03-11,17147.6835
2026-10-05,2020-03-12,158.9809
2026-10-05,2020-03-13,2736.9057
2026-10-05,2020-03-16,464.7871
2026-10-05,2020-03-17,260.7162
2026-10-05,2020-03-18,8670.7638
2026-10-05,2020-03-19,-28795.8005
2026-10-05,2020-03-20,-289.5605
2026-10-05,2020-03-25,43837.971
2026-10-05,2020-03-26,148.1697
2026-10-05,2020-03-27,-20109.087
2026-10-05,2020-03-30,6178.6294
2026-10-05,2020-04-01,-8034.975
2026-10-05,2020-04-02,-137.6676
2026-10-05,2020-04-03,-704.2954
2026-10-05,2020-04-06,1572.8536
2026-10-05,2020-04-07,-987.9092
2026-10-05,2020-04-08,-852.4893
2026-10-05,2020-04-13,-3494.2723
2026-10-05,2020-04-14,-68455.3809
2026-10-05,2020-04-15,12065.5221
2026-10-05,2020-04-16,-12538.9002
2026-10-05,2020-04-17,4795.441
2026-10-05,2020-04-20,274.655
2026-10-05,2020-04-21,10603.5457
2026-10-05,2020-04-22,31333.0908
2026-10-05,2020-04-23,-1052.0693
2026-10-05,2020-04-24,1827.5212
2026-10-05,2020-04-27,32667.3337
2026-10-05,2020-04-28,-82204.6986
2026-10-05,2020-04-29,-943.7183
2026-10-05,2020-04-30,46119.332
2026-10-05,2020-05-04,30837.2914
2026-10-05,2020-05-05,-52314.5851
2026-10-05,2020-05-06,-4954.4652
2026-10-05,2020-05-07,-396.2917
2026-10-05,2020-05-08,-9421.1517
2026-10-05,2020-05-11,60827.1188
2026-10-05,2020-05-12,-179593.1775
2026-10-05,2020-05-13,54758.4173
2026-10-05,2020-05-14,1873.5571
2026-10-05,2020-05-15,-3549.7626
2026-10-05,2020-05-18,5357.34
2026-10-05,2020-05-19,8257.468
2026-10-05,2020-05-20,56257.6847
2026-10-05,2020-05-21,-54602.3501
2026-10-05,2020-05-22,-1739.8958
2026-10-05,2020-05-26,-1143.1627
2026-10-05,2020-05-27,6127.4917
2026-10-05,2020-05-28,68397.3722
2026-10-05,2020-05-29,-135809.2863
2026-10-05,2020-06-01,-3798.9517
2026-10-05,2020-06-02,2683.3748
2026-10-05,2020-06-03,50420.0764
2026-10-05,2020-06-04,-2088.4753
2026-10-05,2020-06-05,-3122.4585
2026-10-05,2020-06-08,68005.6121
2026-10-05,2020-06-09,546.9511
2026-10-05,2020-06-10,36405.9615
2026-10-05,2020-06-11,1758.3326
2026-10-05,2020-06-12,-79028.9884
2026-10-05,2020-06-16,-15794.8234
2026-10-05,2020-06-17,5295.2437
2026-10-05,2020-06-18,14100.3598
2026-10-05,2020-06-19,-69555.2165
2026-10-05,2020-06-22,49020.344
2026-10-05,2020-06-23,2289.6591
2026-10-05,2020-06-24,-266.7345
2026-10-05,2020-06-25,112.2392
2026-10-05,2020-06-26,561.6201
2026-10-05,2020-06-29,63702.2516
2026-10-05,2020-06-30,-16549.4809
2026-10-05,2020-07-01,-11360.2157
2026-10-05,2020-07-02,59951.8712
2026-10-05,2020-07-03,-96500.5707
2026-10-05,2020-07-06,1411.7981
2026-10-05,2020-07-07,58525.3113
2026-10-05,2020-07-08,5781.1843
2026-10-05,2020-07-13,9016.4256
2026-10-05,2020-07-14,26.2716
2026-10-05,2020-07-15,493.0414
2026-10-05,2020-07-16,-792.7551
2026-10-05,2020-07-17,338.9711
2026-10-05,2020-07-20,1604.4264
2026-10-05,2020-07-21,8850.678
2026-10-05,2020-07-22,2828.3746
2026-10-05,2020-07-23,-59.9996
2026-10-05,2020-07-24,-69954.2712
2026-10-05,2020-07-27,46.0863
2026-10-05,2020-07-28,3341.6462
2026-10-05,2020-07-29,55603.5676
2026-10-05,2020-07-30,460.5872
2026-10-05,2020-07-31,-78376.203
2026-10-05,2020-08-03,-1481.1008
2026-10-05,2020-08-04,54440.7898
2026-10-05,2020-08-05,2333.6496
2026-10-05,2020-08-06,26708.4786
2026-10-05,2020-08-07,-39663.1465
2026-10-05,2020-08-10,41237.6022
2026-10-05,2020-08-11,469.0403
2026-10-05,2020-08-12,-61.0202
2026-10-05,2020-08-13,-56542.8632
2026-10-05,2020-08-14,10182.1014
2026-10-05,2020-08-18,40109.5712
2026-10-05,2020-08-19,669.0827
2026-10-05,2020-08-20,329.4235
2026-10-05,2020-08-21,8912.761
2026-10-05,2020-08-24,-81.6401
2026-10-05,2020-08-25,-1040.8509
2026-10-05,2020-08-26,930.083
2026-10-05,2020-08-27,9643.9955
2026-10-05,2020-08-28,-34723.4454
2026-10-05,2020-08-31,-1253.1037
2026-10-05,2020-09-01,95.3853
2026-10-05,2020-09-02,69788.8208
2026-10-05,2020-09-03,760.7576
2026-10-05,2020-09-04,4543.8991
2026-10-05,2020-09-07,-12.3224
2026-10-05,2020-09-08,33.8692
2026-10-05,2020-09-09,301.4297
2026-10-05,2020-09-10,-54.5313
2026-10-05,2020-09-11,-54525.8542
2026-10-05,2020-09-14,39425.503
2026-10-05,2020-09-15,5795.0182
2026-10-05,2020-09-16,153.9597
2026-10-05,2020-09-17,9440.8407
2026-10-05,2020-09-18,-59475.5697
2026-10-05,2020-09-21,39799.7379
2026-10-05,2020-09-22,-116.0795
2026-10-05,2020-09-23,3261.8968
2026-10-05,2020-09-24,161.014
2026-10-05,2020-09-25,-79853.8405
2026-10-05,2020-09-28,3405.232
2026-10-05,2020-09-29,12149.9838
2026-10-05,2020-09-30,35992.0776
2026-10-05,2020-10-01,84.2214
2026-10-05,2020-10-02,-29979.6519
2026-10-05,2020-10-05,10749.52
2026-10-05,2020-10-06,28845.02
2026-10-05,2020-10-07,-57.401
2026-10-05,2020-10-08,-85995.8134
2026-10-05,2020-10-09,1039.3542
2026-10-05,2020-10-13,7217.4493
2026-10-05,2020-10-14,98.7433
2026-10-05,2020-10-15,11329.3064
2026-10-05,2020-10-16,6778.8591
2026-10-05,2020-10-19,14157.1229
2026-10-05,2020-10-20,9593.3138
2026-10-05,2020-10-21,-7.5072
2026-10-05,2020-10-22,36.5321
2026-10-05,2020-10-23,16393.9339
2026-10-05,2020-10-26,4251.1179
2026-10-05,2020-10-27,1710.5315
2026-10-05,2020-10-28,48186.4841
2026-10-05,2020-10-29,-151475.0483
2026-10-05,2020-10-30,101267.4477
2026-10-05,2020-11-02,725.717
2026-10-05,2020-11-03,-136.8369
2026-10-05,2020-11-04,29196.2181
2026-10-05,2020-11-05,-5457.889
2026-10-05,2020-11-09,3357.9422
2026-10-05,2020-11-10,-1478.341
2026-10-05,2020-11-11,-144.2987
2026-10-05,2020-11-12,491.4421
2026-10-05,2020-11-13,-9740.3272
2026-10-05,2020-11-16,22540.0889
2026-10-05,2020-11-17,498.0639
2026-10-05,2020-11-18,4949.227
2026-10-05,2020-11-19,3572.0114
2026-10-05,2020-11-20,-29830.3852
2026-10-05,2020-11-24,-38096.8485
2026-10-05,2020-11-25,1791.7227
2026-10-05,2020-11-26,126.7158
2026-10-05,2020-11-27,-84974.6788
2026-10-05,2020-11-30,15372.5111
2026-10-05,2020-12-01,61199.0507
2026-10-05,2020-12-02,-1692.7044
2026-10-05,2020-12-03,544.7855
2026-10-05,2020-12-04,-57513.6663
2026-10-05,2020-12-09,99721.9618
2026-10-05,2020-12-10,438.8539
2026-10-05,2020-12-11,-85454.9797
2026-10-05,2020-12-14,-537.7041
2026-10-05,2020-12-15,1855.1524
2026-10-05,2020-12-16,-192.5538
2026-10-05,2020-12-17,-963.1664
2026-10-05,2020-12-18,53113.4669
2026-10-05,2020-12-21,634.6877
2026-10-05,2020-12-22,23227.1113
2026-10-05,2020-12-23,106.0209
2026-10-05,2020-12-28,4500.3852
2026-10-05,2020-12-29,-691.7575
2026-10-05,2020-12-30,14721.7027
2026-10-05,2021-01-04,9307.6696
2026-10-05,2021-01-05,-669.616
2026-10-05,2021-01-06,-1311.358
2026-10-05,2021-01-07,-476.6015
2026-10-05,2021-01-08,1256.2282
2026-10-05,2021-01-11,-555.0086
2026-10-05,2021-01-12,1138.147
2026-10-05,2021-01-13,-459.6084
2026-10-05,2021-01-14,980.8277
2026-10-05,2021-01-15,-1076.0399
2026-10-05,2021-01-18,-55380.8727
2026-10-05,2021-01-19,506.8381
2026-10-05,2021-01-20,-137.0176
2026-10-05,2021-01-21,474.1928
2026-10-05,2021-01-22,3135.1504
2026-10-05,2021-01-25,-1512.2615
2026-10-05,2021-01-26,950.8829
2026-10-05,2021-01-27,416.6681
2026-10-05,2021-01-28,5106.9779
2026-10-05,2021-01-29,-14618.5664
2026-10-05,2021-02-01,30774.1227
2026-10-05,2021-02-02,-610.4704
2026-10-05,2021-02-03,-244.2895
2026-10-05,2021-02-04,283.0316
2026-10-05,2021-02-05,-76856.7371
2026-10-05,2021-02-08,38551.4021
2026-10-05,2021-02-09,4137.4774
2026-10-05,2021-02-10,505.0451
2026-10-05,2021-02-11,87.3465
2026-10-05,2021-02-12,-629.7891
2026-10-05,2021-02-17,529.1677
2026-10-05,2021-02-18,-668.2865
2026-10-05,2021-02-19,1224.528
2026-10-05,2021-02-22,40750.1607
2026-10-05,2021-02-23,-171.8135
2026-10-05,2021-02-24,292.9163
2026-10-05,2021-02-25,-197.4779
2026-10-05,2021-02-26,-14314.4081
2026-10-05,2021-03-01,8365.0507
2026-10-05,2021-03-02,-9999.5341
2026-10-05,2021-03-03,30045.4605
2026-10-05,2021-03-04,44.5946
2026-10-05,2021-03-05,-70856.2383
2026-10-05,2021-03-08,-3869.4427
2026-10-05,2021-03-09,1302.875
2026-10-05,2021-03-10,60913.8888
2026-10-05,2021-03-11,903.1693
2026-10-05,2021-03-12,16736.5113
2026-10-05,2021-03-15,927.6121
2026-10-05,2021-03-16,-1052.6946
2026-10-05,2021-03-17,1406.8169
2026-10-05,2021-03-18,-74334.0844
2026-10-05,2021-03-19,70.6827
2026-10-05,2021-03-22,2137.0254
2026-10-05,2021-03-23,13948.5699
2026-10-05,2021-03-25,33537.3175
2026-10-05,2021-03-26,77.8455
2026-10-05,2021-03-29,4595.5903
2026-10-05,2021-03-30,207.626
2026-10-05,2021-03-31,8404.437
2026-10-05,2021-04-05,13285.7033
2026-10-05,2021-04-06,-277.7456
2026-10-05,2021-04-07,179.6016
2026-10-05,2021-04-08,58.9415
2026-10-05,2021-04-09,-56.3452
2026-10-05,2021-04-12,175.2273
2026-10-05,2021-04-13,-415.7882
2026-10-05,2021-04-14,-1812.9934
2026-10-05,2021-04-15,1070.2517
2026-10-05,2021-04-16,-39063.8703
2026-10-05,2021-04-19,35239.9826
2026-10-05,2021-04-20,139.4322
2026-10-05,2021-04-21,489.2277
2026-10-05,2021-04-22,-54913.9763
2026-10-05,2021-04-23,-123189.6934
2026-10-05,2021-04-26,8306.9949
2026-10-05,2021-04-27,1966.0454
2026-10-05,2021-04-28,59029.1421
2026-10-05,2021-04-29,80.4205
2026-10-05,2021-04-30,49326.1732
2026-10-05,2021-05-03,40199.1896
2026-10-05,2021-05-04,634.9824
2026-10-05,2021-05-05,2776.2023
2026-10-05,2021-05-06,11009.3849
2026-10-05,2021-05-07,-53260.4419
2026-10-05,2021-05-10,13925.0063
2026-10-05,2021-05-11,531.0383
2026-10-05,2021-05-12,283.4103
2026-10-05,2021-05-13,5236.0546
2026-10-05,2021-05-14,21614.1548
2026-10-05,2021-05-17,-15.6462
2026-10-05,2021-05-18,-285.3535
2026-10-05,2021-05-19,4275.282
2026-10-05,2021-05-20,159.4511
2026-10-05,2021-05-21,5918.5358
2026-10-05,2021-05-26,922.4088
2026-10-05,2021-05-27,-4105.4505
2026-10-05,2021-05-28,-63097.2095
2026-10-05,2021-05-31,6161.0318
2026-10-05,2021-06-01,1628.4261
2026-10-05,2021-06-02,-605.3921
2026-10-05,2021-06-03,-183.9669
2026-10-05,2021-06-04,-4204.1601
2026-10-05,2021-06-07,-7003.2434
2026-10-05,2021-06-08,10914.1085
2026-10-05,2021-06-09,63702.3692
2026-10-05,2021-06-10,962.5234
2026-10-05,2021-06-11,-160530.0136
2026-10-05,2021-06-14,17450.2313
2026-10-05,2021-06-15,1880.53
2026-10-05,2021-06-16,236.1397
2026-10-05,2021-06-17,-7822.9111
2026-10-05,2021-06-18,-15793.837
2026-10-05,2021-06-22,2137.0665
2026-10-05,2021-06-23,1407.494
2026-10-05,2021-06-24,1552.3857
2026-10-05,2021-06-25,-38251.6517
2026-10-05,2021-06-28,4961.3025
2026-10-05,2021-06-29,40455.4288
2026-10-05,2021-06-30,65768.0664
2026-10-05,2021-07-01,4856.3556
2026-10-05,2021-07-02,-2354.2593
2026-10-05,2021-07-05,7811.522
2026-10-05,2021-07-06,-3863.3034
2026-10-05,2021-07-07,14552.9406
2026-10-05,2021-07-08,-46612.4161
2026-10-05,2021-07-12,30939.9145
2026-10-05,2021-07-13,736.7049
2026-10-05,2021-07-14,686.1047
2026-10-05,2021-07-15,-25388.9113
2026-10-05,2021-07-16,396.8376
2026-10-05,2021-07-19,1327.9086
2026-10-05,2021-07-20,820.7249
2026-10-05,2021-07-21,1848.855
2026-10-05,2021-07-22,-7860.0374
2026-10-05,2021-07-23,1155.2907
2026-10-05,2021-07-26,52756.7332
2026-10-05,2021-07-27,1880.4622
2026-10-05,2021-07-28,-42.7015
2026-10-05,2021-07-29,122.9274
2026-10-05,2021-07-30,11334.6478
2026-10-05,2021-08-02,40587.6517
2026-10-05,2021-08-03,-2021.9735
2026-10-05,2021-08-04,-10033.5235
2026-10-05,2021-08-05,-44217.5339
2026-10-05,2021-08-06,51061.0123
2026-10-05,2021-08-09,6232.5674
2026-10-05,2021-08-10,871.7886
2026-10-05,2021-08-11,-2701.6824
2026-10-05,2021-08-12,430.7701
2026-10-05,2021-08-13,2907.2539
2026-10-05,2021-08-17,-2601.7722
2026-10-05,2021-08-18,1733.9827
2026-10-05,2021-08-19,-6862.7156
2026-10-05,2021-08-20,-94462.2965
2026-10-05,2021-08-23,70050.3781
2026-10-05,2021-08-24,1672.2897
2026-10-05,2021-08-25,1050.5329
2026-10-05,2021-08-26,771.9849
2026-10-05,2021-08-27,1106.9033
2026-10-05,2021-08-30,1824.0863
2026-10-05,2021-08-31,19364.6833
2026-10-05,2021-09-01,-237.7198
2026-10-05,2021-09-02,6666.3018
2026-10-05,2021-09-03,-2149.9856
2026-10-05,2021-09-06,-7200.4422
2026-10-05,2021-09-07,9215.1318
2026-10-05,2021-09-08,282.1754
2026-10-05,2021-09-09,1052.8352
2026-10-05,2021-09-10,-1077.6194
2026-10-05,2021-09-13,-7318.1627
2026-10-05,2021-09-14,817.7707
2026-10-05,2021-09-15,585.3303
2026-10-05,2021-09-16,-6488.0167
2026-10-05,2021-09-17,1707.3183
2026-10-05,2021-09-20,-442851.866
2026-10-05,2021-09-21,1493.2472
2026-10-05,2021-09-22,925.1007
2026-10-05,2021-09-23,428491.4605
2026-10-05,2021-09-24,1131.1946
2026-10-05,2021-09-27,8286.6696
2026-10-05,2021-09-28,9730.875
2026-10-05,2021-09-29,-1320.8452
2026-10-05,2021-09-30,-19282.9871
2026-10-05,2021-10-01,-149905.964
2026-10-05,2021-10-04,162927.7893
2026-10-05,2021-10-05,-3599.7259
2026-10-05,2021-10-06,163.208
2026-10-05,2021-10-07,-33304.3598
2026-10-05,2021-10-12,21796.9299
2026-10-05,2021-10-13,-16906.9995
2026-10-05,2021-10-14,18343.0095
2026-10-05,2021-10-15,923.1614
2026-10-05,2021-10-18,-40017.194
2026-10-05,2021-10-19,-4122.6558
2026-10-05,2021-10-20,1053.3666
2026-10-05,2021-10-21,1261.5248
2026-10-05,2021-10-22,-93894.6558
2026-10-05,2021-10-25,902.3626
2026-10-05,2021-10-26,1504.1336
2026-10-05,2021-10-27,2570.4748
2026-10-05,2021-10-28,94889.0404
2026-10-05,2021-10-29,-57021.2319
2026-10-05,2021-11-01,-2350.3146
2026-10-05,2021-11-02,-4937.1827
2026-10-05,2021-11-03,96677.1107
2026-10-05,2021-11-04,84.9777
2026-10-05,2021-11-05,-49000.0594
2026-10-05,2021-11-08,-79886.0454
2026-10-05,2021-11-09,10768.7831
2026-10-05,2021-11-10,52538.5155
2026-10-05,2021-11-11,1506.9897
2026-10-05,2021-11-12,2618.6803
2026-10-05,2021-11-15,52194.4073
2026-10-05,2021-11-16,-3.7142
2026-10-05,2021-11-17,2343.0262
2026-10-05,2021-11-18,39.3393
2026-10-05,2021-11-19,7.9299
2026-10-05,2021-11-23,-88453.4426
2026-10-05,2021-11-24,-82179.5483
2026-10-05,2021-11-25,2517.6424
2026-10-05,2021-11-26,80169.3912
2026-10-05,2021-11-29,4732.49
2026-10-05,2021-11-30,4772.656
2026-10-05,2021-12-01,44.7124
2026-10-05,2021-12-02,-39.8361
2026-10-05,2021-12-03,79898.1201
2026-10-05,2021-12-06,-119816.9682
2026-10-05,2021-12-07,123136.694
2026-10-05,2021-12-09,20.162
2026-10-05,2021-12-10,-129613.8
2026-10-05,2021-12-13,-310.8396
2026-10-05,2021-12-14,573.6888
2026-10-05,2021-12-15,-106062.2488
2026-10-05,2021-12-16,130975.7907
2026-10-05,2021-12-17,5729.6837
2026-10-05,2021-12-20,96171.2247
2026-10-05,2021-12-21,-425.9014
2026-10-05,2021-12-22,282.3713
2026-10-05,2021-12-23,8506.566
2026-10-05,2021-12-27,-8.282
2026-10-05,2021-12-28,91.9327
2026-10-05,2021-12-29,412.3421
2026-10-05,2021-12-30,-6051.9332
2026-10-05,2022-01-03,-66090.2364
2026-10-05,2022-01-04,3786.5026
2026-10-05,2022-01-05,1120.9244
2026-10-05,2022-01-06,-39.7023
2026-10-05,2022-01-07,-21.0477
2026-10-05,2022-01-10,9024.6493
2026-10-05,2022-01-11,604.5273
2026-10-05,2022-01-12,-663.6567
2026-10-05,2022-01-13,336.8957
2026-10-05,2022-01-14,-65418.9587
2026-10-05,2022-01-17,1621.0138
2026-10-05,2022-01-18,450.8474
2026-10-05,2022-01-19,-236.8367
2026-10-05,2022-01-20,1881.5563
2026-10-05,2022-01-21,97.779
2026-10-05,2022-01-24,-206.5167
2026-10-05,2022-01-25,-262.668
2026-10-05,2022-01-26,1307.6752
2026-10-05,2022-01-27,220.6868
2026-10-05,2022-01-28,200.072
2026-10-05,2022-01-31,-70813.8796
2026-10-05,2022-02-01,107.8548
2026-10-05,2022-02-02,865.3336
2026-10-05,2022-02-03,-88.4872
2026-10-05,2022-02-04,819.8325
2026-10-05,2022-02-07,9350.6925
2026-10-05,2022-02-08,105.1177
2026-10-05,2022-02-09,199.667
2026-10-05,2022-02-10,-103.121
2026-10-05,2022-02-11,57.0739
2026-10-05,2022-02-14,-98395.6438
2026-10-05,2022-02-15,50390.3815
2026-10-05,2022-02-16,40.3559
2026-10-05,2022-02-17,-2503.4796
2026-10-05,2022-02-18,4089.2824
2026-10-05,2022-02-21,-750.9433
2026-10-05,2022-02-22,3106.707
2026-10-05,2022-02-23,893.6521
2026-10-05,2022-02-24,-562.2562
2026-10-05,2022-02-25,40321.3308
2026-10-05,2022-03-02,-101080.0614
2026-10-05,2022-03-03,465.0629
2026-10-05,2022-03-04,146.4214
2026-10-05,2022-03-07,2265.1659
2026-10-05,2022-03-08,216.0853
2026-10-05,2022-03-09,-265.9711
2026-10-05,2022-03-10,283.1088
2026-10-05,2022-03-11,99552.9803
2026-10-05,2022-03-14,3.7856
2026-10-05,2022-03-15,12090.4837
2026-10-05,2022-03-16,-1898.8487
2026-10-05,2022-03-17,2251.5772
2026-10-05,2022-03-18,-157834.4546
2026-10-05,2022-03-21,5162.72
2026-10-05,2022-03-22,1436.6095
2026-10-05,2022-03-23,316.79
2026-10-05,2022-03-25,17127.5682
2026-10-05,2022-03-28,341.5323
2026-10-05,2022-03-29,-18.9
2026-10-05,2022-03-30,40232.1155
2026-10-05,2022-03-31,-131190.8354
2026-10-05,2022-04-01,6851.9347
2026-10-05,2022-04-04,179873.4062
2026-10-05,2022-04-05,1355.8658
2026-10-05,2022-04-06,118.9407
2026-10-05,2022-04-07,69748.8181
2026-10-05,2022-04-08,5095.6058
2026-10-05,2022-04-11,435.0492
2026-10-05,2022-04-12,3419.5114
2026-10-05,2022-04-13,9750.5154
2026-10-05,2022-04-18,-22073.568
2026-10-05,2022-04-19,-1847.9456
2026-10-05,2022-04-20,71523.8569
2026-10-05,2022-04-21,484.7808
2026-10-05,2022-04-22,-274.6464
2026-10-05,2022-04-25,89.6819
2026-10-05,2022-04-26,304.8313
2026-10-05,2022-04-27,3137.8593
2026-10-05,2022-04-28,65382.748
2026-10-05,2022-04-29,-82547.1086
2026-10-05,2022-05-02,7979.8888
2026-10-05,2022-05-03,71025.3391
2026-10-05,2022-05-04,-13.8259
2026-10-05,2022-05-05,-138.0558
2026-10-05,2022-05-06,2365.3048
2026-10-05,2022-05-09,2488.1729
2026-10-05,2022-05-10,9.8021
2026-10-05,2022-05-11,-19.509
2026-10-05,2022-05-12,-230.4414
2026-10-05,2022-05-13,12763.3476
2026-10-05,2022-05-16,-528.6088
2026-10-05,2022-05-17,-2479.7989
2026-10-05,2022-05-19,5438.5433
2026-10-05,2022-05-20,44.6452
2026-10-05,2022-05-23,-86288.2289
2026-10-05,2022-05-24,4820.7565
2026-10-05,2022-05-26,-171.2301
2026-10-05,2022-05-27,75765.9659
2026-10-05,2022-05-30,8313.3318
2026-10-05,2022-05-31,-15677.1722
2026-10-05,2022-06-01,6170.4579
2026-10-05,2022-06-02,110.7506
2026-10-05,2022-06-03,-124114.1918
2026-10-05,2022-06-06,124341.4366
2026-10-05,2022-06-07,-482.6713
2026-10-05,2022-06-08,-1991.669
2026-10-05,2022-06-09,3064.122
2026-10-05,2022-06-10,1542.0307
2026-10-05,2022-06-13,-1592.9995
2026-10-05,2022-06-14,-12.9123
2026-10-05,2022-06-15,-325.7299
2026-10-05,2022-06-16,-43112.323
2026-10-05,2022-06-21,1126.56
2026-10-05,2022-06-22,44104.8204
2026-10-05,2022-06-23,3347.6041
2026-10-05,2022-06-24,-100.2473
2026-10-05,2022-06-27,822.8368
2026-10-05,2022-06-28,-291.7952
2026-10-05,2022-06-29,637.4338
2026-10-05,2022-06-30,-41373.5725
2026-10-05,2022-07-01,56.9953
2026-10-05,2022-07-04,4265.9417
2026-10-05,2022-07-05,1460.6021
2026-10-05,2022-07-06,11.1008
2026-10-05,2022-07-07,761.6064
2026-10-05,2022-07-08,-718.3927
2026-10-05,2022-07-11,57.189
2026-10-05,2022-07-12,-158.3776
2026-10-05,2022-07-13,-676.6916
2026-10-05,2022-07-14,-2676.821
2026-10-05,2022-07-15,-167854.2093
2026-10-05,2022-07-18,-593.7665
2026-10-05,2022-07-19,1448.4317
2026-10-05,2022-07-20,9712.8678
2026-10-05,2022-07-21,357.8425
2026-10-05,2022-07-22,107.6653
2026-10-05,2022-07-25,-16.2
2026-10-05,2022-07-26,15388.9899
2026-10-05,2022-07-27,207.8887
2026-10-05,2022-07-28,289.1952
2026-10-05,2022-07-29,-253673.7816
2026-10-05,2022-08-01,8240.9498
2026-10-05,2022-08-02,80919.9873
2026-10-05,2022-08-03,59877.7775
2026-10-05,2022-08-04,248.2408
2026-10-05,2022-08-05,-305.0386
2026-10-05,2022-08-08,95519.4039
2026-10-05,2022-08-09,-186.5713
2026-10-05,2022-08-10,371.5121
2026-10-05,2022-08-11,16310.622
2026-10-05,2022-08-12,-16749.8647
2026-10-05,2022-08-16,-45979.0163
2026-10-05,2022-08-17,310.4166
2026-10-05,2022-08-18,337.6695
2026-10-05,2022-08-19,2477.686
2026-10-05,2022-08-22,10566.2108
2026-10-05,2022-08-23,93.7152
2026-10-05,2022-08-24,187.5938
2026-10-05,2022-08-25,-149.1061
2026-10-05,2022-08-26,4.3056
2026-10-05,2022-08-29,-182.192
2026-10-05,2022-08-30,124.1569
2026-10-05,2022-08-31,-237783.2987
2026-10-05,2022-09-01,449.671
2026-10-05,2022-09-05,80058.8318
2026-10-05,2022-09-06,3196.4642
2026-10-05,2022-09-07,622.7378
2026-10-05,2022-09-08,122414.5075
2026-10-05,2022-09-09,-2039.6473
2026-10-05,2022-09-12,1697.7387
2026-10-05,2022-09-13,-638.7174
2026-10-05,2022-09-14,-211.7603
2026-10-05,2022-09-15,-703.1647
2026-10-05,2022-09-16,50567.9157
2026-10-05,2022-09-19,1169.2017
2026-10-05,2022-09-20,-95513.0514
2026-10-05,2022-09-21,434.7835
2026-10-05,2022-09-22,710.3773
2026-10-05,2022-09-23,-38.3996
2026-10-05,2022-09-26,12105.4496
2026-10-05,2022-09-27,548.0813
2026-10-05,2022-09-28,-1575.2939
2026-10-05,2022-09-29,1870.1125
2026-10-05,2022-09-30,-214755.3043
2026-10-05,2022-10-03,11932.394
2026-10-05,2022-10-04,191523.6745
2026-10-05,2022-10-05,2941.8282
2026-10-05,2022-10-06,89.6934
2026-10-05,2022-10-11,-321.0252
2026-10-05,2022-10-12,245.7709
2026-10-05,2022-10-13,-202.79
2026-10-05,2022-10-14,-1216.69
2026-10-05,2022-10-17,29138.1333
2026-10-05,2022-10-18,381.0658
2026-10-05,2022-10-19,3151.7075
2026-10-05,2022-10-20,-2399.0647
2026-10-05,2022-10-21,-40395.8744
2026-10-05,2022-10-24,60.4239
2026-10-05,2022-10-25,-25.4294
2026-10-05,2022-10-26,7.5785
2026-10-05,2022-10-27,4302.2111
2026-10-05,2022-10-28,218.1829
2026-10-05,2022-10-31,-28683.1363
2026-10-05,2022-11-01,1062.6127
2026-10-05,2022-11-02,-74.0107
2026-10-05,2022-11-03,-123.8657
2026-10-05,2022-11-04,69995.0532
2026-10-05,2022-11-07,15659.8652
2026-10-05,2022-11-08,-15.6743
2026-10-05,2022-11-09,-45526.8236
2026-10-05,2022-11-10,80714.3822
2026-10-05,2022-11-11,-93.6423
2026-10-05,2022-11-14,-38.1533
2026-10-05,2022-11-15,36.3082
2026-10-05,2022-11-16,369.7158
2026-10-05,2022-11-17,62169.0099
2026-10-05,2022-11-18,258.846
2026-10-05,2022-11-22,2887.2408
2026-10-05,2022-11-23,-6411.0336
2026-10-05,2022-11-24,27.1447
2026-10-05,2022-11-25,2.69
2026-10-05,2022-11-28,16.6145
2026-10-05,2022-11-29,23.6173
2026-10-05,2022-11-30,35240.7106
2026-10-05,2022-12-01,-17.6336
2026-10-05,2022-12-02,50093.6177
2026-10-05,2022-12-05,-290.5698
2026-10-05,2022-12-06,-199690.9575
2026-10-05,2022-12-07,204090.8862
2026-10-05,2022-12-12,-630.953
2026-10-05,2022-12-13,-591.5079
2026-10-05,2022-12-14,705.1764
2026-10-05,2022-12-15,274.8501
2026-10-05,2022-12-16,-269167.8091
2026-10-05,2022-12-19,221.7551
2026-10-05,2022-12-20,150016.53
2026-10-05,2022-12-21,309.5111
2026-10-05,2022-12-22,-1697.1539
2026-10-05,2022-12-23,1622.5853
2026-10-05,2022-12-26,-29.9069
2026-10-05,2022-12-27,-91.7878
2026-10-05,2022-12-28,589.375
2026-10-05,2022-12-29,60847.8114
2026-10-05,2022-12-30,-282583.4267
2026-10-05,2023-01-02,34464.3165
2026-10-05,2023-01-03,-85.0821
2026-10-05,2023-01-04,91.4765
2026-10-05,2023-01-05,3579.8712
2026-10-05,2023-01-06,115067.5289
2026-10-05,2023-01-09,202.2796
2026-10-05,2023-01-10,-122.1978
2026-10-05,2023-01-11,919.1535
2026-10-05,2023-01-12,206.8957
2026-10-05,2023-01-13,-610.6215
2026-10-05,2023-01-16,-203.8522
2026-10-05,2023-01-17,495.3923
2026-10-05,2023-01-18,1106.5906
2026-10-05,2023-01-19,2261.0534
2026-10-05,2023-01-20,-135349.0439
2026-10-05,2023-01-23,-61.2787
2026-10-05,2023-01-24,-1175.8533
2026-10-05,2023-01-25,7958.7674
2026-10-05,2023-01-26,66116.7333
2026-10-05,2023-01-27,-116.4703
2026-10-05,2023-01-30,51.6158
2026-10-05,2023-01-31,-139776.8709
2026-10-05,2023-02-01,31.6602
2026-10-05,2023-02-02,120021.0924
2026-10-05,2023-02-03,10882.4813
2026-10-05,2023-02-06,8018.9804
2026-10-05,2023-02-07,449.1784
2026-10-05,2023-02-08,80059.0522
2026-10-05,2023-02-09,9791.5101
2026-10-05,2023-02-10,122.1658
2026-10-05,2023-02-13,9250.63
2026-10-05,2023-02-14,38357.7631
2026-10-05,2023-02-15,24906.3542
2026-10-05,2023-02-16,585.6038
2026-10-05,2023-02-17,-134370.4623
2026-10-05,2023-02-22,85675.051
2026-10-05,2023-02-23,24187.0903
2026-10-05,2023-02-24,199.1747
2026-10-05,2023-02-27,51.513
2026-10-05,2023-02-28,-86512.2132
2026-10-05,2023-03-01,7373.0934
2026-10-05,2023-03-02,139952.1256
2026-10-05,2023-03-03,9.5563
2026-10-05,2023-03-06,22948.7322
2026-10-05,2023-03-07,175.9267
2026-10-05,2023-03-08,-437.8676
2026-10-05,2023-03-09,2945.0598
2026-10-05,2023-03-10,-35.3788
2026-10-05,2023-03-13,-1545.5716
2026-10-05,2023-03-14,2812.3009
2026-10-05,2023-03-15,-2077.1897
2026-10-05,2023-03-16,2128.3772
2026-10-05,2023-03-17,-128951.6155
2026-10-05,2023-03-20,470.3242
2026-10-05,2023-03-21,41.3886
2026-10-05,2023-03-22,130992.3591
2026-10-05,2023-03-23,3502.6249
2026-10-05,2023-03-27,-78267.7512
2026-10-05,2023-03-28,2002.1764
2026-10-05,2023-03-29,22.5355
2026-10-05,2023-03-30,-324.0971
2026-10-05,2023-03-31,-17148.2621
2026-10-05,2023-04-03,121.3641
2026-10-05,2023-04-04,-31.4766
2026-10-05,2023-04-05,95451.4027
2026-10-05,2023-04-10,1151.983
2026-10-05,2023-04-11,-84.3372
2026-10-05,2023-04-12,1380.2449
2026-10-05,2023-04-13,-1229.8257
2026-10-05,2023-04-14,1513.7784
2026-10-05,2023-04-17,3723.6747
2026-10-05,2023-04-18,2447.641
2026-10-05,2023-04-19,2416.8589
2026-10-05,2023-04-20,-249.2288
2026-10-05,2023-04-21,-192964.432
2026-10-05,2023-04-24,-236.9936
2026-10-05,2023-04-25,122.6356
2026-10-05,2023-04-26,180599.9438
2026-10-05,2023-04-27,5950.5618
2026-10-05,2023-04-28,-201920.0032
2026-10-05,2023-05-02,191186.6488
2026-10-05,2023-05-03,136.8916
2026-10-05,2023-05-04,-39771.729
2026-10-05,2023-05-05,39917.2298
2026-10-05,2023-05-08,4287.9018
2026-10-05,2023-05-09,-138010.6619
2026-10-05,2023-05-10,99892.0286
2026-10-05,2023-05-11,-150561.0268
2026-10-05,2023-05-12,151836.9359
2026-10-05,2023-05-15,47331.1672
2026-10-05,2023-05-16,-1130.2963
2026-10-05,2023-05-17,2011.6871
2026-10-05,2023-05-18,756.0994
2026-10-05,2023-05-19,-17876.1133
2026-10-05,2023-05-22,172.039
2026-10-05,2023-05-23,-159855.1907
2026-10-05,2023-05-24,-122.5605
2026-10-05,2023-05-29,-194.956
2026-10-05,2023-05-30,783.9288
2026-10-05,2023-05-31,-322782.5372
2026-10-05,2023-06-01,249887.0718
2026-10-05,2023-06-02,-112.4267
2026-10-05,2023-06-05,-48.5613
2026-10-05,2023-06-06,-68.5106
2026-10-05,2023-06-07,7201.002
2026-10-05,2023-06-08,62.1681
2026-10-05,2023-06-09,-177.853
2026-10-05,2023-06-12,480.4219
2026-10-05,2023-06-13,191526.2196
2026-10-05,2023-06-14,-1213.8484
2026-10-05,2023-06-15,701.6443
2026-10-05,2023-06-16,-422407.7457
2026-10-05,2023-06-21,16411.6997
2026-10-05,2023-06-22,2516.7826
2026-10-05,2023-06-23,250192.4549
2026-10-05,2023-06-26,-88.2841
2026-10-05,2023-06-27,39.2217
2026-10-05,2023-06-28,-170.7969
2026-10-05,2023-06-29,618.3308
2026-10-05,2023-06-30,168335.1372
2026-10-05,2023-07-03,20.9966
2026-10-05,2023-07-04,-81.6965
2026-10-05,2023-07-05,6545.8255
2026-10-05,2023-07-06,756.898
2026-10-05,2023-07-07,421.9238
2026-10-05,2023-07-10,-134.8085
2026-10-05,2023-07-11,58.7707
2026-10-05,2023-07-12,1392.861
2026-10-05,2023-07-13,-190239.5959
2026-10-05,2023-07-14,149415.62
2026-10-05,2023-07-17,40747.9176
2026-10-05,2023-07-18,-148656.0981
2026-10-05,2023-07-19,3855.5097
2026-10-05,2023-07-20,814.3426
2026-10-05,2023-07-21,1149.5848
2026-10-05,2023-07-24,547.4449
2026-10-05,2023-07-25,-217.1401
2026-10-05,2023-07-26,10703.0261
2026-10-05,2023-07-27,64.2051
2026-10-05,2023-07-28,130115.5623
2026-10-05,2023-07-31,-119840.6222
2026-10-05,2023-08-01,-33.7323
2026-10-05,2023-08-02,129694.8632
2026-10-05,2023-08-03,303.6461
2026-10-05,2023-08-04,-14411.073
2026-10-05,2023-08-07,12485.364
2026-10-05,2023-08-08,-107.6814
2026-10-05,2023-08-09,-23.3354
2026-10-05,2023-08-10,1869.4328
2026-10-05,2023-08-11,88.5012
2026-10-05,2023-08-14,-124245.8271
2026-10-05,2023-08-15,26974.3833
2026-10-05,2023-08-16,-785.7086
2026-10-05,2023-08-17,4241.0263
2026-10-05,2023-08-18,42007.2465
2026-10-05,2023-08-22,699.8015
2026-10-05,2023-08-23,-265700.056
2026-10-05,2023-08-24,62.5458
2026-10-05,2023-08-25,-267.6023
2026-10-05,2023-08-28,-497.1286
2026-10-05,2023-08-29,-29.5862
2026-10-05,2023-08-30,519.0745
2026-10-05,2023-08-31,303.4812
2026-10-05,2023-09-01,1183.0833
2026-10-05,2023-09-04,250332.01
2026-10-05,2023-09-05,-463486.0412
2026-10-05,2023-09-06,-20.468
2026-10-05,2023-09-07,4.0656
2026-10-05,2023-09-08,2932.4641
2026-10-05,2023-09-11,149705.752
2026-10-05,2023-09-12,-1123.9102
2026-10-05,2023-09-13,133.1806
2026-10-05,2023-09-14,-2582.3286
2026-10-05,2023-09-15,843.3655
2026-10-05,2023-09-18,-543694.159
2026-10-05,2023-09-19,1020.662
2026-10-05,2023-09-20,54.8467
2026-10-05,2023-09-21,549971.8077
2026-10-05,2023-09-22,4492.2453
2026-10-05,2023-09-25,6767.9297
2026-10-05,2023-09-26,-41.9923
2026-10-05,2023-09-27,279.6502
2026-10-05,2023-09-28,252.1412
2026-10-05,2023-09-29,-325345.6068
2026-10-05,2023-10-02,3882.6797
2026-10-05,2023-10-03,63.0511
2026-10-05,2023-10-04,-202.3853
2026-10-05,2023-10-05,257611.74
2026-10-05,2023-10-06,921.5556
2026-10-05,2023-10-09,1726.3857
2026-10-05,2023-10-10,-290.5359
2026-10-05,2023-10-11,150499.2905
2026-10-05,2023-10-12,-371.2153
2026-10-05,2023-10-17,131303.7714
2026-10-05,2023-10-18,-250064.5034
2026-10-05,2023-10-19,-3645.5754
2026-10-05,2023-10-20,-46729.1848
2026-10-05,2023-10-23,-366.5466
2026-10-05,2023-10-24,344.8948
2026-10-05,2023-10-25,-85.1245
2026-10-05,2023-10-26,31.3315
2026-10-05,2023-10-27,-21276.1439
2026-10-05,2023-10-30,2357.0444
2026-10-05,2023-10-31,-730229.1046
2026-10-05,2023-11-01,-1160.9675
2026-10-05,2023-11-02,865.2432
2026-10-05,2023-11-03,849256.9605
2026-10-05,2023-11-07,117.6136
2026-10-05,2023-11-08,-459.7426
2026-10-05,2023-11-09,20915.1945
2026-10-05,2023-11-10,-17683.81
2026-10-05,2023-11-13,264.7416
2026-10-05,2023-11-14,-918.3419
2026-10-05,2023-11-15,2725.3784
2026-10-05,2023-11-16,-1241.7384
2026-10-05,2023-11-17,-6069.4518
2026-10-05,2023-11-21,8321.6664
2026-10-05,2023-11-22,-177.5178
2026-10-05,2023-11-23,-343413.6187
2026-10-05,2023-11-24,-14716.4033
2026-10-05,2023-11-27,-6.1935
2026-10-05,2023-11-28,-238.4446
2026-10-05,2023-11-29,40.7066
2026-10-05,2023-11-30,-914150.4815
2026-10-05,2023-12-01,15693.7085
2026-10-05,2023-12-04,-158.4483
2026-10-05,2023-12-05,2245.497
2026-10-05,2023-12-06,-142.4253
2026-10-05,2023-12-07,-208.7409
2026-10-05,2023-12-11,599716.3168
2026-10-05,2023-12-12,-110.6019
2026-10-05,2023-12-13,38145.3908
2026-10-05,2023-12-14,881.5722
2026-10-05,2023-12-15,32639.4016
2026-10-05,2023-12-18,80016.6016
2026-10-05,2023-12-19,-3084.4425
2026-10-05,2023-12-20,3458.9908
2026-10-05,2023-12-21,-497.0931
2026-10-05,2023-12-22,-2962525.839
2026-10-05,2023-12-26,-677.4325
2026-10-05,2023-12-27,792.5993
2026-10-05,2023-12-28,200648.9958
2026-10-05,2023-12-29,281.3855
2026-10-05,2024-01-02,94598.5001
2026-10-05,2024-01-03,414.1661
2026-10-05,2024-01-04,7428.3184
2026-10-05,2024-01-05,9556.6749
2026-10-05,2024-01-08,301.1014
2026-10-05,2024-01-09,-475.4113
2026-10-05,2024-01-10,-1658.3068
2026-10-05,2024-01-11,-1837.3221
2026-10-05,2024-01-12,1486.8622
2026-10-05,2024-01-15,88517.7803
2026-10-05,2024-01-16,-369.0095
2026-10-05,2024-01-17,-4.3272
2026-10-05,2024-01-18,-1330474.647
2026-10-05,2024-01-19,915.9876
2026-10-05,2024-01-22,150564.937
2026-10-05,2024-01-23,-516.2774
2026-10-05,2024-01-24,-663.6393
2026-10-05,2024-01-25,501.8704
2026-10-05,2024-01-26,19040.1356
2026-10-05,2024-01-29,110105.4698
2026-10-05,2024-01-30,-277.5833
2026-10-05,2024-01-31,390.8783
2026-10-05,2024-02-01,-1353957.075
2026-10-05,2024-02-02,-109.9882
2026-10-05,2024-02-05,32891.0225
2026-10-05,2024-02-06,-58.0789
2026-10-05,2024-02-07,-91.3893
2026-10-05,2024-02-08,-984.6346
2026-10-05,2024-02-09,691.2214
2026-10-05,2024-02-14,190223.8326
2026-10-05,2024-02-15,293.5055
2026-10-05,2024-02-16,2342.3578
2026-10-05,2024-02-19,100066.8701
2026-10-05,2024-02-20,-3118237.486
2026-10-05,2024-02-21,392.4461
2026-10-05,2024-02-22,624917.1655
2026-10-05,2024-02-23,40353.2779
2026-10-05,2024-02-26,-1155.0516
2026-10-05,2024-02-27,869.5123
2026-10-05,2024-02-28,-143853.4804
2026-10-05,2024-02-29,336.2185
2026-10-05,2024-03-01,-57.9005
2026-10-05,2024-03-04,-153.2549
2026-10-05,2024-03-05,-149.7728
2026-10-05,2024-03-06,-103.6852
2026-10-05,2024-03-07,143.9289
2026-10-05,2024-03-08,-364.7749
2026-10-05,2024-03-11,18.556
2026-10-05,2024-03-12,-243.8324
2026-10-05,2024-03-13,-1194.7318
2026-10-05,2024-03-14,709.2992
2026-10-05,2024-03-15,-56212.3259
2026-10-05,2024-03-18,-3762.6311
2026-10-05,2024-03-19,5429.2582
2026-10-05,2024-03-20,181393.6605
2026-10-05,2024-03-21,-313.5315
2026-10-05,2024-03-22,1545.2413
2026-10-05,2024-03-25,-788855.1365
2026-10-05,2024-03-26,291304.3509
2026-10-05,2024-03-27,112645.6092
2026-10-05,2024-04-03,15121.6448
2026-10-05,2024-04-04,-453.4166
2026-10-05,2024-04-05,7996.6989
2026-10-05,2024-04-08,-226.2019
2026-10-05,2024-04-09,-104.8
2026-10-05,2024-04-10,-148.6098
2026-10-05,2024-04-11,435.4588
2026-10-05,2024-04-12,-259.8618
2026-10-05,2024-04-15,-2322022.931
2026-10-05,2024-04-16,1713800.212
2026-10-05,2024-04-17,6645.3152
2026-10-05,2024-04-18,6855.5466
2026-10-05,2024-04-19,1972.7694
2026-10-05,2024-04-22,2.0956
2026-10-05,2024-04-23,-154.7679
2026-10-05,2024-04-24,-314.7668
2026-10-05,2024-04-25,84.4288
2026-10-05,2024-04-26,143.5835
2026-10-05,2024-04-29,20631.5312
2026-10-05,2024-04-30,117253.7919
2026-10-05,2024-05-02,-376.1331
2026-10-05,2024-05-03,-231.7207
2026-10-05,2024-05-06,-59.3581
2026-10-05,2024-05-07,-170.504
2026-10-05,2024-05-08,-206275.1515
2026-10-05,2024-05-09,427107.5228
2026-10-05,2024-05-10,298.5914
2026-10-05,2024-05-13,-150.1574
2026-10-05,2024-05-14,-5873.9745
2026-10-05,2024-05-15,335959.3767
2026-10-05,2024-05-16,-180.1476
2026-10-05,2024-05-17,1974.0254
2026-10-05,2024-05-20,-8854103.326
2026-10-05,2024-05-21,-334.4611
2026-10-05,2024-05-22,-346.1071
2026-10-05,2024-05-23,-1707375.849
2026-10-05,2024-05-24,710.4416
2026-10-05,2024-05-27,-265.3445
2026-10-05,2024-05-28,-130.2343
2026-10-05,2024-05-29,-157.2772
2026-10-05,2024-05-30,10912.0495
2026-10-05,2024-05-31,-3520501.838
2026-10-05,2024-06-03,189903.6795
2026-10-05,2024-06-04,-131.6345
2026-10-05,2024-06-05,-170.4012
2026-10-05,2024-06-06,-165.715
2026-10-05,2024-06-07,-178.5877
2026-10-05,2024-06-10,195329.4867
2026-10-05,2024-06-11,-1161.1009
2026-10-05,2024-06-12,1499.6737
2026-10-05,2024-06-13,18058.6957
2026-10-05,2024-06-14,-232897.0855
2026-10-05,2024-06-18,8835.9659
2026-10-05,2024-06-19,7950.1698
2026-10-05,2024-06-24,445.1298
2026-10-05,2024-06-25,68.5872
2026-10-05,2024-06-26,-176.8632
2026-10-05,2024-06-27,-263.322
2026-10-05,2024-06-28,-1751.8046
2026-10-05,2024-07-01,-2760257.503
2026-10-05,2024-07-02,-494.8908
2026-10-05,2024-07-03,-7.0797
2026-10-05,2024-07-04,3499667.642
2026-10-05,2024-07-05,3504.6633
2026-10-05,2024-07-08,-35.4779
2026-10-05,2024-07-10,-385.9067
2026-10-05,2024-07-11,-280.4235
2026-10-05,2024-07-12,-3191586.12
2026-10-05,2024-07-15,4929.1159
2026-10-05,2024-07-16,-487.3432
2026-10-05,2024-07-17,320.4437
2026-10-05,2024-07-18,-5748.7229
2026-10-05,2024-07-19,8248.9507
2026-10-05,2024-07-22,-237.6668
2026-10-05,2024-07-23,-573.4433
2026-10-05,2024-07-24,304.6319
2026-10-05,2024-07-25,178.8757
2026-10-05,2024-07-26,-669079.8
2026-10-05,2024-07-29,1403.7653
2026-10-05,2024-07-30,-524.1944
2026-10-05,2024-07-31,166.8356
2026-10-05,2024-08-01,-5.1861
2026-10-05,2024-08-02,-417.2173
2026-10-05,2024-08-05,-157.9016
2026-10-05,2024-08-06,-19.9098
2026-10-05,2024-08-07,-289.1955
2026-10-05,2024-08-08,82.4319
2026-10-05,2024-08-09,-452.1835
2026-10-05,2024-08-12,-247.7133
2026-10-05,2024-08-13,-3071.9872
2026-10-05,2024-08-14,170387.9977
2026-10-05,2024-08-15,-104.6892
2026-10-05,2024-08-16,-495717.3599
2026-10-05,2024-08-19,22630.6119
2026-10-05,2024-08-20,-216.4899
2026-10-05,2024-08-21,-266.8538
2026-10-05,2024-08-22,-132.3817
2026-10-05,2024-08-23,11955.9848
2026-10-05,2024-08-26,-553.4244
2026-10-05,2024-08-27,587.5118
2026-10-05,2024-08-28,-214.5624
2026-10-05,2024-08-29,-328.0053
2026-10-05,2024-08-30,-891920.9707
2026-10-05,2024-09-02,-79.7768
2026-10-05,2024-09-03,-689.4343
2026-10-05,2024-09-04,354.6342
2026-10-05,2024-09-05,-164.9972
2026-10-05,2024-09-06,-164.453
2026-10-05,2024-09-09,-1180.4554
2026-10-05,2024-09-10,-124.9006
2026-10-05,2024-09-11,-1679.384
2026-10-05,2024-09-12,1467535.484
2026-10-05,2024-09-13,-24355.6529
2026-10-05,2024-09-16,-415.3069
2026-10-05,2024-09-17,-269.0373
2026-10-05,2024-09-18,-421.5417
2026-10-05,2024-09-19,3102.6558
2026-10-05,2024-09-20,69.4192
2026-10-05,2024-09-23,612.8816
2026-10-05,2024-09-24,2256.1115
2026-10-05,2024-09-25,-447.7833
2026-10-05,2024-09-26,134.759
2026-10-05,2024-09-27,-678.5279
2026-10-05,2024-09-30,2338349.358
2026-10-05,2024-10-01,-211.7867
2026-10-05,2024-10-02,-251.3611
2026-10-05,2024-10-03,-122.2392
2026-10-05,2024-10-04,-635.4403
2026-10-05,2024-10-07,3028.5305
2026-10-05,2024-10-08,-270.5687
2026-10-05,2024-10-09,-398.776
2026-10-05,2024-10-10,-315.3778
2026-10-05,2024-10-14,-836479.7995
2026-10-05,2024-10-15,559498.2483
2026-10-05,2024-10-16,-274.7307
2026-10-05,2024-10-17,7603.5772
2026-10-05,2024-10-18,-266.0738
2026-10-05,2024-10-21,3383.6835
2026-10-05,2024-10-22,-211.4568
2026-10-05,2024-10-23,157.338
2026-10-05,2024-10-24,-512.1455
2026-10-05,2024-10-25,112.8007
2026-10-05,2024-10-28,30225.0826
2026-10-05,2024-10-29,-266.6491
2026-10-05,2024-10-30,-306.6944
2026-10-05,2024-10-31,1223825.763
2026-10-05,2024-11-01,46.0273
2026-10-05,2024-11-04,-121.8922
2026-10-05,2024-11-05,-214.7212
2026-10-05,2024-11-07,-168.6367
2026-10-05,2024-11-08,-338.9558
2026-10-05,2024-11-11,1378480.352
2026-10-05,2024-11-12,-1.4042
2026-10-05,2024-11-13,-468.0561
2026-10-05,2024-11-14,-7546.5276
2026-10-05,2024-11-15,7157.9466
2026-10-05,2024-11-19,814871.839
2026-10-05,2024-11-20,6150.0556
2026-10-05,2024-11-21,-887.7632
2026-10-05,2024-11-22,509.7704
2026-10-05,2024-11-25,2995728.966
2026-10-05,2024-11-26,-245.14
2026-10-05,2024-11-27,-371.3823
2026-10-05,2024-11-28,17.5695
2026-10-05,2024-11-29,-1621598.591
2026-10-05,2024-12-02,14710.6059
2026-10-05,2024-12-03,-330.3706
2026-10-05,2024-12-04,-383.97
2026-10-05,2024-12-05,-183.7
2026-10-05,2024-12-06,30.9346
2026-10-05,2024-12-09,-231.059
2026-10-05,2024-12-10,-316.7873
2026-10-05,2024-12-11,-273.0009
2026-10-05,2024-12-12,-929.8313
2026-10-05,2024-12-13,786445.8947
2026-10-05,2024-12-16,-798.3936
2026-10-05,2024-12-17,1245.6203
2026-10-05,2024-12-18,1532454.89
2026-10-05,2024-12-19,5291.5743
2026-10-05,2024-12-20,-688.0573
2026-10-05,2024-12-23,763.3994
2026-10-05,2024-12-26,-3930.9809
2026-10-05,2024-12-27,3563.7114
2026-10-05,2024-12-30,104.5141
2026-10-05,2025-01-02,337414.5894
2026-10-05,2025-01-03,-156.4001
2026-10-05,2025-01-06,5301.6934
2026-10-05,2025-01-07,-543.8013
2026-10-05,2025-01-08,-283.804
2026-10-05,2025-01-09,-271.4352
2026-10-05,2025-01-10,-428.8414
2026-10-05,2025-01-13,-202.7509
2026-10-05,2025-01-14,-854.6337
2026-10-05,2025-01-15,1040487.195
2026-10-05,2025-01-16,-499.0508
2026-10-05,2025-01-17,-1795637.82
2026-10-05,2025-01-20,3854.113
2026-10-05,2025-01-21,-820.7552
2026-10-05,2025-01-22,2013.845
2026-10-05,2025-01-23,-58.3155
2026-10-05,2025-01-24,-543.4032
2026-10-05,2025-01-27,-238.4817
2026-10-05,2025-01-28,-190.4574
2026-10-05,2025-01-29,-311.4383
2026-10-05,2025-01-30,-315.5002
2026-10-05,2025-01-31,2208383.813
2026-10-05,2025-02-03,-224.2082
2026-10-05,2025-02-04,-255.0827
2026-10-05,2025-02-05,6.3586
2026-10-05,2025-02-06,-1057.4515
2026-10-05,2025-02-07,774.4322
2026-10-05,2025-02-10,-289.3199
2026-10-05,2025-02-11,-4387.5667
2026-10-05,2025-02-12,1144.5893
2026-10-05,2025-02-13,-2201374.165
2026-10-05,2025-02-14,1430226.273
2026-10-05,2025-02-17,-3146.0506
2026-10-05,2025-02-18,-68.9039
2026-10-05,2025-02-19,6606.0427
2026-10-05,2025-02-20,-33.6145
2026-10-05,2025-02-21,-643.8828
2026-10-05,2025-02-24,899452.024
2026-10-05,2025-02-25,1735.5828
2026-10-05,2025-02-26,-429.9972
2026-10-05,2025-02-27,530748.2737
2026-10-05,2025-02-28,-2686541.17
2026-10-05,2025-03-05,-4151.4128
2026-10-05,2025-03-06,3293.6336
2026-10-05,2025-03-07,-450.1626
2026-10-05,2025-03-10,-334.6983
2026-10-05,2025-03-11,-331.4148
2026-10-05,2025-03-12,-384.327
2026-10-05,2025-03-13,-3444.3446
2026-10-05,2025-03-14,146413.8185
2026-10-05,2025-03-17,-760.0482
2026-10-05,2025-03-18,-331.1972
2026-10-05,2025-03-19,3841.9564
2026-10-05,2025-03-20,-611.6184
2026-10-05,2025-03-21,-63.2425
2026-10-05,2025-03-25,-169.4546
2026-10-05,2025-03-26,-391.0137
2026-10-05,2025-03-27,45.8163
2026-10-05,2025-03-28,-106.0451
2026-10-05,2025-03-31,481253.9167
2026-10-05,2025-04-01,-146.9438
2026-10-05,2025-04-03,-418.1869
2026-10-05,2025-04-04,1903.0022
2026-10-05,2025-04-07,1519.9025
2026-10-05,2025-04-08,-198.4361
2026-10-05,2025-04-09,-316901.4859
2026-10-05,2025-04-10,316117.9485
2026-10-05,2025-04-11,-2877.2866
2026-10-05,2025-04-14,2061.4633
2026-10-05,2025-04-15,-196.7816
2026-10-05,2025-04-16,1609275.931
2026-10-05,2025-04-21,11984.4573
2026-10-05,2025-04-22,-321.3336
2026-10-05,2025-04-23,-553.4755
2026-10-05,2025-04-24,-760.4795
2026-10-05,2025-04-25,-11975769.94
2026-10-05,2025-04-28,2240567.438
2026-10-05,2025-04-29,-177.6579
2026-10-05,2025-04-30,90.5829
2026-10-05,2025-05-05,-236.8112
2026-10-05,2025-05-06,-511.4443
2026-10-05,2025-05-07,28.2353
2026-10-05,2025-05-08,-530.9866
2026-10-05,2025-05-09,1378325.142
2026-10-05,2025-05-12,-240.584
2026-10-05,2025-05-13,-75.534
2026-10-05,2025-05-14,-12866.2016
2026-10-05,2025-05-15,11837.8608
2026-10-05,2025-05-16,-1379102.636
2026-10-05,2025-05-19,-5040.8843
2026-10-05,2025-05-20,337059.1945
2026-10-05,2025-05-21,123.7884
2026-10-05,2025-05-22,-110.2939
2026-10-05,2025-05-23,1854159.574
2026-10-05,2025-05-26,-616.7351
2026-10-05,2025-05-27,227.6741
2026-10-05,2025-05-28,11882.0792
2026-10-05,2025-05-29,-210.4463
2026-10-05,2025-05-30,-632996.3225
2026-10-05,2025-06-02,77.271
2026-10-05,2025-06-03,-278.0163
2026-10-05,2025-06-04,601.3772
2026-10-05,2025-06-05,-206.9298
2026-10-05,2025-06-06,1296.8296
2026-10-05,2025-06-09,-254.7558
2026-10-05,2025-06-10,-214.7007
2026-10-05,2025-06-11,51.2477
2026-10-05,2025-06-12,-5470.4439
2026-10-05,2025-06-13,7999.7721
2026-10-05,2025-06-17,-208.0808
2026-10-05,2025-06-18,-1975690.039
2026-10-05,2025-06-19,16608.2611
2026-10-05,2025-06-23,174761.9367
2026-10-05,2025-06-24,74.8285
2026-10-05,2025-06-25,441.0285
2026-10-05,2025-06-26,59723.2159
2026-10-05,2025-06-27,-214.3355
2026-10-05,2025-06-30,4290420.886
2026-10-05,2025-07-01,-296.95
2026-10-05,2025-07-02,-241.9503
2026-10-05,2025-07-03,244709.859
2026-10-05,2025-07-04,9561.5178
2026-10-05,2025-07-07,4579.0358
2026-10-05,2025-07-08,23511.878
2026-10-05,2025-07-10,-5621529.215
2026-10-05,2025-07-11,2005.8707
2026-10-05,2025-07-14,63699.6794
2026-10-05,2025-07-15,342384.7679
2026-10-05,2025-07-16,61496.5333
2026-10-05,2025-07-17,49881.4957
2026-10-05,2025-07-18,-4255346.977
2026-10-05,2025-07-21,66085.0681
2026-10-05,2025-07-22,9598.9967
2026-10-05,2025-07-23,205296.1023
2026-10-05,2025-07-24,36991.028
2026-10-05,2025-07-25,56314.3818
2026-10-05,2025-07-28,38929.5464
2026-10-05,2025-07-29,-399.0561
2026-10-05,2025-07-30,-410.6954
2026-10-05,2025-07-31,2771258.315
2026-10-05,2025-08-01,38369.0862
2026-10-05,2025-08-04,-159.1313
2026-10-05,2025-08-05,-177
2026-10-05,2025-08-06,-137.5246
2026-10-05,2025-08-07,-210.7965
2026-10-05,2025-08-08,11774.0831
2026-10-05,2025-08-11,-37583.9639
2026-10-05,2025-08-12,-42100.9732
2026-10-05,2025-08-13,4796.739
2026-10-05,2025-08-14,-420.2574
2026-10-05,2025-08-18,5796282.205
2026-10-05,2025-08-19,-3717871.593
2026-10-05,2025-08-20,-31409.2127
2026-10-05,2025-08-21,-69487.094
2026-10-05,2025-08-22,41861.8502
2026-10-05,2025-08-25,1048757.793
2026-10-05,2025-08-26,-67417.2979
2026-10-05,2025-08-27,-36258.9386
2026-10-05,2025-08-28,52480.4291
2026-10-05,2025-08-29,-960725.864
2026-10-05,2025-09-01,-22627.5732
2026-10-05,2025-09-02,-270996.5321
2026-10-05,2025-09-03,46316.7873
2026-10-05,2025-09-04,-73475.9851
2026-10-05,2025-09-05,-389568.4528
2026-10-05,2025-09-08,-48930.7766
2026-10-05,2025-09-09,-31421.4603
2026-10-05,2025-09-10,5499.3184
2026-10-05,2025-09-11,-35.8799
2026-10-05,2025-09-12,630687.2816
2026-10-05,2025-09-15,-329.4547
2026-10-05,2025-09-16,-1265.5854
2026-10-05,2025-09-17,745.7385
2026-10-05,2025-09-18,-1269.4533
2026-10-05,2025-09-19,4486.4487
2026-10-05,2025-09-22,1527.9408
2026-10-05,2025-09-23,115258.6925
2026-10-05,2025-09-24,-25558.0499
2026-10-05,2025-09-25,373187.1294
2026-10-05,2025-09-26,1816653.174
2026-10-05,2025-09-29,683697.4074
2026-10-05,2025-09-30,-1667288.845
2026-10-05,2025-10-01,-730797.3433
2026-10-05,2025-10-02,-292922.466
2026-10-05,2025-10-03,-338101.584
2026-10-05,2025-10-06,-694063.2012
2026-10-05,2025-10-07,-400742.1785
2026-10-05,2025-10-08,-503174.9715
2026-10-05,2025-10-09,-12141.4215
2026-10-05,2025-10-13,154.7183
2026-10-05,2025-10-14,167035.638
2026-10-05,2025-10-15,-524.7451
2026-10-05,2025-10-16,-228.1684
2026-10-05,2025-10-17,1200815.548
2026-10-05,2025-10-20,4839.0066
2026-10-05,2025-10-21,187.7003
2026-10-05,2025-10-22,-517.2278
2026-10-05,2025-10-23,0.611
2026-10-05,2025-10-24,-489.6266
2026-10-05,2025-10-27,-358.282
2026-10-05,2025-10-28,1220892.185
2026-10-05,2025-10-29,-233.3216
2026-10-05,2025-10-30,-667.1521
2026-10-05,2025-10-31,4522371.013
2026-10-05,2025-11-03,110219.5419
2026-10-05,2025-11-04,-212.935
2026-10-05,2025-11-05,1169203.95
2026-10-05,2025-11-07,-214.3151
2026-10-05,2025-11-10,-896158.0398
2026-10-05,2025-11-11,133.4725
2026-10-05,2025-11-12,33964.9517
2026-10-05,2025-11-13,65.5627
2026-10-05,2025-11-14,142229.4665
2026-10-05,2025-11-17,279745.4663
2026-10-05,2025-11-18,66438.011
2026-10-05,2025-11-19,63429.7756
2026-10-05,2025-11-20,11548.0862
2026-10-05,2025-11-25,44198.7627
2026-10-05,2025-11-26,64856.4927
2026-10-05,2025-11-27,74028.4386
2026-10-05,2025-11-28,539532.7466
2026-10-05,2025-12-01,232857.4883
2026-10-05,2025-12-02,-14322.7182
2026-10-05,2025-12-03,-366.5544
2026-10-05,2025-12-04,-257.8517
2026-10-05,2025-12-05,68394.601
2026-10-05,2025-12-09,-3442.7482
2026-10-05,2025-12-10,66038.3481
2026-10-05,2025-12-11,312076.8149
2026-10-05,2025-12-12,-30713.1117
2026-10-05,2025-12-15,-223518.3315
2026-10-05,2025-12-16,-25687.0149
2026-10-05,2025-12-17,2227.1956
2026-10-05,2025-12-18,-217889.9419
2026-10-05,2025-12-19,22182.0125
2026-10-05,2025-12-22,-18498.287
2026-10-05,2025-12-23,80702.3018
2026-10-05,2025-12-26,8873.9152
2026-10-05,2025-12-29,-838002.06
2026-10-05,2025-12-30,-2330.9145
2026-10-05,2026-01-02,44925.8824
2026-10-05,2026-01-05,748.0374
2026-10-05,2026-01-06,-2414944.868
2026-10-05,2026-01-07,3399622.106
2026-10-05,2026-01-08,-588.5453
2026-10-05,2026-01-09,-387.4005
2026-10-05,2026-01-12,-307.699
2026-10-05,2026-01-13,-126.9878
2026-10-05,2026-01-14,229302.5651
2026-10-05,2026-01-15,-517.833
2026-10-05,2026-01-16,195190.6457
2026-10-05,2026-01-19,390192.0568
2026-10-05,2026-01-20,14314.1517
2026-10-05,2026-01-21,-626.556
2026-10-05,2026-01-22,65.9701
2026-10-05,2026-01-23,-575.5981
2026-10-05,2026-01-26,-165.2805
2026-10-05,2026-01-27,-439.5458
2026-10-05,2026-01-28,15691.0769
2026-10-05,2026-01-29,-354.3128
2026-10-05,2026-01-30,-2014648.748
2026-10-05,2026-02-02,227.2273
2026-10-05,2026-02-03,-319.9832
2026-10-05,2026-02-04,-232.7796
2026-10-05,2026-02-05,1137713.975
2026-10-05,2026-02-06,-188.2658
2026-10-05,2026-02-09,-174.3469
2026-10-05,2026-02-10,-232.0934
2026-10-05,2026-02-11,-463.4377
2026-10-05,2026-02-12,-231.7729
2026-10-05,2026-02-13,-1710369.191
2026-10-05,2026-02-18,-14718.4934
2026-10-05,2026-02-19,20321.7281
2026-10-05,2026-02-20,-219.3227
2026-10-05,2026-02-23,180012.0077
2026-10-05,2026-02-24,-98570.7546
2026-10-05,2026-02-25,-4200.5229
2026-10-05,2026-02-26,-61604.3784
2026-10-05,2026-02-27,475385.5121
2026-10-05,2026-03-02,88.8344
2026-10-05,2026-03-03,-339.4652
2026-10-05,2026-03-04,-373.1855
2026-10-05,2026-03-05,-243.8592
2026-10-05,2026-03-06,-318.7159
2026-10-05,2026-03-09,-477.6229
2026-10-05,2026-03-10,-247.0247
2026-10-05,2026-03-11,-505.7075
2026-10-05,2026-03-12,-919.6475
2026-10-05,2026-03-13,-1829.5754
2026-10-05,2026-03-16,-777763.7393
2026-10-05,2026-03-17,-447.0487
2026-10-05,2026-03-18,-28.7683
2026-10-05,2026-03-19,3672.5504
2026-10-05,2026-03-20,1506.5656
2026-10-05,2026-03-25,756.6513
2026-10-05,2026-03-26,8282.6767
2026-10-05,2026-03-27,-615.0034
2026-10-05,2026-03-30,2119698.499
2026-10-05,2026-03-31,-3084620.456
2026-10-05,2026-04-01,-337.5613
2026-10-05,2026-04-06,1394.1717
2026-10-05,2026-04-07,-440.4644
2026-10-05,2026-04-08,-365
2026-10-05,2026-04-09,-185.1463
2026-10-05,2026-04-10,-288.227
2026-10-05,2026-04-13,-488.2262
2026-10-05,2026-04-14,-525.8321
2026-10-05,2026-04-15,-370.7081
2026-10-05,2026-04-16,-433.879
2026-10-05,2026-04-17,-2110967.616
2026-10-05,2026-04-20,5422.5035
2026-10-05,2026-04-21,-128.6703
2026-10-05,2026-04-22,8.6817
2026-10-05,2026-04-23,-92.1532
2026-10-05,2026-04-24,-656.0551
2026-10-05,2026-04-27,-1336.5604
2026-10-05,2026-04-28,9439.3361
2026-10-05,2026-04-29,-386.7151
2026-10-05,2026-04-30,-170316.8903
2026-10-05,2026-05-04,14244.1616
2026-10-05,2026-05-05,35.8656
2026-10-05,2026-05-06,-347.5397
2026-10-05,2026-05-07,-249.0053
2026-10-05,2026-05-08,-215.9836
2026-10-05,2026-05-11,1797013.197
2026-10-05,2026-05-12,-41.784
2026-10-05,2026-05-13,-423.9417
2026-10-05,2026-05-14,-388.6992
2026-10-05,2026-05-15,-1340445.36
2026-10-05,2026-05-18,2418126.432
2026-10-05,2026-05-19,4874.1066
2026-10-05,2026-05-20,-34.5623
2026-10-05,2026-05-21,-24399847.98
2026-10-05,2026-05-22,110.5494
2026-10-05,2026-05-26,194197.9158
2026-10-05,2026-05-27,-262.9524
2026-10-05,2026-05-28,211513.2199
2026-10-05,2026-05-29,-1741879.34
2026-10-05,2026-06-01,272487.6773
2026-10-05,2026-06-02,-350.3573
2026-10-05,2026-06-03,-329.6555
2026-10-05,2026-06-04,-277.4574
2026-10-05,2026-06-05,-486.4014
2026-10-05,2026-06-08,-1434.2421
2026-10-05,2026-06-09,723.9837
2026-10-05,2026-06-10,-269.9134
2026-10-05,2026-06-11,1005808.172
2026-10-05,2026-06-12,-1038475.671
2026-10-05,2026-06-16,4.7937
2026-10-05,2026-06-17,859081.4393
2026-10-05,2026-06-18,-235.5781
2026-10-05,2026-06-19,5593.6948
2026-10-05,2026-06-22,1038.8253
2026-10-05,2026-06-23,-472.0199
2026-10-05,2026-06-24,-373.4594
2026-10-05,2026-06-25,-632.6051
2026-10-05,2026-06-26,-433.2076
2026-10-05,2026-06-29,1476305.405
2026-10-05,2026-06-30,3045448.529
2026-10-05,2026-07-01,-374.3167
2026-10-05,2026-07-02,-358.6362
2026-10-05,2026-07-03,-137.0269
2026-10-05,2026-07-06,3570.1775
2026-10-05,2026-07-07,-565.035
2026-10-05,2026-07-08,1369793.289
2026-10-05,2026-07-13,-225.7384
2026-10-05,2026-07-14,-5791.7818
2026-10-05,2026-07-15,-386.0004
2026-10-05,2026-07-16,-449.2724
2026-10-05,2026-07-17,-2469050.475
2026-10-05,2026-07-20,2640.6531
2026-10-05,2026-07-21,3374.0094
2026-10-05,2026-07-22,-1071.6415
2026-10-05,2026-07-23,392.8255
2026-10-05,2026-07-24,-542.6248
2026-10-05,2026-07-27,-694.2386
2026-10-05,2026-07-28,-218513.3979
2026-10-05,2026-07-29,-398.5636
2026-10-05,2026-07-30,1947.2456
2026-10-05,2026-07-31,261914.3129
2026-10-05,2026-08-03,13759.1344
2026-10-05,2026-08-04,-1000267.699
2026-10-05,2026-08-05,998958.0791
2026-10-05,2026-08-06,-270
2026-10-05,2026-08-07,-431.9511
2026-10-05,2026-08-10,-339.2558
2026-10-05,2026-08-11,-340.6303
2026-10-05,2026-08-12,-322.6961
2026-10-05,2026-08-13,-462.7445
2026-10-05,2026-08-14,-11669.0998
2026-10-05,2026-08-18,288.1211
2026-10-05,2026-08-19,5493.79
2026-10-05,2026-08-20,62.8641
2026-10-05,2026-08-21,-29.7464
2026-10-05,2026-08-24,3107.5916
2026-10-05,2026-08-25,-268.0018
2026-10-05,2026-08-26,-406.3762
2026-10-05,2026-08-27,-283.4549
2026-10-05,2026-08-28,-285.5602
2026-10-05,2026-08-31,467919.1091
2026-10-05,2026-09-01,-372.8356
2026-10-05,2026-09-02,-147.0621
2026-10-05,2026-09-03,-678.4227
2026-10-05,2026-09-04,-362.1568
2026-10-05,2026-09-07,-351.5674
2026-10-05,2026-09-08,-454.8995
2026-10-05,2026-09-09,159.6248
2026-10-05,2026-09-10,-610.1548
2026-10-05,2026-09-11,-354.2379
2026-10-05,2026-09-14,-422.9152
2026-10-05,2026-09-15,-341050.4572
2026-10-05,2026-09-16,-387.4178
2026-10-05,2026-09-17,-201.8223
2026-10-05,2026-09-18,-625.4285
2026-10-05,2026-09-21,6806.3715
2026-10-05,2026-09-22,436.2766
2026-10-05,2026-09-23,-424.418
2026-10-05,2026-09-24,-300.025
2026-10-05,2026-09-25,-28090.1798
2026-10-05,2026-09-28,-528.3823
2026-10-05,2026-09-29,21641.2617
2026-10-05,2026-09-30,75503.1367
2026-10-06,2026-10-01,-15326.6747
2026-10-07,2026-10-02,-207.3591
2026-10-08,2026-10-05,973.0318
2026-10-09,2026-10-06,-679.8034
