vintage,date,value
2026-10-05,2003-01-02,83.671
2026-10-05,2003-01-03,-148.3044
2026-10-05,2003-01-06,0
2026-10-05,2003-01-07,0
2026-10-05,2003-01-08,-53.3762
2026-10-05,2003-01-09,0
2026-10-05,2003-01-10,-254.3209
2026-10-05,2003-01-13,0
2026-10-05,2003-01-14,0
2026-10-05,2003-01-15,-120.6074
2026-10-05,2003-01-16,0
2026-10-05,2003-01-17,-128.9256
2026-10-05,2003-01-20,0
2026-10-05,2003-01-21,0
2026-10-05,2003-01-22,-47.6486
2026-10-05,2003-01-23,0
2026-10-05,2003-01-24,-39.3239
2026-10-05,2003-01-27,0
2026-10-05,2003-01-28,0
2026-10-05,2003-01-29,15.3597
2026-10-05,2003-01-30,0
2026-10-05,2003-01-31,-72.2454
2026-10-05,2003-02-03,0
2026-10-05,2003-02-04,0
2026-10-05,2003-02-05,-62.1874
2026-10-05,2003-02-06,0
2026-10-05,2003-02-07,-68.893
2026-10-05,2003-02-10,0
2026-10-05,2003-02-11,0
2026-10-05,2003-02-12,34.1272
2026-10-05,2003-02-13,0
2026-10-05,2003-02-14,-73.463
2026-10-05,2003-02-17,0
2026-10-05,2003-02-18,0
2026-10-05,2003-02-19,0.0526
2026-10-05,2003-02-20,0
2026-10-05,2003-02-21,-51.5195
2026-10-05,2003-02-24,0
2026-10-05,2003-02-25,0
2026-10-05,2003-02-26,-39.3466
2026-10-05,2003-02-27,0
2026-10-05,2003-02-28,144.18
2026-10-05,2003-03-03,0
2026-10-05,2003-03-04,0
2026-10-05,2003-03-05,-55.4093
2026-10-05,2003-03-06,0
2026-10-05,2003-03-07,-46.1442
2026-10-05,2003-03-10,0
2026-10-05,2003-03-11,0
2026-10-05,2003-03-12,84.7505
2026-10-05,2003-03-13,0
2026-10-05,2003-03-14,-2.2458
2026-10-05,2003-03-17,0
2026-10-05,2003-03-18,0
2026-10-05,2003-03-19,0.7457
2026-10-05,2003-03-20,0
2026-10-05,2003-03-21,24.2696
2026-10-05,2003-03-24,0
2026-10-05,2003-03-25,0
2026-10-05,2003-03-26,-32.3036
2026-10-05,2003-03-27,0
2026-10-05,2003-03-28,-0.1687
2026-10-05,2003-04-01,0
2026-10-05,2003-04-02,-28.2181
2026-10-05,2003-04-03,9.69
2026-10-05,2003-04-04,-73.2014
2026-10-05,2003-04-07,0
2026-10-05,2003-04-08,0
2026-10-05,2003-04-09,14.216
2026-10-05,2003-04-10,0
2026-10-05,2003-04-11,-62.8348
2026-10-05,2003-04-14,0
2026-10-05,2003-04-15,0
2026-10-05,2003-04-16,-17.7588
2026-10-05,2003-04-21,0
2026-10-05,2003-04-22,0
2026-10-05,2003-04-23,-124.1576
2026-10-05,2003-04-24,0
2026-10-05,2003-04-25,-84.4144
2026-10-05,2003-04-28,0
2026-10-05,2003-04-29,0
2026-10-05,2003-04-30,235.8498
2026-10-05,2003-05-02,-17.7588
2026-10-05,2003-05-05,0
2026-10-05,2003-05-06,0
2026-10-05,2003-05-07,-85.4379
2026-10-05,2003-05-08,0
2026-10-05,2003-05-09,98.4776
2026-10-05,2003-05-12,0
2026-10-05,2003-05-13,0
2026-10-05,2003-05-14,-131.3419
2026-10-05,2003-05-15,0
2026-10-05,2003-05-16,-60.4394
2026-10-05,2003-05-19,0
2026-10-05,2003-05-20,0
2026-10-05,2003-05-21,-70.2172
2026-10-05,2003-05-22,0
2026-10-05,2003-05-23,-165.2441
2026-10-05,2003-05-26,0
2026-10-05,2003-05-27,0
2026-10-05,2003-05-28,-129.3175
2026-10-05,2003-05-29,0
2026-10-05,2003-05-30,-0.0184
2026-10-05,2003-06-02,0
2026-10-05,2003-06-03,0
2026-10-05,2003-06-04,-62.6274
2026-10-05,2003-06-05,0
2026-10-05,2003-06-06,-6.4
2026-10-05,2003-06-09,0
2026-10-05,2003-06-10,0
2026-10-05,2003-06-11,-26.4
2026-10-05,2003-06-12,0
2026-10-05,2003-06-13,173.4
2026-10-05,2003-06-17,0
2026-10-05,2003-06-18,-2.7
2026-10-05,2003-06-19,0
2026-10-05,2003-06-20,-7.7
2026-10-05,2003-06-23,-1.5
2026-10-05,2003-06-24,0
2026-10-05,2003-06-25,-245.3
2026-10-05,2003-06-26,0
2026-10-05,2003-06-27,-205.6
2026-10-05,2003-06-30,0
2026-10-05,2003-07-01,0
2026-10-05,2003-07-02,-180.2
2026-10-05,2003-07-03,0
2026-10-05,2003-07-04,-152.3
2026-10-05,2003-07-07,0
2026-10-05,2003-07-08,0
2026-10-05,2003-07-10,-218.8
2026-10-05,2003-07-11,-192.3
2026-10-05,2003-07-14,0
2026-10-05,2003-07-15,0
2026-10-05,2003-07-16,-289.4
2026-10-05,2003-07-17,0
2026-10-05,2003-07-18,-97.9957
2026-10-05,2003-07-21,0
2026-10-05,2003-07-22,0
2026-10-05,2003-07-23,-173.951
2026-10-05,2003-07-24,0
2026-10-05,2003-07-25,-116.6893
2026-10-05,2003-07-28,0
2026-10-05,2003-07-29,0
2026-10-05,2003-07-30,69.3344
2026-10-05,2003-07-31,0
2026-10-05,2003-08-01,-108.9659
2026-10-05,2003-08-04,0
2026-10-05,2003-08-05,0
2026-10-05,2003-08-06,-102.5765
2026-10-05,2003-08-07,0
2026-10-05,2003-08-08,-103.8305
2026-10-05,2003-08-11,0
2026-10-05,2003-08-12,0
2026-10-05,2003-08-13,404.472
2026-10-05,2003-08-14,0
2026-10-05,2003-08-15,-61.0736
2026-10-05,2003-08-19,0
2026-10-05,2003-08-20,-5.2
2026-10-05,2003-08-21,6.35
2026-10-05,2003-08-22,-173.4414
2026-10-05,2003-08-25,0
2026-10-05,2003-08-26,0
2026-10-05,2003-08-27,-54.3735
2026-10-05,2003-08-28,0
2026-10-05,2003-08-29,-12.4259
2026-10-05,2003-09-01,0
2026-10-05,2003-09-02,0
2026-10-05,2003-09-03,-71.4137
2026-10-05,2003-09-04,1.809
2026-10-05,2003-09-05,6.3024
2026-10-05,2003-09-08,0
2026-10-05,2003-09-09,0
2026-10-05,2003-09-10,-86.4703
2026-10-05,2003-09-11,0
2026-10-05,2003-09-12,114.3332
2026-10-05,2003-09-15,0
2026-10-05,2003-09-16,0
2026-10-05,2003-09-17,41.3173
2026-10-05,2003-09-18,0
2026-10-05,2003-09-19,38.1385
2026-10-05,2003-09-22,3.666
2026-10-05,2003-09-23,0
2026-10-05,2003-09-24,-123.8806
2026-10-05,2003-09-25,0.9081
2026-10-05,2003-09-26,-156.8787
2026-10-05,2003-09-29,0
2026-10-05,2003-09-30,0
2026-10-05,2003-10-01,-119.3336
2026-10-05,2003-10-02,0
2026-10-05,2003-10-03,-36.8181
2026-10-05,2003-10-06,0
2026-10-05,2003-10-07,0
2026-10-05,2003-10-08,-24.1645
2026-10-05,2003-10-09,2.9204
2026-10-05,2003-10-10,-29.4743
2026-10-05,2003-10-14,0
2026-10-05,2003-10-15,-79.4907
2026-10-05,2003-10-16,1.9485
2026-10-05,2003-10-17,-7.9967
2026-10-05,2003-10-20,0.9749
2026-10-05,2003-10-21,0
2026-10-05,2003-10-22,-75.2775
2026-10-05,2003-10-23,0
2026-10-05,2003-10-24,-94.0633
2026-10-05,2003-10-27,0
2026-10-05,2003-10-28,0
2026-10-05,2003-10-29,-35.1246
2026-10-05,2003-10-30,1.9868
2026-10-05,2003-10-31,-72.0049
2026-10-05,2003-11-03,0
2026-10-05,2003-11-04,0
2026-10-05,2003-11-05,-158.9263
2026-10-05,2003-11-07,0
2026-10-05,2003-11-10,0
2026-10-05,2003-11-11,0
2026-10-05,2003-11-12,-53.5064
2026-10-05,2003-11-13,0
2026-10-05,2003-11-14,-47.3191
2026-10-05,2003-11-17,0
2026-10-05,2003-11-18,0.9274
2026-10-05,2003-11-19,-21.1654
2026-10-05,2003-11-20,0
2026-10-05,2003-11-21,-72.9108
2026-10-05,2003-11-24,0
2026-10-05,2003-11-25,0
2026-10-05,2003-11-26,-94.0051
2026-10-05,2003-11-27,0
2026-10-05,2003-11-28,92.4294
2026-10-05,2003-12-01,0
2026-10-05,2003-12-02,0
2026-10-05,2003-12-03,-66.4166
2026-10-05,2003-12-04,0
2026-10-05,2003-12-05,0
2026-10-05,2003-12-09,0
2026-10-05,2003-12-10,-101.1738
2026-10-05,2003-12-11,0
2026-10-05,2003-12-12,3.6291
2026-10-05,2003-12-15,0
2026-10-05,2003-12-16,0
2026-10-05,2003-12-17,82.582
2026-10-05,2003-12-18,0
2026-10-05,2003-12-19,0
2026-10-05,2003-12-22,0.9548
2026-10-05,2003-12-23,0
2026-10-05,2003-12-24,-88.61
2026-10-05,2003-12-26,0
2026-10-05,2003-12-29,0
2026-10-05,2003-12-30,0
2026-10-05,2003-12-31,-168.27
2026-10-05,2004-01-02,0
2026-10-05,2004-01-05,0
2026-10-05,2004-01-06,1.9
2026-10-05,2004-01-07,-223.6155
2026-10-05,2004-01-08,0.984
2026-10-05,2004-01-09,0.9844
2026-10-05,2004-01-12,0.9604
2026-10-05,2004-01-13,0
2026-10-05,2004-01-14,-65.4
2026-10-05,2004-01-15,0.9827
2026-10-05,2004-01-16,18.3202
2026-10-05,2004-01-19,0
2026-10-05,2004-01-20,0
2026-10-05,2004-01-21,-309.158
2026-10-05,2004-01-22,0.984
2026-10-05,2004-01-23,0
2026-10-05,2004-01-26,1.9448
2026-10-05,2004-01-27,0
2026-10-05,2004-01-28,-374.0369
2026-10-05,2004-01-29,6.8385
2026-10-05,2004-01-30,2.9069
2026-10-05,2004-02-02,1.9067
2026-10-05,2004-02-03,0
2026-10-05,2004-02-04,-218.2568
2026-10-05,2004-02-05,1.9464
2026-10-05,2004-02-06,0.9844
2026-10-05,2004-02-09,0.9382
2026-10-05,2004-02-10,0
2026-10-05,2004-02-11,-202.3874
2026-10-05,2004-02-12,0
2026-10-05,2004-02-13,83.2343
2026-10-05,2004-02-16,0
2026-10-05,2004-02-17,0
2026-10-05,2004-02-18,-241.9129
2026-10-05,2004-02-19,1.9248
2026-10-05,2004-02-20,104.9181
2026-10-05,2004-02-23,0
2026-10-05,2004-02-24,0
2026-10-05,2004-02-25,-99.7405
2026-10-05,2004-02-26,0
2026-10-05,2004-02-27,0
2026-10-05,2004-03-01,0
2026-10-05,2004-03-02,0
2026-10-05,2004-03-03,-207.8747
2026-10-05,2004-03-04,0
2026-10-05,2004-03-05,0
2026-10-05,2004-03-08,0
2026-10-05,2004-03-09,0
2026-10-05,2004-03-10,-68.171
2026-10-05,2004-03-11,0
2026-10-05,2004-03-12,0
2026-10-05,2004-03-15,11.6226
2026-10-05,2004-03-16,4.6941
2026-10-05,2004-03-17,128.9946
2026-10-05,2004-03-18,2.9328
2026-10-05,2004-03-19,0
2026-10-05,2004-03-22,0
2026-10-05,2004-03-23,2.5476
2026-10-05,2004-03-24,-188.6467
2026-10-05,2004-03-25,3.9113
2026-10-05,2004-03-26,0
2026-10-05,2004-03-29,0
2026-10-05,2004-03-30,2.9274
2026-10-05,2004-03-31,-34.8543
2026-10-05,2004-04-01,4.7478
2026-10-05,2004-04-02,3.813
2026-10-05,2004-04-06,0
2026-10-05,2004-04-07,-247.7875
2026-10-05,2004-04-12,3.8139
2026-10-05,2004-04-13,0.9552
2026-10-05,2004-04-14,-169.4946
2026-10-05,2004-04-15,3.8501
2026-10-05,2004-04-16,9.1465
2026-10-05,2004-04-19,0.963
2026-10-05,2004-04-20,3.372
2026-10-05,2004-04-21,-145.1888
2026-10-05,2004-04-22,8.7854
2026-10-05,2004-04-23,1.9271
2026-10-05,2004-04-26,2.9545
2026-10-05,2004-04-27,6.8878
2026-10-05,2004-04-28,-149.7899
2026-10-05,2004-04-29,-2.1073
2026-10-05,2004-04-30,2.5684
2026-10-05,2004-05-03,15.2863
2026-10-05,2004-05-04,7.7784
2026-10-05,2004-05-05,-67.2007
2026-10-05,2004-05-06,0
2026-10-05,2004-05-07,1.8444
2026-10-05,2004-05-10,0
2026-10-05,2004-05-11,3.6846
2026-10-05,2004-05-12,-178.6
2026-10-05,2004-05-13,7.5988
2026-10-05,2004-05-14,1.9391
2026-10-05,2004-05-17,0
2026-10-05,2004-05-18,5.6842
2026-10-05,2004-05-19,-80.9539
2026-10-05,2004-05-20,7.3511
2026-10-05,2004-05-21,4.8955
2026-10-05,2004-05-24,4.8854
2026-10-05,2004-05-26,0
2026-10-05,2004-05-27,-100.7482
2026-10-05,2004-05-28,0
2026-10-05,2004-05-31,0
2026-10-05,2004-06-01,0
2026-10-05,2004-06-02,-56.1174
2026-10-05,2004-06-03,27.8788
2026-10-05,2004-06-04,0
2026-10-05,2004-06-07,0
2026-10-05,2004-06-08,0
2026-10-05,2004-06-09,-111.3549
2026-10-05,2004-06-10,0
2026-10-05,2004-06-11,0
2026-10-05,2004-06-14,0
2026-10-05,2004-06-15,-1.9985
2026-10-05,2004-06-16,-57.4357
2026-10-05,2004-06-17,0
2026-10-05,2004-06-18,0
2026-10-05,2004-06-22,-2.9964
2026-10-05,2004-06-23,-163.0852
2026-10-05,2004-06-24,-13.9954
2026-10-05,2004-06-25,0
2026-10-05,2004-06-28,0
2026-10-05,2004-06-29,0
2026-10-05,2004-06-30,178.96
2026-10-05,2004-07-01,-3.977
2026-10-05,2004-07-02,0
2026-10-05,2004-07-05,0
2026-10-05,2004-07-06,0
2026-10-05,2004-07-07,-190.86
2026-10-05,2004-07-08,-1.9993
2026-10-05,2004-07-12,-1.9902
2026-10-05,2004-07-13,0
2026-10-05,2004-07-14,170.8595
2026-10-05,2004-07-15,-6.9807
2026-10-05,2004-07-16,0
2026-10-05,2004-07-19,0
2026-10-05,2004-07-20,0
2026-10-05,2004-07-21,-125.8404
2026-10-05,2004-07-22,0
2026-10-05,2004-07-23,0
2026-10-05,2004-07-26,0
2026-10-05,2004-07-27,0
2026-10-05,2004-07-28,-87.1514
2026-10-05,2004-07-29,0
2026-10-05,2004-07-30,0
2026-10-05,2004-08-02,0
2026-10-05,2004-08-03,0
2026-10-05,2004-08-04,-104.3157
2026-10-05,2004-08-05,0
2026-10-05,2004-08-06,0
2026-10-05,2004-08-09,0
2026-10-05,2004-08-10,0
2026-10-05,2004-08-11,-28.3045
2026-10-05,2004-08-12,0
2026-10-05,2004-08-13,0
2026-10-05,2004-08-17,0
2026-10-05,2004-08-18,-56.4368
2026-10-05,2004-08-19,0
2026-10-05,2004-08-20,0
2026-10-05,2004-08-23,0
2026-10-05,2004-08-24,0
2026-10-05,2004-08-25,0
2026-10-05,2004-08-26,0
2026-10-05,2004-08-27,576.8456
2026-10-05,2004-08-30,0
2026-10-05,2004-08-31,0
2026-10-05,2004-09-01,-148.4946
2026-10-05,2004-09-02,0
2026-10-05,2004-09-03,0
2026-10-05,2004-09-06,0
2026-10-05,2004-09-07,0
2026-10-05,2004-09-08,-146.786
2026-10-05,2004-09-09,0
2026-10-05,2004-09-10,0
2026-10-05,2004-09-13,0
2026-10-05,2004-09-14,0
2026-10-05,2004-09-15,-84.832
2026-10-05,2004-09-16,0
2026-10-05,2004-09-17,0
2026-10-05,2004-09-20,0
2026-10-05,2004-09-21,0
2026-10-05,2004-09-22,-96.86
2026-10-05,2004-09-23,0
2026-10-05,2004-09-24,0
2026-10-05,2004-09-27,0
2026-10-05,2004-09-28,0
2026-10-05,2004-09-29,252.7495
2026-10-05,2004-09-30,-30.59
2026-10-05,2004-10-01,0
2026-10-05,2004-10-04,0
2026-10-05,2004-10-05,0
2026-10-05,2004-10-06,0
2026-10-05,2004-10-07,0
2026-10-05,2004-10-08,326.8813
2026-10-05,2004-10-12,0
2026-10-05,2004-10-13,-158.6831
2026-10-05,2004-10-14,0
2026-10-05,2004-10-15,0
2026-10-05,2004-10-18,0
2026-10-05,2004-10-19,0
2026-10-05,2004-10-20,-102.113
2026-10-05,2004-10-21,0
2026-10-05,2004-10-22,0
2026-10-05,2004-10-25,0
2026-10-05,2004-10-26,0
2026-10-05,2004-10-27,-225.5278
2026-10-05,2004-10-28,0
2026-10-05,2004-10-29,0
2026-10-05,2004-11-01,0
2026-10-05,2004-11-02,0
2026-10-05,2004-11-03,-124.757
2026-10-05,2004-11-04,0
2026-10-05,2004-11-05,0
2026-10-05,2004-11-08,0
2026-10-05,2004-11-09,0
2026-10-05,2004-11-10,-155.7597
2026-10-05,2004-11-11,0
2026-10-05,2004-11-12,0
2026-10-05,2004-11-15,0
2026-10-05,2004-11-16,0
2026-10-05,2004-11-17,-189.1849
2026-10-05,2004-11-18,0
2026-10-05,2004-11-19,0
2026-10-05,2004-11-22,0
2026-10-05,2004-11-23,0
2026-10-05,2004-11-24,0
2026-10-05,2004-11-25,0
2026-10-05,2004-11-26,345.3248
2026-10-05,2004-11-29,-0.29
2026-10-05,2004-11-30,0
2026-10-05,2004-12-01,-129.7954
2026-10-05,2004-12-02,0
2026-10-05,2004-12-03,39.2466
2026-10-05,2004-12-06,0
2026-10-05,2004-12-07,0
2026-10-05,2004-12-09,-163.0306
2026-10-05,2004-12-10,0
2026-10-05,2004-12-13,0
2026-10-05,2004-12-14,0
2026-10-05,2004-12-15,0
2026-10-05,2004-12-16,0
2026-10-05,2004-12-17,506.2964
2026-10-05,2004-12-20,0
2026-10-05,2004-12-21,0
2026-10-05,2004-12-22,-270.519
2026-10-05,2004-12-23,0
2026-10-05,2004-12-24,0
2026-10-05,2004-12-27,0
2026-10-05,2004-12-28,0
2026-10-05,2004-12-29,-391.6951
2026-10-05,2004-12-30,0
2026-10-05,2004-12-31,0
2026-10-05,2005-01-03,-0.08
2026-10-05,2005-01-04,0
2026-10-05,2005-01-05,-290.9014
2026-10-05,2005-01-06,0
2026-10-05,2005-01-07,0
2026-10-05,2005-01-10,0
2026-10-05,2005-01-11,0
2026-10-05,2005-01-12,25.8514
2026-10-05,2005-01-13,0
2026-10-05,2005-01-14,0
2026-10-05,2005-01-17,0
2026-10-05,2005-01-18,0
2026-10-05,2005-01-19,-199.6033
2026-10-05,2005-01-20,0
2026-10-05,2005-01-21,17.93
2026-10-05,2005-01-24,0
2026-10-05,2005-01-25,0
2026-10-05,2005-01-26,-204.031
2026-10-05,2005-01-27,0
2026-10-05,2005-01-28,0
2026-10-05,2005-01-31,0
2026-10-05,2005-02-01,0
2026-10-05,2005-02-02,-210.0218
2026-10-05,2005-02-03,0
2026-10-05,2005-02-04,0
2026-10-05,2005-02-07,0
2026-10-05,2005-02-08,0
2026-10-05,2005-02-09,-295.1993
2026-10-05,2005-02-10,0
2026-10-05,2005-02-11,0
2026-10-05,2005-02-14,0
2026-10-05,2005-02-15,0
2026-10-05,2005-02-16,235.4622
2026-10-05,2005-02-17,0
2026-10-05,2005-02-18,0
2026-10-05,2005-02-21,0
2026-10-05,2005-02-22,0
2026-10-05,2005-02-23,-408.9989
2026-10-05,2005-02-24,0
2026-10-05,2005-02-25,-51.84
2026-10-05,2005-02-28,-5.7928
2026-10-05,2005-03-01,0
2026-10-05,2005-03-02,-111.0359
2026-10-05,2005-03-03,-88.2423
2026-10-05,2005-03-04,-18.1365
2026-10-05,2005-03-07,0
2026-10-05,2005-03-08,0
2026-10-05,2005-03-09,-290.1433
2026-10-05,2005-03-10,-32.8145
2026-10-05,2005-03-11,0
2026-10-05,2005-03-14,0
2026-10-05,2005-03-15,0
2026-10-05,2005-03-16,-345.52
2026-10-05,2005-03-17,0
2026-10-05,2005-03-18,0
2026-10-05,2005-03-21,0
2026-10-05,2005-03-22,0
2026-10-05,2005-03-23,-580.84
2026-10-05,2005-03-28,0
2026-10-05,2005-03-29,0
2026-10-05,2005-03-30,369.63
2026-10-05,2005-03-31,0
2026-10-05,2005-04-01,0
2026-10-05,2005-04-04,0
2026-10-05,2005-04-05,0
2026-10-05,2005-04-06,-248.6
2026-10-05,2005-04-07,0
2026-10-05,2005-04-08,0
2026-10-05,2005-04-11,0
2026-10-05,2005-04-12,0
2026-10-05,2005-04-13,123.6
2026-10-05,2005-04-14,0
2026-10-05,2005-04-15,0
2026-10-05,2005-04-18,0
2026-10-05,2005-04-19,0
2026-10-05,2005-04-20,-528.14
2026-10-05,2005-04-21,0
2026-10-05,2005-04-22,0
2026-10-05,2005-04-25,0
2026-10-05,2005-04-26,0
2026-10-05,2005-04-27,98.7486
2026-10-05,2005-04-28,0
2026-10-05,2005-04-29,0
2026-10-05,2005-05-02,0
2026-10-05,2005-05-03,0
2026-10-05,2005-05-04,-297.5
2026-10-05,2005-05-05,0
2026-10-05,2005-05-06,0
2026-10-05,2005-05-09,0
2026-10-05,2005-05-10,0
2026-10-05,2005-05-11,-394.05
2026-10-05,2005-05-12,0
2026-10-05,2005-05-13,0
2026-10-05,2005-05-16,0
2026-10-05,2005-05-17,0
2026-10-05,2005-05-18,-489.9
2026-10-05,2005-05-19,0
2026-10-05,2005-05-20,0
2026-10-05,2005-05-23,0
2026-10-05,2005-05-24,0
2026-10-05,2005-05-26,0
2026-10-05,2005-05-27,252.99
2026-10-05,2005-05-30,0
2026-10-05,2005-05-31,0
2026-10-05,2005-06-01,-753.2
2026-10-05,2005-06-02,0
2026-10-05,2005-06-03,56.7
2026-10-05,2005-06-06,0
2026-10-05,2005-06-07,0
2026-10-05,2005-06-08,-2244.2
2026-10-05,2005-06-09,0
2026-10-05,2005-06-10,0
2026-10-05,2005-06-13,0
2026-10-05,2005-06-14,0
2026-10-05,2005-06-15,-1049.77
2026-10-05,2005-06-16,0
2026-10-05,2005-06-17,0
2026-10-05,2005-06-21,0
2026-10-05,2005-06-22,42.5
2026-10-05,2005-06-23,0
2026-10-05,2005-06-24,0
2026-10-05,2005-06-27,0
2026-10-05,2005-06-28,0
2026-10-05,2005-06-29,0.5
2026-10-05,2005-06-30,0
2026-10-05,2005-07-01,0
2026-10-05,2005-07-04,0
2026-10-05,2005-07-05,0
2026-10-05,2005-07-06,391.44
2026-10-05,2005-07-07,0
2026-10-05,2005-07-08,0
2026-10-05,2005-07-11,0
2026-10-05,2005-07-12,0
2026-10-05,2005-07-13,-702.0527
2026-10-05,2005-07-14,0
2026-10-05,2005-07-15,0
2026-10-05,2005-07-18,0
2026-10-05,2005-07-19,60.2
2026-10-05,2005-07-20,-262.5
2026-10-05,2005-07-21,33.5
2026-10-05,2005-07-22,0
2026-10-05,2005-07-25,0
2026-10-05,2005-07-26,0
2026-10-05,2005-07-27,-364
2026-10-05,2005-07-28,0
2026-10-05,2005-07-29,0
2026-10-05,2005-08-01,0
2026-10-05,2005-08-02,0
2026-10-05,2005-08-03,136.5
2026-10-05,2005-08-04,0
2026-10-05,2005-08-05,0
2026-10-05,2005-08-08,0
2026-10-05,2005-08-09,0
2026-10-05,2005-08-10,-204.1
2026-10-05,2005-08-11,0
2026-10-05,2005-08-12,0
2026-10-05,2005-08-16,0
2026-10-05,2005-08-17,-565.6
2026-10-05,2005-08-18,0
2026-10-05,2005-08-19,0
2026-10-05,2005-08-22,0
2026-10-05,2005-08-23,0
2026-10-05,2005-08-24,218
2026-10-05,2005-08-25,0
2026-10-05,2005-08-26,0
2026-10-05,2005-08-29,0
2026-10-05,2005-08-30,0
2026-10-05,2005-08-31,3.1
2026-10-05,2005-09-01,12.2
2026-10-05,2005-09-02,0
2026-10-05,2005-09-05,0
2026-10-05,2005-09-06,0
2026-10-05,2005-09-07,-419.2
2026-10-05,2005-09-08,0
2026-10-05,2005-09-09,0
2026-10-05,2005-09-12,0
2026-10-05,2005-09-13,0
2026-10-05,2005-09-14,-851.7
2026-10-05,2005-09-15,0
2026-10-05,2005-09-16,0
2026-10-05,2005-09-19,0
2026-10-05,2005-09-20,0
2026-10-05,2005-09-21,-529.8
2026-10-05,2005-09-22,0
2026-10-05,2005-09-23,0
2026-10-05,2005-09-26,0
2026-10-05,2005-09-27,0
2026-10-05,2005-09-28,-111.2
2026-10-05,2005-09-29,0
2026-10-05,2005-09-30,0
2026-10-05,2005-10-03,0
2026-10-05,2005-10-04,0
2026-10-05,2005-10-05,230.3
2026-10-05,2005-10-06,0
2026-10-05,2005-10-07,0
2026-10-05,2005-10-11,0
2026-10-05,2005-10-12,-23.35
2026-10-05,2005-10-13,0
2026-10-05,2005-10-14,0
2026-10-05,2005-10-17,0
2026-10-05,2005-10-18,0
2026-10-05,2005-10-19,7.63
2026-10-05,2005-10-20,6.65
2026-10-05,2005-10-21,-19.87
2026-10-05,2005-10-24,0
2026-10-05,2005-10-25,0
2026-10-05,2005-10-26,-81.36
2026-10-05,2005-10-27,0
2026-10-05,2005-10-28,0
2026-10-05,2005-10-31,0
2026-10-05,2005-11-01,0
2026-10-05,2005-11-02,-8.6223
2026-10-05,2005-11-03,0
2026-10-05,2005-11-04,0
2026-10-05,2005-11-07,0
2026-10-05,2005-11-08,0
2026-10-05,2005-11-09,-68.65
2026-10-05,2005-11-10,0
2026-10-05,2005-11-11,0
2026-10-05,2005-11-14,0
2026-10-05,2005-11-15,0
2026-10-05,2005-11-16,727.3719
2026-10-05,2005-11-17,0
2026-10-05,2005-11-18,0
2026-10-05,2005-11-21,0
2026-10-05,2005-11-22,0
2026-10-05,2005-11-23,29.31
2026-10-05,2005-11-24,0
2026-10-05,2005-11-25,0
2026-10-05,2005-11-28,0
2026-10-05,2005-11-29,0
2026-10-05,2005-11-30,691.16
2026-10-05,2005-12-01,29.73
2026-10-05,2005-12-02,0
2026-10-05,2005-12-05,53.36
2026-10-05,2005-12-06,0
2026-10-05,2005-12-07,-188.92
2026-10-05,2005-12-09,0
2026-10-05,2005-12-12,0
2026-10-05,2005-12-13,0
2026-10-05,2005-12-14,-426.11
2026-10-05,2005-12-15,0
2026-10-05,2005-12-16,0
2026-10-05,2005-12-19,0
2026-10-05,2005-12-20,0
2026-10-05,2005-12-21,1.1
2026-10-05,2005-12-22,0
2026-10-05,2005-12-23,0
2026-10-05,2005-12-26,0
2026-10-05,2005-12-27,0
2026-10-05,2005-12-28,169.5
2026-10-05,2005-12-29,69.58
2026-10-05,2005-12-30,-159.9
2026-10-05,2006-01-02,0
2026-10-05,2006-01-03,0
2026-10-05,2006-01-04,366.66
2026-10-05,2006-01-05,47.81
2026-10-05,2006-01-06,9.94
2026-10-05,2006-01-09,0
2026-10-05,2006-01-10,11.96
2026-10-05,2006-01-11,221.27
2026-10-05,2006-01-12,13.98
2026-10-05,2006-01-13,22.92
2026-10-05,2006-01-16,138.9
2026-10-05,2006-01-17,33.9
2026-10-05,2006-01-18,299.98
2026-10-05,2006-01-19,94.97
2026-10-05,2006-01-20,10.09
2026-10-05,2006-01-23,32.11
2026-10-05,2006-01-24,0
2026-10-05,2006-01-25,30.04
2026-10-05,2006-01-26,0
2026-10-05,2006-01-27,0
2026-10-05,2006-01-30,0
2026-10-05,2006-01-31,0
2026-10-05,2006-02-01,-199.52
2026-10-05,2006-02-02,0
2026-10-05,2006-02-03,2.5623
2026-10-05,2006-02-06,5.9559
2026-10-05,2006-02-07,1.95
2026-10-05,2006-02-08,157.78
2026-10-05,2006-02-09,7.93
2026-10-05,2006-02-10,1.99
2026-10-05,2006-02-13,-3.93
2026-10-05,2006-02-14,-1.97
2026-10-05,2006-02-15,-120.27
2026-10-05,2006-02-16,0
2026-10-05,2006-02-17,0
2026-10-05,2006-02-20,1.95
2026-10-05,2006-02-21,0.01
2026-10-05,2006-02-22,-868.8
2026-10-05,2006-02-23,29.57
2026-10-05,2006-02-24,0
2026-10-05,2006-02-27,0
2026-10-05,2006-02-28,1.99
2026-10-05,2006-03-01,-909.84
2026-10-05,2006-03-02,-7.68
2026-10-05,2006-03-03,0
2026-10-05,2006-03-06,0
2026-10-05,2006-03-07,0
2026-10-05,2006-03-08,-468.26
2026-10-05,2006-03-09,0
2026-10-05,2006-03-10,0
2026-10-05,2006-03-13,0
2026-10-05,2006-03-14,-1.92
2026-10-05,2006-03-15,21.42
2026-10-05,2006-03-16,2.89
2026-10-05,2006-03-17,0
2026-10-05,2006-03-20,-3.88
2026-10-05,2006-03-21,-2
2026-10-05,2006-03-22,212.51
2026-10-05,2006-03-23,-3.98
2026-10-05,2006-03-27,0
2026-10-05,2006-03-28,42.26
2026-10-05,2006-03-29,-24.68
2026-10-05,2006-03-30,0
2026-10-05,2006-03-31,2.91
2026-10-05,2006-04-03,0
2026-10-05,2006-04-04,39.48
2026-10-05,2006-04-05,-37.89
2026-10-05,2006-04-06,0
2026-10-05,2006-04-07,0
2026-10-05,2006-04-10,0
2026-10-05,2006-04-11,-3.96
2026-10-05,2006-04-12,-18.28
2026-10-05,2006-04-17,0
2026-10-05,2006-04-18,0
2026-10-05,2006-04-19,-110.41
2026-10-05,2006-04-20,13.7
2026-10-05,2006-04-21,0
2026-10-05,2006-04-24,0
2026-10-05,2006-04-25,0
2026-10-05,2006-04-26,-643.85
2026-10-05,2006-04-27,0
2026-10-05,2006-04-28,0
2026-10-05,2006-05-02,0
2026-10-05,2006-05-03,-416.21
2026-10-05,2006-05-04,0
2026-10-05,2006-05-05,0
2026-10-05,2006-05-08,0
2026-10-05,2006-05-09,0
2026-10-05,2006-05-10,-96.96
2026-10-05,2006-05-11,0
2026-10-05,2006-05-12,0
2026-10-05,2006-05-15,30.88
2026-10-05,2006-05-16,0
2026-10-05,2006-05-17,-44.7
2026-10-05,2006-05-18,0
2026-10-05,2006-05-19,0
2026-10-05,2006-05-22,50.28
2026-10-05,2006-05-23,33.08
2026-10-05,2006-05-24,-566.07
2026-10-05,2006-05-26,0
2026-10-05,2006-05-29,0
2026-10-05,2006-05-30,0
2026-10-05,2006-05-31,-95.78
2026-10-05,2006-06-01,38.7
2026-10-05,2006-06-02,0
2026-10-05,2006-06-05,63.91
2026-10-05,2006-06-06,0
2026-10-05,2006-06-07,-337.35
2026-10-05,2006-06-08,48.11
2026-10-05,2006-06-09,3.96
2026-10-05,2006-06-12,0
2026-10-05,2006-06-13,0
2026-10-05,2006-06-14,-110.18
2026-10-05,2006-06-15,59.52
2026-10-05,2006-06-16,0
2026-10-05,2006-06-20,0
2026-10-05,2006-06-21,-596.3504
2026-10-05,2006-06-22,0
2026-10-05,2006-06-23,0
2026-10-05,2006-06-26,0
2026-10-05,2006-06-27,0
2026-10-05,2006-06-28,-594.91
2026-10-05,2006-06-29,118.2
2026-10-05,2006-06-30,0
2026-10-05,2006-07-03,0
2026-10-05,2006-07-04,43.75
2026-10-05,2006-07-05,-5
2026-10-05,2006-07-06,1.98
2026-10-05,2006-07-07,0
2026-10-05,2006-07-10,0
2026-10-05,2006-07-11,0
2026-10-05,2006-07-12,-623.61
2026-10-05,2006-07-13,0
2026-10-05,2006-07-14,0
2026-10-05,2006-07-17,-3.98
2026-10-05,2006-07-18,-1.99
2026-10-05,2006-07-19,-545.89
2026-10-05,2006-07-20,15.03
2026-10-05,2006-07-21,29.82
2026-10-05,2006-07-24,0
2026-10-05,2006-07-25,0
2026-10-05,2006-07-26,-515.58
2026-10-05,2006-07-27,0
2026-10-05,2006-07-28,1.96
2026-10-05,2006-07-31,0
2026-10-05,2006-08-01,0
2026-10-05,2006-08-02,-149.23
2026-10-05,2006-08-03,50.95
2026-10-05,2006-08-04,16.08
2026-10-05,2006-08-07,12.31
2026-10-05,2006-08-08,1.89
2026-10-05,2006-08-09,31.83
2026-10-05,2006-08-10,66.36
2026-10-05,2006-08-11,0
2026-10-05,2006-08-14,0
2026-10-05,2006-08-15,34.96
2026-10-05,2006-08-16,-868.15
2026-10-05,2006-08-17,3.93
2026-10-05,2006-08-18,17.7
2026-10-05,2006-08-22,66.78
2026-10-05,2006-08-23,-896.66
2026-10-05,2006-08-24,7.88
2026-10-05,2006-08-25,4.92
2026-10-05,2006-08-28,0
2026-10-05,2006-08-29,0
2026-10-05,2006-08-30,-642.09
2026-10-05,2006-08-31,0
2026-10-05,2006-09-01,40.73
2026-10-05,2006-09-04,0
2026-10-05,2006-09-05,0
2026-10-05,2006-09-06,-511.76
2026-10-05,2006-09-07,22.7
2026-10-05,2006-09-08,50.13
2026-10-05,2006-09-11,2.47
2026-10-05,2006-09-12,0
2026-10-05,2006-09-13,-40.23
2026-10-05,2006-09-14,0
2026-10-05,2006-09-15,61.74
2026-10-05,2006-09-18,0
2026-10-05,2006-09-19,1.98
2026-10-05,2006-09-20,-200.57
2026-10-05,2006-09-21,0
2026-10-05,2006-09-22,0
2026-10-05,2006-09-25,0
2026-10-05,2006-09-26,0
2026-10-05,2006-09-27,-210.68
2026-10-05,2006-09-28,49.57
2026-10-05,2006-09-29,56.65
2026-10-05,2006-10-02,0
2026-10-05,2006-10-03,1.93
2026-10-05,2006-10-04,524.53
2026-10-05,2006-10-05,1.93
2026-10-05,2006-10-06,3.84
2026-10-05,2006-10-09,0
2026-10-05,2006-10-10,0
2026-10-05,2006-10-11,-791.7728
2026-10-05,2006-10-12,53.32
2026-10-05,2006-10-13,0
2026-10-05,2006-10-17,0
2026-10-05,2006-10-18,-658.29
2026-10-05,2006-10-19,78.5
2026-10-05,2006-10-20,15.9
2026-10-05,2006-10-23,0
2026-10-05,2006-10-24,0
2026-10-05,2006-10-25,-734.56
2026-10-05,2006-10-26,10.23
2026-10-05,2006-10-27,9.74
2026-10-05,2006-10-30,0.58
2026-10-05,2006-10-31,0
2026-10-05,2006-11-01,-370.37
2026-10-05,2006-11-02,1.95
2026-10-05,2006-11-03,6.43
2026-10-05,2006-11-07,0
2026-10-05,2006-11-08,-346
2026-10-05,2006-11-09,55.7
2026-10-05,2006-11-10,68.72
2026-10-05,2006-11-13,30
2026-10-05,2006-11-14,0
2026-10-05,2006-11-15,264.77
2026-10-05,2006-11-16,0
2026-10-05,2006-11-17,-5.86
2026-10-05,2006-11-20,0
2026-10-05,2006-11-21,4.9
2026-10-05,2006-11-22,-83.57
2026-10-05,2006-11-23,37.19
2026-10-05,2006-11-24,0
2026-10-05,2006-11-27,0
2026-10-05,2006-11-28,4.9
2026-10-05,2006-11-29,-333.27
2026-10-05,2006-11-30,0
2026-10-05,2006-12-01,51.03
2026-10-05,2006-12-04,0
2026-10-05,2006-12-05,0
2026-10-05,2006-12-06,415.24
2026-10-05,2006-12-07,23.02
2026-10-05,2006-12-11,50.9
2026-10-05,2006-12-12,0
2026-10-05,2006-12-13,237.93
2026-10-05,2006-12-14,0
2026-10-05,2006-12-15,0
2026-10-05,2006-12-18,-1.75
2026-10-05,2006-12-19,7.37
2026-10-05,2006-12-20,-25.08
2026-10-05,2006-12-21,82.59
2026-10-05,2006-12-22,37.59
2026-10-05,2006-12-26,0
2026-10-05,2006-12-27,-160.45
2026-10-05,2006-12-28,55.5
2026-10-05,2006-12-29,109.48
2026-10-05,2007-01-02,0
2026-10-05,2007-01-03,-194.92
2026-10-05,2007-01-04,1.92
2026-10-05,2007-01-05,0
2026-10-05,2007-01-08,1.87
2026-10-05,2007-01-09,1.9
2026-10-05,2007-01-10,-351.04
2026-10-05,2007-01-11,-30.65
2026-10-05,2007-01-12,24.62
2026-10-05,2007-01-15,-2
2026-10-05,2007-01-16,0
2026-10-05,2007-01-17,-2146.69
2026-10-05,2007-01-18,63.26
2026-10-05,2007-01-19,157.4
2026-10-05,2007-01-22,51.63
2026-10-05,2007-01-23,0
2026-10-05,2007-01-24,-375.45
2026-10-05,2007-01-25,9.54
2026-10-05,2007-01-26,8.68
2026-10-05,2007-01-29,24.68
2026-10-05,2007-01-30,0
2026-10-05,2007-01-31,-280.91
2026-10-05,2007-02-01,0
2026-10-05,2007-02-02,9.93
2026-10-05,2007-02-05,0
2026-10-05,2007-02-06,15.6
2026-10-05,2007-02-07,-1463.63
2026-10-05,2007-02-08,6.14
2026-10-05,2007-02-09,56.85
2026-10-05,2007-02-12,65.79
2026-10-05,2007-02-13,4.97
2026-10-05,2007-02-14,-1060.58
2026-10-05,2007-02-15,-11.97
2026-10-05,2007-02-16,0
2026-10-05,2007-02-19,-19.51
2026-10-05,2007-02-20,0
2026-10-05,2007-02-21,-778.69
2026-10-05,2007-02-22,51.9878
2026-10-05,2007-02-23,35.4235
2026-10-05,2007-02-26,-5.96
2026-10-05,2007-02-27,-10.81
2026-10-05,2007-02-28,-599.667
2026-10-05,2007-03-01,37.54
2026-10-05,2007-03-02,27.2
2026-10-05,2007-03-05,19.51
2026-10-05,2007-03-06,11.25
2026-10-05,2007-03-07,-381.94
2026-10-05,2007-03-08,23.66
2026-10-05,2007-03-09,-9.97
2026-10-05,2007-03-12,0
2026-10-05,2007-03-13,25.02
2026-10-05,2007-03-14,-548.53
2026-10-05,2007-03-15,4.72
2026-10-05,2007-03-16,17.8
2026-10-05,2007-03-19,0
2026-10-05,2007-03-20,40.12
2026-10-05,2007-03-21,-1118.62
2026-10-05,2007-03-22,15.01
2026-10-05,2007-03-23,2.68
2026-10-05,2007-03-26,0
2026-10-05,2007-03-27,12.51
2026-10-05,2007-03-28,-433.61
2026-10-05,2007-03-29,38.03
2026-10-05,2007-03-30,4.36
2026-10-05,2007-04-03,-7.98
2026-10-05,2007-04-04,-308.01
2026-10-05,2007-04-09,0
2026-10-05,2007-04-10,37.74
2026-10-05,2007-04-11,-169.58
2026-10-05,2007-04-12,-5.16
2026-10-05,2007-04-13,0
2026-10-05,2007-04-16,-4.99
2026-10-05,2007-04-17,-11.89
2026-10-05,2007-04-18,-728.09
2026-10-05,2007-04-19,36.89
2026-10-05,2007-04-20,-9.55
2026-10-05,2007-04-23,0
2026-10-05,2007-04-24,70.2113
2026-10-05,2007-04-25,-874.32
2026-10-05,2007-04-26,-20.75
2026-10-05,2007-04-27,0
2026-10-05,2007-04-30,0
2026-10-05,2007-05-02,-644.86
2026-10-05,2007-05-03,-4.97
2026-10-05,2007-05-04,0
2026-10-05,2007-05-07,0
2026-10-05,2007-05-08,35.91
2026-10-05,2007-05-09,-1002.5143
2026-10-05,2007-05-10,52.073
2026-10-05,2007-05-11,32.96
2026-10-05,2007-05-14,59.939
2026-10-05,2007-05-15,0
2026-10-05,2007-05-16,-1239.73
2026-10-05,2007-05-17,7.74
2026-10-05,2007-05-18,7.91
2026-10-05,2007-05-21,19.51
2026-10-05,2007-05-22,40.3513
2026-10-05,2007-05-23,-1711.3559
2026-10-05,2007-05-24,12.29
2026-10-05,2007-05-28,49.54
2026-10-05,2007-05-29,0
2026-10-05,2007-05-30,123.7241
2026-10-05,2007-05-31,9.54
2026-10-05,2007-06-01,0
2026-10-05,2007-06-04,0
2026-10-05,2007-06-05,-6.59
2026-10-05,2007-06-06,-632.9
2026-10-05,2007-06-07,-4.95
2026-10-05,2007-06-08,42.62
2026-10-05,2007-06-11,0
2026-10-05,2007-06-12,0
2026-10-05,2007-06-13,-985.0825
2026-10-05,2007-06-14,22.978
2026-10-05,2007-06-15,2.88
2026-10-05,2007-06-19,19.3
2026-10-05,2007-06-20,-247.16
2026-10-05,2007-06-21,-2.99
2026-10-05,2007-06-22,-1
2026-10-05,2007-06-25,0
2026-10-05,2007-06-26,4.807
2026-10-05,2007-06-27,-392.71
2026-10-05,2007-06-28,109.1427
2026-10-05,2007-06-29,101.615
2026-10-05,2007-07-02,0
2026-10-05,2007-07-03,0
2026-10-05,2007-07-04,-385.54
2026-10-05,2007-07-05,0
2026-10-05,2007-07-06,-2.98
2026-10-05,2007-07-10,59.047
2026-10-05,2007-07-11,505.203
2026-10-05,2007-07-12,0
2026-10-05,2007-07-13,-1.98
2026-10-05,2007-07-16,5.15
2026-10-05,2007-07-17,4.74
2026-10-05,2007-07-18,-483.19
2026-10-05,2007-07-19,146.32
2026-10-05,2007-07-20,4.942
2026-10-05,2007-07-23,0
2026-10-05,2007-07-24,76.9295
2026-10-05,2007-07-25,84.728
2026-10-05,2007-07-26,71.47
2026-10-05,2007-07-27,53.24
2026-10-05,2007-07-30,142.25
2026-10-05,2007-07-31,166.44
2026-10-05,2007-08-01,193.43
2026-10-05,2007-08-02,223.95
2026-10-05,2007-08-03,46.12
2026-10-05,2007-08-06,0
2026-10-05,2007-08-07,9.04
2026-10-05,2007-08-08,417.623
2026-10-05,2007-08-09,52.91
2026-10-05,2007-08-10,55.27
2026-10-05,2007-08-13,0
2026-10-05,2007-08-14,62.371
2026-10-05,2007-08-15,-347.86
2026-10-05,2007-08-16,89.87
2026-10-05,2007-08-17,4.86
2026-10-05,2007-08-21,20.98
2026-10-05,2007-08-22,85.29
2026-10-05,2007-08-23,113.06
2026-10-05,2007-08-24,47.77
2026-10-05,2007-08-27,39.49
2026-10-05,2007-08-28,69.55
2026-10-05,2007-08-29,69.81
2026-10-05,2007-08-30,64.82
2026-10-05,2007-08-31,83.51
2026-10-05,2007-09-03,90.44
2026-10-05,2007-09-04,85.21
2026-10-05,2007-09-05,323.24
2026-10-05,2007-09-06,95.73
2026-10-05,2007-09-07,79.66
2026-10-05,2007-09-10,108.52
2026-10-05,2007-09-11,4.98
2026-10-05,2007-09-12,156.11
2026-10-05,2007-09-13,193.29
2026-10-05,2007-09-14,81.44
2026-10-05,2007-09-17,77.33
2026-10-05,2007-09-18,84.92
2026-10-05,2007-09-19,374.16
2026-10-05,2007-09-20,119.01
2026-10-05,2007-09-21,59.36
2026-10-05,2007-09-24,56.79
2026-10-05,2007-09-25,39.3
2026-10-05,2007-09-26,-343.59
2026-10-05,2007-09-27,64.32
2026-10-05,2007-09-28,151.94
2026-10-05,2007-10-01,72.21
2026-10-05,2007-10-02,0
2026-10-05,2007-10-03,-0.56
2026-10-05,2007-10-04,2.73
2026-10-05,2007-10-05,6.4
2026-10-05,2007-10-08,21.55
2026-10-05,2007-10-09,1.82
2026-10-05,2007-10-10,253.03
2026-10-05,2007-10-11,73.645
2026-10-05,2007-10-12,62.01
2026-10-05,2007-10-16,103.47
2026-10-05,2007-10-17,628.69
2026-10-05,2007-10-18,91.26
2026-10-05,2007-10-19,158.38
2026-10-05,2007-10-22,68.98
2026-10-05,2007-10-23,58.38
2026-10-05,2007-10-24,-165.18
2026-10-05,2007-10-25,140.79
2026-10-05,2007-10-26,29.17
2026-10-05,2007-10-29,8.49
2026-10-05,2007-10-30,11.35
2026-10-05,2007-10-31,10.096
2026-10-05,2007-11-01,36.142
2026-10-05,2007-11-02,31.828
2026-10-05,2007-11-05,127.427
2026-10-05,2007-11-07,441.442
2026-10-05,2007-11-08,223.991
2026-10-05,2007-11-09,131.079
2026-10-05,2007-11-12,113.6
2026-10-05,2007-11-13,12.509
2026-10-05,2007-11-14,647.349
2026-10-05,2007-11-15,52.66
2026-10-05,2007-11-16,20
2026-10-05,2007-11-19,41.865
2026-10-05,2007-11-20,23.773
2026-10-05,2007-11-21,704.178
2026-10-05,2007-11-22,96.469
2026-10-05,2007-11-23,37.028
2026-10-05,2007-11-26,21.058
2026-10-05,2007-11-27,19.95
2026-10-05,2007-11-28,607.8
2026-10-05,2007-11-29,19.32
2026-10-05,2007-11-30,21.751
2026-10-05,2007-12-03,13.01
2026-10-05,2007-12-04,56.15
2026-10-05,2007-12-05,487.2
2026-10-05,2007-12-06,23.06
2026-10-05,2007-12-07,26.8
2026-10-05,2007-12-10,56.32
2026-10-05,2007-12-11,0.04
2026-10-05,2007-12-12,715.92
2026-10-05,2007-12-13,91.17
2026-10-05,2007-12-14,70.06
2026-10-05,2007-12-17,19.54
2026-10-05,2007-12-18,6.844
2026-10-05,2007-12-19,1044.59
2026-10-05,2007-12-20,82.71
2026-10-05,2007-12-21,48.32
2026-10-05,2007-12-26,454.7
2026-10-05,2007-12-27,0.025
2026-10-05,2007-12-28,78.64
2026-10-05,2008-01-02,293.2
2026-10-05,2008-01-03,10.38
2026-10-05,2008-01-04,11.31
2026-10-05,2008-01-07,2.75
2026-10-05,2008-01-08,0
2026-10-05,2008-01-09,-363.62
2026-10-05,2008-01-10,61.37
2026-10-05,2008-01-11,11.71
2026-10-05,2008-01-14,0
2026-10-05,2008-01-15,-0.01
2026-10-05,2008-01-16,-1116.65
2026-10-05,2008-01-17,7.64
2026-10-05,2008-01-18,51.73
2026-10-05,2008-01-21,101.68
2026-10-05,2008-01-22,6.32
2026-10-05,2008-01-23,-298.32
2026-10-05,2008-01-24,87.18
2026-10-05,2008-01-25,46.05
2026-10-05,2008-01-28,1.58
2026-10-05,2008-01-29,2.65
2026-10-05,2008-01-30,-206.99
2026-10-05,2008-01-31,0
2026-10-05,2008-02-01,-15.59
2026-10-05,2008-02-04,0
2026-10-05,2008-02-05,-3.98
2026-10-05,2008-02-06,-154.546
2026-10-05,2008-02-07,0
2026-10-05,2008-02-08,39.39
2026-10-05,2008-02-11,129.04
2026-10-05,2008-02-12,9.98
2026-10-05,2008-02-13,-1040.885
2026-10-05,2008-02-14,101.54
2026-10-05,2008-02-15,1.72
2026-10-05,2008-02-18,7.896
2026-10-05,2008-02-19,0.87
2026-10-05,2008-02-20,-484.237
2026-10-05,2008-02-21,6.92
2026-10-05,2008-02-22,1.71
2026-10-05,2008-02-25,37.44
2026-10-05,2008-02-26,0
2026-10-05,2008-02-27,-596.147
2026-10-05,2008-02-28,42.307
2026-10-05,2008-02-29,-0.12
2026-10-05,2008-03-03,1.03
2026-10-05,2008-03-04,-0.002
2026-10-05,2008-03-05,-136.3466
2026-10-05,2008-03-06,2.42
2026-10-05,2008-03-07,-0.98
2026-10-05,2008-03-10,0
2026-10-05,2008-03-11,-0.01
2026-10-05,2008-03-12,-673.354
2026-10-05,2008-03-13,40.834
2026-10-05,2008-03-14,26.8486
2026-10-05,2008-03-17,-0.0051
2026-10-05,2008-03-18,2.94
2026-10-05,2008-03-19,-597.501
2026-10-05,2008-03-25,60.7
2026-10-05,2008-03-26,522.91
2026-10-05,2008-03-27,22.6
2026-10-05,2008-03-28,65.98
2026-10-05,2008-03-31,4.436
2026-10-05,2008-04-01,10.6132
2026-10-05,2008-04-03,-41.357
2026-10-05,2008-04-04,0.0018
2026-10-05,2008-04-07,-0.0037
2026-10-05,2008-04-08,-0.0042
2026-10-05,2008-04-09,311.6329
2026-10-05,2008-04-10,60.2317
2026-10-05,2008-04-11,-0.9491
2026-10-05,2008-04-14,-0.005
2026-10-05,2008-04-15,0.0027
2026-10-05,2008-04-16,-200.3998
2026-10-05,2008-04-17,55.2165
2026-10-05,2008-04-18,64.64
2026-10-05,2008-04-21,65.6717
2026-10-05,2008-04-22,22.51
2026-10-05,2008-04-23,118.6
2026-10-05,2008-04-24,106.04
2026-10-05,2008-04-25,64.8117
2026-10-05,2008-04-28,43.3937
2026-10-05,2008-04-29,45.637
2026-10-05,2008-04-30,102.421
2026-10-05,2008-05-02,47.0403
2026-10-05,2008-05-05,46.9902
2026-10-05,2008-05-06,44.0466
2026-10-05,2008-05-07,953.1211
2026-10-05,2008-05-08,118.9481
2026-10-05,2008-05-09,115.7716
2026-10-05,2008-05-12,103.1308
2026-10-05,2008-05-13,80.2358
2026-10-05,2008-05-14,505.6684
2026-10-05,2008-05-15,280.7811
2026-10-05,2008-05-16,36.3361
2026-10-05,2008-05-19,16.2229
2026-10-05,2008-05-20,54.4583
2026-10-05,2008-05-21,356.5778
2026-10-05,2008-05-22,28.3465
2026-10-05,2008-05-23,96.4029
2026-10-05,2008-05-26,72.1646
2026-10-05,2008-05-27,26.4327
2026-10-05,2008-05-28,138.1468
2026-10-05,2008-05-29,145.9539
2026-10-05,2008-05-30,89.2004
2026-10-05,2008-06-02,88.9903
2026-10-05,2008-06-03,57.4344
2026-10-05,2008-06-04,659.2303
2026-10-05,2008-06-05,74.1273
2026-10-05,2008-06-06,119.6
2026-10-05,2008-06-09,65.9575
2026-10-05,2008-06-10,50.6162
2026-10-05,2008-06-11,963.736
2026-10-05,2008-06-12,114.3389
2026-10-05,2008-06-13,57.6998
2026-10-05,2008-06-17,54.3183
2026-10-05,2008-06-18,558.46
2026-10-05,2008-06-19,13.3533
2026-10-05,2008-06-20,103.9713
2026-10-05,2008-06-23,-0.0033
2026-10-05,2008-06-24,-0.0937
2026-10-05,2008-06-25,753.2053
2026-10-05,2008-06-26,-0.0001
2026-10-05,2008-06-27,41.4033
2026-10-05,2008-06-30,145.122
2026-10-05,2008-07-01,0.0013
2026-10-05,2008-07-02,333.3088
2026-10-05,2008-07-03,11.2818
2026-10-05,2008-07-04,25.437
2026-10-05,2008-07-07,3.5758
2026-10-05,2008-07-08,0.0889
2026-10-05,2008-07-10,-198.4258
2026-10-05,2008-07-11,11.6372
2026-10-05,2008-07-14,11.102
2026-10-05,2008-07-15,2.7
2026-10-05,2008-07-16,790.4416
2026-10-05,2008-07-17,27.4366
2026-10-05,2008-07-18,80.0575
2026-10-05,2008-07-21,1.7129
2026-10-05,2008-07-22,6.3391
2026-10-05,2008-07-23,-222.7687
2026-10-05,2008-07-24,91.6022
2026-10-05,2008-07-25,32.8039
2026-10-05,2008-07-28,-3.3882
2026-10-05,2008-07-29,0.0037
2026-10-05,2008-07-30,158.8932
2026-10-05,2008-07-31,-0.0188
2026-10-05,2008-08-01,0.0028
2026-10-05,2008-08-04,0.0077
2026-10-05,2008-08-05,-0.0001
2026-10-05,2008-08-06,-314.605
2026-10-05,2008-08-07,-0.0046
2026-10-05,2008-08-08,47.0803
2026-10-05,2008-08-11,-0.0223
2026-10-05,2008-08-12,0.0001
2026-10-05,2008-08-13,-419.9024
2026-10-05,2008-08-14,103.1544
2026-10-05,2008-08-15,0.0035
2026-10-05,2008-08-19,-0.0046
2026-10-05,2008-08-20,79.3178
2026-10-05,2008-08-21,0.0011
2026-10-05,2008-08-22,-0.0036
2026-10-05,2008-08-25,38.3588
2026-10-05,2008-08-26,0.8947
2026-10-05,2008-08-27,70.4118
2026-10-05,2008-08-28,50.9138
2026-10-05,2008-08-29,1.809
2026-10-05,2008-09-01,-0.4344
2026-10-05,2008-09-02,0.003
2026-10-05,2008-09-03,-506.3107
2026-10-05,2008-09-04,0.0074
2026-10-05,2008-09-05,0.015
2026-10-05,2008-09-08,3.36
2026-10-05,2008-09-09,0.01
2026-10-05,2008-09-10,192.47
2026-10-05,2008-09-11,-0.02
2026-10-05,2008-09-12,-0.0001
2026-10-05,2008-09-15,36.8803
2026-10-05,2008-09-16,-0.0022
2026-10-05,2008-09-17,395.1538
2026-10-05,2008-09-18,11.9017
2026-10-05,2008-09-19,63.0179
2026-10-05,2008-09-22,60.1129
2026-10-05,2008-09-23,4.0965
2026-10-05,2008-09-24,42.2505
2026-10-05,2008-09-25,7.8776
2026-10-05,2008-09-26,0.0039
2026-10-05,2008-09-29,70.089
2026-10-05,2008-09-30,5.0201
2026-10-05,2008-10-01,206.82
2026-10-05,2008-10-02,0.0206
2026-10-05,2008-10-03,28.7616
2026-10-05,2008-10-06,0.1
2026-10-05,2008-10-07,20.3212
2026-10-05,2008-10-08,-1.1761
2026-10-05,2008-10-09,121.9898
2026-10-05,2008-10-10,106.0323
2026-10-05,2008-10-14,99.559
2026-10-05,2008-10-15,737.6942
2026-10-05,2008-10-16,62.7779
2026-10-05,2008-10-17,7.8414
2026-10-05,2008-10-20,4.5851
2026-10-05,2008-10-21,2.7756
2026-10-05,2008-10-22,632.0952
2026-10-05,2008-10-23,80.5874
2026-10-05,2008-10-24,157.0257
2026-10-05,2008-10-27,82.819
2026-10-05,2008-10-28,35.4043
2026-10-05,2008-10-29,757.6738
2026-10-05,2008-10-30,41.2014
2026-10-05,2008-10-31,1.9072
2026-10-05,2008-11-03,8.89
2026-10-05,2008-11-04,3.71
2026-10-05,2008-11-05,1061.4625
2026-10-05,2008-11-07,43.0892
2026-10-05,2008-11-10,-0.0005
2026-10-05,2008-11-11,0.0093
2026-10-05,2008-11-12,563.4335
2026-10-05,2008-11-13,32.2863
2026-10-05,2008-11-14,100.6443
2026-10-05,2008-11-17,4.893
2026-10-05,2008-11-18,2.79
2026-10-05,2008-11-19,795.6927
2026-10-05,2008-11-20,29.5077
2026-10-05,2008-11-21,0.69
2026-10-05,2008-11-24,39.8973
2026-10-05,2008-11-25,-0.0061
2026-10-05,2008-11-26,1139.4011
2026-10-05,2008-11-27,-0.11
2026-10-05,2008-11-28,0.0105
2026-10-05,2008-12-01,0.0005
2026-10-05,2008-12-02,-0.0031
2026-10-05,2008-12-03,789.1449
2026-10-05,2008-12-04,-0.5796
2026-10-05,2008-12-05,0.983
2026-10-05,2008-12-09,3.7077
2026-10-05,2008-12-10,1096.6036
2026-10-05,2008-12-11,-0.3512
2026-10-05,2008-12-12,-0.0067
2026-10-05,2008-12-15,45.7348
2026-10-05,2008-12-16,2.0533
2026-10-05,2008-12-17,1314.0287
2026-10-05,2008-12-18,663.3839
2026-10-05,2008-12-19,1889.2268
2026-10-05,2008-12-22,163.2575
2026-10-05,2008-12-23,-0.0028
2026-10-05,2008-12-24,1308.7104
2026-10-05,2008-12-26,3.5314
2026-10-05,2008-12-29,88.2081
2026-10-05,2008-12-30,1.9508
2026-10-05,2008-12-31,-637.9055
2026-10-05,2009-01-02,0.1
2026-10-05,2009-01-05,21.2
2026-10-05,2009-01-06,0
2026-10-05,2009-01-07,-588
2026-10-05,2009-01-08,39.9
2026-10-05,2009-01-09,0
2026-10-05,2009-01-12,74.1
2026-10-05,2009-01-13,0
2026-10-05,2009-01-14,-1136.6
2026-10-05,2009-01-15,0
2026-10-05,2009-01-16,73.3
2026-10-05,2009-01-19,0
2026-10-05,2009-01-20,0
2026-10-05,2009-01-21,-124.3
2026-10-05,2009-01-22,0
2026-10-05,2009-01-23,19.4
2026-10-05,2009-01-26,99.9
2026-10-05,2009-01-27,0
2026-10-05,2009-01-28,-954.2
2026-10-05,2009-01-29,2.1
2026-10-05,2009-01-30,922.72
2026-10-05,2009-02-02,0
2026-10-05,2009-02-03,0
2026-10-05,2009-02-04,-298.8
2026-10-05,2009-02-05,0
2026-10-05,2009-02-06,48
2026-10-05,2009-02-09,0.9
2026-10-05,2009-02-10,0
2026-10-05,2009-02-11,1222.9
2026-10-05,2009-02-12,70.7
2026-10-05,2009-02-13,1
2026-10-05,2009-02-16,73.7
2026-10-05,2009-02-17,0
2026-10-05,2009-02-18,227.32
2026-10-05,2009-02-19,0
2026-10-05,2009-02-20,4.2
2026-10-05,2009-02-23,41
2026-10-05,2009-02-24,0
2026-10-05,2009-02-25,1696
2026-10-05,2009-02-26,0
2026-10-05,2009-02-27,0
2026-10-05,2009-03-02,-14.9
2026-10-05,2009-03-03,-11.7
2026-10-05,2009-03-04,388.21
2026-10-05,2009-03-05,-34.8
2026-10-05,2009-03-06,-21.7
2026-10-05,2009-03-09,-8
2026-10-05,2009-03-10,7.1
2026-10-05,2009-03-11,569.2
2026-10-05,2009-03-12,-8.6
2026-10-05,2009-03-13,-11.5
2026-10-05,2009-03-16,-10.6
2026-10-05,2009-03-17,-3.9
2026-10-05,2009-03-18,875.1
2026-10-05,2009-03-19,8.4
2026-10-05,2009-03-20,-7.8
2026-10-05,2009-03-23,-15.5
2026-10-05,2009-03-25,961.6
2026-10-05,2009-03-26,0
2026-10-05,2009-03-27,0
2026-10-05,2009-03-30,66.1
2026-10-05,2009-03-31,-3.9
2026-10-05,2009-04-01,-715.5
2026-10-05,2009-04-03,32.4
2026-10-05,2009-04-06,-2.9
2026-10-05,2009-04-07,0
2026-10-05,2009-04-08,327.7
2026-10-05,2009-04-13,47.7
2026-10-05,2009-04-14,36.3
2026-10-05,2009-04-15,-756.2
2026-10-05,2009-04-16,49.2
2026-10-05,2009-04-17,0
2026-10-05,2009-04-20,0
2026-10-05,2009-04-21,41.18
2026-10-05,2009-04-22,-291
2026-10-05,2009-04-23,11.9
2026-10-05,2009-04-24,34.1
2026-10-05,2009-04-27,18.15
2026-10-05,2009-04-28,905.1
2026-10-05,2009-04-29,-792.3
2026-10-05,2009-04-30,0
2026-10-05,2009-05-04,-12.5
2026-10-05,2009-05-05,0
2026-10-05,2009-05-06,377.2
2026-10-05,2009-05-07,0
2026-10-05,2009-05-08,0
2026-10-05,2009-05-11,46.8
2026-10-05,2009-05-12,26.5
2026-10-05,2009-05-13,474.7
2026-10-05,2009-05-14,48.8
2026-10-05,2009-05-15,0
2026-10-05,2009-05-18,1.2
2026-10-05,2009-05-19,0
2026-10-05,2009-05-20,-720.8
2026-10-05,2009-05-21,0
2026-10-05,2009-05-22,-59.1
2026-10-05,2009-05-26,31.5
2026-10-05,2009-05-27,190.5
2026-10-05,2009-05-28,0
2026-10-05,2009-05-29,0
2026-10-05,2009-06-01,0
2026-10-05,2009-06-02,0
2026-10-05,2009-06-03,-211.2
2026-10-05,2009-06-04,748.8
2026-10-05,2009-06-05,758.4
2026-10-05,2009-06-08,0
2026-10-05,2009-06-09,0
2026-10-05,2009-06-10,126.7
2026-10-05,2009-06-11,32
2026-10-05,2009-06-12,0
2026-10-05,2009-06-16,0
2026-10-05,2009-06-17,655.4
2026-10-05,2009-06-18,52.6
2026-10-05,2009-06-19,6.3
2026-10-05,2009-06-22,0
2026-10-05,2009-06-23,0
2026-10-05,2009-06-24,712.8
2026-10-05,2009-06-25,0
2026-10-05,2009-06-26,0
2026-10-05,2009-06-29,53.4
2026-10-05,2009-06-30,0
2026-10-05,2009-07-01,639.7
2026-10-05,2009-07-02,0
2026-10-05,2009-07-03,50.6
2026-10-05,2009-07-06,0
2026-10-05,2009-07-07,0
2026-10-05,2009-07-08,-896.12
2026-10-05,2009-07-13,49.9
2026-10-05,2009-07-14,0
2026-10-05,2009-07-15,-149.7
2026-10-05,2009-07-16,0
2026-10-05,2009-07-17,0
2026-10-05,2009-07-20,0
2026-10-05,2009-07-21,0
2026-10-05,2009-07-22,-161.2
2026-10-05,2009-07-23,13.2
2026-10-05,2009-07-24,26.7
2026-10-05,2009-07-27,4.7
2026-10-05,2009-07-28,-5.2
2026-10-05,2009-07-29,78.4
2026-10-05,2009-07-30,0
2026-10-05,2009-07-31,0
2026-10-05,2009-08-03,0
2026-10-05,2009-08-04,0
2026-10-05,2009-08-05,-437.6
2026-10-05,2009-08-06,0
2026-10-05,2009-08-07,-0.9
2026-10-05,2009-08-10,0
2026-10-05,2009-08-11,50.5
2026-10-05,2009-08-12,-648
2026-10-05,2009-08-13,0
2026-10-05,2009-08-14,40.2
2026-10-05,2009-08-18,25.2
2026-10-05,2009-08-19,-571.9
2026-10-05,2009-08-20,-26.5
2026-10-05,2009-08-21,-5
2026-10-05,2009-08-24,32.3
2026-10-05,2009-08-25,0
2026-10-05,2009-08-26,-1350.9
2026-10-05,2009-08-27,-7.6
2026-10-05,2009-08-28,0
2026-10-05,2009-08-31,0
2026-10-05,2009-09-01,-3.9
2026-10-05,2009-09-02,-385.3
2026-10-05,2009-09-03,65.4
2026-10-05,2009-09-04,0
2026-10-05,2009-09-07,0
2026-10-05,2009-09-08,0
2026-10-05,2009-09-09,-809.3
2026-10-05,2009-09-10,0
2026-10-05,2009-09-11,0
2026-10-05,2009-09-14,0
2026-10-05,2009-09-15,0
2026-10-05,2009-09-16,-499.7
2026-10-05,2009-09-17,5.2
2026-10-05,2009-09-18,0
2026-10-05,2009-09-21,13.8
2026-10-05,2009-09-22,0
2026-10-05,2009-09-23,-1846.5
2026-10-05,2009-09-24,0
2026-10-05,2009-09-25,0
2026-10-05,2009-09-28,52.2
2026-10-05,2009-09-29,0
2026-10-05,2009-09-30,747.4
2026-10-05,2009-10-01,0
2026-10-05,2009-10-02,0
2026-10-05,2009-10-05,21.2
2026-10-05,2009-10-06,0
2026-10-05,2009-10-07,-833.7
2026-10-05,2009-10-08,45.2
2026-10-05,2009-10-09,0
2026-10-05,2009-10-13,50.3
2026-10-05,2009-10-14,-76.6
2026-10-05,2009-10-15,0
2026-10-05,2009-10-16,15.1
2026-10-05,2009-10-19,0
2026-10-05,2009-10-20,0
2026-10-05,2009-10-21,-257.8
2026-10-05,2009-10-22,0
2026-10-05,2009-10-23,13
2026-10-05,2009-10-26,57.7
2026-10-05,2009-10-27,0
2026-10-05,2009-10-28,-1338.1
2026-10-05,2009-10-29,0
2026-10-05,2009-10-30,0
2026-10-05,2009-11-02,0
2026-10-05,2009-11-03,5.1
2026-10-05,2009-11-04,-507.1
2026-10-05,2009-11-05,1
2026-10-05,2009-11-09,5.1
2026-10-05,2009-11-10,0
2026-10-05,2009-11-11,-748.3
2026-10-05,2009-11-12,0.2
2026-10-05,2009-11-13,0
2026-10-05,2009-11-16,36.8
2026-10-05,2009-11-17,0
2026-10-05,2009-11-18,-1151.3
2026-10-05,2009-11-19,0
2026-10-05,2009-11-20,0
2026-10-05,2009-11-23,30
2026-10-05,2009-11-24,0
2026-10-05,2009-11-25,-58.6
2026-10-05,2009-11-26,-0.1
2026-10-05,2009-11-27,-0.1
2026-10-05,2009-11-30,0
2026-10-05,2009-12-01,0
2026-10-05,2009-12-02,303.1
2026-10-05,2009-12-03,0
2026-10-05,2009-12-04,0
2026-10-05,2009-12-07,0
2026-10-05,2009-12-09,686.5
2026-10-05,2009-12-10,0
2026-10-05,2009-12-11,0
2026-10-05,2009-12-14,0
2026-10-05,2009-12-15,0
2026-10-05,2009-12-16,-92
2026-10-05,2009-12-17,0
2026-10-05,2009-12-18,0
2026-10-05,2009-12-21,22.3
2026-10-05,2009-12-22,0
2026-10-05,2009-12-23,-21.2
2026-10-05,2009-12-24,0
2026-10-05,2009-12-28,46
2026-10-05,2009-12-29,0
2026-10-05,2009-12-30,698.5
2026-10-05,2009-12-31,0
2026-10-05,2010-01-04,19.4
2026-10-05,2010-01-05,0
2026-10-05,2010-01-06,-358.2
2026-10-05,2010-01-07,0
2026-10-05,2010-01-08,1.7
2026-10-05,2010-01-11,6.4
2026-10-05,2010-01-12,0
2026-10-05,2010-01-13,792
2026-10-05,2010-01-14,0
2026-10-05,2010-01-15,0
2026-10-05,2010-01-18,0
2026-10-05,2010-01-19,0
2026-10-05,2010-01-20,539.9
2026-10-05,2010-01-21,6
2026-10-05,2010-01-22,0
2026-10-05,2010-01-25,18.3
2026-10-05,2010-01-26,0
2026-10-05,2010-01-27,480.3
2026-10-05,2010-01-28,0
2026-10-05,2010-01-29,0
2026-10-05,2010-02-01,0
2026-10-05,2010-02-02,0
2026-10-05,2010-02-03,-57.8
2026-10-05,2010-02-04,29.6
2026-10-05,2010-02-05,0
2026-10-05,2010-02-08,0
2026-10-05,2010-02-09,0
2026-10-05,2010-02-10,-328.4
2026-10-05,2010-02-11,0
2026-10-05,2010-02-12,0.2
2026-10-05,2010-02-15,0
2026-10-05,2010-02-16,0
2026-10-05,2010-02-17,-765.9
2026-10-05,2010-02-18,0
2026-10-05,2010-02-19,0
2026-10-05,2010-02-22,0
2026-10-05,2010-02-23,25.8
2026-10-05,2010-02-24,-199.8
2026-10-05,2010-02-25,0
2026-10-05,2010-02-26,0
2026-10-05,2010-03-01,4.3
2026-10-05,2010-03-02,0
2026-10-05,2010-03-03,-823.5
2026-10-05,2010-03-04,0
2026-10-05,2010-03-05,0
2026-10-05,2010-03-08,0
2026-10-05,2010-03-09,0
2026-10-05,2010-03-10,-267.5
2026-10-05,2010-03-11,0
2026-10-05,2010-03-12,0
2026-10-05,2010-03-15,0
2026-10-05,2010-03-16,0
2026-10-05,2010-03-17,-736.4
2026-10-05,2010-03-18,0
2026-10-05,2010-03-19,0
2026-10-05,2010-03-22,0
2026-10-05,2010-03-23,0
2026-10-05,2010-03-25,-716.6
2026-10-05,2010-03-26,0
2026-10-05,2010-03-29,0
2026-10-05,2010-03-30,0
2026-10-05,2010-03-31,101.8
2026-10-05,2010-04-05,15.6
2026-10-05,2010-04-06,3.1
2026-10-05,2010-04-07,-870.1
2026-10-05,2010-04-08,0
2026-10-05,2010-04-09,0
2026-10-05,2010-04-12,0
2026-10-05,2010-04-13,0
2026-10-05,2010-04-14,-639.8
2026-10-05,2010-04-15,0
2026-10-05,2010-04-16,0
2026-10-05,2010-04-19,0
2026-10-05,2010-04-20,0
2026-10-05,2010-04-21,-92.4
2026-10-05,2010-04-22,0
2026-10-05,2010-04-23,0
2026-10-05,2010-04-26,0
2026-10-05,2010-04-27,0
2026-10-05,2010-04-28,-120.3
2026-10-05,2010-04-29,0
2026-10-05,2010-04-30,0
2026-10-05,2010-05-03,0
2026-10-05,2010-05-04,0
2026-10-05,2010-05-05,-996.5
2026-10-05,2010-05-06,0
2026-10-05,2010-05-07,0
2026-10-05,2010-05-10,0
2026-10-05,2010-05-11,0
2026-10-05,2010-05-12,-55
2026-10-05,2010-05-13,0
2026-10-05,2010-05-14,0
2026-10-05,2010-05-17,0
2026-10-05,2010-05-18,0
2026-10-05,2010-05-19,-697.9
2026-10-05,2010-05-20,0
2026-10-05,2010-05-21,0
2026-10-05,2010-05-26,156.1
2026-10-05,2010-05-27,0
2026-10-05,2010-05-28,0
2026-10-05,2010-05-31,0
2026-10-05,2010-06-01,0
2026-10-05,2010-06-02,-45.7
2026-10-05,2010-06-03,-50.9
2026-10-05,2010-06-04,0
2026-10-05,2010-06-07,0
2026-10-05,2010-06-08,0
2026-10-05,2010-06-09,-628.7
2026-10-05,2010-06-10,6.9
2026-10-05,2010-06-11,0
2026-10-05,2010-06-14,0
2026-10-05,2010-06-15,0
2026-10-05,2010-06-16,-880.3
2026-10-05,2010-06-17,0
2026-10-05,2010-06-18,0
2026-10-05,2010-06-22,0
2026-10-05,2010-06-23,-289.5
2026-10-05,2010-06-24,0
2026-10-05,2010-06-25,0
2026-10-05,2010-06-28,0
2026-10-05,2010-06-29,0
2026-10-05,2010-06-30,-78.3
2026-10-05,2010-07-01,0
2026-10-05,2010-07-02,0
2026-10-05,2010-07-05,45.9
2026-10-05,2010-07-06,0
2026-10-05,2010-07-07,-606.2
2026-10-05,2010-07-08,0
2026-10-05,2010-07-12,0
2026-10-05,2010-07-13,0
2026-10-05,2010-07-14,-706.4
2026-10-05,2010-07-15,0
2026-10-05,2010-07-16,0
2026-10-05,2010-07-19,0
2026-10-05,2010-07-20,0
2026-10-05,2010-07-21,-1335.5
2026-10-05,2010-07-22,0
2026-10-05,2010-07-23,0
2026-10-05,2010-07-26,0
2026-10-05,2010-07-27,0
2026-10-05,2010-07-28,-674.7
2026-10-05,2010-07-29,0
2026-10-05,2010-07-30,0
2026-10-05,2010-08-02,0
2026-10-05,2010-08-03,0
2026-10-05,2010-08-04,-1359.8
2026-10-05,2010-08-05,0
2026-10-05,2010-08-06,0
2026-10-05,2010-08-09,0
2026-10-05,2010-08-10,0
2026-10-05,2010-08-11,-1472.2
2026-10-05,2010-08-12,3.5
2026-10-05,2010-08-13,0
2026-10-05,2010-08-17,0
2026-10-05,2010-08-18,-959.7
2026-10-05,2010-08-19,46.7
2026-10-05,2010-08-20,0
2026-10-05,2010-08-23,26.8
2026-10-05,2010-08-24,0
2026-10-05,2010-08-25,-1113.1
2026-10-05,2010-08-26,-0.1
2026-10-05,2010-08-27,0
2026-10-05,2010-08-30,0
2026-10-05,2010-08-31,0
2026-10-05,2010-09-01,-509.8
2026-10-05,2010-09-02,20.6
2026-10-05,2010-09-03,0
2026-10-05,2010-09-06,0
2026-10-05,2010-09-07,0
2026-10-05,2010-09-08,-1784.4
2026-10-05,2010-09-09,0
2026-10-05,2010-09-10,38.5
2026-10-05,2010-09-13,0
2026-10-05,2010-09-14,0
2026-10-05,2010-09-15,-986.1
2026-10-05,2010-09-16,0
2026-10-05,2010-09-17,0
2026-10-05,2010-09-20,0
2026-10-05,2010-09-21,0
2026-10-05,2010-09-22,-772.8
2026-10-05,2010-09-23,15
2026-10-05,2010-09-24,0
2026-10-05,2010-09-27,0
2026-10-05,2010-09-28,0
2026-10-05,2010-09-29,-114.6
2026-10-05,2010-09-30,0
2026-10-05,2010-10-01,0
2026-10-05,2010-10-04,46.7
2026-10-05,2010-10-05,0
2026-10-05,2010-10-06,-282.3
2026-10-05,2010-10-07,28
2026-10-05,2010-10-08,0
2026-10-05,2010-10-12,0
2026-10-05,2010-10-13,-499.2
2026-10-05,2010-10-14,0
2026-10-05,2010-10-15,0
2026-10-05,2010-10-18,0
2026-10-05,2010-10-19,0
2026-10-05,2010-10-20,-1437.4
2026-10-05,2010-10-21,33.6
2026-10-05,2010-10-22,0
2026-10-05,2010-10-25,0
2026-10-05,2010-10-26,0
2026-10-05,2010-10-28,1311.9
2026-10-05,2010-10-29,0
2026-10-05,2010-11-01,0
2026-10-05,2010-11-02,0
2026-10-05,2010-11-03,453.708
2026-10-05,2010-11-04,0
2026-10-05,2010-11-05,0
2026-10-05,2010-11-08,0
2026-10-05,2010-11-09,0
2026-10-05,2010-11-10,-1104.4
2026-10-05,2010-11-11,10
2026-10-05,2010-11-12,5.9
2026-10-05,2010-11-15,0
2026-10-05,2010-11-16,0
2026-10-05,2010-11-17,440.3
2026-10-05,2010-11-18,0
2026-10-05,2010-11-19,0
2026-10-05,2010-11-23,27.8
2026-10-05,2010-11-24,555.8
2026-10-05,2010-11-25,101.2
2026-10-05,2010-11-26,0
2026-10-05,2010-11-29,0
2026-10-05,2010-11-30,0
2026-10-05,2010-12-01,488.5
2026-10-05,2010-12-02,7.2
2026-10-05,2010-12-03,-8
2026-10-05,2010-12-06,-3
2026-10-05,2010-12-07,-2
2026-10-05,2010-12-09,-2397.9
2026-10-05,2010-12-10,43.2
2026-10-05,2010-12-13,0
2026-10-05,2010-12-14,0
2026-10-05,2010-12-15,0
2026-10-05,2010-12-16,1161
2026-10-05,2010-12-17,0
2026-10-05,2010-12-20,0
2026-10-05,2010-12-21,0
2026-10-05,2010-12-22,-396.6
2026-10-05,2010-12-23,0
2026-10-05,2010-12-27,0
2026-10-05,2010-12-28,-0.1
2026-10-05,2010-12-29,838.8
2026-10-05,2010-12-30,0
2026-10-05,2010-12-31,0
2026-10-05,2011-01-03,48.9
2026-10-05,2011-01-04,0
2026-10-05,2011-01-05,-1345.9
2026-10-05,2011-01-06,-0.2
2026-10-05,2011-01-07,0
2026-10-05,2011-01-10,0
2026-10-05,2011-01-11,0
2026-10-05,2011-01-12,-493.6
2026-10-05,2011-01-13,36
2026-10-05,2011-01-14,0
2026-10-05,2011-01-17,0
2026-10-05,2011-01-18,0
2026-10-05,2011-01-19,-1251.8
2026-10-05,2011-01-20,35.5
2026-10-05,2011-01-21,0
2026-10-05,2011-01-24,0
2026-10-05,2011-01-25,0
2026-10-05,2011-01-26,-17.6
2026-10-05,2011-01-27,0
2026-10-05,2011-01-28,134.4
2026-10-05,2011-01-31,0
2026-10-05,2011-02-01,0
2026-10-05,2011-02-02,-929.7
2026-10-05,2011-02-03,0
2026-10-05,2011-02-04,0
2026-10-05,2011-02-07,0
2026-10-05,2011-02-08,0
2026-10-05,2011-02-09,-1018.8
2026-10-05,2011-02-10,58
2026-10-05,2011-02-11,0
2026-10-05,2011-02-14,34
2026-10-05,2011-02-15,0
2026-10-05,2011-02-16,-647.5
2026-10-05,2011-02-17,77.3
2026-10-05,2011-02-18,0
2026-10-05,2011-02-21,23.9
2026-10-05,2011-02-22,0
2026-10-05,2011-02-23,-1064.6
2026-10-05,2011-02-24,0
2026-10-05,2011-02-25,104.5
2026-10-05,2011-02-28,0
2026-10-05,2011-03-01,96.5
2026-10-05,2011-03-02,-712.8
2026-10-05,2011-03-03,0
2026-10-05,2011-03-04,0
2026-10-05,2011-03-09,-471.7
2026-10-05,2011-03-10,0
2026-10-05,2011-03-11,0
2026-10-05,2011-03-14,0
2026-10-05,2011-03-15,0
2026-10-05,2011-03-16,-907.3
2026-10-05,2011-03-17,0
2026-10-05,2011-03-18,0
2026-10-05,2011-03-21,0
2026-10-05,2011-03-22,0
2026-10-05,2011-03-23,-493.6
2026-10-05,2011-03-28,0
2026-10-05,2011-03-29,40.5
2026-10-05,2011-03-30,-715.9
2026-10-05,2011-03-31,0
2026-10-05,2011-04-01,0
2026-10-05,2011-04-04,52.2
2026-10-05,2011-04-05,99.1
2026-10-05,2011-04-06,-710.3
2026-10-05,2011-04-07,0
2026-10-05,2011-04-08,0
2026-10-05,2011-04-11,0
2026-10-05,2011-04-12,0
2026-10-05,2011-04-13,-1064.2
2026-10-05,2011-04-14,0
2026-10-05,2011-04-15,0
2026-10-05,2011-04-18,0
2026-10-05,2011-04-19,153.1
2026-10-05,2011-04-20,-991.9
2026-10-05,2011-04-25,0
2026-10-05,2011-04-26,82.7
2026-10-05,2011-04-27,946
2026-10-05,2011-04-28,138.6
2026-10-05,2011-04-29,0
2026-10-05,2011-05-02,36.7
2026-10-05,2011-05-03,0
2026-10-05,2011-05-04,-74.9
2026-10-05,2011-05-05,0
2026-10-05,2011-05-06,0
2026-10-05,2011-05-09,141.9
2026-10-05,2011-05-10,0
2026-10-05,2011-05-11,318.3
2026-10-05,2011-05-12,46
2026-10-05,2011-05-13,0
2026-10-05,2011-05-16,55.1
2026-10-05,2011-05-17,75.4
2026-10-05,2011-05-18,-825.4
2026-10-05,2011-05-19,0
2026-10-05,2011-05-20,44.3
2026-10-05,2011-05-23,23.1
2026-10-05,2011-05-24,0
2026-10-05,2011-05-26,392
2026-10-05,2011-05-27,0
2026-10-05,2011-05-30,0
2026-10-05,2011-05-31,0
2026-10-05,2011-06-01,-439.3
2026-10-05,2011-06-02,43.6
2026-10-05,2011-06-03,0
2026-10-05,2011-06-06,0
2026-10-05,2011-06-07,0
2026-10-05,2011-06-08,-718.8
2026-10-05,2011-06-09,51.2
2026-10-05,2011-06-10,0
2026-10-05,2011-06-13,0
2026-10-05,2011-06-14,0
2026-10-05,2011-06-15,-651.4
2026-10-05,2011-06-16,161.9
2026-10-05,2011-06-17,0
2026-10-05,2011-06-21,0
2026-10-05,2011-06-22,-973.8
2026-10-05,2011-06-23,68.1
2026-10-05,2011-06-24,8.9
2026-10-05,2011-06-27,2
2026-10-05,2011-06-28,1.3
2026-10-05,2011-06-29,171.1
2026-10-05,2011-06-30,0
2026-10-05,2011-07-01,0
2026-10-05,2011-07-04,53.1
2026-10-05,2011-07-05,33.2
2026-10-05,2011-07-06,1294.3
2026-10-05,2011-07-07,0
2026-10-05,2011-07-08,0
2026-10-05,2011-07-11,0
2026-10-05,2011-07-12,0
2026-10-05,2011-07-13,759.6
2026-10-05,2011-07-14,313
2026-10-05,2011-07-15,101.3
2026-10-05,2011-07-18,5.2
2026-10-05,2011-07-19,136.4
2026-10-05,2011-07-20,1329
2026-10-05,2011-07-21,0
2026-10-05,2011-07-22,0
2026-10-05,2011-07-25,0
2026-10-05,2011-07-26,63.7
2026-10-05,2011-07-27,1854.4
2026-10-05,2011-07-28,102.7
2026-10-05,2011-07-29,0
2026-10-05,2011-08-01,0
2026-10-05,2011-08-02,0
2026-10-05,2011-08-03,1117.2
2026-10-05,2011-08-04,0
2026-10-05,2011-08-05,0
2026-10-05,2011-08-08,0
2026-10-05,2011-08-09,82.3
2026-10-05,2011-08-10,1295.2
2026-10-05,2011-08-11,38.1
2026-10-05,2011-08-12,48.5
2026-10-05,2011-08-15,0
2026-10-05,2011-08-16,58.4
2026-10-05,2011-08-17,497.1
2026-10-05,2011-08-18,0
2026-10-05,2011-08-19,0
2026-10-05,2011-08-23,192.9
2026-10-05,2011-08-24,624.3
2026-10-05,2011-08-25,-160.7
2026-10-05,2011-08-26,0
2026-10-05,2011-08-29,0
2026-10-05,2011-08-30,0
2026-10-05,2011-08-31,1039.7
2026-10-05,2011-09-01,0
2026-10-05,2011-09-02,45.4
2026-10-05,2011-09-05,0
2026-10-05,2011-09-06,0
2026-10-05,2011-09-07,-59.3
2026-10-05,2011-09-08,0
2026-10-05,2011-09-09,26.2
2026-10-05,2011-09-12,0
2026-10-05,2011-09-13,0
2026-10-05,2011-09-14,673.2
2026-10-05,2011-09-15,0
2026-10-05,2011-09-16,170.9
2026-10-05,2011-09-19,42.6
2026-10-05,2011-09-20,0
2026-10-05,2011-09-21,573.2
2026-10-05,2011-09-22,0
2026-10-05,2011-09-23,79.7
2026-10-05,2011-09-26,0
2026-10-05,2011-09-27,0
2026-10-05,2011-09-28,101.3
2026-10-05,2011-09-29,65.4
2026-10-05,2011-09-30,-0.3
2026-10-05,2011-10-03,0
2026-10-05,2011-10-04,0
2026-10-05,2011-10-05,596.6
2026-10-05,2011-10-06,80.3
2026-10-05,2011-10-07,1
2026-10-05,2011-10-11,0
2026-10-05,2011-10-12,889.7
2026-10-05,2011-10-13,362.9
2026-10-05,2011-10-14,112.4
2026-10-05,2011-10-17,383.7
2026-10-05,2011-10-18,695.8
2026-10-05,2011-10-19,793.1
2026-10-05,2011-10-20,0
2026-10-05,2011-10-21,0
2026-10-05,2011-10-24,24.1
2026-10-05,2011-10-25,0
2026-10-05,2011-10-26,572.2
2026-10-05,2011-10-27,165.9
2026-10-05,2011-10-28,180.1
2026-10-05,2011-10-31,0
2026-10-05,2011-11-01,0
2026-10-05,2011-11-02,642.9
2026-10-05,2011-11-03,0
2026-10-05,2011-11-04,29.6
2026-10-05,2011-11-07,0
2026-10-05,2011-11-08,0
2026-10-05,2011-11-09,978.2
2026-10-05,2011-11-10,0
2026-10-05,2011-11-11,47.7
2026-10-05,2011-11-14,58.6
2026-10-05,2011-11-15,0
2026-10-05,2011-11-16,1026.6
2026-10-05,2011-11-17,63.2
2026-10-05,2011-11-18,2386.4
2026-10-05,2011-11-21,2455
2026-10-05,2011-11-22,586.2
2026-10-05,2011-11-23,1649.8
2026-10-05,2011-11-24,0
2026-10-05,2011-11-25,42
2026-10-05,2011-11-29,120.1
2026-10-05,2011-11-30,496.5
2026-10-05,2011-12-01,0
2026-10-05,2011-12-02,0
2026-10-05,2011-12-05,0
2026-10-05,2011-12-06,24
2026-10-05,2011-12-07,-205.6
2026-10-05,2011-12-12,35.5
2026-10-05,2011-12-13,0
2026-10-05,2011-12-14,1126.1
2026-10-05,2011-12-15,0
2026-10-05,2011-12-16,128.6
2026-10-05,2011-12-19,61.6
2026-10-05,2011-12-20,0
2026-10-05,2011-12-21,-977.7
2026-10-05,2011-12-22,0
2026-10-05,2011-12-23,66.2
2026-10-05,2011-12-27,0
2026-10-05,2011-12-28,-693.1
2026-10-05,2011-12-29,92.4
2026-10-05,2011-12-30,0
2026-10-05,2012-01-03,28.8
2026-10-05,2012-01-04,-427.3
2026-10-05,2012-01-05,0
2026-10-05,2012-01-06,115.2
2026-10-05,2012-01-09,0
2026-10-05,2012-01-10,0
2026-10-05,2012-01-11,-2346.9
2026-10-05,2012-01-12,0
2026-10-05,2012-01-13,0
2026-10-05,2012-01-16,0
2026-10-05,2012-01-17,0
2026-10-05,2012-01-18,-1774
2026-10-05,2012-01-19,105.6
2026-10-05,2012-01-20,0
2026-10-05,2012-01-23,0
2026-10-05,2012-01-24,33.4
2026-10-05,2012-01-25,54.8
2026-10-05,2012-01-26,98.6
2026-10-05,2012-01-27,214.8
2026-10-05,2012-01-30,89.4
2026-10-05,2012-01-31,0
2026-10-05,2012-02-01,-1894
2026-10-05,2012-02-02,0
2026-10-05,2012-02-03,0
2026-10-05,2012-02-06,0
2026-10-05,2012-02-07,0
2026-10-05,2012-02-08,-1075.9
2026-10-05,2012-02-09,0
2026-10-05,2012-02-10,0
2026-10-05,2012-02-13,140.1
2026-10-05,2012-02-14,0
2026-10-05,2012-02-15,-554.8
2026-10-05,2012-02-16,0
2026-10-05,2012-02-17,82.2
2026-10-05,2012-02-22,-518.8
2026-10-05,2012-02-23,147.5
2026-10-05,2012-02-24,0
2026-10-05,2012-02-28,48.2
2026-10-05,2012-02-29,-147.4
2026-10-05,2012-03-01,0
2026-10-05,2012-03-02,0
2026-10-05,2012-03-05,0
2026-10-05,2012-03-06,23.4
2026-10-05,2012-03-07,-591.1
2026-10-05,2012-03-08,0
2026-10-05,2012-03-09,44
2026-10-05,2012-03-12,0
2026-10-05,2012-03-13,0
2026-10-05,2012-03-14,27.4
2026-10-05,2012-03-15,0
2026-10-05,2012-03-16,36.5
2026-10-05,2012-03-19,54.5
2026-10-05,2012-03-20,0
2026-10-05,2012-03-21,-132.7
2026-10-05,2012-03-22,0
2026-10-05,2012-03-23,56.2
2026-10-05,2012-03-26,0
2026-10-05,2012-03-27,0
2026-10-05,2012-03-28,239.8
2026-10-05,2012-03-29,0
2026-10-05,2012-03-30,0
2026-10-05,2012-04-03,23.4
2026-10-05,2012-04-04,-126.8
2026-10-05,2012-04-09,78.6
2026-10-05,2012-04-10,0
2026-10-05,2012-04-11,260
2026-10-05,2012-04-12,0
2026-10-05,2012-04-13,0
2026-10-05,2012-04-16,0
2026-10-05,2012-04-17,0
2026-10-05,2012-04-18,-701.4
2026-10-05,2012-04-19,79
2026-10-05,2012-04-20,0
2026-10-05,2012-04-23,0
2026-10-05,2012-04-24,24.9
2026-10-05,2012-04-25,-1332.5
2026-10-05,2012-04-26,73.6
2026-10-05,2012-04-27,169.61
2026-10-05,2012-05-02,37.9
2026-10-05,2012-05-03,0
2026-10-05,2012-05-04,0
2026-10-05,2012-05-07,0
2026-10-05,2012-05-08,0
2026-10-05,2012-05-09,-965.5
2026-10-05,2012-05-10,0
2026-10-05,2012-05-11,55
2026-10-05,2012-05-14,63
2026-10-05,2012-05-15,0
2026-10-05,2012-05-16,-273
2026-10-05,2012-05-17,0
2026-10-05,2012-05-18,0
2026-10-05,2012-05-21,147.5
2026-10-05,2012-05-22,41.1
2026-10-05,2012-05-23,-548
2026-10-05,2012-05-24,0
2026-10-05,2012-05-28,36.7
2026-10-05,2012-05-29,0
2026-10-05,2012-05-30,246.3
2026-10-05,2012-05-31,0
2026-10-05,2012-06-01,0
2026-10-05,2012-06-04,0
2026-10-05,2012-06-05,0
2026-10-05,2012-06-06,-941.6
2026-10-05,2012-06-07,0
2026-10-05,2012-06-08,0
2026-10-05,2012-06-11,39.5
2026-10-05,2012-06-12,0
2026-10-05,2012-06-13,667.3
2026-10-05,2012-06-14,0
2026-10-05,2012-06-15,0
2026-10-05,2012-06-18,74.7
2026-10-05,2012-06-19,0
2026-10-05,2012-06-21,-753.6
2026-10-05,2012-06-22,0
2026-10-05,2012-06-25,47.1
2026-10-05,2012-06-26,0
2026-10-05,2012-06-27,1580.3
2026-10-05,2012-06-28,0
2026-10-05,2012-06-29,0
2026-10-05,2012-07-02,9.1
2026-10-05,2012-07-03,23.2
2026-10-05,2012-07-04,-255
2026-10-05,2012-07-05,0
2026-10-05,2012-07-06,72.9
2026-10-05,2012-07-10,0
2026-10-05,2012-07-11,247.6
2026-10-05,2012-07-12,0
2026-10-05,2012-07-13,0
2026-10-05,2012-07-16,0
2026-10-05,2012-07-17,0
2026-10-05,2012-07-18,404
2026-10-05,2012-07-19,0
2026-10-05,2012-07-20,0
2026-10-05,2012-07-23,0
2026-10-05,2012-07-24,22.8
2026-10-05,2012-07-25,-676.7
2026-10-05,2012-07-26,69.9
2026-10-05,2012-07-27,158.5
2026-10-05,2012-07-30,0
2026-10-05,2012-07-31,0
2026-10-05,2012-08-01,-661.5
2026-10-05,2012-08-02,0
2026-10-05,2012-08-03,0
2026-10-05,2012-08-06,0
2026-10-05,2012-08-07,0
2026-10-05,2012-08-08,480.8
2026-10-05,2012-08-09,0
2026-10-05,2012-08-10,0
2026-10-05,2012-08-13,55.3
2026-10-05,2012-08-14,0
2026-10-05,2012-08-15,151.2
2026-10-05,2012-08-16,0
2026-10-05,2012-08-17,0
2026-10-05,2012-08-21,159.6
2026-10-05,2012-08-22,148.6
2026-10-05,2012-08-23,0
2026-10-05,2012-08-24,0
2026-10-05,2012-08-27,0
2026-10-05,2012-08-28,38.6
2026-10-05,2012-08-29,-1285
2026-10-05,2012-08-30,0
2026-10-05,2012-08-31,0
2026-10-05,2012-09-03,0
2026-10-05,2012-09-04,0
2026-10-05,2012-09-05,-730.2
2026-10-05,2012-09-06,0
2026-10-05,2012-09-07,0
2026-10-05,2012-09-10,0
2026-10-05,2012-09-11,0
2026-10-05,2012-09-12,-225.2
2026-10-05,2012-09-13,0
2026-10-05,2012-09-14,0
2026-10-05,2012-09-17,0
2026-10-05,2012-09-18,48.6
2026-10-05,2012-09-19,568.8
2026-10-05,2012-09-20,0
2026-10-05,2012-09-21,0
2026-10-05,2012-09-25,0
2026-10-05,2012-09-26,515.3
2026-10-05,2012-09-27,0
2026-10-05,2012-09-28,0
2026-10-05,2012-10-01,0
2026-10-05,2012-10-02,11.5
2026-10-05,2012-10-03,538.9
2026-10-05,2012-10-04,0
2026-10-05,2012-10-05,0
2026-10-05,2012-10-09,0
2026-10-05,2012-10-10,-318.8
2026-10-05,2012-10-11,0
2026-10-05,2012-10-12,0
2026-10-05,2012-10-15,0
2026-10-05,2012-10-16,0
2026-10-05,2012-10-17,-518.3
2026-10-05,2012-10-18,0
2026-10-05,2012-10-19,0
2026-10-05,2012-10-22,0
2026-10-05,2012-10-23,0
2026-10-05,2012-10-24,-105.3
2026-10-05,2012-10-25,0
2026-10-05,2012-10-26,109
2026-10-05,2012-10-29,134.1
2026-10-05,2012-10-30,0
2026-10-05,2012-10-31,1372.8
2026-10-05,2012-11-01,0
2026-10-05,2012-11-02,0
2026-10-05,2012-11-05,0
2026-10-05,2012-11-07,-78.4
2026-10-05,2012-11-08,0
2026-10-05,2012-11-09,0
2026-10-05,2012-11-12,0
2026-10-05,2012-11-13,0
2026-10-05,2012-11-14,719
2026-10-05,2012-11-15,-0.7
2026-10-05,2012-11-16,0
2026-10-05,2012-11-19,0
2026-10-05,2012-11-20,109.8
2026-10-05,2012-11-21,1407.3
2026-10-05,2012-11-22,58.4
2026-10-05,2012-11-23,0
2026-10-05,2012-11-27,0
2026-10-05,2012-11-28,489.6
2026-10-05,2012-11-29,0
2026-10-05,2012-11-30,0
2026-10-05,2012-12-03,0
2026-10-05,2012-12-04,0
2026-10-05,2012-12-05,1098.3
2026-10-05,2012-12-06,0
2026-10-05,2012-12-07,0
2026-10-05,2012-12-10,0
2026-10-05,2012-12-11,0
2026-10-05,2012-12-12,-178.9
2026-10-05,2012-12-13,0
2026-10-05,2012-12-14,0
2026-10-05,2012-12-17,0
2026-10-05,2012-12-18,52.7
2026-10-05,2012-12-19,947.2
2026-10-05,2012-12-20,0
2026-10-05,2012-12-21,0
2026-10-05,2012-12-26,1209.5
2026-10-05,2012-12-27,0
2026-10-05,2012-12-28,0
2026-10-05,2012-12-31,0
2026-10-05,2013-01-02,188.5
2026-10-05,2013-01-03,53
2026-10-05,2013-01-04,0
2026-10-05,2013-01-07,0
2026-10-05,2013-01-08,0
2026-10-05,2013-01-09,-2969.2
2026-10-05,2013-01-10,0
2026-10-05,2013-01-11,0
2026-10-05,2013-01-14,0
2026-10-05,2013-01-15,0
2026-10-05,2013-01-16,-1607.8
2026-10-05,2013-01-17,0
2026-10-05,2013-01-18,0
2026-10-05,2013-01-21,0
2026-10-05,2013-01-22,0
2026-10-05,2013-01-23,-2574.6
2026-10-05,2013-01-24,32.9
2026-10-05,2013-01-25,0
2026-10-05,2013-01-28,142.2
2026-10-05,2013-01-29,0
2026-10-05,2013-01-30,-3592.5
2026-10-05,2013-02-01,0
2026-10-05,2013-02-04,0
2026-10-05,2013-02-05,0
2026-10-05,2013-02-06,-2511.3
2026-10-05,2013-02-07,0
2026-10-05,2013-02-08,0
2026-10-05,2013-02-13,-627.5
2026-10-05,2013-02-14,0
2026-10-05,2013-02-15,0
2026-10-05,2013-02-18,0
2026-10-05,2013-02-19,0
2026-10-05,2013-02-21,-45.4
2026-10-05,2013-02-22,60.2
2026-10-05,2013-02-25,0
2026-10-05,2013-02-26,0
2026-10-05,2013-02-27,-230.7
2026-10-05,2013-02-28,43.3
2026-10-05,2013-03-01,0
2026-10-05,2013-03-04,0
2026-10-05,2013-03-05,0
2026-10-05,2013-03-06,-1531.4
2026-10-05,2013-03-07,0
2026-10-05,2013-03-08,0
2026-10-05,2013-03-11,0
2026-10-05,2013-03-12,0
2026-10-05,2013-03-13,-1068.4
2026-10-05,2013-03-14,0
2026-10-05,2013-03-15,0
2026-10-05,2013-03-18,52.3
2026-10-05,2013-03-19,0
2026-10-05,2013-03-20,-288.1
2026-10-05,2013-03-21,0
2026-10-05,2013-03-22,0
2026-10-05,2013-03-25,0
2026-10-05,2013-03-26,0
2026-10-05,2013-03-27,2222.7
2026-10-05,2013-04-03,1641.3
2026-10-05,2013-04-04,0
2026-10-05,2013-04-05,2000.7
2026-10-05,2013-04-08,0
2026-10-05,2013-04-09,0
2026-10-05,2013-04-10,-1407.3
2026-10-05,2013-04-11,0
2026-10-05,2013-04-12,0
2026-10-05,2013-04-15,0
2026-10-05,2013-04-16,0
2026-10-05,2013-04-17,-443.4
2026-10-05,2013-04-18,0
2026-10-05,2013-04-19,0
2026-10-05,2013-04-22,0
2026-10-05,2013-04-23,0
2026-10-05,2013-04-24,-1937
2026-10-05,2013-04-25,0
2026-10-05,2013-04-26,0
2026-10-05,2013-04-29,76.3
2026-10-05,2013-04-30,0
2026-10-05,2013-05-02,-311.1
2026-10-05,2013-05-03,0
2026-10-05,2013-05-06,0
2026-10-05,2013-05-07,0
2026-10-05,2013-05-08,1322.6
2026-10-05,2013-05-09,0
2026-10-05,2013-05-10,0
2026-10-05,2013-05-13,0
2026-10-05,2013-05-14,0
2026-10-05,2013-05-15,2400.4
2026-10-05,2013-05-16,0
2026-10-05,2013-05-17,0
2026-10-05,2013-05-20,51
2026-10-05,2013-05-21,0
2026-10-05,2013-05-22,308
2026-10-05,2013-05-23,0
2026-10-05,2013-05-24,0
2026-10-05,2013-05-27,0
2026-10-05,2013-05-28,41.8
2026-10-05,2013-05-29,-810.1
2026-10-05,2013-05-30,0
2026-10-05,2013-05-31,0
2026-10-05,2013-06-03,0
2026-10-05,2013-06-04,0
2026-10-05,2013-06-05,-28.3
2026-10-05,2013-06-06,0
2026-10-05,2013-06-07,0
2026-10-05,2013-06-10,0
2026-10-05,2013-06-11,0
2026-10-05,2013-06-12,4.9
2026-10-05,2013-06-13,0
2026-10-05,2013-06-14,0
2026-10-05,2013-06-17,0
2026-10-05,2013-06-18,54.9
2026-10-05,2013-06-19,-313.3
2026-10-05,2013-06-24,0
2026-10-05,2013-06-25,0
2026-10-05,2013-06-26,1219.7
2026-10-05,2013-06-27,0
2026-10-05,2013-06-28,0
2026-10-05,2013-07-01,0
2026-10-05,2013-07-02,25.8
2026-10-05,2013-07-03,1367.5
2026-10-05,2013-07-04,0
2026-10-05,2013-07-05,0
2026-10-05,2013-07-08,0
2026-10-05,2013-07-10,315.6
2026-10-05,2013-07-11,0
2026-10-05,2013-07-12,0
2026-10-05,2013-07-15,0
2026-10-05,2013-07-16,0
2026-10-05,2013-07-17,466.5
2026-10-05,2013-07-18,0
2026-10-05,2013-07-19,0
2026-10-05,2013-07-22,0
2026-10-05,2013-07-23,0
2026-10-05,2013-07-24,-652.1
2026-10-05,2013-07-25,0
2026-10-05,2013-07-26,0
2026-10-05,2013-07-29,84.7
2026-10-05,2013-07-30,0
2026-10-05,2013-07-31,454.7
2026-10-05,2013-08-01,0
2026-10-05,2013-08-02,0
2026-10-05,2013-08-05,0
2026-10-05,2013-08-06,0
2026-10-05,2013-08-07,-133.9
2026-10-05,2013-08-08,0
2026-10-05,2013-08-09,0
2026-10-05,2013-08-12,0
2026-10-05,2013-08-13,0
2026-10-05,2013-08-14,-802.1
2026-10-05,2013-08-15,0
2026-10-05,2013-08-16,0
2026-10-05,2013-08-20,58.4
2026-10-05,2013-08-21,-764.6
2026-10-05,2013-08-22,0
2026-10-05,2013-08-23,0
2026-10-05,2013-08-26,0
2026-10-05,2013-08-27,0
2026-10-05,2013-08-28,-1249.6
2026-10-05,2013-08-29,0
2026-10-05,2013-08-30,0
2026-10-05,2013-09-02,0
2026-10-05,2013-09-03,0
2026-10-05,2013-09-04,140
2026-10-05,2013-09-05,0
2026-10-05,2013-09-06,0
2026-10-05,2013-09-09,0
2026-10-05,2013-09-10,0
2026-10-05,2013-09-11,-1389.1
2026-10-05,2013-09-12,0
2026-10-05,2013-09-13,0
2026-10-05,2013-09-16,0
2026-10-05,2013-09-17,0
2026-10-05,2013-09-18,-2061.3
2026-10-05,2013-09-19,0
2026-10-05,2013-09-20,0
2026-10-05,2013-09-23,0
2026-10-05,2013-09-24,0
2026-10-05,2013-09-25,-761.7
2026-10-05,2013-09-26,0
2026-10-05,2013-09-27,0
2026-10-05,2013-09-30,0
2026-10-05,2013-10-01,0
2026-10-05,2013-10-02,1414.8
2026-10-05,2013-10-03,0
2026-10-05,2013-10-04,0
2026-10-05,2013-10-07,0
2026-10-05,2013-10-08,0
2026-10-05,2013-10-09,-1559
2026-10-05,2013-10-10,0
2026-10-05,2013-10-11,0
2026-10-05,2013-10-15,0
2026-10-05,2013-10-16,765
2026-10-05,2013-10-17,0
2026-10-05,2013-10-18,0
2026-10-05,2013-10-21,0
2026-10-05,2013-10-22,0
2026-10-05,2013-10-23,-453.1
2026-10-05,2013-10-24,0
2026-10-05,2013-10-25,0
2026-10-05,2013-10-28,93.4
2026-10-05,2013-10-29,0
2026-10-05,2013-10-30,926.5
2026-10-05,2013-10-31,0
2026-10-05,2013-11-01,0
2026-10-05,2013-11-04,0
2026-10-05,2013-11-05,0
2026-10-05,2013-11-07,-491.2
2026-10-05,2013-11-08,0
2026-10-05,2013-11-11,0
2026-10-05,2013-11-12,0
2026-10-05,2013-11-13,1900.2
2026-10-05,2013-11-14,0
2026-10-05,2013-11-15,0
2026-10-05,2013-11-18,0
2026-10-05,2013-11-19,0
2026-10-05,2013-11-20,1360.3
2026-10-05,2013-11-21,0
2026-10-05,2013-11-22,0
2026-10-05,2013-11-26,0
2026-10-05,2013-11-27,528.3
2026-10-05,2013-11-28,0
2026-10-05,2013-11-29,0
2026-10-05,2013-12-02,0
2026-10-05,2013-12-03,0
2026-10-05,2013-12-04,2244.8
2026-10-05,2013-12-05,0
2026-10-05,2013-12-06,0
2026-10-05,2013-12-09,0
2026-10-05,2013-12-10,0
2026-10-05,2013-12-11,1056.2
2026-10-05,2013-12-12,0
2026-10-05,2013-12-13,-195
2026-10-05,2013-12-16,-403.5
2026-10-05,2013-12-17,-88.6
2026-10-05,2013-12-18,816
2026-10-05,2013-12-19,3276
2026-10-05,2013-12-20,-64.2
2026-10-05,2013-12-23,-159.9
2026-10-05,2013-12-26,40.5
2026-10-05,2013-12-27,-266.7
2026-10-05,2013-12-30,0
2026-10-05,2014-01-02,839.1
2026-10-05,2014-01-03,-98.4
2026-10-05,2014-01-06,-109.9
2026-10-05,2014-01-07,0
2026-10-05,2014-01-08,-2261.3
2026-10-05,2014-01-09,504.6
2026-10-05,2014-01-10,383.4
2026-10-05,2014-01-13,-66.9
2026-10-05,2014-01-14,-134.2
2026-10-05,2014-01-15,-1893.9
2026-10-05,2014-01-16,-105.6
2026-10-05,2014-01-17,0
2026-10-05,2014-01-20,-34.1
2026-10-05,2014-01-21,0
2026-10-05,2014-01-22,-2705
2026-10-05,2014-01-23,-122.9
2026-10-05,2014-01-24,0
2026-10-05,2014-01-27,144.7
2026-10-05,2014-01-28,-8.1
2026-10-05,2014-01-29,-5077.6
2026-10-05,2014-01-30,0
2026-10-05,2014-01-31,0
2026-10-05,2014-02-03,0
2026-10-05,2014-02-04,0
2026-10-05,2014-02-05,-7194.1
2026-10-05,2014-02-06,1441.3
2026-10-05,2014-02-07,455.1
2026-10-05,2014-02-10,0
2026-10-05,2014-02-11,0
2026-10-05,2014-02-12,-11274.1
2026-10-05,2014-02-13,0
2026-10-05,2014-02-14,0
2026-10-05,2014-02-17,0
2026-10-05,2014-02-18,0
2026-10-05,2014-02-19,-5117.6
2026-10-05,2014-02-20,280.6
2026-10-05,2014-02-21,0
2026-10-05,2014-02-24,0
2026-10-05,2014-02-25,0
2026-10-05,2014-02-26,-5839.6
2026-10-05,2014-02-27,0
2026-10-05,2014-02-28,-71
2026-10-05,2014-03-05,542.1
2026-10-05,2014-03-06,2998.7
2026-10-05,2014-03-07,2557
2026-10-05,2014-03-10,0
2026-10-05,2014-03-11,0
2026-10-05,2014-03-12,-2086.5
2026-10-05,2014-03-13,2735.6
2026-10-05,2014-03-14,459.9
2026-10-05,2014-03-17,0
2026-10-05,2014-03-18,349.6
2026-10-05,2014-03-19,-895.5
2026-10-05,2014-03-20,2.5
2026-10-05,2014-03-21,305.1
2026-10-05,2014-03-25,34.1
2026-10-05,2014-03-26,1880.1
2026-10-05,2014-03-27,37.8
2026-10-05,2014-03-28,75.3
2026-10-05,2014-03-31,0
2026-10-05,2014-04-01,169.8
2026-10-05,2014-04-03,-3375.8
2026-10-05,2014-04-04,84.8
2026-10-05,2014-04-07,41.5
2026-10-05,2014-04-08,24.7
2026-10-05,2014-04-09,-6317.5
2026-10-05,2014-04-10,0
2026-10-05,2014-04-11,80.8
2026-10-05,2014-04-14,0
2026-10-05,2014-04-15,0
2026-10-05,2014-04-16,-3330.5
2026-10-05,2014-04-21,12.4
2026-10-05,2014-04-22,25.1
2026-10-05,2014-04-23,-5015.9
2026-10-05,2014-04-24,0
2026-10-05,2014-04-25,0
2026-10-05,2014-04-28,155.6
2026-10-05,2014-04-29,84.1
2026-10-05,2014-04-30,-6169.7
2026-10-05,2014-05-05,0
2026-10-05,2014-05-06,202.4
2026-10-05,2014-05-07,571
2026-10-05,2014-05-08,0
2026-10-05,2014-05-09,56.7
2026-10-05,2014-05-12,48
2026-10-05,2014-05-13,81
2026-10-05,2014-05-14,-2545
2026-10-05,2014-05-15,58.2
2026-10-05,2014-05-16,40.8
2026-10-05,2014-05-19,40.8
2026-10-05,2014-05-20,370.8
2026-10-05,2014-05-21,-1290.2
2026-10-05,2014-05-22,81.4
2026-10-05,2014-05-23,128.6
2026-10-05,2014-05-26,97.6
2026-10-05,2014-05-27,14.2
2026-10-05,2014-05-28,-3384.7
2026-10-05,2014-05-29,220.6
2026-10-05,2014-05-30,82
2026-10-05,2014-06-02,99.4
2026-10-05,2014-06-03,74.3
2026-10-05,2014-06-04,-4618.5
2026-10-05,2014-06-05,0
2026-10-05,2014-06-06,69.9
2026-10-05,2014-06-09,27.7
2026-10-05,2014-06-10,4.1
2026-10-05,2014-06-11,-1160.7
2026-10-05,2014-06-12,2
2026-10-05,2014-06-13,16.3
2026-10-05,2014-06-16,21.8
2026-10-05,2014-06-17,79
2026-10-05,2014-06-18,3142.6
2026-10-05,2014-06-19,0
2026-10-05,2014-06-23,0
2026-10-05,2014-06-24,99
2026-10-05,2014-06-25,866.1
2026-10-05,2014-06-26,0
2026-10-05,2014-06-27,0
2026-10-05,2014-06-30,2022.3
2026-10-05,2014-07-01,0
2026-10-05,2014-07-02,1095.9
2026-10-05,2014-07-03,0
2026-10-05,2014-07-04,0
2026-10-05,2014-07-07,0
2026-10-05,2014-07-08,0
2026-10-05,2014-07-10,-5303.8
2026-10-05,2014-07-11,0
2026-10-05,2014-07-14,0
2026-10-05,2014-07-15,0
2026-10-05,2014-07-16,-3907.4
2026-10-05,2014-07-17,0
2026-10-05,2014-07-18,0
2026-10-05,2014-07-21,0
2026-10-05,2014-07-22,0
2026-10-05,2014-07-23,-3787
2026-10-05,2014-07-24,0
2026-10-05,2014-07-25,0
2026-10-05,2014-07-28,8.3
2026-10-05,2014-07-29,0
2026-10-05,2014-07-30,-2521.7
2026-10-05,2014-07-31,0
2026-10-05,2014-08-01,0
2026-10-05,2014-08-04,0
2026-10-05,2014-08-05,54.6
2026-10-05,2014-08-06,-465.8
2026-10-05,2014-08-07,0
2026-10-05,2014-08-08,0
2026-10-05,2014-08-11,0
2026-10-05,2014-08-12,0
2026-10-05,2014-08-13,-338.9
2026-10-05,2014-08-14,0
2026-10-05,2014-08-15,0
2026-10-05,2014-08-19,0
2026-10-05,2014-08-20,2499.9
2026-10-05,2014-08-21,0
2026-10-05,2014-08-22,0
2026-10-05,2014-08-25,0
2026-10-05,2014-08-26,0
2026-10-05,2014-08-27,-2803.4
2026-10-05,2014-08-28,0
2026-10-05,2014-08-29,0
2026-10-05,2014-09-01,0
2026-10-05,2014-09-02,0
2026-10-05,2014-09-03,-1770.9
2026-10-05,2014-09-04,0
2026-10-05,2014-09-05,0
2026-10-05,2014-09-08,0
2026-10-05,2014-09-09,0
2026-10-05,2014-09-10,-6614.9
2026-10-05,2014-09-11,0
2026-10-05,2014-09-12,0
2026-10-05,2014-09-15,0
2026-10-05,2014-09-16,0
2026-10-05,2014-09-17,-9342.7
2026-10-05,2014-09-18,0
2026-10-05,2014-09-19,0
2026-10-05,2014-09-22,0
2026-10-05,2014-09-23,0
2026-10-05,2014-09-24,-171.5
2026-10-05,2014-09-25,0
2026-10-05,2014-09-26,0
2026-10-05,2014-09-29,2237
2026-10-05,2014-09-30,0
2026-10-05,2014-10-01,-593.9
2026-10-05,2014-10-02,0
2026-10-05,2014-10-03,-151.5
2026-10-05,2014-10-06,-80
2026-10-05,2014-10-07,0
2026-10-05,2014-10-08,-550.5
2026-10-05,2014-10-09,-79.2
2026-10-05,2014-10-10,0
2026-10-05,2014-10-14,0
2026-10-05,2014-10-15,438
2026-10-05,2014-10-16,0
2026-10-05,2014-10-17,0
2026-10-05,2014-10-20,0
2026-10-05,2014-10-21,0
2026-10-05,2014-10-22,-161.2
2026-10-05,2014-10-23,0
2026-10-05,2014-10-24,0
2026-10-05,2014-10-27,0
2026-10-05,2014-10-28,0
2026-10-05,2014-10-29,-1826.9
2026-10-05,2014-10-30,0
2026-10-05,2014-10-31,-51
2026-10-05,2014-11-03,0
2026-10-05,2014-11-04,-97.1
2026-10-05,2014-11-05,-1063.2
2026-10-05,2014-11-07,-13.9
2026-10-05,2014-11-10,-68.1
2026-10-05,2014-11-11,0
2026-10-05,2014-11-12,-3270.1
2026-10-05,2014-11-13,-34.1
2026-10-05,2014-11-14,-34.1
2026-10-05,2014-11-17,0
2026-10-05,2014-11-18,0
2026-10-05,2014-11-19,-702.4
2026-10-05,2014-11-20,0
2026-10-05,2014-11-21,0
2026-10-05,2014-11-25,0
2026-10-05,2014-11-26,-67.8
2026-10-05,2014-11-27,0
2026-10-05,2014-11-28,0
2026-10-05,2014-12-01,0
2026-10-05,2014-12-02,-46.5
2026-10-05,2014-12-03,-594.8
2026-10-05,2014-12-04,0
2026-10-05,2014-12-05,0
2026-10-05,2014-12-09,0
2026-10-05,2014-12-10,-1730.3
2026-10-05,2014-12-11,0
2026-10-05,2014-12-12,1437.6
2026-10-05,2014-12-15,1440.5
2026-10-05,2014-12-16,956.2
2026-10-05,2014-12-17,466.7
2026-10-05,2014-12-18,-34.1
2026-10-05,2014-12-19,0
2026-10-05,2014-12-22,0
2026-10-05,2014-12-23,0
2026-10-05,2014-12-24,-13.8448
2026-10-05,2014-12-29,0
2026-10-05,2014-12-30,0
2026-10-05,2015-01-02,-1520.88
2026-10-05,2015-01-05,0
2026-10-05,2015-01-06,0
2026-10-05,2015-01-07,-6728.7
2026-10-05,2015-01-08,0
2026-10-05,2015-01-09,0
2026-10-05,2015-01-12,0
2026-10-05,2015-01-13,0
2026-10-05,2015-01-14,-3891.4
2026-10-05,2015-01-15,-54.1
2026-10-05,2015-01-16,0
2026-10-05,2015-01-19,0
2026-10-05,2015-01-20,0
2026-10-05,2015-01-21,-11923.7
2026-10-05,2015-01-22,0
2026-10-05,2015-01-23,0
2026-10-05,2015-01-26,0
2026-10-05,2015-01-27,0
2026-10-05,2015-01-28,-2142.9
2026-10-05,2015-01-29,0
2026-10-05,2015-01-30,0
2026-10-05,2015-02-02,0
2026-10-05,2015-02-03,0
2026-10-05,2015-02-04,-2684.3
2026-10-05,2015-02-05,0
2026-10-05,2015-02-06,0
2026-10-05,2015-02-09,0
2026-10-05,2015-02-10,70
2026-10-05,2015-02-11,-6483.9
2026-10-05,2015-02-12,35.1
2026-10-05,2015-02-13,35.1
2026-10-05,2015-02-18,18.8
2026-10-05,2015-02-19,0
2026-10-05,2015-02-20,0
2026-10-05,2015-02-23,0
2026-10-05,2015-02-24,0
2026-10-05,2015-02-25,-6366.1
2026-10-05,2015-02-26,0
2026-10-05,2015-02-27,0
2026-10-05,2015-03-02,0
2026-10-05,2015-03-03,0
2026-10-05,2015-03-04,-3805.5
2026-10-05,2015-03-05,0
2026-10-05,2015-03-06,0
2026-10-05,2015-03-09,6116.7
2026-10-05,2015-03-10,0
2026-10-05,2015-03-11,-1795
2026-10-05,2015-03-12,0
2026-10-05,2015-03-13,0
2026-10-05,2015-03-16,1919.1
2026-10-05,2015-03-17,6.1
2026-10-05,2015-03-18,-389.3
2026-10-05,2015-03-19,0
2026-10-05,2015-03-20,8856.1
2026-10-05,2015-03-25,2916.5
2026-10-05,2015-03-26,0
2026-10-05,2015-03-27,0
2026-10-05,2015-03-30,0
2026-10-05,2015-03-31,0
2026-10-05,2015-04-01,3534.4
2026-10-05,2015-04-06,19.9
2026-10-05,2015-04-07,22.3
2026-10-05,2015-04-08,-3307.1
2026-10-05,2015-04-09,46.5
2026-10-05,2015-04-10,10.6
2026-10-05,2015-04-13,6.8
2026-10-05,2015-04-14,26.5
2026-10-05,2015-04-15,3121.3
2026-10-05,2015-04-16,10.2
2026-10-05,2015-04-17,0
2026-10-05,2015-04-20,303.9
2026-10-05,2015-04-21,0
2026-10-05,2015-04-22,-2682
2026-10-05,2015-04-23,0
2026-10-05,2015-04-24,2331.7
2026-10-05,2015-04-27,0
2026-10-05,2015-04-28,0
2026-10-05,2015-04-29,-6760.2
2026-10-05,2015-04-30,0
2026-10-05,2015-05-04,28
2026-10-05,2015-05-05,0
2026-10-05,2015-05-06,793.9
2026-10-05,2015-05-07,0
2026-10-05,2015-05-08,0
2026-10-05,2015-05-11,65.6
2026-10-05,2015-05-12,0
2026-10-05,2015-05-13,2108.2
2026-10-05,2015-05-14,0
2026-10-05,2015-05-15,0
2026-10-05,2015-05-18,0
2026-10-05,2015-05-19,0
2026-10-05,2015-05-20,-1643
2026-10-05,2015-05-21,0
2026-10-05,2015-05-22,0
2026-10-05,2015-05-26,0
2026-10-05,2015-05-27,2970.6
2026-10-05,2015-05-28,0
2026-10-05,2015-05-29,0
2026-10-05,2015-06-01,49.9
2026-10-05,2015-06-02,0
2026-10-05,2015-06-03,-478.2
2026-10-05,2015-06-04,0
2026-10-05,2015-06-05,0
2026-10-05,2015-06-08,2226.9
2026-10-05,2015-06-09,0
2026-10-05,2015-06-10,962.5
2026-10-05,2015-06-11,0
2026-10-05,2015-06-12,0
2026-10-05,2015-06-15,0
2026-10-05,2015-06-16,36.7
2026-10-05,2015-06-17,-3002.7
2026-10-05,2015-06-18,-43.2
2026-10-05,2015-06-19,-62.8
2026-10-05,2015-06-22,0
2026-10-05,2015-06-23,0
2026-10-05,2015-06-24,-8984.5
2026-10-05,2015-06-25,-198.5
2026-10-05,2015-06-26,0
2026-10-05,2015-06-29,0
2026-10-05,2015-06-30,0
2026-10-05,2015-07-01,-13.3
2026-10-05,2015-07-02,0
2026-10-05,2015-07-03,1564.7
2026-10-05,2015-07-06,0
2026-10-05,2015-07-07,0
2026-10-05,2015-07-08,3107.9
2026-10-05,2015-07-10,0
2026-10-05,2015-07-13,0
2026-10-05,2015-07-14,759.3
2026-10-05,2015-07-15,2078.4
2026-10-05,2015-07-16,99.1
2026-10-05,2015-07-17,0
2026-10-05,2015-07-20,0
2026-10-05,2015-07-21,0
2026-10-05,2015-07-22,2403.9
2026-10-05,2015-07-23,0
2026-10-05,2015-07-24,0
2026-10-05,2015-07-27,773.4
2026-10-05,2015-07-28,-605.7
2026-10-05,2015-07-29,-2312.1
2026-10-05,2015-07-30,-508.7
2026-10-05,2015-07-31,249.1
2026-10-05,2015-08-03,815.9
2026-10-05,2015-08-04,2178.3
2026-10-05,2015-08-05,-128.9
2026-10-05,2015-08-06,615.3
2026-10-05,2015-08-07,0
2026-10-05,2015-08-10,-1100.1
2026-10-05,2015-08-11,0
2026-10-05,2015-08-12,-2403.8
2026-10-05,2015-08-13,0
2026-10-05,2015-08-14,0
2026-10-05,2015-08-18,0
2026-10-05,2015-08-19,-1580.8
2026-10-05,2015-08-20,0
2026-10-05,2015-08-21,0
2026-10-05,2015-08-24,-288.3
2026-10-05,2015-08-25,0
2026-10-05,2015-08-26,-372.6
2026-10-05,2015-08-27,0
2026-10-05,2015-08-28,0
2026-10-05,2015-08-31,0
2026-10-05,2015-09-01,0
2026-10-05,2015-09-02,2139.2
2026-10-05,2015-09-03,0
2026-10-05,2015-09-04,465.3
2026-10-05,2015-09-07,0
2026-10-05,2015-09-08,0
2026-10-05,2015-09-09,-372.9
2026-10-05,2015-09-10,4021.7
2026-10-05,2015-09-11,253.1
2026-10-05,2015-09-14,113.2
2026-10-05,2015-09-15,0
2026-10-05,2015-09-16,2844.9
2026-10-05,2015-09-17,0
2026-10-05,2015-09-18,361.6
2026-10-05,2015-09-21,0
2026-10-05,2015-09-22,0
2026-10-05,2015-09-23,-204.3
2026-10-05,2015-09-24,0
2026-10-05,2015-09-25,1084.9
2026-10-05,2015-09-28,0
2026-10-05,2015-09-29,4855.5
2026-10-05,2015-09-30,111.9
2026-10-05,2015-10-01,939.8
2026-10-05,2015-10-02,2992.9
2026-10-05,2015-10-05,0
2026-10-05,2015-10-06,0
2026-10-05,2015-10-07,2010.5
2026-10-05,2015-10-08,1006.9
2026-10-05,2015-10-09,0
2026-10-05,2015-10-13,0
2026-10-05,2015-10-14,-591.5
2026-10-05,2015-10-15,0
2026-10-05,2015-10-16,0
2026-10-05,2015-10-19,0
2026-10-05,2015-10-20,0
2026-10-05,2015-10-21,-197.8
2026-10-05,2015-10-22,1599.5
2026-10-05,2015-10-23,0
2026-10-05,2015-10-26,0
2026-10-05,2015-10-27,1076.2
2026-10-05,2015-10-28,-457
2026-10-05,2015-10-29,0
2026-10-05,2015-10-30,1685.3
2026-10-05,2015-11-02,0
2026-10-05,2015-11-03,0
2026-10-05,2015-11-04,-612.4
2026-10-05,2015-11-05,5189.2
2026-10-05,2015-11-09,3828.1
2026-10-05,2015-11-10,0
2026-10-05,2015-11-11,-905
2026-10-05,2015-11-12,1038.2
2026-10-05,2015-11-13,0
2026-10-05,2015-11-16,2823.6
2026-10-05,2015-11-17,0
2026-10-05,2015-11-18,438.4
2026-10-05,2015-11-19,1537.5
2026-10-05,2015-11-20,0
2026-10-05,2015-11-23,0
2026-10-05,2015-11-24,0
2026-10-05,2015-11-25,-1352
2026-10-05,2015-11-26,-0.9
2026-10-05,2015-11-30,0
2026-10-05,2015-12-01,7374.8
2026-10-05,2015-12-02,2202.6
2026-10-05,2015-12-03,10037.5
2026-10-05,2015-12-04,0
2026-10-05,2015-12-09,7666.3
2026-10-05,2015-12-10,0
2026-10-05,2015-12-11,0
2026-10-05,2015-12-14,0
2026-10-05,2015-12-15,0
2026-10-05,2015-12-16,3332.7
2026-10-05,2015-12-17,0
2026-10-05,2015-12-18,0
2026-10-05,2015-12-21,-349.4
2026-10-05,2015-12-22,-392.7
2026-10-05,2015-12-23,-16426.3
2026-10-05,2015-12-24,0
2026-10-05,2015-12-28,-292.5
2026-10-05,2015-12-29,-460.4
2026-10-05,2015-12-30,-28183.5
2026-10-05,2015-12-31,0
2026-10-05,2016-01-04,-156.9
2026-10-05,2016-01-05,-379
2026-10-05,2016-01-06,-22805.1
2026-10-05,2016-01-07,-167.3
2026-10-05,2016-01-08,0
2026-10-05,2016-01-11,0
2026-10-05,2016-01-12,0
2026-10-05,2016-01-13,-20496.2
2026-10-05,2016-01-14,-309.6
2026-10-05,2016-01-15,0
2026-10-05,2016-01-18,0
2026-10-05,2016-01-19,40.5
2026-10-05,2016-01-20,-2490.7
2026-10-05,2016-01-21,67.9
2026-10-05,2016-01-22,0
2026-10-05,2016-01-25,0
2026-10-05,2016-01-26,69.4
2026-10-05,2016-01-27,-2242.2
2026-10-05,2016-01-28,0
2026-10-05,2016-01-29,0
2026-10-05,2016-02-01,0
2026-10-05,2016-02-02,0
2026-10-05,2016-02-03,-12998.8
2026-10-05,2016-02-04,0
2026-10-05,2016-02-05,2000
2026-10-05,2016-02-10,-13284.85
2026-10-05,2016-02-11,0
2026-10-05,2016-02-12,0
2026-10-05,2016-02-15,0
2026-10-05,2016-02-16,0
2026-10-05,2016-02-17,-11496.3
2026-10-05,2016-02-18,0
2026-10-05,2016-02-19,0
2026-10-05,2016-02-22,0
2026-10-05,2016-02-23,0
2026-10-05,2016-02-24,5162.7
2026-10-05,2016-02-25,0
2026-10-05,2016-02-26,0
2026-10-05,2016-02-29,0
2026-10-05,2016-03-01,0.5
2026-10-05,2016-03-02,12745.4
2026-10-05,2016-03-03,9458.7
2026-10-05,2016-03-04,0
2026-10-05,2016-03-07,0
2026-10-05,2016-03-08,-2078.3
2026-10-05,2016-03-09,-6366.0329
2026-10-05,2016-03-10,-901.7
2026-10-05,2016-03-11,-273.1
2026-10-05,2016-03-14,-63.8
2026-10-05,2016-03-15,79.9
2026-10-05,2016-03-16,7132
2026-10-05,2016-03-17,0
2026-10-05,2016-03-18,-978.3
2026-10-05,2016-03-21,-1854.7
2026-10-05,2016-03-22,-1465.1
2026-10-05,2016-03-23,10561.02
2026-10-05,2016-03-28,-2093.6
2026-10-05,2016-03-29,-3160.4
2026-10-05,2016-03-30,-6402.1
2026-10-05,2016-03-31,-1459.7
2026-10-05,2016-04-01,420.3
2026-10-05,2016-04-04,-2845.5
2026-10-05,2016-04-05,-4453.2
2026-10-05,2016-04-06,-13501.3
2026-10-05,2016-04-07,-421.6
2026-10-05,2016-04-08,-1373.4
2026-10-05,2016-04-11,-799.3
2026-10-05,2016-04-12,-1262.4
2026-10-05,2016-04-13,4583.1
2026-10-05,2016-04-14,-1835.1
2026-10-05,2016-04-15,-1024.9
2026-10-05,2016-04-18,-186.1
2026-10-05,2016-04-19,534.7
2026-10-05,2016-04-20,-246.5
2026-10-05,2016-04-21,-130.2
2026-10-05,2016-04-22,-234.2
2026-10-05,2016-04-25,32.4
2026-10-05,2016-04-26,-1031
2026-10-05,2016-04-27,1278.4
2026-10-05,2016-04-28,-1656.3
2026-10-05,2016-04-29,-1131.4
2026-10-05,2016-05-02,-326.5
2026-10-05,2016-05-03,-147.7
2026-10-05,2016-05-04,-23
2026-10-05,2016-05-05,-511
2026-10-05,2016-05-06,-679.2
2026-10-05,2016-05-09,1.2
2026-10-05,2016-05-10,-1859.6
2026-10-05,2016-05-11,-6450.7
2026-10-05,2016-05-12,-4980.6
2026-10-05,2016-05-13,387.1
2026-10-05,2016-05-16,-3069.8
2026-10-05,2016-05-17,-3916.6
2026-10-05,2016-05-18,-5689.3
2026-10-05,2016-05-19,-6524.7
2026-10-05,2016-05-20,52.2
2026-10-05,2016-05-23,-5063.7
2026-10-05,2016-05-24,-1388.9
2026-10-05,2016-05-26,9917.9
2026-10-05,2016-05-27,-15836.2
2026-10-05,2016-05-30,-2628.5
2026-10-05,2016-05-31,-3403.1
2026-10-05,2016-06-01,3149.8
2026-10-05,2016-06-02,-102.5
2026-10-05,2016-06-03,-257.2
2026-10-05,2016-06-06,-1184.4
2026-10-05,2016-06-07,-4540.1
2026-10-05,2016-06-08,16210.1
2026-10-05,2016-06-09,-2488.9
2026-10-05,2016-06-10,-3394.3
2026-10-05,2016-06-13,-1974.6
2026-10-05,2016-06-14,-4363.8
2026-10-05,2016-06-15,18683.9
2026-10-05,2016-06-16,-862.9
2026-10-05,2016-06-21,-18759.9
2026-10-05,2016-06-22,31356.7
2026-10-05,2016-06-23,-5068.8
2026-10-05,2016-06-24,-3945.8
2026-10-05,2016-06-27,-1178.5
2026-10-05,2016-06-28,-8953.8
2026-10-05,2016-06-29,31474.6
2026-10-05,2016-06-30,-8455
2026-10-05,2016-07-01,-1216.7
2026-10-05,2016-07-04,-3135.2
2026-10-05,2016-07-05,-14913.6
2026-10-05,2016-07-06,4095.7
2026-10-05,2016-07-07,-1021.6
2026-10-05,2016-07-11,-3708.2
2026-10-05,2016-07-12,-6994.7
2026-10-05,2016-07-13,2510.8
2026-10-05,2016-07-14,-1167.2
2026-10-05,2016-07-15,-1521.9
2026-10-05,2016-07-18,-1991.1
2026-10-05,2016-07-19,-2213.6
2026-10-05,2016-07-20,-4859.8
2026-10-05,2016-07-21,-1381.7
2026-10-05,2016-07-22,-486.9
2026-10-05,2016-07-25,-1546.7
2026-10-05,2016-07-26,-210.8
2026-10-05,2016-07-27,3967.3
2026-10-05,2016-07-28,37.3
2026-10-05,2016-07-29,-2124.9
2026-10-05,2016-08-01,-620.3
2026-10-05,2016-08-02,-3620.9
2026-10-05,2016-08-03,-13651.5
2026-10-05,2016-08-04,0
2026-10-05,2016-08-05,-5
2026-10-05,2016-08-08,-313
2026-10-05,2016-08-09,-2246.6
2026-10-05,2016-08-10,3301
2026-10-05,2016-08-11,-2141.7
2026-10-05,2016-08-12,-4286.7
2026-10-05,2016-08-16,-6904.6
2026-10-05,2016-08-17,2445
2026-10-05,2016-08-18,-167.4
2026-10-05,2016-08-19,-1462
2026-10-05,2016-08-22,-2002.7
2026-10-05,2016-08-23,-3923.7
2026-10-05,2016-08-24,9388.1
2026-10-05,2016-08-25,-887.6
2026-10-05,2016-08-26,-3017.9
2026-10-05,2016-08-29,-1172.8
2026-10-05,2016-08-30,-8370.3
2026-10-05,2016-08-31,5941.9
2026-10-05,2016-09-01,-24.4
2026-10-05,2016-09-02,-731.6
2026-10-05,2016-09-05,-5533.8
2026-10-05,2016-09-06,-10531.8
2026-10-05,2016-09-07,10711.5
2026-10-05,2016-09-08,-586.1
2026-10-05,2016-09-09,-1688.4
2026-10-05,2016-09-12,-851
2026-10-05,2016-09-13,-1119.9
2026-10-05,2016-09-14,13440.8
2026-10-05,2016-09-15,-97.5
2026-10-05,2016-09-16,-3173.3
2026-10-05,2016-09-19,-1242.7
2026-10-05,2016-09-20,-6211.1
2026-10-05,2016-09-21,7846
2026-10-05,2016-09-22,-4148.6
2026-10-05,2016-09-23,-2686.2
2026-10-05,2016-09-26,-2853.4
2026-10-05,2016-09-27,-3572.5
2026-10-05,2016-09-28,8227.9
2026-10-05,2016-09-29,-439.2
2026-10-05,2016-09-30,-708.2
2026-10-05,2016-10-03,-195.7
2026-10-05,2016-10-04,-341.2
2026-10-05,2016-10-05,-1799.4
2026-10-05,2016-10-06,0
2026-10-05,2016-10-07,0
2026-10-05,2016-10-11,-148.1
2026-10-05,2016-10-12,-424
2026-10-05,2016-10-13,-1830.3
2026-10-05,2016-10-14,0
2026-10-05,2016-10-17,-915.3
2026-10-05,2016-10-18,-525.4
2026-10-05,2016-10-19,-9678.3
2026-10-05,2016-10-20,-126.9
2026-10-05,2016-10-21,-454.2
2026-10-05,2016-10-24,-293.7
2026-10-05,2016-10-25,-1174.6
2026-10-05,2016-10-26,-7452.4
2026-10-05,2016-10-27,-380.7
2026-10-05,2016-10-28,-1807.1
2026-10-05,2016-10-31,-1706.5
2026-10-05,2016-11-01,-1133.9
2026-10-05,2016-11-02,-13348.7
2026-10-05,2016-11-03,0
2026-10-05,2016-11-04,-293.1
2026-10-05,2016-11-07,-19.6
2026-10-05,2016-11-08,0
2026-10-05,2016-11-09,6918.7
2026-10-05,2016-11-10,0
2026-10-05,2016-11-11,263.7
2026-10-05,2016-11-14,1105.7
2026-10-05,2016-11-15,1
2026-10-05,2016-11-16,26056.7
2026-10-05,2016-11-17,-6106.4
2026-10-05,2016-11-18,-5631.46
2026-10-05,2016-11-21,-1763.4
2026-10-05,2016-11-22,-4000.4
2026-10-05,2016-11-23,-10246.7
2026-10-05,2016-11-24,-293.2
2026-10-05,2016-11-25,-733.6
2026-10-05,2016-11-29,-3148.1
2026-10-05,2016-11-30,11421.524
2026-10-05,2016-12-01,0
2026-10-05,2016-12-02,-547.9
2026-10-05,2016-12-05,-1323.6
2026-10-05,2016-12-06,-791.1
2026-10-05,2016-12-07,21242.0221
2026-10-05,2016-12-12,0
2026-10-05,2016-12-13,0
2026-10-05,2016-12-14,28319.9
2026-10-05,2016-12-15,-97.8
2026-10-05,2016-12-16,-489.3
2026-10-05,2016-12-19,0
2026-10-05,2016-12-20,-561.5
2026-10-05,2016-12-21,20791.1
2026-10-05,2016-12-22,-24.5
2026-10-05,2016-12-23,78.8
2026-10-05,2016-12-26,0
2026-10-05,2016-12-27,-7.3
2026-10-05,2016-12-28,18586.3
2026-10-05,2016-12-29,12.1
2026-10-05,2016-12-30,-978.5
2026-10-05,2017-01-02,-441.2
2026-10-05,2017-01-03,0
2026-10-05,2017-01-04,-14609.5
2026-10-05,2017-01-05,0
2026-10-05,2017-01-06,0
2026-10-05,2017-01-09,0
2026-10-05,2017-01-10,0
2026-10-05,2017-01-11,-15413.4
2026-10-05,2017-01-12,0
2026-10-05,2017-01-13,0
2026-10-05,2017-01-16,0
2026-10-05,2017-01-17,0
2026-10-05,2017-01-18,38939.67
2026-10-05,2017-01-19,0
2026-10-05,2017-01-20,0
2026-10-05,2017-01-23,0
2026-10-05,2017-01-24,0
2026-10-05,2017-01-25,5224.2
2026-10-05,2017-01-26,0
2026-10-05,2017-01-27,0
2026-10-05,2017-01-30,0
2026-10-05,2017-01-31,0
2026-10-05,2017-02-01,13280.6
2026-10-05,2017-02-02,0
2026-10-05,2017-02-03,0
2026-10-05,2017-02-06,0
2026-10-05,2017-02-07,0
2026-10-05,2017-02-08,3528.8
2026-10-05,2017-02-09,0
2026-10-05,2017-02-10,0
2026-10-05,2017-02-13,0
2026-10-05,2017-02-14,0
2026-10-05,2017-02-15,2017.1
2026-10-05,2017-02-16,0
2026-10-05,2017-02-17,0
2026-10-05,2017-02-20,0
2026-10-05,2017-02-21,0
2026-10-05,2017-02-22,3737.2
2026-10-05,2017-02-23,0
2026-10-05,2017-02-24,0
2026-10-05,2017-03-01,2985.4
2026-10-05,2017-03-02,-1551.1
2026-10-05,2017-03-03,-3546.8
2026-10-05,2017-03-06,-3709.1
2026-10-05,2017-03-07,-311.3
2026-10-05,2017-03-08,-1594.3
2026-10-05,2017-03-09,-4194
2026-10-05,2017-03-10,-5533.3
2026-10-05,2017-03-13,0
2026-10-05,2017-03-14,0
2026-10-05,2017-03-15,2350.9
2026-10-05,2017-03-16,-2141
2026-10-05,2017-03-17,-4603.1
2026-10-05,2017-03-20,-4661.4
2026-10-05,2017-03-21,-6170.2
2026-10-05,2017-03-22,-3488.8
2026-10-05,2017-03-23,-5958.3
2026-10-05,2017-03-27,-4065.5
2026-10-05,2017-03-28,-9538.1
2026-10-05,2017-03-29,-12528.8
2026-10-05,2017-03-30,-3081.7
2026-10-05,2017-03-31,-4739.8
2026-10-05,2017-04-03,-10451.5
2026-10-05,2017-04-04,-15063.8
2026-10-05,2017-04-05,-7300.8
2026-10-05,2017-04-06,-9746.9
2026-10-05,2017-04-07,-11941.3
2026-10-05,2017-04-10,-4168.5
2026-10-05,2017-04-11,-4934.3
2026-10-05,2017-04-12,-4781.4
2026-10-05,2017-04-17,-808
2026-10-05,2017-04-18,0
2026-10-05,2017-04-19,62993
2026-10-05,2017-04-20,-1179.3
2026-10-05,2017-04-21,-3040.4
2026-10-05,2017-04-24,-2309.4
2026-10-05,2017-04-25,-3858.1
2026-10-05,2017-04-26,447.8
2026-10-05,2017-04-27,-4475.9
2026-10-05,2017-04-28,-7548.2
2026-10-05,2017-05-02,-12012.5
2026-10-05,2017-05-03,-9688.5
2026-10-05,2017-05-04,-7350.4
2026-10-05,2017-05-05,-12606.6
2026-10-05,2017-05-08,-12879.1
2026-10-05,2017-05-09,-17394.8
2026-10-05,2017-05-10,-13893.8
2026-10-05,2017-05-11,-1585.8
2026-10-05,2017-05-12,-5348.8
2026-10-05,2017-05-15,-5104.1
2026-10-05,2017-05-16,-423.8
2026-10-05,2017-05-17,33236.3
2026-10-05,2017-05-18,-6717.4
2026-10-05,2017-05-19,-7642.6
2026-10-05,2017-05-22,-7584.7
2026-10-05,2017-05-23,-5007.7
2026-10-05,2017-05-24,-3472.3
2026-10-05,2017-05-26,-6175.5
2026-10-05,2017-05-29,-1053.7
2026-10-05,2017-05-30,-5400.5
2026-10-05,2017-05-31,2174.5
2026-10-05,2017-06-01,-5207.7
2026-10-05,2017-06-02,-2381.2
2026-10-05,2017-06-05,-5499
2026-10-05,2017-06-06,-4546.6
2026-10-05,2017-06-07,-1496.8
2026-10-05,2017-06-08,-8003.5
2026-10-05,2017-06-09,-17436.6
2026-10-05,2017-06-12,-5226.5
2026-10-05,2017-06-13,-10021.8
2026-10-05,2017-06-14,-4049.2
2026-10-05,2017-06-15,-266.5
2026-10-05,2017-06-16,-4380.8
2026-10-05,2017-06-19,-3830.6
2026-10-05,2017-06-21,136722.1
2026-10-05,2017-06-22,-4673.9
2026-10-05,2017-06-23,-3681.7
2026-10-05,2017-06-26,-6412.5
2026-10-05,2017-06-27,-3499.6
2026-10-05,2017-06-28,-3076.4
2026-10-05,2017-06-29,-974.7
2026-10-05,2017-06-30,-2268.8
2026-10-05,2017-07-03,-5493.3
2026-10-05,2017-07-04,-4876.3
2026-10-05,2017-07-05,-14301.8
2026-10-05,2017-07-06,-4293.3
2026-10-05,2017-07-07,-8452
2026-10-05,2017-07-10,-15483.5
2026-10-05,2017-07-11,-10921
2026-10-05,2017-07-12,-11954.1394
2026-10-05,2017-07-13,-6106.8
2026-10-05,2017-07-14,-2964.5
2026-10-05,2017-07-17,-6461.1
2026-10-05,2017-07-18,-547.5
2026-10-05,2017-07-19,65285.6
2026-10-05,2017-07-20,-5451.9
2026-10-05,2017-07-21,-14060.5
2026-10-05,2017-07-24,-7961.4
2026-10-05,2017-07-25,-841
2026-10-05,2017-07-26,-3385.6
2026-10-05,2017-07-27,-3681.9
2026-10-05,2017-07-28,-237.6
2026-10-05,2017-07-31,-89.3
2026-10-05,2017-08-01,-1012.9
2026-10-05,2017-08-02,-2073.9
2026-10-05,2017-08-03,-3167.9
2026-10-05,2017-08-04,-5929.4
2026-10-05,2017-08-07,-5465
2026-10-05,2017-08-08,-3515.3
2026-10-05,2017-08-09,-583.3
2026-10-05,2017-08-10,-691.4505
2026-10-05,2017-08-11,-4933.8
2026-10-05,2017-08-14,-2078.6
2026-10-05,2017-08-15,-2230.9
2026-10-05,2017-08-16,86259.1
2026-10-05,2017-08-17,-10237.2
2026-10-05,2017-08-18,-17309.7
2026-10-05,2017-08-22,-5706
2026-10-05,2017-08-23,-8140.2
2026-10-05,2017-08-24,-9673.7
2026-10-05,2017-08-25,-13759
2026-10-05,2017-08-28,-4572.1
2026-10-05,2017-08-29,-5268.1
2026-10-05,2017-08-30,-7641.4
2026-10-05,2017-08-31,-3274.2
2026-10-05,2017-09-01,-2132.6
2026-10-05,2017-09-04,-1555.7
2026-10-05,2017-09-05,-1874.3
2026-10-05,2017-09-06,-5548.4
2026-10-05,2017-09-07,-7206.8
2026-10-05,2017-09-08,-3410.5
2026-10-05,2017-09-11,-4153.8
2026-10-05,2017-09-12,-2008.2
2026-10-05,2017-09-13,-3423.7764
2026-10-05,2017-09-14,-4387.8
2026-10-05,2017-09-15,-3666.8
2026-10-05,2017-09-18,-3010.032
2026-10-05,2017-09-19,-5360.7
2026-10-05,2017-09-20,73777
2026-10-05,2017-09-21,-9682.9
2026-10-05,2017-09-22,-9722.5
2026-10-05,2017-09-25,-9814.4
2026-10-05,2017-09-26,-7135.2
2026-10-05,2017-09-27,-5018.4
2026-10-05,2017-09-28,-2105.1
2026-10-05,2017-09-29,-10799.1
2026-10-05,2017-10-02,-3122.7
2026-10-05,2017-10-03,-2521.2
2026-10-05,2017-10-04,-4709.5
2026-10-05,2017-10-05,-2694.3
2026-10-05,2017-10-06,-8969.9
2026-10-05,2017-10-09,-5040.4
2026-10-05,2017-10-10,-3463.4
2026-10-05,2017-10-11,-5274.2
2026-10-05,2017-10-12,-7172.914
2026-10-05,2017-10-13,-6388.5
2026-10-05,2017-10-17,-1350.6
2026-10-05,2017-10-18,64820.35
2026-10-05,2017-10-19,-1169.1
2026-10-05,2017-10-20,-11266.9
2026-10-05,2017-10-23,-7909.4
2026-10-05,2017-10-24,-14453.4
2026-10-05,2017-10-25,-7633.1
2026-10-05,2017-10-26,-4867.4
2026-10-05,2017-10-27,-4703.3
2026-10-05,2017-10-30,-5261.2
2026-10-05,2017-10-31,-446.6
2026-10-05,2017-11-01,-953.9
2026-10-05,2017-11-02,-928
2026-10-05,2017-11-03,-4240.5
2026-10-05,2017-11-07,-1390.8
2026-10-05,2017-11-08,-332.8
2026-10-05,2017-11-09,-1604.7
2026-10-05,2017-11-10,-2306.9
2026-10-05,2017-11-13,-2744.8
2026-10-05,2017-11-14,-854.3
2026-10-05,2017-11-15,60649.14
2026-10-05,2017-11-16,-8504.2
2026-10-05,2017-11-17,-8361.5
2026-10-05,2017-11-21,-7544
2026-10-05,2017-11-22,-2141.9
2026-10-05,2017-11-23,-1463
2026-10-05,2017-11-24,-5475.5
2026-10-05,2017-11-27,-5785.2
2026-10-05,2017-11-28,-4219.9
2026-10-05,2017-11-29,-1815.5
2026-10-05,2017-11-30,-2441
2026-10-05,2017-12-01,-4276.8
2026-10-05,2017-12-04,-2248.6
2026-10-05,2017-12-05,-2966.1
2026-10-05,2017-12-06,-454.4
2026-10-05,2017-12-07,-1472.5
2026-10-05,2017-12-11,-854.4
2026-10-05,2017-12-12,2439.9
2026-10-05,2017-12-13,2087.7
2026-10-05,2017-12-14,2031.5
2026-10-05,2017-12-15,6104.3
2026-10-05,2017-12-18,5255.2
2026-10-05,2017-12-19,4801.5
2026-10-05,2017-12-20,115289.36
2026-10-05,2017-12-21,-17539.4
2026-10-05,2017-12-22,-19134.6
2026-10-05,2017-12-26,-4896.1
2026-10-05,2017-12-27,-4480.4
2026-10-05,2017-12-28,-1483.3
2026-10-05,2017-12-29,-1857.9
2026-10-05,2018-01-02,-9168.6
2026-10-05,2018-01-03,-11772.6
2026-10-05,2018-01-04,-9348.9
2026-10-05,2018-01-05,-5769.9
2026-10-05,2018-01-08,-5139.3
2026-10-05,2018-01-09,-2610.8
2026-10-05,2018-01-10,-2117.3
2026-10-05,2018-01-11,-1543.1
2026-10-05,2018-01-12,-2725.5
2026-10-05,2018-01-15,-2439.6
2026-10-05,2018-01-16,0
2026-10-05,2018-01-17,58752.22
2026-10-05,2018-01-18,-6459.7
2026-10-05,2018-01-19,-9258.8
2026-10-05,2018-01-22,-3094.5
2026-10-05,2018-01-23,-11038.4
2026-10-05,2018-01-24,-13864.3
2026-10-05,2018-01-25,-30286.1
2026-10-05,2018-01-26,-17645.7
2026-10-05,2018-01-29,-5484.7
2026-10-05,2018-01-30,-4799.7
2026-10-05,2018-01-31,-444.3
2026-10-05,2018-02-01,-2302.3
2026-10-05,2018-02-02,-9755.9
2026-10-05,2018-02-05,-5345.5
2026-10-05,2018-02-06,-3830.1
2026-10-05,2018-02-07,-2032.4
2026-10-05,2018-02-08,-2339.8
2026-10-05,2018-02-09,-149.6
2026-10-05,2018-02-14,-10260.8
2026-10-05,2018-02-15,-904.6
2026-10-05,2018-02-16,-3075.5
2026-10-05,2018-02-19,-668.2
2026-10-05,2018-02-20,-1193.6
2026-10-05,2018-02-21,90974.26
2026-10-05,2018-02-22,-7257.7
2026-10-05,2018-02-23,-9555.6
2026-10-05,2018-02-26,-3704.3489
2026-10-05,2018-02-27,-1304.3
2026-10-05,2018-02-28,-1061.1
2026-10-05,2018-03-01,-643.1
2026-10-05,2018-03-02,-8507.2
2026-10-05,2018-03-05,-11460.5
2026-10-05,2018-03-06,-1291.5
2026-10-05,2018-03-07,-9972
2026-10-05,2018-03-08,-1248.9
2026-10-05,2018-03-09,-6884.2
2026-10-05,2018-03-12,-1699
2026-10-05,2018-03-13,-2278.4
2026-10-05,2018-03-14,-1278
2026-10-05,2018-03-15,-5114.1
2026-10-05,2018-03-16,-5909.9
2026-10-05,2018-03-19,-14123.5
2026-10-05,2018-03-20,0
2026-10-05,2018-03-21,78163.5981
2026-10-05,2018-03-22,-11984.6
2026-10-05,2018-03-23,-4236.8
2026-10-05,2018-03-26,-719.6
2026-10-05,2018-03-27,0
2026-10-05,2018-03-28,0
2026-10-05,2018-04-03,-1235.6
2026-10-05,2018-04-04,-683.7
2026-10-05,2018-04-05,-961.6
2026-10-05,2018-04-06,-2619.3
2026-10-05,2018-04-09,-842.8308
2026-10-05,2018-04-10,-4061.6
2026-10-05,2018-04-11,-650.6
2026-10-05,2018-04-12,-4283.0741
2026-10-05,2018-04-13,-24911.8529
2026-10-05,2018-04-16,-2055.4158
2026-10-05,2018-04-17,0
2026-10-05,2018-04-18,82955.7
2026-10-05,2018-04-19,-7168.1
2026-10-05,2018-04-20,-5209.3
2026-10-05,2018-04-23,-2549.8
2026-10-05,2018-04-24,-463.1
2026-10-05,2018-04-25,0
2026-10-05,2018-04-26,-46.5
2026-10-05,2018-04-27,13632.3
2026-10-05,2018-05-02,98.8
2026-10-05,2018-05-03,0
2026-10-05,2018-05-04,-1745.5
2026-10-05,2018-05-07,-18951
2026-10-05,2018-05-08,-17406.2955
2026-10-05,2018-05-09,-4636.709
2026-10-05,2018-05-10,-4129.7781
2026-10-05,2018-05-11,23410.2
2026-10-05,2018-05-14,25236.2829
2026-10-05,2018-05-15,12102.4475
2026-10-05,2018-05-16,25776.6495
2026-10-05,2018-05-17,-13146.9941
2026-10-05,2018-05-18,-20102.2853
2026-10-05,2018-05-21,-4829.2675
2026-10-05,2018-05-22,-8128.0715
2026-10-05,2018-05-23,1606.9918
2026-10-05,2018-05-24,-4595.0058
2026-10-05,2018-05-28,3401.7384
2026-10-05,2018-05-29,3557.8028
2026-10-05,2018-05-30,9923.5766
2026-10-05,2018-05-31,19541.8705
2026-10-05,2018-06-01,20620.9299
2026-10-05,2018-06-04,5374.8452
2026-10-05,2018-06-05,7379.803
2026-10-05,2018-06-06,2073.2213
2026-10-05,2018-06-07,4941.4473
2026-10-05,2018-06-08,-8609.0526
2026-10-05,2018-06-11,2308.4899
2026-10-05,2018-06-12,17405.2875
2026-10-05,2018-06-13,8729.7912
2026-10-05,2018-06-14,7978
2026-10-05,2018-06-15,3518.9783
2026-10-05,2018-06-18,0
2026-10-05,2018-06-19,-14213.1875
2026-10-05,2018-06-21,195775.7075
2026-10-05,2018-06-22,-20698.07
2026-10-05,2018-06-25,-15197.913
2026-10-05,2018-06-26,-9709.3261
2026-10-05,2018-06-27,-1789.6845
2026-10-05,2018-06-28,1588.77
2026-10-05,2018-06-29,-3642.7978
2026-10-05,2018-07-02,350.5324
2026-10-05,2018-07-03,-1506.684
2026-10-05,2018-07-04,14799.2036
2026-10-05,2018-07-05,-1368.1
2026-10-05,2018-07-06,-7110.8808
2026-10-05,2018-07-10,-764.9503
2026-10-05,2018-07-11,792.9599
2026-10-05,2018-07-12,6653.4
2026-10-05,2018-07-13,-799.3201
2026-10-05,2018-07-16,-22.4927
2026-10-05,2018-07-17,0
2026-10-05,2018-07-18,164156.5282
2026-10-05,2018-07-19,-17378.234
2026-10-05,2018-07-20,-12135.8615
2026-10-05,2018-07-23,-4782.6198
2026-10-05,2018-07-24,-8549.3312
2026-10-05,2018-07-25,-11662.04
2026-10-05,2018-07-26,-2450.5078
2026-10-05,2018-07-27,-7331.3073
2026-10-05,2018-07-30,680.2745
2026-10-05,2018-07-31,39.1966
2026-10-05,2018-08-01,112.8012
2026-10-05,2018-08-02,2942.9424
2026-10-05,2018-08-03,1826.4863
2026-10-05,2018-08-06,-2651.6728
2026-10-05,2018-08-07,-2356.981
2026-10-05,2018-08-08,-1564.9876
2026-10-05,2018-08-09,-2063.303
2026-10-05,2018-08-10,-655.6944
2026-10-05,2018-08-13,-0.9277
2026-10-05,2018-08-14,0
2026-10-05,2018-08-15,336791.5747
2026-10-05,2018-08-16,7921.4135
2026-10-05,2018-08-17,0
2026-10-05,2018-08-21,0
2026-10-05,2018-08-22,0
2026-10-05,2018-08-23,0
2026-10-05,2018-08-24,7267.0575
2026-10-05,2018-08-27,6502.0962
2026-10-05,2018-08-28,0
2026-10-05,2018-08-29,0
2026-10-05,2018-08-30,0
2026-10-05,2018-08-31,0
2026-10-05,2018-09-03,0
2026-10-05,2018-09-04,0
2026-10-05,2018-09-05,0
2026-10-05,2018-09-06,32275.815
2026-10-05,2018-09-07,0
2026-10-05,2018-09-10,0
2026-10-05,2018-09-11,0
2026-10-05,2018-09-12,0
2026-10-05,2018-09-13,0
2026-10-05,2018-09-14,0
2026-10-05,2018-09-17,21432.5562
2026-10-05,2018-09-18,0
2026-10-05,2018-09-19,237957.8208
2026-10-05,2018-09-20,0
2026-10-05,2018-09-21,0
2026-10-05,2018-09-24,0
2026-10-05,2018-09-25,0
2026-10-05,2018-09-26,0
2026-10-05,2018-09-27,0
2026-10-05,2018-09-28,0
2026-10-05,2018-10-01,0
2026-10-05,2018-10-02,0
2026-10-05,2018-10-03,0
2026-10-05,2018-10-04,0
2026-10-05,2018-10-05,0
2026-10-05,2018-10-08,0
2026-10-05,2018-10-09,0
2026-10-05,2018-10-10,0
2026-10-05,2018-10-11,0
2026-10-05,2018-10-12,0
2026-10-05,2018-10-16,0
2026-10-05,2018-10-17,156238.3904
2026-10-05,2018-10-18,0
2026-10-05,2018-10-19,0
2026-10-05,2018-10-22,0
2026-10-05,2018-10-23,0
2026-10-05,2018-10-24,0
2026-10-05,2018-10-25,0
2026-10-05,2018-10-26,0
2026-10-05,2018-10-29,0
2026-10-05,2018-10-30,0
2026-10-05,2018-10-31,0
2026-10-05,2018-11-01,0
2026-10-05,2018-11-02,0
2026-10-05,2018-11-05,0
2026-10-05,2018-11-07,0
2026-10-05,2018-11-08,0
2026-10-05,2018-11-09,0
2026-10-05,2018-11-12,0
2026-10-05,2018-11-13,0
2026-10-05,2018-11-14,0
2026-10-05,2018-11-15,0
2026-10-05,2018-11-16,0
2026-10-05,2018-11-20,0
2026-10-05,2018-11-21,122234.2635
2026-10-05,2018-11-22,0
2026-10-05,2018-11-23,0
2026-10-05,2018-11-26,0
2026-10-05,2018-11-27,0
2026-10-05,2018-11-28,0
2026-10-05,2018-11-29,0
2026-10-05,2018-12-03,0
2026-10-05,2018-12-04,0
2026-10-05,2018-12-05,0
2026-10-05,2018-12-06,0
2026-10-05,2018-12-07,0
2026-10-05,2018-12-10,0
2026-10-05,2018-12-11,0
2026-10-05,2018-12-12,1186.0946
2026-10-05,2018-12-13,0
2026-10-05,2018-12-14,0
2026-10-05,2018-12-17,0
2026-10-05,2018-12-18,0
2026-10-05,2018-12-19,68618.45
2026-10-05,2018-12-20,0
2026-10-05,2018-12-21,0
2026-10-05,2018-12-26,0
2026-10-05,2018-12-27,0
2026-10-05,2018-12-28,0
2026-10-05,2019-01-02,0
2026-10-05,2019-01-03,0
2026-10-05,2019-01-04,0
2026-10-05,2019-01-07,0
2026-10-05,2019-01-08,0
2026-10-05,2019-01-09,0
2026-10-05,2019-01-10,0
2026-10-05,2019-01-11,0
2026-10-05,2019-01-14,0
2026-10-05,2019-01-15,0
2026-10-05,2019-01-16,0
2026-10-05,2019-01-17,0
2026-10-05,2019-01-18,0
2026-10-05,2019-01-21,0
2026-10-05,2019-01-22,0
2026-10-05,2019-01-23,0
2026-10-05,2019-01-24,0
2026-10-05,2019-01-25,0
2026-10-05,2019-01-28,0
2026-10-05,2019-01-29,0
2026-10-05,2019-01-30,0
2026-10-05,2019-01-31,0
2026-10-05,2019-02-01,0
2026-10-05,2019-02-04,0
2026-10-05,2019-02-05,0
2026-10-05,2019-02-06,0
2026-10-05,2019-02-07,0
2026-10-05,2019-02-08,0
2026-10-05,2019-02-11,0
2026-10-05,2019-02-12,0
2026-10-05,2019-02-13,0
2026-10-05,2019-02-14,0
2026-10-05,2019-02-15,0
2026-10-05,2019-02-18,0
2026-10-05,2019-02-19,0
2026-10-05,2019-02-20,0
2026-10-05,2019-02-21,0
2026-10-05,2019-02-22,0
2026-10-05,2019-02-25,0
2026-10-05,2019-02-26,0
2026-10-05,2019-02-27,0
2026-10-05,2019-02-28,0
2026-10-05,2019-03-01,0
2026-10-05,2019-03-06,0
2026-10-05,2019-03-07,0
2026-10-05,2019-03-08,0
2026-10-05,2019-03-11,0
2026-10-05,2019-03-12,0
2026-10-05,2019-03-13,0
2026-10-05,2019-03-14,0
2026-10-05,2019-03-15,0
2026-10-05,2019-03-18,0
2026-10-05,2019-03-19,0
2026-10-05,2019-03-20,0
2026-10-05,2019-03-21,0
2026-10-05,2019-03-22,0
2026-10-05,2019-03-25,0
2026-10-05,2019-03-26,0
2026-10-05,2019-03-27,0
2026-10-05,2019-03-28,0
2026-10-05,2019-03-29,0
2026-10-05,2019-04-01,0
2026-10-05,2019-04-03,0
2026-10-05,2019-04-04,0
2026-10-05,2019-04-05,0
2026-10-05,2019-04-08,0
2026-10-05,2019-04-09,0
2026-10-05,2019-04-10,0
2026-10-05,2019-04-11,0
2026-10-05,2019-04-12,0
2026-10-05,2019-04-15,0
2026-10-05,2019-04-16,0
2026-10-05,2019-04-17,0
2026-10-05,2019-04-22,0
2026-10-05,2019-04-23,0
2026-10-05,2019-04-24,0
2026-10-05,2019-04-25,0
2026-10-05,2019-04-26,0
2026-10-05,2019-04-29,0
2026-10-05,2019-04-30,0
2026-10-05,2019-05-02,0
2026-10-05,2019-05-03,0
2026-10-05,2019-05-06,0
2026-10-05,2019-05-07,0
2026-10-05,2019-05-08,0
2026-10-05,2019-05-09,0
2026-10-05,2019-05-10,0
2026-10-05,2019-05-13,0
2026-10-05,2019-05-14,0
2026-10-05,2019-05-15,0
2026-10-05,2019-05-16,0
2026-10-05,2019-05-17,0
2026-10-05,2019-05-20,0
2026-10-05,2019-05-21,0
2026-10-05,2019-05-22,0
2026-10-05,2019-05-23,0
2026-10-05,2019-05-24,0
2026-10-05,2019-05-27,0
2026-10-05,2019-05-28,0
2026-10-05,2019-05-29,0
2026-10-05,2019-05-30,0
2026-10-05,2019-05-31,0
2026-10-05,2019-06-03,0
2026-10-05,2019-06-04,0
2026-10-05,2019-06-05,0
2026-10-05,2019-06-06,0
2026-10-05,2019-06-07,0
2026-10-05,2019-06-10,0
2026-10-05,2019-06-11,0
2026-10-05,2019-06-12,0
2026-10-05,2019-06-13,0
2026-10-05,2019-06-14,0
2026-10-05,2019-06-18,0
2026-10-05,2019-06-19,0
2026-10-05,2019-06-21,0
2026-10-05,2019-06-24,0
2026-10-05,2019-06-25,0
2026-10-05,2019-06-26,0
2026-10-05,2019-06-27,0
2026-10-05,2019-06-28,0
2026-10-05,2019-07-01,0
2026-10-05,2019-07-02,0
2026-10-05,2019-07-03,0
2026-10-05,2019-07-04,0
2026-10-05,2019-07-05,0
2026-10-05,2019-07-10,0
2026-10-05,2019-07-11,0
2026-10-05,2019-07-12,0
2026-10-05,2019-07-15,0
2026-10-05,2019-07-16,0
2026-10-05,2019-07-17,0
2026-10-05,2019-07-18,0
2026-10-05,2019-07-19,0
2026-10-05,2019-07-22,0
2026-10-05,2019-07-23,0
2026-10-05,2019-07-24,0
2026-10-05,2019-07-25,0
2026-10-05,2019-07-26,0
2026-10-05,2019-07-29,0
2026-10-05,2019-07-30,0
2026-10-05,2019-07-31,0
2026-10-05,2019-08-01,0
2026-10-05,2019-08-02,0
2026-10-05,2019-08-05,0
2026-10-05,2019-08-06,0
2026-10-05,2019-08-07,0
2026-10-05,2019-08-08,0
2026-10-05,2019-08-09,0
2026-10-05,2019-08-12,0
2026-10-05,2019-08-13,0
2026-10-05,2019-08-14,0
2026-10-05,2019-08-15,0
2026-10-05,2019-08-16,0
2026-10-05,2019-08-20,0
2026-10-05,2019-08-21,0
2026-10-05,2019-08-22,0
2026-10-05,2019-08-23,0
2026-10-05,2019-08-26,0
2026-10-05,2019-08-27,0
2026-10-05,2019-08-28,0
2026-10-05,2019-08-29,0
2026-10-05,2019-08-30,0
2026-10-05,2019-09-02,0
2026-10-05,2019-09-03,0
2026-10-05,2019-09-04,0
2026-10-05,2019-09-05,0
2026-10-05,2019-09-06,0
2026-10-05,2019-09-09,0
2026-10-05,2019-09-10,0
2026-10-05,2019-09-11,0
2026-10-05,2019-09-12,0
2026-10-05,2019-09-13,0
2026-10-05,2019-09-16,0
2026-10-05,2019-09-17,0
2026-10-05,2019-09-18,0
2026-10-05,2019-09-19,0
2026-10-05,2019-09-20,0
2026-10-05,2019-09-23,0
2026-10-05,2019-09-24,0
2026-10-05,2019-09-25,0
2026-10-05,2019-09-26,0
2026-10-05,2019-09-27,0
2026-10-05,2019-09-30,0
2026-10-05,2019-10-01,0
2026-10-05,2019-10-02,0
2026-10-05,2019-10-03,0
2026-10-05,2019-10-04,0
2026-10-05,2019-10-07,0
2026-10-05,2019-10-08,0
2026-10-05,2019-10-09,0
2026-10-05,2019-10-10,0
2026-10-05,2019-10-11,0
2026-10-05,2019-10-15,0
2026-10-05,2019-10-16,0
2026-10-05,2019-10-17,0
2026-10-05,2019-10-18,0
2026-10-05,2019-10-21,0
2026-10-05,2019-10-22,0
2026-10-05,2019-10-23,0
2026-10-05,2019-10-24,0
2026-10-05,2019-10-25,0
2026-10-05,2019-10-28,0
2026-10-05,2019-10-29,0
2026-10-05,2019-10-30,0
2026-10-05,2019-10-31,0
2026-10-05,2019-11-01,0
2026-10-05,2019-11-04,0
2026-10-05,2019-11-05,0
2026-10-05,2019-11-07,0
2026-10-05,2019-11-08,0
2026-10-05,2019-11-11,0
2026-10-05,2019-11-12,0
2026-10-05,2019-11-13,0
2026-10-05,2019-11-14,0
2026-10-05,2019-11-15,0
2026-10-05,2019-11-19,0
2026-10-05,2019-11-20,0
2026-10-05,2019-11-21,0
2026-10-05,2019-11-22,0
2026-10-05,2019-11-25,0
2026-10-05,2019-11-26,0
2026-10-05,2019-11-27,0
2026-10-05,2019-11-28,0
2026-10-05,2019-11-29,0
2026-10-05,2019-12-02,0
2026-10-05,2019-12-03,0
2026-10-05,2019-12-04,0
2026-10-05,2019-12-05,0
2026-10-05,2019-12-06,0
2026-10-05,2019-12-09,0
2026-10-05,2019-12-10,0
2026-10-05,2019-12-11,0
2026-10-05,2019-12-12,0
2026-10-05,2019-12-13,0
2026-10-05,2019-12-16,0
2026-10-05,2019-12-17,0
2026-10-05,2019-12-18,0
2026-10-05,2019-12-19,0
2026-10-05,2019-12-20,0
2026-10-05,2019-12-23,0
2026-10-05,2019-12-26,0
2026-10-05,2019-12-27,0
2026-10-05,2019-12-30,0
2026-10-05,2020-01-02,0
2026-10-05,2020-01-03,0
2026-10-05,2020-01-06,0
2026-10-05,2020-01-07,0
2026-10-05,2020-01-08,0
2026-10-05,2020-01-09,0
2026-10-05,2020-01-10,0
2026-10-05,2020-01-13,0
2026-10-05,2020-01-14,0
2026-10-05,2020-01-15,0
2026-10-05,2020-01-16,0
2026-10-05,2020-01-17,0
2026-10-05,2020-01-20,0
2026-10-05,2020-01-21,0
2026-10-05,2020-01-22,0
2026-10-05,2020-01-23,0
2026-10-05,2020-01-24,0
2026-10-05,2020-01-27,0
2026-10-05,2020-01-28,0
2026-10-05,2020-01-29,0
2026-10-05,2020-01-30,0
2026-10-05,2020-01-31,0
2026-10-05,2020-02-03,0
2026-10-05,2020-02-04,0
2026-10-05,2020-02-05,0
2026-10-05,2020-02-06,0
2026-10-05,2020-02-07,0
2026-10-05,2020-02-10,0
2026-10-05,2020-02-11,0
2026-10-05,2020-02-12,0
2026-10-05,2020-02-13,0
2026-10-05,2020-02-14,0
2026-10-05,2020-02-17,0
2026-10-05,2020-02-18,0
2026-10-05,2020-02-19,0
2026-10-05,2020-02-20,0
2026-10-05,2020-02-21,0
2026-10-05,2020-02-26,0
2026-10-05,2020-02-27,0
2026-10-05,2020-02-28,0
2026-10-05,2020-03-02,0
2026-10-05,2020-03-03,0
2026-10-05,2020-03-04,0
2026-10-05,2020-03-05,0
2026-10-05,2020-03-06,0
2026-10-05,2020-03-09,0
2026-10-05,2020-03-10,0
2026-10-05,2020-03-11,0
2026-10-05,2020-03-12,0
2026-10-05,2020-03-13,0
2026-10-05,2020-03-16,0
2026-10-05,2020-03-17,0
2026-10-05,2020-03-18,0
2026-10-05,2020-03-19,0
2026-10-05,2020-03-20,0
2026-10-05,2020-03-25,0
2026-10-05,2020-03-26,0
2026-10-05,2020-03-27,0
2026-10-05,2020-03-30,0
2026-10-05,2020-04-01,0
2026-10-05,2020-04-02,0
2026-10-05,2020-04-03,0
2026-10-05,2020-04-06,0
2026-10-05,2020-04-07,0
2026-10-05,2020-04-08,0
2026-10-05,2020-04-13,0
2026-10-05,2020-04-14,0
2026-10-05,2020-04-15,0
2026-10-05,2020-04-16,0
2026-10-05,2020-04-17,0
2026-10-05,2020-04-20,0
2026-10-05,2020-04-21,0
2026-10-05,2020-04-22,0
2026-10-05,2020-04-23,0
2026-10-05,2020-04-24,0
2026-10-05,2020-04-27,0
2026-10-05,2020-04-28,0
2026-10-05,2020-04-29,0
2026-10-05,2020-04-30,0
2026-10-05,2020-05-04,0
2026-10-05,2020-05-05,0
2026-10-05,2020-05-06,0
2026-10-05,2020-05-07,0
2026-10-05,2020-05-08,0
2026-10-05,2020-05-11,0
2026-10-05,2020-05-12,0
2026-10-05,2020-05-13,0
2026-10-05,2020-05-14,0
2026-10-05,2020-05-15,0
2026-10-05,2020-05-18,0
2026-10-05,2020-05-19,0
2026-10-05,2020-05-20,0
2026-10-05,2020-05-21,0
2026-10-05,2020-05-22,0
2026-10-05,2020-05-26,0
2026-10-05,2020-05-27,0
2026-10-05,2020-05-28,0
2026-10-05,2020-05-29,0
2026-10-05,2020-06-01,0
2026-10-05,2020-06-02,0
2026-10-05,2020-06-03,0
2026-10-05,2020-06-04,0
2026-10-05,2020-06-05,0
2026-10-05,2020-06-08,0
2026-10-05,2020-06-09,0
2026-10-05,2020-06-10,0
2026-10-05,2020-06-11,0
2026-10-05,2020-06-12,0
2026-10-05,2020-06-16,0
2026-10-05,2020-06-17,0
2026-10-05,2020-06-18,0
2026-10-05,2020-06-19,0
2026-10-05,2020-06-22,0
2026-10-05,2020-06-23,0
2026-10-05,2020-06-24,0
2026-10-05,2020-06-25,0
2026-10-05,2020-06-26,0
2026-10-05,2020-06-29,0
2026-10-05,2020-06-30,0
2026-10-05,2020-07-01,0
2026-10-05,2020-07-02,0
2026-10-05,2020-07-03,0
2026-10-05,2020-07-06,0
2026-10-05,2020-07-07,0
2026-10-05,2020-07-08,0
2026-10-05,2020-07-13,0
2026-10-05,2020-07-14,0
2026-10-05,2020-07-15,0
2026-10-05,2020-07-16,0
2026-10-05,2020-07-17,0
2026-10-05,2020-07-20,0
2026-10-05,2020-07-21,0
2026-10-05,2020-07-22,0
2026-10-05,2020-07-23,0
2026-10-05,2020-07-24,0
2026-10-05,2020-07-27,0
2026-10-05,2020-07-28,0
2026-10-05,2020-07-29,0
2026-10-05,2020-07-30,0
2026-10-05,2020-07-31,0
2026-10-05,2020-08-03,0
2026-10-05,2020-08-04,0
2026-10-05,2020-08-05,0
2026-10-05,2020-08-06,0
2026-10-05,2020-08-07,0
2026-10-05,2020-08-10,0
2026-10-05,2020-08-11,0
2026-10-05,2020-08-12,0
2026-10-05,2020-08-13,0
2026-10-05,2020-08-14,0
2026-10-05,2020-08-18,0
2026-10-05,2020-08-19,0
2026-10-05,2020-08-20,0
2026-10-05,2020-08-21,0
2026-10-05,2020-08-24,0
2026-10-05,2020-08-25,0
2026-10-05,2020-08-26,0
2026-10-05,2020-08-27,0
2026-10-05,2020-08-28,0
2026-10-05,2020-08-31,0
2026-10-05,2020-09-01,0
2026-10-05,2020-09-02,0
2026-10-05,2020-09-03,0
2026-10-05,2020-09-04,0
2026-10-05,2020-09-07,0
2026-10-05,2020-09-08,0
2026-10-05,2020-09-09,0
2026-10-05,2020-09-10,0
2026-10-05,2020-09-11,0
2026-10-05,2020-09-14,0
2026-10-05,2020-09-15,0
2026-10-05,2020-09-16,0
2026-10-05,2020-09-17,0
2026-10-05,2020-09-18,0
2026-10-05,2020-09-21,0
2026-10-05,2020-09-22,0
2026-10-05,2020-09-23,0
2026-10-05,2020-09-24,0
2026-10-05,2020-09-25,0
2026-10-05,2020-09-28,0
2026-10-05,2020-09-29,0
2026-10-05,2020-09-30,0
2026-10-05,2020-10-01,0
2026-10-05,2020-10-02,0
2026-10-05,2020-10-05,0
2026-10-05,2020-10-06,0
2026-10-05,2020-10-07,0
2026-10-05,2020-10-08,0
2026-10-05,2020-10-09,0
2026-10-05,2020-10-13,0
2026-10-05,2020-10-14,0
2026-10-05,2020-10-15,0
2026-10-05,2020-10-16,0
2026-10-05,2020-10-19,0
2026-10-05,2020-10-20,0
2026-10-05,2020-10-21,0
2026-10-05,2020-10-22,0
2026-10-05,2020-10-23,0
2026-10-05,2020-10-26,0
2026-10-05,2020-10-27,0
2026-10-05,2020-10-28,0
2026-10-05,2020-10-29,0
2026-10-05,2020-10-30,0
2026-10-05,2020-11-02,0
2026-10-05,2020-11-03,0
2026-10-05,2020-11-04,0
2026-10-05,2020-11-05,0
2026-10-05,2020-11-09,0
2026-10-05,2020-11-10,0
2026-10-05,2020-11-11,0
2026-10-05,2020-11-12,0
2026-10-05,2020-11-13,0
2026-10-05,2020-11-16,0
2026-10-05,2020-11-17,0
2026-10-05,2020-11-18,0
2026-10-05,2020-11-19,0
2026-10-05,2020-11-20,0
2026-10-05,2020-11-24,0
2026-10-05,2020-11-25,0
2026-10-05,2020-11-26,0
2026-10-05,2020-11-27,0
2026-10-05,2020-11-30,0
2026-10-05,2020-12-01,0
2026-10-05,2020-12-02,0
2026-10-05,2020-12-03,0
2026-10-05,2020-12-04,0
2026-10-05,2020-12-09,0
2026-10-05,2020-12-10,0
2026-10-05,2020-12-11,0
2026-10-05,2020-12-14,0
2026-10-05,2020-12-15,0
2026-10-05,2020-12-16,0
2026-10-05,2020-12-17,0
2026-10-05,2020-12-18,0
2026-10-05,2020-12-21,0
2026-10-05,2020-12-22,0
2026-10-05,2020-12-23,0
2026-10-05,2020-12-28,0
2026-10-05,2020-12-29,0
2026-10-05,2020-12-30,0
2026-10-05,2021-01-04,0
2026-10-05,2021-01-05,0
2026-10-05,2021-01-06,0
2026-10-05,2021-01-07,0
2026-10-05,2021-01-08,0
2026-10-05,2021-01-11,0
2026-10-05,2021-01-12,0
2026-10-05,2021-01-13,0
2026-10-05,2021-01-14,0
2026-10-05,2021-01-15,0
2026-10-05,2021-01-18,0
2026-10-05,2021-01-19,0
2026-10-05,2021-01-20,0
2026-10-05,2021-01-21,0
2026-10-05,2021-01-22,0
2026-10-05,2021-01-25,0
2026-10-05,2021-01-26,0
2026-10-05,2021-01-27,0
2026-10-05,2021-01-28,0
2026-10-05,2021-01-29,0
2026-10-05,2021-02-01,0
2026-10-05,2021-02-02,0
2026-10-05,2021-02-03,0
2026-10-05,2021-02-04,0
2026-10-05,2021-02-05,0
2026-10-05,2021-02-08,0
2026-10-05,2021-02-09,0
2026-10-05,2021-02-10,0
2026-10-05,2021-02-11,0
2026-10-05,2021-02-12,0
2026-10-05,2021-02-17,0
2026-10-05,2021-02-18,0
2026-10-05,2021-02-19,0
2026-10-05,2021-02-22,0
2026-10-05,2021-02-23,0
2026-10-05,2021-02-24,0
2026-10-05,2021-02-25,0
2026-10-05,2021-02-26,0
2026-10-05,2021-03-01,0
2026-10-05,2021-03-02,0
2026-10-05,2021-03-03,0
2026-10-05,2021-03-04,0
2026-10-05,2021-03-05,0
2026-10-05,2021-03-08,0
2026-10-05,2021-03-09,0
2026-10-05,2021-03-10,0
2026-10-05,2021-03-11,0
2026-10-05,2021-03-12,0
2026-10-05,2021-03-15,0
2026-10-05,2021-03-16,0
2026-10-05,2021-03-17,0
2026-10-05,2021-03-18,0
2026-10-05,2021-03-19,0
2026-10-05,2021-03-22,0
2026-10-05,2021-03-23,0
2026-10-05,2021-03-25,0
2026-10-05,2021-03-26,0
2026-10-05,2021-03-29,0
2026-10-05,2021-03-30,0
2026-10-05,2021-03-31,0
2026-10-05,2021-04-05,0
2026-10-05,2021-04-06,0
2026-10-05,2021-04-07,0
2026-10-05,2021-04-08,0
2026-10-05,2021-04-09,0
2026-10-05,2021-04-12,0
2026-10-05,2021-04-13,0
2026-10-05,2021-04-14,0
2026-10-05,2021-04-15,0
2026-10-05,2021-04-16,0
2026-10-05,2021-04-19,0
2026-10-05,2021-04-20,0
2026-10-05,2021-04-21,0
2026-10-05,2021-04-22,0
2026-10-05,2021-04-23,0
2026-10-05,2021-04-26,0
2026-10-05,2021-04-27,0
2026-10-05,2021-04-28,0
2026-10-05,2021-04-29,0
2026-10-05,2021-04-30,0
2026-10-05,2021-05-03,0
2026-10-05,2021-05-04,0
2026-10-05,2021-05-05,0
2026-10-05,2021-05-06,0
2026-10-05,2021-05-07,0
2026-10-05,2021-05-10,0
2026-10-05,2021-05-11,0
2026-10-05,2021-05-12,0
2026-10-05,2021-05-13,0
2026-10-05,2021-05-14,0
2026-10-05,2021-05-17,0
2026-10-05,2021-05-18,0
2026-10-05,2021-05-19,0
2026-10-05,2021-05-20,0
2026-10-05,2021-05-21,0
2026-10-05,2021-05-26,0
2026-10-05,2021-05-27,0
2026-10-05,2021-05-28,0
2026-10-05,2021-05-31,0
2026-10-05,2021-06-01,0
2026-10-05,2021-06-02,0
2026-10-05,2021-06-03,0
2026-10-05,2021-06-04,0
2026-10-05,2021-06-07,0
2026-10-05,2021-06-08,0
2026-10-05,2021-06-09,0
2026-10-05,2021-06-10,0
2026-10-05,2021-06-11,0
2026-10-05,2021-06-14,0
2026-10-05,2021-06-15,0
2026-10-05,2021-06-16,0
2026-10-05,2021-06-17,0
2026-10-05,2021-06-18,0
2026-10-05,2021-06-22,0
2026-10-05,2021-06-23,0
2026-10-05,2021-06-24,0
2026-10-05,2021-06-25,0
2026-10-05,2021-06-28,0
2026-10-05,2021-06-29,0
2026-10-05,2021-06-30,0
2026-10-05,2021-07-01,0
2026-10-05,2021-07-02,0
2026-10-05,2021-07-05,0
2026-10-05,2021-07-06,0
2026-10-05,2021-07-07,0
2026-10-05,2021-07-08,0
2026-10-05,2021-07-12,0
2026-10-05,2021-07-13,0
2026-10-05,2021-07-14,0
2026-10-05,2021-07-15,0
2026-10-05,2021-07-16,0
2026-10-05,2021-07-19,0
2026-10-05,2021-07-20,0
2026-10-05,2021-07-21,0
2026-10-05,2021-07-22,0
2026-10-05,2021-07-23,0
2026-10-05,2021-07-26,0
2026-10-05,2021-07-27,0
2026-10-05,2021-07-28,0
2026-10-05,2021-07-29,0
2026-10-05,2021-07-30,0
2026-10-05,2021-08-02,0
2026-10-05,2021-08-03,0
2026-10-05,2021-08-04,0
2026-10-05,2021-08-05,0
2026-10-05,2021-08-06,0
2026-10-05,2021-08-09,0
2026-10-05,2021-08-10,0
2026-10-05,2021-08-11,0
2026-10-05,2021-08-12,0
2026-10-05,2021-08-13,0
2026-10-05,2021-08-17,0
2026-10-05,2021-08-18,0
2026-10-05,2021-08-19,0
2026-10-05,2021-08-20,0
2026-10-05,2021-08-23,0
2026-10-05,2021-08-24,0
2026-10-05,2021-08-25,0
2026-10-05,2021-08-26,0
2026-10-05,2021-08-27,0
2026-10-05,2021-08-30,0
2026-10-05,2021-08-31,0
2026-10-05,2021-09-01,0
2026-10-05,2021-09-02,0
2026-10-05,2021-09-03,0
2026-10-05,2021-09-06,0
2026-10-05,2021-09-07,0
2026-10-05,2021-09-08,0
2026-10-05,2021-09-09,0
2026-10-05,2021-09-10,0
2026-10-05,2021-09-13,0
2026-10-05,2021-09-14,0
2026-10-05,2021-09-15,0
2026-10-05,2021-09-16,0
2026-10-05,2021-09-17,0
2026-10-05,2021-09-20,0
2026-10-05,2021-09-21,0
2026-10-05,2021-09-22,0
2026-10-05,2021-09-23,0
2026-10-05,2021-09-24,0
2026-10-05,2021-09-27,0
2026-10-05,2021-09-28,0
2026-10-05,2021-09-29,0
2026-10-05,2021-09-30,0
2026-10-05,2021-10-01,0
2026-10-05,2021-10-04,0
2026-10-05,2021-10-05,0
2026-10-05,2021-10-06,0
2026-10-05,2021-10-07,0
2026-10-05,2021-10-12,0
2026-10-05,2021-10-13,0
2026-10-05,2021-10-14,0
2026-10-05,2021-10-15,0
2026-10-05,2021-10-18,0
2026-10-05,2021-10-19,0
2026-10-05,2021-10-20,0
2026-10-05,2021-10-21,0
2026-10-05,2021-10-22,0
2026-10-05,2021-10-25,0
2026-10-05,2021-10-26,0
2026-10-05,2021-10-27,0
2026-10-05,2021-10-28,0
2026-10-05,2021-10-29,0
2026-10-05,2021-11-01,0
2026-10-05,2021-11-02,0
2026-10-05,2021-11-03,0
2026-10-05,2021-11-04,0
2026-10-05,2021-11-05,0
2026-10-05,2021-11-08,0
2026-10-05,2021-11-09,0
2026-10-05,2021-11-10,0
2026-10-05,2021-11-11,0
2026-10-05,2021-11-12,0
2026-10-05,2021-11-15,0
2026-10-05,2021-11-16,0
2026-10-05,2021-11-17,0
2026-10-05,2021-11-18,0
2026-10-05,2021-11-19,0
2026-10-05,2021-11-23,0
2026-10-05,2021-11-24,0
2026-10-05,2021-11-25,0
2026-10-05,2021-11-26,0
2026-10-05,2021-11-29,0
2026-10-05,2021-11-30,0
2026-10-05,2021-12-01,0
2026-10-05,2021-12-02,0
2026-10-05,2021-12-03,0
2026-10-05,2021-12-06,0
2026-10-05,2021-12-07,0
2026-10-05,2021-12-09,0
2026-10-05,2021-12-10,0
2026-10-05,2021-12-13,0
2026-10-05,2021-12-14,0
2026-10-05,2021-12-15,0
2026-10-05,2021-12-16,0
2026-10-05,2021-12-17,0
2026-10-05,2021-12-20,0
2026-10-05,2021-12-21,0
2026-10-05,2021-12-22,0
2026-10-05,2021-12-23,0
2026-10-05,2021-12-27,0
2026-10-05,2021-12-28,0
2026-10-05,2021-12-29,0
2026-10-05,2021-12-30,0
2026-10-05,2022-01-03,0
2026-10-05,2022-01-04,0
2026-10-05,2022-01-05,0
2026-10-05,2022-01-06,0
2026-10-05,2022-01-07,0
2026-10-05,2022-01-10,0
2026-10-05,2022-01-11,0
2026-10-05,2022-01-12,0
2026-10-05,2022-01-13,0
2026-10-05,2022-01-14,0
2026-10-05,2022-01-17,0
2026-10-05,2022-01-18,0
2026-10-05,2022-01-19,0
2026-10-05,2022-01-20,0
2026-10-05,2022-01-21,0
2026-10-05,2022-01-24,0
2026-10-05,2022-01-25,0
2026-10-05,2022-01-26,0
2026-10-05,2022-01-27,0
2026-10-05,2022-01-28,0
2026-10-05,2022-01-31,0
2026-10-05,2022-02-01,0
2026-10-05,2022-02-02,0
2026-10-05,2022-02-03,0
2026-10-05,2022-02-04,0
2026-10-05,2022-02-07,0
2026-10-05,2022-02-08,0
2026-10-05,2022-02-09,0
2026-10-05,2022-02-10,0
2026-10-05,2022-02-11,0
2026-10-05,2022-02-14,0
2026-10-05,2022-02-15,0
2026-10-05,2022-02-16,0
2026-10-05,2022-02-17,0
2026-10-05,2022-02-18,0
2026-10-05,2022-02-21,0
2026-10-05,2022-02-22,0
2026-10-05,2022-02-23,0
2026-10-05,2022-02-24,0
2026-10-05,2022-02-25,0
2026-10-05,2022-03-02,0
2026-10-05,2022-03-03,0
2026-10-05,2022-03-04,0
2026-10-05,2022-03-07,0
2026-10-05,2022-03-08,0
2026-10-05,2022-03-09,0
2026-10-05,2022-03-10,0
2026-10-05,2022-03-11,0
2026-10-05,2022-03-14,0
2026-10-05,2022-03-15,0
2026-10-05,2022-03-16,0
2026-10-05,2022-03-17,0
2026-10-05,2022-03-18,0
2026-10-05,2022-03-21,0
2026-10-05,2022-03-22,0
2026-10-05,2022-03-23,0
2026-10-05,2022-03-25,0
2026-10-05,2022-03-28,0
2026-10-05,2022-03-29,0
2026-10-05,2022-03-30,0
2026-10-05,2022-03-31,0
2026-10-05,2022-04-01,0
2026-10-05,2022-04-04,0
2026-10-05,2022-04-05,0
2026-10-05,2022-04-06,0
2026-10-05,2022-04-07,0
2026-10-05,2022-04-08,0
2026-10-05,2022-04-11,0
2026-10-05,2022-04-12,0
2026-10-05,2022-04-13,0
2026-10-05,2022-04-18,0
2026-10-05,2022-04-19,0
2026-10-05,2022-04-20,0
2026-10-05,2022-04-21,0
2026-10-05,2022-04-22,0
2026-10-05,2022-04-25,0
2026-10-05,2022-04-26,0
2026-10-05,2022-04-27,0
2026-10-05,2022-04-28,0
2026-10-05,2022-04-29,0
2026-10-05,2022-05-02,0
2026-10-05,2022-05-03,0
2026-10-05,2022-05-04,0
2026-10-05,2022-05-05,0
2026-10-05,2022-05-06,0
2026-10-05,2022-05-09,0
2026-10-05,2022-05-10,0
2026-10-05,2022-05-11,0
2026-10-05,2022-05-12,0
2026-10-05,2022-05-13,0
2026-10-05,2022-05-16,0
2026-10-05,2022-05-17,0
2026-10-05,2022-05-19,0
2026-10-05,2022-05-20,0
2026-10-05,2022-05-23,0
2026-10-05,2022-05-24,0
2026-10-05,2022-05-26,0
2026-10-05,2022-05-27,0
2026-10-05,2022-05-30,0
2026-10-05,2022-05-31,0
2026-10-05,2022-06-01,0
2026-10-05,2022-06-02,0
2026-10-05,2022-06-03,0
2026-10-05,2022-06-06,0
2026-10-05,2022-06-07,0
2026-10-05,2022-06-08,0
2026-10-05,2022-06-09,0
2026-10-05,2022-06-10,0
2026-10-05,2022-06-13,0
2026-10-05,2022-06-14,0
2026-10-05,2022-06-15,0
2026-10-05,2022-06-16,0
2026-10-05,2022-06-21,0
2026-10-05,2022-06-22,0
2026-10-05,2022-06-23,0
2026-10-05,2022-06-24,0
2026-10-05,2022-06-27,0
2026-10-05,2022-06-28,0
2026-10-05,2022-06-29,0
2026-10-05,2022-06-30,0
2026-10-05,2022-07-01,0
2026-10-05,2022-07-04,0
2026-10-05,2022-07-05,0
2026-10-05,2022-07-06,0
2026-10-05,2022-07-07,0
2026-10-05,2022-07-08,0
2026-10-05,2022-07-11,0
2026-10-05,2022-07-12,0
2026-10-05,2022-07-13,0
2026-10-05,2022-07-14,0
2026-10-05,2022-07-15,0
2026-10-05,2022-07-18,0
2026-10-05,2022-07-19,0
2026-10-05,2022-07-20,0
2026-10-05,2022-07-21,0
2026-10-05,2022-07-22,0
2026-10-05,2022-07-25,0
2026-10-05,2022-07-26,0
2026-10-05,2022-07-27,0
2026-10-05,2022-07-28,0
2026-10-05,2022-07-29,0
2026-10-05,2022-08-01,0
2026-10-05,2022-08-02,0
2026-10-05,2022-08-03,0
2026-10-05,2022-08-04,0
2026-10-05,2022-08-05,0
2026-10-05,2022-08-08,0
2026-10-05,2022-08-09,0
2026-10-05,2022-08-10,0
2026-10-05,2022-08-11,0
2026-10-05,2022-08-12,0
2026-10-05,2022-08-16,0
2026-10-05,2022-08-17,0
2026-10-05,2022-08-18,0
2026-10-05,2022-08-19,0
2026-10-05,2022-08-22,0
2026-10-05,2022-08-23,0
2026-10-05,2022-08-24,0
2026-10-05,2022-08-25,0
2026-10-05,2022-08-26,0
2026-10-05,2022-08-29,0
2026-10-05,2022-08-30,0
2026-10-05,2022-08-31,0
2026-10-05,2022-09-01,0
2026-10-05,2022-09-05,0
2026-10-05,2022-09-06,0
2026-10-05,2022-09-07,0
2026-10-05,2022-09-08,0
2026-10-05,2022-09-09,0
2026-10-05,2022-09-12,0
2026-10-05,2022-09-13,0
2026-10-05,2022-09-14,0
2026-10-05,2022-09-15,0
2026-10-05,2022-09-16,0
2026-10-05,2022-09-19,0
2026-10-05,2022-09-20,0
2026-10-05,2022-09-21,0
2026-10-05,2022-09-22,0
2026-10-05,2022-09-23,0
2026-10-05,2022-09-26,0
2026-10-05,2022-09-27,0
2026-10-05,2022-09-28,0
2026-10-05,2022-09-29,0
2026-10-05,2022-09-30,0
2026-10-05,2022-10-03,0
2026-10-05,2022-10-04,0
2026-10-05,2022-10-05,0
2026-10-05,2022-10-06,0
2026-10-05,2022-10-11,0
2026-10-05,2022-10-12,0
2026-10-05,2022-10-13,0
2026-10-05,2022-10-14,0
2026-10-05,2022-10-17,0
2026-10-05,2022-10-18,0
2026-10-05,2022-10-19,0
2026-10-05,2022-10-20,0
2026-10-05,2022-10-21,0
2026-10-05,2022-10-24,0
2026-10-05,2022-10-25,0
2026-10-05,2022-10-26,0
2026-10-05,2022-10-27,0
2026-10-05,2022-10-28,0
2026-10-05,2022-10-31,0
2026-10-05,2022-11-01,0
2026-10-05,2022-11-02,0
2026-10-05,2022-11-03,0
2026-10-05,2022-11-04,0
2026-10-05,2022-11-07,0
2026-10-05,2022-11-08,0
2026-10-05,2022-11-09,0
2026-10-05,2022-11-10,0
2026-10-05,2022-11-11,0
2026-10-05,2022-11-14,0
2026-10-05,2022-11-15,0
2026-10-05,2022-11-16,0
2026-10-05,2022-11-17,0
2026-10-05,2022-11-18,0
2026-10-05,2022-11-22,0
2026-10-05,2022-11-23,0
2026-10-05,2022-11-24,0
2026-10-05,2022-11-25,0
2026-10-05,2022-11-28,0
2026-10-05,2022-11-29,0
2026-10-05,2022-11-30,0
2026-10-05,2022-12-01,0
2026-10-05,2022-12-02,0
2026-10-05,2022-12-05,0
2026-10-05,2022-12-06,0
2026-10-05,2022-12-07,0
2026-10-05,2022-12-12,0
2026-10-05,2022-12-13,0
2026-10-05,2022-12-14,0
2026-10-05,2022-12-15,0
2026-10-05,2022-12-16,0
2026-10-05,2022-12-19,0
2026-10-05,2022-12-20,0
2026-10-05,2022-12-21,0
2026-10-05,2022-12-22,0
2026-10-05,2022-12-23,0
2026-10-05,2022-12-26,0
2026-10-05,2022-12-27,0
2026-10-05,2022-12-28,0
2026-10-05,2022-12-29,0
2026-10-05,2022-12-30,0
2026-10-05,2023-01-02,0
2026-10-05,2023-01-03,0
2026-10-05,2023-01-04,0
2026-10-05,2023-01-05,0
2026-10-05,2023-01-06,0
2026-10-05,2023-01-09,0
2026-10-05,2023-01-10,0
2026-10-05,2023-01-11,0
2026-10-05,2023-01-12,0
2026-10-05,2023-01-13,0
2026-10-05,2023-01-16,0
2026-10-05,2023-01-17,0
2026-10-05,2023-01-18,0
2026-10-05,2023-01-19,0
2026-10-05,2023-01-20,0
2026-10-05,2023-01-23,0
2026-10-05,2023-01-24,0
2026-10-05,2023-01-25,0
2026-10-05,2023-01-26,0
2026-10-05,2023-01-27,0
2026-10-05,2023-01-30,0
2026-10-05,2023-01-31,0
2026-10-05,2023-02-01,0
2026-10-05,2023-02-02,0
2026-10-05,2023-02-03,0
2026-10-05,2023-02-06,0
2026-10-05,2023-02-07,0
2026-10-05,2023-02-08,0
2026-10-05,2023-02-09,0
2026-10-05,2023-02-10,0
2026-10-05,2023-02-13,0
2026-10-05,2023-02-14,0
2026-10-05,2023-02-15,0
2026-10-05,2023-02-16,0
2026-10-05,2023-02-17,0
2026-10-05,2023-02-22,0
2026-10-05,2023-02-23,0
2026-10-05,2023-02-24,0
2026-10-05,2023-02-27,0
2026-10-05,2023-02-28,0
2026-10-05,2023-03-01,0
2026-10-05,2023-03-02,0
2026-10-05,2023-03-03,0
2026-10-05,2023-03-06,0
2026-10-05,2023-03-07,0
2026-10-05,2023-03-08,0
2026-10-05,2023-03-09,0
2026-10-05,2023-03-10,0
2026-10-05,2023-03-13,0
2026-10-05,2023-03-14,0
2026-10-05,2023-03-15,0
2026-10-05,2023-03-16,0
2026-10-05,2023-03-17,0
2026-10-05,2023-03-20,0
2026-10-05,2023-03-21,0
2026-10-05,2023-03-22,0
2026-10-05,2023-03-23,0
2026-10-05,2023-03-27,0
2026-10-05,2023-03-28,0
2026-10-05,2023-03-29,0
2026-10-05,2023-03-30,0
2026-10-05,2023-03-31,0
2026-10-05,2023-04-03,0
2026-10-05,2023-04-04,0
2026-10-05,2023-04-05,0
2026-10-05,2023-04-10,0
2026-10-05,2023-04-11,0
2026-10-05,2023-04-12,0
2026-10-05,2023-04-13,0
2026-10-05,2023-04-14,0
2026-10-05,2023-04-17,0
2026-10-05,2023-04-18,0
2026-10-05,2023-04-19,0
2026-10-05,2023-04-20,0
2026-10-05,2023-04-21,0
2026-10-05,2023-04-24,0
2026-10-05,2023-04-25,0
2026-10-05,2023-04-26,0
2026-10-05,2023-04-27,0
2026-10-05,2023-04-28,0
2026-10-05,2023-05-02,0
2026-10-05,2023-05-03,0
2026-10-05,2023-05-04,0
2026-10-05,2023-05-05,0
2026-10-05,2023-05-08,0
2026-10-05,2023-05-09,0
2026-10-05,2023-05-10,0
2026-10-05,2023-05-11,0
2026-10-05,2023-05-12,0
2026-10-05,2023-05-15,0
2026-10-05,2023-05-16,0
2026-10-05,2023-05-17,0
2026-10-05,2023-05-18,0
2026-10-05,2023-05-19,0
2026-10-05,2023-05-22,0
2026-10-05,2023-05-23,0
2026-10-05,2023-05-24,0
2026-10-05,2023-05-29,0
2026-10-05,2023-05-30,0
2026-10-05,2023-05-31,0
2026-10-05,2023-06-01,0
2026-10-05,2023-06-02,0
2026-10-05,2023-06-05,0
2026-10-05,2023-06-06,0
2026-10-05,2023-06-07,0
2026-10-05,2023-06-08,0
2026-10-05,2023-06-09,0
2026-10-05,2023-06-12,0
2026-10-05,2023-06-13,0
2026-10-05,2023-06-14,0
2026-10-05,2023-06-15,0
2026-10-05,2023-06-16,0
2026-10-05,2023-06-21,0
2026-10-05,2023-06-22,0
2026-10-05,2023-06-23,0
2026-10-05,2023-06-26,0
2026-10-05,2023-06-27,0
2026-10-05,2023-06-28,0
2026-10-05,2023-06-29,0
2026-10-05,2023-06-30,0
2026-10-05,2023-07-03,0
2026-10-05,2023-07-04,0
2026-10-05,2023-07-05,0
2026-10-05,2023-07-06,0
2026-10-05,2023-07-07,0
2026-10-05,2023-07-10,0
2026-10-05,2023-07-11,0
2026-10-05,2023-07-12,0
2026-10-05,2023-07-13,0
2026-10-05,2023-07-14,0
2026-10-05,2023-07-17,0
2026-10-05,2023-07-18,0
2026-10-05,2023-07-19,0
2026-10-05,2023-07-20,0
2026-10-05,2023-07-21,0
2026-10-05,2023-07-24,0
2026-10-05,2023-07-25,0
2026-10-05,2023-07-26,0
2026-10-05,2023-07-27,0
2026-10-05,2023-07-28,0
2026-10-05,2023-07-31,0
2026-10-05,2023-08-01,0
2026-10-05,2023-08-02,0
2026-10-05,2023-08-03,0
2026-10-05,2023-08-04,0
2026-10-05,2023-08-07,0
2026-10-05,2023-08-08,0
2026-10-05,2023-08-09,0
2026-10-05,2023-08-10,0
2026-10-05,2023-08-11,0
2026-10-05,2023-08-14,0
2026-10-05,2023-08-15,0
2026-10-05,2023-08-16,0
2026-10-05,2023-08-17,0
2026-10-05,2023-08-18,0
2026-10-05,2023-08-22,0
2026-10-05,2023-08-23,0
2026-10-05,2023-08-24,0
2026-10-05,2023-08-25,0
2026-10-05,2023-08-28,0
2026-10-05,2023-08-29,0
2026-10-05,2023-08-30,0
2026-10-05,2023-08-31,0
2026-10-05,2023-09-01,0
2026-10-05,2023-09-04,0
2026-10-05,2023-09-05,0
2026-10-05,2023-09-06,0
2026-10-05,2023-09-07,0
2026-10-05,2023-09-08,0
2026-10-05,2023-09-11,0
2026-10-05,2023-09-12,0
2026-10-05,2023-09-13,0
2026-10-05,2023-09-14,0
2026-10-05,2023-09-15,0
2026-10-05,2023-09-18,0
2026-10-05,2023-09-19,0
2026-10-05,2023-09-20,0
2026-10-05,2023-09-21,0
2026-10-05,2023-09-22,0
2026-10-05,2023-09-25,0
2026-10-05,2023-09-26,0
2026-10-05,2023-09-27,0
2026-10-05,2023-09-28,0
2026-10-05,2023-09-29,0
2026-10-05,2023-10-02,0
2026-10-05,2023-10-03,0
2026-10-05,2023-10-04,0
2026-10-05,2023-10-05,0
2026-10-05,2023-10-06,0
2026-10-05,2023-10-09,0
2026-10-05,2023-10-10,0
2026-10-05,2023-10-11,0
2026-10-05,2023-10-12,0
2026-10-05,2023-10-17,0
2026-10-05,2023-10-18,0
2026-10-05,2023-10-19,0
2026-10-05,2023-10-20,0
2026-10-05,2023-10-23,0
2026-10-05,2023-10-24,0
2026-10-05,2023-10-25,0
2026-10-05,2023-10-26,0
2026-10-05,2023-10-27,0
2026-10-05,2023-10-30,0
2026-10-05,2023-10-31,0
2026-10-05,2023-11-01,0
2026-10-05,2023-11-02,0
2026-10-05,2023-11-03,0
2026-10-05,2023-11-07,0
2026-10-05,2023-11-08,0
2026-10-05,2023-11-09,0
2026-10-05,2023-11-10,0
2026-10-05,2023-11-13,0
2026-10-05,2023-11-14,0
2026-10-05,2023-11-15,0
2026-10-05,2023-11-16,0
2026-10-05,2023-11-17,0
2026-10-05,2023-11-21,0
2026-10-05,2023-11-22,0
2026-10-05,2023-11-23,0
2026-10-05,2023-11-24,0
2026-10-05,2023-11-27,0
2026-10-05,2023-11-28,0
2026-10-05,2023-11-29,0
2026-10-05,2023-11-30,0
2026-10-05,2023-12-01,0
2026-10-05,2023-12-04,0
2026-10-05,2023-12-05,0
2026-10-05,2023-12-06,0
2026-10-05,2023-12-07,0
2026-10-05,2023-12-11,0
2026-10-05,2023-12-12,0
2026-10-05,2023-12-13,0
2026-10-05,2023-12-14,0
2026-10-05,2023-12-15,0
2026-10-05,2023-12-18,0
2026-10-05,2023-12-19,0
2026-10-05,2023-12-20,0
2026-10-05,2023-12-21,0
2026-10-05,2023-12-22,0
2026-10-05,2023-12-26,0
2026-10-05,2023-12-27,0
2026-10-05,2023-12-28,0
2026-10-05,2023-12-29,0
2026-10-05,2024-01-02,0
2026-10-05,2024-01-03,0
2026-10-05,2024-01-04,0
2026-10-05,2024-01-05,0
2026-10-05,2024-01-08,0
2026-10-05,2024-01-09,0
2026-10-05,2024-01-10,0
2026-10-05,2024-01-11,0
2026-10-05,2024-01-12,0
2026-10-05,2024-01-15,0
2026-10-05,2024-01-16,0
2026-10-05,2024-01-17,0
2026-10-05,2024-01-18,0
2026-10-05,2024-01-19,0
2026-10-05,2024-01-22,0
2026-10-05,2024-01-23,0
2026-10-05,2024-01-24,0
2026-10-05,2024-01-25,0
2026-10-05,2024-01-26,0
2026-10-05,2024-01-29,0
2026-10-05,2024-01-30,0
2026-10-05,2024-01-31,0
2026-10-05,2024-02-01,0
2026-10-05,2024-02-02,0
2026-10-05,2024-02-05,0
2026-10-05,2024-02-06,0
2026-10-05,2024-02-07,0
2026-10-05,2024-02-08,0
2026-10-05,2024-02-09,0
2026-10-05,2024-02-14,0
2026-10-05,2024-02-15,0
2026-10-05,2024-02-16,0
2026-10-05,2024-02-19,0
2026-10-05,2024-02-20,0
2026-10-05,2024-02-21,0
2026-10-05,2024-02-22,0
2026-10-05,2024-02-23,0
2026-10-05,2024-02-26,0
2026-10-05,2024-02-27,0
2026-10-05,2024-02-28,0
2026-10-05,2024-02-29,0
2026-10-05,2024-03-01,0
2026-10-05,2024-03-04,0
2026-10-05,2024-03-05,0
2026-10-05,2024-03-06,0
2026-10-05,2024-03-07,0
2026-10-05,2024-03-08,0
2026-10-05,2024-03-11,0
2026-10-05,2024-03-12,0
2026-10-05,2024-03-13,0
2026-10-05,2024-03-14,0
2026-10-05,2024-03-15,0
2026-10-05,2024-03-18,0
2026-10-05,2024-03-19,0
2026-10-05,2024-03-20,0
2026-10-05,2024-03-21,0
2026-10-05,2024-03-22,0
2026-10-05,2024-03-25,0
2026-10-05,2024-03-26,0
2026-10-05,2024-03-27,0
2026-10-05,2024-04-03,0
2026-10-05,2024-04-04,0
2026-10-05,2024-04-05,0
2026-10-05,2024-04-08,0
2026-10-05,2024-04-09,0
2026-10-05,2024-04-10,0
2026-10-05,2024-04-11,0
2026-10-05,2024-04-12,0
2026-10-05,2024-04-15,0
2026-10-05,2024-04-16,0
2026-10-05,2024-04-17,0
2026-10-05,2024-04-18,0
2026-10-05,2024-04-19,0
2026-10-05,2024-04-22,0
2026-10-05,2024-04-23,0
2026-10-05,2024-04-24,0
2026-10-05,2024-04-25,0
2026-10-05,2024-04-26,0
2026-10-05,2024-04-29,0
2026-10-05,2024-04-30,0
2026-10-05,2024-05-02,0
2026-10-05,2024-05-03,0
2026-10-05,2024-05-06,0
2026-10-05,2024-05-07,0
2026-10-05,2024-05-08,0
2026-10-05,2024-05-09,0
2026-10-05,2024-05-10,0
2026-10-05,2024-05-13,0
2026-10-05,2024-05-14,0
2026-10-05,2024-05-15,0
2026-10-05,2024-05-16,0
2026-10-05,2024-05-17,0
2026-10-05,2024-05-20,0
2026-10-05,2024-05-21,0
2026-10-05,2024-05-22,0
2026-10-05,2024-05-23,0
2026-10-05,2024-05-24,0
2026-10-05,2024-05-27,0
2026-10-05,2024-05-28,0
2026-10-05,2024-05-29,0
2026-10-05,2024-05-30,0
2026-10-05,2024-05-31,0
2026-10-05,2024-06-03,0
2026-10-05,2024-06-04,0
2026-10-05,2024-06-05,0
2026-10-05,2024-06-06,0
2026-10-05,2024-06-07,0
2026-10-05,2024-06-10,0
2026-10-05,2024-06-11,0
2026-10-05,2024-06-12,0
2026-10-05,2024-06-13,0
2026-10-05,2024-06-14,0
2026-10-05,2024-06-18,0
2026-10-05,2024-06-19,0
2026-10-05,2024-06-24,0
2026-10-05,2024-06-25,0
2026-10-05,2024-06-26,0
2026-10-05,2024-06-27,0
2026-10-05,2024-06-28,0
2026-10-05,2024-07-01,0
2026-10-05,2024-07-02,0
2026-10-05,2024-07-03,0
2026-10-05,2024-07-04,0
2026-10-05,2024-07-05,0
2026-10-05,2024-07-08,0
2026-10-05,2024-07-10,0
2026-10-05,2024-07-11,0
2026-10-05,2024-07-12,0
2026-10-05,2024-07-15,0
2026-10-05,2024-07-16,0
2026-10-05,2024-07-17,0
2026-10-05,2024-07-18,0
2026-10-05,2024-07-19,0
2026-10-05,2024-07-22,0
2026-10-05,2024-07-23,0
2026-10-05,2024-07-24,0
2026-10-05,2024-07-25,0
2026-10-05,2024-07-26,0
2026-10-05,2024-07-29,0
2026-10-05,2024-07-30,0
2026-10-05,2024-07-31,0
2026-10-05,2024-08-01,0
2026-10-05,2024-08-02,0
2026-10-05,2024-08-05,0
2026-10-05,2024-08-06,0
2026-10-05,2024-08-07,0
2026-10-05,2024-08-08,0
2026-10-05,2024-08-09,0
2026-10-05,2024-08-12,0
2026-10-05,2024-08-13,0
2026-10-05,2024-08-14,0
2026-10-05,2024-08-15,0
2026-10-05,2024-08-16,0
2026-10-05,2024-08-19,0
2026-10-05,2024-08-20,0
2026-10-05,2024-08-21,0
2026-10-05,2024-08-22,0
2026-10-05,2024-08-23,0
2026-10-05,2024-08-26,0
2026-10-05,2024-08-27,0
2026-10-05,2024-08-28,0
2026-10-05,2024-08-29,0
2026-10-05,2024-08-30,0
2026-10-05,2024-09-02,0
2026-10-05,2024-09-03,0
2026-10-05,2024-09-04,0
2026-10-05,2024-09-05,0
2026-10-05,2024-09-06,0
2026-10-05,2024-09-09,0
2026-10-05,2024-09-10,0
2026-10-05,2024-09-11,0
2026-10-05,2024-09-12,0
2026-10-05,2024-09-13,0
2026-10-05,2024-09-16,0
2026-10-05,2024-09-17,0
2026-10-05,2024-09-18,0
2026-10-05,2024-09-19,0
2026-10-05,2024-09-20,0
2026-10-05,2024-09-23,0
2026-10-05,2024-09-24,0
2026-10-05,2024-09-25,0
2026-10-05,2024-09-26,0
2026-10-05,2024-09-27,0
2026-10-05,2024-09-30,0
2026-10-05,2024-10-01,0
2026-10-05,2024-10-02,0
2026-10-05,2024-10-03,0
2026-10-05,2024-10-04,0
2026-10-05,2024-10-07,0
2026-10-05,2024-10-08,0
2026-10-05,2024-10-09,0
2026-10-05,2024-10-10,0
2026-10-05,2024-10-14,0
2026-10-05,2024-10-15,0
2026-10-05,2024-10-16,0
2026-10-05,2024-10-17,0
2026-10-05,2024-10-18,0
2026-10-05,2024-10-21,0
2026-10-05,2024-10-22,0
2026-10-05,2024-10-23,0
2026-10-05,2024-10-24,0
2026-10-05,2024-10-25,0
2026-10-05,2024-10-28,0
2026-10-05,2024-10-29,0
2026-10-05,2024-10-30,0
2026-10-05,2024-10-31,0
2026-10-05,2024-11-01,0
2026-10-05,2024-11-04,0
2026-10-05,2024-11-05,0
2026-10-05,2024-11-07,0
2026-10-05,2024-11-08,0
2026-10-05,2024-11-11,0
2026-10-05,2024-11-12,0
2026-10-05,2024-11-13,0
2026-10-05,2024-11-14,0
2026-10-05,2024-11-15,0
2026-10-05,2024-11-19,0
2026-10-05,2024-11-20,0
2026-10-05,2024-11-21,0
2026-10-05,2024-11-22,0
2026-10-05,2024-11-25,0
2026-10-05,2024-11-26,0
2026-10-05,2024-11-27,0
2026-10-05,2024-11-28,0
2026-10-05,2024-11-29,0
2026-10-05,2024-12-02,0
2026-10-05,2024-12-03,0
2026-10-05,2024-12-04,0
2026-10-05,2024-12-05,0
2026-10-05,2024-12-06,0
2026-10-05,2024-12-09,0
2026-10-05,2024-12-10,0
2026-10-05,2024-12-11,0
2026-10-05,2024-12-12,0
2026-10-05,2024-12-13,0
2026-10-05,2024-12-16,0
2026-10-05,2024-12-17,0
2026-10-05,2024-12-18,0
2026-10-05,2024-12-19,0
2026-10-05,2024-12-20,0
2026-10-05,2024-12-23,0
2026-10-05,2024-12-26,0
2026-10-05,2024-12-27,0
2026-10-05,2024-12-30,0
2026-10-05,2025-01-02,0
2026-10-05,2025-01-03,0
2026-10-05,2025-01-06,0
2026-10-05,2025-01-07,0
2026-10-05,2025-01-08,0
2026-10-05,2025-01-09,0
2026-10-05,2025-01-10,0
2026-10-05,2025-01-13,0
2026-10-05,2025-01-14,0
2026-10-05,2025-01-15,0
2026-10-05,2025-01-16,0
2026-10-05,2025-01-17,0
2026-10-05,2025-01-20,0
2026-10-05,2025-01-21,0
2026-10-05,2025-01-22,0
2026-10-05,2025-01-23,0
2026-10-05,2025-01-24,0
2026-10-05,2025-01-27,0
2026-10-05,2025-01-28,0
2026-10-05,2025-01-29,0
2026-10-05,2025-01-30,0
2026-10-05,2025-01-31,0
2026-10-05,2025-02-03,0
2026-10-05,2025-02-04,0
2026-10-05,2025-02-05,0
2026-10-05,2025-02-06,0
2026-10-05,2025-02-07,0
2026-10-05,2025-02-10,0
2026-10-05,2025-02-11,0
2026-10-05,2025-02-12,0
2026-10-05,2025-02-13,0
2026-10-05,2025-02-14,0
2026-10-05,2025-02-17,0
2026-10-05,2025-02-18,0
2026-10-05,2025-02-19,0
2026-10-05,2025-02-20,0
2026-10-05,2025-02-21,0
2026-10-05,2025-02-24,0
2026-10-05,2025-02-25,0
2026-10-05,2025-02-26,0
2026-10-05,2025-02-27,0
2026-10-05,2025-02-28,0
2026-10-05,2025-03-05,0
2026-10-05,2025-03-06,0
2026-10-05,2025-03-07,0
2026-10-05,2025-03-10,0
2026-10-05,2025-03-11,0
2026-10-05,2025-03-12,0
2026-10-05,2025-03-13,0
2026-10-05,2025-03-14,0
2026-10-05,2025-03-17,0
2026-10-05,2025-03-18,0
2026-10-05,2025-03-19,0
2026-10-05,2025-03-20,0
2026-10-05,2025-03-21,0
2026-10-05,2025-03-25,0
2026-10-05,2025-03-26,0
2026-10-05,2025-03-27,0
2026-10-05,2025-03-28,0
2026-10-05,2025-03-31,0
2026-10-05,2025-04-01,0
2026-10-05,2025-04-03,0
2026-10-05,2025-04-04,0
2026-10-05,2025-04-07,0
2026-10-05,2025-04-08,0
2026-10-05,2025-04-09,0
2026-10-05,2025-04-10,0
2026-10-05,2025-04-11,0
2026-10-05,2025-04-14,0
2026-10-05,2025-04-15,0
2026-10-05,2025-04-16,0
2026-10-05,2025-04-21,0
2026-10-05,2025-04-22,0
2026-10-05,2025-04-23,0
2026-10-05,2025-04-24,0
2026-10-05,2025-04-25,0
2026-10-05,2025-04-28,0
2026-10-05,2025-04-29,0
2026-10-05,2025-04-30,0
2026-10-05,2025-05-05,0
2026-10-05,2025-05-06,0
2026-10-05,2025-05-07,0
2026-10-05,2025-05-08,0
2026-10-05,2025-05-09,0
2026-10-05,2025-05-12,0
2026-10-05,2025-05-13,0
2026-10-05,2025-05-14,0
2026-10-05,2025-05-15,0
2026-10-05,2025-05-16,0
2026-10-05,2025-05-19,0
2026-10-05,2025-05-20,0
2026-10-05,2025-05-21,0
2026-10-05,2025-05-22,0
2026-10-05,2025-05-23,0
2026-10-05,2025-05-26,0
2026-10-05,2025-05-27,0
2026-10-05,2025-05-28,0
2026-10-05,2025-05-29,0
2026-10-05,2025-05-30,0
2026-10-05,2025-06-02,0
2026-10-05,2025-06-03,0
2026-10-05,2025-06-04,0
2026-10-05,2025-06-05,0
2026-10-05,2025-06-06,0
2026-10-05,2025-06-09,0
2026-10-05,2025-06-10,0
2026-10-05,2025-06-11,0
2026-10-05,2025-06-12,0
2026-10-05,2025-06-13,0
2026-10-05,2025-06-17,0
2026-10-05,2025-06-18,0
2026-10-05,2025-06-19,0
2026-10-05,2025-06-23,0
2026-10-05,2025-06-24,0
2026-10-05,2025-06-25,0
2026-10-05,2025-06-26,0
2026-10-05,2025-06-27,0
2026-10-05,2025-06-30,0
2026-10-05,2025-07-01,0
2026-10-05,2025-07-02,0
2026-10-05,2025-07-03,0
2026-10-05,2025-07-04,0
2026-10-05,2025-07-07,0
2026-10-05,2025-07-08,0
2026-10-05,2025-07-10,0
2026-10-05,2025-07-11,0
2026-10-05,2025-07-14,0
2026-10-05,2025-07-15,0
2026-10-05,2025-07-16,0
2026-10-05,2025-07-17,0
2026-10-05,2025-07-18,0
2026-10-05,2025-07-21,0
2026-10-05,2025-07-22,0
2026-10-05,2025-07-23,0
2026-10-05,2025-07-24,0
2026-10-05,2025-07-25,0
2026-10-05,2025-07-28,0
2026-10-05,2025-07-29,0
2026-10-05,2025-07-30,0
2026-10-05,2025-07-31,0
2026-10-05,2025-08-01,0
2026-10-05,2025-08-04,0
2026-10-05,2025-08-05,0
2026-10-05,2025-08-06,0
2026-10-05,2025-08-07,0
2026-10-05,2025-08-08,0
2026-10-05,2025-08-11,0
2026-10-05,2025-08-12,0
2026-10-05,2025-08-13,0
2026-10-05,2025-08-14,0
2026-10-05,2025-08-18,0
2026-10-05,2025-08-19,0
2026-10-05,2025-08-20,0
2026-10-05,2025-08-21,0
2026-10-05,2025-08-22,0
2026-10-05,2025-08-25,0
2026-10-05,2025-08-26,0
2026-10-05,2025-08-27,0
2026-10-05,2025-08-28,0
2026-10-05,2025-08-29,0
2026-10-05,2025-09-01,0
2026-10-05,2025-09-02,0
2026-10-05,2025-09-03,0
2026-10-05,2025-09-04,0
2026-10-05,2025-09-05,0
2026-10-05,2025-09-08,0
2026-10-05,2025-09-09,0
2026-10-05,2025-09-10,0
2026-10-05,2025-09-11,0
2026-10-05,2025-09-12,0
2026-10-05,2025-09-15,0
2026-10-05,2025-09-16,0
2026-10-05,2025-09-17,0
2026-10-05,2025-09-18,0
2026-10-05,2025-09-19,0
2026-10-05,2025-09-22,0
2026-10-05,2025-09-23,0
2026-10-05,2025-09-24,0
2026-10-05,2025-09-25,0
2026-10-05,2025-09-26,0
2026-10-05,2025-09-29,0
2026-10-05,2025-09-30,0
2026-10-05,2025-10-01,0
2026-10-05,2025-10-02,0
2026-10-05,2025-10-03,0
2026-10-05,2025-10-06,0
2026-10-05,2025-10-07,0
2026-10-05,2025-10-08,0
2026-10-05,2025-10-09,0
2026-10-05,2025-10-13,0
2026-10-05,2025-10-14,0
2026-10-05,2025-10-15,0
2026-10-05,2025-10-16,0
2026-10-05,2025-10-17,0
2026-10-05,2025-10-20,0
2026-10-05,2025-10-21,0
2026-10-05,2025-10-22,0
2026-10-05,2025-10-23,0
2026-10-05,2025-10-24,0
2026-10-05,2025-10-27,0
2026-10-05,2025-10-28,0
2026-10-05,2025-10-29,0
2026-10-05,2025-10-30,0
2026-10-05,2025-10-31,0
2026-10-05,2025-11-03,0
2026-10-05,2025-11-04,0
2026-10-05,2025-11-05,0
2026-10-05,2025-11-07,0
2026-10-05,2025-11-10,0
2026-10-05,2025-11-11,0
2026-10-05,2025-11-12,0
2026-10-05,2025-11-13,0
2026-10-05,2025-11-14,0
2026-10-05,2025-11-17,0
2026-10-05,2025-11-18,0
2026-10-05,2025-11-19,0
2026-10-05,2025-11-20,0
2026-10-05,2025-11-25,0
2026-10-05,2025-11-26,0
2026-10-05,2025-11-27,0
2026-10-05,2025-11-28,0
2026-10-05,2025-12-01,0
2026-10-05,2025-12-02,0
2026-10-05,2025-12-03,0
2026-10-05,2025-12-04,0
2026-10-05,2025-12-05,0
2026-10-05,2025-12-09,0
2026-10-05,2025-12-10,0
2026-10-05,2025-12-11,0
2026-10-05,2025-12-12,0
2026-10-05,2025-12-15,0
2026-10-05,2025-12-16,0
2026-10-05,2025-12-17,0
2026-10-05,2025-12-18,0
2026-10-05,2025-12-19,0
2026-10-05,2025-12-22,0
2026-10-05,2025-12-23,0
2026-10-05,2025-12-26,0
2026-10-05,2025-12-29,0
2026-10-05,2025-12-30,0
2026-10-05,2026-01-02,0
2026-10-05,2026-01-05,0
2026-10-05,2026-01-06,0
2026-10-05,2026-01-07,0
2026-10-05,2026-01-08,0
2026-10-05,2026-01-09,0
2026-10-05,2026-01-12,0
2026-10-05,2026-01-13,0
2026-10-05,2026-01-14,0
2026-10-05,2026-01-15,0
2026-10-05,2026-01-16,0
2026-10-05,2026-01-19,0
2026-10-05,2026-01-20,0
2026-10-05,2026-01-21,0
2026-10-05,2026-01-22,0
2026-10-05,2026-01-23,0
2026-10-05,2026-01-26,0
2026-10-05,2026-01-27,0
2026-10-05,2026-01-28,0
2026-10-05,2026-01-29,0
2026-10-05,2026-01-30,0
2026-10-05,2026-02-02,0
2026-10-05,2026-02-03,0
2026-10-05,2026-02-04,0
2026-10-05,2026-02-05,0
2026-10-05,2026-02-06,0
2026-10-05,2026-02-09,0
2026-10-05,2026-02-10,0
2026-10-05,2026-02-11,0
2026-10-05,2026-02-12,0
2026-10-05,2026-02-13,0
2026-10-05,2026-02-18,0
2026-10-05,2026-02-19,0
2026-10-05,2026-02-20,0
2026-10-05,2026-02-23,0
2026-10-05,2026-02-24,0
2026-10-05,2026-02-25,0
2026-10-05,2026-02-26,0
2026-10-05,2026-02-27,0
2026-10-05,2026-03-02,0
2026-10-05,2026-03-03,0
2026-10-05,2026-03-04,0
2026-10-05,2026-03-05,0
2026-10-05,2026-03-06,0
2026-10-05,2026-03-09,0
2026-10-05,2026-03-10,0
2026-10-05,2026-03-11,0
2026-10-05,2026-03-12,0
2026-10-05,2026-03-13,0
2026-10-05,2026-03-16,0
2026-10-05,2026-03-17,0
2026-10-05,2026-03-18,0
2026-10-05,2026-03-19,0
2026-10-05,2026-03-20,0
2026-10-05,2026-03-25,0
2026-10-05,2026-03-26,0
2026-10-05,2026-03-27,0
2026-10-05,2026-03-30,0
2026-10-05,2026-03-31,0
2026-10-05,2026-04-01,0
2026-10-05,2026-04-06,0
2026-10-05,2026-04-07,0
2026-10-05,2026-04-08,0
2026-10-05,2026-04-09,0
2026-10-05,2026-04-10,0
2026-10-05,2026-04-13,0
2026-10-05,2026-04-14,0
2026-10-05,2026-04-15,0
2026-10-05,2026-04-16,0
2026-10-05,2026-04-17,0
2026-10-05,2026-04-20,0
2026-10-05,2026-04-21,0
2026-10-05,2026-04-22,0
2026-10-05,2026-04-23,0
2026-10-05,2026-04-24,0
2026-10-05,2026-04-27,0
2026-10-05,2026-04-28,0
2026-10-05,2026-04-29,0
2026-10-05,2026-04-30,0
2026-10-05,2026-05-04,0
2026-10-05,2026-05-05,0
2026-10-05,2026-05-06,0
2026-10-05,2026-05-07,0
2026-10-05,2026-05-08,0
2026-10-05,2026-05-11,0
2026-10-05,2026-05-12,0
2026-10-05,2026-05-13,0
2026-10-05,2026-05-14,0
2026-10-05,2026-05-15,0
2026-10-05,2026-05-18,0
2026-10-05,2026-05-19,0
2026-10-05,2026-05-20,0
2026-10-05,2026-05-21,0
2026-10-05,2026-05-22,0
2026-10-05,2026-05-26,0
2026-10-05,2026-05-27,0
2026-10-05,2026-05-28,0
2026-10-05,2026-05-29,0
2026-10-05,2026-06-01,0
2026-10-05,2026-06-02,0
2026-10-05,2026-06-03,0
2026-10-05,2026-06-04,0
2026-10-05,2026-06-05,0
2026-10-05,2026-06-08,0
2026-10-05,2026-06-09,0
2026-10-05,2026-06-10,0
2026-10-05,2026-06-11,0
2026-10-05,2026-06-12,0
2026-10-05,2026-06-16,0
2026-10-05,2026-06-17,0
2026-10-05,2026-06-18,0
2026-10-05,2026-06-19,0
2026-10-05,2026-06-22,0
2026-10-05,2026-06-23,0
2026-10-05,2026-06-24,0
2026-10-05,2026-06-25,0
2026-10-05,2026-06-26,0
2026-10-05,2026-06-29,0
2026-10-05,2026-06-30,0
2026-10-05,2026-07-01,0
2026-10-05,2026-07-02,0
2026-10-05,2026-07-03,0
2026-10-05,2026-07-06,0
2026-10-05,2026-07-07,0
2026-10-05,2026-07-08,0
2026-10-05,2026-07-13,0
2026-10-05,2026-07-14,0
2026-10-05,2026-07-15,0
2026-10-05,2026-07-16,0
2026-10-05,2026-07-17,0
2026-10-05,2026-07-20,0
2026-10-05,2026-07-21,0
2026-10-05,2026-07-22,0
2026-10-05,2026-07-23,0
2026-10-05,2026-07-24,0
2026-10-05,2026-07-27,0
2026-10-05,2026-07-28,0
2026-10-05,2026-07-29,0
2026-10-05,2026-07-30,0
2026-10-05,2026-07-31,0
2026-10-05,2026-08-03,0
2026-10-05,2026-08-04,0
2026-10-05,2026-08-05,0
2026-10-05,2026-08-06,0
2026-10-05,2026-08-07,0
2026-10-05,2026-08-10,0
2026-10-05,2026-08-11,0
2026-10-05,2026-08-12,0
2026-10-05,2026-08-13,0
2026-10-05,2026-08-14,0
2026-10-05,2026-08-18,0
2026-10-05,2026-08-19,0
2026-10-05,2026-08-20,0
2026-10-05,2026-08-21,0
2026-10-05,2026-08-24,0
2026-10-05,2026-08-25,0
2026-10-05,2026-08-26,0
2026-10-05,2026-08-27,0
2026-10-05,2026-08-28,0
2026-10-05,2026-08-31,0
2026-10-05,2026-09-01,0
2026-10-05,2026-09-02,0
2026-10-05,2026-09-03,0
2026-10-05,2026-09-04,0
2026-10-05,2026-09-07,0
2026-10-05,2026-09-08,0
2026-10-05,2026-09-09,0
2026-10-05,2026-09-10,0
2026-10-05,2026-09-11,0
2026-10-05,2026-09-14,0
2026-10-05,2026-09-15,0
2026-10-05,2026-09-16,0
2026-10-05,2026-09-17,0
2026-10-05,2026-09-18,0
2026-10-05,2026-09-21,0
2026-10-05,2026-09-22,0
2026-10-05,2026-09-23,0
2026-10-05,2026-09-24,0
2026-10-05,2026-09-25,0
2026-10-05,2026-09-28,0
2026-10-05,2026-09-29,0
2026-10-05,2026-09-30,0
