vintage,date,value
2026-10-05,2002-12-31,2844
2026-10-05,2003-01-02,2705
2026-10-05,2003-01-03,2715
2026-10-05,2003-01-06,2695
2026-10-05,2003-01-07,2700
2026-10-05,2003-01-08,2711
2026-10-05,2003-01-09,2713
2026-10-05,2003-01-10,2734
2026-10-05,2003-01-13,2735
2026-10-05,2003-01-14,2742
2026-10-05,2003-01-15,2714
2026-10-05,2003-01-16,2698
2026-10-05,2003-01-17,2671
2026-10-05,2003-01-20,2675
2026-10-05,2003-01-21,2670
2026-10-05,2003-01-22,2671
2026-10-05,2003-01-23,2660
2026-10-05,2003-01-24,2631
2026-10-05,2003-01-27,2630
2026-10-05,2003-01-28,2624
2026-10-05,2003-01-29,2628
2026-10-05,2003-01-30,2639
2026-10-05,2003-01-31,2811
2026-10-05,2003-02-03,2926
2026-10-05,2003-02-04,2922
2026-10-05,2003-02-05,2906
2026-10-05,2003-02-06,2906
2026-10-05,2003-02-07,2913
2026-10-05,2003-02-10,2900
2026-10-05,2003-02-11,2905
2026-10-05,2003-02-12,2924
2026-10-05,2003-02-13,2850
2026-10-05,2003-02-14,2848
2026-10-05,2003-02-17,2845
2026-10-05,2003-02-18,2853
2026-10-05,2003-02-19,2821
2026-10-05,2003-02-20,2790
2026-10-05,2003-02-21,2769
2026-10-05,2003-02-24,2774
2026-10-05,2003-02-25,2750
2026-10-05,2003-02-26,2743
2026-10-05,2003-02-27,2735
2026-10-05,2003-02-28,2800
2026-10-05,2003-03-03,2795
2026-10-05,2003-03-04,2831
2026-10-05,2003-03-05,2841
2026-10-05,2003-03-06,2844
2026-10-05,2003-03-07,2832
2026-10-05,2003-03-10,2835
2026-10-05,2003-03-11,2791
2026-10-05,2003-03-12,2842
2026-10-05,2003-03-13,2847
2026-10-05,2003-03-14,2841
2026-10-05,2003-03-17,2833
2026-10-05,2003-03-18,2840
2026-10-05,2003-03-19,2802
2026-10-05,2003-03-20,2746
2026-10-05,2003-03-21,2746
2026-10-05,2003-03-24,2753
2026-10-05,2003-03-25,2748
2026-10-05,2003-03-26,2741
2026-10-05,2003-03-27,2800
2026-10-05,2003-03-28,2773
2026-10-05,2003-04-01,2663
2026-10-05,2003-04-02,2649
2026-10-05,2003-04-03,2667
2026-10-05,2003-04-04,2678
2026-10-05,2003-04-07,2674
2026-10-05,2003-04-08,2699
2026-10-05,2003-04-09,2685
2026-10-05,2003-04-10,2690
2026-10-05,2003-04-11,2697
2026-10-05,2003-04-14,2694
2026-10-05,2003-04-15,2688
2026-10-05,2003-04-16,2713
2026-10-05,2003-04-21,2724
2026-10-05,2003-04-22,2734
2026-10-05,2003-04-23,2727
2026-10-05,2003-04-24,2736
2026-10-05,2003-04-25,2774
2026-10-05,2003-04-28,2774
2026-10-05,2003-04-29,2769
2026-10-05,2003-04-30,2690
2026-10-05,2003-05-02,2782
2026-10-05,2003-05-05,2788
2026-10-05,2003-05-06,2800
2026-10-05,2003-05-07,2799
2026-10-05,2003-05-08,2796
2026-10-05,2003-05-09,2800
2026-10-05,2003-05-12,2795
2026-10-05,2003-05-13,2786
2026-10-05,2003-05-14,2770
2026-10-05,2003-05-15,2779
2026-10-05,2003-05-16,2782
2026-10-05,2003-05-19,2762
2026-10-05,2003-05-20,2755
2026-10-05,2003-05-21,2791
2026-10-05,2003-05-22,2774
2026-10-05,2003-05-23,2762
2026-10-05,2003-05-26,2756
2026-10-05,2003-05-27,2776
2026-10-05,2003-05-28,2764
2026-10-05,2003-05-29,2759
2026-10-05,2003-05-30,2733
2026-10-05,2003-06-02,2743
2026-10-05,2003-06-03,2724
2026-10-05,2003-06-04,2725
2026-10-05,2003-06-05,2714
2026-10-05,2003-06-06,2740
2026-10-05,2003-06-09,2686
2026-10-05,2003-06-10,2669
2026-10-05,2003-06-11,2713
2026-10-05,2003-06-12,2706
2026-10-05,2003-06-13,2715
2026-10-05,2003-06-17,2709
2026-10-05,2003-06-18,2702
2026-10-05,2003-06-19,2690
2026-10-05,2003-06-20,2691
2026-10-05,2003-06-23,2699
2026-10-05,2003-06-24,2707
2026-10-05,2003-06-25,2708
2026-10-05,2003-06-26,2705
2026-10-05,2003-06-27,2631
2026-10-05,2003-06-30,2629
2026-10-05,2003-07-01,2630
2026-10-05,2003-07-02,2634
2026-10-05,2003-07-03,2638
2026-10-05,2003-07-04,2641
2026-10-05,2003-07-07,2642
2026-10-05,2003-07-08,2648
2026-10-05,2003-07-10,2634
2026-10-05,2003-07-11,2632
2026-10-05,2003-07-14,2626
2026-10-05,2003-07-15,2624
2026-10-05,2003-07-16,2623
2026-10-05,2003-07-17,2612
2026-10-05,2003-07-18,2631
2026-10-05,2003-07-21,2639
2026-10-05,2003-07-22,2638
2026-10-05,2003-07-23,2628
2026-10-05,2003-07-24,2635
2026-10-05,2003-07-25,2634
2026-10-05,2003-07-28,2643
2026-10-05,2003-07-29,2649
2026-10-05,2003-07-30,2643
2026-10-05,2003-07-31,2699
2026-10-05,2003-08-01,2625
2026-10-05,2003-08-04,2627
2026-10-05,2003-08-05,2634
2026-10-05,2003-08-06,2629
2026-10-05,2003-08-07,2627
2026-10-05,2003-08-08,2633
2026-10-05,2003-08-11,2617
2026-10-05,2003-08-12,2619
2026-10-05,2003-08-13,2620
2026-10-05,2003-08-14,2618
2026-10-05,2003-08-15,2621
2026-10-05,2003-08-19,2618
2026-10-05,2003-08-20,2616
2026-10-05,2003-08-21,2610
2026-10-05,2003-08-22,2606
2026-10-05,2003-08-25,2599
2026-10-05,2003-08-26,2594
2026-10-05,2003-08-27,2589
2026-10-05,2003-08-28,2605
2026-10-05,2003-08-29,2610
2026-10-05,2003-09-01,2637
2026-10-05,2003-09-02,2638
2026-10-05,2003-09-03,2642
2026-10-05,2003-09-04,2637
2026-10-05,2003-09-05,2658
2026-10-05,2003-09-08,2650
2026-10-05,2003-09-09,2628
2026-10-05,2003-09-10,2643
2026-10-05,2003-09-11,2653
2026-10-05,2003-09-12,2656
2026-10-05,2003-09-15,2669
2026-10-05,2003-09-16,2655
2026-10-05,2003-09-17,2647
2026-10-05,2003-09-18,2638
2026-10-05,2003-09-19,2635
2026-10-05,2003-09-22,2627
2026-10-05,2003-09-23,2618
2026-10-05,2003-09-24,2620
2026-10-05,2003-09-25,2618
2026-10-05,2003-09-26,2616
2026-10-05,2003-09-29,2622
2026-10-05,2003-09-30,2657
2026-10-05,2003-10-01,2688
2026-10-05,2003-10-02,2687
2026-10-05,2003-10-03,2686
2026-10-05,2003-10-06,2673
2026-10-05,2003-10-07,2642
2026-10-05,2003-10-08,2642
2026-10-05,2003-10-09,2640
2026-10-05,2003-10-10,2639
2026-10-05,2003-10-14,2637
2026-10-05,2003-10-15,2631
2026-10-05,2003-10-16,2633
2026-10-05,2003-10-17,2631
2026-10-05,2003-10-20,2632
2026-10-05,2003-10-21,2661
2026-10-05,2003-10-22,2648
2026-10-05,2003-10-23,2643
2026-10-05,2003-10-24,2659
2026-10-05,2003-10-27,2682
2026-10-05,2003-10-28,2672
2026-10-05,2003-10-29,2648
2026-10-05,2003-10-30,2644
2026-10-05,2003-10-31,2674
2026-10-05,2003-11-03,2688
2026-10-05,2003-11-04,2682
2026-10-05,2003-11-05,2687
2026-10-05,2003-11-07,2687
2026-10-05,2003-11-10,2679
2026-10-05,2003-11-11,2673
2026-10-05,2003-11-12,2675
2026-10-05,2003-11-13,2658
2026-10-05,2003-11-14,2639
2026-10-05,2003-11-17,2649
2026-10-05,2003-11-18,2640
2026-10-05,2003-11-19,2613
2026-10-05,2003-11-20,2609
2026-10-05,2003-11-21,2624
2026-10-05,2003-11-24,2623
2026-10-05,2003-11-25,2605
2026-10-05,2003-11-26,2598
2026-10-05,2003-11-27,2602
2026-10-05,2003-11-28,2651
2026-10-05,2003-12-01,2627
2026-10-05,2003-12-02,2574
2026-10-05,2003-12-03,2598
2026-10-05,2003-12-04,2605
2026-10-05,2003-12-05,2609
2026-10-05,2003-12-09,2608
2026-10-05,2003-12-10,2594
2026-10-05,2003-12-11,2583
2026-10-05,2003-12-12,2597
2026-10-05,2003-12-15,2533
2026-10-05,2003-12-16,2538
2026-10-05,2003-12-17,2543
2026-10-05,2003-12-18,2533
2026-10-05,2003-12-19,2539
2026-10-05,2003-12-22,2527
2026-10-05,2003-12-23,2514
2026-10-05,2003-12-24,2534
2026-10-05,2003-12-26,2546
2026-10-05,2003-12-29,2531
2026-10-05,2003-12-30,2503
2026-10-05,2003-12-31,2559
2026-10-05,2004-01-02,2506
2026-10-05,2004-01-05,2491
2026-10-05,2004-01-06,2458
2026-10-05,2004-01-07,2464
2026-10-05,2004-01-08,2455
2026-10-05,2004-01-09,2450
2026-10-05,2004-01-12,2450
2026-10-05,2004-01-13,2484
2026-10-05,2004-01-14,2499
2026-10-05,2004-01-15,2497
2026-10-05,2004-01-16,2494
2026-10-05,2004-01-19,2500
2026-10-05,2004-01-20,2496
2026-10-05,2004-01-21,2494
2026-10-05,2004-01-22,2478
2026-10-05,2004-01-23,2487
2026-10-05,2004-01-26,2493
2026-10-05,2004-01-27,2486
2026-10-05,2004-01-28,2487
2026-10-05,2004-01-29,2502
2026-10-05,2004-01-30,2561
2026-10-05,2004-02-02,2507
2026-10-05,2004-02-03,2502
2026-10-05,2004-02-04,2501
2026-10-05,2004-02-05,2500
2026-10-05,2004-02-06,2524
2026-10-05,2004-02-09,2512
2026-10-05,2004-02-10,2513
2026-10-05,2004-02-11,2516
2026-10-05,2004-02-12,2517
2026-10-05,2004-02-13,2523
2026-10-05,2004-02-16,2545
2026-10-05,2004-02-17,2550
2026-10-05,2004-02-18,2571
2026-10-05,2004-02-19,2558
2026-10-05,2004-02-20,2559
2026-10-05,2004-02-23,2563
2026-10-05,2004-02-24,2495
2026-10-05,2004-02-25,2472
2026-10-05,2004-02-26,2478
2026-10-05,2004-02-27,2548
2026-10-05,2004-03-01,2485
2026-10-05,2004-03-02,2478
2026-10-05,2004-03-03,2497
2026-10-05,2004-03-04,2494
2026-10-05,2004-03-05,2494
2026-10-05,2004-03-08,2518
2026-10-05,2004-03-09,2520
2026-10-05,2004-03-10,2501
2026-10-05,2004-03-11,2500
2026-10-05,2004-03-12,2517
2026-10-05,2004-03-15,2518
2026-10-05,2004-03-16,2540
2026-10-05,2004-03-17,2546
2026-10-05,2004-03-18,2542
2026-10-05,2004-03-19,2532
2026-10-05,2004-03-22,2537
2026-10-05,2004-03-23,2534
2026-10-05,2004-03-24,2533
2026-10-05,2004-03-25,2541
2026-10-05,2004-03-26,2382
2026-10-05,2004-03-29,2374
2026-10-05,2004-03-30,2372
2026-10-05,2004-03-31,2522
2026-10-05,2004-04-01,2424
2026-10-05,2004-04-02,2422
2026-10-05,2004-04-06,2409
2026-10-05,2004-04-07,2421
2026-10-05,2004-04-12,2433
2026-10-05,2004-04-13,2433
2026-10-05,2004-04-14,2437
2026-10-05,2004-04-15,2433
2026-10-05,2004-04-16,2485
2026-10-05,2004-04-19,2476
2026-10-05,2004-04-20,2470
2026-10-05,2004-04-21,2494
2026-10-05,2004-04-22,2486
2026-10-05,2004-04-23,2485
2026-10-05,2004-04-26,2537
2026-10-05,2004-04-27,2527
2026-10-05,2004-04-28,2535
2026-10-05,2004-04-29,2534
2026-10-05,2004-04-30,2636
2026-10-05,2004-05-03,2595
2026-10-05,2004-05-04,2597
2026-10-05,2004-05-05,2608
2026-10-05,2004-05-06,2600
2026-10-05,2004-05-07,2597
2026-10-05,2004-05-10,2592
2026-10-05,2004-05-11,2590
2026-10-05,2004-05-12,2596
2026-10-05,2004-05-13,2597
2026-10-05,2004-05-14,2578
2026-10-05,2004-05-17,2621
2026-10-05,2004-05-18,2613
2026-10-05,2004-05-19,2621
2026-10-05,2004-05-20,2654
2026-10-05,2004-05-21,2657
2026-10-05,2004-05-24,2657
2026-10-05,2004-05-26,2644
2026-10-05,2004-05-27,2646
2026-10-05,2004-05-28,2637
2026-10-05,2004-05-31,2710
2026-10-05,2004-06-01,2664
2026-10-05,2004-06-02,2673
2026-10-05,2004-06-03,2670
2026-10-05,2004-06-04,2682
2026-10-05,2004-06-07,2694
2026-10-05,2004-06-08,2678
2026-10-05,2004-06-09,2709
2026-10-05,2004-06-10,2719
2026-10-05,2004-06-11,2761
2026-10-05,2004-06-14,2755
2026-10-05,2004-06-15,2800
2026-10-05,2004-06-16,2826
2026-10-05,2004-06-17,2805
2026-10-05,2004-06-18,2799
2026-10-05,2004-06-22,2800
2026-10-05,2004-06-23,2819
2026-10-05,2004-06-24,2811
2026-10-05,2004-06-25,2798
2026-10-05,2004-06-28,2793
2026-10-05,2004-06-29,2791
2026-10-05,2004-06-30,2850
2026-10-05,2004-07-01,2809
2026-10-05,2004-07-02,2854
2026-10-05,2004-07-05,2909
2026-10-05,2004-07-06,2799
2026-10-05,2004-07-07,2803
2026-10-05,2004-07-08,2791
2026-10-05,2004-07-12,2769
2026-10-05,2004-07-13,2774
2026-10-05,2004-07-14,2777
2026-10-05,2004-07-15,2772
2026-10-05,2004-07-16,2818
2026-10-05,2004-07-19,2841
2026-10-05,2004-07-20,2937
2026-10-05,2004-07-21,2929
2026-10-05,2004-07-22,2932
2026-10-05,2004-07-23,2927
2026-10-05,2004-07-26,2926
2026-10-05,2004-07-27,2955
2026-10-05,2004-07-28,2991
2026-10-05,2004-07-29,2977
2026-10-05,2004-07-30,3059
2026-10-05,2004-08-02,3062
2026-10-05,2004-08-03,3087
2026-10-05,2004-08-04,3077
2026-10-05,2004-08-05,3072
2026-10-05,2004-08-06,3061
2026-10-05,2004-08-09,3107
2026-10-05,2004-08-10,3115
2026-10-05,2004-08-11,3104
2026-10-05,2004-08-12,3106
2026-10-05,2004-08-13,3110
2026-10-05,2004-08-17,3113
2026-10-05,2004-08-18,3119
2026-10-05,2004-08-19,3129
2026-10-05,2004-08-20,3126
2026-10-05,2004-08-23,3130
2026-10-05,2004-08-24,3128
2026-10-05,2004-08-25,3110
2026-10-05,2004-08-26,3112
2026-10-05,2004-08-27,3107
2026-10-05,2004-08-30,3108
2026-10-05,2004-08-31,3194
2026-10-05,2004-09-01,3204
2026-10-05,2004-09-02,3200
2026-10-05,2004-09-03,3212
2026-10-05,2004-09-06,3204
2026-10-05,2004-09-07,3210
2026-10-05,2004-09-08,3225
2026-10-05,2004-09-09,3225
2026-10-05,2004-09-10,3209
2026-10-05,2004-09-13,3252
2026-10-05,2004-09-14,3226
2026-10-05,2004-09-15,3203
2026-10-05,2004-09-16,3218
2026-10-05,2004-09-17,3220
2026-10-05,2004-09-20,3213
2026-10-05,2004-09-21,3214
2026-10-05,2004-09-22,3205
2026-10-05,2004-09-23,3205
2026-10-05,2004-09-24,3204
2026-10-05,2004-09-27,3205
2026-10-05,2004-09-28,3218
2026-10-05,2004-09-29,3233
2026-10-05,2004-09-30,3259
2026-10-05,2004-10-01,3278
2026-10-05,2004-10-04,3329
2026-10-05,2004-10-05,3287
2026-10-05,2004-10-06,3286
2026-10-05,2004-10-07,3262
2026-10-05,2004-10-08,3266
2026-10-05,2004-10-12,3278
2026-10-05,2004-10-13,3287
2026-10-05,2004-10-14,3298
2026-10-05,2004-10-15,3280
2026-10-05,2004-10-18,3304
2026-10-05,2004-10-19,3306
2026-10-05,2004-10-20,3305
2026-10-05,2004-10-21,3318
2026-10-05,2004-10-22,3331
2026-10-05,2004-10-25,3329
2026-10-05,2004-10-26,3309
2026-10-05,2004-10-27,3290
2026-10-05,2004-10-28,3299
2026-10-05,2004-10-29,3361
2026-10-05,2004-11-01,3357
2026-10-05,2004-11-02,3354
2026-10-05,2004-11-03,3365
2026-10-05,2004-11-04,3376
2026-10-05,2004-11-05,3373
2026-10-05,2004-11-08,3385
2026-10-05,2004-11-09,3392
2026-10-05,2004-11-10,3376
2026-10-05,2004-11-11,3394
2026-10-05,2004-11-12,3414
2026-10-05,2004-11-15,3417
2026-10-05,2004-11-16,3384
2026-10-05,2004-11-17,3372
2026-10-05,2004-11-18,3368
2026-10-05,2004-11-19,3367
2026-10-05,2004-11-22,3386
2026-10-05,2004-11-23,3383
2026-10-05,2004-11-24,3384
2026-10-05,2004-11-25,3377
2026-10-05,2004-11-26,3374
2026-10-05,2004-11-29,3384
2026-10-05,2004-11-30,3407
2026-10-05,2004-12-01,3417
2026-10-05,2004-12-02,3412
2026-10-05,2004-12-03,3393
2026-10-05,2004-12-06,3401
2026-10-05,2004-12-07,3400
2026-10-05,2004-12-09,3409
2026-10-05,2004-12-10,3433
2026-10-05,2004-12-13,3409
2026-10-05,2004-12-14,3410
2026-10-05,2004-12-15,3428
2026-10-05,2004-12-16,3564
2026-10-05,2004-12-17,3549
2026-10-05,2004-12-20,3533
2026-10-05,2004-12-21,3564
2026-10-05,2004-12-22,3599
2026-10-05,2004-12-23,3595
2026-10-05,2004-12-24,3591
2026-10-05,2004-12-27,3599
2026-10-05,2004-12-28,3557
2026-10-05,2004-12-29,3537
2026-10-05,2004-12-30,3533
2026-10-05,2004-12-31,3562
2026-10-05,2005-01-03,3567
2026-10-05,2005-01-04,3533
2026-10-05,2005-01-05,3502
2026-10-05,2005-01-06,3512
2026-10-05,2005-01-07,3486
2026-10-05,2005-01-10,3503
2026-10-05,2005-01-11,3489
2026-10-05,2005-01-12,3479
2026-10-05,2005-01-13,3479
2026-10-05,2005-01-14,3477
2026-10-05,2005-01-17,3459
2026-10-05,2005-01-18,3464
2026-10-05,2005-01-19,3463
2026-10-05,2005-01-20,3478
2026-10-05,2005-01-21,3468
2026-10-05,2005-01-24,3468
2026-10-05,2005-01-25,3459
2026-10-05,2005-01-26,3450
2026-10-05,2005-01-27,3445
2026-10-05,2005-01-28,3445
2026-10-05,2005-01-31,3512
2026-10-05,2005-02-01,3479
2026-10-05,2005-02-02,3479
2026-10-05,2005-02-03,3474
2026-10-05,2005-02-04,3471
2026-10-05,2005-02-07,3488
2026-10-05,2005-02-08,3471
2026-10-05,2005-02-09,3477
2026-10-05,2005-02-10,3468
2026-10-05,2005-02-11,3457
2026-10-05,2005-02-14,3483
2026-10-05,2005-02-15,3465
2026-10-05,2005-02-16,3463
2026-10-05,2005-02-17,3463
2026-10-05,2005-02-18,3450
2026-10-05,2005-02-21,3438
2026-10-05,2005-02-22,3419
2026-10-05,2005-02-23,3414
2026-10-05,2005-02-24,3419
2026-10-05,2005-02-25,3400
2026-10-05,2005-02-28,3401
2026-10-05,2005-03-01,3373
2026-10-05,2005-03-02,3366
2026-10-05,2005-03-03,3345
2026-10-05,2005-03-04,3343
2026-10-05,2005-03-07,3344
2026-10-05,2005-03-08,3362
2026-10-05,2005-03-09,3357
2026-10-05,2005-03-10,3350
2026-10-05,2005-03-11,3352
2026-10-05,2005-03-14,3359
2026-10-05,2005-03-15,3352
2026-10-05,2005-03-16,3338
2026-10-05,2005-03-17,3426
2026-10-05,2005-03-18,3440
2026-10-05,2005-03-21,3408
2026-10-05,2005-03-22,3427
2026-10-05,2005-03-23,3437
2026-10-05,2005-03-28,3414
2026-10-05,2005-03-29,3534
2026-10-05,2005-03-30,3516
2026-10-05,2005-03-31,3548
2026-10-05,2005-04-01,3521
2026-10-05,2005-04-04,3525
2026-10-05,2005-04-05,3519
2026-10-05,2005-04-06,3523
2026-10-05,2005-04-07,3572
2026-10-05,2005-04-08,3564
2026-10-05,2005-04-11,3557
2026-10-05,2005-04-12,3579
2026-10-05,2005-04-13,3576
2026-10-05,2005-04-14,3571
2026-10-05,2005-04-15,3571
2026-10-05,2005-04-18,3578
2026-10-05,2005-04-19,3621
2026-10-05,2005-04-20,3611
2026-10-05,2005-04-21,3592
2026-10-05,2005-04-22,3617
2026-10-05,2005-04-25,3609
2026-10-05,2005-04-26,3691
2026-10-05,2005-04-27,3671
2026-10-05,2005-04-28,3684
2026-10-05,2005-04-29,3703
2026-10-05,2005-05-02,3723
2026-10-05,2005-05-03,3721
2026-10-05,2005-05-04,3703
2026-10-05,2005-05-05,3619
2026-10-05,2005-05-06,3628
2026-10-05,2005-05-09,3649
2026-10-05,2005-05-10,3640
2026-10-05,2005-05-11,3626
2026-10-05,2005-05-12,3624
2026-10-05,2005-05-13,3625
2026-10-05,2005-05-16,3615
2026-10-05,2005-05-17,3623
2026-10-05,2005-05-18,3657
2026-10-05,2005-05-19,3637
2026-10-05,2005-05-20,3630
2026-10-05,2005-05-23,3616
2026-10-05,2005-05-24,3620
2026-10-05,2005-05-26,3600
2026-10-05,2005-05-27,3580
2026-10-05,2005-05-30,3549
2026-10-05,2005-05-31,3564
2026-10-05,2005-06-01,3580
2026-10-05,2005-06-02,3596
2026-10-05,2005-06-03,3580
2026-10-05,2005-06-06,3588
2026-10-05,2005-06-07,3579
2026-10-05,2005-06-08,3660
2026-10-05,2005-06-09,3704
2026-10-05,2005-06-10,3701
2026-10-05,2005-06-13,3698
2026-10-05,2005-06-14,3691
2026-10-05,2005-06-15,3700
2026-10-05,2005-06-16,3660
2026-10-05,2005-06-17,3675
2026-10-05,2005-06-21,3651
2026-10-05,2005-06-22,3648
2026-10-05,2005-06-23,3662
2026-10-05,2005-06-24,3686
2026-10-05,2005-06-27,3695
2026-10-05,2005-06-28,3696
2026-10-05,2005-06-29,3708
2026-10-05,2005-06-30,3539
2026-10-05,2005-07-01,3473
2026-10-05,2005-07-04,3467
2026-10-05,2005-07-05,3490
2026-10-05,2005-07-06,3474
2026-10-05,2005-07-07,3483
2026-10-05,2005-07-08,3489
2026-10-05,2005-07-11,3485
2026-10-05,2005-07-12,3486
2026-10-05,2005-07-13,3489
2026-10-05,2005-07-14,3503
2026-10-05,2005-07-15,3488
2026-10-05,2005-07-18,3480
2026-10-05,2005-07-19,3490
2026-10-05,2005-07-20,3490
2026-10-05,2005-07-21,3502
2026-10-05,2005-07-22,3495
2026-10-05,2005-07-25,3500
2026-10-05,2005-07-26,3496
2026-10-05,2005-07-27,3498
2026-10-05,2005-07-28,3490
2026-10-05,2005-07-29,3503
2026-10-05,2005-08-01,3487
2026-10-05,2005-08-02,3498
2026-10-05,2005-08-03,3485
2026-10-05,2005-08-04,3494
2026-10-05,2005-08-05,3483
2026-10-05,2005-08-08,3489
2026-10-05,2005-08-09,3481
2026-10-05,2005-08-10,3486
2026-10-05,2005-08-11,3531
2026-10-05,2005-08-12,3522
2026-10-05,2005-08-16,3515
2026-10-05,2005-08-17,3562
2026-10-05,2005-08-18,3541
2026-10-05,2005-08-19,3551
2026-10-05,2005-08-22,3556
2026-10-05,2005-08-23,3544
2026-10-05,2005-08-24,3543
2026-10-05,2005-08-25,3548
2026-10-05,2005-08-26,3562
2026-10-05,2005-08-29,3549
2026-10-05,2005-08-30,3566
2026-10-05,2005-08-31,3546
2026-10-05,2005-09-01,3530
2026-10-05,2005-09-02,3526
2026-10-05,2005-09-05,3506
2026-10-05,2005-09-06,3528
2026-10-05,2005-09-07,3497
2026-10-05,2005-09-08,3507
2026-10-05,2005-09-09,3492
2026-10-05,2005-09-12,3489
2026-10-05,2005-09-13,3515
2026-10-05,2005-09-14,3508
2026-10-05,2005-09-15,3509
2026-10-05,2005-09-16,3484
2026-10-05,2005-09-19,3479
2026-10-05,2005-09-20,3499
2026-10-05,2005-09-21,3529
2026-10-05,2005-09-22,3527
2026-10-05,2005-09-23,3517
2026-10-05,2005-09-26,3480
2026-10-05,2005-09-27,3506
2026-10-05,2005-09-28,3413
2026-10-05,2005-09-29,3427
2026-10-05,2005-09-30,3427
2026-10-05,2005-10-03,3477
2026-10-05,2005-10-04,3409
2026-10-05,2005-10-05,3444
2026-10-05,2005-10-06,3428
2026-10-05,2005-10-07,3404
2026-10-05,2005-10-11,3390
2026-10-05,2005-10-12,3387
2026-10-05,2005-10-13,3411
2026-10-05,2005-10-14,3410
2026-10-05,2005-10-17,3420
2026-10-05,2005-10-18,3396
2026-10-05,2005-10-19,3342
2026-10-05,2005-10-20,3353
2026-10-05,2005-10-21,3343
2026-10-05,2005-10-24,3355
2026-10-05,2005-10-25,3321
2026-10-05,2005-10-26,3309
2026-10-05,2005-10-27,3330
2026-10-05,2005-10-28,3320
2026-10-05,2005-10-31,3369
2026-10-05,2005-11-01,3359
2026-10-05,2005-11-02,3382
2026-10-05,2005-11-03,3382
2026-10-05,2005-11-04,3357
2026-10-05,2005-11-07,3356
2026-10-05,2005-11-08,3359
2026-10-05,2005-11-09,3351
2026-10-05,2005-11-10,3360
2026-10-05,2005-11-11,3341
2026-10-05,2005-11-14,3323
2026-10-05,2005-11-15,3346
2026-10-05,2005-11-16,3350
2026-10-05,2005-11-17,3348
2026-10-05,2005-11-18,3379
2026-10-05,2005-11-21,3389
2026-10-05,2005-11-22,3373
2026-10-05,2005-11-23,3387
2026-10-05,2005-11-24,3397
2026-10-05,2005-11-25,3373
2026-10-05,2005-11-28,3366
2026-10-05,2005-11-29,3390
2026-10-05,2005-11-30,3422
2026-10-05,2005-12-01,3461
2026-10-05,2005-12-02,3473
2026-10-05,2005-12-05,3451
2026-10-05,2005-12-06,3449
2026-10-05,2005-12-07,3546
2026-10-05,2005-12-09,3637
2026-10-05,2005-12-12,3796
2026-10-05,2005-12-13,3807
2026-10-05,2005-12-14,3746
2026-10-05,2005-12-15,3700
2026-10-05,2005-12-16,3616
2026-10-05,2005-12-19,3605
2026-10-05,2005-12-20,3613
2026-10-05,2005-12-21,3591
2026-10-05,2005-12-22,3627
2026-10-05,2005-12-23,3624
2026-10-05,2005-12-26,3645
2026-10-05,2005-12-27,3658
2026-10-05,2005-12-28,3657
2026-10-05,2005-12-29,3614
2026-10-05,2005-12-30,3579
2026-10-05,2006-01-02,3594
2026-10-05,2006-01-03,3594
2026-10-05,2006-01-04,3569
2026-10-05,2006-01-05,3545
2026-10-05,2006-01-06,3557
2026-10-05,2006-01-09,3526
2026-10-05,2006-01-10,3525
2026-10-05,2006-01-11,3501
2026-10-05,2006-01-12,3501
2026-10-05,2006-01-13,3493
2026-10-05,2006-01-16,3478
2026-10-05,2006-01-17,3476
2026-10-05,2006-01-18,3477
2026-10-05,2006-01-19,3485
2026-10-05,2006-01-20,3448
2026-10-05,2006-01-23,3452
2026-10-05,2006-01-24,3437
2026-10-05,2006-01-25,3491
2026-10-05,2006-01-26,3485
2026-10-05,2006-01-27,3497
2026-10-05,2006-01-30,3485
2026-10-05,2006-01-31,3535
2026-10-05,2006-02-01,3521
2026-10-05,2006-02-02,3510
2026-10-05,2006-02-03,3508
2026-10-05,2006-02-06,3477
2026-10-05,2006-02-07,3512
2026-10-05,2006-02-08,3524
2026-10-05,2006-02-09,3544
2026-10-05,2006-02-10,3568
2026-10-05,2006-02-13,3557
2026-10-05,2006-02-14,3555
2026-10-05,2006-02-15,3572
2026-10-05,2006-02-16,3583
2026-10-05,2006-02-17,3580
2026-10-05,2006-02-20,3586
2026-10-05,2006-02-21,3579
2026-10-05,2006-02-22,3588
2026-10-05,2006-02-23,3588
2026-10-05,2006-02-24,3594
2026-10-05,2006-02-27,3596
2026-10-05,2006-02-28,3604
2026-10-05,2006-03-01,3615
2026-10-05,2006-03-02,3601
2026-10-05,2006-03-03,3581
2026-10-05,2006-03-06,3581
2026-10-05,2006-03-07,3573
2026-10-05,2006-03-08,3553
2026-10-05,2006-03-09,3568
2026-10-05,2006-03-10,3547
2026-10-05,2006-03-13,3534
2026-10-05,2006-03-14,3531
2026-10-05,2006-03-15,3536
2026-10-05,2006-03-16,3546
2026-10-05,2006-03-17,3564
2026-10-05,2006-03-20,3561
2026-10-05,2006-03-21,3522
2026-10-05,2006-03-22,3540
2026-10-05,2006-03-23,3600
2026-10-05,2006-03-27,3593
2026-10-05,2006-03-28,3599
2026-10-05,2006-03-29,3580
2026-10-05,2006-03-30,3582
2026-10-05,2006-03-31,3601
2026-10-05,2006-04-03,3595
2026-10-05,2006-04-04,3591
2026-10-05,2006-04-05,3549
2026-10-05,2006-04-06,3498
2026-10-05,2006-04-07,3497
2026-10-05,2006-04-10,3517
2026-10-05,2006-04-11,3563
2026-10-05,2006-04-12,3560
2026-10-05,2006-04-17,3558
2026-10-05,2006-04-18,3555
2026-10-05,2006-04-19,3552
2026-10-05,2006-04-20,3545
2026-10-05,2006-04-21,3533
2026-10-05,2006-04-24,3556
2026-10-05,2006-04-25,3568
2026-10-05,2006-04-26,3559
2026-10-05,2006-04-27,3566
2026-10-05,2006-04-28,3525
2026-10-05,2006-05-02,3554
2026-10-05,2006-05-03,3530
2026-10-05,2006-05-04,3609
2026-10-05,2006-05-05,3624
2026-10-05,2006-05-08,3592
2026-10-05,2006-05-09,3636
2026-10-05,2006-05-10,3632
2026-10-05,2006-05-11,3615
2026-10-05,2006-05-12,3583
2026-10-05,2006-05-15,3572
2026-10-05,2006-05-16,3587
2026-10-05,2006-05-17,3504
2026-10-05,2006-05-18,3491
2026-10-05,2006-05-19,3500
2026-10-05,2006-05-22,3506
2026-10-05,2006-05-23,3515
2026-10-05,2006-05-24,3516
2026-10-05,2006-05-26,3532
2026-10-05,2006-05-29,3521
2026-10-05,2006-05-30,3531
2026-10-05,2006-05-31,3541
2026-10-05,2006-06-01,3527
2026-10-05,2006-06-02,3538
2026-10-05,2006-06-05,3485
2026-10-05,2006-06-06,3487
2026-10-05,2006-06-07,3470
2026-10-05,2006-06-08,3456
2026-10-05,2006-06-09,3431
2026-10-05,2006-06-12,3426
2026-10-05,2006-06-13,3424
2026-10-05,2006-06-14,3461
2026-10-05,2006-06-15,3456
2026-10-05,2006-06-16,3469
2026-10-05,2006-06-20,3470
2026-10-05,2006-06-21,3486
2026-10-05,2006-06-22,3513
2026-10-05,2006-06-23,3527
2026-10-05,2006-06-26,3528
2026-10-05,2006-06-27,3515
2026-10-05,2006-06-28,3529
2026-10-05,2006-06-29,3585
2026-10-05,2006-06-30,3646
2026-10-05,2006-07-03,3623
2026-10-05,2006-07-04,3643
2026-10-05,2006-07-05,3635
2026-10-05,2006-07-06,3666
2026-10-05,2006-07-07,3681
2026-10-05,2006-07-10,3697
2026-10-05,2006-07-11,3707
2026-10-05,2006-07-12,3680
2026-10-05,2006-07-13,3660
2026-10-05,2006-07-14,3663
2026-10-05,2006-07-17,3608
2026-10-05,2006-07-18,3599
2026-10-05,2006-07-19,3620
2026-10-05,2006-07-20,3626
2026-10-05,2006-07-21,3639
2026-10-05,2006-07-24,3643
2026-10-05,2006-07-25,3641
2026-10-05,2006-07-26,3622
2026-10-05,2006-07-27,3652
2026-10-05,2006-07-28,3686
2026-10-05,2006-07-31,3653
2026-10-05,2006-08-01,3658
2026-10-05,2006-08-02,3642
2026-10-05,2006-08-03,3656
2026-10-05,2006-08-04,3654
2026-10-05,2006-08-07,3606
2026-10-05,2006-08-08,3639
2026-10-05,2006-08-09,3612
2026-10-05,2006-08-10,3602
2026-10-05,2006-08-11,3621
2026-10-05,2006-08-14,3618
2026-10-05,2006-08-15,3608
2026-10-05,2006-08-16,3609
2026-10-05,2006-08-17,3639
2026-10-05,2006-08-18,3665
2026-10-05,2006-08-22,3658
2026-10-05,2006-08-23,3664
2026-10-05,2006-08-24,3645
2026-10-05,2006-08-25,3651
2026-10-05,2006-08-28,3666
2026-10-05,2006-08-29,3640
2026-10-05,2006-08-30,3620
2026-10-05,2006-08-31,3702
2026-10-05,2006-09-01,3696
2026-10-05,2006-09-04,3706
2026-10-05,2006-09-05,3695
2026-10-05,2006-09-06,3682
2026-10-05,2006-09-07,3694
2026-10-05,2006-09-08,3709
2026-10-05,2006-09-11,3712
2026-10-05,2006-09-12,3701
2026-10-05,2006-09-13,3707
2026-10-05,2006-09-14,3691
2026-10-05,2006-09-15,3691
2026-10-05,2006-09-18,3700
2026-10-05,2006-09-19,3678
2026-10-05,2006-09-20,3661
2026-10-05,2006-09-21,3674
2026-10-05,2006-09-22,3690
2026-10-05,2006-09-25,3688
2026-10-05,2006-09-26,3686
2026-10-05,2006-09-27,3687
2026-10-05,2006-09-28,3691
2026-10-05,2006-09-29,3747
2026-10-05,2006-10-02,3764
2026-10-05,2006-10-03,3749
2026-10-05,2006-10-04,3728
2026-10-05,2006-10-05,3705
2026-10-05,2006-10-06,3688
2026-10-05,2006-10-09,3672
2026-10-05,2006-10-10,3659
2026-10-05,2006-10-11,3666
2026-10-05,2006-10-12,3688
2026-10-05,2006-10-13,3688
2026-10-05,2006-10-17,3685
2026-10-05,2006-10-18,3703
2026-10-05,2006-10-19,3701
2026-10-05,2006-10-20,3711
2026-10-05,2006-10-23,3710
2026-10-05,2006-10-24,3715
2026-10-05,2006-10-25,3703
2026-10-05,2006-10-26,3708
2026-10-05,2006-10-27,3674
2026-10-05,2006-10-30,3640
2026-10-05,2006-10-31,3656
2026-10-05,2006-11-01,3646
2026-10-05,2006-11-02,3627
2026-10-05,2006-11-03,3615
2026-10-05,2006-11-07,3581
2026-10-05,2006-11-08,3573
2026-10-05,2006-11-09,3550
2026-10-05,2006-11-10,3582
2026-10-05,2006-11-13,3573
2026-10-05,2006-11-14,3537
2026-10-05,2006-11-15,3556
2026-10-05,2006-11-16,3558
2026-10-05,2006-11-17,3566
2026-10-05,2006-11-20,3544
2026-10-05,2006-11-21,3529
2026-10-05,2006-11-22,3506
2026-10-05,2006-11-23,3554
2026-10-05,2006-11-24,3535
2026-10-05,2006-11-27,3536
2026-10-05,2006-11-28,3554
2026-10-05,2006-11-29,3537
2026-10-05,2006-11-30,3570
2026-10-05,2006-12-01,3583
2026-10-05,2006-12-04,3554
2026-10-05,2006-12-05,3521
2026-10-05,2006-12-06,3544
2026-10-05,2006-12-07,3553
2026-10-05,2006-12-11,3539
2026-10-05,2006-12-12,3637
2026-10-05,2006-12-13,3682
2026-10-05,2006-12-14,3673
2026-10-05,2006-12-15,3650
2026-10-05,2006-12-18,3629
2026-10-05,2006-12-19,3640
2026-10-05,2006-12-20,3584
2026-10-05,2006-12-21,3639
2026-10-05,2006-12-22,3627
2026-10-05,2006-12-26,3645
2026-10-05,2006-12-27,3656
2026-10-05,2006-12-28,3639
2026-10-05,2006-12-29,3619
2026-10-05,2007-01-02,3584
2026-10-05,2007-01-03,3528
2026-10-05,2007-01-04,3497
2026-10-05,2007-01-05,3575
2026-10-05,2007-01-08,3546
2026-10-05,2007-01-09,3554
2026-10-05,2007-01-10,3551
2026-10-05,2007-01-11,3547
2026-10-05,2007-01-12,3543
2026-10-05,2007-01-15,3537
2026-10-05,2007-01-16,3544
2026-10-05,2007-01-17,3560
2026-10-05,2007-01-18,3528
2026-10-05,2007-01-19,3507
2026-10-05,2007-01-22,3511
2026-10-05,2007-01-23,3497
2026-10-05,2007-01-24,3453
2026-10-05,2007-01-25,3438
2026-10-05,2007-01-26,3472
2026-10-05,2007-01-29,3486
2026-10-05,2007-01-30,3511
2026-10-05,2007-01-31,3567
2026-10-05,2007-02-01,3570
2026-10-05,2007-02-02,3550
2026-10-05,2007-02-05,3521
2026-10-05,2007-02-06,3517
2026-10-05,2007-02-07,3508
2026-10-05,2007-02-08,3490
2026-10-05,2007-02-09,3452
2026-10-05,2007-02-12,3427
2026-10-05,2007-02-13,3419
2026-10-05,2007-02-14,3416
2026-10-05,2007-02-15,3415
2026-10-05,2007-02-16,3427
2026-10-05,2007-02-19,3445
2026-10-05,2007-02-20,3449
2026-10-05,2007-02-21,3437
2026-10-05,2007-02-22,3448
2026-10-05,2007-02-23,3439
2026-10-05,2007-02-26,3458
2026-10-05,2007-02-27,3507
2026-10-05,2007-02-28,3824
2026-10-05,2007-03-01,3789
2026-10-05,2007-03-02,3768
2026-10-05,2007-03-05,3750
2026-10-05,2007-03-06,3755
2026-10-05,2007-03-07,3740
2026-10-05,2007-03-08,3736
2026-10-05,2007-03-09,3732
2026-10-05,2007-03-12,3727
2026-10-05,2007-03-13,3711
2026-10-05,2007-03-14,3724
2026-10-05,2007-03-15,3731
2026-10-05,2007-03-16,3750
2026-10-05,2007-03-19,3724
2026-10-05,2007-03-20,3726
2026-10-05,2007-03-21,3727
2026-10-05,2007-03-22,3727
2026-10-05,2007-03-23,3752
2026-10-05,2007-03-26,3748
2026-10-05,2007-03-27,3741
2026-10-05,2007-03-28,3747
2026-10-05,2007-03-29,3750
2026-10-05,2007-03-30,3833
2026-10-05,2007-04-03,3832
2026-10-05,2007-04-04,3814
2026-10-05,2007-04-09,3774
2026-10-05,2007-04-10,3749
2026-10-05,2007-04-11,3772
2026-10-05,2007-04-12,3736
2026-10-05,2007-04-13,3729
2026-10-05,2007-04-16,3758
2026-10-05,2007-04-17,3783
2026-10-05,2007-04-18,3738
2026-10-05,2007-04-19,3738
2026-10-05,2007-04-20,3735
2026-10-05,2007-04-23,3740
2026-10-05,2007-04-24,3737
2026-10-05,2007-04-25,3748
2026-10-05,2007-04-26,3767
2026-10-05,2007-04-27,3789
2026-10-05,2007-04-30,3837
2026-10-05,2007-05-02,3747
2026-10-05,2007-05-03,3816
2026-10-05,2007-05-04,3771
2026-10-05,2007-05-07,3764
2026-10-05,2007-05-08,3628
2026-10-05,2007-05-09,3631
2026-10-05,2007-05-10,3605
2026-10-05,2007-05-11,3576
2026-10-05,2007-05-14,3660
2026-10-05,2007-05-15,3674
2026-10-05,2007-05-16,3663
2026-10-05,2007-05-17,3637
2026-10-05,2007-05-18,3635
2026-10-05,2007-05-21,3629
2026-10-05,2007-05-22,3625
2026-10-05,2007-05-23,3630
2026-10-05,2007-05-24,3627
2026-10-05,2007-05-28,3621
2026-10-05,2007-05-29,3621
2026-10-05,2007-05-30,3629
2026-10-05,2007-05-31,3921
2026-10-05,2007-06-01,3920
2026-10-05,2007-06-04,3923
2026-10-05,2007-06-05,3897
2026-10-05,2007-06-06,3900
2026-10-05,2007-06-07,3910
2026-10-05,2007-06-08,3874
2026-10-05,2007-06-11,3864
2026-10-05,2007-06-12,3824
2026-10-05,2007-06-13,3842
2026-10-05,2007-06-14,3853
2026-10-05,2007-06-15,3858
2026-10-05,2007-06-19,3831
2026-10-05,2007-06-20,3831
2026-10-05,2007-06-21,3826
2026-10-05,2007-06-22,3762
2026-10-05,2007-06-25,3736
2026-10-05,2007-06-26,3733
2026-10-05,2007-06-27,3748
2026-10-05,2007-06-28,3740
2026-10-05,2007-06-29,3824
2026-10-05,2007-07-02,3855
2026-10-05,2007-07-03,3888
2026-10-05,2007-07-04,3886
2026-10-05,2007-07-05,3896
2026-10-05,2007-07-06,3872
2026-10-05,2007-07-10,3853
2026-10-05,2007-07-11,3830
2026-10-05,2007-07-12,3832
2026-10-05,2007-07-13,3844
2026-10-05,2007-07-16,3885
2026-10-05,2007-07-17,3859
2026-10-05,2007-07-18,3844
2026-10-05,2007-07-19,3909
2026-10-05,2007-07-20,3898
2026-10-05,2007-07-23,3794
2026-10-05,2007-07-24,3973
2026-10-05,2007-07-25,3976
2026-10-05,2007-07-26,3958
2026-10-05,2007-07-27,3953
2026-10-05,2007-07-30,3966
2026-10-05,2007-07-31,3943
2026-10-05,2007-08-01,3885
2026-10-05,2007-08-02,3848
2026-10-05,2007-08-03,3841
2026-10-05,2007-08-06,3865
2026-10-05,2007-08-07,3856
2026-10-05,2007-08-08,3857
2026-10-05,2007-08-09,3820
2026-10-05,2007-08-10,3849
2026-10-05,2007-08-13,3840
2026-10-05,2007-08-14,3836
2026-10-05,2007-08-15,3828
2026-10-05,2007-08-16,3860
2026-10-05,2007-08-17,3843
2026-10-05,2007-08-21,3855
2026-10-05,2007-08-22,3864
2026-10-05,2007-08-23,3841
2026-10-05,2007-08-24,3862
2026-10-05,2007-08-27,3873
2026-10-05,2007-08-28,3881
2026-10-05,2007-08-29,3912
2026-10-05,2007-08-30,3961
2026-10-05,2007-08-31,3981
2026-10-05,2007-09-03,4008
2026-10-05,2007-09-04,3978
2026-10-05,2007-09-05,3981
2026-10-05,2007-09-06,3983
2026-10-05,2007-09-07,3969
2026-10-05,2007-09-10,3945
2026-10-05,2007-09-11,3976
2026-10-05,2007-09-12,3953
2026-10-05,2007-09-13,3961
2026-10-05,2007-09-14,3950
2026-10-05,2007-09-17,3953
2026-10-05,2007-09-18,3971
2026-10-05,2007-09-19,3989
2026-10-05,2007-09-20,3987
2026-10-05,2007-09-21,3983
2026-10-05,2007-09-24,3998
2026-10-05,2007-09-25,4003
2026-10-05,2007-09-26,4028
2026-10-05,2007-09-27,4052
2026-10-05,2007-09-28,4174
2026-10-05,2007-10-01,4221
2026-10-05,2007-10-02,4213
2026-10-05,2007-10-03,4195
2026-10-05,2007-10-04,4197
2026-10-05,2007-10-05,4211
2026-10-05,2007-10-08,4207
2026-10-05,2007-10-09,4214
2026-10-05,2007-10-10,4192
2026-10-05,2007-10-11,4163
2026-10-05,2007-10-12,4133
2026-10-05,2007-10-16,4100
2026-10-05,2007-10-17,4094
2026-10-05,2007-10-18,4097
2026-10-05,2007-10-19,4087
2026-10-05,2007-10-22,4080
2026-10-05,2007-10-23,4055
2026-10-05,2007-10-24,4047
2026-10-05,2007-10-25,4033
2026-10-05,2007-10-26,4038
2026-10-05,2007-10-29,4030
2026-10-05,2007-10-30,4084
2026-10-05,2007-10-31,4143
2026-10-05,2007-11-01,4131
2026-10-05,2007-11-02,4129
2026-10-05,2007-11-05,4086
2026-10-05,2007-11-07,4060
2026-10-05,2007-11-08,4078
2026-10-05,2007-11-09,4082
2026-10-05,2007-11-12,4087
2026-10-05,2007-11-13,4079
2026-10-05,2007-11-14,4041
2026-10-05,2007-11-15,4049
2026-10-05,2007-11-16,4095
2026-10-05,2007-11-19,4127
2026-10-05,2007-11-20,4132
2026-10-05,2007-11-21,4127
2026-10-05,2007-11-22,4128
2026-10-05,2007-11-23,4129
2026-10-05,2007-11-26,4124
2026-10-05,2007-11-27,4125
2026-10-05,2007-11-28,4134
2026-10-05,2007-11-29,4107
2026-10-05,2007-11-30,4216
2026-10-05,2007-12-03,4195
2026-10-05,2007-12-04,4241
2026-10-05,2007-12-05,4213
2026-10-05,2007-12-06,4216
2026-10-05,2007-12-07,4187
2026-10-05,2007-12-10,4172
2026-10-05,2007-12-11,4172
2026-10-05,2007-12-12,4117
2026-10-05,2007-12-13,4126
2026-10-05,2007-12-14,4165
2026-10-05,2007-12-17,4147
2026-10-05,2007-12-18,4206
2026-10-05,2007-12-19,4223
2026-10-05,2007-12-20,4495
2026-10-05,2007-12-21,4509
2026-10-05,2007-12-26,4500
2026-10-05,2007-12-27,4499
2026-10-05,2007-12-28,4531
2026-10-05,2008-01-02,4657
2026-10-05,2008-01-03,4620
2026-10-05,2008-01-04,4617
2026-10-05,2008-01-07,4590
2026-10-05,2008-01-08,4580
2026-10-05,2008-01-09,4597
2026-10-05,2008-01-10,4554
2026-10-05,2008-01-11,4524
2026-10-05,2008-01-14,4517
2026-10-05,2008-01-15,4502
2026-10-05,2008-01-16,4472
2026-10-05,2008-01-17,4449
2026-10-05,2008-01-18,4443
2026-10-05,2008-01-21,4427
2026-10-05,2008-01-22,4405
2026-10-05,2008-01-23,4407
2026-10-05,2008-01-24,4390
2026-10-05,2008-01-25,4392
2026-10-05,2008-01-28,4347
2026-10-05,2008-01-29,4339
2026-10-05,2008-01-30,4417
2026-10-05,2008-01-31,4431
2026-10-05,2008-02-01,4463
2026-10-05,2008-02-04,4428
2026-10-05,2008-02-05,4406
2026-10-05,2008-02-06,4383
2026-10-05,2008-02-07,4359
2026-10-05,2008-02-08,4341
2026-10-05,2008-02-11,4319
2026-10-05,2008-02-12,4327
2026-10-05,2008-02-13,4334
2026-10-05,2008-02-14,4301
2026-10-05,2008-02-15,4268
2026-10-05,2008-02-18,4233
2026-10-05,2008-02-19,4223
2026-10-05,2008-02-20,4228
2026-10-05,2008-02-21,4254
2026-10-05,2008-02-22,4266
2026-10-05,2008-02-25,4188
2026-10-05,2008-02-26,4179
2026-10-05,2008-02-27,4188
2026-10-05,2008-02-28,4243
2026-10-05,2008-02-29,4317
2026-10-05,2008-03-03,4314
2026-10-05,2008-03-04,4288
2026-10-05,2008-03-05,4278
2026-10-05,2008-03-06,4269
2026-10-05,2008-03-07,4299
2026-10-05,2008-03-10,4249
2026-10-05,2008-03-11,4236
2026-10-05,2008-03-12,4226
2026-10-05,2008-03-13,4250
2026-10-05,2008-03-14,4241
2026-10-05,2008-03-17,4268
2026-10-05,2008-03-18,4313
2026-10-05,2008-03-19,4325
2026-10-05,2008-03-25,4311
2026-10-05,2008-03-26,4311
2026-10-05,2008-03-27,4306
2026-10-05,2008-03-28,4313
2026-10-05,2008-03-31,4474
2026-10-05,2008-04-01,4448
2026-10-05,2008-04-03,4420
2026-10-05,2008-04-04,4429
2026-10-05,2008-04-07,4405
2026-10-05,2008-04-08,4402
2026-10-05,2008-04-09,4427
2026-10-05,2008-04-10,4398
2026-10-05,2008-04-11,4392
2026-10-05,2008-04-14,4403
2026-10-05,2008-04-15,4366
2026-10-05,2008-04-16,4363
2026-10-05,2008-04-17,4342
2026-10-05,2008-04-18,4348
2026-10-05,2008-04-21,4335
2026-10-05,2008-04-22,4312
2026-10-05,2008-04-23,4316
2026-10-05,2008-04-24,4324
2026-10-05,2008-04-25,4408
2026-10-05,2008-04-28,4424
2026-10-05,2008-04-29,4465
2026-10-05,2008-04-30,4509
2026-10-05,2008-05-02,4513
2026-10-05,2008-05-05,4519
2026-10-05,2008-05-06,4535
2026-10-05,2008-05-07,4527
2026-10-05,2008-05-08,4518
2026-10-05,2008-05-09,4528
2026-10-05,2008-05-12,4479
2026-10-05,2008-05-13,4513
2026-10-05,2008-05-14,4529
2026-10-05,2008-05-15,4521
2026-10-05,2008-05-16,4533
2026-10-05,2008-05-19,4427
2026-10-05,2008-05-20,4504
2026-10-05,2008-05-21,4536
2026-10-05,2008-05-22,4571
2026-10-05,2008-05-23,4630
2026-10-05,2008-05-26,4686
2026-10-05,2008-05-27,4701
2026-10-05,2008-05-28,4586
2026-10-05,2008-05-29,4604
2026-10-05,2008-05-30,4747
2026-10-05,2008-06-02,4875
2026-10-05,2008-06-03,4854
2026-10-05,2008-06-04,4814
2026-10-05,2008-06-05,4809
2026-10-05,2008-06-06,4874
2026-10-05,2008-06-09,4903
2026-10-05,2008-06-10,4927
2026-10-05,2008-06-11,4865
2026-10-05,2008-06-12,4817
2026-10-05,2008-06-13,4822
2026-10-05,2008-06-17,4801
2026-10-05,2008-06-18,4806
2026-10-05,2008-06-19,4829
2026-10-05,2008-06-20,4754
2026-10-05,2008-06-23,4941
2026-10-05,2008-06-24,4931
2026-10-05,2008-06-25,4950
2026-10-05,2008-06-26,4977
2026-10-05,2008-06-27,4863
2026-10-05,2008-06-30,4865
2026-10-05,2008-07-01,4979
2026-10-05,2008-07-02,4943
2026-10-05,2008-07-03,4931
2026-10-05,2008-07-04,4926
2026-10-05,2008-07-07,4859
2026-10-05,2008-07-08,4904
2026-10-05,2008-07-10,4882
2026-10-05,2008-07-11,4855
2026-10-05,2008-07-14,4822
2026-10-05,2008-07-15,4823
2026-10-05,2008-07-16,4811
2026-10-05,2008-07-17,4798
2026-10-05,2008-07-18,4799
2026-10-05,2008-07-21,4795
2026-10-05,2008-07-22,4773
2026-10-05,2008-07-23,4776
2026-10-05,2008-07-24,4776
2026-10-05,2008-07-25,4774
2026-10-05,2008-07-28,4769
2026-10-05,2008-07-29,4761
2026-10-05,2008-07-30,4846
2026-10-05,2008-07-31,4900
2026-10-05,2008-08-01,4856
2026-10-05,2008-08-04,4825
2026-10-05,2008-08-05,4811
2026-10-05,2008-08-06,4803
2026-10-05,2008-08-07,4806
2026-10-05,2008-08-08,4772
2026-10-05,2008-08-11,4774
2026-10-05,2008-08-12,4729
2026-10-05,2008-08-13,4718
2026-10-05,2008-08-14,4735
2026-10-05,2008-08-15,4736
2026-10-05,2008-08-19,4698
2026-10-05,2008-08-20,4675
2026-10-05,2008-08-21,4680
2026-10-05,2008-08-22,4697
2026-10-05,2008-08-25,4671
2026-10-05,2008-08-26,4653
2026-10-05,2008-08-27,4694
2026-10-05,2008-08-28,4725
2026-10-05,2008-08-29,4964
2026-10-05,2008-09-01,4851
2026-10-05,2008-09-02,4859
2026-10-05,2008-09-03,4830
2026-10-05,2008-09-04,4804
2026-10-05,2008-09-05,4823
2026-10-05,2008-09-08,4905
2026-10-05,2008-09-09,4913
2026-10-05,2008-09-10,4867
2026-10-05,2008-09-11,4884
2026-10-05,2008-09-12,4845
2026-10-05,2008-09-15,4836
2026-10-05,2008-09-16,4829
2026-10-05,2008-09-17,4818
2026-10-05,2008-09-18,4832
2026-10-05,2008-09-19,4840
2026-10-05,2008-09-22,4801
2026-10-05,2008-09-23,4789
2026-10-05,2008-09-24,4786
2026-10-05,2008-09-25,4786
2026-10-05,2008-09-26,4805
2026-10-05,2008-09-29,4813
2026-10-05,2008-09-30,4926
2026-10-05,2008-10-01,4956
2026-10-05,2008-10-02,5000
2026-10-05,2008-10-03,5007
2026-10-05,2008-10-06,5015
2026-10-05,2008-10-07,4996
2026-10-05,2008-10-08,4942
2026-10-05,2008-10-09,4925
2026-10-05,2008-10-10,4917
2026-10-05,2008-10-14,4911
2026-10-05,2008-10-15,4891
2026-10-05,2008-10-16,4841
2026-10-05,2008-10-17,4827
2026-10-05,2008-10-20,4794
2026-10-05,2008-10-21,4840
2026-10-05,2008-10-22,4824
2026-10-05,2008-10-23,4820
2026-10-05,2008-10-24,4803
2026-10-05,2008-10-27,4766
2026-10-05,2008-10-28,4767
2026-10-05,2008-10-29,4767
2026-10-05,2008-10-30,4741
2026-10-05,2008-10-31,4971
2026-10-05,2008-11-03,4935
2026-10-05,2008-11-04,4925
2026-10-05,2008-11-05,4880
2026-10-05,2008-11-07,4879
2026-10-05,2008-11-10,4849
2026-10-05,2008-11-11,4827
2026-10-05,2008-11-12,4811
2026-10-05,2008-11-13,4745
2026-10-05,2008-11-14,4789
2026-10-05,2008-11-17,4788
2026-10-05,2008-11-18,4786
2026-10-05,2008-11-19,4763
2026-10-05,2008-11-20,4915
2026-10-05,2008-11-21,4913
2026-10-05,2008-11-24,4921
2026-10-05,2008-11-25,4902
2026-10-05,2008-11-26,4866
2026-10-05,2008-11-27,4854
2026-10-05,2008-11-28,5019
2026-10-05,2008-12-01,4973
2026-10-05,2008-12-02,4967
2026-10-05,2008-12-03,4987
2026-10-05,2008-12-04,5003
2026-10-05,2008-12-05,5013
2026-10-05,2008-12-09,4987
2026-10-05,2008-12-10,5018
2026-10-05,2008-12-11,5051
2026-10-05,2008-12-12,4951
2026-10-05,2008-12-15,4937
2026-10-05,2008-12-16,4879
2026-10-05,2008-12-17,4887
2026-10-05,2008-12-18,4895
2026-10-05,2008-12-19,4895
2026-10-05,2008-12-22,4905
2026-10-05,2008-12-23,4932
2026-10-05,2008-12-24,4941
2026-10-05,2008-12-26,4956
2026-10-05,2008-12-29,4961
2026-10-05,2008-12-30,4959
2026-10-05,2008-12-31,5186
2026-10-05,2009-01-02,5131
2026-10-05,2009-01-05,5146
2026-10-05,2009-01-06,5160
2026-10-05,2009-01-07,5128
2026-10-05,2009-01-08,5106
2026-10-05,2009-01-09,5114
2026-10-05,2009-01-12,5085
2026-10-05,2009-01-13,5052
2026-10-05,2009-01-14,5039
2026-10-05,2009-01-15,5033
2026-10-05,2009-01-16,5050
2026-10-05,2009-01-19,5020
2026-10-05,2009-01-20,5011
2026-10-05,2009-01-21,5002
2026-10-05,2009-01-22,5020
2026-10-05,2009-01-23,5005
2026-10-05,2009-01-26,4990
2026-10-05,2009-01-27,4952
2026-10-05,2009-01-28,4943
2026-10-05,2009-01-29,4951
2026-10-05,2009-01-30,5010
2026-10-05,2009-02-02,5079
2026-10-05,2009-02-03,5100
2026-10-05,2009-02-04,5068
2026-10-05,2009-02-05,5044
2026-10-05,2009-02-06,5046
2026-10-05,2009-02-09,5043
2026-10-05,2009-02-10,5022
2026-10-05,2009-02-11,4986
2026-10-05,2009-02-12,4995
2026-10-05,2009-02-13,4945
2026-10-05,2009-02-16,4962
2026-10-05,2009-02-17,4962
2026-10-05,2009-02-18,4938
2026-10-05,2009-02-19,4936
2026-10-05,2009-02-20,4954
2026-10-05,2009-02-23,4949
2026-10-05,2009-02-24,4936
2026-10-05,2009-02-25,4929
2026-10-05,2009-02-26,4973
2026-10-05,2009-02-27,5014
2026-10-05,2009-03-02,5068
2026-10-05,2009-03-03,5105
2026-10-05,2009-03-04,5105
2026-10-05,2009-03-05,5077
2026-10-05,2009-03-06,5130
2026-10-05,2009-03-09,5119
2026-10-05,2009-03-10,5127
2026-10-05,2009-03-11,5111
2026-10-05,2009-03-12,5124
2026-10-05,2009-03-13,5132
2026-10-05,2009-03-16,5115
2026-10-05,2009-03-17,5122
2026-10-05,2009-03-18,5049
2026-10-05,2009-03-19,5040
2026-10-05,2009-03-20,5046
2026-10-05,2009-03-23,5063
2026-10-05,2009-03-25,5062
2026-10-05,2009-03-26,5044
2026-10-05,2009-03-27,5085
2026-10-05,2009-03-30,5101
2026-10-05,2009-03-31,5140
2026-10-05,2009-04-01,5187
2026-10-05,2009-04-03,5189
2026-10-05,2009-04-06,5176
2026-10-05,2009-04-07,5170
2026-10-05,2009-04-08,5165
2026-10-05,2009-04-13,5014
2026-10-05,2009-04-14,5082
2026-10-05,2009-04-15,5056
2026-10-05,2009-04-16,5038
2026-10-05,2009-04-17,5044
2026-10-05,2009-04-20,5072
2026-10-05,2009-04-21,5016
2026-10-05,2009-04-22,5003
2026-10-05,2009-04-23,5013
2026-10-05,2009-04-24,5021
2026-10-05,2009-04-27,5008
2026-10-05,2009-04-28,5069
2026-10-05,2009-04-29,4970
2026-10-05,2009-04-30,4917
2026-10-05,2009-05-04,4988
2026-10-05,2009-05-05,4963
2026-10-05,2009-05-06,4973
2026-10-05,2009-05-07,4974
2026-10-05,2009-05-08,4974
2026-10-05,2009-05-11,5002
2026-10-05,2009-05-12,4994
2026-10-05,2009-05-13,5038
2026-10-05,2009-05-14,4984
2026-10-05,2009-05-15,4993
2026-10-05,2009-05-18,4973
2026-10-05,2009-05-19,4879
2026-10-05,2009-05-20,4869
2026-10-05,2009-05-21,4859
2026-10-05,2009-05-22,5215
2026-10-05,2009-05-26,5206
2026-10-05,2009-05-27,5213
2026-10-05,2009-05-28,5203
2026-10-05,2009-05-29,5374
2026-10-05,2009-06-01,5451
2026-10-05,2009-06-02,5455
2026-10-05,2009-06-03,5477
2026-10-05,2009-06-04,5452
2026-10-05,2009-06-05,5516
2026-10-05,2009-06-08,5498
2026-10-05,2009-06-09,5474
2026-10-05,2009-06-10,5487
2026-10-05,2009-06-11,5481
2026-10-05,2009-06-12,5481
2026-10-05,2009-06-16,5398
2026-10-05,2009-06-17,5689
2026-10-05,2009-06-18,5701
2026-10-05,2009-06-19,5698
2026-10-05,2009-06-22,5704
2026-10-05,2009-06-23,5735
2026-10-05,2009-06-24,5728
2026-10-05,2009-06-25,5745
2026-10-05,2009-06-26,5740
2026-10-05,2009-06-29,5802
2026-10-05,2009-06-30,5842
2026-10-05,2009-07-01,5929
2026-10-05,2009-07-02,6004
2026-10-05,2009-07-03,5998
2026-10-05,2009-07-06,5989
2026-10-05,2009-07-07,6006
2026-10-05,2009-07-08,6007
2026-10-05,2009-07-13,6007
2026-10-05,2009-07-14,5988
2026-10-05,2009-07-15,6033
2026-10-05,2009-07-16,6023
2026-10-05,2009-07-17,6017
2026-10-05,2009-07-20,5884
2026-10-05,2009-07-21,5848
2026-10-05,2009-07-22,5837
2026-10-05,2009-07-23,5813
2026-10-05,2009-07-24,5859
2026-10-05,2009-07-27,5851
2026-10-05,2009-07-28,5868
2026-10-05,2009-07-29,5832
2026-10-05,2009-07-30,5852
2026-10-05,2009-07-31,5850
2026-10-05,2009-08-03,5914
2026-10-05,2009-08-04,6063
2026-10-05,2009-08-05,6056
2026-10-05,2009-08-06,6039
2026-10-05,2009-08-07,6050
2026-10-05,2009-08-10,6039
2026-10-05,2009-08-11,6166
2026-10-05,2009-08-12,6150
2026-10-05,2009-08-13,6196
2026-10-05,2009-08-14,6171
2026-10-05,2009-08-18,6091
2026-10-05,2009-08-19,6077
2026-10-05,2009-08-20,6065
2026-10-05,2009-08-21,6061
2026-10-05,2009-08-24,6060
2026-10-05,2009-08-25,6031
2026-10-05,2009-08-26,6006
2026-10-05,2009-08-27,6045
2026-10-05,2009-08-28,6034
2026-10-05,2009-08-31,6165
2026-10-05,2009-09-01,6156
2026-10-05,2009-09-02,6131
2026-10-05,2009-09-03,6157
2026-10-05,2009-09-04,6136
2026-10-05,2009-09-07,6122
2026-10-05,2009-09-08,6081
2026-10-05,2009-09-09,6087
2026-10-05,2009-09-10,6107
2026-10-05,2009-09-11,6062
2026-10-05,2009-09-14,5985
2026-10-05,2009-09-15,5986
2026-10-05,2009-09-16,6017
2026-10-05,2009-09-17,6019
2026-10-05,2009-09-18,6036
2026-10-05,2009-09-21,6000
2026-10-05,2009-09-22,5985
2026-10-05,2009-09-23,6107
2026-10-05,2009-09-24,6080
2026-10-05,2009-09-25,6084
2026-10-05,2009-09-28,6058
2026-10-05,2009-09-29,6079
2026-10-05,2009-09-30,6201
2026-10-05,2009-10-01,6198
2026-10-05,2009-10-02,6215
2026-10-05,2009-10-05,6207
2026-10-05,2009-10-06,6215
2026-10-05,2009-10-07,6189
2026-10-05,2009-10-08,6162
2026-10-05,2009-10-09,6152
2026-10-05,2009-10-13,6162
2026-10-05,2009-10-14,6165
2026-10-05,2009-10-15,6206
2026-10-05,2009-10-16,6219
2026-10-05,2009-10-19,6143
2026-10-05,2009-10-20,6165
2026-10-05,2009-10-21,6145
2026-10-05,2009-10-22,6245
2026-10-05,2009-10-23,6256
2026-10-05,2009-10-26,6219
2026-10-05,2009-10-27,6225
2026-10-05,2009-10-28,6251
2026-10-05,2009-10-29,6294
2026-10-05,2009-10-30,6465
2026-10-05,2009-11-02,6482
2026-10-05,2009-11-03,6461
2026-10-05,2009-11-04,6457
2026-10-05,2009-11-05,6435
2026-10-05,2009-11-09,6413
2026-10-05,2009-11-10,6359
2026-10-05,2009-11-11,6398
2026-10-05,2009-11-12,6405
2026-10-05,2009-11-13,6381
2026-10-05,2009-11-16,6373
2026-10-05,2009-11-17,6360
2026-10-05,2009-11-18,6383
2026-10-05,2009-11-19,6468
2026-10-05,2009-11-20,6461
2026-10-05,2009-11-23,6442
2026-10-05,2009-11-24,6456
2026-10-05,2009-11-25,6457
2026-10-05,2009-11-26,6444
2026-10-05,2009-11-27,6478
2026-10-05,2009-11-30,6378
2026-10-05,2009-12-01,6582
2026-10-05,2009-12-02,6589
2026-10-05,2009-12-03,6561
2026-10-05,2009-12-04,6559
2026-10-05,2009-12-07,6509
2026-10-05,2009-12-09,6555
2026-10-05,2009-12-10,6523
2026-10-05,2009-12-11,6625
2026-10-05,2009-12-14,6578
2026-10-05,2009-12-15,6611
2026-10-05,2009-12-16,6643
2026-10-05,2009-12-17,6650
2026-10-05,2009-12-18,6655
2026-10-05,2009-12-21,6605
2026-10-05,2009-12-22,6547
2026-10-05,2009-12-23,6680
2026-10-05,2009-12-24,6806
2026-10-05,2009-12-28,6816
2026-10-05,2009-12-29,7138
2026-10-05,2009-12-30,7233
2026-10-05,2009-12-31,7229
2026-10-05,2010-01-04,7224
2026-10-05,2010-01-05,7228
2026-10-05,2010-01-06,7201
2026-10-05,2010-01-07,7186
2026-10-05,2010-01-08,7141
2026-10-05,2010-01-11,7120
2026-10-05,2010-01-12,7132
2026-10-05,2010-01-13,7104
2026-10-05,2010-01-14,7093
2026-10-05,2010-01-15,7011
2026-10-05,2010-01-18,7106
2026-10-05,2010-01-19,7113
2026-10-05,2010-01-20,7113
2026-10-05,2010-01-21,7089
2026-10-05,2010-01-22,7091
2026-10-05,2010-01-25,7057
2026-10-05,2010-01-26,7022
2026-10-05,2010-01-27,7051
2026-10-05,2010-01-28,7053
2026-10-05,2010-01-29,7043
2026-10-05,2010-02-01,7065
2026-10-05,2010-02-02,7068
2026-10-05,2010-02-03,7083
2026-10-05,2010-02-04,7065
2026-10-05,2010-02-05,7046
2026-10-05,2010-02-08,7051
2026-10-05,2010-02-09,7048
2026-10-05,2010-02-10,7014
2026-10-05,2010-02-11,7012
2026-10-05,2010-02-12,7040
2026-10-05,2010-02-15,7080
2026-10-05,2010-02-16,7086
2026-10-05,2010-02-17,7106
2026-10-05,2010-02-18,7084
2026-10-05,2010-02-19,7058
2026-10-05,2010-02-22,7036
2026-10-05,2010-02-23,7049
2026-10-05,2010-02-24,7025
2026-10-05,2010-02-25,7014
2026-10-05,2010-02-26,7104
2026-10-05,2010-03-01,7209
2026-10-05,2010-03-02,7205
2026-10-05,2010-03-03,7189
2026-10-05,2010-03-04,7186
2026-10-05,2010-03-05,7179
2026-10-05,2010-03-08,7156
2026-10-05,2010-03-09,7119
2026-10-05,2010-03-10,7093
2026-10-05,2010-03-11,7071
2026-10-05,2010-03-12,7064
2026-10-05,2010-03-15,7059
2026-10-05,2010-03-16,7125
2026-10-05,2010-03-17,7109
2026-10-05,2010-03-18,7122
2026-10-05,2010-03-19,7142
2026-10-05,2010-03-22,7103
2026-10-05,2010-03-23,7065
2026-10-05,2010-03-25,7031
2026-10-05,2010-03-26,7151
2026-10-05,2010-03-29,7208
2026-10-05,2010-03-30,7247
2026-10-05,2010-03-31,7279
2026-10-05,2010-04-05,7296
2026-10-05,2010-04-06,7358
2026-10-05,2010-04-07,7336
2026-10-05,2010-04-08,7321
2026-10-05,2010-04-09,7284
2026-10-05,2010-04-12,7262
2026-10-05,2010-04-13,7268
2026-10-05,2010-04-14,7235
2026-10-05,2010-04-15,7243
2026-10-05,2010-04-16,7242
2026-10-05,2010-04-19,7228
2026-10-05,2010-04-20,7221
2026-10-05,2010-04-21,7223
2026-10-05,2010-04-22,7211
2026-10-05,2010-04-23,7239
2026-10-05,2010-04-26,7231
2026-10-05,2010-04-27,7327
2026-10-05,2010-04-28,7320
2026-10-05,2010-04-29,7419
2026-10-05,2010-04-30,7453
2026-10-05,2010-05-03,7527
2026-10-05,2010-05-04,7540
2026-10-05,2010-05-05,7522
2026-10-05,2010-05-06,7533
2026-10-05,2010-05-07,7499
2026-10-05,2010-05-10,7490
2026-10-05,2010-05-11,7458
2026-10-05,2010-05-12,7432
2026-10-05,2010-05-13,7455
2026-10-05,2010-05-14,7500
2026-10-05,2010-05-17,7568
2026-10-05,2010-05-18,7590
2026-10-05,2010-05-19,7564
2026-10-05,2010-05-20,7542
2026-10-05,2010-05-21,7613
2026-10-05,2010-05-26,7629
2026-10-05,2010-05-27,7650
2026-10-05,2010-05-28,7712
2026-10-05,2010-05-31,8057
2026-10-05,2010-06-01,8146
2026-10-05,2010-06-02,8125
2026-10-05,2010-06-03,8129
2026-10-05,2010-06-04,8213
2026-10-05,2010-06-07,8224
2026-10-05,2010-06-08,8202
2026-10-05,2010-06-09,8157
2026-10-05,2010-06-10,8175
2026-10-05,2010-06-11,8183
2026-10-05,2010-06-14,8119
2026-10-05,2010-06-15,8228
2026-10-05,2010-06-16,8218
2026-10-05,2010-06-17,8208
2026-10-05,2010-06-18,8173
2026-10-05,2010-06-22,8187
2026-10-05,2010-06-23,8212
2026-10-05,2010-06-24,8210
2026-10-05,2010-06-25,8367
2026-10-05,2010-06-28,8455
2026-10-05,2010-06-29,8510
2026-10-05,2010-06-30,8686
2026-10-05,2010-07-01,8714
2026-10-05,2010-07-02,8784
2026-10-05,2010-07-05,8766
2026-10-05,2010-07-06,8734
2026-10-05,2010-07-07,8726
2026-10-05,2010-07-08,8746
2026-10-05,2010-07-12,8759
2026-10-05,2010-07-13,8744
2026-10-05,2010-07-14,8754
2026-10-05,2010-07-15,8816
2026-10-05,2010-07-16,8825
2026-10-05,2010-07-19,8812
2026-10-05,2010-07-20,8790
2026-10-05,2010-07-21,8766
2026-10-05,2010-07-22,8771
2026-10-05,2010-07-23,8820
2026-10-05,2010-07-26,8827
2026-10-05,2010-07-27,8810
2026-10-05,2010-07-28,8805
2026-10-05,2010-07-29,9011
2026-10-05,2010-07-30,9047
2026-10-05,2010-08-02,9074
2026-10-05,2010-08-03,9105
2026-10-05,2010-08-04,9120
2026-10-05,2010-08-05,9101
2026-10-05,2010-08-06,9089
2026-10-05,2010-08-09,9086
2026-10-05,2010-08-10,9082
2026-10-05,2010-08-11,9066
2026-10-05,2010-08-12,9035
2026-10-05,2010-08-13,9069
2026-10-05,2010-08-17,9028
2026-10-05,2010-08-18,9015
2026-10-05,2010-08-19,8992
2026-10-05,2010-08-20,8923
2026-10-05,2010-08-23,8872
2026-10-05,2010-08-24,8883
2026-10-05,2010-08-25,8894
2026-10-05,2010-08-26,8822
2026-10-05,2010-08-27,8801
2026-10-05,2010-08-30,8817
2026-10-05,2010-08-31,8930
2026-10-05,2010-09-01,8917
2026-10-05,2010-09-02,8906
2026-10-05,2010-09-03,8933
2026-10-05,2010-09-06,8944
2026-10-05,2010-09-07,8929
2026-10-05,2010-09-08,8916
2026-10-05,2010-09-09,8880
2026-10-05,2010-09-10,8942
2026-10-05,2010-09-13,8912
2026-10-05,2010-09-14,9060
2026-10-05,2010-09-15,8971
2026-10-05,2010-09-16,9081
2026-10-05,2010-09-17,9113
2026-10-05,2010-09-20,8969
2026-10-05,2010-09-21,8944
2026-10-05,2010-09-22,8935
2026-10-05,2010-09-23,9041
2026-10-05,2010-09-24,9042
2026-10-05,2010-09-27,9054
2026-10-05,2010-09-28,9148
2026-10-05,2010-09-29,9195
2026-10-05,2010-09-30,9416
2026-10-05,2010-10-01,9424
2026-10-05,2010-10-04,9437
2026-10-05,2010-10-05,9452
2026-10-05,2010-10-06,9457
2026-10-05,2010-10-07,9422
2026-10-05,2010-10-08,9413
2026-10-05,2010-10-12,9410
2026-10-05,2010-10-13,9431
2026-10-05,2010-10-14,9439
2026-10-05,2010-10-15,9486
2026-10-05,2010-10-18,9500
2026-10-05,2010-10-19,9481
2026-10-05,2010-10-20,9454
2026-10-05,2010-10-21,9405
2026-10-05,2010-10-22,9737
2026-10-05,2010-10-25,9764
2026-10-05,2010-10-26,9804
2026-10-05,2010-10-28,9824
2026-10-05,2010-10-29,9920
2026-10-05,2010-11-01,9950
2026-10-05,2010-11-02,9992
2026-10-05,2010-11-03,9993
2026-10-05,2010-11-04,10012
2026-10-05,2010-11-05,10396
2026-10-05,2010-11-08,10384
2026-10-05,2010-11-09,10334
2026-10-05,2010-11-10,10344
2026-10-05,2010-11-11,10335
2026-10-05,2010-11-12,10349
2026-10-05,2010-11-15,10339
2026-10-05,2010-11-16,10368
2026-10-05,2010-11-17,10342
2026-10-05,2010-11-18,10322
2026-10-05,2010-11-19,10337
2026-10-05,2010-11-23,10327
2026-10-05,2010-11-24,10357
2026-10-05,2010-11-25,10406
2026-10-05,2010-11-26,10414
2026-10-05,2010-11-29,10502
2026-10-05,2010-11-30,10546
2026-10-05,2010-12-01,10552
2026-10-05,2010-12-02,10587
2026-10-05,2010-12-03,10625
2026-10-05,2010-12-06,10885
2026-10-05,2010-12-07,10910
2026-10-05,2010-12-09,10898
2026-10-05,2010-12-10,10793
2026-10-05,2010-12-13,10775
2026-10-05,2010-12-14,10774
2026-10-05,2010-12-15,10749
2026-10-05,2010-12-16,10761
2026-10-05,2010-12-17,10747
2026-10-05,2010-12-20,10765
2026-10-05,2010-12-21,10779
2026-10-05,2010-12-22,10783
2026-10-05,2010-12-23,10797
2026-10-05,2010-12-27,10842
2026-10-05,2010-12-28,10873
2026-10-05,2010-12-29,10904
2026-10-05,2010-12-30,11080
2026-10-05,2011-01-03,11147
2026-10-05,2011-01-04,11110
2026-10-05,2011-01-05,11081
2026-10-05,2011-01-06,11026
2026-10-05,2011-01-07,10976
2026-10-05,2011-01-10,10925
2026-10-05,2011-01-11,10876
2026-10-05,2011-01-12,10879
2026-10-05,2011-01-13,10872
2026-10-05,2011-01-14,10835
2026-10-05,2011-01-17,10739
2026-10-05,2011-01-18,10707
2026-10-05,2011-01-19,10704
2026-10-05,2011-01-20,10622
2026-10-05,2011-01-21,10779
2026-10-05,2011-01-24,10761
2026-10-05,2011-01-25,10813
2026-10-05,2011-01-26,10734
2026-10-05,2011-01-27,10689
2026-10-05,2011-01-28,10689
2026-10-05,2011-01-31,10737
2026-10-05,2011-02-01,10746
2026-10-05,2011-02-02,10466
2026-10-05,2011-02-03,10428
2026-10-05,2011-02-04,10453
2026-10-05,2011-02-07,10433
2026-10-05,2011-02-08,10392
2026-10-05,2011-02-09,10350
2026-10-05,2011-02-10,10299
2026-10-05,2011-02-11,10286
2026-10-05,2011-02-14,10264
2026-10-05,2011-02-15,10245
2026-10-05,2011-02-16,10230
2026-10-05,2011-02-17,10218
2026-10-05,2011-02-18,10204
2026-10-05,2011-02-21,10157
2026-10-05,2011-02-22,10154
2026-10-05,2011-02-23,10134
2026-10-05,2011-02-24,10229
2026-10-05,2011-02-25,10238
2026-10-05,2011-02-28,10281
2026-10-05,2011-03-01,10284
2026-10-05,2011-03-02,10298
2026-10-05,2011-03-03,10285
2026-10-05,2011-03-04,10320
2026-10-05,2011-03-09,10310
2026-10-05,2011-03-10,10397
2026-10-05,2011-03-11,10443
2026-10-05,2011-03-14,10363
2026-10-05,2011-03-15,10302
2026-10-05,2011-03-16,10377
2026-10-05,2011-03-17,10368
2026-10-05,2011-03-18,10363
2026-10-05,2011-03-21,10336
2026-10-05,2011-03-22,10419
2026-10-05,2011-03-23,10496
2026-10-05,2011-03-28,10498
2026-10-05,2011-03-29,10582
2026-10-05,2011-03-30,10592
2026-10-05,2011-03-31,10528
2026-10-05,2011-04-01,10762
2026-10-05,2011-04-04,10803
2026-10-05,2011-04-05,10782
2026-10-05,2011-04-06,10773
2026-10-05,2011-04-07,10745
2026-10-05,2011-04-08,10774
2026-10-05,2011-04-11,10768
2026-10-05,2011-04-12,10783
2026-10-05,2011-04-13,10762
2026-10-05,2011-04-14,10771
2026-10-05,2011-04-15,10783
2026-10-05,2011-04-18,10816
2026-10-05,2011-04-19,10793
2026-10-05,2011-04-20,10748
2026-10-05,2011-04-25,10730
2026-10-05,2011-04-26,10681
2026-10-05,2011-04-27,10671
2026-10-05,2011-04-28,10802
2026-10-05,2011-04-29,10908
2026-10-05,2011-05-02,11031
2026-10-05,2011-05-03,11042
2026-10-05,2011-05-04,11021
2026-10-05,2011-05-05,11028
2026-10-05,2011-05-06,11010
2026-10-05,2011-05-09,10982
2026-10-05,2011-05-10,11094
2026-10-05,2011-05-11,11090
2026-10-05,2011-05-12,11113
2026-10-05,2011-05-13,11197
2026-10-05,2011-05-16,11227
2026-10-05,2011-05-17,11254
2026-10-05,2011-05-18,11276
2026-10-05,2011-05-19,11274
2026-10-05,2011-05-20,11353
2026-10-05,2011-05-23,11301
2026-10-05,2011-05-24,11286
2026-10-05,2011-05-26,11263
2026-10-05,2011-05-27,11338
2026-10-05,2011-05-30,11411
2026-10-05,2011-05-31,11558
2026-10-05,2011-06-01,11565
2026-10-05,2011-06-02,11570
2026-10-05,2011-06-03,11570
2026-10-05,2011-06-06,11538
2026-10-05,2011-06-07,11573
2026-10-05,2011-06-08,11593
2026-10-05,2011-06-09,11626
2026-10-05,2011-06-10,11649
2026-10-05,2011-06-13,11609
2026-10-05,2011-06-14,11582
2026-10-05,2011-06-15,11581
2026-10-05,2011-06-16,11592
2026-10-05,2011-06-17,11958
2026-10-05,2011-06-21,11948
2026-10-05,2011-06-22,11899
2026-10-05,2011-06-23,11903
2026-10-05,2011-06-24,11940
2026-10-05,2011-06-27,11922
2026-10-05,2011-06-28,11998
2026-10-05,2011-06-29,12058
2026-10-05,2011-06-30,12089
2026-10-05,2011-07-01,13610
2026-10-05,2011-07-04,13616
2026-10-05,2011-07-05,13720
2026-10-05,2011-07-06,13722
2026-10-05,2011-07-07,13736
2026-10-05,2011-07-08,13755
2026-10-05,2011-07-11,13743
2026-10-05,2011-07-12,13796
2026-10-05,2011-07-13,13782
2026-10-05,2011-07-14,15308
2026-10-05,2011-07-15,15272
2026-10-05,2011-07-18,15510
2026-10-05,2011-07-19,15503
2026-10-05,2011-07-20,15476
2026-10-05,2011-07-21,15496
2026-10-05,2011-07-22,15491
2026-10-05,2011-07-25,15452
2026-10-05,2011-07-26,15472
2026-10-05,2011-07-27,15717
2026-10-05,2011-07-28,15821
2026-10-05,2011-07-29,15820
2026-10-05,2011-08-01,15864
2026-10-05,2011-08-02,15887
2026-10-05,2011-08-03,15759
2026-10-05,2011-08-04,15770
2026-10-05,2011-08-05,15711
2026-10-05,2011-08-08,15658
2026-10-05,2011-08-09,15650
2026-10-05,2011-08-10,15638
2026-10-05,2011-08-11,15646
2026-10-05,2011-08-12,15645
2026-10-05,2011-08-15,15607
2026-10-05,2011-08-16,15607
2026-10-05,2011-08-17,15631
2026-10-05,2011-08-18,15632
2026-10-05,2011-08-19,15813
2026-10-05,2011-08-23,15756
2026-10-05,2011-08-24,15798
2026-10-05,2011-08-25,15727
2026-10-05,2011-08-26,15858
2026-10-05,2011-08-29,15941
2026-10-05,2011-08-30,16004
2026-10-05,2011-08-31,16103
2026-10-05,2011-09-01,16102
2026-10-05,2011-09-02,16117
2026-10-05,2011-09-05,16097
2026-10-05,2011-09-06,16078
2026-10-05,2011-09-07,16064
2026-10-05,2011-09-08,16097
2026-10-05,2011-09-09,16189
2026-10-05,2011-09-12,16187
2026-10-05,2011-09-13,16268
2026-10-05,2011-09-14,16306
2026-10-05,2011-09-15,16356
2026-10-05,2011-09-16,16400
2026-10-05,2011-09-19,16517
2026-10-05,2011-09-20,16584
2026-10-05,2011-09-21,16586
2026-10-05,2011-09-22,16629
2026-10-05,2011-09-23,16615
2026-10-05,2011-09-26,16664
2026-10-05,2011-09-27,16659
2026-10-05,2011-09-28,16689
2026-10-05,2011-09-29,16726
2026-10-05,2011-09-30,16804
2026-10-05,2011-10-03,16822
2026-10-05,2011-10-04,16845
2026-10-05,2011-10-05,16815
2026-10-05,2011-10-06,16787
2026-10-05,2011-10-07,16882
2026-10-05,2011-10-11,16876
2026-10-05,2011-10-12,16908
2026-10-05,2011-10-13,16852
2026-10-05,2011-10-14,16839
2026-10-05,2011-10-17,16852
2026-10-05,2011-10-18,16894
2026-10-05,2011-10-19,16924
2026-10-05,2011-10-20,16975
2026-10-05,2011-10-21,16868
2026-10-05,2011-10-24,16846
2026-10-05,2011-10-25,16905
2026-10-05,2011-10-26,16842
2026-10-05,2011-10-27,16866
2026-10-05,2011-10-28,17222
2026-10-05,2011-10-31,17328
2026-10-05,2011-11-01,17333
2026-10-05,2011-11-02,17400
2026-10-05,2011-11-03,17403
2026-10-05,2011-11-04,17341
2026-10-05,2011-11-07,17318
2026-10-05,2011-11-08,17440
2026-10-05,2011-11-09,17523
2026-10-05,2011-11-10,17474
2026-10-05,2011-11-11,17464
2026-10-05,2011-11-14,17450
2026-10-05,2011-11-15,17463
2026-10-05,2011-11-16,17484
2026-10-05,2011-11-17,17466
2026-10-05,2011-11-18,17450
2026-10-05,2011-11-21,17521
2026-10-05,2011-11-22,17497
2026-10-05,2011-11-23,17468
2026-10-05,2011-11-24,17470
2026-10-05,2011-11-25,17567
2026-10-05,2011-11-29,17550
2026-10-05,2011-11-30,17620
2026-10-05,2011-12-01,17656
2026-10-05,2011-12-02,17812
2026-10-05,2011-12-05,17705
2026-10-05,2011-12-06,17724
2026-10-05,2011-12-07,17705
2026-10-05,2011-12-12,17722
2026-10-05,2011-12-13,17701
2026-10-05,2011-12-14,17718
2026-10-05,2011-12-15,17696
2026-10-05,2011-12-16,17802
2026-10-05,2011-12-19,17812
2026-10-05,2011-12-20,17863
2026-10-05,2011-12-21,17849
2026-10-05,2011-12-22,17950
2026-10-05,2011-12-23,18003
2026-10-05,2011-12-27,18063
2026-10-05,2011-12-28,18065
2026-10-05,2011-12-29,18072
2026-10-05,2011-12-30,18147
2026-10-05,2012-01-03,18143
2026-10-05,2012-01-04,18187
2026-10-05,2012-01-05,18096
2026-10-05,2012-01-06,18038
2026-10-05,2012-01-09,17934
2026-10-05,2012-01-10,17781
2026-10-05,2012-01-11,17786
2026-10-05,2012-01-12,17793
2026-10-05,2012-01-13,17823
2026-10-05,2012-01-16,17797
2026-10-05,2012-01-17,17832
2026-10-05,2012-01-18,17770
2026-10-05,2012-01-19,17753
2026-10-05,2012-01-20,17705
2026-10-05,2012-01-23,17638
2026-10-05,2012-01-24,17702
2026-10-05,2012-01-25,17703
2026-10-05,2012-01-26,17643
2026-10-05,2012-01-27,18036
2026-10-05,2012-01-30,18099
2026-10-05,2012-01-31,18189
2026-10-05,2012-02-01,18187
2026-10-05,2012-02-02,18175
2026-10-05,2012-02-03,18152
2026-10-05,2012-02-06,18188
2026-10-05,2012-02-07,18198
2026-10-05,2012-02-08,18198
2026-10-05,2012-02-09,18221
2026-10-05,2012-02-10,18096
2026-10-05,2012-02-13,18126
2026-10-05,2012-02-14,18133
2026-10-05,2012-02-15,18083
2026-10-05,2012-02-16,18030
2026-10-05,2012-02-17,18095
2026-10-05,2012-02-22,18120
2026-10-05,2012-02-23,18160
2026-10-05,2012-02-24,18604
2026-10-05,2012-02-28,18664
2026-10-05,2012-02-29,18625
2026-10-05,2012-03-01,18651
2026-10-05,2012-03-02,18626
2026-10-05,2012-03-05,18596
2026-10-05,2012-03-06,18470
2026-10-05,2012-03-07,18424
2026-10-05,2012-03-08,18392
2026-10-05,2012-03-09,18400
2026-10-05,2012-03-12,18261
2026-10-05,2012-03-13,18237
2026-10-05,2012-03-14,18196
2026-10-05,2012-03-15,18258
2026-10-05,2012-03-16,18320
2026-10-05,2012-03-19,18261
2026-10-05,2012-03-20,18188
2026-10-05,2012-03-21,18101
2026-10-05,2012-03-22,18083
2026-10-05,2012-03-23,18197
2026-10-05,2012-03-26,18330
2026-10-05,2012-03-27,18294
2026-10-05,2012-03-28,18292
2026-10-05,2012-03-29,18462
2026-10-05,2012-03-30,19444
2026-10-05,2012-04-03,19440
2026-10-05,2012-04-04,19455
2026-10-05,2012-04-09,19485
2026-10-05,2012-04-10,19412
2026-10-05,2012-04-11,19378
2026-10-05,2012-04-12,19352
2026-10-05,2012-04-13,19433
2026-10-05,2012-04-16,19454
2026-10-05,2012-04-17,19476
2026-10-05,2012-04-18,19459
2026-10-05,2012-04-19,19519
2026-10-05,2012-04-20,19548
2026-10-05,2012-04-23,19652
2026-10-05,2012-04-24,19996
2026-10-05,2012-04-25,19993
2026-10-05,2012-04-26,20379
2026-10-05,2012-04-27,20497
2026-10-05,2012-05-02,20382
2026-10-05,2012-05-03,20979
2026-10-05,2012-05-04,20994
2026-10-05,2012-05-07,20981
2026-10-05,2012-05-08,20961
2026-10-05,2012-05-09,20886
2026-10-05,2012-05-10,20833
2026-10-05,2012-05-11,20866
2026-10-05,2012-05-14,20790
2026-10-05,2012-05-15,20756
2026-10-05,2012-05-16,21185
2026-10-05,2012-05-17,21146
2026-10-05,2012-05-18,21065
2026-10-05,2012-05-21,21039
2026-10-05,2012-05-22,21056
2026-10-05,2012-05-23,21150
2026-10-05,2012-05-24,21423
2026-10-05,2012-05-28,21355
2026-10-05,2012-05-29,21403
2026-10-05,2012-05-30,21362
2026-10-05,2012-05-31,21465
2026-10-05,2012-06-01,21500
2026-10-05,2012-06-04,21625
2026-10-05,2012-06-05,21670
2026-10-05,2012-06-06,21800
2026-10-05,2012-06-07,21904
2026-10-05,2012-06-08,22020
2026-10-05,2012-06-11,22074
2026-10-05,2012-06-12,22065
2026-10-05,2012-06-13,22113
2026-10-05,2012-06-14,22144
2026-10-05,2012-06-15,22172
2026-10-05,2012-06-18,22870
2026-10-05,2012-06-19,22896
2026-10-05,2012-06-21,22850
2026-10-05,2012-06-22,23040
2026-10-05,2012-06-25,23195
2026-10-05,2012-06-26,23187
2026-10-05,2012-06-27,23651
2026-10-05,2012-06-28,23727
2026-10-05,2012-06-29,24268
2026-10-05,2012-07-02,24242
2026-10-05,2012-07-03,24354
2026-10-05,2012-07-04,24454
2026-10-05,2012-07-05,24465
2026-10-05,2012-07-06,24541
2026-10-05,2012-07-10,24470
2026-10-05,2012-07-11,24506
2026-10-05,2012-07-12,24489
2026-10-05,2012-07-13,24432
2026-10-05,2012-07-16,25142
2026-10-05,2012-07-17,25157
2026-10-05,2012-07-18,25223
2026-10-05,2012-07-19,25203
2026-10-05,2012-07-20,25196
2026-10-05,2012-07-23,25177
2026-10-05,2012-07-24,25146
2026-10-05,2012-07-25,25132
2026-10-05,2012-07-26,25058
2026-10-05,2012-07-27,25128
2026-10-05,2012-07-30,25189
2026-10-05,2012-07-31,25304
2026-10-05,2012-08-01,25329
2026-10-05,2012-08-02,25361
2026-10-05,2012-08-03,25357
2026-10-05,2012-08-06,25434
2026-10-05,2012-08-07,25561
2026-10-05,2012-08-08,25563
2026-10-05,2012-08-09,25584
2026-10-05,2012-08-10,25600
2026-10-05,2012-08-13,25600
2026-10-05,2012-08-14,25602
2026-10-05,2012-08-15,25636
2026-10-05,2012-08-16,25731
2026-10-05,2012-08-17,25707
2026-10-05,2012-08-21,25640
2026-10-05,2012-08-22,25651
2026-10-05,2012-08-23,25634
2026-10-05,2012-08-24,25582
2026-10-05,2012-08-27,25608
2026-10-05,2012-08-28,25581
2026-10-05,2012-08-29,25583
2026-10-05,2012-08-30,25575
2026-10-05,2012-08-31,25619
2026-10-05,2012-09-03,25733
2026-10-05,2012-09-04,25726
2026-10-05,2012-09-05,25798
2026-10-05,2012-09-06,25989
2026-10-05,2012-09-07,25960
2026-10-05,2012-09-10,25917
2026-10-05,2012-09-11,26057
2026-10-05,2012-09-12,26108
2026-10-05,2012-09-13,26159
2026-10-05,2012-09-14,26168
2026-10-05,2012-09-17,26189
2026-10-05,2012-09-18,26204
2026-10-05,2012-09-19,26174
2026-10-05,2012-09-20,26226
2026-10-05,2012-09-21,26223
2026-10-05,2012-09-25,26291
2026-10-05,2012-09-26,26261
2026-10-05,2012-09-27,26310
2026-10-05,2012-09-28,26292
2026-10-05,2012-10-01,26359
2026-10-05,2012-10-02,26423
2026-10-05,2012-10-03,26410
2026-10-05,2012-10-04,26402
2026-10-05,2012-10-05,26450
2026-10-05,2012-10-09,26470
2026-10-05,2012-10-10,26639
2026-10-05,2012-10-11,26617
2026-10-05,2012-10-12,26706
2026-10-05,2012-10-15,26755
2026-10-05,2012-10-16,26811
2026-10-05,2012-10-17,26799
2026-10-05,2012-10-18,26196
2026-10-05,2012-10-19,26175
2026-10-05,2012-10-22,26197
2026-10-05,2012-10-23,26154
2026-10-05,2012-10-24,26175
2026-10-05,2012-10-25,26182
2026-10-05,2012-10-26,26214
2026-10-05,2012-10-29,26127
2026-10-05,2012-10-30,26116
2026-10-05,2012-10-31,26301
2026-10-05,2012-11-01,26307
2026-10-05,2012-11-02,26357
2026-10-05,2012-11-05,26433
2026-10-05,2012-11-07,26451
2026-10-05,2012-11-08,26434
2026-10-05,2012-11-09,26431
2026-10-05,2012-11-12,26512
2026-10-05,2012-11-13,26534
2026-10-05,2012-11-14,26557
2026-10-05,2012-11-15,26554
2026-10-05,2012-11-16,26580
2026-10-05,2012-11-19,26722
2026-10-05,2012-11-20,26613
2026-10-05,2012-11-21,26608
2026-10-05,2012-11-22,26588
2026-10-05,2012-11-23,26564
2026-10-05,2012-11-27,26685
2026-10-05,2012-11-28,26814
2026-10-05,2012-11-29,26852
2026-10-05,2012-11-30,26910
2026-10-05,2012-12-03,27134
2026-10-05,2012-12-04,27093
2026-10-05,2012-12-05,27029
2026-10-05,2012-12-06,27078
2026-10-05,2012-12-07,27098
2026-10-05,2012-12-10,27143
2026-10-05,2012-12-11,27060
2026-10-05,2012-12-12,27285
2026-10-05,2012-12-13,27373
2026-10-05,2012-12-14,27491
2026-10-05,2012-12-17,27604
2026-10-05,2012-12-18,27788
2026-10-05,2012-12-19,27819
2026-10-05,2012-12-20,27885
2026-10-05,2012-12-21,28030
2026-10-05,2012-12-26,28086
2026-10-05,2012-12-27,28090
2026-10-05,2012-12-28,28178
2026-10-05,2012-12-31,28121
2026-10-05,2013-01-02,28067
2026-10-05,2013-01-03,28193
2026-10-05,2013-01-04,28120
2026-10-05,2013-01-07,28027
2026-10-05,2013-01-08,27839
2026-10-05,2013-01-09,27751
2026-10-05,2013-01-10,27722
2026-10-05,2013-01-11,27672
2026-10-05,2013-01-14,27621
2026-10-05,2013-01-15,27649
2026-10-05,2013-01-16,27578
2026-10-05,2013-01-17,27499
2026-10-05,2013-01-18,27407
2026-10-05,2013-01-21,27240
2026-10-05,2013-01-22,27168
2026-10-05,2013-01-23,27078
2026-10-05,2013-01-24,27034
2026-10-05,2013-01-25,27078
2026-10-05,2013-01-28,27082
2026-10-05,2013-01-29,27044
2026-10-05,2013-01-30,27287
2026-10-05,2013-02-01,27252
2026-10-05,2013-02-04,27322
2026-10-05,2013-02-05,27254
2026-10-05,2013-02-06,27187
2026-10-05,2013-02-07,27126
2026-10-05,2013-02-08,27014
2026-10-05,2013-02-13,27105
2026-10-05,2013-02-14,27028
2026-10-05,2013-02-15,26932
2026-10-05,2013-02-18,26919
2026-10-05,2013-02-19,26822
2026-10-05,2013-02-21,26849
2026-10-05,2013-02-22,26792
2026-10-05,2013-02-25,26766
2026-10-05,2013-02-26,26721
2026-10-05,2013-02-27,26783
2026-10-05,2013-02-28,27268
2026-10-05,2013-03-01,27287
2026-10-05,2013-03-04,27330
2026-10-05,2013-03-05,27379
2026-10-05,2013-03-06,27069
2026-10-05,2013-03-07,27023
2026-10-05,2013-03-08,26985
2026-10-05,2013-03-11,27117
2026-10-05,2013-03-12,27145
2026-10-05,2013-03-13,27136
2026-10-05,2013-03-14,27069
2026-10-05,2013-03-15,27075
2026-10-05,2013-03-18,27096
2026-10-05,2013-03-19,27054
2026-10-05,2013-03-20,27026
2026-10-05,2013-03-21,27109
2026-10-05,2013-03-22,27183
2026-10-05,2013-03-25,27616
2026-10-05,2013-03-26,27698
2026-10-05,2013-03-27,27890
2026-10-05,2013-04-03,27859
2026-10-05,2013-04-04,28178
2026-10-05,2013-04-05,28162
2026-10-05,2013-04-08,28329
2026-10-05,2013-04-09,28241
2026-10-05,2013-04-10,28280
2026-10-05,2013-04-11,28284
2026-10-05,2013-04-12,28372
2026-10-05,2013-04-15,28540
2026-10-05,2013-04-16,28524
2026-10-05,2013-04-17,28505
2026-10-05,2013-04-18,28474
2026-10-05,2013-04-19,28474
2026-10-05,2013-04-22,28532
2026-10-05,2013-04-23,28540
2026-10-05,2013-04-24,28595
2026-10-05,2013-04-25,28631
2026-10-05,2013-04-26,28737
2026-10-05,2013-04-29,28816
2026-10-05,2013-04-30,29071
2026-10-05,2013-05-02,29377
2026-10-05,2013-05-03,29340
2026-10-05,2013-05-06,29508
2026-10-05,2013-05-07,29571
2026-10-05,2013-05-08,29819
2026-10-05,2013-05-09,29816
2026-10-05,2013-05-10,29755
2026-10-05,2013-05-13,29750
2026-10-05,2013-05-14,29832
2026-10-05,2013-05-15,29874
2026-10-05,2013-05-16,29907
2026-10-05,2013-05-17,30023
2026-10-05,2013-05-20,30219
2026-10-05,2013-05-21,30547
2026-10-05,2013-05-22,30232
2026-10-05,2013-05-23,30256
2026-10-05,2013-05-24,30309
2026-10-05,2013-05-27,30306
2026-10-05,2013-05-28,30380
2026-10-05,2013-05-29,30368
2026-10-05,2013-05-30,30433
2026-10-05,2013-05-31,30540
2026-10-05,2013-06-03,30580
2026-10-05,2013-06-04,30568
2026-10-05,2013-06-05,30703
2026-10-05,2013-06-06,30616
2026-10-05,2013-06-07,30630
2026-10-05,2013-06-10,30685
2026-10-05,2013-06-11,30755
2026-10-05,2013-06-12,30869
2026-10-05,2013-06-13,30960
2026-10-05,2013-06-14,30994
2026-10-05,2013-06-17,30974
2026-10-05,2013-06-18,31158
2026-10-05,2013-06-19,31437
2026-10-05,2013-06-24,31783
2026-10-05,2013-06-25,32058
2026-10-05,2013-06-26,32016
2026-10-05,2013-06-27,32412
2026-10-05,2013-06-28,32552
2026-10-05,2013-07-01,32886
2026-10-05,2013-07-02,32805
2026-10-05,2013-07-03,32752
2026-10-05,2013-07-04,32920
2026-10-05,2013-07-05,32842
2026-10-05,2013-07-08,32838
2026-10-05,2013-07-10,32868
2026-10-05,2013-07-11,32820
2026-10-05,2013-07-12,32885
2026-10-05,2013-07-15,32957
2026-10-05,2013-07-16,32926
2026-10-05,2013-07-17,32869
2026-10-05,2013-07-18,32823
2026-10-05,2013-07-19,32580
2026-10-05,2013-07-22,32520
2026-10-05,2013-07-23,32523
2026-10-05,2013-07-24,32416
2026-10-05,2013-07-25,32443
2026-10-05,2013-07-26,32280
2026-10-05,2013-07-29,32442
2026-10-05,2013-07-30,32454
2026-10-05,2013-07-31,32375
2026-10-05,2013-08-01,32392
2026-10-05,2013-08-02,32551
2026-10-05,2013-08-05,32560
2026-10-05,2013-08-06,32527
2026-10-05,2013-08-07,32500
2026-10-05,2013-08-08,32469
2026-10-05,2013-08-09,32395
2026-10-05,2013-08-12,32401
2026-10-05,2013-08-13,32504
2026-10-05,2013-08-14,32458
2026-10-05,2013-08-15,32431
2026-10-05,2013-08-16,32362
2026-10-05,2013-08-20,32369
2026-10-05,2013-08-21,32245
2026-10-05,2013-08-22,32178
2026-10-05,2013-08-23,32171
2026-10-05,2013-08-26,32321
2026-10-05,2013-08-27,32364
2026-10-05,2013-08-28,32413
2026-10-05,2013-08-29,32639
2026-10-05,2013-08-30,32724
2026-10-05,2013-09-02,32863
2026-10-05,2013-09-03,32823
2026-10-05,2013-09-04,32809
2026-10-05,2013-09-05,32844
2026-10-05,2013-09-06,32907
2026-10-05,2013-09-09,33046
2026-10-05,2013-09-10,32926
2026-10-05,2013-09-11,33043
2026-10-05,2013-09-12,33041
2026-10-05,2013-09-13,33081
2026-10-05,2013-09-16,33151
2026-10-05,2013-09-17,33104
2026-10-05,2013-09-18,33026
2026-10-05,2013-09-19,32990
2026-10-05,2013-09-20,32995
2026-10-05,2013-09-23,32943
2026-10-05,2013-09-24,32928
2026-10-05,2013-09-25,32911
2026-10-05,2013-09-26,32936
2026-10-05,2013-09-27,33266
2026-10-05,2013-09-30,32620
2026-10-05,2013-10-01,32856
2026-10-05,2013-10-02,32845
2026-10-05,2013-10-03,32910
2026-10-05,2013-10-04,32948
2026-10-05,2013-10-07,33158
2026-10-05,2013-10-08,33124
2026-10-05,2013-10-09,33070
2026-10-05,2013-10-10,33048
2026-10-05,2013-10-11,33111
2026-10-05,2013-10-15,33128
2026-10-05,2013-10-16,33091
2026-10-05,2013-10-17,33008
2026-10-05,2013-10-18,33133
2026-10-05,2013-10-21,33173
2026-10-05,2013-10-22,33090
2026-10-05,2013-10-23,32988
2026-10-05,2013-10-24,33007
2026-10-05,2013-10-25,32986
2026-10-05,2013-10-28,33043
2026-10-05,2013-10-29,33021
2026-10-05,2013-10-30,33229
2026-10-05,2013-10-31,33340
2026-10-05,2013-11-01,33455
2026-10-05,2013-11-04,33471
2026-10-05,2013-11-05,33520
2026-10-05,2013-11-07,33610
2026-10-05,2013-11-08,33585
2026-10-05,2013-11-11,33647
2026-10-05,2013-11-12,33610
2026-10-05,2013-11-13,33676
2026-10-05,2013-11-14,33804
2026-10-05,2013-11-15,33756
2026-10-05,2013-11-18,33964
2026-10-05,2013-11-19,33893
2026-10-05,2013-11-20,33737
2026-10-05,2013-11-21,33748
2026-10-05,2013-11-22,33836
2026-10-05,2013-11-26,33914
2026-10-05,2013-11-27,33965
2026-10-05,2013-11-28,34236
2026-10-05,2013-11-29,34383
2026-10-05,2013-12-02,34530
2026-10-05,2013-12-03,34546
2026-10-05,2013-12-04,34539
2026-10-05,2013-12-05,34638
2026-10-05,2013-12-06,34747
2026-10-05,2013-12-09,34849
2026-10-05,2013-12-10,34774
2026-10-05,2013-12-11,34803
2026-10-05,2013-12-12,34875
2026-10-05,2013-12-13,34952
2026-10-05,2013-12-16,35032
2026-10-05,2013-12-17,35309
2026-10-05,2013-12-18,35241
2026-10-05,2013-12-19,35506
2026-10-05,2013-12-20,35928
2026-10-05,2013-12-23,36481
2026-10-05,2013-12-26,36274
2026-10-05,2013-12-27,36589
2026-10-05,2013-12-30,36662
2026-10-05,2014-01-02,36679
2026-10-05,2014-01-03,36663
2026-10-05,2014-01-06,36525
2026-10-05,2014-01-07,36494
2026-10-05,2014-01-08,36406
2026-10-05,2014-01-09,36295
2026-10-05,2014-01-10,36200
2026-10-05,2014-01-13,36159
2026-10-05,2014-01-14,36195
2026-10-05,2014-01-15,36095
2026-10-05,2014-01-16,36169
2026-10-05,2014-01-17,35964
2026-10-05,2014-01-20,35870
2026-10-05,2014-01-21,35742
2026-10-05,2014-01-22,35572
2026-10-05,2014-01-23,35513
2026-10-05,2014-01-24,35375
2026-10-05,2014-01-27,35434
2026-10-05,2014-01-28,35421
2026-10-05,2014-01-29,35452
2026-10-05,2014-01-30,35399
2026-10-05,2014-01-31,35921
2026-10-05,2014-02-03,35876
2026-10-05,2014-02-04,35870
2026-10-05,2014-02-05,35746
2026-10-05,2014-02-06,35663
2026-10-05,2014-02-07,35529
2026-10-05,2014-02-10,35574
2026-10-05,2014-02-11,35530
2026-10-05,2014-02-12,35554
2026-10-05,2014-02-13,35422
2026-10-05,2014-02-14,35471
2026-10-05,2014-02-17,35273
2026-10-05,2014-02-18,35268
2026-10-05,2014-02-19,35228
2026-10-05,2014-02-20,35133
2026-10-05,2014-02-21,35096
2026-10-05,2014-02-24,35228
2026-10-05,2014-02-25,35188
2026-10-05,2014-02-26,35580
2026-10-05,2014-02-27,35568
2026-10-05,2014-02-28,35619
2026-10-05,2014-03-05,35703
2026-10-05,2014-03-06,35656
2026-10-05,2014-03-07,35640
2026-10-05,2014-03-10,35752
2026-10-05,2014-03-11,35709
2026-10-05,2014-03-12,35722
2026-10-05,2014-03-13,35814
2026-10-05,2014-03-14,35780
2026-10-05,2014-03-17,35763
2026-10-05,2014-03-18,35699
2026-10-05,2014-03-19,35669
2026-10-05,2014-03-20,35518
2026-10-05,2014-03-21,35431
2026-10-05,2014-03-25,35605
2026-10-05,2014-03-26,35483
2026-10-05,2014-03-27,35635
2026-10-05,2014-03-28,35691
2026-10-05,2014-03-31,35866
2026-10-05,2014-04-01,35752
2026-10-05,2014-04-03,35591
2026-10-05,2014-04-04,35543
2026-10-05,2014-04-07,35463
2026-10-05,2014-04-08,35525
2026-10-05,2014-04-09,35508
2026-10-05,2014-04-10,35454
2026-10-05,2014-04-11,35427
2026-10-05,2014-04-14,35463
2026-10-05,2014-04-15,35416
2026-10-05,2014-04-16,35379
2026-10-05,2014-04-21,35560
2026-10-05,2014-04-22,35475
2026-10-05,2014-04-23,35497
2026-10-05,2014-04-24,35660
2026-10-05,2014-04-25,35650
2026-10-05,2014-04-28,35712
2026-10-05,2014-04-29,35784
2026-10-05,2014-04-30,36185
2026-10-05,2014-05-05,36139
2026-10-05,2014-05-06,36026
2026-10-05,2014-05-07,36214
2026-10-05,2014-05-08,36157
2026-10-05,2014-05-09,36197
2026-10-05,2014-05-12,35937
2026-10-05,2014-05-13,35863
2026-10-05,2014-05-14,36022
2026-10-05,2014-05-15,35942
2026-10-05,2014-05-16,35880
2026-10-05,2014-05-19,35801
2026-10-05,2014-05-20,35809
2026-10-05,2014-05-21,35990
2026-10-05,2014-05-22,35895
2026-10-05,2014-05-23,35829
2026-10-05,2014-05-26,35992
2026-10-05,2014-05-27,35998
2026-10-05,2014-05-28,35990
2026-10-05,2014-05-29,36224
2026-10-05,2014-05-30,36531
2026-10-05,2014-06-02,36569
2026-10-05,2014-06-03,36540
2026-10-05,2014-06-04,36591
2026-10-05,2014-06-05,36554
2026-10-05,2014-06-06,36557
2026-10-05,2014-06-09,36690
2026-10-05,2014-06-10,36582
2026-10-05,2014-06-11,36501
2026-10-05,2014-06-12,36484
2026-10-05,2014-06-13,36485
2026-10-05,2014-06-16,36534
2026-10-05,2014-06-17,36469
2026-10-05,2014-06-18,36496
2026-10-05,2014-06-19,36506
2026-10-05,2014-06-23,36520
2026-10-05,2014-06-24,36526
2026-10-05,2014-06-25,36626
2026-10-05,2014-06-26,36722
2026-10-05,2014-06-27,37102
2026-10-05,2014-06-30,37388
2026-10-05,2014-07-01,37317
2026-10-05,2014-07-02,37383
2026-10-05,2014-07-03,37359
2026-10-05,2014-07-04,37250
2026-10-05,2014-07-07,37362
2026-10-05,2014-07-08,37455
2026-10-05,2014-07-10,37462
2026-10-05,2014-07-11,37477
2026-10-05,2014-07-14,37547
2026-10-05,2014-07-15,37451
2026-10-05,2014-07-16,37442
2026-10-05,2014-07-17,37417
2026-10-05,2014-07-18,37584
2026-10-05,2014-07-21,37577
2026-10-05,2014-07-22,37470
2026-10-05,2014-07-23,37656
2026-10-05,2014-07-24,37643
2026-10-05,2014-07-25,37607
2026-10-05,2014-07-28,37848
2026-10-05,2014-07-29,38025
2026-10-05,2014-07-30,37994
2026-10-05,2014-07-31,38109
2026-10-05,2014-08-01,37993
2026-10-05,2014-08-04,38124
2026-10-05,2014-08-05,38006
2026-10-05,2014-08-06,38007
2026-10-05,2014-08-07,37906
2026-10-05,2014-08-08,38004
2026-10-05,2014-08-11,37999
2026-10-05,2014-08-12,37873
2026-10-05,2014-08-13,37897
2026-10-05,2014-08-14,37890
2026-10-05,2014-08-15,37901
2026-10-05,2014-08-19,37917
2026-10-05,2014-08-20,37812
2026-10-05,2014-08-21,37726
2026-10-05,2014-08-22,37775
2026-10-05,2014-08-25,37843
2026-10-05,2014-08-26,37737
2026-10-05,2014-08-27,37737
2026-10-05,2014-08-28,37931
2026-10-05,2014-08-29,37870
2026-10-05,2014-09-01,37956
2026-10-05,2014-09-02,37912
2026-10-05,2014-09-03,37666
2026-10-05,2014-09-04,37715
2026-10-05,2014-09-05,37589
2026-10-05,2014-09-08,37529
2026-10-05,2014-09-09,37575
2026-10-05,2014-09-10,37407
2026-10-05,2014-09-11,37503
2026-10-05,2014-09-12,37596
2026-10-05,2014-09-15,37562
2026-10-05,2014-09-16,37545
2026-10-05,2014-09-17,37626
2026-10-05,2014-09-18,37602
2026-10-05,2014-09-19,37492
2026-10-05,2014-09-22,37433
2026-10-05,2014-09-23,37403
2026-10-05,2014-09-24,37328
2026-10-05,2014-09-25,37307
2026-10-05,2014-09-26,37372
2026-10-05,2014-09-29,37652
2026-10-05,2014-09-30,37848
2026-10-05,2014-10-01,37848
2026-10-05,2014-10-02,37866
2026-10-05,2014-10-03,37792
2026-10-05,2014-10-06,37922
2026-10-05,2014-10-07,37897
2026-10-05,2014-10-08,37821
2026-10-05,2014-10-09,37771
2026-10-05,2014-10-10,37731
2026-10-05,2014-10-14,37867
2026-10-05,2014-10-15,37736
2026-10-05,2014-10-16,37719
2026-10-05,2014-10-17,38119
2026-10-05,2014-10-20,38089
2026-10-05,2014-10-21,37982
2026-10-05,2014-10-22,37940
2026-10-05,2014-10-23,37927
2026-10-05,2014-10-24,38146
2026-10-05,2014-10-27,38548
2026-10-05,2014-10-28,38503
2026-10-05,2014-10-29,38222
2026-10-05,2014-10-30,39064
2026-10-05,2014-10-31,39243
2026-10-05,2014-11-03,39252
2026-10-05,2014-11-04,39138
2026-10-05,2014-11-05,39014
2026-10-05,2014-11-07,38951
2026-10-05,2014-11-10,38826
2026-10-05,2014-11-11,38876
2026-10-05,2014-11-12,39274
2026-10-05,2014-11-13,39375
2026-10-05,2014-11-14,39479
2026-10-05,2014-11-17,39486
2026-10-05,2014-11-18,39354
2026-10-05,2014-11-19,39440
2026-10-05,2014-11-20,39322
2026-10-05,2014-11-21,39188
2026-10-05,2014-11-25,39340
2026-10-05,2014-11-26,39348
2026-10-05,2014-11-27,39403
2026-10-05,2014-11-28,39576
2026-10-05,2014-12-01,39880
2026-10-05,2014-12-02,39990
2026-10-05,2014-12-03,40280
2026-10-05,2014-12-04,40370
2026-10-05,2014-12-05,40376
2026-10-05,2014-12-09,40500
2026-10-05,2014-12-10,40512
2026-10-05,2014-12-11,40414
2026-10-05,2014-12-12,40523
2026-10-05,2014-12-15,40902
2026-10-05,2014-12-16,40812
2026-10-05,2014-12-17,40858
2026-10-05,2014-12-18,40904
2026-10-05,2014-12-19,40828
2026-10-05,2014-12-22,40911
2026-10-05,2014-12-23,40862
2026-10-05,2014-12-24,40856
2026-10-05,2014-12-29,40944
2026-10-05,2014-12-30,41096
2026-10-05,2015-01-02,41098
2026-10-05,2015-01-05,41179
2026-10-05,2015-01-06,41129
2026-10-05,2015-01-07,41126
2026-10-05,2015-01-08,41028
2026-10-05,2015-01-09,41025
2026-10-05,2015-01-12,41085
2026-10-05,2015-01-13,40986
2026-10-05,2015-01-14,40888
2026-10-05,2015-01-15,40850
2026-10-05,2015-01-16,40672
2026-10-05,2015-01-19,40711
2026-10-05,2015-01-20,40557
2026-10-05,2015-01-21,40394
2026-10-05,2015-01-22,40432
2026-10-05,2015-01-23,40170
2026-10-05,2015-01-26,40246
2026-10-05,2015-01-27,40179
2026-10-05,2015-01-28,40076
2026-10-05,2015-01-29,40121
2026-10-05,2015-01-30,40405
2026-10-05,2015-02-02,40607
2026-10-05,2015-02-03,40737
2026-10-05,2015-02-04,40667
2026-10-05,2015-02-05,40726
2026-10-05,2015-02-06,40731
2026-10-05,2015-02-09,40503
2026-10-05,2015-02-10,40642
2026-10-05,2015-02-11,40679
2026-10-05,2015-02-12,40344
2026-10-05,2015-02-13,40549
2026-10-05,2015-02-18,40513
2026-10-05,2015-02-19,40527
2026-10-05,2015-02-20,40491
2026-10-05,2015-02-23,40603
2026-10-05,2015-02-24,40613
2026-10-05,2015-02-25,40435
2026-10-05,2015-02-26,40577
2026-10-05,2015-02-27,40788
2026-10-05,2015-03-02,40778
2026-10-05,2015-03-03,41037
2026-10-05,2015-03-04,41042
2026-10-05,2015-03-05,40977
2026-10-05,2015-03-06,41065
2026-10-05,2015-03-09,41052
2026-10-05,2015-03-10,41039
2026-10-05,2015-03-11,41028
2026-10-05,2015-03-12,41142
2026-10-05,2015-03-13,41320
2026-10-05,2015-03-16,41220
2026-10-05,2015-03-17,41095
2026-10-05,2015-03-18,41094
2026-10-05,2015-03-19,40957
2026-10-05,2015-03-20,40887
2026-10-05,2015-03-25,40882
2026-10-05,2015-03-26,40758
2026-10-05,2015-03-27,40625
2026-10-05,2015-03-30,41395
2026-10-05,2015-03-31,41501
2026-10-05,2015-04-01,41624
2026-10-05,2015-04-06,41692
2026-10-05,2015-04-07,41614
2026-10-05,2015-04-08,41627
2026-10-05,2015-04-09,41567
2026-10-05,2015-04-10,41616
2026-10-05,2015-04-13,41730
2026-10-05,2015-04-14,41669
2026-10-05,2015-04-15,41605
2026-10-05,2015-04-16,41623
2026-10-05,2015-04-17,41636
2026-10-05,2015-04-20,41484
2026-10-05,2015-04-21,41574
2026-10-05,2015-04-22,41541
2026-10-05,2015-04-23,41485
2026-10-05,2015-04-24,41452
2026-10-05,2015-04-27,41485
2026-10-05,2015-04-28,41397
2026-10-05,2015-04-29,41384
2026-10-05,2015-04-30,41317
2026-10-05,2015-05-04,41455
2026-10-05,2015-05-05,41759
2026-10-05,2015-05-06,41659
2026-10-05,2015-05-07,41595
2026-10-05,2015-05-08,41371
2026-10-05,2015-05-11,41442
2026-10-05,2015-05-12,41411
2026-10-05,2015-05-13,41387
2026-10-05,2015-05-14,41327
2026-10-05,2015-05-15,41766
2026-10-05,2015-05-18,41862
2026-10-05,2015-05-19,41826
2026-10-05,2015-05-20,41817
2026-10-05,2015-05-21,41857
2026-10-05,2015-05-22,42041
2026-10-05,2015-05-26,42458
2026-10-05,2015-05-27,42490
2026-10-05,2015-05-28,42928
2026-10-05,2015-05-29,43338
2026-10-05,2015-06-01,43318
2026-10-05,2015-06-02,43526
2026-10-05,2015-06-03,43678
2026-10-05,2015-06-04,43669
2026-10-05,2015-06-05,43622
2026-10-05,2015-06-08,43827
2026-10-05,2015-06-09,43876
2026-10-05,2015-06-10,43909
2026-10-05,2015-06-11,44049
2026-10-05,2015-06-12,44210
2026-10-05,2015-06-15,44259
2026-10-05,2015-06-16,44187
2026-10-05,2015-06-17,44044
2026-10-05,2015-06-18,44008
2026-10-05,2015-06-19,43916
2026-10-05,2015-06-22,43914
2026-10-05,2015-06-23,43978
2026-10-05,2015-06-24,43944
2026-10-05,2015-06-25,43874
2026-10-05,2015-06-26,44184
2026-10-05,2015-06-29,44347
2026-10-05,2015-06-30,44697
2026-10-05,2015-07-01,44769
2026-10-05,2015-07-02,44848
2026-10-05,2015-07-03,44919
2026-10-05,2015-07-06,45053
2026-10-05,2015-07-07,45041
2026-10-05,2015-07-08,45084
2026-10-05,2015-07-10,45199
2026-10-05,2015-07-13,45292
2026-10-05,2015-07-14,45639
2026-10-05,2015-07-15,45527
2026-10-05,2015-07-16,45473
2026-10-05,2015-07-17,45781
2026-10-05,2015-07-20,45588
2026-10-05,2015-07-21,45489
2026-10-05,2015-07-22,45292
2026-10-05,2015-07-23,45170
2026-10-05,2015-07-24,44993
2026-10-05,2015-07-27,45602
2026-10-05,2015-07-28,45405
2026-10-05,2015-07-29,45179
2026-10-05,2015-07-30,45340
2026-10-05,2015-07-31,45352
2026-10-05,2015-08-03,45320
2026-10-05,2015-08-04,45204
2026-10-05,2015-08-05,45141
2026-10-05,2015-08-06,45147
2026-10-05,2015-08-07,45095
2026-10-05,2015-08-10,45002
2026-10-05,2015-08-11,44787
2026-10-05,2015-08-12,44858
2026-10-05,2015-08-13,44816
2026-10-05,2015-08-14,44723
2026-10-05,2015-08-18,44686
2026-10-05,2015-08-19,44631
2026-10-05,2015-08-20,44454
2026-10-05,2015-08-21,44458
2026-10-05,2015-08-24,44547
2026-10-05,2015-08-25,44500
2026-10-05,2015-08-26,44574
2026-10-05,2015-08-27,44718
2026-10-05,2015-08-28,44848
2026-10-05,2015-08-31,45117
2026-10-05,2015-09-01,45323
2026-10-05,2015-09-02,45070
2026-10-05,2015-09-03,44987
2026-10-05,2015-09-04,44901
2026-10-05,2015-09-07,44934
2026-10-05,2015-09-08,44853
2026-10-05,2015-09-09,44930
2026-10-05,2015-09-10,44964
2026-10-05,2015-09-11,44963
2026-10-05,2015-09-14,45225
2026-10-05,2015-09-15,45194
2026-10-05,2015-09-16,45167
2026-10-05,2015-09-17,45098
2026-10-05,2015-09-18,45025
2026-10-05,2015-09-21,44822
2026-10-05,2015-09-22,44697
2026-10-05,2015-09-23,44618
2026-10-05,2015-09-24,44600
2026-10-05,2015-09-25,44473
2026-10-05,2015-09-28,44663
2026-10-05,2015-09-29,44966
2026-10-05,2015-09-30,45372
2026-10-05,2015-10-01,45440
2026-10-05,2015-10-02,45541
2026-10-05,2015-10-05,45504
2026-10-05,2015-10-06,45457
2026-10-05,2015-10-07,45504
2026-10-05,2015-10-08,45724
2026-10-05,2015-10-09,45856
2026-10-05,2015-10-13,45931
2026-10-05,2015-10-14,45872
2026-10-05,2015-10-15,46276
2026-10-05,2015-10-16,46240
2026-10-05,2015-10-19,46271
2026-10-05,2015-10-20,46239
2026-10-05,2015-10-21,46232
2026-10-05,2015-10-22,46089
2026-10-05,2015-10-23,46044
2026-10-05,2015-10-26,45928
2026-10-05,2015-10-27,45881
2026-10-05,2015-10-28,45818
2026-10-05,2015-10-29,45989
2026-10-05,2015-10-30,46547
2026-10-05,2015-11-02,46712
2026-10-05,2015-11-03,46792
2026-10-05,2015-11-04,46679
2026-10-05,2015-11-05,46662
2026-10-05,2015-11-09,46719
2026-10-05,2015-11-10,46158
2026-10-05,2015-11-11,46178
2026-10-05,2015-11-12,46211
2026-10-05,2015-11-13,46339
2026-10-05,2015-11-16,46253
2026-10-05,2015-11-17,46177
2026-10-05,2015-11-18,46178
2026-10-05,2015-11-19,46674
2026-10-05,2015-11-20,46454
2026-10-05,2015-11-23,46456
2026-10-05,2015-11-24,46424
2026-10-05,2015-11-25,46486
2026-10-05,2015-11-26,46833
2026-10-05,2015-11-30,47282
2026-10-05,2015-12-01,39310
2026-10-05,2015-12-02,39562
2026-10-05,2015-12-03,39571
2026-10-05,2015-12-04,39764
2026-10-05,2015-12-09,39782
2026-10-05,2015-12-10,39796
2026-10-05,2015-12-11,39840
2026-10-05,2015-12-14,40038
2026-10-05,2015-12-15,39908
2026-10-05,2015-12-16,39966
2026-10-05,2015-12-17,39853
2026-10-05,2015-12-18,39414
2026-10-05,2015-12-21,39543
2026-10-05,2015-12-22,39908
2026-10-05,2015-12-23,39813
2026-10-05,2015-12-24,39856
2026-10-05,2015-12-28,40022
2026-10-05,2015-12-29,40175
2026-10-05,2015-12-30,40230
2026-10-05,2015-12-31,40772
2026-10-05,2016-01-04,40911
2026-10-05,2016-01-05,40826
2026-10-05,2016-01-06,40722
2026-10-05,2016-01-07,40512
2026-10-05,2016-01-08,40383
2026-10-05,2016-01-11,40300
2026-10-05,2016-01-12,39915
2026-10-05,2016-01-13,39783
2026-10-05,2016-01-14,39841
2026-10-05,2016-01-15,39810
2026-10-05,2016-01-18,39892
2026-10-05,2016-01-19,39645
2026-10-05,2016-01-20,39258
2026-10-05,2016-01-21,39073
2026-10-05,2016-01-22,38846
2026-10-05,2016-01-25,38759
2026-10-05,2016-01-26,38743
2026-10-05,2016-01-27,38584
2026-10-05,2016-01-28,38823
2026-10-05,2016-01-29,37893
2026-10-05,2016-02-01,38084
2026-10-05,2016-02-02,38097
2026-10-05,2016-02-03,37948
2026-10-05,2016-02-04,37845
2026-10-05,2016-02-05,37546
2026-10-05,2016-02-10,37664
2026-10-05,2016-02-11,37778
2026-10-05,2016-02-12,37848
2026-10-05,2016-02-15,38103
2026-10-05,2016-02-16,38104
2026-10-05,2016-02-17,38036
2026-10-05,2016-02-18,38061
2026-10-05,2016-02-19,37792
2026-10-05,2016-02-22,37649
2026-10-05,2016-02-23,37415
2026-10-05,2016-02-24,37276
2026-10-05,2016-02-25,37308
2026-10-05,2016-02-26,37362
2026-10-05,2016-02-29,37772
2026-10-05,2016-03-01,38039
2026-10-05,2016-03-02,37876
2026-10-05,2016-03-03,37938
2026-10-05,2016-03-04,37650
2026-10-05,2016-03-07,37496
2026-10-05,2016-03-08,37466
2026-10-05,2016-03-09,37424
2026-10-05,2016-03-10,37381
2026-10-05,2016-03-11,37328
2026-10-05,2016-03-14,37377
2026-10-05,2016-03-15,37278
2026-10-05,2016-03-16,37309
2026-10-05,2016-03-17,37107
2026-10-05,2016-03-18,36928
2026-10-05,2016-03-21,36746
2026-10-05,2016-03-22,36559
2026-10-05,2016-03-23,36668
2026-10-05,2016-03-28,36564
2026-10-05,2016-03-29,36185
2026-10-05,2016-03-30,36657
2026-10-05,2016-03-31,37390
2026-10-05,2016-04-01,37509
2026-10-05,2016-04-04,37227
2026-10-05,2016-04-05,37622
2026-10-05,2016-04-06,37050
2026-10-05,2016-04-07,37125
2026-10-05,2016-04-08,37063
2026-10-05,2016-04-11,37157
2026-10-05,2016-04-12,37116
2026-10-05,2016-04-13,37114
2026-10-05,2016-04-14,37411
2026-10-05,2016-04-15,37263
2026-10-05,2016-04-18,37388
2026-10-05,2016-04-19,37189
2026-10-05,2016-04-20,36847
2026-10-05,2016-04-21,37337
2026-10-05,2016-04-22,37301
2026-10-05,2016-04-25,37513
2026-10-05,2016-04-26,37647
2026-10-05,2016-04-27,37354
2026-10-05,2016-04-28,37770
2026-10-05,2016-04-29,38107
2026-10-05,2016-05-02,38265
2026-10-05,2016-05-03,37919
2026-10-05,2016-05-04,37865
2026-10-05,2016-05-05,37963
2026-10-05,2016-05-06,37888
2026-10-05,2016-05-09,37978
2026-10-05,2016-05-10,37878
2026-10-05,2016-05-11,37905
2026-10-05,2016-05-12,37825
2026-10-05,2016-05-13,37921
2026-10-05,2016-05-16,38023
2026-10-05,2016-05-17,37920
2026-10-05,2016-05-18,38044
2026-10-05,2016-05-19,37951
2026-10-05,2016-05-20,37499
2026-10-05,2016-05-23,37406
2026-10-05,2016-05-24,37238
2026-10-05,2016-05-26,36947
2026-10-05,2016-05-27,36843
2026-10-05,2016-05-30,37526
2026-10-05,2016-05-31,37905
2026-10-05,2016-06-01,37794
2026-10-05,2016-06-02,37873
2026-10-05,2016-06-03,38254
2026-10-05,2016-06-06,38106
2026-10-05,2016-06-07,38094
2026-10-05,2016-06-08,37922
2026-10-05,2016-06-09,38032
2026-10-05,2016-06-10,38312
2026-10-05,2016-06-13,38313
2026-10-05,2016-06-14,38093
2026-10-05,2016-06-15,38343
2026-10-05,2016-06-16,38254
2026-10-05,2016-06-21,37907
2026-10-05,2016-06-22,37499
2026-10-05,2016-06-23,36899
2026-10-05,2016-06-24,36932
2026-10-05,2016-06-27,36893
2026-10-05,2016-06-28,36960
2026-10-05,2016-06-29,37189
2026-10-05,2016-06-30,38176
2026-10-05,2016-07-01,38219
2026-10-05,2016-07-04,38137
2026-10-05,2016-07-05,38052
2026-10-05,2016-07-06,37998
2026-10-05,2016-07-07,37897
2026-10-05,2016-07-11,37998
2026-10-05,2016-07-12,37846
2026-10-05,2016-07-13,37336
2026-10-05,2016-07-14,37193
2026-10-05,2016-07-15,37251
2026-10-05,2016-07-18,37198
2026-10-05,2016-07-19,37064
2026-10-05,2016-07-20,36905
2026-10-05,2016-07-21,36782
2026-10-05,2016-07-22,36865
2026-10-05,2016-07-25,36447
2026-10-05,2016-07-26,35887
2026-10-05,2016-07-27,35538
2026-10-05,2016-07-28,35314
2026-10-05,2016-07-29,34927
2026-10-05,2016-08-01,34812
2026-10-05,2016-08-02,35036
2026-10-05,2016-08-03,35024
2026-10-05,2016-08-04,34904
2026-10-05,2016-08-05,35025
2026-10-05,2016-08-08,35173
2026-10-05,2016-08-09,35185
2026-10-05,2016-08-10,35171
2026-10-05,2016-08-11,35341
2026-10-05,2016-08-12,35217
2026-10-05,2016-08-16,35510
2026-10-05,2016-08-17,35424
2026-10-05,2016-08-18,35406
2026-10-05,2016-08-19,35285
2026-10-05,2016-08-22,34790
2026-10-05,2016-08-23,34686
2026-10-05,2016-08-24,34838
2026-10-05,2016-08-25,34578
2026-10-05,2016-08-26,34954
2026-10-05,2016-08-29,34899
2026-10-05,2016-08-30,35123
2026-10-05,2016-08-31,35485
2026-10-05,2016-09-01,35359
2026-10-05,2016-09-02,35436
2026-10-05,2016-09-05,35380
2026-10-05,2016-09-06,35284
2026-10-05,2016-09-07,35503
2026-10-05,2016-09-08,35593
2026-10-05,2016-09-09,35519
2026-10-05,2016-09-12,35810
2026-10-05,2016-09-13,35648
2026-10-05,2016-09-14,35853
2026-10-05,2016-09-15,35654
2026-10-05,2016-09-16,35552
2026-10-05,2016-09-19,35463
2026-10-05,2016-09-20,34989
2026-10-05,2016-09-21,35099
2026-10-05,2016-09-22,35041
2026-10-05,2016-09-23,34912
2026-10-05,2016-09-26,35139
2026-10-05,2016-09-27,34872
2026-10-05,2016-09-28,34682
2026-10-05,2016-09-29,34862
2026-10-05,2016-09-30,35346
2026-10-05,2016-10-03,35566
2026-10-05,2016-10-04,35646
2026-10-05,2016-10-05,35060
2026-10-05,2016-10-06,34918
2026-10-05,2016-10-07,34759
2026-10-05,2016-10-11,34644
2026-10-05,2016-10-12,34562
2026-10-05,2016-10-13,34549
2026-10-05,2016-10-14,34550
2026-10-05,2016-10-17,34389
2026-10-05,2016-10-18,34257
2026-10-05,2016-10-19,34221
2026-10-05,2016-10-20,33825
2026-10-05,2016-10-21,33767
2026-10-05,2016-10-24,33747
2026-10-05,2016-10-25,33416
2026-10-05,2016-10-26,33284
2026-10-05,2016-10-27,33673
2026-10-05,2016-10-28,33621
2026-10-05,2016-10-31,34035
2026-10-05,2016-11-01,33834
2026-10-05,2016-11-02,33723
2026-10-05,2016-11-03,33484
2026-10-05,2016-11-04,33410
2026-10-05,2016-11-07,33725
2026-10-05,2016-11-08,33705
2026-10-05,2016-11-09,33772
2026-10-05,2016-11-10,33886
2026-10-05,2016-11-11,34400
2026-10-05,2016-11-14,34838
2026-10-05,2016-11-15,34539
2026-10-05,2016-11-16,34507
2026-10-05,2016-11-17,34412
2026-10-05,2016-11-18,34206
2026-10-05,2016-11-21,34137
2026-10-05,2016-11-22,34834
2026-10-05,2016-11-23,34897
2026-10-05,2016-11-24,34968
2026-10-05,2016-11-25,34893
2026-10-05,2016-11-29,35103
2026-10-05,2016-11-30,35803
2026-10-05,2016-12-01,35823
2026-10-05,2016-12-02,35821
2026-10-05,2016-12-05,36005
2026-10-05,2016-12-06,35834
2026-10-05,2016-12-07,35712
2026-10-05,2016-12-12,36230
2026-10-05,2016-12-13,35972
2026-10-05,2016-12-14,36346
2026-10-05,2016-12-15,36226
2026-10-05,2016-12-16,36687
2026-10-05,2016-12-19,36704
2026-10-05,2016-12-20,36759
2026-10-05,2016-12-21,36967
2026-10-05,2016-12-22,37097
2026-10-05,2016-12-23,37673
2026-10-05,2016-12-26,38489
2026-10-05,2016-12-27,38033
2026-10-05,2016-12-28,38446
2026-10-05,2016-12-29,38628
2026-10-05,2016-12-30,38701
2026-10-05,2017-01-02,38726
2026-10-05,2017-01-03,38849
2026-10-05,2017-01-04,39006
2026-10-05,2017-01-05,39019
2026-10-05,2017-01-06,38858
2026-10-05,2017-01-09,38876
2026-10-05,2017-01-10,38799
2026-10-05,2017-01-11,38795
2026-10-05,2017-01-12,38712
2026-10-05,2017-01-13,38538
2026-10-05,2017-01-16,38683
2026-10-05,2017-01-17,38452
2026-10-05,2017-01-18,38092
2026-10-05,2017-01-19,37821
2026-10-05,2017-01-20,37498
2026-10-05,2017-01-23,37519
2026-10-05,2017-01-24,37193
2026-10-05,2017-01-25,36847
2026-10-05,2017-01-26,36747
2026-10-05,2017-01-27,36653
2026-10-05,2017-01-30,36812
2026-10-05,2017-01-31,37660
2026-10-05,2017-02-01,37855
2026-10-05,2017-02-02,38097
2026-10-05,2017-02-03,37739
2026-10-05,2017-02-06,37878
2026-10-05,2017-02-07,37606
2026-10-05,2017-02-08,37834
2026-10-05,2017-02-09,37313
2026-10-05,2017-02-10,38062
2026-10-05,2017-02-13,38048
2026-10-05,2017-02-14,37725
2026-10-05,2017-02-15,37534
2026-10-05,2017-02-16,37461
2026-10-05,2017-02-17,37252
2026-10-05,2017-02-20,36775
2026-10-05,2017-02-21,36391
2026-10-05,2017-02-22,36496
2026-10-05,2017-02-23,36259
2026-10-05,2017-02-24,37294
2026-10-05,2017-03-01,38193
2026-10-05,2017-03-02,38243
2026-10-05,2017-03-03,38174
2026-10-05,2017-03-06,37825
2026-10-05,2017-03-07,37928
2026-10-05,2017-03-08,37715
2026-10-05,2017-03-09,37967
2026-10-05,2017-03-10,38165
2026-10-05,2017-03-13,38164
2026-10-05,2017-03-14,38058
2026-10-05,2017-03-15,37155
2026-10-05,2017-03-16,36939
2026-10-05,2017-03-17,36838
2026-10-05,2017-03-20,37075
2026-10-05,2017-03-21,36958
2026-10-05,2017-03-22,36799
2026-10-05,2017-03-23,37215
2026-10-05,2017-03-27,37227
2026-10-05,2017-03-28,37313
2026-10-05,2017-03-29,37505
2026-10-05,2017-03-30,37940
2026-10-05,2017-03-31,38855
2026-10-05,2017-04-03,38474
2026-10-05,2017-04-04,38598
2026-10-05,2017-04-05,38531
2026-10-05,2017-04-06,38403
2026-10-05,2017-04-07,38638
2026-10-05,2017-04-10,38710
2026-10-05,2017-04-11,38805
2026-10-05,2017-04-12,38673
2026-10-05,2017-04-17,38982
2026-10-05,2017-04-18,38865
2026-10-05,2017-04-19,38840
2026-10-05,2017-04-20,38496
2026-10-05,2017-04-21,38375
2026-10-05,2017-04-24,38421
2026-10-05,2017-04-25,38325
2026-10-05,2017-04-26,38011
2026-10-05,2017-04-27,38976
2026-10-05,2017-04-28,39023
2026-10-05,2017-05-02,39191
2026-10-05,2017-05-03,39271
2026-10-05,2017-05-04,39180
2026-10-05,2017-05-05,39097
2026-10-05,2017-05-08,38935
2026-10-05,2017-05-09,39469
2026-10-05,2017-05-10,39942
2026-10-05,2017-05-11,39972
2026-10-05,2017-05-12,40605
2026-10-05,2017-05-15,40227
2026-10-05,2017-05-16,40519
2026-10-05,2017-05-17,40487
2026-10-05,2017-05-18,40644
2026-10-05,2017-05-19,40619
2026-10-05,2017-05-22,40774
2026-10-05,2017-05-23,40797
2026-10-05,2017-05-24,41235
2026-10-05,2017-05-26,41455
2026-10-05,2017-05-29,41629
2026-10-05,2017-05-30,41585
2026-10-05,2017-05-31,41112
2026-10-05,2017-06-01,41515
2026-10-05,2017-06-02,41725
2026-10-05,2017-06-05,41774
2026-10-05,2017-06-06,41655
2026-10-05,2017-06-07,41620
2026-10-05,2017-06-08,41861
2026-10-05,2017-06-09,42436
2026-10-05,2017-06-12,42295
2026-10-05,2017-06-13,42705
2026-10-05,2017-06-14,42691
2026-10-05,2017-06-15,42365
2026-10-05,2017-06-16,42420
2026-10-05,2017-06-19,42725
2026-10-05,2017-06-21,43241
2026-10-05,2017-06-22,43581
2026-10-05,2017-06-23,43295
2026-10-05,2017-06-26,42828
2026-10-05,2017-06-27,42627
2026-10-05,2017-06-28,42602
2026-10-05,2017-06-29,43493
2026-10-05,2017-06-30,44857
2026-10-05,2017-07-03,44709
2026-10-05,2017-07-04,45163
2026-10-05,2017-07-05,44485
2026-10-05,2017-07-06,44687
2026-10-05,2017-07-07,45519
2026-10-05,2017-07-10,45665
2026-10-05,2017-07-11,45385
2026-10-05,2017-07-12,45672
2026-10-05,2017-07-13,45704
2026-10-05,2017-07-14,46005
2026-10-05,2017-07-17,45984
2026-10-05,2017-07-18,46367
2026-10-05,2017-07-19,46212
2026-10-05,2017-07-20,46030
2026-10-05,2017-07-21,45482
2026-10-05,2017-07-24,45224
2026-10-05,2017-07-25,45314
2026-10-05,2017-07-26,45104
2026-10-05,2017-07-27,44880
2026-10-05,2017-07-28,45956
2026-10-05,2017-07-31,45825
2026-10-05,2017-08-01,46087
2026-10-05,2017-08-02,46673
2026-10-05,2017-08-03,46486
2026-10-05,2017-08-04,46509
2026-10-05,2017-08-07,46383
2026-10-05,2017-08-08,46358
2026-10-05,2017-08-09,46321
2026-10-05,2017-08-10,46280
2026-10-05,2017-08-11,46424
2026-10-05,2017-08-14,46596
2026-10-05,2017-08-15,46285
2026-10-05,2017-08-16,46247
2026-10-05,2017-08-17,46255
2026-10-05,2017-08-18,45876
2026-10-05,2017-08-22,45415
2026-10-05,2017-08-23,45152
2026-10-05,2017-08-24,44825
2026-10-05,2017-08-25,44580
2026-10-05,2017-08-28,44600
2026-10-05,2017-08-29,44658
2026-10-05,2017-08-30,45101
2026-10-05,2017-08-31,44894
2026-10-05,2017-09-01,45062
2026-10-05,2017-09-04,45014
2026-10-05,2017-09-05,44924
2026-10-05,2017-09-06,45045
2026-10-05,2017-09-07,44908
2026-10-05,2017-09-08,44882
2026-10-05,2017-09-11,45707
2026-10-05,2017-09-12,45851
2026-10-05,2017-09-13,45780
2026-10-05,2017-09-14,45677
2026-10-05,2017-09-15,45574
2026-10-05,2017-09-18,45654
2026-10-05,2017-09-19,45445
2026-10-05,2017-09-20,45094
2026-10-05,2017-09-21,44847
2026-10-05,2017-09-22,44866
2026-10-05,2017-09-25,45301
2026-10-05,2017-09-26,45647
2026-10-05,2017-09-27,45664
2026-10-05,2017-09-28,45872
2026-10-05,2017-09-29,46330
2026-10-05,2017-10-02,46150
2026-10-05,2017-10-03,46510
2026-10-05,2017-10-04,46370
2026-10-05,2017-10-05,46209
2026-10-05,2017-10-06,46324
2026-10-05,2017-10-09,46938
2026-10-05,2017-10-10,46661
2026-10-05,2017-10-11,46473
2026-10-05,2017-10-12,46394
2026-10-05,2017-10-13,46492
2026-10-05,2017-10-17,46371
2026-10-05,2017-10-18,46096
2026-10-05,2017-10-19,45883
2026-10-05,2017-10-20,45323
2026-10-05,2017-10-23,45845
2026-10-05,2017-10-24,45439
2026-10-05,2017-10-25,45362
2026-10-05,2017-10-26,45078
2026-10-05,2017-10-27,44991
2026-10-05,2017-10-30,45318
2026-10-05,2017-10-31,46101
2026-10-05,2017-11-01,46111
2026-10-05,2017-11-02,46148
2026-10-05,2017-11-03,45905
2026-10-05,2017-11-07,46904
2026-10-05,2017-11-08,46981
2026-10-05,2017-11-09,47137
2026-10-05,2017-11-10,47094
2026-10-05,2017-11-13,47143
2026-10-05,2017-11-14,47314
2026-10-05,2017-11-15,46913
2026-10-05,2017-11-16,46812
2026-10-05,2017-11-17,46404
2026-10-05,2017-11-21,46858
2026-10-05,2017-11-22,46333
2026-10-05,2017-11-23,46169
2026-10-05,2017-11-24,46186
2026-10-05,2017-11-27,46507
2026-10-05,2017-11-28,47289
2026-10-05,2017-11-29,47221
2026-10-05,2017-11-30,46133
2026-10-05,2017-12-01,46295
2026-10-05,2017-12-04,47417
2026-10-05,2017-12-05,47395
2026-10-05,2017-12-06,47334
2026-10-05,2017-12-07,48132
2026-10-05,2017-12-11,49382
2026-10-05,2017-12-12,49536
2026-10-05,2017-12-13,49597
2026-10-05,2017-12-14,49397
2026-10-05,2017-12-15,49341
2026-10-05,2017-12-18,49746
2026-10-05,2017-12-19,49569
2026-10-05,2017-12-20,49234
2026-10-05,2017-12-21,49115
2026-10-05,2017-12-22,50294
2026-10-05,2017-12-26,51853
2026-10-05,2017-12-27,53696
2026-10-05,2017-12-28,53392
2026-10-05,2017-12-29,54605
2026-10-05,2018-01-02,53972
2026-10-05,2018-01-03,53928
2026-10-05,2018-01-04,53580
2026-10-05,2018-01-05,53769
2026-10-05,2018-01-08,53299
2026-10-05,2018-01-09,53163
2026-10-05,2018-01-10,52873
2026-10-05,2018-01-11,52610
2026-10-05,2018-01-12,52292
2026-10-05,2018-01-15,51869
2026-10-05,2018-01-16,51884
2026-10-05,2018-01-17,51787
2026-10-05,2018-01-18,51237
2026-10-05,2018-01-19,50546
2026-10-05,2018-01-22,50240
2026-10-05,2018-01-23,49888
2026-10-05,2018-01-24,49728
2026-10-05,2018-01-25,49641
2026-10-05,2018-01-26,49714
2026-10-05,2018-01-29,49652
2026-10-05,2018-01-30,49544
2026-10-05,2018-01-31,50503
2026-10-05,2018-02-01,50206
2026-10-05,2018-02-02,50493
2026-10-05,2018-02-05,50400
2026-10-05,2018-02-06,50714
2026-10-05,2018-02-07,50753
2026-10-05,2018-02-08,50566
2026-10-05,2018-02-09,50721
2026-10-05,2018-02-14,51265
2026-10-05,2018-02-15,50946
2026-10-05,2018-02-16,50276
2026-10-05,2018-02-19,49876
2026-10-05,2018-02-20,50038
2026-10-05,2018-02-21,49873
2026-10-05,2018-02-22,49336
2026-10-05,2018-02-23,48788
2026-10-05,2018-02-26,48415
2026-10-05,2018-02-27,49228
2026-10-05,2018-02-28,49877
2026-10-05,2018-03-01,48691
2026-10-05,2018-03-02,48154
2026-10-05,2018-03-05,48000
2026-10-05,2018-03-06,47638
2026-10-05,2018-03-07,47537
2026-10-05,2018-03-08,47506
2026-10-05,2018-03-09,47444
2026-10-05,2018-03-12,47230
2026-10-05,2018-03-13,47798
2026-10-05,2018-03-14,48407
2026-10-05,2018-03-15,48218
2026-10-05,2018-03-16,48696
2026-10-05,2018-03-19,48367
2026-10-05,2018-03-20,47799
2026-10-05,2018-03-21,47475
2026-10-05,2018-03-22,47669
2026-10-05,2018-03-23,47357
2026-10-05,2018-03-26,48318
2026-10-05,2018-03-27,49123
2026-10-05,2018-03-28,49822
2026-10-05,2018-04-03,50444
2026-10-05,2018-04-04,50579
2026-10-05,2018-04-05,50382
2026-10-05,2018-04-06,50214
2026-10-05,2018-04-09,50043
2026-10-05,2018-04-10,50092
2026-10-05,2018-04-11,50269
2026-10-05,2018-04-12,50414
2026-10-05,2018-04-13,50409
2026-10-05,2018-04-16,50116
2026-10-05,2018-04-17,49752
2026-10-05,2018-04-18,50007
2026-10-05,2018-04-19,50382
2026-10-05,2018-04-20,50387
2026-10-05,2018-04-23,50087
2026-10-05,2018-04-24,50503
2026-10-05,2018-04-25,50767
2026-10-05,2018-04-26,50998
2026-10-05,2018-04-27,51080
2026-10-05,2018-05-02,51665
2026-10-05,2018-05-03,52768
2026-10-05,2018-05-04,51870
2026-10-05,2018-05-07,52004
2026-10-05,2018-05-08,51981
2026-10-05,2018-05-09,51723
2026-10-05,2018-05-10,52412
2026-10-05,2018-05-11,52381
2026-10-05,2018-05-14,52490
2026-10-05,2018-05-15,52220
2026-10-05,2018-05-16,52289
2026-10-05,2018-05-17,51810
2026-10-05,2018-05-18,51138
2026-10-05,2018-05-21,50690
2026-10-05,2018-05-22,51088
2026-10-05,2018-05-23,50663
2026-10-05,2018-05-24,50280
2026-10-05,2018-05-28,49939
2026-10-05,2018-05-29,49793
2026-10-05,2018-05-30,49874
2026-10-05,2018-05-31,50245
2026-10-05,2018-06-01,50968
2026-10-05,2018-06-04,51008
2026-10-05,2018-06-05,50591
2026-10-05,2018-06-06,50710
2026-10-05,2018-06-07,50996
2026-10-05,2018-06-08,51238
2026-10-05,2018-06-11,51112
2026-10-05,2018-06-12,50939
2026-10-05,2018-06-13,51448
2026-10-05,2018-06-14,51500
2026-10-05,2018-06-15,51849
2026-10-05,2018-06-18,51977
2026-10-05,2018-06-19,51425
2026-10-05,2018-06-21,51389
2026-10-05,2018-06-22,50965
2026-10-05,2018-06-25,51218
2026-10-05,2018-06-26,51450
2026-10-05,2018-06-27,51927
2026-10-05,2018-06-28,52218
2026-10-05,2018-06-29,51763
2026-10-05,2018-07-02,53223
2026-10-05,2018-07-03,53748
2026-10-05,2018-07-04,53502
2026-10-05,2018-07-05,53289
2026-10-05,2018-07-06,53379
2026-10-05,2018-07-10,53399
2026-10-05,2018-07-11,53496
2026-10-05,2018-07-12,53265
2026-10-05,2018-07-13,53582
2026-10-05,2018-07-16,53759
2026-10-05,2018-07-17,53357
2026-10-05,2018-07-18,53103
2026-10-05,2018-07-19,52635
2026-10-05,2018-07-20,52864
2026-10-05,2018-07-23,52220
2026-10-05,2018-07-24,52012
2026-10-05,2018-07-25,52135
2026-10-05,2018-07-26,52788
2026-10-05,2018-07-27,52736
2026-10-05,2018-07-30,51903
2026-10-05,2018-07-31,55106
2026-10-05,2018-08-01,53891
2026-10-05,2018-08-02,52881
2026-10-05,2018-08-03,52434
2026-10-05,2018-08-06,52673
2026-10-05,2018-08-07,52374
2026-10-05,2018-08-08,52247
2026-10-05,2018-08-09,51696
2026-10-05,2018-08-10,51720
2026-10-05,2018-08-13,52169
2026-10-05,2018-08-14,52429
2026-10-05,2018-08-15,51997
2026-10-05,2018-08-16,51824
2026-10-05,2018-08-17,50964
2026-10-05,2018-08-21,50656
2026-10-05,2018-08-22,50463
2026-10-05,2018-08-23,50285
2026-10-05,2018-08-24,48859
2026-10-05,2018-08-27,49967
2026-10-05,2018-08-28,50178
2026-10-05,2018-08-29,49771
2026-10-05,2018-08-30,50343
2026-10-05,2018-08-31,52987
2026-10-05,2018-09-03,50260
2026-10-05,2018-09-04,49111
2026-10-05,2018-09-05,50015
2026-10-05,2018-09-06,49720
2026-10-05,2018-09-07,49542
2026-10-05,2018-09-10,49326
2026-10-05,2018-09-11,50024
2026-10-05,2018-09-12,50006
2026-10-05,2018-09-13,49877
2026-10-05,2018-09-14,49642
2026-10-05,2018-09-17,49436
2026-10-05,2018-09-18,48923
2026-10-05,2018-09-19,49276
2026-10-05,2018-09-20,48393
2026-10-05,2018-09-21,48039
2026-10-05,2018-09-24,48302
2026-10-05,2018-09-25,47745
2026-10-05,2018-09-26,47631
2026-10-05,2018-09-27,47445
2026-10-05,2018-09-28,50320
2026-10-05,2018-10-01,47228
2026-10-05,2018-10-02,46107
2026-10-05,2018-10-03,46078
2026-10-05,2018-10-04,46006
2026-10-05,2018-10-05,45789
2026-10-05,2018-10-08,46445
2026-10-05,2018-10-09,46524
2026-10-05,2018-10-10,46258
2026-10-05,2018-10-11,46379
2026-10-05,2018-10-12,46252
2026-10-05,2018-10-16,46073
2026-10-05,2018-10-17,45993
2026-10-05,2018-10-18,45299
2026-10-05,2018-10-19,45015
2026-10-05,2018-10-22,44953
2026-10-05,2018-10-23,44753
2026-10-05,2018-10-24,44509
2026-10-05,2018-10-25,44116
2026-10-05,2018-10-26,43485
2026-10-05,2018-10-29,43221
2026-10-05,2018-10-30,43103
2026-10-05,2018-10-31,48882
2026-10-05,2018-11-01,45268
2026-10-05,2018-11-02,44942
2026-10-05,2018-11-05,44990
2026-10-05,2018-11-07,45847
2026-10-05,2018-11-08,46484
2026-10-05,2018-11-09,46063
2026-10-05,2018-11-12,47270
2026-10-05,2018-11-13,45938
2026-10-05,2018-11-14,47158
2026-10-05,2018-11-15,46913
2026-10-05,2018-11-16,45818
2026-10-05,2018-11-20,45693
2026-10-05,2018-11-21,45800
2026-10-05,2018-11-22,45853
2026-10-05,2018-11-23,45289
2026-10-05,2018-11-26,45450
2026-10-05,2018-11-27,45786
2026-10-05,2018-11-28,46062
2026-10-05,2018-11-29,46815
2026-10-05,2018-12-03,46508
2026-10-05,2018-12-04,47088
2026-10-05,2018-12-05,45785
2026-10-05,2018-12-06,46171
2026-10-05,2018-12-07,46096
2026-10-05,2018-12-10,45995
2026-10-05,2018-12-11,45719
2026-10-05,2018-12-12,45642
2026-10-05,2018-12-13,45689
2026-10-05,2018-12-14,45886
2026-10-05,2018-12-17,46229
2026-10-05,2018-12-18,46978
2026-10-05,2018-12-19,46682
2026-10-05,2018-12-20,48398
2026-10-05,2018-12-21,48471
2026-10-05,2018-12-26,49468
2026-10-05,2018-12-27,49816
2026-10-05,2018-12-28,53059
2026-10-05,2019-01-02,52199
2026-10-05,2019-01-03,52399
2026-10-05,2019-01-04,52514
2026-10-05,2019-01-07,52295
2026-10-05,2019-01-08,52136
2026-10-05,2019-01-09,52200
2026-10-05,2019-01-10,52060
2026-10-05,2019-01-11,51974
2026-10-05,2019-01-14,51969
2026-10-05,2019-01-15,51897
2026-10-05,2019-01-16,51959
2026-10-05,2019-01-17,51699
2026-10-05,2019-01-18,51394
2026-10-05,2019-01-21,51072
2026-10-05,2019-01-22,50819
2026-10-05,2019-01-23,50578
2026-10-05,2019-01-24,49625
2026-10-05,2019-01-25,49673
2026-10-05,2019-01-28,48962
2026-10-05,2019-01-29,49297
2026-10-05,2019-01-30,49929
2026-10-05,2019-01-31,48502
2026-10-05,2019-02-01,49678
2026-10-05,2019-02-04,49764
2026-10-05,2019-02-05,49708
2026-10-05,2019-02-06,49451
2026-10-05,2019-02-07,49646
2026-10-05,2019-02-08,49541
2026-10-05,2019-02-11,49308
2026-10-05,2019-02-12,49352
2026-10-05,2019-02-13,49042
2026-10-05,2019-02-14,48210
2026-10-05,2019-02-15,47134
2026-10-05,2019-02-18,46876
2026-10-05,2019-02-19,46871
2026-10-05,2019-02-20,46052
2026-10-05,2019-02-21,45775
2026-10-05,2019-02-22,46174
2026-10-05,2019-02-25,45818
2026-10-05,2019-02-26,45763
2026-10-05,2019-02-27,45956
2026-10-05,2019-02-28,45945
2026-10-05,2019-03-01,46648
2026-10-05,2019-03-06,46028
2026-10-05,2019-03-07,46072
2026-10-05,2019-03-08,45561
2026-10-05,2019-03-11,45439
2026-10-05,2019-03-12,45566
2026-10-05,2019-03-13,45699
2026-10-05,2019-03-14,45739
2026-10-05,2019-03-15,45663
2026-10-05,2019-03-18,45626
2026-10-05,2019-03-19,45464
2026-10-05,2019-03-20,44555
2026-10-05,2019-03-21,44515
2026-10-05,2019-03-22,44349
2026-10-05,2019-03-25,44283
2026-10-05,2019-03-26,44275
2026-10-05,2019-03-27,44257
2026-10-05,2019-03-28,44856
2026-10-05,2019-03-29,44755
2026-10-05,2019-04-01,45574
2026-10-05,2019-04-03,45957
2026-10-05,2019-04-04,45741
2026-10-05,2019-04-05,45436
2026-10-05,2019-04-08,45481
2026-10-05,2019-04-09,45431
2026-10-05,2019-04-10,45531
2026-10-05,2019-04-11,45551
2026-10-05,2019-04-12,45436
2026-10-05,2019-04-15,45069
2026-10-05,2019-04-16,45128
2026-10-05,2019-04-17,44295
2026-10-05,2019-04-22,43741
2026-10-05,2019-04-23,43824
2026-10-05,2019-04-24,43844
2026-10-05,2019-04-25,43980
2026-10-05,2019-04-26,43923
2026-10-05,2019-04-29,43827
2026-10-05,2019-04-30,45796
2026-10-05,2019-05-02,47125
2026-10-05,2019-05-03,46315
2026-10-05,2019-05-06,46263
2026-10-05,2019-05-07,46058
2026-10-05,2019-05-08,45764
2026-10-05,2019-05-09,45759
2026-10-05,2019-05-10,44989
2026-10-05,2019-05-13,44800
2026-10-05,2019-05-14,45217
2026-10-05,2019-05-15,44767
2026-10-05,2019-05-16,44720
2026-10-05,2019-05-17,44895
2026-10-05,2019-05-20,44132
2026-10-05,2019-05-21,44262
2026-10-05,2019-05-22,44065
2026-10-05,2019-05-23,43726
2026-10-05,2019-05-24,43736
2026-10-05,2019-05-27,43961
2026-10-05,2019-05-28,43836
2026-10-05,2019-05-29,44189
2026-10-05,2019-05-30,44508
2026-10-05,2019-05-31,44242
2026-10-05,2019-06-03,45561
2026-10-05,2019-06-04,45811
2026-10-05,2019-06-05,45171
2026-10-05,2019-06-06,45159
2026-10-05,2019-06-07,46249
2026-10-05,2019-06-10,45346
2026-10-05,2019-06-11,45549
2026-10-05,2019-06-12,45582
2026-10-05,2019-06-13,45569
2026-10-05,2019-06-14,45244
2026-10-05,2019-06-18,44950
2026-10-05,2019-06-19,44624
2026-10-05,2019-06-21,44904
2026-10-05,2019-06-24,44807
2026-10-05,2019-06-25,44880
2026-10-05,2019-06-26,45209
2026-10-05,2019-06-27,46400
2026-10-05,2019-06-28,46182
2026-10-05,2019-07-01,47000
2026-10-05,2019-07-02,46914
2026-10-05,2019-07-03,47255
2026-10-05,2019-07-04,46576
2026-10-05,2019-07-05,46834
2026-10-05,2019-07-10,46757
2026-10-05,2019-07-11,46872
2026-10-05,2019-07-12,47115
2026-10-05,2019-07-15,46760
2026-10-05,2019-07-16,46578
2026-10-05,2019-07-17,46286
2026-10-05,2019-07-18,46306
2026-10-05,2019-07-19,47063
2026-10-05,2019-07-22,46539
2026-10-05,2019-07-23,46813
2026-10-05,2019-07-24,46959
2026-10-05,2019-07-25,46994
2026-10-05,2019-07-26,46690
2026-10-05,2019-07-29,47171
2026-10-05,2019-07-30,47569
2026-10-05,2019-07-31,48978
2026-10-05,2019-08-01,49757
2026-10-05,2019-08-02,49605
2026-10-05,2019-08-05,49850
2026-10-05,2019-08-06,49318
2026-10-05,2019-08-07,49221
2026-10-05,2019-08-08,49579
2026-10-05,2019-08-09,49753
2026-10-05,2019-08-12,50583
2026-10-05,2019-08-13,50771
2026-10-05,2019-08-14,50582
2026-10-05,2019-08-15,49621
2026-10-05,2019-08-16,49273
2026-10-05,2019-08-20,49630
2026-10-05,2019-08-21,48945
2026-10-05,2019-08-22,49110
2026-10-05,2019-08-23,50032
2026-10-05,2019-08-26,50998
2026-10-05,2019-08-27,50660
2026-10-05,2019-08-28,50718
2026-10-05,2019-08-29,50918
2026-10-05,2019-08-30,50122
2026-10-05,2019-09-02,51434
2026-10-05,2019-09-03,52446
2026-10-05,2019-09-04,52155
2026-10-05,2019-09-05,51478
2026-10-05,2019-09-06,51841
2026-10-05,2019-09-09,51682
2026-10-05,2019-09-10,51652
2026-10-05,2019-09-11,51259
2026-10-05,2019-09-12,51037
2026-10-05,2019-09-13,50944
2026-10-05,2019-09-16,49726
2026-10-05,2019-09-17,49444
2026-10-05,2019-09-18,48896
2026-10-05,2019-09-19,48974
2026-10-05,2019-09-20,48485
2026-10-05,2019-09-23,47756
2026-10-05,2019-09-24,47870
2026-10-05,2019-09-25,47490
2026-10-05,2019-09-26,47117
2026-10-05,2019-09-27,47484
2026-10-05,2019-09-30,48395
2026-10-05,2019-10-01,49033
2026-10-05,2019-10-02,49565
2026-10-05,2019-10-03,49002
2026-10-05,2019-10-04,49603
2026-10-05,2019-10-07,49538
2026-10-05,2019-10-08,49411
2026-10-05,2019-10-09,49095
2026-10-05,2019-10-10,49003
2026-10-05,2019-10-11,48891
2026-10-05,2019-10-15,48755
2026-10-05,2019-10-16,49060
2026-10-05,2019-10-17,48801
2026-10-05,2019-10-18,49150
2026-10-05,2019-10-21,48238
2026-10-05,2019-10-22,51471
2026-10-05,2019-10-23,52452
2026-10-05,2019-10-24,51999
2026-10-05,2019-10-25,55301
2026-10-05,2019-10-28,56525
2026-10-05,2019-10-29,57324
2026-10-05,2019-10-30,57390
2026-10-05,2019-10-31,56134
2026-10-05,2019-11-01,56399
2026-10-05,2019-11-04,57335
2026-10-05,2019-11-05,57667
2026-10-05,2019-11-07,57608
2026-10-05,2019-11-08,57295
2026-10-05,2019-11-11,56942
2026-10-05,2019-11-12,56854
2026-10-05,2019-11-13,57321
2026-10-05,2019-11-14,57051
2026-10-05,2019-11-15,57115
2026-10-05,2019-11-19,57082
2026-10-05,2019-11-20,56487
2026-10-05,2019-11-21,56215
2026-10-05,2019-11-22,56598
2026-10-05,2019-11-25,57630
2026-10-05,2019-11-26,58154
2026-10-05,2019-11-27,58307
2026-10-05,2019-11-28,58487
2026-10-05,2019-11-29,58247
2026-10-05,2019-12-02,61617
2026-10-05,2019-12-03,62220
2026-10-05,2019-12-04,61900
2026-10-05,2019-12-05,62214
2026-10-05,2019-12-06,62519
2026-10-05,2019-12-09,62276
2026-10-05,2019-12-10,62187
2026-10-05,2019-12-11,62444
2026-10-05,2019-12-12,63509
2026-10-05,2019-12-13,62731
2026-10-05,2019-12-16,62354
2026-10-05,2019-12-17,62833
2026-10-05,2019-12-18,62583
2026-10-05,2019-12-19,63457
2026-10-05,2019-12-20,66105
2026-10-05,2019-12-23,66383
2026-10-05,2019-12-26,67045
2026-10-05,2019-12-27,69391
2026-10-05,2019-12-30,69868
2026-10-05,2020-01-02,70679
2026-10-05,2020-01-03,70850
2026-10-05,2020-01-06,70727
2026-10-05,2020-01-07,70962
2026-10-05,2020-01-08,70453
2026-10-05,2020-01-09,70048
2026-10-05,2020-01-10,69972
2026-10-05,2020-01-13,70115
2026-10-05,2020-01-14,70335
2026-10-05,2020-01-15,70256
2026-10-05,2020-01-16,69488
2026-10-05,2020-01-17,69129
2026-10-05,2020-01-20,67903
2026-10-05,2020-01-21,67707
2026-10-05,2020-01-22,67458
2026-10-05,2020-01-23,67022
2026-10-05,2020-01-24,67086
2026-10-05,2020-01-27,66628
2026-10-05,2020-01-28,66574
2026-10-05,2020-01-29,67026
2026-10-05,2020-01-30,67867
2026-10-05,2020-01-31,69062
2026-10-05,2020-02-03,70923
2026-10-05,2020-02-04,71214
2026-10-05,2020-02-05,71307
2026-10-05,2020-02-06,71066
2026-10-05,2020-02-07,73559
2026-10-05,2020-02-10,71278
2026-10-05,2020-02-11,71267
2026-10-05,2020-02-12,71167
2026-10-05,2020-02-13,70553
2026-10-05,2020-02-14,70759
2026-10-05,2020-02-17,69623
2026-10-05,2020-02-18,69398
2026-10-05,2020-02-19,69946
2026-10-05,2020-02-20,70064
2026-10-05,2020-02-21,70369
2026-10-05,2020-02-26,73867
2026-10-05,2020-02-27,75032
2026-10-05,2020-02-28,74979
2026-10-05,2020-03-02,75941
2026-10-05,2020-03-03,77818
2026-10-05,2020-03-04,78006
2026-10-05,2020-03-05,77836
2026-10-05,2020-03-06,78190
2026-10-05,2020-03-09,78166
2026-10-05,2020-03-10,78140
2026-10-05,2020-03-11,78654
2026-10-05,2020-03-12,79413
2026-10-05,2020-03-13,79954
2026-10-05,2020-03-16,79463
2026-10-05,2020-03-17,80602
2026-10-05,2020-03-18,81294
2026-10-05,2020-03-19,81740
2026-10-05,2020-03-20,83298
2026-10-05,2020-03-25,84206
2026-10-05,2020-03-26,85948
2026-10-05,2020-03-27,87896
2026-10-05,2020-03-30,90857
2026-10-05,2020-04-01,92857
2026-10-05,2020-04-02,94364
2026-10-05,2020-04-03,96487
2026-10-05,2020-04-06,99835
2026-10-05,2020-04-07,101128
2026-10-05,2020-04-08,103034
2026-10-05,2020-04-13,107102
2026-10-05,2020-04-14,109220
2026-10-05,2020-04-15,110246
2026-10-05,2020-04-16,110757
2026-10-05,2020-04-17,113445
2026-10-05,2020-04-20,113584
2026-10-05,2020-04-21,115421
2026-10-05,2020-04-22,116107
2026-10-05,2020-04-23,117340
2026-10-05,2020-04-24,116882
2026-10-05,2020-04-27,117175
2026-10-05,2020-04-28,118907
2026-10-05,2020-04-29,119062
2026-10-05,2020-04-30,120118
2026-10-05,2020-05-04,121833
2026-10-05,2020-05-05,122616
2026-10-05,2020-05-06,123806
2026-10-05,2020-05-07,122266
2026-10-05,2020-05-08,122431
2026-10-05,2020-05-11,123716
2026-10-05,2020-05-12,124507
2026-10-05,2020-05-13,125145
2026-10-05,2020-05-14,126417
2026-10-05,2020-05-15,130577
2026-10-05,2020-05-18,131333
2026-10-05,2020-05-19,132540
2026-10-05,2020-05-20,131804
2026-10-05,2020-05-21,132142
2026-10-05,2020-05-22,132359
2026-10-05,2020-05-26,132442
2026-10-05,2020-05-27,132556
2026-10-05,2020-05-28,135908
2026-10-05,2020-05-29,136441
2026-10-05,2020-06-01,137440
2026-10-05,2020-06-02,138586
2026-10-05,2020-06-03,139206
2026-10-05,2020-06-04,139046
2026-10-05,2020-06-05,138832
2026-10-05,2020-06-08,139102
2026-10-05,2020-06-09,139585
2026-10-05,2020-06-10,140118
2026-10-05,2020-06-11,142314
2026-10-05,2020-06-12,143150
2026-10-05,2020-06-16,143122
2026-10-05,2020-06-17,144818
2026-10-05,2020-06-18,144927
2026-10-05,2020-06-19,144377
2026-10-05,2020-06-22,144071
2026-10-05,2020-06-23,143891
2026-10-05,2020-06-24,144275
2026-10-05,2020-06-25,144424
2026-10-05,2020-06-26,144743
2026-10-05,2020-06-29,143991
2026-10-05,2020-06-30,144532
2026-10-05,2020-07-01,143868
2026-10-05,2020-07-02,143414
2026-10-05,2020-07-03,143140
2026-10-05,2020-07-06,142492
2026-10-05,2020-07-07,142973
2026-10-05,2020-07-08,144663
2026-10-05,2020-07-13,146457
2026-10-05,2020-07-14,146183
2026-10-05,2020-07-15,146052
2026-10-05,2020-07-16,145512
2026-10-05,2020-07-17,144368
2026-10-05,2020-07-20,144084
2026-10-05,2020-07-21,144762
2026-10-05,2020-07-22,145512
2026-10-05,2020-07-23,145840
2026-10-05,2020-07-24,145915
2026-10-05,2020-07-27,145851
2026-10-05,2020-07-28,146641
2026-10-05,2020-07-29,146433
2026-10-05,2020-07-30,149375
2026-10-05,2020-07-31,151125
2026-10-05,2020-08-03,152334
2026-10-05,2020-08-04,152034
2026-10-05,2020-08-05,153488
2026-10-05,2020-08-06,153313
2026-10-05,2020-08-07,153767
2026-10-05,2020-08-10,152856
2026-10-05,2020-08-11,154159
2026-10-05,2020-08-12,155036
2026-10-05,2020-08-13,154545
2026-10-05,2020-08-14,153544
2026-10-05,2020-08-18,153446
2026-10-05,2020-08-19,153809
2026-10-05,2020-08-20,154446
2026-10-05,2020-08-21,156429
2026-10-05,2020-08-24,156911
2026-10-05,2020-08-25,158456
2026-10-05,2020-08-26,158875
2026-10-05,2020-08-27,158343
2026-10-05,2020-08-28,160136
2026-10-05,2020-08-31,160291
2026-10-05,2020-09-01,161915
2026-10-05,2020-09-02,161639
2026-10-05,2020-09-03,161417
2026-10-05,2020-09-04,160924
2026-10-05,2020-09-07,160622
2026-10-05,2020-09-08,160636
2026-10-05,2020-09-09,161701
2026-10-05,2020-09-10,161709
2026-10-05,2020-09-11,161868
2026-10-05,2020-09-14,163636
2026-10-05,2020-09-15,162940
2026-10-05,2020-09-16,163547
2026-10-05,2020-09-17,163509
2026-10-05,2020-09-18,162620
2026-10-05,2020-09-21,162056
2026-10-05,2020-09-22,161182
2026-10-05,2020-09-23,159908
2026-10-05,2020-09-24,158253
2026-10-05,2020-09-25,158911
2026-10-05,2020-09-28,156704
2026-10-05,2020-09-29,159341
2026-10-05,2020-09-30,158767
2026-10-05,2020-10-01,160962
2026-10-05,2020-10-02,160948
2026-10-05,2020-10-05,159804
2026-10-05,2020-10-06,158774
2026-10-05,2020-10-07,158641
2026-10-05,2020-10-08,160293
2026-10-05,2020-10-09,161731
2026-10-05,2020-10-13,161429
2026-10-05,2020-10-14,160958
2026-10-05,2020-10-15,161405
2026-10-05,2020-10-16,163264
2026-10-05,2020-10-19,162045
2026-10-05,2020-10-20,161087
2026-10-05,2020-10-21,162830
2026-10-05,2020-10-22,159621
2026-10-05,2020-10-23,158263
2026-10-05,2020-10-26,159685
2026-10-05,2020-10-27,159449
2026-10-05,2020-10-28,160243
2026-10-05,2020-10-29,160563
2026-10-05,2020-10-30,162131
2026-10-05,2020-11-02,162975
2026-10-05,2020-11-03,165935
2026-10-05,2020-11-04,166476
2026-10-05,2020-11-05,166801
2026-10-05,2020-11-09,165990
2026-10-05,2020-11-10,166134
2026-10-05,2020-11-11,164382
2026-10-05,2020-11-12,163708
2026-10-05,2020-11-13,163318
2026-10-05,2020-11-16,164307
2026-10-05,2020-11-17,166405
2026-10-05,2020-11-18,166041
2026-10-05,2020-11-19,168637
2026-10-05,2020-11-20,168193
2026-10-05,2020-11-24,167084
2026-10-05,2020-11-25,167204
2026-10-05,2020-11-26,168355
2026-10-05,2020-11-27,163442
2026-10-05,2020-11-30,165876
2026-10-05,2020-12-01,170806
2026-10-05,2020-12-02,171518
2026-10-05,2020-12-03,171278
2026-10-05,2020-12-04,171423
2026-10-05,2020-12-09,171211
2026-10-05,2020-12-10,171033
2026-10-05,2020-12-11,171213
2026-10-05,2020-12-14,171253
2026-10-05,2020-12-15,171187
2026-10-05,2020-12-16,174135
2026-10-05,2020-12-17,175447
2026-10-05,2020-12-18,177732
2026-10-05,2020-12-21,179281
2026-10-05,2020-12-22,177444
2026-10-05,2020-12-23,176944
2026-10-05,2020-12-28,176029
2026-10-05,2020-12-29,176021
2026-10-05,2020-12-30,174511
2026-10-05,2021-01-04,175797
2026-10-05,2021-01-05,175042
2026-10-05,2021-01-06,174759
2026-10-05,2021-01-07,175924
2026-10-05,2021-01-08,176096
2026-10-05,2021-01-11,175409
2026-10-05,2021-01-12,174243
2026-10-05,2021-01-13,173861
2026-10-05,2021-01-14,174049
2026-10-05,2021-01-15,172617
2026-10-05,2021-01-18,171832
2026-10-05,2021-01-19,171479
2026-10-05,2021-01-20,171705
2026-10-05,2021-01-21,173221
2026-10-05,2021-01-22,176248
2026-10-05,2021-01-25,177862
2026-10-05,2021-01-26,176315
2026-10-05,2021-01-27,176388
2026-10-05,2021-01-28,180571
2026-10-05,2021-01-29,179069
2026-10-05,2021-02-01,181080
2026-10-05,2021-02-02,180482
2026-10-05,2021-02-03,182150
2026-10-05,2021-02-04,183385
2026-10-05,2021-02-05,181330
2026-10-05,2021-02-08,180591
2026-10-05,2021-02-09,180317
2026-10-05,2021-02-10,178985
2026-10-05,2021-02-11,178543
2026-10-05,2021-02-12,177187
2026-10-05,2021-02-17,176779
2026-10-05,2021-02-18,176297
2026-10-05,2021-02-19,177644
2026-10-05,2021-02-22,179191
2026-10-05,2021-02-23,179815
2026-10-05,2021-02-24,179073
2026-10-05,2021-02-25,180569
2026-10-05,2021-02-26,181502
2026-10-05,2021-03-01,182501
2026-10-05,2021-03-02,183833
2026-10-05,2021-03-03,183136
2026-10-05,2021-03-04,182594
2026-10-05,2021-03-05,182009
2026-10-05,2021-03-08,180455
2026-10-05,2021-03-09,179510
2026-10-05,2021-03-10,179338
2026-10-05,2021-03-11,179146
2026-10-05,2021-03-12,177289
2026-10-05,2021-03-15,176417
2026-10-05,2021-03-16,176127
2026-10-05,2021-03-17,175926
2026-10-05,2021-03-18,177218
2026-10-05,2021-03-19,177039
2026-10-05,2021-03-22,175355
2026-10-05,2021-03-23,176636
2026-10-05,2021-03-25,177349
2026-10-05,2021-03-26,179791
2026-10-05,2021-03-29,181161
2026-10-05,2021-03-30,181777
2026-10-05,2021-03-31,183323
2026-10-05,2021-04-05,182106
2026-10-05,2021-04-06,184184
2026-10-05,2021-04-07,183951
2026-10-05,2021-04-08,184658
2026-10-05,2021-04-09,183500
2026-10-05,2021-04-12,182872
2026-10-05,2021-04-13,182234
2026-10-05,2021-04-14,180851
2026-10-05,2021-04-15,180640
2026-10-05,2021-04-16,180663
2026-10-05,2021-04-19,180100
2026-10-05,2021-04-20,180450
2026-10-05,2021-04-21,180229
2026-10-05,2021-04-22,179199
2026-10-05,2021-04-23,185194
2026-10-05,2021-04-26,185367
2026-10-05,2021-04-27,187141
2026-10-05,2021-04-28,186712
2026-10-05,2021-04-29,187785
2026-10-05,2021-04-30,187921
2026-10-05,2021-05-03,190334
2026-10-05,2021-05-04,191723
2026-10-05,2021-05-05,191026
2026-10-05,2021-05-06,191319
2026-10-05,2021-05-07,193003
2026-10-05,2021-05-10,191986
2026-10-05,2021-05-11,192217
2026-10-05,2021-05-12,192113
2026-10-05,2021-05-13,191883
2026-10-05,2021-05-14,191556
2026-10-05,2021-05-17,190421
2026-10-05,2021-05-18,190973
2026-10-05,2021-05-19,190389
2026-10-05,2021-05-20,192590
2026-10-05,2021-05-21,195157
2026-10-05,2021-05-26,194727
2026-10-05,2021-05-27,194671
2026-10-05,2021-05-28,196058
2026-10-05,2021-05-31,196262
2026-10-05,2021-06-01,198890
2026-10-05,2021-06-02,200833
2026-10-05,2021-06-03,199965
2026-10-05,2021-06-04,199565
2026-10-05,2021-06-07,199630
2026-10-05,2021-06-08,199301
2026-10-05,2021-06-09,198519
2026-10-05,2021-06-10,198058
2026-10-05,2021-06-11,197773
2026-10-05,2021-06-14,195935
2026-10-05,2021-06-15,197129
2026-10-05,2021-06-16,194134
2026-10-05,2021-06-17,193618
2026-10-05,2021-06-18,194297
2026-10-05,2021-06-22,194173
2026-10-05,2021-06-23,194324
2026-10-05,2021-06-24,196341
2026-10-05,2021-06-25,195689
2026-10-05,2021-06-28,195231
2026-10-05,2021-06-29,196169
2026-10-05,2021-06-30,198998
2026-10-05,2021-07-01,199952
2026-10-05,2021-07-02,199447
2026-10-05,2021-07-05,198828
2026-10-05,2021-07-06,197719
2026-10-05,2021-07-07,198368
2026-10-05,2021-07-08,197987
2026-10-05,2021-07-12,197456
2026-10-05,2021-07-13,197332
2026-10-05,2021-07-14,197087
2026-10-05,2021-07-15,196483
2026-10-05,2021-07-16,196129
2026-10-05,2021-07-19,196135
2026-10-05,2021-07-20,195387
2026-10-05,2021-07-21,197006
2026-10-05,2021-07-22,196038
2026-10-05,2021-07-23,198368
2026-10-05,2021-07-26,198500
2026-10-05,2021-07-27,198946
2026-10-05,2021-07-28,198856
2026-10-05,2021-07-29,205388
2026-10-05,2021-07-30,201486
2026-10-05,2021-08-02,203165
2026-10-05,2021-08-03,203813
2026-10-05,2021-08-04,203133
2026-10-05,2021-08-05,202322
2026-10-05,2021-08-06,202346
2026-10-05,2021-08-09,201662
2026-10-05,2021-08-10,201580
2026-10-05,2021-08-11,199859
2026-10-05,2021-08-12,201499
2026-10-05,2021-08-13,199896
2026-10-05,2021-08-17,197134
2026-10-05,2021-08-18,196208
2026-10-05,2021-08-19,198293
2026-10-05,2021-08-20,197797
2026-10-05,2021-08-23,196860
2026-10-05,2021-08-24,198541
2026-10-05,2021-08-25,199502
2026-10-05,2021-08-26,199107
2026-10-05,2021-08-27,199233
2026-10-05,2021-08-30,204051
2026-10-05,2021-08-31,204507
2026-10-05,2021-09-01,206888
2026-10-05,2021-09-02,209591
2026-10-05,2021-09-03,208993
2026-10-05,2021-09-06,208652
2026-10-05,2021-09-07,208387
2026-10-05,2021-09-08,208392
2026-10-05,2021-09-09,207747
2026-10-05,2021-09-10,207779
2026-10-05,2021-09-13,206732
2026-10-05,2021-09-14,206589
2026-10-05,2021-09-15,205333
2026-10-05,2021-09-16,200753
2026-10-05,2021-09-17,198724
2026-10-05,2021-09-20,197328
2026-10-05,2021-09-21,197338
2026-10-05,2021-09-22,199322
2026-10-05,2021-09-23,203990
2026-10-05,2021-09-24,203106
2026-10-05,2021-09-27,200673
2026-10-05,2021-09-28,200908
2026-10-05,2021-09-29,205177
2026-10-05,2021-09-30,202721
2026-10-05,2021-10-01,204903
2026-10-05,2021-10-04,205629
2026-10-05,2021-10-05,203366
2026-10-05,2021-10-06,203544
2026-10-05,2021-10-07,204360
2026-10-05,2021-10-12,204088
2026-10-05,2021-10-13,203871
2026-10-05,2021-10-14,203578
2026-10-05,2021-10-15,199137
2026-10-05,2021-10-18,199755
2026-10-05,2021-10-19,198491
2026-10-05,2021-10-20,196006
2026-10-05,2021-10-21,196602
2026-10-05,2021-10-22,197562
2026-10-05,2021-10-25,200623
2026-10-05,2021-10-26,200761
2026-10-05,2021-10-27,200225
2026-10-05,2021-10-28,203107
2026-10-05,2021-10-29,200883
2026-10-05,2021-11-01,205441
2026-10-05,2021-11-02,206265
2026-10-05,2021-11-03,206554
2026-10-05,2021-11-04,207441
2026-10-05,2021-11-05,211752
2026-10-05,2021-11-08,211531
2026-10-05,2021-11-09,212576
2026-10-05,2021-11-10,213390
2026-10-05,2021-11-11,213964
2026-10-05,2021-11-12,215004
2026-10-05,2021-11-15,215087
2026-10-05,2021-11-16,215748
2026-10-05,2021-11-17,216473
2026-10-05,2021-11-18,216845
2026-10-05,2021-11-19,217796
2026-10-05,2021-11-23,218903
2026-10-05,2021-11-24,219259
2026-10-05,2021-11-25,219516
2026-10-05,2021-11-26,219242
2026-10-05,2021-11-29,220842
2026-10-05,2021-11-30,224376
2026-10-05,2021-12-01,225197
2026-10-05,2021-12-02,225264
2026-10-05,2021-12-03,224377
2026-10-05,2021-12-06,224162
2026-10-05,2021-12-07,223847
2026-10-05,2021-12-09,224610
2026-10-05,2021-12-10,223750
2026-10-05,2021-12-13,223672
2026-10-05,2021-12-14,223064
2026-10-05,2021-12-15,224302
2026-10-05,2021-12-16,225766
2026-10-05,2021-12-17,225498
2026-10-05,2021-12-20,224351
2026-10-05,2021-12-21,224397
2026-10-05,2021-12-22,224374
2026-10-05,2021-12-23,230343
2026-10-05,2021-12-27,232963
2026-10-05,2021-12-28,235143
2026-10-05,2021-12-29,233842
2026-10-05,2021-12-30,235155
2026-10-05,2022-01-03,241064
2026-10-05,2022-01-04,238788
2026-10-05,2022-01-05,239609
2026-10-05,2022-01-06,238381
2026-10-05,2022-01-07,238893
2026-10-05,2022-01-10,237144
2026-10-05,2022-01-11,236484
2026-10-05,2022-01-12,237128
2026-10-05,2022-01-13,238603
2026-10-05,2022-01-14,235554
2026-10-05,2022-01-17,233174
2026-10-05,2022-01-18,231780
2026-10-05,2022-01-19,232469
2026-10-05,2022-01-20,229428
2026-10-05,2022-01-21,227096
2026-10-05,2022-01-24,227339
2026-10-05,2022-01-25,227837
2026-10-05,2022-01-26,227484
2026-10-05,2022-01-27,226037
2026-10-05,2022-01-28,226863
2026-10-05,2022-01-31,227094
2026-10-05,2022-02-01,228892
2026-10-05,2022-02-02,231789
2026-10-05,2022-02-03,230397
2026-10-05,2022-02-04,231361
2026-10-05,2022-02-07,231508
2026-10-05,2022-02-08,231487
2026-10-05,2022-02-09,231375
2026-10-05,2022-02-10,231624
2026-10-05,2022-02-11,230521
2026-10-05,2022-02-14,232896
2026-10-05,2022-02-15,230797
2026-10-05,2022-02-16,230338
2026-10-05,2022-02-17,231125
2026-10-05,2022-02-18,230862
2026-10-05,2022-02-21,229361
2026-10-05,2022-02-22,232028
2026-10-05,2022-02-23,234127
2026-10-05,2022-02-24,235825
2026-10-05,2022-02-25,239981
2026-10-05,2022-03-02,237113
2026-10-05,2022-03-03,237925
2026-10-05,2022-03-04,238826
2026-10-05,2022-03-07,237436
2026-10-05,2022-03-08,238190
2026-10-05,2022-03-09,239269
2026-10-05,2022-03-10,239612
2026-10-05,2022-03-11,238369
2026-10-05,2022-03-14,237428
2026-10-05,2022-03-15,236371
2026-10-05,2022-03-16,235976
2026-10-05,2022-03-17,235951
2026-10-05,2022-03-18,235920
2026-10-05,2022-03-21,233833
2026-10-05,2022-03-22,232635
2026-10-05,2022-03-23,234068
2026-10-05,2022-03-25,234378
2026-10-05,2022-03-28,236714
2026-10-05,2022-03-29,248589
2026-10-05,2022-03-30,252006
2026-10-05,2022-03-31,258322
2026-10-05,2022-04-01,259086
2026-10-05,2022-04-04,260587
2026-10-05,2022-04-05,260237
2026-10-05,2022-04-06,260380
2026-10-05,2022-04-07,260054
2026-10-05,2022-04-08,259724
2026-10-05,2022-04-11,259865
2026-10-05,2022-04-12,262968
2026-10-05,2022-04-13,261088
2026-10-05,2022-04-18,258992
2026-10-05,2022-04-19,260724
2026-10-05,2022-04-20,257883
2026-10-05,2022-04-21,258631
2026-10-05,2022-04-22,259728
2026-10-05,2022-04-25,259485
2026-10-05,2022-04-26,261271
2026-10-05,2022-04-27,263959
2026-10-05,2022-04-28,266112
2026-10-05,2022-04-29,268292
2026-10-05,2022-05-02,269875
2026-10-05,2022-05-03,275832
2026-10-05,2022-05-04,274855
2026-10-05,2022-05-05,274322
2026-10-05,2022-05-06,274248
2026-10-05,2022-05-09,274222
2026-10-05,2022-05-10,272664
2026-10-05,2022-05-11,271677
2026-10-05,2022-05-12,272041
2026-10-05,2022-05-13,269890
2026-10-05,2022-05-16,268712
2026-10-05,2022-05-17,272279
2026-10-05,2022-05-19,272526
2026-10-05,2022-05-20,269089
2026-10-05,2022-05-23,268181
2026-10-05,2022-05-24,267952
2026-10-05,2022-05-26,272445
2026-10-05,2022-05-27,273489
2026-10-05,2022-05-30,278679
2026-10-05,2022-05-31,283997
2026-10-05,2022-06-01,286485
2026-10-05,2022-06-02,290931
2026-10-05,2022-06-03,290092
2026-10-05,2022-06-06,289869
2026-10-05,2022-06-07,289245
2026-10-05,2022-06-08,292848
2026-10-05,2022-06-09,297561
2026-10-05,2022-06-10,297518
2026-10-05,2022-06-13,298331
2026-10-05,2022-06-14,300017
2026-10-05,2022-06-15,298268
2026-10-05,2022-06-16,298538
2026-10-05,2022-06-21,294218
2026-10-05,2022-06-22,296713
2026-10-05,2022-06-23,296777
2026-10-05,2022-06-24,295877
2026-10-05,2022-06-27,297085
2026-10-05,2022-06-28,297877
2026-10-05,2022-06-29,296407
2026-10-05,2022-06-30,296487
2026-10-05,2022-07-01,296115
2026-10-05,2022-07-04,300480
2026-10-05,2022-07-05,298751
2026-10-05,2022-07-06,299388
2026-10-05,2022-07-07,302409
2026-10-05,2022-07-08,302342
2026-10-05,2022-07-11,301094
2026-10-05,2022-07-12,302313
2026-10-05,2022-07-13,302397
2026-10-05,2022-07-14,301519
2026-10-05,2022-07-15,301427
2026-10-05,2022-07-18,298072
2026-10-05,2022-07-19,298150
2026-10-05,2022-07-20,292230
2026-10-05,2022-07-21,291089
2026-10-05,2022-07-22,286572
2026-10-05,2022-07-25,285282
2026-10-05,2022-07-26,286625
2026-10-05,2022-07-27,286835
2026-10-05,2022-07-28,287379
2026-10-05,2022-07-29,285522
2026-10-05,2022-08-01,288578
2026-10-05,2022-08-02,292729
2026-10-05,2022-08-03,292818
2026-10-05,2022-08-04,294251
2026-10-05,2022-08-05,289795
2026-10-05,2022-08-08,295558
2026-10-05,2022-08-09,292470
2026-10-05,2022-08-10,293480
2026-10-05,2022-08-11,296943
2026-10-05,2022-08-12,302068
2026-10-05,2022-08-16,296397
2026-10-05,2022-08-17,298435
2026-10-05,2022-08-18,299024
2026-10-05,2022-08-19,295040
2026-10-05,2022-08-22,292335
2026-10-05,2022-08-23,293276
2026-10-05,2022-08-24,292919
2026-10-05,2022-08-25,288914
2026-10-05,2022-08-26,291517
2026-10-05,2022-08-29,289468
2026-10-05,2022-08-30,292636
2026-10-05,2022-08-31,298577
2026-10-05,2022-09-01,300311
2026-10-05,2022-09-05,304539
2026-10-05,2022-09-06,305612
2026-10-05,2022-09-07,303578
2026-10-05,2022-09-08,302378
2026-10-05,2022-09-09,303273
2026-10-05,2022-09-12,301667
2026-10-05,2022-09-13,300882
2026-10-05,2022-09-14,302875
2026-10-05,2022-09-15,301000
2026-10-05,2022-09-16,300150
2026-10-05,2022-09-19,301625
2026-10-05,2022-09-20,303342
2026-10-05,2022-09-21,300541
2026-10-05,2022-09-22,299703
2026-10-05,2022-09-23,296182
2026-10-05,2022-09-26,294416
2026-10-05,2022-09-27,298224
2026-10-05,2022-09-28,305217
2026-10-05,2022-09-29,304268
2026-10-05,2022-09-30,307348
2026-10-05,2022-10-03,314487
2026-10-05,2022-10-04,316477
2026-10-05,2022-10-05,316739
2026-10-05,2022-10-06,316793
2026-10-05,2022-10-11,314382
2026-10-05,2022-10-12,313510
2026-10-05,2022-10-13,310782
2026-10-05,2022-10-14,308584
2026-10-05,2022-10-17,304837
2026-10-05,2022-10-18,306363
2026-10-05,2022-10-19,304547
2026-10-05,2022-10-20,305182
2026-10-05,2022-10-21,305265
2026-10-05,2022-10-24,298972
2026-10-05,2022-10-25,297464
2026-10-05,2022-10-26,299197
2026-10-05,2022-10-27,301556
2026-10-05,2022-10-28,306134
2026-10-05,2022-10-31,308774
2026-10-05,2022-11-01,319539
2026-10-05,2022-11-02,323464
2026-10-05,2022-11-03,324284
2026-10-05,2022-11-04,322298
2026-10-05,2022-11-07,321311
2026-10-05,2022-11-08,315312
2026-10-05,2022-11-09,316285
2026-10-05,2022-11-10,310021
2026-10-05,2022-11-11,311218
2026-10-05,2022-11-14,311517
2026-10-05,2022-11-15,305434
2026-10-05,2022-11-16,304584
2026-10-05,2022-11-17,305850
2026-10-05,2022-11-18,300183
2026-10-05,2022-11-22,298646
2026-10-05,2022-11-23,299541
2026-10-05,2022-11-24,299619
2026-10-05,2022-11-25,297992
2026-10-05,2022-11-28,299773
2026-10-05,2022-11-29,299764
2026-10-05,2022-11-30,313158
2026-10-05,2022-12-01,323636
2026-10-05,2022-12-02,324410
2026-10-05,2022-12-05,335077
2026-10-05,2022-12-06,330624
2026-10-05,2022-12-07,328733
2026-10-05,2022-12-12,327754
2026-10-05,2022-12-13,327258
2026-10-05,2022-12-14,326724
2026-10-05,2022-12-15,326833
2026-10-05,2022-12-16,327740
2026-10-05,2022-12-19,330217
2026-10-05,2022-12-20,327693
2026-10-05,2022-12-21,326966
2026-10-05,2022-12-22,325156
2026-10-05,2022-12-23,328530
2026-10-05,2022-12-26,329141
2026-10-05,2022-12-27,337652
2026-10-05,2022-12-28,336983
2026-10-05,2022-12-29,336568
2026-10-05,2022-12-30,343481
2026-10-05,2023-01-02,346790
2026-10-05,2023-01-03,345269
2026-10-05,2023-01-04,343859
2026-10-05,2023-01-05,343400
2026-10-05,2023-01-06,343325
2026-10-05,2023-01-09,338382
2026-10-05,2023-01-10,337487
2026-10-05,2023-01-11,337909
2026-10-05,2023-01-12,335079
2026-10-05,2023-01-13,331578
2026-10-05,2023-01-16,328163
2026-10-05,2023-01-17,329557
2026-10-05,2023-01-18,322865
2026-10-05,2023-01-19,321452
2026-10-05,2023-01-20,315999
2026-10-05,2023-01-23,312695
2026-10-05,2023-01-24,312164
2026-10-05,2023-01-25,310720
2026-10-05,2023-01-26,314059
2026-10-05,2023-01-27,312846
2026-10-05,2023-01-30,312616
2026-10-05,2023-01-31,316965
2026-10-05,2023-02-01,325719
2026-10-05,2023-02-02,328333
2026-10-05,2023-02-03,327798
2026-10-05,2023-02-06,325252
2026-10-05,2023-02-07,324531
2026-10-05,2023-02-08,323261
2026-10-05,2023-02-09,323257
2026-10-05,2023-02-10,321225
2026-10-05,2023-02-13,320284
2026-10-05,2023-02-14,321513
2026-10-05,2023-02-15,319710
2026-10-05,2023-02-16,323875
2026-10-05,2023-02-17,320574
2026-10-05,2023-02-22,320182
2026-10-05,2023-02-23,327406
2026-10-05,2023-02-24,327136
2026-10-05,2023-02-27,327307
2026-10-05,2023-02-28,333029
2026-10-05,2023-03-01,339427
2026-10-05,2023-03-02,341628
2026-10-05,2023-03-03,343859
2026-10-05,2023-03-06,343309
2026-10-05,2023-03-07,342184
2026-10-05,2023-03-08,342019
2026-10-05,2023-03-09,340939
2026-10-05,2023-03-10,334523
2026-10-05,2023-03-13,334535
2026-10-05,2023-03-14,341630
2026-10-05,2023-03-15,339393
2026-10-05,2023-03-16,342367
2026-10-05,2023-03-17,337432
2026-10-05,2023-03-20,336955
2026-10-05,2023-03-21,339367
2026-10-05,2023-03-22,338448
2026-10-05,2023-03-23,343750
2026-10-05,2023-03-27,348240
2026-10-05,2023-03-28,351372
2026-10-05,2023-03-29,350821
2026-10-05,2023-03-30,354628
2026-10-05,2023-03-31,365312
2026-10-05,2023-04-03,376556
2026-10-05,2023-04-04,366108
2026-10-05,2023-04-05,374940
2026-10-05,2023-04-10,391753
2026-10-05,2023-04-11,392198
2026-10-05,2023-04-12,395521
2026-10-05,2023-04-13,395123
2026-10-05,2023-04-14,395722
2026-10-05,2023-04-17,395857
2026-10-05,2023-04-18,395925
2026-10-05,2023-04-19,406487
2026-10-05,2023-04-20,406172
2026-10-05,2023-04-21,406592
2026-10-05,2023-04-24,402889
2026-10-05,2023-04-25,397516
2026-10-05,2023-04-26,396983
2026-10-05,2023-04-27,406613
2026-10-05,2023-04-28,412150
2026-10-05,2023-05-02,415830
2026-10-05,2023-05-03,430894
2026-10-05,2023-05-04,433000
2026-10-05,2023-05-05,428091
2026-10-05,2023-05-08,421422
2026-10-05,2023-05-09,444430
2026-10-05,2023-05-10,444446
2026-10-05,2023-05-11,443585
2026-10-05,2023-05-12,416726
2026-10-05,2023-05-15,412337
2026-10-05,2023-05-16,413120
2026-10-05,2023-05-17,406336
2026-10-05,2023-05-18,408794
2026-10-05,2023-05-19,404580
2026-10-05,2023-05-22,403023
2026-10-05,2023-05-23,403843
2026-10-05,2023-05-24,399226
2026-10-05,2023-05-29,408991
2026-10-05,2023-05-30,414546
2026-10-05,2023-05-31,429831
2026-10-05,2023-06-01,434321
2026-10-05,2023-06-02,443097
2026-10-05,2023-06-05,439125
2026-10-05,2023-06-06,442268
2026-10-05,2023-06-07,445201
2026-10-05,2023-06-08,447201
2026-10-05,2023-06-09,448947
2026-10-05,2023-06-12,444639
2026-10-05,2023-06-13,444487
2026-10-05,2023-06-14,446990
2026-10-05,2023-06-15,442372
2026-10-05,2023-06-16,437712
2026-10-05,2023-06-21,434799
2026-10-05,2023-06-22,437548
2026-10-05,2023-06-23,434805
2026-10-05,2023-06-26,449045
2026-10-05,2023-06-27,445330
2026-10-05,2023-06-28,445573
2026-10-05,2023-06-29,459715
2026-10-05,2023-06-30,468784
2026-10-05,2023-07-03,477852
2026-10-05,2023-07-04,491862
2026-10-05,2023-07-05,485797
2026-10-05,2023-07-06,482522
2026-10-05,2023-07-07,481416
2026-10-05,2023-07-10,493574
2026-10-05,2023-07-11,495260
2026-10-05,2023-07-12,489584
2026-10-05,2023-07-13,486972
2026-10-05,2023-07-14,481347
2026-10-05,2023-07-17,475474
2026-10-05,2023-07-18,465601
2026-10-05,2023-07-19,461279
2026-10-05,2023-07-20,463776
2026-10-05,2023-07-21,459974
2026-10-05,2023-07-24,453974
2026-10-05,2023-07-25,451146
2026-10-05,2023-07-26,457598
2026-10-05,2023-07-27,452983
2026-10-05,2023-07-28,456559
2026-10-05,2023-07-31,481961
2026-10-05,2023-08-01,489175
2026-10-05,2023-08-02,493347
2026-10-05,2023-08-03,490314
2026-10-05,2023-08-04,487888
2026-10-05,2023-08-07,487472
2026-10-05,2023-08-08,486798
2026-10-05,2023-08-09,494596
2026-10-05,2023-08-10,494065
2026-10-05,2023-08-11,487052
2026-10-05,2023-08-14,486981
2026-10-05,2023-08-15,483721
2026-10-05,2023-08-16,479042
2026-10-05,2023-08-17,475572
2026-10-05,2023-08-18,473767
2026-10-05,2023-08-22,471376
2026-10-05,2023-08-23,473093
2026-10-05,2023-08-24,484553
2026-10-05,2023-08-25,485511
2026-10-05,2023-08-28,485436
2026-10-05,2023-08-29,492485
2026-10-05,2023-08-30,498728
2026-10-05,2023-08-31,521592
2026-10-05,2023-09-01,527063
2026-10-05,2023-09-04,528685
2026-10-05,2023-09-05,522696
2026-10-05,2023-09-06,521188
2026-10-05,2023-09-07,516397
2026-10-05,2023-09-08,521146
2026-10-05,2023-09-11,514361
2026-10-05,2023-09-12,509670
2026-10-05,2023-09-13,511534
2026-10-05,2023-09-14,512783
2026-10-05,2023-09-15,518778
2026-10-05,2023-09-18,510861
2026-10-05,2023-09-19,516471
2026-10-05,2023-09-20,513648
2026-10-05,2023-09-21,512926
2026-10-05,2023-09-22,522069
2026-10-05,2023-09-25,518590
2026-10-05,2023-09-26,514407
2026-10-05,2023-09-27,529766
2026-10-05,2023-09-28,551919
2026-10-05,2023-09-29,578284
2026-10-05,2023-10-02,581202
2026-10-05,2023-10-03,593462
2026-10-05,2023-10-04,590287
2026-10-05,2023-10-05,586999
2026-10-05,2023-10-06,598101
2026-10-05,2023-10-09,599615
2026-10-05,2023-10-10,604150
2026-10-05,2023-10-11,601715
2026-10-05,2023-10-12,589931
2026-10-05,2023-10-17,580942
2026-10-05,2023-10-18,572964
2026-10-05,2023-10-19,574540
2026-10-05,2023-10-20,601673
2026-10-05,2023-10-23,606596
2026-10-05,2023-10-24,611587
2026-10-05,2023-10-25,607244
2026-10-05,2023-10-26,605311
2026-10-05,2023-10-27,599094
2026-10-05,2023-10-30,631150
2026-10-05,2023-10-31,652132
2026-10-05,2023-11-01,659238
2026-10-05,2023-11-02,667925
2026-10-05,2023-11-03,667177
2026-10-05,2023-11-07,663801
2026-10-05,2023-11-08,666527
2026-10-05,2023-11-09,656371
2026-10-05,2023-11-10,654074
2026-10-05,2023-11-13,650997
2026-10-05,2023-11-14,639875
2026-10-05,2023-11-15,633328
2026-10-05,2023-11-16,626923
2026-10-05,2023-11-17,615476
2026-10-05,2023-11-21,641789
2026-10-05,2023-11-22,639167
2026-10-05,2023-11-23,636748
2026-10-05,2023-11-24,644969
2026-10-05,2023-11-27,648314
2026-10-05,2023-11-28,657468
2026-10-05,2023-11-29,673049
2026-10-05,2023-11-30,707814
2026-10-05,2023-12-01,723009
2026-10-05,2023-12-04,725640
2026-10-05,2023-12-05,722039
2026-10-05,2023-12-06,723412
2026-10-05,2023-12-07,721466
2026-10-05,2023-12-11,730693
2026-10-05,2023-12-12,737831
2026-10-05,2023-12-13,738098
2026-10-05,2023-12-14,727367
2026-10-05,2023-12-15,724140
2026-10-05,2023-12-18,715161
2026-10-05,2023-12-19,706640
2026-10-05,2023-12-20,703593
2026-10-05,2023-12-21,705070
2026-10-05,2023-12-22,701917
2026-10-05,2023-12-26,704790
2026-10-05,2023-12-27,740685
2026-10-05,2023-12-28,747689
2026-10-05,2023-12-29,756105
2026-10-05,2024-01-02,765714
2026-10-05,2024-01-03,774598
2026-10-05,2024-01-04,767090
2026-10-05,2024-01-05,766359
2026-10-05,2024-01-08,757651
2026-10-05,2024-01-09,757566
2026-10-05,2024-01-10,758017
2026-10-05,2024-01-11,750592
2026-10-05,2024-01-12,745960
2026-10-05,2024-01-15,746411
2026-10-05,2024-01-16,750818
2026-10-05,2024-01-17,735873
2026-10-05,2024-01-18,697214
2026-10-05,2024-01-19,685164
2026-10-05,2024-01-22,682048
2026-10-05,2024-01-23,680815
2026-10-05,2024-01-24,679551
2026-10-05,2024-01-25,676056
2026-10-05,2024-01-26,669301
2026-10-05,2024-01-29,663652
2026-10-05,2024-01-30,681888
2026-10-05,2024-01-31,732591
2026-10-05,2024-02-01,768406
2026-10-05,2024-02-02,768112
2026-10-05,2024-02-05,755714
2026-10-05,2024-02-06,748753
2026-10-05,2024-02-07,740249
2026-10-05,2024-02-08,737599
2026-10-05,2024-02-09,746683
2026-10-05,2024-02-14,754536
2026-10-05,2024-02-15,760319
2026-10-05,2024-02-16,761357
2026-10-05,2024-02-19,761589
2026-10-05,2024-02-20,758294
2026-10-05,2024-02-21,764601
2026-10-05,2024-02-22,761125
2026-10-05,2024-02-23,760432
2026-10-05,2024-02-26,765183
2026-10-05,2024-02-27,777863
2026-10-05,2024-02-28,799075
2026-10-05,2024-02-29,830839
2026-10-05,2024-03-01,847990
2026-10-05,2024-03-04,854407
2026-10-05,2024-03-05,849407
2026-10-05,2024-03-06,847344
2026-10-05,2024-03-07,848967
2026-10-05,2024-03-08,842556
2026-10-05,2024-03-11,834234
2026-10-05,2024-03-12,829887
2026-10-05,2024-03-13,818382
2026-10-05,2024-03-14,808129
2026-10-05,2024-03-15,789370
2026-10-05,2024-03-18,780183
2026-10-05,2024-03-19,789105
2026-10-05,2024-03-20,788048
2026-10-05,2024-03-21,780880
2026-10-05,2024-03-22,767467
2026-10-05,2024-03-25,763597
2026-10-05,2024-03-26,784882
2026-10-05,2024-03-27,819179
2026-10-05,2024-04-03,837202
2026-10-05,2024-04-04,862962
2026-10-05,2024-04-05,869089
2026-10-05,2024-04-08,866935
2026-10-05,2024-04-09,861145
2026-10-05,2024-04-10,858143
2026-10-05,2024-04-11,854465
2026-10-05,2024-04-12,846438
2026-10-05,2024-04-15,840465
2026-10-05,2024-04-16,840739
2026-10-05,2024-04-17,837313
2026-10-05,2024-04-18,810133
2026-10-05,2024-04-19,806123
2026-10-05,2024-04-22,801657
2026-10-05,2024-04-23,803485
2026-10-05,2024-04-24,796500
2026-10-05,2024-04-25,794490
2026-10-05,2024-04-26,800277
2026-10-05,2024-04-29,807462
2026-10-05,2024-04-30,851585
2026-10-05,2024-05-02,862692
2026-10-05,2024-05-03,900479
2026-10-05,2024-05-06,899946
2026-10-05,2024-05-07,882870
2026-10-05,2024-05-08,888031
2026-10-05,2024-05-09,880388
2026-10-05,2024-05-10,888542
2026-10-05,2024-05-13,887829
2026-10-05,2024-05-14,892232
2026-10-05,2024-05-15,889502
2026-10-05,2024-05-16,897012
2026-10-05,2024-05-17,904297
2026-10-05,2024-05-20,905776
2026-10-05,2024-05-21,899539
2026-10-05,2024-05-22,918861
2026-10-05,2024-05-23,928487
2026-10-05,2024-05-24,945951
2026-10-05,2024-05-27,946200
2026-10-05,2024-05-28,1069627
2026-10-05,2024-05-29,1124142
2026-10-05,2024-05-30,1158326
2026-10-05,2024-05-31,1200878
2026-10-05,2024-06-03,1224911
2026-10-05,2024-06-04,1239262
2026-10-05,2024-06-05,1238374
2026-10-05,2024-06-06,1239568
2026-10-05,2024-06-07,1260261
2026-10-05,2024-06-10,1263284
2026-10-05,2024-06-11,1271684
2026-10-05,2024-06-12,1277505
2026-10-05,2024-06-13,1281722
2026-10-05,2024-06-14,1299836
2026-10-05,2024-06-18,1291283
2026-10-05,2024-06-19,1295820
2026-10-05,2024-06-24,1305525
2026-10-05,2024-06-25,1323395
2026-10-05,2024-06-26,1335714
2026-10-05,2024-06-27,1402325
2026-10-05,2024-06-28,1461206
2026-10-05,2024-07-01,1513765
2026-10-05,2024-07-02,1537532
2026-10-05,2024-07-03,1527235
2026-10-05,2024-07-04,1527690
2026-10-05,2024-07-05,1541914
2026-10-05,2024-07-08,1530225
2026-10-05,2024-07-10,1546323
2026-10-05,2024-07-11,1501275
2026-10-05,2024-07-12,1497462
2026-10-05,2024-07-15,1521738
2026-10-05,2024-07-16,1520962
2026-10-05,2024-07-17,1515043
2026-10-05,2024-07-18,1514113
2026-10-05,2024-07-19,1503961
2026-10-05,2024-07-22,1493172
2026-10-05,2024-07-23,1500699
2026-10-05,2024-07-24,1538420
2026-10-05,2024-07-25,1540951
2026-10-05,2024-07-26,1542229
2026-10-05,2024-07-29,1598597
2026-10-05,2024-07-30,1616380
2026-10-05,2024-07-31,1696076
2026-10-05,2024-08-01,1724985
2026-10-05,2024-08-02,1762040
2026-10-05,2024-08-05,1763069
2026-10-05,2024-08-06,1760524
2026-10-05,2024-08-07,1762429
2026-10-05,2024-08-08,1764035
2026-10-05,2024-08-09,1762890
2026-10-05,2024-08-12,1770618
2026-10-05,2024-08-13,1776566
2026-10-05,2024-08-14,1779120
2026-10-05,2024-08-15,1772456
2026-10-05,2024-08-16,1752341
2026-10-05,2024-08-19,1750422
2026-10-05,2024-08-20,1738163
2026-10-05,2024-08-21,1755655
2026-10-05,2024-08-22,1760006
2026-10-05,2024-08-23,1774930
2026-10-05,2024-08-26,1777820
2026-10-05,2024-08-27,1790479
2026-10-05,2024-08-28,1790885
2026-10-05,2024-08-29,1847999
2026-10-05,2024-08-30,1854034
2026-10-05,2024-09-02,1884186
2026-10-05,2024-09-03,1946354
2026-10-05,2024-09-04,1941532
2026-10-05,2024-09-05,1939556
2026-10-05,2024-09-06,1935770
2026-10-05,2024-09-09,1941312
2026-10-05,2024-09-10,1926932
2026-10-05,2024-09-11,1922059
2026-10-05,2024-09-12,1925411
2026-10-05,2024-09-13,1953719
2026-10-05,2024-09-16,1952114
2026-10-05,2024-09-17,1950271
2026-10-05,2024-09-18,1933522
2026-10-05,2024-09-19,1904365
2026-10-05,2024-09-20,1895017
2026-10-05,2024-09-23,1880534
2026-10-05,2024-09-24,1891453
2026-10-05,2024-09-25,1920042
2026-10-05,2024-09-26,1973520
2026-10-05,2024-09-27,1984950
2026-10-05,2024-09-30,2058280
2026-10-05,2024-10-01,2104657
2026-10-05,2024-10-02,2095463
2026-10-05,2024-10-03,2080489
2026-10-05,2024-10-04,2036448
2026-10-05,2024-10-07,2015635
2026-10-05,2024-10-08,2009121
2026-10-05,2024-10-09,2015971
2026-10-05,2024-10-10,2004611
2026-10-05,2024-10-14,1998250
2026-10-05,2024-10-15,2007909
2026-10-05,2024-10-16,2007143
2026-10-05,2024-10-17,1987567
2026-10-05,2024-10-18,1970811
2026-10-05,2024-10-21,1964269
2026-10-05,2024-10-22,1979179
2026-10-05,2024-10-23,1967665
2026-10-05,2024-10-24,1952278
2026-10-05,2024-10-25,1968624
2026-10-05,2024-10-28,1977724
2026-10-05,2024-10-29,2018754
2026-10-05,2024-10-30,2066995
2026-10-05,2024-10-31,2091542
2026-10-05,2024-11-01,2074580
2026-10-05,2024-11-04,2114894
2026-10-05,2024-11-05,2094539
2026-10-05,2024-11-07,2104388
2026-10-05,2024-11-08,2074444
2026-10-05,2024-11-11,2067757
2026-10-05,2024-11-12,2076916
2026-10-05,2024-11-13,2052884
2026-10-05,2024-11-14,2052360
2026-10-05,2024-11-15,2016617
2026-10-05,2024-11-19,1972670
2026-10-05,2024-11-20,1971424
2026-10-05,2024-11-21,1980714
2026-10-05,2024-11-22,1977826
2026-10-05,2024-11-25,1975055
2026-10-05,2024-11-26,1942041
2026-10-05,2024-11-27,1951081
2026-10-05,2024-11-28,2012026
2026-10-05,2024-11-29,2070932
2026-10-05,2024-12-02,2113497
2026-10-05,2024-12-03,2155563
2026-10-05,2024-12-04,2143267
2026-10-05,2024-12-05,2153154
2026-10-05,2024-12-06,2149098
2026-10-05,2024-12-09,2143992
2026-10-05,2024-12-10,2171326
2026-10-05,2024-12-11,2227451
2026-10-05,2024-12-12,2253896
2026-10-05,2024-12-13,2264469
2026-10-05,2024-12-16,2267779
2026-10-05,2024-12-17,2281598
2026-10-05,2024-12-18,2270190
2026-10-05,2024-12-19,2288935
2026-10-05,2024-12-20,2337696
2026-10-05,2024-12-23,2340878
2026-10-05,2024-12-26,2426264
2026-10-05,2024-12-27,2409564
2026-10-05,2024-12-30,2468608
2026-10-05,2025-01-02,2588231
2026-10-05,2025-01-03,2633477
2026-10-05,2025-01-06,2639464
2026-10-05,2025-01-07,2612552
2026-10-05,2025-01-08,2604977
2026-10-05,2025-01-09,2593671
2026-10-05,2025-01-10,2580124
2026-10-05,2025-01-13,2560016
2026-10-05,2025-01-14,2552324
2026-10-05,2025-01-15,2530104
2026-10-05,2025-01-16,2537211
2026-10-05,2025-01-17,2500378
2026-10-05,2025-01-20,2494185
2026-10-05,2025-01-21,2477770
2026-10-05,2025-01-22,2479909
2026-10-05,2025-01-23,2502774
2026-10-05,2025-01-24,2504422
2026-10-05,2025-01-27,2510327
2026-10-05,2025-01-28,2510147
2026-10-05,2025-01-29,2521971
2026-10-05,2025-01-30,2556817
2026-10-05,2025-01-31,2618143
2026-10-05,2025-02-03,2797939
2026-10-05,2025-02-04,2812186
2026-10-05,2025-02-05,2806089
2026-10-05,2025-02-06,2795697
2026-10-05,2025-02-07,2793578
2026-10-05,2025-02-10,2780206
2026-10-05,2025-02-11,2768041
2026-10-05,2025-02-12,2795956
2026-10-05,2025-02-13,2788291
2026-10-05,2025-02-14,2767525
2026-10-05,2025-02-17,2768087
2026-10-05,2025-02-18,2776858
2026-10-05,2025-02-19,2769646
2026-10-05,2025-02-20,2773203
2026-10-05,2025-02-21,2774349
2026-10-05,2025-02-24,2768553
2026-10-05,2025-02-25,2761963
2026-10-05,2025-02-26,2664698
2026-10-05,2025-02-27,2737330
2026-10-05,2025-02-28,2838032
2026-10-05,2025-03-05,2871021
2026-10-05,2025-03-06,2878714
2026-10-05,2025-03-07,2875343
2026-10-05,2025-03-10,2857292
2026-10-05,2025-03-11,2855117
2026-10-05,2025-03-12,2844826
2026-10-05,2025-03-13,2853894
2026-10-05,2025-03-14,2854847
2026-10-05,2025-03-17,2800309
2026-10-05,2025-03-18,2812911
2026-10-05,2025-03-19,2831722
2026-10-05,2025-03-20,2820581
2026-10-05,2025-03-21,2846812
2026-10-05,2025-03-25,2915041
2026-10-05,2025-03-26,2923535
2026-10-05,2025-03-27,2926846
2026-10-05,2025-03-28,3021623
2026-10-05,2025-03-31,3099066
2026-10-05,2025-04-01,3162874
2026-10-05,2025-04-03,3197629
2026-10-05,2025-04-04,3190917
2026-10-05,2025-04-07,3182167
2026-10-05,2025-04-08,3143161
2026-10-05,2025-04-09,3157798
2026-10-05,2025-04-10,3134860
2026-10-05,2025-04-11,3179728
2026-10-05,2025-04-14,3195992
2026-10-05,2025-04-15,3177805
2026-10-05,2025-04-16,3155043
2026-10-05,2025-04-21,3132445
2026-10-05,2025-04-22,3148915
2026-10-05,2025-04-23,3110078
2026-10-05,2025-04-24,3183845
2026-10-05,2025-04-25,3191927
2026-10-05,2025-04-28,3197121
2026-10-05,2025-04-29,3286684
2026-10-05,2025-04-30,3342235
2026-10-05,2025-05-05,3472736
2026-10-05,2025-05-06,3485916
2026-10-05,2025-05-07,3466376
2026-10-05,2025-05-08,3452033
2026-10-05,2025-05-09,3414641
2026-10-05,2025-05-12,3441667
2026-10-05,2025-05-13,3438713
2026-10-05,2025-05-14,3428573
2026-10-05,2025-05-15,3419604
2026-10-05,2025-05-16,3384154
2026-10-05,2025-05-19,3400550
2026-10-05,2025-05-20,3371943
2026-10-05,2025-05-21,3365501
2026-10-05,2025-05-22,3382267
2026-10-05,2025-05-23,3392332
2026-10-05,2025-05-26,3403373
2026-10-05,2025-05-27,3429385
2026-10-05,2025-05-28,3442881
2026-10-05,2025-05-29,3501681
2026-10-05,2025-05-30,3689610
2026-10-05,2025-06-02,3751981
2026-10-05,2025-06-03,3795217
2026-10-05,2025-06-04,3793829
2026-10-05,2025-06-05,3773453
2026-10-05,2025-06-06,3766844
2026-10-05,2025-06-09,3767055
2026-10-05,2025-06-10,3731059
2026-10-05,2025-06-11,3724821
2026-10-05,2025-06-12,3735199
2026-10-05,2025-06-13,3741179
2026-10-05,2025-06-17,3714802
2026-10-05,2025-06-18,3685364
2026-10-05,2025-06-19,3704962
2026-10-05,2025-06-23,3746686
2026-10-05,2025-06-24,3819830
2026-10-05,2025-06-25,3914889
2026-10-05,2025-06-26,3939789
2026-10-05,2025-06-27,3997053
2026-10-05,2025-06-30,4085789
2026-10-05,2025-07-01,4157428
2026-10-05,2025-07-02,4184325
2026-10-05,2025-07-03,4193467
2026-10-05,2025-07-04,4187308
2026-10-05,2025-07-07,4283967
2026-10-05,2025-07-08,4353920
2026-10-05,2025-07-10,4378610
2026-10-05,2025-07-11,4343988
2026-10-05,2025-07-14,4347948
2026-10-05,2025-07-15,4349493
2026-10-05,2025-07-16,4362289
2026-10-05,2025-07-17,4326232
2026-10-05,2025-07-18,4325091
2026-10-05,2025-07-21,4320773
2026-10-05,2025-07-22,4312198
2026-10-05,2025-07-23,4322670
2026-10-05,2025-07-24,4343617
2026-10-05,2025-07-25,4387872
2026-10-05,2025-07-28,4402421
2026-10-05,2025-07-29,4445452
2026-10-05,2025-07-30,4435921
2026-10-05,2025-07-31,4383079
2026-10-05,2025-08-01,4419281
2026-10-05,2025-08-04,4467502
2026-10-05,2025-08-05,4456367
2026-10-05,2025-08-06,4455844
2026-10-05,2025-08-07,4468032
2026-10-05,2025-08-08,4421692
2026-10-05,2025-08-11,4427495
2026-10-05,2025-08-12,4407792
2026-10-05,2025-08-13,4405838
2026-10-05,2025-08-14,4374663
2026-10-05,2025-08-18,4451356
2026-10-05,2025-08-19,4458062
2026-10-05,2025-08-20,4420554
2026-10-05,2025-08-21,4403016
2026-10-05,2025-08-22,4457879
2026-10-05,2025-08-25,4453345
2026-10-05,2025-08-26,4488387
2026-10-05,2025-08-27,4470777
2026-10-05,2025-08-28,4553797
2026-10-05,2025-08-29,4610852
2026-10-05,2025-09-01,4664994
2026-10-05,2025-09-02,4699791
2026-10-05,2025-09-03,4675170
2026-10-05,2025-09-04,4644687
2026-10-05,2025-09-05,4660929
2026-10-05,2025-09-08,4640920
2026-10-05,2025-09-09,4610628
2026-10-05,2025-09-10,4561952
2026-10-05,2025-09-11,4546039
2026-10-05,2025-09-12,4513295
2026-10-05,2025-09-15,4483331
2026-10-05,2025-09-16,4454513
2026-10-05,2025-09-17,4428936
2026-10-05,2025-09-18,4411244
2026-10-05,2025-09-19,4440454
2026-10-05,2025-09-22,4425326
2026-10-05,2025-09-23,4402842
2026-10-05,2025-09-24,4402786
2026-10-05,2025-09-25,4388468
2026-10-05,2025-09-26,4393645
2026-10-05,2025-09-29,4501815
2026-10-05,2025-09-30,4586318
2026-10-05,2025-10-01,4651075
2026-10-05,2025-10-02,4646591
2026-10-05,2025-10-03,4651254
2026-10-05,2025-10-06,4645691
2026-10-05,2025-10-07,4644715
2026-10-05,2025-10-08,4652360
2026-10-05,2025-10-09,4581538
2026-10-05,2025-10-13,4577408
2026-10-05,2025-10-14,4566822
2026-10-05,2025-10-15,4539504
2026-10-05,2025-10-16,4536996
2026-10-05,2025-10-17,4492978
2026-10-05,2025-10-20,4492566
2026-10-05,2025-10-21,4437954
2026-10-05,2025-10-22,4426624
2026-10-05,2025-10-23,4428314
2026-10-05,2025-10-24,4449905
2026-10-05,2025-10-27,4519118
2026-10-05,2025-10-28,4512213
2026-10-05,2025-10-29,4500694
2026-10-05,2025-10-30,4507197
2026-10-05,2025-10-31,4611067
2026-10-05,2025-11-03,4712765
2026-10-05,2025-11-04,4687292
2026-10-05,2025-11-05,4673497
2026-10-05,2025-11-07,4672382
2026-10-05,2025-11-10,4658181
2026-10-05,2025-11-11,4667136
2026-10-05,2025-11-12,4663972
2026-10-05,2025-11-13,4658750
2026-10-05,2025-11-14,4651646
2026-10-05,2025-11-17,4652754
2026-10-05,2025-11-18,4513587
2026-10-05,2025-11-19,4497688
2026-10-05,2025-11-20,4512643
2026-10-05,2025-11-25,4491008
2026-10-05,2025-11-26,4519416
2026-10-05,2025-11-27,4624761
2026-10-05,2025-11-28,4781645
2026-10-05,2025-12-01,4804180
2026-10-05,2025-12-02,4840878
2026-10-05,2025-12-03,4954630
2026-10-05,2025-12-04,4991443
2026-10-05,2025-12-05,5070575
2026-10-05,2025-12-09,5019089
2026-10-05,2025-12-10,5025707
2026-10-05,2025-12-11,5099612
2026-10-05,2025-12-12,5078328
2026-10-05,2025-12-15,5153378
2026-10-05,2025-12-16,5170490
2026-10-05,2025-12-17,5431091
2026-10-05,2025-12-18,5464694
2026-10-05,2025-12-19,5506573
2026-10-05,2025-12-22,5383470
2026-10-05,2025-12-23,5546529
2026-10-05,2025-12-26,5651923
2026-10-05,2025-12-29,5914739
2026-10-05,2025-12-30,5463878
2026-10-05,2026-01-02,5888572
2026-10-05,2026-01-05,5932803
2026-10-05,2026-01-06,5956749
2026-10-05,2026-01-07,5966587
2026-10-05,2026-01-08,5968524
2026-10-05,2026-01-09,5984706
2026-10-05,2026-01-12,6002842
2026-10-05,2026-01-13,5979118
2026-10-05,2026-01-14,5948709
2026-10-05,2026-01-15,5942207
2026-10-05,2026-01-16,5883191
2026-10-05,2026-01-19,5873844
2026-10-05,2026-01-20,5870692
2026-10-05,2026-01-21,5890420
2026-10-05,2026-01-22,5897980
2026-10-05,2026-01-23,5903356
2026-10-05,2026-01-26,5905359
2026-10-05,2026-01-27,5913132
2026-10-05,2026-01-28,5917758
2026-10-05,2026-01-29,5943831
2026-10-05,2026-01-30,6063659
2026-10-05,2026-02-02,5746588
2026-10-05,2026-02-03,5820987
2026-10-05,2026-02-04,5884317
2026-10-05,2026-02-05,5887953
2026-10-05,2026-02-06,6128102
2026-10-05,2026-02-09,5818309
2026-10-05,2026-02-10,5810189
2026-10-05,2026-02-11,5822126
2026-10-05,2026-02-12,5824426
2026-10-05,2026-02-13,5801654
2026-10-05,2026-02-18,5768882
2026-10-05,2026-02-19,5790514
2026-10-05,2026-02-20,5782188
2026-10-05,2026-02-23,5783056
2026-10-05,2026-02-24,5836960
2026-10-05,2026-02-25,5827332
2026-10-05,2026-02-26,5851154
2026-10-05,2026-02-27,5924667
2026-10-05,2026-03-02,5935666
2026-10-05,2026-03-03,6197032
2026-10-05,2026-03-04,5967466
2026-10-05,2026-03-05,5969242
2026-10-05,2026-03-06,5981167
2026-10-05,2026-03-09,5977106
2026-10-05,2026-03-10,5968732
2026-10-05,2026-03-11,5961168
2026-10-05,2026-03-12,6011029
2026-10-05,2026-03-13,6012454
2026-10-05,2026-03-16,6037599
2026-10-05,2026-03-17,6038323
2026-10-05,2026-03-18,6051529
2026-10-05,2026-03-19,6067761
2026-10-05,2026-03-20,6062907
2026-10-05,2026-03-25,6076204
2026-10-05,2026-03-26,6083744
2026-10-05,2026-03-27,6043002
2026-10-05,2026-03-30,6056259
2026-10-05,2026-03-31,6213400
2026-10-05,2026-04-01,6289292
2026-10-05,2026-04-06,6284710
2026-10-05,2026-04-07,6237737
2026-10-05,2026-04-08,6222402
2026-10-05,2026-04-09,6230686
2026-10-05,2026-04-10,6179956
2026-10-05,2026-04-13,6168527
2026-10-05,2026-04-14,6146000
2026-10-05,2026-04-15,6138317
2026-10-05,2026-04-16,6142449
2026-10-05,2026-04-17,6125884
2026-10-05,2026-04-20,6054317
2026-10-05,2026-04-21,6047127
2026-10-05,2026-04-22,6063971
2026-10-05,2026-04-23,6076587
2026-10-05,2026-04-24,6098068
2026-10-05,2026-04-27,6100940
2026-10-05,2026-04-28,6127537
2026-10-05,2026-04-29,6148247
2026-10-05,2026-04-30,6182658
2026-10-05,2026-05-04,6255761
2026-10-05,2026-05-05,6284425
2026-10-05,2026-05-06,6274097
2026-10-05,2026-05-07,6281778
2026-10-05,2026-05-08,6284305
2026-10-05,2026-05-11,6275421
2026-10-05,2026-05-12,6256986
2026-10-05,2026-05-13,6303786
2026-10-05,2026-05-14,6309786
2026-10-05,2026-05-15,6294163
2026-10-05,2026-05-18,6300623
2026-10-05,2026-05-19,6300197
2026-10-05,2026-05-20,6293133
2026-10-05,2026-05-21,6324182
2026-10-05,2026-05-22,6353708
2026-10-05,2026-05-26,6384692
2026-10-05,2026-05-27,6423606
2026-10-05,2026-05-28,6418167
2026-10-05,2026-05-29,6469081
2026-10-05,2026-06-01,6567344
2026-10-05,2026-06-02,6709118
2026-10-05,2026-06-03,6738325
2026-10-05,2026-06-04,6720422
2026-10-05,2026-06-05,6693858
2026-10-05,2026-06-08,6678805
2026-10-05,2026-06-09,6682282
2026-10-05,2026-06-10,6665514
2026-10-05,2026-06-11,6684830
2026-10-05,2026-06-12,6715195
2026-10-05,2026-06-16,6824331
2026-10-05,2026-06-17,6827132
2026-10-05,2026-06-18,6835850
2026-10-05,2026-06-19,6825636
2026-10-05,2026-06-22,6790025
2026-10-05,2026-06-23,6799353
2026-10-05,2026-06-24,6849026
2026-10-05,2026-06-25,6830369
2026-10-05,2026-06-26,6815139
2026-10-05,2026-06-29,6825446
2026-10-05,2026-06-30,6874977
2026-10-05,2026-07-01,7030765
2026-10-05,2026-07-02,7090559
2026-10-05,2026-07-03,7122827
2026-10-05,2026-07-06,7125746
2026-10-05,2026-07-07,7118345
2026-10-05,2026-07-08,7193331
2026-10-05,2026-07-13,7254047
2026-10-05,2026-07-14,7279641
2026-10-05,2026-07-15,7194781
2026-10-05,2026-07-16,7191765
2026-10-05,2026-07-17,7174623
2026-10-05,2026-07-20,7123746
2026-10-05,2026-07-21,7111820
2026-10-05,2026-07-22,7160828
2026-10-05,2026-07-23,7187966
2026-10-05,2026-07-24,7148641
2026-10-05,2026-07-27,7181837
2026-10-05,2026-07-28,7148859
2026-10-05,2026-07-29,7158931
2026-10-05,2026-07-30,7177876
2026-10-05,2026-07-31,7183931
2026-10-05,2026-08-03,7231701
2026-10-05,2026-08-04,7290726
2026-10-05,2026-08-05,7305961
2026-10-05,2026-08-06,7309338
2026-10-05,2026-08-07,7304925
2026-10-05,2026-08-10,7287515
2026-10-05,2026-08-11,7271146
2026-10-05,2026-08-12,7273681
2026-10-05,2026-08-13,7309340
2026-10-05,2026-08-14,7203615
2026-10-05,2026-08-18,7271127
2026-10-05,2026-08-19,7265049
2026-10-05,2026-08-20,7304716
2026-10-05,2026-08-21,7350847
2026-10-05,2026-08-24,7342049
2026-10-05,2026-08-25,7381900
2026-10-05,2026-08-26,7365917
2026-10-05,2026-08-27,7356901
2026-10-05,2026-08-28,7355741
2026-10-05,2026-08-31,7387860
2026-10-05,2026-09-01,7417915
2026-10-05,2026-09-02,7451143
2026-10-05,2026-09-03,7445077
2026-10-05,2026-09-04,7436184
2026-10-05,2026-09-07,7418241
2026-10-05,2026-09-08,7277766
2026-10-05,2026-09-09,7390050
2026-10-05,2026-09-10,7391475
2026-10-05,2026-09-11,7375463
2026-10-05,2026-09-14,7341383
2026-10-05,2026-09-15,7335191
2026-10-05,2026-09-16,7322820
2026-10-05,2026-09-17,7477007
2026-10-05,2026-09-18,7465509
2026-10-05,2026-09-21,7473991
2026-10-05,2026-09-22,7457018
2026-10-05,2026-09-23,7464972
2026-10-05,2026-09-24,7472222
2026-10-05,2026-09-25,7440820
2026-10-05,2026-09-28,7354849
2026-10-05,2026-09-29,7380598
2026-10-05,2026-09-30,7467416
2026-10-06,2026-09-23,7465002
2026-10-06,2026-09-30,7467930
2026-10-06,2026-10-01,7514965
2026-10-07,2026-09-24,7473757
2026-10-07,2026-09-25,7442354
2026-10-07,2026-09-29,7380597
2026-10-07,2026-09-30,7467855
2026-10-07,2026-10-01,7516580
2026-10-07,2026-10-02,7509958
2026-10-08,2026-06-30,6875696
2026-10-08,2026-09-25,7342722
2026-10-08,2026-09-30,7488885
2026-10-08,2026-10-02,7509778
2026-10-08,2026-10-05,7503746
2026-10-09,2026-08-03,7231664
2026-10-09,2026-08-04,7290684
2026-10-09,2026-08-05,7305912
2026-10-09,2026-08-06,7309300
2026-10-09,2026-08-07,7304896
2026-10-09,2026-08-10,7287493
2026-10-09,2026-08-11,7271156
2026-10-09,2026-08-12,7273691
2026-10-09,2026-08-13,7309329
2026-10-09,2026-08-14,7203606
2026-10-09,2026-08-18,7271130
2026-10-09,2026-08-19,7265042
2026-10-09,2026-08-20,7304706
2026-10-09,2026-08-21,7350837
2026-10-09,2026-08-24,7342045
2026-10-09,2026-08-26,7365915
2026-10-09,2026-08-27,7356904
2026-10-09,2026-09-28,7354864
2026-10-09,2026-09-29,7380611
2026-10-09,2026-09-30,7488881
2026-10-09,2026-10-05,7504095
2026-10-09,2026-10-06,7489188
