vintage,date,value
2026-10-05,1999-01-04,9.0625
2026-10-05,1999-01-05,8.8125
2026-10-05,1999-01-06,8.8125
2026-10-05,1999-01-07,8.75
2026-10-05,1999-01-08,8.4375
2026-10-05,1999-01-11,8.125
2026-10-05,1999-01-12,8.4375
2026-10-05,1999-01-13,9.75
2026-10-05,1999-01-14,11.1875
2026-10-05,1999-01-15,13.1875
2026-10-05,1999-01-18,13.0625
2026-10-05,1999-01-19,12.75
2026-10-05,1999-01-20,12
2026-10-05,1999-01-21,12.25
2026-10-05,1999-01-22,12
2026-10-05,1999-01-25,12
2026-10-05,1999-01-26,12.25
2026-10-05,1999-01-27,12
2026-10-05,1999-01-28,12.25
2026-10-05,1999-01-29,12
2026-10-05,1999-02-01,12.125
2026-10-05,1999-02-02,12
2026-10-05,1999-02-03,11.4375
2026-10-05,1999-02-04,10.9375
2026-10-05,1999-02-05,10.5625
2026-10-05,1999-02-08,10.0625
2026-10-05,1999-02-09,9.75
2026-10-05,1999-02-10,9.125
2026-10-05,1999-02-11,8.75
2026-10-05,1999-02-12,8.5
2026-10-05,1999-02-15,8.3125
2026-10-05,1999-02-16,8.0625
2026-10-05,1999-02-17,7.6875
2026-10-05,1999-02-18,7.3125
2026-10-05,1999-02-19,7.1875
2026-10-05,1999-02-22,7.0625
2026-10-05,1999-02-23,7.125
2026-10-05,1999-02-24,7.125
2026-10-05,1999-02-25,7.3125
2026-10-05,1999-02-26,7.4375
2026-10-05,1999-03-01,7.625
2026-10-05,1999-03-02,7.5
2026-10-05,1999-03-03,7.625
2026-10-05,1999-03-04,7.125
2026-10-05,1999-03-05,7.9375
2026-10-05,1999-03-08,7.1875
2026-10-05,1999-03-09,7.0625
2026-10-05,1999-03-10,6.8125
2026-10-05,1999-03-11,6.75
2026-10-05,1999-03-12,6.6875
2026-10-05,1999-03-15,6.8125
2026-10-05,1999-03-16,7.125
2026-10-05,1999-03-17,6.5
2026-10-05,1999-03-18,6.5625
2026-10-05,1999-03-19,6.4375
2026-10-05,1999-03-22,6.3125
2026-10-05,1999-03-23,6.3125
2026-10-05,1999-03-24,6.3125
2026-10-05,1999-03-25,6.25
2026-10-05,1999-03-26,6.375
2026-10-05,1999-03-29,6.4375
2026-10-05,1999-03-30,6.375
2026-10-05,1999-03-31,6.375
2026-10-05,1999-04-05,6.5625
2026-10-05,1999-04-06,6.5625
2026-10-05,1999-04-07,6.3125
2026-10-05,1999-04-08,6.25
2026-10-05,1999-04-09,6.5
2026-10-05,1999-04-12,6.125
2026-10-05,1999-04-13,5.8125
2026-10-05,1999-04-14,6.0625
2026-10-05,1999-04-15,5.75
2026-10-05,1999-04-16,5.75
2026-10-05,1999-04-19,5.5
2026-10-05,1999-04-20,5.4375
2026-10-05,1999-04-21,5.5625
2026-10-05,1999-04-22,5.125
2026-10-05,1999-04-23,5.25
2026-10-05,1999-04-26,5.25
2026-10-05,1999-04-27,5.25
2026-10-05,1999-04-28,5.4375
2026-10-05,1999-04-29,5.3125
2026-10-05,1999-04-30,5.3125
2026-10-05,1999-05-03,5.25
2026-10-05,1999-05-04,5.5
2026-10-05,1999-05-05,5.8125
2026-10-05,1999-05-06,5.4375
2026-10-05,1999-05-07,5.5625
2026-10-05,1999-05-10,5.5625
2026-10-05,1999-05-11,5.5625
2026-10-05,1999-05-12,5.5
2026-10-05,1999-05-13,5.625
2026-10-05,1999-05-14,5.6875
2026-10-05,1999-05-17,5.75
2026-10-05,1999-05-18,5.8125
2026-10-05,1999-05-19,6.5
2026-10-05,1999-05-20,7.6875
2026-10-05,1999-05-21,7.8125
2026-10-05,1999-05-24,7.6875
2026-10-05,1999-05-26,8.0625
2026-10-05,1999-05-27,8.3125
2026-10-05,1999-05-28,8.75
2026-10-05,1999-05-31,8.5
2026-10-05,1999-06-01,8.6875
2026-10-05,1999-06-02,8.5625
2026-10-05,1999-06-03,8.25
2026-10-05,1999-06-04,8.25
2026-10-05,1999-06-07,8
2026-10-05,1999-06-08,7.9375
2026-10-05,1999-06-09,7.75
2026-10-05,1999-06-10,7.9375
2026-10-05,1999-06-11,7.6875
2026-10-05,1999-06-15,7.6875
2026-10-05,1999-06-16,7.8125
2026-10-05,1999-06-17,7.9375
2026-10-05,1999-06-18,7.8125
2026-10-05,1999-06-22,7.9375
2026-10-05,1999-06-23,7.9375
2026-10-05,1999-06-24,8.125
2026-10-05,1999-06-25,8.25
2026-10-05,1999-06-28,8.375
2026-10-05,1999-06-29,8.3125
2026-10-05,1999-06-30,8.4375
2026-10-05,1999-07-01,8.625
2026-10-05,1999-07-02,8.0625
2026-10-05,1999-07-05,8.1875
2026-10-05,1999-07-06,8.375
2026-10-05,1999-07-07,8.25
2026-10-05,1999-07-08,8.125
2026-10-05,1999-07-12,8.6875
2026-10-05,1999-07-13,8.375
2026-10-05,1999-07-14,8.8125
2026-10-05,1999-07-15,8.75
2026-10-05,1999-07-16,8.4375
2026-10-05,1999-07-19,8.25
2026-10-05,1999-07-20,8.1875
2026-10-05,1999-07-21,7.8125
2026-10-05,1999-07-22,7.3125
2026-10-05,1999-07-23,7.6875
2026-10-05,1999-07-26,7.8125
2026-10-05,1999-07-27,7.875
2026-10-05,1999-07-28,7.875
2026-10-05,1999-07-29,7.875
2026-10-05,1999-07-30,8.3125
2026-10-05,1999-08-02,8.5
2026-10-05,1999-08-03,8.5625
2026-10-05,1999-08-04,8.5625
2026-10-05,1999-08-05,8.625
2026-10-05,1999-08-06,8.5625
2026-10-05,1999-08-09,8.5625
2026-10-05,1999-08-10,8.5
2026-10-05,1999-08-11,8.25
2026-10-05,1999-08-12,7.875
2026-10-05,1999-08-13,7.8125
2026-10-05,1999-08-17,8.0625
2026-10-05,1999-08-18,7.8125
2026-10-05,1999-08-19,7.875
2026-10-05,1999-08-20,7.875
2026-10-05,1999-08-23,7.8125
2026-10-05,1999-08-24,7.8125
2026-10-05,1999-08-25,7.875
2026-10-05,1999-08-26,7.875
2026-10-05,1999-08-27,7.8125
2026-10-05,1999-08-30,7.875
2026-10-05,1999-08-31,7.8125
2026-10-05,1999-09-01,8.125
2026-10-05,1999-09-02,8.125
2026-10-05,1999-09-03,8.1875
2026-10-05,1999-09-06,8.375
2026-10-05,1999-09-07,8.25
2026-10-05,1999-09-08,8.375
2026-10-05,1999-09-09,8.5
2026-10-05,1999-09-10,8.5
2026-10-05,1999-09-13,8.5625
2026-10-05,1999-09-14,8.625
2026-10-05,1999-09-15,8.8125
2026-10-05,1999-09-16,8.875
2026-10-05,1999-09-17,9
2026-10-05,1999-09-20,8.9375
2026-10-05,1999-09-21,9
2026-10-05,1999-09-22,9.125
2026-10-05,1999-09-23,9.0625
2026-10-05,1999-09-24,9.125
2026-10-05,1999-09-27,9.25
2026-10-05,1999-09-28,9.625
2026-10-05,1999-09-29,9.625
2026-10-05,1999-09-30,9.6875
2026-10-05,1999-10-01,10.0625
2026-10-05,1999-10-04,10.4375
2026-10-05,1999-10-05,10.8125
2026-10-05,1999-10-06,10.5
2026-10-05,1999-10-07,10.375
2026-10-05,1999-10-08,9.9375
2026-10-05,1999-10-12,10
2026-10-05,1999-10-13,10.5
2026-10-05,1999-10-14,10.5625
2026-10-05,1999-10-15,11
2026-10-05,1999-10-18,10.8125
2026-10-05,1999-10-19,10.8125
2026-10-05,1999-10-20,11.0625
2026-10-05,1999-10-21,11.0625
2026-10-05,1999-10-22,11.375
2026-10-05,1999-10-25,11.0625
2026-10-05,1999-10-26,11.25
2026-10-05,1999-10-27,11.125
2026-10-05,1999-10-28,11.25
2026-10-05,1999-10-29,11.375
2026-10-05,1999-11-01,11
2026-10-05,1999-11-02,11.125
2026-10-05,1999-11-03,10.9375
2026-10-05,1999-11-04,11.125
2026-10-05,1999-11-05,10.875
2026-10-05,1999-11-08,10.875
2026-10-05,1999-11-09,10.9375
2026-10-05,1999-11-10,10.8125
2026-10-05,1999-11-11,10.5
2026-10-05,1999-11-12,10.4375
2026-10-05,1999-11-15,10.5
2026-10-05,1999-11-16,10.5
2026-10-05,1999-11-17,10.0625
2026-10-05,1999-11-18,10.3125
2026-10-05,1999-11-19,9.8125
2026-10-05,1999-11-22,10
2026-10-05,1999-11-23,9.75
2026-10-05,1999-11-24,10.0625
2026-10-05,1999-11-25,10
2026-10-05,1999-11-26,9.75
2026-10-05,1999-11-29,9.1875
2026-10-05,1999-11-30,10.125
2026-10-05,1999-12-01,10.25
2026-10-05,1999-12-02,10.0625
2026-10-05,1999-12-03,10.5
2026-10-05,1999-12-06,10.8125
2026-10-05,1999-12-07,11.0625
2026-10-05,1999-12-09,11.375
2026-10-05,1999-12-10,12.3125
2026-10-05,1999-12-13,12.75
2026-10-05,1999-12-14,12.5
2026-10-05,1999-12-15,12.75
2026-10-05,1999-12-16,12.75
2026-10-05,1999-12-17,12.75
2026-10-05,1999-12-20,12.5
2026-10-05,1999-12-21,12.5
2026-10-05,1999-12-22,12.5
2026-10-05,1999-12-23,12.25
2026-10-05,1999-12-24,12
2026-10-05,1999-12-27,12
2026-10-05,1999-12-28,11.9375
2026-10-05,1999-12-29,11.8125
2026-10-05,1999-12-30,11.3125
2026-10-05,2000-01-03,9.625
2026-10-05,2000-01-04,8.6875
2026-10-05,2000-01-05,8.4375
2026-10-05,2000-01-06,7.625
2026-10-05,2000-01-07,7.3125
2026-10-05,2000-01-10,7.4375
2026-10-05,2000-01-11,7.4375
2026-10-05,2000-01-12,7.625
2026-10-05,2000-01-13,8.375
2026-10-05,2000-01-14,8.125
2026-10-05,2000-01-17,7.9375
2026-10-05,2000-01-18,8.125
2026-10-05,2000-01-19,8.0625
2026-10-05,2000-01-20,8.0625
2026-10-05,2000-01-21,8.0625
2026-10-05,2000-01-24,8.0625
2026-10-05,2000-01-25,8.3125
2026-10-05,2000-01-26,8.375
2026-10-05,2000-01-27,8.375
2026-10-05,2000-01-28,8.5625
2026-10-05,2000-01-31,8.75
2026-10-05,2000-02-01,8.8125
2026-10-05,2000-02-02,8.8125
2026-10-05,2000-02-03,8.9375
2026-10-05,2000-02-04,8.875
2026-10-05,2000-02-07,9.0625
2026-10-05,2000-02-08,9.0625
2026-10-05,2000-02-09,9
2026-10-05,2000-02-10,9.125
2026-10-05,2000-02-11,8.9375
2026-10-05,2000-02-14,9
2026-10-05,2000-02-15,9.0625
2026-10-05,2000-02-16,8.9375
2026-10-05,2000-02-17,8.9375
2026-10-05,2000-02-18,8.875
2026-10-05,2000-02-21,8.875
2026-10-05,2000-02-22,8.8125
2026-10-05,2000-02-23,8.9375
2026-10-05,2000-02-24,8.6875
2026-10-05,2000-02-25,8.5625
2026-10-05,2000-02-28,8.5
2026-10-05,2000-02-29,8.4375
2026-10-05,2000-03-01,8.5
2026-10-05,2000-03-02,8.5
2026-10-05,2000-03-03,8.4375
2026-10-05,2000-03-06,8
2026-10-05,2000-03-07,7.9375
2026-10-05,2000-03-08,7.9375
2026-10-05,2000-03-09,7.8125
2026-10-05,2000-03-10,7.6875
2026-10-05,2000-03-13,7.5625
2026-10-05,2000-03-14,7.625
2026-10-05,2000-03-15,7.625
2026-10-05,2000-03-16,7.625
2026-10-05,2000-03-17,7.5
2026-10-05,2000-03-20,7.3125
2026-10-05,2000-03-21,7.1875
2026-10-05,2000-03-22,7.4375
2026-10-05,2000-03-23,7
2026-10-05,2000-03-24,6.8125
2026-10-05,2000-03-27,7
2026-10-05,2000-03-28,7.3125
2026-10-05,2000-03-29,7.0625
2026-10-05,2000-03-30,7.125
2026-10-05,2000-03-31,7.375
2026-10-05,2000-04-03,7.3125
2026-10-05,2000-04-04,7.0625
2026-10-05,2000-04-05,7.1875
2026-10-05,2000-04-06,7.25
2026-10-05,2000-04-07,7.4375
2026-10-05,2000-04-10,7.3125
2026-10-05,2000-04-11,7.3125
2026-10-05,2000-04-12,7.3125
2026-10-05,2000-04-13,7.3125
2026-10-05,2000-04-14,7.4375
2026-10-05,2000-04-17,7.5625
2026-10-05,2000-04-18,7.625
2026-10-05,2000-04-19,7.5625
2026-10-05,2000-04-24,7.625
2026-10-05,2000-04-25,7.75
2026-10-05,2000-04-26,7.875
2026-10-05,2000-04-27,8.0625
2026-10-05,2000-04-28,8.125
2026-10-05,2000-05-02,8.0625
2026-10-05,2000-05-03,8.0625
2026-10-05,2000-05-04,8.1875
2026-10-05,2000-05-05,8.1875
2026-10-05,2000-05-08,8.3125
2026-10-05,2000-05-09,8.375
2026-10-05,2000-05-10,8.5625
2026-10-05,2000-05-11,8.8125
2026-10-05,2000-05-12,8.625
2026-10-05,2000-05-15,9.125
2026-10-05,2000-05-16,9.1875
2026-10-05,2000-05-17,9
2026-10-05,2000-05-18,9.0625
2026-10-05,2000-05-19,9
2026-10-05,2000-05-22,8.9375
2026-10-05,2000-05-23,9
2026-10-05,2000-05-24,8.875
2026-10-05,2000-05-26,8.75
2026-10-05,2000-05-29,9.0625
2026-10-05,2000-05-30,9.125
2026-10-05,2000-05-31,9.0625
2026-10-05,2000-06-01,8.875
2026-10-05,2000-06-02,8.625
2026-10-05,2000-06-05,8.375
2026-10-05,2000-06-06,7.9375
2026-10-05,2000-06-07,8.0625
2026-10-05,2000-06-08,7.75
2026-10-05,2000-06-09,7.875
2026-10-05,2000-06-12,7.6875
2026-10-05,2000-06-13,7.5
2026-10-05,2000-06-14,7.5625
2026-10-05,2000-06-15,7.6875
2026-10-05,2000-06-16,7.75
2026-10-05,2000-06-20,7.8125
2026-10-05,2000-06-21,7.8125
2026-10-05,2000-06-22,7.875
2026-10-05,2000-06-23,7.75
2026-10-05,2000-06-26,7.9375
2026-10-05,2000-06-27,7.9375
2026-10-05,2000-06-28,8
2026-10-05,2000-06-29,8
2026-10-05,2000-06-30,8.0625
2026-10-05,2000-07-03,7.75
2026-10-05,2000-07-04,7.875
2026-10-05,2000-07-05,7.875
2026-10-05,2000-07-06,7.6875
2026-10-05,2000-07-07,7.75
2026-10-05,2000-07-10,7.5625
2026-10-05,2000-07-11,7.5625
2026-10-05,2000-07-12,7.625
2026-10-05,2000-07-13,7.625
2026-10-05,2000-07-14,7.875
2026-10-05,2000-07-17,7.75
2026-10-05,2000-07-18,7.6875
2026-10-05,2000-07-19,7.875
2026-10-05,2000-07-20,7.75
2026-10-05,2000-07-21,7.8125
2026-10-05,2000-07-24,7.8125
2026-10-05,2000-07-25,7.8125
2026-10-05,2000-07-26,7.9375
2026-10-05,2000-07-27,7.875
2026-10-05,2000-07-28,7.8125
2026-10-05,2000-07-31,7.6875
2026-10-05,2000-08-01,7.875
2026-10-05,2000-08-02,7.75
2026-10-05,2000-08-03,7.6875
2026-10-05,2000-08-04,7.625
2026-10-05,2000-08-07,7.625
2026-10-05,2000-08-08,7.5
2026-10-05,2000-08-09,7.5625
2026-10-05,2000-08-10,7.5
2026-10-05,2000-08-11,7.625
2026-10-05,2000-08-14,7.5
2026-10-05,2000-08-15,7.5
2026-10-05,2000-08-16,7.5625
2026-10-05,2000-08-17,7.5625
2026-10-05,2000-08-18,7.5625
2026-10-05,2000-08-22,7.5625
2026-10-05,2000-08-23,7.5625
2026-10-05,2000-08-24,7.625
2026-10-05,2000-08-25,7.75
2026-10-05,2000-08-28,7.75
2026-10-05,2000-08-29,7.8125
2026-10-05,2000-08-30,7.875
2026-10-05,2000-08-31,8
2026-10-05,2000-09-01,8
2026-10-05,2000-09-04,8
2026-10-05,2000-09-05,8.125
2026-10-05,2000-09-06,8.375
2026-10-05,2000-09-07,7.75
2026-10-05,2000-09-08,8.4375
2026-10-05,2000-09-11,8.25
2026-10-05,2000-09-12,8.25
2026-10-05,2000-09-13,8.25
2026-10-05,2000-09-14,8.375
2026-10-05,2000-09-15,8.375
2026-10-05,2000-09-18,8.3125
2026-10-05,2000-09-19,8.4375
2026-10-05,2000-09-20,8.6875
2026-10-05,2000-09-21,8.4375
2026-10-05,2000-09-22,8.625
2026-10-05,2000-09-25,8.625
2026-10-05,2000-09-26,8.8125
2026-10-05,2000-09-27,8.75
2026-10-05,2000-09-28,8.5
2026-10-05,2000-09-29,8.9375
2026-10-05,2000-10-02,8.8125
2026-10-05,2000-10-03,8.625
2026-10-05,2000-10-04,8.625
2026-10-05,2000-10-05,8.4375
2026-10-05,2000-10-06,8.375
2026-10-05,2000-10-09,8.3125
2026-10-05,2000-10-10,8.625
2026-10-05,2000-10-11,8.4375
2026-10-05,2000-10-12,8.75
2026-10-05,2000-10-13,8.9375
2026-10-05,2000-10-17,9.1875
2026-10-05,2000-10-18,9.6875
2026-10-05,2000-10-19,9.625
2026-10-05,2000-10-20,9.75
2026-10-05,2000-10-23,9.1875
2026-10-05,2000-10-24,9.625
2026-10-05,2000-10-25,10.0625
2026-10-05,2000-10-26,10.1875
2026-10-05,2000-10-27,10.5625
2026-10-05,2000-10-30,10.375
2026-10-05,2000-10-31,11.125
2026-10-05,2000-11-01,11.25
2026-10-05,2000-11-02,11.75
2026-10-05,2000-11-03,12.4375
2026-10-05,2000-11-07,15.3125
2026-10-05,2000-11-08,15.625
2026-10-05,2000-11-09,16.625
2026-10-05,2000-11-10,14.25
2026-10-05,2000-11-13,12
2026-10-05,2000-11-14,12
2026-10-05,2000-11-15,12.4375
2026-10-05,2000-11-16,12.5
2026-10-05,2000-11-17,12.625
2026-10-05,2000-11-20,12.8125
2026-10-05,2000-11-21,12.625
2026-10-05,2000-11-22,12.0625
2026-10-05,2000-11-23,12.9375
2026-10-05,2000-11-24,11.6875
2026-10-05,2000-11-27,12.6875
2026-10-05,2000-11-28,12.6875
2026-10-05,2000-11-29,10.75
2026-10-05,2000-11-30,13.125
2026-10-05,2000-12-01,13.75
2026-10-05,2000-12-04,13.4375
2026-10-05,2000-12-05,14.125
2026-10-05,2000-12-06,15.1875
2026-10-05,2000-12-07,15.875
2026-10-05,2000-12-11,15.5
2026-10-05,2000-12-12,16.3125
2026-10-05,2000-12-13,16.5
2026-10-05,2000-12-14,16.625
2026-10-05,2000-12-15,16.75
2026-10-05,2000-12-18,16.625
2026-10-05,2000-12-19,16.125
2026-10-05,2000-12-20,14.3125
2026-10-05,2000-12-21,13.3125
2026-10-05,2000-12-22,12.375
2026-10-05,2000-12-26,12.8125
2026-10-05,2000-12-27,12.5625
2026-10-05,2000-12-28,11.9375
2026-10-05,2001-01-02,12.125
2026-10-05,2001-01-03,11.25
2026-10-05,2001-01-04,11.1875
2026-10-05,2001-01-05,10.0625
2026-10-05,2001-01-08,9.875
2026-10-05,2001-01-09,9.375
2026-10-05,2001-01-10,9.0625
2026-10-05,2001-01-11,8.8125
2026-10-05,2001-01-12,8.8125
2026-10-05,2001-01-15,8.625
2026-10-05,2001-01-16,8.4375
2026-10-05,2001-01-17,8.3125
2026-10-05,2001-01-18,8
2026-10-05,2001-01-19,7.875
2026-10-05,2001-01-22,7.8125
2026-10-05,2001-01-23,7.5
2026-10-05,2001-01-24,7.625
2026-10-05,2001-01-25,7.9375
2026-10-05,2001-01-26,7.6875
2026-10-05,2001-01-29,7.375
2026-10-05,2001-01-30,7.375
2026-10-05,2001-01-31,7.625
2026-10-05,2001-02-01,7.375
2026-10-05,2001-02-02,7.0625
2026-10-05,2001-02-05,6.875
2026-10-05,2001-02-06,6.6875
2026-10-05,2001-02-07,6.75
2026-10-05,2001-02-08,6.6875
2026-10-05,2001-02-09,6.375
2026-10-05,2001-02-12,6.125
2026-10-05,2001-02-13,5.875
2026-10-05,2001-02-14,6.125
2026-10-05,2001-02-15,6.0625
2026-10-05,2001-02-16,5.9375
2026-10-05,2001-02-19,6.25
2026-10-05,2001-02-20,5.8125
2026-10-05,2001-02-21,6.25
2026-10-05,2001-02-22,7
2026-10-05,2001-02-23,6.25
2026-10-05,2001-02-26,6.3125
2026-10-05,2001-02-27,6.1875
2026-10-05,2001-02-28,6.3125
2026-10-05,2001-03-01,6.1875
2026-10-05,2001-03-02,6.4375
2026-10-05,2001-03-05,6.625
2026-10-05,2001-03-06,6.5625
2026-10-05,2001-03-07,6.625
2026-10-05,2001-03-08,6.75
2026-10-05,2001-03-09,6.875
2026-10-05,2001-03-12,6.8125
2026-10-05,2001-03-13,7.1875
2026-10-05,2001-03-14,8.125
2026-10-05,2001-03-15,7.875
2026-10-05,2001-03-16,15.5
2026-10-05,2001-03-19,22
2026-10-05,2001-03-20,21.25
2026-10-05,2001-03-21,19.25
2026-10-05,2001-03-22,26.25
2026-10-05,2001-03-23,42.0625
2026-10-05,2001-03-26,20.4375
2026-10-05,2001-03-27,22.0625
2026-10-05,2001-03-28,19.6875
2026-10-05,2001-03-29,19.625
2026-10-05,2001-03-30,27.4375
2026-10-05,2001-04-03,19.5625
2026-10-05,2001-04-04,23.4375
2026-10-05,2001-04-05,16.3125
2026-10-05,2001-04-06,13.875
2026-10-05,2001-04-09,12.5625
2026-10-05,2001-04-10,12.0625
2026-10-05,2001-04-11,12.6875
2026-10-05,2001-04-16,16.125
2026-10-05,2001-04-17,14.5
2026-10-05,2001-04-18,11.5
2026-10-05,2001-04-19,12.0625
2026-10-05,2001-04-20,31.3125
2026-10-05,2001-04-23,32.5
2026-10-05,2001-04-24,23.9375
2026-10-05,2001-04-25,29.9375
2026-10-05,2001-04-26,22.3125
2026-10-05,2001-04-27,19.3125
2026-10-05,2001-04-30,17.0625
2026-10-05,2001-05-02,18.75
2026-10-05,2001-05-03,21.6875
2026-10-05,2001-05-04,18.75
2026-10-05,2001-05-07,17.5625
2026-10-05,2001-05-08,17.3125
2026-10-05,2001-05-09,17.25
2026-10-05,2001-05-10,17.875
2026-10-05,2001-05-11,19.375
2026-10-05,2001-05-14,22.9375
2026-10-05,2001-05-15,20.6875
2026-10-05,2001-05-16,16.25
2026-10-05,2001-05-17,14.9375
2026-10-05,2001-05-18,12.8125
2026-10-05,2001-05-21,13.375
2026-10-05,2001-05-22,11.5625
2026-10-05,2001-05-23,10.75
2026-10-05,2001-05-24,11.875
2026-10-05,2001-05-28,11.9375
2026-10-05,2001-05-29,12
2026-10-05,2001-05-30,12.375
2026-10-05,2001-05-31,12.375
2026-10-05,2001-06-01,13.3125
2026-10-05,2001-06-04,12.75
2026-10-05,2001-06-05,12.875
2026-10-05,2001-06-06,12.3125
2026-10-05,2001-06-07,11.9375
2026-10-05,2001-06-08,12.4375
2026-10-05,2001-06-11,12.1875
2026-10-05,2001-06-12,11
2026-10-05,2001-06-13,10.6875
2026-10-05,2001-06-14,11
2026-10-05,2001-06-15,11.8125
2026-10-05,2001-06-19,18.125
2026-10-05,2001-06-20,14.75
2026-10-05,2001-06-21,13.5
2026-10-05,2001-06-22,12.8125
2026-10-05,2001-06-25,11.9375
2026-10-05,2001-06-26,11.9375
2026-10-05,2001-06-27,11.8125
2026-10-05,2001-06-28,12.25
2026-10-05,2001-06-29,13.25
2026-10-05,2001-07-02,16
2026-10-05,2001-07-03,15.6875
2026-10-05,2001-07-04,18.875
2026-10-05,2001-07-05,22.125
2026-10-05,2001-07-06,24.6875
2026-10-05,2001-07-10,22.25
2026-10-05,2001-07-11,33.5625
2026-10-05,2001-07-12,51.0625
2026-10-05,2001-07-13,56.5
2026-10-05,2001-07-16,48.9375
2026-10-05,2001-07-17,28.0625
2026-10-05,2001-07-18,34
2026-10-05,2001-07-19,42.8125
2026-10-05,2001-07-20,34.875
2026-10-05,2001-07-23,29.3125
2026-10-05,2001-07-24,28.375
2026-10-05,2001-07-25,36.875
2026-10-05,2001-07-26,42.8125
2026-10-05,2001-07-27,52.875
2026-10-05,2001-07-30,34.3125
2026-10-05,2001-07-31,35.8125
2026-10-05,2001-08-01,47.875
2026-10-05,2001-08-02,39.9375
2026-10-05,2001-08-03,40.875
2026-10-05,2001-08-06,47.4375
2026-10-05,2001-08-07,46.6875
2026-10-05,2001-08-08,48.375
2026-10-05,2001-08-09,33.875
2026-10-05,2001-08-10,37.3125
2026-10-05,2001-08-13,35
2026-10-05,2001-08-14,34.9375
2026-10-05,2001-08-15,35.375
2026-10-05,2001-08-16,29.6875
2026-10-05,2001-08-17,37.75
2026-10-05,2001-08-21,39.625
2026-10-05,2001-08-22,30.875
2026-10-05,2001-08-23,29.75
2026-10-05,2001-08-24,31.375
2026-10-05,2001-08-27,31.1875
2026-10-05,2001-08-28,27.6875
2026-10-05,2001-08-29,25.8125
2026-10-05,2001-08-30,24.4375
2026-10-05,2001-08-31,27.375
2026-10-05,2001-09-03,26.5
2026-10-05,2001-09-04,26.6875
2026-10-05,2001-09-05,27.0625
2026-10-05,2001-09-06,28.1875
2026-10-05,2001-09-07,29.125
2026-10-05,2001-09-10,29.6875
2026-10-05,2001-09-11,26.0625
2026-10-05,2001-09-12,30.6875
2026-10-05,2001-09-13,30.1875
2026-10-05,2001-09-14,30.5
2026-10-05,2001-09-17,30.6875
2026-10-05,2001-09-18,29.9375
2026-10-05,2001-09-19,29.625
2026-10-05,2001-09-20,27
2026-10-05,2001-09-21,26.5
2026-10-05,2001-09-24,26.25
2026-10-05,2001-09-25,22.375
2026-10-05,2001-09-26,22.125
2026-10-05,2001-09-27,19.6875
2026-10-05,2001-09-28,18.9375
2026-10-05,2001-10-01,19.3125
2026-10-05,2001-10-02,21.125
2026-10-05,2001-10-03,23.125
2026-10-05,2001-10-04,26.3125
2026-10-05,2001-10-05,39
2026-10-05,2001-10-09,39.0625
2026-10-05,2001-10-10,39.625
2026-10-05,2001-10-11,40
2026-10-05,2001-10-12,36.125
2026-10-05,2001-10-15,29.9375
2026-10-05,2001-10-16,26.1875
2026-10-05,2001-10-17,22.3125
2026-10-05,2001-10-18,20.3125
2026-10-05,2001-10-19,21.5
2026-10-05,2001-10-22,20.3125
2026-10-05,2001-10-23,19
2026-10-05,2001-10-24,20.5
2026-10-05,2001-10-25,22.4375
2026-10-05,2001-10-26,27.75
2026-10-05,2001-10-29,33.4375
2026-10-05,2001-10-30,43.0625
2026-10-05,2001-10-31,45
2026-10-05,2001-11-01,54.5
2026-10-05,2001-11-02,60.1875
2026-10-05,2001-11-05,66.0625
2026-10-05,2001-11-07,42.875
2026-10-05,2001-11-08,36.9375
2026-10-05,2001-11-09,40.4375
2026-10-05,2001-11-12,44.875
2026-10-05,2001-11-13,45.875
2026-10-05,2001-11-14,48.8125
2026-10-05,2001-11-15,50
2026-10-05,2001-11-16,53.8125
2026-10-05,2001-11-19,55.6875
2026-10-05,2001-11-20,56.6875
2026-10-05,2001-11-21,55.75
2026-10-05,2001-11-22,55.375
2026-10-05,2001-11-23,33.375
2026-10-05,2001-11-26,18.9375
2026-10-05,2001-11-27,14.75
2026-10-05,2001-11-28,14.6875
2026-10-05,2001-11-29,16.3125
2026-10-05,2001-11-30,15.5625
2026-10-05,2001-12-03,14.25
2026-10-05,2001-12-04,11.5
2026-10-05,2001-12-05,11.3125
2026-10-05,2001-12-27,7.5
2026-10-05,2001-12-28,7.4375
2026-10-05,2001-12-31,7.5
2026-10-05,2002-01-02,7.5
2026-10-05,2002-01-03,7
2026-10-05,2002-01-04,7.6875
2026-10-05,2002-01-21,8.75
2026-10-05,2002-01-31,6.5625
2026-10-05,2002-02-11,17.5
2026-10-05,2002-02-12,12
2026-10-05,2002-02-13,12
2026-10-05,2002-02-14,15
2026-10-05,2002-02-15,15.375
2026-10-05,2002-02-19,15.6875
2026-10-05,2002-02-20,15
2026-10-05,2002-02-22,18
2026-10-05,2002-02-26,20
2026-10-05,2002-02-27,22.625
2026-10-05,2002-02-28,18
2026-10-05,2002-03-01,21.5
2026-10-05,2002-03-04,19.5
2026-10-05,2002-03-05,14.5
2026-10-05,2002-03-06,20.625
2026-10-05,2002-03-08,15
2026-10-05,2002-03-11,10
2026-10-05,2002-03-12,22.625
2026-10-05,2002-03-13,20.625
2026-10-05,2002-03-14,23.5625
2026-10-05,2002-03-15,5.4375
2026-10-05,2002-03-18,26
2026-10-05,2002-03-19,25.125
2026-10-05,2002-03-20,24.9375
2026-10-05,2002-03-21,25.5625
2026-10-05,2002-03-22,28.875
2026-10-05,2002-03-25,35
2026-10-05,2002-03-26,30
2026-10-05,2002-03-27,33.5
2026-10-05,2002-04-02,52.0625
2026-10-05,2002-04-03,47.375
2026-10-05,2002-04-04,55.4375
2026-10-05,2002-04-08,65
2026-10-05,2002-04-09,35
2026-10-05,2002-04-10,90
2026-10-05,2002-04-11,85
2026-10-05,2002-04-12,70.875
2026-10-05,2002-04-15,88.4375
2026-10-05,2002-04-16,93.875
2026-10-05,2002-04-17,89.625
2026-10-05,2002-04-18,98.75
2026-10-05,2002-04-19,115.9375
2026-10-05,2002-04-29,134.1875
2026-10-05,2002-04-30,111.3125
2026-10-05,2002-05-02,138.4375
2026-10-05,2002-05-03,115.875
2026-10-05,2002-05-06,141.1875
2026-10-05,2002-05-07,160.125
2026-10-05,2002-05-08,189.1875
2026-10-05,2002-05-09,177.25
2026-10-05,2002-05-10,87.1875
2026-10-05,2002-05-13,128.9375
2026-10-05,2002-05-14,111.4375
2026-10-05,2002-05-15,110.5
2026-10-05,2002-05-16,131.625
2026-10-05,2002-05-17,130.3125
2026-10-05,2002-05-20,83.8125
2026-10-05,2002-05-21,150
2026-10-05,2002-05-22,138
2026-10-05,2002-05-23,121.25
2026-10-05,2002-05-24,82.9375
2026-10-05,2002-05-27,93.75
2026-10-05,2002-05-28,107.875
2026-10-05,2002-05-29,115.5625
2026-10-05,2002-05-30,121.3125
2026-10-05,2002-05-31,60.625
2026-10-05,2002-06-03,119.375
2026-10-05,2002-06-04,147.6875
2026-10-05,2002-06-05,109.5625
2026-10-05,2002-06-06,86.125
2026-10-05,2002-06-07,99.1875
2026-10-05,2002-06-10,143.875
2026-10-05,2002-06-11,105.0625
2026-10-05,2002-06-12,117.375
2026-10-05,2002-06-13,97.75
2026-10-05,2002-06-14,89.6875
2026-10-05,2002-06-18,111.625
2026-10-05,2002-06-19,98.375
2026-10-05,2002-06-20,146.5625
2026-10-05,2002-06-21,116.5
2026-10-05,2002-06-24,85.3125
2026-10-05,2002-06-25,123.1875
2026-10-05,2002-06-26,104
2026-10-05,2002-06-27,120
2026-10-05,2002-06-28,58.8125
2026-10-05,2002-07-01,84.1875
2026-10-05,2002-07-02,94.375
2026-10-05,2002-07-03,113.375
2026-10-05,2002-07-04,115.625
2026-10-05,2002-07-05,94
2026-10-05,2002-07-08,101.1875
2026-10-05,2002-07-10,115.5625
2026-10-05,2002-07-11,121
2026-10-05,2002-07-12,115.8125
2026-10-05,2002-07-15,120.375
2026-10-05,2002-07-16,127.1875
2026-10-05,2002-07-17,102.0625
2026-10-05,2002-07-18,144
2026-10-05,2002-07-19,112.625
2026-10-05,2002-07-22,104.375
2026-10-05,2002-07-23,92.5625
2026-10-05,2002-07-24,103.5
2026-10-05,2002-07-25,97.1875
2026-10-05,2002-07-26,84.875
2026-10-05,2002-07-29,96.75
2026-10-05,2002-07-30,100.3125
2026-10-05,2002-07-31,97.4375
2026-10-05,2002-08-01,104
2026-10-05,2002-08-02,96.6875
2026-10-05,2002-08-05,100.125
2026-10-05,2002-08-06,103.9375
2026-10-05,2002-08-07,94.6875
2026-10-05,2002-08-08,104.0625
2026-10-05,2002-08-09,80.75
2026-10-05,2002-08-12,73.125
2026-10-05,2002-08-13,76.75
2026-10-05,2002-08-14,66.1875
2026-10-05,2002-08-15,72.25
2026-10-05,2002-08-16,58.3125
2026-10-05,2002-08-20,58.5
2026-10-05,2002-08-21,52.9375
2026-10-05,2002-08-22,64.375
2026-10-05,2002-08-23,56.125
2026-10-05,2002-08-26,60.625
2026-10-05,2002-08-27,60.3125
2026-10-05,2002-08-28,58.625
2026-10-05,2002-08-29,61.375
2026-10-05,2002-08-30,59.25
2026-10-05,2002-09-02,54.0625
2026-10-05,2002-09-03,56.6875
2026-10-05,2002-09-04,54.1875
2026-10-05,2002-09-05,59.9375
2026-10-05,2002-09-06,49.625
2026-10-05,2002-09-09,57.0625
2026-10-05,2002-09-10,48.375
2026-10-05,2002-09-11,45
2026-10-05,2002-09-12,44.125
2026-10-05,2002-09-13,42.0625
2026-10-05,2002-09-16,47.3125
2026-10-05,2002-09-17,40.625
2026-10-05,2002-09-18,36
2026-10-05,2002-09-19,35.9375
2026-10-05,2002-09-20,32.5625
2026-10-05,2002-09-23,30.375
2026-10-05,2002-09-24,32.75
2026-10-05,2002-09-25,26.5
2026-10-05,2002-09-26,28.5625
2026-10-05,2002-09-27,35.5
2026-10-05,2002-09-30,34.6875
2026-10-05,2002-10-01,32.9375
2026-10-05,2002-10-02,31.75
2026-10-05,2002-10-03,36.8125
2026-10-05,2002-10-04,30.4375
2026-10-05,2002-10-07,40.1875
2026-10-05,2002-10-08,36.625
2026-10-05,2002-10-09,35.875
2026-10-05,2002-10-10,27.9375
2026-10-05,2002-10-11,23.1875
2026-10-05,2002-10-15,24.0625
2026-10-05,2002-10-16,20.75
2026-10-05,2002-10-17,22.9375
2026-10-05,2002-10-18,14.1875
2026-10-05,2002-10-21,24
2026-10-05,2002-10-22,24.75
2026-10-05,2002-10-23,22.9375
2026-10-05,2002-10-24,26
2026-10-05,2002-10-25,22.5625
2026-10-05,2002-10-28,22.25
2026-10-05,2002-10-29,19.75
2026-10-05,2002-10-30,20.4375
2026-10-05,2002-10-31,21
2026-10-05,2002-11-01,12.4375
2026-10-05,2002-11-04,16.75
2026-10-05,2002-11-05,16.5
2026-10-05,2002-11-07,12.5
2026-10-05,2002-11-08,12.5625
2026-10-05,2002-11-11,12.5
2026-10-05,2002-11-12,11.25
2026-10-05,2002-11-13,13.9375
2026-10-05,2002-11-14,16
2026-10-05,2002-11-15,9.5
2026-10-05,2002-11-18,14.4375
2026-10-05,2002-11-19,17.4375
2026-10-05,2002-11-20,16.1875
2026-10-05,2002-11-21,14.6875
2026-10-05,2002-11-22,11.8125
2026-10-05,2002-11-25,16.5625
2026-10-05,2002-11-26,14.1875
2026-10-05,2002-11-27,12.4375
2026-10-05,2002-11-28,17.4375
2026-10-05,2002-11-29,15.0625
2026-10-05,2002-12-02,19.9375
2026-10-05,2002-12-03,18
2026-10-05,2002-12-04,20
2026-10-05,2002-12-05,14.25
2026-10-05,2002-12-06,13.6875
2026-10-05,2002-12-09,16.625
2026-10-05,2002-12-10,16.1875
2026-10-05,2002-12-11,16.875
2026-10-05,2002-12-12,11.375
2026-10-05,2002-12-13,15.125
2026-10-05,2002-12-16,21.75
2026-10-05,2002-12-17,19.375
2026-10-05,2002-12-18,24.875
2026-10-05,2002-12-19,21
2026-10-05,2002-12-20,13
2026-10-05,2002-12-23,25.375
2026-10-05,2002-12-24,21.4375
2026-10-05,2002-12-26,20.375
2026-10-05,2002-12-27,19.4375
2026-10-05,2002-12-30,21.1875
2026-10-05,2002-12-31,21.3125
2026-10-05,2003-01-02,21.75
2026-10-05,2003-01-03,18.375
2026-10-05,2003-01-06,18.1875
2026-10-05,2003-01-07,14.6875
2026-10-05,2003-01-08,13.4375
2026-10-05,2003-01-09,10.5625
2026-10-05,2003-01-10,8.9375
2026-10-05,2003-01-13,13.75
2026-10-05,2003-01-14,11.6875
2026-10-05,2003-01-15,14.3125
2026-10-05,2003-01-16,13.8125
2026-10-05,2003-01-17,13.5
2026-10-05,2003-01-20,14.3125
2026-10-05,2003-01-21,13.8125
2026-10-05,2003-01-22,16.3125
2026-10-05,2003-01-23,12.9375
2026-10-05,2003-01-24,10.5625
2026-10-05,2003-01-27,13.4375
2026-10-05,2003-01-28,12.1875
2026-10-05,2003-01-29,15.375
2026-10-05,2003-01-30,12.9375
2026-10-05,2003-01-31,11.4375
2026-10-05,2003-02-03,13.125
2026-10-05,2003-02-04,15
2026-10-05,2003-02-05,14.5625
2026-10-05,2003-02-06,12.75
2026-10-05,2003-02-07,12.875
2026-10-05,2003-02-10,19.4375
2026-10-05,2003-02-11,13.625
2026-10-05,2003-02-12,14.25
2026-10-05,2003-02-13,14.875
2026-10-05,2003-02-14,15.75
2026-10-05,2003-02-17,23.8125
2026-10-05,2003-02-18,20.375
2026-10-05,2003-02-19,21.375
2026-10-05,2003-02-20,18.8125
2026-10-05,2003-02-21,15.25
2026-10-05,2003-02-24,18.9375
2026-10-05,2003-02-25,17.375
2026-10-05,2003-02-26,17.6875
2026-10-05,2003-02-27,17.1875
2026-10-05,2003-02-28,19.9375
2026-10-05,2003-03-03,17.25
2026-10-05,2003-03-04,16.8125
2026-10-05,2003-03-05,18.5625
2026-10-05,2003-03-06,20.5625
2026-10-05,2003-03-07,20.25
2026-10-05,2003-03-10,16.4375
2026-10-05,2003-03-11,23.75
2026-10-05,2003-03-12,21.9375
2026-10-05,2003-03-13,17.1875
2026-10-05,2003-03-14,22.25
2026-10-05,2003-03-17,17
2026-10-05,2003-03-18,21
2026-10-05,2003-03-19,25.0625
2026-10-05,2003-03-20,22.4375
2026-10-05,2003-03-21,21.0625
2026-10-05,2003-03-24,21.8125
2026-10-05,2003-03-25,11.875
2026-10-05,2003-03-26,26.0625
2026-10-05,2003-03-27,19.9375
2026-10-05,2003-03-28,17.5
2026-10-05,2003-04-01,16.5625
2026-10-05,2003-04-02,21.875
2026-10-05,2003-04-03,22.4375
2026-10-05,2003-04-04,17.5625
2026-10-05,2003-04-07,21.875
2026-10-05,2003-04-08,13.3125
2026-10-05,2003-04-09,22.1875
2026-10-05,2003-04-10,20.75
2026-10-05,2003-04-11,17.8125
2026-10-05,2003-04-14,21.4375
2026-10-05,2003-04-15,12
2026-10-05,2003-04-16,16.25
2026-10-05,2003-04-21,17.375
2026-10-05,2003-04-22,12.9375
2026-10-05,2003-04-23,16.625
2026-10-05,2003-04-24,16.0625
2026-10-05,2003-04-25,17.5625
2026-10-05,2003-04-28,17
2026-10-05,2003-04-29,11.625
2026-10-05,2003-04-30,16.125
2026-10-05,2003-05-02,14.25
2026-10-05,2003-05-05,14.3125
2026-10-05,2003-05-06,10.5625
2026-10-05,2003-05-07,10.9375
2026-10-05,2003-05-08,12.5
2026-10-05,2003-05-09,12.0625
2026-10-05,2003-05-12,12.5
2026-10-05,2003-05-13,7.875
2026-10-05,2003-05-14,11.0625
2026-10-05,2003-05-15,10.3125
2026-10-05,2003-05-16,8.5
2026-10-05,2003-05-19,9.875
2026-10-05,2003-05-20,10.125
2026-10-05,2003-05-21,7.8125
2026-10-05,2003-05-22,8.5
2026-10-05,2003-05-23,8.8125
2026-10-05,2003-05-26,10.0625
2026-10-05,2003-05-27,9.125
2026-10-05,2003-05-28,9.625
2026-10-05,2003-05-29,9.5625
2026-10-05,2003-05-30,8.5625
2026-10-05,2003-06-02,9.75
2026-10-05,2003-06-03,10.25
2026-10-05,2003-06-04,9.9375
2026-10-05,2003-06-05,9.5
2026-10-05,2003-06-06,9.3125
2026-10-05,2003-06-09,9.9375
2026-10-05,2003-06-10,10.25
2026-10-05,2003-06-11,9.25
2026-10-05,2003-06-12,10.125
2026-10-05,2003-06-13,9.8125
2026-10-05,2003-06-17,10.1875
2026-10-05,2003-06-18,9.9375
2026-10-05,2003-06-19,10.125
2026-10-05,2003-06-20,9.4375
2026-10-05,2003-06-23,10
2026-10-05,2003-06-24,7.8125
2026-10-05,2003-06-25,7.4375
2026-10-05,2003-06-26,6.6875
2026-10-05,2003-06-27,6.875
2026-10-05,2003-06-30,5.8125
2026-10-05,2003-07-01,6.6875
2026-10-05,2003-07-02,6.8125
2026-10-05,2003-07-03,6.0625
2026-10-05,2003-07-04,5
2026-10-05,2003-07-07,5.625
2026-10-05,2003-07-08,5.875
2026-10-05,2003-07-10,4.8125
2026-10-05,2003-07-11,3.6875
2026-10-05,2003-07-14,4
2026-10-05,2003-07-15,3.125
2026-10-05,2003-07-16,2.75
2026-10-05,2003-07-17,3.5
2026-10-05,2003-07-18,2.625
2026-10-05,2003-07-21,3.5625
2026-10-05,2003-07-22,3.4375
2026-10-05,2003-07-23,3.875
2026-10-05,2003-07-24,3.25
2026-10-05,2003-07-25,3.5625
2026-10-05,2003-07-28,2.3125
2026-10-05,2003-07-29,3.4375
2026-10-05,2003-07-30,3.125
2026-10-05,2003-07-31,2.5625
2026-10-05,2003-08-01,2.4375
2026-10-05,2003-08-04,2.875
2026-10-05,2003-08-05,3.3125
2026-10-05,2003-08-06,3.3125
2026-10-05,2003-08-07,3.1875
2026-10-05,2003-08-08,3
2026-10-05,2003-08-11,3.1875
2026-10-05,2003-08-12,2.6875
2026-10-05,2003-08-13,3
2026-10-05,2003-08-14,3.25
2026-10-05,2003-08-15,3.25
2026-10-05,2003-08-19,2.75
2026-10-05,2003-08-20,2.875
2026-10-05,2003-08-21,1.8125
2026-10-05,2003-08-22,2.375
2026-10-05,2003-08-25,2.8125
2026-10-05,2003-08-26,1.75
2026-10-05,2003-08-27,2.625
2026-10-05,2003-08-28,2.5
2026-10-05,2003-08-29,3.1875
2026-10-05,2003-09-01,2.9375
2026-10-05,2003-09-02,3.125
2026-10-05,2003-09-03,3.0625
2026-10-05,2003-09-04,3.4375
2026-10-05,2003-09-05,2.25
2026-10-05,2003-09-08,2.5
2026-10-05,2003-09-09,2.3125
2026-10-05,2003-09-10,3.0625
2026-10-05,2003-09-11,3.6875
2026-10-05,2003-09-12,3.125
2026-10-05,2003-09-15,2.875
2026-10-05,2003-09-16,3.5
2026-10-05,2003-09-17,2.75
2026-10-05,2003-09-18,3.3125
2026-10-05,2003-09-19,2.8125
2026-10-05,2003-09-22,3.25
2026-10-05,2003-09-23,2.9375
2026-10-05,2003-09-24,3.5
2026-10-05,2003-09-25,3.0625
2026-10-05,2003-09-26,3.4375
2026-10-05,2003-09-29,3.75
2026-10-05,2003-09-30,3.8125
2026-10-05,2003-10-01,3.75
2026-10-05,2003-10-02,3.4375
2026-10-05,2003-10-03,3.0625
2026-10-05,2003-10-06,3.25
2026-10-05,2003-10-07,3
2026-10-05,2003-10-08,3.875
2026-10-05,2003-10-09,3.8125
2026-10-05,2003-10-10,3.5625
2026-10-05,2003-10-14,3.8125
2026-10-05,2003-10-15,3
2026-10-05,2003-10-16,2.75
2026-10-05,2003-10-17,2.5625
2026-10-05,2003-10-20,3.4375
2026-10-05,2003-10-21,2.875
2026-10-05,2003-10-22,3.5625
2026-10-05,2003-10-23,2.9375
2026-10-05,2003-10-24,3.375
2026-10-05,2003-10-27,3.4375
2026-10-05,2003-10-28,3.3125
2026-10-05,2003-10-29,3.3125
2026-10-05,2003-10-30,3.0625
2026-10-05,2003-10-31,3
2026-10-05,2003-11-03,3.5
2026-10-05,2003-11-04,3.375
2026-10-05,2003-11-05,3.9375
2026-10-05,2003-11-07,3.5
2026-10-05,2003-11-10,3.5
2026-10-05,2003-11-11,3.375
2026-10-05,2003-11-12,3.3125
2026-10-05,2003-11-13,3.5625
2026-10-05,2003-11-14,3.6875
2026-10-05,2003-11-17,3.125
2026-10-05,2003-11-18,4.125
2026-10-05,2003-11-19,3.5
2026-10-05,2003-11-20,3.25
2026-10-05,2003-11-21,3.25
2026-10-05,2003-11-24,3.8125
2026-10-05,2003-11-25,3.5
2026-10-05,2003-11-26,3.4375
2026-10-05,2003-11-27,3.5625
2026-10-05,2003-11-28,3.1875
2026-10-05,2003-12-01,3.4375
2026-10-05,2003-12-02,3.3125
2026-10-05,2003-12-03,3.25
2026-10-05,2003-12-04,2.3125
2026-10-05,2003-12-05,2.625
2026-10-05,2003-12-09,2.875
2026-10-05,2003-12-10,2.9375
2026-10-05,2003-12-11,2.3125
2026-10-05,2003-12-12,2.125
2026-10-05,2003-12-15,2.625
2026-10-05,2003-12-16,2.5
2026-10-05,2003-12-17,2.5625
2026-10-05,2003-12-18,3.5
2026-10-05,2003-12-19,2.1875
2026-10-05,2003-12-22,2.1875
2026-10-05,2003-12-23,3
2026-10-05,2003-12-24,2.875
2026-10-05,2003-12-26,2.9375
2026-10-05,2003-12-29,2.5
2026-10-05,2003-12-30,2.8125
2026-10-05,2003-12-31,2.8125
2026-10-05,2004-01-02,2.75
2026-10-05,2004-01-05,2.5
2026-10-05,2004-01-06,2.4375
2026-10-05,2004-01-07,1.9375
2026-10-05,2004-01-08,1.9375
2026-10-05,2004-01-09,1.75
2026-10-05,2004-01-12,2.0625
2026-10-05,2004-01-13,2
2026-10-05,2004-01-14,2.0625
2026-10-05,2004-01-15,1.4375
2026-10-05,2004-01-16,2
2026-10-05,2004-01-19,2.3125
2026-10-05,2004-01-20,1.6875
2026-10-05,2004-01-21,1.4375
2026-10-05,2004-01-22,1.625
2026-10-05,2004-01-23,1.5
2026-10-05,2004-01-26,1.8125
2026-10-05,2004-01-27,1.125
2026-10-05,2004-01-28,1.4375
2026-10-05,2004-01-29,1.5625
2026-10-05,2004-01-30,1.5
2026-10-05,2004-02-02,2
2026-10-05,2004-02-03,1.9375
2026-10-05,2004-02-04,1.3125
2026-10-05,2004-02-05,1.3125
2026-10-05,2004-02-06,1.5
2026-10-05,2004-02-09,1.75
2026-10-05,2004-02-10,1.4375
2026-10-05,2004-02-11,2.3125
2026-10-05,2004-02-12,1.625
2026-10-05,2004-02-13,1.5
2026-10-05,2004-02-16,1.5625
2026-10-05,2004-02-17,1.4375
2026-10-05,2004-02-18,1.6875
2026-10-05,2004-02-19,1.6875
2026-10-05,2004-02-20,1.6875
2026-10-05,2004-02-23,1.5625
2026-10-05,2004-02-24,1.1875
2026-10-05,2004-02-25,1.9375
2026-10-05,2004-02-26,0.875
2026-10-05,2004-02-27,1.125
2026-10-05,2004-03-01,1.4375
2026-10-05,2004-03-02,1.125
2026-10-05,2004-03-03,1.4375
2026-10-05,2004-03-04,1.375
2026-10-05,2004-03-05,1.3125
2026-10-05,2004-03-08,1.375
2026-10-05,2004-03-09,1.0625
2026-10-05,2004-03-10,1.5625
2026-10-05,2004-03-11,1.25
2026-10-05,2004-03-12,1.9375
2026-10-05,2004-03-15,1.6875
2026-10-05,2004-03-16,1.25
2026-10-05,2004-03-17,1.625
2026-10-05,2004-03-18,1.25
2026-10-05,2004-03-19,2
2026-10-05,2004-03-22,1.8125
2026-10-05,2004-03-23,1.3125
2026-10-05,2004-03-24,1.9375
2026-10-05,2004-03-25,1.5
2026-10-05,2004-03-26,2
2026-10-05,2004-03-29,1.25
2026-10-05,2004-03-30,1.4375
2026-10-05,2004-03-31,1.6875
2026-10-05,2004-04-01,1.5625
2026-10-05,2004-04-02,1.1875
2026-10-05,2004-04-06,1.5625
2026-10-05,2004-04-07,1.4375
2026-10-05,2004-04-12,1.5
2026-10-05,2004-04-13,1.625
2026-10-05,2004-04-14,1.875
2026-10-05,2004-04-15,1.625
2026-10-05,2004-04-16,1.875
2026-10-05,2004-04-19,2.1875
2026-10-05,2004-04-20,1.5625
2026-10-05,2004-04-21,1.8125
2026-10-05,2004-04-22,1.375
2026-10-05,2004-04-23,1.8125
2026-10-05,2004-04-26,1.9375
2026-10-05,2004-04-27,1.6875
2026-10-05,2004-04-28,1.9375
2026-10-05,2004-04-29,1
2026-10-05,2004-04-30,1.8125
2026-10-05,2004-05-03,2
2026-10-05,2004-05-04,2.125
2026-10-05,2004-05-05,1.8125
2026-10-05,2004-05-06,2.0625
2026-10-05,2004-05-07,2.0625
2026-10-05,2004-05-10,2
2026-10-05,2004-05-11,2.4375
2026-10-05,2004-05-12,2.0625
2026-10-05,2004-05-13,3.0625
2026-10-05,2004-05-14,3.5
2026-10-05,2004-05-17,4.0625
2026-10-05,2004-05-18,4.8125
2026-10-05,2004-05-19,4.3125
2026-10-05,2004-05-20,4.125
2026-10-05,2004-05-21,4
2026-10-05,2004-05-24,3.75
2026-10-05,2004-05-26,4.0625
2026-10-05,2004-05-27,4.375
2026-10-05,2004-05-28,4.25
2026-10-05,2004-05-31,3.875
2026-10-05,2004-06-01,4.6875
2026-10-05,2004-06-02,4.4375
2026-10-05,2004-06-03,4.1875
2026-10-05,2004-06-04,4
2026-10-05,2004-06-07,3.8125
2026-10-05,2004-06-08,3.8125
2026-10-05,2004-06-09,3.4375
2026-10-05,2004-06-10,3
2026-10-05,2004-06-11,2.5
2026-10-05,2004-06-14,2.625
2026-10-05,2004-06-15,2.3125
2026-10-05,2004-06-16,2.1875
2026-10-05,2004-06-17,2.5625
2026-10-05,2004-06-18,2.3125
2026-10-05,2004-06-22,2.3125
2026-10-05,2004-06-23,2.3125
2026-10-05,2004-06-24,2.375
2026-10-05,2004-06-25,2.375
2026-10-05,2004-06-28,2.4375
2026-10-05,2004-06-29,2.5
2026-10-05,2004-06-30,2.4375
2026-10-05,2004-07-01,2.5625
2026-10-05,2004-07-02,2.75
2026-10-05,2004-07-05,2.625
2026-10-05,2004-07-06,2.9375
2026-10-05,2004-07-07,2.8125
2026-10-05,2004-07-08,2.8125
2026-10-05,2004-07-12,2.5625
2026-10-05,2004-07-13,2.625
2026-10-05,2004-07-14,2.4375
2026-10-05,2004-07-15,3.0625
2026-10-05,2004-07-16,3.125
2026-10-05,2004-07-19,3.3125
2026-10-05,2004-07-20,3.5
2026-10-05,2004-07-21,3.375
2026-10-05,2004-07-22,3.625
2026-10-05,2004-07-23,3.625
2026-10-05,2004-07-26,3.75
2026-10-05,2004-07-27,3.9375
2026-10-05,2004-07-28,3.6875
2026-10-05,2004-07-29,4.0625
2026-10-05,2004-07-30,4
2026-10-05,2004-08-02,3.8125
2026-10-05,2004-08-03,3.6875
2026-10-05,2004-08-04,4.0625
2026-10-05,2004-08-05,4.1875
2026-10-05,2004-08-06,4.125
2026-10-05,2004-08-09,4.1875
2026-10-05,2004-08-10,4.1875
2026-10-05,2004-08-11,3.9375
2026-10-05,2004-08-12,4.0625
2026-10-05,2004-08-13,3.6875
2026-10-05,2004-08-17,4.25
2026-10-05,2004-08-18,4.1875
2026-10-05,2004-08-19,4.3125
2026-10-05,2004-08-20,4.375
2026-10-05,2004-08-23,4.0625
2026-10-05,2004-08-24,4.3125
2026-10-05,2004-08-25,4.25
2026-10-05,2004-08-26,4.75
2026-10-05,2004-08-27,4.625
2026-10-05,2004-08-30,4.5
2026-10-05,2004-08-31,4.4375
2026-10-05,2004-09-01,4.375
2026-10-05,2004-09-02,4.1875
2026-10-05,2004-09-03,4.5625
2026-10-05,2004-09-06,4.1875
2026-10-05,2004-09-07,4.3125
2026-10-05,2004-09-08,4.5
2026-10-05,2004-09-09,4.4375
2026-10-05,2004-09-10,4.1875
2026-10-05,2004-09-13,3.875
2026-10-05,2004-09-14,4.3125
2026-10-05,2004-09-15,4.1875
2026-10-05,2004-09-16,4.4375
2026-10-05,2004-09-17,4.375
2026-10-05,2004-09-20,4.375
2026-10-05,2004-09-21,4.5
2026-10-05,2004-09-22,4.375
2026-10-05,2004-09-23,4.4375
2026-10-05,2004-09-24,4.625
2026-10-05,2004-09-27,4.625
2026-10-05,2004-09-28,4.8125
2026-10-05,2004-09-29,4.9375
2026-10-05,2004-09-30,5.1875
2026-10-05,2004-10-01,4.8125
2026-10-05,2004-10-04,4.6875
2026-10-05,2004-10-05,4.1875
2026-10-05,2004-10-06,4.4375
2026-10-05,2004-10-07,4.4375
2026-10-05,2004-10-08,4.625
2026-10-05,2004-10-12,4.4375
2026-10-05,2004-10-13,4.0625
2026-10-05,2004-10-14,4.1875
2026-10-05,2004-10-15,4.375
2026-10-05,2004-10-18,4.3125
2026-10-05,2004-10-19,4.4375
2026-10-05,2004-10-20,4.375
2026-10-05,2004-10-21,4.375
2026-10-05,2004-10-22,4.375
2026-10-05,2004-10-25,4.3125
2026-10-05,2004-10-26,4.1875
2026-10-05,2004-10-27,4.375
2026-10-05,2004-10-28,4.25
2026-10-05,2004-10-29,4.375
2026-10-05,2004-11-01,4.3125
2026-10-05,2004-11-02,4.375
2026-10-05,2004-11-03,4.125
2026-10-05,2004-11-04,4.25
2026-10-05,2004-11-05,4.3125
2026-10-05,2004-11-08,4.1875
2026-10-05,2004-11-09,4.1875
2026-10-05,2004-11-10,4.125
2026-10-05,2004-11-11,4.25
2026-10-05,2004-11-12,3.875
2026-10-05,2004-11-15,4.0625
2026-10-05,2004-11-16,3.875
2026-10-05,2004-11-17,4.0625
2026-10-05,2004-11-18,4.1875
2026-10-05,2004-11-19,4.0625
2026-10-05,2004-11-22,4
2026-10-05,2004-11-23,4.0625
2026-10-05,2004-11-24,4.1875
2026-10-05,2004-11-25,3.9375
2026-10-05,2004-11-26,4.0625
2026-10-05,2004-11-29,4.0625
2026-10-05,2004-11-30,4.125
2026-10-05,2004-12-01,4.0625
2026-10-05,2004-12-02,4.0625
2026-10-05,2004-12-03,4
2026-10-05,2004-12-06,4.0625
2026-10-05,2004-12-07,4.125
2026-10-05,2004-12-09,4.125
2026-10-05,2004-12-10,4.0625
2026-10-05,2004-12-13,3.625
2026-10-05,2004-12-14,4
2026-10-05,2004-12-15,4.0625
2026-10-05,2004-12-16,3.8125
2026-10-05,2004-12-17,3.9375
2026-10-05,2004-12-20,3.875
2026-10-05,2004-12-21,3.875
2026-10-05,2004-12-22,4.0625
2026-10-05,2004-12-23,4.125
2026-10-05,2004-12-24,4.1875
2026-10-05,2004-12-27,4.0625
2026-10-05,2004-12-28,4.125
2026-10-05,2004-12-29,4
2026-10-05,2004-12-30,4
2026-10-05,2004-12-31,4
2026-10-05,2005-01-03,4
2026-10-05,2005-01-04,3.875
2026-10-05,2005-01-05,3.8125
2026-10-05,2005-01-06,3.5625
2026-10-05,2005-01-07,3.5
2026-10-05,2005-01-10,3.5
2026-10-05,2005-01-11,3.0625
2026-10-05,2005-01-12,3.0625
2026-10-05,2005-01-13,2.8125
2026-10-05,2005-01-14,3.0625
2026-10-05,2005-01-17,2.9375
2026-10-05,2005-01-18,3.0625
2026-10-05,2005-01-19,3.125
2026-10-05,2005-01-20,3.0625
2026-10-05,2005-01-21,3.125
2026-10-05,2005-01-24,3.0625
2026-10-05,2005-01-25,3.0625
2026-10-05,2005-01-26,2.8125
2026-10-05,2005-01-27,3.0625
2026-10-05,2005-01-28,3.0625
2026-10-05,2005-01-31,2.875
2026-10-05,2005-02-01,3
2026-10-05,2005-02-02,3.0625
2026-10-05,2005-02-03,2.875
2026-10-05,2005-02-04,2.875
2026-10-05,2005-02-07,2.875
2026-10-05,2005-02-08,3
2026-10-05,2005-02-09,3.0625
2026-10-05,2005-02-10,3
2026-10-05,2005-02-11,2.875
2026-10-05,2005-02-14,2.6875
2026-10-05,2005-02-15,3
2026-10-05,2005-02-16,3.0625
2026-10-05,2005-02-17,2.9375
2026-10-05,2005-02-18,2.9375
2026-10-05,2005-02-21,2.9375
2026-10-05,2005-02-22,3.0625
2026-10-05,2005-02-23,2.4375
2026-10-05,2005-02-24,3
2026-10-05,2005-02-25,2.9375
2026-10-05,2005-02-28,2.875
2026-10-05,2005-03-01,2.9375
2026-10-05,2005-03-02,2.875
2026-10-05,2005-03-03,2.875
2026-10-05,2005-03-04,3
2026-10-05,2005-03-07,2.8125
2026-10-05,2005-03-08,2.625
2026-10-05,2005-03-09,2.6875
2026-10-05,2005-03-10,2.6875
2026-10-05,2005-03-11,2.9375
2026-10-05,2005-03-14,3
2026-10-05,2005-03-15,3
2026-10-05,2005-03-16,2.6875
2026-10-05,2005-03-17,3.125
2026-10-05,2005-03-18,3.125
2026-10-05,2005-03-21,3.0625
2026-10-05,2005-03-22,3.0625
2026-10-05,2005-03-23,3.3125
2026-10-05,2005-03-28,3.3125
2026-10-05,2005-03-29,3.5625
2026-10-05,2005-03-30,3.625
2026-10-05,2005-03-31,3.3125
2026-10-05,2005-04-01,3.75
2026-10-05,2005-04-04,3.5
2026-10-05,2005-04-05,3.5625
2026-10-05,2005-04-06,3.625
2026-10-05,2005-04-07,3.625
2026-10-05,2005-04-08,3.875
2026-10-05,2005-04-11,3.75
2026-10-05,2005-04-12,3.625
2026-10-05,2005-04-13,3.8125
2026-10-05,2005-04-14,3.875
2026-10-05,2005-04-15,3.6875
2026-10-05,2005-04-18,3.875
2026-10-05,2005-04-19,4.0625
2026-10-05,2005-04-20,4.0625
2026-10-05,2005-04-21,4.1875
2026-10-05,2005-04-22,4
2026-10-05,2005-04-25,4
2026-10-05,2005-04-26,4.5625
2026-10-05,2005-04-27,4.4375
2026-10-05,2005-04-28,4.8125
2026-10-05,2005-04-29,4.6875
2026-10-05,2005-05-02,4.3125
2026-10-05,2005-05-03,5.125
2026-10-05,2005-05-04,4.875
2026-10-05,2005-05-05,5.1875
2026-10-05,2005-05-06,5.1875
2026-10-05,2005-05-09,4.75
2026-10-05,2005-05-10,5.3125
2026-10-05,2005-05-11,5.25
2026-10-05,2005-05-12,5.3125
2026-10-05,2005-05-13,5.0625
2026-10-05,2005-05-16,4.75
2026-10-05,2005-05-17,4.9375
2026-10-05,2005-05-18,4.625
2026-10-05,2005-05-19,4.875
2026-10-05,2005-05-20,4.9375
2026-10-05,2005-05-23,4.6875
2026-10-05,2005-05-24,4.875
2026-10-05,2005-05-26,5
2026-10-05,2005-05-27,4.75
2026-10-05,2005-05-30,5
2026-10-05,2005-05-31,5
2026-10-05,2005-06-01,4.5
2026-10-05,2005-06-02,4.9375
2026-10-05,2005-06-03,4.8125
2026-10-05,2005-06-06,4.625
2026-10-05,2005-06-07,4.8125
2026-10-05,2005-06-08,4.9375
2026-10-05,2005-06-09,4.9375
2026-10-05,2005-06-10,5
2026-10-05,2005-06-13,4.9375
2026-10-05,2005-06-14,5.1875
2026-10-05,2005-06-15,4.8125
2026-10-05,2005-06-16,5.4375
2026-10-05,2005-06-17,5.375
2026-10-05,2005-06-21,5.875
2026-10-05,2005-06-22,5.8125
2026-10-05,2005-06-23,5.9375
2026-10-05,2005-06-24,5.9375
2026-10-05,2005-06-27,5.5625
2026-10-05,2005-06-28,5.875
2026-10-05,2005-06-29,5.75
2026-10-05,2005-06-30,5.9375
2026-10-05,2005-07-01,5.625
2026-10-05,2005-07-04,5.75
2026-10-05,2005-07-05,6
2026-10-05,2005-07-06,6
2026-10-05,2005-07-07,6.125
2026-10-05,2005-07-08,6
2026-10-05,2005-07-11,5.75
2026-10-05,2005-07-12,5.6875
2026-10-05,2005-07-13,5.75
2026-10-05,2005-07-14,5.9375
2026-10-05,2005-07-15,5.375
2026-10-05,2005-07-18,5.8125
2026-10-05,2005-07-19,6.125
2026-10-05,2005-07-20,6.125
2026-10-05,2005-07-21,6.1875
2026-10-05,2005-07-22,6.125
2026-10-05,2005-07-25,6.0625
2026-10-05,2005-07-26,6.0625
2026-10-05,2005-07-27,6
2026-10-05,2005-07-28,6.1875
2026-10-05,2005-07-29,6.1875
2026-10-05,2005-08-01,5.6875
2026-10-05,2005-08-02,6.25
2026-10-05,2005-08-03,6.0625
2026-10-05,2005-08-04,6.0625
2026-10-05,2005-08-05,5.75
2026-10-05,2005-08-08,5.375
2026-10-05,2005-08-09,5.3125
2026-10-05,2005-08-10,5.0625
2026-10-05,2005-08-11,5.125
2026-10-05,2005-08-12,5.0625
2026-10-05,2005-08-16,4.75
2026-10-05,2005-08-17,4.875
2026-10-05,2005-08-18,4.625
2026-10-05,2005-08-19,5.3125
2026-10-05,2005-08-22,3.6875
2026-10-05,2005-08-23,5.4375
2026-10-05,2005-08-24,5.1875
2026-10-05,2005-08-25,5.375
2026-10-05,2005-08-26,5.5
2026-10-05,2005-08-29,5.5625
2026-10-05,2005-08-30,5.5625
2026-10-05,2005-08-31,5.5
2026-10-05,2005-09-01,5.6875
2026-10-05,2005-09-02,5.75
2026-10-05,2005-09-05,5.5
2026-10-05,2005-09-06,5.9375
2026-10-05,2005-09-07,5.875
2026-10-05,2005-09-08,5.9375
2026-10-05,2005-09-09,5.8125
2026-10-05,2005-09-12,5.625
2026-10-05,2005-09-13,5.875
2026-10-05,2005-09-14,5.875
2026-10-05,2005-09-15,5.4375
2026-10-05,2005-09-16,5.75
2026-10-05,2005-09-19,5.5625
2026-10-05,2005-09-20,5.9375
2026-10-05,2005-09-21,5.75
2026-10-05,2005-09-22,6
2026-10-05,2005-09-23,5.8125
2026-10-05,2005-09-26,5.6875
2026-10-05,2005-09-27,5.875
2026-10-05,2005-09-28,5.5625
2026-10-05,2005-09-29,5.9375
2026-10-05,2005-09-30,6.0625
2026-10-05,2005-10-03,5.875
2026-10-05,2005-10-04,5.8125
2026-10-05,2005-10-05,6.125
2026-10-05,2005-10-06,6.125
2026-10-05,2005-10-07,5.9375
2026-10-05,2005-10-11,6
2026-10-05,2005-10-12,6
2026-10-05,2005-10-13,6.125
2026-10-05,2005-10-14,6.125
2026-10-05,2005-10-17,5.875
2026-10-05,2005-10-18,5.875
2026-10-05,2005-10-19,6.125
2026-10-05,2005-10-20,6.1875
2026-10-05,2005-10-21,6.1875
2026-10-05,2005-10-24,6.25
2026-10-05,2005-10-25,6.125
2026-10-05,2005-10-26,6.1875
2026-10-05,2005-10-27,6.1875
2026-10-05,2005-10-28,6.5
2026-10-05,2005-10-31,6.3125
2026-10-05,2005-11-01,6.5
2026-10-05,2005-11-02,6.375
2026-10-05,2005-11-03,6.375
2026-10-05,2005-11-04,6.5
2026-10-05,2005-11-07,6.375
2026-10-05,2005-11-08,6.4375
2026-10-05,2005-11-09,6.4375
2026-10-05,2005-11-10,6.4375
2026-10-05,2005-11-11,6.5625
2026-10-05,2005-11-14,6.4375
2026-10-05,2005-11-15,6.6875
2026-10-05,2005-11-16,6.75
2026-10-05,2005-11-17,6.5625
2026-10-05,2005-11-18,6.625
2026-10-05,2005-11-21,6.875
2026-10-05,2005-11-22,7.0625
2026-10-05,2005-11-23,7.25
2026-10-05,2005-11-24,7.1875
2026-10-05,2005-11-25,7.1875
2026-10-05,2005-11-28,7
2026-10-05,2005-11-29,7.625
2026-10-05,2005-11-30,7.875
2026-10-05,2005-12-01,8.25
2026-10-05,2005-12-02,7.75
2026-10-05,2005-12-05,7.75
2026-10-05,2005-12-06,7.8125
2026-10-05,2005-12-07,7.4375
2026-10-05,2005-12-09,7.1875
2026-10-05,2005-12-12,7
2026-10-05,2005-12-13,7.0625
2026-10-05,2005-12-14,6.8125
2026-10-05,2005-12-15,6.9375
2026-10-05,2005-12-16,7.0625
2026-10-05,2005-12-19,6.9375
2026-10-05,2005-12-20,7.5625
2026-10-05,2005-12-21,7.625
2026-10-05,2005-12-22,7.3125
2026-10-05,2005-12-23,7.6875
2026-10-05,2005-12-26,7.5
2026-10-05,2005-12-27,7.9375
2026-10-05,2005-12-28,7.75
2026-10-05,2005-12-29,8.125
2026-10-05,2005-12-30,7.625
2026-10-05,2006-01-02,7.9375
2026-10-05,2006-01-03,8.1875
2026-10-05,2006-01-04,8.375
2026-10-05,2006-01-05,8.5
2026-10-05,2006-01-06,8.6875
2026-10-05,2006-01-09,8.3125
2026-10-05,2006-01-10,8.5625
2026-10-05,2006-01-11,8.3125
2026-10-05,2006-01-12,8.25
2026-10-05,2006-01-13,8.375
2026-10-05,2006-01-16,8.1875
2026-10-05,2006-01-17,8.375
2026-10-05,2006-01-18,8.1875
2026-10-05,2006-01-19,8.125
2026-10-05,2006-01-20,8.375
2026-10-05,2006-01-23,7.9375
2026-10-05,2006-01-24,8
2026-10-05,2006-01-25,8.125
2026-10-05,2006-01-26,8.1875
2026-10-05,2006-01-27,7.8125
2026-10-05,2006-01-30,7.9375
2026-10-05,2006-01-31,8.0625
2026-10-05,2006-02-01,7.9375
2026-10-05,2006-02-02,7.9375
2026-10-05,2006-02-03,8.125
2026-10-05,2006-02-06,7.1875
2026-10-05,2006-02-07,7.75
2026-10-05,2006-02-08,7.5
2026-10-05,2006-02-09,7.4375
2026-10-05,2006-02-10,7.5
2026-10-05,2006-02-13,7.25
2026-10-05,2006-02-14,7.25
2026-10-05,2006-02-15,7.0625
2026-10-05,2006-02-16,7.375
2026-10-05,2006-02-17,7.25
2026-10-05,2006-02-20,6.875
2026-10-05,2006-02-21,7.125
2026-10-05,2006-02-22,7.25
2026-10-05,2006-02-23,7.125
2026-10-05,2006-02-24,7.1875
2026-10-05,2006-02-27,7.0625
2026-10-05,2006-02-28,7.375
2026-10-05,2006-03-01,7.4375
2026-10-05,2006-03-02,7.9375
2026-10-05,2006-03-03,7.6875
2026-10-05,2006-03-06,7.5625
2026-10-05,2006-03-07,7.8125
2026-10-05,2006-03-08,7.8125
2026-10-05,2006-03-09,8.125
2026-10-05,2006-03-10,8
2026-10-05,2006-03-13,7.9375
2026-10-05,2006-03-14,8.25
2026-10-05,2006-03-15,8
2026-10-05,2006-03-16,8.625
2026-10-05,2006-03-17,8.5625
2026-10-05,2006-03-20,8.5
2026-10-05,2006-03-21,8.4375
2026-10-05,2006-03-22,8.5
2026-10-05,2006-03-23,8.625
2026-10-05,2006-03-27,8.25
2026-10-05,2006-03-28,8.8125
2026-10-05,2006-03-29,8.5
2026-10-05,2006-03-30,8.625
2026-10-05,2006-03-31,8.625
2026-10-05,2006-04-03,8.75
2026-10-05,2006-04-04,8.9375
2026-10-05,2006-04-05,9
2026-10-05,2006-04-06,9
2026-10-05,2006-04-07,8.9375
2026-10-05,2006-04-10,9
2026-10-05,2006-04-11,9.25
2026-10-05,2006-04-12,8.625
2026-10-05,2006-04-17,8.9375
2026-10-05,2006-04-18,9.0625
2026-10-05,2006-04-19,9.1875
2026-10-05,2006-04-20,9.1875
2026-10-05,2006-04-21,9.0625
2026-10-05,2006-04-24,8.875
2026-10-05,2006-04-25,9.1875
2026-10-05,2006-04-26,8.875
2026-10-05,2006-04-27,9.125
2026-10-05,2006-04-28,9
2026-10-05,2006-05-02,9.125
2026-10-05,2006-05-03,8.8125
2026-10-05,2006-05-04,9.1875
2026-10-05,2006-05-05,9.375
2026-10-05,2006-05-08,9.0625
2026-10-05,2006-05-09,9.125
2026-10-05,2006-05-10,9.125
2026-10-05,2006-05-11,8.875
2026-10-05,2006-05-12,8.625
2026-10-05,2006-05-15,8.875
2026-10-05,2006-05-16,8.9375
2026-10-05,2006-05-17,8.875
2026-10-05,2006-05-18,8.9375
2026-10-05,2006-05-19,8.8125
2026-10-05,2006-05-22,9
2026-10-05,2006-05-23,9
2026-10-05,2006-05-24,8.875
2026-10-05,2006-05-26,8.75
2026-10-05,2006-05-29,8.6875
2026-10-05,2006-05-30,8.875
2026-10-05,2006-05-31,8.9375
2026-10-05,2006-06-01,9
2026-10-05,2006-06-02,8.5
2026-10-05,2006-06-05,8.9375
2026-10-05,2006-06-06,9.0625
2026-10-05,2006-06-07,8.875
2026-10-05,2006-06-08,9
2026-10-05,2006-06-09,8.8125
2026-10-05,2006-06-12,8.75
2026-10-05,2006-06-13,8.5625
2026-10-05,2006-06-14,9
2026-10-05,2006-06-15,8.875
2026-10-05,2006-06-16,8.8125
2026-10-05,2006-06-20,8.75
2026-10-05,2006-06-21,8.8125
2026-10-05,2006-06-22,8.875
2026-10-05,2006-06-23,9.0625
2026-10-05,2006-06-26,9.0625
2026-10-05,2006-06-27,9.125
2026-10-05,2006-06-28,8.875
2026-10-05,2006-06-29,9.0625
2026-10-05,2006-06-30,9.125
2026-10-05,2006-07-03,9
2026-10-05,2006-07-04,9.125
2026-10-05,2006-07-05,9
2026-10-05,2006-07-06,9.25
2026-10-05,2006-07-07,9.0625
2026-10-05,2006-07-10,9.0625
2026-10-05,2006-07-11,9.1875
2026-10-05,2006-07-12,9
2026-10-05,2006-07-13,9.0625
2026-10-05,2006-07-14,9.25
2026-10-05,2006-07-17,9.125
2026-10-05,2006-07-18,9.1875
2026-10-05,2006-07-19,9.25
2026-10-05,2006-07-20,9.0625
2026-10-05,2006-07-21,9.1875
2026-10-05,2006-07-24,9.1875
2026-10-05,2006-07-25,9.25
2026-10-05,2006-07-26,9.3125
2026-10-05,2006-07-27,9.375
2026-10-05,2006-07-28,9.125
2026-10-05,2006-07-31,9.4375
2026-10-05,2006-08-01,9.5
2026-10-05,2006-08-02,9.4375
2026-10-05,2006-08-03,9.5
2026-10-05,2006-08-04,9.25
2026-10-05,2006-08-07,9.5
2026-10-05,2006-08-08,9.5625
2026-10-05,2006-08-09,9.4375
2026-10-05,2006-08-10,9.5625
2026-10-05,2006-08-11,9.5625
2026-10-05,2006-08-14,9.4375
2026-10-05,2006-08-15,9.4375
2026-10-05,2006-08-16,9.5
2026-10-05,2006-08-17,9.5
2026-10-05,2006-08-18,9.5
2026-10-05,2006-08-22,9.4375
2026-10-05,2006-08-23,9.4375
2026-10-05,2006-08-24,9.375
2026-10-05,2006-08-25,9.375
2026-10-05,2006-08-28,9.375
2026-10-05,2006-08-29,9.5
2026-10-05,2006-08-30,9.5
2026-10-05,2006-08-31,9.4375
2026-10-05,2006-09-01,9.25
2026-10-05,2006-09-04,9.375
2026-10-05,2006-09-05,9.4375
2026-10-05,2006-09-06,9.4375
2026-10-05,2006-09-07,9.5
2026-10-05,2006-09-08,9.4375
2026-10-05,2006-09-11,9.4375
2026-10-05,2006-09-12,9.375
2026-10-05,2006-09-13,9.4375
2026-10-05,2006-09-14,9.5
2026-10-05,2006-09-15,9.25
2026-10-05,2006-09-18,9.5625
2026-10-05,2006-09-19,9.625
2026-10-05,2006-09-20,9.5
2026-10-05,2006-09-21,9.375
2026-10-05,2006-09-22,9.5625
2026-10-05,2006-09-25,9.4375
2026-10-05,2006-09-26,9.5
2026-10-05,2006-09-27,9.375
2026-10-05,2006-09-28,9.625
2026-10-05,2006-09-29,9.5
2026-10-05,2006-10-02,9.4375
2026-10-05,2006-10-03,9.625
2026-10-05,2006-10-04,9.5
2026-10-05,2006-10-05,9.375
2026-10-05,2006-10-06,9.5
2026-10-05,2006-10-09,9.4375
2026-10-05,2006-10-10,9.5
2026-10-05,2006-10-11,9.5
2026-10-05,2006-10-12,9.5
2026-10-05,2006-10-13,9.375
2026-10-05,2006-10-17,9.3125
2026-10-05,2006-10-18,9.4375
2026-10-05,2006-10-19,9.5625
2026-10-05,2006-10-20,9.5
2026-10-05,2006-10-23,9.4375
2026-10-05,2006-10-24,9.5625
2026-10-05,2006-10-25,9.4375
2026-10-05,2006-10-26,9.375
2026-10-05,2006-10-27,9.4375
2026-10-05,2006-10-30,9.5
2026-10-05,2006-10-31,9.5625
2026-10-05,2006-11-01,9.4375
2026-10-05,2006-11-02,9.6875
2026-10-05,2006-11-03,9.5
2026-10-05,2006-11-07,9.5
2026-10-05,2006-11-08,9.625
2026-10-05,2006-11-09,9.6875
2026-10-05,2006-11-10,9.75
2026-10-05,2006-11-13,9.6875
2026-10-05,2006-11-14,9.5
2026-10-05,2006-11-15,9.75
2026-10-05,2006-11-16,9.5625
2026-10-05,2006-11-17,9.5
2026-10-05,2006-11-20,9.5625
2026-10-05,2006-11-21,9.75
2026-10-05,2006-11-22,9.5
2026-10-05,2006-11-23,9.625
2026-10-05,2006-11-24,9.6875
2026-10-05,2006-11-27,8.875
2026-10-05,2006-11-28,9.6875
2026-10-05,2006-11-29,9.75
2026-10-05,2006-11-30,9.75
2026-10-05,2006-12-01,9.6875
2026-10-05,2006-12-04,9.3125
2026-10-05,2006-12-05,9.75
2026-10-05,2006-12-06,9.9375
2026-10-05,2006-12-07,9.75
2026-10-05,2006-12-11,9.75
2026-10-05,2006-12-12,9.875
2026-10-05,2006-12-13,9.8125
2026-10-05,2006-12-14,9.75
2026-10-05,2006-12-15,9.9375
2026-10-05,2006-12-18,9.75
2026-10-05,2006-12-19,9.8125
2026-10-05,2006-12-20,10
2026-10-05,2006-12-21,9.8125
2026-10-05,2006-12-22,9.6875
2026-10-05,2006-12-26,9.8125
2026-10-05,2006-12-27,9.8125
2026-10-05,2006-12-28,10
2026-10-05,2006-12-29,9.875
2026-10-05,2007-01-02,9.875
2026-10-05,2007-01-03,9.625
2026-10-05,2007-01-04,9.875
2026-10-05,2007-01-05,9.875
2026-10-05,2007-01-08,9.8125
2026-10-05,2007-01-09,9.625
2026-10-05,2007-01-10,9.625
2026-10-05,2007-01-11,9.375
2026-10-05,2007-01-12,9.4375
2026-10-05,2007-01-15,9.1875
2026-10-05,2007-01-16,9.0625
2026-10-05,2007-01-17,9
2026-10-05,2007-01-18,9.0625
2026-10-05,2007-01-19,8.875
2026-10-05,2007-01-22,8.8125
2026-10-05,2007-01-23,8.8125
2026-10-05,2007-01-24,8.75
2026-10-05,2007-01-25,8.75
2026-10-05,2007-01-26,8.6875
2026-10-05,2007-01-29,8.625
2026-10-05,2007-01-30,8.6875
2026-10-05,2007-01-31,8.9375
2026-10-05,2007-02-01,8.5
2026-10-05,2007-02-02,8.3125
2026-10-05,2007-02-05,8.4375
2026-10-05,2007-02-06,8.375
2026-10-05,2007-02-07,8.1875
2026-10-05,2007-02-08,8.125
2026-10-05,2007-02-09,8.125
2026-10-05,2007-02-12,7.9375
2026-10-05,2007-02-13,7.75
2026-10-05,2007-02-14,7.875
2026-10-05,2007-02-15,7.8125
2026-10-05,2007-02-16,7.4375
2026-10-05,2007-02-19,7.6875
2026-10-05,2007-02-20,7.75
2026-10-05,2007-02-21,7.625
2026-10-05,2007-02-22,7.6875
2026-10-05,2007-02-23,7.625
2026-10-05,2007-02-26,7.6875
2026-10-05,2007-02-27,8
2026-10-05,2007-02-28,8
2026-10-05,2007-03-01,8.25
2026-10-05,2007-03-02,8.3125
2026-10-05,2007-03-05,8.375
2026-10-05,2007-03-06,8.25
2026-10-05,2007-03-07,8.4375
2026-10-05,2007-03-08,8.375
2026-10-05,2007-03-09,8.3125
2026-10-05,2007-03-12,8.3125
2026-10-05,2007-03-13,8.3125
2026-10-05,2007-03-14,8.3125
2026-10-05,2007-03-15,8.25
2026-10-05,2007-03-16,8.3125
2026-10-05,2007-03-19,8.25
2026-10-05,2007-03-20,8.3125
2026-10-05,2007-03-21,8.3125
2026-10-05,2007-03-22,8.125
2026-10-05,2007-03-23,8.1875
2026-10-05,2007-03-26,8.25
2026-10-05,2007-03-27,8.25
2026-10-05,2007-03-28,8.25
2026-10-05,2007-03-29,8.25
2026-10-05,2007-03-30,8.3125
2026-10-05,2007-04-03,8.25
2026-10-05,2007-04-04,8.25
2026-10-05,2007-04-09,8.3125
2026-10-05,2007-04-10,8.1875
2026-10-05,2007-04-11,8
2026-10-05,2007-04-12,8.0625
2026-10-05,2007-04-13,8.0625
2026-10-05,2007-04-16,8
2026-10-05,2007-04-17,7.875
2026-10-05,2007-04-18,7.75
2026-10-05,2007-04-19,7.6875
2026-10-05,2007-04-20,7.875
2026-10-05,2007-04-23,7.5625
2026-10-05,2007-04-24,7.4375
2026-10-05,2007-04-25,7.75
2026-10-05,2007-04-26,7.5625
2026-10-05,2007-04-27,7.625
2026-10-05,2007-04-30,7.6875
2026-10-05,2007-05-02,7.5625
2026-10-05,2007-05-03,7.75
2026-10-05,2007-05-04,7.6875
2026-10-05,2007-05-07,7.4375
2026-10-05,2007-05-08,7.625
2026-10-05,2007-05-09,7.6875
2026-10-05,2007-05-10,7.5625
2026-10-05,2007-05-11,7.5625
2026-10-05,2007-05-14,7.5625
2026-10-05,2007-05-15,7.625
2026-10-05,2007-05-16,7.8125
2026-10-05,2007-05-17,7.6875
2026-10-05,2007-05-18,7.625
2026-10-05,2007-05-21,7.6875
2026-10-05,2007-05-22,7.6875
2026-10-05,2007-05-23,7.5625
2026-10-05,2007-05-24,7.6875
2026-10-05,2007-05-28,7.625
2026-10-05,2007-05-29,7.75
2026-10-05,2007-05-30,7.75
2026-10-05,2007-05-31,7.75
2026-10-05,2007-06-01,7.75
2026-10-05,2007-06-04,7.8125
2026-10-05,2007-06-05,7.5
2026-10-05,2007-06-06,7.8125
2026-10-05,2007-06-07,7.6875
2026-10-05,2007-06-08,7.9375
2026-10-05,2007-06-11,7.6875
2026-10-05,2007-06-12,7.75
2026-10-05,2007-06-13,7.75
2026-10-05,2007-06-14,8
2026-10-05,2007-06-15,7.9375
2026-10-05,2007-06-19,8
2026-10-05,2007-06-20,8
2026-10-05,2007-06-21,8.0625
2026-10-05,2007-06-22,7.875
2026-10-05,2007-06-25,8
2026-10-05,2007-06-26,8
2026-10-05,2007-06-27,8.125
2026-10-05,2007-06-28,8.1875
2026-10-05,2007-06-29,8.1875
2026-10-05,2007-07-02,8.1875
2026-10-05,2007-07-03,8.25
2026-10-05,2007-07-04,8.1875
2026-10-05,2007-07-05,8.1875
2026-10-05,2007-07-06,8.1875
2026-10-05,2007-07-10,8.25
2026-10-05,2007-07-11,8.25
2026-10-05,2007-07-12,8.1875
2026-10-05,2007-07-13,8.125
2026-10-05,2007-07-16,8.1875
2026-10-05,2007-07-17,8.1875
2026-10-05,2007-07-18,8.3125
2026-10-05,2007-07-19,8.375
2026-10-05,2007-07-20,8.375
2026-10-05,2007-07-23,8.375
2026-10-05,2007-07-24,8.5625
2026-10-05,2007-07-25,8.875
2026-10-05,2007-07-26,9.6875
2026-10-05,2007-07-27,10
2026-10-05,2007-07-30,10.0625
2026-10-05,2007-07-31,9.9375
2026-10-05,2007-08-01,9.875
2026-10-05,2007-08-02,10.25
2026-10-05,2007-08-03,10.125
2026-10-05,2007-08-06,9.9375
2026-10-05,2007-08-07,9.75
2026-10-05,2007-08-08,10.25
2026-10-05,2007-08-09,10.25
2026-10-05,2007-08-10,10.1875
2026-10-05,2007-08-13,9.9375
2026-10-05,2007-08-14,10
2026-10-05,2007-08-15,10.25
2026-10-05,2007-08-16,10.8125
2026-10-05,2007-08-17,10
2026-10-05,2007-08-21,10.375
2026-10-05,2007-08-22,10.5
2026-10-05,2007-08-23,10.875
2026-10-05,2007-08-24,11
2026-10-05,2007-08-27,10.6875
2026-10-05,2007-08-28,11.125
2026-10-05,2007-08-29,11.625
2026-10-05,2007-08-30,11.6875
2026-10-05,2007-08-31,11.5
2026-10-05,2007-09-03,12.5
2026-10-05,2007-09-04,12.375
2026-10-05,2007-09-05,13.3125
2026-10-05,2007-09-06,13.5
2026-10-05,2007-09-07,13.5
2026-10-05,2007-09-10,13.4375
2026-10-05,2007-09-11,13.8125
2026-10-05,2007-09-12,13.625
2026-10-05,2007-09-13,14.6875
2026-10-05,2007-09-14,14.25
2026-10-05,2007-09-17,14.125
2026-10-05,2007-09-18,13.375
2026-10-05,2007-09-19,13.0625
2026-10-05,2007-09-20,11.9375
2026-10-05,2007-09-21,11.8125
2026-10-05,2007-09-24,11.5625
2026-10-05,2007-09-25,11.3125
2026-10-05,2007-09-26,11.625
2026-10-05,2007-09-27,11.6875
2026-10-05,2007-09-28,11.75
2026-10-05,2007-10-01,11.75
2026-10-05,2007-10-02,11.6875
2026-10-05,2007-10-03,11.6875
2026-10-05,2007-10-04,11.875
2026-10-05,2007-10-05,12.1875
2026-10-05,2007-10-08,12.125
2026-10-05,2007-10-09,12.4375
2026-10-05,2007-10-10,12.3125
2026-10-05,2007-10-11,12.5
2026-10-05,2007-10-12,12.3125
2026-10-05,2007-10-16,12.5
2026-10-05,2007-10-17,12.5625
2026-10-05,2007-10-18,12.75
2026-10-05,2007-10-19,13.0625
2026-10-05,2007-10-22,12.4375
2026-10-05,2007-10-23,12.875
2026-10-05,2007-10-24,12.9375
2026-10-05,2007-10-25,13.125
2026-10-05,2007-10-26,13.3125
2026-10-05,2007-10-29,13.125
2026-10-05,2007-10-30,13.5
2026-10-05,2007-10-31,13.375
2026-10-05,2007-11-01,13.5625
2026-10-05,2007-11-02,13.1875
2026-10-05,2007-11-05,13.5
2026-10-05,2007-11-07,13.25
2026-10-05,2007-11-08,13.75
2026-10-05,2007-11-09,13.9375
2026-10-05,2007-11-12,13.5
2026-10-05,2007-11-13,13.8125
2026-10-05,2007-11-14,14.0625
2026-10-05,2007-11-15,13.75
2026-10-05,2007-11-16,13.8125
2026-10-05,2007-11-19,13.875
2026-10-05,2007-11-20,14
2026-10-05,2007-11-21,13.375
2026-10-05,2007-11-22,14
2026-10-05,2007-11-23,13.8125
2026-10-05,2007-11-26,13.8125
2026-10-05,2007-11-27,13.8125
2026-10-05,2007-11-28,13.8125
2026-10-05,2007-11-29,13.875
2026-10-05,2007-11-30,13.8125
2026-10-05,2007-12-03,13.4375
2026-10-05,2007-12-04,13.5
2026-10-05,2007-12-05,13.625
2026-10-05,2007-12-06,13.8125
2026-10-05,2007-12-07,13.3125
2026-10-05,2007-12-10,13.75
2026-10-05,2007-12-11,13.75
2026-10-05,2007-12-12,13.375
2026-10-05,2007-12-13,13.25
2026-10-05,2007-12-14,13.6875
2026-10-05,2007-12-17,13.375
2026-10-05,2007-12-18,13.75
2026-10-05,2007-12-19,13.375
2026-10-05,2007-12-20,13.5
2026-10-05,2007-12-21,13.1875
2026-10-05,2007-12-26,13.5
2026-10-05,2007-12-27,13.875
2026-10-05,2007-12-28,13.625
2026-10-05,2008-01-02,13.5
2026-10-05,2008-01-03,13.5
2026-10-05,2008-01-04,13.25
2026-10-05,2008-01-07,13.0625
2026-10-05,2008-01-08,11.75
2026-10-05,2008-01-09,11.5625
2026-10-05,2008-01-10,11.0625
2026-10-05,2008-01-11,10.1875
2026-10-05,2008-01-14,10
2026-10-05,2008-01-15,9.5
2026-10-05,2008-01-16,9.375
2026-10-05,2008-01-17,9.375
2026-10-05,2008-01-18,9.0625
2026-10-05,2008-01-21,8.9375
2026-10-05,2008-01-22,8.625
2026-10-05,2008-01-23,9.3125
2026-10-05,2008-01-24,8.9375
2026-10-05,2008-01-25,8.625
2026-10-05,2008-01-28,8.75
2026-10-05,2008-01-29,9.25
2026-10-05,2008-01-30,8.8125
2026-10-05,2008-01-31,8.75
2026-10-05,2008-02-01,8.75
2026-10-05,2008-02-04,8.75
2026-10-05,2008-02-05,8.875
2026-10-05,2008-02-06,8.0625
2026-10-05,2008-02-07,8.5
2026-10-05,2008-02-08,7.75
2026-10-05,2008-02-11,8.25
2026-10-05,2008-02-12,8.3125
2026-10-05,2008-02-13,7.8125
2026-10-05,2008-02-14,8.375
2026-10-05,2008-02-15,8
2026-10-05,2008-02-18,8.25
2026-10-05,2008-02-19,8.3125
2026-10-05,2008-02-20,8.0625
2026-10-05,2008-02-21,8.3125
2026-10-05,2008-02-22,8.25
2026-10-05,2008-02-25,8.1875
2026-10-05,2008-02-26,8.375
2026-10-05,2008-02-27,8.375
2026-10-05,2008-02-28,8.375
2026-10-05,2008-02-29,8.875
2026-10-05,2008-03-03,8.4375
2026-10-05,2008-03-04,8.5
2026-10-05,2008-03-05,8.625
2026-10-05,2008-03-06,8.6875
2026-10-05,2008-03-07,8.625
2026-10-05,2008-03-10,8.5
2026-10-05,2008-03-11,8.25
2026-10-05,2008-03-12,8.5625
2026-10-05,2008-03-13,8.5
2026-10-05,2008-03-14,8.375
2026-10-05,2008-03-17,8.5625
2026-10-05,2008-03-18,8.5
2026-10-05,2008-03-19,8.5
2026-10-05,2008-03-25,8.4375
2026-10-05,2008-03-26,8.5
2026-10-05,2008-03-27,8.5625
2026-10-05,2008-03-28,8.5625
2026-10-05,2008-03-31,8.3125
2026-10-05,2008-04-01,8.625
2026-10-05,2008-04-03,8.625
2026-10-05,2008-04-04,8.5625
2026-10-05,2008-04-07,8.625
2026-10-05,2008-04-08,8.5625
2026-10-05,2008-04-09,8.5625
2026-10-05,2008-04-10,8.375
2026-10-05,2008-04-11,8.625
2026-10-05,2008-04-14,8.375
2026-10-05,2008-04-15,8.375
2026-10-05,2008-04-16,8.8125
2026-10-05,2008-04-17,8.625
2026-10-05,2008-04-18,8.625
2026-10-05,2008-04-21,8.625
2026-10-05,2008-04-22,8.5625
2026-10-05,2008-04-23,8.6875
2026-10-05,2008-04-24,8.625
2026-10-05,2008-04-25,9.0625
2026-10-05,2008-04-28,9.0625
2026-10-05,2008-04-29,9.25
2026-10-05,2008-04-30,9.75
2026-10-05,2008-05-02,10
2026-10-05,2008-05-05,10
2026-10-05,2008-05-06,10.1875
2026-10-05,2008-05-07,10.3125
2026-10-05,2008-05-08,10.8125
2026-10-05,2008-05-09,11
2026-10-05,2008-05-12,11.3125
2026-10-05,2008-05-13,12.5625
2026-10-05,2008-05-14,13.625
2026-10-05,2008-05-15,14.0625
2026-10-05,2008-05-16,13.6875
2026-10-05,2008-05-19,13.8125
2026-10-05,2008-05-20,13.75
2026-10-05,2008-05-21,13.9375
2026-10-05,2008-05-22,14.0625
2026-10-05,2008-05-23,14.25
2026-10-05,2008-05-26,14.375
2026-10-05,2008-05-27,15.875
2026-10-05,2008-05-28,16
2026-10-05,2008-05-29,17.0625
2026-10-05,2008-05-30,16.9375
2026-10-05,2008-06-02,17.75
2026-10-05,2008-06-03,18.4375
2026-10-05,2008-06-04,18.125
2026-10-05,2008-06-05,18
2026-10-05,2008-06-06,18.125
2026-10-05,2008-06-09,17.4375
2026-10-05,2008-06-10,18
2026-10-05,2008-06-11,17.6875
2026-10-05,2008-06-12,17.4375
2026-10-05,2008-06-13,17.4375
2026-10-05,2008-06-17,17.25
2026-10-05,2008-06-18,17.1875
2026-10-05,2008-06-19,17.5625
2026-10-05,2008-06-20,17.5
2026-10-05,2008-06-23,17.125
2026-10-05,2008-06-24,16.9375
2026-10-05,2008-06-25,16.625
2026-10-05,2008-06-26,16.75
2026-10-05,2008-06-27,16.5
2026-10-05,2008-06-30,16.25
2026-10-05,2008-07-01,16.375
2026-10-05,2008-07-02,16.4375
2026-10-05,2008-07-03,16.1875
2026-10-05,2008-07-04,16.0625
2026-10-05,2008-07-07,16.1875
2026-10-05,2008-07-08,16.25
2026-10-05,2008-07-10,16.1875
2026-10-05,2008-07-11,16
2026-10-05,2008-07-14,16
2026-10-05,2008-07-15,15.9375
2026-10-05,2008-07-16,15.5625
2026-10-05,2008-07-17,15.375
2026-10-05,2008-07-18,14.8125
2026-10-05,2008-07-21,14.375
2026-10-05,2008-07-22,13.625
2026-10-05,2008-07-23,12.5
2026-10-05,2008-07-24,12.0625
2026-10-05,2008-07-25,12.375
2026-10-05,2008-07-28,12.3125
2026-10-05,2008-07-29,12.4375
2026-10-05,2008-07-30,12.5
2026-10-05,2008-07-31,12.6875
2026-10-05,2008-08-01,12.5
2026-10-05,2008-08-04,12.5
2026-10-05,2008-08-05,12.0625
2026-10-05,2008-08-06,12.625
2026-10-05,2008-08-07,12.5
2026-10-05,2008-08-08,12.3125
2026-10-05,2008-08-11,12.5
2026-10-05,2008-08-12,12.3125
2026-10-05,2008-08-13,12.25
2026-10-05,2008-08-14,12.3125
2026-10-05,2008-08-15,12.125
2026-10-05,2008-08-19,12.0625
2026-10-05,2008-08-20,12.3125
2026-10-05,2008-08-21,12.375
2026-10-05,2008-08-22,12
2026-10-05,2008-08-25,12.125
2026-10-05,2008-08-26,11.75
2026-10-05,2008-08-27,12.3125
2026-10-05,2008-08-28,12.0625
2026-10-05,2008-08-29,12.1875
2026-10-05,2008-09-01,12.1875
2026-10-05,2008-09-02,12.1875
2026-10-05,2008-09-03,12
2026-10-05,2008-09-04,12.125
2026-10-05,2008-09-05,12.1875
2026-10-05,2008-09-08,11.9375
2026-10-05,2008-09-09,12.0625
2026-10-05,2008-09-10,12.0625
2026-10-05,2008-09-11,11.875
2026-10-05,2008-09-12,11.9375
2026-10-05,2008-09-15,12
2026-10-05,2008-09-16,12
2026-10-05,2008-09-17,12.1875
2026-10-05,2008-09-18,12.375
2026-10-05,2008-09-19,12.1875
2026-10-05,2008-09-22,12.3125
2026-10-05,2008-09-23,12.25
2026-10-05,2008-09-24,12.4375
2026-10-05,2008-09-25,12.125
2026-10-05,2008-09-26,12.5
2026-10-05,2008-09-29,12.625
2026-10-05,2008-09-30,12.5625
2026-10-05,2008-10-01,12.625
2026-10-05,2008-10-02,12.875
2026-10-05,2008-10-03,12.75
2026-10-05,2008-10-06,13.25
2026-10-05,2008-10-07,13.5625
2026-10-05,2008-10-08,13.625
2026-10-05,2008-10-09,14.8125
2026-10-05,2008-10-10,15.6875
2026-10-05,2008-10-14,16.6875
2026-10-05,2008-10-15,16.625
2026-10-05,2008-10-16,17
2026-10-05,2008-10-17,17.5
2026-10-05,2008-10-20,17.25
2026-10-05,2008-10-21,17.25
2026-10-05,2008-10-22,17.6875
2026-10-05,2008-10-23,17.6875
2026-10-05,2008-10-24,18.1875
2026-10-05,2008-10-27,18.1875
2026-10-05,2008-10-28,19.375
2026-10-05,2008-10-29,20.6875
2026-10-05,2008-10-30,21.625
2026-10-05,2008-10-31,23
2026-10-05,2008-11-03,23.375
2026-10-05,2008-11-04,24.5625
2026-10-05,2008-11-05,25.25
2026-10-05,2008-11-07,25.9375
2026-10-05,2008-11-10,25.9375
2026-10-05,2008-11-11,26.125
2026-10-05,2008-11-12,24.3125
2026-10-05,2008-11-13,22.5625
2026-10-05,2008-11-14,20.125
2026-10-05,2008-11-17,19.4375
2026-10-05,2008-11-18,18.75
2026-10-05,2008-11-19,18.625
2026-10-05,2008-11-20,18.375
2026-10-05,2008-11-21,18.375
2026-10-05,2008-11-24,18.125
2026-10-05,2008-11-25,18.375
2026-10-05,2008-11-26,18.125
2026-10-05,2008-11-27,18.0625
2026-10-05,2008-11-28,18.6875
2026-10-05,2008-12-01,18.4375
2026-10-05,2008-12-02,18.25
2026-10-05,2008-12-03,18.1875
2026-10-05,2008-12-04,18.4375
2026-10-05,2008-12-05,18.4375
2026-10-05,2008-12-09,18.625
2026-10-05,2008-12-10,18.8125
2026-10-05,2008-12-11,18.9375
2026-10-05,2008-12-12,18.9375
2026-10-05,2008-12-15,19.25
2026-10-05,2008-12-16,19.375
2026-10-05,2008-12-17,19.6875
2026-10-05,2008-12-18,19.5
2026-10-05,2008-12-19,19.6875
2026-10-05,2008-12-22,18.75
2026-10-05,2008-12-23,19.6875
2026-10-05,2008-12-24,19.25
2026-10-05,2008-12-26,19.5625
2026-10-05,2008-12-29,19.5625
2026-10-05,2008-12-30,19.4375
2026-10-05,2008-12-31,19.75
2026-10-05,2009-01-02,19.1875
2026-10-05,2009-01-05,19.5
2026-10-05,2009-01-06,19.1875
2026-10-05,2009-01-07,18.6875
2026-10-05,2009-01-08,18.3125
2026-10-05,2009-01-09,17.5625
2026-10-05,2009-01-12,17.125
2026-10-05,2009-01-13,16.1875
2026-10-05,2009-01-14,16.4375
2026-10-05,2009-01-15,15.125
2026-10-05,2009-01-16,15.1875
2026-10-05,2009-01-19,14.9375
2026-10-05,2009-01-20,14.125
2026-10-05,2009-01-21,13.6875
2026-10-05,2009-01-22,14.3125
2026-10-05,2009-01-23,13.3125
2026-10-05,2009-01-26,13.3125
2026-10-05,2009-01-27,12.75
2026-10-05,2009-01-28,13
2026-10-05,2009-01-29,12.5625
2026-10-05,2009-01-30,13.0625
2026-10-05,2009-02-02,12.5625
2026-10-05,2009-02-03,12.625
2026-10-05,2009-02-04,12.5625
2026-10-05,2009-02-05,12.25
2026-10-05,2009-02-06,11.875
2026-10-05,2009-02-09,12.25
2026-10-05,2009-02-10,12
2026-10-05,2009-02-11,12.0625
2026-10-05,2009-02-12,11.875
2026-10-05,2009-02-13,12
2026-10-05,2009-02-16,12
2026-10-05,2009-02-17,11.6875
2026-10-05,2009-02-18,11.75
2026-10-05,2009-02-19,11.6875
2026-10-05,2009-02-20,11.625
2026-10-05,2009-02-23,11.75
2026-10-05,2009-02-24,11.625
2026-10-05,2009-02-25,11.9375
2026-10-05,2009-02-26,11.5625
2026-10-05,2009-02-27,11.8125
2026-10-05,2009-03-02,11.625
2026-10-05,2009-03-03,11.875
2026-10-05,2009-03-04,12.0625
2026-10-05,2009-03-05,11.875
2026-10-05,2009-03-06,12.0625
2026-10-05,2009-03-09,12.1875
2026-10-05,2009-03-10,12.1875
2026-10-05,2009-03-11,12.25
2026-10-05,2009-03-12,12.1875
2026-10-05,2009-03-13,12.3125
2026-10-05,2009-03-16,12.125
2026-10-05,2009-03-17,12.3125
2026-10-05,2009-03-18,12.5
2026-10-05,2009-03-19,12.3125
2026-10-05,2009-03-20,12.3125
2026-10-05,2009-03-23,12.4375
2026-10-05,2009-03-25,12.375
2026-10-05,2009-03-26,12.625
2026-10-05,2009-03-27,12.75
2026-10-05,2009-03-30,12.625
2026-10-05,2009-03-31,12.375
2026-10-05,2009-04-01,12.75
2026-10-05,2009-04-03,12.8125
2026-10-05,2009-04-06,12.6875
2026-10-05,2009-04-07,12.8125
2026-10-05,2009-04-08,12.8125
2026-10-05,2009-04-13,12.8125
2026-10-05,2009-04-14,12.6875
2026-10-05,2009-04-15,12.8125
2026-10-05,2009-04-16,12.625
2026-10-05,2009-04-17,12.9375
2026-10-05,2009-04-20,12.75
2026-10-05,2009-04-21,12.75
2026-10-05,2009-04-22,12.8125
2026-10-05,2009-04-23,12.625
2026-10-05,2009-04-24,12.375
2026-10-05,2009-04-27,12.9375
2026-10-05,2009-04-28,12.8125
2026-10-05,2009-04-29,12.75
2026-10-05,2009-04-30,12.75
2026-10-05,2009-05-04,12.6875
2026-10-05,2009-05-05,12.8125
2026-10-05,2009-05-06,12.75
2026-10-05,2009-05-07,12.75
2026-10-05,2009-05-08,12.9375
2026-10-05,2009-05-11,12.5625
2026-10-05,2009-05-12,12.6875
2026-10-05,2009-05-13,12.875
2026-10-05,2009-05-14,12.75
2026-10-05,2009-05-15,12.875
2026-10-05,2009-05-18,13
2026-10-05,2009-05-19,12.9375
2026-10-05,2009-05-20,12.75
2026-10-05,2009-05-21,12.6875
2026-10-05,2009-05-22,12.875
2026-10-05,2009-05-26,12.8125
2026-10-05,2009-05-27,12.9375
2026-10-05,2009-05-28,12.875
2026-10-05,2009-05-29,12.9375
2026-10-05,2009-06-01,13
2026-10-05,2009-06-02,12.875
2026-10-05,2009-06-03,12.8125
2026-10-05,2009-06-04,12.9375
2026-10-05,2009-06-05,12.9375
2026-10-05,2009-06-08,12.9375
2026-10-05,2009-06-09,12.9375
2026-10-05,2009-06-10,12.875
2026-10-05,2009-06-11,12.875
2026-10-05,2009-06-12,12.875
2026-10-05,2009-06-16,13
2026-10-05,2009-06-17,12.9375
2026-10-05,2009-06-18,12.9375
2026-10-05,2009-06-19,13
2026-10-05,2009-06-22,12.9375
2026-10-05,2009-06-23,12.875
2026-10-05,2009-06-24,13.1875
2026-10-05,2009-06-25,12.875
2026-10-05,2009-06-26,13.0625
2026-10-05,2009-06-29,12.9375
2026-10-05,2009-06-30,12.9375
2026-10-05,2009-07-01,12.9375
2026-10-05,2009-07-02,12.9375
2026-10-05,2009-07-03,12.9375
2026-10-05,2009-07-06,12.9375
2026-10-05,2009-07-07,13
2026-10-05,2009-07-08,12.875
2026-10-05,2009-07-13,13
2026-10-05,2009-07-14,13.0625
2026-10-05,2009-07-15,12.9375
2026-10-05,2009-07-16,13.0625
2026-10-05,2009-07-17,13.0625
2026-10-05,2009-07-20,12.8125
2026-10-05,2009-07-21,13
2026-10-05,2009-07-22,13
2026-10-05,2009-07-23,13.1875
2026-10-05,2009-07-24,13.0625
2026-10-05,2009-07-27,13.125
2026-10-05,2009-07-28,13.1875
2026-10-05,2009-07-29,13.3125
2026-10-05,2009-07-30,13.1875
2026-10-05,2009-07-31,13.1875
2026-10-05,2009-08-03,13.125
2026-10-05,2009-08-04,13
2026-10-05,2009-08-05,13.125
2026-10-05,2009-08-06,12.9375
2026-10-05,2009-08-07,13
2026-10-05,2009-08-10,12.9375
2026-10-05,2009-08-11,12.875
2026-10-05,2009-08-12,12.6875
2026-10-05,2009-08-13,12.6875
2026-10-05,2009-08-14,12.6875
2026-10-05,2009-08-18,12.6875
2026-10-05,2009-08-19,12.5625
2026-10-05,2009-08-20,12.6875
2026-10-05,2009-08-21,12.5
2026-10-05,2009-08-24,12.4375
2026-10-05,2009-08-25,12.6875
2026-10-05,2009-08-26,12.5625
2026-10-05,2009-08-27,12.5625
2026-10-05,2009-08-28,12.3125
2026-10-05,2009-08-31,12.5
2026-10-05,2009-09-01,12.3125
2026-10-05,2009-09-02,12.4375
2026-10-05,2009-09-03,12.125
2026-10-05,2009-09-04,12.4375
2026-10-05,2009-09-07,12.25
2026-10-05,2009-09-08,12.3125
2026-10-05,2009-09-09,12.1875
2026-10-05,2009-09-10,12.125
2026-10-05,2009-09-11,12.25
2026-10-05,2009-09-14,12.125
2026-10-05,2009-09-15,12.25
2026-10-05,2009-09-16,12.5
2026-10-05,2009-09-17,12.5
2026-10-05,2009-09-18,12.3125
2026-10-05,2009-09-21,12.1875
2026-10-05,2009-09-22,12.125
2026-10-05,2009-09-23,12.25
2026-10-05,2009-09-24,12.0625
2026-10-05,2009-09-25,12.1875
2026-10-05,2009-09-28,11.8125
2026-10-05,2009-09-29,12.125
2026-10-05,2009-09-30,12.1875
2026-10-05,2009-10-01,12.0625
2026-10-05,2009-10-02,12.1875
2026-10-05,2009-10-05,12
2026-10-05,2009-10-06,12.0625
2026-10-05,2009-10-07,12
2026-10-05,2009-10-08,11.75
2026-10-05,2009-10-09,12.125
2026-10-05,2009-10-13,11.8125
2026-10-05,2009-10-14,12
2026-10-05,2009-10-15,11.875
2026-10-05,2009-10-16,11.9375
2026-10-05,2009-10-19,11.75
2026-10-05,2009-10-20,11.75
2026-10-05,2009-10-21,11.625
2026-10-05,2009-10-22,11.625
2026-10-05,2009-10-23,11.5625
2026-10-05,2009-10-26,11.5625
2026-10-05,2009-10-27,11.625
2026-10-05,2009-10-28,11.25
2026-10-05,2009-10-29,11.625
2026-10-05,2009-10-30,11.375
2026-10-05,2009-11-02,11.375
2026-10-05,2009-11-03,11.25
2026-10-05,2009-11-04,11.1875
2026-10-05,2009-11-05,11
2026-10-05,2009-11-09,11.125
2026-10-05,2009-11-10,10.875
2026-10-05,2009-11-11,10.8125
2026-10-05,2009-11-12,10.75
2026-10-05,2009-11-13,10.8125
2026-10-05,2009-11-16,10.75
2026-10-05,2009-11-17,10.6875
2026-10-05,2009-11-18,10.75
2026-10-05,2009-11-19,10.5
2026-10-05,2009-11-20,10.4375
2026-10-05,2009-11-23,10.25
2026-10-05,2009-11-24,10.375
2026-10-05,2009-11-25,10.1875
2026-10-05,2009-11-26,10.1875
2026-10-05,2009-11-27,9.9375
2026-10-05,2009-11-30,10.0625
2026-10-05,2009-12-01,10
2026-10-05,2009-12-02,9.9375
2026-10-05,2009-12-03,9.8125
2026-10-05,2009-12-04,9.5625
2026-10-05,2009-12-07,9.75
2026-10-05,2009-12-09,9.8125
2026-10-05,2009-12-10,9.5625
2026-10-05,2009-12-11,9.9375
2026-10-05,2009-12-14,9.6875
2026-10-05,2009-12-15,9.75
2026-10-05,2009-12-16,9.6875
2026-10-05,2009-12-17,9.9375
2026-10-05,2009-12-18,9.625
2026-10-05,2009-12-21,9.875
2026-10-05,2009-12-22,9.8125
2026-10-05,2009-12-23,9.6875
2026-10-05,2009-12-24,9.9375
2026-10-05,2009-12-28,10
2026-10-05,2009-12-29,9.875
2026-10-05,2009-12-30,9.875
2026-10-05,2009-12-31,10
2026-10-05,2010-01-04,9.875
2026-10-05,2010-01-05,9.8125
2026-10-05,2010-01-06,10
2026-10-05,2010-01-07,10.125
2026-10-05,2010-01-08,9.8125
2026-10-05,2010-01-11,9.8125
2026-10-05,2010-01-12,9.9375
2026-10-05,2010-01-13,10
2026-10-05,2010-01-14,9.9375
2026-10-05,2010-01-15,9.6875
2026-10-05,2010-01-18,9.75
2026-10-05,2010-01-19,10.0625
2026-10-05,2010-01-20,9.875
2026-10-05,2010-01-21,9.875
2026-10-05,2010-01-22,9.875
2026-10-05,2010-01-25,9.875
2026-10-05,2010-01-26,9.75
2026-10-05,2010-01-27,9.6875
2026-10-05,2010-01-28,9.75
2026-10-05,2010-01-29,9.75
2026-10-05,2010-02-01,9.75
2026-10-05,2010-02-02,9.4375
2026-10-05,2010-02-03,9.6875
2026-10-05,2010-02-04,9.625
2026-10-05,2010-02-05,9.75
2026-10-05,2010-02-08,9.75
2026-10-05,2010-02-09,9.5625
2026-10-05,2010-02-10,9.5
2026-10-05,2010-02-11,9.5
2026-10-05,2010-02-12,9.5625
2026-10-05,2010-02-15,9.5625
2026-10-05,2010-02-16,9.4375
2026-10-05,2010-02-17,9.4375
2026-10-05,2010-02-18,9.5625
2026-10-05,2010-02-19,9.0625
2026-10-05,2010-02-22,9.5625
2026-10-05,2010-02-23,9.625
2026-10-05,2010-02-24,9.4375
2026-10-05,2010-02-25,9.4375
2026-10-05,2010-02-26,9.5
2026-10-05,2010-03-01,9.5625
2026-10-05,2010-03-02,9.5625
2026-10-05,2010-03-03,9.5
2026-10-05,2010-03-04,9.3125
2026-10-05,2010-03-05,9.4375
2026-10-05,2010-03-08,9.5
2026-10-05,2010-03-09,9.3125
2026-10-05,2010-03-10,9.625
2026-10-05,2010-03-11,9.4375
2026-10-05,2010-03-12,9.4375
2026-10-05,2010-03-15,9.625
2026-10-05,2010-03-16,9.5
2026-10-05,2010-03-17,9.4375
2026-10-05,2010-03-18,9.3125
2026-10-05,2010-03-19,9.25
2026-10-05,2010-03-22,9.375
2026-10-05,2010-03-23,9.375
2026-10-05,2010-03-25,9.375
2026-10-05,2010-03-26,9.375
2026-10-05,2010-03-29,9.375
2026-10-05,2010-03-30,9.4375
2026-10-05,2010-03-31,9.375
2026-10-05,2010-04-05,9.25
2026-10-05,2010-04-06,9.25
2026-10-05,2010-04-07,9.375
2026-10-05,2010-04-08,9.25
2026-10-05,2010-04-09,9.3125
2026-10-05,2010-04-12,9.25
2026-10-05,2010-04-13,9.375
2026-10-05,2010-04-14,9.25
2026-10-05,2010-04-15,9.375
2026-10-05,2010-04-16,9.25
2026-10-05,2010-04-19,9.375
2026-10-05,2010-04-20,9.3125
2026-10-05,2010-04-21,9.1875
2026-10-05,2010-04-22,9.1875
2026-10-05,2010-04-23,8.9375
2026-10-05,2010-04-26,9.1875
2026-10-05,2010-04-27,9.25
2026-10-05,2010-04-28,9.25
2026-10-05,2010-04-29,9.1875
2026-10-05,2010-04-30,9.25
2026-10-05,2010-05-03,9.25
2026-10-05,2010-05-04,9.3125
2026-10-05,2010-05-05,8.8125
2026-10-05,2010-05-06,9.125
2026-10-05,2010-05-07,9.25
2026-10-05,2010-05-10,9.375
2026-10-05,2010-05-11,9.5
2026-10-05,2010-05-12,9.25
2026-10-05,2010-05-13,9.375
2026-10-05,2010-05-14,9.3125
2026-10-05,2010-05-17,9.4375
2026-10-05,2010-05-18,9.5
2026-10-05,2010-05-19,9.375
2026-10-05,2010-05-20,9.375
2026-10-05,2010-05-21,9.5
2026-10-05,2010-05-26,9.5
2026-10-05,2010-05-27,9.625
2026-10-05,2010-05-28,9.5625
2026-10-05,2010-05-31,9.75
2026-10-05,2010-06-01,9.75
2026-10-05,2010-06-02,10.0625
2026-10-05,2010-06-03,10.125
2026-10-05,2010-06-04,9.75
2026-10-05,2010-06-07,10.125
2026-10-05,2010-06-08,10.125
2026-10-05,2010-06-09,10
2026-10-05,2010-06-10,10.0625
2026-10-05,2010-06-11,9.9375
2026-10-05,2010-06-14,10.25
2026-10-05,2010-06-15,10.3125
2026-10-05,2010-06-16,10.3125
2026-10-05,2010-06-17,10.3125
2026-10-05,2010-06-18,10.0625
2026-10-05,2010-06-22,10
2026-10-05,2010-06-23,10.5
2026-10-05,2010-06-24,10.375
2026-10-05,2010-06-25,10.25
2026-10-05,2010-06-28,10.125
2026-10-05,2010-06-29,10.25
2026-10-05,2010-06-30,10.3125
2026-10-05,2010-07-01,9.9375
2026-10-05,2010-07-02,10.5
2026-10-05,2010-07-05,9.9375
2026-10-05,2010-07-06,10.4375
2026-10-05,2010-07-07,10.4375
2026-10-05,2010-07-08,10.25
2026-10-05,2010-07-12,10.0625
2026-10-05,2010-07-13,10.1875
2026-10-05,2010-07-14,10.3125
2026-10-05,2010-07-15,10.3125
2026-10-05,2010-07-16,10.375
2026-10-05,2010-07-19,10.3125
2026-10-05,2010-07-20,10.4375
2026-10-05,2010-07-21,10.4375
2026-10-05,2010-07-22,10.25
2026-10-05,2010-07-23,10.5
2026-10-05,2010-07-26,10.375
2026-10-05,2010-07-27,10.5
2026-10-05,2010-07-28,10
2026-10-05,2010-07-29,10.4375
2026-10-05,2010-07-30,10.4375
2026-10-05,2010-08-02,10.375
2026-10-05,2010-08-03,10.3125
2026-10-05,2010-08-04,9.875
2026-10-05,2010-08-05,10.5
2026-10-05,2010-08-06,10.375
2026-10-05,2010-08-09,10.4375
2026-10-05,2010-08-10,10.6875
2026-10-05,2010-08-11,10.1875
2026-10-05,2010-08-12,10.5
2026-10-05,2010-08-13,10.5
2026-10-05,2010-08-17,10.5
2026-10-05,2010-08-18,10.3125
2026-10-05,2010-08-19,10.5625
2026-10-05,2010-08-20,10.75
2026-10-05,2010-08-23,10.4375
2026-10-05,2010-08-24,10.6875
2026-10-05,2010-08-25,10.625
2026-10-05,2010-08-26,10.625
2026-10-05,2010-08-27,10.5625
2026-10-05,2010-08-30,10.5625
2026-10-05,2010-08-31,10.375
2026-10-05,2010-09-01,10.625
2026-10-05,2010-09-02,10.375
2026-10-05,2010-09-03,10.25
2026-10-05,2010-09-06,10.625
2026-10-05,2010-09-07,10.5
2026-10-05,2010-09-08,10.4375
2026-10-05,2010-09-09,10.875
2026-10-05,2010-09-10,10.4375
2026-10-05,2010-09-13,10.5
2026-10-05,2010-09-14,10.625
2026-10-05,2010-09-15,10.8125
2026-10-05,2010-09-16,10.75
2026-10-05,2010-09-17,10.3125
2026-10-05,2010-09-20,10.5625
2026-10-05,2010-09-21,10.5
2026-10-05,2010-09-22,10.5625
2026-10-05,2010-09-23,10.5
2026-10-05,2010-09-24,10.6875
2026-10-05,2010-09-27,10.5
2026-10-05,2010-09-28,10.6875
2026-10-05,2010-09-29,10.5625
2026-10-05,2010-09-30,10.4375
2026-10-05,2010-10-01,10.75
2026-10-05,2010-10-04,10.3125
2026-10-05,2010-10-05,10.6875
2026-10-05,2010-10-06,10.6875
2026-10-05,2010-10-07,10.75
2026-10-05,2010-10-08,10.375
2026-10-05,2010-10-12,10.75
2026-10-05,2010-10-13,10.6875
2026-10-05,2010-10-14,10.625
2026-10-05,2010-10-15,10.75
2026-10-05,2010-10-18,10.625
2026-10-05,2010-10-19,10.8125
2026-10-05,2010-10-20,10.8125
2026-10-05,2010-10-21,10.6875
2026-10-05,2010-10-22,10.8125
2026-10-05,2010-10-25,10.875
2026-10-05,2010-10-26,10.6875
2026-10-05,2010-10-28,10.6875
2026-10-05,2010-10-29,10.875
2026-10-05,2010-11-01,10.9375
2026-10-05,2010-11-02,11.0625
2026-10-05,2010-11-03,10.625
2026-10-05,2010-11-04,10.5
2026-10-05,2010-11-05,10.75
2026-10-05,2010-11-08,10.875
2026-10-05,2010-11-09,10.9375
2026-10-05,2010-11-10,10.8125
2026-10-05,2010-11-11,10.8125
2026-10-05,2010-11-12,10.6875
2026-10-05,2010-11-15,10.875
2026-10-05,2010-11-16,10.75
2026-10-05,2010-11-17,10.5625
2026-10-05,2010-11-18,10.875
2026-10-05,2010-11-19,10.9375
2026-10-05,2010-11-23,10.75
2026-10-05,2010-11-24,10.75
2026-10-05,2010-11-25,11
2026-10-05,2010-11-26,10.9375
2026-10-05,2010-11-29,10.6875
2026-10-05,2010-11-30,10.9375
2026-10-05,2010-12-01,11
2026-10-05,2010-12-02,11
2026-10-05,2010-12-03,10.75
2026-10-05,2010-12-06,10.6875
2026-10-05,2010-12-07,11.1875
2026-10-05,2010-12-09,10.875
2026-10-05,2010-12-10,11.25
2026-10-05,2010-12-13,11
2026-10-05,2010-12-14,11.5
2026-10-05,2010-12-15,11.3125
2026-10-05,2010-12-16,11.125
2026-10-05,2010-12-17,11.0625
2026-10-05,2010-12-20,11.1875
2026-10-05,2010-12-21,11.375
2026-10-05,2010-12-22,11.3125
2026-10-05,2010-12-23,11.125
2026-10-05,2010-12-27,11.0625
2026-10-05,2010-12-28,11.3125
2026-10-05,2010-12-29,11
2026-10-05,2010-12-30,11.25
2026-10-05,2011-01-03,11.0625
2026-10-05,2011-01-04,11.25
2026-10-05,2011-01-05,11
2026-10-05,2011-01-06,10.8125
2026-10-05,2011-01-07,11.0625
2026-10-05,2011-01-10,11.125
2026-10-05,2011-01-11,11.0625
2026-10-05,2011-01-12,10.9375
2026-10-05,2011-01-13,11.0625
2026-10-05,2011-01-14,11.125
2026-10-05,2011-01-17,10.8125
2026-10-05,2011-01-18,11.4375
2026-10-05,2011-01-19,11.125
2026-10-05,2011-01-20,11.125
2026-10-05,2011-01-21,11.125
2026-10-05,2011-01-24,11
2026-10-05,2011-01-25,11.5
2026-10-05,2011-01-26,11.0625
2026-10-05,2011-01-27,11.0625
2026-10-05,2011-01-28,11
2026-10-05,2011-01-31,11.125
2026-10-05,2011-02-01,11
2026-10-05,2011-02-02,10.875
2026-10-05,2011-02-03,11.125
2026-10-05,2011-02-04,11
2026-10-05,2011-02-07,10.8125
2026-10-05,2011-02-08,11.25
2026-10-05,2011-02-09,11.25
2026-10-05,2011-02-10,11.0625
2026-10-05,2011-02-11,11
2026-10-05,2011-02-14,11.125
2026-10-05,2011-02-15,11.25
2026-10-05,2011-02-16,11.0625
2026-10-05,2011-02-17,11.4375
2026-10-05,2011-02-18,10.9375
2026-10-05,2011-02-21,11.1875
2026-10-05,2011-02-22,11.1875
2026-10-05,2011-02-23,11.0625
2026-10-05,2011-02-24,11.0625
2026-10-05,2011-02-25,10.75
2026-10-05,2011-02-28,11
2026-10-05,2011-03-01,11.3125
2026-10-05,2011-03-02,11.125
2026-10-05,2011-03-03,11.125
2026-10-05,2011-03-04,11
2026-10-05,2011-03-09,11.125
2026-10-05,2011-03-10,11
2026-10-05,2011-03-11,11.1875
2026-10-05,2011-03-14,11.125
2026-10-05,2011-03-15,11.1875
2026-10-05,2011-03-16,11.3125
2026-10-05,2011-03-17,11.125
2026-10-05,2011-03-18,11.125
2026-10-05,2011-03-21,11.3125
2026-10-05,2011-03-22,11.1875
2026-10-05,2011-03-23,11.375
2026-10-05,2011-03-28,11.0625
2026-10-05,2011-03-29,11.3125
2026-10-05,2011-03-30,10.9375
2026-10-05,2011-03-31,11.125
2026-10-05,2011-04-01,11.1875
2026-10-05,2011-04-04,11.1875
2026-10-05,2011-04-05,11.1875
2026-10-05,2011-04-06,11.4375
2026-10-05,2011-04-07,11.375
2026-10-05,2011-04-08,11.0625
2026-10-05,2011-04-11,11.0625
2026-10-05,2011-04-12,11.25
2026-10-05,2011-04-13,11.25
2026-10-05,2011-04-14,11.25
2026-10-05,2011-04-15,11.25
2026-10-05,2011-04-18,11.0625
2026-10-05,2011-04-19,11.3125
2026-10-05,2011-04-20,11.0625
2026-10-05,2011-04-25,11.3125
2026-10-05,2011-04-26,11.25
2026-10-05,2011-04-27,11.1875
2026-10-05,2011-04-28,10.875
2026-10-05,2011-04-29,10.8125
2026-10-05,2011-05-02,11.0625
2026-10-05,2011-05-03,11.25
2026-10-05,2011-05-04,11.125
2026-10-05,2011-05-05,11.1875
2026-10-05,2011-05-06,11.625
2026-10-05,2011-05-09,11.3125
2026-10-05,2011-05-10,11.125
2026-10-05,2011-05-11,10.9375
2026-10-05,2011-05-12,11.125
2026-10-05,2011-05-13,11.125
2026-10-05,2011-05-16,11.125
2026-10-05,2011-05-17,11.3125
2026-10-05,2011-05-18,11.125
2026-10-05,2011-05-19,11.5
2026-10-05,2011-05-20,11.125
2026-10-05,2011-05-23,11.5
2026-10-05,2011-05-24,11.1875
2026-10-05,2011-05-26,11.4375
2026-10-05,2011-05-27,11.375
2026-10-05,2011-05-30,10.875
2026-10-05,2011-05-31,11.3125
2026-10-05,2011-06-01,11.25
2026-10-05,2011-06-02,11
2026-10-05,2011-06-03,11.0625
2026-10-05,2011-06-06,11.4375
2026-10-05,2011-06-07,11.4375
2026-10-05,2011-06-08,11.3125
2026-10-05,2011-06-09,11.4375
2026-10-05,2011-06-10,10.9375
2026-10-05,2011-06-13,11.375
2026-10-05,2011-06-14,11.25
2026-10-05,2011-06-15,11.3125
2026-10-05,2011-06-16,11.3125
2026-10-05,2011-06-17,11
2026-10-05,2011-06-21,11.5
2026-10-05,2011-06-22,11.25
2026-10-05,2011-06-23,11.375
2026-10-05,2011-06-24,11.375
2026-10-05,2011-06-27,11.375
2026-10-05,2011-06-28,11.4375
2026-10-05,2011-06-29,10.9375
2026-10-05,2011-06-30,11.4375
2026-10-05,2011-07-01,11.375
2026-10-05,2011-07-04,11.3125
2026-10-05,2011-07-05,11.3125
2026-10-05,2011-07-06,11.5
2026-10-05,2011-07-07,11.5
2026-10-05,2011-07-08,11.375
2026-10-05,2011-07-11,11.3125
2026-10-05,2011-07-12,11.375
2026-10-05,2011-07-13,11.4375
2026-10-05,2011-07-14,11.6875
2026-10-05,2011-07-15,11.75
2026-10-05,2011-07-18,11.25
2026-10-05,2011-07-19,11.875
2026-10-05,2011-07-20,12.1875
2026-10-05,2011-07-21,11.6875
2026-10-05,2011-07-22,11.8125
2026-10-05,2011-07-25,11.875
2026-10-05,2011-07-26,11.875
2026-10-05,2011-07-27,11.9375
2026-10-05,2011-07-28,11.8125
2026-10-05,2011-07-29,12
2026-10-05,2011-08-01,12
2026-10-05,2011-08-02,12.375
2026-10-05,2011-08-03,12
2026-10-05,2011-08-04,12.3125
2026-10-05,2011-08-05,12.25
2026-10-05,2011-08-08,12.375
2026-10-05,2011-08-09,12.5
2026-10-05,2011-08-10,12
2026-10-05,2011-08-11,12.4375
2026-10-05,2011-08-12,12
2026-10-05,2011-08-15,12.25
2026-10-05,2011-08-16,12.5625
2026-10-05,2011-08-17,12.0625
2026-10-05,2011-08-18,12.4375
2026-10-05,2011-08-19,12.6875
2026-10-05,2011-08-23,12.5625
2026-10-05,2011-08-24,12.625
2026-10-05,2011-08-25,12.6875
2026-10-05,2011-08-26,12.5
2026-10-05,2011-08-29,12.375
2026-10-05,2011-08-30,12.375
2026-10-05,2011-08-31,12.625
2026-10-05,2011-09-01,12.625
2026-10-05,2011-09-02,12.5
2026-10-05,2011-09-05,12.625
2026-10-05,2011-09-06,12.3125
2026-10-05,2011-09-07,12.75
2026-10-05,2011-09-08,12.875
2026-10-05,2011-09-09,12.4375
2026-10-05,2011-09-12,12.6875
2026-10-05,2011-09-13,13.0625
2026-10-05,2011-09-14,12.75
2026-10-05,2011-09-15,13
2026-10-05,2011-09-16,12.6875
2026-10-05,2011-09-19,13.1875
2026-10-05,2011-09-20,13.5625
2026-10-05,2011-09-21,13.4375
2026-10-05,2011-09-22,13.5
2026-10-05,2011-09-23,13.4375
2026-10-05,2011-09-26,13.5
2026-10-05,2011-09-27,12.8125
2026-10-05,2011-09-28,13.4375
2026-10-05,2011-09-29,14.1875
2026-10-05,2011-09-30,14
2026-10-05,2011-10-03,13.8125
2026-10-05,2011-10-04,14.5
2026-10-05,2011-10-05,14.6875
2026-10-05,2011-10-06,15.625
2026-10-05,2011-10-07,15.625
2026-10-05,2011-10-11,15.5
2026-10-05,2011-10-12,15.875
2026-10-05,2011-10-13,17.375
2026-10-05,2011-10-14,17.75
2026-10-05,2011-10-17,18
2026-10-05,2011-10-18,18.6875
2026-10-05,2011-10-19,18.75
2026-10-05,2011-10-20,19.6875
2026-10-05,2011-10-21,20
2026-10-05,2011-10-24,19.1875
2026-10-05,2011-10-25,20.5625
2026-10-05,2011-10-26,19.5625
2026-10-05,2011-10-27,17.8125
2026-10-05,2011-10-28,19.8125
2026-10-05,2011-10-31,20.0625
2026-10-05,2011-11-01,20.125
2026-10-05,2011-11-02,19.3125
2026-10-05,2011-11-03,19.9375
2026-10-05,2011-11-04,19.875
2026-10-05,2011-11-07,19.8125
2026-10-05,2011-11-08,20.625
2026-10-05,2011-11-09,19.75
2026-10-05,2011-11-10,19.75
2026-10-05,2011-11-11,19.25
2026-10-05,2011-11-14,21
2026-10-05,2011-11-15,21.25
2026-10-05,2011-11-16,20.875
2026-10-05,2011-11-17,22.875
2026-10-05,2011-11-18,19.625
2026-10-05,2011-11-21,19.5
2026-10-05,2011-11-22,19.75
2026-10-05,2011-11-23,19.5
2026-10-05,2011-11-24,19.25
2026-10-05,2011-11-25,19.3125
2026-10-05,2011-11-29,18.4375
2026-10-05,2011-11-30,18.9375
2026-10-05,2011-12-01,19.1875
2026-10-05,2011-12-02,19.125
2026-10-05,2011-12-05,19.1875
2026-10-05,2011-12-06,18.625
2026-10-05,2011-12-07,18.5625
2026-10-05,2011-12-12,18.625
2026-10-05,2011-12-13,18.875
2026-10-05,2011-12-14,18.9375
2026-10-05,2011-12-15,19.125
2026-10-05,2011-12-16,18.75
2026-10-05,2011-12-19,19.5
2026-10-05,2011-12-20,19.375
2026-10-05,2011-12-21,18.9375
2026-10-05,2011-12-22,18.5625
2026-10-05,2011-12-23,19.3125
2026-10-05,2011-12-27,18.875
2026-10-05,2011-12-28,18.5
2026-10-05,2011-12-29,17.3125
2026-10-05,2011-12-30,17.1875
2026-10-05,2012-01-03,17.5
2026-10-05,2012-01-04,16.9375
2026-10-05,2012-01-05,16.5625
2026-10-05,2012-01-06,16.5625
2026-10-05,2012-01-09,16.8125
2026-10-05,2012-01-10,16.0625
2026-10-05,2012-01-11,16.375
2026-10-05,2012-01-12,15.875
2026-10-05,2012-01-13,16
2026-10-05,2012-01-16,15.875
2026-10-05,2012-01-17,15.8125
2026-10-05,2012-01-18,15.875
2026-10-05,2012-01-19,15.5625
2026-10-05,2012-01-20,15.5
2026-10-05,2012-01-23,15.75
2026-10-05,2012-01-24,15.1875
2026-10-05,2012-01-25,15.625
2026-10-05,2012-01-26,15.4375
2026-10-05,2012-01-27,15.3125
2026-10-05,2012-01-30,14.9375
2026-10-05,2012-01-31,15.0625
2026-10-05,2012-02-01,14.9375
2026-10-05,2012-02-02,14.75
2026-10-05,2012-02-03,15.0625
2026-10-05,2012-02-06,14.75
2026-10-05,2012-02-07,14.9375
2026-10-05,2012-02-08,14.3125
2026-10-05,2012-02-09,13.75
2026-10-05,2012-02-10,14.625
2026-10-05,2012-02-13,14.25
2026-10-05,2012-02-14,14.25
2026-10-05,2012-02-15,13.875
2026-10-05,2012-02-16,13.8125
2026-10-05,2012-02-17,14
2026-10-05,2012-02-22,13.6875
2026-10-05,2012-02-23,13.8125
2026-10-05,2012-02-24,13.875
2026-10-05,2012-02-28,13.4375
2026-10-05,2012-02-29,13.5
2026-10-05,2012-03-01,13.25
2026-10-05,2012-03-02,13.3125
2026-10-05,2012-03-05,13.375
2026-10-05,2012-03-06,13
2026-10-05,2012-03-07,13
2026-10-05,2012-03-08,12.875
2026-10-05,2012-03-09,12.75
2026-10-05,2012-03-12,12.875
2026-10-05,2012-03-13,12.875
2026-10-05,2012-03-14,12.75
2026-10-05,2012-03-15,13
2026-10-05,2012-03-16,13
2026-10-05,2012-03-19,12.75
2026-10-05,2012-03-20,12.75
2026-10-05,2012-03-21,13.1875
2026-10-05,2012-03-22,12.8125
2026-10-05,2012-03-23,12.8125
2026-10-05,2012-03-26,13
2026-10-05,2012-03-27,12.625
2026-10-05,2012-03-28,12.5
2026-10-05,2012-03-29,12.5625
2026-10-05,2012-03-30,12.25
2026-10-05,2012-04-03,12.4375
2026-10-05,2012-04-04,12.1875
2026-10-05,2012-04-09,12.25
2026-10-05,2012-04-10,12.25
2026-10-05,2012-04-11,12.25
2026-10-05,2012-04-12,12.1875
2026-10-05,2012-04-13,12.5
2026-10-05,2012-04-16,12.25
2026-10-05,2012-04-17,12
2026-10-05,2012-04-18,12.0625
2026-10-05,2012-04-19,12.125
2026-10-05,2012-04-20,12.8125
2026-10-05,2012-04-23,12
2026-10-05,2012-04-24,12.1875
2026-10-05,2012-04-25,12
2026-10-05,2012-04-26,11.8125
2026-10-05,2012-04-27,11.75
2026-10-05,2012-05-02,12
2026-10-05,2012-05-03,11.625
2026-10-05,2012-05-04,11.8125
2026-10-05,2012-05-07,11.75
2026-10-05,2012-05-08,11.6875
2026-10-05,2012-05-09,11.0625
2026-10-05,2012-05-10,12
2026-10-05,2012-05-11,11.625
2026-10-05,2012-05-14,11.75
2026-10-05,2012-05-15,11.3125
2026-10-05,2012-05-16,11.875
2026-10-05,2012-05-17,11.4375
2026-10-05,2012-05-18,11.4375
2026-10-05,2012-05-21,11.8125
2026-10-05,2012-05-22,11.6875
2026-10-05,2012-05-23,11.75
2026-10-05,2012-05-24,11.8125
2026-10-05,2012-05-28,11.625
2026-10-05,2012-05-29,11.9375
2026-10-05,2012-05-30,11.875
2026-10-05,2012-05-31,11.75
2026-10-05,2012-06-01,11.8125
2026-10-05,2012-06-04,11.875
2026-10-05,2012-06-05,11.9375
2026-10-05,2012-06-06,12
2026-10-05,2012-06-07,11.8125
2026-10-05,2012-06-08,12.0625
2026-10-05,2012-06-11,11.5
2026-10-05,2012-06-12,10.6875
2026-10-05,2012-06-13,11.9375
2026-10-05,2012-06-14,12.125
2026-10-05,2012-06-15,10.8125
2026-10-05,2012-06-18,12.0625
2026-10-05,2012-06-19,12.0625
2026-10-05,2012-06-21,12.375
2026-10-05,2012-06-22,13.0625
2026-10-05,2012-06-25,12.8125
2026-10-05,2012-06-26,12.5
2026-10-05,2012-06-27,12.6875
2026-10-05,2012-06-28,12.6875
2026-10-05,2012-06-29,13.625
2026-10-05,2012-07-02,13
2026-10-05,2012-07-03,13.25
2026-10-05,2012-07-04,13.0625
2026-10-05,2012-07-05,13.1875
2026-10-05,2012-07-06,13.875
2026-10-05,2012-07-10,13.5
2026-10-05,2012-07-11,13.375
2026-10-05,2012-07-12,13.25
2026-10-05,2012-07-13,13.1875
2026-10-05,2012-07-16,11.4375
2026-10-05,2012-07-17,12.625
2026-10-05,2012-07-18,12.5
2026-10-05,2012-07-19,12.5625
2026-10-05,2012-07-20,13.25
2026-10-05,2012-07-23,13.25
2026-10-05,2012-07-24,13.4375
2026-10-05,2012-07-25,13.6875
2026-10-05,2012-07-26,13.3125
2026-10-05,2012-07-27,14.125
2026-10-05,2012-07-30,13.75
2026-10-05,2012-07-31,13.5
2026-10-05,2012-08-01,13.5625
2026-10-05,2012-08-02,13.4375
2026-10-05,2012-08-03,14
2026-10-05,2012-08-06,13.9375
2026-10-05,2012-08-07,13.875
2026-10-05,2012-08-08,13.8125
2026-10-05,2012-08-09,14.0625
2026-10-05,2012-08-10,14.125
2026-10-05,2012-08-13,14.125
2026-10-05,2012-08-14,14
2026-10-05,2012-08-15,13
2026-10-05,2012-08-16,14.1875
2026-10-05,2012-08-17,14.125
2026-10-05,2012-08-21,13
2026-10-05,2012-08-22,14
2026-10-05,2012-08-23,13.75
2026-10-05,2012-08-24,14.75
2026-10-05,2012-08-27,14.1875
2026-10-05,2012-08-28,14.125
2026-10-05,2012-08-29,14.1875
2026-10-05,2012-08-30,14.125
2026-10-05,2012-08-31,14.4375
2026-10-05,2012-09-03,14
2026-10-05,2012-09-04,13.9375
2026-10-05,2012-09-05,14.3125
2026-10-05,2012-09-06,14.0625
2026-10-05,2012-09-07,14.8125
2026-10-05,2012-09-10,14.125
2026-10-05,2012-09-11,13.8125
2026-10-05,2012-09-12,14.1875
2026-10-05,2012-09-13,14.375
2026-10-05,2012-09-14,14.625
2026-10-05,2012-09-17,14.1875
2026-10-05,2012-09-18,14.1875
2026-10-05,2012-09-19,14
2026-10-05,2012-09-20,14.3125
2026-10-05,2012-09-21,14.3125
2026-10-05,2012-09-25,14.3125
2026-10-05,2012-09-26,14.1875
2026-10-05,2012-09-27,14.6875
2026-10-05,2012-09-28,14.875
2026-10-05,2012-10-01,14.625
2026-10-05,2012-10-02,14.5625
2026-10-05,2012-10-03,14.375
2026-10-05,2012-10-04,14.75
2026-10-05,2012-10-05,15.3125
2026-10-05,2012-10-09,14.6875
2026-10-05,2012-10-10,14.8125
2026-10-05,2012-10-11,15
2026-10-05,2012-10-12,14.9375
2026-10-05,2012-10-15,15.1875
2026-10-05,2012-10-16,15.1875
2026-10-05,2012-10-17,14.9375
2026-10-05,2012-10-18,15
2026-10-05,2012-10-19,15.5625
2026-10-05,2012-10-22,15
2026-10-05,2012-10-23,14.0625
2026-10-05,2012-10-24,14.8125
2026-10-05,2012-10-25,15.3125
2026-10-05,2012-10-26,15.5
2026-10-05,2012-10-29,15.0625
2026-10-05,2012-10-30,14.875
2026-10-05,2012-10-31,14.875
2026-10-05,2012-11-01,15.1875
2026-10-05,2012-11-02,15.1875
2026-10-05,2012-11-05,15.1875
2026-10-05,2012-11-07,15.1875
2026-10-05,2012-11-08,15.125
2026-10-05,2012-11-09,15.375
2026-10-05,2012-11-12,15.125
2026-10-05,2012-11-13,15.4375
2026-10-05,2012-11-14,15.375
2026-10-05,2012-11-15,15.25
2026-10-05,2012-11-16,15.4375
2026-10-05,2012-11-19,15.4375
2026-10-05,2012-11-20,15.25
2026-10-05,2012-11-21,15.3125
2026-10-05,2012-11-22,15.125
2026-10-05,2012-11-23,14.5625
2026-10-05,2012-11-27,15.75
2026-10-05,2012-11-28,15.5625
2026-10-05,2012-11-29,15.1875
2026-10-05,2012-11-30,15.5625
2026-10-05,2012-12-03,15.1875
2026-10-05,2012-12-04,15.4375
2026-10-05,2012-12-05,15.1875
2026-10-05,2012-12-06,15.25
2026-10-05,2012-12-07,15.75
2026-10-05,2012-12-10,15.3125
2026-10-05,2012-12-11,15.25
2026-10-05,2012-12-12,15.125
2026-10-05,2012-12-13,15.125
2026-10-05,2012-12-14,15.75
2026-10-05,2012-12-17,15.3125
2026-10-05,2012-12-18,15.5
2026-10-05,2012-12-19,15.375
2026-10-05,2012-12-20,15.4375
2026-10-05,2012-12-21,15.75
2026-10-05,2012-12-26,15.5625
2026-10-05,2012-12-27,14.9375
2026-10-05,2012-12-28,15.6875
2026-10-05,2012-12-31,15.4375
2026-10-05,2013-01-02,15.25
2026-10-05,2013-01-03,15.25
2026-10-05,2013-01-04,15.6875
2026-10-05,2013-01-07,15.1875
2026-10-05,2013-01-08,14.8125
2026-10-05,2013-01-09,15.0625
2026-10-05,2013-01-10,15.25
2026-10-05,2013-01-11,15.0625
2026-10-05,2013-01-14,15.1875
2026-10-05,2013-01-15,15.125
2026-10-05,2013-01-16,15.125
2026-10-05,2013-01-17,15.3125
2026-10-05,2013-01-18,15.4375
2026-10-05,2013-01-21,15.375
2026-10-05,2013-01-22,15.3125
2026-10-05,2013-01-23,15.1875
2026-10-05,2013-01-24,14.8125
2026-10-05,2013-01-25,15.25
2026-10-05,2013-01-28,14.6875
2026-10-05,2013-01-29,14.625
2026-10-05,2013-01-30,14.9375
2026-10-05,2013-02-01,14.6875
2026-10-05,2013-02-04,14.875
2026-10-05,2013-02-05,14.6875
2026-10-05,2013-02-06,15
2026-10-05,2013-02-07,14.5625
2026-10-05,2013-02-08,15
2026-10-05,2013-02-13,14.75
2026-10-05,2013-02-14,14.875
2026-10-05,2013-02-15,14.9375
2026-10-05,2013-02-18,14.8125
2026-10-05,2013-02-19,14.6875
2026-10-05,2013-02-21,14.8125
2026-10-05,2013-02-22,14.75
2026-10-05,2013-02-25,14.5
2026-10-05,2013-02-26,15
2026-10-05,2013-02-27,15.125
2026-10-05,2013-02-28,13.9375
2026-10-05,2013-03-01,14.5625
2026-10-05,2013-03-04,14.5625
2026-10-05,2013-03-05,14.625
2026-10-05,2013-03-06,14.75
2026-10-05,2013-03-07,14.9375
2026-10-05,2013-03-08,15.0625
2026-10-05,2013-03-11,14.75
2026-10-05,2013-03-12,14.8125
2026-10-05,2013-03-13,14.8125
2026-10-05,2013-03-14,14.875
2026-10-05,2013-03-15,14.6875
2026-10-05,2013-03-18,14.875
2026-10-05,2013-03-19,15
2026-10-05,2013-03-20,14.875
2026-10-05,2013-03-21,14.8125
2026-10-05,2013-03-22,15.375
2026-10-05,2013-03-25,14.75
2026-10-05,2013-03-26,15.1875
2026-10-05,2013-03-27,14.875
2026-10-05,2013-04-03,14.625
2026-10-05,2013-04-04,15
2026-10-05,2013-04-05,15.0625
2026-10-05,2013-04-08,15.25
2026-10-05,2013-04-09,15.1875
2026-10-05,2013-04-10,15
2026-10-05,2013-04-11,15
2026-10-05,2013-04-12,15.4375
2026-10-05,2013-04-15,14.875
2026-10-05,2013-04-16,14.75
2026-10-05,2013-04-17,15.1875
2026-10-05,2013-04-18,15.4375
2026-10-05,2013-04-19,15.125
2026-10-05,2013-04-22,15.3125
2026-10-05,2013-04-23,15.0625
2026-10-05,2013-04-24,14.9375
2026-10-05,2013-04-25,15.4375
2026-10-05,2013-04-26,15.4375
2026-10-05,2013-04-29,15.1875
2026-10-05,2013-04-30,15.3125
2026-10-05,2013-05-02,15.6875
2026-10-05,2013-05-03,15.1875
2026-10-05,2013-05-06,15.3125
2026-10-05,2013-05-07,15.25
2026-10-05,2013-05-08,15.5
2026-10-05,2013-05-09,15.75
2026-10-05,2013-05-10,15.375
2026-10-05,2013-05-13,15.625
2026-10-05,2013-05-14,15.1875
2026-10-05,2013-05-15,15.5625
2026-10-05,2013-05-16,15.875
2026-10-05,2013-05-17,15.6875
2026-10-05,2013-05-20,15.9375
2026-10-05,2013-05-21,15.6875
2026-10-05,2013-05-22,16.1875
2026-10-05,2013-05-23,16.1875
2026-10-05,2013-05-24,16.125
2026-10-05,2013-05-27,16.5
2026-10-05,2013-05-28,16
2026-10-05,2013-05-29,16.1875
2026-10-05,2013-05-30,16.125
2026-10-05,2013-05-31,16.625
2026-10-05,2013-06-03,16.25
2026-10-05,2013-06-04,16.8125
2026-10-05,2013-06-05,16.5
2026-10-05,2013-06-06,16
2026-10-05,2013-06-07,16.6875
2026-10-05,2013-06-10,16.375
2026-10-05,2013-06-11,16.375
2026-10-05,2013-06-12,16.1875
2026-10-05,2013-06-13,16.125
2026-10-05,2013-06-14,15.8125
2026-10-05,2013-06-17,16.1875
2026-10-05,2013-06-18,17
2026-10-05,2013-06-19,17.125
2026-10-05,2013-06-24,16.75
2026-10-05,2013-06-25,17.0625
2026-10-05,2013-06-26,16.8125
2026-10-05,2013-06-27,17.125
2026-10-05,2013-06-28,17.125
2026-10-05,2013-07-01,17.3125
2026-10-05,2013-07-02,17.125
2026-10-05,2013-07-03,16.75
2026-10-05,2013-07-04,17.3125
2026-10-05,2013-07-05,17.125
2026-10-05,2013-07-08,17.125
2026-10-05,2013-07-10,17
2026-10-05,2013-07-11,17.3125
2026-10-05,2013-07-12,16.875
2026-10-05,2013-07-15,16.4375
2026-10-05,2013-07-16,17.0625
2026-10-05,2013-07-17,16.9375
2026-10-05,2013-07-18,17.375
2026-10-05,2013-07-19,17.4375
2026-10-05,2013-07-22,17.6875
2026-10-05,2013-07-23,17.75
2026-10-05,2013-07-24,17.1875
2026-10-05,2013-07-25,17.75
2026-10-05,2013-07-26,17.6875
2026-10-05,2013-07-29,17.8125
2026-10-05,2013-07-30,17.5
2026-10-05,2013-07-31,17.6875
2026-10-05,2013-08-01,17.6875
2026-10-05,2013-08-02,17.25
2026-10-05,2013-08-05,17.6875
2026-10-05,2013-08-06,17.625
2026-10-05,2013-08-07,17.5
2026-10-05,2013-08-08,17.8125
2026-10-05,2013-08-09,17.625
2026-10-05,2013-08-12,17.5
2026-10-05,2013-08-13,17.75
2026-10-05,2013-08-14,17.375
2026-10-05,2013-08-15,17.5625
2026-10-05,2013-08-16,17.4375
2026-10-05,2013-08-20,17.75
2026-10-05,2013-08-21,18.125
2026-10-05,2013-08-22,17.3125
2026-10-05,2013-08-23,17.75
2026-10-05,2013-08-26,18.125
2026-10-05,2013-08-27,18.1875
2026-10-05,2013-08-28,18.125
2026-10-05,2013-08-29,17.9375
2026-10-05,2013-08-30,18.0625
2026-10-05,2013-09-02,17.75
2026-10-05,2013-09-03,17.9375
2026-10-05,2013-09-04,17.8125
2026-10-05,2013-09-05,18.3125
2026-10-05,2013-09-06,18.3125
2026-10-05,2013-09-09,17.875
2026-10-05,2013-09-10,18.4375
2026-10-05,2013-09-11,18.1875
2026-10-05,2013-09-12,18.5
2026-10-05,2013-09-13,18.125
2026-10-05,2013-09-16,17.875
2026-10-05,2013-09-17,18.25
2026-10-05,2013-09-18,18
2026-10-05,2013-09-19,18.125
2026-10-05,2013-09-20,18.5625
2026-10-05,2013-09-23,17.5625
2026-10-05,2013-09-24,18.5625
2026-10-05,2013-09-25,18.5625
2026-10-05,2013-09-26,18.0625
2026-10-05,2013-09-27,18.3125
2026-10-05,2013-09-30,17.1875
2026-10-05,2013-10-01,18.4375
2026-10-05,2013-10-02,18.0625
2026-10-05,2013-10-03,18.875
2026-10-05,2013-10-04,19
2026-10-05,2013-10-07,18.8125
2026-10-05,2013-10-08,18.75
2026-10-05,2013-10-09,18.3125
2026-10-05,2013-10-10,18.8125
2026-10-05,2013-10-11,18.6875
2026-10-05,2013-10-15,18.8125
2026-10-05,2013-10-16,18.4375
2026-10-05,2013-10-17,18.875
2026-10-05,2013-10-18,19.5625
2026-10-05,2013-10-21,18.25
2026-10-05,2013-10-22,19.0625
2026-10-05,2013-10-23,18.5
2026-10-05,2013-10-24,19.25
2026-10-05,2013-10-25,18.8125
2026-10-05,2013-10-28,19
2026-10-05,2013-10-29,19.5
2026-10-05,2013-10-30,18.75
2026-10-05,2013-10-31,19.1875
2026-10-05,2013-11-01,18.8125
2026-10-05,2013-11-04,18.375
2026-10-05,2013-11-05,19.3125
2026-10-05,2013-11-07,19.125
2026-10-05,2013-11-08,19.25
2026-10-05,2013-11-11,19.1875
2026-10-05,2013-11-12,18.625
2026-10-05,2013-11-13,19.0625
2026-10-05,2013-11-14,19.0625
2026-10-05,2013-11-15,19.1875
2026-10-05,2013-11-18,19
2026-10-05,2013-11-19,19.6875
2026-10-05,2013-11-20,18.8125
2026-10-05,2013-11-21,18.875
2026-10-05,2013-11-22,19
2026-10-05,2013-11-26,19.5625
2026-10-05,2013-11-27,19.5625
2026-10-05,2013-11-28,19.125
2026-10-05,2013-11-29,19.1875
2026-10-05,2013-12-02,19.3125
2026-10-05,2013-12-03,20.1875
2026-10-05,2013-12-04,19.5
2026-10-05,2013-12-05,19.1875
2026-10-05,2013-12-06,20.5
2026-10-05,2013-12-09,19.6875
2026-10-05,2013-12-10,20.3125
2026-10-05,2013-12-11,19.9375
2026-10-05,2013-12-12,20.75
2026-10-05,2013-12-13,20
2026-10-05,2013-12-16,19.625
2026-10-05,2013-12-17,20.6875
2026-10-05,2013-12-18,19.875
2026-10-05,2013-12-19,20.3125
2026-10-05,2013-12-20,20.75
2026-10-05,2013-12-23,20.375
2026-10-05,2013-12-26,21.3125
2026-10-05,2013-12-27,20.625
2026-10-05,2013-12-30,21.625
2026-10-05,2014-01-02,21
2026-10-05,2014-01-03,21.5
2026-10-05,2014-01-06,21.3125
2026-10-05,2014-01-07,20.6875
2026-10-05,2014-01-08,20.875
2026-10-05,2014-01-09,21.0625
2026-10-05,2014-01-10,21.6875
2026-10-05,2014-01-13,21.25
2026-10-05,2014-01-14,21.25
2026-10-05,2014-01-15,20.125
2026-10-05,2014-01-16,21.5625
2026-10-05,2014-01-17,21.9375
2026-10-05,2014-01-20,21.3125
2026-10-05,2014-01-21,21.5
2026-10-05,2014-01-22,21
2026-10-05,2014-01-23,21.25
2026-10-05,2014-01-24,22
2026-10-05,2014-01-27,22.9375
2026-10-05,2014-01-28,24
2026-10-05,2014-01-29,24.1875
2026-10-05,2014-01-30,24.625
2026-10-05,2014-01-31,25.375
2026-10-05,2014-02-03,24.375
2026-10-05,2014-02-04,25.5625
2026-10-05,2014-02-05,25.875
2026-10-05,2014-02-06,25.5
2026-10-05,2014-02-07,25.5
2026-10-05,2014-02-10,26.3125
2026-10-05,2014-02-11,26.25
2026-10-05,2014-02-12,25.75
2026-10-05,2014-02-13,25.8125
2026-10-05,2014-02-14,25.0625
2026-10-05,2014-02-17,25.4375
2026-10-05,2014-02-18,26
2026-10-05,2014-02-19,25.6875
2026-10-05,2014-02-20,24.75
2026-10-05,2014-02-21,25.5625
2026-10-05,2014-02-24,25.5
2026-10-05,2014-02-25,25.4375
2026-10-05,2014-02-26,25.75
2026-10-05,2014-02-27,26.0625
2026-10-05,2014-02-28,26.25
2026-10-05,2014-03-05,25.5625
2026-10-05,2014-03-06,26.125
2026-10-05,2014-03-07,26
2026-10-05,2014-03-10,26.0625
2026-10-05,2014-03-11,26.3125
2026-10-05,2014-03-12,26.125
2026-10-05,2014-03-13,26.5625
2026-10-05,2014-03-14,26.6875
2026-10-05,2014-03-17,26.125
2026-10-05,2014-03-18,26.5625
2026-10-05,2014-03-19,26.4375
2026-10-05,2014-03-20,26.5625
2026-10-05,2014-03-21,26.3125
2026-10-05,2014-03-25,26.125
2026-10-05,2014-03-26,26.25
2026-10-05,2014-03-27,26.5
2026-10-05,2014-03-28,25.5625
2026-10-05,2014-03-31,26.375
2026-10-05,2014-04-01,26.375
2026-10-05,2014-04-03,26.5
2026-10-05,2014-04-04,25.875
2026-10-05,2014-04-07,26.1875
2026-10-05,2014-04-08,26.9375
2026-10-05,2014-04-09,26.25
2026-10-05,2014-04-10,26.625
2026-10-05,2014-04-11,27
2026-10-05,2014-04-14,27.0625
2026-10-05,2014-04-15,26.6875
2026-10-05,2014-04-16,26.3125
2026-10-05,2014-04-21,26.25
2026-10-05,2014-04-22,26.1875
2026-10-05,2014-04-23,25.9375
2026-10-05,2014-04-24,25.75
2026-10-05,2014-04-25,26.0625
2026-10-05,2014-04-28,25.8125
2026-10-05,2014-04-29,25.75
2026-10-05,2014-04-30,25.8125
2026-10-05,2014-05-05,25.25
2026-10-05,2014-05-06,25.6875
2026-10-05,2014-05-07,25
2026-10-05,2014-05-08,25.1875
2026-10-05,2014-05-09,24.625
2026-10-05,2014-05-12,24.5625
2026-10-05,2014-05-13,24.625
2026-10-05,2014-05-14,24
2026-10-05,2014-05-15,24.5625
2026-10-05,2014-05-16,24.1875
2026-10-05,2014-05-19,24.9375
2026-10-05,2014-05-20,24.8125
2026-10-05,2014-05-21,24.625
2026-10-05,2014-05-22,24.6875
2026-10-05,2014-05-23,24.75
2026-10-05,2014-05-26,24.25
2026-10-05,2014-05-27,24.875
2026-10-05,2014-05-28,24.5625
2026-10-05,2014-05-29,24.5
2026-10-05,2014-05-30,24
2026-10-05,2014-06-02,24.25
2026-10-05,2014-06-03,24.4375
2026-10-05,2014-06-04,23.8125
2026-10-05,2014-06-05,23.5
2026-10-05,2014-06-06,23.75
2026-10-05,2014-06-09,23.875
2026-10-05,2014-06-10,23.6875
2026-10-05,2014-06-11,23.375
2026-10-05,2014-06-12,22.3125
2026-10-05,2014-06-13,22.75
2026-10-05,2014-06-16,21.875
2026-10-05,2014-06-17,22.5625
2026-10-05,2014-06-18,22.5625
2026-10-05,2014-06-19,22.8125
2026-10-05,2014-06-23,22.4375
2026-10-05,2014-06-24,22.75
2026-10-05,2014-06-25,22.4375
2026-10-05,2014-06-26,22.75
2026-10-05,2014-06-27,22.875
2026-10-05,2014-06-30,22.8125
2026-10-05,2014-07-01,22.375
2026-10-05,2014-07-02,22.5625
2026-10-05,2014-07-03,22.75
2026-10-05,2014-07-04,22.1875
2026-10-05,2014-07-07,22.4375
2026-10-05,2014-07-08,22.5
2026-10-05,2014-07-10,22.25
2026-10-05,2014-07-11,22.3125
2026-10-05,2014-07-14,22.0625
2026-10-05,2014-07-15,22.1875
2026-10-05,2014-07-16,22
2026-10-05,2014-07-17,21.9375
2026-10-05,2014-07-18,21.8125
2026-10-05,2014-07-21,21.75
2026-10-05,2014-07-22,22
2026-10-05,2014-07-23,21.8125
2026-10-05,2014-07-24,21.8125
2026-10-05,2014-07-25,21.625
2026-10-05,2014-07-28,21.625
2026-10-05,2014-07-29,21.5625
2026-10-05,2014-07-30,21.375
2026-10-05,2014-07-31,21.375
2026-10-05,2014-08-01,21.125
2026-10-05,2014-08-04,21.375
2026-10-05,2014-08-05,21.6875
2026-10-05,2014-08-06,21.5
2026-10-05,2014-08-07,21.375
2026-10-05,2014-08-08,21.25
2026-10-05,2014-08-11,21.4375
2026-10-05,2014-08-12,21.25
2026-10-05,2014-08-13,21.25
2026-10-05,2014-08-14,21.125
2026-10-05,2014-08-15,21.125
2026-10-05,2014-08-19,21.1875
2026-10-05,2014-08-20,21.1875
2026-10-05,2014-08-21,21.1875
2026-10-05,2014-08-22,21.125
2026-10-05,2014-08-25,20.9375
2026-10-05,2014-08-26,21
2026-10-05,2014-08-27,21
2026-10-05,2014-08-28,21
2026-10-05,2014-08-29,20.75
2026-10-05,2014-09-01,21.0625
2026-10-05,2014-09-02,20.875
2026-10-05,2014-09-03,20.5
2026-10-05,2014-09-04,21
2026-10-05,2014-09-05,20.5625
2026-10-05,2014-09-08,20.375
2026-10-05,2014-09-09,20.5
2026-10-05,2014-09-10,20.4375
2026-10-05,2014-09-11,20.5625
2026-10-05,2014-09-12,20.125
2026-10-05,2014-09-15,20.375
2026-10-05,2014-09-16,20.3125
2026-10-05,2014-09-17,20.25
2026-10-05,2014-09-18,20.0625
2026-10-05,2014-09-19,20.125
2026-10-05,2014-09-22,19.9375
2026-10-05,2014-09-23,20.125
2026-10-05,2014-09-24,19.9375
2026-10-05,2014-09-25,19.8125
2026-10-05,2014-09-26,20
2026-10-05,2014-09-29,19.875
2026-10-05,2014-09-30,19.875
2026-10-05,2014-10-01,20.125
2026-10-05,2014-10-02,19.8125
2026-10-05,2014-10-03,19.75
2026-10-05,2014-10-06,19.875
2026-10-05,2014-10-07,19.9375
2026-10-05,2014-10-08,20
2026-10-05,2014-10-09,20.1875
2026-10-05,2014-10-10,20.1875
2026-10-05,2014-10-14,20.3125
2026-10-05,2014-10-15,20.0625
2026-10-05,2014-10-16,20.125
2026-10-05,2014-10-17,20.3125
2026-10-05,2014-10-20,20
2026-10-05,2014-10-21,19.875
2026-10-05,2014-10-22,19.8125
2026-10-05,2014-10-23,20.0625
2026-10-05,2014-10-24,20.3125
2026-10-05,2014-10-27,20.0625
2026-10-05,2014-10-28,20
2026-10-05,2014-10-29,19.875
2026-10-05,2014-10-30,19.25
2026-10-05,2014-10-31,20.25
2026-10-05,2014-11-03,19.5
2026-10-05,2014-11-04,20.1875
2026-10-05,2014-11-05,19.5
2026-10-05,2014-11-07,19.8125
2026-10-05,2014-11-10,19.6875
2026-10-05,2014-11-11,20
2026-10-05,2014-11-12,19.75
2026-10-05,2014-11-13,20
2026-10-05,2014-11-14,19.8125
2026-10-05,2014-11-17,19.25
2026-10-05,2014-11-18,19.875
2026-10-05,2014-11-19,19.875
2026-10-05,2014-11-20,19.9375
2026-10-05,2014-11-21,19.6875
2026-10-05,2014-11-25,19.625
2026-10-05,2014-11-26,19.75
2026-10-05,2014-11-27,20.1875
2026-10-05,2014-11-28,20
2026-10-05,2014-12-01,20.4375
2026-10-05,2014-12-02,19.6875
2026-10-05,2014-12-03,19.8125
2026-10-05,2014-12-04,19.625
2026-10-05,2014-12-05,19.5
2026-10-05,2014-12-09,19.625
2026-10-05,2014-12-10,19.9375
2026-10-05,2014-12-11,20.125
2026-10-05,2014-12-12,20.125
2026-10-05,2014-12-15,19.875
2026-10-05,2014-12-16,19.875
2026-10-05,2014-12-17,20.125
2026-10-05,2014-12-18,20.1875
2026-10-05,2014-12-19,20.125
2026-10-05,2014-12-22,19.875
2026-10-05,2014-12-23,20.3125
2026-10-05,2014-12-24,20.625
2026-10-05,2014-12-29,19.9375
2026-10-05,2014-12-30,20.375
2026-10-05,2015-01-02,20.3125
2026-10-05,2015-01-05,19.8125
2026-10-05,2015-01-06,20.125
2026-10-05,2015-01-07,20.3125
2026-10-05,2015-01-08,20
2026-10-05,2015-01-09,20.3125
2026-10-05,2015-01-12,19.9375
2026-10-05,2015-01-13,20.125
2026-10-05,2015-01-14,20.0625
2026-10-05,2015-01-15,19.6875
2026-10-05,2015-01-16,19.875
2026-10-05,2015-01-19,20.4375
2026-10-05,2015-01-20,19.625
2026-10-05,2015-01-21,20.4375
2026-10-05,2015-01-22,20.3125
2026-10-05,2015-01-23,20.6875
2026-10-05,2015-01-26,20.6875
2026-10-05,2015-01-27,20.8125
2026-10-05,2015-01-28,20.4375
2026-10-05,2015-01-29,20.3125
2026-10-05,2015-01-30,20.5625
2026-10-05,2015-02-02,20.5
2026-10-05,2015-02-03,21.0625
2026-10-05,2015-02-04,20.5
2026-10-05,2015-02-05,20.3125
2026-10-05,2015-02-06,20.75
2026-10-05,2015-02-09,20.4375
2026-10-05,2015-02-10,21.1875
2026-10-05,2015-02-11,20.5
2026-10-05,2015-02-12,20.625
2026-10-05,2015-02-13,20.5625
2026-10-05,2015-02-18,20.5
2026-10-05,2015-02-19,19.9375
2026-10-05,2015-02-20,20.9375
2026-10-05,2015-02-23,21.125
2026-10-05,2015-02-24,20.5625
2026-10-05,2015-02-25,20.75
2026-10-05,2015-02-26,21.0625
2026-10-05,2015-02-27,20.625
2026-10-05,2015-03-02,20
2026-10-05,2015-03-03,21
2026-10-05,2015-03-04,20.8125
2026-10-05,2015-03-05,21.0625
2026-10-05,2015-03-06,20.9375
2026-10-05,2015-03-09,20.25
2026-10-05,2015-03-10,21.25
2026-10-05,2015-03-11,20.6875
2026-10-05,2015-03-12,21.375
2026-10-05,2015-03-13,20.6875
2026-10-05,2015-03-16,20.5
2026-10-05,2015-03-17,21.125
2026-10-05,2015-03-18,21.3125
2026-10-05,2015-03-19,21.625
2026-10-05,2015-03-20,20.625
2026-10-05,2015-03-25,20.8125
2026-10-05,2015-03-26,20.625
2026-10-05,2015-03-27,20.75
2026-10-05,2015-03-30,20.75
2026-10-05,2015-03-31,21.875
2026-10-05,2015-04-01,20.5625
2026-10-05,2015-04-06,20.625
2026-10-05,2015-04-07,21.4375
2026-10-05,2015-04-08,20.375
2026-10-05,2015-04-09,21.375
2026-10-05,2015-04-10,20.75
2026-10-05,2015-04-13,20.1875
2026-10-05,2015-04-14,21.3125
2026-10-05,2015-04-15,20.625
2026-10-05,2015-04-16,20.9375
2026-10-05,2015-04-17,21.5625
2026-10-05,2015-04-20,20.625
2026-10-05,2015-04-21,21.1875
2026-10-05,2015-04-22,21.25
2026-10-05,2015-04-23,20.625
2026-10-05,2015-04-24,20.875
2026-10-05,2015-04-27,19.875
2026-10-05,2015-04-28,20.9375
2026-10-05,2015-04-29,20.625
2026-10-05,2015-04-30,20.5625
2026-10-05,2015-05-04,20.125
2026-10-05,2015-05-05,20.5
2026-10-05,2015-05-06,20.0625
2026-10-05,2015-05-07,20.375
2026-10-05,2015-05-08,20
2026-10-05,2015-05-11,20.1875
2026-10-05,2015-05-12,19.9375
2026-10-05,2015-05-13,20.1875
2026-10-05,2015-05-14,20.125
2026-10-05,2015-05-15,20.4375
2026-10-05,2015-05-18,20
2026-10-05,2015-05-19,20.375
2026-10-05,2015-05-20,20
2026-10-05,2015-05-21,20.375
2026-10-05,2015-05-22,20.5625
2026-10-05,2015-05-26,20.5
2026-10-05,2015-05-27,20.4375
2026-10-05,2015-05-28,20.3125
2026-10-05,2015-05-29,20.4375
2026-10-05,2015-06-01,20.75
2026-10-05,2015-06-02,20.8125
2026-10-05,2015-06-03,20.25
2026-10-05,2015-06-04,20.8125
2026-10-05,2015-06-05,20.5625
2026-10-05,2015-06-08,20.125
2026-10-05,2015-06-09,21.125
2026-10-05,2015-06-10,20.375
2026-10-05,2015-06-11,20.6875
2026-10-05,2015-06-12,20.5
2026-10-05,2015-06-15,20.25
2026-10-05,2015-06-16,20.0625
2026-10-05,2015-06-17,20.375
2026-10-05,2015-06-18,20.0625
2026-10-05,2015-06-19,20.25
2026-10-05,2015-06-22,20.625
2026-10-05,2015-06-23,20.8125
2026-10-05,2015-06-24,20.875
2026-10-05,2015-06-25,20.125
2026-10-05,2015-06-26,20.625
2026-10-05,2015-06-29,19.625
2026-10-05,2015-06-30,20.8125
2026-10-05,2015-07-01,20
2026-10-05,2015-07-02,20.9375
2026-10-05,2015-07-03,20.0625
2026-10-05,2015-07-06,20.3125
2026-10-05,2015-07-07,20.375
2026-10-05,2015-07-08,19.875
2026-10-05,2015-07-10,20.75
2026-10-05,2015-07-13,20.5
2026-10-05,2015-07-14,20.75
2026-10-05,2015-07-15,20.25
2026-10-05,2015-07-16,20.5625
2026-10-05,2015-07-17,20.5625
2026-10-05,2015-07-20,20.4375
2026-10-05,2015-07-21,20.9375
2026-10-05,2015-07-22,20.875
2026-10-05,2015-07-23,21.0625
2026-10-05,2015-07-24,21.625
2026-10-05,2015-07-27,21.1875
2026-10-05,2015-07-28,21.625
2026-10-05,2015-07-29,20.9375
2026-10-05,2015-07-30,21.5625
2026-10-05,2015-07-31,21.1875
2026-10-05,2015-08-03,20.9375
2026-10-05,2015-08-04,20.9375
2026-10-05,2015-08-05,20.8125
2026-10-05,2015-08-06,20.5
2026-10-05,2015-08-07,20.75
2026-10-05,2015-08-10,21.1875
2026-10-05,2015-08-11,21.375
2026-10-05,2015-08-12,20.875
2026-10-05,2015-08-13,21
2026-10-05,2015-08-14,21.125
2026-10-05,2015-08-18,20.875
2026-10-05,2015-08-19,20.375
2026-10-05,2015-08-20,21
2026-10-05,2015-08-21,21.1875
2026-10-05,2015-08-24,21.0625
2026-10-05,2015-08-25,21.0625
2026-10-05,2015-08-26,21.0625
2026-10-05,2015-08-27,21.25
2026-10-05,2015-08-28,21.0625
2026-10-05,2015-08-31,21.125
2026-10-05,2015-09-01,21.25
2026-10-05,2015-09-02,20.875
2026-10-05,2015-09-03,21.25
2026-10-05,2015-09-04,20.9375
2026-10-05,2015-09-07,20.75
2026-10-05,2015-09-08,21.25
2026-10-05,2015-09-09,21.0625
2026-10-05,2015-09-10,21.5
2026-10-05,2015-09-11,21.5
2026-10-05,2015-09-14,21.1875
2026-10-05,2015-09-15,21.4375
2026-10-05,2015-09-16,20.5
2026-10-05,2015-09-17,21.125
2026-10-05,2015-09-18,21.125
2026-10-05,2015-09-21,21.1875
2026-10-05,2015-09-22,21.6875
2026-10-05,2015-09-23,20.9375
2026-10-05,2015-09-24,21.4375
2026-10-05,2015-09-25,21.25
2026-10-05,2015-09-28,21
2026-10-05,2015-09-29,21.6875
2026-10-05,2015-09-30,21.125
2026-10-05,2015-10-01,21.4375
2026-10-05,2015-10-02,21.125
2026-10-05,2015-10-05,21.375
2026-10-05,2015-10-06,21.625
2026-10-05,2015-10-07,20.4375
2026-10-05,2015-10-08,21.625
2026-10-05,2015-10-09,21.4375
2026-10-05,2015-10-13,21.6875
2026-10-05,2015-10-14,21.3125
2026-10-05,2015-10-15,21.875
2026-10-05,2015-10-16,22
2026-10-05,2015-10-19,21.0625
2026-10-05,2015-10-20,21.875
2026-10-05,2015-10-21,21.75
2026-10-05,2015-10-22,21.25
2026-10-05,2015-10-23,21.625
2026-10-05,2015-10-26,21.5625
2026-10-05,2015-10-27,21.5625
2026-10-05,2015-10-28,21.8125
2026-10-05,2015-10-29,22.5625
2026-10-05,2015-10-30,22.625
2026-10-05,2015-11-02,22.375
2026-10-05,2015-11-03,23.75
2026-10-05,2015-11-04,22.875
2026-10-05,2015-11-05,22.9375
2026-10-05,2015-11-09,22.625
2026-10-05,2015-11-10,23.5625
2026-10-05,2015-11-11,22.875
2026-10-05,2015-11-12,23.5625
2026-10-05,2015-11-13,23.4375
2026-10-05,2015-11-16,23.75
2026-10-05,2015-11-17,24.1875
2026-10-05,2015-11-18,22.8125
2026-10-05,2015-11-19,23.375
2026-10-05,2015-11-20,23.4375
2026-10-05,2015-11-23,24.0625
2026-10-05,2015-11-24,23.6875
2026-10-05,2015-11-25,24
2026-10-05,2015-11-26,23.9375
2026-10-05,2015-11-30,23.875
2026-10-05,2015-12-01,24.75
2026-10-05,2015-12-02,23.75
2026-10-05,2015-12-03,24.5625
2026-10-05,2015-12-04,23.9375
2026-10-05,2015-12-09,23.8125
2026-10-05,2015-12-10,25.1875
2026-10-05,2015-12-11,25.125
2026-10-05,2015-12-14,24.5625
2026-10-05,2015-12-15,25.8125
2026-10-05,2015-12-16,27.4375
2026-10-05,2015-12-17,31.5625
2026-10-05,2015-12-18,29.5
2026-10-05,2015-12-21,29.5625
2026-10-05,2015-12-22,31
2026-10-05,2015-12-23,30.5625
2026-10-05,2015-12-24,30.375
2026-10-05,2015-12-28,29.25
2026-10-05,2015-12-29,29.875
2026-10-05,2015-12-30,29
2026-10-05,2015-12-31,27.25
2026-10-05,2016-01-04,27.125
2026-10-05,2016-01-05,27.125
2026-10-05,2016-01-06,25.375
2026-10-05,2016-01-07,26.625
2026-10-05,2016-01-08,25.75
2026-10-05,2016-01-11,25.8125
2026-10-05,2016-01-12,26.5625
2026-10-05,2016-01-13,25
2026-10-05,2016-01-14,25.75
2026-10-05,2016-01-15,26.375
2026-10-05,2016-01-18,25.5
2026-10-05,2016-01-19,26.8125
2026-10-05,2016-01-20,25.625
2026-10-05,2016-01-21,27
2026-10-05,2016-01-22,26.3125
2026-10-05,2016-01-25,27
2026-10-05,2016-01-26,26.875
2026-10-05,2016-01-27,26.625
2026-10-05,2016-01-28,26.6875
2026-10-05,2016-01-29,26.3125
2026-10-05,2016-02-01,26.6875
2026-10-05,2016-02-02,26.8125
2026-10-05,2016-02-03,25.9375
2026-10-05,2016-02-04,26.25
2026-10-05,2016-02-05,26.5625
2026-10-05,2016-02-10,25.625
2026-10-05,2016-02-11,26.3125
2026-10-05,2016-02-12,26.0625
2026-10-05,2016-02-15,25.75
2026-10-05,2016-02-16,26.5625
2026-10-05,2016-02-17,25.4375
2026-10-05,2016-02-18,26.8125
2026-10-05,2016-02-19,26
2026-10-05,2016-02-22,25.75
2026-10-05,2016-02-23,26.8125
2026-10-05,2016-02-24,26.125
2026-10-05,2016-02-25,26.5
2026-10-05,2016-02-26,26
2026-10-05,2016-02-29,26.25
2026-10-05,2016-03-01,26.75
2026-10-05,2016-03-02,27.75
2026-10-05,2016-03-03,30.5
2026-10-05,2016-03-04,28.5
2026-10-05,2016-03-07,29.6875
2026-10-05,2016-03-08,29.6875
2026-10-05,2016-03-09,30.4375
2026-10-05,2016-03-10,30.375
2026-10-05,2016-03-11,28.625
2026-10-05,2016-03-14,29.5
2026-10-05,2016-03-15,31.0625
2026-10-05,2016-03-16,29.3125
2026-10-05,2016-03-17,30.6875
2026-10-05,2016-03-18,29.5625
2026-10-05,2016-03-21,29.5625
2026-10-05,2016-03-22,31
2026-10-05,2016-03-23,29.9375
2026-10-05,2016-03-28,29.75
2026-10-05,2016-03-29,31.1875
2026-10-05,2016-03-30,29.8125
2026-10-05,2016-03-31,30.75
2026-10-05,2016-04-01,29.8125
2026-10-05,2016-04-04,29.875
2026-10-05,2016-04-05,30.375
2026-10-05,2016-04-06,30.375
2026-10-05,2016-04-07,30.625
2026-10-05,2016-04-08,30.375
2026-10-05,2016-04-11,29.125
2026-10-05,2016-04-12,31.0625
2026-10-05,2016-04-13,30.0625
2026-10-05,2016-04-14,31.4375
2026-10-05,2016-04-15,30.9375
2026-10-05,2016-04-18,31.0625
2026-10-05,2016-04-19,31.375
2026-10-05,2016-04-20,31.0625
2026-10-05,2016-04-21,31.4375
2026-10-05,2016-04-22,30.5
2026-10-05,2016-04-25,30.75
2026-10-05,2016-04-26,31.75
2026-10-05,2016-04-27,31.375
2026-10-05,2016-04-28,30.6875
2026-10-05,2016-04-29,30.5625
2026-10-05,2016-05-02,30.5625
2026-10-05,2016-05-03,30.6875
2026-10-05,2016-05-04,30.5625
2026-10-05,2016-05-05,30.8125
2026-10-05,2016-05-06,31.125
2026-10-05,2016-05-09,31.125
2026-10-05,2016-05-10,31.375
2026-10-05,2016-05-11,30.4375
2026-10-05,2016-05-12,31.0625
2026-10-05,2016-05-13,30.25
2026-10-05,2016-05-16,30.9375
2026-10-05,2016-05-17,31.5
2026-10-05,2016-05-18,31.0625
2026-10-05,2016-05-19,31.1875
2026-10-05,2016-05-20,31.125
2026-10-05,2016-05-23,31.125
2026-10-05,2016-05-24,31.4375
2026-10-05,2016-05-26,31.1875
2026-10-05,2016-05-27,31.0625
2026-10-05,2016-05-30,30.375
2026-10-05,2016-05-31,31.25
2026-10-05,2016-06-01,30.625
2026-10-05,2016-06-02,31.3125
2026-10-05,2016-06-03,29.875
2026-10-05,2016-06-06,30.1875
2026-10-05,2016-06-07,30.5625
2026-10-05,2016-06-08,29.875
2026-10-05,2016-06-09,29.625
2026-10-05,2016-06-10,29.5625
2026-10-05,2016-06-13,29.125
2026-10-05,2016-06-14,29.125
2026-10-05,2016-06-15,29.25
2026-10-05,2016-06-16,29.3125
2026-10-05,2016-06-21,28.75
2026-10-05,2016-06-22,28.375
2026-10-05,2016-06-23,28.125
2026-10-05,2016-06-24,26.1875
2026-10-05,2016-06-27,27.75
2026-10-05,2016-06-28,27.5
2026-10-05,2016-06-29,27.1875
2026-10-05,2016-06-30,26.625
2026-10-05,2016-07-01,26.6875
2026-10-05,2016-07-04,26.375
2026-10-05,2016-07-05,26.5
2026-10-05,2016-07-06,26.375
2026-10-05,2016-07-07,26.1875
2026-10-05,2016-07-11,26.125
2026-10-05,2016-07-12,26.3125
2026-10-05,2016-07-13,25.6875
2026-10-05,2016-07-14,25.9375
2026-10-05,2016-07-15,26.0625
2026-10-05,2016-07-18,25.9375
2026-10-05,2016-07-19,26.3125
2026-10-05,2016-07-20,26.125
2026-10-05,2016-07-21,25.6875
2026-10-05,2016-07-22,25.75
2026-10-05,2016-07-25,25.75
2026-10-05,2016-07-26,25.5625
2026-10-05,2016-07-27,25.625
2026-10-05,2016-07-28,25.75
2026-10-05,2016-07-29,25.625
2026-10-05,2016-08-01,25.5
2026-10-05,2016-08-02,25.5
2026-10-05,2016-08-03,24.9375
2026-10-05,2016-08-04,25.3125
2026-10-05,2016-08-05,25.1875
2026-10-05,2016-08-08,24.9375
2026-10-05,2016-08-09,25.25
2026-10-05,2016-08-10,24.875
2026-10-05,2016-08-11,25.25
2026-10-05,2016-08-12,24.75
2026-10-05,2016-08-16,25
2026-10-05,2016-08-17,25.125
2026-10-05,2016-08-18,25.0625
2026-10-05,2016-08-19,24.75
2026-10-05,2016-08-22,24.8125
2026-10-05,2016-08-23,24.5625
2026-10-05,2016-08-24,24.5
2026-10-05,2016-08-25,24.4375
2026-10-05,2016-08-26,24.4375
2026-10-05,2016-08-29,24.0625
2026-10-05,2016-08-30,24.3125
2026-10-05,2016-08-31,24
2026-10-05,2016-09-01,23.875
2026-10-05,2016-09-02,23.5625
2026-10-05,2016-09-05,23.625
2026-10-05,2016-09-06,23.875
2026-10-05,2016-09-07,23.5625
2026-10-05,2016-09-08,23.25
2026-10-05,2016-09-09,23.125
2026-10-05,2016-09-12,23.3125
2026-10-05,2016-09-13,23.3125
2026-10-05,2016-09-14,23.1875
2026-10-05,2016-09-15,23.125
2026-10-05,2016-09-16,23.0625
2026-10-05,2016-09-19,23
2026-10-05,2016-09-20,23.0625
2026-10-05,2016-09-21,22.875
2026-10-05,2016-09-22,22.75
2026-10-05,2016-09-23,22.5625
2026-10-05,2016-09-26,22.4375
2026-10-05,2016-09-27,22.625
2026-10-05,2016-09-28,22.375
2026-10-05,2016-09-29,22.4375
2026-10-05,2016-09-30,22.1875
2026-10-05,2016-10-03,22.125
2026-10-05,2016-10-04,22.375
2026-10-05,2016-10-05,22.375
2026-10-05,2016-10-06,22.4375
2026-10-05,2016-10-07,22.1875
2026-10-05,2016-10-11,22
2026-10-05,2016-10-12,22.25
2026-10-05,2016-10-13,22.1875
2026-10-05,2016-10-14,22.125
2026-10-05,2016-10-17,22.0625
2026-10-05,2016-10-18,22.0625
2026-10-05,2016-10-19,22.25
2026-10-05,2016-10-20,22
2026-10-05,2016-10-21,22.0625
2026-10-05,2016-10-24,21.875
2026-10-05,2016-10-25,22.0625
2026-10-05,2016-10-26,21.75
2026-10-05,2016-10-27,21.9375
2026-10-05,2016-10-28,21.9375
2026-10-05,2016-10-31,21.75
2026-10-05,2016-11-01,21.6875
2026-10-05,2016-11-02,21.75
2026-10-05,2016-11-03,21.5
2026-10-05,2016-11-04,21.625
2026-10-05,2016-11-07,21.5
2026-10-05,2016-11-08,21.3125
2026-10-05,2016-11-09,21.625
2026-10-05,2016-11-10,21
2026-10-05,2016-11-11,21.0625
2026-10-05,2016-11-14,21
2026-10-05,2016-11-15,21
2026-10-05,2016-11-16,21.125
2026-10-05,2016-11-17,21
2026-10-05,2016-11-18,21.1875
2026-10-05,2016-11-21,21
2026-10-05,2016-11-22,20.8125
2026-10-05,2016-11-23,20.75
2026-10-05,2016-11-24,20.3125
2026-10-05,2016-11-25,20.625
2026-10-05,2016-11-29,20.8125
2026-10-05,2016-11-30,20.375
2026-10-05,2016-12-01,20.25
2026-10-05,2016-12-02,20.3125
2026-10-05,2016-12-05,20.4375
2026-10-05,2016-12-06,20.5
2026-10-05,2016-12-07,20.375
2026-10-05,2016-12-12,19.9375
2026-10-05,2016-12-13,19.8125
2026-10-05,2016-12-14,20.0625
2026-10-05,2016-12-15,20.125
2026-10-05,2016-12-16,19.9375
2026-10-05,2016-12-19,20
2026-10-05,2016-12-20,19.8125
2026-10-05,2016-12-21,19.75
2026-10-05,2016-12-22,19.875
2026-10-05,2016-12-23,19.9375
2026-10-05,2016-12-26,19.75
2026-10-05,2016-12-27,19.8125
2026-10-05,2016-12-28,20.125
2026-10-05,2016-12-29,19.875
2026-10-05,2016-12-30,19.875
2026-10-05,2017-01-02,19.8125
2026-10-05,2017-01-03,20.125
2026-10-05,2017-01-04,19.875
2026-10-05,2017-01-05,19.75
2026-10-05,2017-01-06,19.875
2026-10-05,2017-01-09,19.875
2026-10-05,2017-01-10,20.0625
2026-10-05,2017-01-11,19.625
2026-10-05,2017-01-12,19.625
2026-10-05,2017-01-13,19.75
2026-10-05,2017-01-16,19.75
2026-10-05,2017-01-17,19.875
2026-10-05,2017-01-18,19.75
2026-10-05,2017-01-19,19.625
2026-10-05,2017-01-20,19.5
2026-10-05,2017-01-23,19.5
2026-10-05,2017-01-24,19.625
2026-10-05,2017-01-25,19.6875
2026-10-05,2017-01-26,19.9375
2026-10-05,2017-01-27,19.9375
2026-10-05,2017-01-30,19.9375
2026-10-05,2017-01-31,19.375
2026-10-05,2017-02-01,20.1875
2026-10-05,2017-02-02,20.25
2026-10-05,2017-02-03,20
2026-10-05,2017-02-06,19.625
2026-10-05,2017-02-07,20.0625
2026-10-05,2017-02-08,20.3125
2026-10-05,2017-02-09,20.25
2026-10-05,2017-02-10,19.625
2026-10-05,2017-02-13,19.6875
2026-10-05,2017-02-14,20.3125
2026-10-05,2017-02-15,20.3125
2026-10-05,2017-02-16,20.25
2026-10-05,2017-02-17,19.75
2026-10-05,2017-02-20,19.75
2026-10-05,2017-02-21,20
2026-10-05,2017-02-22,20.3125
2026-10-05,2017-02-23,20.25
2026-10-05,2017-02-24,20.1875
2026-10-05,2017-03-01,20.125
2026-10-05,2017-03-02,19.75
2026-10-05,2017-03-03,19.6875
2026-10-05,2017-03-06,19.875
2026-10-05,2017-03-07,19.6875
2026-10-05,2017-03-08,19.5625
2026-10-05,2017-03-09,19.6875
2026-10-05,2017-03-10,19.625
2026-10-05,2017-03-13,19.375
2026-10-05,2017-03-14,19.875
2026-10-05,2017-03-15,19.5
2026-10-05,2017-03-16,19.625
2026-10-05,2017-03-17,19.625
2026-10-05,2017-03-20,19.4375
2026-10-05,2017-03-21,19.375
2026-10-05,2017-03-22,19.25
2026-10-05,2017-03-23,19.3125
2026-10-05,2017-03-27,19.0625
2026-10-05,2017-03-28,19.3125
2026-10-05,2017-03-29,19.1875
2026-10-05,2017-03-30,19
2026-10-05,2017-03-31,19.0625
2026-10-05,2017-04-03,18.6875
2026-10-05,2017-04-04,19.0625
2026-10-05,2017-04-05,18.8125
2026-10-05,2017-04-06,18.9375
2026-10-05,2017-04-07,18.75
2026-10-05,2017-04-10,19
2026-10-05,2017-04-11,18.9375
2026-10-05,2017-04-12,18.875
2026-10-05,2017-04-17,19.3125
2026-10-05,2017-04-18,19.5
2026-10-05,2017-04-19,19.4375
2026-10-05,2017-04-20,19.3125
2026-10-05,2017-04-21,19.4375
2026-10-05,2017-04-24,19.5
2026-10-05,2017-04-25,19.6875
2026-10-05,2017-04-26,19.5
2026-10-05,2017-04-27,19.6875
2026-10-05,2017-04-28,20
2026-10-05,2017-05-02,19.3125
2026-10-05,2017-05-03,19.5625
2026-10-05,2017-05-04,19.6875
2026-10-05,2017-05-05,19.4375
2026-10-05,2017-05-08,19.5
2026-10-05,2017-05-09,19.625
2026-10-05,2017-05-10,19.6875
2026-10-05,2017-05-11,19.25
2026-10-05,2017-05-12,19.5
2026-10-05,2017-05-15,19.6875
2026-10-05,2017-05-16,19.875
2026-10-05,2017-05-17,19.5625
2026-10-05,2017-05-18,19.875
2026-10-05,2017-05-19,19.5625
2026-10-05,2017-05-22,19.5625
2026-10-05,2017-05-23,19.8125
2026-10-05,2017-05-24,19.5
2026-10-05,2017-05-26,19.4375
2026-10-05,2017-05-29,19.9375
2026-10-05,2017-05-30,19.875
2026-10-05,2017-05-31,20.0625
2026-10-05,2017-06-01,19.4375
2026-10-05,2017-06-02,19.5625
2026-10-05,2017-06-05,19.625
2026-10-05,2017-06-06,19.75
2026-10-05,2017-06-07,19.625
2026-10-05,2017-06-08,19.8125
2026-10-05,2017-06-09,19.8125
2026-10-05,2017-06-12,19.5625
2026-10-05,2017-06-13,19.8125
2026-10-05,2017-06-14,19.9375
2026-10-05,2017-06-15,19.75
2026-10-05,2017-06-16,19.75
2026-10-05,2017-06-19,19.625
2026-10-05,2017-06-21,19.75
2026-10-05,2017-06-22,19.8125
2026-10-05,2017-06-23,20.0625
2026-10-05,2017-06-26,19.875
2026-10-05,2017-06-27,20.125
2026-10-05,2017-06-28,19.9375
2026-10-05,2017-06-29,20.25
2026-10-05,2017-06-30,20.125
2026-10-05,2017-07-03,19.6875
2026-10-05,2017-07-04,20.1875
2026-10-05,2017-07-05,19.875
2026-10-05,2017-07-06,20.0625
2026-10-05,2017-07-07,20
2026-10-05,2017-07-10,20.125
2026-10-05,2017-07-11,20.125
2026-10-05,2017-07-12,19.75
2026-10-05,2017-07-13,20
2026-10-05,2017-07-14,20.0625
2026-10-05,2017-07-17,20.1875
2026-10-05,2017-07-18,20.3125
2026-10-05,2017-07-19,20.125
2026-10-05,2017-07-20,20.0625
2026-10-05,2017-07-21,20.1875
2026-10-05,2017-07-24,20.375
2026-10-05,2017-07-25,20.625
2026-10-05,2017-07-26,20.125
2026-10-05,2017-07-27,20.375
2026-10-05,2017-07-28,20.4375
2026-10-05,2017-07-31,20.6875
2026-10-05,2017-08-01,20.8125
2026-10-05,2017-08-02,20.125
2026-10-05,2017-08-03,20.6875
2026-10-05,2017-08-04,20.375
2026-10-05,2017-08-07,20.25
2026-10-05,2017-08-08,21.1875
2026-10-05,2017-08-09,20.875
2026-10-05,2017-08-10,21
2026-10-05,2017-08-11,20.375
2026-10-05,2017-08-14,20.8125
2026-10-05,2017-08-15,20.6875
2026-10-05,2017-08-16,20.9375
2026-10-05,2017-08-17,21.0625
2026-10-05,2017-08-18,20.875
2026-10-05,2017-08-22,20.875
2026-10-05,2017-08-23,20.8125
2026-10-05,2017-08-24,20.875
2026-10-05,2017-08-25,20.75
2026-10-05,2017-08-28,20.8125
2026-10-05,2017-08-29,21.1875
2026-10-05,2017-08-30,21.1875
2026-10-05,2017-08-31,21.1875
2026-10-05,2017-09-01,20.875
2026-10-05,2017-09-04,20.75
2026-10-05,2017-09-05,21.25
2026-10-05,2017-09-06,21
2026-10-05,2017-09-07,21.25
2026-10-05,2017-09-08,21.25
2026-10-05,2017-09-11,21.125
2026-10-05,2017-09-12,21.3125
2026-10-05,2017-09-13,21.25
2026-10-05,2017-09-14,21.375
2026-10-05,2017-09-15,21.375
2026-10-05,2017-09-18,21.3125
2026-10-05,2017-09-19,21.625
2026-10-05,2017-09-20,21.625
2026-10-05,2017-09-21,21.5625
2026-10-05,2017-09-22,21.4375
2026-10-05,2017-09-25,21.1875
2026-10-05,2017-09-26,21.5
2026-10-05,2017-09-27,21.5625
2026-10-05,2017-09-28,21.5
2026-10-05,2017-09-29,21.75
2026-10-05,2017-10-02,21.125
2026-10-05,2017-10-03,21.875
2026-10-05,2017-10-04,21.25
2026-10-05,2017-10-05,21.1875
2026-10-05,2017-10-06,21.1875
2026-10-05,2017-10-09,21.25
2026-10-05,2017-10-10,22
2026-10-05,2017-10-11,21.25
2026-10-05,2017-10-12,21.625
2026-10-05,2017-10-13,21.4375
2026-10-05,2017-10-17,21.625
2026-10-05,2017-10-18,21.8125
2026-10-05,2017-10-19,21.625
2026-10-05,2017-10-20,21.9375
2026-10-05,2017-10-23,21.625
2026-10-05,2017-10-24,22.125
2026-10-05,2017-10-25,21.5625
2026-10-05,2017-10-26,21.75
2026-10-05,2017-10-27,22.0625
2026-10-05,2017-10-30,22
2026-10-05,2017-10-31,22.25
2026-10-05,2017-11-01,21.75
2026-10-05,2017-11-02,22.625
2026-10-05,2017-11-03,22.0625
2026-10-05,2017-11-07,22
2026-10-05,2017-11-08,22.375
2026-10-05,2017-11-09,22.4375
2026-10-05,2017-11-10,22.1875
2026-10-05,2017-11-13,22.5625
2026-10-05,2017-11-14,22.625
2026-10-05,2017-11-15,22.8125
2026-10-05,2017-11-16,22.6875
2026-10-05,2017-11-17,22.9375
2026-10-05,2017-11-21,22.8125
2026-10-05,2017-11-22,22.875
2026-10-05,2017-11-23,22.9375
2026-10-05,2017-11-24,22.5
2026-10-05,2017-11-27,22.625
2026-10-05,2017-11-28,22.8125
2026-10-05,2017-11-29,22.9375
2026-10-05,2017-11-30,23.3125
2026-10-05,2017-12-01,22.4375
2026-10-05,2017-12-04,23.125
2026-10-05,2017-12-05,23.9375
2026-10-05,2017-12-06,23.375
2026-10-05,2017-12-07,22.875
2026-10-05,2017-12-11,22.5625
2026-10-05,2017-12-12,23.25
2026-10-05,2017-12-13,23.375
2026-10-05,2017-12-14,23.875
2026-10-05,2017-12-15,23.375
2026-10-05,2017-12-18,23.375
2026-10-05,2017-12-19,23.1875
2026-10-05,2017-12-20,24.3125
2026-10-05,2017-12-21,23.4375
2026-10-05,2017-12-22,23.3125
2026-10-05,2017-12-26,23
2026-10-05,2017-12-27,23
2026-10-05,2017-12-28,23.125
2026-10-05,2017-12-29,23.25
2026-10-05,2018-01-02,23.0625
2026-10-05,2018-01-03,23.25
2026-10-05,2018-01-04,23.125
2026-10-05,2018-01-05,23.1875
2026-10-05,2018-01-08,22.875
2026-10-05,2018-01-09,23.0625
2026-10-05,2018-01-10,22.25
2026-10-05,2018-01-11,22.8125
2026-10-05,2018-01-12,22.9375
2026-10-05,2018-01-15,23
2026-10-05,2018-01-16,23.125
2026-10-05,2018-01-17,22.9375
2026-10-05,2018-01-18,23.25
2026-10-05,2018-01-19,23.125
2026-10-05,2018-01-22,22.875
2026-10-05,2018-01-23,22.9375
2026-10-05,2018-01-24,22.9375
2026-10-05,2018-01-25,22.375
2026-10-05,2018-01-26,22.8125
2026-10-05,2018-01-29,23
2026-10-05,2018-01-30,23.125
2026-10-05,2018-01-31,23.1875
2026-10-05,2018-02-01,22.6875
2026-10-05,2018-02-02,22.8125
2026-10-05,2018-02-05,22.6875
2026-10-05,2018-02-06,22.8125
2026-10-05,2018-02-07,22.5625
2026-10-05,2018-02-08,23
2026-10-05,2018-02-09,22.125
2026-10-05,2018-02-14,22.75
2026-10-05,2018-02-15,22.75
2026-10-05,2018-02-16,22.75
2026-10-05,2018-02-19,23.25
2026-10-05,2018-02-20,23.1875
2026-10-05,2018-02-21,22.8125
2026-10-05,2018-02-22,22.875
2026-10-05,2018-02-23,22.8125
2026-10-05,2018-02-26,22.4375
2026-10-05,2018-02-27,22.9375
2026-10-05,2018-02-28,22.8125
2026-10-05,2018-03-01,22.875
2026-10-05,2018-03-02,22.9375
2026-10-05,2018-03-05,22.75
2026-10-05,2018-03-06,23.0625
2026-10-05,2018-03-07,22.625
2026-10-05,2018-03-08,22.8125
2026-10-05,2018-03-09,22.75
2026-10-05,2018-03-12,22.5625
2026-10-05,2018-03-13,23
2026-10-05,2018-03-14,23.0625
2026-10-05,2018-03-15,22.5
2026-10-05,2018-03-16,22.75
2026-10-05,2018-03-19,22.8125
2026-10-05,2018-03-20,22.9375
2026-10-05,2018-03-21,23.3125
2026-10-05,2018-03-22,23.125
2026-10-05,2018-03-23,22.6875
2026-10-05,2018-03-26,22.6875
2026-10-05,2018-03-27,22.4375
2026-10-05,2018-03-28,22.5625
2026-10-05,2018-04-03,22.75
2026-10-05,2018-04-04,22.8125
2026-10-05,2018-04-05,22.875
2026-10-05,2018-04-06,22.625
2026-10-05,2018-04-09,22.6875
2026-10-05,2018-04-10,22.875
2026-10-05,2018-04-11,22.5
2026-10-05,2018-04-12,22.8125
2026-10-05,2018-04-13,22.8125
2026-10-05,2018-04-16,22.75
2026-10-05,2018-04-17,23.5
2026-10-05,2018-04-18,23
2026-10-05,2018-04-19,22.75
2026-10-05,2018-04-20,23
2026-10-05,2018-04-23,22.6875
2026-10-05,2018-04-24,23.0625
2026-10-05,2018-04-25,22.75
2026-10-05,2018-04-26,22.4375
2026-10-05,2018-04-27,22.8125
2026-10-05,2018-05-02,23.5
2026-10-05,2018-05-03,23.75
2026-10-05,2018-05-04,25.75
2026-10-05,2018-05-07,26.0625
2026-10-05,2018-05-08,28.25
2026-10-05,2018-05-09,28.6875
2026-10-05,2018-05-10,29.0625
2026-10-05,2018-05-11,28.625
2026-10-05,2018-05-14,28.6875
2026-10-05,2018-05-15,31.125
2026-10-05,2018-05-16,29.25
2026-10-05,2018-05-17,30.125
2026-10-05,2018-05-18,29.25
2026-10-05,2018-05-21,29
2026-10-05,2018-05-22,29.5
2026-10-05,2018-05-23,28.1875
2026-10-05,2018-05-24,28.5
2026-10-05,2018-05-28,28.25
2026-10-05,2018-05-29,29
2026-10-05,2018-05-30,29.4375
2026-10-05,2018-05-31,30
2026-10-05,2018-06-01,29.25
2026-10-05,2018-06-04,28.8125
2026-10-05,2018-06-05,29.4375
2026-10-05,2018-06-06,29.3125
2026-10-05,2018-06-07,29.1875
2026-10-05,2018-06-08,29.4375
2026-10-05,2018-06-11,28.9375
2026-10-05,2018-06-12,29.75
2026-10-05,2018-06-13,29.8125
2026-10-05,2018-06-14,29.4375
2026-10-05,2018-06-15,29.3125
2026-10-05,2018-06-18,30.6875
2026-10-05,2018-06-19,31.75
2026-10-05,2018-06-21,32.0625
2026-10-05,2018-06-22,31.75
2026-10-05,2018-06-25,32.875
2026-10-05,2018-06-26,32.375
2026-10-05,2018-06-27,31.875
2026-10-05,2018-06-28,32.5625
2026-10-05,2018-06-29,32.6875
2026-10-05,2018-07-02,33
2026-10-05,2018-07-03,33.75
2026-10-05,2018-07-04,33.375
2026-10-05,2018-07-05,33.9375
2026-10-05,2018-07-06,33.8125
2026-10-05,2018-07-10,33.375
2026-10-05,2018-07-11,33.5
2026-10-05,2018-07-12,33.75
2026-10-05,2018-07-13,34.8125
2026-10-05,2018-07-16,34.375
2026-10-05,2018-07-17,34.6875
2026-10-05,2018-07-18,36.0625
2026-10-05,2018-07-19,36.125
2026-10-05,2018-07-20,35.5625
2026-10-05,2018-07-23,34.5625
2026-10-05,2018-07-24,35.125
2026-10-05,2018-07-25,35.25
2026-10-05,2018-07-26,35.1875
2026-10-05,2018-07-27,34.3125
2026-10-05,2018-07-30,35.1875
2026-10-05,2018-07-31,35.1875
2026-10-05,2018-08-01,35.125
2026-10-05,2018-08-02,34.9375
2026-10-05,2018-08-03,34.375
2026-10-05,2018-08-06,34.5625
2026-10-05,2018-08-07,34.8125
2026-10-05,2018-08-08,34
2026-10-05,2018-08-09,34.5625
2026-10-05,2018-08-10,33.75
2026-10-05,2018-08-13,34.75
2026-10-05,2018-08-14,35.5
2026-10-05,2018-08-15,36
2026-10-05,2018-08-16,35.4375
2026-10-05,2018-08-17,35.625
2026-10-05,2018-08-21,35.4375
2026-10-05,2018-08-22,34.25
2026-10-05,2018-08-23,35.4375
2026-10-05,2018-08-24,35.0625
2026-10-05,2018-08-27,34.625
2026-10-05,2018-08-28,34.875
2026-10-05,2018-08-29,35.0625
2026-10-05,2018-08-30,36.0625
2026-10-05,2018-08-31,39.4375
2026-10-05,2018-09-03,39
2026-10-05,2018-09-04,40.0625
2026-10-05,2018-09-05,40.3125
2026-10-05,2018-09-06,40.5625
2026-10-05,2018-09-07,40.5625
2026-10-05,2018-09-10,39.9375
2026-10-05,2018-09-11,40.5
2026-10-05,2018-09-12,40.5
2026-10-05,2018-09-13,41
2026-10-05,2018-09-14,40.8125
2026-10-05,2018-09-17,42.4375
2026-10-05,2018-09-18,43.25
2026-10-05,2018-09-19,45.4375
2026-10-05,2018-09-20,43.9375
2026-10-05,2018-09-21,42.6875
2026-10-05,2018-09-24,43.125
2026-10-05,2018-09-25,44.5
2026-10-05,2018-09-26,42.4375
2026-10-05,2018-09-27,42.75
2026-10-05,2018-09-28,43.3125
2026-10-05,2018-10-01,45.4375
2026-10-05,2018-10-02,47.875
2026-10-05,2018-10-03,47.25
2026-10-05,2018-10-04,48.6875
2026-10-05,2018-10-05,48.6875
2026-10-05,2018-10-08,49
2026-10-05,2018-10-09,50.1875
2026-10-05,2018-10-10,48.8125
2026-10-05,2018-10-11,48.6875
2026-10-05,2018-10-12,51.375
2026-10-05,2018-10-16,49.8125
2026-10-05,2018-10-17,52.8125
2026-10-05,2018-10-18,53.4375
2026-10-05,2018-10-19,53.25
2026-10-05,2018-10-22,51.1875
2026-10-05,2018-10-23,52.5625
2026-10-05,2018-10-24,51.5
2026-10-05,2018-10-25,53.8125
2026-10-05,2018-10-26,50.25
2026-10-05,2018-10-29,51.4375
2026-10-05,2018-10-30,53.25
2026-10-05,2018-10-31,51.5
2026-10-05,2018-11-01,53.625
2026-10-05,2018-11-02,51.25
2026-10-05,2018-11-05,51.6875
2026-10-05,2018-11-07,52.125
2026-10-05,2018-11-08,52.0625
2026-10-05,2018-11-09,50.9375
2026-10-05,2018-11-12,51.875
2026-10-05,2018-11-13,51.25
2026-10-05,2018-11-14,53.0625
2026-10-05,2018-11-15,52.25
2026-10-05,2018-11-16,51.5625
2026-10-05,2018-11-20,51.125
2026-10-05,2018-11-21,50.3125
2026-10-05,2018-11-22,50.4375
2026-10-05,2018-11-23,50.0625
2026-10-05,2018-11-26,48.8125
2026-10-05,2018-11-27,51.625
2026-10-05,2018-11-28,50.625
2026-10-05,2018-11-29,51.25
2026-10-05,2018-12-03,49.25
2026-10-05,2018-12-04,50.1875
2026-10-05,2018-12-05,49.1875
2026-10-05,2018-12-06,49.25
2026-10-05,2018-12-07,48.875
2026-10-05,2018-12-10,48
2026-10-05,2018-12-11,49.625
2026-10-05,2018-12-12,47.8125
2026-10-05,2018-12-13,48.5625
2026-10-05,2018-12-14,47.3125
2026-10-05,2018-12-17,48.5
2026-10-05,2018-12-18,48.0625
2026-10-05,2018-12-19,49.5625
2026-10-05,2018-12-20,48.5625
2026-10-05,2018-12-21,47.9375
2026-10-05,2018-12-26,47
2026-10-05,2018-12-27,48.25
2026-10-05,2018-12-28,49.5
2026-10-05,2019-01-02,47
2026-10-05,2019-01-03,47.5
2026-10-05,2019-01-04,46.9375
2026-10-05,2019-01-07,47.25
2026-10-05,2019-01-08,47.0625
2026-10-05,2019-01-09,45.9375
2026-10-05,2019-01-10,46.5625
2026-10-05,2019-01-11,45.625
2026-10-05,2019-01-14,45.875
2026-10-05,2019-01-15,46.5
2026-10-05,2019-01-16,45.625
2026-10-05,2019-01-17,45.75
2026-10-05,2019-01-18,46
2026-10-05,2019-01-21,45.125
2026-10-05,2019-01-22,45.5625
2026-10-05,2019-01-23,45.8125
2026-10-05,2019-01-24,45.375
2026-10-05,2019-01-25,44.625
2026-10-05,2019-01-28,44.5
2026-10-05,2019-01-29,44.625
2026-10-05,2019-01-30,44.0625
2026-10-05,2019-01-31,44.5625
2026-10-05,2019-02-01,42.5625
2026-10-05,2019-02-04,42.375
2026-10-05,2019-02-05,41.4375
2026-10-05,2019-02-06,40.8125
2026-10-05,2019-02-07,39.4375
2026-10-05,2019-02-08,38.125
2026-10-05,2019-02-11,37.375
2026-10-05,2019-02-12,36.625
2026-10-05,2019-02-13,35.875
2026-10-05,2019-02-14,36.0625
2026-10-05,2019-02-15,35.375
2026-10-05,2019-02-18,35.25
2026-10-05,2019-02-19,35.375
2026-10-05,2019-02-20,35.1875
2026-10-05,2019-02-21,35.9375
2026-10-05,2019-02-22,36.5625
2026-10-05,2019-02-25,36
2026-10-05,2019-02-26,37.375
2026-10-05,2019-02-27,36.8125
2026-10-05,2019-02-28,37.125
2026-10-05,2019-03-01,36.625
2026-10-05,2019-03-06,36.5625
2026-10-05,2019-03-07,37.3125
2026-10-05,2019-03-08,39.125
2026-10-05,2019-03-11,39.5625
2026-10-05,2019-03-12,40.8125
2026-10-05,2019-03-13,40.75
2026-10-05,2019-03-14,41.3125
2026-10-05,2019-03-15,43.5
2026-10-05,2019-03-18,42.25
2026-10-05,2019-03-19,43.125
2026-10-05,2019-03-20,42.0625
2026-10-05,2019-03-21,43.25
2026-10-05,2019-03-22,43
2026-10-05,2019-03-25,44.1875
2026-10-05,2019-03-26,44.125
2026-10-05,2019-03-27,43.25
2026-10-05,2019-03-28,45.3125
2026-10-05,2019-03-29,45.6875
2026-10-05,2019-04-01,46.125
2026-10-05,2019-04-03,48.5
2026-10-05,2019-04-04,48.5
2026-10-05,2019-04-05,47.25
2026-10-05,2019-04-08,47.6875
2026-10-05,2019-04-09,48.8125
2026-10-05,2019-04-10,47.8125
2026-10-05,2019-04-11,48.8125
2026-10-05,2019-04-12,48.125
2026-10-05,2019-04-15,48.3125
2026-10-05,2019-04-16,49.125
2026-10-05,2019-04-17,48.125
2026-10-05,2019-04-22,48.125
2026-10-05,2019-04-23,49.5625
2026-10-05,2019-04-24,48.625
2026-10-05,2019-04-25,49.3125
2026-10-05,2019-04-26,49.25
2026-10-05,2019-04-29,50
2026-10-05,2019-04-30,53.375
2026-10-05,2019-05-02,50.375
2026-10-05,2019-05-03,52.125
2026-10-05,2019-05-06,52
2026-10-05,2019-05-07,53.3125
2026-10-05,2019-05-08,52
2026-10-05,2019-05-09,52.5
2026-10-05,2019-05-10,51.875
2026-10-05,2019-05-13,52.5625
2026-10-05,2019-05-14,53.5625
2026-10-05,2019-05-15,52.625
2026-10-05,2019-05-16,52.1875
2026-10-05,2019-05-17,51.9375
2026-10-05,2019-05-20,53.6875
2026-10-05,2019-05-21,53.6875
2026-10-05,2019-05-22,52.3125
2026-10-05,2019-05-23,53.4375
2026-10-05,2019-05-24,53
2026-10-05,2019-05-27,52.625
2026-10-05,2019-05-28,52.625
2026-10-05,2019-05-29,52.8125
2026-10-05,2019-05-30,52.6875
2026-10-05,2019-05-31,53
2026-10-05,2019-06-03,52.9375
2026-10-05,2019-06-04,53.3125
2026-10-05,2019-06-05,52.6875
2026-10-05,2019-06-06,52.9375
2026-10-05,2019-06-07,52.6875
2026-10-05,2019-06-10,52.125
2026-10-05,2019-06-11,52.3125
2026-10-05,2019-06-12,51.8125
2026-10-05,2019-06-13,51.3125
2026-10-05,2019-06-14,51.0625
2026-10-05,2019-06-18,50.8125
2026-10-05,2019-06-19,50.75
2026-10-05,2019-06-21,49.9375
2026-10-05,2019-06-24,49.75
2026-10-05,2019-06-25,48.3125
2026-10-05,2019-06-26,48.1875
2026-10-05,2019-06-27,47.6875
2026-10-05,2019-06-28,47.5
2026-10-05,2019-07-01,47.6875
2026-10-05,2019-07-02,48
2026-10-05,2019-07-03,48.4375
2026-10-05,2019-07-04,48.4375
2026-10-05,2019-07-05,48.0625
2026-10-05,2019-07-10,47.8125
2026-10-05,2019-07-11,48.5
2026-10-05,2019-07-12,47.5625
2026-10-05,2019-07-15,48.125
2026-10-05,2019-07-16,47.625
2026-10-05,2019-07-17,48.0625
2026-10-05,2019-07-18,47.8125
2026-10-05,2019-07-19,48.25
2026-10-05,2019-07-22,47.9375
2026-10-05,2019-07-23,50.25
2026-10-05,2019-07-24,49.125
2026-10-05,2019-07-25,50.8125
2026-10-05,2019-07-26,49.375
2026-10-05,2019-07-29,49.5
2026-10-05,2019-07-30,50.125
2026-10-05,2019-07-31,49.625
2026-10-05,2019-08-01,49.8125
2026-10-05,2019-08-02,49.8125
2026-10-05,2019-08-05,50.4375
2026-10-05,2019-08-06,51.5625
2026-10-05,2019-08-07,52.375
2026-10-05,2019-08-08,52
2026-10-05,2019-08-09,51.25
2026-10-05,2019-08-12,53.125
2026-10-05,2019-08-13,57.5
2026-10-05,2019-08-14,58.125
2026-10-05,2019-08-15,57.5625
2026-10-05,2019-08-16,57.875
2026-10-05,2019-08-20,57.375
2026-10-05,2019-08-21,57.125
2026-10-05,2019-08-22,58.9375
2026-10-05,2019-08-23,58.125
2026-10-05,2019-08-26,57.75
2026-10-05,2019-08-27,60
2026-10-05,2019-08-28,57.9375
2026-10-05,2019-08-29,57.5625
2026-10-05,2019-08-30,58.0625
2026-10-05,2019-09-02,59.1875
2026-10-05,2019-09-03,60.6875
2026-10-05,2019-09-04,59.875
2026-10-05,2019-09-05,60.4375
2026-10-05,2019-09-06,60.9375
2026-10-05,2019-09-09,59.1875
2026-10-05,2019-09-10,61
2026-10-05,2019-09-11,60.4375
2026-10-05,2019-09-12,60.5
2026-10-05,2019-09-13,60.75
2026-10-05,2019-09-16,60.1875
2026-10-05,2019-09-17,60.125
2026-10-05,2019-09-18,60.4375
2026-10-05,2019-09-19,59.875
2026-10-05,2019-09-20,59.375
2026-10-05,2019-09-23,59.8125
2026-10-05,2019-09-24,59.25
2026-10-05,2019-09-25,58.875
2026-10-05,2019-09-26,59.5625
2026-10-05,2019-09-27,59.625
2026-10-05,2019-09-30,58.875
2026-10-05,2019-10-01,59.9375
2026-10-05,2019-10-02,59.375
2026-10-05,2019-10-03,59.1875
2026-10-05,2019-10-04,57.875
2026-10-05,2019-10-07,57.75
2026-10-05,2019-10-08,57.9375
2026-10-05,2019-10-09,56.6875
2026-10-05,2019-10-10,57.1875
2026-10-05,2019-10-11,55.5
2026-10-05,2019-10-15,55.6875
2026-10-05,2019-10-16,54.8125
2026-10-05,2019-10-17,55.0625
2026-10-05,2019-10-18,55.25
2026-10-05,2019-10-21,53.875
2026-10-05,2019-10-22,55.0625
2026-10-05,2019-10-23,54.375
2026-10-05,2019-10-24,53.4375
2026-10-05,2019-10-25,50.25
2026-10-05,2019-10-28,53.5625
2026-10-05,2019-10-29,51.125
2026-10-05,2019-10-30,50.0625
2026-10-05,2019-10-31,48.6875
2026-10-05,2019-11-01,48.4375
2026-10-05,2019-11-04,47.6875
2026-10-05,2019-11-05,47.625
2026-10-05,2019-11-07,46.5
2026-10-05,2019-11-08,47.5
2026-10-05,2019-11-11,46.5
2026-10-05,2019-11-12,46.4375
2026-10-05,2019-11-13,46.25
2026-10-05,2019-11-14,45.6875
2026-10-05,2019-11-15,47.1875
2026-10-05,2019-11-19,45.375
2026-10-05,2019-11-20,45.125
2026-10-05,2019-11-21,45.3125
2026-10-05,2019-11-22,45.0625
2026-10-05,2019-11-25,44.5625
2026-10-05,2019-11-26,45.375
2026-10-05,2019-11-27,44.375
2026-10-05,2019-11-28,44.5625
2026-10-05,2019-11-29,44.1875
2026-10-05,2019-12-02,44.1875
2026-10-05,2019-12-03,44.3125
2026-10-05,2019-12-04,43.5
2026-10-05,2019-12-05,43.9375
2026-10-05,2019-12-06,42.6875
2026-10-05,2019-12-09,42.5
2026-10-05,2019-12-10,42.875
2026-10-05,2019-12-11,42.3125
2026-10-05,2019-12-12,42.3125
2026-10-05,2019-12-13,41.875
2026-10-05,2019-12-16,41.625
2026-10-05,2019-12-17,41.25
2026-10-05,2019-12-18,41.625
2026-10-05,2019-12-19,40.875
2026-10-05,2019-12-20,40.5
2026-10-05,2019-12-23,40.75
2026-10-05,2019-12-26,40.25
2026-10-05,2019-12-27,40.3125
2026-10-05,2019-12-30,39.4375
2026-10-05,2020-01-02,38.875
2026-10-05,2020-01-03,38.75
2026-10-05,2020-01-06,38.75
2026-10-05,2020-01-07,38.25
2026-10-05,2020-01-08,37.5625
2026-10-05,2020-01-09,38
2026-10-05,2020-01-10,37.5625
2026-10-05,2020-01-13,37.125
2026-10-05,2020-01-14,36.5
2026-10-05,2020-01-15,36.3125
2026-10-05,2020-01-16,36.125
2026-10-05,2020-01-17,35.375
2026-10-05,2020-01-20,35.375
2026-10-05,2020-01-21,34.9375
2026-10-05,2020-01-22,34.9375
2026-10-05,2020-01-23,34.5625
2026-10-05,2020-01-24,34.875
2026-10-05,2020-01-27,34.3125
2026-10-05,2020-01-28,34.5
2026-10-05,2020-01-29,34.3125
2026-10-05,2020-01-30,34.3125
2026-10-05,2020-01-31,34
2026-10-05,2020-02-03,34.3125
2026-10-05,2020-02-04,34.6875
2026-10-05,2020-02-05,34.25
2026-10-05,2020-02-06,34.6875
2026-10-05,2020-02-07,34.125
2026-10-05,2020-02-10,34.5
2026-10-05,2020-02-11,35.1875
2026-10-05,2020-02-12,34.375
2026-10-05,2020-02-13,35.25
2026-10-05,2020-02-14,34.0625
2026-10-05,2020-02-17,33.9375
2026-10-05,2020-02-18,32.875
2026-10-05,2020-02-19,33.4375
2026-10-05,2020-02-20,33
2026-10-05,2020-02-21,31.875
2026-10-05,2020-02-26,31.125
2026-10-05,2020-02-27,31.0625
2026-10-05,2020-02-28,31.8125
2026-10-05,2020-03-02,31
2026-10-05,2020-03-03,31.1875
2026-10-05,2020-03-04,30.5
2026-10-05,2020-03-05,30.4375
2026-10-05,2020-03-06,29.875
2026-10-05,2020-03-09,29.5625
2026-10-05,2020-03-10,29.75
2026-10-05,2020-03-11,29.8125
2026-10-05,2020-03-12,29.5
2026-10-05,2020-03-13,29.3125
2026-10-05,2020-03-16,29.5
2026-10-05,2020-03-17,29.5
2026-10-05,2020-03-18,29.5
2026-10-05,2020-03-19,29.3125
2026-10-05,2020-03-20,29
2026-10-05,2020-03-25,29.3125
2026-10-05,2020-03-26,29.375
2026-10-05,2020-03-27,27.75
2026-10-05,2020-03-30,27.5625
2026-10-05,2020-04-01,27
2026-10-05,2020-04-02,26.125
2026-10-05,2020-04-03,25.75
2026-10-05,2020-04-06,25.125
2026-10-05,2020-04-07,23.0625
2026-10-05,2020-04-08,21.9375
2026-10-05,2020-04-13,21
2026-10-05,2020-04-14,18.125
2026-10-05,2020-04-15,18.25
2026-10-05,2020-04-16,16.875
2026-10-05,2020-04-17,16.875
2026-10-05,2020-04-20,18.25
2026-10-05,2020-04-21,17.4375
2026-10-05,2020-04-22,16.1875
2026-10-05,2020-04-23,15.9375
2026-10-05,2020-04-24,18.3125
2026-10-05,2020-04-27,18.3125
2026-10-05,2020-04-28,18.375
2026-10-05,2020-04-29,18.3125
2026-10-05,2020-04-30,18.4375
2026-10-05,2020-05-04,21.0625
2026-10-05,2020-05-05,19.875
2026-10-05,2020-05-06,20.0625
2026-10-05,2020-05-07,19.8125
2026-10-05,2020-05-08,20.625
2026-10-05,2020-05-11,21.0625
2026-10-05,2020-05-12,20.5625
2026-10-05,2020-05-13,21.8125
2026-10-05,2020-05-14,20.75
2026-10-05,2020-05-15,22.625
2026-10-05,2020-05-18,26.4375
2026-10-05,2020-05-19,26.25
2026-10-05,2020-05-20,26.5
2026-10-05,2020-05-21,26.5
2026-10-05,2020-05-22,26.1875
2026-10-05,2020-05-26,25.6875
2026-10-05,2020-05-27,26.4375
2026-10-05,2020-05-28,26.5
2026-10-05,2020-05-29,26.5625
2026-10-05,2020-06-01,28.5
2026-10-05,2020-06-02,29
2026-10-05,2020-06-03,29.5625
2026-10-05,2020-06-04,29.75
2026-10-05,2020-06-05,29.5625
2026-10-05,2020-06-08,29.5625
2026-10-05,2020-06-09,29.875
2026-10-05,2020-06-10,29.5
2026-10-05,2020-06-11,29.6875
2026-10-05,2020-06-12,29.1875
2026-10-05,2020-06-16,29.75
2026-10-05,2020-06-17,29.8125
2026-10-05,2020-06-18,29.4375
2026-10-05,2020-06-19,29.8125
2026-10-05,2020-06-22,29.625
2026-10-05,2020-06-23,29.75
2026-10-05,2020-06-24,29.75
2026-10-05,2020-06-25,29.8125
2026-10-05,2020-06-26,29.625
2026-10-05,2020-06-29,29
2026-10-05,2020-06-30,29.6875
2026-10-05,2020-07-01,29.75
2026-10-05,2020-07-02,29.5625
2026-10-05,2020-07-03,29.5625
2026-10-05,2020-07-06,29.6875
2026-10-05,2020-07-07,29.75
2026-10-05,2020-07-08,29.5
2026-10-05,2020-07-13,29.6875
2026-10-05,2020-07-14,29.5625
2026-10-05,2020-07-15,29.625
2026-10-05,2020-07-16,29.5
2026-10-05,2020-07-17,29.5625
2026-10-05,2020-07-20,29.4375
2026-10-05,2020-07-21,29.5
2026-10-05,2020-07-22,29.6875
2026-10-05,2020-07-23,29.125
2026-10-05,2020-07-24,29.5625
2026-10-05,2020-07-27,29.375
2026-10-05,2020-07-28,29.1875
2026-10-05,2020-07-29,29.75
2026-10-05,2020-07-30,29.625
2026-10-05,2020-07-31,29.1875
2026-10-05,2020-08-03,29.875
2026-10-05,2020-08-04,29.25
2026-10-05,2020-08-05,29.4375
2026-10-05,2020-08-06,29.8125
2026-10-05,2020-08-07,29.625
2026-10-05,2020-08-10,30
2026-10-05,2020-08-11,29.6875
2026-10-05,2020-08-12,29.75
2026-10-05,2020-08-13,29.3125
2026-10-05,2020-08-14,29.875
2026-10-05,2020-08-18,29.9375
2026-10-05,2020-08-19,29.8125
2026-10-05,2020-08-20,30
2026-10-05,2020-08-21,29.5625
2026-10-05,2020-08-24,28.9375
2026-10-05,2020-08-25,29.5625
2026-10-05,2020-08-26,29.875
2026-10-05,2020-08-27,29.1875
2026-10-05,2020-08-28,29.9375
2026-10-05,2020-08-31,29.625
2026-10-05,2020-09-01,29.6875
2026-10-05,2020-09-02,29.75
2026-10-05,2020-09-03,30
2026-10-05,2020-09-04,29.8125
2026-10-05,2020-09-07,29.625
2026-10-05,2020-09-08,29.875
2026-10-05,2020-09-09,29.9375
2026-10-05,2020-09-10,29.6875
2026-10-05,2020-09-11,29.5
2026-10-05,2020-09-14,29.6875
2026-10-05,2020-09-15,29.5
2026-10-05,2020-09-16,29.875
2026-10-05,2020-09-17,29.875
2026-10-05,2020-09-18,29.875
2026-10-05,2020-09-21,30
2026-10-05,2020-09-22,29.75
2026-10-05,2020-09-23,29.25
2026-10-05,2020-09-24,29.5625
2026-10-05,2020-09-25,29.5625
2026-10-05,2020-09-28,29.8125
2026-10-05,2020-09-29,30.0625
2026-10-05,2020-09-30,29.6875
2026-10-05,2020-10-01,28.875
2026-10-05,2020-10-02,29.6875
2026-10-05,2020-10-05,29.875
2026-10-05,2020-10-06,29.9375
2026-10-05,2020-10-07,29.6875
2026-10-05,2020-10-08,29.5625
2026-10-05,2020-10-09,29.75
2026-10-05,2020-10-13,29.8125
2026-10-05,2020-10-14,29.625
2026-10-05,2020-10-15,30
2026-10-05,2020-10-16,31.6875
2026-10-05,2020-10-19,31.5625
2026-10-05,2020-10-20,31.875
2026-10-05,2020-10-21,31.75
2026-10-05,2020-10-22,31.125
2026-10-05,2020-10-23,31.5625
2026-10-05,2020-10-26,31.5625
2026-10-05,2020-10-27,31.5625
2026-10-05,2020-10-28,31.6875
2026-10-05,2020-10-29,31.6875
2026-10-05,2020-10-30,31.75
2026-10-05,2020-11-02,31.75
2026-10-05,2020-11-03,31.75
2026-10-05,2020-11-04,31.4375
2026-10-05,2020-11-05,31.8125
2026-10-05,2020-11-09,31.75
2026-10-05,2020-11-10,31.8125
2026-10-05,2020-11-11,31.5625
2026-10-05,2020-11-12,31.6875
2026-10-05,2020-11-13,33.625
2026-10-05,2020-11-16,33.875
2026-10-05,2020-11-17,33.9375
2026-10-05,2020-11-18,33.875
2026-10-05,2020-11-19,33.875
2026-10-05,2020-11-20,34.0625
2026-10-05,2020-11-24,33.875
2026-10-05,2020-11-25,33.625
2026-10-05,2020-11-26,34.0625
2026-10-05,2020-11-27,33.75
2026-10-05,2020-11-30,33.75
2026-10-05,2020-12-01,34.375
2026-10-05,2020-12-02,34.3125
2026-10-05,2020-12-03,34.1875
2026-10-05,2020-12-04,34.0625
2026-10-05,2020-12-09,34.25
2026-10-05,2020-12-10,34.375
2026-10-05,2020-12-11,34.125
2026-10-05,2020-12-14,34.0625
2026-10-05,2020-12-15,34.5
2026-10-05,2020-12-16,34.1875
2026-10-05,2020-12-17,34.1875
2026-10-05,2020-12-18,34.3125
2026-10-05,2020-12-21,34.25
2026-10-05,2020-12-22,34.0625
2026-10-05,2020-12-23,34.0625
2026-10-05,2020-12-28,34.125
2026-10-05,2020-12-29,34.1875
2026-10-05,2020-12-30,34.25
2026-10-05,2021-01-04,34.0625
2026-10-05,2021-01-05,34.3125
2026-10-05,2021-01-06,33.9375
2026-10-05,2021-01-07,33.8125
2026-10-05,2021-01-08,34.125
2026-10-05,2021-01-11,34.3125
2026-10-05,2021-01-12,34.125
2026-10-05,2021-01-13,34
2026-10-05,2021-01-14,34.375
2026-10-05,2021-01-15,34.5625
2026-10-05,2021-01-18,34.1875
2026-10-05,2021-01-19,34.1875
2026-10-05,2021-01-20,34.3125
2026-10-05,2021-01-21,34
2026-10-05,2021-01-22,34
2026-10-05,2021-01-25,33.8125
2026-10-05,2021-01-26,33.875
2026-10-05,2021-01-27,34.0625
2026-10-05,2021-01-28,34.1875
2026-10-05,2021-01-29,34.1875
2026-10-05,2021-02-01,34.1875
2026-10-05,2021-02-02,34.1875
2026-10-05,2021-02-03,34
2026-10-05,2021-02-04,34.1875
2026-10-05,2021-02-05,34.0625
2026-10-05,2021-02-08,34.125
2026-10-05,2021-02-09,34.25
2026-10-05,2021-02-10,34.1875
2026-10-05,2021-02-11,34.125
2026-10-05,2021-02-12,34
2026-10-05,2021-02-17,34.25
2026-10-05,2021-02-18,34.25
2026-10-05,2021-02-19,33.75
2026-10-05,2021-02-22,34.125
2026-10-05,2021-02-23,34.125
2026-10-05,2021-02-24,34.1875
2026-10-05,2021-02-25,34.1875
2026-10-05,2021-02-26,33.625
2026-10-05,2021-03-01,34.0625
2026-10-05,2021-03-02,34.0625
2026-10-05,2021-03-03,34.1875
2026-10-05,2021-03-04,33.875
2026-10-05,2021-03-05,33.875
2026-10-05,2021-03-08,34.1875
2026-10-05,2021-03-09,34.0625
2026-10-05,2021-03-10,34
2026-10-05,2021-03-11,34.1875
2026-10-05,2021-03-12,34.1875
2026-10-05,2021-03-15,34
2026-10-05,2021-03-16,34.0625
2026-10-05,2021-03-17,34.125
2026-10-05,2021-03-18,34.0625
2026-10-05,2021-03-19,34.125
2026-10-05,2021-03-22,34.125
2026-10-05,2021-03-23,34.1875
2026-10-05,2021-03-25,34
2026-10-05,2021-03-26,34.1875
2026-10-05,2021-03-29,33.75
2026-10-05,2021-03-30,34.125
2026-10-05,2021-03-31,34.0625
2026-10-05,2021-04-05,33.9375
2026-10-05,2021-04-06,34.125
2026-10-05,2021-04-07,34.0625
2026-10-05,2021-04-08,34.0625
2026-10-05,2021-04-09,34.0625
2026-10-05,2021-04-12,34.1875
2026-10-05,2021-04-13,34.1875
2026-10-05,2021-04-14,34
2026-10-05,2021-04-15,34.0625
2026-10-05,2021-04-16,34.125
2026-10-05,2021-04-19,34.1875
2026-10-05,2021-04-20,34.0625
2026-10-05,2021-04-21,34.125
2026-10-05,2021-04-22,34.25
2026-10-05,2021-04-23,34.125
2026-10-05,2021-04-26,34.0625
2026-10-05,2021-04-27,34.125
2026-10-05,2021-04-28,33.9375
2026-10-05,2021-04-29,34.1875
2026-10-05,2021-04-30,34.0625
2026-10-05,2021-05-03,34.25
2026-10-05,2021-05-04,34.125
2026-10-05,2021-05-05,33.875
2026-10-05,2021-05-06,34.125
2026-10-05,2021-05-07,34.125
2026-10-05,2021-05-10,34
2026-10-05,2021-05-11,34.125
2026-10-05,2021-05-12,34.1875
2026-10-05,2021-05-13,34.1875
2026-10-05,2021-05-14,34.0625
2026-10-05,2021-05-17,34.0625
2026-10-05,2021-05-18,34.1875
2026-10-05,2021-05-19,34.1875
2026-10-05,2021-05-20,34.125
2026-10-05,2021-05-21,34.0625
2026-10-05,2021-05-26,34.1875
2026-10-05,2021-05-27,34.125
2026-10-05,2021-05-28,34.0625
2026-10-05,2021-05-31,34.125
2026-10-05,2021-06-01,34.0625
2026-10-05,2021-06-02,34.1875
2026-10-05,2021-06-03,34.125
2026-10-05,2021-06-04,33.875
2026-10-05,2021-06-07,34.25
2026-10-05,2021-06-08,34.1875
2026-10-05,2021-06-09,34
2026-10-05,2021-06-10,34.25
2026-10-05,2021-06-11,34.125
2026-10-05,2021-06-14,34.125
2026-10-05,2021-06-15,34.1875
2026-10-05,2021-06-16,34.125
2026-10-05,2021-06-17,34
2026-10-05,2021-06-18,34.1875
2026-10-05,2021-06-22,34.125
2026-10-05,2021-06-23,34.1875
2026-10-05,2021-06-24,34.0625
2026-10-05,2021-06-25,34.125
2026-10-05,2021-06-28,34.125
2026-10-05,2021-06-29,34.0625
2026-10-05,2021-06-30,34.125
2026-10-05,2021-07-01,34.125
2026-10-05,2021-07-02,34.1875
2026-10-05,2021-07-05,34
2026-10-05,2021-07-06,34.1875
2026-10-05,2021-07-07,34.25
2026-10-05,2021-07-08,34.1875
2026-10-05,2021-07-12,34.125
2026-10-05,2021-07-13,33.875
2026-10-05,2021-07-14,34.125
2026-10-05,2021-07-15,34.1875
2026-10-05,2021-07-16,34.0625
2026-10-05,2021-07-19,34.125
2026-10-05,2021-07-20,34.1875
2026-10-05,2021-07-21,34.1875
2026-10-05,2021-07-22,34.0625
2026-10-05,2021-07-23,34.125
2026-10-05,2021-07-26,34.1875
2026-10-05,2021-07-27,34.1875
2026-10-05,2021-07-28,34.125
2026-10-05,2021-07-29,34.125
2026-10-05,2021-07-30,34.125
2026-10-05,2021-08-02,34.1875
2026-10-05,2021-08-03,34.1875
2026-10-05,2021-08-04,34
2026-10-05,2021-08-05,34.1875
2026-10-05,2021-08-06,34.25
2026-10-05,2021-08-09,34.25
2026-10-05,2021-08-10,34.1875
2026-10-05,2021-08-11,34.0625
2026-10-05,2021-08-12,34.1875
2026-10-05,2021-08-13,34.125
2026-10-05,2021-08-17,34.25
2026-10-05,2021-08-18,34.0625
2026-10-05,2021-08-19,34.1875
2026-10-05,2021-08-20,34.0625
2026-10-05,2021-08-23,34.1875
2026-10-05,2021-08-24,34.125
2026-10-05,2021-08-25,34.1875
2026-10-05,2021-08-26,34.125
2026-10-05,2021-08-27,34.125
2026-10-05,2021-08-30,34.1875
2026-10-05,2021-08-31,34.1875
2026-10-05,2021-09-01,34.1875
2026-10-05,2021-09-02,34.125
2026-10-05,2021-09-03,34.125
2026-10-05,2021-09-06,34.3125
2026-10-05,2021-09-07,34.1875
2026-10-05,2021-09-08,34.25
2026-10-05,2021-09-09,34.1875
2026-10-05,2021-09-10,34.0625
2026-10-05,2021-09-13,34.1875
2026-10-05,2021-09-14,33.9375
2026-10-05,2021-09-15,34.0625
2026-10-05,2021-09-16,34.25
2026-10-05,2021-09-17,34.125
2026-10-05,2021-09-20,34.1875
2026-10-05,2021-09-21,34.125
2026-10-05,2021-09-22,34.1875
2026-10-05,2021-09-23,34.25
2026-10-05,2021-09-24,34.125
2026-10-05,2021-09-27,34.125
2026-10-05,2021-09-28,34.125
2026-10-05,2021-09-29,34.1875
2026-10-05,2021-09-30,34.1875
2026-10-05,2021-10-01,34.1875
2026-10-05,2021-10-04,34.125
2026-10-05,2021-10-05,34.0625
2026-10-05,2021-10-06,34.25
2026-10-05,2021-10-07,34.125
2026-10-05,2021-10-12,34.125
2026-10-05,2021-10-13,34.1875
2026-10-05,2021-10-14,34.0625
2026-10-05,2021-10-15,34.0625
2026-10-05,2021-10-18,34.1875
2026-10-05,2021-10-19,34.125
2026-10-05,2021-10-20,34.125
2026-10-05,2021-10-21,34.1875
2026-10-05,2021-10-22,34.25
2026-10-05,2021-10-25,34.125
2026-10-05,2021-10-26,34.125
2026-10-05,2021-10-27,34.125
2026-10-05,2021-10-28,34.125
2026-10-05,2021-10-29,34.125
2026-10-05,2021-11-01,34.25
2026-10-05,2021-11-02,34.125
2026-10-05,2021-11-03,34.125
2026-10-05,2021-11-04,34.1875
2026-10-05,2021-11-05,34.25
2026-10-05,2021-11-08,34.25
2026-10-05,2021-11-09,34.1875
2026-10-05,2021-11-10,34.1875
2026-10-05,2021-11-11,34
2026-10-05,2021-11-12,34.125
2026-10-05,2021-11-15,34.125
2026-10-05,2021-11-16,34.25
2026-10-05,2021-11-17,34.1875
2026-10-05,2021-11-18,34.25
2026-10-05,2021-11-19,34.1875
2026-10-05,2021-11-23,34.1875
2026-10-05,2021-11-24,34.1875
2026-10-05,2021-11-25,34.125
2026-10-05,2021-11-26,34.125
2026-10-05,2021-11-29,34.25
2026-10-05,2021-11-30,34.125
2026-10-05,2021-12-01,34.1875
2026-10-05,2021-12-02,34.0625
2026-10-05,2021-12-03,34.125
2026-10-05,2021-12-06,34.25
2026-10-05,2021-12-07,34.125
2026-10-05,2021-12-09,34.25
2026-10-05,2021-12-10,34.1875
2026-10-05,2021-12-13,34.125
2026-10-05,2021-12-14,34.3125
2026-10-05,2021-12-15,34.1875
2026-10-05,2021-12-16,34.1875
2026-10-05,2021-12-17,34.25
2026-10-05,2021-12-20,34.25
2026-10-05,2021-12-21,34.25
2026-10-05,2021-12-22,34.1875
2026-10-05,2021-12-23,34.25
2026-10-05,2021-12-27,34.25
2026-10-05,2021-12-28,34.25
2026-10-05,2021-12-29,34.1875
2026-10-05,2021-12-30,34.125
2026-10-05,2022-01-03,34.1875
2026-10-05,2022-01-04,34.25
2026-10-05,2022-01-05,34.25
2026-10-05,2022-01-06,34.1875
2026-10-05,2022-01-07,37.375
2026-10-05,2022-01-10,37.625
2026-10-05,2022-01-11,37.375
2026-10-05,2022-01-12,37.4375
2026-10-05,2022-01-13,37.4375
2026-10-05,2022-01-14,37.625
2026-10-05,2022-01-17,37.75
2026-10-05,2022-01-18,37.5
2026-10-05,2022-01-19,37.5625
2026-10-05,2022-01-20,37.625
2026-10-05,2022-01-21,37.5
2026-10-05,2022-01-24,37.625
2026-10-05,2022-01-25,37.625
2026-10-05,2022-01-26,37.5625
2026-10-05,2022-01-27,37.5625
2026-10-05,2022-01-28,37.75
2026-10-05,2022-01-31,37.625
2026-10-05,2022-02-01,37.5
2026-10-05,2022-02-02,37.5625
2026-10-05,2022-02-03,37.5625
2026-10-05,2022-02-04,37.5625
2026-10-05,2022-02-07,37.375
2026-10-05,2022-02-08,37.4375
2026-10-05,2022-02-09,37.6875
2026-10-05,2022-02-10,37.5
2026-10-05,2022-02-11,37.5625
2026-10-05,2022-02-14,37.5
2026-10-05,2022-02-15,37.625
2026-10-05,2022-02-16,37.6875
2026-10-05,2022-02-17,37.625
2026-10-05,2022-02-18,39.9375
2026-10-05,2022-02-21,39.875
2026-10-05,2022-02-22,40.0625
2026-10-05,2022-02-23,40.0625
2026-10-05,2022-02-24,39.9375
2026-10-05,2022-02-25,39.9375
2026-10-05,2022-03-02,40.125
2026-10-05,2022-03-03,40.0625
2026-10-05,2022-03-04,39.75
2026-10-05,2022-03-07,40.0625
2026-10-05,2022-03-08,40
2026-10-05,2022-03-09,39.875
2026-10-05,2022-03-10,40.0625
2026-10-05,2022-03-11,39.9375
2026-10-05,2022-03-14,39.875
2026-10-05,2022-03-15,40
2026-10-05,2022-03-16,40.0625
2026-10-05,2022-03-17,40.1875
2026-10-05,2022-03-18,40.0625
2026-10-05,2022-03-21,40
2026-10-05,2022-03-22,39.875
2026-10-05,2022-03-23,41.75
2026-10-05,2022-03-25,41.9375
2026-10-05,2022-03-28,42
2026-10-05,2022-03-29,41.9375
2026-10-05,2022-03-30,42
2026-10-05,2022-03-31,41.8125
2026-10-05,2022-04-01,42
2026-10-05,2022-04-04,42
2026-10-05,2022-04-05,42.125
2026-10-05,2022-04-06,42.125
2026-10-05,2022-04-07,41.9375
2026-10-05,2022-04-08,41.9375
2026-10-05,2022-04-11,42
2026-10-05,2022-04-12,41.875
2026-10-05,2022-04-13,41.875
2026-10-05,2022-04-18,44.5625
2026-10-05,2022-04-19,44.25
2026-10-05,2022-04-20,44.3125
2026-10-05,2022-04-21,44.375
2026-10-05,2022-04-22,44.3125
2026-10-05,2022-04-25,44.4375
2026-10-05,2022-04-26,44.625
2026-10-05,2022-04-27,44.5625
2026-10-05,2022-04-28,44.5
2026-10-05,2022-04-29,44.375
2026-10-05,2022-05-02,44.625
2026-10-05,2022-05-03,44.4375
2026-10-05,2022-05-04,44.4375
2026-10-05,2022-05-05,44.625
2026-10-05,2022-05-06,44.5625
2026-10-05,2022-05-09,44.625
2026-10-05,2022-05-10,44.375
2026-10-05,2022-05-11,44.625
2026-10-05,2022-05-12,44.5625
2026-10-05,2022-05-13,46.375
2026-10-05,2022-05-16,45.6875
2026-10-05,2022-05-17,46.5
2026-10-05,2022-05-19,46.5625
2026-10-05,2022-05-20,46.375
2026-10-05,2022-05-23,46.4375
2026-10-05,2022-05-24,46.375
2026-10-05,2022-05-26,46.5
2026-10-05,2022-05-27,46.4375
2026-10-05,2022-05-30,46.5
2026-10-05,2022-05-31,45.8125
2026-10-05,2022-06-01,46.6875
2026-10-05,2022-06-02,46.5
2026-10-05,2022-06-03,46.4375
2026-10-05,2022-06-06,46.625
2026-10-05,2022-06-07,46.5625
2026-10-05,2022-06-08,46.625
2026-10-05,2022-06-09,46.5
2026-10-05,2022-06-10,46.5625
2026-10-05,2022-06-13,46.625
2026-10-05,2022-06-14,46.3125
2026-10-05,2022-06-15,46.5
2026-10-05,2022-06-16,46.6875
2026-10-05,2022-06-21,50.8125
2026-10-05,2022-06-22,50.6875
2026-10-05,2022-06-23,50.75
2026-10-05,2022-06-24,50.5
2026-10-05,2022-06-27,50.8125
2026-10-05,2022-06-28,50.5625
2026-10-05,2022-06-29,50.75
2026-10-05,2022-06-30,50.625
2026-10-05,2022-07-01,50.9375
2026-10-05,2022-07-04,50.875
2026-10-05,2022-07-05,50.75
2026-10-05,2022-07-06,51.0625
2026-10-05,2022-07-07,50.8125
2026-10-05,2022-07-08,51
2026-10-05,2022-07-11,51
2026-10-05,2022-07-12,50.75
2026-10-05,2022-07-13,50.875
2026-10-05,2022-07-14,51
2026-10-05,2022-07-15,50.875
2026-10-05,2022-07-18,50.8125
2026-10-05,2022-07-19,50.75
2026-10-05,2022-07-20,50.5625
2026-10-05,2022-07-21,51
2026-10-05,2022-07-22,50.75
2026-10-05,2022-07-25,50.6875
2026-10-05,2022-07-26,50.5
2026-10-05,2022-07-27,50.875
2026-10-05,2022-07-28,51
2026-10-05,2022-07-29,55.625
2026-10-05,2022-08-01,56.5
2026-10-05,2022-08-02,55.375
2026-10-05,2022-08-03,56.375
2026-10-05,2022-08-04,56.1875
2026-10-05,2022-08-05,56.3125
2026-10-05,2022-08-08,56.5625
2026-10-05,2022-08-09,55.75
2026-10-05,2022-08-10,56.1875
2026-10-05,2022-08-11,56.5625
2026-10-05,2022-08-12,63.5
2026-10-05,2022-08-16,63.75
2026-10-05,2022-08-17,63.5
2026-10-05,2022-08-18,63.375
2026-10-05,2022-08-19,62.75
2026-10-05,2022-08-22,64.125
2026-10-05,2022-08-23,63.0625
2026-10-05,2022-08-24,63.375
2026-10-05,2022-08-25,63.3125
2026-10-05,2022-08-26,63.4375
2026-10-05,2022-08-29,63.625
2026-10-05,2022-08-30,63.25
2026-10-05,2022-08-31,63.875
2026-10-05,2022-09-01,64.625
2026-10-05,2022-09-05,64.1875
2026-10-05,2022-09-06,62.9375
2026-10-05,2022-09-07,63.8125
2026-10-05,2022-09-08,63.5625
2026-10-05,2022-09-09,63.6875
2026-10-05,2022-09-12,64.1875
2026-10-05,2022-09-13,63.9375
2026-10-05,2022-09-14,63.875
2026-10-05,2022-09-15,64.0625
2026-10-05,2022-09-16,68.1875
2026-10-05,2022-09-19,68.6875
2026-10-05,2022-09-20,68.6875
2026-10-05,2022-09-21,69.6875
2026-10-05,2022-09-22,68.625
2026-10-05,2022-09-23,68.75
2026-10-05,2022-09-26,69.25
2026-10-05,2022-09-27,68.25
2026-10-05,2022-09-28,69
2026-10-05,2022-09-29,69.125
2026-10-05,2022-09-30,69.125
2026-10-05,2022-10-03,69.8125
2026-10-05,2022-10-04,68.75
2026-10-05,2022-10-05,69.5
2026-10-05,2022-10-06,68.625
2026-10-05,2022-10-11,69.8125
2026-10-05,2022-10-12,69.5625
2026-10-05,2022-10-13,69.375
2026-10-05,2022-10-14,68.75
2026-10-05,2022-10-17,69.4375
2026-10-05,2022-10-18,68.25
2026-10-05,2022-10-19,68.6875
2026-10-05,2022-10-20,68.625
2026-10-05,2022-10-21,69.125
2026-10-05,2022-10-24,69.125
2026-10-05,2022-10-25,68.25
2026-10-05,2022-10-26,69.25
2026-10-05,2022-10-27,68.9375
2026-10-05,2022-10-28,68.8125
2026-10-05,2022-10-31,69.5
2026-10-05,2022-11-01,69.125
2026-10-05,2022-11-02,69.8125
2026-10-05,2022-11-03,68.75
2026-10-05,2022-11-04,69.625
2026-10-05,2022-11-07,69.4375
2026-10-05,2022-11-08,69.0625
2026-10-05,2022-11-09,68.4375
2026-10-05,2022-11-10,70.125
2026-10-05,2022-11-11,70
2026-10-05,2022-11-14,69.6875
2026-10-05,2022-11-15,68.625
2026-10-05,2022-11-16,69.25
2026-10-05,2022-11-17,68.6875
2026-10-05,2022-11-18,68.5625
2026-10-05,2022-11-22,69.625
2026-10-05,2022-11-23,69.25
2026-10-05,2022-11-24,68.375
2026-10-05,2022-11-25,69.1875
2026-10-05,2022-11-28,69.3125
2026-10-05,2022-11-29,68.3125
2026-10-05,2022-11-30,69.5
2026-10-05,2022-12-01,69.0625
2026-10-05,2022-12-02,69
2026-10-05,2022-12-05,69.9375
2026-10-05,2022-12-06,69.125
2026-10-05,2022-12-07,69.375
2026-10-05,2022-12-12,70.25
2026-10-05,2022-12-13,69.5625
2026-10-05,2022-12-14,69.5
2026-10-05,2022-12-15,68.9375
2026-10-05,2022-12-16,69.5625
2026-10-05,2022-12-19,69.375
2026-10-05,2022-12-20,69.0625
2026-10-05,2022-12-21,68.875
2026-10-05,2022-12-22,69.6875
2026-10-05,2022-12-23,69.25
2026-10-05,2022-12-26,69.5
2026-10-05,2022-12-27,68.5
2026-10-05,2022-12-28,69.25
2026-10-05,2022-12-29,68.8125
2026-10-05,2022-12-30,69.375
2026-10-05,2023-01-02,69.375
2026-10-05,2023-01-03,68.5
2026-10-05,2023-01-04,69.8125
2026-10-05,2023-01-05,69.375
2026-10-05,2023-01-06,69.3125
2026-10-05,2023-01-09,69.3125
2026-10-05,2023-01-10,68.8125
2026-10-05,2023-01-11,70.1875
2026-10-05,2023-01-12,69.9375
2026-10-05,2023-01-13,69.75
2026-10-05,2023-01-16,70
2026-10-05,2023-01-17,69.5625
2026-10-05,2023-01-18,69.25
2026-10-05,2023-01-19,69.1875
2026-10-05,2023-01-20,69.0625
2026-10-05,2023-01-23,70.5
2026-10-05,2023-01-24,69.0625
2026-10-05,2023-01-25,70.125
2026-10-05,2023-01-26,69.1875
2026-10-05,2023-01-27,68.375
2026-10-05,2023-01-30,70.25
2026-10-05,2023-01-31,69.375
2026-10-05,2023-02-01,69.8125
2026-10-05,2023-02-02,69.1875
2026-10-05,2023-02-03,69.5
2026-10-05,2023-02-06,70.0625
2026-10-05,2023-02-07,69.3125
2026-10-05,2023-02-08,69.5
2026-10-05,2023-02-09,69.875
2026-10-05,2023-02-10,70.25
2026-10-05,2023-02-13,70.8125
2026-10-05,2023-02-14,69.4375
2026-10-05,2023-02-15,69.6875
2026-10-05,2023-02-16,69.75
2026-10-05,2023-02-17,69.6875
2026-10-05,2023-02-22,70.5
2026-10-05,2023-02-23,69.375
2026-10-05,2023-02-24,70.0625
2026-10-05,2023-02-27,69.75
2026-10-05,2023-02-28,69.375
2026-10-05,2023-03-01,70.3125
2026-10-05,2023-03-02,69.75
2026-10-05,2023-03-03,70.1875
2026-10-05,2023-03-06,70.25
2026-10-05,2023-03-07,69.625
2026-10-05,2023-03-08,70.3125
2026-10-05,2023-03-09,70.0625
2026-10-05,2023-03-10,69.625
2026-10-05,2023-03-13,70.25
2026-10-05,2023-03-14,70.0625
2026-10-05,2023-03-15,70.5625
2026-10-05,2023-03-16,70.1875
2026-10-05,2023-03-17,71.875
2026-10-05,2023-03-20,72
2026-10-05,2023-03-21,71.5625
2026-10-05,2023-03-22,71.375
2026-10-05,2023-03-23,71.0625
2026-10-05,2023-03-27,73.6875
2026-10-05,2023-03-28,72.3125
2026-10-05,2023-03-29,72.125
2026-10-05,2023-03-30,71.9375
2026-10-05,2023-03-31,72.4375
2026-10-05,2023-04-03,72.6875
2026-10-05,2023-04-04,71.875
2026-10-05,2023-04-05,72.5625
2026-10-05,2023-04-10,73.1875
2026-10-05,2023-04-11,72.4375
2026-10-05,2023-04-12,72.9375
2026-10-05,2023-04-13,72.8125
2026-10-05,2023-04-14,73.125
2026-10-05,2023-04-17,73.375
2026-10-05,2023-04-18,72.5625
2026-10-05,2023-04-19,73
2026-10-05,2023-04-20,73.0625
2026-10-05,2023-04-21,73.8125
2026-10-05,2023-04-24,74.75
2026-10-05,2023-04-25,73.9375
2026-10-05,2023-04-26,76.375
2026-10-05,2023-04-27,76.25
2026-10-05,2023-04-28,87.5
2026-10-05,2023-05-02,87.5
2026-10-05,2023-05-03,87.5
2026-10-05,2023-05-04,87.25
2026-10-05,2023-05-05,87.625
2026-10-05,2023-05-08,87.875
2026-10-05,2023-05-09,86.0625
2026-10-05,2023-05-10,88.1875
2026-10-05,2023-05-11,88.0625
2026-10-05,2023-05-12,87.875
2026-10-05,2023-05-15,89
2026-10-05,2023-05-16,92.875
2026-10-05,2023-05-17,93.0625
2026-10-05,2023-05-18,93.125
2026-10-05,2023-05-19,92.1875
2026-10-05,2023-05-22,92.0625
2026-10-05,2023-05-23,91.75
2026-10-05,2023-05-24,91.5
2026-10-05,2023-05-29,93.1875
2026-10-05,2023-05-30,92.3125
2026-10-05,2023-05-31,91.9375
2026-10-05,2023-06-01,92.9375
2026-10-05,2023-06-02,92.4375
2026-10-05,2023-06-05,93
2026-10-05,2023-06-06,92.5625
2026-10-05,2023-06-07,92.375
2026-10-05,2023-06-08,91.9375
2026-10-05,2023-06-09,92.75
2026-10-05,2023-06-12,93.1875
2026-10-05,2023-06-13,92
2026-10-05,2023-06-14,92.5
2026-10-05,2023-06-15,92.5
2026-10-05,2023-06-16,92.5
2026-10-05,2023-06-21,92.8125
2026-10-05,2023-06-22,92.0625
2026-10-05,2023-06-23,91.5625
2026-10-05,2023-06-26,92.25
2026-10-05,2023-06-27,91.625
2026-10-05,2023-06-28,93.125
2026-10-05,2023-06-29,92.5625
2026-10-05,2023-06-30,92.25
2026-10-05,2023-07-03,93.3125
2026-10-05,2023-07-04,92.3125
2026-10-05,2023-07-05,93.375
2026-10-05,2023-07-06,93.0625
2026-10-05,2023-07-07,92.6875
2026-10-05,2023-07-10,93.4375
2026-10-05,2023-07-11,92.625
2026-10-05,2023-07-12,93.0625
2026-10-05,2023-07-13,92.9375
2026-10-05,2023-07-14,92.875
2026-10-05,2023-07-17,93.1875
2026-10-05,2023-07-18,92.0625
2026-10-05,2023-07-19,92
2026-10-05,2023-07-20,91.3125
2026-10-05,2023-07-21,92.625
2026-10-05,2023-07-24,92.5
2026-10-05,2023-07-25,91.9375
2026-10-05,2023-07-26,91.875
2026-10-05,2023-07-27,91.625
2026-10-05,2023-07-28,92.9375
2026-10-05,2023-07-31,92.875
2026-10-05,2023-08-01,92.1875
2026-10-05,2023-08-02,93.25
2026-10-05,2023-08-03,93.125
2026-10-05,2023-08-04,93.25
2026-10-05,2023-08-07,93.125
2026-10-05,2023-08-08,91.625
2026-10-05,2023-08-09,93.125
2026-10-05,2023-08-10,92.6875
2026-10-05,2023-08-11,93.0625
2026-10-05,2023-08-14,95.1875
2026-10-05,2023-08-15,113.375
2026-10-05,2023-08-16,113.6875
2026-10-05,2023-08-17,113
2026-10-05,2023-08-18,112.25
2026-10-05,2023-08-22,112.9375
2026-10-05,2023-08-23,112.9375
2026-10-05,2023-08-24,112.9375
2026-10-05,2023-08-25,113.0625
2026-10-05,2023-08-28,114.0625
2026-10-05,2023-08-29,112.5
2026-10-05,2023-08-30,113.5625
2026-10-05,2023-08-31,113.4375
2026-10-05,2023-09-01,114.1875
2026-10-05,2023-09-04,114.5625
2026-10-05,2023-09-05,114
2026-10-05,2023-09-06,113.875
2026-10-05,2023-09-07,113.625
2026-10-05,2023-09-08,114.25
2026-10-05,2023-09-11,114.625
2026-10-05,2023-09-12,114.0625
2026-10-05,2023-09-13,115.1875
2026-10-05,2023-09-14,113.75
2026-10-05,2023-09-15,113.875
2026-10-05,2023-09-18,113.6875
2026-10-05,2023-09-19,112.8125
2026-10-05,2023-09-20,112.625
2026-10-05,2023-09-21,113.5625
2026-10-05,2023-09-22,113.5625
2026-10-05,2023-09-25,112.875
2026-10-05,2023-09-26,112.4375
2026-10-05,2023-09-27,113.8125
2026-10-05,2023-09-28,113.1875
2026-10-05,2023-09-29,113.875
2026-10-05,2023-10-02,114.4375
2026-10-05,2023-10-03,112.8125
2026-10-05,2023-10-04,114.5
2026-10-05,2023-10-05,114
2026-10-05,2023-10-06,114
2026-10-05,2023-10-09,114.4375
2026-10-05,2023-10-10,113.5625
2026-10-05,2023-10-11,114.75
2026-10-05,2023-10-12,114.0625
2026-10-05,2023-10-17,129.625
2026-10-05,2023-10-18,129.375
2026-10-05,2023-10-19,128.6875
2026-10-05,2023-10-20,128.8125
2026-10-05,2023-10-23,128.5
2026-10-05,2023-10-24,127.5
2026-10-05,2023-10-25,128.25
2026-10-05,2023-10-26,128.1875
2026-10-05,2023-10-27,128.875
2026-10-05,2023-10-30,128.6875
2026-10-05,2023-10-31,128.5625
2026-10-05,2023-11-01,129.375
2026-10-05,2023-11-02,128.4375
2026-10-05,2023-11-03,129.875
2026-10-05,2023-11-07,129.625
2026-10-05,2023-11-08,129.75
2026-10-05,2023-11-09,129
2026-10-05,2023-11-10,129.8125
2026-10-05,2023-11-13,130.3125
2026-10-05,2023-11-14,128.3125
2026-10-05,2023-11-15,128.25
2026-10-05,2023-11-16,129.875
2026-10-05,2023-11-17,129.25
2026-10-05,2023-11-21,129.8125
2026-10-05,2023-11-22,129.4375
2026-10-05,2023-11-23,128.5625
2026-10-05,2023-11-24,129.25
2026-10-05,2023-11-27,129.5
2026-10-05,2023-11-28,129.375
2026-10-05,2023-11-29,129.3125
2026-10-05,2023-11-30,129.875
2026-10-05,2023-12-01,130.1875
2026-10-05,2023-12-04,129.625
2026-10-05,2023-12-05,129.0625
2026-10-05,2023-12-06,129.125
2026-10-05,2023-12-07,130.125
2026-10-05,2023-12-11,129.875
2026-10-05,2023-12-12,129.75
2026-10-05,2023-12-13,129.25
2026-10-05,2023-12-14,127.875
2026-10-05,2023-12-15,128.25
2026-10-05,2023-12-18,129.9375
2026-10-05,2023-12-19,113
2026-10-05,2023-12-20,109.75
2026-10-05,2023-12-21,109.9375
2026-10-05,2023-12-22,109.5625
2026-10-05,2023-12-26,109.3125
2026-10-05,2023-12-27,108.875
2026-10-05,2023-12-28,109
2026-10-05,2023-12-29,109.75
2026-10-05,2024-01-02,108
2026-10-05,2024-01-03,109.125
2026-10-05,2024-01-04,109.25
2026-10-05,2024-01-05,109.125
2026-10-05,2024-01-08,108.5625
2026-10-05,2024-01-09,109.75
2026-10-05,2024-01-10,108.3125
2026-10-05,2024-01-11,109.5
2026-10-05,2024-01-12,109.375
2026-10-05,2024-01-15,109.625
2026-10-05,2024-01-16,109.75
2026-10-05,2024-01-17,109.5625
2026-10-05,2024-01-18,109.625
2026-10-05,2024-01-19,109.6875
2026-10-05,2024-01-22,108.6875
2026-10-05,2024-01-23,109.6875
2026-10-05,2024-01-24,109.875
2026-10-05,2024-01-25,108.8125
2026-10-05,2024-01-26,108.0625
2026-10-05,2024-01-29,109
2026-10-05,2024-01-30,108.625
2026-10-05,2024-01-31,109.6875
2026-10-05,2024-02-01,107.9375
2026-10-05,2024-02-02,108.875
2026-10-05,2024-02-05,108
2026-10-05,2024-02-06,108.4375
2026-10-05,2024-02-07,108.875
2026-10-05,2024-02-08,109.4375
2026-10-05,2024-02-09,107.875
2026-10-05,2024-02-14,108.1875
2026-10-05,2024-02-15,109.625
2026-10-05,2024-02-16,109.125
2026-10-05,2024-02-19,109.3125
2026-10-05,2024-02-20,109.5625
2026-10-05,2024-02-21,108.125
2026-10-05,2024-02-22,109.5625
2026-10-05,2024-02-23,109.25
2026-10-05,2024-02-26,108.8125
2026-10-05,2024-02-27,110
2026-10-05,2024-02-28,109.0625
2026-10-05,2024-02-29,108.9375
2026-10-05,2024-03-01,108.8125
2026-10-05,2024-03-04,108.9375
2026-10-05,2024-03-05,108.9375
2026-10-05,2024-03-06,109.25
2026-10-05,2024-03-07,108.0625
2026-10-05,2024-03-08,108.9375
2026-10-05,2024-03-11,108.625
2026-10-05,2024-03-12,74.375
2026-10-05,2024-03-13,72.5
2026-10-05,2024-03-14,72.375
2026-10-05,2024-03-15,71.625
2026-10-05,2024-03-18,71.125
2026-10-05,2024-03-19,71.0625
2026-10-05,2024-03-20,71.25
2026-10-05,2024-03-21,72.25
2026-10-05,2024-03-22,71.3125
2026-10-05,2024-03-25,71.375
2026-10-05,2024-03-26,71.1875
2026-10-05,2024-03-27,70.875
2026-10-05,2024-04-03,70.75
2026-10-05,2024-04-04,71.5
2026-10-05,2024-04-05,71.375
2026-10-05,2024-04-08,71.5
2026-10-05,2024-04-09,70.875
2026-10-05,2024-04-10,69.8125
2026-10-05,2024-04-11,67.875
2026-10-05,2024-04-12,61.4375
2026-10-05,2024-04-15,61.3125
2026-10-05,2024-04-16,61.3125
2026-10-05,2024-04-17,61
2026-10-05,2024-04-18,61.8125
2026-10-05,2024-04-19,60.9375
2026-10-05,2024-04-22,60.8125
2026-10-05,2024-04-23,61
2026-10-05,2024-04-24,61.25
2026-10-05,2024-04-25,56.5
2026-10-05,2024-04-26,50.6875
2026-10-05,2024-04-29,50.8125
2026-10-05,2024-04-30,50.8125
2026-10-05,2024-05-02,47.875
2026-10-05,2024-05-03,40.9375
2026-10-05,2024-05-06,40.3125
2026-10-05,2024-05-07,40.4375
2026-10-05,2024-05-08,39.75
2026-10-05,2024-05-09,40.125
2026-10-05,2024-05-10,39.375
2026-10-05,2024-05-13,39.75
2026-10-05,2024-05-14,39.1875
2026-10-05,2024-05-15,32.5
2026-10-05,2024-05-16,32.0625
2026-10-05,2024-05-17,31.1875
2026-10-05,2024-05-20,31.9375
2026-10-05,2024-05-21,31.875
2026-10-05,2024-05-22,31.5625
2026-10-05,2024-05-23,30.625
2026-10-05,2024-05-24,32.1875
2026-10-05,2024-05-27,31.625
2026-10-05,2024-05-28,31.6875
2026-10-05,2024-05-29,32.375
2026-10-05,2024-05-30,32.125
2026-10-05,2024-05-31,33.375
2026-10-05,2024-06-03,32.0625
2026-10-05,2024-06-04,32.375
2026-10-05,2024-06-05,32.5625
2026-10-05,2024-06-06,32.875
2026-10-05,2024-06-07,32.9375
2026-10-05,2024-06-10,31.75
2026-10-05,2024-06-11,34.625
2026-10-05,2024-06-12,33.4375
2026-10-05,2024-06-13,33.625
2026-10-05,2024-06-14,33.8125
2026-10-05,2024-06-18,32.625
2026-10-05,2024-06-19,34.5
2026-10-05,2024-06-24,33.375
2026-10-05,2024-06-25,35.1875
2026-10-05,2024-06-26,32.875
2026-10-05,2024-06-27,33.5625
2026-10-05,2024-06-28,36.0625
2026-10-05,2024-07-01,34.1875
2026-10-05,2024-07-02,36.5
2026-10-05,2024-07-03,34.9375
2026-10-05,2024-07-04,33.875
2026-10-05,2024-07-05,36
2026-10-05,2024-07-08,35.8125
2026-10-05,2024-07-10,34.25
2026-10-05,2024-07-11,35.5625
2026-10-05,2024-07-12,37.0625
2026-10-05,2024-07-15,36.0625
2026-10-05,2024-07-16,36.5
2026-10-05,2024-07-17,37.5
2026-10-05,2024-07-18,37.875
2026-10-05,2024-07-19,37.875
2026-10-05,2024-07-22,38.6875
2026-10-05,2024-07-23,40.4375
2026-10-05,2024-07-24,38.125
2026-10-05,2024-07-25,38.125
2026-10-05,2024-07-26,38.1875
2026-10-05,2024-07-29,37.6875
2026-10-05,2024-07-30,39.1875
2026-10-05,2024-07-31,37.5
2026-10-05,2024-08-01,40.25
2026-10-05,2024-08-02,37.5
2026-10-05,2024-08-05,36.75
2026-10-05,2024-08-06,37.9375
2026-10-05,2024-08-07,38.375
2026-10-05,2024-08-08,37.125
2026-10-05,2024-08-09,37.1875
2026-10-05,2024-08-12,37.9375
2026-10-05,2024-08-13,38.375
2026-10-05,2024-08-14,38.5
2026-10-05,2024-08-15,38.5
2026-10-05,2024-08-16,39.4375
2026-10-05,2024-08-19,38.375
2026-10-05,2024-08-20,40.75
2026-10-05,2024-08-21,39.25
2026-10-05,2024-08-22,41.25
2026-10-05,2024-08-23,39.125
2026-10-05,2024-08-26,38.375
2026-10-05,2024-08-27,41.1875
2026-10-05,2024-08-28,38.8125
2026-10-05,2024-08-29,39.4375
2026-10-05,2024-08-30,40.125
2026-10-05,2024-09-02,37.375
2026-10-05,2024-09-03,39.4375
2026-10-05,2024-09-04,37.75
2026-10-05,2024-09-05,38.125
2026-10-05,2024-09-06,38
2026-10-05,2024-09-09,37.875
2026-10-05,2024-09-10,38.625
2026-10-05,2024-09-11,39.3125
2026-10-05,2024-09-12,39.25
2026-10-05,2024-09-13,38.625
2026-10-05,2024-09-16,39.125
2026-10-05,2024-09-17,39.25
2026-10-05,2024-09-18,39.4375
2026-10-05,2024-09-19,40.125
2026-10-05,2024-09-20,41.6875
2026-10-05,2024-09-23,40.0625
2026-10-05,2024-09-24,42
2026-10-05,2024-09-25,39.625
2026-10-05,2024-09-26,40.625
2026-10-05,2024-09-27,40.9375
2026-10-05,2024-09-30,39.75
2026-10-05,2024-10-01,42
2026-10-05,2024-10-02,40.0625
2026-10-05,2024-10-03,40.4375
2026-10-05,2024-10-04,39.8125
2026-10-05,2024-10-07,39.0625
2026-10-05,2024-10-08,38.5
2026-10-05,2024-10-09,38.5625
2026-10-05,2024-10-10,39.625
2026-10-05,2024-10-14,39.6875
2026-10-05,2024-10-15,39.375
2026-10-05,2024-10-16,40.4375
2026-10-05,2024-10-17,40.625
2026-10-05,2024-10-18,40.25
2026-10-05,2024-10-21,41.3125
2026-10-05,2024-10-22,42.3125
2026-10-05,2024-10-23,40.875
2026-10-05,2024-10-24,42.375
2026-10-05,2024-10-25,41.0625
2026-10-05,2024-10-28,40.3125
2026-10-05,2024-10-29,42.5
2026-10-05,2024-10-30,41.4375
2026-10-05,2024-10-31,40.5625
2026-10-05,2024-11-01,37.5
2026-10-05,2024-11-04,36.6875
2026-10-05,2024-11-05,36.3125
2026-10-05,2024-11-07,35
2026-10-05,2024-11-08,36
2026-10-05,2024-11-11,35.5
2026-10-05,2024-11-12,36.375
2026-10-05,2024-11-13,36.125
2026-10-05,2024-11-14,35.6875
2026-10-05,2024-11-15,35.8125
2026-10-05,2024-11-19,34.6875
2026-10-05,2024-11-20,36.1875
2026-10-05,2024-11-21,36.875
2026-10-05,2024-11-22,35.8125
2026-10-05,2024-11-25,35.5
2026-10-05,2024-11-26,37.3125
2026-10-05,2024-11-27,36.375
2026-10-05,2024-11-28,37
2026-10-05,2024-11-29,36.5
2026-10-05,2024-12-02,34.9375
2026-10-05,2024-12-03,36.9375
2026-10-05,2024-12-04,34.6875
2026-10-05,2024-12-05,35.375
2026-10-05,2024-12-06,32.5625
2026-10-05,2024-12-09,31.875
2026-10-05,2024-12-10,32.6875
2026-10-05,2024-12-11,31.3125
2026-10-05,2024-12-12,32.0625
2026-10-05,2024-12-13,32.0625
2026-10-05,2024-12-16,31.9375
2026-10-05,2024-12-17,32.5
2026-10-05,2024-12-18,32.375
2026-10-05,2024-12-19,31.6875
2026-10-05,2024-12-20,32.875
2026-10-05,2024-12-23,32
2026-10-05,2024-12-26,31.9375
2026-10-05,2024-12-27,32.875
2026-10-05,2024-12-30,31.9375
2026-10-05,2025-01-02,31.625
2026-10-05,2025-01-03,32.0625
2026-10-05,2025-01-06,32.75
2026-10-05,2025-01-07,32.375
2026-10-05,2025-01-08,31
2026-10-05,2025-01-09,31.3125
2026-10-05,2025-01-10,31.1875
2026-10-05,2025-01-13,31.625
2026-10-05,2025-01-14,32.625
2026-10-05,2025-01-15,31.6875
2026-10-05,2025-01-16,30.6875
2026-10-05,2025-01-17,31.25
2026-10-05,2025-01-20,30.875
2026-10-05,2025-01-21,31.625
2026-10-05,2025-01-22,31.3125
2026-10-05,2025-01-23,31.3125
2026-10-05,2025-01-24,32.625
2026-10-05,2025-01-27,30.4375
2026-10-05,2025-01-28,32.25
2026-10-05,2025-01-29,31.5625
2026-10-05,2025-01-30,31.4375
2026-10-05,2025-01-31,29.3125
2026-10-05,2025-02-03,28.5
2026-10-05,2025-02-04,29.5
2026-10-05,2025-02-05,29.6875
2026-10-05,2025-02-06,29.4375
2026-10-05,2025-02-07,28.75
2026-10-05,2025-02-10,28.5
2026-10-05,2025-02-11,29.1875
2026-10-05,2025-02-12,28.625
2026-10-05,2025-02-13,28.125
2026-10-05,2025-02-14,29.0625
2026-10-05,2025-02-17,28.4375
2026-10-05,2025-02-18,28
2026-10-05,2025-02-19,27.875
2026-10-05,2025-02-20,27.5
2026-10-05,2025-02-21,28.125
2026-10-05,2025-02-24,27.9375
2026-10-05,2025-02-25,28.5625
2026-10-05,2025-02-26,27.5625
2026-10-05,2025-02-27,28
2026-10-05,2025-02-28,28.1875
2026-10-05,2025-03-05,27.75
2026-10-05,2025-03-06,28.875
2026-10-05,2025-03-07,28.8125
2026-10-05,2025-03-10,28.4375
2026-10-05,2025-03-11,29
2026-10-05,2025-03-12,28.9375
2026-10-05,2025-03-13,28.875
2026-10-05,2025-03-14,29.25
2026-10-05,2025-03-17,29.25
2026-10-05,2025-03-18,30.25
2026-10-05,2025-03-19,30.3125
2026-10-05,2025-03-20,30.5625
2026-10-05,2025-03-21,30.1875
2026-10-05,2025-03-25,29.625
2026-10-05,2025-03-26,30.4375
2026-10-05,2025-03-27,30.5
2026-10-05,2025-03-28,29.875
2026-10-05,2025-03-31,30.1875
2026-10-05,2025-04-01,31.0625
2026-10-05,2025-04-03,31.0625
2026-10-05,2025-04-04,30.0625
2026-10-05,2025-04-07,31.375
2026-10-05,2025-04-08,31.8125
2026-10-05,2025-04-09,30.625
2026-10-05,2025-04-10,32.0625
2026-10-05,2025-04-11,32.125
2026-10-05,2025-04-14,36.25
2026-10-05,2025-04-15,35.625
2026-10-05,2025-04-16,37.25
2026-10-05,2025-04-21,35
2026-10-05,2025-04-22,34.5
2026-10-05,2025-04-23,34.625
2026-10-05,2025-04-24,33.5625
2026-10-05,2025-04-25,33.625
2026-10-05,2025-04-28,33.0625
2026-10-05,2025-04-29,33.25
2026-10-05,2025-04-30,33
2026-10-05,2025-05-05,32.1875
2026-10-05,2025-05-06,33.625
2026-10-05,2025-05-07,33.125
2026-10-05,2025-05-08,33.3125
2026-10-05,2025-05-09,32.4375
2026-10-05,2025-05-12,32.25
2026-10-05,2025-05-13,33.5625
2026-10-05,2025-05-14,32.8125
2026-10-05,2025-05-15,33.375
2026-10-05,2025-05-16,31.8125
2026-10-05,2025-05-19,33.5625
2026-10-05,2025-05-20,33.75
2026-10-05,2025-05-21,32.25
2026-10-05,2025-05-22,32.5625
2026-10-05,2025-05-23,33.5
2026-10-05,2025-05-26,31.875
2026-10-05,2025-05-27,33
2026-10-05,2025-05-28,31.9375
2026-10-05,2025-05-29,32.3125
2026-10-05,2025-05-30,31.8125
2026-10-05,2025-06-02,32.6875
2026-10-05,2025-06-03,32.5
2026-10-05,2025-06-04,31.4375
2026-10-05,2025-06-05,31.6875
2026-10-05,2025-06-06,31.9375
2026-10-05,2025-06-09,31.3125
2026-10-05,2025-06-10,32.125
2026-10-05,2025-06-11,31.9375
2026-10-05,2025-06-12,32.1875
2026-10-05,2025-06-13,31.875
2026-10-05,2025-06-17,32.25
2026-10-05,2025-06-18,31.9375
2026-10-05,2025-06-19,33.0625
2026-10-05,2025-06-23,32
2026-10-05,2025-06-24,32.9375
2026-10-05,2025-06-25,32.375
2026-10-05,2025-06-26,32.3125
2026-10-05,2025-06-27,32.5
2026-10-05,2025-06-30,32
2026-10-05,2025-07-01,32.6875
2026-10-05,2025-07-02,32.4375
2026-10-05,2025-07-03,32.4375
2026-10-05,2025-07-04,31.6875
2026-10-05,2025-07-07,31.75
2026-10-05,2025-07-08,32.4375
2026-10-05,2025-07-10,31.3125
2026-10-05,2025-07-11,30.4375
2026-10-05,2025-07-14,28.875
2026-10-05,2025-07-15,28.75
2026-10-05,2025-07-16,30
2026-10-05,2025-07-17,30.1875
2026-10-05,2025-07-18,31.4375
2026-10-05,2025-07-21,32.1875
2026-10-05,2025-07-22,34.4375
2026-10-05,2025-07-23,34.625
2026-10-05,2025-07-24,34.6875
2026-10-05,2025-07-25,33.8125
2026-10-05,2025-07-28,33.1875
2026-10-05,2025-07-29,35.4375
2026-10-05,2025-07-30,35.3125
2026-10-05,2025-07-31,36.8125
2026-10-05,2025-08-01,38
2026-10-05,2025-08-04,38.8125
2026-10-05,2025-08-05,39.375
2026-10-05,2025-08-06,38.1875
2026-10-05,2025-08-07,39.4375
2026-10-05,2025-08-08,40.75
2026-10-05,2025-08-11,41.875
2026-10-05,2025-08-12,45.9375
2026-10-05,2025-08-13,44.375
2026-10-05,2025-08-14,46.6875
2026-10-05,2025-08-18,49.6875
2026-10-05,2025-08-19,54.125
2026-10-05,2025-08-20,53.4375
2026-10-05,2025-08-21,53.8125
2026-10-05,2025-08-22,53.125
2026-10-05,2025-08-25,52.1875
2026-10-05,2025-08-26,58.375
2026-10-05,2025-08-27,55.375
2026-10-05,2025-08-28,59.0625
2026-10-05,2025-08-29,58
2026-10-05,2025-09-01,58.1875
2026-10-05,2025-09-02,55.6875
2026-10-05,2025-09-03,56.5625
2026-10-05,2025-09-04,57.1875
2026-10-05,2025-09-05,55.25
2026-10-05,2025-09-08,56.5
2026-10-05,2025-09-09,59
2026-10-05,2025-09-10,53.625
2026-10-05,2025-09-11,50.9375
2026-10-05,2025-09-12,46.125
2026-10-05,2025-09-15,44.625
2026-10-05,2025-09-16,43.375
2026-10-05,2025-09-17,43.25
2026-10-05,2025-09-18,44.3125
2026-10-05,2025-09-19,45.25
2026-10-05,2025-09-22,45.375
2026-10-05,2025-09-23,46.4375
2026-10-05,2025-09-24,43.5
2026-10-05,2025-09-25,40.375
2026-10-05,2025-09-26,39.25
2026-10-05,2025-09-29,39.625
2026-10-05,2025-09-30,41
2026-10-05,2025-10-01,40.625
2026-10-05,2025-10-02,40.375
2026-10-05,2025-10-03,40.875
2026-10-05,2025-10-06,40.8125
2026-10-05,2025-10-07,44.125
2026-10-05,2025-10-08,44.3125
2026-10-05,2025-10-09,49.5625
2026-10-05,2025-10-13,46.5625
2026-10-05,2025-10-14,51.9375
2026-10-05,2025-10-15,56.25
2026-10-05,2025-10-16,57.25
2026-10-05,2025-10-17,53.0625
2026-10-05,2025-10-20,49.375
2026-10-05,2025-10-21,48.75
2026-10-05,2025-10-22,48.125
2026-10-05,2025-10-23,48.625
2026-10-05,2025-10-24,49.4375
2026-10-05,2025-10-27,41.8125
2026-10-05,2025-10-28,44.5
2026-10-05,2025-10-29,41.1875
2026-10-05,2025-10-30,40.9375
2026-10-05,2025-10-31,37.1875
2026-10-05,2025-11-03,34.75
2026-10-05,2025-11-04,35
2026-10-05,2025-11-05,34.0625
2026-10-05,2025-11-07,32.9375
2026-10-05,2025-11-10,32.5
2026-10-05,2025-11-11,33.375
2026-10-05,2025-11-12,31.3125
2026-10-05,2025-11-13,31.5625
2026-10-05,2025-11-14,32.0625
2026-10-05,2025-11-17,31.125
2026-10-05,2025-11-18,32.4375
2026-10-05,2025-11-19,32.1875
2026-10-05,2025-11-20,31
2026-10-05,2025-11-25,30.125
2026-10-05,2025-11-26,29.8125
2026-10-05,2025-11-27,30.25
2026-10-05,2025-11-28,29.9375
2026-10-05,2025-12-01,29.4375
2026-10-05,2025-12-02,28.5
2026-10-05,2025-12-03,26.5
2026-10-05,2025-12-04,26
2026-10-05,2025-12-05,25.75
2026-10-05,2025-12-09,25.25
2026-10-05,2025-12-10,25.5
2026-10-05,2025-12-11,25.75
2026-10-05,2025-12-12,24.9375
2026-10-05,2025-12-15,25.25
2026-10-05,2025-12-16,25.75
2026-10-05,2025-12-17,25.8125
2026-10-05,2025-12-18,26.1875
2026-10-05,2025-12-19,27
2026-10-05,2025-12-22,26.875
2026-10-05,2025-12-23,28.625
2026-10-05,2025-12-26,26.875
2026-10-05,2025-12-29,26.0625
2026-10-05,2025-12-30,26.6875
2026-10-05,2026-01-02,26.6875
2026-10-05,2026-01-05,26.875
2026-10-05,2026-01-06,28
2026-10-05,2026-01-07,29.9375
2026-10-05,2026-01-08,30.25
2026-10-05,2026-01-09,29.4375
2026-10-05,2026-01-12,27.375
2026-10-05,2026-01-13,29.25
2026-10-05,2026-01-14,31.1875
2026-10-05,2026-01-15,31.9375
2026-10-05,2026-01-16,32.8125
2026-10-05,2026-01-19,32.75
2026-10-05,2026-01-20,34.875
2026-10-05,2026-01-21,34.6875
2026-10-05,2026-01-22,35.625
2026-10-05,2026-01-23,36.4375
2026-10-05,2026-01-26,32
2026-10-05,2026-01-27,33
2026-10-05,2026-01-28,30.75
2026-10-05,2026-01-29,30.1875
2026-10-05,2026-01-30,31.1875
2026-10-05,2026-02-02,29.375
2026-10-05,2026-02-03,31.625
2026-10-05,2026-02-04,30.5
2026-10-05,2026-02-05,30.3125
2026-10-05,2026-02-06,30.4375
2026-10-05,2026-02-09,29.1875
2026-10-05,2026-02-10,30
2026-10-05,2026-02-11,28.6875
2026-10-05,2026-02-12,29.875
2026-10-05,2026-02-13,31.3125
2026-10-05,2026-02-18,30.5
2026-10-05,2026-02-19,31.8125
2026-10-05,2026-02-20,32.6875
2026-10-05,2026-02-23,33.125
2026-10-05,2026-02-24,34.3125
2026-10-05,2026-02-25,30.75
2026-10-05,2026-02-26,30.25
2026-10-05,2026-02-27,29.5
2026-10-05,2026-03-02,28.9375
2026-10-05,2026-03-03,29.5
2026-10-05,2026-03-04,28.4375
2026-10-05,2026-03-05,29.5
2026-10-05,2026-03-06,28.3125
2026-10-05,2026-03-09,28.5
2026-10-05,2026-03-10,29.3125
2026-10-05,2026-03-11,29
2026-10-05,2026-03-12,29.375
2026-10-05,2026-03-13,28.5625
2026-10-05,2026-03-16,28.5625
2026-10-05,2026-03-17,28.25
2026-10-05,2026-03-18,26.875
2026-10-05,2026-03-19,26.25
2026-10-05,2026-03-20,25.6875
2026-10-05,2026-03-25,25.375
2026-10-05,2026-03-26,25.6875
2026-10-05,2026-03-27,24.8125
2026-10-05,2026-03-30,25.0625
2026-10-05,2026-03-31,25.375
2026-10-05,2026-04-01,25.1875
2026-10-05,2026-04-06,24.4375
2026-10-05,2026-04-07,25.3125
2026-10-05,2026-04-08,24.9375
2026-10-05,2026-04-09,23.25
2026-10-05,2026-04-10,22.375
2026-10-05,2026-04-13,21.6875
2026-10-05,2026-04-14,22.5
2026-10-05,2026-04-15,22.125
2026-10-05,2026-04-16,22.4375
2026-10-05,2026-04-17,22.375
2026-10-05,2026-04-20,21.3125
2026-10-05,2026-04-21,21.8125
2026-10-05,2026-04-22,22
2026-10-05,2026-04-23,22
2026-10-05,2026-04-24,21.3125
2026-10-05,2026-04-27,20.375
2026-10-05,2026-04-28,21.625
2026-10-05,2026-04-29,21
2026-10-05,2026-04-30,20.875
2026-10-05,2026-05-04,21.4375
2026-10-05,2026-05-05,22.3125
2026-10-05,2026-05-06,20.9375
2026-10-05,2026-05-07,21.375
2026-10-05,2026-05-08,20.875
2026-10-05,2026-05-11,20.875
2026-10-05,2026-05-12,21.5625
2026-10-05,2026-05-13,20.25
2026-10-05,2026-05-14,21.25
2026-10-05,2026-05-15,21.125
2026-10-05,2026-05-18,21.5
2026-10-05,2026-05-19,22
2026-10-05,2026-05-20,21.25
2026-10-05,2026-05-21,22
2026-10-05,2026-05-22,22
2026-10-05,2026-05-26,21.5625
2026-10-05,2026-05-27,20.6875
2026-10-05,2026-05-28,21.9375
2026-10-05,2026-05-29,20.625
2026-10-05,2026-06-01,20.8125
2026-10-05,2026-06-02,21.6875
2026-10-05,2026-06-03,21
2026-10-05,2026-06-04,21.0625
2026-10-05,2026-06-05,19.75
2026-10-05,2026-06-08,19.875
2026-10-05,2026-06-09,20.375
2026-10-05,2026-06-10,19.6875
2026-10-05,2026-06-11,20.1875
2026-10-05,2026-06-12,20
2026-10-05,2026-06-16,20
2026-10-05,2026-06-17,20.75
2026-10-05,2026-06-18,21
2026-10-05,2026-06-19,20.6875
2026-10-05,2026-06-22,20.875
2026-10-05,2026-06-23,21.6875
2026-10-05,2026-06-24,21.5625
2026-10-05,2026-06-25,21.25
2026-10-05,2026-06-26,20.25
2026-10-05,2026-06-29,21
2026-10-05,2026-06-30,21
2026-10-05,2026-07-01,20.9375
2026-10-05,2026-07-02,21.3125
2026-10-05,2026-07-03,20.8125
2026-10-05,2026-07-06,20.3125
2026-10-05,2026-07-07,21
2026-10-05,2026-07-08,20.5
2026-10-05,2026-07-13,20
2026-10-05,2026-07-14,21.3125
2026-10-05,2026-07-15,21.875
2026-10-05,2026-07-16,21
2026-10-05,2026-07-17,21.6875
2026-10-05,2026-07-20,21.125
2026-10-05,2026-07-21,21.875
2026-10-05,2026-07-22,22
2026-10-05,2026-07-23,22.1875
2026-10-05,2026-07-24,22
2026-10-05,2026-07-27,20.9375
2026-10-05,2026-07-28,22
2026-10-05,2026-07-29,21.25
2026-10-05,2026-07-30,21.9375
2026-10-05,2026-07-31,21.625
2026-10-05,2026-08-03,21.4375
2026-10-05,2026-08-04,22.3125
2026-10-05,2026-08-05,20.875
2026-10-05,2026-08-06,22
2026-10-05,2026-08-07,21.5
2026-10-05,2026-08-10,21.625
2026-10-05,2026-08-11,22.8125
2026-10-05,2026-08-12,21
2026-10-05,2026-08-13,22.5625
2026-10-05,2026-08-14,23.3125
2026-10-05,2026-08-18,22.25
2026-10-05,2026-08-19,23
2026-10-05,2026-08-20,24.3125
2026-10-05,2026-08-21,24.125
2026-10-05,2026-08-24,23.625
2026-10-05,2026-08-25,24.375
2026-10-05,2026-08-26,23.1875
2026-10-05,2026-08-27,23.9375
2026-10-05,2026-08-28,23.1875
2026-10-05,2026-08-31,23
2026-10-05,2026-09-01,23.0625
2026-10-05,2026-09-02,23.125
2026-10-05,2026-09-03,23.25
2026-10-05,2026-09-04,22.0625
2026-10-05,2026-09-07,22.125
2026-10-05,2026-09-08,22.75
2026-10-05,2026-09-09,22.4375
2026-10-05,2026-09-10,22.3125
2026-10-05,2026-09-11,21.4375
2026-10-05,2026-09-14,22.125
2026-10-05,2026-09-15,22.5625
2026-10-05,2026-09-16,22.75
2026-10-05,2026-09-17,22.0625
2026-10-05,2026-09-18,22.0625
2026-10-05,2026-09-21,22
2026-10-05,2026-09-22,22.5
2026-10-05,2026-09-23,22.5
2026-10-05,2026-09-24,23
2026-10-05,2026-09-25,21.9375
2026-10-05,2026-09-28,22.0625
2026-10-05,2026-09-29,23.375
2026-10-05,2026-09-30,22.8125
2026-10-05,2026-10-01,23.1875
2026-10-05,2026-10-02,22.625
