vintage,date,value
2026-10-05,1996-01-02,13069
2026-10-05,1996-01-03,12970
2026-10-05,1996-01-04,13034
2026-10-05,1996-01-05,13097
2026-10-05,1996-01-08,13104
2026-10-05,1996-01-09,13011
2026-10-05,1996-01-10,12905
2026-10-05,1996-01-11,12848
2026-10-05,1996-01-12,12820
2026-10-05,1996-01-15,12772
2026-10-05,1996-01-16,12679
2026-10-05,1996-01-17,12548
2026-10-05,1996-01-18,12528
2026-10-05,1996-01-19,12454
2026-10-05,1996-01-22,12379
2026-10-05,1996-01-23,12262
2026-10-05,1996-01-24,12110
2026-10-05,1996-01-25,12053
2026-10-05,1996-01-26,11998
2026-10-05,1996-01-29,12058
2026-10-05,1996-01-30,12103
2026-10-05,1996-01-31,12209
2026-10-05,1996-02-01,12355
2026-10-05,1996-02-02,12485
2026-10-05,1996-02-05,12637
2026-10-05,1996-02-06,12687
2026-10-05,1996-02-07,12706
2026-10-05,1996-02-08,12739
2026-10-05,1996-02-09,12701
2026-10-05,1996-02-12,12606
2026-10-05,1996-02-13,12432
2026-10-05,1996-02-14,12320
2026-10-05,1996-02-15,12284
2026-10-05,1996-02-16,12220
2026-10-05,1996-02-19,12159
2026-10-05,1996-02-20,12081
2026-10-05,1996-02-21,11987
2026-10-05,1996-02-22,11928
2026-10-05,1996-02-23,11846
2026-10-05,1996-02-26,11828
2026-10-05,1996-02-27,11824
2026-10-05,1996-02-28,11917
2026-10-05,1996-02-29,12094
2026-10-05,1996-03-01,12250
2026-10-05,1996-03-04,12358
2026-10-05,1996-03-05,12463
2026-10-05,1996-03-06,12578
2026-10-05,1996-03-07,12680
2026-10-05,1996-03-08,12739
2026-10-05,1996-03-11,12691
2026-10-05,1996-03-12,12488
2026-10-05,1996-03-13,12324
2026-10-05,1996-03-14,12243
2026-10-05,1996-03-15,12172
2026-10-05,1996-03-18,12092
2026-10-05,1996-03-19,11970
2026-10-05,1996-03-20,11908
2026-10-05,1996-03-21,11884
2026-10-05,1996-03-22,11760
2026-10-05,1996-03-25,11725
2026-10-05,1996-03-26,11663
2026-10-05,1996-03-27,11671
2026-10-05,1996-03-28,11833
2026-10-05,1996-03-29,11960
2026-10-05,1996-04-01,12235
2026-10-05,1996-04-02,12460
2026-10-05,1996-04-03,12628
2026-10-05,1996-04-08,12671
2026-10-05,1996-04-09,12508
2026-10-05,1996-04-10,12360
2026-10-05,1996-04-11,12283
2026-10-05,1996-04-12,12132
2026-10-05,1996-04-15,12101
2026-10-05,1996-04-16,11951
2026-10-05,1996-04-17,11884
2026-10-05,1996-04-18,11876
2026-10-05,1996-04-19,11856
2026-10-05,1996-04-22,11829
2026-10-05,1996-04-23,11710
2026-10-05,1996-04-24,11639
2026-10-05,1996-04-25,11610
2026-10-05,1996-04-26,11690
2026-10-05,1996-04-29,11945
2026-10-05,1996-04-30,12043
2026-10-05,1996-05-02,12265
2026-10-05,1996-05-03,12361
2026-10-05,1996-05-06,12485
2026-10-05,1996-05-07,12522
2026-10-05,1996-05-08,12530
2026-10-05,1996-05-09,12507
2026-10-05,1996-05-10,12467
2026-10-05,1996-05-13,12377
2026-10-05,1996-05-14,12218
2026-10-05,1996-05-15,12118
2026-10-05,1996-05-16,12078
2026-10-05,1996-05-17,12061
2026-10-05,1996-05-20,12078
2026-10-05,1996-05-21,11972
2026-10-05,1996-05-22,11898
2026-10-05,1996-05-23,11861
2026-10-05,1996-05-24,11830
2026-10-05,1996-05-27,11789
2026-10-05,1996-05-28,11757
2026-10-05,1996-05-29,11796
2026-10-05,1996-05-30,12004
2026-10-05,1996-05-31,12185
2026-10-05,1996-06-03,12392
2026-10-05,1996-06-04,12516
2026-10-05,1996-06-05,12663
2026-10-05,1996-06-06,12891
2026-10-05,1996-06-07,12972
2026-10-05,1996-06-11,12886
2026-10-05,1996-06-12,12693
2026-10-05,1996-06-13,12576
2026-10-05,1996-06-14,12463
2026-10-05,1996-06-18,12276
2026-10-05,1996-06-19,12138
2026-10-05,1996-06-20,12189
2026-10-05,1996-06-21,12162
2026-10-05,1996-06-24,12161
2026-10-05,1996-06-25,12145
2026-10-05,1996-06-26,12281
2026-10-05,1996-06-27,12565
2026-10-05,1996-06-28,12804
2026-10-05,1996-07-01,13018
2026-10-05,1996-07-02,13189
2026-10-05,1996-07-03,13433
2026-10-05,1996-07-04,13699
2026-10-05,1996-07-05,13867
2026-10-05,1996-07-08,13937
2026-10-05,1996-07-10,13851
2026-10-05,1996-07-11,13746
2026-10-05,1996-07-12,13671
2026-10-05,1996-07-15,13631
2026-10-05,1996-07-16,13517
2026-10-05,1996-07-17,13437
2026-10-05,1996-07-18,13461
2026-10-05,1996-07-19,13437
2026-10-05,1996-07-22,13419
2026-10-05,1996-07-23,13281
2026-10-05,1996-07-24,13142
2026-10-05,1996-07-25,13147
2026-10-05,1996-07-26,13075
2026-10-05,1996-07-29,13150
2026-10-05,1996-07-30,13141
2026-10-05,1996-07-31,13220
2026-10-05,1996-08-01,13282
2026-10-05,1996-08-02,13354
2026-10-05,1996-08-05,13441
2026-10-05,1996-08-06,13487
2026-10-05,1996-08-07,13569
2026-10-05,1996-08-08,13541
2026-10-05,1996-08-09,13484
2026-10-05,1996-08-12,13372
2026-10-05,1996-08-13,13142
2026-10-05,1996-08-14,12954
2026-10-05,1996-08-15,12844
2026-10-05,1996-08-16,12763
2026-10-05,1996-08-20,12693
2026-10-05,1996-08-21,12538
2026-10-05,1996-08-22,12427
2026-10-05,1996-08-23,12345
2026-10-05,1996-08-26,12259
2026-10-05,1996-08-27,12165
2026-10-05,1996-08-28,12147
2026-10-05,1996-08-29,12248
2026-10-05,1996-08-30,12379
2026-10-05,1996-09-02,12515
2026-10-05,1996-09-03,12570
2026-10-05,1996-09-04,12703
2026-10-05,1996-09-05,12875
2026-10-05,1996-09-06,12972
2026-10-05,1996-09-09,12947
2026-10-05,1996-09-10,12762
2026-10-05,1996-09-11,12614
2026-10-05,1996-09-12,12538
2026-10-05,1996-09-13,12450
2026-10-05,1996-09-16,12390
2026-10-05,1996-09-17,12258
2026-10-05,1996-09-18,12191
2026-10-05,1996-09-19,12153
2026-10-05,1996-09-20,12131
2026-10-05,1996-09-23,12081
2026-10-05,1996-09-24,12036
2026-10-05,1996-09-25,12084
2026-10-05,1996-09-26,12097
2026-10-05,1996-09-27,12077
2026-10-05,1996-09-30,12222
2026-10-05,1996-10-01,12310
2026-10-05,1996-10-02,12394
2026-10-05,1996-10-03,12560
2026-10-05,1996-10-04,12736
2026-10-05,1996-10-07,12808
2026-10-05,1996-10-08,12706
2026-10-05,1996-10-09,12595
2026-10-05,1996-10-10,12546
2026-10-05,1996-10-11,12478
2026-10-05,1996-10-14,12324
2026-10-05,1996-10-15,12254
2026-10-05,1996-10-16,12169
2026-10-05,1996-10-17,12134
2026-10-05,1996-10-18,12122
2026-10-05,1996-10-21,12080
2026-10-05,1996-10-22,11933
2026-10-05,1996-10-23,11826
2026-10-05,1996-10-24,11737
2026-10-05,1996-10-25,11669
2026-10-05,1996-10-28,11650
2026-10-05,1996-10-29,11667
2026-10-05,1996-10-30,11752
2026-10-05,1996-10-31,11881
2026-10-05,1996-11-01,12044
2026-10-05,1996-11-04,12264
2026-10-05,1996-11-05,12409
2026-10-05,1996-11-06,12453
2026-10-05,1996-11-07,12623
2026-10-05,1996-11-08,12660
2026-10-05,1996-11-11,12598
2026-10-05,1996-11-12,12419
2026-10-05,1996-11-13,12275
2026-10-05,1996-11-14,12194
2026-10-05,1996-11-15,12156
2026-10-05,1996-11-18,12110
2026-10-05,1996-11-19,12011
2026-10-05,1996-11-20,11971
2026-10-05,1996-11-21,11938
2026-10-05,1996-11-22,11904
2026-10-05,1996-11-25,11836
2026-10-05,1996-11-26,11786
2026-10-05,1996-11-27,11802
2026-10-05,1996-11-28,11908
2026-10-05,1996-11-29,12062
2026-10-05,1996-12-02,12218
2026-10-05,1996-12-03,12375
2026-10-05,1996-12-04,12587
2026-10-05,1996-12-05,12785
2026-10-05,1996-12-06,12892
2026-10-05,1996-12-09,12940
2026-10-05,1996-12-10,12816
2026-10-05,1996-12-11,12758
2026-10-05,1996-12-12,12752
2026-10-05,1996-12-13,12740
2026-10-05,1996-12-16,12777
2026-10-05,1996-12-17,12743
2026-10-05,1996-12-18,12830
2026-10-05,1996-12-19,13113
2026-10-05,1996-12-20,13456
2026-10-05,1996-12-23,13785
2026-10-05,1996-12-24,13802
2026-10-05,1996-12-26,13812
2026-10-05,1996-12-27,13925
2026-10-05,1996-12-30,14030
2026-10-05,1997-01-02,14085
2026-10-05,1997-01-03,14040
2026-10-05,1997-01-06,14056
2026-10-05,1997-01-07,14025
2026-10-05,1997-01-08,13985
2026-10-05,1997-01-09,13942
2026-10-05,1997-01-10,13920
2026-10-05,1997-01-13,13901
2026-10-05,1997-01-14,13757
2026-10-05,1997-01-15,13667
2026-10-05,1997-01-16,13650
2026-10-05,1997-01-17,13606
2026-10-05,1997-01-20,13597
2026-10-05,1997-01-21,13431
2026-10-05,1997-01-22,13284
2026-10-05,1997-01-23,13176
2026-10-05,1997-01-24,13048
2026-10-05,1997-01-27,12989
2026-10-05,1997-01-28,12931
2026-10-05,1997-01-29,12927
2026-10-05,1997-01-30,13031
2026-10-05,1997-01-31,13195
2026-10-05,1997-02-03,13364
2026-10-05,1997-02-04,13455
2026-10-05,1997-02-05,13547
2026-10-05,1997-02-06,13668
2026-10-05,1997-02-07,13733
2026-10-05,1997-02-10,13700
2026-10-05,1997-02-11,13546
2026-10-05,1997-02-12,13424
2026-10-05,1997-02-13,13351
2026-10-05,1997-02-14,13266
2026-10-05,1997-02-17,13245
2026-10-05,1997-02-18,13130
2026-10-05,1997-02-19,13068
2026-10-05,1997-02-20,13041
2026-10-05,1997-02-21,12991
2026-10-05,1997-02-24,12974
2026-10-05,1997-02-25,12864
2026-10-05,1997-02-26,12888
2026-10-05,1997-02-27,12999
2026-10-05,1997-02-28,13144
2026-10-05,1997-03-03,13288
2026-10-05,1997-03-04,13372
2026-10-05,1997-03-05,13508
2026-10-05,1997-03-06,13700
2026-10-05,1997-03-07,13783
2026-10-05,1997-03-10,13770
2026-10-05,1997-03-11,13589
2026-10-05,1997-03-12,13468
2026-10-05,1997-03-13,13407
2026-10-05,1997-03-14,13360
2026-10-05,1997-03-17,13328
2026-10-05,1997-03-18,13184
2026-10-05,1997-03-19,13119
2026-10-05,1997-03-20,13125
2026-10-05,1997-03-21,13124
2026-10-05,1997-03-24,13171
2026-10-05,1997-03-25,13247
2026-10-05,1997-03-26,13326
2026-10-05,1997-03-31,13371
2026-10-05,1997-04-01,13332
2026-10-05,1997-04-02,13399
2026-10-05,1997-04-03,13538
2026-10-05,1997-04-04,13692
2026-10-05,1997-04-07,13793
2026-10-05,1997-04-08,13717
2026-10-05,1997-04-09,13668
2026-10-05,1997-04-10,13648
2026-10-05,1997-04-11,13592
2026-10-05,1997-04-14,13528
2026-10-05,1997-04-15,13409
2026-10-05,1997-04-16,13327
2026-10-05,1997-04-17,13283
2026-10-05,1997-04-18,13268
2026-10-05,1997-04-21,13231
2026-10-05,1997-04-22,13095
2026-10-05,1997-04-23,12990
2026-10-05,1997-04-24,12932
2026-10-05,1997-04-25,12888
2026-10-05,1997-04-28,12958
2026-10-05,1997-04-29,13037
2026-10-05,1997-04-30,13222
2026-10-05,1997-05-02,13412
2026-10-05,1997-05-05,13591
2026-10-05,1997-05-06,13654
2026-10-05,1997-05-07,13742
2026-10-05,1997-05-08,13814
2026-10-05,1997-05-09,13829
2026-10-05,1997-05-12,13786
2026-10-05,1997-05-13,13630
2026-10-05,1997-05-14,13529
2026-10-05,1997-05-15,13471
2026-10-05,1997-05-16,13438
2026-10-05,1997-05-19,13421
2026-10-05,1997-05-20,13323
2026-10-05,1997-05-21,13278
2026-10-05,1997-05-22,13256
2026-10-05,1997-05-23,13226
2026-10-05,1997-05-26,13199
2026-10-05,1997-05-27,13136
2026-10-05,1997-05-28,13153
2026-10-05,1997-05-29,13287
2026-10-05,1997-05-30,13440
2026-10-05,1997-06-02,13619
2026-10-05,1997-06-03,13745
2026-10-05,1997-06-04,13870
2026-10-05,1997-06-05,14085
2026-10-05,1997-06-06,14247
2026-10-05,1997-06-10,14233
2026-10-05,1997-06-11,14100
2026-10-05,1997-06-12,13998
2026-10-05,1997-06-13,13876
2026-10-05,1997-06-17,13808
2026-10-05,1997-06-18,13659
2026-10-05,1997-06-19,13590
2026-10-05,1997-06-20,13562
2026-10-05,1997-06-23,13556
2026-10-05,1997-06-24,13484
2026-10-05,1997-06-25,13485
2026-10-05,1997-06-26,13609
2026-10-05,1997-06-27,13809
2026-10-05,1997-06-30,14041
2026-10-05,1997-07-01,14226
2026-10-05,1997-07-02,14413
2026-10-05,1997-07-03,14717
2026-10-05,1997-07-04,14996
2026-10-05,1997-07-07,15151
2026-10-05,1997-07-08,15161
2026-10-05,1997-07-10,15181
2026-10-05,1997-07-11,15113
2026-10-05,1997-07-14,15024
2026-10-05,1997-07-15,14869
2026-10-05,1997-07-16,14758
2026-10-05,1997-07-17,14755
2026-10-05,1997-07-18,14790
2026-10-05,1997-07-21,14769
2026-10-05,1997-07-22,14645
2026-10-05,1997-07-23,14546
2026-10-05,1997-07-24,14469
2026-10-05,1997-07-25,14359
2026-10-05,1997-07-28,14330
2026-10-05,1997-07-29,14298
2026-10-05,1997-07-30,14380
2026-10-05,1997-07-31,14526
2026-10-05,1997-08-01,14652
2026-10-05,1997-08-04,14794
2026-10-05,1997-08-05,14837
2026-10-05,1997-08-06,14960
2026-10-05,1997-08-07,15043
2026-10-05,1997-08-08,15058
2026-10-05,1997-08-11,15033
2026-10-05,1997-08-12,14853
2026-10-05,1997-08-13,14717
2026-10-05,1997-08-14,14650
2026-10-05,1997-08-15,14595
2026-10-05,1997-08-19,14501
2026-10-05,1997-08-20,14352
2026-10-05,1997-08-21,14300
2026-10-05,1997-08-22,14196
2026-10-05,1997-08-25,14152
2026-10-05,1997-08-26,14041
2026-10-05,1997-08-27,14041
2026-10-05,1997-08-28,14135
2026-10-05,1997-08-29,14295
2026-10-05,1997-09-01,14435
2026-10-05,1997-09-02,14518
2026-10-05,1997-09-03,14642
2026-10-05,1997-09-04,14777
2026-10-05,1997-09-05,14900
2026-10-05,1997-09-08,14926
2026-10-05,1997-09-09,14827
2026-10-05,1997-09-10,14774
2026-10-05,1997-09-11,14705
2026-10-05,1997-09-12,14635
2026-10-05,1997-09-15,14589
2026-10-05,1997-09-16,14437
2026-10-05,1997-09-17,14338
2026-10-05,1997-09-18,14304
2026-10-05,1997-09-19,14259
2026-10-05,1997-09-22,14228
2026-10-05,1997-09-23,14064
2026-10-05,1997-09-24,13969
2026-10-05,1997-09-25,13946
2026-10-05,1997-09-26,13987
2026-10-05,1997-09-29,14077
2026-10-05,1997-09-30,14192
2026-10-05,1997-10-01,14341
2026-10-05,1997-10-02,14534
2026-10-05,1997-10-03,14711
2026-10-05,1997-10-06,14860
2026-10-05,1997-10-07,14878
2026-10-05,1997-10-08,14837
2026-10-05,1997-10-09,14854
2026-10-05,1997-10-10,14842
2026-10-05,1997-10-13,14775
2026-10-05,1997-10-14,14601
2026-10-05,1997-10-15,14513
2026-10-05,1997-10-16,14472
2026-10-05,1997-10-17,14443
2026-10-05,1997-10-20,14413
2026-10-05,1997-10-21,14295
2026-10-05,1997-10-22,14221
2026-10-05,1997-10-23,14151
2026-10-05,1997-10-24,14082
2026-10-05,1997-10-27,14035
2026-10-05,1997-10-28,13943
2026-10-05,1997-10-29,13951
2026-10-05,1997-10-30,14060
2026-10-05,1997-10-31,14216
2026-10-05,1997-11-03,14439
2026-10-05,1997-11-04,14466
2026-10-05,1997-11-05,14616
2026-10-05,1997-11-06,14729
2026-10-05,1997-11-07,14855
2026-10-05,1997-11-10,14833
2026-10-05,1997-11-11,14654
2026-10-05,1997-11-12,14537
2026-10-05,1997-11-13,14477
2026-10-05,1997-11-14,14388
2026-10-05,1997-11-17,14330
2026-10-05,1997-11-18,14185
2026-10-05,1997-11-19,14121
2026-10-05,1997-11-20,14097
2026-10-05,1997-11-21,14042
2026-10-05,1997-11-24,13991
2026-10-05,1997-11-25,13887
2026-10-05,1997-11-26,13875
2026-10-05,1997-11-27,14001
2026-10-05,1997-11-28,14186
2026-10-05,1997-12-01,14365
2026-10-05,1997-12-02,14453
2026-10-05,1997-12-03,14586
2026-10-05,1997-12-04,14807
2026-10-05,1997-12-05,14963
2026-10-05,1997-12-09,14996
2026-10-05,1997-12-10,14891
2026-10-05,1997-12-11,14812
2026-10-05,1997-12-12,14787
2026-10-05,1997-12-15,14798
2026-10-05,1997-12-16,14758
2026-10-05,1997-12-17,14765
2026-10-05,1997-12-18,14963
2026-10-05,1997-12-19,15196
2026-10-05,1997-12-22,15566
2026-10-05,1997-12-23,15773
2026-10-05,1997-12-24,15844
2026-10-05,1997-12-26,15845
2026-10-05,1997-12-29,15899
2026-10-05,1997-12-31,15966
2026-10-05,1998-01-02,15982
2026-10-05,1998-01-05,15929
2026-10-05,1998-01-06,15876
2026-10-05,1998-01-07,15880
2026-10-05,1998-01-08,15887
2026-10-05,1998-01-09,15864
2026-10-05,1998-01-12,15786
2026-10-05,1998-01-13,15557
2026-10-05,1998-01-14,15401
2026-10-05,1998-01-15,15280
2026-10-05,1998-01-16,15192
2026-10-05,1998-01-19,15126
2026-10-05,1998-01-20,14998
2026-10-05,1998-01-21,14879
2026-10-05,1998-01-22,14807
2026-10-05,1998-01-23,14760
2026-10-05,1998-01-26,14701
2026-10-05,1998-01-27,14590
2026-10-05,1998-01-28,14524
2026-10-05,1998-01-29,14585
2026-10-05,1998-01-30,14715
2026-10-05,1998-02-02,14871
2026-10-05,1998-02-03,14954
2026-10-05,1998-02-04,15036
2026-10-05,1998-02-05,15211
2026-10-05,1998-02-06,15300
2026-10-05,1998-02-09,15326
2026-10-05,1998-02-10,15216
2026-10-05,1998-02-11,15119
2026-10-05,1998-02-12,15042
2026-10-05,1998-02-13,14968
2026-10-05,1998-02-16,14908
2026-10-05,1998-02-17,14765
2026-10-05,1998-02-18,14659
2026-10-05,1998-02-19,14607
2026-10-05,1998-02-20,14586
2026-10-05,1998-02-23,14524
2026-10-05,1998-02-24,14409
2026-10-05,1998-02-25,14362
2026-10-05,1998-02-26,14431
2026-10-05,1998-02-27,14575
2026-10-05,1998-03-02,14728
2026-10-05,1998-03-03,14780
2026-10-05,1998-03-04,14882
2026-10-05,1998-03-05,15073
2026-10-05,1998-03-06,15211
2026-10-05,1998-03-09,15235
2026-10-05,1998-03-10,15136
2026-10-05,1998-03-11,15004
2026-10-05,1998-03-12,14962
2026-10-05,1998-03-13,14863
2026-10-05,1998-03-16,14807
2026-10-05,1998-03-17,14669
2026-10-05,1998-03-18,14572
2026-10-05,1998-03-19,14559
2026-10-05,1998-03-20,14530
2026-10-05,1998-03-23,14478
2026-10-05,1998-03-24,14356
2026-10-05,1998-03-25,14271
2026-10-05,1998-03-26,14264
2026-10-05,1998-03-27,14265
2026-10-05,1998-03-30,14397
2026-10-05,1998-03-31,14485
2026-10-05,1998-04-01,14623
2026-10-05,1998-04-02,14808
2026-10-05,1998-04-03,15034
2026-10-05,1998-04-06,15293
2026-10-05,1998-04-07,15459
2026-10-05,1998-04-08,15542
2026-10-05,1998-04-13,15449
2026-10-05,1998-04-14,15185
2026-10-05,1998-04-15,15000
2026-10-05,1998-04-16,14868
2026-10-05,1998-04-17,14780
2026-10-05,1998-04-20,14749
2026-10-05,1998-04-21,14644
2026-10-05,1998-04-22,14547
2026-10-05,1998-04-23,14510
2026-10-05,1998-04-24,14442
2026-10-05,1998-04-27,14430
2026-10-05,1998-04-28,14427
2026-10-05,1998-04-29,14529
2026-10-05,1998-04-30,14698
2026-10-05,1998-05-04,14918
2026-10-05,1998-05-05,14964
2026-10-05,1998-05-06,15058
2026-10-05,1998-05-07,15218
2026-10-05,1998-05-08,15305
2026-10-05,1998-05-11,15300
2026-10-05,1998-05-12,15136
2026-10-05,1998-05-13,15026
2026-10-05,1998-05-14,14927
2026-10-05,1998-05-15,14850
2026-10-05,1998-05-18,14792
2026-10-05,1998-05-19,14669
2026-10-05,1998-05-20,14601
2026-10-05,1998-05-21,14614
2026-10-05,1998-05-22,14600
2026-10-05,1998-05-26,14590
2026-10-05,1998-05-27,14560
2026-10-05,1998-05-28,14602
2026-10-05,1998-05-29,14721
2026-10-05,1998-06-01,14892
2026-10-05,1998-06-02,14951
2026-10-05,1998-06-03,15070
2026-10-05,1998-06-04,15286
2026-10-05,1998-06-05,15423
2026-10-05,1998-06-09,15466
2026-10-05,1998-06-10,15357
2026-10-05,1998-06-11,15272
2026-10-05,1998-06-12,15197
2026-10-05,1998-06-16,15112
2026-10-05,1998-06-17,14971
2026-10-05,1998-06-18,14877
2026-10-05,1998-06-19,14808
2026-10-05,1998-06-22,14785
2026-10-05,1998-06-23,14665
2026-10-05,1998-06-24,14588
2026-10-05,1998-06-25,14604
2026-10-05,1998-06-26,14647
2026-10-05,1998-06-29,14856
2026-10-05,1998-06-30,15013
2026-10-05,1998-07-01,15163
2026-10-05,1998-07-02,15407
2026-10-05,1998-07-03,15724
2026-10-05,1998-07-06,15984
2026-10-05,1998-07-07,16087
2026-10-05,1998-07-08,16175
2026-10-05,1998-07-10,16253
2026-10-05,1998-07-13,16205
2026-10-05,1998-07-14,16026
2026-10-05,1998-07-15,15923
2026-10-05,1998-07-16,15911
2026-10-05,1998-07-17,15906
2026-10-05,1998-07-20,15893
2026-10-05,1998-07-21,15795
2026-10-05,1998-07-22,15720
2026-10-05,1998-07-23,15657
2026-10-05,1998-07-24,15574
2026-10-05,1998-07-27,15493
2026-10-05,1998-07-28,15406
2026-10-05,1998-07-29,15357
2026-10-05,1998-07-30,15480
2026-10-05,1998-07-31,15619
2026-10-05,1998-08-03,15740
2026-10-05,1998-08-04,15795
2026-10-05,1998-08-05,15860
2026-10-05,1998-08-06,16042
2026-10-05,1998-08-07,16131
2026-10-05,1998-08-10,16088
2026-10-05,1998-08-11,15941
2026-10-05,1998-08-12,15806
2026-10-05,1998-08-13,15738
2026-10-05,1998-08-14,15687
2026-10-05,1998-08-18,15609
2026-10-05,1998-08-19,15415
2026-10-05,1998-08-20,15296
2026-10-05,1998-08-21,15228
2026-10-05,1998-08-24,15169
2026-10-05,1998-08-25,15036
2026-10-05,1998-08-26,14930
2026-10-05,1998-08-27,14937
2026-10-05,1998-08-28,15024
2026-10-05,1998-08-31,15184
2026-10-05,1998-09-01,15232
2026-10-05,1998-09-02,15297
2026-10-05,1998-09-03,15431
2026-10-05,1998-09-04,15541
2026-10-05,1998-09-07,15603
2026-10-05,1998-09-08,15510
2026-10-05,1998-09-09,15404
2026-10-05,1998-09-10,15341
2026-10-05,1998-09-11,15233
2026-10-05,1998-09-14,15147
2026-10-05,1998-09-15,14989
2026-10-05,1998-09-16,14848
2026-10-05,1998-09-17,14771
2026-10-05,1998-09-18,14682
2026-10-05,1998-09-21,14623
2026-10-05,1998-09-22,14494
2026-10-05,1998-09-23,14369
2026-10-05,1998-09-24,14310
2026-10-05,1998-09-25,14246
2026-10-05,1998-09-28,14279
2026-10-05,1998-09-29,14291
2026-10-05,1998-09-30,14374
2026-10-05,1998-10-01,14575
2026-10-05,1998-10-02,14724
2026-10-05,1998-10-05,14852
2026-10-05,1998-10-06,14952
2026-10-05,1998-10-07,15006
2026-10-05,1998-10-08,15095
2026-10-05,1998-10-09,15097
2026-10-05,1998-10-13,15028
2026-10-05,1998-10-14,14852
2026-10-05,1998-10-15,14734
2026-10-05,1998-10-16,14635
2026-10-05,1998-10-19,14550
2026-10-05,1998-10-20,14429
2026-10-05,1998-10-21,14325
2026-10-05,1998-10-22,14256
2026-10-05,1998-10-23,14179
2026-10-05,1998-10-26,14131
2026-10-05,1998-10-27,14039
2026-10-05,1998-10-28,14034
2026-10-05,1998-10-29,14137
2026-10-05,1998-10-30,14320
2026-10-05,1998-11-02,14497
2026-10-05,1998-11-03,14600
2026-10-05,1998-11-04,14752
2026-10-05,1998-11-05,14914
2026-10-05,1998-11-06,14979
2026-10-05,1998-11-09,15034
2026-10-05,1998-11-10,14929
2026-10-05,1998-11-11,14824
2026-10-05,1998-11-12,14775
2026-10-05,1998-11-13,14731
2026-10-05,1998-11-16,14684
2026-10-05,1998-11-17,14559
2026-10-05,1998-11-18,14473
2026-10-05,1998-11-19,14468
2026-10-05,1998-11-20,14408
2026-10-05,1998-11-23,14342
2026-10-05,1998-11-24,14222
2026-10-05,1998-11-25,14147
2026-10-05,1998-11-26,14154
2026-10-05,1998-11-27,14310
2026-10-05,1998-11-30,14493
2026-10-05,1998-12-01,14619
2026-10-05,1998-12-02,14781
2026-10-05,1998-12-03,15017
2026-10-05,1998-12-04,15230
2026-10-05,1998-12-07,15340
2026-10-05,1998-12-09,15317
2026-10-05,1998-12-10,15242
2026-10-05,1998-12-11,15182
2026-10-05,1998-12-14,15138
2026-10-05,1998-12-15,15059
2026-10-05,1998-12-16,15035
2026-10-05,1998-12-17,15149
2026-10-05,1998-12-18,15341
2026-10-05,1998-12-21,15606
2026-10-05,1998-12-22,15830
2026-10-05,1998-12-23,16160
2026-10-05,1998-12-24,16229
2026-10-05,1998-12-28,16270
2026-10-05,1998-12-29,16300
2026-10-05,1998-12-30,16370
2026-10-05,1999-01-04,16412
2026-10-05,1999-01-05,16293
2026-10-05,1999-01-06,16249
2026-10-05,1999-01-07,16277
2026-10-05,1999-01-08,16286
2026-10-05,1999-01-11,16237
2026-10-05,1999-01-12,16080
2026-10-05,1999-01-13,15907
2026-10-05,1999-01-14,15808
2026-10-05,1999-01-15,15671
2026-10-05,1999-01-18,15578
2026-10-05,1999-01-19,15407
2026-10-05,1999-01-20,15279
2026-10-05,1999-01-21,15184
2026-10-05,1999-01-22,15113
2026-10-05,1999-01-25,15061
2026-10-05,1999-01-26,14894
2026-10-05,1999-01-27,14832
2026-10-05,1999-01-28,14890
2026-10-05,1999-01-29,14967
2026-10-05,1999-02-01,15080
2026-10-05,1999-02-02,15115
2026-10-05,1999-02-03,15176
2026-10-05,1999-02-04,15319
2026-10-05,1999-02-05,15402
2026-10-05,1999-02-08,15441
2026-10-05,1999-02-09,15310
2026-10-05,1999-02-10,15221
2026-10-05,1999-02-11,15168
2026-10-05,1999-02-12,15109
2026-10-05,1999-02-15,15036
2026-10-05,1999-02-16,14903
2026-10-05,1999-02-17,14797
2026-10-05,1999-02-18,14739
2026-10-05,1999-02-19,14670
2026-10-05,1999-02-22,14627
2026-10-05,1999-02-23,14499
2026-10-05,1999-02-24,14456
2026-10-05,1999-02-25,14530
2026-10-05,1999-02-26,14600
2026-10-05,1999-03-01,14714
2026-10-05,1999-03-02,14753
2026-10-05,1999-03-03,14816
2026-10-05,1999-03-04,15005
2026-10-05,1999-03-05,15112
2026-10-05,1999-03-08,15174
2026-10-05,1999-03-09,15095
2026-10-05,1999-03-10,15005
2026-10-05,1999-03-11,14970
2026-10-05,1999-03-12,14905
2026-10-05,1999-03-15,14873
2026-10-05,1999-03-16,14714
2026-10-05,1999-03-17,14606
2026-10-05,1999-03-18,14579
2026-10-05,1999-03-19,14509
2026-10-05,1999-03-22,14447
2026-10-05,1999-03-23,14296
2026-10-05,1999-03-24,14183
2026-10-05,1999-03-25,14117
2026-10-05,1999-03-26,14078
2026-10-05,1999-03-29,14155
2026-10-05,1999-03-30,14326
2026-10-05,1999-03-31,14542
2026-10-05,1999-04-05,14645
2026-10-05,1999-04-06,14579
2026-10-05,1999-04-07,14598
2026-10-05,1999-04-08,14708
2026-10-05,1999-04-09,14751
2026-10-05,1999-04-12,14736
2026-10-05,1999-04-13,14595
2026-10-05,1999-04-14,14491
2026-10-05,1999-04-15,14437
2026-10-05,1999-04-16,14366
2026-10-05,1999-04-19,14333
2026-10-05,1999-04-20,14222
2026-10-05,1999-04-21,14164
2026-10-05,1999-04-22,14137
2026-10-05,1999-04-23,14066
2026-10-05,1999-04-26,14034
2026-10-05,1999-04-27,13955
2026-10-05,1999-04-28,13972
2026-10-05,1999-04-29,14107
2026-10-05,1999-04-30,14271
2026-10-05,1999-05-03,14419
2026-10-05,1999-05-04,14457
2026-10-05,1999-05-05,14573
2026-10-05,1999-05-06,14768
2026-10-05,1999-05-07,14876
2026-10-05,1999-05-10,14917
2026-10-05,1999-05-11,14786
2026-10-05,1999-05-12,14680
2026-10-05,1999-05-13,14625
2026-10-05,1999-05-14,14531
2026-10-05,1999-05-17,14485
2026-10-05,1999-05-18,14383
2026-10-05,1999-05-19,14266
2026-10-05,1999-05-20,14253
2026-10-05,1999-05-21,14219
2026-10-05,1999-05-24,14175
2026-10-05,1999-05-26,14060
2026-10-05,1999-05-27,14032
2026-10-05,1999-05-28,14033
2026-10-05,1999-05-31,14158
2026-10-05,1999-06-01,14246
2026-10-05,1999-06-02,14370
2026-10-05,1999-06-03,14536
2026-10-05,1999-06-04,14678
2026-10-05,1999-06-07,14748
2026-10-05,1999-06-08,14673
2026-10-05,1999-06-09,14595
2026-10-05,1999-06-10,14570
2026-10-05,1999-06-11,14527
2026-10-05,1999-06-15,14454
2026-10-05,1999-06-16,14295
2026-10-05,1999-06-17,14213
2026-10-05,1999-06-18,14171
2026-10-05,1999-06-22,14138
2026-10-05,1999-06-23,13996
2026-10-05,1999-06-24,13913
2026-10-05,1999-06-25,13860
2026-10-05,1999-06-28,13889
2026-10-05,1999-06-29,13967
2026-10-05,1999-06-30,14084
2026-10-05,1999-07-01,14323
2026-10-05,1999-07-02,14539
2026-10-05,1999-07-05,14786
2026-10-05,1999-07-06,14949
2026-10-05,1999-07-07,15226
2026-10-05,1999-07-08,15360
2026-10-05,1999-07-12,15326
2026-10-05,1999-07-13,15191
2026-10-05,1999-07-14,15066
2026-10-05,1999-07-15,15055
2026-10-05,1999-07-16,15067
2026-10-05,1999-07-19,15034
2026-10-05,1999-07-20,14944
2026-10-05,1999-07-21,14885
2026-10-05,1999-07-22,14863
2026-10-05,1999-07-23,14785
2026-10-05,1999-07-26,14719
2026-10-05,1999-07-27,14597
2026-10-05,1999-07-28,14561
2026-10-05,1999-07-29,14630
2026-10-05,1999-07-30,14731
2026-10-05,1999-08-02,14853
2026-10-05,1999-08-03,14876
2026-10-05,1999-08-04,14988
2026-10-05,1999-08-05,15204
2026-10-05,1999-08-06,15309
2026-10-05,1999-08-09,15300
2026-10-05,1999-08-10,15170
2026-10-05,1999-08-11,15079
2026-10-05,1999-08-12,15074
2026-10-05,1999-08-13,15002
2026-10-05,1999-08-17,14918
2026-10-05,1999-08-18,14733
2026-10-05,1999-08-19,14649
2026-10-05,1999-08-20,14548
2026-10-05,1999-08-23,14463
2026-10-05,1999-08-24,14317
2026-10-05,1999-08-25,14198
2026-10-05,1999-08-26,14160
2026-10-05,1999-08-27,14178
2026-10-05,1999-08-30,14248
2026-10-05,1999-08-31,14305
2026-10-05,1999-09-01,14372
2026-10-05,1999-09-02,14551
2026-10-05,1999-09-03,14693
2026-10-05,1999-09-06,14827
2026-10-05,1999-09-07,14834
2026-10-05,1999-09-08,14792
2026-10-05,1999-09-09,14776
2026-10-05,1999-09-10,14709
2026-10-05,1999-09-13,14645
2026-10-05,1999-09-14,14485
2026-10-05,1999-09-15,14360
2026-10-05,1999-09-16,14301
2026-10-05,1999-09-17,14246
2026-10-05,1999-09-20,14203
2026-10-05,1999-09-21,14097
2026-10-05,1999-09-22,13990
2026-10-05,1999-09-23,13935
2026-10-05,1999-09-24,13869
2026-10-05,1999-09-27,13816
2026-10-05,1999-09-28,13754
2026-10-05,1999-09-29,13792
2026-10-05,1999-09-30,13939
2026-10-05,1999-10-01,14141
2026-10-05,1999-10-04,14284
2026-10-05,1999-10-05,14389
2026-10-05,1999-10-06,14533
2026-10-05,1999-10-07,14686
2026-10-05,1999-10-08,14781
2026-10-05,1999-10-12,14701
2026-10-05,1999-10-13,14534
2026-10-05,1999-10-14,14406
2026-10-05,1999-10-15,14294
2026-10-05,1999-10-18,14227
2026-10-05,1999-10-19,14063
2026-10-05,1999-10-20,13983
2026-10-05,1999-10-21,13962
2026-10-05,1999-10-22,13916
2026-10-05,1999-10-25,13850
2026-10-05,1999-10-26,13737
2026-10-05,1999-10-27,13688
2026-10-05,1999-10-28,13813
2026-10-05,1999-10-29,13921
2026-10-05,1999-11-01,14072
2026-10-05,1999-11-02,14119
2026-10-05,1999-11-03,14247
2026-10-05,1999-11-04,14444
2026-10-05,1999-11-05,14555
2026-10-05,1999-11-08,14585
2026-10-05,1999-11-09,14473
2026-10-05,1999-11-10,14386
2026-10-05,1999-11-11,14346
2026-10-05,1999-11-12,14297
2026-10-05,1999-11-15,14244
2026-10-05,1999-11-16,14116
2026-10-05,1999-11-17,14026
2026-10-05,1999-11-18,14006
2026-10-05,1999-11-19,13974
2026-10-05,1999-11-22,13907
2026-10-05,1999-11-23,13757
2026-10-05,1999-11-24,13670
2026-10-05,1999-11-25,13650
2026-10-05,1999-11-26,13661
2026-10-05,1999-11-29,13772
2026-10-05,1999-11-30,13870
2026-10-05,1999-12-01,13984
2026-10-05,1999-12-02,14192
2026-10-05,1999-12-03,14424
2026-10-05,1999-12-06,14659
2026-10-05,1999-12-07,14776
2026-10-05,1999-12-09,14901
2026-10-05,1999-12-10,14845
2026-10-05,1999-12-13,14757
2026-10-05,1999-12-14,14620
2026-10-05,1999-12-15,14572
2026-10-05,1999-12-16,14629
2026-10-05,1999-12-17,14711
2026-10-05,1999-12-20,14891
2026-10-05,1999-12-21,15044
2026-10-05,1999-12-22,15319
2026-10-05,1999-12-23,15612
2026-10-05,1999-12-24,15715
2026-10-05,1999-12-27,15762
2026-10-05,1999-12-28,15826
2026-10-05,1999-12-29,16110
2026-10-05,1999-12-31,16493
2026-10-05,2000-01-03,16484
2026-10-05,2000-01-04,16314
2026-10-05,2000-01-05,16215
2026-10-05,2000-01-06,16196
2026-10-05,2000-01-07,16173
2026-10-05,2000-01-10,16108
2026-10-05,2000-01-11,15887
2026-10-05,2000-01-12,15670
2026-10-05,2000-01-13,15521
2026-10-05,2000-01-14,15384
2026-10-05,2000-01-17,15279
2026-10-05,2000-01-18,15115
2026-10-05,2000-01-19,14984
2026-10-05,2000-01-20,14910
2026-10-05,2000-01-21,14830
2026-10-05,2000-01-24,14732
2026-10-05,2000-01-25,14588
2026-10-05,2000-01-26,14460
2026-10-05,2000-01-27,14458
2026-10-05,2000-01-28,14481
2026-10-05,2000-01-31,14589
2026-10-05,2000-02-01,14625
2026-10-05,2000-02-02,14743
2026-10-05,2000-02-03,14888
2026-10-05,2000-02-04,15006
2026-10-05,2000-02-07,15029
2026-10-05,2000-02-08,14953
2026-10-05,2000-02-09,14865
2026-10-05,2000-02-10,14816
2026-10-05,2000-02-11,14738
2026-10-05,2000-02-14,14653
2026-10-05,2000-02-15,14511
2026-10-05,2000-02-16,14376
2026-10-05,2000-02-17,14308
2026-10-05,2000-02-18,14242
2026-10-05,2000-02-21,14166
2026-10-05,2000-02-22,14030
2026-10-05,2000-02-23,13915
2026-10-05,2000-02-24,13879
2026-10-05,2000-02-25,13844
2026-10-05,2000-02-28,13918
2026-10-05,2000-02-29,13989
2026-10-05,2000-03-01,14101
2026-10-05,2000-03-02,14309
2026-10-05,2000-03-03,14443
2026-10-05,2000-03-06,14543
2026-10-05,2000-03-07,14547
2026-10-05,2000-03-08,14510
2026-10-05,2000-03-09,14491
2026-10-05,2000-03-10,14473
2026-10-05,2000-03-13,14395
2026-10-05,2000-03-14,14245
2026-10-05,2000-03-15,14149
2026-10-05,2000-03-16,14093
2026-10-05,2000-03-17,14047
2026-10-05,2000-03-20,13974
2026-10-05,2000-03-21,13826
2026-10-05,2000-03-22,13719
2026-10-05,2000-03-23,13635
2026-10-05,2000-03-24,13564
2026-10-05,2000-03-27,13495
2026-10-05,2000-03-28,13378
2026-10-05,2000-03-29,13359
2026-10-05,2000-03-30,13499
2026-10-05,2000-03-31,13642
2026-10-05,2000-04-03,13793
2026-10-05,2000-04-04,13899
2026-10-05,2000-04-05,13991
2026-10-05,2000-04-06,14184
2026-10-05,2000-04-07,14289
2026-10-05,2000-04-10,14301
2026-10-05,2000-04-11,14171
2026-10-05,2000-04-12,14064
2026-10-05,2000-04-13,14028
2026-10-05,2000-04-14,14029
2026-10-05,2000-04-17,14070
2026-10-05,2000-04-18,14085
2026-10-05,2000-04-19,14034
2026-10-05,2000-04-24,13934
2026-10-05,2000-04-25,13765
2026-10-05,2000-04-26,13673
2026-10-05,2000-04-27,13763
2026-10-05,2000-04-28,13905
2026-10-05,2000-05-02,14010
2026-10-05,2000-05-03,14133
2026-10-05,2000-05-04,14293
2026-10-05,2000-05-05,14349
2026-10-05,2000-05-08,14381
2026-10-05,2000-05-09,14299
2026-10-05,2000-05-10,14280
2026-10-05,2000-05-11,14224
2026-10-05,2000-05-12,14165
2026-10-05,2000-05-15,14081
2026-10-05,2000-05-16,13956
2026-10-05,2000-05-17,13859
2026-10-05,2000-05-18,13843
2026-10-05,2000-05-19,13821
2026-10-05,2000-05-22,13755
2026-10-05,2000-05-23,13650
2026-10-05,2000-05-24,13565
2026-10-05,2000-05-26,13501
2026-10-05,2000-05-29,13478
2026-10-05,2000-05-30,13468
2026-10-05,2000-05-31,13530
2026-10-05,2000-06-01,13714
2026-10-05,2000-06-02,13852
2026-10-05,2000-06-05,14009
2026-10-05,2000-06-06,14092
2026-10-05,2000-06-07,14286
2026-10-05,2000-06-08,14388
2026-10-05,2000-06-09,14376
2026-10-05,2000-06-12,14262
2026-10-05,2000-06-13,14063
2026-10-05,2000-06-14,13937
2026-10-05,2000-06-15,13881
2026-10-05,2000-06-16,13833
2026-10-05,2000-06-20,13765
2026-10-05,2000-06-21,13604
2026-10-05,2000-06-22,13533
2026-10-05,2000-06-23,13437
2026-10-05,2000-06-26,13397
2026-10-05,2000-06-27,13331
2026-10-05,2000-06-28,13344
2026-10-05,2000-06-29,13535
2026-10-05,2000-06-30,13749
2026-10-05,2000-07-03,13945
2026-10-05,2000-07-04,14172
2026-10-05,2000-07-05,14248
2026-10-05,2000-07-06,14519
2026-10-05,2000-07-07,14659
2026-10-05,2000-07-10,14698
2026-10-05,2000-07-11,14599
2026-10-05,2000-07-12,14617
2026-10-05,2000-07-13,14608
2026-10-05,2000-07-14,14604
2026-10-05,2000-07-17,14554
2026-10-05,2000-07-18,14476
2026-10-05,2000-07-19,14410
2026-10-05,2000-07-20,14391
2026-10-05,2000-07-21,14378
2026-10-05,2000-07-24,14390
2026-10-05,2000-07-25,14290
2026-10-05,2000-07-26,14142
2026-10-05,2000-07-27,14104
2026-10-05,2000-07-28,14155
2026-10-05,2000-07-31,14292
2026-10-05,2000-08-01,14353
2026-10-05,2000-08-02,14423
2026-10-05,2000-08-03,14597
2026-10-05,2000-08-04,14707
2026-10-05,2000-08-07,14743
2026-10-05,2000-08-08,14671
2026-10-05,2000-08-09,14588
2026-10-05,2000-08-10,14529
2026-10-05,2000-08-11,14474
2026-10-05,2000-08-14,14389
2026-10-05,2000-08-15,14247
2026-10-05,2000-08-16,14145
2026-10-05,2000-08-17,14096
2026-10-05,2000-08-18,14059
2026-10-05,2000-08-22,13980
2026-10-05,2000-08-23,13813
2026-10-05,2000-08-24,13690
2026-10-05,2000-08-25,13573
2026-10-05,2000-08-28,13512
2026-10-05,2000-08-29,13433
2026-10-05,2000-08-30,13463
2026-10-05,2000-08-31,13637
2026-10-05,2000-09-01,13824
2026-10-05,2000-09-04,13982
2026-10-05,2000-09-05,14038
2026-10-05,2000-09-06,14103
2026-10-05,2000-09-07,14213
2026-10-05,2000-09-08,14271
2026-10-05,2000-09-11,14229
2026-10-05,2000-09-12,14067
2026-10-05,2000-09-13,13936
2026-10-05,2000-09-14,13884
2026-10-05,2000-09-15,13854
2026-10-05,2000-09-18,13805
2026-10-05,2000-09-19,13668
2026-10-05,2000-09-20,13586
2026-10-05,2000-09-21,13554
2026-10-05,2000-09-22,13507
2026-10-05,2000-09-25,13449
2026-10-05,2000-09-26,13336
2026-10-05,2000-09-27,13301
2026-10-05,2000-09-28,13434
2026-10-05,2000-09-29,13568
2026-10-05,2000-10-02,13720
2026-10-05,2000-10-03,13819
2026-10-05,2000-10-04,14015
2026-10-05,2000-10-05,14130
2026-10-05,2000-10-06,14206
2026-10-05,2000-10-09,14225
2026-10-05,2000-10-10,14119
2026-10-05,2000-10-11,14105
2026-10-05,2000-10-12,14072
2026-10-05,2000-10-13,14015
2026-10-05,2000-10-17,13923
2026-10-05,2000-10-18,13730
2026-10-05,2000-10-19,13577
2026-10-05,2000-10-20,13503
2026-10-05,2000-10-23,13435
2026-10-05,2000-10-24,13279
2026-10-05,2000-10-25,13172
2026-10-05,2000-10-26,13128
2026-10-05,2000-10-27,13150
2026-10-05,2000-10-30,13262
2026-10-05,2000-10-31,13355
2026-10-05,2000-11-01,13472
2026-10-05,2000-11-02,13767
2026-10-05,2000-11-03,13952
2026-10-05,2000-11-07,13958
2026-10-05,2000-11-08,13887
2026-10-05,2000-11-09,13875
2026-10-05,2000-11-10,13848
2026-10-05,2000-11-13,13815
2026-10-05,2000-11-14,13664
2026-10-05,2000-11-15,13535
2026-10-05,2000-11-16,13508
2026-10-05,2000-11-17,13469
2026-10-05,2000-11-20,13440
2026-10-05,2000-11-21,13378
2026-10-05,2000-11-22,13379
2026-10-05,2000-11-23,13340
2026-10-05,2000-11-24,13324
2026-10-05,2000-11-27,13279
2026-10-05,2000-11-28,13155
2026-10-05,2000-11-29,13134
2026-10-05,2000-11-30,13330
2026-10-05,2000-12-01,13516
2026-10-05,2000-12-04,13694
2026-10-05,2000-12-05,13769
2026-10-05,2000-12-06,13977
2026-10-05,2000-12-07,14108
2026-10-05,2000-12-11,14086
2026-10-05,2000-12-12,13949
2026-10-05,2000-12-13,13840
2026-10-05,2000-12-14,13816
2026-10-05,2000-12-15,13809
2026-10-05,2000-12-18,13870
2026-10-05,2000-12-19,13912
2026-10-05,2000-12-20,14065
2026-10-05,2000-12-21,14416
2026-10-05,2000-12-22,14668
2026-10-05,2000-12-26,14783
2026-10-05,2000-12-27,14877
2026-10-05,2000-12-31,15054
2026-10-05,2001-01-02,15056
2026-10-05,2001-01-03,14919
2026-10-05,2001-01-04,14875
2026-10-05,2001-01-05,14954
2026-10-05,2001-01-08,14940
2026-10-05,2001-01-09,14841
2026-10-05,2001-01-10,14754
2026-10-05,2001-01-11,14703
2026-10-05,2001-01-12,14656
2026-10-05,2001-01-15,14555
2026-10-05,2001-01-16,14406
2026-10-05,2001-01-17,14260
2026-10-05,2001-01-18,14212
2026-10-05,2001-01-19,14186
2026-10-05,2001-01-22,14130
2026-10-05,2001-01-23,13987
2026-10-05,2001-01-24,13853
2026-10-05,2001-01-25,13775
2026-10-05,2001-01-26,13696
2026-10-05,2001-01-29,13712
2026-10-05,2001-01-30,13732
2026-10-05,2001-01-31,13846
2026-10-05,2001-02-01,14059
2026-10-05,2001-02-02,14192
2026-10-05,2001-02-05,14294
2026-10-05,2001-02-06,14308
2026-10-05,2001-02-07,14314
2026-10-05,2001-02-08,14357
2026-10-05,2001-02-09,14371
2026-10-05,2001-02-12,14311
2026-10-05,2001-02-13,14168
2026-10-05,2001-02-14,14034
2026-10-05,2001-02-15,14001
2026-10-05,2001-02-16,13931
2026-10-05,2001-02-19,13888
2026-10-05,2001-02-20,13769
2026-10-05,2001-02-21,13645
2026-10-05,2001-02-22,13594
2026-10-05,2001-02-23,13555
2026-10-05,2001-02-26,13562
2026-10-05,2001-02-27,13572
2026-10-05,2001-02-28,13690
2026-10-05,2001-03-01,13884
2026-10-05,2001-03-02,14029
2026-10-05,2001-03-05,14133
2026-10-05,2001-03-06,14157
2026-10-05,2001-03-07,14179
2026-10-05,2001-03-08,14258
2026-10-05,2001-03-09,14273
2026-10-05,2001-03-12,14228
2026-10-05,2001-03-13,14090
2026-10-05,2001-03-14,13970
2026-10-05,2001-03-15,13913
2026-10-05,2001-03-16,13894
2026-10-05,2001-03-19,13875
2026-10-05,2001-03-20,13791
2026-10-05,2001-03-21,13749
2026-10-05,2001-03-22,13653
2026-10-05,2001-03-23,13544
2026-10-05,2001-03-26,13451
2026-10-05,2001-03-27,13304
2026-10-05,2001-03-28,13273
2026-10-05,2001-03-29,13423
2026-10-05,2001-03-30,13554
2026-10-05,2001-04-03,13688
2026-10-05,2001-04-04,13738
2026-10-05,2001-04-05,13832
2026-10-05,2001-04-06,13960
2026-10-05,2001-04-09,14086
2026-10-05,2001-04-10,14140
2026-10-05,2001-04-11,14149
2026-10-05,2001-04-16,13996
2026-10-05,2001-04-17,13683
2026-10-05,2001-04-18,13457
2026-10-05,2001-04-19,13362
2026-10-05,2001-04-20,13279
2026-10-05,2001-04-23,13239
2026-10-05,2001-04-24,13106
2026-10-05,2001-04-25,13021
2026-10-05,2001-04-26,13038
2026-10-05,2001-04-27,13123
2026-10-05,2001-04-30,13284
2026-10-05,2001-05-02,13382
2026-10-05,2001-05-03,13500
2026-10-05,2001-05-04,13596
2026-10-05,2001-05-07,13691
2026-10-05,2001-05-08,13640
2026-10-05,2001-05-09,13585
2026-10-05,2001-05-10,13593
2026-10-05,2001-05-11,13538
2026-10-05,2001-05-14,13470
2026-10-05,2001-05-15,13297
2026-10-05,2001-05-16,13190
2026-10-05,2001-05-17,13161
2026-10-05,2001-05-18,13156
2026-10-05,2001-05-21,13140
2026-10-05,2001-05-22,13024
2026-10-05,2001-05-23,12966
2026-10-05,2001-05-24,12911
2026-10-05,2001-05-28,12870
2026-10-05,2001-05-29,12771
2026-10-05,2001-05-30,12815
2026-10-05,2001-05-31,12979
2026-10-05,2001-06-01,13707
2026-10-05,2001-06-04,14168
2026-10-05,2001-06-05,14302
2026-10-05,2001-06-06,14565
2026-10-05,2001-06-07,14741
2026-10-05,2001-06-08,15318
2026-10-05,2001-06-11,15387
2026-10-05,2001-06-12,15450
2026-10-05,2001-06-13,15438
2026-10-05,2001-06-14,15441
2026-10-05,2001-06-15,14965
2026-10-05,2001-06-19,15451
2026-10-05,2001-06-20,15229
2026-10-05,2001-06-21,14862
2026-10-05,2001-06-22,14611
2026-10-05,2001-06-25,14745
2026-10-05,2001-06-26,14576
2026-10-05,2001-06-27,14334
2026-10-05,2001-06-28,14327
2026-10-05,2001-06-29,14421
2026-10-05,2001-07-02,14894
2026-10-05,2001-07-03,15246
2026-10-05,2001-07-04,14972
2026-10-05,2001-07-05,15141
2026-10-05,2001-07-06,15203
2026-10-05,2001-07-10,15655
2026-10-05,2001-07-11,15404
2026-10-05,2001-07-12,15356
2026-10-05,2001-07-13,15624
2026-10-05,2001-07-16,15242
2026-10-05,2001-07-17,15477
2026-10-05,2001-07-18,15143
2026-10-05,2001-07-19,15039
2026-10-05,2001-07-20,15095
2026-10-05,2001-07-23,15013
2026-10-05,2001-07-24,14751
2026-10-05,2001-07-25,14587
2026-10-05,2001-07-26,14418
2026-10-05,2001-07-27,14263
2026-10-05,2001-07-30,14302
2026-10-05,2001-07-31,14359
2026-10-05,2001-08-01,13998
2026-10-05,2001-08-02,13978
2026-10-05,2001-08-03,13668
2026-10-05,2001-08-06,13803
2026-10-05,2001-08-07,13764
2026-10-05,2001-08-08,13661
2026-10-05,2001-08-09,13845
2026-10-05,2001-08-10,13860
2026-10-05,2001-08-13,13848
2026-10-05,2001-08-14,13643
2026-10-05,2001-08-15,13646
2026-10-05,2001-08-16,13637
2026-10-05,2001-08-17,13534
2026-10-05,2001-08-21,13465
2026-10-05,2001-08-22,13326
2026-10-05,2001-08-23,13397
2026-10-05,2001-08-24,13254
2026-10-05,2001-08-27,13221
2026-10-05,2001-08-28,12954
2026-10-05,2001-08-29,12997
2026-10-05,2001-08-30,12559
2026-10-05,2001-08-31,12599
2026-10-05,2001-09-03,12679
2026-10-05,2001-09-04,12715
2026-10-05,2001-09-05,12786
2026-10-05,2001-09-06,12998
2026-10-05,2001-09-07,13020
2026-10-05,2001-09-10,13037
2026-10-05,2001-09-11,13105
2026-10-05,2001-09-12,12986
2026-10-05,2001-09-13,13089
2026-10-05,2001-09-14,12925
2026-10-05,2001-09-17,12748
2026-10-05,2001-09-18,12948
2026-10-05,2001-09-19,12525
2026-10-05,2001-09-20,12599
2026-10-05,2001-09-21,12566
2026-10-05,2001-09-24,13472
2026-10-05,2001-09-25,12911
2026-10-05,2001-09-26,12596
2026-10-05,2001-09-27,12468
2026-10-05,2001-09-28,12272
2026-10-05,2001-10-01,12233
2026-10-05,2001-10-02,12514
2026-10-05,2001-10-03,12401
2026-10-05,2001-10-04,12534
2026-10-05,2001-10-05,12759
2026-10-05,2001-10-09,12817
2026-10-05,2001-10-10,12745
2026-10-05,2001-10-11,12581
2026-10-05,2001-10-12,12477
2026-10-05,2001-10-15,12511
2026-10-05,2001-10-16,12390
2026-10-05,2001-10-17,12181
2026-10-05,2001-10-18,12535
2026-10-05,2001-10-19,12114
2026-10-05,2001-10-22,12090
2026-10-05,2001-10-23,12093
2026-10-05,2001-10-24,11756
2026-10-05,2001-10-25,11778
2026-10-05,2001-10-26,11833
2026-10-05,2001-10-29,11773
2026-10-05,2001-10-30,11568
2026-10-05,2001-10-31,11684
2026-10-05,2001-11-01,11739
2026-10-05,2001-11-02,11643
2026-10-05,2001-11-05,11780
2026-10-05,2001-11-07,11823
2026-10-05,2001-11-08,11787
2026-10-05,2001-11-09,11858
2026-10-05,2001-11-12,11786
2026-10-05,2001-11-13,11811
2026-10-05,2001-11-14,11832
2026-10-05,2001-11-15,11755
2026-10-05,2001-11-16,11718
2026-10-05,2001-11-19,11558
2026-10-05,2001-11-20,11466
2026-10-05,2001-11-21,11322
2026-10-05,2001-11-22,11372
2026-10-05,2001-11-23,11433
2026-10-05,2001-11-26,11382
2026-10-05,2001-11-27,11273
2026-10-05,2001-11-28,11182
2026-10-05,2001-11-29,11143
2026-10-05,2001-11-30,11019
2026-10-05,2001-12-03,11308
2026-10-05,2001-12-04,11401
2026-10-05,2001-12-05,11006
2026-10-05,2001-12-06,11002
2026-10-05,2001-12-07,10853
2026-10-05,2001-12-10,11145
2026-10-05,2001-12-11,11149
2026-10-05,2001-12-12,11121
2026-10-05,2001-12-13,11111
2026-10-05,2001-12-14,11005
2026-10-05,2001-12-17,11176
2026-10-05,2001-12-18,11091
2026-10-05,2001-12-19,11034
2026-10-05,2001-12-20,10991
2026-10-05,2001-12-21,11073
2026-10-05,2001-12-24,11334
2026-10-05,2001-12-26,11478
2026-10-05,2001-12-27,12112
2026-10-05,2001-12-28,11883
2026-10-05,2001-12-31,11982
2026-10-05,2002-01-02,12169
2026-10-05,2002-01-03,12122
2026-10-05,2002-01-04,11890
2026-10-05,2002-01-07,11964
2026-10-05,2002-01-08,12018
2026-10-05,2002-01-09,12093
2026-10-05,2002-01-10,12048
2026-10-05,2002-01-11,13840
2026-10-05,2002-01-14,13938
2026-10-05,2002-01-15,14480
2026-10-05,2002-01-16,14617
2026-10-05,2002-01-17,14701
2026-10-05,2002-01-18,14656
2026-10-05,2002-01-21,14692
2026-10-05,2002-01-22,14766
2026-10-05,2002-01-23,14970
2026-10-05,2002-01-24,15135
2026-10-05,2002-01-25,15138
2026-10-05,2002-01-28,15123
2026-10-05,2002-01-29,15139
2026-10-05,2002-01-30,15251
2026-10-05,2002-01-31,15354
2026-10-05,2002-02-01,15481
2026-10-05,2002-02-04,15483
2026-10-05,2002-02-05,19639
2026-10-05,2002-02-06,19731
2026-10-05,2002-02-07,19904
2026-10-05,2002-02-08,20030
2026-10-05,2002-02-11,20279
2026-10-05,2002-02-12,20408
2026-10-05,2002-02-13,20460
2026-10-05,2002-02-14,20524
2026-10-05,2002-02-15,20627
2026-10-05,2002-02-18,20628
2026-10-05,2002-02-19,20663
2026-10-05,2002-02-20,20632
2026-10-05,2002-02-21,20697
2026-10-05,2002-02-22,20724
2026-10-05,2002-02-25,20815
2026-10-05,2002-02-26,20881
2026-10-05,2002-02-27,20795
2026-10-05,2002-02-28,20720
2026-10-05,2002-03-01,21067
2026-10-05,2002-03-04,21091
2026-10-05,2002-03-05,21912
2026-10-05,2002-03-06,21974
2026-10-05,2002-03-07,22013
2026-10-05,2002-03-08,21996
2026-10-05,2002-03-11,22246
2026-10-05,2002-03-12,21981
2026-10-05,2002-03-13,21855
2026-10-05,2002-03-14,21601
2026-10-05,2002-03-15,21459
2026-10-05,2002-03-18,21386
2026-10-05,2002-03-19,21134
2026-10-05,2002-03-20,20921
2026-10-05,2002-03-21,20610
2026-10-05,2002-03-22,20570
2026-10-05,2002-03-25,20599
2026-10-05,2002-03-26,20380
2026-10-05,2002-03-27,20462
2026-10-05,2002-04-02,20399
2026-10-05,2002-04-03,20658
2026-10-05,2002-04-04,20846
2026-10-05,2002-04-05,21039
2026-10-05,2002-04-08,21143
2026-10-05,2002-04-09,21188
2026-10-05,2002-04-10,21015
2026-10-05,2002-04-11,20791
2026-10-05,2002-04-12,20662
2026-10-05,2002-04-15,20655
2026-10-05,2002-04-16,20567
2026-10-05,2002-04-17,20576
2026-10-05,2002-04-18,20490
2026-10-05,2002-04-19,20413
2026-10-05,2002-04-22,20372
2026-10-05,2002-04-23,20517
2026-10-05,2002-04-24,20618
2026-10-05,2002-04-25,20722
2026-10-05,2002-04-26,21135
2026-10-05,2002-04-29,21373
2026-10-05,2002-04-30,21279
2026-10-05,2002-05-02,21262
2026-10-05,2002-05-03,21498
2026-10-05,2002-05-06,21386
2026-10-05,2002-05-07,21379
2026-10-05,2002-05-08,21153
2026-10-05,2002-05-09,21349
2026-10-05,2002-05-10,22000
2026-10-05,2002-05-13,21987
2026-10-05,2002-05-14,21987
2026-10-05,2002-05-15,21902
2026-10-05,2002-05-16,21899
2026-10-05,2002-05-17,21768
2026-10-05,2002-05-20,21637
2026-10-05,2002-05-21,21465
2026-10-05,2002-05-22,21324
2026-10-05,2002-05-23,21446
2026-10-05,2002-05-24,21503
2026-10-05,2002-05-27,21438
2026-10-05,2002-05-28,21243
2026-10-05,2002-05-29,21029
2026-10-05,2002-05-30,20803
2026-10-05,2002-05-31,20782
2026-10-05,2002-06-03,21008
2026-10-05,2002-06-04,20980
2026-10-05,2002-06-05,20820
2026-10-05,2002-06-06,20658
2026-10-05,2002-06-07,20490
2026-10-05,2002-06-10,20557
2026-10-05,2002-06-11,20477
2026-10-05,2002-06-12,20414
2026-10-05,2002-06-13,20408
2026-10-05,2002-06-14,20359
2026-10-05,2002-06-18,20401
2026-10-05,2002-06-19,20346
2026-10-05,2002-06-20,20292
2026-10-05,2002-06-21,20194
2026-10-05,2002-06-24,19978
2026-10-05,2002-06-25,20040
2026-10-05,2002-06-26,20007
2026-10-05,2002-06-27,20048
2026-10-05,2002-06-28,20189
2026-10-05,2002-07-01,20245
2026-10-05,2002-07-02,20194
2026-10-05,2002-07-03,20351
2026-10-05,2002-07-04,20250
2026-10-05,2002-07-05,20167
2026-10-05,2002-07-08,20224
2026-10-05,2002-07-10,20262
2026-10-05,2002-07-11,20351
2026-10-05,2002-07-12,20067
2026-10-05,2002-07-15,20336
2026-10-05,2002-07-16,20545
2026-10-05,2002-07-17,20657
2026-10-05,2002-07-18,20515
2026-10-05,2002-07-19,20343
2026-10-05,2002-07-22,20433
2026-10-05,2002-07-23,20425
2026-10-05,2002-07-24,20330
2026-10-05,2002-07-25,20392
2026-10-05,2002-07-26,20343
2026-10-05,2002-07-29,20369
2026-10-05,2002-07-30,20621
2026-10-05,2002-07-31,20520
2026-10-05,2002-08-01,20439
2026-10-05,2002-08-02,20371
2026-10-05,2002-08-05,20588
2026-10-05,2002-08-06,20589
2026-10-05,2002-08-07,20598
2026-10-05,2002-08-08,20992
2026-10-05,2002-08-09,20952
2026-10-05,2002-08-12,21010
2026-10-05,2002-08-13,21202
2026-10-05,2002-08-14,21144
2026-10-05,2002-08-15,21191
2026-10-05,2002-08-16,21133
2026-10-05,2002-08-20,21294
2026-10-05,2002-08-21,21306
2026-10-05,2002-08-22,21550
2026-10-05,2002-08-23,21230
2026-10-05,2002-08-26,21229
2026-10-05,2002-08-27,21166
2026-10-05,2002-08-28,21181
2026-10-05,2002-08-29,21282
2026-10-05,2002-08-30,21283
2026-10-05,2002-09-02,21249
2026-10-05,2002-09-03,21450
2026-10-05,2002-09-04,21536
2026-10-05,2002-09-05,21486
2026-10-05,2002-09-06,21594
2026-10-05,2002-09-09,21968
2026-10-05,2002-09-10,22178
2026-10-05,2002-09-11,22312
2026-10-05,2002-09-12,22435
2026-10-05,2002-09-13,22513
2026-10-05,2002-09-16,22664
2026-10-05,2002-09-17,22667
2026-10-05,2002-09-18,22518
2026-10-05,2002-09-19,22589
2026-10-05,2002-09-20,22778
2026-10-05,2002-09-23,22859
2026-10-05,2002-09-24,22867
2026-10-05,2002-09-25,22771
2026-10-05,2002-09-26,22731
2026-10-05,2002-09-27,22568
2026-10-05,2002-09-30,22607
2026-10-05,2002-10-01,22621
2026-10-05,2002-10-02,22581
2026-10-05,2002-10-03,22615
2026-10-05,2002-10-04,22663
2026-10-05,2002-10-07,22732
2026-10-05,2002-10-08,22880
2026-10-05,2002-10-09,23254
2026-10-05,2002-10-10,23503
2026-10-05,2002-10-11,23383
2026-10-05,2002-10-15,23644
2026-10-05,2002-10-16,23835
2026-10-05,2002-10-17,23946
2026-10-05,2002-10-18,23720
2026-10-05,2002-10-21,23796
2026-10-05,2002-10-22,23805
2026-10-05,2002-10-23,23875
2026-10-05,2002-10-24,23908
2026-10-05,2002-10-25,23972
2026-10-05,2002-10-28,24052
2026-10-05,2002-10-29,24109
2026-10-05,2002-10-30,24281
2026-10-05,2002-10-31,24403
2026-10-05,2002-11-01,24432
2026-10-05,2002-11-04,24440
2026-10-05,2002-11-05,24356
2026-10-05,2002-11-07,24597
2026-10-05,2002-11-08,25170
2026-10-05,2002-11-11,25153
2026-10-05,2002-11-12,25312
2026-10-05,2002-11-13,25497
2026-10-05,2002-11-14,25536
2026-10-05,2002-11-15,25455
2026-10-05,2002-11-18,25539
2026-10-05,2002-11-19,25681
2026-10-05,2002-11-20,25669
2026-10-05,2002-11-21,25771
2026-10-05,2002-11-22,25807
2026-10-05,2002-11-25,25886
2026-10-05,2002-11-26,26142
2026-10-05,2002-11-27,26339
2026-10-05,2002-11-28,26321
2026-10-05,2002-11-29,26363
2026-10-05,2002-12-02,26458
2026-10-05,2002-12-03,26706
2026-10-05,2002-12-04,26831
2026-10-05,2002-12-05,26904
2026-10-05,2002-12-06,26951
2026-10-05,2002-12-09,27036
2026-10-05,2002-12-10,27185
2026-10-05,2002-12-11,27308
2026-10-05,2002-12-12,27489
2026-10-05,2002-12-13,27503
2026-10-05,2002-12-16,27572
2026-10-05,2002-12-17,27596
2026-10-05,2002-12-18,27822
2026-10-05,2002-12-19,28046
2026-10-05,2002-12-20,28032
2026-10-05,2002-12-23,28273
2026-10-05,2002-12-24,28235
2026-10-05,2002-12-26,28369
2026-10-05,2002-12-27,28515
2026-10-05,2002-12-30,29163
2026-10-05,2002-12-31,29151
2026-10-05,2003-01-02,29302
2026-10-05,2003-01-03,29360
2026-10-05,2003-01-06,29524
2026-10-05,2003-01-07,29867
2026-10-05,2003-01-08,29957
2026-10-05,2003-01-09,29988
2026-10-05,2003-01-10,29680
2026-10-05,2003-01-13,29778
2026-10-05,2003-01-14,29889
2026-10-05,2003-01-15,29882
2026-10-05,2003-01-16,29917
2026-10-05,2003-01-17,29341
2026-10-05,2003-01-20,29392
2026-10-05,2003-01-21,29594
2026-10-05,2003-01-22,29573
2026-10-05,2003-01-23,29611
2026-10-05,2003-01-24,29632
2026-10-05,2003-01-27,29601
2026-10-05,2003-01-28,29613
2026-10-05,2003-01-29,29634
2026-10-05,2003-01-30,29646
2026-10-05,2003-01-31,29492
2026-10-05,2003-02-03,29167
2026-10-05,2003-02-04,29217
2026-10-05,2003-02-05,29186
2026-10-05,2003-02-06,29214
2026-10-05,2003-02-07,29188
2026-10-05,2003-02-10,28749
2026-10-05,2003-02-11,28808
2026-10-05,2003-02-12,28922
2026-10-05,2003-02-13,28965
2026-10-05,2003-02-14,29027
2026-10-05,2003-02-17,29024
2026-10-05,2003-02-18,29083
2026-10-05,2003-02-19,29165
2026-10-05,2003-02-20,29976
2026-10-05,2003-02-21,30027
2026-10-05,2003-02-24,30051
2026-10-05,2003-02-25,30128
2026-10-05,2003-02-26,30117
2026-10-05,2003-02-27,30127
2026-10-05,2003-02-28,30164
2026-10-05,2003-03-03,30206
2026-10-05,2003-03-04,30246
2026-10-05,2003-03-05,30210
2026-10-05,2003-03-06,30229
2026-10-05,2003-03-07,30184
2026-10-05,2003-03-10,30255
2026-10-05,2003-03-11,30236
2026-10-05,2003-03-12,30337
2026-10-05,2003-03-13,30321
2026-10-05,2003-03-14,30301
2026-10-05,2003-03-17,30354
2026-10-05,2003-03-18,30366
2026-10-05,2003-03-19,30407
2026-10-05,2003-03-20,30469
2026-10-05,2003-03-21,30498
2026-10-05,2003-03-24,30572
2026-10-05,2003-03-25,30599
2026-10-05,2003-03-26,30612
2026-10-05,2003-03-27,30663
2026-10-05,2003-03-28,30667
2026-10-05,2003-04-01,30673
2026-10-05,2003-04-02,30662
2026-10-05,2003-04-03,30776
2026-10-05,2003-04-04,30704
2026-10-05,2003-04-07,30734
2026-10-05,2003-04-08,30742
2026-10-05,2003-04-09,30840
2026-10-05,2003-04-10,30900
2026-10-05,2003-04-11,30850
2026-10-05,2003-04-14,30863
2026-10-05,2003-04-15,30866
2026-10-05,2003-04-16,30852
2026-10-05,2003-04-21,30874
2026-10-05,2003-04-22,31055
2026-10-05,2003-04-23,31013
2026-10-05,2003-04-24,31041
2026-10-05,2003-04-25,30887
2026-10-05,2003-04-28,30952
2026-10-05,2003-04-29,31078
2026-10-05,2003-04-30,31475
2026-10-05,2003-05-02,31706
2026-10-05,2003-05-05,31903
2026-10-05,2003-05-06,32052
2026-10-05,2003-05-07,31977
2026-10-05,2003-05-08,32367
2026-10-05,2003-05-09,32860
2026-10-05,2003-05-12,33021
2026-10-05,2003-05-13,33266
2026-10-05,2003-05-14,33161
2026-10-05,2003-05-15,33222
2026-10-05,2003-05-16,33373
2026-10-05,2003-05-19,33431
2026-10-05,2003-05-20,33672
2026-10-05,2003-05-21,33831
2026-10-05,2003-05-22,33920
2026-10-05,2003-05-23,33740
2026-10-05,2003-05-26,33749
2026-10-05,2003-05-27,33895
2026-10-05,2003-05-28,33806
2026-10-05,2003-05-29,34177
2026-10-05,2003-05-30,34149
2026-10-05,2003-06-02,34294
2026-10-05,2003-06-03,34502
2026-10-05,2003-06-04,34599
2026-10-05,2003-06-05,34708
2026-10-05,2003-06-06,34848
2026-10-05,2003-06-09,35114
2026-10-05,2003-06-10,35370
2026-10-05,2003-06-11,35265
2026-10-05,2003-06-12,35715
2026-10-05,2003-06-13,36243
2026-10-05,2003-06-17,36548
2026-10-05,2003-06-18,36766
2026-10-05,2003-06-19,36804
2026-10-05,2003-06-20,36972
2026-10-05,2003-06-23,37270
2026-10-05,2003-06-24,37551
2026-10-05,2003-06-25,37453
2026-10-05,2003-06-26,37725
2026-10-05,2003-06-27,37622
2026-10-05,2003-06-30,37674
2026-10-05,2003-07-01,37918
2026-10-05,2003-07-02,37765
2026-10-05,2003-07-03,37944
2026-10-05,2003-07-04,37799
2026-10-05,2003-07-07,37974
2026-10-05,2003-07-08,38113
2026-10-05,2003-07-10,38011
2026-10-05,2003-07-11,37889
2026-10-05,2003-07-14,37987
2026-10-05,2003-07-15,38180
2026-10-05,2003-07-16,37961
2026-10-05,2003-07-17,37673
2026-10-05,2003-07-18,37678
2026-10-05,2003-07-21,37832
2026-10-05,2003-07-22,37957
2026-10-05,2003-07-23,37834
2026-10-05,2003-07-24,38034
2026-10-05,2003-07-25,38054
2026-10-05,2003-07-28,38161
2026-10-05,2003-07-29,38461
2026-10-05,2003-07-30,38531
2026-10-05,2003-07-31,38573
2026-10-05,2003-08-01,38701
2026-10-05,2003-08-04,38259
2026-10-05,2003-08-05,38282
2026-10-05,2003-08-06,38183
2026-10-05,2003-08-07,38198
2026-10-05,2003-08-08,38170
2026-10-05,2003-08-11,38394
2026-10-05,2003-08-12,38479
2026-10-05,2003-08-13,38956
2026-10-05,2003-08-14,39024
2026-10-05,2003-08-15,39007
2026-10-05,2003-08-19,39328
2026-10-05,2003-08-20,39352
2026-10-05,2003-08-21,39427
2026-10-05,2003-08-22,39352
2026-10-05,2003-08-25,39386
2026-10-05,2003-08-26,39576
2026-10-05,2003-08-27,39592
2026-10-05,2003-08-28,39629
2026-10-05,2003-08-29,39813
2026-10-05,2003-09-01,39922
2026-10-05,2003-09-02,39966
2026-10-05,2003-09-03,39947
2026-10-05,2003-09-04,39929
2026-10-05,2003-09-05,39958
2026-10-05,2003-09-08,39996
2026-10-05,2003-09-09,40102
2026-10-05,2003-09-10,40072
2026-10-05,2003-09-11,39413
2026-10-05,2003-09-12,39359
2026-10-05,2003-09-15,39409
2026-10-05,2003-09-16,39426
2026-10-05,2003-09-17,39398
2026-10-05,2003-09-18,39490
2026-10-05,2003-09-19,39669
2026-10-05,2003-09-22,39678
2026-10-05,2003-09-23,39704
2026-10-05,2003-09-24,39659
2026-10-05,2003-09-25,39718
2026-10-05,2003-09-26,39598
2026-10-05,2003-09-29,39724
2026-10-05,2003-09-30,40477
2026-10-05,2003-10-01,41019
2026-10-05,2003-10-02,40994
2026-10-05,2003-10-03,41038
2026-10-05,2003-10-06,41049
2026-10-05,2003-10-07,41144
2026-10-05,2003-10-08,41259
2026-10-05,2003-10-09,41364
2026-10-05,2003-10-10,41436
2026-10-05,2003-10-14,41337
2026-10-05,2003-10-15,41488
2026-10-05,2003-10-16,41576
2026-10-05,2003-10-17,41653
2026-10-05,2003-10-20,41864
2026-10-05,2003-10-21,41974
2026-10-05,2003-10-22,42073
2026-10-05,2003-10-23,42201
2026-10-05,2003-10-24,42313
2026-10-05,2003-10-27,42434
2026-10-05,2003-10-28,42605
2026-10-05,2003-10-29,42702
2026-10-05,2003-10-30,42829
2026-10-05,2003-10-31,42946
2026-10-05,2003-11-03,42928
2026-10-05,2003-11-04,42958
2026-10-05,2003-11-05,43007
2026-10-05,2003-11-07,43044
2026-10-05,2003-11-10,43164
2026-10-05,2003-11-11,43174
2026-10-05,2003-11-12,43277
2026-10-05,2003-11-13,43357
2026-10-05,2003-11-14,43404
2026-10-05,2003-11-17,43537
2026-10-05,2003-11-18,43614
2026-10-05,2003-11-19,43738
2026-10-05,2003-11-20,43828
2026-10-05,2003-11-21,43861
2026-10-05,2003-11-24,43933
2026-10-05,2003-11-25,44026
2026-10-05,2003-11-26,44050
2026-10-05,2003-11-27,44057
2026-10-05,2003-11-28,44157
2026-10-05,2003-12-01,44265
2026-10-05,2003-12-02,44305
2026-10-05,2003-12-03,44360
2026-10-05,2003-12-04,44432
2026-10-05,2003-12-05,44549
2026-10-05,2003-12-09,44680
2026-10-05,2003-12-10,44685
2026-10-05,2003-12-11,44725
2026-10-05,2003-12-12,44948
2026-10-05,2003-12-15,45035
2026-10-05,2003-12-16,45105
2026-10-05,2003-12-17,45313
2026-10-05,2003-12-18,45441
2026-10-05,2003-12-19,45618
2026-10-05,2003-12-22,45738
2026-10-05,2003-12-23,46411
2026-10-05,2003-12-24,46406
2026-10-05,2003-12-26,46608
2026-10-05,2003-12-29,46754
2026-10-05,2003-12-30,46564
2026-10-05,2003-12-31,46391
2026-10-05,2004-01-02,46747
2026-10-05,2004-01-05,46758
2026-10-05,2004-01-06,46874
2026-10-05,2004-01-07,46755
2026-10-05,2004-01-08,46869
2026-10-05,2004-01-09,46974
2026-10-05,2004-01-12,47053
2026-10-05,2004-01-13,46920
2026-10-05,2004-01-14,46902
2026-10-05,2004-01-15,47066
2026-10-05,2004-01-16,47158
2026-10-05,2004-01-19,47219
2026-10-05,2004-01-20,47278
2026-10-05,2004-01-21,47103
2026-10-05,2004-01-22,46924
2026-10-05,2004-01-23,47080
2026-10-05,2004-01-26,47140
2026-10-05,2004-01-27,47194
2026-10-05,2004-01-28,46901
2026-10-05,2004-01-29,46936
2026-10-05,2004-01-30,46994
2026-10-05,2004-02-02,47035
2026-10-05,2004-02-03,47359
2026-10-05,2004-02-04,47201
2026-10-05,2004-02-05,47202
2026-10-05,2004-02-06,46864
2026-10-05,2004-02-09,46934
2026-10-05,2004-02-10,46958
2026-10-05,2004-02-11,46750
2026-10-05,2004-02-12,46689
2026-10-05,2004-02-13,46799
2026-10-05,2004-02-16,46752
2026-10-05,2004-02-17,46796
2026-10-05,2004-02-18,46636
2026-10-05,2004-02-19,46659
2026-10-05,2004-02-20,46831
2026-10-05,2004-02-23,46884
2026-10-05,2004-02-24,46914
2026-10-05,2004-02-25,46866
2026-10-05,2004-02-26,46874
2026-10-05,2004-02-27,46892
2026-10-05,2004-03-01,46892
2026-10-05,2004-03-02,46734
2026-10-05,2004-03-03,46606
2026-10-05,2004-03-04,46604
2026-10-05,2004-03-05,46643
2026-10-05,2004-03-08,46665
2026-10-05,2004-03-09,43425
2026-10-05,2004-03-10,43406
2026-10-05,2004-03-11,43464
2026-10-05,2004-03-12,43518
2026-10-05,2004-03-15,43235
2026-10-05,2004-03-16,43301
2026-10-05,2004-03-17,43574
2026-10-05,2004-03-18,43639
2026-10-05,2004-03-19,42847
2026-10-05,2004-03-22,42924
2026-10-05,2004-03-23,43009
2026-10-05,2004-03-24,42924
2026-10-05,2004-03-25,44489
2026-10-05,2004-03-26,45159
2026-10-05,2004-03-29,45226
2026-10-05,2004-03-30,45310
2026-10-05,2004-03-31,45633
2026-10-05,2004-04-01,45768
2026-10-05,2004-04-02,45682
2026-10-05,2004-04-06,45758
2026-10-05,2004-04-07,45660
2026-10-05,2004-04-12,45785
2026-10-05,2004-04-13,45876
2026-10-05,2004-04-14,45827
2026-10-05,2004-04-15,45821
2026-10-05,2004-04-16,45961
2026-10-05,2004-04-19,46151
2026-10-05,2004-04-20,46225
2026-10-05,2004-04-21,46260
2026-10-05,2004-04-22,46308
2026-10-05,2004-04-23,46575
2026-10-05,2004-04-26,46721
2026-10-05,2004-04-27,46818
2026-10-05,2004-04-28,46806
2026-10-05,2004-04-29,46935
2026-10-05,2004-04-30,47065
2026-10-05,2004-05-03,47151
2026-10-05,2004-05-04,46308
2026-10-05,2004-05-05,46343
2026-10-05,2004-05-06,46470
2026-10-05,2004-05-07,46609
2026-10-05,2004-05-10,46770
2026-10-05,2004-05-11,46909
2026-10-05,2004-05-12,46811
2026-10-05,2004-05-13,46932
2026-10-05,2004-05-14,47079
2026-10-05,2004-05-17,46837
2026-10-05,2004-05-18,46929
2026-10-05,2004-05-19,47151
2026-10-05,2004-05-20,47280
2026-10-05,2004-05-21,47428
2026-10-05,2004-05-24,47555
2026-10-05,2004-05-26,47685
2026-10-05,2004-05-27,47742
2026-10-05,2004-05-28,47736
2026-10-05,2004-05-31,47650
2026-10-05,2004-06-01,47763
2026-10-05,2004-06-02,47775
2026-10-05,2004-06-03,47909
2026-10-05,2004-06-04,47575
2026-10-05,2004-06-07,47699
2026-10-05,2004-06-08,47790
2026-10-05,2004-06-09,47731
2026-10-05,2004-06-10,47806
2026-10-05,2004-06-11,47765
2026-10-05,2004-06-14,47911
2026-10-05,2004-06-15,47995
2026-10-05,2004-06-16,47996
2026-10-05,2004-06-17,48086
2026-10-05,2004-06-18,48033
2026-10-05,2004-06-22,48125
2026-10-05,2004-06-23,48068
2026-10-05,2004-06-24,48181
2026-10-05,2004-06-25,48327
2026-10-05,2004-06-28,48383
2026-10-05,2004-06-29,48531
2026-10-05,2004-06-30,48627
2026-10-05,2004-07-01,48297
2026-10-05,2004-07-02,47933
2026-10-05,2004-07-05,47557
2026-10-05,2004-07-06,47266
2026-10-05,2004-07-07,46500
2026-10-05,2004-07-08,45937
2026-10-05,2004-07-12,45858
2026-10-05,2004-07-13,45592
2026-10-05,2004-07-14,45526
2026-10-05,2004-07-15,45214
2026-10-05,2004-07-16,45170
2026-10-05,2004-07-19,45513
2026-10-05,2004-07-20,45943
2026-10-05,2004-07-21,46331
2026-10-05,2004-07-22,46720
2026-10-05,2004-07-23,46650
2026-10-05,2004-07-26,46911
2026-10-05,2004-07-27,46919
2026-10-05,2004-07-28,46962
2026-10-05,2004-07-29,47103
2026-10-05,2004-07-30,47062
2026-10-05,2004-08-02,47284
2026-10-05,2004-08-03,47048
2026-10-05,2004-08-04,47034
2026-10-05,2004-08-05,46820
2026-10-05,2004-08-06,46978
2026-10-05,2004-08-09,46754
2026-10-05,2004-08-10,46571
2026-10-05,2004-08-11,46181
2026-10-05,2004-08-12,45543
2026-10-05,2004-08-13,45248
2026-10-05,2004-08-17,46094
2026-10-05,2004-08-18,46387
2026-10-05,2004-08-19,46341
2026-10-05,2004-08-20,46456
2026-10-05,2004-08-23,46289
2026-10-05,2004-08-24,46282
2026-10-05,2004-08-25,46111
2026-10-05,2004-08-26,46455
2026-10-05,2004-08-27,47246
2026-10-05,2004-08-30,47024
2026-10-05,2004-08-31,47407
2026-10-05,2004-09-01,46841
2026-10-05,2004-09-02,46225
2026-10-05,2004-09-03,46529
2026-10-05,2004-09-06,46488
2026-10-05,2004-09-07,46508
2026-10-05,2004-09-08,46377
2026-10-05,2004-09-09,46409
2026-10-05,2004-09-10,46194
2026-10-05,2004-09-13,45630
2026-10-05,2004-09-14,46027
2026-10-05,2004-09-15,46113
2026-10-05,2004-09-16,46340
2026-10-05,2004-09-17,46160
2026-10-05,2004-09-20,46530
2026-10-05,2004-09-21,46159
2026-10-05,2004-09-22,46307
2026-10-05,2004-09-23,46357
2026-10-05,2004-09-24,45988
2026-10-05,2004-09-27,46117
2026-10-05,2004-09-28,46493
2026-10-05,2004-09-29,46984
2026-10-05,2004-09-30,47534
2026-10-05,2004-10-01,47523
2026-10-05,2004-10-04,47067
2026-10-05,2004-10-05,46901
2026-10-05,2004-10-06,46991
2026-10-05,2004-10-07,46986
2026-10-05,2004-10-08,47120
2026-10-05,2004-10-12,47002
2026-10-05,2004-10-13,46925
2026-10-05,2004-10-14,46662
2026-10-05,2004-10-15,46680
2026-10-05,2004-10-18,45813
2026-10-05,2004-10-19,46802
2026-10-05,2004-10-20,46393
2026-10-05,2004-10-21,46134
2026-10-05,2004-10-22,46071
2026-10-05,2004-10-25,45859
2026-10-05,2004-10-26,45867
2026-10-05,2004-10-27,45612
2026-10-05,2004-10-28,45372
2026-10-05,2004-10-29,45891
2026-10-05,2004-11-01,46104
2026-10-05,2004-11-02,46219
2026-10-05,2004-11-03,46589
2026-10-05,2004-11-04,46597
2026-10-05,2004-11-05,46809
2026-10-05,2004-11-08,47006
2026-10-05,2004-11-09,46947
2026-10-05,2004-11-10,46876
2026-10-05,2004-11-11,46701
2026-10-05,2004-11-12,46447
2026-10-05,2004-11-15,46485
2026-10-05,2004-11-16,46515
2026-10-05,2004-11-17,46431
2026-10-05,2004-11-18,46766
2026-10-05,2004-11-19,47151
2026-10-05,2004-11-22,47381
2026-10-05,2004-11-23,47591
2026-10-05,2004-11-24,47813
2026-10-05,2004-11-25,47927
2026-10-05,2004-11-26,48495
2026-10-05,2004-11-29,48592
2026-10-05,2004-11-30,48675
2026-10-05,2004-12-01,48779
2026-10-05,2004-12-02,48968
2026-10-05,2004-12-03,49144
2026-10-05,2004-12-06,49210
2026-10-05,2004-12-07,49514
2026-10-05,2004-12-09,49688
2026-10-05,2004-12-10,49692
2026-10-05,2004-12-13,49983
2026-10-05,2004-12-14,50298
2026-10-05,2004-12-15,49972
2026-10-05,2004-12-16,50787
2026-10-05,2004-12-17,51345
2026-10-05,2004-12-20,51497
2026-10-05,2004-12-21,51666
2026-10-05,2004-12-22,51059
2026-10-05,2004-12-23,51236
2026-10-05,2004-12-24,51397
2026-10-05,2004-12-27,51645
2026-10-05,2004-12-28,51758
2026-10-05,2004-12-29,51754
2026-10-05,2004-12-30,52093
2026-10-05,2004-12-31,52477
2026-10-05,2005-01-03,52537
2026-10-05,2005-01-04,52310
2026-10-05,2005-01-05,51857
2026-10-05,2005-01-06,51825
2026-10-05,2005-01-07,51573
2026-10-05,2005-01-10,50551
2026-10-05,2005-01-11,50205
2026-10-05,2005-01-12,49815
2026-10-05,2005-01-13,49836
2026-10-05,2005-01-14,49327
2026-10-05,2005-01-17,49816
2026-10-05,2005-01-18,49589
2026-10-05,2005-01-19,49228
2026-10-05,2005-01-20,49604
2026-10-05,2005-01-21,49425
2026-10-05,2005-01-24,49559
2026-10-05,2005-01-25,47619
2026-10-05,2005-01-26,47549
2026-10-05,2005-01-27,48853
2026-10-05,2005-01-28,48960
2026-10-05,2005-01-31,49363
2026-10-05,2005-02-01,50199
2026-10-05,2005-02-02,49141
2026-10-05,2005-02-03,49295
2026-10-05,2005-02-04,49517
2026-10-05,2005-02-07,49567
2026-10-05,2005-02-08,49218
2026-10-05,2005-02-09,49197
2026-10-05,2005-02-10,50211
2026-10-05,2005-02-11,49619
2026-10-05,2005-02-14,49329
2026-10-05,2005-02-15,48629
2026-10-05,2005-02-16,47974
2026-10-05,2005-02-17,48740
2026-10-05,2005-02-18,49457
2026-10-05,2005-02-21,49701
2026-10-05,2005-02-22,49617
2026-10-05,2005-02-23,48819
2026-10-05,2005-02-24,49865
2026-10-05,2005-02-25,50040
2026-10-05,2005-02-28,49664
2026-10-05,2005-03-01,49776
2026-10-05,2005-03-02,48894
2026-10-05,2005-03-03,49086
2026-10-05,2005-03-04,49283
2026-10-05,2005-03-07,49797
2026-10-05,2005-03-08,49747
2026-10-05,2005-03-09,49688
2026-10-05,2005-03-10,49497
2026-10-05,2005-03-11,49737
2026-10-05,2005-03-14,50040
2026-10-05,2005-03-15,50200
2026-10-05,2005-03-16,49870
2026-10-05,2005-03-17,49871
2026-10-05,2005-03-18,49835
2026-10-05,2005-03-21,50013
2026-10-05,2005-03-22,50113
2026-10-05,2005-03-23,49756
2026-10-05,2005-03-28,49763
2026-10-05,2005-03-29,50264
2026-10-05,2005-03-30,50968
2026-10-05,2005-03-31,50203
2026-10-05,2005-04-01,49662
2026-10-05,2005-04-04,50506
2026-10-05,2005-04-05,50954
2026-10-05,2005-04-06,50089
2026-10-05,2005-04-07,49814
2026-10-05,2005-04-08,49685
2026-10-05,2005-04-11,50270
2026-10-05,2005-04-12,50186
2026-10-05,2005-04-13,50619
2026-10-05,2005-04-14,50781
2026-10-05,2005-04-15,50757
2026-10-05,2005-04-18,50505
2026-10-05,2005-04-19,50459
2026-10-05,2005-04-20,48976
2026-10-05,2005-04-21,50042
2026-10-05,2005-04-22,49651
2026-10-05,2005-04-25,48962
2026-10-05,2005-04-26,48288
2026-10-05,2005-04-27,48893
2026-10-05,2005-04-28,49387
2026-10-05,2005-04-29,49845
2026-10-05,2005-05-02,49867
2026-10-05,2005-05-03,50666
2026-10-05,2005-05-04,50725
2026-10-05,2005-05-05,51753
2026-10-05,2005-05-06,52512
2026-10-05,2005-05-09,52827
2026-10-05,2005-05-10,52421
2026-10-05,2005-05-11,51647
2026-10-05,2005-05-12,51143
2026-10-05,2005-05-13,50478
2026-10-05,2005-05-16,49970
2026-10-05,2005-05-17,50185
2026-10-05,2005-05-18,49062
2026-10-05,2005-05-19,49485
2026-10-05,2005-05-20,49535
2026-10-05,2005-05-23,49887
2026-10-05,2005-05-24,50320
2026-10-05,2005-05-26,51608
2026-10-05,2005-05-27,52260
2026-10-05,2005-05-30,52190
2026-10-05,2005-05-31,52142
2026-10-05,2005-06-01,51645
2026-10-05,2005-06-02,51961
2026-10-05,2005-06-03,52832
2026-10-05,2005-06-06,53064
2026-10-05,2005-06-07,53463
2026-10-05,2005-06-08,51366
2026-10-05,2005-06-09,51176
2026-10-05,2005-06-10,51464
2026-10-05,2005-06-13,51567
2026-10-05,2005-06-14,51743
2026-10-05,2005-06-15,51522
2026-10-05,2005-06-16,51512
2026-10-05,2005-06-17,50647
2026-10-05,2005-06-21,51089
2026-10-05,2005-06-22,49003
2026-10-05,2005-06-23,49083
2026-10-05,2005-06-24,50962
2026-10-05,2005-06-27,51748
2026-10-05,2005-06-28,52434
2026-10-05,2005-06-29,53500
2026-10-05,2005-06-30,51424
2026-10-05,2005-07-01,53075
2026-10-05,2005-07-04,53397
2026-10-05,2005-07-05,54131
2026-10-05,2005-07-06,54862
2026-10-05,2005-07-07,54854
2026-10-05,2005-07-08,55397
2026-10-05,2005-07-11,55326
2026-10-05,2005-07-12,55341
2026-10-05,2005-07-13,54895
2026-10-05,2005-07-14,54548
2026-10-05,2005-07-15,54411
2026-10-05,2005-07-18,54396
2026-10-05,2005-07-19,54548
2026-10-05,2005-07-20,54219
2026-10-05,2005-07-21,54050
2026-10-05,2005-07-22,53835
2026-10-05,2005-07-25,54368
2026-10-05,2005-07-26,54512
2026-10-05,2005-07-27,54272
2026-10-05,2005-07-28,54337
2026-10-05,2005-07-29,54392
2026-10-05,2005-08-01,54780
2026-10-05,2005-08-02,54419
2026-10-05,2005-08-03,55051
2026-10-05,2005-08-04,54948
2026-10-05,2005-08-05,54536
2026-10-05,2005-08-08,54914
2026-10-05,2005-08-09,55024
2026-10-05,2005-08-10,54885
2026-10-05,2005-08-11,54905
2026-10-05,2005-08-12,55132
2026-10-05,2005-08-16,55460
2026-10-05,2005-08-17,53446
2026-10-05,2005-08-18,53293
2026-10-05,2005-08-19,53096
2026-10-05,2005-08-22,53075
2026-10-05,2005-08-23,52706
2026-10-05,2005-08-24,52770
2026-10-05,2005-08-25,53182
2026-10-05,2005-08-26,53198
2026-10-05,2005-08-29,52987
2026-10-05,2005-08-30,54735
2026-10-05,2005-08-31,55529
2026-10-05,2005-09-01,53761
2026-10-05,2005-09-02,53249
2026-10-05,2005-09-05,53588
2026-10-05,2005-09-06,53379
2026-10-05,2005-09-07,53333
2026-10-05,2005-09-08,53360
2026-10-05,2005-09-09,53300
2026-10-05,2005-09-12,53482
2026-10-05,2005-09-13,53360
2026-10-05,2005-09-14,52758
2026-10-05,2005-09-15,53287
2026-10-05,2005-09-16,53188
2026-10-05,2005-09-19,53065
2026-10-05,2005-09-20,53053
2026-10-05,2005-09-21,52562
2026-10-05,2005-09-22,52922
2026-10-05,2005-09-23,53213
2026-10-05,2005-09-26,52703
2026-10-05,2005-09-27,52729
2026-10-05,2005-09-28,52485
2026-10-05,2005-09-29,52227
2026-10-05,2005-09-30,52643
2026-10-05,2005-10-03,53932
2026-10-05,2005-10-04,53736
2026-10-05,2005-10-05,54299
2026-10-05,2005-10-06,54568
2026-10-05,2005-10-07,55026
2026-10-05,2005-10-11,55251
2026-10-05,2005-10-12,55145
2026-10-05,2005-10-13,55385
2026-10-05,2005-10-14,55447
2026-10-05,2005-10-17,55517
2026-10-05,2005-10-18,55725
2026-10-05,2005-10-19,55456
2026-10-05,2005-10-20,54995
2026-10-05,2005-10-21,55173
2026-10-05,2005-10-24,54961
2026-10-05,2005-10-25,55371
2026-10-05,2005-10-26,55534
2026-10-05,2005-10-27,56384
2026-10-05,2005-10-28,56143
2026-10-05,2005-10-31,55910
2026-10-05,2005-11-01,55729
2026-10-05,2005-11-02,55400
2026-10-05,2005-11-03,55216
2026-10-05,2005-11-04,55282
2026-10-05,2005-11-07,55454
2026-10-05,2005-11-08,55658
2026-10-05,2005-11-09,55801
2026-10-05,2005-11-10,55968
2026-10-05,2005-11-11,55874
2026-10-05,2005-11-14,55862
2026-10-05,2005-11-15,56309
2026-10-05,2005-11-16,55407
2026-10-05,2005-11-17,56604
2026-10-05,2005-11-18,56651
2026-10-05,2005-11-21,56385
2026-10-05,2005-11-22,56436
2026-10-05,2005-11-23,56138
2026-10-05,2005-11-24,56796
2026-10-05,2005-11-25,56017
2026-10-05,2005-11-28,55383
2026-10-05,2005-11-29,55276
2026-10-05,2005-11-30,55892
2026-10-05,2005-12-01,57429
2026-10-05,2005-12-02,56924
2026-10-05,2005-12-05,56761
2026-10-05,2005-12-06,56410
2026-10-05,2005-12-07,55375
2026-10-05,2005-12-09,55104
2026-10-05,2005-12-12,55158
2026-10-05,2005-12-13,55251
2026-10-05,2005-12-14,55148
2026-10-05,2005-12-15,55715
2026-10-05,2005-12-16,55844
2026-10-05,2005-12-19,54834
2026-10-05,2005-12-20,54673
2026-10-05,2005-12-21,55889
2026-10-05,2005-12-22,56236
2026-10-05,2005-12-23,56346
2026-10-05,2005-12-26,56462
2026-10-05,2005-12-27,56937
2026-10-05,2005-12-28,55661
2026-10-05,2005-12-29,55250
2026-10-05,2005-12-30,54710
2026-10-05,2005-12-31,54710
2026-10-05,2006-01-02,54900
2026-10-05,2006-01-03,54823
2026-10-05,2006-01-04,55483
2026-10-05,2006-01-05,58893
2026-10-05,2006-01-06,59931
2026-10-05,2006-01-09,60080
2026-10-05,2006-01-10,60286
2026-10-05,2006-01-11,60637
2026-10-05,2006-01-12,60564
2026-10-05,2006-01-13,60522
2026-10-05,2006-01-16,60537
2026-10-05,2006-01-17,59750
2026-10-05,2006-01-18,59849
2026-10-05,2006-01-19,59887
2026-10-05,2006-01-20,59874
2026-10-05,2006-01-23,59951
2026-10-05,2006-01-24,59967
2026-10-05,2006-01-25,60147
2026-10-05,2006-01-26,60037
2026-10-05,2006-01-27,59692
2026-10-05,2006-01-30,59653
2026-10-05,2006-01-31,59789
2026-10-05,2006-02-01,59188
2026-10-05,2006-02-02,58873
2026-10-05,2006-02-03,59107
2026-10-05,2006-02-06,58791
2026-10-05,2006-02-07,58871
2026-10-05,2006-02-08,58691
2026-10-05,2006-02-09,58454
2026-10-05,2006-02-10,58765
2026-10-05,2006-02-13,58782
2026-10-05,2006-02-14,58622
2026-10-05,2006-02-15,58314
2026-10-05,2006-02-16,58394
2026-10-05,2006-02-17,58169
2026-10-05,2006-02-20,58254
2026-10-05,2006-02-21,58192
2026-10-05,2006-02-22,57446
2026-10-05,2006-02-23,57977
2026-10-05,2006-02-24,57896
2026-10-05,2006-02-27,58014
2026-10-05,2006-02-28,57264
2026-10-05,2006-03-01,57598
2026-10-05,2006-03-02,57625
2026-10-05,2006-03-03,57909
2026-10-05,2006-03-06,58223
2026-10-05,2006-03-07,58557
2026-10-05,2006-03-08,57983
2026-10-05,2006-03-09,58274
2026-10-05,2006-03-10,58470
2026-10-05,2006-03-13,58424
2026-10-05,2006-03-14,58420
2026-10-05,2006-03-15,58471
2026-10-05,2006-03-16,58798
2026-10-05,2006-03-17,58857
2026-10-05,2006-03-20,59066
2026-10-05,2006-03-21,59306
2026-10-05,2006-03-22,59301
2026-10-05,2006-03-23,58906
2026-10-05,2006-03-27,58677
2026-10-05,2006-03-28,58758
2026-10-05,2006-03-29,57910
2026-10-05,2006-03-30,57391
2026-10-05,2006-03-31,59091
2026-10-05,2006-04-03,59654
2026-10-05,2006-04-04,59417
2026-10-05,2006-04-05,59793
2026-10-05,2006-04-06,59737
2026-10-05,2006-04-07,59990
2026-10-05,2006-04-10,60086
2026-10-05,2006-04-11,60473
2026-10-05,2006-04-12,60599
2026-10-05,2006-04-17,60757
2026-10-05,2006-04-18,60263
2026-10-05,2006-04-19,60136
2026-10-05,2006-04-20,60263
2026-10-05,2006-04-21,60384
2026-10-05,2006-04-24,60261
2026-10-05,2006-04-25,60908
2026-10-05,2006-04-26,60835
2026-10-05,2006-04-27,60380
2026-10-05,2006-04-28,60535
2026-10-05,2006-05-02,61104
2026-10-05,2006-05-03,61385
2026-10-05,2006-05-04,61121
2026-10-05,2006-05-05,61374
2026-10-05,2006-05-08,61352
2026-10-05,2006-05-09,61144
2026-10-05,2006-05-10,61341
2026-10-05,2006-05-11,61655
2026-10-05,2006-05-12,61440
2026-10-05,2006-05-15,61909
2026-10-05,2006-05-16,61497
2026-10-05,2006-05-17,61350
2026-10-05,2006-05-18,61442
2026-10-05,2006-05-19,59752
2026-10-05,2006-05-22,61756
2026-10-05,2006-05-23,61559
2026-10-05,2006-05-24,61272
2026-10-05,2006-05-26,61246
2026-10-05,2006-05-29,60706
2026-10-05,2006-05-30,60218
2026-10-05,2006-05-31,60197
2026-10-05,2006-06-01,61433
2026-10-05,2006-06-02,61513
2026-10-05,2006-06-05,61934
2026-10-05,2006-06-06,61896
2026-10-05,2006-06-07,61734
2026-10-05,2006-06-08,62083
2026-10-05,2006-06-09,62439
2026-10-05,2006-06-12,62291
2026-10-05,2006-06-13,62566
2026-10-05,2006-06-14,62698
2026-10-05,2006-06-15,63310
2026-10-05,2006-06-16,63698
2026-10-05,2006-06-20,63748
2026-10-05,2006-06-21,63251
2026-10-05,2006-06-22,62657
2026-10-05,2006-06-23,63054
2026-10-05,2006-06-26,63127
2026-10-05,2006-06-27,63155
2026-10-05,2006-06-28,63046
2026-10-05,2006-06-29,63491
2026-10-05,2006-06-30,63563
2026-10-05,2006-07-03,64538
2026-10-05,2006-07-04,64371
2026-10-05,2006-07-05,64788
2026-10-05,2006-07-06,65116
2026-10-05,2006-07-07,65455
2026-10-05,2006-07-10,65380
2026-10-05,2006-07-11,65654
2026-10-05,2006-07-12,65020
2026-10-05,2006-07-13,65302
2026-10-05,2006-07-14,65174
2026-10-05,2006-07-17,65508
2026-10-05,2006-07-18,65874
2026-10-05,2006-07-19,65338
2026-10-05,2006-07-20,65164
2026-10-05,2006-07-21,65442
2026-10-05,2006-07-24,65559
2026-10-05,2006-07-25,65807
2026-10-05,2006-07-26,65455
2026-10-05,2006-07-27,65052
2026-10-05,2006-07-28,65070
2026-10-05,2006-07-31,64693
2026-10-05,2006-08-01,66674
2026-10-05,2006-08-02,66311
2026-10-05,2006-08-03,66995
2026-10-05,2006-08-04,67037
2026-10-05,2006-08-07,67296
2026-10-05,2006-08-08,66997
2026-10-05,2006-08-09,66981
2026-10-05,2006-08-10,67802
2026-10-05,2006-08-11,67903
2026-10-05,2006-08-14,67793
2026-10-05,2006-08-15,68338
2026-10-05,2006-08-16,67597
2026-10-05,2006-08-17,67779
2026-10-05,2006-08-18,67348
2026-10-05,2006-08-22,67956
2026-10-05,2006-08-23,67587
2026-10-05,2006-08-24,67533
2026-10-05,2006-08-25,67193
2026-10-05,2006-08-28,67156
2026-10-05,2006-08-29,66681
2026-10-05,2006-08-30,66407
2026-10-05,2006-08-31,65617
2026-10-05,2006-09-01,67683
2026-10-05,2006-09-04,67829
2026-10-05,2006-09-05,68081
2026-10-05,2006-09-06,67929
2026-10-05,2006-09-07,68138
2026-10-05,2006-09-08,68367
2026-10-05,2006-09-11,68705
2026-10-05,2006-09-12,68744
2026-10-05,2006-09-13,68951
2026-10-05,2006-09-14,69369
2026-10-05,2006-09-15,69869
2026-10-05,2006-09-18,69872
2026-10-05,2006-09-19,69882
2026-10-05,2006-09-20,69775
2026-10-05,2006-09-21,69688
2026-10-05,2006-09-22,69748
2026-10-05,2006-09-25,70374
2026-10-05,2006-09-26,70660
2026-10-05,2006-09-27,70074
2026-10-05,2006-09-28,70868
2026-10-05,2006-09-29,69428
2026-10-05,2006-10-02,70290
2026-10-05,2006-10-03,70259
2026-10-05,2006-10-04,70256
2026-10-05,2006-10-05,70735
2026-10-05,2006-10-06,71283
2026-10-05,2006-10-09,70610
2026-10-05,2006-10-10,70873
2026-10-05,2006-10-11,70537
2026-10-05,2006-10-12,70619
2026-10-05,2006-10-13,70915
2026-10-05,2006-10-17,71110
2026-10-05,2006-10-18,71128
2026-10-05,2006-10-19,71052
2026-10-05,2006-10-20,70719
2026-10-05,2006-10-23,69633
2026-10-05,2006-10-24,69871
2026-10-05,2006-10-25,69161
2026-10-05,2006-10-26,68235
2026-10-05,2006-10-27,68579
2026-10-05,2006-10-30,68316
2026-10-05,2006-10-31,67893
2026-10-05,2006-11-01,69202
2026-10-05,2006-11-02,69878
2026-10-05,2006-11-03,70575
2026-10-05,2006-11-07,70663
2026-10-05,2006-11-08,70418
2026-10-05,2006-11-09,71386
2026-10-05,2006-11-10,72430
2026-10-05,2006-11-13,70910
2026-10-05,2006-11-14,71156
2026-10-05,2006-11-15,71553
2026-10-05,2006-11-16,71437
2026-10-05,2006-11-17,72739
2026-10-05,2006-11-20,73007
2026-10-05,2006-11-21,72891
2026-10-05,2006-11-22,72810
2026-10-05,2006-11-23,73074
2026-10-05,2006-11-24,73338
2026-10-05,2006-11-27,72393
2026-10-05,2006-11-28,72447
2026-10-05,2006-11-29,71219
2026-10-05,2006-11-30,73039
2026-10-05,2006-12-01,73847
2026-10-05,2006-12-04,73511
2026-10-05,2006-12-05,74320
2026-10-05,2006-12-06,74288
2026-10-05,2006-12-07,74736
2026-10-05,2006-12-11,75114
2026-10-05,2006-12-12,75478
2026-10-05,2006-12-13,75915
2026-10-05,2006-12-14,75839
2026-10-05,2006-12-15,76144
2026-10-05,2006-12-18,76399
2026-10-05,2006-12-19,76898
2026-10-05,2006-12-20,77397
2026-10-05,2006-12-21,79731
2026-10-05,2006-12-22,79632
2026-10-05,2006-12-26,79816
2026-10-05,2006-12-27,79549
2026-10-05,2006-12-28,79665
2026-10-05,2006-12-29,80066
2026-10-05,2007-01-02,80121
2026-10-05,2007-01-03,79830
2026-10-05,2007-01-04,79554
2026-10-05,2007-01-05,78949
2026-10-05,2007-01-08,78672
2026-10-05,2007-01-09,78944
2026-10-05,2007-01-10,78893
2026-10-05,2007-01-11,78811
2026-10-05,2007-01-12,79070
2026-10-05,2007-01-15,79203
2026-10-05,2007-01-16,78573
2026-10-05,2007-01-17,76975
2026-10-05,2007-01-18,76340
2026-10-05,2007-01-19,76978
2026-10-05,2007-01-22,78118
2026-10-05,2007-01-23,77422
2026-10-05,2007-01-24,76386
2026-10-05,2007-01-25,77248
2026-10-05,2007-01-26,76995
2026-10-05,2007-01-29,76723
2026-10-05,2007-01-30,75767
2026-10-05,2007-01-31,76329
2026-10-05,2007-02-01,76045
2026-10-05,2007-02-02,77460
2026-10-05,2007-02-05,78710
2026-10-05,2007-02-06,78376
2026-10-05,2007-02-07,77251
2026-10-05,2007-02-08,77279
2026-10-05,2007-02-09,76776
2026-10-05,2007-02-12,77010
2026-10-05,2007-02-13,76885
2026-10-05,2007-02-14,76678
2026-10-05,2007-02-15,77209
2026-10-05,2007-02-16,76447
2026-10-05,2007-02-19,76804
2026-10-05,2007-02-20,77424
2026-10-05,2007-02-21,77671
2026-10-05,2007-02-22,76762
2026-10-05,2007-02-23,76597
2026-10-05,2007-02-26,76157
2026-10-05,2007-02-27,75952
2026-10-05,2007-02-28,75328
2026-10-05,2007-03-01,77994
2026-10-05,2007-03-02,77755
2026-10-05,2007-03-05,78217
2026-10-05,2007-03-06,78533
2026-10-05,2007-03-07,78286
2026-10-05,2007-03-08,78261
2026-10-05,2007-03-09,78481
2026-10-05,2007-03-12,78472
2026-10-05,2007-03-13,78571
2026-10-05,2007-03-14,78453
2026-10-05,2007-03-15,79038
2026-10-05,2007-03-16,78753
2026-10-05,2007-03-19,78604
2026-10-05,2007-03-20,78379
2026-10-05,2007-03-21,78218
2026-10-05,2007-03-22,77853
2026-10-05,2007-03-23,77987
2026-10-05,2007-03-26,78641
2026-10-05,2007-03-27,78593
2026-10-05,2007-03-28,78305
2026-10-05,2007-03-29,78312
2026-10-05,2007-03-30,78797
2026-10-05,2007-04-03,80476
2026-10-05,2007-04-04,80472
2026-10-05,2007-04-09,80390
2026-10-05,2007-04-10,80473
2026-10-05,2007-04-11,80587
2026-10-05,2007-04-12,80213
2026-10-05,2007-04-13,80319
2026-10-05,2007-04-16,80182
2026-10-05,2007-04-17,79494
2026-10-05,2007-04-18,79294
2026-10-05,2007-04-19,79624
2026-10-05,2007-04-20,78932
2026-10-05,2007-04-23,78913
2026-10-05,2007-04-24,79289
2026-10-05,2007-04-25,78740
2026-10-05,2007-04-26,79194
2026-10-05,2007-04-27,79444
2026-10-05,2007-04-30,77733
2026-10-05,2007-05-02,80454
2026-10-05,2007-05-03,80417
2026-10-05,2007-05-04,81140
2026-10-05,2007-05-07,81370
2026-10-05,2007-05-08,81696
2026-10-05,2007-05-09,81222
2026-10-05,2007-05-10,81732
2026-10-05,2007-05-11,82259
2026-10-05,2007-05-14,82350
2026-10-05,2007-05-15,82328
2026-10-05,2007-05-16,81225
2026-10-05,2007-05-17,81332
2026-10-05,2007-05-18,81329
2026-10-05,2007-05-21,81871
2026-10-05,2007-05-22,81987
2026-10-05,2007-05-23,79141
2026-10-05,2007-05-24,81243
2026-10-05,2007-05-28,79756
2026-10-05,2007-05-29,80451
2026-10-05,2007-05-30,79006
2026-10-05,2007-05-31,78517
2026-10-05,2007-06-01,83614
2026-10-05,2007-06-04,84082
2026-10-05,2007-06-05,84012
2026-10-05,2007-06-06,83069
2026-10-05,2007-06-07,82889
2026-10-05,2007-06-08,83273
2026-10-05,2007-06-11,83251
2026-10-05,2007-06-12,82596
2026-10-05,2007-06-13,82670
2026-10-05,2007-06-14,83145
2026-10-05,2007-06-15,83883
2026-10-05,2007-06-19,84259
2026-10-05,2007-06-20,83991
2026-10-05,2007-06-21,83282
2026-10-05,2007-06-22,83909
2026-10-05,2007-06-25,84155
2026-10-05,2007-06-26,83469
2026-10-05,2007-06-27,84299
2026-10-05,2007-06-28,85044
2026-10-05,2007-06-29,83675
2026-10-05,2007-07-02,86171
2026-10-05,2007-07-03,86244
2026-10-05,2007-07-04,85795
2026-10-05,2007-07-05,86074
2026-10-05,2007-07-06,86545
2026-10-05,2007-07-10,86848
2026-10-05,2007-07-11,87332
2026-10-05,2007-07-12,87445
2026-10-05,2007-07-13,87627
2026-10-05,2007-07-16,88122
2026-10-05,2007-07-17,87911
2026-10-05,2007-07-18,87317
2026-10-05,2007-07-19,87841
2026-10-05,2007-07-20,88285
2026-10-05,2007-07-23,88612
2026-10-05,2007-07-24,88788
2026-10-05,2007-07-25,88917
2026-10-05,2007-07-26,88978
2026-10-05,2007-07-27,89440
2026-10-05,2007-07-30,89553
2026-10-05,2007-07-31,89691
2026-10-05,2007-08-01,89503
2026-10-05,2007-08-02,89727
2026-10-05,2007-08-03,89438
2026-10-05,2007-08-06,89219
2026-10-05,2007-08-07,89243
2026-10-05,2007-08-08,89153
2026-10-05,2007-08-09,89150
2026-10-05,2007-08-10,89469
2026-10-05,2007-08-13,88735
2026-10-05,2007-08-14,88592
2026-10-05,2007-08-15,89026
2026-10-05,2007-08-16,88760
2026-10-05,2007-08-17,88253
2026-10-05,2007-08-21,88194
2026-10-05,2007-08-22,87856
2026-10-05,2007-08-23,87872
2026-10-05,2007-08-24,87351
2026-10-05,2007-08-27,86771
2026-10-05,2007-08-28,86304
2026-10-05,2007-08-29,85728
2026-10-05,2007-08-30,85062
2026-10-05,2007-08-31,87451
2026-10-05,2007-09-03,88325
2026-10-05,2007-09-04,88945
2026-10-05,2007-09-05,89523
2026-10-05,2007-09-06,90151
2026-10-05,2007-09-07,89153
2026-10-05,2007-09-10,89187
2026-10-05,2007-09-11,89211
2026-10-05,2007-09-12,89737
2026-10-05,2007-09-13,89562
2026-10-05,2007-09-14,88567
2026-10-05,2007-09-17,88281
2026-10-05,2007-09-18,87925
2026-10-05,2007-09-19,87826
2026-10-05,2007-09-20,87231
2026-10-05,2007-09-21,86243
2026-10-05,2007-09-24,86110
2026-10-05,2007-09-25,85991
2026-10-05,2007-09-26,85958
2026-10-05,2007-09-27,85523
2026-10-05,2007-09-28,86218
2026-10-05,2007-10-01,88431
2026-10-05,2007-10-02,88043
2026-10-05,2007-10-03,88261
2026-10-05,2007-10-04,88629
2026-10-05,2007-10-05,88665
2026-10-05,2007-10-08,88806
2026-10-05,2007-10-09,88713
2026-10-05,2007-10-10,88898
2026-10-05,2007-10-11,88658
2026-10-05,2007-10-12,88630
2026-10-05,2007-10-16,88938
2026-10-05,2007-10-17,89147
2026-10-05,2007-10-18,89019
2026-10-05,2007-10-19,88760
2026-10-05,2007-10-22,88689
2026-10-05,2007-10-23,87689
2026-10-05,2007-10-24,87537
2026-10-05,2007-10-25,87658
2026-10-05,2007-10-26,87278
2026-10-05,2007-10-29,86339
2026-10-05,2007-10-30,86067
2026-10-05,2007-10-31,85147
2026-10-05,2007-11-01,87291
2026-10-05,2007-11-02,88351
2026-10-05,2007-11-05,88834
2026-10-05,2007-11-07,89706
2026-10-05,2007-11-08,90401
2026-10-05,2007-11-09,89683
2026-10-05,2007-11-12,89658
2026-10-05,2007-11-13,89650
2026-10-05,2007-11-14,90613
2026-10-05,2007-11-15,91214
2026-10-05,2007-11-16,89563
2026-10-05,2007-11-19,88463
2026-10-05,2007-11-20,89119
2026-10-05,2007-11-21,89021
2026-10-05,2007-11-22,90225
2026-10-05,2007-11-23,90391
2026-10-05,2007-11-26,90426
2026-10-05,2007-11-27,89822
2026-10-05,2007-11-28,89388
2026-10-05,2007-11-29,88874
2026-10-05,2007-11-30,89767
2026-10-05,2007-12-03,91612
2026-10-05,2007-12-04,93225
2026-10-05,2007-12-05,93323
2026-10-05,2007-12-06,94006
2026-10-05,2007-12-07,94801
2026-10-05,2007-12-10,94797
2026-10-05,2007-12-11,95128
2026-10-05,2007-12-12,96192
2026-10-05,2007-12-13,96620
2026-10-05,2007-12-14,96849
2026-10-05,2007-12-17,96917
2026-10-05,2007-12-18,97014
2026-10-05,2007-12-19,98288
2026-10-05,2007-12-20,98996
2026-10-05,2007-12-21,98675
2026-10-05,2007-12-26,98436
2026-10-05,2007-12-27,98460
2026-10-05,2007-12-28,98979
2026-10-05,2008-01-02,99734
2026-10-05,2008-01-03,99016
2026-10-05,2008-01-04,98129
2026-10-05,2008-01-07,98462
2026-10-05,2008-01-08,98377
2026-10-05,2008-01-09,98345
2026-10-05,2008-01-10,99041
2026-10-05,2008-01-11,98823
2026-10-05,2008-01-14,99564
2026-10-05,2008-01-15,99488
2026-10-05,2008-01-16,97952
2026-10-05,2008-01-17,97580
2026-10-05,2008-01-18,97465
2026-10-05,2008-01-21,97745
2026-10-05,2008-01-22,97521
2026-10-05,2008-01-23,96741
2026-10-05,2008-01-24,96288
2026-10-05,2008-01-25,95578
2026-10-05,2008-01-28,95317
2026-10-05,2008-01-29,95525
2026-10-05,2008-01-30,94447
2026-10-05,2008-01-31,94466
2026-10-05,2008-02-01,94219
2026-10-05,2008-02-04,94748
2026-10-05,2008-02-05,94068
2026-10-05,2008-02-06,93366
2026-10-05,2008-02-07,94242
2026-10-05,2008-02-08,94917
2026-10-05,2008-02-11,95626
2026-10-05,2008-02-12,95974
2026-10-05,2008-02-13,95177
2026-10-05,2008-02-14,95760
2026-10-05,2008-02-15,95766
2026-10-05,2008-02-18,95025
2026-10-05,2008-02-19,94814
2026-10-05,2008-02-20,95019
2026-10-05,2008-02-21,96279
2026-10-05,2008-02-22,95464
2026-10-05,2008-02-25,96141
2026-10-05,2008-02-26,96333
2026-10-05,2008-02-27,95854
2026-10-05,2008-02-28,96126
2026-10-05,2008-02-29,97513
2026-10-05,2008-03-03,98838
2026-10-05,2008-03-04,98034
2026-10-05,2008-03-05,98227
2026-10-05,2008-03-06,97526
2026-10-05,2008-03-07,98164
2026-10-05,2008-03-10,98032
2026-10-05,2008-03-11,97719
2026-10-05,2008-03-12,97114
2026-10-05,2008-03-13,97508
2026-10-05,2008-03-14,98258
2026-10-05,2008-03-17,98905
2026-10-05,2008-03-18,97781
2026-10-05,2008-03-19,97912
2026-10-05,2008-03-25,97431
2026-10-05,2008-03-26,97880
2026-10-05,2008-03-27,96845
2026-10-05,2008-03-28,97418
2026-10-05,2008-03-31,98437
2026-10-05,2008-04-01,100072
2026-10-05,2008-04-03,99936
2026-10-05,2008-04-04,99373
2026-10-05,2008-04-07,98692
2026-10-05,2008-04-08,97798
2026-10-05,2008-04-09,97722
2026-10-05,2008-04-10,97661
2026-10-05,2008-04-11,97786
2026-10-05,2008-04-14,97384
2026-10-05,2008-04-15,97148
2026-10-05,2008-04-16,95682
2026-10-05,2008-04-17,95777
2026-10-05,2008-04-18,95708
2026-10-05,2008-04-21,97190
2026-10-05,2008-04-22,97912
2026-10-05,2008-04-23,99124
2026-10-05,2008-04-24,99045
2026-10-05,2008-04-25,99223
2026-10-05,2008-04-28,97938
2026-10-05,2008-04-29,97612
2026-10-05,2008-04-30,98099
2026-10-05,2008-05-02,100214
2026-10-05,2008-05-05,99863
2026-10-05,2008-05-06,99340
2026-10-05,2008-05-07,100001
2026-10-05,2008-05-08,99540
2026-10-05,2008-05-09,99277
2026-10-05,2008-05-12,99455
2026-10-05,2008-05-13,99670
2026-10-05,2008-05-14,100144
2026-10-05,2008-05-15,100886
2026-10-05,2008-05-16,99726
2026-10-05,2008-05-19,100512
2026-10-05,2008-05-20,97469
2026-10-05,2008-05-21,98230
2026-10-05,2008-05-22,97605
2026-10-05,2008-05-23,97038
2026-10-05,2008-05-26,98003
2026-10-05,2008-05-27,96583
2026-10-05,2008-05-28,96466
2026-10-05,2008-05-29,96564
2026-10-05,2008-05-30,97256
2026-10-05,2008-06-02,99222
2026-10-05,2008-06-03,99775
2026-10-05,2008-06-04,100004
2026-10-05,2008-06-05,99424
2026-10-05,2008-06-06,99874
2026-10-05,2008-06-09,99701
2026-10-05,2008-06-10,99711
2026-10-05,2008-06-11,100518
2026-10-05,2008-06-12,100215
2026-10-05,2008-06-13,100007
2026-10-05,2008-06-17,100237
2026-10-05,2008-06-18,99465
2026-10-05,2008-06-19,99617
2026-10-05,2008-06-20,102195
2026-10-05,2008-06-23,102171
2026-10-05,2008-06-24,102275
2026-10-05,2008-06-25,102108
2026-10-05,2008-06-26,101990
2026-10-05,2008-06-27,101070
2026-10-05,2008-06-30,102223
2026-10-05,2008-07-01,101062
2026-10-05,2008-07-02,100993
2026-10-05,2008-07-03,101432
2026-10-05,2008-07-04,100838
2026-10-05,2008-07-07,101488
2026-10-05,2008-07-08,101019
2026-10-05,2008-07-10,102552
2026-10-05,2008-07-11,102662
2026-10-05,2008-07-14,103000
2026-10-05,2008-07-15,103650
2026-10-05,2008-07-16,103250
2026-10-05,2008-07-17,100968
2026-10-05,2008-07-18,101065
2026-10-05,2008-07-21,101576
2026-10-05,2008-07-22,100541
2026-10-05,2008-07-23,100668
2026-10-05,2008-07-24,99721
2026-10-05,2008-07-25,98533
2026-10-05,2008-07-28,97603
2026-10-05,2008-07-29,96754
2026-10-05,2008-07-30,96664
2026-10-05,2008-07-31,97710
2026-10-05,2008-08-01,103492
2026-10-05,2008-08-04,103045
2026-10-05,2008-08-05,101464
2026-10-05,2008-08-06,101617
2026-10-05,2008-08-07,101875
2026-10-05,2008-08-08,101680
2026-10-05,2008-08-11,102824
2026-10-05,2008-08-12,102335
2026-10-05,2008-08-13,101704
2026-10-05,2008-08-14,101650
2026-10-05,2008-08-15,101539
2026-10-05,2008-08-19,100227
2026-10-05,2008-08-20,98613
2026-10-05,2008-08-21,97855
2026-10-05,2008-08-22,98320
2026-10-05,2008-08-25,99877
2026-10-05,2008-08-26,98879
2026-10-05,2008-08-27,98213
2026-10-05,2008-08-28,98342
2026-10-05,2008-08-29,99090
2026-10-05,2008-09-01,102312
2026-10-05,2008-09-02,102783
2026-10-05,2008-09-03,102951
2026-10-05,2008-09-04,102822
2026-10-05,2008-09-05,102802
2026-10-05,2008-09-08,103312
2026-10-05,2008-09-09,103899
2026-10-05,2008-09-10,103698
2026-10-05,2008-09-11,102757
2026-10-05,2008-09-12,102699
2026-10-05,2008-09-15,102965
2026-10-05,2008-09-16,101975
2026-10-05,2008-09-17,101651
2026-10-05,2008-09-18,101278
2026-10-05,2008-09-19,99981
2026-10-05,2008-09-22,100131
2026-10-05,2008-09-23,100389
2026-10-05,2008-09-24,99659
2026-10-05,2008-09-25,99269
2026-10-05,2008-09-26,99638
2026-10-05,2008-09-29,100304
2026-10-05,2008-09-30,101339
2026-10-05,2008-10-01,104307
2026-10-05,2008-10-02,104039
2026-10-05,2008-10-03,102284
2026-10-05,2008-10-06,102834
2026-10-05,2008-10-07,102861
2026-10-05,2008-10-08,102422
2026-10-05,2008-10-09,103082
2026-10-05,2008-10-10,104055
2026-10-05,2008-10-14,103948
2026-10-05,2008-10-15,103975
2026-10-05,2008-10-16,103736
2026-10-05,2008-10-17,102827
2026-10-05,2008-10-20,101979
2026-10-05,2008-10-21,100404
2026-10-05,2008-10-22,99835
2026-10-05,2008-10-23,100988
2026-10-05,2008-10-24,100493
2026-10-05,2008-10-27,99916
2026-10-05,2008-10-28,99063
2026-10-05,2008-10-29,102437
2026-10-05,2008-10-30,103833
2026-10-05,2008-10-31,103360
2026-10-05,2008-11-03,103132
2026-10-05,2008-11-04,101780
2026-10-05,2008-11-05,101744
2026-10-05,2008-11-07,101811
2026-10-05,2008-11-10,100403
2026-10-05,2008-11-11,100687
2026-10-05,2008-11-12,101174
2026-10-05,2008-11-13,100676
2026-10-05,2008-11-14,100856
2026-10-05,2008-11-17,99978
2026-10-05,2008-11-18,99341
2026-10-05,2008-11-19,100261
2026-10-05,2008-11-20,98364
2026-10-05,2008-11-21,99884
2026-10-05,2008-11-24,100760
2026-10-05,2008-11-25,101528
2026-10-05,2008-11-26,101879
2026-10-05,2008-11-27,101960
2026-10-05,2008-11-28,101529
2026-10-05,2008-12-01,104314
2026-10-05,2008-12-02,103895
2026-10-05,2008-12-03,103679
2026-10-05,2008-12-04,103839
2026-10-05,2008-12-05,105775
2026-10-05,2008-12-09,102584
2026-10-05,2008-12-10,103713
2026-10-05,2008-12-11,103502
2026-10-05,2008-12-12,105063
2026-10-05,2008-12-15,104289
2026-10-05,2008-12-16,103489
2026-10-05,2008-12-17,101442
2026-10-05,2008-12-18,105200
2026-10-05,2008-12-19,107993
2026-10-05,2008-12-22,108677
2026-10-05,2008-12-23,106792
2026-10-05,2008-12-24,110006
2026-10-05,2008-12-26,110526
2026-10-05,2008-12-29,110348
2026-10-05,2008-12-30,110526
2026-10-05,2008-12-31,109449
2026-10-05,2009-01-02,109709
2026-10-05,2009-01-05,107438
2026-10-05,2009-01-06,105702
2026-10-05,2009-01-07,105947
2026-10-05,2009-01-08,105211
2026-10-05,2009-01-09,105443
2026-10-05,2009-01-12,105732
2026-10-05,2009-01-13,106155
2026-10-05,2009-01-14,105753
2026-10-05,2009-01-15,105229
2026-10-05,2009-01-16,104149
2026-10-05,2009-01-19,103161
2026-10-05,2009-01-20,102449
2026-10-05,2009-01-21,103290
2026-10-05,2009-01-22,103726
2026-10-05,2009-01-23,104174
2026-10-05,2009-01-26,104020
2026-10-05,2009-01-27,103998
2026-10-05,2009-01-28,101699
2026-10-05,2009-01-29,100823
2026-10-05,2009-01-30,104268
2026-10-05,2009-02-02,104238
2026-10-05,2009-02-03,103996
2026-10-05,2009-02-04,102983
2026-10-05,2009-02-05,103075
2026-10-05,2009-02-06,102610
2026-10-05,2009-02-09,102723
2026-10-05,2009-02-10,103894
2026-10-05,2009-02-11,105072
2026-10-05,2009-02-12,105029
2026-10-05,2009-02-13,103810
2026-10-05,2009-02-16,103458
2026-10-05,2009-02-17,100738
2026-10-05,2009-02-18,100094
2026-10-05,2009-02-19,101840
2026-10-05,2009-02-20,101427
2026-10-05,2009-02-23,101756
2026-10-05,2009-02-24,101684
2026-10-05,2009-02-25,102273
2026-10-05,2009-02-26,101638
2026-10-05,2009-02-27,102208
2026-10-05,2009-03-02,105754
2026-10-05,2009-03-03,104738
2026-10-05,2009-03-04,105192
2026-10-05,2009-03-05,104234
2026-10-05,2009-03-06,102902
2026-10-05,2009-03-09,102661
2026-10-05,2009-03-10,101073
2026-10-05,2009-03-11,101398
2026-10-05,2009-03-12,101233
2026-10-05,2009-03-13,100102
2026-10-05,2009-03-16,100565
2026-10-05,2009-03-17,99306
2026-10-05,2009-03-18,100697
2026-10-05,2009-03-19,100736
2026-10-05,2009-03-20,101298
2026-10-05,2009-03-23,101922
2026-10-05,2009-03-25,102196
2026-10-05,2009-03-26,100639
2026-10-05,2009-03-27,99242
2026-10-05,2009-03-30,96985
2026-10-05,2009-03-31,97681
2026-10-05,2009-04-01,103496
2026-10-05,2009-04-03,103341
2026-10-05,2009-04-06,101337
2026-10-05,2009-04-07,101918
2026-10-05,2009-04-08,100547
2026-10-05,2009-04-13,100011
2026-10-05,2009-04-14,99187
2026-10-05,2009-04-15,99258
2026-10-05,2009-04-16,99022
2026-10-05,2009-04-17,97341
2026-10-05,2009-04-20,97951
2026-10-05,2009-04-21,97689
2026-10-05,2009-04-22,97724
2026-10-05,2009-04-23,98505
2026-10-05,2009-04-24,98810
2026-10-05,2009-04-27,98960
2026-10-05,2009-04-28,98758
2026-10-05,2009-04-29,96881
2026-10-05,2009-04-30,99649
2026-10-05,2009-05-04,101743
2026-10-05,2009-05-05,102038
2026-10-05,2009-05-06,102272
2026-10-05,2009-05-07,101895
2026-10-05,2009-05-08,99942
2026-10-05,2009-05-11,101754
2026-10-05,2009-05-12,101419
2026-10-05,2009-05-13,102080
2026-10-05,2009-05-14,101909
2026-10-05,2009-05-15,101429
2026-10-05,2009-05-18,100707
2026-10-05,2009-05-19,98562
2026-10-05,2009-05-20,99620
2026-10-05,2009-05-21,99764
2026-10-05,2009-05-22,100357
2026-10-05,2009-05-26,102546
2026-10-05,2009-05-27,101186
2026-10-05,2009-05-28,101066
2026-10-05,2009-05-29,99971
2026-10-05,2009-06-01,106068
2026-10-05,2009-06-02,106729
2026-10-05,2009-06-03,107010
2026-10-05,2009-06-04,108811
2026-10-05,2009-06-05,108198
2026-10-05,2009-06-08,106013
2026-10-05,2009-06-09,106700
2026-10-05,2009-06-10,104800
2026-10-05,2009-06-11,104948
2026-10-05,2009-06-12,104103
2026-10-05,2009-06-16,103751
2026-10-05,2009-06-17,102667
2026-10-05,2009-06-18,99487
2026-10-05,2009-06-19,100748
2026-10-05,2009-06-22,101185
2026-10-05,2009-06-23,100581
2026-10-05,2009-06-24,99662
2026-10-05,2009-06-25,101081
2026-10-05,2009-06-26,100972
2026-10-05,2009-06-29,100717
2026-10-05,2009-06-30,103185
2026-10-05,2009-07-01,107878
2026-10-05,2009-07-02,107682
2026-10-05,2009-07-03,107813
2026-10-05,2009-07-06,107927
2026-10-05,2009-07-07,107496
2026-10-05,2009-07-08,108282
2026-10-05,2009-07-13,108796
2026-10-05,2009-07-14,108655
2026-10-05,2009-07-15,108133
2026-10-05,2009-07-16,106674
2026-10-05,2009-07-17,103147
2026-10-05,2009-07-20,103882
2026-10-05,2009-07-21,103450
2026-10-05,2009-07-22,103034
2026-10-05,2009-07-23,103592
2026-10-05,2009-07-24,104855
2026-10-05,2009-07-27,104012
2026-10-05,2009-07-28,104361
2026-10-05,2009-07-29,105011
2026-10-05,2009-07-30,103796
2026-10-05,2009-07-31,101519
2026-10-05,2009-08-03,107924
2026-10-05,2009-08-04,108731
2026-10-05,2009-08-05,107943
2026-10-05,2009-08-06,107035
2026-10-05,2009-08-07,106615
2026-10-05,2009-08-10,106475
2026-10-05,2009-08-11,106306
2026-10-05,2009-08-12,106897
2026-10-05,2009-08-13,105550
2026-10-05,2009-08-14,105248
2026-10-05,2009-08-18,105614
2026-10-05,2009-08-19,104099
2026-10-05,2009-08-20,104617
2026-10-05,2009-08-21,104766
2026-10-05,2009-08-24,105173
2026-10-05,2009-08-25,105733
2026-10-05,2009-08-26,104721
2026-10-05,2009-08-27,103641
2026-10-05,2009-08-28,103637
2026-10-05,2009-08-31,104530
2026-10-05,2009-09-01,107720
2026-10-05,2009-09-02,107869
2026-10-05,2009-09-03,109226
2026-10-05,2009-09-04,107767
2026-10-05,2009-09-07,107365
2026-10-05,2009-09-08,106522
2026-10-05,2009-09-09,106995
2026-10-05,2009-09-10,107189
2026-10-05,2009-09-11,106064
2026-10-05,2009-09-14,106895
2026-10-05,2009-09-15,106632
2026-10-05,2009-09-16,106222
2026-10-05,2009-09-17,104640
2026-10-05,2009-09-18,105465
2026-10-05,2009-09-21,105696
2026-10-05,2009-09-22,105462
2026-10-05,2009-09-23,106016
2026-10-05,2009-09-24,105273
2026-10-05,2009-09-25,105691
2026-10-05,2009-09-28,105456
2026-10-05,2009-09-29,104047
2026-10-05,2009-09-30,103858
2026-10-05,2009-10-01,107358
2026-10-05,2009-10-02,107516
2026-10-05,2009-10-05,107281
2026-10-05,2009-10-06,107639
2026-10-05,2009-10-07,107189
2026-10-05,2009-10-08,107928
2026-10-05,2009-10-09,107084
2026-10-05,2009-10-13,108204
2026-10-05,2009-10-14,108009
2026-10-05,2009-10-15,107729
2026-10-05,2009-10-16,107133
2026-10-05,2009-10-19,104790
2026-10-05,2009-10-20,105465
2026-10-05,2009-10-21,107154
2026-10-05,2009-10-22,107686
2026-10-05,2009-10-23,106630
2026-10-05,2009-10-26,107785
2026-10-05,2009-10-27,108170
2026-10-05,2009-10-28,107228
2026-10-05,2009-10-29,108053
2026-10-05,2009-10-30,107919
2026-10-05,2009-11-02,111085
2026-10-05,2009-11-03,110502
2026-10-05,2009-11-04,110337
2026-10-05,2009-11-05,109567
2026-10-05,2009-11-09,109556
2026-10-05,2009-11-10,109706
2026-10-05,2009-11-11,109211
2026-10-05,2009-11-12,110301
2026-10-05,2009-11-13,109653
2026-10-05,2009-11-16,109562
2026-10-05,2009-11-17,107791
2026-10-05,2009-11-18,108057
2026-10-05,2009-11-19,109823
2026-10-05,2009-11-20,107962
2026-10-05,2009-11-23,107476
2026-10-05,2009-11-24,107918
2026-10-05,2009-11-25,109236
2026-10-05,2009-11-26,112418
2026-10-05,2009-11-27,111170
2026-10-05,2009-11-30,110925
2026-10-05,2009-12-01,114357
2026-10-05,2009-12-02,114858
2026-10-05,2009-12-03,115414
2026-10-05,2009-12-04,115697
2026-10-05,2009-12-07,115251
2026-10-05,2009-12-09,115620
2026-10-05,2009-12-10,115722
2026-10-05,2009-12-11,119104
2026-10-05,2009-12-14,120850
2026-10-05,2009-12-15,120935
2026-10-05,2009-12-16,120388
2026-10-05,2009-12-17,118972
2026-10-05,2009-12-18,117327
2026-10-05,2009-12-21,118629
2026-10-05,2009-12-22,120026
2026-10-05,2009-12-23,120911
2026-10-05,2009-12-24,120937
2026-10-05,2009-12-28,122576
2026-10-05,2009-12-29,122879
2026-10-05,2009-12-30,123362
2026-10-05,2009-12-31,122350
2026-10-05,2010-01-04,123817
2026-10-05,2010-01-05,122306
2026-10-05,2010-01-06,122188
2026-10-05,2010-01-07,121899
2026-10-05,2010-01-08,121735
2026-10-05,2010-01-11,121325
2026-10-05,2010-01-12,122068
2026-10-05,2010-01-13,122912
2026-10-05,2010-01-14,122940
2026-10-05,2010-01-15,121778
2026-10-05,2010-01-18,120793
2026-10-05,2010-01-19,120006
2026-10-05,2010-01-20,120659
2026-10-05,2010-01-21,121273
2026-10-05,2010-01-22,121646
2026-10-05,2010-01-25,121688
2026-10-05,2010-01-26,120622
2026-10-05,2010-01-27,120629
2026-10-05,2010-01-28,120099
2026-10-05,2010-01-29,121318
2026-10-05,2010-02-01,123107
2026-10-05,2010-02-02,121087
2026-10-05,2010-02-03,120764
2026-10-05,2010-02-04,120468
2026-10-05,2010-02-05,120681
2026-10-05,2010-02-08,120585
2026-10-05,2010-02-09,120791
2026-10-05,2010-02-10,121937
2026-10-05,2010-02-11,122678
2026-10-05,2010-02-12,122210
2026-10-05,2010-02-15,121830
2026-10-05,2010-02-16,120649
2026-10-05,2010-02-17,118619
2026-10-05,2010-02-18,117847
2026-10-05,2010-02-19,116452
2026-10-05,2010-02-22,116093
2026-10-05,2010-02-23,115518
2026-10-05,2010-02-24,114498
2026-10-05,2010-02-25,115614
2026-10-05,2010-02-26,116460
2026-10-05,2010-03-01,120646
2026-10-05,2010-03-02,122206
2026-10-05,2010-03-03,123285
2026-10-05,2010-03-04,122707
2026-10-05,2010-03-05,121129
2026-10-05,2010-03-08,120550
2026-10-05,2010-03-09,120641
2026-10-05,2010-03-10,120410
2026-10-05,2010-03-11,121043
2026-10-05,2010-03-12,120724
2026-10-05,2010-03-15,119958
2026-10-05,2010-03-16,118816
2026-10-05,2010-03-17,117162
2026-10-05,2010-03-18,119284
2026-10-05,2010-03-19,118415
2026-10-05,2010-03-22,117386
2026-10-05,2010-03-23,118190
2026-10-05,2010-03-25,119576
2026-10-05,2010-03-26,121001
2026-10-05,2010-03-29,119858
2026-10-05,2010-03-30,120612
2026-10-05,2010-03-31,122613
2026-10-05,2010-04-05,124836
2026-10-05,2010-04-06,124089
2026-10-05,2010-04-07,122215
2026-10-05,2010-04-08,120951
2026-10-05,2010-04-09,120876
2026-10-05,2010-04-12,121591
2026-10-05,2010-04-13,122063
2026-10-05,2010-04-14,121491
2026-10-05,2010-04-15,120559
2026-10-05,2010-04-16,118401
2026-10-05,2010-04-19,118455
2026-10-05,2010-04-20,119168
2026-10-05,2010-04-21,119495
2026-10-05,2010-04-22,119626
2026-10-05,2010-04-23,120180
2026-10-05,2010-04-26,120096
2026-10-05,2010-04-27,117097
2026-10-05,2010-04-28,117897
2026-10-05,2010-04-29,116947
2026-10-05,2010-04-30,119478
2026-10-05,2010-05-03,121989
2026-10-05,2010-05-04,124060
2026-10-05,2010-05-05,124153
2026-10-05,2010-05-06,123018
2026-10-05,2010-05-07,124706
2026-10-05,2010-05-10,123596
2026-10-05,2010-05-11,123380
2026-10-05,2010-05-12,124450
2026-10-05,2010-05-13,124994
2026-10-05,2010-05-14,125277
2026-10-05,2010-05-17,124073
2026-10-05,2010-05-18,121813
2026-10-05,2010-05-19,122200
2026-10-05,2010-05-20,124399
2026-10-05,2010-05-21,124410
2026-10-05,2010-05-26,125306
2026-10-05,2010-05-27,123988
2026-10-05,2010-05-28,122063
2026-10-05,2010-05-31,121601
2026-10-05,2010-06-01,127409
2026-10-05,2010-06-02,126396
2026-10-05,2010-06-03,127551
2026-10-05,2010-06-04,127459
2026-10-05,2010-06-07,125246
2026-10-05,2010-06-08,124580
2026-10-05,2010-06-09,124522
2026-10-05,2010-06-10,125791
2026-10-05,2010-06-11,125531
2026-10-05,2010-06-14,125932
2026-10-05,2010-06-15,126464
2026-10-05,2010-06-16,126361
2026-10-05,2010-06-17,126830
2026-10-05,2010-06-18,124847
2026-10-05,2010-06-22,127611
2026-10-05,2010-06-23,128676
2026-10-05,2010-06-24,129694
2026-10-05,2010-06-25,128537
2026-10-05,2010-06-28,129559
2026-10-05,2010-06-29,128683
2026-10-05,2010-06-30,127163
2026-10-05,2010-07-01,132078
2026-10-05,2010-07-02,131410
2026-10-05,2010-07-05,133617
2026-10-05,2010-07-06,134273
2026-10-05,2010-07-07,134367
2026-10-05,2010-07-08,134340
2026-10-05,2010-07-12,134801
2026-10-05,2010-07-13,134048
2026-10-05,2010-07-14,135001
2026-10-05,2010-07-15,135639
2026-10-05,2010-07-16,135153
2026-10-05,2010-07-19,134966
2026-10-05,2010-07-20,133300
2026-10-05,2010-07-21,134355
2026-10-05,2010-07-22,134962
2026-10-05,2010-07-23,132982
2026-10-05,2010-07-26,132428
2026-10-05,2010-07-27,132930
2026-10-05,2010-07-28,132731
2026-10-05,2010-07-29,134436
2026-10-05,2010-07-30,134066
2026-10-05,2010-08-02,136004
2026-10-05,2010-08-03,136263
2026-10-05,2010-08-04,135782
2026-10-05,2010-08-05,134967
2026-10-05,2010-08-06,134618
2026-10-05,2010-08-09,134965
2026-10-05,2010-08-10,134806
2026-10-05,2010-08-11,134589
2026-10-05,2010-08-12,135937
2026-10-05,2010-08-13,135346
2026-10-05,2010-08-17,136327
2026-10-05,2010-08-18,134607
2026-10-05,2010-08-19,134431
2026-10-05,2010-08-20,135084
2026-10-05,2010-08-23,136560
2026-10-05,2010-08-24,137000
2026-10-05,2010-08-25,137489
2026-10-05,2010-08-26,137868
2026-10-05,2010-08-27,136502
2026-10-05,2010-08-30,133713
2026-10-05,2010-08-31,136232
2026-10-05,2010-09-01,138831
2026-10-05,2010-09-02,139096
2026-10-05,2010-09-03,138708
2026-10-05,2010-09-06,138503
2026-10-05,2010-09-07,138062
2026-10-05,2010-09-08,137252
2026-10-05,2010-09-09,138009
2026-10-05,2010-09-10,138576
2026-10-05,2010-09-13,138409
2026-10-05,2010-09-14,138665
2026-10-05,2010-09-15,137259
2026-10-05,2010-09-16,135877
2026-10-05,2010-09-17,135533
2026-10-05,2010-09-20,136364
2026-10-05,2010-09-21,136851
2026-10-05,2010-09-22,136618
2026-10-05,2010-09-23,137763
2026-10-05,2010-09-24,137517
2026-10-05,2010-09-27,138337
2026-10-05,2010-09-28,139012
2026-10-05,2010-09-29,140649
2026-10-05,2010-09-30,139804
2026-10-05,2010-10-01,141341
2026-10-05,2010-10-04,141780
2026-10-05,2010-10-05,143301
2026-10-05,2010-10-06,143420
2026-10-05,2010-10-07,144402
2026-10-05,2010-10-08,143455
2026-10-05,2010-10-12,143266
2026-10-05,2010-10-13,142257
2026-10-05,2010-10-14,142759
2026-10-05,2010-10-15,143099
2026-10-05,2010-10-18,142075
2026-10-05,2010-10-19,140369
2026-10-05,2010-10-20,140235
2026-10-05,2010-10-21,141599
2026-10-05,2010-10-22,142654
2026-10-05,2010-10-25,142128
2026-10-05,2010-10-26,139953
2026-10-05,2010-10-28,140818
2026-10-05,2010-10-29,140516
2026-10-05,2010-11-01,144901
2026-10-05,2010-11-02,144168
2026-10-05,2010-11-03,145153
2026-10-05,2010-11-04,144790
2026-10-05,2010-11-05,142595
2026-10-05,2010-11-08,143522
2026-10-05,2010-11-09,143288
2026-10-05,2010-11-10,143458
2026-10-05,2010-11-11,144552
2026-10-05,2010-11-12,145336
2026-10-05,2010-11-15,145236
2026-10-05,2010-11-16,143926
2026-10-05,2010-11-17,144117
2026-10-05,2010-11-18,144895
2026-10-05,2010-11-19,146593
2026-10-05,2010-11-23,148185
2026-10-05,2010-11-24,148779
2026-10-05,2010-11-25,149260
2026-10-05,2010-11-26,147300
2026-10-05,2010-11-29,146530
2026-10-05,2010-11-30,145515
2026-10-05,2010-12-01,154530
2026-10-05,2010-12-02,155127
2026-10-05,2010-12-03,154817
2026-10-05,2010-12-06,155009
2026-10-05,2010-12-07,155526
2026-10-05,2010-12-09,153634
2026-10-05,2010-12-10,154338
2026-10-05,2010-12-13,154798
2026-10-05,2010-12-14,154921
2026-10-05,2010-12-15,154487
2026-10-05,2010-12-16,155093
2026-10-05,2010-12-17,155537
2026-10-05,2010-12-20,156520
2026-10-05,2010-12-21,157046
2026-10-05,2010-12-22,157834
2026-10-05,2010-12-23,158723
2026-10-05,2010-12-27,158280
2026-10-05,2010-12-28,155544
2026-10-05,2010-12-29,155552
2026-10-05,2010-12-30,160408
2026-10-05,2011-01-03,162878
2026-10-05,2011-01-04,164389
2026-10-05,2011-01-05,163500
2026-10-05,2011-01-06,163226
2026-10-05,2011-01-07,163083
2026-10-05,2011-01-10,163319
2026-10-05,2011-01-11,163705
2026-10-05,2011-01-12,164108
2026-10-05,2011-01-13,165039
2026-10-05,2011-01-14,165949
2026-10-05,2011-01-17,164835
2026-10-05,2011-01-18,163861
2026-10-05,2011-01-19,162926
2026-10-05,2011-01-20,163443
2026-10-05,2011-01-21,163534
2026-10-05,2011-01-24,163758
2026-10-05,2011-01-25,163718
2026-10-05,2011-01-26,161439
2026-10-05,2011-01-27,158851
2026-10-05,2011-01-28,158058
2026-10-05,2011-01-31,158604
2026-10-05,2011-02-01,160506
2026-10-05,2011-02-02,161986
2026-10-05,2011-02-03,161767
2026-10-05,2011-02-04,160937
2026-10-05,2011-02-07,162653
2026-10-05,2011-02-08,162591
2026-10-05,2011-02-09,163522
2026-10-05,2011-02-10,163688
2026-10-05,2011-02-11,163805
2026-10-05,2011-02-14,164339
2026-10-05,2011-02-15,163994
2026-10-05,2011-02-16,162977
2026-10-05,2011-02-17,163361
2026-10-05,2011-02-18,162081
2026-10-05,2011-02-21,162223
2026-10-05,2011-02-22,163347
2026-10-05,2011-02-23,160319
2026-10-05,2011-02-24,161919
2026-10-05,2011-02-25,162992
2026-10-05,2011-02-28,160387
2026-10-05,2011-03-01,164681
2026-10-05,2011-03-02,165898
2026-10-05,2011-03-03,167221
2026-10-05,2011-03-04,166922
2026-10-05,2011-03-09,167692
2026-10-05,2011-03-10,166721
2026-10-05,2011-03-11,166529
2026-10-05,2011-03-14,166933
2026-10-05,2011-03-15,166650
2026-10-05,2011-03-16,164019
2026-10-05,2011-03-17,164935
2026-10-05,2011-03-18,163115
2026-10-05,2011-03-21,162938
2026-10-05,2011-03-22,163543
2026-10-05,2011-03-23,162240
2026-10-05,2011-03-28,163560
2026-10-05,2011-03-29,161559
2026-10-05,2011-03-30,157399
2026-10-05,2011-03-31,159290
2026-10-05,2011-04-01,166154
2026-10-05,2011-04-04,166516
2026-10-05,2011-04-05,167556
2026-10-05,2011-04-06,167586
2026-10-05,2011-04-07,166996
2026-10-05,2011-04-08,166395
2026-10-05,2011-04-11,168635
2026-10-05,2011-04-12,168438
2026-10-05,2011-04-13,168356
2026-10-05,2011-04-14,170120
2026-10-05,2011-04-15,169251
2026-10-05,2011-04-18,168836
2026-10-05,2011-04-19,168521
2026-10-05,2011-04-20,169052
2026-10-05,2011-04-25,167566
2026-10-05,2011-04-26,167267
2026-10-05,2011-04-27,166899
2026-10-05,2011-04-28,166633
2026-10-05,2011-04-29,167293
2026-10-05,2011-05-02,170410
2026-10-05,2011-05-03,171248
2026-10-05,2011-05-04,171730
2026-10-05,2011-05-05,170423
2026-10-05,2011-05-06,169195
2026-10-05,2011-05-09,169953
2026-10-05,2011-05-10,168656
2026-10-05,2011-05-11,169476
2026-10-05,2011-05-12,170771
2026-10-05,2011-05-13,172316
2026-10-05,2011-05-16,173387
2026-10-05,2011-05-17,172957
2026-10-05,2011-05-18,172774
2026-10-05,2011-05-19,173495
2026-10-05,2011-05-20,172355
2026-10-05,2011-05-23,172747
2026-10-05,2011-05-24,173716
2026-10-05,2011-05-26,173387
2026-10-05,2011-05-27,172063
2026-10-05,2011-05-30,169422
2026-10-05,2011-05-31,172685
2026-10-05,2011-06-01,177940
2026-10-05,2011-06-02,177483
2026-10-05,2011-06-03,178039
2026-10-05,2011-06-06,177971
2026-10-05,2011-06-07,177765
2026-10-05,2011-06-08,176503
2026-10-05,2011-06-09,176248
2026-10-05,2011-06-10,177375
2026-10-05,2011-06-13,178100
2026-10-05,2011-06-14,177870
2026-10-05,2011-06-15,179222
2026-10-05,2011-06-16,176578
2026-10-05,2011-06-17,177019
2026-10-05,2011-06-21,177517
2026-10-05,2011-06-22,177655
2026-10-05,2011-06-23,177671
2026-10-05,2011-06-24,175004
2026-10-05,2011-06-27,175338
2026-10-05,2011-06-28,174799
2026-10-05,2011-06-29,173245
2026-10-05,2011-06-30,176684
2026-10-05,2011-07-01,182889
2026-10-05,2011-07-04,181999
2026-10-05,2011-07-05,181579
2026-10-05,2011-07-06,184298
2026-10-05,2011-07-07,183920
2026-10-05,2011-07-08,183846
2026-10-05,2011-07-11,187520
2026-10-05,2011-07-12,187754
2026-10-05,2011-07-13,190219
2026-10-05,2011-07-14,191288
2026-10-05,2011-07-15,189102
2026-10-05,2011-07-18,188953
2026-10-05,2011-07-19,188715
2026-10-05,2011-07-20,188322
2026-10-05,2011-07-21,187596
2026-10-05,2011-07-22,186501
2026-10-05,2011-07-25,186414
2026-10-05,2011-07-26,185209
2026-10-05,2011-07-27,186328
2026-10-05,2011-07-28,184611
2026-10-05,2011-07-29,185010
2026-10-05,2011-08-01,192833
2026-10-05,2011-08-02,193012
2026-10-05,2011-08-03,192859
2026-10-05,2011-08-04,191672
2026-10-05,2011-08-05,190143
2026-10-05,2011-08-08,190427
2026-10-05,2011-08-09,190311
2026-10-05,2011-08-10,190267
2026-10-05,2011-08-11,191393
2026-10-05,2011-08-12,190486
2026-10-05,2011-08-15,190973
2026-10-05,2011-08-16,187942
2026-10-05,2011-08-17,187901
2026-10-05,2011-08-18,187819
2026-10-05,2011-08-19,189140
2026-10-05,2011-08-23,190072
2026-10-05,2011-08-24,187390
2026-10-05,2011-08-25,185842
2026-10-05,2011-08-26,184973
2026-10-05,2011-08-29,184368
2026-10-05,2011-08-30,183901
2026-10-05,2011-08-31,185825
2026-10-05,2011-09-01,192121
2026-10-05,2011-09-02,194010
2026-10-05,2011-09-05,194420
2026-10-05,2011-09-06,191828
2026-10-05,2011-09-07,190911
2026-10-05,2011-09-08,191294
2026-10-05,2011-09-09,191620
2026-10-05,2011-09-12,193438
2026-10-05,2011-09-13,194253
2026-10-05,2011-09-14,195186
2026-10-05,2011-09-15,193848
2026-10-05,2011-09-16,190188
2026-10-05,2011-09-19,189836
2026-10-05,2011-09-20,188319
2026-10-05,2011-09-21,186975
2026-10-05,2011-09-22,186756
2026-10-05,2011-09-23,185655
2026-10-05,2011-09-26,187686
2026-10-05,2011-09-27,186709
2026-10-05,2011-09-28,186923
2026-10-05,2011-09-29,189504
2026-10-05,2011-09-30,192686
2026-10-05,2011-10-03,195218
2026-10-05,2011-10-04,194713
2026-10-05,2011-10-05,194537
2026-10-05,2011-10-06,194786
2026-10-05,2011-10-07,193640
2026-10-05,2011-10-11,192461
2026-10-05,2011-10-12,193848
2026-10-05,2011-10-13,193758
2026-10-05,2011-10-14,194019
2026-10-05,2011-10-17,193347
2026-10-05,2011-10-18,192937
2026-10-05,2011-10-19,191607
2026-10-05,2011-10-20,192700
2026-10-05,2011-10-21,190639
2026-10-05,2011-10-24,189790
2026-10-05,2011-10-25,188934
2026-10-05,2011-10-26,187443
2026-10-05,2011-10-27,188227
2026-10-05,2011-10-28,186785
2026-10-05,2011-10-31,190247
2026-10-05,2011-11-01,196427
2026-10-05,2011-11-02,198063
2026-10-05,2011-11-03,197649
2026-10-05,2011-11-04,194328
2026-10-05,2011-11-07,193278
2026-10-05,2011-11-08,192280
2026-10-05,2011-11-09,194327
2026-10-05,2011-11-10,195179
2026-10-05,2011-11-11,195266
2026-10-05,2011-11-14,193360
2026-10-05,2011-11-15,193220
2026-10-05,2011-11-16,192709
2026-10-05,2011-11-17,193073
2026-10-05,2011-11-18,196599
2026-10-05,2011-11-21,199142
2026-10-05,2011-11-22,199535
2026-10-05,2011-11-23,199605
2026-10-05,2011-11-24,198776
2026-10-05,2011-11-25,197712
2026-10-05,2011-11-29,197597
2026-10-05,2011-11-30,198013
2026-10-05,2011-12-01,205741
2026-10-05,2011-12-02,205842
2026-10-05,2011-12-05,203279
2026-10-05,2011-12-06,204790
2026-10-05,2011-12-07,202805
2026-10-05,2011-12-12,204297
2026-10-05,2011-12-13,205275
2026-10-05,2011-12-14,207548
2026-10-05,2011-12-15,212390
2026-10-05,2011-12-16,211099
2026-10-05,2011-12-19,211179
2026-10-05,2011-12-20,211150
2026-10-05,2011-12-21,212290
2026-10-05,2011-12-22,213652
2026-10-05,2011-12-23,213129
2026-10-05,2011-12-27,214157
2026-10-05,2011-12-28,221321
2026-10-05,2011-12-29,222824
2026-10-05,2011-12-30,222922
2026-10-05,2012-01-03,221897
2026-10-05,2012-01-04,218474
2026-10-05,2012-01-05,216193
2026-10-05,2012-01-06,216247
2026-10-05,2012-01-09,218463
2026-10-05,2012-01-10,220699
2026-10-05,2012-01-11,221376
2026-10-05,2012-01-12,223790
2026-10-05,2012-01-13,223329
2026-10-05,2012-01-16,223612
2026-10-05,2012-01-17,223306
2026-10-05,2012-01-18,223211
2026-10-05,2012-01-19,223038
2026-10-05,2012-01-20,222304
2026-10-05,2012-01-23,219942
2026-10-05,2012-01-24,221173
2026-10-05,2012-01-25,219755
2026-10-05,2012-01-26,219217
2026-10-05,2012-01-27,219817
2026-10-05,2012-01-30,218323
2026-10-05,2012-01-31,216117
2026-10-05,2012-02-01,213769
2026-10-05,2012-02-02,210812
2026-10-05,2012-02-03,207632
2026-10-05,2012-02-06,206232
2026-10-05,2012-02-07,207464
2026-10-05,2012-02-08,208760
2026-10-05,2012-02-09,209244
2026-10-05,2012-02-10,211873
2026-10-05,2012-02-13,212703
2026-10-05,2012-02-14,211243
2026-10-05,2012-02-15,211290
2026-10-05,2012-02-16,208305
2026-10-05,2012-02-17,205493
2026-10-05,2012-02-22,213701
2026-10-05,2012-02-23,206530
2026-10-05,2012-02-24,202637
2026-10-05,2012-02-28,205499
2026-10-05,2012-02-29,205437
2026-10-05,2012-03-01,214979
2026-10-05,2012-03-02,215324
2026-10-05,2012-03-05,214217
2026-10-05,2012-03-06,213654
2026-10-05,2012-03-07,213576
2026-10-05,2012-03-08,215705
2026-10-05,2012-03-09,218545
2026-10-05,2012-03-12,219539
2026-10-05,2012-03-13,220485
2026-10-05,2012-03-14,222280
2026-10-05,2012-03-15,219215
2026-10-05,2012-03-16,216052
2026-10-05,2012-03-19,215849
2026-10-05,2012-03-20,214596
2026-10-05,2012-03-21,215699
2026-10-05,2012-03-22,218320
2026-10-05,2012-03-23,214232
2026-10-05,2012-03-26,212451
2026-10-05,2012-03-27,213831
2026-10-05,2012-03-28,214873
2026-10-05,2012-03-29,213667
2026-10-05,2012-03-30,220625
2026-10-05,2012-04-03,223089
2026-10-05,2012-04-04,221643
2026-10-05,2012-04-09,218964
2026-10-05,2012-04-10,219943
2026-10-05,2012-04-11,222156
2026-10-05,2012-04-12,224108
2026-10-05,2012-04-13,222467
2026-10-05,2012-04-16,223515
2026-10-05,2012-04-17,221033
2026-10-05,2012-04-18,220691
2026-10-05,2012-04-19,219849
2026-10-05,2012-04-20,214694
2026-10-05,2012-04-23,214245
2026-10-05,2012-04-24,212937
2026-10-05,2012-04-25,222195
2026-10-05,2012-04-26,222794
2026-10-05,2012-04-27,222914
2026-10-05,2012-05-02,229851
2026-10-05,2012-05-03,222940
2026-10-05,2012-05-04,222245
2026-10-05,2012-05-07,220770
2026-10-05,2012-05-08,220130
2026-10-05,2012-05-09,220611
2026-10-05,2012-05-10,222839
2026-10-05,2012-05-11,222797
2026-10-05,2012-05-14,222302
2026-10-05,2012-05-15,221888
2026-10-05,2012-05-16,221841
2026-10-05,2012-05-17,225934
2026-10-05,2012-05-18,228321
2026-10-05,2012-05-21,223537
2026-10-05,2012-05-22,223659
2026-10-05,2012-05-23,224041
2026-10-05,2012-05-24,223429
2026-10-05,2012-05-28,224929
2026-10-05,2012-05-29,222549
2026-10-05,2012-05-30,227105
2026-10-05,2012-05-31,225512
2026-10-05,2012-06-01,233103
2026-10-05,2012-06-04,232186
2026-10-05,2012-06-05,233544
2026-10-05,2012-06-06,233473
2026-10-05,2012-06-07,234458
2026-10-05,2012-06-08,235559
2026-10-05,2012-06-11,236334
2026-10-05,2012-06-12,236094
2026-10-05,2012-06-13,237580
2026-10-05,2012-06-14,238529
2026-10-05,2012-06-15,237254
2026-10-05,2012-06-18,236894
2026-10-05,2012-06-19,236150
2026-10-05,2012-06-21,236228
2026-10-05,2012-06-22,239399
2026-10-05,2012-06-25,240126
2026-10-05,2012-06-26,238446
2026-10-05,2012-06-27,237897
2026-10-05,2012-06-28,238157
2026-10-05,2012-06-29,244158
2026-10-05,2012-07-02,250434
2026-10-05,2012-07-03,248643
2026-10-05,2012-07-04,247682
2026-10-05,2012-07-05,252970
2026-10-05,2012-07-06,251611
2026-10-05,2012-07-10,252803
2026-10-05,2012-07-11,250507
2026-10-05,2012-07-12,252248
2026-10-05,2012-07-13,254507
2026-10-05,2012-07-16,255662
2026-10-05,2012-07-17,255945
2026-10-05,2012-07-18,257024
2026-10-05,2012-07-19,256297
2026-10-05,2012-07-20,254216
2026-10-05,2012-07-23,252210
2026-10-05,2012-07-24,250808
2026-10-05,2012-07-25,250748
2026-10-05,2012-07-26,252856
2026-10-05,2012-07-27,251750
2026-10-05,2012-07-30,249888
2026-10-05,2012-07-31,246461
2026-10-05,2012-08-01,253776
2026-10-05,2012-08-02,256441
2026-10-05,2012-08-03,257816
2026-10-05,2012-08-06,258501
2026-10-05,2012-08-07,257322
2026-10-05,2012-08-08,255758
2026-10-05,2012-08-09,256948
2026-10-05,2012-08-10,256041
2026-10-05,2012-08-13,257730
2026-10-05,2012-08-14,258284
2026-10-05,2012-08-15,259703
2026-10-05,2012-08-16,258710
2026-10-05,2012-08-17,254346
2026-10-05,2012-08-21,256697
2026-10-05,2012-08-22,259479
2026-10-05,2012-08-23,260602
2026-10-05,2012-08-24,260950
2026-10-05,2012-08-27,259606
2026-10-05,2012-08-28,260975
2026-10-05,2012-08-29,257941
2026-10-05,2012-08-30,260352
2026-10-05,2012-08-31,260758
2026-10-05,2012-09-03,263314
2026-10-05,2012-09-04,263169
2026-10-05,2012-09-05,262778
2026-10-05,2012-09-06,262918
2026-10-05,2012-09-07,261080
2026-10-05,2012-09-10,261157
2026-10-05,2012-09-11,261404
2026-10-05,2012-09-12,262748
2026-10-05,2012-09-13,263168
2026-10-05,2012-09-14,263128
2026-10-05,2012-09-17,262215
2026-10-05,2012-09-18,261501
2026-10-05,2012-09-19,261283
2026-10-05,2012-09-20,261059
2026-10-05,2012-09-21,257485
2026-10-05,2012-09-25,259088
2026-10-05,2012-09-26,258915
2026-10-05,2012-09-27,264362
2026-10-05,2012-09-28,265189
2026-10-05,2012-10-01,269906
2026-10-05,2012-10-02,269365
2026-10-05,2012-10-03,269069
2026-10-05,2012-10-04,268131
2026-10-05,2012-10-05,267785
2026-10-05,2012-10-09,265049
2026-10-05,2012-10-10,263172
2026-10-05,2012-10-11,263383
2026-10-05,2012-10-12,263697
2026-10-05,2012-10-15,265352
2026-10-05,2012-10-16,264999
2026-10-05,2012-10-17,266089
2026-10-05,2012-10-18,266041
2026-10-05,2012-10-19,266060
2026-10-05,2012-10-22,262226
2026-10-05,2012-10-23,259802
2026-10-05,2012-10-24,262370
2026-10-05,2012-10-25,264965
2026-10-05,2012-10-26,262998
2026-10-05,2012-10-29,264328
2026-10-05,2012-10-30,262866
2026-10-05,2012-10-31,265116
2026-10-05,2012-11-01,274720
2026-10-05,2012-11-02,273947
2026-10-05,2012-11-05,274126
2026-10-05,2012-11-07,273057
2026-10-05,2012-11-08,272009
2026-10-05,2012-11-09,273292
2026-10-05,2012-11-12,270115
2026-10-05,2012-11-13,269249
2026-10-05,2012-11-14,271115
2026-10-05,2012-11-15,274068
2026-10-05,2012-11-16,272403
2026-10-05,2012-11-19,272285
2026-10-05,2012-11-20,269428
2026-10-05,2012-11-21,272556
2026-10-05,2012-11-22,275548
2026-10-05,2012-11-23,270969
2026-10-05,2012-11-27,269815
2026-10-05,2012-11-28,267864
2026-10-05,2012-11-29,267299
2026-10-05,2012-11-30,268659
2026-10-05,2012-12-03,288373
2026-10-05,2012-12-04,288737
2026-10-05,2012-12-05,289559
2026-10-05,2012-12-06,289225
2026-10-05,2012-12-07,291370
2026-10-05,2012-12-10,288881
2026-10-05,2012-12-11,282983
2026-10-05,2012-12-12,284572
2026-10-05,2012-12-13,292163
2026-10-05,2012-12-14,292063
2026-10-05,2012-12-17,288264
2026-10-05,2012-12-18,288889
2026-10-05,2012-12-19,300775
2026-10-05,2012-12-20,290587
2026-10-05,2012-12-21,291530
2026-10-05,2012-12-26,300752
2026-10-05,2012-12-27,304317
2026-10-05,2012-12-28,308524
2026-10-05,2012-12-31,307352
2026-10-05,2013-01-02,305407
2026-10-05,2013-01-03,305685
2026-10-05,2013-01-04,302573
2026-10-05,2013-01-07,301269
2026-10-05,2013-01-08,301215
2026-10-05,2013-01-09,298528
2026-10-05,2013-01-10,300103
2026-10-05,2013-01-11,301781
2026-10-05,2013-01-14,300562
2026-10-05,2013-01-15,301854
2026-10-05,2013-01-16,299502
2026-10-05,2013-01-17,298855
2026-10-05,2013-01-18,297834
2026-10-05,2013-01-21,298979
2026-10-05,2013-01-22,299273
2026-10-05,2013-01-23,294252
2026-10-05,2013-01-24,293916
2026-10-05,2013-01-25,292640
2026-10-05,2013-01-28,290421
2026-10-05,2013-01-29,289981
2026-10-05,2013-01-30,287546
2026-10-05,2013-02-01,289527
2026-10-05,2013-02-04,288820
2026-10-05,2013-02-05,288350
2026-10-05,2013-02-06,288756
2026-10-05,2013-02-07,289170
2026-10-05,2013-02-08,291376
2026-10-05,2013-02-13,296321
2026-10-05,2013-02-14,297929
2026-10-05,2013-02-15,300186
2026-10-05,2013-02-18,295588
2026-10-05,2013-02-19,292587
2026-10-05,2013-02-21,292666
2026-10-05,2013-02-22,291707
2026-10-05,2013-02-25,291094
2026-10-05,2013-02-26,290962
2026-10-05,2013-02-27,289812
2026-10-05,2013-02-28,291151
2026-10-05,2013-03-01,300266
2026-10-05,2013-03-04,300562
2026-10-05,2013-03-05,300361
2026-10-05,2013-03-06,298337
2026-10-05,2013-03-07,298108
2026-10-05,2013-03-08,298457
2026-10-05,2013-03-11,298069
2026-10-05,2013-03-12,297738
2026-10-05,2013-03-13,296379
2026-10-05,2013-03-14,296918
2026-10-05,2013-03-15,294513
2026-10-05,2013-03-18,293010
2026-10-05,2013-03-19,293388
2026-10-05,2013-03-20,293576
2026-10-05,2013-03-21,292826
2026-10-05,2013-03-22,293440
2026-10-05,2013-03-25,290024
2026-10-05,2013-03-26,291645
2026-10-05,2013-03-27,302215
2026-10-05,2013-04-03,306334
2026-10-05,2013-04-04,305591
2026-10-05,2013-04-05,303549
2026-10-05,2013-04-08,302725
2026-10-05,2013-04-09,302999
2026-10-05,2013-04-10,302577
2026-10-05,2013-04-11,302284
2026-10-05,2013-04-12,304360
2026-10-05,2013-04-15,302862
2026-10-05,2013-04-16,302237
2026-10-05,2013-04-17,299197
2026-10-05,2013-04-18,299916
2026-10-05,2013-04-19,295335
2026-10-05,2013-04-22,292865
2026-10-05,2013-04-23,291366
2026-10-05,2013-04-24,288016
2026-10-05,2013-04-25,289446
2026-10-05,2013-04-26,286824
2026-10-05,2013-04-29,279361
2026-10-05,2013-04-30,287319
2026-10-05,2013-05-02,295803
2026-10-05,2013-05-03,296781
2026-10-05,2013-05-06,296660
2026-10-05,2013-05-07,296085
2026-10-05,2013-05-08,300154
2026-10-05,2013-05-09,300130
2026-10-05,2013-05-10,298485
2026-10-05,2013-05-13,300727
2026-10-05,2013-05-14,301816
2026-10-05,2013-05-15,302869
2026-10-05,2013-05-16,303372
2026-10-05,2013-05-17,303191
2026-10-05,2013-05-20,302678
2026-10-05,2013-05-21,303457
2026-10-05,2013-05-22,304875
2026-10-05,2013-05-23,305675
2026-10-05,2013-05-24,303575
2026-10-05,2013-05-27,301854
2026-10-05,2013-05-28,301129
2026-10-05,2013-05-29,298207
2026-10-05,2013-05-30,301837
2026-10-05,2013-05-31,304337
2026-10-05,2013-06-03,309305
2026-10-05,2013-06-04,308608
2026-10-05,2013-06-05,309214
2026-10-05,2013-06-06,312931
2026-10-05,2013-06-07,314000
2026-10-05,2013-06-10,313740
2026-10-05,2013-06-11,313271
2026-10-05,2013-06-12,315301
2026-10-05,2013-06-13,315824
2026-10-05,2013-06-14,313554
2026-10-05,2013-06-17,311172
2026-10-05,2013-06-18,310797
2026-10-05,2013-06-19,311680
2026-10-05,2013-06-24,309952
2026-10-05,2013-06-25,310665
2026-10-05,2013-06-26,308415
2026-10-05,2013-06-27,308513
2026-10-05,2013-06-28,307550
2026-10-05,2013-07-01,314997
2026-10-05,2013-07-02,321382
2026-10-05,2013-07-03,323229
2026-10-05,2013-07-04,323827
2026-10-05,2013-07-05,325256
2026-10-05,2013-07-08,324718
2026-10-05,2013-07-10,326998
2026-10-05,2013-07-11,326162
2026-10-05,2013-07-12,327229
2026-10-05,2013-07-15,327673
2026-10-05,2013-07-16,324791
2026-10-05,2013-07-17,326024
2026-10-05,2013-07-18,324739
2026-10-05,2013-07-19,321841
2026-10-05,2013-07-22,321781
2026-10-05,2013-07-23,317336
2026-10-05,2013-07-24,319286
2026-10-05,2013-07-25,325446
2026-10-05,2013-07-26,325733
2026-10-05,2013-07-29,321473
2026-10-05,2013-07-30,318630
2026-10-05,2013-07-31,318128
2026-10-05,2013-08-01,329333
2026-10-05,2013-08-02,329302
2026-10-05,2013-08-05,328744
2026-10-05,2013-08-06,329995
2026-10-05,2013-08-07,330146
2026-10-05,2013-08-08,331273
2026-10-05,2013-08-09,329634
2026-10-05,2013-08-12,329560
2026-10-05,2013-08-13,330238
2026-10-05,2013-08-14,324785
2026-10-05,2013-08-15,325706
2026-10-05,2013-08-16,322687
2026-10-05,2013-08-20,328996
2026-10-05,2013-08-21,329911
2026-10-05,2013-08-22,327248
2026-10-05,2013-08-23,323202
2026-10-05,2013-08-26,324674
2026-10-05,2013-08-27,324126
2026-10-05,2013-08-28,321395
2026-10-05,2013-08-29,323616
2026-10-05,2013-08-30,321192
2026-10-05,2013-09-02,329808
2026-10-05,2013-09-03,331305
2026-10-05,2013-09-04,331374
2026-10-05,2013-09-05,333991
2026-10-05,2013-09-06,334005
2026-10-05,2013-09-09,332801
2026-10-05,2013-09-10,336493
2026-10-05,2013-09-11,334120
2026-10-05,2013-09-12,333573
2026-10-05,2013-09-13,332781
2026-10-05,2013-09-16,331705
2026-10-05,2013-09-17,332182
2026-10-05,2013-09-18,330629
2026-10-05,2013-09-19,329474
2026-10-05,2013-09-20,325233
2026-10-05,2013-09-23,321927
2026-10-05,2013-09-24,321744
2026-10-05,2013-09-25,323056
2026-10-05,2013-09-26,324612
2026-10-05,2013-09-27,329860
2026-10-05,2013-09-30,327433
2026-10-05,2013-10-01,337997
2026-10-05,2013-10-02,338653
2026-10-05,2013-10-03,338979
2026-10-05,2013-10-04,340778
2026-10-05,2013-10-07,340854
2026-10-05,2013-10-08,341210
2026-10-05,2013-10-09,339475
2026-10-05,2013-10-10,340714
2026-10-05,2013-10-11,337942
2026-10-05,2013-10-15,337381
2026-10-05,2013-10-16,336165
2026-10-05,2013-10-17,335885
2026-10-05,2013-10-18,335247
2026-10-05,2013-10-21,331981
2026-10-05,2013-10-22,332484
2026-10-05,2013-10-23,333496
2026-10-05,2013-10-24,337102
2026-10-05,2013-10-25,329801
2026-10-05,2013-10-28,324766
2026-10-05,2013-10-29,319710
2026-10-05,2013-10-30,324521
2026-10-05,2013-10-31,326803
2026-10-05,2013-11-01,342132
2026-10-05,2013-11-04,340503
2026-10-05,2013-11-05,342621
2026-10-05,2013-11-07,343208
2026-10-05,2013-11-08,341477
2026-10-05,2013-11-11,340439
2026-10-05,2013-11-12,338405
2026-10-05,2013-11-13,338681
2026-10-05,2013-11-14,340467
2026-10-05,2013-11-15,338477
2026-10-05,2013-11-18,338026
2026-10-05,2013-11-19,335230
2026-10-05,2013-11-20,334520
2026-10-05,2013-11-21,336648
2026-10-05,2013-11-22,334781
2026-10-05,2013-11-26,332965
2026-10-05,2013-11-27,332866
2026-10-05,2013-11-28,334026
2026-10-05,2013-11-29,336846
2026-10-05,2013-12-02,351871
2026-10-05,2013-12-03,352022
2026-10-05,2013-12-04,353834
2026-10-05,2013-12-05,363941
2026-10-05,2013-12-06,353762
2026-10-05,2013-12-09,353725
2026-10-05,2013-12-10,353239
2026-10-05,2013-12-11,354969
2026-10-05,2013-12-12,370184
2026-10-05,2013-12-13,356104
2026-10-05,2013-12-16,355803
2026-10-05,2013-12-17,355936
2026-10-05,2013-12-18,357772
2026-10-05,2013-12-19,373960
2026-10-05,2013-12-20,365189
2026-10-05,2013-12-23,364962
2026-10-05,2013-12-26,378259
2026-10-05,2013-12-27,374056
2026-10-05,2013-12-30,377196
2026-10-05,2014-01-02,378160
2026-10-05,2014-01-03,376497
2026-10-05,2014-01-06,375463
2026-10-05,2014-01-07,374165
2026-10-05,2014-01-08,371632
2026-10-05,2014-01-09,374042
2026-10-05,2014-01-10,375046
2026-10-05,2014-01-13,374738
2026-10-05,2014-01-14,375069
2026-10-05,2014-01-15,371442
2026-10-05,2014-01-16,367298
2026-10-05,2014-01-17,366454
2026-10-05,2014-01-20,365243
2026-10-05,2014-01-21,364442
2026-10-05,2014-01-22,360432
2026-10-05,2014-01-23,360573
2026-10-05,2014-01-24,356532
2026-10-05,2014-01-27,353732
2026-10-05,2014-01-28,357207
2026-10-05,2014-01-29,362576
2026-10-05,2014-01-30,364446
2026-10-05,2014-01-31,363858
2026-10-05,2014-02-03,360675
2026-10-05,2014-02-04,358249
2026-10-05,2014-02-05,349439
2026-10-05,2014-02-06,351110
2026-10-05,2014-02-07,349349
2026-10-05,2014-02-10,346753
2026-10-05,2014-02-11,346799
2026-10-05,2014-02-12,352232
2026-10-05,2014-02-13,353193
2026-10-05,2014-02-14,352477
2026-10-05,2014-02-17,346492
2026-10-05,2014-02-18,346088
2026-10-05,2014-02-19,342593
2026-10-05,2014-02-20,345197
2026-10-05,2014-02-21,338736
2026-10-05,2014-02-24,340018
2026-10-05,2014-02-25,330477
2026-10-05,2014-02-26,339737
2026-10-05,2014-02-27,332516
2026-10-05,2014-02-28,344819
2026-10-05,2014-03-05,349360
2026-10-05,2014-03-06,351175
2026-10-05,2014-03-07,353422
2026-10-05,2014-03-10,354643
2026-10-05,2014-03-11,354166
2026-10-05,2014-03-12,353941
2026-10-05,2014-03-13,355677
2026-10-05,2014-03-14,357331
2026-10-05,2014-03-17,354661
2026-10-05,2014-03-18,353961
2026-10-05,2014-03-19,354150
2026-10-05,2014-03-20,353237
2026-10-05,2014-03-21,352543
2026-10-05,2014-03-25,347238
2026-10-05,2014-03-26,346514
2026-10-05,2014-03-27,344820
2026-10-05,2014-03-28,349184
2026-10-05,2014-03-31,349029
2026-10-05,2014-04-01,363756
2026-10-05,2014-04-03,359207
2026-10-05,2014-04-04,359061
2026-10-05,2014-04-07,360888
2026-10-05,2014-04-08,364627
2026-10-05,2014-04-09,360894
2026-10-05,2014-04-10,361883
2026-10-05,2014-04-11,361521
2026-10-05,2014-04-14,360819
2026-10-05,2014-04-15,364623
2026-10-05,2014-04-16,359004
2026-10-05,2014-04-21,352501
2026-10-05,2014-04-22,350943
2026-10-05,2014-04-23,343165
2026-10-05,2014-04-24,345102
2026-10-05,2014-04-25,334778
2026-10-05,2014-04-28,329226
2026-10-05,2014-04-29,330447
2026-10-05,2014-04-30,352163
2026-10-05,2014-05-05,359549
2026-10-05,2014-05-06,360311
2026-10-05,2014-05-07,360459
2026-10-05,2014-05-08,362551
2026-10-05,2014-05-09,362226
2026-10-05,2014-05-12,361342
2026-10-05,2014-05-13,363009
2026-10-05,2014-05-14,357519
2026-10-05,2014-05-15,355540
2026-10-05,2014-05-16,353321
2026-10-05,2014-05-19,351509
2026-10-05,2014-05-20,350160
2026-10-05,2014-05-21,354183
2026-10-05,2014-05-22,355719
2026-10-05,2014-05-23,344832
2026-10-05,2014-05-26,338075
2026-10-05,2014-05-27,345881
2026-10-05,2014-05-28,346225
2026-10-05,2014-05-29,342952
2026-10-05,2014-05-30,348928
2026-10-05,2014-06-02,365594
2026-10-05,2014-06-03,366652
2026-10-05,2014-06-04,370210
2026-10-05,2014-06-05,369670
2026-10-05,2014-06-06,364532
2026-10-05,2014-06-09,370489
2026-10-05,2014-06-10,371807
2026-10-05,2014-06-11,372553
2026-10-05,2014-06-12,376810
2026-10-05,2014-06-13,365174
2026-10-05,2014-06-16,359416
2026-10-05,2014-06-17,360009
2026-10-05,2014-06-18,362574
2026-10-05,2014-06-19,362286
2026-10-05,2014-06-23,363226
2026-10-05,2014-06-24,362991
2026-10-05,2014-06-25,365588
2026-10-05,2014-06-26,372616
2026-10-05,2014-06-27,370707
2026-10-05,2014-06-30,370611
2026-10-05,2014-07-01,382719
2026-10-05,2014-07-02,385700
2026-10-05,2014-07-03,393233
2026-10-05,2014-07-04,393392
2026-10-05,2014-07-07,394783
2026-10-05,2014-07-08,395724
2026-10-05,2014-07-10,391980
2026-10-05,2014-07-11,390326
2026-10-05,2014-07-14,391960
2026-10-05,2014-07-15,391644
2026-10-05,2014-07-16,388927
2026-10-05,2014-07-17,381304
2026-10-05,2014-07-18,380904
2026-10-05,2014-07-21,381109
2026-10-05,2014-07-22,377868
2026-10-05,2014-07-23,380694
2026-10-05,2014-07-24,376348
2026-10-05,2014-07-25,372437
2026-10-05,2014-07-28,369128
2026-10-05,2014-07-29,370496
2026-10-05,2014-07-30,370067
2026-10-05,2014-07-31,371689
2026-10-05,2014-08-01,389897
2026-10-05,2014-08-04,389441
2026-10-05,2014-08-05,389325
2026-10-05,2014-08-06,387128
2026-10-05,2014-08-07,387901
2026-10-05,2014-08-08,389667
2026-10-05,2014-08-11,387822
2026-10-05,2014-08-12,392732
2026-10-05,2014-08-13,393385
2026-10-05,2014-08-14,391906
2026-10-05,2014-08-15,391070
2026-10-05,2014-08-19,394347
2026-10-05,2014-08-20,389971
2026-10-05,2014-08-21,396753
2026-10-05,2014-08-22,396608
2026-10-05,2014-08-25,393013
2026-10-05,2014-08-26,393358
2026-10-05,2014-08-27,387972
2026-10-05,2014-08-28,385478
2026-10-05,2014-08-29,389193
2026-10-05,2014-09-01,405966
2026-10-05,2014-09-02,406699
2026-10-05,2014-09-03,404958
2026-10-05,2014-09-04,407031
2026-10-05,2014-09-05,406292
2026-10-05,2014-09-08,405704
2026-10-05,2014-09-09,400542
2026-10-05,2014-09-10,395835
2026-10-05,2014-09-11,401957
2026-10-05,2014-09-12,402105
2026-10-05,2014-09-15,400662
2026-10-05,2014-09-16,399289
2026-10-05,2014-09-17,390549
2026-10-05,2014-09-18,386094
2026-10-05,2014-09-19,384467
2026-10-05,2014-09-22,385343
2026-10-05,2014-09-23,385881
2026-10-05,2014-09-24,386713
2026-10-05,2014-09-25,390326
2026-10-05,2014-09-26,388203
2026-10-05,2014-09-29,388136
2026-10-05,2014-09-30,382315
2026-10-05,2014-10-01,412070
2026-10-05,2014-10-02,406542
2026-10-05,2014-10-03,406013
2026-10-05,2014-10-06,404747
2026-10-05,2014-10-07,407712
2026-10-05,2014-10-08,405670
2026-10-05,2014-10-09,405355
2026-10-05,2014-10-10,404809
2026-10-05,2014-10-14,407122
2026-10-05,2014-10-15,405777
2026-10-05,2014-10-16,408200
2026-10-05,2014-10-17,407535
2026-10-05,2014-10-20,406659
2026-10-05,2014-10-21,398281
2026-10-05,2014-10-22,396663
2026-10-05,2014-10-23,396113
2026-10-05,2014-10-24,388523
2026-10-05,2014-10-27,383094
2026-10-05,2014-10-28,384187
2026-10-05,2014-10-29,386010
2026-10-05,2014-10-30,387974
2026-10-05,2014-10-31,407437
2026-10-05,2014-11-03,413948
2026-10-05,2014-11-04,413963
2026-10-05,2014-11-05,416246
2026-10-05,2014-11-07,417909
2026-10-05,2014-11-10,419121
2026-10-05,2014-11-11,416612
2026-10-05,2014-11-12,414850
2026-10-05,2014-11-13,413686
2026-10-05,2014-11-14,407488
2026-10-05,2014-11-17,405543
2026-10-05,2014-11-18,405503
2026-10-05,2014-11-19,402473
2026-10-05,2014-11-20,396867
2026-10-05,2014-11-21,393770
2026-10-05,2014-11-25,406794
2026-10-05,2014-11-26,405951
2026-10-05,2014-11-27,393588
2026-10-05,2014-11-28,409124
2026-10-05,2014-12-01,434222
2026-10-05,2014-12-02,437391
2026-10-05,2014-12-03,437124
2026-10-05,2014-12-04,433521
2026-10-05,2014-12-05,433915
2026-10-05,2014-12-09,432323
2026-10-05,2014-12-10,427035
2026-10-05,2014-12-11,435026
2026-10-05,2014-12-12,423742
2026-10-05,2014-12-15,433948
2026-10-05,2014-12-16,443259
2026-10-05,2014-12-17,447690
2026-10-05,2014-12-18,450631
2026-10-05,2014-12-19,455507
2026-10-05,2014-12-22,456595
2026-10-05,2014-12-23,447979
2026-10-05,2014-12-24,447363
2026-10-05,2014-12-29,476590
2026-10-05,2014-12-30,462564
2026-10-05,2015-01-02,465862
2026-10-05,2015-01-05,464979
2026-10-05,2015-01-06,465009
2026-10-05,2015-01-07,458744
2026-10-05,2015-01-08,460792
2026-10-05,2015-01-09,461756
2026-10-05,2015-01-12,462993
2026-10-05,2015-01-13,464814
2026-10-05,2015-01-14,455111
2026-10-05,2015-01-15,455138
2026-10-05,2015-01-16,452795
2026-10-05,2015-01-19,452787
2026-10-05,2015-01-20,454622
2026-10-05,2015-01-21,442811
2026-10-05,2015-01-22,442490
2026-10-05,2015-01-23,444315
2026-10-05,2015-01-26,438132
2026-10-05,2015-01-27,439588
2026-10-05,2015-01-28,437772
2026-10-05,2015-01-29,444735
2026-10-05,2015-01-30,447995
2026-10-05,2015-02-02,449385
2026-10-05,2015-02-03,445947
2026-10-05,2015-02-04,449754
2026-10-05,2015-02-05,451959
2026-10-05,2015-02-06,452703
2026-10-05,2015-02-09,454037
2026-10-05,2015-02-10,455888
2026-10-05,2015-02-11,449466
2026-10-05,2015-02-12,446354
2026-10-05,2015-02-13,450278
2026-10-05,2015-02-18,453574
2026-10-05,2015-02-19,451911
2026-10-05,2015-02-20,455937
2026-10-05,2015-02-23,453277
2026-10-05,2015-02-24,449349
2026-10-05,2015-02-25,445834
2026-10-05,2015-02-26,443895
2026-10-05,2015-02-27,446408
2026-10-05,2015-03-02,457556
2026-10-05,2015-03-03,457185
2026-10-05,2015-03-04,453438
2026-10-05,2015-03-05,450920
2026-10-05,2015-03-06,448451
2026-10-05,2015-03-09,454075
2026-10-05,2015-03-10,454302
2026-10-05,2015-03-11,451282
2026-10-05,2015-03-12,454513
2026-10-05,2015-03-13,452219
2026-10-05,2015-03-16,458034
2026-10-05,2015-03-17,454866
2026-10-05,2015-03-18,455975
2026-10-05,2015-03-19,456518
2026-10-05,2015-03-20,460842
2026-10-05,2015-03-25,464287
2026-10-05,2015-03-26,444499
2026-10-05,2015-03-27,444973
2026-10-05,2015-03-30,449673
2026-10-05,2015-03-31,440354
2026-10-05,2015-04-01,466366
2026-10-05,2015-04-06,459867
2026-10-05,2015-04-07,459329
2026-10-05,2015-04-08,458970
2026-10-05,2015-04-09,462889
2026-10-05,2015-04-10,463003
2026-10-05,2015-04-13,463080
2026-10-05,2015-04-14,460323
2026-10-05,2015-04-15,462579
2026-10-05,2015-04-16,463328
2026-10-05,2015-04-17,457377
2026-10-05,2015-04-20,455503
2026-10-05,2015-04-21,454392
2026-10-05,2015-04-22,449304
2026-10-05,2015-04-23,450064
2026-10-05,2015-04-24,452526
2026-10-05,2015-04-27,445792
2026-10-05,2015-04-28,442412
2026-10-05,2015-04-29,432977
2026-10-05,2015-04-30,469092
2026-10-05,2015-05-04,471050
2026-10-05,2015-05-05,468356
2026-10-05,2015-05-06,465817
2026-10-05,2015-05-07,465781
2026-10-05,2015-05-08,469750
2026-10-05,2015-05-11,475899
2026-10-05,2015-05-12,477229
2026-10-05,2015-05-13,474127
2026-10-05,2015-05-14,471670
2026-10-05,2015-05-15,470377
2026-10-05,2015-05-18,470126
2026-10-05,2015-05-19,467592
2026-10-05,2015-05-20,467835
2026-10-05,2015-05-21,462520
2026-10-05,2015-05-22,465654
2026-10-05,2015-05-26,465313
2026-10-05,2015-05-27,469307
2026-10-05,2015-05-28,462384
2026-10-05,2015-05-29,462104
2026-10-05,2015-06-01,478884
2026-10-05,2015-06-02,481242
2026-10-05,2015-06-03,475267
2026-10-05,2015-06-04,484756
2026-10-05,2015-06-05,482913
2026-10-05,2015-06-08,491339
2026-10-05,2015-06-09,490976
2026-10-05,2015-06-10,495431
2026-10-05,2015-06-11,504476
2026-10-05,2015-06-12,501449
2026-10-05,2015-06-15,502114
2026-10-05,2015-06-16,499099
2026-10-05,2015-06-17,489680
2026-10-05,2015-06-18,486586
2026-10-05,2015-06-19,481480
2026-10-05,2015-06-22,480254
2026-10-05,2015-06-23,483602
2026-10-05,2015-06-24,487533
2026-10-05,2015-06-25,481341
2026-10-05,2015-06-26,487884
2026-10-05,2015-06-29,484994
2026-10-05,2015-06-30,482719
2026-10-05,2015-07-01,500332
2026-10-05,2015-07-02,504672
2026-10-05,2015-07-03,510594
2026-10-05,2015-07-06,509609
2026-10-05,2015-07-07,513816
2026-10-05,2015-07-08,514868
2026-10-05,2015-07-10,517781
2026-10-05,2015-07-13,515800
2026-10-05,2015-07-14,517340
2026-10-05,2015-07-15,516479
2026-10-05,2015-07-16,515561
2026-10-05,2015-07-17,518121
2026-10-05,2015-07-20,528049
2026-10-05,2015-07-21,531382
2026-10-05,2015-07-22,532919
2026-10-05,2015-07-23,533181
2026-10-05,2015-07-24,519403
2026-10-05,2015-07-27,517285
2026-10-05,2015-07-28,521573
2026-10-05,2015-07-29,515123
2026-10-05,2015-07-30,507309
2026-10-05,2015-07-31,520170
2026-10-05,2015-08-03,531539
2026-10-05,2015-08-04,540908
2026-10-05,2015-08-05,536010
2026-10-05,2015-08-06,533181
2026-10-05,2015-08-07,531891
2026-10-05,2015-08-10,533763
2026-10-05,2015-08-11,536767
2026-10-05,2015-08-12,531806
2026-10-05,2015-08-13,531306
2026-10-05,2015-08-14,532662
2026-10-05,2015-08-18,527996
2026-10-05,2015-08-19,530790
2026-10-05,2015-08-20,522124
2026-10-05,2015-08-21,519869
2026-10-05,2015-08-24,516918
2026-10-05,2015-08-25,519732
2026-10-05,2015-08-26,517694
2026-10-05,2015-08-27,515377
2026-10-05,2015-08-28,525086
2026-10-05,2015-08-31,509258
2026-10-05,2015-09-01,532788
2026-10-05,2015-09-02,531425
2026-10-05,2015-09-03,530974
2026-10-05,2015-09-04,534587
2026-10-05,2015-09-07,534713
2026-10-05,2015-09-08,532247
2026-10-05,2015-09-09,532427
2026-10-05,2015-09-10,535164
2026-10-05,2015-09-11,542568
2026-10-05,2015-09-14,538371
2026-10-05,2015-09-15,538686
2026-10-05,2015-09-16,535598
2026-10-05,2015-09-17,531919
2026-10-05,2015-09-18,533275
2026-10-05,2015-09-21,531529
2026-10-05,2015-09-22,535125
2026-10-05,2015-09-23,530225
2026-10-05,2015-09-24,531047
2026-10-05,2015-09-25,527591
2026-10-05,2015-09-28,520067
2026-10-05,2015-09-29,534074
2026-10-05,2015-09-30,530135
2026-10-05,2015-10-01,541547
2026-10-05,2015-10-02,539362
2026-10-05,2015-10-05,546926
2026-10-05,2015-10-06,546202
2026-10-05,2015-10-07,547052
2026-10-05,2015-10-08,547386
2026-10-05,2015-10-09,545767
2026-10-05,2015-10-13,547021
2026-10-05,2015-10-14,542237
2026-10-05,2015-10-15,551862
2026-10-05,2015-10-16,550024
2026-10-05,2015-10-19,547101
2026-10-05,2015-10-20,550690
2026-10-05,2015-10-21,546567
2026-10-05,2015-10-22,548448
2026-10-05,2015-10-23,546397
2026-10-05,2015-10-26,542948
2026-10-05,2015-10-27,541247
2026-10-05,2015-10-28,532436
2026-10-05,2015-10-29,525726
2026-10-05,2015-10-30,543201
2026-10-05,2015-11-02,561158
2026-10-05,2015-11-03,560592
2026-10-05,2015-11-04,563935
2026-10-05,2015-11-05,567390
2026-10-05,2015-11-09,568409
2026-10-05,2015-11-10,569809
2026-10-05,2015-11-11,573043
2026-10-05,2015-11-12,562438
2026-10-05,2015-11-13,567972
2026-10-05,2015-11-16,569391
2026-10-05,2015-11-17,568050
2026-10-05,2015-11-18,557773
2026-10-05,2015-11-19,552367
2026-10-05,2015-11-20,546172
2026-10-05,2015-11-23,554954
2026-10-05,2015-11-24,552876
2026-10-05,2015-11-25,549976
2026-10-05,2015-11-26,558481
2026-10-05,2015-11-30,536761
2026-10-05,2015-12-01,611051
2026-10-05,2015-12-02,610863
2026-10-05,2015-12-03,618454
2026-10-05,2015-12-04,612316
2026-10-05,2015-12-09,629249
2026-10-05,2015-12-10,621978
2026-10-05,2015-12-11,617257
2026-10-05,2015-12-14,616654
2026-10-05,2015-12-15,612401
2026-10-05,2015-12-16,605974
2026-10-05,2015-12-17,630771
2026-10-05,2015-12-18,629444
2026-10-05,2015-12-21,638629
2026-10-05,2015-12-22,640006
2026-10-05,2015-12-23,633578
2026-10-05,2015-12-24,631161
2026-10-05,2015-12-28,629210
2026-10-05,2015-12-29,632065
2026-10-05,2015-12-30,609041
2026-10-05,2015-12-31,623890
2026-10-05,2016-01-04,620295
2026-10-05,2016-01-05,622070
2026-10-05,2016-01-06,604698
2026-10-05,2016-01-07,606740
2026-10-05,2016-01-08,612384
2026-10-05,2016-01-11,620606
2026-10-05,2016-01-12,620175
2026-10-05,2016-01-13,602523
2026-10-05,2016-01-14,602908
2026-10-05,2016-01-15,600995
2026-10-05,2016-01-18,589318
2026-10-05,2016-01-19,589939
2026-10-05,2016-01-20,590418
2026-10-05,2016-01-21,593241
2026-10-05,2016-01-22,593175
2026-10-05,2016-01-25,592091
2026-10-05,2016-01-26,597693
2026-10-05,2016-01-27,590720
2026-10-05,2016-01-28,590941
2026-10-05,2016-01-29,588333
2026-10-05,2016-02-01,587033
2026-10-05,2016-02-02,587138
2026-10-05,2016-02-03,582437
2026-10-05,2016-02-04,574931
2026-10-05,2016-02-05,569553
2026-10-05,2016-02-10,563700
2026-10-05,2016-02-11,572531
2026-10-05,2016-02-12,573092
2026-10-05,2016-02-15,574740
2026-10-05,2016-02-16,561919
2026-10-05,2016-02-17,552244
2026-10-05,2016-02-18,550150
2026-10-05,2016-02-19,550280
2026-10-05,2016-02-22,547444
2026-10-05,2016-02-23,550207
2026-10-05,2016-02-24,552511
2026-10-05,2016-02-25,552589
2026-10-05,2016-02-26,551246
2026-10-05,2016-02-29,559138
2026-10-05,2016-03-01,579175
2026-10-05,2016-03-02,589728
2026-10-05,2016-03-03,597517
2026-10-05,2016-03-04,593553
2026-10-05,2016-03-07,593431
2026-10-05,2016-03-08,591155
2026-10-05,2016-03-09,589894
2026-10-05,2016-03-10,588177
2026-10-05,2016-03-11,583729
2026-10-05,2016-03-14,574749
2026-10-05,2016-03-15,573033
2026-10-05,2016-03-16,580701
2026-10-05,2016-03-17,588153
2026-10-05,2016-03-18,589099
2026-10-05,2016-03-21,591208
2026-10-05,2016-03-22,582785
2026-10-05,2016-03-23,594243
2026-10-05,2016-03-28,583947
2026-10-05,2016-03-29,583286
2026-10-05,2016-03-30,562928
2026-10-05,2016-03-31,573019
2026-10-05,2016-04-01,610010
2026-10-05,2016-04-04,604923
2026-10-05,2016-04-05,600988
2026-10-05,2016-04-06,588475
2026-10-05,2016-04-07,590235
2026-10-05,2016-04-08,583523
2026-10-05,2016-04-11,583909
2026-10-05,2016-04-12,586151
2026-10-05,2016-04-13,586847
2026-10-05,2016-04-14,588046
2026-10-05,2016-04-15,578466
2026-10-05,2016-04-18,572381
2026-10-05,2016-04-19,580944
2026-10-05,2016-04-20,579752
2026-10-05,2016-04-21,565974
2026-10-05,2016-04-22,565377
2026-10-05,2016-04-25,564569
2026-10-05,2016-04-26,570000
2026-10-05,2016-04-27,576339
2026-10-05,2016-04-28,572872
2026-10-05,2016-04-29,572568
2026-10-05,2016-05-02,598835
2026-10-05,2016-05-03,596967
2026-10-05,2016-05-04,599080
2026-10-05,2016-05-05,599384
2026-10-05,2016-05-06,592367
2026-10-05,2016-05-09,599227
2026-10-05,2016-05-10,589246
2026-10-05,2016-05-11,589942
2026-10-05,2016-05-12,580502
2026-10-05,2016-05-13,583883
2026-10-05,2016-05-16,582949
2026-10-05,2016-05-17,588529
2026-10-05,2016-05-18,581677
2026-10-05,2016-05-19,576594
2026-10-05,2016-05-20,582521
2026-10-05,2016-05-23,580783
2026-10-05,2016-05-24,579973
2026-10-05,2016-05-26,570735
2026-10-05,2016-05-27,572089
2026-10-05,2016-05-30,573646
2026-10-05,2016-05-31,576156
2026-10-05,2016-06-01,612292
2026-10-05,2016-06-02,609610
2026-10-05,2016-06-03,611370
2026-10-05,2016-06-06,611881
2026-10-05,2016-06-07,609767
2026-10-05,2016-06-08,622173
2026-10-05,2016-06-09,620708
2026-10-05,2016-06-10,622070
2026-10-05,2016-06-13,618412
2026-10-05,2016-06-14,612542
2026-10-05,2016-06-15,626544
2026-10-05,2016-06-16,613872
2026-10-05,2016-06-21,620644
2026-10-05,2016-06-22,642135
2026-10-05,2016-06-23,629921
2026-10-05,2016-06-24,620107
2026-10-05,2016-06-27,614431
2026-10-05,2016-06-28,611435
2026-10-05,2016-06-29,624050
2026-10-05,2016-06-30,631231
2026-10-05,2016-07-01,687519
2026-10-05,2016-07-04,682619
2026-10-05,2016-07-05,666568
2026-10-05,2016-07-06,679934
2026-10-05,2016-07-07,683152
2026-10-05,2016-07-11,681231
2026-10-05,2016-07-12,672801
2026-10-05,2016-07-13,677321
2026-10-05,2016-07-14,679613
2026-10-05,2016-07-15,669672
2026-10-05,2016-07-18,664814
2026-10-05,2016-07-19,660575
2026-10-05,2016-07-20,660207
2026-10-05,2016-07-21,659004
2026-10-05,2016-07-22,658427
2026-10-05,2016-07-25,660826
2026-10-05,2016-07-26,668844
2026-10-05,2016-07-27,669432
2026-10-05,2016-07-28,668705
2026-10-05,2016-07-29,661130
2026-10-05,2016-08-01,687837
2026-10-05,2016-08-02,683838
2026-10-05,2016-08-03,671569
2026-10-05,2016-08-04,673429
2026-10-05,2016-08-05,674486
2026-10-05,2016-08-08,685222
2026-10-05,2016-08-09,681494
2026-10-05,2016-08-10,689303
2026-10-05,2016-08-11,679265
2026-10-05,2016-08-12,673474
2026-10-05,2016-08-16,661733
2026-10-05,2016-08-17,676314
2026-10-05,2016-08-18,673734
2026-10-05,2016-08-19,673130
2026-10-05,2016-08-22,673401
2026-10-05,2016-08-23,670631
2026-10-05,2016-08-24,672905
2026-10-05,2016-08-25,669852
2026-10-05,2016-08-26,668818
2026-10-05,2016-08-29,681561
2026-10-05,2016-08-30,684241
2026-10-05,2016-08-31,679730
2026-10-05,2016-09-01,705806
2026-10-05,2016-09-02,692521
2026-10-05,2016-09-05,693019
2026-10-05,2016-09-06,682648
2026-10-05,2016-09-07,695555
2026-10-05,2016-09-08,700060
2026-10-05,2016-09-09,695192
2026-10-05,2016-09-12,689625
2026-10-05,2016-09-13,682007
2026-10-05,2016-09-14,688437
2026-10-05,2016-09-15,685174
2026-10-05,2016-09-16,675817
2026-10-05,2016-09-19,679204
2026-10-05,2016-09-20,672499
2026-10-05,2016-09-21,675277
2026-10-05,2016-09-22,673798
2026-10-05,2016-09-23,666684
2026-10-05,2016-09-26,665301
2026-10-05,2016-09-27,662208
2026-10-05,2016-09-28,662070
2026-10-05,2016-09-29,652682
2026-10-05,2016-09-30,682655
2026-10-05,2016-10-03,686816
2026-10-05,2016-10-04,687644
2026-10-05,2016-10-05,692655
2026-10-05,2016-10-06,692582
2026-10-05,2016-10-07,707006
2026-10-05,2016-10-11,711894
2026-10-05,2016-10-12,709623
2026-10-05,2016-10-13,707861
2026-10-05,2016-10-14,707528
2026-10-05,2016-10-17,704126
2026-10-05,2016-10-18,700089
2026-10-05,2016-10-19,685319
2026-10-05,2016-10-20,691652
2026-10-05,2016-10-21,688804
2026-10-05,2016-10-24,686510
2026-10-05,2016-10-25,687830
2026-10-05,2016-10-26,673553
2026-10-05,2016-10-27,669905
2026-10-05,2016-10-28,701484
2026-10-05,2016-10-31,674209
2026-10-05,2016-11-01,717898
2026-10-05,2016-11-02,704074
2026-10-05,2016-11-03,704798
2026-10-05,2016-11-04,721518
2026-10-05,2016-11-07,723317
2026-10-05,2016-11-08,724286
2026-10-05,2016-11-09,727448
2026-10-05,2016-11-10,725266
2026-10-05,2016-11-11,718999
2026-10-05,2016-11-14,717603
2026-10-05,2016-11-15,717870
2026-10-05,2016-11-16,736911
2026-10-05,2016-11-17,733009
2026-10-05,2016-11-18,728279
2026-10-05,2016-11-21,728373
2026-10-05,2016-11-22,725099
2026-10-05,2016-11-23,711483
2026-10-05,2016-11-24,704644
2026-10-05,2016-11-25,703263
2026-10-05,2016-11-29,727959
2026-10-05,2016-11-30,716689
2026-10-05,2016-12-01,758560
2026-10-05,2016-12-02,756807
2026-10-05,2016-12-05,761439
2026-10-05,2016-12-06,757268
2026-10-05,2016-12-07,772365
2026-10-05,2016-12-12,778256
2026-10-05,2016-12-13,780031
2026-10-05,2016-12-14,804569
2026-10-05,2016-12-15,791514
2026-10-05,2016-12-16,791489
2026-10-05,2016-12-19,791126
2026-10-05,2016-12-20,800972
2026-10-05,2016-12-21,821382
2026-10-05,2016-12-22,807007
2026-10-05,2016-12-23,798762
2026-10-05,2016-12-26,799039
2026-10-05,2016-12-27,797427
2026-10-05,2016-12-28,811800
2026-10-05,2016-12-29,818021
2026-10-05,2016-12-30,821664
2026-10-05,2017-01-02,854951
2026-10-05,2017-01-03,856528
2026-10-05,2017-01-04,852336
2026-10-05,2017-01-05,843142
2026-10-05,2017-01-06,840119
2026-10-05,2017-01-09,839299
2026-10-05,2017-01-10,847063
2026-10-05,2017-01-11,799301
2026-10-05,2017-01-12,797870
2026-10-05,2017-01-13,794087
2026-10-05,2017-01-16,789982
2026-10-05,2017-01-17,767753
2026-10-05,2017-01-18,794264
2026-10-05,2017-01-19,790654
2026-10-05,2017-01-20,794349
2026-10-05,2017-01-23,797307
2026-10-05,2017-01-24,804230
2026-10-05,2017-01-25,817042
2026-10-05,2017-01-26,820175
2026-10-05,2017-01-27,815170
2026-10-05,2017-01-30,827460
2026-10-05,2017-01-31,827889
2026-10-05,2017-02-01,830588
2026-10-05,2017-02-02,823925
2026-10-05,2017-02-03,824726
2026-10-05,2017-02-06,829162
2026-10-05,2017-02-07,846685
2026-10-05,2017-02-08,845004
2026-10-05,2017-02-09,840860
2026-10-05,2017-02-10,842046
2026-10-05,2017-02-13,838103
2026-10-05,2017-02-14,836932
2026-10-05,2017-02-15,835281
2026-10-05,2017-02-16,822288
2026-10-05,2017-02-17,813209
2026-10-05,2017-02-20,811343
2026-10-05,2017-02-21,836426
2026-10-05,2017-02-22,821449
2026-10-05,2017-02-23,825312
2026-10-05,2017-02-24,814742
2026-10-05,2017-03-01,854352
2026-10-05,2017-03-02,849511
2026-10-05,2017-03-03,829443
2026-10-05,2017-03-06,807023
2026-10-05,2017-03-07,781986
2026-10-05,2017-03-08,779302
2026-10-05,2017-03-09,781653
2026-10-05,2017-03-10,799471
2026-10-05,2017-03-13,791744
2026-10-05,2017-03-14,796573
2026-10-05,2017-03-15,812191
2026-10-05,2017-03-16,782767
2026-10-05,2017-03-17,774680
2026-10-05,2017-03-20,790412
2026-10-05,2017-03-21,788598
2026-10-05,2017-03-22,781873
2026-10-05,2017-03-23,775336
2026-10-05,2017-03-27,764971
2026-10-05,2017-03-28,751625
2026-10-05,2017-03-29,754352
2026-10-05,2017-03-30,772869
2026-10-05,2017-03-31,754752
2026-10-05,2017-04-03,793132
2026-10-05,2017-04-04,786106
2026-10-05,2017-04-05,778071
2026-10-05,2017-04-06,778919
2026-10-05,2017-04-07,779781
2026-10-05,2017-04-10,791731
2026-10-05,2017-04-11,789921
2026-10-05,2017-04-12,776726
2026-10-05,2017-04-17,795822
2026-10-05,2017-04-18,795751
2026-10-05,2017-04-19,835464
2026-10-05,2017-04-20,811736
2026-10-05,2017-04-21,794195
2026-10-05,2017-04-24,809294
2026-10-05,2017-04-25,802272
2026-10-05,2017-04-26,797345
2026-10-05,2017-04-27,809373
2026-10-05,2017-04-28,795910
2026-10-05,2017-05-02,820133
2026-10-05,2017-05-03,817790
2026-10-05,2017-05-04,813496
2026-10-05,2017-05-05,814964
2026-10-05,2017-05-08,801198
2026-10-05,2017-05-09,798250
2026-10-05,2017-05-10,793702
2026-10-05,2017-05-11,793703
2026-10-05,2017-05-12,785871
2026-10-05,2017-05-15,777729
2026-10-05,2017-05-16,773069
2026-10-05,2017-05-17,797567
2026-10-05,2017-05-18,789253
2026-10-05,2017-05-19,782324
2026-10-05,2017-05-22,776242
2026-10-05,2017-05-23,767649
2026-10-05,2017-05-24,752265
2026-10-05,2017-05-26,759718
2026-10-05,2017-05-29,755434
2026-10-05,2017-05-30,753678
2026-10-05,2017-05-31,757087
2026-10-05,2017-06-01,787403
2026-10-05,2017-06-02,785710
2026-10-05,2017-06-05,781772
2026-10-05,2017-06-06,801773
2026-10-05,2017-06-07,817715
2026-10-05,2017-06-08,815320
2026-10-05,2017-06-09,807625
2026-10-05,2017-06-12,805071
2026-10-05,2017-06-13,794101
2026-10-05,2017-06-14,793093
2026-10-05,2017-06-15,793491
2026-10-05,2017-06-16,779105
2026-10-05,2017-06-19,780566
2026-10-05,2017-06-21,877377
2026-10-05,2017-06-22,860521
2026-10-05,2017-06-23,846855
2026-10-05,2017-06-26,833960
2026-10-05,2017-06-27,815943
2026-10-05,2017-06-28,838718
2026-10-05,2017-06-29,838524
2026-10-05,2017-06-30,833104
2026-10-05,2017-07-03,861792
2026-10-05,2017-07-04,862607
2026-10-05,2017-07-05,852826
2026-10-05,2017-07-06,854996
2026-10-05,2017-07-07,856485
2026-10-05,2017-07-10,858398
2026-10-05,2017-07-11,854270
2026-10-05,2017-07-12,846675
2026-10-05,2017-07-13,838889
2026-10-05,2017-07-14,833235
2026-10-05,2017-07-17,826663
2026-10-05,2017-07-18,818010
2026-10-05,2017-07-19,877037
2026-10-05,2017-07-20,867210
2026-10-05,2017-07-21,855945
2026-10-05,2017-07-24,860538
2026-10-05,2017-07-25,865947
2026-10-05,2017-07-26,866435
2026-10-05,2017-07-27,861981
2026-10-05,2017-07-28,855295
2026-10-05,2017-07-31,832274
2026-10-05,2017-08-01,870966
2026-10-05,2017-08-02,870605
2026-10-05,2017-08-03,871280
2026-10-05,2017-08-04,867815
2026-10-05,2017-08-07,870130
2026-10-05,2017-08-08,865093
2026-10-05,2017-08-09,855416
2026-10-05,2017-08-10,848354
2026-10-05,2017-08-11,838231
2026-10-05,2017-08-14,841625
2026-10-05,2017-08-15,839199
2026-10-05,2017-08-16,900246
2026-10-05,2017-08-17,881686
2026-10-05,2017-08-18,861389
2026-10-05,2017-08-22,870776
2026-10-05,2017-08-23,873201
2026-10-05,2017-08-24,859697
2026-10-05,2017-08-25,847667
2026-10-05,2017-08-28,859171
2026-10-05,2017-08-29,855470
2026-10-05,2017-08-30,847530
2026-10-05,2017-08-31,838398
2026-10-05,2017-09-01,865617
2026-10-05,2017-09-04,868262
2026-10-05,2017-09-05,873018
2026-10-05,2017-09-06,866696
2026-10-05,2017-09-07,860005
2026-10-05,2017-09-08,857241
2026-10-05,2017-09-11,869677
2026-10-05,2017-09-12,867844
2026-10-05,2017-09-13,867484
2026-10-05,2017-09-14,861035
2026-10-05,2017-09-15,845236
2026-10-05,2017-09-18,863510
2026-10-05,2017-09-19,857500
2026-10-05,2017-09-20,926112
2026-10-05,2017-09-21,920080
2026-10-05,2017-09-22,893615
2026-10-05,2017-09-25,880117
2026-10-05,2017-09-26,903590
2026-10-05,2017-09-27,886981
2026-10-05,2017-09-28,875223
2026-10-05,2017-09-29,868105
2026-10-05,2017-10-02,891638
2026-10-05,2017-10-03,885708
2026-10-05,2017-10-04,902049
2026-10-05,2017-10-05,903674
2026-10-05,2017-10-06,895331
2026-10-05,2017-10-09,896488
2026-10-05,2017-10-10,886368
2026-10-05,2017-10-11,888141
2026-10-05,2017-10-12,889324
2026-10-05,2017-10-13,881027
2026-10-05,2017-10-17,873237
2026-10-05,2017-10-18,913086
2026-10-05,2017-10-19,892574
2026-10-05,2017-10-20,888043
2026-10-05,2017-10-23,891574
2026-10-05,2017-10-24,885290
2026-10-05,2017-10-25,874105
2026-10-05,2017-10-26,869971
2026-10-05,2017-10-27,895482
2026-10-05,2017-10-30,881242
2026-10-05,2017-10-31,870104
2026-10-05,2017-11-01,906649
2026-10-05,2017-11-02,919768
2026-10-05,2017-11-03,917840
2026-10-05,2017-11-07,917895
2026-10-05,2017-11-08,915529
2026-10-05,2017-11-09,918735
2026-10-05,2017-11-10,912694
2026-10-05,2017-11-13,905592
2026-10-05,2017-11-14,898104
2026-10-05,2017-11-15,932528
2026-10-05,2017-11-16,900986
2026-10-05,2017-11-17,884329
2026-10-05,2017-11-21,893222
2026-10-05,2017-11-22,901952
2026-10-05,2017-11-23,905977
2026-10-05,2017-11-24,920645
2026-10-05,2017-11-27,902242
2026-10-05,2017-11-28,890630
2026-10-05,2017-11-29,895668
2026-10-05,2017-11-30,880313
2026-10-05,2017-12-01,931301
2026-10-05,2017-12-04,932681
2026-10-05,2017-12-05,937979
2026-10-05,2017-12-06,937721
2026-10-05,2017-12-07,947103
2026-10-05,2017-12-11,948193
2026-10-05,2017-12-12,954030
2026-10-05,2017-12-13,964194
2026-10-05,2017-12-14,961114
2026-10-05,2017-12-15,993396
2026-10-05,2017-12-18,991376
2026-10-05,2017-12-19,988201
2026-10-05,2017-12-20,1076940
2026-10-05,2017-12-21,1035387
2026-10-05,2017-12-22,1032122
2026-10-05,2017-12-26,1024971
2026-10-05,2017-12-27,1005380
2026-10-05,2017-12-28,1009954
2026-10-05,2017-12-29,1001113
2026-10-05,2018-01-02,1078571
2026-10-05,2018-01-03,1062257
2026-10-05,2018-01-04,1045362
2026-10-05,2018-01-05,1039731
2026-10-05,2018-01-08,1026705
2026-10-05,2018-01-09,1017952
2026-10-05,2018-01-10,1026787
2026-10-05,2018-01-11,1032955
2026-10-05,2018-01-12,1027204
2026-10-05,2018-01-15,1016341
2026-10-05,2018-01-16,1010245
2026-10-05,2018-01-17,1060588
2026-10-05,2018-01-18,1041866
2026-10-05,2018-01-19,1033152
2026-10-05,2018-01-22,1030290
2026-10-05,2018-01-23,1012001
2026-10-05,2018-01-24,1001854
2026-10-05,2018-01-25,1030909
2026-10-05,2018-01-26,1018995
2026-10-05,2018-01-29,1005001
2026-10-05,2018-01-30,1002954
2026-10-05,2018-01-31,966089
2026-10-05,2018-02-01,1025020
2026-10-05,2018-02-02,1023959
2026-10-05,2018-02-05,1032983
2026-10-05,2018-02-06,1027403
2026-10-05,2018-02-07,1069189
2026-10-05,2018-02-08,1055962
2026-10-05,2018-02-09,1066095
2026-10-05,2018-02-14,1024438
2026-10-05,2018-02-15,1018499
2026-10-05,2018-02-16,992238
2026-10-05,2018-02-19,985104
2026-10-05,2018-02-20,971200
2026-10-05,2018-02-21,1061699
2026-10-05,2018-02-22,1028353
2026-10-05,2018-02-23,1033154
2026-10-05,2018-02-26,1015872
2026-10-05,2018-02-27,1006724
2026-10-05,2018-02-28,1002919
2026-10-05,2018-03-01,1068068
2026-10-05,2018-03-02,1080581
2026-10-05,2018-03-05,1040540
2026-10-05,2018-03-06,1037274
2026-10-05,2018-03-07,1039916
2026-10-05,2018-03-08,1041995
2026-10-05,2018-03-09,1039480
2026-10-05,2018-03-12,1063372
2026-10-05,2018-03-13,1060355
2026-10-05,2018-03-14,1076463
2026-10-05,2018-03-15,1022485
2026-10-05,2018-03-16,984163
2026-10-05,2018-03-19,983240
2026-10-05,2018-03-20,963234
2026-10-05,2018-03-21,996403
2026-10-05,2018-03-22,996007
2026-10-05,2018-03-23,1003568
2026-10-05,2018-03-26,1003118
2026-10-05,2018-03-27,987174
2026-10-05,2018-03-28,995473
2026-10-05,2018-04-03,1079997
2026-10-05,2018-04-04,1081293
2026-10-05,2018-04-05,1052861
2026-10-05,2018-04-06,1036337
2026-10-05,2018-04-09,1021038
2026-10-05,2018-04-10,1016710
2026-10-05,2018-04-11,1029314
2026-10-05,2018-04-12,1022337
2026-10-05,2018-04-13,1012013
2026-10-05,2018-04-16,982228
2026-10-05,2018-04-17,992687
2026-10-05,2018-04-18,1058076
2026-10-05,2018-04-19,1034676
2026-10-05,2018-04-20,1019481
2026-10-05,2018-04-23,1021051
2026-10-05,2018-04-24,1005237
2026-10-05,2018-04-25,993672
2026-10-05,2018-04-26,1008995
2026-10-05,2018-04-27,999359
2026-10-05,2018-05-02,1054561
2026-10-05,2018-05-03,1046478
2026-10-05,2018-05-04,1049846
2026-10-05,2018-05-07,1021116
2026-10-05,2018-05-08,1001431
2026-10-05,2018-05-09,1002055
2026-10-05,2018-05-10,1010683
2026-10-05,2018-05-11,1032630
2026-10-05,2018-05-14,1057326
2026-10-05,2018-05-15,1058421
2026-10-05,2018-05-16,1088650
2026-10-05,2018-05-17,1075823
2026-10-05,2018-05-18,1050007
2026-10-05,2018-05-21,1031019
2026-10-05,2018-05-22,1001754
2026-10-05,2018-05-23,994258
2026-10-05,2018-05-24,972815
2026-10-05,2018-05-28,993010
2026-10-05,2018-05-29,981593
2026-10-05,2018-05-30,1007372
2026-10-05,2018-05-31,1020466
2026-10-05,2018-06-01,1038765
2026-10-05,2018-06-04,1053728
2026-10-05,2018-06-05,1060698
2026-10-05,2018-06-06,1062166
2026-10-05,2018-06-07,1063533
2026-10-05,2018-06-08,1027867
2026-10-05,2018-06-11,1031571
2026-10-05,2018-06-12,1037430
2026-10-05,2018-06-13,1037945
2026-10-05,2018-06-14,1048066
2026-10-05,2018-06-15,1055267
2026-10-05,2018-06-18,1046603
2026-10-05,2018-06-19,1037713
2026-10-05,2018-06-21,1221810
2026-10-05,2018-06-22,1150008
2026-10-05,2018-06-25,1152414
2026-10-05,2018-06-26,1087229
2026-10-05,2018-06-27,1051494
2026-10-05,2018-06-28,1032805
2026-10-05,2018-06-29,1043632
2026-10-05,2018-07-02,1138353
2026-10-05,2018-07-03,1094382
2026-10-05,2018-07-04,1110104
2026-10-05,2018-07-05,1153613
2026-10-05,2018-07-06,1115590
2026-10-05,2018-07-10,1098717
2026-10-05,2018-07-11,1085633
2026-10-05,2018-07-12,1071336
2026-10-05,2018-07-13,1085846
2026-10-05,2018-07-16,1063812
2026-10-05,2018-07-17,1065715
2026-10-05,2018-07-18,1217562
2026-10-05,2018-07-19,1195178
2026-10-05,2018-07-20,1148380
2026-10-05,2018-07-23,1148847
2026-10-05,2018-07-24,1120290
2026-10-05,2018-07-25,1096063
2026-10-05,2018-07-26,1117033
2026-10-05,2018-07-27,1098279
2026-10-05,2018-07-30,1085985
2026-10-05,2018-07-31,1066809
2026-10-05,2018-08-01,1117244
2026-10-05,2018-08-02,1134127
2026-10-05,2018-08-03,1153119
2026-10-05,2018-08-06,1160165
2026-10-05,2018-08-07,1160744
2026-10-05,2018-08-08,1159388
2026-10-05,2018-08-09,1150303
2026-10-05,2018-08-10,1149677
2026-10-05,2018-08-13,1149621
2026-10-05,2018-08-14,1124411
2026-10-05,2018-08-15,1307873
2026-10-05,2018-08-16,1278241
2026-10-05,2018-08-17,1231589
2026-10-05,2018-08-21,1235046
2026-10-05,2018-08-22,1247540
2026-10-05,2018-08-23,1245245
2026-10-05,2018-08-24,1234888
2026-10-05,2018-08-27,1205723
2026-10-05,2018-08-28,1210208
2026-10-05,2018-08-29,1246804
2026-10-05,2018-08-30,1229649
2026-10-05,2018-08-31,1208276
2026-10-05,2018-09-03,1234645
2026-10-05,2018-09-04,1235916
2026-10-05,2018-09-05,1253884
2026-10-05,2018-09-06,1298883
2026-10-05,2018-09-07,1326242
2026-10-05,2018-09-10,1311304
2026-10-05,2018-09-11,1305532
2026-10-05,2018-09-12,1294348
2026-10-05,2018-09-13,1295016
2026-10-05,2018-09-14,1294255
2026-10-05,2018-09-17,1251731
2026-10-05,2018-09-18,1233183
2026-10-05,2018-09-19,1366300
2026-10-05,2018-09-20,1298659
2026-10-05,2018-09-21,1228867
2026-10-05,2018-09-24,1220541
2026-10-05,2018-09-25,1265438
2026-10-05,2018-09-26,1266819
2026-10-05,2018-09-27,1277013
2026-10-05,2018-09-28,1249657
2026-10-05,2018-10-01,1286207
2026-10-05,2018-10-02,1239180
2026-10-05,2018-10-03,1247746
2026-10-05,2018-10-04,1257572
2026-10-05,2018-10-05,1280236
2026-10-05,2018-10-08,1267599
2026-10-05,2018-10-09,1257866
2026-10-05,2018-10-10,1259924
2026-10-05,2018-10-11,1258559
2026-10-05,2018-10-12,1240442
2026-10-05,2018-10-16,1249365
2026-10-05,2018-10-17,1318446
2026-10-05,2018-10-18,1258348
2026-10-05,2018-10-19,1222659
2026-10-05,2018-10-22,1218220
2026-10-05,2018-10-23,1229655
2026-10-05,2018-10-24,1267997
2026-10-05,2018-10-25,1264827
2026-10-05,2018-10-26,1275602
2026-10-05,2018-10-29,1248874
2026-10-05,2018-10-30,1232467
2026-10-05,2018-10-31,1155082
2026-10-05,2018-11-01,1244047
2026-10-05,2018-11-02,1231563
2026-10-05,2018-11-05,1175074
2026-10-05,2018-11-07,1274729
2026-10-05,2018-11-08,1275024
2026-10-05,2018-11-09,1274625
2026-10-05,2018-11-12,1247243
2026-10-05,2018-11-13,1188936
2026-10-05,2018-11-14,1181274
2026-10-05,2018-11-15,1175656
2026-10-05,2018-11-16,1185904
2026-10-05,2018-11-20,1204331
2026-10-05,2018-11-21,1296461
2026-10-05,2018-11-22,1315452
2026-10-05,2018-11-23,1384218
2026-10-05,2018-11-26,1383516
2026-10-05,2018-11-27,1340861
2026-10-05,2018-11-28,1317432
2026-10-05,2018-11-29,1238891
2026-10-05,2018-12-03,1246097
2026-10-05,2018-12-04,1219788
2026-10-05,2018-12-05,1193726
2026-10-05,2018-12-06,1205849
2026-10-05,2018-12-07,1235981
2026-10-05,2018-12-10,1278311
2026-10-05,2018-12-11,1303046
2026-10-05,2018-12-12,1325947
2026-10-05,2018-12-13,1355114
2026-10-05,2018-12-14,1391743
2026-10-05,2018-12-17,1396063
2026-10-05,2018-12-18,1377228
2026-10-05,2018-12-19,1396190
2026-10-05,2018-12-20,1387914
2026-10-05,2018-12-21,1396183
2026-10-05,2018-12-26,1394688
2026-10-05,2018-12-27,1383076
2026-10-05,2018-12-28,1408977
2026-10-05,2019-01-02,1385096
2026-10-05,2019-01-03,1354135
2026-10-05,2019-01-04,1345571
2026-10-05,2019-01-07,1333701
2026-10-05,2019-01-08,1342767
2026-10-05,2019-01-09,1319163
2026-10-05,2019-01-10,1321496
2026-10-05,2019-01-11,1312443
2026-10-05,2019-01-14,1337620
2026-10-05,2019-01-15,1340936
2026-10-05,2019-01-16,1334741
2026-10-05,2019-01-17,1340895
2026-10-05,2019-01-18,1314390
2026-10-05,2019-01-21,1324726
2026-10-05,2019-01-22,1342409
2026-10-05,2019-01-23,1354000
2026-10-05,2019-01-24,1363169
2026-10-05,2019-01-25,1367319
2026-10-05,2019-01-28,1366824
2026-10-05,2019-01-29,1389379
2026-10-05,2019-01-30,1381202
2026-10-05,2019-01-31,1352805
2026-10-05,2019-02-01,1441458
2026-10-05,2019-02-04,1408659
2026-10-05,2019-02-05,1382286
2026-10-05,2019-02-06,1370908
2026-10-05,2019-02-07,1339313
2026-10-05,2019-02-08,1327684
2026-10-05,2019-02-11,1316423
2026-10-05,2019-02-12,1315552
2026-10-05,2019-02-13,1292994
2026-10-05,2019-02-14,1293910
2026-10-05,2019-02-15,1297732
2026-10-05,2019-02-18,1300646
2026-10-05,2019-02-19,1312165
2026-10-05,2019-02-20,1300929
2026-10-05,2019-02-21,1298811
2026-10-05,2019-02-22,1315114
2026-10-05,2019-02-25,1351096
2026-10-05,2019-02-26,1373527
2026-10-05,2019-02-27,1404154
2026-10-05,2019-02-28,1403081
2026-10-05,2019-03-01,1403592
2026-10-05,2019-03-06,1366894
2026-10-05,2019-03-07,1305690
2026-10-05,2019-03-08,1287055
2026-10-05,2019-03-11,1254877
2026-10-05,2019-03-12,1257110
2026-10-05,2019-03-13,1259051
2026-10-05,2019-03-14,1282333
2026-10-05,2019-03-15,1285540
2026-10-05,2019-03-18,1282623
2026-10-05,2019-03-19,1275195
2026-10-05,2019-03-20,1269645
2026-10-05,2019-03-21,1283588
2026-10-05,2019-03-22,1284127
2026-10-05,2019-03-25,1292409
2026-10-05,2019-03-26,1315215
2026-10-05,2019-03-27,1327051
2026-10-05,2019-03-28,1331676
2026-10-05,2019-03-29,1351521
2026-10-05,2019-04-01,1362163
2026-10-05,2019-04-03,1349648
2026-10-05,2019-04-04,1347035
2026-10-05,2019-04-05,1318691
2026-10-05,2019-04-08,1288954
2026-10-05,2019-04-09,1289677
2026-10-05,2019-04-10,1293752
2026-10-05,2019-04-11,1302051
2026-10-05,2019-04-12,1320660
2026-10-05,2019-04-15,1317300
2026-10-05,2019-04-16,1308149
2026-10-05,2019-04-17,1262097
2026-10-05,2019-04-22,1268387
2026-10-05,2019-04-23,1287873
2026-10-05,2019-04-24,1318021
2026-10-05,2019-04-25,1353210
2026-10-05,2019-04-26,1418319
2026-10-05,2019-04-29,1409917
2026-10-05,2019-04-30,1402919
2026-10-05,2019-05-02,1397243
2026-10-05,2019-05-03,1395528
2026-10-05,2019-05-06,1372632
2026-10-05,2019-05-07,1371937
2026-10-05,2019-05-08,1327565
2026-10-05,2019-05-09,1304673
2026-10-05,2019-05-10,1287408
2026-10-05,2019-05-13,1309257
2026-10-05,2019-05-14,1332829
2026-10-05,2019-05-15,1349525
2026-10-05,2019-05-16,1347129
2026-10-05,2019-05-17,1351141
2026-10-05,2019-05-20,1338266
2026-10-05,2019-05-21,1320460
2026-10-05,2019-05-22,1331772
2026-10-05,2019-05-23,1345172
2026-10-05,2019-05-24,1314985
2026-10-05,2019-05-27,1333708
2026-10-05,2019-05-28,1341420
2026-10-05,2019-05-29,1345789
2026-10-05,2019-05-30,1345859
2026-10-05,2019-05-31,1356452
2026-10-05,2019-06-03,1405000
2026-10-05,2019-06-04,1390802
2026-10-05,2019-06-05,1348276
2026-10-05,2019-06-06,1286790
2026-10-05,2019-06-07,1295067
2026-10-05,2019-06-10,1300223
2026-10-05,2019-06-11,1302666
2026-10-05,2019-06-12,1324750
2026-10-05,2019-06-13,1319808
2026-10-05,2019-06-14,1322922
2026-10-05,2019-06-18,1342413
2026-10-05,2019-06-19,1345054
2026-10-05,2019-06-21,1336895
2026-10-05,2019-06-24,1349555
2026-10-05,2019-06-25,1366167
2026-10-05,2019-06-26,1402446
2026-10-05,2019-06-27,1401312
2026-10-05,2019-06-28,1375803
2026-10-05,2019-07-01,1412781
2026-10-05,2019-07-02,1384200
2026-10-05,2019-07-03,1325556
2026-10-05,2019-07-04,1341260
2026-10-05,2019-07-05,1345343
2026-10-05,2019-07-10,1339884
2026-10-05,2019-07-11,1353919
2026-10-05,2019-07-12,1346391
2026-10-05,2019-07-15,1373719
2026-10-05,2019-07-16,1386471
2026-10-05,2019-07-17,1403506
2026-10-05,2019-07-18,1425323
2026-10-05,2019-07-19,1446054
2026-10-05,2019-07-22,1402575
2026-10-05,2019-07-23,1420027
2026-10-05,2019-07-24,1422786
2026-10-05,2019-07-25,1440669
2026-10-05,2019-07-26,1417160
2026-10-05,2019-07-29,1374922
2026-10-05,2019-07-30,1325287
2026-10-05,2019-07-31,1339297
2026-10-05,2019-08-01,1315810
2026-10-05,2019-08-02,1325578
2026-10-05,2019-08-05,1351787
2026-10-05,2019-08-06,1350016
2026-10-05,2019-08-07,1354564
2026-10-05,2019-08-08,1356755
2026-10-05,2019-08-09,1344749
2026-10-05,2019-08-12,1487472
2026-10-05,2019-08-13,1466669
2026-10-05,2019-08-14,1360913
2026-10-05,2019-08-15,1341834
2026-10-05,2019-08-16,1253757
2026-10-05,2019-08-20,1241085
2026-10-05,2019-08-21,1280340
2026-10-05,2019-08-22,1293716
2026-10-05,2019-08-23,1245525
2026-10-05,2019-08-26,1296127
2026-10-05,2019-08-27,1242570
2026-10-05,2019-08-28,1268686
2026-10-05,2019-08-29,1329425
2026-10-05,2019-08-30,1296173
2026-10-05,2019-09-02,1577889
2026-10-05,2019-09-03,1531769
2026-10-05,2019-09-04,1496370
2026-10-05,2019-09-05,1462572
2026-10-05,2019-09-06,1423441
2026-10-05,2019-09-09,1330833
2026-10-05,2019-09-10,1342159
2026-10-05,2019-09-11,1361812
2026-10-05,2019-09-12,1351075
2026-10-05,2019-09-13,1318984
2026-10-05,2019-09-16,1289481
2026-10-05,2019-09-17,1302691
2026-10-05,2019-09-18,1276898
2026-10-05,2019-09-19,1275408
2026-10-05,2019-09-20,1292755
2026-10-05,2019-09-23,1281486
2026-10-05,2019-09-24,1263112
2026-10-05,2019-09-25,1279982
2026-10-05,2019-09-26,1278059
2026-10-05,2019-09-27,1283217
2026-10-05,2019-09-30,1310029
2026-10-05,2019-10-01,1336755
2026-10-05,2019-10-02,1320603
2026-10-05,2019-10-03,1332863
2026-10-05,2019-10-04,1335443
2026-10-05,2019-10-07,1328692
2026-10-05,2019-10-08,1320971
2026-10-05,2019-10-09,1352486
2026-10-05,2019-10-10,1330915
2026-10-05,2019-10-11,1363253
2026-10-05,2019-10-15,1384731
2026-10-05,2019-10-16,1385191
2026-10-05,2019-10-17,1384154
2026-10-05,2019-10-18,1380938
2026-10-05,2019-10-21,1413109
2026-10-05,2019-10-22,1428230
2026-10-05,2019-10-23,1465536
2026-10-05,2019-10-24,1446856
2026-10-05,2019-10-25,1487182
2026-10-05,2019-10-28,1424542
2026-10-05,2019-10-29,1416679
2026-10-05,2019-10-30,1453724
2026-10-05,2019-10-31,1387243
2026-10-05,2019-11-01,1449073
2026-10-05,2019-11-04,1438081
2026-10-05,2019-11-05,1417718
2026-10-05,2019-11-07,1430035
2026-10-05,2019-11-08,1462649
2026-10-05,2019-11-11,1520708
2026-10-05,2019-11-12,1571481
2026-10-05,2019-11-13,1583430
2026-10-05,2019-11-14,1602091
2026-10-05,2019-11-15,1610740
2026-10-05,2019-11-19,1605443
2026-10-05,2019-11-20,1615596
2026-10-05,2019-11-21,1643444
2026-10-05,2019-11-22,1655187
2026-10-05,2019-11-25,1717844
2026-10-05,2019-11-26,1663580
2026-10-05,2019-11-27,1667195
2026-10-05,2019-11-28,1708845
2026-10-05,2019-11-29,1671621
2026-10-05,2019-12-02,1659318
2026-10-05,2019-12-03,1592292
2026-10-05,2019-12-04,1519973
2026-10-05,2019-12-05,1544999
2026-10-05,2019-12-06,1567291
2026-10-05,2019-12-09,1642592
2026-10-05,2019-12-10,1722505
2026-10-05,2019-12-11,1724751
2026-10-05,2019-12-12,1686811
2026-10-05,2019-12-13,1671608
2026-10-05,2019-12-16,1734333
2026-10-05,2019-12-17,1736181
2026-10-05,2019-12-18,1767520
2026-10-05,2019-12-19,1776689
2026-10-05,2019-12-20,1831542
2026-10-05,2019-12-23,1896649
2026-10-05,2019-12-26,1797325
2026-10-05,2019-12-27,1829109
2026-10-05,2019-12-30,1895381
2026-10-05,2020-01-02,1877287
2026-10-05,2020-01-03,1834617
2026-10-05,2020-01-06,1721191
2026-10-05,2020-01-07,1680836
2026-10-05,2020-01-08,1642612
2026-10-05,2020-01-09,1628434
2026-10-05,2020-01-10,1606490
2026-10-05,2020-01-13,1628269
2026-10-05,2020-01-14,1611237
2026-10-05,2020-01-15,1595328
2026-10-05,2020-01-16,1591464
2026-10-05,2020-01-17,1583841
2026-10-05,2020-01-20,1627338
2026-10-05,2020-01-21,1714912
2026-10-05,2020-01-22,1703587
2026-10-05,2020-01-23,1597283
2026-10-05,2020-01-24,1679108
2026-10-05,2020-01-27,1906763
2026-10-05,2020-01-28,1791338
2026-10-05,2020-01-29,1749329
2026-10-05,2020-01-30,1697771
2026-10-05,2020-01-31,1708871
2026-10-05,2020-02-03,1743752
2026-10-05,2020-02-04,1813619
2026-10-05,2020-02-05,1813917
2026-10-05,2020-02-06,1887225
2026-10-05,2020-02-07,1902031
2026-10-05,2020-02-10,1906657
2026-10-05,2020-02-11,1930746
2026-10-05,2020-02-12,1928262
2026-10-05,2020-02-13,1957388
2026-10-05,2020-02-14,1954965
2026-10-05,2020-02-17,1966178
2026-10-05,2020-02-18,1941302
2026-10-05,2020-02-19,1941904
2026-10-05,2020-02-20,1887975
2026-10-05,2020-02-21,1855477
2026-10-05,2020-02-26,1807042
2026-10-05,2020-02-27,1716359
2026-10-05,2020-02-28,1716134
2026-10-05,2020-03-02,1814114
2026-10-05,2020-03-03,1738489
2026-10-05,2020-03-04,1703553
2026-10-05,2020-03-05,1703459
2026-10-05,2020-03-06,1720330
2026-10-05,2020-03-09,1727244
2026-10-05,2020-03-10,1786615
2026-10-05,2020-03-11,1804267
2026-10-05,2020-03-12,1859656
2026-10-05,2020-03-13,1856208
2026-10-05,2020-03-16,1856922
2026-10-05,2020-03-17,1918092
2026-10-05,2020-03-18,1919989
2026-10-05,2020-03-19,2025391
2026-10-05,2020-03-20,2024399
2026-10-05,2020-03-25,2205888
2026-10-05,2020-03-26,2313096
2026-10-05,2020-03-27,2214596
2026-10-05,2020-03-30,2292083
2026-10-05,2020-04-01,2392910
2026-10-05,2020-04-02,2433387
2026-10-05,2020-04-03,2433495
2026-10-05,2020-04-06,2412207
2026-10-05,2020-04-07,2449458
2026-10-05,2020-04-08,2441939
2026-10-05,2020-04-13,2438610
2026-10-05,2020-04-14,2440687
2026-10-05,2020-04-15,2438830
2026-10-05,2020-04-16,2426033
2026-10-05,2020-04-17,1931880
2026-10-05,2020-04-20,1926009
2026-10-05,2020-04-21,1900283
2026-10-05,2020-04-22,1873799
2026-10-05,2020-04-23,1858122
2026-10-05,2020-04-24,1800129
2026-10-05,2020-04-27,1866499
2026-10-05,2020-04-28,1830951
2026-10-05,2020-04-29,1780058
2026-10-05,2020-04-30,1867128
2026-10-05,2020-05-04,2411298
2026-10-05,2020-05-05,2460350
2026-10-05,2020-05-06,2356666
2026-10-05,2020-05-07,2301061
2026-10-05,2020-05-08,2285781
2026-10-05,2020-05-11,2363214
2026-10-05,2020-05-12,2390593
2026-10-05,2020-05-13,2326714
2026-10-05,2020-05-14,2343802
2026-10-05,2020-05-15,2504806
2026-10-05,2020-05-18,2255996
2026-10-05,2020-05-19,2039211
2026-10-05,2020-05-20,1993629
2026-10-05,2020-05-21,2000492
2026-10-05,2020-05-22,1987395
2026-10-05,2020-05-26,2026404
2026-10-05,2020-05-27,1983720
2026-10-05,2020-05-28,2049428
2026-10-05,2020-05-29,2131292
2026-10-05,2020-06-01,2411499
2026-10-05,2020-06-02,2218153
2026-10-05,2020-06-03,2204817
2026-10-05,2020-06-04,2175533
2026-10-05,2020-06-05,2138987
2026-10-05,2020-06-08,2113038
2026-10-05,2020-06-09,2115343
2026-10-05,2020-06-10,2127641
2026-10-05,2020-06-11,2101009
2026-10-05,2020-06-12,2097591
2026-10-05,2020-06-16,2121457
2026-10-05,2020-06-17,2114902
2026-10-05,2020-06-18,2118509
2026-10-05,2020-06-19,2110301
2026-10-05,2020-06-22,2213496
2026-10-05,2020-06-23,2135566
2026-10-05,2020-06-24,2142800
2026-10-05,2020-06-25,2140685
2026-10-05,2020-06-26,2171372
2026-10-05,2020-06-29,2202384
2026-10-05,2020-06-30,2164501
2026-10-05,2020-07-01,2359097
2026-10-05,2020-07-02,2377474
2026-10-05,2020-07-03,2368607
2026-10-05,2020-07-06,2373767
2026-10-05,2020-07-07,2388267
2026-10-05,2020-07-08,2270921
2026-10-05,2020-07-13,2355011
2026-10-05,2020-07-14,2338952
2026-10-05,2020-07-15,2288342
2026-10-05,2020-07-16,2268727
2026-10-05,2020-07-17,2221876
2026-10-05,2020-07-20,2258381
2026-10-05,2020-07-21,2274834
2026-10-05,2020-07-22,2282579
2026-10-05,2020-07-23,2281662
2026-10-05,2020-07-24,2262955
2026-10-05,2020-07-27,2260822
2026-10-05,2020-07-28,2281202
2026-10-05,2020-07-29,2291366
2026-10-05,2020-07-30,2386046
2026-10-05,2020-07-31,2428900
2026-10-05,2020-08-03,2506974
2026-10-05,2020-08-04,2497358
2026-10-05,2020-08-05,2454570
2026-10-05,2020-08-06,2400520
2026-10-05,2020-08-07,2344231
2026-10-05,2020-08-10,2389351
2026-10-05,2020-08-11,2348870
2026-10-05,2020-08-12,2365960
2026-10-05,2020-08-13,2304144
2026-10-05,2020-08-14,2271473
2026-10-05,2020-08-18,2284875
2026-10-05,2020-08-19,2269508
2026-10-05,2020-08-20,2280254
2026-10-05,2020-08-21,2259074
2026-10-05,2020-08-24,2264148
2026-10-05,2020-08-25,2278112
2026-10-05,2020-08-26,2266143
2026-10-05,2020-08-27,2280186
2026-10-05,2020-08-28,2324757
2026-10-05,2020-08-31,2287225
2026-10-05,2020-09-01,2359206
2026-10-05,2020-09-02,2411436
2026-10-05,2020-09-03,2384708
2026-10-05,2020-09-04,2384669
2026-10-05,2020-09-07,2310407
2026-10-05,2020-09-08,2301723
2026-10-05,2020-09-09,2286756
2026-10-05,2020-09-10,2276743
2026-10-05,2020-09-11,2281287
2026-10-05,2020-09-14,2336090
2026-10-05,2020-09-15,2287039
2026-10-05,2020-09-16,2288070
2026-10-05,2020-09-17,2314381
2026-10-05,2020-09-18,2280774
2026-10-05,2020-09-21,2346077
2026-10-05,2020-09-22,2311979
2026-10-05,2020-09-23,2278055
2026-10-05,2020-09-24,2297638
2026-10-05,2020-09-25,2254072
2026-10-05,2020-09-28,2313631
2026-10-05,2020-09-29,2295292
2026-10-05,2020-09-30,2393695
2026-10-05,2020-10-01,2588971
2026-10-05,2020-10-02,2404536
2026-10-05,2020-10-05,2435624
2026-10-05,2020-10-06,2452874
2026-10-05,2020-10-07,2384162
2026-10-05,2020-10-08,2355836
2026-10-05,2020-10-09,2301193
2026-10-05,2020-10-13,2340564
2026-10-05,2020-10-14,2302943
2026-10-05,2020-10-15,2310573
2026-10-05,2020-10-16,2285442
2026-10-05,2020-10-19,2294029
2026-10-05,2020-10-20,2263791
2026-10-05,2020-10-21,2263836
2026-10-05,2020-10-22,2255762
2026-10-05,2020-10-23,2279626
2026-10-05,2020-10-26,2314316
2026-10-05,2020-10-27,2239999
2026-10-05,2020-10-28,2271986
2026-10-05,2020-10-29,2246622
2026-10-05,2020-10-30,2225061
2026-10-05,2020-11-02,2340064
2026-10-05,2020-11-03,2338313
2026-10-05,2020-11-04,2338550
2026-10-05,2020-11-05,2360225
2026-10-05,2020-11-09,2449160
2026-10-05,2020-11-10,2421672
2026-10-05,2020-11-11,2376501
2026-10-05,2020-11-12,2423619
2026-10-05,2020-11-13,2346526
2026-10-05,2020-11-16,2366821
2026-10-05,2020-11-17,2357825
2026-10-05,2020-11-18,2357935
2026-10-05,2020-11-19,2300776
2026-10-05,2020-11-20,2298696
2026-10-05,2020-11-24,2317419
2026-10-05,2020-11-25,2298324
2026-10-05,2020-11-26,2309235
2026-10-05,2020-11-27,2335991
2026-10-05,2020-11-30,2227275
2026-10-05,2020-12-01,2348085
2026-10-05,2020-12-02,2381678
2026-10-05,2020-12-03,2373349
2026-10-05,2020-12-04,2381734
2026-10-05,2020-12-09,2499287
2026-10-05,2020-12-10,2498015
2026-10-05,2020-12-11,2453191
2026-10-05,2020-12-14,2399648
2026-10-05,2020-12-15,2357286
2026-10-05,2020-12-16,2345703
2026-10-05,2020-12-17,2400649
2026-10-05,2020-12-18,2433294
2026-10-05,2020-12-21,2443707
2026-10-05,2020-12-22,2478663
2026-10-05,2020-12-23,2402795
2026-10-05,2020-12-28,2545437
2026-10-05,2020-12-29,2581644
2026-10-05,2020-12-30,2470260
2026-10-05,2021-01-04,2626749
2026-10-05,2021-01-05,2619285
2026-10-05,2021-01-06,2659023
2026-10-05,2021-01-07,2683991
2026-10-05,2021-01-08,2573812
2026-10-05,2021-01-11,2594939
2026-10-05,2021-01-12,2600714
2026-10-05,2021-01-13,2658564
2026-10-05,2021-01-14,2631199
2026-10-05,2021-01-15,2599580
2026-10-05,2021-01-18,2565029
2026-10-05,2021-01-19,2570533
2026-10-05,2021-01-20,2602345
2026-10-05,2021-01-21,2606416
2026-10-05,2021-01-22,2617990
2026-10-05,2021-01-25,2622777
2026-10-05,2021-01-26,2600284
2026-10-05,2021-01-27,2563543
2026-10-05,2021-01-28,2592948
2026-10-05,2021-01-29,2481310
2026-10-05,2021-02-01,2604378
2026-10-05,2021-02-02,2606204
2026-10-05,2021-02-03,2610745
2026-10-05,2021-02-04,2599444
2026-10-05,2021-02-05,2586380
2026-10-05,2021-02-08,2634436
2026-10-05,2021-02-09,2588417
2026-10-05,2021-02-10,2591009
2026-10-05,2021-02-11,2542903
2026-10-05,2021-02-12,2515279
2026-10-05,2021-02-17,2754618
2026-10-05,2021-02-18,2699549
2026-10-05,2021-02-19,2710428
2026-10-05,2021-02-22,2653841
2026-10-05,2021-02-23,2556455
2026-10-05,2021-02-24,2523208
2026-10-05,2021-02-25,2485827
2026-10-05,2021-02-26,2408886
2026-10-05,2021-03-01,2512473
2026-10-05,2021-03-02,2508545
2026-10-05,2021-03-03,2630133
2026-10-05,2021-03-04,2638495
2026-10-05,2021-03-05,2641427
2026-10-05,2021-03-08,2596872
2026-10-05,2021-03-09,2574614
2026-10-05,2021-03-10,2634796
2026-10-05,2021-03-11,2577342
2026-10-05,2021-03-12,2549929
2026-10-05,2021-03-15,2543815
2026-10-05,2021-03-16,2459756
2026-10-05,2021-03-17,2443498
2026-10-05,2021-03-18,2427307
2026-10-05,2021-03-19,2454568
2026-10-05,2021-03-22,2466375
2026-10-05,2021-03-23,2447033
2026-10-05,2021-03-25,2494198
2026-10-05,2021-03-26,2461103
2026-10-05,2021-03-29,2501939
2026-10-05,2021-03-30,2521952
2026-10-05,2021-03-31,2432295
2026-10-05,2021-04-05,2862387
2026-10-05,2021-04-06,2801453
2026-10-05,2021-04-07,2795604
2026-10-05,2021-04-08,2640843
2026-10-05,2021-04-09,2530229
2026-10-05,2021-04-12,2585056
2026-10-05,2021-04-13,2570189
2026-10-05,2021-04-14,2530671
2026-10-05,2021-04-15,2511459
2026-10-05,2021-04-16,2404354
2026-10-05,2021-04-19,2493866
2026-10-05,2021-04-20,2490132
2026-10-05,2021-04-21,2492290
2026-10-05,2021-04-22,2503100
2026-10-05,2021-04-23,2468922
2026-10-05,2021-04-26,2487344
2026-10-05,2021-04-27,2482754
2026-10-05,2021-04-28,2490201
2026-10-05,2021-04-29,2406780
2026-10-05,2021-04-30,2370115
2026-10-05,2021-05-03,2493895
2026-10-05,2021-05-04,2529073
2026-10-05,2021-05-05,2530426
2026-10-05,2021-05-06,2535872
2026-10-05,2021-05-07,2489384
2026-10-05,2021-05-10,2502577
2026-10-05,2021-05-11,2545019
2026-10-05,2021-05-12,2538706
2026-10-05,2021-05-13,2546423
2026-10-05,2021-05-14,2525604
2026-10-05,2021-05-17,2485543
2026-10-05,2021-05-18,2506456
2026-10-05,2021-05-19,2525089
2026-10-05,2021-05-20,2514377
2026-10-05,2021-05-21,2503830
2026-10-05,2021-05-26,2677351
2026-10-05,2021-05-27,2663919
2026-10-05,2021-05-28,2635448
2026-10-05,2021-05-31,2517197
2026-10-05,2021-06-01,2485353
2026-10-05,2021-06-02,2664607
2026-10-05,2021-06-03,2635833
2026-10-05,2021-06-04,2609325
2026-10-05,2021-06-07,2653858
2026-10-05,2021-06-08,2600624
2026-10-05,2021-06-09,2645905
2026-10-05,2021-06-10,2657276
2026-10-05,2021-06-11,2615894
2026-10-05,2021-06-14,2673594
2026-10-05,2021-06-15,2716996
2026-10-05,2021-06-16,2709609
2026-10-05,2021-06-17,2720273
2026-10-05,2021-06-18,2740996
2026-10-05,2021-06-22,2892146
2026-10-05,2021-06-23,2816300
2026-10-05,2021-06-24,2839299
2026-10-05,2021-06-25,2869901
2026-10-05,2021-06-28,2729348
2026-10-05,2021-06-29,2728406
2026-10-05,2021-06-30,2735557
2026-10-05,2021-07-01,2816079
2026-10-05,2021-07-02,2769891
2026-10-05,2021-07-05,2762422
2026-10-05,2021-07-06,2810470
2026-10-05,2021-07-07,2838177
2026-10-05,2021-07-08,2770568
2026-10-05,2021-07-12,2976047
2026-10-05,2021-07-13,2942228
2026-10-05,2021-07-14,2980108
2026-10-05,2021-07-15,3030974
2026-10-05,2021-07-16,2848678
2026-10-05,2021-07-19,2912908
2026-10-05,2021-07-20,2912980
2026-10-05,2021-07-21,2891842
2026-10-05,2021-07-22,2957413
2026-10-05,2021-07-23,2901394
2026-10-05,2021-07-26,2867255
2026-10-05,2021-07-27,2801581
2026-10-05,2021-07-28,2764475
2026-10-05,2021-07-29,2809734
2026-10-05,2021-07-30,2783078
2026-10-05,2021-08-02,2949040
2026-10-05,2021-08-03,3016463
2026-10-05,2021-08-04,3000129
2026-10-05,2021-08-05,2972359
2026-10-05,2021-08-06,2951370
2026-10-05,2021-08-09,2941855
2026-10-05,2021-08-10,2939852
2026-10-05,2021-08-11,2964236
2026-10-05,2021-08-12,2942170
2026-10-05,2021-08-13,2930003
2026-10-05,2021-08-17,2989911
2026-10-05,2021-08-18,2993495
2026-10-05,2021-08-19,2974679
2026-10-05,2021-08-20,2976902
2026-10-05,2021-08-23,2796851
2026-10-05,2021-08-24,2853456
2026-10-05,2021-08-25,2853010
2026-10-05,2021-08-26,2868546
2026-10-05,2021-08-27,2897670
2026-10-05,2021-08-30,2857516
2026-10-05,2021-08-31,2866832
2026-10-05,2021-09-01,2949957
2026-10-05,2021-09-02,2979449
2026-10-05,2021-09-03,2945304
2026-10-05,2021-09-06,2905498
2026-10-05,2021-09-07,2917656
2026-10-05,2021-09-08,2959929
2026-10-05,2021-09-09,2972617
2026-10-05,2021-09-10,2971951
2026-10-05,2021-09-13,2925868
2026-10-05,2021-09-14,2860544
2026-10-05,2021-09-15,2910577
2026-10-05,2021-09-16,2888959
2026-10-05,2021-09-17,2944141
2026-10-05,2021-09-20,2875486
2026-10-05,2021-09-21,2871841
2026-10-05,2021-09-22,2890603
2026-10-05,2021-09-23,2947787
2026-10-05,2021-09-24,2961233
2026-10-05,2021-09-27,2942982
2026-10-05,2021-09-28,2964515
2026-10-05,2021-09-29,2944371
2026-10-05,2021-09-30,2940337
2026-10-05,2021-10-01,2943038
2026-10-05,2021-10-04,3037057
2026-10-05,2021-10-05,3074755
2026-10-05,2021-10-06,3072931
2026-10-05,2021-10-07,2918475
2026-10-05,2021-10-12,3215071
2026-10-05,2021-10-13,3179100
2026-10-05,2021-10-14,3178258
2026-10-05,2021-10-15,3077232
2026-10-05,2021-10-18,2923563
2026-10-05,2021-10-19,3058652
2026-10-05,2021-10-20,3006634
2026-10-05,2021-10-21,2972936
2026-10-05,2021-10-22,2965641
2026-10-05,2021-10-25,2918527
2026-10-05,2021-10-26,2939786
2026-10-05,2021-10-27,3049042
2026-10-05,2021-10-28,3084500
2026-10-05,2021-10-29,3009289
2026-10-05,2021-11-01,3030496
2026-10-05,2021-11-02,3035484
2026-10-05,2021-11-03,3068847
2026-10-05,2021-11-04,3097983
2026-10-05,2021-11-05,3055962
2026-10-05,2021-11-08,3026821
2026-10-05,2021-11-09,3172862
2026-10-05,2021-11-10,3255993
2026-10-05,2021-11-11,3344444
2026-10-05,2021-11-12,3300831
2026-10-05,2021-11-15,3267124
2026-10-05,2021-11-16,3188435
2026-10-05,2021-11-17,3190719
2026-10-05,2021-11-18,3106600
2026-10-05,2021-11-19,3059697
2026-10-05,2021-11-23,3147557
2026-10-05,2021-11-24,3163607
2026-10-05,2021-11-25,3213538
2026-10-05,2021-11-26,3184239
2026-10-05,2021-11-29,3134319
2026-10-05,2021-11-30,3136142
2026-10-05,2021-12-01,3263055
2026-10-05,2021-12-02,3299781
2026-10-05,2021-12-03,3301278
2026-10-05,2021-12-06,3214145
2026-10-05,2021-12-07,3257432
2026-10-05,2021-12-09,3392042
2026-10-05,2021-12-10,3376032
2026-10-05,2021-12-13,3389557
2026-10-05,2021-12-14,3423739
2026-10-05,2021-12-15,3197164
2026-10-05,2021-12-16,3321258
2026-10-05,2021-12-17,3413244
2026-10-05,2021-12-20,3393968
2026-10-05,2021-12-21,3405171
2026-10-05,2021-12-22,3315613
2026-10-05,2021-12-23,3489783
2026-10-05,2021-12-27,3489909
2026-10-05,2021-12-28,3538734
2026-10-05,2021-12-29,3531006
2026-10-05,2021-12-30,3654036
2026-10-05,2022-01-03,3922697
2026-10-05,2022-01-04,3851298
2026-10-05,2022-01-05,3950424
2026-10-05,2022-01-06,4326335
2026-10-05,2022-01-07,3761928
2026-10-05,2022-01-10,3780254
2026-10-05,2022-01-11,3569643
2026-10-05,2022-01-12,3602002
2026-10-05,2022-01-13,3521623
2026-10-05,2022-01-14,3644760
2026-10-05,2022-01-17,3772372
2026-10-05,2022-01-18,3602872
2026-10-05,2022-01-19,3588642
2026-10-05,2022-01-20,3546894
2026-10-05,2022-01-21,3547947
2026-10-05,2022-01-24,3659413
2026-10-05,2022-01-25,3609733
2026-10-05,2022-01-26,3620102
2026-10-05,2022-01-27,3597892
2026-10-05,2022-01-28,3643133
2026-10-05,2022-01-31,3631047
2026-10-05,2022-02-01,3880988
2026-10-05,2022-02-02,3857121
2026-10-05,2022-02-03,3729270
2026-10-05,2022-02-04,3705419
2026-10-05,2022-02-07,3631309
2026-10-05,2022-02-08,3750052
2026-10-05,2022-02-09,3709414
2026-10-05,2022-02-10,3745962
2026-10-05,2022-02-11,3784898
2026-10-05,2022-02-14,3926458
2026-10-05,2022-02-15,3994573
2026-10-05,2022-02-16,3906529
2026-10-05,2022-02-17,3821174
2026-10-05,2022-02-18,3729418
2026-10-05,2022-02-21,3812115
2026-10-05,2022-02-22,3644962
2026-10-05,2022-02-23,3592761
2026-10-05,2022-02-24,3676507
2026-10-05,2022-02-25,3672002
2026-10-05,2022-03-02,3798880
2026-10-05,2022-03-03,3675710
2026-10-05,2022-03-04,3624995
2026-10-05,2022-03-07,3647577
2026-10-05,2022-03-08,3643296
2026-10-05,2022-03-09,3684755
2026-10-05,2022-03-10,3650911
2026-10-05,2022-03-11,3676551
2026-10-05,2022-03-14,3757992
2026-10-05,2022-03-15,3762723
2026-10-05,2022-03-16,3724991
2026-10-05,2022-03-17,3867691
2026-10-05,2022-03-18,3733358
2026-10-05,2022-03-21,3677932
2026-10-05,2022-03-22,3710681
2026-10-05,2022-03-23,3598244
2026-10-05,2022-03-25,3601183
2026-10-05,2022-03-28,3514935
2026-10-05,2022-03-29,3564693
2026-10-05,2022-03-30,3494947
2026-10-05,2022-03-31,3513786
2026-10-05,2022-04-01,3759067
2026-10-05,2022-04-04,3835313
2026-10-05,2022-04-05,3687780
2026-10-05,2022-04-06,3573493
2026-10-05,2022-04-07,3660843
2026-10-05,2022-04-08,3657293
2026-10-05,2022-04-11,3691087
2026-10-05,2022-04-12,3818835
2026-10-05,2022-04-13,3712850
2026-10-05,2022-04-18,3647250
2026-10-05,2022-04-19,3521457
2026-10-05,2022-04-20,3515340
2026-10-05,2022-04-21,3547388
2026-10-05,2022-04-22,3485925
2026-10-05,2022-04-25,3640121
2026-10-05,2022-04-26,3522236
2026-10-05,2022-04-27,3449239
2026-10-05,2022-04-28,3460757
2026-10-05,2022-04-29,3509534
2026-10-05,2022-05-02,3736854
2026-10-05,2022-05-03,3719602
2026-10-05,2022-05-04,3727902
2026-10-05,2022-05-05,3685747
2026-10-05,2022-05-06,3730173
2026-10-05,2022-05-09,3749753
2026-10-05,2022-05-10,3697949
2026-10-05,2022-05-11,3741548
2026-10-05,2022-05-12,3672283
2026-10-05,2022-05-13,3662391
2026-10-05,2022-05-16,3741240
2026-10-05,2022-05-17,3677847
2026-10-05,2022-05-19,3686176
2026-10-05,2022-05-20,3672552
2026-10-05,2022-05-23,3723622
2026-10-05,2022-05-24,3703150
2026-10-05,2022-05-26,3698929
2026-10-05,2022-05-27,3701208
2026-10-05,2022-05-30,3667925
2026-10-05,2022-05-31,3767808
2026-10-05,2022-06-01,3981551
2026-10-05,2022-06-02,3838605
2026-10-05,2022-06-03,3830186
2026-10-05,2022-06-06,3925780
2026-10-05,2022-06-07,3831448
2026-10-05,2022-06-08,3818860
2026-10-05,2022-06-09,3806374
2026-10-05,2022-06-10,3841073
2026-10-05,2022-06-13,3925128
2026-10-05,2022-06-14,3916437
2026-10-05,2022-06-15,3933647
2026-10-05,2022-06-16,3934191
2026-10-05,2022-06-21,3940012
2026-10-05,2022-06-22,3847073
2026-10-05,2022-06-23,3878247
2026-10-05,2022-06-24,3866038
2026-10-05,2022-06-27,3926648
2026-10-05,2022-06-28,3952805
2026-10-05,2022-06-29,3947825
2026-10-05,2022-06-30,3981921
2026-10-05,2022-07-01,4165267
2026-10-05,2022-07-04,4244391
2026-10-05,2022-07-05,4239681
2026-10-05,2022-07-06,4275879
2026-10-05,2022-07-07,4197586
2026-10-05,2022-07-08,4209474
2026-10-05,2022-07-11,4311437
2026-10-05,2022-07-12,4206334
2026-10-05,2022-07-13,4199211
2026-10-05,2022-07-14,4193033
2026-10-05,2022-07-15,4123504
2026-10-05,2022-07-18,4170578
2026-10-05,2022-07-19,4263166
2026-10-05,2022-07-20,4162219
2026-10-05,2022-07-21,4166839
2026-10-05,2022-07-22,4203303
2026-10-05,2022-07-25,4204825
2026-10-05,2022-07-26,4226162
2026-10-05,2022-07-27,4209981
2026-10-05,2022-07-28,4245775
2026-10-05,2022-07-29,4316999
2026-10-05,2022-08-01,4367335
2026-10-05,2022-08-02,4390176
2026-10-05,2022-08-03,4355886
2026-10-05,2022-08-04,4357891
2026-10-05,2022-08-05,4301029
2026-10-05,2022-08-08,4364294
2026-10-05,2022-08-09,4368592
2026-10-05,2022-08-10,4411665
2026-10-05,2022-08-11,4312801
2026-10-05,2022-08-12,4275295
2026-10-05,2022-08-16,4363998
2026-10-05,2022-08-17,4360112
2026-10-05,2022-08-18,4256380
2026-10-05,2022-08-19,4246467
2026-10-05,2022-08-22,4289601
2026-10-05,2022-08-23,4147066
2026-10-05,2022-08-24,4193081
2026-10-05,2022-08-25,4236604
2026-10-05,2022-08-26,4211668
2026-10-05,2022-08-29,4340968
2026-10-05,2022-08-30,4218733
2026-10-05,2022-08-31,4191384
2026-10-05,2022-09-01,4318493
2026-10-05,2022-09-05,4408378
2026-10-05,2022-09-06,4393837
2026-10-05,2022-09-07,4254565
2026-10-05,2022-09-08,4228921
2026-10-05,2022-09-09,4143840
2026-10-05,2022-09-12,4276589
2026-10-05,2022-09-13,4173625
2026-10-05,2022-09-14,4107049
2026-10-05,2022-09-15,4264815
2026-10-05,2022-09-16,4110170
2026-10-05,2022-09-19,4284228
2026-10-05,2022-09-20,4062769
2026-10-05,2022-09-21,4032015
2026-10-05,2022-09-22,4082464
2026-10-05,2022-09-23,4070898
2026-10-05,2022-09-26,4094919
2026-10-05,2022-09-27,4168042
2026-10-05,2022-09-28,4038943
2026-10-05,2022-09-29,4178355
2026-10-05,2022-09-30,4099049
2026-10-05,2022-10-03,4190658
2026-10-05,2022-10-04,4156690
2026-10-05,2022-10-05,4296449
2026-10-05,2022-10-06,4312375
2026-10-05,2022-10-11,4351187
2026-10-05,2022-10-12,4173239
2026-10-05,2022-10-13,4209231
2026-10-05,2022-10-14,4137413
2026-10-05,2022-10-17,4220488
2026-10-05,2022-10-18,4243316
2026-10-05,2022-10-19,4164866
2026-10-05,2022-10-20,4219615
2026-10-05,2022-10-21,4176078
2026-10-05,2022-10-24,4252220
2026-10-05,2022-10-25,4173457
2026-10-05,2022-10-26,4207326
2026-10-05,2022-10-27,4317763
2026-10-05,2022-10-28,4267843
2026-10-05,2022-10-31,4298889
2026-10-05,2022-11-01,4342580
2026-10-05,2022-11-02,4277608
2026-10-05,2022-11-03,4307762
2026-10-05,2022-11-04,4324787
2026-10-05,2022-11-07,4413457
2026-10-05,2022-11-08,4339970
2026-10-05,2022-11-09,4341793
2026-10-05,2022-11-10,4382879
2026-10-05,2022-11-11,4338392
2026-10-05,2022-11-14,4361042
2026-10-05,2022-11-15,4397890
2026-10-05,2022-11-16,4379574
2026-10-05,2022-11-17,4414724
2026-10-05,2022-11-18,4354483
2026-10-05,2022-11-22,4597931
2026-10-05,2022-11-23,4458330
2026-10-05,2022-11-24,4430268
2026-10-05,2022-11-25,4428452
2026-10-05,2022-11-28,4567312
2026-10-05,2022-11-29,4436473
2026-10-05,2022-11-30,4507746
2026-10-05,2022-12-01,4550659
2026-10-05,2022-12-02,4413760
2026-10-05,2022-12-05,4618287
2026-10-05,2022-12-06,4599417
2026-10-05,2022-12-07,4633118
2026-10-05,2022-12-12,4844762
2026-10-05,2022-12-13,4749008
2026-10-05,2022-12-14,4687477
2026-10-05,2022-12-15,4862243
2026-10-05,2022-12-16,4781975
2026-10-05,2022-12-19,4858464
2026-10-05,2022-12-20,4996483
2026-10-05,2022-12-21,4783516
2026-10-05,2022-12-22,4852661
2026-10-05,2022-12-23,4839335
2026-10-05,2022-12-26,4934407
2026-10-05,2022-12-27,5003876
2026-10-05,2022-12-28,5050523
2026-10-05,2022-12-29,5169708
2026-10-05,2022-12-30,5203752
2026-10-05,2023-01-02,5200397
2026-10-05,2023-01-03,5219463
2026-10-05,2023-01-04,5247080
2026-10-05,2023-01-05,5234491
2026-10-05,2023-01-06,5228618
2026-10-05,2023-01-09,5366804
2026-10-05,2023-01-10,5303877
2026-10-05,2023-01-11,5348817
2026-10-05,2023-01-12,5293072
2026-10-05,2023-01-13,5319258
2026-10-05,2023-01-16,5376426
2026-10-05,2023-01-17,5331754
2026-10-05,2023-01-18,5294243
2026-10-05,2023-01-19,5302441
2026-10-05,2023-01-20,5310855
2026-10-05,2023-01-23,5364495
2026-10-05,2023-01-24,5314385
2026-10-05,2023-01-25,5245233
2026-10-05,2023-01-26,5256841
2026-10-05,2023-01-27,5334347
2026-10-05,2023-01-30,5230196
2026-10-05,2023-01-31,5316722
2026-10-05,2023-02-01,5363106
2026-10-05,2023-02-02,5180252
2026-10-05,2023-02-03,5232136
2026-10-05,2023-02-06,5224187
2026-10-05,2023-02-07,5232434
2026-10-05,2023-02-08,5201636
2026-10-05,2023-02-09,5237613
2026-10-05,2023-02-10,5247218
2026-10-05,2023-02-13,5207984
2026-10-05,2023-02-14,5205435
2026-10-05,2023-02-15,5265604
2026-10-05,2023-02-16,5320892
2026-10-05,2023-02-17,5297653
2026-10-05,2023-02-22,5275992
2026-10-05,2023-02-23,5253090
2026-10-05,2023-02-24,5180430
2026-10-05,2023-02-27,5126074
2026-10-05,2023-02-28,5219956
2026-10-05,2023-03-01,5167327
2026-10-05,2023-03-02,5151063
2026-10-05,2023-03-03,5168951
2026-10-05,2023-03-06,5136551
2026-10-05,2023-03-07,5172826
2026-10-05,2023-03-08,5176588
2026-10-05,2023-03-09,5206060
2026-10-05,2023-03-10,5188813
2026-10-05,2023-03-13,5161122
2026-10-05,2023-03-14,5289357
2026-10-05,2023-03-15,5225696
2026-10-05,2023-03-16,5205042
2026-10-05,2023-03-17,5147370
2026-10-05,2023-03-20,5075939
2026-10-05,2023-03-21,5078337
2026-10-05,2023-03-22,5093378
2026-10-05,2023-03-23,5107022
2026-10-05,2023-03-27,5108708
2026-10-05,2023-03-28,5133565
2026-10-05,2023-03-29,5090128
2026-10-05,2023-03-30,5214253
2026-10-05,2023-03-31,5369482
2026-10-05,2023-04-03,5287595
2026-10-05,2023-04-04,5269464
2026-10-05,2023-04-05,5435884
2026-10-05,2023-04-10,5324060
2026-10-05,2023-04-11,5286442
2026-10-05,2023-04-12,5194005
2026-10-05,2023-04-13,5187098
2026-10-05,2023-04-14,5147953
2026-10-05,2023-04-17,5172423
2026-10-05,2023-04-18,5112787
2026-10-05,2023-04-19,5094913
2026-10-05,2023-04-20,5078406
2026-10-05,2023-04-21,5117651
2026-10-05,2023-04-24,5100610
2026-10-05,2023-04-25,5109964
2026-10-05,2023-04-26,5128720
2026-10-05,2023-04-27,5199038
2026-10-05,2023-04-28,5366598
2026-10-05,2023-05-02,5416665
2026-10-05,2023-05-03,5430562
2026-10-05,2023-05-04,5478224
2026-10-05,2023-05-05,5476394
2026-10-05,2023-05-08,5440958
2026-10-05,2023-05-09,5472937
2026-10-05,2023-05-10,5421014
2026-10-05,2023-05-11,5412781
2026-10-05,2023-05-12,5333389
2026-10-05,2023-05-15,5273469
2026-10-05,2023-05-16,5263952
2026-10-05,2023-05-17,5234152
2026-10-05,2023-05-18,5285106
2026-10-05,2023-05-19,5292371
2026-10-05,2023-05-22,5330932
2026-10-05,2023-05-23,5361625
2026-10-05,2023-05-24,5430191
2026-10-05,2023-05-29,5443888
2026-10-05,2023-05-30,5509915
2026-10-05,2023-05-31,5576415
2026-10-05,2023-06-01,5573308
2026-10-05,2023-06-02,5571820
2026-10-05,2023-06-05,5427133
2026-10-05,2023-06-06,5457906
2026-10-05,2023-06-07,5477219
2026-10-05,2023-06-08,5507425
2026-10-05,2023-06-09,5571029
2026-10-05,2023-06-12,5639626
2026-10-05,2023-06-13,5632147
2026-10-05,2023-06-14,5584365
2026-10-05,2023-06-15,5597978
2026-10-05,2023-06-16,5612396
2026-10-05,2023-06-21,5519320
2026-10-05,2023-06-22,5600476
2026-10-05,2023-06-23,5688312
2026-10-05,2023-06-26,5611926
2026-10-05,2023-06-27,5661657
2026-10-05,2023-06-28,5657050
2026-10-05,2023-06-29,5726544
2026-10-05,2023-06-30,5885739
2026-10-05,2023-07-03,5933586
2026-10-05,2023-07-04,5871066
2026-10-05,2023-07-05,5840060
2026-10-05,2023-07-06,6543435
2026-10-05,2023-07-07,6669913
2026-10-05,2023-07-10,5944772
2026-10-05,2023-07-11,6022067
2026-10-05,2023-07-12,5953935
2026-10-05,2023-07-13,5971175
2026-10-05,2023-07-14,6017758
2026-10-05,2023-07-17,5961842
2026-10-05,2023-07-18,6027675
2026-10-05,2023-07-19,6038763
2026-10-05,2023-07-20,6088018
2026-10-05,2023-07-21,6124899
2026-10-05,2023-07-24,6069888
2026-10-05,2023-07-25,6165989
2026-10-05,2023-07-26,6157752
2026-10-05,2023-07-27,6219895
2026-10-05,2023-07-28,6194866
2026-10-05,2023-07-31,6392700
2026-10-05,2023-08-01,6378680
2026-10-05,2023-08-02,6318897
2026-10-05,2023-08-03,6348605
2026-10-05,2023-08-04,6399888
2026-10-05,2023-08-07,6399595
2026-10-05,2023-08-08,6417720
2026-10-05,2023-08-09,6387922
2026-10-05,2023-08-10,6479257
2026-10-05,2023-08-11,6604400
2026-10-05,2023-08-14,6486063
2026-10-05,2023-08-15,6520598
2026-10-05,2023-08-16,6415632
2026-10-05,2023-08-17,6454926
2026-10-05,2023-08-18,6462822
2026-10-05,2023-08-22,6354553
2026-10-05,2023-08-23,6380909
2026-10-05,2023-08-24,6385199
2026-10-05,2023-08-25,6486371
2026-10-05,2023-08-28,6166524
2026-10-05,2023-08-29,6114587
2026-10-05,2023-08-30,6149040
2026-10-05,2023-08-31,6621931
2026-10-05,2023-09-01,6620575
2026-10-05,2023-09-04,6526190
2026-10-05,2023-09-05,6576075
2026-10-05,2023-09-06,6520411
2026-10-05,2023-09-07,6620942
2026-10-05,2023-09-08,6552429
2026-10-05,2023-09-11,6558387
2026-10-05,2023-09-12,6607494
2026-10-05,2023-09-13,6590251
2026-10-05,2023-09-14,6603088
2026-10-05,2023-09-15,6413531
2026-10-05,2023-09-18,6339071
2026-10-05,2023-09-19,6385255
2026-10-05,2023-09-20,6412263
2026-10-05,2023-09-21,6467536
2026-10-05,2023-09-22,6464331
2026-10-05,2023-09-25,6455976
2026-10-05,2023-09-26,6501352
2026-10-05,2023-09-27,6524287
2026-10-05,2023-09-28,6492372
2026-10-05,2023-09-29,6828209
2026-10-05,2023-10-02,6856611
2026-10-05,2023-10-03,6962279
2026-10-05,2023-10-04,6977096
2026-10-05,2023-10-05,7025338
2026-10-05,2023-10-06,7137672
2026-10-05,2023-10-09,7087185
2026-10-05,2023-10-10,7259682
2026-10-05,2023-10-11,7307589
2026-10-05,2023-10-12,7621633
2026-10-05,2023-10-17,7319190
2026-10-05,2023-10-18,7194750
2026-10-05,2023-10-19,7350314
2026-10-05,2023-10-20,7339111
2026-10-05,2023-10-23,7054442
2026-10-05,2023-10-24,7063024
2026-10-05,2023-10-25,7022578
2026-10-05,2023-10-26,7047138
2026-10-05,2023-10-27,7058426
2026-10-05,2023-10-30,6971778
2026-10-05,2023-10-31,7237385
2026-10-05,2023-11-01,7450748
2026-10-05,2023-11-02,7554488
2026-10-05,2023-11-03,7694018
2026-10-05,2023-11-07,7688193
2026-10-05,2023-11-08,7672613
2026-10-05,2023-11-09,7669483
2026-10-05,2023-11-10,7719679
2026-10-05,2023-11-13,7637519
2026-10-05,2023-11-14,7692162
2026-10-05,2023-11-15,7732874
2026-10-05,2023-11-16,7758988
2026-10-05,2023-11-17,7834198
2026-10-05,2023-11-21,7696992
2026-10-05,2023-11-22,7675811
2026-10-05,2023-11-23,7755607
2026-10-05,2023-11-24,7885973
2026-10-05,2023-11-27,7990982
2026-10-05,2023-11-28,8141499
2026-10-05,2023-11-29,7906039
2026-10-05,2023-11-30,8973530
2026-10-05,2023-12-01,8510332
2026-10-05,2023-12-04,8457920
2026-10-05,2023-12-05,8913664
2026-10-05,2023-12-06,8944454
2026-10-05,2023-12-07,10124959
2026-10-05,2023-12-11,9770222
2026-10-05,2023-12-12,9927997
2026-10-05,2023-12-13,8854100
2026-10-05,2023-12-14,8839974
2026-10-05,2023-12-15,9032404
2026-10-05,2023-12-18,8901432
2026-10-05,2023-12-19,8953095
2026-10-05,2023-12-20,9044980
2026-10-05,2023-12-21,9167600
2026-10-05,2023-12-22,9030905
2026-10-05,2023-12-26,9213444
2026-10-05,2023-12-27,9226815
2026-10-05,2023-12-28,9205744
2026-10-05,2023-12-29,9607992
2026-10-05,2024-01-02,9698733
2026-10-05,2024-01-03,9676236
2026-10-05,2024-01-04,9692584
2026-10-05,2024-01-05,9832701
2026-10-05,2024-01-08,10005620
2026-10-05,2024-01-09,10286320
2026-10-05,2024-01-10,10274059
2026-10-05,2024-01-11,10266635
2026-10-05,2024-01-12,10261901
2026-10-05,2024-01-15,10357211
2026-10-05,2024-01-16,10371251
2026-10-05,2024-01-17,10829100
2026-10-05,2024-01-18,10209034
2026-10-05,2024-01-19,10253476
2026-10-05,2024-01-22,10144159
2026-10-05,2024-01-23,10363492
2026-10-05,2024-01-24,10351652
2026-10-05,2024-01-25,10325641
2026-10-05,2024-01-26,10649618
2026-10-05,2024-01-29,10406173
2026-10-05,2024-01-30,10326024
2026-10-05,2024-01-31,10923532
2026-10-05,2024-02-01,10430278
2026-10-05,2024-02-02,10613776
2026-10-05,2024-02-05,10442517
2026-10-05,2024-02-06,10394760
2026-10-05,2024-02-07,10430577
2026-10-05,2024-02-08,10488814
2026-10-05,2024-02-09,10633243
2026-10-05,2024-02-14,10493206
2026-10-05,2024-02-15,10391159
2026-10-05,2024-02-16,10397490
2026-10-05,2024-02-19,11111551
2026-10-05,2024-02-20,10381534
2026-10-05,2024-02-21,10339788
2026-10-05,2024-02-22,10345424
2026-10-05,2024-02-23,10346909
2026-10-05,2024-02-26,10544290
2026-10-05,2024-02-27,10298380
2026-10-05,2024-02-28,10401212
2026-10-05,2024-02-29,10541474
2026-10-05,2024-03-01,10792565
2026-10-05,2024-03-04,10767977
2026-10-05,2024-03-05,10643741
2026-10-05,2024-03-06,10597459
2026-10-05,2024-03-07,10768972
2026-10-05,2024-03-08,10830171
2026-10-05,2024-03-11,10823785
2026-10-05,2024-03-12,10795498
2026-10-05,2024-03-13,10801122
2026-10-05,2024-03-14,10479341
2026-10-05,2024-03-15,10505532
2026-10-05,2024-03-18,10556634
2026-10-05,2024-03-19,10590711
2026-10-05,2024-03-20,11249647
2026-10-05,2024-03-21,10826223
2026-10-05,2024-03-22,11319773
2026-10-05,2024-03-25,11191441
2026-10-05,2024-03-26,11232990
2026-10-05,2024-03-27,12463695
2026-10-05,2024-04-03,11604677
2026-10-05,2024-04-04,11600629
2026-10-05,2024-04-05,11744788
2026-10-05,2024-04-08,11627333
2026-10-05,2024-04-09,11668345
2026-10-05,2024-04-10,11645675
2026-10-05,2024-04-11,11820859
2026-10-05,2024-04-12,12224079
2026-10-05,2024-04-15,12377194
2026-10-05,2024-04-16,12674554
2026-10-05,2024-04-17,12639839
2026-10-05,2024-04-18,12681030
2026-10-05,2024-04-19,13156723
2026-10-05,2024-04-22,13180870
2026-10-05,2024-04-23,13306320
2026-10-05,2024-04-24,13344121
2026-10-05,2024-04-25,13540291
2026-10-05,2024-04-26,13672428
2026-10-05,2024-04-29,14034425
2026-10-05,2024-04-30,14969070
2026-10-05,2024-05-02,13245377
2026-10-05,2024-05-03,13375995
2026-10-05,2024-05-06,13533488
2026-10-05,2024-05-07,13474015
2026-10-05,2024-05-08,13946583
2026-10-05,2024-05-09,13888653
2026-10-05,2024-05-10,13971064
2026-10-05,2024-05-13,14005521
2026-10-05,2024-05-14,14125646
2026-10-05,2024-05-15,15938665
2026-10-05,2024-05-16,15817730
2026-10-05,2024-05-17,15826106
2026-10-05,2024-05-20,18070534
2026-10-05,2024-05-21,15122360
2026-10-05,2024-05-22,14565256
2026-10-05,2024-05-23,14674456
2026-10-05,2024-05-24,14959700
2026-10-05,2024-05-27,15234098
2026-10-05,2024-05-28,15478305
2026-10-05,2024-05-29,15568957
2026-10-05,2024-05-30,15927363
2026-10-05,2024-05-31,17151691
2026-10-05,2024-06-03,16701852
2026-10-05,2024-06-04,16642866
2026-10-05,2024-06-05,16869531
2026-10-05,2024-06-06,17217862
2026-10-05,2024-06-07,17752098
2026-10-05,2024-06-10,16935023
2026-10-05,2024-06-11,16686086
2026-10-05,2024-06-12,17472890
2026-10-05,2024-06-13,17191547
2026-10-05,2024-06-14,19065154
2026-10-05,2024-06-18,18289123
2026-10-05,2024-06-19,18775335
2026-10-05,2024-06-24,17940751
2026-10-05,2024-06-25,18190643
2026-10-05,2024-06-26,18585703
2026-10-05,2024-06-27,18604975
2026-10-05,2024-06-28,20182490
2026-10-05,2024-07-01,24291397
2026-10-05,2024-07-02,21904556
2026-10-05,2024-07-03,22080397
2026-10-05,2024-07-04,21878622
2026-10-05,2024-07-05,22097660
2026-10-05,2024-07-08,22136705
2026-10-05,2024-07-10,21518400
2026-10-05,2024-07-11,21286017
2026-10-05,2024-07-12,21714552
2026-10-05,2024-07-15,21194530
2026-10-05,2024-07-16,20795479
2026-10-05,2024-07-17,21002697
2026-10-05,2024-07-18,21290590
2026-10-05,2024-07-19,21544835
2026-10-05,2024-07-22,21426061
2026-10-05,2024-07-23,20887364
2026-10-05,2024-07-24,20526179
2026-10-05,2024-07-25,20411230
2026-10-05,2024-07-26,20657392
2026-10-05,2024-07-29,20918267
2026-10-05,2024-07-30,21092762
2026-10-05,2024-07-31,21822977
2026-10-05,2024-08-01,22775236
2026-10-05,2024-08-02,23293177
2026-10-05,2024-08-05,23753936
2026-10-05,2024-08-06,23257516
2026-10-05,2024-08-07,23119138
2026-10-05,2024-08-08,23210330
2026-10-05,2024-08-09,22571306
2026-10-05,2024-08-12,22642444
2026-10-05,2024-08-13,23200238
2026-10-05,2024-08-14,23124825
2026-10-05,2024-08-15,22495286
2026-10-05,2024-08-16,22476300
2026-10-05,2024-08-19,22237326
2026-10-05,2024-08-20,21879919
2026-10-05,2024-08-21,22093963
2026-10-05,2024-08-22,22030165
2026-10-05,2024-08-23,21982842
2026-10-05,2024-08-26,22009562
2026-10-05,2024-08-27,22194539
2026-10-05,2024-08-28,21277056
2026-10-05,2024-08-29,21965483
2026-10-05,2024-08-30,21953008
2026-10-05,2024-09-02,23079618
2026-10-05,2024-09-03,23395067
2026-10-05,2024-09-04,23730050
2026-10-05,2024-09-05,23419488
2026-10-05,2024-09-06,23683427
2026-10-05,2024-09-09,23392170
2026-10-05,2024-09-10,23025936
2026-10-05,2024-09-11,23265125
2026-10-05,2024-09-12,23319596
2026-10-05,2024-09-13,23179778
2026-10-05,2024-09-16,22707600
2026-10-05,2024-09-17,22881995
2026-10-05,2024-09-18,23026646
2026-10-05,2024-09-19,22298504
2026-10-05,2024-09-20,22594386
2026-10-05,2024-09-23,22393487
2026-10-05,2024-09-24,21840646
2026-10-05,2024-09-25,22010348
2026-10-05,2024-09-26,21732127
2026-10-05,2024-09-27,21794164
2026-10-05,2024-09-30,22396060
2026-10-05,2024-10-01,23753981
2026-10-05,2024-10-02,24129288
2026-10-05,2024-10-03,24190411
2026-10-05,2024-10-04,24159079
2026-10-05,2024-10-07,24006331
2026-10-05,2024-10-08,23956307
2026-10-05,2024-10-09,23876709
2026-10-05,2024-10-10,24964156
2026-10-05,2024-10-14,23545508
2026-10-05,2024-10-15,22743863
2026-10-05,2024-10-16,22644832
2026-10-05,2024-10-17,22676812
2026-10-05,2024-10-18,22522901
2026-10-05,2024-10-21,22706815
2026-10-05,2024-10-22,22914174
2026-10-05,2024-10-23,22775031
2026-10-05,2024-10-24,22507691
2026-10-05,2024-10-25,22685890
2026-10-05,2024-10-28,22202345
2026-10-05,2024-10-29,22150936
2026-10-05,2024-10-30,22501007
2026-10-05,2024-10-31,22715300
2026-10-05,2024-11-01,25347133
2026-10-05,2024-11-04,26060126
2026-10-05,2024-11-05,26160894
2026-10-05,2024-11-07,26103201
2026-10-05,2024-11-08,25776705
2026-10-05,2024-11-11,25849707
2026-10-05,2024-11-12,25178421
2026-10-05,2024-11-13,25164527
2026-10-05,2024-11-14,25053050
2026-10-05,2024-11-15,24895472
2026-10-05,2024-11-19,23943879
2026-10-05,2024-11-20,23983132
2026-10-05,2024-11-21,23824206
2026-10-05,2024-11-22,24046457
2026-10-05,2024-11-25,23330887
2026-10-05,2024-11-26,23317994
2026-10-05,2024-11-27,23369574
2026-10-05,2024-11-28,23995936
2026-10-05,2024-11-29,23823912
2026-10-05,2024-12-02,25014750
2026-10-05,2024-12-03,26447592
2026-10-05,2024-12-04,26380776
2026-10-05,2024-12-05,26449915
2026-10-05,2024-12-06,26939894
2026-10-05,2024-12-09,27216853
2026-10-05,2024-12-10,26867862
2026-10-05,2024-12-11,27161741
2026-10-05,2024-12-12,27226652
2026-10-05,2024-12-13,28040059
2026-10-05,2024-12-16,28000252
2026-10-05,2024-12-17,27719282
2026-10-05,2024-12-18,27711731
2026-10-05,2024-12-19,27743826
2026-10-05,2024-12-20,28395764
2026-10-05,2024-12-23,28371966
2026-10-05,2024-12-26,27902229
2026-10-05,2024-12-27,28148247
2026-10-05,2024-12-30,29728575
2026-10-05,2025-01-02,30977989
2026-10-05,2025-01-03,31660480
2026-10-05,2025-01-06,31269417
2026-10-05,2025-01-07,31025360
2026-10-05,2025-01-08,31138876
2026-10-05,2025-01-09,30687325
2026-10-05,2025-01-10,30414752
2026-10-05,2025-01-13,29988673
2026-10-05,2025-01-14,29244363
2026-10-05,2025-01-15,30122644
2026-10-05,2025-01-16,30188706
2026-10-05,2025-01-17,30146444
2026-10-05,2025-01-20,29983683
2026-10-05,2025-01-21,29894816
2026-10-05,2025-01-22,30090521
2026-10-05,2025-01-23,30058865
2026-10-05,2025-01-24,30008838
2026-10-05,2025-01-27,30451680
2026-10-05,2025-01-28,29616605
2026-10-05,2025-01-29,29196847
2026-10-05,2025-01-30,28999198
2026-10-05,2025-01-31,30246597
2026-10-05,2025-02-03,31194889
2026-10-05,2025-02-04,31793497
2026-10-05,2025-02-05,30901745
2026-10-05,2025-02-06,31034691
2026-10-05,2025-02-07,31310198
2026-10-05,2025-02-10,30993421
2026-10-05,2025-02-11,30640926
2026-10-05,2025-02-12,30436865
2026-10-05,2025-02-13,30533195
2026-10-05,2025-02-14,30388719
2026-10-05,2025-02-17,29278470
2026-10-05,2025-02-18,29264005
2026-10-05,2025-02-19,28991665
2026-10-05,2025-02-20,29063451
2026-10-05,2025-02-21,29449494
2026-10-05,2025-02-24,29282430
2026-10-05,2025-02-25,29229656
2026-10-05,2025-02-26,29103728
2026-10-05,2025-02-27,30179493
2026-10-05,2025-02-28,30282166
2026-10-05,2025-03-05,30759385
2026-10-05,2025-03-06,31125291
2026-10-05,2025-03-07,30856427
2026-10-05,2025-03-10,30146018
2026-10-05,2025-03-11,30475141
2026-10-05,2025-03-12,30493322
2026-10-05,2025-03-13,30051710
2026-10-05,2025-03-14,30562264
2026-10-05,2025-03-17,30215667
2026-10-05,2025-03-18,29885056
2026-10-05,2025-03-19,29992603
2026-10-05,2025-03-20,29715005
2026-10-05,2025-03-21,30157532
2026-10-05,2025-03-25,30148778
2026-10-05,2025-03-26,29851367
2026-10-05,2025-03-27,30090914
2026-10-05,2025-03-28,29892870
2026-10-05,2025-03-31,30534180
2026-10-05,2025-04-01,33924898
2026-10-05,2025-04-03,34468529
2026-10-05,2025-04-04,33767969
2026-10-05,2025-04-07,34275343
2026-10-05,2025-04-08,34496121
2026-10-05,2025-04-09,34124828
2026-10-05,2025-04-10,34413497
2026-10-05,2025-04-11,36723827
2026-10-05,2025-04-14,34015295
2026-10-05,2025-04-15,33925628
2026-10-05,2025-04-16,33430894
2026-10-05,2025-04-21,31540018
2026-10-05,2025-04-22,30535306
2026-10-05,2025-04-23,30799765
2026-10-05,2025-04-24,30917195
2026-10-05,2025-04-25,31494771
2026-10-05,2025-04-28,31123513
2026-10-05,2025-04-29,31591655
2026-10-05,2025-04-30,32698982
2026-10-05,2025-05-05,36854734
2026-10-05,2025-05-06,36649451
2026-10-05,2025-05-07,36874854
2026-10-05,2025-05-08,36551345
2026-10-05,2025-05-09,37372925
2026-10-05,2025-05-12,34430644
2026-10-05,2025-05-13,34281998
2026-10-05,2025-05-14,34207517
2026-10-05,2025-05-15,33994625
2026-10-05,2025-05-16,33931781
2026-10-05,2025-05-19,33277257
2026-10-05,2025-05-20,32822015
2026-10-05,2025-05-21,32498752
2026-10-05,2025-05-22,32886199
2026-10-05,2025-05-23,33289989
2026-10-05,2025-05-26,33019446
2026-10-05,2025-05-27,33238432
2026-10-05,2025-05-28,33413949
2026-10-05,2025-05-29,33286265
2026-10-05,2025-05-30,34940118
2026-10-05,2025-06-02,36927413
2026-10-05,2025-06-03,36423142
2026-10-05,2025-06-04,36636601
2026-10-05,2025-06-05,36533114
2026-10-05,2025-06-06,36604803
2026-10-05,2025-06-09,36536164
2026-10-05,2025-06-10,36212110
2026-10-05,2025-06-11,36235936
2026-10-05,2025-06-12,35385140
2026-10-05,2025-06-13,35650056
2026-10-05,2025-06-17,36061997
2026-10-05,2025-06-18,35924590
2026-10-05,2025-06-19,35393546
2026-10-05,2025-06-23,35729694
2026-10-05,2025-06-24,34844743
2026-10-05,2025-06-25,34821185
2026-10-05,2025-06-26,34940528
2026-10-05,2025-06-27,35542364
2026-10-05,2025-06-30,37175626
2026-10-05,2025-07-01,35577666
2026-10-05,2025-07-02,34406140
2026-10-05,2025-07-03,33418387
2026-10-05,2025-07-04,32748809
2026-10-05,2025-07-07,34372668
2026-10-05,2025-07-08,33139576
2026-10-05,2025-07-10,43014258
2026-10-05,2025-07-11,43032475
2026-10-05,2025-07-14,42051969
2026-10-05,2025-07-15,38219612
2026-10-05,2025-07-16,38563168
2026-10-05,2025-07-17,41459951
2026-10-05,2025-07-18,37641717
2026-10-05,2025-07-21,38025450
2026-10-05,2025-07-22,38004625
2026-10-05,2025-07-23,38169300
2026-10-05,2025-07-24,38149891
2026-10-05,2025-07-25,37735031
2026-10-05,2025-07-28,36820448
2026-10-05,2025-07-29,38348980
2026-10-05,2025-07-30,37296150
2026-10-05,2025-07-31,40113368
2026-10-05,2025-08-01,41407090
2026-10-05,2025-08-04,42800555
2026-10-05,2025-08-05,42754510
2026-10-05,2025-08-06,42697634
2026-10-05,2025-08-07,42675620
2026-10-05,2025-08-08,42743195
2026-10-05,2025-08-11,42702784
2026-10-05,2025-08-12,42659621
2026-10-05,2025-08-13,42643973
2026-10-05,2025-08-14,42615572
2026-10-05,2025-08-18,48555085
2026-10-05,2025-08-19,44631142
2026-10-05,2025-08-20,42821346
2026-10-05,2025-08-21,43584582
2026-10-05,2025-08-22,44128287
2026-10-05,2025-08-25,44919842
2026-10-05,2025-08-26,44221777
2026-10-05,2025-08-27,44202019
2026-10-05,2025-08-28,44773011
2026-10-05,2025-08-29,44259863
2026-10-05,2025-09-01,42598268
2026-10-05,2025-09-02,41682352
2026-10-05,2025-09-03,41866271
2026-10-05,2025-09-04,42171431
2026-10-05,2025-09-05,41537947
2026-10-05,2025-09-08,42234372
2026-10-05,2025-09-09,41377280
2026-10-05,2025-09-10,41474053
2026-10-05,2025-09-11,41149389
2026-10-05,2025-09-12,40989198
2026-10-05,2025-09-15,42076972
2026-10-05,2025-09-16,41347862
2026-10-05,2025-09-17,40732354
2026-10-05,2025-09-18,41372282
2026-10-05,2025-09-19,40711384
2026-10-05,2025-09-22,41976631
2026-10-05,2025-09-23,41199281
2026-10-05,2025-09-24,41246514
2026-10-05,2025-09-25,40742575
2026-10-05,2025-09-26,41204584
2026-10-05,2025-09-29,41645095
2026-10-05,2025-09-30,42295612
2026-10-05,2025-10-01,41012542
2026-10-05,2025-10-02,40356005
2026-10-05,2025-10-03,40636784
2026-10-05,2025-10-06,40792969
2026-10-05,2025-10-07,40581165
2026-10-05,2025-10-08,40739322
2026-10-05,2025-10-09,40896326
2026-10-05,2025-10-13,40840121
2026-10-05,2025-10-14,41039888
2026-10-05,2025-10-15,40648966
2026-10-05,2025-10-16,40131062
2026-10-05,2025-10-17,40428002
2026-10-05,2025-10-20,40972264
2026-10-05,2025-10-21,40177879
2026-10-05,2025-10-22,39970044
2026-10-05,2025-10-23,39850348
2026-10-05,2025-10-24,39402450
2026-10-05,2025-10-27,40078826
2026-10-05,2025-10-28,40078019
2026-10-05,2025-10-29,40147684
2026-10-05,2025-10-30,40354280
2026-10-05,2025-10-31,41327194
2026-10-05,2025-11-03,41437306
2026-10-05,2025-11-04,40730943
2026-10-05,2025-11-05,41136124
2026-10-05,2025-11-07,41881861
2026-10-05,2025-11-10,41632920
2026-10-05,2025-11-11,40036417
2026-10-05,2025-11-12,40264655
2026-10-05,2025-11-13,39820024
2026-10-05,2025-11-14,40285409
2026-10-05,2025-11-17,40819556
2026-10-05,2025-11-18,40323072
2026-10-05,2025-11-19,40314551
2026-10-05,2025-11-20,40927869
2026-10-05,2025-11-25,42341489
2026-10-05,2025-11-26,40563401
2026-10-05,2025-11-27,41009226
2026-10-05,2025-11-28,40926609
2026-10-05,2025-12-01,40862891
2026-10-05,2025-12-02,39684092
2026-10-05,2025-12-03,37842747
2026-10-05,2025-12-04,40457720
2026-10-05,2025-12-05,38933317
2026-10-05,2025-12-09,40069791
2026-10-05,2025-12-10,40146702
2026-10-05,2025-12-11,40856240
2026-10-05,2025-12-12,41173306
2026-10-05,2025-12-15,41443740
2026-10-05,2025-12-16,40768621
2026-10-05,2025-12-17,41112794
2026-10-05,2025-12-18,40972242
2026-10-05,2025-12-19,40805912
2026-10-05,2025-12-22,41416844
2026-10-05,2025-12-23,41853086
2026-10-05,2025-12-26,42492789
2026-10-05,2025-12-29,42305192
2026-10-05,2025-12-30,42956965
2026-10-05,2026-01-02,42960320
2026-10-05,2026-01-05,42683047
2026-10-05,2026-01-06,42682795
2026-10-05,2026-01-07,43167152
2026-10-05,2026-01-08,43272002
2026-10-05,2026-01-09,42895272
2026-10-05,2026-01-12,42938346
2026-10-05,2026-01-13,43346010
2026-10-05,2026-01-14,43803268
2026-10-05,2026-01-15,43701459
2026-10-05,2026-01-16,44102114
2026-10-05,2026-01-19,44050201
2026-10-05,2026-01-20,44040732
2026-10-05,2026-01-21,44265806
2026-10-05,2026-01-22,44262398
2026-10-05,2026-01-23,44254340
2026-10-05,2026-01-26,43364675
2026-10-05,2026-01-27,41880963
2026-10-05,2026-01-28,41652760
2026-10-05,2026-01-29,42772613
2026-10-05,2026-01-30,42812343
2026-10-05,2026-02-02,42050300
2026-10-05,2026-02-03,41896298
2026-10-05,2026-02-04,41812311
2026-10-05,2026-02-05,42122917
2026-10-05,2026-02-06,41940812
2026-10-05,2026-02-09,41992981
2026-10-05,2026-02-10,42177084
2026-10-05,2026-02-11,42185386
2026-10-05,2026-02-12,42461589
2026-10-05,2026-02-13,40956503
2026-10-05,2026-02-18,40986425
2026-10-05,2026-02-19,41882460
2026-10-05,2026-02-20,42378425
2026-10-05,2026-02-23,42646887
2026-10-05,2026-02-24,42600442
2026-10-05,2026-02-25,41232963
2026-10-05,2026-02-26,41414239
2026-10-05,2026-02-27,40986704
2026-10-05,2026-03-02,42499111
2026-10-05,2026-03-03,42641381
2026-10-05,2026-03-04,42455350
2026-10-05,2026-03-05,42491784
2026-10-05,2026-03-06,42327455
2026-10-05,2026-03-09,41337760
2026-10-05,2026-03-10,40799134
2026-10-05,2026-03-11,40736856
2026-10-05,2026-03-12,41407606
2026-10-05,2026-03-13,41185271
2026-10-05,2026-03-16,40219575
2026-10-05,2026-03-17,39541393
2026-10-05,2026-03-18,39026567
2026-10-05,2026-03-19,40008553
2026-10-05,2026-03-20,40514585
2026-10-05,2026-03-25,41175029
2026-10-05,2026-03-26,40433607
2026-10-05,2026-03-27,39674505
2026-10-05,2026-03-30,42639083
2026-10-05,2026-03-31,41277771
2026-10-05,2026-04-01,42128666
2026-10-05,2026-04-06,41983916
2026-10-05,2026-04-07,41976449
2026-10-05,2026-04-08,41265125
2026-10-05,2026-04-09,41291559
2026-10-05,2026-04-10,41225945
2026-10-05,2026-04-13,40941598
2026-10-05,2026-04-14,40898167
2026-10-05,2026-04-15,40308442
2026-10-05,2026-04-16,40553716
2026-10-05,2026-04-17,40105907
2026-10-05,2026-04-20,40962136
2026-10-05,2026-04-21,40702673
2026-10-05,2026-04-22,40706598
2026-10-05,2026-04-23,40372220
2026-10-05,2026-04-24,40052600
2026-10-05,2026-04-27,42283192
2026-10-05,2026-04-28,41791914
2026-10-05,2026-04-29,41994279
2026-10-05,2026-04-30,42132457
2026-10-05,2026-05-04,41845927
2026-10-05,2026-05-05,41285996
2026-10-05,2026-05-06,40768742
2026-10-05,2026-05-07,41186004
2026-10-05,2026-05-08,40710852
2026-10-05,2026-05-11,41639647
2026-10-05,2026-05-12,40570598
2026-10-05,2026-05-13,41228855
2026-10-05,2026-05-14,41730096
2026-10-05,2026-05-15,41637331
2026-10-05,2026-05-18,41006735
2026-10-05,2026-05-19,41284793
2026-10-05,2026-05-20,40990233
2026-10-05,2026-05-21,41162596
2026-10-05,2026-05-22,40812053
2026-10-05,2026-05-26,41837112
2026-10-05,2026-05-27,41922477
2026-10-05,2026-05-28,42303192
2026-10-05,2026-05-29,41975464
2026-10-05,2026-06-01,43177866
2026-10-05,2026-06-02,42960824
2026-10-05,2026-06-03,42215553
2026-10-05,2026-06-04,42354469
2026-10-05,2026-06-05,42506211
2026-10-05,2026-06-08,42401196
2026-10-05,2026-06-09,41830730
2026-10-05,2026-06-10,41998049
2026-10-05,2026-06-11,43722386
2026-10-05,2026-06-12,43128652
2026-10-05,2026-06-16,43652914
2026-10-05,2026-06-17,43736344
2026-10-05,2026-06-18,43235697
2026-10-05,2026-06-19,43144287
2026-10-05,2026-06-22,43380086
2026-10-05,2026-06-23,43386638
2026-10-05,2026-06-24,44249822
2026-10-05,2026-06-25,44451195
2026-10-05,2026-06-26,43761087
2026-10-05,2026-06-29,44953461
2026-10-05,2026-06-30,45711975
2026-10-05,2026-07-01,46035751
2026-10-05,2026-07-02,45099295
2026-10-05,2026-07-03,45368949
2026-10-05,2026-07-06,45569923
2026-10-05,2026-07-07,45511522
2026-10-05,2026-07-08,45827619
2026-10-05,2026-07-13,46817025
2026-10-05,2026-07-14,45312132
2026-10-05,2026-07-15,45210224
2026-10-05,2026-07-16,46019844
2026-10-05,2026-07-17,45054096
2026-10-05,2026-07-20,45661395
2026-10-05,2026-07-21,45294415
2026-10-05,2026-07-22,45839793
2026-10-05,2026-07-23,45813184
2026-10-05,2026-07-24,46087590
2026-10-05,2026-07-27,46324059
2026-10-05,2026-07-28,45044437
2026-10-05,2026-07-29,44055898
2026-10-05,2026-07-30,45706709
2026-10-05,2026-07-31,46193622
2026-10-05,2026-08-03,46439196
2026-10-05,2026-08-04,45693033
2026-10-05,2026-08-05,46530255
2026-10-05,2026-08-06,46321735
2026-10-05,2026-08-07,46189969
2026-10-05,2026-08-10,46031628
2026-10-05,2026-08-11,46138834
2026-10-05,2026-08-12,46446862
2026-10-05,2026-08-13,46636012
2026-10-05,2026-08-14,46487398
2026-10-05,2026-08-18,46427239
2026-10-05,2026-08-19,47824170
2026-10-05,2026-08-20,48175716
2026-10-05,2026-08-21,46210440
2026-10-05,2026-08-24,47076725
2026-10-05,2026-08-25,45965061
2026-10-05,2026-08-26,46038739
2026-10-05,2026-08-27,45621808
2026-10-05,2026-08-28,45776921
2026-10-05,2026-08-31,47451537
2026-10-05,2026-09-01,47216078
2026-10-05,2026-09-02,46347290
2026-10-05,2026-09-03,47282027
2026-10-05,2026-09-04,47251329
2026-10-05,2026-09-07,46768207
2026-10-05,2026-09-08,45504286
2026-10-05,2026-09-09,45715105
2026-10-05,2026-09-10,45765350
2026-10-05,2026-09-11,45878260
2026-10-05,2026-09-14,46909045
2026-10-05,2026-09-15,46310910
2026-10-05,2026-09-16,45437976
2026-10-05,2026-09-17,45951683
2026-10-05,2026-09-18,46162292
2026-10-05,2026-09-21,46275967
2026-10-05,2026-09-22,46551946
2026-10-05,2026-09-23,45786163
2026-10-05,2026-09-24,46058967
2026-10-05,2026-09-25,45747929
2026-10-05,2026-09-28,46033138
2026-10-05,2026-09-29,46262060
2026-10-05,2026-09-30,46909419
2026-10-05,2026-10-01,46654181
2026-10-06,2026-10-02,46002173
2026-10-07,2026-10-05,46422891
2026-10-08,2026-10-06,46779479
