vintage,date,value
2026-10-05,2009-01-02,25
2026-10-05,2009-01-05,26.1
2026-10-05,2009-01-06,24.16
2026-10-05,2009-01-07,25
2026-10-05,2009-01-08,23.6
2026-10-05,2009-01-09,23.25
2026-10-05,2009-01-12,23.28
2026-10-05,2009-01-13,22.82
2026-10-05,2009-01-14,23.85
2026-10-05,2009-01-15,22.48
2026-10-05,2009-01-16,22.23
2026-10-05,2009-01-19,22.39
2026-10-05,2009-01-20,21.45
2026-10-05,2009-01-21,21.91
2026-10-05,2009-01-22,22.07
2026-10-05,2009-01-23,20.03
2026-10-05,2009-01-26,20.11
2026-10-05,2009-01-27,20.22
2026-10-05,2009-01-28,19.9
2026-10-05,2009-01-29,19.15
2026-10-05,2009-01-30,19.02
2026-10-05,2009-02-02,19.58
2026-10-05,2009-02-03,18.21
2026-10-05,2009-02-04,19.45
2026-10-05,2009-02-05,19.79
2026-10-05,2009-02-06,18.96
2026-10-05,2009-02-09,18.31
2026-10-05,2009-02-10,18.13
2026-10-05,2009-02-11,18.17
2026-10-05,2009-02-12,17.89
2026-10-05,2009-02-13,18.43
2026-10-05,2009-02-16,18.05
2026-10-05,2009-02-17,17.88
2026-10-05,2009-02-18,17.96
2026-10-05,2009-02-19,17.74
2026-10-05,2009-02-20,17.89
2026-10-05,2009-02-23,18.31
2026-10-05,2009-02-24,18.22
2026-10-05,2009-02-25,18.44
2026-10-05,2009-02-26,18.34
2026-10-05,2009-02-27,17.93
2026-10-05,2009-03-02,18.12
2026-10-05,2009-03-03,18.24
2026-10-05,2009-03-04,17.87
2026-10-05,2009-03-05,17.99
2026-10-05,2009-03-06,17.94
2026-10-05,2009-03-09,17.73
2026-10-05,2009-03-10,18.33
2026-10-05,2009-03-11,18.37
2026-10-05,2009-03-12,18.72
2026-10-05,2009-03-13,18.02
2026-10-05,2009-03-16,18.26
2026-10-05,2009-03-17,18.1
2026-10-05,2009-03-18,18.29
2026-10-05,2009-03-19,18.12
2026-10-05,2009-03-20,18.01
2026-10-05,2009-03-23,17.68
2026-10-05,2009-03-25,18.11
2026-10-05,2009-03-26,18.22
2026-10-05,2009-03-27,18.03
2026-10-05,2009-03-30,17.92
2026-10-05,2009-03-31,17.97
2026-10-05,2009-04-01,17.41
2026-10-05,2009-04-03,17.19
2026-10-05,2009-04-06,17.14
2026-10-05,2009-04-07,16.89
2026-10-05,2009-04-08,17.35
2026-10-05,2009-04-13,17.43
2026-10-05,2009-04-14,17.46
2026-10-05,2009-04-15,17.38
2026-10-05,2009-04-16,17.51
2026-10-05,2009-04-17,17.43
2026-10-05,2009-04-20,17.48
2026-10-05,2009-04-21,17.38
2026-10-05,2009-04-22,17.33
2026-10-05,2009-04-23,17.27
2026-10-05,2009-04-24,16.93
2026-10-05,2009-04-27,17
2026-10-05,2009-04-28,16.82
2026-10-05,2009-04-29,16.75
2026-10-05,2009-04-30,16.67
2026-10-05,2009-05-04,17.4
2026-10-05,2009-05-05,16.81
2026-10-05,2009-05-06,16.77
2026-10-05,2009-05-07,16.92
2026-10-05,2009-05-08,16.7
2026-10-05,2009-05-11,16.56
2026-10-05,2009-05-12,16.43
2026-10-05,2009-05-13,16.74
2026-10-05,2009-05-14,16.75
2026-10-05,2009-05-15,16.53
2026-10-05,2009-05-18,16.36
2026-10-05,2009-05-19,16.23
2026-10-05,2009-05-20,16.3
2026-10-05,2009-05-21,16.42
2026-10-05,2009-05-22,16.15
2026-10-05,2009-05-26,16.42
2026-10-05,2009-05-27,16.21
2026-10-05,2009-05-28,16.36
2026-10-05,2009-05-29,15.97
2026-10-05,2009-06-01,16.26
2026-10-05,2009-06-02,16.26
2026-10-05,2009-06-03,15.97
2026-10-05,2009-06-04,15.98
2026-10-05,2009-06-05,15.82
2026-10-05,2009-06-08,15.94
2026-10-05,2009-06-09,15.8
2026-10-05,2009-06-10,15.46
2026-10-05,2009-06-11,16.14
2026-10-05,2009-06-12,15.59
2026-10-05,2009-06-16,16.34
2026-10-05,2009-06-17,16.24
2026-10-05,2009-06-18,16.49
2026-10-05,2009-06-19,16.23
2026-10-05,2009-06-22,16.35
2026-10-05,2009-06-23,15.98
2026-10-05,2009-06-24,16.46
2026-10-05,2009-06-25,15.94
2026-10-05,2009-06-26,15.96
2026-10-05,2009-06-29,15.96
2026-10-05,2009-06-30,15.94
2026-10-05,2009-07-01,15.98
2026-10-05,2009-07-02,15.91
2026-10-05,2009-07-03,15.62
2026-10-05,2009-07-06,15.78
2026-10-05,2009-07-07,15.64
2026-10-05,2009-07-08,15.9
2026-10-05,2009-07-13,15.69
2026-10-05,2009-07-14,15.97
2026-10-05,2009-07-15,15.99
2026-10-05,2009-07-16,15.96
2026-10-05,2009-07-17,15.84
2026-10-05,2009-07-20,15.92
2026-10-05,2009-07-21,15.95
2026-10-05,2009-07-22,16.15
2026-10-05,2009-07-23,16.19
2026-10-05,2009-07-24,15.89
2026-10-05,2009-07-27,16.23
2026-10-05,2009-07-28,16.33
2026-10-05,2009-07-29,16.07
2026-10-05,2009-07-30,15.89
2026-10-05,2009-07-31,15.65
2026-10-05,2009-08-03,15.61
2026-10-05,2009-08-04,15.52
2026-10-05,2009-08-05,15.42
2026-10-05,2009-08-06,15.51
2026-10-05,2009-08-07,15.58
2026-10-05,2009-08-10,15.36
2026-10-05,2009-08-11,15.25
2026-10-05,2009-08-12,15.13
2026-10-05,2009-08-13,15.19
2026-10-05,2009-08-14,15.23
2026-10-05,2009-08-18,15.1
2026-10-05,2009-08-19,15.01
2026-10-05,2009-08-20,15.04
2026-10-05,2009-08-21,15.01
2026-10-05,2009-08-24,14.97
2026-10-05,2009-08-25,14.99
2026-10-05,2009-08-26,14.99
2026-10-05,2009-08-27,14.82
2026-10-05,2009-08-28,14.69
2026-10-05,2009-08-31,14.67
2026-10-05,2009-09-01,14.83
2026-10-05,2009-09-02,14.39
2026-10-05,2009-09-03,14.38
2026-10-05,2009-09-04,14.17
2026-10-05,2009-09-07,14.28
2026-10-05,2009-09-08,14.22
2026-10-05,2009-09-09,14.18
2026-10-05,2009-09-10,13.91
2026-10-05,2009-09-11,14.04
2026-10-05,2009-09-14,14.16
2026-10-05,2009-09-15,14.07
2026-10-05,2009-09-16,14.18
2026-10-05,2009-09-17,14.02
2026-10-05,2009-09-18,14.02
2026-10-05,2009-09-21,13.92
2026-10-05,2009-09-22,13.58
2026-10-05,2009-09-23,13.37
2026-10-05,2009-09-24,13.28
2026-10-05,2009-09-25,13.12
2026-10-05,2009-09-28,13.25
2026-10-05,2009-09-29,13.19
2026-10-05,2009-09-30,13.04
2026-10-05,2009-10-01,12.92
2026-10-05,2009-10-02,12.99
2026-10-05,2009-10-05,13.1
2026-10-05,2009-10-06,12.87
2026-10-05,2009-10-07,12.84
2026-10-05,2009-10-08,12.84
2026-10-05,2009-10-09,12.45
2026-10-05,2009-10-13,12.89
2026-10-05,2009-10-14,12.8
2026-10-05,2009-10-15,12.69
2026-10-05,2009-10-16,12.63
2026-10-05,2009-10-19,12.26
2026-10-05,2009-10-20,12.66
2026-10-05,2009-10-21,12.19
2026-10-05,2009-10-22,11.99
2026-10-05,2009-10-23,12.14
2026-10-05,2009-10-26,12.01
2026-10-05,2009-10-27,11.97
2026-10-05,2009-10-28,11.96
2026-10-05,2009-10-29,11.93
2026-10-05,2009-10-30,11.97
2026-10-05,2009-11-02,11.72
2026-10-05,2009-11-03,11.7
2026-10-05,2009-11-04,11.61
2026-10-05,2009-11-05,11.62
2026-10-05,2009-11-09,11.61
2026-10-05,2009-11-10,11.67
2026-10-05,2009-11-11,11.67
2026-10-05,2009-11-12,11.76
2026-10-05,2009-11-13,11.58
2026-10-05,2009-11-16,11.78
2026-10-05,2009-11-17,11.47
2026-10-05,2009-11-18,11.45
2026-10-05,2009-11-19,11.43
2026-10-05,2009-11-20,11.35
2026-10-05,2009-11-23,11.28
2026-10-05,2009-11-24,11.03
2026-10-05,2009-11-25,11.15
2026-10-05,2009-11-26,11.13
2026-10-05,2009-11-27,10.81
2026-10-05,2009-11-30,10.94
2026-10-05,2009-12-01,10.88
2026-10-05,2009-12-02,10.73
2026-10-05,2009-12-03,10.7
2026-10-05,2009-12-04,10.68
2026-10-05,2009-12-07,10.62
2026-10-05,2009-12-09,10.67
2026-10-05,2009-12-10,10.73
2026-10-05,2009-12-11,10.64
2026-10-05,2009-12-14,10.75
2026-10-05,2009-12-15,10.83
2026-10-05,2009-12-16,10.63
2026-10-05,2009-12-17,10.79
2026-10-05,2009-12-18,10.58
2026-10-05,2009-12-21,10.61
2026-10-05,2009-12-22,10.61
2026-10-05,2009-12-23,10.76
2026-10-05,2009-12-24,10.62
2026-10-05,2009-12-28,10.67
2026-10-05,2009-12-29,10.72
2026-10-05,2009-12-30,10.75
2026-10-05,2009-12-31,10.76
2026-10-05,2010-01-04,10.94
2026-10-05,2010-01-05,10.95
2026-10-05,2010-01-06,10.96
2026-10-05,2010-01-07,10.94
2026-10-05,2010-01-08,10.86
2026-10-05,2010-01-11,10.84
2026-10-05,2010-01-12,10.81
2026-10-05,2010-01-13,10.79
2026-10-05,2010-01-14,10.82
2026-10-05,2010-01-15,10.91
2026-10-05,2010-01-18,11.01
2026-10-05,2010-01-19,10.92
2026-10-05,2010-01-20,10.87
2026-10-05,2010-01-21,10.87
2026-10-05,2010-01-22,10.82
2026-10-05,2010-01-25,10.8
2026-10-05,2010-01-26,10.94
2026-10-05,2010-01-27,10.84
2026-10-05,2010-01-28,10.89
2026-10-05,2010-01-29,10.62
2026-10-05,2010-02-01,10.64
2026-10-05,2010-02-02,10.6
2026-10-05,2010-02-03,10.51
2026-10-05,2010-02-04,10.52
2026-10-05,2010-02-05,10.51
2026-10-05,2010-02-08,10.41
2026-10-05,2010-02-09,10.35
2026-10-05,2010-02-10,10.35
2026-10-05,2010-02-11,10.49
2026-10-05,2010-02-12,10.28
2026-10-05,2010-02-15,10.26
2026-10-05,2010-02-16,10.25
2026-10-05,2010-02-17,10.16
2026-10-05,2010-02-18,10.27
2026-10-05,2010-02-19,10.28
2026-10-05,2010-02-22,10.25
2026-10-05,2010-02-23,10.2
2026-10-05,2010-02-24,10.08
2026-10-05,2010-02-25,10.21
2026-10-05,2010-02-26,10.13
2026-10-05,2010-03-01,10.25
2026-10-05,2010-03-02,10.34
2026-10-05,2010-03-03,10.32
2026-10-05,2010-03-04,10.28
2026-10-05,2010-03-05,10.28
2026-10-05,2010-03-08,10.14
2026-10-05,2010-03-09,10.28
2026-10-05,2010-03-10,10.27
2026-10-05,2010-03-11,10.24
2026-10-05,2010-03-12,10.28
2026-10-05,2010-03-15,10.25
2026-10-05,2010-03-16,10.26
2026-10-05,2010-03-17,10.18
2026-10-05,2010-03-18,10.18
2026-10-05,2010-03-19,10.15
2026-10-05,2010-03-22,10.05
2026-10-05,2010-03-23,10.15
2026-10-05,2010-03-25,10.07
2026-10-05,2010-03-26,10.12
2026-10-05,2010-03-29,10.21
2026-10-05,2010-03-30,9.9
2026-10-05,2010-03-31,10.14
2026-10-05,2010-04-05,10.21
2026-10-05,2010-04-06,10
2026-10-05,2010-04-07,10.03
2026-10-05,2010-04-08,10.05
2026-10-05,2010-04-09,10.21
2026-10-05,2010-04-12,10.1
2026-10-05,2010-04-13,10.06
2026-10-05,2010-04-14,9.99
2026-10-05,2010-04-15,9.75
2026-10-05,2010-04-16,9.72
2026-10-05,2010-04-19,9.6
2026-10-05,2010-04-20,9.56
2026-10-05,2010-04-21,9.7
2026-10-05,2010-04-22,9.69
2026-10-05,2010-04-23,9.67
2026-10-05,2010-04-26,9.6
2026-10-05,2010-04-27,9.6
2026-10-05,2010-04-28,9.54
2026-10-05,2010-04-29,9.55
2026-10-05,2010-04-30,9.59
2026-10-05,2010-05-03,9.73
2026-10-05,2010-05-04,9.57
2026-10-05,2010-05-05,9.55
2026-10-05,2010-05-06,9.62
2026-10-05,2010-05-07,9.68
2026-10-05,2010-05-10,9.57
2026-10-05,2010-05-11,9.61
2026-10-05,2010-05-12,9.62
2026-10-05,2010-05-13,9.61
2026-10-05,2010-05-14,9.65
2026-10-05,2010-05-17,9.64
2026-10-05,2010-05-18,9.7
2026-10-05,2010-05-19,9.64
2026-10-05,2010-05-20,9.62
2026-10-05,2010-05-21,9.76
2026-10-05,2010-05-26,9.82
2026-10-05,2010-05-27,9.85
2026-10-05,2010-05-28,9.94
2026-10-05,2010-05-31,9.97
2026-10-05,2010-06-01,10.1
2026-10-05,2010-06-02,10.05
2026-10-05,2010-06-03,10.04
2026-10-05,2010-06-04,10.07
2026-10-05,2010-06-07,10.08
2026-10-05,2010-06-08,10.06
2026-10-05,2010-06-09,10.06
2026-10-05,2010-06-10,10.1
2026-10-05,2010-06-11,10.14
2026-10-05,2010-06-14,10.07
2026-10-05,2010-06-15,10.04
2026-10-05,2010-06-16,10.14
2026-10-05,2010-06-17,10.05
2026-10-05,2010-06-18,10.06
2026-10-05,2010-06-22,10.07
2026-10-05,2010-06-23,10.09
2026-10-05,2010-06-24,10.1
2026-10-05,2010-06-25,10.16
2026-10-05,2010-06-28,10.14
2026-10-05,2010-06-29,10.1
2026-10-05,2010-06-30,10.15
2026-10-05,2010-07-01,10.44
2026-10-05,2010-07-02,10.34
2026-10-05,2010-07-05,10.34
2026-10-05,2010-07-06,10.42
2026-10-05,2010-07-07,10.65
2026-10-05,2010-07-08,10.74
2026-10-05,2010-07-12,10.77
2026-10-05,2010-07-13,10.8
2026-10-05,2010-07-14,10.67
2026-10-05,2010-07-15,10.43
2026-10-05,2010-07-16,10.48
2026-10-05,2010-07-19,10.55
2026-10-05,2010-07-20,10.48
2026-10-05,2010-07-21,10.52
2026-10-05,2010-07-22,10.43
2026-10-05,2010-07-23,10.45
2026-10-05,2010-07-26,10.45
2026-10-05,2010-07-27,10.61
2026-10-05,2010-07-28,10.63
2026-10-05,2010-07-29,10.53
2026-10-05,2010-07-30,10.51
2026-10-05,2010-08-02,10.61
2026-10-05,2010-08-03,10.58
2026-10-05,2010-08-04,10.52
2026-10-05,2010-08-05,10.68
2026-10-05,2010-08-06,10.54
2026-10-05,2010-08-09,10.55
2026-10-05,2010-08-10,10.58
2026-10-05,2010-08-11,10.55
2026-10-05,2010-08-12,10.64
2026-10-05,2010-08-13,10.54
2026-10-05,2010-08-17,10.54
2026-10-05,2010-08-18,10.53
2026-10-05,2010-08-19,10.6
2026-10-05,2010-08-20,10.6
2026-10-05,2010-08-23,11.05
2026-10-05,2010-08-24,10.58
2026-10-05,2010-08-25,10.59
2026-10-05,2010-08-26,10.62
2026-10-05,2010-08-27,10.58
2026-10-05,2010-08-30,10.51
2026-10-05,2010-08-31,10.52
2026-10-05,2010-09-01,10.53
2026-10-05,2010-09-02,10.62
2026-10-05,2010-09-03,10.57
2026-10-05,2010-09-06,10.53
2026-10-05,2010-09-07,10.58
2026-10-05,2010-09-08,10.58
2026-10-05,2010-09-09,10.72
2026-10-05,2010-09-10,10.67
2026-10-05,2010-09-13,10.66
2026-10-05,2010-09-14,10.71
2026-10-05,2010-09-15,10.58
2026-10-05,2010-09-16,10.61
2026-10-05,2010-09-17,10.61
2026-10-05,2010-09-20,10.55
2026-10-05,2010-09-21,10.65
2026-10-05,2010-09-22,10.64
2026-10-05,2010-09-23,10.64
2026-10-05,2010-09-24,10.65
2026-10-05,2010-09-27,10.74
2026-10-05,2010-09-28,10.72
2026-10-05,2010-09-29,10.78
2026-10-05,2010-09-30,10.97
2026-10-05,2010-10-01,10.91
2026-10-05,2010-10-04,10.87
2026-10-05,2010-10-05,10.87
2026-10-05,2010-10-06,10.78
2026-10-05,2010-10-07,10.81
2026-10-05,2010-10-08,10.84
2026-10-05,2010-10-12,10.88
2026-10-05,2010-10-13,10.92
2026-10-05,2010-10-14,10.89
2026-10-05,2010-10-15,10.79
2026-10-05,2010-10-18,10.88
2026-10-05,2010-10-19,11.06
2026-10-05,2010-10-20,10.96
2026-10-05,2010-10-21,11.02
2026-10-05,2010-10-22,11.38
2026-10-05,2010-10-25,12.08
2026-10-05,2010-10-26,12.56
2026-10-05,2010-10-28,12.8
2026-10-05,2010-10-29,12.58
2026-10-05,2010-11-01,12.35
2026-10-05,2010-11-02,12.11
2026-10-05,2010-11-03,11.91
2026-10-05,2010-11-04,11.77
2026-10-05,2010-11-05,11.7
2026-10-05,2010-11-08,11.63
2026-10-05,2010-11-09,11.6
2026-10-05,2010-11-10,11.59
2026-10-05,2010-11-11,11.48
2026-10-05,2010-11-12,11.54
2026-10-05,2010-11-15,11.34
2026-10-05,2010-11-16,11.37
2026-10-05,2010-11-17,11.52
2026-10-05,2010-11-18,11.5
2026-10-05,2010-11-19,11.43
2026-10-05,2010-11-23,11.5
2026-10-05,2010-11-24,11.35
2026-10-05,2010-11-25,11.33
2026-10-05,2010-11-26,11.39
2026-10-05,2010-11-29,11.26
2026-10-05,2010-11-30,11.22
2026-10-05,2010-12-01,11.14
2026-10-05,2010-12-02,10.98
2026-10-05,2010-12-03,11.06
2026-10-05,2010-12-06,11.11
2026-10-05,2010-12-07,11.11
2026-10-05,2010-12-09,11.13
2026-10-05,2010-12-10,11.21
2026-10-05,2010-12-13,11.17
2026-10-05,2010-12-14,11
2026-10-05,2010-12-15,11.15
2026-10-05,2010-12-16,11.13
2026-10-05,2010-12-17,11.16
2026-10-05,2010-12-20,11.19
2026-10-05,2010-12-21,11.08
2026-10-05,2010-12-22,11.01
2026-10-05,2010-12-23,10.95
2026-10-05,2010-12-27,11.03
2026-10-05,2010-12-28,11.08
2026-10-05,2010-12-29,11.09
2026-10-05,2010-12-30,11.17
2026-10-05,2011-01-03,11.24
2026-10-05,2011-01-04,11.12
2026-10-05,2011-01-05,11.06
2026-10-05,2011-01-06,11.12
2026-10-05,2011-01-07,11.16
2026-10-05,2011-01-10,11.24
2026-10-05,2011-01-11,11.23
2026-10-05,2011-01-12,11.23
2026-10-05,2011-01-13,11.23
2026-10-05,2011-01-14,11.14
2026-10-05,2011-01-17,11.15
2026-10-05,2011-01-18,11.15
2026-10-05,2011-01-19,11.14
2026-10-05,2011-01-20,11.08
2026-10-05,2011-01-21,11.02
2026-10-05,2011-01-24,11.02
2026-10-05,2011-01-25,10.97
2026-10-05,2011-01-26,11
2026-10-05,2011-01-27,11.01
2026-10-05,2011-01-28,10.92
2026-10-05,2011-01-31,10.96
2026-10-05,2011-02-01,10.96
2026-10-05,2011-02-02,11.07
2026-10-05,2011-02-03,11.08
2026-10-05,2011-02-04,11
2026-10-05,2011-02-07,11.05
2026-10-05,2011-02-08,11.07
2026-10-05,2011-02-09,11
2026-10-05,2011-02-10,11.07
2026-10-05,2011-02-11,11.03
2026-10-05,2011-02-14,11.06
2026-10-05,2011-02-15,11.03
2026-10-05,2011-02-16,11.04
2026-10-05,2011-02-17,11.08
2026-10-05,2011-02-18,11.09
2026-10-05,2011-02-21,11.08
2026-10-05,2011-02-22,11.02
2026-10-05,2011-02-23,10.99
2026-10-05,2011-02-24,10.97
2026-10-05,2011-02-25,10.98
2026-10-05,2011-02-28,11.02
2026-10-05,2011-03-01,10.95
2026-10-05,2011-03-02,10.99
2026-10-05,2011-03-03,10.93
2026-10-05,2011-03-04,11.02
2026-10-05,2011-03-09,11.05
2026-10-05,2011-03-10,11.19
2026-10-05,2011-03-11,11.27
2026-10-05,2011-03-14,11.26
2026-10-05,2011-03-15,11.16
2026-10-05,2011-03-16,11.16
2026-10-05,2011-03-17,11.17
2026-10-05,2011-03-18,11.23
2026-10-05,2011-03-21,11.22
2026-10-05,2011-03-22,11.23
2026-10-05,2011-03-23,11.27
2026-10-05,2011-03-28,11.18
2026-10-05,2011-03-29,11.24
2026-10-05,2011-03-30,11.22
2026-10-05,2011-03-31,11.2
2026-10-05,2011-04-01,11.17
2026-10-05,2011-04-04,11.01
2026-10-05,2011-04-05,11.17
2026-10-05,2011-04-06,11.22
2026-10-05,2011-04-07,11.3
2026-10-05,2011-04-08,11.29
2026-10-05,2011-04-11,11.37
2026-10-05,2011-04-12,11.29
2026-10-05,2011-04-13,11.3
2026-10-05,2011-04-14,11.33
2026-10-05,2011-04-15,11.21
2026-10-05,2011-04-18,11.27
2026-10-05,2011-04-19,11.17
2026-10-05,2011-04-20,11.21
2026-10-05,2011-04-25,11.18
2026-10-05,2011-04-26,11.25
2026-10-05,2011-04-27,11.17
2026-10-05,2011-04-28,11.14
2026-10-05,2011-04-29,11.13
2026-10-05,2011-05-02,11.09
2026-10-05,2011-05-03,11.07
2026-10-05,2011-05-04,11.26
2026-10-05,2011-05-05,11.29
2026-10-05,2011-05-06,11.32
2026-10-05,2011-05-09,11.32
2026-10-05,2011-05-10,11.3
2026-10-05,2011-05-11,11.3
2026-10-05,2011-05-12,11.32
2026-10-05,2011-05-13,11.26
2026-10-05,2011-05-16,11.22
2026-10-05,2011-05-17,11.22
2026-10-05,2011-05-18,11.05
2026-10-05,2011-05-19,11.15
2026-10-05,2011-05-20,11.23
2026-10-05,2011-05-23,11.18
2026-10-05,2011-05-24,11.07
2026-10-05,2011-05-26,11.19
2026-10-05,2011-05-27,11.26
2026-10-05,2011-05-30,11.15
2026-10-05,2011-05-31,11.19
2026-10-05,2011-06-01,11.21
2026-10-05,2011-06-02,11.25
2026-10-05,2011-06-03,11.29
2026-10-05,2011-06-06,11.33
2026-10-05,2011-06-07,11.41
2026-10-05,2011-06-08,11.37
2026-10-05,2011-06-09,11.34
2026-10-05,2011-06-10,11.31
2026-10-05,2011-06-13,11.29
2026-10-05,2011-06-14,11.28
2026-10-05,2011-06-15,11.16
2026-10-05,2011-06-16,11.33
2026-10-05,2011-06-17,11.29
2026-10-05,2011-06-21,11.28
2026-10-05,2011-06-22,11.32
2026-10-05,2011-06-23,11.32
2026-10-05,2011-06-24,11.32
2026-10-05,2011-06-27,11.37
2026-10-05,2011-06-28,11.42
2026-10-05,2011-06-29,11.38
2026-10-05,2011-06-30,11.36
2026-10-05,2011-07-01,11.4
2026-10-05,2011-07-04,11.47
2026-10-05,2011-07-05,11.5
2026-10-05,2011-07-06,11.45
2026-10-05,2011-07-07,11.48
2026-10-05,2011-07-08,11.47
2026-10-05,2011-07-11,11.43
2026-10-05,2011-07-12,11.64
2026-10-05,2011-07-13,12.54
2026-10-05,2011-07-14,13.26
2026-10-05,2011-07-15,13.78
2026-10-05,2011-07-18,13.26
2026-10-05,2011-07-19,13.14
2026-10-05,2011-07-20,12.79
2026-10-05,2011-07-21,12.67
2026-10-05,2011-07-22,12.77
2026-10-05,2011-07-25,12.53
2026-10-05,2011-07-26,12.46
2026-10-05,2011-07-27,12.54
2026-10-05,2011-07-28,12.52
2026-10-05,2011-07-29,12.45
2026-10-05,2011-08-01,12.54
2026-10-05,2011-08-02,12.64
2026-10-05,2011-08-03,12.49
2026-10-05,2011-08-04,12.73
2026-10-05,2011-08-05,12.63
2026-10-05,2011-08-08,12.62
2026-10-05,2011-08-09,12.71
2026-10-05,2011-08-10,12.82
2026-10-05,2011-08-11,12.83
2026-10-05,2011-08-12,12.94
2026-10-05,2011-08-15,12.82
2026-10-05,2011-08-16,12.66
2026-10-05,2011-08-17,12.58
2026-10-05,2011-08-18,12.6
2026-10-05,2011-08-19,12.64
2026-10-05,2011-08-23,12.42
2026-10-05,2011-08-24,12.38
2026-10-05,2011-08-25,12.44
2026-10-05,2011-08-26,12.37
2026-10-05,2011-08-29,12.47
2026-10-05,2011-08-30,12.41
2026-10-05,2011-08-31,12.37
2026-10-05,2011-09-01,12.53
2026-10-05,2011-09-02,12.54
2026-10-05,2011-09-05,12.5
2026-10-05,2011-09-06,12.6
2026-10-05,2011-09-07,12.65
2026-10-05,2011-09-08,12.73
2026-10-05,2011-09-09,12.82
2026-10-05,2011-09-12,12.78
2026-10-05,2011-09-13,13.07
2026-10-05,2011-09-14,13.15
2026-10-05,2011-09-15,13.02
2026-10-05,2011-09-16,13.06
2026-10-05,2011-09-19,13.18
2026-10-05,2011-09-20,13.21
2026-10-05,2011-09-21,13.24
2026-10-05,2011-09-22,13.21
2026-10-05,2011-09-23,13.18
2026-10-05,2011-09-26,13.19
2026-10-05,2011-09-27,13.25
2026-10-05,2011-09-28,13.21
2026-10-05,2011-09-29,13.24
2026-10-05,2011-09-30,13.16
2026-10-05,2011-10-03,12.99
2026-10-05,2011-10-04,13.58
2026-10-05,2011-10-05,14.02
2026-10-05,2011-10-06,14.19
2026-10-05,2011-10-07,14.69
2026-10-05,2011-10-11,15.37
2026-10-05,2011-10-12,16.47
2026-10-05,2011-10-13,17.18
2026-10-05,2011-10-14,18.59
2026-10-05,2011-10-17,19.32
2026-10-05,2011-10-18,20.08
2026-10-05,2011-10-19,20.74
2026-10-05,2011-10-20,20.85
2026-10-05,2011-10-21,20.67
2026-10-05,2011-10-24,20.55
2026-10-05,2011-10-25,20.45
2026-10-05,2011-10-26,20.59
2026-10-05,2011-10-27,20.78
2026-10-05,2011-10-28,21.03
2026-10-05,2011-10-31,21.42
2026-10-05,2011-11-01,21.84
2026-10-05,2011-11-02,22.13
2026-10-05,2011-11-03,21.88
2026-10-05,2011-11-04,22.13
2026-10-05,2011-11-07,22.25
2026-10-05,2011-11-08,22.63
2026-10-05,2011-11-09,22.61
2026-10-05,2011-11-10,23.02
2026-10-05,2011-11-11,23.21
2026-10-05,2011-11-14,23.52
2026-10-05,2011-11-15,24.21
2026-10-05,2011-11-16,24.47
2026-10-05,2011-11-17,24.42
2026-10-05,2011-11-18,24.29
2026-10-05,2011-11-21,24.08
2026-10-05,2011-11-22,23.53
2026-10-05,2011-11-23,23.4
2026-10-05,2011-11-24,23.1
2026-10-05,2011-11-25,23.41
2026-10-05,2011-11-29,23.62
2026-10-05,2011-11-30,23.65
2026-10-05,2011-12-01,23.56
2026-10-05,2011-12-02,23.6
2026-10-05,2011-12-05,23.51
2026-10-05,2011-12-06,23.82
2026-10-05,2011-12-07,23.77
2026-10-05,2011-12-12,23.54
2026-10-05,2011-12-13,23.39
2026-10-05,2011-12-14,23.14
2026-10-05,2011-12-15,22.94
2026-10-05,2011-12-16,22.9
2026-10-05,2011-12-19,22.64
2026-10-05,2011-12-20,21.98
2026-10-05,2011-12-21,21.1
2026-10-05,2011-12-22,21.04
2026-10-05,2011-12-23,21.19
2026-10-05,2011-12-27,21.44
2026-10-05,2011-12-28,21.52
2026-10-05,2011-12-29,21.8
2026-10-05,2011-12-30,21.76
2026-10-05,2012-01-03,21.39
2026-10-05,2012-01-04,20.86
2026-10-05,2012-01-05,20.57
2026-10-05,2012-01-06,20.38
2026-10-05,2012-01-09,20.01
2026-10-05,2012-01-10,19.4
2026-10-05,2012-01-11,19.15
2026-10-05,2012-01-12,19.03
2026-10-05,2012-01-13,18.77
2026-10-05,2012-01-16,18.45
2026-10-05,2012-01-17,18.33
2026-10-05,2012-01-18,18.36
2026-10-05,2012-01-19,18.32
2026-10-05,2012-01-20,18.04
2026-10-05,2012-01-23,17.93
2026-10-05,2012-01-24,17.6
2026-10-05,2012-01-25,17.42
2026-10-05,2012-01-26,17.39
2026-10-05,2012-01-27,17.23
2026-10-05,2012-01-30,17.1
2026-10-05,2012-01-31,16.94
2026-10-05,2012-02-01,16.54
2026-10-05,2012-02-02,16.62
2026-10-05,2012-02-03,16.41
2026-10-05,2012-02-06,16.47
2026-10-05,2012-02-07,16.5
2026-10-05,2012-02-08,16.25
2026-10-05,2012-02-09,16.25
2026-10-05,2012-02-10,16.07
2026-10-05,2012-02-13,16.01
2026-10-05,2012-02-14,15.7
2026-10-05,2012-02-15,15.33
2026-10-05,2012-02-16,15.48
2026-10-05,2012-02-17,15.12
2026-10-05,2012-02-22,15.04
2026-10-05,2012-02-23,15.01
2026-10-05,2012-02-24,14.95
2026-10-05,2012-02-28,14.88
2026-10-05,2012-02-29,14.9
2026-10-05,2012-03-01,14.72
2026-10-05,2012-03-02,14.73
2026-10-05,2012-03-05,14.63
2026-10-05,2012-03-06,14.5
2026-10-05,2012-03-07,14.59
2026-10-05,2012-03-08,14.42
2026-10-05,2012-03-09,14.28
2026-10-05,2012-03-12,14.27
2026-10-05,2012-03-13,14.17
2026-10-05,2012-03-14,14.24
2026-10-05,2012-03-15,14.14
2026-10-05,2012-03-16,14.18
2026-10-05,2012-03-19,14.22
2026-10-05,2012-03-20,13.97
2026-10-05,2012-03-21,14.03
2026-10-05,2012-03-22,13.89
2026-10-05,2012-03-23,13.84
2026-10-05,2012-03-26,13.79
2026-10-05,2012-03-27,13.61
2026-10-05,2012-03-28,13.5
2026-10-05,2012-03-29,13.23
2026-10-05,2012-03-30,13.15
2026-10-05,2012-04-03,13.06
2026-10-05,2012-04-04,12.93
2026-10-05,2012-04-09,13.16
2026-10-05,2012-04-10,13.2
2026-10-05,2012-04-11,12.99
2026-10-05,2012-04-12,13.03
2026-10-05,2012-04-13,12.95
2026-10-05,2012-04-16,12.98
2026-10-05,2012-04-17,12.99
2026-10-05,2012-04-18,13.09
2026-10-05,2012-04-19,13.06
2026-10-05,2012-04-20,13
2026-10-05,2012-04-23,12.7
2026-10-05,2012-04-24,12.52
2026-10-05,2012-04-25,12.42
2026-10-05,2012-04-26,12.54
2026-10-05,2012-04-27,12.37
2026-10-05,2012-05-02,12.47
2026-10-05,2012-05-03,12.57
2026-10-05,2012-05-04,12.6
2026-10-05,2012-05-07,12.73
2026-10-05,2012-05-08,12.59
2026-10-05,2012-05-09,12.63
2026-10-05,2012-05-10,12.53
2026-10-05,2012-05-11,12.64
2026-10-05,2012-05-14,12.52
2026-10-05,2012-05-15,12.39
2026-10-05,2012-05-16,12.52
2026-10-05,2012-05-17,12.56
2026-10-05,2012-05-18,12.5
2026-10-05,2012-05-21,12.54
2026-10-05,2012-05-22,12.34
2026-10-05,2012-05-23,12.29
2026-10-05,2012-05-24,12.4
2026-10-05,2012-05-28,12.34
2026-10-05,2012-05-29,12.47
2026-10-05,2012-05-30,12.42
2026-10-05,2012-05-31,12.31
2026-10-05,2012-06-01,12.44
2026-10-05,2012-06-04,12.28
2026-10-05,2012-06-05,12.44
2026-10-05,2012-06-06,12.36
2026-10-05,2012-06-07,12.4
2026-10-05,2012-06-08,12.54
2026-10-05,2012-06-11,12.56
2026-10-05,2012-06-12,12.56
2026-10-05,2012-06-13,12.3
2026-10-05,2012-06-14,12.25
2026-10-05,2012-06-15,12.38
2026-10-05,2012-06-18,12.38
2026-10-05,2012-06-19,12.39
2026-10-05,2012-06-21,12.41
2026-10-05,2012-06-22,12.45
2026-10-05,2012-06-25,12.4
2026-10-05,2012-06-26,12.35
2026-10-05,2012-06-27,12.31
2026-10-05,2012-06-28,12.18
2026-10-05,2012-06-29,12.55
2026-10-05,2012-07-02,12.46
2026-10-05,2012-07-03,12.47
2026-10-05,2012-07-04,12.51
2026-10-05,2012-07-05,12.73
2026-10-05,2012-07-06,12.99
2026-10-05,2012-07-10,13.28
2026-10-05,2012-07-11,12.89
2026-10-05,2012-07-12,12.96
2026-10-05,2012-07-13,13.08
2026-10-05,2012-07-16,12.93
2026-10-05,2012-07-17,13.11
2026-10-05,2012-07-18,13.02
2026-10-05,2012-07-19,12.96
2026-10-05,2012-07-20,12.96
2026-10-05,2012-07-23,12.96
2026-10-05,2012-07-24,13.1
2026-10-05,2012-07-25,13.05
2026-10-05,2012-07-26,13.11
2026-10-05,2012-07-27,13.09
2026-10-05,2012-07-30,13.08
2026-10-05,2012-07-31,13.09
2026-10-05,2012-08-01,13.12
2026-10-05,2012-08-02,13.15
2026-10-05,2012-08-03,13.16
2026-10-05,2012-08-06,13.25
2026-10-05,2012-08-07,13.28
2026-10-05,2012-08-08,13.3
2026-10-05,2012-08-09,13.23
2026-10-05,2012-08-10,13.28
2026-10-05,2012-08-13,13.25
2026-10-05,2012-08-14,13.19
2026-10-05,2012-08-15,13.13
2026-10-05,2012-08-16,13.16
2026-10-05,2012-08-17,13.21
2026-10-05,2012-08-21,13.07
2026-10-05,2012-08-22,13.1
2026-10-05,2012-08-23,13.13
2026-10-05,2012-08-24,13.2
2026-10-05,2012-08-27,13.29
2026-10-05,2012-08-28,13.19
2026-10-05,2012-08-29,13.27
2026-10-05,2012-08-30,13.3
2026-10-05,2012-08-31,13.13
2026-10-05,2012-09-03,13.22
2026-10-05,2012-09-04,13.16
2026-10-05,2012-09-05,13.16
2026-10-05,2012-09-06,13.2
2026-10-05,2012-09-07,13.34
2026-10-05,2012-09-10,13.31
2026-10-05,2012-09-11,13.32
2026-10-05,2012-09-12,13.39
2026-10-05,2012-09-13,13.42
2026-10-05,2012-09-14,13.43
2026-10-05,2012-09-17,13.51
2026-10-05,2012-09-18,13.39
2026-10-05,2012-09-19,13.46
2026-10-05,2012-09-20,13.46
2026-10-05,2012-09-21,13.76
2026-10-05,2012-09-25,13.77
2026-10-05,2012-09-26,13.92
2026-10-05,2012-09-27,13.95
2026-10-05,2012-09-28,14.04
2026-10-05,2012-10-01,14.2
2026-10-05,2012-10-02,14.16
2026-10-05,2012-10-03,14.1
2026-10-05,2012-10-04,14.12
2026-10-05,2012-10-05,14.14
2026-10-05,2012-10-09,14.17
2026-10-05,2012-10-10,14.14
2026-10-05,2012-10-11,14.22
2026-10-05,2012-10-12,14.15
2026-10-05,2012-10-15,14.18
2026-10-05,2012-10-16,14.14
2026-10-05,2012-10-17,14.18
2026-10-05,2012-10-18,14.15
2026-10-05,2012-10-19,14.25
2026-10-05,2012-10-22,14.18
2026-10-05,2012-10-23,14.2
2026-10-05,2012-10-24,14.19
2026-10-05,2012-10-25,14.16
2026-10-05,2012-10-26,14.35
2026-10-05,2012-10-29,14.34
2026-10-05,2012-10-30,14.15
2026-10-05,2012-10-31,14.17
2026-10-05,2012-11-01,14.23
2026-10-05,2012-11-02,14.39
2026-10-05,2012-11-05,14.19
2026-10-05,2012-11-07,14.38
2026-10-05,2012-11-08,14.43
2026-10-05,2012-11-09,14.25
2026-10-05,2012-11-12,14.36
2026-10-05,2012-11-13,14.44
2026-10-05,2012-11-14,14.38
2026-10-05,2012-11-15,14.35
2026-10-05,2012-11-16,14.34
2026-10-05,2012-11-19,14.32
2026-10-05,2012-11-20,14.07
2026-10-05,2012-11-21,14.06
2026-10-05,2012-11-22,14.16
2026-10-05,2012-11-23,14.16
2026-10-05,2012-11-27,14.25
2026-10-05,2012-11-28,14.28
2026-10-05,2012-11-29,14.26
2026-10-05,2012-11-30,14.4
2026-10-05,2012-12-03,14.34
2026-10-05,2012-12-04,14.35
2026-10-05,2012-12-05,14.29
2026-10-05,2012-12-06,14.49
2026-10-05,2012-12-07,14.47
2026-10-05,2012-12-10,14.5
2026-10-05,2012-12-11,14.46
2026-10-05,2012-12-12,14.42
2026-10-05,2012-12-13,14.44
2026-10-05,2012-12-14,14.43
2026-10-05,2012-12-17,14.53
2026-10-05,2012-12-18,14.33
2026-10-05,2012-12-19,14.32
2026-10-05,2012-12-20,14.26
2026-10-05,2012-12-21,14.32
2026-10-05,2012-12-26,14.45
2026-10-05,2012-12-27,14.49
2026-10-05,2012-12-28,14.78
2026-10-05,2012-12-31,14.76
2026-10-05,2013-01-02,14.65
2026-10-05,2013-01-03,14.57
2026-10-05,2013-01-04,14.51
2026-10-05,2013-01-07,14.68
2026-10-05,2013-01-08,14.55
2026-10-05,2013-01-09,14.43
2026-10-05,2013-01-10,14.4
2026-10-05,2013-01-11,14.51
2026-10-05,2013-01-14,14.51
2026-10-05,2013-01-15,14.56
2026-10-05,2013-01-16,14.55
2026-10-05,2013-01-17,14.63
2026-10-05,2013-01-18,14.59
2026-10-05,2013-01-21,14.51
2026-10-05,2013-01-22,14.42
2026-10-05,2013-01-23,14.4
2026-10-05,2013-01-24,14.38
2026-10-05,2013-01-25,14.43
2026-10-05,2013-01-28,14.36
2026-10-05,2013-01-29,14.38
2026-10-05,2013-01-30,14.35
2026-10-05,2013-02-01,14.41
2026-10-05,2013-02-04,14.33
2026-10-05,2013-02-05,14.32
2026-10-05,2013-02-06,14.06
2026-10-05,2013-02-07,14.11
2026-10-05,2013-02-08,14.01
2026-10-05,2013-02-13,14.21
2026-10-05,2013-02-14,14.16
2026-10-05,2013-02-15,14.08
2026-10-05,2013-02-18,14.29
2026-10-05,2013-02-19,14.28
2026-10-05,2013-02-21,14.37
2026-10-05,2013-02-22,14.5
2026-10-05,2013-02-25,14.61
2026-10-05,2013-02-26,14.63
2026-10-05,2013-02-27,14.57
2026-10-05,2013-02-28,14.61
2026-10-05,2013-03-01,14.62
2026-10-05,2013-03-04,14.6
2026-10-05,2013-03-05,14.63
2026-10-05,2013-03-06,14.55
2026-10-05,2013-03-07,14.52
2026-10-05,2013-03-08,14.58
2026-10-05,2013-03-11,14.61
2026-10-05,2013-03-12,14.69
2026-10-05,2013-03-13,14.58
2026-10-05,2013-03-14,14.59
2026-10-05,2013-03-15,14.59
2026-10-05,2013-03-18,14.56
2026-10-05,2013-03-19,14.54
2026-10-05,2013-03-20,14.55
2026-10-05,2013-03-21,14.5
2026-10-05,2013-03-22,14.35
2026-10-05,2013-03-25,14.36
2026-10-05,2013-03-26,14.24
2026-10-05,2013-03-27,14.6
2026-10-05,2013-04-03,15.71
2026-10-05,2013-04-04,15.84
2026-10-05,2013-04-05,15.9
2026-10-05,2013-04-08,15.57
2026-10-05,2013-04-09,15.3
2026-10-05,2013-04-10,15.1
2026-10-05,2013-04-11,14.94
2026-10-05,2013-04-12,15
2026-10-05,2013-04-15,15.02
2026-10-05,2013-04-16,14.94
2026-10-05,2013-04-17,14.91
2026-10-05,2013-04-18,14.87
2026-10-05,2013-04-19,14.83
2026-10-05,2013-04-22,14.72
2026-10-05,2013-04-23,14.6
2026-10-05,2013-04-24,14.48
2026-10-05,2013-04-25,14.39
2026-10-05,2013-04-26,14.38
2026-10-05,2013-04-29,14.31
2026-10-05,2013-04-30,14.24
2026-10-05,2013-05-02,15.01
2026-10-05,2013-05-03,15.95
2026-10-05,2013-05-06,16.92
2026-10-05,2013-05-07,16.91
2026-10-05,2013-05-08,16.38
2026-10-05,2013-05-09,16.34
2026-10-05,2013-05-10,16.52
2026-10-05,2013-05-13,16.91
2026-10-05,2013-05-14,18.7
2026-10-05,2013-05-15,19.33
2026-10-05,2013-05-16,19.5
2026-10-05,2013-05-17,19.43
2026-10-05,2013-05-20,19.17
2026-10-05,2013-05-21,18.81
2026-10-05,2013-05-22,18.57
2026-10-05,2013-05-23,18.21
2026-10-05,2013-05-24,18.04
2026-10-05,2013-05-27,17.66
2026-10-05,2013-05-28,17.31
2026-10-05,2013-05-29,16.83
2026-10-05,2013-05-30,16.62
2026-10-05,2013-05-31,16.54
2026-10-05,2013-06-03,17.14
2026-10-05,2013-06-04,17.12
2026-10-05,2013-06-05,16.9
2026-10-05,2013-06-06,16.84
2026-10-05,2013-06-07,16.75
2026-10-05,2013-06-10,16.69
2026-10-05,2013-06-11,16.6
2026-10-05,2013-06-12,16.61
2026-10-05,2013-06-13,16.45
2026-10-05,2013-06-14,16.45
2026-10-05,2013-06-17,16.39
2026-10-05,2013-06-18,16.41
2026-10-05,2013-06-19,16.45
2026-10-05,2013-06-24,16.9
2026-10-05,2013-06-25,17.11
2026-10-05,2013-06-26,16.7
2026-10-05,2013-06-27,16.59
2026-10-05,2013-06-28,16.57
2026-10-05,2013-07-01,16.95
2026-10-05,2013-07-02,17.32
2026-10-05,2013-07-03,17.33
2026-10-05,2013-07-04,17.47
2026-10-05,2013-07-05,17.34
2026-10-05,2013-07-08,17.41
2026-10-05,2013-07-10,17.37
2026-10-05,2013-07-11,17.31
2026-10-05,2013-07-12,17.28
2026-10-05,2013-07-15,17.41
2026-10-05,2013-07-16,17.56
2026-10-05,2013-07-17,17.67
2026-10-05,2013-07-18,17.51
2026-10-05,2013-07-19,17.34
2026-10-05,2013-07-22,17.3
2026-10-05,2013-07-23,17.29
2026-10-05,2013-07-24,17.24
2026-10-05,2013-07-25,17.31
2026-10-05,2013-07-26,17.35
2026-10-05,2013-07-29,17.28
2026-10-05,2013-07-30,16.98
2026-10-05,2013-07-31,16.77
2026-10-05,2013-08-01,17
2026-10-05,2013-08-02,17.23
2026-10-05,2013-08-05,17.13
2026-10-05,2013-08-06,17.04
2026-10-05,2013-08-07,17.07
2026-10-05,2013-08-08,17.04
2026-10-05,2013-08-09,17.05
2026-10-05,2013-08-12,17.03
2026-10-05,2013-08-13,16.96
2026-10-05,2013-08-14,16.9
2026-10-05,2013-08-15,16.87
2026-10-05,2013-08-16,16.73
2026-10-05,2013-08-20,16.91
2026-10-05,2013-08-21,16.86
2026-10-05,2013-08-22,16.79
2026-10-05,2013-08-23,16.78
2026-10-05,2013-08-26,16.81
2026-10-05,2013-08-27,16.75
2026-10-05,2013-08-28,16.84
2026-10-05,2013-08-29,16.75
2026-10-05,2013-08-30,16.76
2026-10-05,2013-09-02,17.03
2026-10-05,2013-09-03,17.26
2026-10-05,2013-09-04,17.18
2026-10-05,2013-09-05,17.19
2026-10-05,2013-09-06,17.26
2026-10-05,2013-09-09,17.29
2026-10-05,2013-09-10,17.25
2026-10-05,2013-09-11,17.3
2026-10-05,2013-09-12,17.35
2026-10-05,2013-09-13,17.38
2026-10-05,2013-09-16,17.41
2026-10-05,2013-09-17,17.44
2026-10-05,2013-09-18,17.46
2026-10-05,2013-09-19,17.41
2026-10-05,2013-09-20,17.29
2026-10-05,2013-09-23,17.47
2026-10-05,2013-09-24,17.45
2026-10-05,2013-09-25,17.51
2026-10-05,2013-09-26,17.67
2026-10-05,2013-09-27,17.77
2026-10-05,2013-09-30,17.94
2026-10-05,2013-10-01,18.38
2026-10-05,2013-10-02,18.48
2026-10-05,2013-10-03,18.49
2026-10-05,2013-10-04,18.51
2026-10-05,2013-10-07,18.51
2026-10-05,2013-10-08,18.65
2026-10-05,2013-10-09,18.56
2026-10-05,2013-10-10,18.66
2026-10-05,2013-10-11,18.59
2026-10-05,2013-10-15,18.71
2026-10-05,2013-10-16,18.74
2026-10-05,2013-10-17,18.72
2026-10-05,2013-10-18,18.93
2026-10-05,2013-10-21,18.74
2026-10-05,2013-10-22,18.86
2026-10-05,2013-10-23,18.79
2026-10-05,2013-10-24,18.84
2026-10-05,2013-10-25,19
2026-10-05,2013-10-28,19
2026-10-05,2013-10-29,19.01
2026-10-05,2013-10-30,18.94
2026-10-05,2013-10-31,19.04
2026-10-05,2013-11-01,19.39
2026-10-05,2013-11-04,19.5
2026-10-05,2013-11-05,19.78
2026-10-05,2013-11-07,20.01
2026-10-05,2013-11-08,20.08
2026-10-05,2013-11-11,20.1
2026-10-05,2013-11-12,20.09
2026-10-05,2013-11-13,20.11
2026-10-05,2013-11-14,20.23
2026-10-05,2013-11-15,20.45
2026-10-05,2013-11-18,20.42
2026-10-05,2013-11-19,20.58
2026-10-05,2013-11-20,20.33
2026-10-05,2013-11-21,20.34
2026-10-05,2013-11-22,20.34
2026-10-05,2013-11-26,20.49
2026-10-05,2013-11-27,20.49
2026-10-05,2013-11-28,20.41
2026-10-05,2013-11-29,20.41
2026-10-05,2013-12-02,21.08
2026-10-05,2013-12-03,21.36
2026-10-05,2013-12-04,21.29
2026-10-05,2013-12-05,21.35
2026-10-05,2013-12-06,21.55
2026-10-05,2013-12-09,21.43
2026-10-05,2013-12-10,21.36
2026-10-05,2013-12-11,21.53
2026-10-05,2013-12-12,21.6
2026-10-05,2013-12-13,21.67
2026-10-05,2013-12-16,22
2026-10-05,2013-12-17,22.38
2026-10-05,2013-12-18,22.44
2026-10-05,2013-12-19,22.66
2026-10-05,2013-12-20,22.99
2026-10-05,2013-12-23,23.76
2026-10-05,2013-12-26,26.53
2026-10-05,2013-12-27,28.66
2026-10-05,2013-12-30,30.17
2026-10-05,2014-01-02,29.26
2026-10-05,2014-01-03,25.89
2026-10-05,2014-01-06,24.63
2026-10-05,2014-01-07,24.15
2026-10-05,2014-01-08,24.07
2026-10-05,2014-01-09,22.83
2026-10-05,2014-01-10,22.37
2026-10-05,2014-01-13,22.22
2026-10-05,2014-01-14,22.24
2026-10-05,2014-01-15,22.43
2026-10-05,2014-01-16,22.46
2026-10-05,2014-01-17,22.68
2026-10-05,2014-01-20,22.46
2026-10-05,2014-01-21,22.56
2026-10-05,2014-01-22,22.46
2026-10-05,2014-01-23,22.79
2026-10-05,2014-01-24,23.12
2026-10-05,2014-01-27,24.11
2026-10-05,2014-01-28,24.64
2026-10-05,2014-01-29,25
2026-10-05,2014-01-30,25.34
2026-10-05,2014-01-31,25.96
2026-10-05,2014-02-03,26.19
2026-10-05,2014-02-04,26.04
2026-10-05,2014-02-05,26.14
2026-10-05,2014-02-06,26.14
2026-10-05,2014-02-07,26.31
2026-10-05,2014-02-10,26
2026-10-05,2014-02-11,26.14
2026-10-05,2014-02-12,25.84
2026-10-05,2014-02-13,25.99
2026-10-05,2014-02-14,25.91
2026-10-05,2014-02-17,25.78
2026-10-05,2014-02-18,25.88
2026-10-05,2014-02-19,25.81
2026-10-05,2014-02-20,25.61
2026-10-05,2014-02-21,25.59
2026-10-05,2014-02-24,25.55
2026-10-05,2014-02-25,25.04
2026-10-05,2014-02-26,24.95
2026-10-05,2014-02-27,25
2026-10-05,2014-02-28,28.54
2026-10-05,2014-03-05,28.78
2026-10-05,2014-03-06,29.55
2026-10-05,2014-03-07,28.75
2026-10-05,2014-03-10,28.29
2026-10-05,2014-03-11,27.95
2026-10-05,2014-03-12,27.67
2026-10-05,2014-03-13,27.24
2026-10-05,2014-03-14,27.8
2026-10-05,2014-03-17,27.81
2026-10-05,2014-03-18,27.72
2026-10-05,2014-03-19,27.59
2026-10-05,2014-03-20,27.52
2026-10-05,2014-03-21,27.21
2026-10-05,2014-03-25,26.15
2026-10-05,2014-03-26,25.53
2026-10-05,2014-03-27,25.34
2026-10-05,2014-03-28,24.91
2026-10-05,2014-03-31,24.98
2026-10-05,2014-04-01,25.8
2026-10-05,2014-04-03,25.92
2026-10-05,2014-04-04,25.65
2026-10-05,2014-04-07,25.5
2026-10-05,2014-04-08,25.2
2026-10-05,2014-04-09,25.15
2026-10-05,2014-04-10,25.12
2026-10-05,2014-04-11,24.85
2026-10-05,2014-04-14,24.97
2026-10-05,2014-04-15,24.95
2026-10-05,2014-04-16,24.73
2026-10-05,2014-04-21,24.52
2026-10-05,2014-04-22,24.39
2026-10-05,2014-04-23,23.85
2026-10-05,2014-04-24,23.65
2026-10-05,2014-04-25,23.56
2026-10-05,2014-04-28,23.34
2026-10-05,2014-04-29,23.16
2026-10-05,2014-04-30,23.64
2026-10-05,2014-05-05,23.96
2026-10-05,2014-05-06,24.08
2026-10-05,2014-05-07,23.75
2026-10-05,2014-05-08,23.65
2026-10-05,2014-05-09,23.8
2026-10-05,2014-05-12,23.42
2026-10-05,2014-05-13,23.1
2026-10-05,2014-05-14,25.12
2026-10-05,2014-05-15,25.7
2026-10-05,2014-05-16,25.36
2026-10-05,2014-05-19,25.2
2026-10-05,2014-05-20,25.09
2026-10-05,2014-05-21,24.65
2026-10-05,2014-05-22,24.59
2026-10-05,2014-05-23,24.63
2026-10-05,2014-05-26,24.49
2026-10-05,2014-05-27,23.64
2026-10-05,2014-05-28,23.2
2026-10-05,2014-05-29,22.4
2026-10-05,2014-05-30,22.26
2026-10-05,2014-06-02,22.64
2026-10-05,2014-06-03,22.55
2026-10-05,2014-06-04,22.32
2026-10-05,2014-06-05,22.35
2026-10-05,2014-06-06,22.38
2026-10-05,2014-06-09,22.17
2026-10-05,2014-06-10,21.85
2026-10-05,2014-06-11,21.68
2026-10-05,2014-06-12,21.43
2026-10-05,2014-06-13,21.88
2026-10-05,2014-06-16,24.97
2026-10-05,2014-06-17,28.66
2026-10-05,2014-06-18,29.86
2026-10-05,2014-06-19,29.94
2026-10-05,2014-06-23,28.74
2026-10-05,2014-06-24,31.11
2026-10-05,2014-06-25,32.77
2026-10-05,2014-06-26,32.39
2026-10-05,2014-06-27,31.07
2026-10-05,2014-06-30,25.89
2026-10-05,2014-07-01,25.36
2026-10-05,2014-07-02,25.23
2026-10-05,2014-07-03,24.09
2026-10-05,2014-07-04,23
2026-10-05,2014-07-07,22.47
2026-10-05,2014-07-08,21.6
2026-10-05,2014-07-10,22.21
2026-10-05,2014-07-11,22.21
2026-10-05,2014-07-14,21.93
2026-10-05,2014-07-15,21.97
2026-10-05,2014-07-16,22.8
2026-10-05,2014-07-17,22.19
2026-10-05,2014-07-18,21.47
2026-10-05,2014-07-21,20.97
2026-10-05,2014-07-22,20.59
2026-10-05,2014-07-23,20.43
2026-10-05,2014-07-24,20.22
2026-10-05,2014-07-25,19.77
2026-10-05,2014-07-28,19.6
2026-10-05,2014-07-29,18.94
2026-10-05,2014-07-30,18.77
2026-10-05,2014-07-31,18.9
2026-10-05,2014-08-01,21.22
2026-10-05,2014-08-04,22.7
2026-10-05,2014-08-05,23.12
2026-10-05,2014-08-06,23.63
2026-10-05,2014-08-07,25.97
2026-10-05,2014-08-08,25.65
2026-10-05,2014-08-11,26.19
2026-10-05,2014-08-12,25.76
2026-10-05,2014-08-13,25.59
2026-10-05,2014-08-14,26.66
2026-10-05,2014-08-15,28.55
2026-10-05,2014-08-19,29.27
2026-10-05,2014-08-20,26.36
2026-10-05,2014-08-21,22.25
2026-10-05,2014-08-22,20.98
2026-10-05,2014-08-25,20.12
2026-10-05,2014-08-26,19.1
2026-10-05,2014-08-27,18.1
2026-10-05,2014-08-28,17.56
2026-10-05,2014-08-29,17.52
2026-10-05,2014-09-01,22.18
2026-10-05,2014-09-02,22.14
2026-10-05,2014-09-03,21.17
2026-10-05,2014-09-04,19.46
2026-10-05,2014-09-05,19.07
2026-10-05,2014-09-08,18.92
2026-10-05,2014-09-09,18.42
2026-10-05,2014-09-10,18.53
2026-10-05,2014-09-11,18.49
2026-10-05,2014-09-12,18.6
2026-10-05,2014-09-15,18.27
2026-10-05,2014-09-16,18.05
2026-10-05,2014-09-17,21.47
2026-10-05,2014-09-18,19.84
2026-10-05,2014-09-19,18.96
2026-10-05,2014-09-22,18.75
2026-10-05,2014-09-23,18.46
2026-10-05,2014-09-24,17.85
2026-10-05,2014-09-25,17.4
2026-10-05,2014-09-26,17.22
2026-10-05,2014-09-29,16.95
2026-10-05,2014-09-30,16.74
2026-10-05,2014-10-01,21.85
2026-10-05,2014-10-02,23.63
2026-10-05,2014-10-03,25.86
2026-10-05,2014-10-06,28.09
2026-10-05,2014-10-07,29.58
2026-10-05,2014-10-08,27.48
2026-10-05,2014-10-09,28.76
2026-10-05,2014-10-10,31.26
2026-10-05,2014-10-14,31.85
2026-10-05,2014-10-15,30.4
2026-10-05,2014-10-16,30.44
2026-10-05,2014-10-17,30.12
2026-10-05,2014-10-20,27.17
2026-10-05,2014-10-21,24.74
2026-10-05,2014-10-22,23.25
2026-10-05,2014-10-23,21.69
2026-10-05,2014-10-24,21
2026-10-05,2014-10-27,20.04
2026-10-05,2014-10-28,19.12
2026-10-05,2014-10-29,18.66
2026-10-05,2014-10-30,17.82
2026-10-05,2014-10-31,18.75
2026-10-05,2014-11-03,21.84
2026-10-05,2014-11-04,22.06
2026-10-05,2014-11-05,22.31
2026-10-05,2014-11-07,23.21
2026-10-05,2014-11-10,22.37
2026-10-05,2014-11-11,22.05
2026-10-05,2014-11-12,21.83
2026-10-05,2014-11-13,21.52
2026-10-05,2014-11-14,22.45
2026-10-05,2014-11-17,23.68
2026-10-05,2014-11-18,23.45
2026-10-05,2014-11-19,23.46
2026-10-05,2014-11-20,23.61
2026-10-05,2014-11-21,23.83
2026-10-05,2014-11-25,24.3
2026-10-05,2014-11-26,24.38
2026-10-05,2014-11-27,24.15
2026-10-05,2014-11-28,22.96
2026-10-05,2014-12-01,24.34
2026-10-05,2014-12-02,23.93
2026-10-05,2014-12-03,23.35
2026-10-05,2014-12-04,22.79
2026-10-05,2014-12-05,23.1
2026-10-05,2014-12-09,23.5
2026-10-05,2014-12-10,23.7
2026-10-05,2014-12-11,24.09
2026-10-05,2014-12-12,24.49
2026-10-05,2014-12-15,24.52
2026-10-05,2014-12-16,24.5
2026-10-05,2014-12-17,24.61
2026-10-05,2014-12-18,24.44
2026-10-05,2014-12-19,24.2
2026-10-05,2014-12-22,24.41
2026-10-05,2014-12-23,25.25
2026-10-05,2014-12-24,25.57
2026-10-05,2014-12-29,24.9
2026-10-05,2014-12-30,26.61
2026-10-05,2015-01-02,25.89
2026-10-05,2015-01-05,25.11
2026-10-05,2015-01-06,24.16
2026-10-05,2015-01-07,23.86
2026-10-05,2015-01-08,23.64
2026-10-05,2015-01-09,23.71
2026-10-05,2015-01-12,25.02
2026-10-05,2015-01-13,25.96
2026-10-05,2015-01-14,26.14
2026-10-05,2015-01-15,26.47
2026-10-05,2015-01-16,26.22
2026-10-05,2015-01-19,25.45
2026-10-05,2015-01-20,24.82
2026-10-05,2015-01-21,25.62
2026-10-05,2015-01-22,26.19
2026-10-05,2015-01-23,26.26
2026-10-05,2015-01-26,26.58
2026-10-05,2015-01-27,27.26
2026-10-05,2015-01-28,26.92
2026-10-05,2015-01-29,26.48
2026-10-05,2015-01-30,26.37
2026-10-05,2015-02-02,26.4
2026-10-05,2015-02-03,25.67
2026-10-05,2015-02-04,25.66
2026-10-05,2015-02-05,25.57
2026-10-05,2015-02-06,25.34
2026-10-05,2015-02-09,25.31
2026-10-05,2015-02-10,25.37
2026-10-05,2015-02-11,25.46
2026-10-05,2015-02-12,25.47
2026-10-05,2015-02-13,26.25
2026-10-05,2015-02-18,26.18
2026-10-05,2015-02-19,26.02
2026-10-05,2015-02-20,24.81
2026-10-05,2015-02-23,23.47
2026-10-05,2015-02-24,22.49
2026-10-05,2015-02-25,20.96
2026-10-05,2015-02-26,20.03
2026-10-05,2015-02-27,19.13
2026-10-05,2015-03-02,23.72
2026-10-05,2015-03-03,23.62
2026-10-05,2015-03-04,24.35
2026-10-05,2015-03-05,24.8
2026-10-05,2015-03-06,25.1
2026-10-05,2015-03-09,24.95
2026-10-05,2015-03-10,25.18
2026-10-05,2015-03-11,25.7
2026-10-05,2015-03-12,26.02
2026-10-05,2015-03-13,26.01
2026-10-05,2015-03-16,25.85
2026-10-05,2015-03-17,25.76
2026-10-05,2015-03-18,24.74
2026-10-05,2015-03-19,24.51
2026-10-05,2015-03-20,23.73
2026-10-05,2015-03-25,22.21
2026-10-05,2015-03-26,20.89
2026-10-05,2015-03-27,20.31
2026-10-05,2015-03-30,20.22
2026-10-05,2015-03-31,19.56
2026-10-05,2015-04-01,24.79
2026-10-05,2015-04-06,25.05
2026-10-05,2015-04-07,24.8
2026-10-05,2015-04-08,23.67
2026-10-05,2015-04-09,23.01
2026-10-05,2015-04-10,22.69
2026-10-05,2015-04-13,22.73
2026-10-05,2015-04-14,22.75
2026-10-05,2015-04-15,22.53
2026-10-05,2015-04-16,21.53
2026-10-05,2015-04-17,20.03
2026-10-05,2015-04-20,19.64
2026-10-05,2015-04-21,18.93
2026-10-05,2015-04-22,18.54
2026-10-05,2015-04-23,18.04
2026-10-05,2015-04-24,17.58
2026-10-05,2015-04-27,17.35
2026-10-05,2015-04-28,17.15
2026-10-05,2015-04-29,17.23
2026-10-05,2015-04-30,19.91
2026-10-05,2015-05-04,20.7
2026-10-05,2015-05-05,19.89
2026-10-05,2015-05-06,19.43
2026-10-05,2015-05-07,19.2
2026-10-05,2015-05-08,20.84
2026-10-05,2015-05-11,21.06
2026-10-05,2015-05-12,24.06
2026-10-05,2015-05-13,25.79
2026-10-05,2015-05-14,26.78
2026-10-05,2015-05-15,27.27
2026-10-05,2015-05-18,26.85
2026-10-05,2015-05-19,25.62
2026-10-05,2015-05-20,24.52
2026-10-05,2015-05-21,24.85
2026-10-05,2015-05-22,28.55
2026-10-05,2015-05-26,31.78
2026-10-05,2015-05-27,27.84
2026-10-05,2015-05-28,24.01
2026-10-05,2015-05-29,23.7
2026-10-05,2015-06-01,24.31
2026-10-05,2015-06-02,24.12
2026-10-05,2015-06-03,23.8
2026-10-05,2015-06-04,23.56
2026-10-05,2015-06-05,23.23
2026-10-05,2015-06-08,22.33
2026-10-05,2015-06-09,22.15
2026-10-05,2015-06-10,21.57
2026-10-05,2015-06-11,20.44
2026-10-05,2015-06-12,20.28
2026-10-05,2015-06-15,19.94
2026-10-05,2015-06-16,19.19
2026-10-05,2015-06-17,18.61
2026-10-05,2015-06-18,18.01
2026-10-05,2015-06-19,17.62
2026-10-05,2015-06-22,17.09
2026-10-05,2015-06-23,17.03
2026-10-05,2015-06-24,19.72
2026-10-05,2015-06-25,19.16
2026-10-05,2015-06-26,18.92
2026-10-05,2015-06-29,18.31
2026-10-05,2015-06-30,18.73
2026-10-05,2015-07-01,22.44
2026-10-05,2015-07-02,22.01
2026-10-05,2015-07-03,22.53
2026-10-05,2015-07-06,22.69
2026-10-05,2015-07-07,23.28
2026-10-05,2015-07-08,23.37
2026-10-05,2015-07-10,25.31
2026-10-05,2015-07-13,27.31
2026-10-05,2015-07-14,28.26
2026-10-05,2015-07-15,29.43
2026-10-05,2015-07-16,30.38
2026-10-05,2015-07-17,30.03
2026-10-05,2015-07-20,29.38
2026-10-05,2015-07-21,29.54
2026-10-05,2015-07-22,28.59
2026-10-05,2015-07-23,27.78
2026-10-05,2015-07-24,27.75
2026-10-05,2015-07-27,27.59
2026-10-05,2015-07-28,25.94
2026-10-05,2015-07-29,23.48
2026-10-05,2015-07-30,22.72
2026-10-05,2015-07-31,24.28
2026-10-05,2015-08-03,26.21
2026-10-05,2015-08-04,25.26
2026-10-05,2015-08-05,25.22
2026-10-05,2015-08-06,25.23
2026-10-05,2015-08-07,24.92
2026-10-05,2015-08-10,24.75
2026-10-05,2015-08-11,24.23
2026-10-05,2015-08-12,23.77
2026-10-05,2015-08-13,23.38
2026-10-05,2015-08-14,22.89
2026-10-05,2015-08-18,23.63
2026-10-05,2015-08-19,24
2026-10-05,2015-08-20,24.38
2026-10-05,2015-08-21,25.07
2026-10-05,2015-08-24,25.33
2026-10-05,2015-08-25,25.86
2026-10-05,2015-08-26,27.32
2026-10-05,2015-08-27,28.94
2026-10-05,2015-08-28,27.7
2026-10-05,2015-08-31,24.74
2026-10-05,2015-09-01,25.65
2026-10-05,2015-09-02,26.14
2026-10-05,2015-09-03,25.89
2026-10-05,2015-09-04,25.25
2026-10-05,2015-09-07,25.64
2026-10-05,2015-09-08,25.93
2026-10-05,2015-09-09,25.98
2026-10-05,2015-09-10,25.96
2026-10-05,2015-09-11,26.16
2026-10-05,2015-09-14,26.41
2026-10-05,2015-09-15,25.66
2026-10-05,2015-09-16,25.13
2026-10-05,2015-09-17,24.63
2026-10-05,2015-09-18,23.72
2026-10-05,2015-09-21,23.63
2026-10-05,2015-09-22,23.42
2026-10-05,2015-09-23,22.47
2026-10-05,2015-09-24,22.02
2026-10-05,2015-09-25,22.04
2026-10-05,2015-09-28,21.82
2026-10-05,2015-09-29,22.08
2026-10-05,2015-09-30,21.77
2026-10-05,2015-10-01,25.5
2026-10-05,2015-10-02,25.43
2026-10-05,2015-10-05,25.66
2026-10-05,2015-10-06,25.58
2026-10-05,2015-10-07,25.45
2026-10-05,2015-10-08,25.21
2026-10-05,2015-10-09,26.44
2026-10-05,2015-10-13,27.6
2026-10-05,2015-10-14,30.7
2026-10-05,2015-10-15,31.45
2026-10-05,2015-10-16,31.93
2026-10-05,2015-10-19,31.47
2026-10-05,2015-10-20,30.75
2026-10-05,2015-10-21,30.19
2026-10-05,2015-10-22,28.24
2026-10-05,2015-10-23,28.15
2026-10-05,2015-10-26,26.43
2026-10-05,2015-10-27,29.39
2026-10-05,2015-10-28,27.15
2026-10-05,2015-10-29,25.26
2026-10-05,2015-10-30,25.1
2026-10-05,2015-11-02,27.25
2026-10-05,2015-11-03,27.16
2026-10-05,2015-11-04,27.27
2026-10-05,2015-11-05,26.49
2026-10-05,2015-11-09,25.63
2026-10-05,2015-11-10,25.32
2026-10-05,2015-11-11,25.86
2026-10-05,2015-11-12,25.35
2026-10-05,2015-11-13,25.61
2026-10-05,2015-11-16,25.53
2026-10-05,2015-11-17,25.37
2026-10-05,2015-11-18,25.25
2026-10-05,2015-11-19,25.12
2026-10-05,2015-11-20,25.15
2026-10-05,2015-11-23,25.06
2026-10-05,2015-11-24,24.96
2026-10-05,2015-11-25,25.14
2026-10-05,2015-11-26,24.77
2026-10-05,2015-11-30,24.62
2026-10-05,2015-12-01,30
2026-10-05,2015-12-02,31.04
2026-10-05,2015-12-03,31.29
2026-10-05,2015-12-04,31.02
2026-10-05,2015-12-09,29.47
2026-10-05,2015-12-10,29
2026-10-05,2015-12-11,29.83
2026-10-05,2015-12-14,29.7
2026-10-05,2015-12-15,35.3
2026-10-05,2015-12-16,36.99
2026-10-05,2015-12-17,35.53
2026-10-05,2015-12-18,31.98
2026-10-05,2015-12-21,30.12
2026-10-05,2015-12-22,29.43
2026-10-05,2015-12-23,28.68
2026-10-05,2015-12-24,28.36
2026-10-05,2015-12-28,27.51
2026-10-05,2015-12-29,26.95
2026-10-05,2015-12-30,27.79
2026-10-05,2015-12-31,27.87
2026-10-05,2016-01-04,26.59
2026-10-05,2016-01-05,26.5
2026-10-05,2016-01-06,26.55
2026-10-05,2016-01-07,26.43
2026-10-05,2016-01-08,25.73
2026-10-05,2016-01-11,25.27
2026-10-05,2016-01-12,25.27
2026-10-05,2016-01-13,26.51
2026-10-05,2016-01-14,28.68
2026-10-05,2016-01-15,30.32
2026-10-05,2016-01-18,31.28
2026-10-05,2016-01-19,32.42
2026-10-05,2016-01-20,33.66
2026-10-05,2016-01-21,34.4
2026-10-05,2016-01-22,34.29
2026-10-05,2016-01-25,33.43
2026-10-05,2016-01-26,32.03
2026-10-05,2016-01-27,28.42
2026-10-05,2016-01-28,26.69
2026-10-05,2016-01-29,26.47
2026-10-05,2016-02-01,25.6
2026-10-05,2016-02-02,25.21
2026-10-05,2016-02-03,26.11
2026-10-05,2016-02-04,24.6
2026-10-05,2016-02-05,23.51
2026-10-05,2016-02-10,25.34
2026-10-05,2016-02-11,27.62
2026-10-05,2016-02-12,26.65
2026-10-05,2016-02-15,26.31
2026-10-05,2016-02-16,25.78
2026-10-05,2016-02-17,29.63
2026-10-05,2016-02-18,31.75
2026-10-05,2016-02-19,31.87
2026-10-05,2016-02-22,30.84
2026-10-05,2016-02-23,29.98
2026-10-05,2016-02-24,29.69
2026-10-05,2016-02-25,27.54
2026-10-05,2016-02-26,25.37
2026-10-05,2016-02-29,30.1
2026-10-05,2016-03-01,34.67
2026-10-05,2016-03-02,34.35
2026-10-05,2016-03-03,34.59
2026-10-05,2016-03-04,35.74
2026-10-05,2016-03-07,36
2026-10-05,2016-03-08,36.3
2026-10-05,2016-03-09,37.31
2026-10-05,2016-03-10,38.05
2026-10-05,2016-03-11,38.38
2026-10-05,2016-03-14,40.09
2026-10-05,2016-03-15,42.36
2026-10-05,2016-03-16,40.6
2026-10-05,2016-03-17,40.61
2026-10-05,2016-03-18,40.57
2026-10-05,2016-03-21,38.92
2026-10-05,2016-03-22,39.99
2026-10-05,2016-03-23,40.07
2026-10-05,2016-03-28,37.95
2026-10-05,2016-03-29,35.75
2026-10-05,2016-03-30,34.64
2026-10-05,2016-03-31,34.85
2026-10-05,2016-04-01,37.21
2026-10-05,2016-04-04,37.01
2026-10-05,2016-04-05,37.17
2026-10-05,2016-04-06,38.47
2026-10-05,2016-04-07,38.32
2026-10-05,2016-04-08,38.31
2026-10-05,2016-04-11,38.44
2026-10-05,2016-04-12,39.74
2026-10-05,2016-04-13,39.6
2026-10-05,2016-04-14,39.44
2026-10-05,2016-04-15,39.31
2026-10-05,2016-04-18,38.63
2026-10-05,2016-04-19,38.93
2026-10-05,2016-04-20,38.9
2026-10-05,2016-04-21,39.5
2026-10-05,2016-04-22,39.53
2026-10-05,2016-04-25,39.31
2026-10-05,2016-04-26,40.18
2026-10-05,2016-04-27,39.61
2026-10-05,2016-04-28,38.51
2026-10-05,2016-04-29,37.55
2026-10-05,2016-05-02,38.63
2026-10-05,2016-05-03,39.18
2026-10-05,2016-05-04,38.97
2026-10-05,2016-05-05,39.33
2026-10-05,2016-05-06,39.18
2026-10-05,2016-05-09,38.87
2026-10-05,2016-05-10,37.95
2026-10-05,2016-05-11,38.37
2026-10-05,2016-05-12,38.14
2026-10-05,2016-05-13,37.8
2026-10-05,2016-05-16,37.78
2026-10-05,2016-05-17,37.61
2026-10-05,2016-05-18,37.4
2026-10-05,2016-05-19,36.74
2026-10-05,2016-05-20,36.12
2026-10-05,2016-05-23,35.58
2026-10-05,2016-05-24,35.38
2026-10-05,2016-05-26,35.01
2026-10-05,2016-05-27,34.73
2026-10-05,2016-05-30,34.26
2026-10-05,2016-05-31,34.38
2026-10-05,2016-06-01,37.43
2026-10-05,2016-06-02,37.78
2026-10-05,2016-06-03,38.08
2026-10-05,2016-06-06,37.32
2026-10-05,2016-06-07,37.4
2026-10-05,2016-06-08,35.58
2026-10-05,2016-06-09,35.04
2026-10-05,2016-06-10,35.34
2026-10-05,2016-06-13,35.31
2026-10-05,2016-06-14,35.65
2026-10-05,2016-06-15,35.32
2026-10-05,2016-06-16,33.86
2026-10-05,2016-06-21,32.99
2026-10-05,2016-06-22,31.86
2026-10-05,2016-06-23,31.38
2026-10-05,2016-06-24,31.37
2026-10-05,2016-06-27,31.39
2026-10-05,2016-06-28,31.24
2026-10-05,2016-06-29,30.67
2026-10-05,2016-06-30,30.49
2026-10-05,2016-07-01,30.46
2026-10-05,2016-07-04,30.33
2026-10-05,2016-07-05,30.91
2026-10-05,2016-07-06,31.02
2026-10-05,2016-07-07,30.78
2026-10-05,2016-07-11,30.47
2026-10-05,2016-07-12,30.76
2026-10-05,2016-07-13,30.99
2026-10-05,2016-07-14,31.17
2026-10-05,2016-07-15,31.02
2026-10-05,2016-07-18,30.78
2026-10-05,2016-07-19,31.05
2026-10-05,2016-07-20,31.04
2026-10-05,2016-07-21,30.82
2026-10-05,2016-07-22,30.84
2026-10-05,2016-07-25,30.9
2026-10-05,2016-07-26,31.27
2026-10-05,2016-07-27,30.68
2026-10-05,2016-07-28,29.97
2026-10-05,2016-07-29,29.57
2026-10-05,2016-08-01,29.7
2026-10-05,2016-08-02,29.63
2026-10-05,2016-08-03,29.86
2026-10-05,2016-08-04,30.12
2026-10-05,2016-08-05,30.47
2026-10-05,2016-08-08,30.25
2026-10-05,2016-08-09,31.07
2026-10-05,2016-08-10,31.12
2026-10-05,2016-08-11,30.94
2026-10-05,2016-08-12,30.69
2026-10-05,2016-08-16,30.44
2026-10-05,2016-08-17,30.52
2026-10-05,2016-08-18,30.52
2026-10-05,2016-08-19,30.33
2026-10-05,2016-08-22,30
2026-10-05,2016-08-23,29.97
2026-10-05,2016-08-24,29.94
2026-10-05,2016-08-25,29.81
2026-10-05,2016-08-26,29.61
2026-10-05,2016-08-29,28.86
2026-10-05,2016-08-30,28.7
2026-10-05,2016-08-31,28.29
2026-10-05,2016-09-01,28.99
2026-10-05,2016-09-02,29.01
2026-10-05,2016-09-05,28.46
2026-10-05,2016-09-06,29.04
2026-10-05,2016-09-07,28.86
2026-10-05,2016-09-08,28.56
2026-10-05,2016-09-09,28.59
2026-10-05,2016-09-12,29.03
2026-10-05,2016-09-13,30.48
2026-10-05,2016-09-14,29.59
2026-10-05,2016-09-15,29.26
2026-10-05,2016-09-16,29.26
2026-10-05,2016-09-19,28.79
2026-10-05,2016-09-20,28.64
2026-10-05,2016-09-21,28.09
2026-10-05,2016-09-22,27.86
2026-10-05,2016-09-23,27.74
2026-10-05,2016-09-26,27.74
2026-10-05,2016-09-27,28.46
2026-10-05,2016-09-28,27.45
2026-10-05,2016-09-29,26.29
2026-10-05,2016-09-30,26.5
2026-10-05,2016-10-03,27.84
2026-10-05,2016-10-04,27.83
2026-10-05,2016-10-05,27.46
2026-10-05,2016-10-06,27.76
2026-10-05,2016-10-07,27.99
2026-10-05,2016-10-11,27.74
2026-10-05,2016-10-12,27.69
2026-10-05,2016-10-13,27.63
2026-10-05,2016-10-14,27.5
2026-10-05,2016-10-17,27.37
2026-10-05,2016-10-18,27.69
2026-10-05,2016-10-19,27.62
2026-10-05,2016-10-20,27.52
2026-10-05,2016-10-21,27.46
2026-10-05,2016-10-24,27.47
2026-10-05,2016-10-25,27.47
2026-10-05,2016-10-26,27.07
2026-10-05,2016-10-27,26.82
2026-10-05,2016-10-28,26.49
2026-10-05,2016-10-31,25.96
2026-10-05,2016-11-01,26.38
2026-10-05,2016-11-02,26.61
2026-10-05,2016-11-03,26.59
2026-10-05,2016-11-04,26.58
2026-10-05,2016-11-07,26.58
2026-10-05,2016-11-08,26.78
2026-10-05,2016-11-09,27.54
2026-10-05,2016-11-10,28.16
2026-10-05,2016-11-11,29.5
2026-10-05,2016-11-14,30.22
2026-10-05,2016-11-15,30.42
2026-10-05,2016-11-16,27.93
2026-10-05,2016-11-17,26.77
2026-10-05,2016-11-18,26.19
2026-10-05,2016-11-21,25.83
2026-10-05,2016-11-22,25.83
2026-10-05,2016-11-23,26.13
2026-10-05,2016-11-24,26.85
2026-10-05,2016-11-25,27.83
2026-10-05,2016-11-29,26.33
2026-10-05,2016-11-30,25.4
2026-10-05,2016-12-01,25.36
2026-10-05,2016-12-02,25.26
2026-10-05,2016-12-05,26.11
2026-10-05,2016-12-06,26
2026-10-05,2016-12-07,25.69
2026-10-05,2016-12-12,25.12
2026-10-05,2016-12-13,25.5
2026-10-05,2016-12-14,25.64
2026-10-05,2016-12-15,25.46
2026-10-05,2016-12-16,25.41
2026-10-05,2016-12-19,25.36
2026-10-05,2016-12-20,25.76
2026-10-05,2016-12-21,25.58
2026-10-05,2016-12-22,25.57
2026-10-05,2016-12-23,25.78
2026-10-05,2016-12-26,27.28
2026-10-05,2016-12-27,27.07
2026-10-05,2016-12-28,27.23
2026-10-05,2016-12-29,26.89
2026-10-05,2016-12-30,26.9
2026-10-05,2017-01-02,26.21
2026-10-05,2017-01-03,25.77
2026-10-05,2017-01-04,25.73
2026-10-05,2017-01-05,25.13
2026-10-05,2017-01-06,25.11
2026-10-05,2017-01-09,25.02
2026-10-05,2017-01-10,25.1
2026-10-05,2017-01-11,25.09
2026-10-05,2017-01-12,25.08
2026-10-05,2017-01-13,25.17
2026-10-05,2017-01-16,25.15
2026-10-05,2017-01-17,25.21
2026-10-05,2017-01-18,25.25
2026-10-05,2017-01-19,25.36
2026-10-05,2017-01-20,25.12
2026-10-05,2017-01-23,25.41
2026-10-05,2017-01-24,25.49
2026-10-05,2017-01-25,25.84
2026-10-05,2017-01-26,25.82
2026-10-05,2017-01-27,25.75
2026-10-05,2017-01-30,25.65
2026-10-05,2017-01-31,25.62
2026-10-05,2017-02-01,25.67
2026-10-05,2017-02-02,25.54
2026-10-05,2017-02-03,25.51
2026-10-05,2017-02-06,25.43
2026-10-05,2017-02-07,25.31
2026-10-05,2017-02-08,25.12
2026-10-05,2017-02-09,24.97
2026-10-05,2017-02-10,25.01
2026-10-05,2017-02-13,24.93
2026-10-05,2017-02-14,24.92
2026-10-05,2017-02-15,24.96
2026-10-05,2017-02-16,24.91
2026-10-05,2017-02-17,24.95
2026-10-05,2017-02-20,24.5
2026-10-05,2017-02-21,24.51
2026-10-05,2017-02-22,24.42
2026-10-05,2017-02-23,24.44
2026-10-05,2017-02-24,24.34
2026-10-05,2017-03-01,24.41
2026-10-05,2017-03-02,24.53
2026-10-05,2017-03-03,24.51
2026-10-05,2017-03-06,24.44
2026-10-05,2017-03-07,24.43
2026-10-05,2017-03-08,24.34
2026-10-05,2017-03-09,24.28
2026-10-05,2017-03-10,24.32
2026-10-05,2017-03-13,24.29
2026-10-05,2017-03-14,24.31
2026-10-05,2017-03-15,24.42
2026-10-05,2017-03-16,24.27
2026-10-05,2017-03-17,24.26
2026-10-05,2017-03-20,24.05
2026-10-05,2017-03-21,24.06
2026-10-05,2017-03-22,24.02
2026-10-05,2017-03-23,24.03
2026-10-05,2017-03-27,24.2
2026-10-05,2017-03-28,24.17
2026-10-05,2017-03-29,24.07
2026-10-05,2017-03-30,24.12
2026-10-05,2017-03-31,24.26
2026-10-05,2017-04-03,24.25
2026-10-05,2017-04-04,24.47
2026-10-05,2017-04-05,24.38
2026-10-05,2017-04-06,24.26
2026-10-05,2017-04-07,24.26
2026-10-05,2017-04-10,24.25
2026-10-05,2017-04-11,24.24
2026-10-05,2017-04-12,25.1
2026-10-05,2017-04-17,25.47
2026-10-05,2017-04-18,25.63
2026-10-05,2017-04-19,25.61
2026-10-05,2017-04-20,25.4
2026-10-05,2017-04-21,25.47
2026-10-05,2017-04-24,25.48
2026-10-05,2017-04-25,25.5
2026-10-05,2017-04-26,25.36
2026-10-05,2017-04-27,25.43
2026-10-05,2017-04-28,25.25
2026-10-05,2017-05-02,25.33
2026-10-05,2017-05-03,25.45
2026-10-05,2017-05-04,25.44
2026-10-05,2017-05-05,25.41
2026-10-05,2017-05-08,25.5
2026-10-05,2017-05-09,25.58
2026-10-05,2017-05-10,25.61
2026-10-05,2017-05-11,25.56
2026-10-05,2017-05-12,25.53
2026-10-05,2017-05-15,25.5
2026-10-05,2017-05-16,25.56
2026-10-05,2017-05-17,25.42
2026-10-05,2017-05-18,25.47
2026-10-05,2017-05-19,25.63
2026-10-05,2017-05-22,25.38
2026-10-05,2017-05-23,25.57
2026-10-05,2017-05-24,25.48
2026-10-05,2017-05-26,25.61
2026-10-05,2017-05-29,25.63
2026-10-05,2017-05-30,25.7
2026-10-05,2017-05-31,25.6
2026-10-05,2017-06-01,25.65
2026-10-05,2017-06-02,25.68
2026-10-05,2017-06-05,25.72
2026-10-05,2017-06-06,25.65
2026-10-05,2017-06-07,25.58
2026-10-05,2017-06-08,25.73
2026-10-05,2017-06-09,25.81
2026-10-05,2017-06-12,25.7
2026-10-05,2017-06-13,25.59
2026-10-05,2017-06-14,25.67
2026-10-05,2017-06-15,25.48
2026-10-05,2017-06-16,25.59
2026-10-05,2017-06-19,25.58
2026-10-05,2017-06-21,25.71
2026-10-05,2017-06-22,25.66
2026-10-05,2017-06-23,25.67
2026-10-05,2017-06-26,25.71
2026-10-05,2017-06-27,25.74
2026-10-05,2017-06-28,25.75
2026-10-05,2017-06-29,25.52
2026-10-05,2017-06-30,25.71
2026-10-05,2017-07-03,25.86
2026-10-05,2017-07-04,25.72
2026-10-05,2017-07-05,25.52
2026-10-05,2017-07-06,25.67
2026-10-05,2017-07-07,25.71
2026-10-05,2017-07-10,25.82
2026-10-05,2017-07-11,25.79
2026-10-05,2017-07-12,25.82
2026-10-05,2017-07-13,25.83
2026-10-05,2017-07-14,26.37
2026-10-05,2017-07-17,27.18
2026-10-05,2017-07-18,27.83
2026-10-05,2017-07-19,26.64
2026-10-05,2017-07-20,26.48
2026-10-05,2017-07-21,26.5
2026-10-05,2017-07-24,26.43
2026-10-05,2017-07-25,26.54
2026-10-05,2017-07-26,26.49
2026-10-05,2017-07-27,26.56
2026-10-05,2017-07-28,26.43
2026-10-05,2017-07-31,26.9
2026-10-05,2017-08-01,26.97
2026-10-05,2017-08-02,26.83
2026-10-05,2017-08-03,26.8
2026-10-05,2017-08-04,26.86
2026-10-05,2017-08-07,26.71
2026-10-05,2017-08-08,26.75
2026-10-05,2017-08-09,26.81
2026-10-05,2017-08-10,26.96
2026-10-05,2017-08-11,27.47
2026-10-05,2017-08-14,27.69
2026-10-05,2017-08-15,28.05
2026-10-05,2017-08-16,27.11
2026-10-05,2017-08-17,26.74
2026-10-05,2017-08-18,26.62
2026-10-05,2017-08-22,26.32
2026-10-05,2017-08-23,26.46
2026-10-05,2017-08-24,26.46
2026-10-05,2017-08-25,26.59
2026-10-05,2017-08-28,26.73
2026-10-05,2017-08-29,26.77
2026-10-05,2017-08-30,26.48
2026-10-05,2017-08-31,26.64
2026-10-05,2017-09-01,27
2026-10-05,2017-09-04,26.98
2026-10-05,2017-09-05,27.36
2026-10-05,2017-09-06,27.48
2026-10-05,2017-09-07,27.49
2026-10-05,2017-09-08,27.49
2026-10-05,2017-09-11,27.45
2026-10-05,2017-09-12,27.49
2026-10-05,2017-09-13,27.85
2026-10-05,2017-09-14,28.09
2026-10-05,2017-09-15,28.09
2026-10-05,2017-09-18,28.2
2026-10-05,2017-09-19,28.31
2026-10-05,2017-09-20,27.63
2026-10-05,2017-09-21,27.43
2026-10-05,2017-09-22,27.19
2026-10-05,2017-09-25,26.82
2026-10-05,2017-09-26,26.7
2026-10-05,2017-09-27,26.58
2026-10-05,2017-09-28,26.47
2026-10-05,2017-09-29,26.45
2026-10-05,2017-10-02,26.68
2026-10-05,2017-10-03,26.76
2026-10-05,2017-10-04,26.95
2026-10-05,2017-10-05,27.02
2026-10-05,2017-10-06,27.02
2026-10-05,2017-10-09,26.89
2026-10-05,2017-10-10,26.96
2026-10-05,2017-10-11,27.04
2026-10-05,2017-10-12,27.15
2026-10-05,2017-10-13,27.23
2026-10-05,2017-10-17,27.05
2026-10-05,2017-10-18,26.84
2026-10-05,2017-10-19,26.85
2026-10-05,2017-10-20,26.83
2026-10-05,2017-10-23,26.9
2026-10-05,2017-10-24,26.87
2026-10-05,2017-10-25,27.71
2026-10-05,2017-10-26,27.79
2026-10-05,2017-10-27,27.79
2026-10-05,2017-10-30,27.54
2026-10-05,2017-10-31,27.66
2026-10-05,2017-11-01,28.12
2026-10-05,2017-11-02,28.25
2026-10-05,2017-11-03,28.18
2026-10-05,2017-11-07,28.2
2026-10-05,2017-11-08,28.93
2026-10-05,2017-11-09,29.14
2026-10-05,2017-11-10,29.48
2026-10-05,2017-11-13,29.4
2026-10-05,2017-11-14,29.9
2026-10-05,2017-11-15,29.92
2026-10-05,2017-11-16,29.49
2026-10-05,2017-11-17,29.48
2026-10-05,2017-11-21,29.22
2026-10-05,2017-11-22,29.13
2026-10-05,2017-11-23,29.72
2026-10-05,2017-11-24,29.79
2026-10-05,2017-11-27,29.87
2026-10-05,2017-11-28,29.85
2026-10-05,2017-11-29,29.76
2026-10-05,2017-11-30,29.78
2026-10-05,2017-12-01,29.97
2026-10-05,2017-12-04,30.2
2026-10-05,2017-12-05,30.09
2026-10-05,2017-12-06,30.89
2026-10-05,2017-12-07,31.16
2026-10-05,2017-12-11,31.38
2026-10-05,2017-12-12,31.68
2026-10-05,2017-12-13,31.95
2026-10-05,2017-12-14,32.13
2026-10-05,2017-12-15,31.99
2026-10-05,2017-12-18,32.26
2026-10-05,2017-12-19,32.56
2026-10-05,2017-12-20,31.97
2026-10-05,2017-12-21,31.23
2026-10-05,2017-12-22,31.04
2026-10-05,2017-12-26,30.9
2026-10-05,2017-12-27,30.52
2026-10-05,2017-12-28,30.49
2026-10-05,2017-12-29,30.32
2026-10-05,2018-01-02,30.13
2026-10-05,2018-01-03,29.82
2026-10-05,2018-01-04,29.64
2026-10-05,2018-01-05,29.66
2026-10-05,2018-01-08,29.7
2026-10-05,2018-01-09,29.64
2026-10-05,2018-01-10,29.42
2026-10-05,2018-01-11,29.47
2026-10-05,2018-01-12,29.85
2026-10-05,2018-01-15,29.72
2026-10-05,2018-01-16,29.74
2026-10-05,2018-01-17,29.54
2026-10-05,2018-01-18,29.45
2026-10-05,2018-01-19,29.39
2026-10-05,2018-01-22,29.19
2026-10-05,2018-01-23,29.39
2026-10-05,2018-01-24,28.9
2026-10-05,2018-01-25,28.87
2026-10-05,2018-01-26,28.94
2026-10-05,2018-01-29,28.92
2026-10-05,2018-01-30,28.43
2026-10-05,2018-01-31,28.49
2026-10-05,2018-02-01,28.65
2026-10-05,2018-02-02,28.66
2026-10-05,2018-02-05,28.56
2026-10-05,2018-02-06,28.58
2026-10-05,2018-02-07,28.56
2026-10-05,2018-02-08,28.65
2026-10-05,2018-02-09,28.59
2026-10-05,2018-02-14,28.63
2026-10-05,2018-02-15,28.81
2026-10-05,2018-02-16,29.22
2026-10-05,2018-02-19,29.07
2026-10-05,2018-02-20,29.16
2026-10-05,2018-02-21,29.07
2026-10-05,2018-02-22,28.58
2026-10-05,2018-02-23,28.52
2026-10-05,2018-02-26,28.58
2026-10-05,2018-02-27,28.28
2026-10-05,2018-02-28,28.33
2026-10-05,2018-03-01,28.3
2026-10-05,2018-03-02,28.19
2026-10-05,2018-03-05,28.16
2026-10-05,2018-03-06,28.16
2026-10-05,2018-03-07,28.08
2026-10-05,2018-03-08,28.05
2026-10-05,2018-03-09,28.03
2026-10-05,2018-03-12,27.91
2026-10-05,2018-03-13,27.88
2026-10-05,2018-03-14,27.85
2026-10-05,2018-03-15,27.78
2026-10-05,2018-03-16,27.82
2026-10-05,2018-03-19,27.88
2026-10-05,2018-03-20,27.68
2026-10-05,2018-03-21,27.65
2026-10-05,2018-03-22,27.67
2026-10-05,2018-03-23,27.74
2026-10-05,2018-03-26,27.85
2026-10-05,2018-03-27,27.56
2026-10-05,2018-03-28,27.56
2026-10-05,2018-04-03,27.8
2026-10-05,2018-04-04,27.8
2026-10-05,2018-04-05,27.87
2026-10-05,2018-04-06,27.89
2026-10-05,2018-04-09,27.87
2026-10-05,2018-04-10,27.95
2026-10-05,2018-04-11,27.94
2026-10-05,2018-04-12,27.94
2026-10-05,2018-04-13,27.94
2026-10-05,2018-04-16,27.78
2026-10-05,2018-04-17,27.76
2026-10-05,2018-04-18,27.92
2026-10-05,2018-04-19,27.91
2026-10-05,2018-04-20,27.81
2026-10-05,2018-04-23,27.88
2026-10-05,2018-04-24,27.88
2026-10-05,2018-04-25,27.97
2026-10-05,2018-04-26,28.69
2026-10-05,2018-04-27,31.18
2026-10-05,2018-05-02,32.96
2026-10-05,2018-05-03,35.63
2026-10-05,2018-05-04,36.36
2026-10-05,2018-05-07,36.46
2026-10-05,2018-05-08,39.16
2026-10-05,2018-05-09,40.47
2026-10-05,2018-05-10,42.39
2026-10-05,2018-05-11,54.32
2026-10-05,2018-05-14,49.58
2026-10-05,2018-05-15,48.31
2026-10-05,2018-05-16,43.17
2026-10-05,2018-05-17,40.43
2026-10-05,2018-05-18,40.29
2026-10-05,2018-05-21,39.71
2026-10-05,2018-05-22,39.71
2026-10-05,2018-05-23,39.99
2026-10-05,2018-05-24,40.98
2026-10-05,2018-05-28,41.04
2026-10-05,2018-05-29,41.1
2026-10-05,2018-05-30,41.48
2026-10-05,2018-05-31,41.61
2026-10-05,2018-06-01,41.5
2026-10-05,2018-06-04,41.49
2026-10-05,2018-06-05,41.45
2026-10-05,2018-06-06,40.03
2026-10-05,2018-06-07,39.95
2026-10-05,2018-06-08,40.24
2026-10-05,2018-06-11,40.23
2026-10-05,2018-06-12,40.05
2026-10-05,2018-06-13,41.14
2026-10-05,2018-06-14,42.47
2026-10-05,2018-06-15,50.49
2026-10-05,2018-06-18,57.78
2026-10-05,2018-06-19,52.3
2026-10-05,2018-06-21,46.16
2026-10-05,2018-06-22,42.41
2026-10-05,2018-06-25,41.45
2026-10-05,2018-06-26,41.2
2026-10-05,2018-06-27,41.69
2026-10-05,2018-06-28,41.54
2026-10-05,2018-06-29,41.11
2026-10-05,2018-07-02,47.63
2026-10-05,2018-07-03,53.86
2026-10-05,2018-07-04,54.11
2026-10-05,2018-07-05,55.43
2026-10-05,2018-07-06,55.58
2026-10-05,2018-07-10,50.98
2026-10-05,2018-07-11,58.37
2026-10-05,2018-07-12,61.52
2026-10-05,2018-07-13,62.26
2026-10-05,2018-07-16,57.45
2026-10-05,2018-07-17,60.77
2026-10-05,2018-07-18,53.62
2026-10-05,2018-07-19,48.19
2026-10-05,2018-07-20,45.05
2026-10-05,2018-07-23,44.52
2026-10-05,2018-07-24,43.77
2026-10-05,2018-07-25,42.9
2026-10-05,2018-07-26,43.2
2026-10-05,2018-07-27,43.29
2026-10-05,2018-07-30,43.16
2026-10-05,2018-07-31,42.9
2026-10-05,2018-08-01,44.51
2026-10-05,2018-08-02,46.07
2026-10-05,2018-08-03,48.73
2026-10-05,2018-08-06,48.77
2026-10-05,2018-08-07,48.94
2026-10-05,2018-08-08,50.51
2026-10-05,2018-08-09,52.07
2026-10-05,2018-08-10,55.62
2026-10-05,2018-08-13,60.45
2026-10-05,2018-08-14,54.2
2026-10-05,2018-08-15,49.25
2026-10-05,2018-08-16,46.78
2026-10-05,2018-08-17,46.37
2026-10-05,2018-08-21,45.9
2026-10-05,2018-08-22,45.61
2026-10-05,2018-08-23,45.72
2026-10-05,2018-08-24,46.5
2026-10-05,2018-08-27,46.59
2026-10-05,2018-08-28,46.7
2026-10-05,2018-08-29,47.19
2026-10-05,2018-08-30,62.18
2026-10-05,2018-08-31,61.59
2026-10-05,2018-09-03,61.01
2026-10-05,2018-09-04,64.47
2026-10-05,2018-09-05,65.73
2026-10-05,2018-09-06,65.75
2026-10-05,2018-09-07,66.19
2026-10-05,2018-09-10,66.27
2026-10-05,2018-09-11,66.93
2026-10-05,2018-09-12,67.57
2026-10-05,2018-09-13,67.66
2026-10-05,2018-09-14,67.67
2026-10-05,2018-09-17,68.31
2026-10-05,2018-09-18,69.89
2026-10-05,2018-09-19,69.25
2026-10-05,2018-09-20,68.42
2026-10-05,2018-09-21,68.86
2026-10-05,2018-09-24,69.21
2026-10-05,2018-09-25,69.64
2026-10-05,2018-09-26,70.12
2026-10-05,2018-09-27,69.57
2026-10-05,2018-09-28,71.69
2026-10-05,2018-10-01,74.19
2026-10-05,2018-10-02,76.38
2026-10-05,2018-10-03,76.8
2026-10-05,2018-10-04,77.94
2026-10-05,2018-10-05,78.28
2026-10-05,2018-10-08,78.2
2026-10-05,2018-10-09,78.32
2026-10-05,2018-10-10,78.43
2026-10-05,2018-10-11,78.78
2026-10-05,2018-10-12,79.16
2026-10-05,2018-10-16,78.28
2026-10-05,2018-10-17,78.33
2026-10-05,2018-10-18,78.59
2026-10-05,2018-10-19,78.71
2026-10-05,2018-10-22,78.2
2026-10-05,2018-10-23,78.77
2026-10-05,2018-10-24,78.51
2026-10-05,2018-10-25,79.15
2026-10-05,2018-10-26,79.3
2026-10-05,2018-10-29,78.94
2026-10-05,2018-10-30,78.53
2026-10-05,2018-10-31,78.02
2026-10-05,2018-11-01,77.29
2026-10-05,2018-11-02,76.79
2026-10-05,2018-11-05,76.92
2026-10-05,2018-11-07,75.75
2026-10-05,2018-11-08,75.4
2026-10-05,2018-11-09,74.64
2026-10-05,2018-11-12,73.88
2026-10-05,2018-11-13,73.18
2026-10-05,2018-11-14,72.53
2026-10-05,2018-11-15,70.85
2026-10-05,2018-11-16,70.69
2026-10-05,2018-11-20,70.61
2026-10-05,2018-11-21,69.51
2026-10-05,2018-11-22,69.32
2026-10-05,2018-11-23,68.93
2026-10-05,2018-11-26,68.94
2026-10-05,2018-11-27,68.83
2026-10-05,2018-11-28,68.51
2026-10-05,2018-11-29,68.45
2026-10-05,2018-12-03,67.9
2026-10-05,2018-12-04,67.05
2026-10-05,2018-12-05,66.42
2026-10-05,2018-12-06,65.77
2026-10-05,2018-12-07,65.52
2026-10-05,2018-12-10,65.39
2026-10-05,2018-12-11,64.97
2026-10-05,2018-12-12,64.84
2026-10-05,2018-12-13,64.64
2026-10-05,2018-12-14,64.84
2026-10-05,2018-12-17,64.49
2026-10-05,2018-12-18,64.58
2026-10-05,2018-12-19,64.88
2026-10-05,2018-12-20,63.99
2026-10-05,2018-12-21,64.11
2026-10-05,2018-12-26,64.05
2026-10-05,2018-12-27,63.46
2026-10-05,2018-12-28,63.57
2026-10-05,2019-01-02,63.25
2026-10-05,2019-01-03,63.06
2026-10-05,2019-01-04,63.15
2026-10-05,2019-01-07,62.88
2026-10-05,2019-01-08,62.64
2026-10-05,2019-01-09,62.07
2026-10-05,2019-01-10,61.57
2026-10-05,2019-01-11,61.76
2026-10-05,2019-01-14,61.43
2026-10-05,2019-01-15,61.28
2026-10-05,2019-01-16,61.12
2026-10-05,2019-01-17,60.96
2026-10-05,2019-01-18,61.08
2026-10-05,2019-01-21,60.44
2026-10-05,2019-01-22,60.22
2026-10-05,2019-01-23,60.29
2026-10-05,2019-01-24,60.17
2026-10-05,2019-01-25,60.42
2026-10-05,2019-01-28,59.82
2026-10-05,2019-01-29,59.65
2026-10-05,2019-01-30,59.31
2026-10-05,2019-01-31,58.86
2026-10-05,2019-02-01,58.75
2026-10-05,2019-02-04,57.79
2026-10-05,2019-02-05,57.12
2026-10-05,2019-02-06,55.96
2026-10-05,2019-02-07,54.9
2026-10-05,2019-02-08,53.65
2026-10-05,2019-02-11,51.81
2026-10-05,2019-02-12,50.53
2026-10-05,2019-02-13,49.63
2026-10-05,2019-02-14,48.66
2026-10-05,2019-02-15,47.29
2026-10-05,2019-02-18,47.59
2026-10-05,2019-02-19,47.71
2026-10-05,2019-02-20,47.76
2026-10-05,2019-02-21,50.04
2026-10-05,2019-02-22,51.32
2026-10-05,2019-02-25,52
2026-10-05,2019-02-26,52.15
2026-10-05,2019-02-27,52.44
2026-10-05,2019-02-28,52.79
2026-10-05,2019-03-01,52.32
2026-10-05,2019-03-06,53.28
2026-10-05,2019-03-07,53.67
2026-10-05,2019-03-08,56.69
2026-10-05,2019-03-11,58.71
2026-10-05,2019-03-12,59.51
2026-10-05,2019-03-13,61.59
2026-10-05,2019-03-14,62.9
2026-10-05,2019-03-15,62.84
2026-10-05,2019-03-18,62.83
2026-10-05,2019-03-19,62.99
2026-10-05,2019-03-20,63.38
2026-10-05,2019-03-21,63.87
2026-10-05,2019-03-22,64.32
2026-10-05,2019-03-25,64.41
2026-10-05,2019-03-26,64.84
2026-10-05,2019-03-27,65.52
2026-10-05,2019-03-28,66.47
2026-10-05,2019-03-29,67.2
2026-10-05,2019-04-01,68.27
2026-10-05,2019-04-03,68.38
2026-10-05,2019-04-04,68.37
2026-10-05,2019-04-05,68.51
2026-10-05,2019-04-08,68.53
2026-10-05,2019-04-09,68.11
2026-10-05,2019-04-10,67.73
2026-10-05,2019-04-11,67.69
2026-10-05,2019-04-12,67.76
2026-10-05,2019-04-15,67.74
2026-10-05,2019-04-16,67.38
2026-10-05,2019-04-17,68.27
2026-10-05,2019-04-22,68.18
2026-10-05,2019-04-23,68.53
2026-10-05,2019-04-24,69.03
2026-10-05,2019-04-25,70.22
2026-10-05,2019-04-26,70.61
2026-10-05,2019-04-29,71.9
2026-10-05,2019-04-30,73.15
2026-10-05,2019-05-02,73.99
2026-10-05,2019-05-03,73.75
2026-10-05,2019-05-06,74.23
2026-10-05,2019-05-07,74.07
2026-10-05,2019-05-08,74.52
2026-10-05,2019-05-09,74.31
2026-10-05,2019-05-10,73.92
2026-10-05,2019-05-13,73.65
2026-10-05,2019-05-14,73.58
2026-10-05,2019-05-15,72.87
2026-10-05,2019-05-16,72.93
2026-10-05,2019-05-17,72.75
2026-10-05,2019-05-20,72.72
2026-10-05,2019-05-21,73.2
2026-10-05,2019-05-22,73.12
2026-10-05,2019-05-23,73.08
2026-10-05,2019-05-24,72.75
2026-10-05,2019-05-27,72.69
2026-10-05,2019-05-28,72.66
2026-10-05,2019-05-29,72.64
2026-10-05,2019-05-30,72.44
2026-10-05,2019-05-31,72.43
2026-10-05,2019-06-03,72.49
2026-10-05,2019-06-04,72.5
2026-10-05,2019-06-05,72.41
2026-10-05,2019-06-06,72.69
2026-10-05,2019-06-07,72.49
2026-10-05,2019-06-10,72.59
2026-10-05,2019-06-11,71.98
2026-10-05,2019-06-12,71.39
2026-10-05,2019-06-13,71
2026-10-05,2019-06-14,70.67
2026-10-05,2019-06-18,70.77
2026-10-05,2019-06-19,68.68
2026-10-05,2019-06-21,68.75
2026-10-05,2019-06-24,68.6
2026-10-05,2019-06-25,67.88
2026-10-05,2019-06-26,67.92
2026-10-05,2019-06-27,67.47
2026-10-05,2019-06-28,65.79
2026-10-05,2019-07-01,65.17
2026-10-05,2019-07-02,64.48
2026-10-05,2019-07-03,63.93
2026-10-05,2019-07-04,64.31
2026-10-05,2019-07-05,63.26
2026-10-05,2019-07-10,63.3
2026-10-05,2019-07-11,62.93
2026-10-05,2019-07-12,62.06
2026-10-05,2019-07-15,61.69
2026-10-05,2019-07-16,61.85
2026-10-05,2019-07-17,61.59
2026-10-05,2019-07-18,61.83
2026-10-05,2019-07-19,61.45
2026-10-05,2019-07-22,61.49
2026-10-05,2019-07-23,62.02
2026-10-05,2019-07-24,62.05
2026-10-05,2019-07-25,62.05
2026-10-05,2019-07-26,61.89
2026-10-05,2019-07-29,62.22
2026-10-05,2019-07-30,62.61
2026-10-05,2019-07-31,62.25
2026-10-05,2019-08-01,62.32
2026-10-05,2019-08-02,62.53
2026-10-05,2019-08-05,63.22
2026-10-05,2019-08-06,63.65
2026-10-05,2019-08-07,63.94
2026-10-05,2019-08-08,64.29
2026-10-05,2019-08-09,64.5
2026-10-05,2019-08-12,85.03
2026-10-05,2019-08-13,86.98
2026-10-05,2019-08-14,86.8
2026-10-05,2019-08-15,85.27
2026-10-05,2019-08-16,85.15
2026-10-05,2019-08-20,84.45
2026-10-05,2019-08-21,83
2026-10-05,2019-08-22,82.27
2026-10-05,2019-08-23,81.73
2026-10-05,2019-08-26,81.3
2026-10-05,2019-08-27,80.71
2026-10-05,2019-08-28,80.87
2026-10-05,2019-08-29,85.36
2026-10-05,2019-08-30,88.21
2026-10-05,2019-09-02,90.11
2026-10-05,2019-09-03,91.14
2026-10-05,2019-09-04,91.41
2026-10-05,2019-09-05,90.99
2026-10-05,2019-09-06,90.49
2026-10-05,2019-09-09,89.39
2026-10-05,2019-09-10,88.53
2026-10-05,2019-09-11,87.68
2026-10-05,2019-09-12,86.68
2026-10-05,2019-09-13,86.13
2026-10-05,2019-09-16,84.02
2026-10-05,2019-09-17,83.77
2026-10-05,2019-09-18,83.83
2026-10-05,2019-09-19,83.01
2026-10-05,2019-09-20,82.85
2026-10-05,2019-09-23,82.53
2026-10-05,2019-09-24,81.26
2026-10-05,2019-09-25,80.95
2026-10-05,2019-09-26,80.5
2026-10-05,2019-09-27,80.22
2026-10-05,2019-09-30,79.32
2026-10-05,2019-10-01,78.82
2026-10-05,2019-10-02,77.67
2026-10-05,2019-10-03,77.16
2026-10-05,2019-10-04,76.59
2026-10-05,2019-10-07,75.6
2026-10-05,2019-10-08,74.75
2026-10-05,2019-10-09,73.85
2026-10-05,2019-10-10,72.42
2026-10-05,2019-10-11,70.4
2026-10-05,2019-10-15,69.57
2026-10-05,2019-10-16,69
2026-10-05,2019-10-17,68.3
2026-10-05,2019-10-18,68.35
2026-10-05,2019-10-21,69.14
2026-10-05,2019-10-22,67.99
2026-10-05,2019-10-23,67.46
2026-10-05,2019-10-24,67.38
2026-10-05,2019-10-25,67.74
2026-10-05,2019-10-28,67.92
2026-10-05,2019-10-29,67.25
2026-10-05,2019-10-30,66.87
2026-10-05,2019-10-31,66.45
2026-10-05,2019-11-01,66.03
2026-10-05,2019-11-04,65.19
2026-10-05,2019-11-05,65.29
2026-10-05,2019-11-07,64.81
2026-10-05,2019-11-08,64.28
2026-10-05,2019-11-11,63.57
2026-10-05,2019-11-12,63.47
2026-10-05,2019-11-13,62.54
2026-10-05,2019-11-14,62.02
2026-10-05,2019-11-15,62.28
2026-10-05,2019-11-19,65.12
2026-10-05,2019-11-20,63.14
2026-10-05,2019-11-21,64.44
2026-10-05,2019-11-22,64.31
2026-10-05,2019-11-25,64.64
2026-10-05,2019-11-26,63.38
2026-10-05,2019-11-27,63.34
2026-10-05,2019-11-28,64.74
2026-10-05,2019-11-29,64.36
2026-10-05,2019-12-02,63.4
2026-10-05,2019-12-03,61.78
2026-10-05,2019-12-04,62.23
2026-10-05,2019-12-05,58.97
2026-10-05,2019-12-06,57.86
2026-10-05,2019-12-09,59
2026-10-05,2019-12-10,59.15
2026-10-05,2019-12-11,59.16
2026-10-05,2019-12-12,58.89
2026-10-05,2019-12-13,58.55
2026-10-05,2019-12-16,58.57
2026-10-05,2019-12-17,58.78
2026-10-05,2019-12-18,58.12
2026-10-05,2019-12-19,58.52
2026-10-05,2019-12-20,56.91
2026-10-05,2019-12-23,56.25
2026-10-05,2019-12-26,55.92
2026-10-05,2019-12-27,55.84
2026-10-05,2019-12-30,55.07
2026-10-05,2020-01-02,54.82
2026-10-05,2020-01-03,54.82
2026-10-05,2020-01-06,54.17
2026-10-05,2020-01-07,54.57
2026-10-05,2020-01-08,54
2026-10-05,2020-01-09,52.95
2026-10-05,2020-01-10,51.55
2026-10-05,2020-01-13,51.01
2026-10-05,2020-01-14,51.01
2026-10-05,2020-01-15,51.2
2026-10-05,2020-01-16,51.16
2026-10-05,2020-01-17,50.74
2026-10-05,2020-01-20,50.49
2026-10-05,2020-01-21,48.91
2026-10-05,2020-01-22,49.04
2026-10-05,2020-01-23,48.24
2026-10-05,2020-01-24,48.38
2026-10-05,2020-01-27,47.84
2026-10-05,2020-01-28,47.71
2026-10-05,2020-01-29,47.95
2026-10-05,2020-01-30,46.92
2026-10-05,2020-01-31,45.41
2026-10-05,2020-02-03,44.13
2026-10-05,2020-02-04,43.64
2026-10-05,2020-02-05,43.86
2026-10-05,2020-02-06,43.79
2026-10-05,2020-02-07,43.5
2026-10-05,2020-02-10,43.82
2026-10-05,2020-02-11,44
2026-10-05,2020-02-12,44.25
2026-10-05,2020-02-13,44.78
2026-10-05,2020-02-14,44.37
2026-10-05,2020-02-17,43.88
2026-10-05,2020-02-18,43.24
2026-10-05,2020-02-19,43.6
2026-10-05,2020-02-20,42.38
2026-10-05,2020-02-21,41.42
2026-10-05,2020-02-26,40.37
2026-10-05,2020-02-27,40.43
2026-10-05,2020-02-28,39.36
2026-10-05,2020-03-02,39.07
2026-10-05,2020-03-03,39.05
2026-10-05,2020-03-04,38.36
2026-10-05,2020-03-05,38.85
2026-10-05,2020-03-06,38.52
2026-10-05,2020-03-09,38.15
2026-10-05,2020-03-10,38.32
2026-10-05,2020-03-11,38.26
2026-10-05,2020-03-12,38
2026-10-05,2020-03-13,37.74
2026-10-05,2020-03-16,38.06
2026-10-05,2020-03-17,38.62
2026-10-05,2020-03-18,39.05
2026-10-05,2020-03-19,39.71
2026-10-05,2020-03-20,40.08
2026-10-05,2020-03-25,40.68
2026-10-05,2020-03-26,40.49
2026-10-05,2020-03-27,38.12
2026-10-05,2020-03-30,33.94
2026-10-05,2020-04-01,31.6
2026-10-05,2020-04-02,29.96
2026-10-05,2020-04-03,28.68
2026-10-05,2020-04-06,27.67
2026-10-05,2020-04-07,26.14
2026-10-05,2020-04-08,22.12
2026-10-05,2020-04-13,20.56
2026-10-05,2020-04-14,20.94
2026-10-05,2020-04-15,17.53
2026-10-05,2020-04-16,16.8
2026-10-05,2020-04-17,17.83
2026-10-05,2020-04-20,18.24
2026-10-05,2020-04-21,17.28
2026-10-05,2020-04-22,17.25
2026-10-05,2020-04-23,17.73
2026-10-05,2020-04-24,19.09
2026-10-05,2020-04-27,20.1
2026-10-05,2020-04-28,21.43
2026-10-05,2020-04-29,20.16
2026-10-05,2020-04-30,20.08
2026-10-05,2020-05-04,19.7
2026-10-05,2020-05-05,20.34
2026-10-05,2020-05-06,19.69
2026-10-05,2020-05-07,19.64
2026-10-05,2020-05-08,19.22
2026-10-05,2020-05-11,19.16
2026-10-05,2020-05-12,18.82
2026-10-05,2020-05-13,19.38
2026-10-05,2020-05-14,19
2026-10-05,2020-05-15,19.48
2026-10-05,2020-05-18,21.46
2026-10-05,2020-05-19,21.26
2026-10-05,2020-05-20,21.78
2026-10-05,2020-05-21,23.2
2026-10-05,2020-05-22,22.38
2026-10-05,2020-05-26,22.88
2026-10-05,2020-05-27,23.06
2026-10-05,2020-05-28,22.74
2026-10-05,2020-05-29,23.27
2026-10-05,2020-06-01,23.25
2026-10-05,2020-06-02,23.43
2026-10-05,2020-06-03,23.2
2026-10-05,2020-06-04,23.15
2026-10-05,2020-06-05,23.66
2026-10-05,2020-06-08,23.76
2026-10-05,2020-06-09,23.62
2026-10-05,2020-06-10,23.84
2026-10-05,2020-06-11,23.43
2026-10-05,2020-06-12,22.78
2026-10-05,2020-06-16,22.09
2026-10-05,2020-06-17,22.41
2026-10-05,2020-06-18,22.32
2026-10-05,2020-06-19,22.03
2026-10-05,2020-06-22,22.16
2026-10-05,2020-06-23,22.15
2026-10-05,2020-06-24,22.25
2026-10-05,2020-06-25,21.92
2026-10-05,2020-06-26,21.88
2026-10-05,2020-06-29,22.23
2026-10-05,2020-06-30,21.96
2026-10-05,2020-07-01,22.69
2026-10-05,2020-07-02,22.29
2026-10-05,2020-07-03,21.19
2026-10-05,2020-07-06,21.66
2026-10-05,2020-07-07,21.68
2026-10-05,2020-07-08,21.18
2026-10-05,2020-07-13,21.36
2026-10-05,2020-07-14,21.46
2026-10-05,2020-07-15,21.05
2026-10-05,2020-07-16,21.53
2026-10-05,2020-07-17,21.24
2026-10-05,2020-07-20,21.17
2026-10-05,2020-07-21,21.29
2026-10-05,2020-07-22,21.33
2026-10-05,2020-07-23,22.13
2026-10-05,2020-07-24,21.06
2026-10-05,2020-07-27,21.21
2026-10-05,2020-07-28,21.72
2026-10-05,2020-07-29,20.89
2026-10-05,2020-07-30,21.47
2026-10-05,2020-07-31,20.96
2026-10-05,2020-08-03,21.04
2026-10-05,2020-08-04,20.87
2026-10-05,2020-08-05,22.62
2026-10-05,2020-08-06,21.31
2026-10-05,2020-08-07,20.74
2026-10-05,2020-08-10,21.14
2026-10-05,2020-08-11,21.76
2026-10-05,2020-08-12,20.92
2026-10-05,2020-08-13,20.96
2026-10-05,2020-08-14,20.85
2026-10-05,2020-08-18,21.22
2026-10-05,2020-08-19,21.19
2026-10-05,2020-08-20,21.44
2026-10-05,2020-08-21,20.98
2026-10-05,2020-08-24,21.61
2026-10-05,2020-08-25,21.31
2026-10-05,2020-08-26,21
2026-10-05,2020-08-27,21.41
2026-10-05,2020-08-28,20.98
2026-10-05,2020-08-31,21.17
2026-10-05,2020-09-01,20.81
2026-10-05,2020-09-02,20.83
2026-10-05,2020-09-03,21.28
2026-10-05,2020-09-04,20.33
2026-10-05,2020-09-07,20.66
2026-10-05,2020-09-08,21.14
2026-10-05,2020-09-09,20.39
2026-10-05,2020-09-10,20.54
2026-10-05,2020-09-11,20.39
2026-10-05,2020-09-14,20.63
2026-10-05,2020-09-15,20.81
2026-10-05,2020-09-16,20.47
2026-10-05,2020-09-17,20.5
2026-10-05,2020-09-18,20.62
2026-10-05,2020-09-21,21.24
2026-10-05,2020-09-22,21.02
2026-10-05,2020-09-23,20.54
2026-10-05,2020-09-24,20.59
2026-10-05,2020-09-25,20.39
2026-10-05,2020-09-28,20.73
2026-10-05,2020-09-29,20.99
2026-10-05,2020-09-30,20.61
2026-10-05,2020-10-01,20.69
2026-10-05,2020-10-02,22.4
2026-10-05,2020-10-05,23.67
2026-10-05,2020-10-06,23.9
2026-10-05,2020-10-07,24.05
2026-10-05,2020-10-08,24.38
2026-10-05,2020-10-09,25.29
2026-10-05,2020-10-13,26.38
2026-10-05,2020-10-14,26.44
2026-10-05,2020-10-15,27.24
2026-10-05,2020-10-16,28.8
2026-10-05,2020-10-19,29.5
2026-10-05,2020-10-20,29.13
2026-10-05,2020-10-21,29.93
2026-10-05,2020-10-22,30.45
2026-10-05,2020-10-23,30.57
2026-10-05,2020-10-26,29.84
2026-10-05,2020-10-27,30.26
2026-10-05,2020-10-28,30.38
2026-10-05,2020-10-29,30.41
2026-10-05,2020-10-30,31.15
2026-10-05,2020-11-02,31.2
2026-10-05,2020-11-03,31.46
2026-10-05,2020-11-04,31.48
2026-10-05,2020-11-05,31.6
2026-10-05,2020-11-09,31.58
2026-10-05,2020-11-10,31.8
2026-10-05,2020-11-11,31.98
2026-10-05,2020-11-12,32.01
2026-10-05,2020-11-13,32.26
2026-10-05,2020-11-16,32.25
2026-10-05,2020-11-17,32.67
2026-10-05,2020-11-18,32.79
2026-10-05,2020-11-19,33.09
2026-10-05,2020-11-20,32.95
2026-10-05,2020-11-24,32.7
2026-10-05,2020-11-25,32.8
2026-10-05,2020-11-26,33.36
2026-10-05,2020-11-27,32.83
2026-10-05,2020-11-30,32.81
2026-10-05,2020-12-01,32.42
2026-10-05,2020-12-02,32.06
2026-10-05,2020-12-03,32.32
2026-10-05,2020-12-04,32.16
2026-10-05,2020-12-09,33.42
2026-10-05,2020-12-10,34.15
2026-10-05,2020-12-11,32.9
2026-10-05,2020-12-14,33.17
2026-10-05,2020-12-15,32.93
2026-10-05,2020-12-16,32.94
2026-10-05,2020-12-17,33.69
2026-10-05,2020-12-18,33.27
2026-10-05,2020-12-21,34.51
2026-10-05,2020-12-22,33.56
2026-10-05,2020-12-23,33.59
2026-10-05,2020-12-28,33.36
2026-10-05,2020-12-29,34.17
2026-10-05,2020-12-30,34.2
2026-10-05,2021-01-04,34.81
2026-10-05,2021-01-05,33.63
2026-10-05,2021-01-06,34.04
2026-10-05,2021-01-07,33.99
2026-10-05,2021-01-08,34.44
2026-10-05,2021-01-11,34.77
2026-10-05,2021-01-12,34.85
2026-10-05,2021-01-13,35.08
2026-10-05,2021-01-14,34.74
2026-10-05,2021-01-15,34.7
2026-10-05,2021-01-18,34.84
2026-10-05,2021-01-19,35.06
2026-10-05,2021-01-20,34.8
2026-10-05,2021-01-21,34.89
2026-10-05,2021-01-22,34.9
2026-10-05,2021-01-25,35.04
2026-10-05,2021-01-26,34.99
2026-10-05,2021-01-27,34.85
2026-10-05,2021-01-28,34.95
2026-10-05,2021-01-29,34.61
2026-10-05,2021-02-01,34.78
2026-10-05,2021-02-02,34.73
2026-10-05,2021-02-03,34.92
2026-10-05,2021-02-04,34.7
2026-10-05,2021-02-05,34.65
2026-10-05,2021-02-08,35.91
2026-10-05,2021-02-09,34.72
2026-10-05,2021-02-10,34.42
2026-10-05,2021-02-11,34.87
2026-10-05,2021-02-12,34.88
2026-10-05,2021-02-17,34.99
2026-10-05,2021-02-18,35.16
2026-10-05,2021-02-19,34.82
2026-10-05,2021-02-22,34.72
2026-10-05,2021-02-23,34.59
2026-10-05,2021-02-24,35.11
2026-10-05,2021-02-25,35.1
2026-10-05,2021-02-26,35.48
2026-10-05,2021-03-01,35.66
2026-10-05,2021-03-02,36.03
2026-10-05,2021-03-03,35.97
2026-10-05,2021-03-04,36.07
2026-10-05,2021-03-05,35.85
2026-10-05,2021-03-08,35.84
2026-10-05,2021-03-09,36.39
2026-10-05,2021-03-10,36.39
2026-10-05,2021-03-11,36.48
2026-10-05,2021-03-12,36.06
2026-10-05,2021-03-15,36.02
2026-10-05,2021-03-16,36.28
2026-10-05,2021-03-17,36.21
2026-10-05,2021-03-18,36
2026-10-05,2021-03-19,36.46
2026-10-05,2021-03-22,36.08
2026-10-05,2021-03-23,35.97
2026-10-05,2021-03-25,35.96
2026-10-05,2021-03-26,35.85
2026-10-05,2021-03-29,35.78
2026-10-05,2021-03-30,36.26
2026-10-05,2021-03-31,36.05
2026-10-05,2021-04-05,35.9
2026-10-05,2021-04-06,36.27
2026-10-05,2021-04-07,36.44
2026-10-05,2021-04-08,36.33
2026-10-05,2021-04-09,36.49
2026-10-05,2021-04-12,36.98
2026-10-05,2021-04-13,36.84
2026-10-05,2021-04-14,36.68
2026-10-05,2021-04-15,36.67
2026-10-05,2021-04-16,36.31
2026-10-05,2021-04-19,36.58
2026-10-05,2021-04-20,36.53
2026-10-05,2021-04-21,36.41
2026-10-05,2021-04-22,36.52
2026-10-05,2021-04-23,36.5
2026-10-05,2021-04-26,36.41
2026-10-05,2021-04-27,36.72
2026-10-05,2021-04-28,36.04
2026-10-05,2021-04-29,36.05
2026-10-05,2021-04-30,36.16
2026-10-05,2021-05-03,36.33
2026-10-05,2021-05-04,36.41
2026-10-05,2021-05-05,36.51
2026-10-05,2021-05-06,36.08
2026-10-05,2021-05-07,35.8
2026-10-05,2021-05-10,35.79
2026-10-05,2021-05-11,35.52
2026-10-05,2021-05-12,35.54
2026-10-05,2021-05-13,35.62
2026-10-05,2021-05-14,35.53
2026-10-05,2021-05-17,35.72
2026-10-05,2021-05-18,35.84
2026-10-05,2021-05-19,35.97
2026-10-05,2021-05-20,35.87
2026-10-05,2021-05-21,36.03
2026-10-05,2021-05-26,35.65
2026-10-05,2021-05-27,36.04
2026-10-05,2021-05-28,35.4
2026-10-05,2021-05-31,36.46
2026-10-05,2021-06-01,36.15
2026-10-05,2021-06-02,36.11
2026-10-05,2021-06-03,35.92
2026-10-05,2021-06-04,35.74
2026-10-05,2021-06-07,35.54
2026-10-05,2021-06-08,35.9
2026-10-05,2021-06-09,35.81
2026-10-05,2021-06-10,35.68
2026-10-05,2021-06-11,35.74
2026-10-05,2021-06-14,36.34
2026-10-05,2021-06-15,35.4
2026-10-05,2021-06-16,35.88
2026-10-05,2021-06-17,35.89
2026-10-05,2021-06-18,35.77
2026-10-05,2021-06-22,36.41
2026-10-05,2021-06-23,35.66
2026-10-05,2021-06-24,35.75
2026-10-05,2021-06-25,35.62
2026-10-05,2021-06-28,35.72
2026-10-05,2021-06-29,35.7
2026-10-05,2021-06-30,35.76
2026-10-05,2021-07-01,35.94
2026-10-05,2021-07-02,35.67
2026-10-05,2021-07-05,35.67
2026-10-05,2021-07-06,35.76
2026-10-05,2021-07-07,35.71
2026-10-05,2021-07-08,35.71
2026-10-05,2021-07-12,35.55
2026-10-05,2021-07-13,35.79
2026-10-05,2021-07-14,35.89
2026-10-05,2021-07-15,35.77
2026-10-05,2021-07-16,35.93
2026-10-05,2021-07-19,35.85
2026-10-05,2021-07-20,35.68
2026-10-05,2021-07-21,35.87
2026-10-05,2021-07-22,35.75
2026-10-05,2021-07-23,35.76
2026-10-05,2021-07-26,36.07
2026-10-05,2021-07-27,36.01
2026-10-05,2021-07-28,35.84
2026-10-05,2021-07-29,35.8
2026-10-05,2021-07-30,35.73
2026-10-05,2021-08-02,35.76
2026-10-05,2021-08-03,35.25
2026-10-05,2021-08-04,35.02
2026-10-05,2021-08-05,35.45
2026-10-05,2021-08-06,35.54
2026-10-05,2021-08-09,35.69
2026-10-05,2021-08-10,35.16
2026-10-05,2021-08-11,35.08
2026-10-05,2021-08-12,35.07
2026-10-05,2021-08-13,35.29
2026-10-05,2021-08-17,35.57
2026-10-05,2021-08-18,35.57
2026-10-05,2021-08-19,36.23
2026-10-05,2021-08-20,35.76
2026-10-05,2021-08-23,35.69
2026-10-05,2021-08-24,35.77
2026-10-05,2021-08-25,35.79
2026-10-05,2021-08-26,35.07
2026-10-05,2021-08-27,35.74
2026-10-05,2021-08-30,35.93
2026-10-05,2021-08-31,35.9
2026-10-05,2021-09-01,35.69
2026-10-05,2021-09-02,35.66
2026-10-05,2021-09-03,35.49
2026-10-05,2021-09-06,35.76
2026-10-05,2021-09-07,35.75
2026-10-05,2021-09-08,35.77
2026-10-05,2021-09-09,35.88
2026-10-05,2021-09-10,35.74
2026-10-05,2021-09-13,35.86
2026-10-05,2021-09-14,35.63
2026-10-05,2021-09-15,35.64
2026-10-05,2021-09-16,35.79
2026-10-05,2021-09-17,35.53
2026-10-05,2021-09-20,35.66
2026-10-05,2021-09-21,35.53
2026-10-05,2021-09-22,35.71
2026-10-05,2021-09-23,35.83
2026-10-05,2021-09-24,35.74
2026-10-05,2021-09-27,35.84
2026-10-05,2021-09-28,35.7
2026-10-05,2021-09-29,35.83
2026-10-05,2021-09-30,35.99
2026-10-05,2021-10-01,35.36
2026-10-05,2021-10-04,35.32
2026-10-05,2021-10-05,35.29
2026-10-05,2021-10-06,35.44
2026-10-05,2021-10-07,35.38
2026-10-05,2021-10-12,35.29
2026-10-05,2021-10-13,35.69
2026-10-05,2021-10-14,35.25
2026-10-05,2021-10-15,35.29
2026-10-05,2021-10-18,35.29
2026-10-05,2021-10-19,35.04
2026-10-05,2021-10-20,34.77
2026-10-05,2021-10-21,34.58
2026-10-05,2021-10-22,35.28
2026-10-05,2021-10-25,35.37
2026-10-05,2021-10-26,34.8
2026-10-05,2021-10-27,35.02
2026-10-05,2021-10-28,35.53
2026-10-05,2021-10-29,35.21
2026-10-05,2021-11-01,35.05
2026-10-05,2021-11-02,35.07
2026-10-05,2021-11-03,35.39
2026-10-05,2021-11-04,35.41
2026-10-05,2021-11-05,35.15
2026-10-05,2021-11-08,35.27
2026-10-05,2021-11-09,35.25
2026-10-05,2021-11-10,35.34
2026-10-05,2021-11-11,35
2026-10-05,2021-11-12,34.94
2026-10-05,2021-11-15,35.35
2026-10-05,2021-11-16,35.17
2026-10-05,2021-11-17,35.15
2026-10-05,2021-11-18,35.16
2026-10-05,2021-11-19,35.09
2026-10-05,2021-11-23,35.19
2026-10-05,2021-11-24,35.44
2026-10-05,2021-11-25,35.43
2026-10-05,2021-11-26,35.18
2026-10-05,2021-11-29,34.83
2026-10-05,2021-11-30,35.13
2026-10-05,2021-12-01,36.22
2026-10-05,2021-12-02,35.13
2026-10-05,2021-12-03,34.65
2026-10-05,2021-12-06,35.14
2026-10-05,2021-12-07,34.65
2026-10-05,2021-12-09,35.24
2026-10-05,2021-12-10,35.14
2026-10-05,2021-12-13,35.44
2026-10-05,2021-12-14,35.64
2026-10-05,2021-12-15,35.76
2026-10-05,2021-12-16,35.68
2026-10-05,2021-12-17,35.22
2026-10-05,2021-12-20,35.3
2026-10-05,2021-12-21,35.78
2026-10-05,2021-12-22,35.25
2026-10-05,2021-12-23,35
2026-10-05,2021-12-27,35.15
2026-10-05,2021-12-28,35.98
2026-10-05,2021-12-29,36.06
2026-10-05,2021-12-30,35.18
2026-10-05,2022-01-03,34.72
2026-10-05,2022-01-04,34.88
2026-10-05,2022-01-05,35.61
2026-10-05,2022-01-06,35.7
2026-10-05,2022-01-07,35.85
2026-10-05,2022-01-10,35.51
2026-10-05,2022-01-11,35.88
2026-10-05,2022-01-12,35.85
2026-10-05,2022-01-13,35.93
2026-10-05,2022-01-14,35.94
2026-10-05,2022-01-17,35.78
2026-10-05,2022-01-18,35.71
2026-10-05,2022-01-19,35.77
2026-10-05,2022-01-20,35.8
2026-10-05,2022-01-21,35.47
2026-10-05,2022-01-24,35.67
2026-10-05,2022-01-25,35.57
2026-10-05,2022-01-26,35.75
2026-10-05,2022-01-27,35.88
2026-10-05,2022-01-28,35.85
2026-10-05,2022-01-31,35.84
2026-10-05,2022-02-01,35.72
2026-10-05,2022-02-02,35.79
2026-10-05,2022-02-03,35.69
2026-10-05,2022-02-04,35.66
2026-10-05,2022-02-07,35.69
2026-10-05,2022-02-08,36
2026-10-05,2022-02-09,35.94
2026-10-05,2022-02-10,35.73
2026-10-05,2022-02-11,36.02
2026-10-05,2022-02-14,35.78
2026-10-05,2022-02-15,35.56
2026-10-05,2022-02-16,35.61
2026-10-05,2022-02-17,35.49
2026-10-05,2022-02-18,36.36
2026-10-05,2022-02-21,36.33
2026-10-05,2022-02-22,36.58
2026-10-05,2022-02-23,35.96
2026-10-05,2022-02-24,36.48
2026-10-05,2022-02-25,37.11
2026-10-05,2022-03-02,36.82
2026-10-05,2022-03-03,37.08
2026-10-05,2022-03-04,37.05
2026-10-05,2022-03-07,37.18
2026-10-05,2022-03-08,36.87
2026-10-05,2022-03-09,37.17
2026-10-05,2022-03-10,36.91
2026-10-05,2022-03-11,36.68
2026-10-05,2022-03-14,36.85
2026-10-05,2022-03-15,36.61
2026-10-05,2022-03-16,36.67
2026-10-05,2022-03-17,36.96
2026-10-05,2022-03-18,36.54
2026-10-05,2022-03-21,36.64
2026-10-05,2022-03-22,36.76
2026-10-05,2022-03-23,37.66
2026-10-05,2022-03-25,37.51
2026-10-05,2022-03-28,37.9
2026-10-05,2022-03-29,37.98
2026-10-05,2022-03-30,38.51
2026-10-05,2022-03-31,38.89
2026-10-05,2022-04-01,38.24
2026-10-05,2022-04-04,38.04
2026-10-05,2022-04-05,38.52
2026-10-05,2022-04-06,38.43
2026-10-05,2022-04-07,38.46
2026-10-05,2022-04-08,38.48
2026-10-05,2022-04-11,38.14
2026-10-05,2022-04-12,38.26
2026-10-05,2022-04-13,38.26
2026-10-05,2022-04-18,38.98
2026-10-05,2022-04-19,39.52
2026-10-05,2022-04-20,39.61
2026-10-05,2022-04-21,39.64
2026-10-05,2022-04-22,39.43
2026-10-05,2022-04-25,39.04
2026-10-05,2022-04-26,39.45
2026-10-05,2022-04-27,39.63
2026-10-05,2022-04-28,39.68
2026-10-05,2022-04-29,39.59
2026-10-05,2022-05-02,39.64
2026-10-05,2022-05-03,38.94
2026-10-05,2022-05-04,39.54
2026-10-05,2022-05-05,39.71
2026-10-05,2022-05-06,39.74
2026-10-05,2022-05-09,39.15
2026-10-05,2022-05-10,39.42
2026-10-05,2022-05-11,39.22
2026-10-05,2022-05-12,39.2
2026-10-05,2022-05-13,40.98
2026-10-05,2022-05-16,41.09
2026-10-05,2022-05-17,40.93
2026-10-05,2022-05-19,41.4
2026-10-05,2022-05-20,41.94
2026-10-05,2022-05-23,42.37
2026-10-05,2022-05-24,41.51
2026-10-05,2022-05-26,42.13
2026-10-05,2022-05-27,42.08
2026-10-05,2022-05-30,41.97
2026-10-05,2022-05-31,41.61
2026-10-05,2022-06-01,41.55
2026-10-05,2022-06-02,41.68
2026-10-05,2022-06-03,41.7
2026-10-05,2022-06-06,41.5
2026-10-05,2022-06-07,41.54
2026-10-05,2022-06-08,41.43
2026-10-05,2022-06-09,41.3
2026-10-05,2022-06-10,41.59
2026-10-05,2022-06-13,41.53
2026-10-05,2022-06-14,41.46
2026-10-05,2022-06-15,41.03
2026-10-05,2022-06-16,42.06
2026-10-05,2022-06-21,43.56
2026-10-05,2022-06-22,44.6
2026-10-05,2022-06-23,44.81
2026-10-05,2022-06-24,44.62
2026-10-05,2022-06-27,44.5
2026-10-05,2022-06-28,44.18
2026-10-05,2022-06-29,44.43
2026-10-05,2022-06-30,44.43
2026-10-05,2022-07-01,43.84
2026-10-05,2022-07-04,44.9
2026-10-05,2022-07-05,44.87
2026-10-05,2022-07-06,44.89
2026-10-05,2022-07-07,44.47
2026-10-05,2022-07-08,44.7
2026-10-05,2022-07-11,44.37
2026-10-05,2022-07-12,44
2026-10-05,2022-07-13,44.57
2026-10-05,2022-07-14,44.44
2026-10-05,2022-07-15,44.57
2026-10-05,2022-07-18,48.3
2026-10-05,2022-07-19,48.27
2026-10-05,2022-07-20,48.32
2026-10-05,2022-07-21,48.36
2026-10-05,2022-07-22,48.34
2026-10-05,2022-07-25,48.3
2026-10-05,2022-07-26,47.9
2026-10-05,2022-07-27,47.88
2026-10-05,2022-07-28,51.11
2026-10-05,2022-07-29,54.75
2026-10-05,2022-08-01,55.29
2026-10-05,2022-08-02,55.53
2026-10-05,2022-08-03,55.59
2026-10-05,2022-08-04,55.96
2026-10-05,2022-08-05,56.04
2026-10-05,2022-08-08,56.08
2026-10-05,2022-08-09,55.6
2026-10-05,2022-08-10,56.13
2026-10-05,2022-08-11,57.93
2026-10-05,2022-08-12,63.16
2026-10-05,2022-08-16,63.93
2026-10-05,2022-08-17,65.6
2026-10-05,2022-08-18,65.85
2026-10-05,2022-08-19,65.76
2026-10-05,2022-08-22,66.08
2026-10-05,2022-08-23,66.25
2026-10-05,2022-08-24,65.95
2026-10-05,2022-08-25,66.72
2026-10-05,2022-08-26,66.64
2026-10-05,2022-08-29,65.43
2026-10-05,2022-08-30,66.48
2026-10-05,2022-08-31,67.7
2026-10-05,2022-09-01,67.23
2026-10-05,2022-09-05,67.23
2026-10-05,2022-09-06,66.46
2026-10-05,2022-09-07,65.9
2026-10-05,2022-09-08,65.25
2026-10-05,2022-09-09,67.89
2026-10-05,2022-09-12,67.62
2026-10-05,2022-09-13,68.27
2026-10-05,2022-09-14,67.4
2026-10-05,2022-09-15,66.68
2026-10-05,2022-09-16,71.14
2026-10-05,2022-09-19,72.26
2026-10-05,2022-09-20,71.28
2026-10-05,2022-09-21,73.91
2026-10-05,2022-09-22,72.48
2026-10-05,2022-09-23,71.69
2026-10-05,2022-09-26,72.18
2026-10-05,2022-09-27,71.73
2026-10-05,2022-09-28,70.81
2026-10-05,2022-09-29,71.72
2026-10-05,2022-09-30,72.34
2026-10-05,2022-10-03,72.34
2026-10-05,2022-10-04,73.38
2026-10-05,2022-10-05,73.34
2026-10-05,2022-10-06,73.23
2026-10-05,2022-10-11,73.29
2026-10-05,2022-10-12,73.82
2026-10-05,2022-10-13,73.29
2026-10-05,2022-10-14,72.59
2026-10-05,2022-10-17,71.08
2026-10-05,2022-10-18,71.97
2026-10-05,2022-10-19,71.7
2026-10-05,2022-10-20,71.88
2026-10-05,2022-10-21,72.05
2026-10-05,2022-10-24,72.13
2026-10-05,2022-10-25,72.23
2026-10-05,2022-10-26,72.07
2026-10-05,2022-10-27,71.44
2026-10-05,2022-10-28,71.8
2026-10-05,2022-10-31,72.66
2026-10-05,2022-11-01,71.87
2026-10-05,2022-11-02,73.21
2026-10-05,2022-11-03,73.19
2026-10-05,2022-11-04,73.88
2026-10-05,2022-11-07,73.47
2026-10-05,2022-11-08,74.03
2026-10-05,2022-11-09,73.63
2026-10-05,2022-11-10,74.31
2026-10-05,2022-11-11,73.93
2026-10-05,2022-11-14,73.21
2026-10-05,2022-11-15,73.56
2026-10-05,2022-11-16,74.1
2026-10-05,2022-11-17,74.79
2026-10-05,2022-11-18,74.62
2026-10-05,2022-11-22,73.32
2026-10-05,2022-11-23,74.1
2026-10-05,2022-11-24,74.47
2026-10-05,2022-11-25,73.95
2026-10-05,2022-11-28,73.64
2026-10-05,2022-11-29,74.93
2026-10-05,2022-11-30,74.88
2026-10-05,2022-12-01,73.93
2026-10-05,2022-12-02,73.96
2026-10-05,2022-12-05,74.1
2026-10-05,2022-12-06,73.95
2026-10-05,2022-12-07,73.61
2026-10-05,2022-12-12,72.21
2026-10-05,2022-12-13,72.56
2026-10-05,2022-12-14,73.26
2026-10-05,2022-12-15,72.5
2026-10-05,2022-12-16,73
2026-10-05,2022-12-19,73.24
2026-10-05,2022-12-20,73.25
2026-10-05,2022-12-21,73.52
2026-10-05,2022-12-22,72.85
2026-10-05,2022-12-23,72.73
2026-10-05,2022-12-26,73.7
2026-10-05,2022-12-27,72.25
2026-10-05,2022-12-28,74.6
2026-10-05,2022-12-29,72.19
2026-10-05,2022-12-30,73.82
2026-10-05,2023-01-02,73.62
2026-10-05,2023-01-03,73.94
2026-10-05,2023-01-04,74.42
2026-10-05,2023-01-05,73.84
2026-10-05,2023-01-06,73.82
2026-10-05,2023-01-09,73.95
2026-10-05,2023-01-10,73.77
2026-10-05,2023-01-11,74.1
2026-10-05,2023-01-12,73.89
2026-10-05,2023-01-13,73.49
2026-10-05,2023-01-16,73.23
2026-10-05,2023-01-17,73.8
2026-10-05,2023-01-18,73.98
2026-10-05,2023-01-19,74.86
2026-10-05,2023-01-20,74.56
2026-10-05,2023-01-23,75.05
2026-10-05,2023-01-24,75.8
2026-10-05,2023-01-25,75.74
2026-10-05,2023-01-26,75.71
2026-10-05,2023-01-27,75.5
2026-10-05,2023-01-30,75.38
2026-10-05,2023-01-31,75.41
2026-10-05,2023-02-01,75.04
2026-10-05,2023-02-02,74.35
2026-10-05,2023-02-03,75.29
2026-10-05,2023-02-06,74.71
2026-10-05,2023-02-07,75.4
2026-10-05,2023-02-08,75.61
2026-10-05,2023-02-09,75.39
2026-10-05,2023-02-10,75.78
2026-10-05,2023-02-13,75.54
2026-10-05,2023-02-14,75.59
2026-10-05,2023-02-15,75.04
2026-10-05,2023-02-16,75.64
2026-10-05,2023-02-17,75.4
2026-10-05,2023-02-22,73.75
2026-10-05,2023-02-23,75.31
2026-10-05,2023-02-24,74.87
2026-10-05,2023-02-27,75.13
2026-10-05,2023-02-28,74.77
2026-10-05,2023-03-01,74.53
2026-10-05,2023-03-02,74.6
2026-10-05,2023-03-03,75.21
2026-10-05,2023-03-06,73.91
2026-10-05,2023-03-07,74.85
2026-10-05,2023-03-08,74.53
2026-10-05,2023-03-09,73.83
2026-10-05,2023-03-10,74.54
2026-10-05,2023-03-13,75.34
2026-10-05,2023-03-14,75.49
2026-10-05,2023-03-15,75.66
2026-10-05,2023-03-16,74.96
2026-10-05,2023-03-17,75.88
2026-10-05,2023-03-20,74.33
2026-10-05,2023-03-21,75.15
2026-10-05,2023-03-22,74.44
2026-10-05,2023-03-23,75.75
2026-10-05,2023-03-27,75.86
2026-10-05,2023-03-28,74.74
2026-10-05,2023-03-29,75.29
2026-10-05,2023-03-30,75.96
2026-10-05,2023-03-31,76.15
2026-10-05,2023-04-03,75.9
2026-10-05,2023-04-04,75.79
2026-10-05,2023-04-05,75.73
2026-10-05,2023-04-10,74.45
2026-10-05,2023-04-11,75.7
2026-10-05,2023-04-12,75.78
2026-10-05,2023-04-13,75.93
2026-10-05,2023-04-14,76.1
2026-10-05,2023-04-17,74.98
2026-10-05,2023-04-18,75.03
2026-10-05,2023-04-19,74.97
2026-10-05,2023-04-20,75.28
2026-10-05,2023-04-21,76.07
2026-10-05,2023-04-24,76.26
2026-10-05,2023-04-25,75.82
2026-10-05,2023-04-26,74.74
2026-10-05,2023-04-27,81.16
2026-10-05,2023-04-28,84.38
2026-10-05,2023-05-02,85.45
2026-10-05,2023-05-03,85.54
2026-10-05,2023-05-04,86.32
2026-10-05,2023-05-05,86.29
2026-10-05,2023-05-08,86.52
2026-10-05,2023-05-09,85.93
2026-10-05,2023-05-10,86.27
2026-10-05,2023-05-11,86.08
2026-10-05,2023-05-12,86.1
2026-10-05,2023-05-15,87.98
2026-10-05,2023-05-16,89.57
2026-10-05,2023-05-17,90.98
2026-10-05,2023-05-18,91.07
2026-10-05,2023-05-19,91.26
2026-10-05,2023-05-22,90.88
2026-10-05,2023-05-23,90.92
2026-10-05,2023-05-24,91.49
2026-10-05,2023-05-29,90.66
2026-10-05,2023-05-30,92.64
2026-10-05,2023-05-31,92.45
2026-10-05,2023-06-01,92.07
2026-10-05,2023-06-02,93.15
2026-10-05,2023-06-05,92.26
2026-10-05,2023-06-06,91.85
2026-10-05,2023-06-07,91.76
2026-10-05,2023-06-08,92.2
2026-10-05,2023-06-09,92.02
2026-10-05,2023-06-12,92.38
2026-10-05,2023-06-13,92.86
2026-10-05,2023-06-14,92.51
2026-10-05,2023-06-15,90.27
2026-10-05,2023-06-16,93.39
2026-10-05,2023-06-21,90.72
2026-10-05,2023-06-22,92.69
2026-10-05,2023-06-23,94.89
2026-10-05,2023-06-26,90.97
2026-10-05,2023-06-27,93.34
2026-10-05,2023-06-28,89.65
2026-10-05,2023-06-29,91.64
2026-10-05,2023-06-30,93.65
2026-10-05,2023-07-03,91.2
2026-10-05,2023-07-04,92.2
2026-10-05,2023-07-05,91.53
2026-10-05,2023-07-06,92.16
2026-10-05,2023-07-07,92.23
2026-10-05,2023-07-10,90.91
2026-10-05,2023-07-11,92.11
2026-10-05,2023-07-12,91.54
2026-10-05,2023-07-13,92.03
2026-10-05,2023-07-14,92.57
2026-10-05,2023-07-17,90.46
2026-10-05,2023-07-18,92.54
2026-10-05,2023-07-19,92.46
2026-10-05,2023-07-20,91.84
2026-10-05,2023-07-21,92.47
2026-10-05,2023-07-24,92.07
2026-10-05,2023-07-25,91.89
2026-10-05,2023-07-26,90.89
2026-10-05,2023-07-27,90.12
2026-10-05,2023-07-28,92.36
2026-10-05,2023-07-31,91.35
2026-10-05,2023-08-01,92.22
2026-10-05,2023-08-02,91.54
2026-10-05,2023-08-03,92.31
2026-10-05,2023-08-04,92.85
2026-10-05,2023-08-07,92.16
2026-10-05,2023-08-08,92.14
2026-10-05,2023-08-09,92.9
2026-10-05,2023-08-10,93.04
2026-10-05,2023-08-11,92.42
2026-10-05,2023-08-14,108.58
2026-10-05,2023-08-15,107.49
2026-10-05,2023-08-16,109.97
2026-10-05,2023-08-17,110.71
2026-10-05,2023-08-18,110.45
2026-10-05,2023-08-22,105.78
2026-10-05,2023-08-23,109.92
2026-10-05,2023-08-24,111.28
2026-10-05,2023-08-25,111.31
2026-10-05,2023-08-28,112.92
2026-10-05,2023-08-29,104.53
2026-10-05,2023-08-30,111.54
2026-10-05,2023-08-31,113.94
2026-10-05,2023-09-01,115.72
2026-10-05,2023-09-04,112.44
2026-10-05,2023-09-05,113.15
2026-10-05,2023-09-06,112.25
2026-10-05,2023-09-07,112.61
2026-10-05,2023-09-08,113.97
2026-10-05,2023-09-11,112.84
2026-10-05,2023-09-12,113.21
2026-10-05,2023-09-13,113.14
2026-10-05,2023-09-14,114.15
2026-10-05,2023-09-15,112.39
2026-10-05,2023-09-18,114.22
2026-10-05,2023-09-19,113.86
2026-10-05,2023-09-20,114.03
2026-10-05,2023-09-21,113.77
2026-10-05,2023-09-22,114.68
2026-10-05,2023-09-25,114.39
2026-10-05,2023-09-26,114.79
2026-10-05,2023-09-27,111.69
2026-10-05,2023-09-28,112.2
2026-10-05,2023-09-29,114.14
2026-10-05,2023-10-02,113.92
2026-10-05,2023-10-03,114.66
2026-10-05,2023-10-04,115.44
2026-10-05,2023-10-05,114.29
2026-10-05,2023-10-06,113.87
2026-10-05,2023-10-09,112.19
2026-10-05,2023-10-10,112.82
2026-10-05,2023-10-11,113.52
2026-10-05,2023-10-12,114.01
2026-10-05,2023-10-17,123.39
2026-10-05,2023-10-18,125.02
2026-10-05,2023-10-19,127.2
2026-10-05,2023-10-20,129.85
2026-10-05,2023-10-23,129.87
2026-10-05,2023-10-24,129.37
2026-10-05,2023-10-25,130.72
2026-10-05,2023-10-26,129.5
2026-10-05,2023-10-27,127.79
2026-10-05,2023-10-30,127.13
2026-10-05,2023-10-31,130.57
2026-10-05,2023-11-01,129.74
2026-10-05,2023-11-02,129.56
2026-10-05,2023-11-03,129.18
2026-10-05,2023-11-07,129.64
2026-10-05,2023-11-08,127.58
2026-10-05,2023-11-09,129.63
2026-10-05,2023-11-10,129.88
2026-10-05,2023-11-13,129.12
2026-10-05,2023-11-14,130.27
2026-10-05,2023-11-15,126.58
2026-10-05,2023-11-16,129.75
2026-10-05,2023-11-17,130.59
2026-10-05,2023-11-21,124.32
2026-10-05,2023-11-22,129.63
2026-10-05,2023-11-23,128.1
2026-10-05,2023-11-24,127.69
2026-10-05,2023-11-27,126.95
2026-10-05,2023-11-28,124.03
2026-10-05,2023-11-29,127.29
2026-10-05,2023-11-30,127.09
2026-10-05,2023-12-01,125.3
2026-10-05,2023-12-04,124.15
2026-10-05,2023-12-05,122.9
2026-10-05,2023-12-06,122.08
2026-10-05,2023-12-07,117.59
2026-10-05,2023-12-11,116.25
2026-10-05,2023-12-12,116.11
2026-10-05,2023-12-13,112.91
2026-10-05,2023-12-14,111.34
2026-10-05,2023-12-15,108.3
2026-10-05,2023-12-18,107.76
2026-10-05,2023-12-19,106.1
2026-10-05,2023-12-20,104.68
2026-10-05,2023-12-21,106.44
2026-10-05,2023-12-22,108.61
2026-10-05,2023-12-26,107.53
2026-10-05,2023-12-27,103.24
2026-10-05,2023-12-28,102.73
2026-10-05,2023-12-29,105.02
2026-10-05,2024-01-02,105.13
2026-10-05,2024-01-03,106.96
2026-10-05,2024-01-04,106.03
2026-10-05,2024-01-05,105.16
2026-10-05,2024-01-08,105.94
2026-10-05,2024-01-09,105.26
2026-10-05,2024-01-10,105.64
2026-10-05,2024-01-11,104.61
2026-10-05,2024-01-12,105.02
2026-10-05,2024-01-15,101.98
2026-10-05,2024-01-16,104.27
2026-10-05,2024-01-17,104.02
2026-10-05,2024-01-18,103.65
2026-10-05,2024-01-19,105.07
2026-10-05,2024-01-22,101.45
2026-10-05,2024-01-23,104.77
2026-10-05,2024-01-24,104.15
2026-10-05,2024-01-25,102.45
2026-10-05,2024-01-26,103.41
2026-10-05,2024-01-29,99.24
2026-10-05,2024-01-30,99.88
2026-10-05,2024-01-31,102.66
2026-10-05,2024-02-01,102.53
2026-10-05,2024-02-02,103.62
2026-10-05,2024-02-05,102.71
2026-10-05,2024-02-06,102.84
2026-10-05,2024-02-07,102.74
2026-10-05,2024-02-08,103
2026-10-05,2024-02-09,102.79
2026-10-05,2024-02-14,105.22
2026-10-05,2024-02-15,103.11
2026-10-05,2024-02-16,105.09
2026-10-05,2024-02-19,103.5
2026-10-05,2024-02-20,101.67
2026-10-05,2024-02-21,104.84
2026-10-05,2024-02-22,104.38
2026-10-05,2024-02-23,104.09
2026-10-05,2024-02-26,103.05
2026-10-05,2024-02-27,103.22
2026-10-05,2024-02-28,103.79
2026-10-05,2024-02-29,104.5
2026-10-05,2024-03-01,103.98
2026-10-05,2024-03-04,103.94
2026-10-05,2024-03-05,104.62
2026-10-05,2024-03-06,104.48
2026-10-05,2024-03-07,103.42
2026-10-05,2024-03-08,103.13
2026-10-05,2024-03-11,103.68
2026-10-05,2024-03-12,93.99
2026-10-05,2024-03-13,87.24
2026-10-05,2024-03-14,86.28
2026-10-05,2024-03-15,83.98
2026-10-05,2024-03-18,83.59
2026-10-05,2024-03-19,83.6
2026-10-05,2024-03-20,85.11
2026-10-05,2024-03-21,83.46
2026-10-05,2024-03-22,84.25
2026-10-05,2024-03-25,82.63
2026-10-05,2024-03-26,83.81
2026-10-05,2024-03-27,83.67
2026-10-05,2024-04-03,84.14
2026-10-05,2024-04-04,83.65
2026-10-05,2024-04-05,83.31
2026-10-05,2024-04-08,83.58
2026-10-05,2024-04-09,82.85
2026-10-05,2024-04-10,83.4
2026-10-05,2024-04-11,79.28
2026-10-05,2024-04-12,76.83
2026-10-05,2024-04-15,74.29
2026-10-05,2024-04-16,75.98
2026-10-05,2024-04-17,73.9
2026-10-05,2024-04-18,72.88
2026-10-05,2024-04-19,72.67
2026-10-05,2024-04-22,72.08
2026-10-05,2024-04-23,73.91
2026-10-05,2024-04-24,73.02
2026-10-05,2024-04-25,67.73
2026-10-05,2024-04-26,66.42
2026-10-05,2024-04-29,65.54
2026-10-05,2024-04-30,64.14
2026-10-05,2024-05-02,59.28
2026-10-05,2024-05-03,55.45
2026-10-05,2024-05-06,54.36
2026-10-05,2024-05-07,53.17
2026-10-05,2024-05-08,53.01
2026-10-05,2024-05-09,52.82
2026-10-05,2024-05-10,52.24
2026-10-05,2024-05-13,51.97
2026-10-05,2024-05-14,51.81
2026-10-05,2024-05-15,46.41
2026-10-05,2024-05-16,44.02
2026-10-05,2024-05-17,42.93
2026-10-05,2024-05-20,42.33
2026-10-05,2024-05-21,42.62
2026-10-05,2024-05-22,43.03
2026-10-05,2024-05-23,41.96
2026-10-05,2024-05-24,43.32
2026-10-05,2024-05-27,43.89
2026-10-05,2024-05-28,44.7
2026-10-05,2024-05-29,44.59
2026-10-05,2024-05-30,45.49
2026-10-05,2024-05-31,44.28
2026-10-05,2024-06-03,44.94
2026-10-05,2024-06-04,44.62
2026-10-05,2024-06-05,45.13
2026-10-05,2024-06-06,44.87
2026-10-05,2024-06-07,44.87
2026-10-05,2024-06-10,43.9
2026-10-05,2024-06-11,43.41
2026-10-05,2024-06-12,44.07
2026-10-05,2024-06-13,44.57
2026-10-05,2024-06-14,45.43
2026-10-05,2024-06-18,45.64
2026-10-05,2024-06-19,44.58
2026-10-05,2024-06-24,43.37
2026-10-05,2024-06-25,44.06
2026-10-05,2024-06-26,43.58
2026-10-05,2024-06-27,43.57
2026-10-05,2024-06-28,43.66
2026-10-05,2024-07-01,44.11
2026-10-05,2024-07-02,44.22
2026-10-05,2024-07-03,42.87
2026-10-05,2024-07-04,43.15
2026-10-05,2024-07-05,44.41
2026-10-05,2024-07-08,45.12
2026-10-05,2024-07-10,44.62
2026-10-05,2024-07-11,46.71
2026-10-05,2024-07-12,45.3
2026-10-05,2024-07-15,45.48
2026-10-05,2024-07-16,45.47
2026-10-05,2024-07-17,45.66
2026-10-05,2024-07-18,45.92
2026-10-05,2024-07-19,46.43
2026-10-05,2024-07-22,46.73
2026-10-05,2024-07-23,46.76
2026-10-05,2024-07-24,46.44
2026-10-05,2024-07-25,45.53
2026-10-05,2024-07-26,46.8
2026-10-05,2024-07-29,46.8
2026-10-05,2024-07-30,46.94
2026-10-05,2024-07-31,48.11
2026-10-05,2024-08-01,46.54
2026-10-05,2024-08-02,45.26
2026-10-05,2024-08-05,45.58
2026-10-05,2024-08-06,45.95
2026-10-05,2024-08-07,45.66
2026-10-05,2024-08-08,45.27
2026-10-05,2024-08-09,45.7
2026-10-05,2024-08-12,46.26
2026-10-05,2024-08-13,46.15
2026-10-05,2024-08-14,47.33
2026-10-05,2024-08-15,47.29
2026-10-05,2024-08-16,47.43
2026-10-05,2024-08-19,46.36
2026-10-05,2024-08-20,47.48
2026-10-05,2024-08-21,46.96
2026-10-05,2024-08-22,46.29
2026-10-05,2024-08-23,46.14
2026-10-05,2024-08-26,47.52
2026-10-05,2024-08-27,47.76
2026-10-05,2024-08-28,47.36
2026-10-05,2024-08-29,47.55
2026-10-05,2024-08-30,47.72
2026-10-05,2024-09-02,47.78
2026-10-05,2024-09-03,48.28
2026-10-05,2024-09-04,47.92
2026-10-05,2024-09-05,47.68
2026-10-05,2024-09-06,48.08
2026-10-05,2024-09-09,47.86
2026-10-05,2024-09-10,48.25
2026-10-05,2024-09-11,47
2026-10-05,2024-09-12,47.43
2026-10-05,2024-09-13,47.05
2026-10-05,2024-09-16,47.41
2026-10-05,2024-09-17,47.51
2026-10-05,2024-09-18,47.38
2026-10-05,2024-09-19,47.84
2026-10-05,2024-09-20,47.7
2026-10-05,2024-09-23,48.19
2026-10-05,2024-09-24,48.25
2026-10-05,2024-09-25,47.66
2026-10-05,2024-09-26,48.33
2026-10-05,2024-09-27,48.89
2026-10-05,2024-09-30,48.9
2026-10-05,2024-10-01,51.65
2026-10-05,2024-10-02,48.53
2026-10-05,2024-10-03,48.08
2026-10-05,2024-10-04,48.64
2026-10-05,2024-10-07,49.2
2026-10-05,2024-10-08,48.1
2026-10-05,2024-10-09,47.84
2026-10-05,2024-10-10,48.94
2026-10-05,2024-10-14,50.28
2026-10-05,2024-10-15,50.57
2026-10-05,2024-10-16,49.01
2026-10-05,2024-10-17,50.12
2026-10-05,2024-10-18,50.24
2026-10-05,2024-10-21,51.1
2026-10-05,2024-10-22,49.29
2026-10-05,2024-10-23,50.04
2026-10-05,2024-10-24,50.07
2026-10-05,2024-10-25,50.69
2026-10-05,2024-10-28,50.68
2026-10-05,2024-10-29,50.68
2026-10-05,2024-10-30,50.69
2026-10-05,2024-10-31,53.44
2026-10-05,2024-11-01,47.18
2026-10-05,2024-11-04,45.58
2026-10-05,2024-11-05,45.04
2026-10-05,2024-11-07,47.29
2026-10-05,2024-11-08,44.48
2026-10-05,2024-11-11,45.15
2026-10-05,2024-11-12,43.85
2026-10-05,2024-11-13,42.91
2026-10-05,2024-11-14,43.6
2026-10-05,2024-11-15,43.53
2026-10-05,2024-11-19,43.97
2026-10-05,2024-11-20,43.74
2026-10-05,2024-11-21,43.16
2026-10-05,2024-11-22,42.82
2026-10-05,2024-11-25,43.04
2026-10-05,2024-11-26,42.37
2026-10-05,2024-11-27,42.65
2026-10-05,2024-11-28,42.99
2026-10-05,2024-11-29,42.44
2026-10-05,2024-12-02,42.52
2026-10-05,2024-12-03,42.25
2026-10-05,2024-12-04,42.17
2026-10-05,2024-12-05,42.04
2026-10-05,2024-12-06,40.63
2026-10-05,2024-12-09,40.03
2026-10-05,2024-12-10,39.32
2026-10-05,2024-12-11,39.4
2026-10-05,2024-12-12,38.35
2026-10-05,2024-12-13,39.93
2026-10-05,2024-12-16,38.44
2026-10-05,2024-12-17,38.71
2026-10-05,2024-12-18,38.48
2026-10-05,2024-12-19,38.81
2026-10-05,2024-12-20,37.88
2026-10-05,2024-12-23,38.17
2026-10-05,2024-12-26,38.09
2026-10-05,2024-12-27,39.23
2026-10-05,2024-12-30,39
2026-10-05,2025-01-02,39.58
2026-10-05,2025-01-03,38.12
2026-10-05,2025-01-06,38.18
2026-10-05,2025-01-07,38.35
2026-10-05,2025-01-08,37.88
2026-10-05,2025-01-09,37.96
2026-10-05,2025-01-10,37.88
2026-10-05,2025-01-13,37.97
2026-10-05,2025-01-14,37.84
2026-10-05,2025-01-15,38.54
2026-10-05,2025-01-16,38.39
2026-10-05,2025-01-17,38.59
2026-10-05,2025-01-20,38.78
2026-10-05,2025-01-21,38.69
2026-10-05,2025-01-22,38.16
2026-10-05,2025-01-23,39.09
2026-10-05,2025-01-24,38.96
2026-10-05,2025-01-27,38.68
2026-10-05,2025-01-28,38.58
2026-10-05,2025-01-29,38.95
2026-10-05,2025-01-30,41.58
2026-10-05,2025-01-31,37.89
2026-10-05,2025-02-03,37.02
2026-10-05,2025-02-04,36.57
2026-10-05,2025-02-05,37.01
2026-10-05,2025-02-06,36.48
2026-10-05,2025-02-07,35.98
2026-10-05,2025-02-10,36.36
2026-10-05,2025-02-11,35.59
2026-10-05,2025-02-12,35.54
2026-10-05,2025-02-13,35.58
2026-10-05,2025-02-14,35.49
2026-10-05,2025-02-17,35.61
2026-10-05,2025-02-18,35.88
2026-10-05,2025-02-19,35.56
2026-10-05,2025-02-20,35.73
2026-10-05,2025-02-21,35.45
2026-10-05,2025-02-24,36.18
2026-10-05,2025-02-25,35.58
2026-10-05,2025-02-26,35.8
2026-10-05,2025-02-27,35.15
2026-10-05,2025-02-28,35.05
2026-10-05,2025-03-05,34.87
2026-10-05,2025-03-06,35.14
2026-10-05,2025-03-07,34.8
2026-10-05,2025-03-10,35.02
2026-10-05,2025-03-11,34.97
2026-10-05,2025-03-12,36.12
2026-10-05,2025-03-13,35.2
2026-10-05,2025-03-14,35.12
2026-10-05,2025-03-17,35.32
2026-10-05,2025-03-18,35.53
2026-10-05,2025-03-19,36.08
2026-10-05,2025-03-20,35.96
2026-10-05,2025-03-21,37.04
2026-10-05,2025-03-25,36.22
2026-10-05,2025-03-26,35.9
2026-10-05,2025-03-27,35.59
2026-10-05,2025-03-28,35.74
2026-10-05,2025-03-31,36.04
2026-10-05,2025-04-01,36.09
2026-10-05,2025-04-03,37.05
2026-10-05,2025-04-04,36.95
2026-10-05,2025-04-07,37.91
2026-10-05,2025-04-08,37.33
2026-10-05,2025-04-09,38.17
2026-10-05,2025-04-10,38.49
2026-10-05,2025-04-11,44.47
2026-10-05,2025-04-14,53.91
2026-10-05,2025-04-15,52.55
2026-10-05,2025-04-16,53.6
2026-10-05,2025-04-21,45.04
2026-10-05,2025-04-22,41.67
2026-10-05,2025-04-23,39.95
2026-10-05,2025-04-24,38.14
2026-10-05,2025-04-25,38.24
2026-10-05,2025-04-28,38.23
2026-10-05,2025-04-29,39.3
2026-10-05,2025-04-30,39.08
2026-10-05,2025-05-05,38.11
2026-10-05,2025-05-06,38.22
2026-10-05,2025-05-07,38.04
2026-10-05,2025-05-08,37.81
2026-10-05,2025-05-09,37.03
2026-10-05,2025-05-12,36.92
2026-10-05,2025-05-13,36.85
2026-10-05,2025-05-14,36.73
2026-10-05,2025-05-15,36.52
2026-10-05,2025-05-16,36.63
2026-10-05,2025-05-19,36.86
2026-10-05,2025-05-20,36.64
2026-10-05,2025-05-21,36.77
2026-10-05,2025-05-22,36.58
2026-10-05,2025-05-23,36.73
2026-10-05,2025-05-26,36.7
2026-10-05,2025-05-27,36.49
2026-10-05,2025-05-28,36.45
2026-10-05,2025-05-29,36.63
2026-10-05,2025-05-30,36.77
2026-10-05,2025-06-02,37.13
2026-10-05,2025-06-03,37.3
2026-10-05,2025-06-04,37.24
2026-10-05,2025-06-05,37.54
2026-10-05,2025-06-06,36.92
2026-10-05,2025-06-09,37.55
2026-10-05,2025-06-10,36.66
2026-10-05,2025-06-11,35.99
2026-10-05,2025-06-12,36.22
2026-10-05,2025-06-13,36.05
2026-10-05,2025-06-17,36.04
2026-10-05,2025-06-18,36.64
2026-10-05,2025-06-19,36.71
2026-10-05,2025-06-23,37.49
2026-10-05,2025-06-24,37.09
2026-10-05,2025-06-25,36.96
2026-10-05,2025-06-26,37.44
2026-10-05,2025-06-27,37.27
2026-10-05,2025-06-30,38.15
2026-10-05,2025-07-01,38.16
2026-10-05,2025-07-02,38.81
2026-10-05,2025-07-03,37.9
2026-10-05,2025-07-04,37.35
2026-10-05,2025-07-07,36.81
2026-10-05,2025-07-08,36.47
2026-10-05,2025-07-10,35.77
2026-10-05,2025-07-11,33.81
2026-10-05,2025-07-14,31.55
2026-10-05,2025-07-15,34.56
2026-10-05,2025-07-16,37.67
2026-10-05,2025-07-17,38.65
2026-10-05,2025-07-18,40.52
2026-10-05,2025-07-21,54.11
2026-10-05,2025-07-22,86.32
2026-10-05,2025-07-23,70.37
2026-10-05,2025-07-24,62.69
2026-10-05,2025-07-25,57.56
2026-10-05,2025-07-28,57.9
2026-10-05,2025-07-29,61.6
2026-10-05,2025-07-30,56.42
2026-10-05,2025-07-31,57.2
2026-10-05,2025-08-01,57.25
2026-10-05,2025-08-04,56.28
2026-10-05,2025-08-05,55.78
2026-10-05,2025-08-06,56.64
2026-10-05,2025-08-07,62.72
2026-10-05,2025-08-08,68.99
2026-10-05,2025-08-11,76.05
2026-10-05,2025-08-12,77.4
2026-10-05,2025-08-13,80.87
2026-10-05,2025-08-14,91.43
2026-10-05,2025-08-18,93.29
2026-10-05,2025-08-19,89.71
2026-10-05,2025-08-20,74.32
2026-10-05,2025-08-21,82.28
2026-10-05,2025-08-22,86.94
2026-10-05,2025-08-25,86.37
2026-10-05,2025-08-26,86.78
2026-10-05,2025-08-27,83.84
2026-10-05,2025-08-28,81.46
2026-10-05,2025-08-29,77.72
2026-10-05,2025-09-01,76.09
2026-10-05,2025-09-02,73.64
2026-10-05,2025-09-03,70.61
2026-10-05,2025-09-04,67.15
2026-10-05,2025-09-05,66.25
2026-10-05,2025-09-08,73.77
2026-10-05,2025-09-09,65.82
2026-10-05,2025-09-10,59.81
2026-10-05,2025-09-11,56.21
2026-10-05,2025-09-12,52.77
2026-10-05,2025-09-15,50.53
2026-10-05,2025-09-16,49.57
2026-10-05,2025-09-17,48.79
2026-10-05,2025-09-18,49.34
2026-10-05,2025-09-19,50.43
2026-10-05,2025-09-22,53.39
2026-10-05,2025-09-23,54.76
2026-10-05,2025-09-24,51.66
2026-10-05,2025-09-25,50.05
2026-10-05,2025-09-26,48.07
2026-10-05,2025-09-29,45.16
2026-10-05,2025-09-30,44.02
2026-10-05,2025-10-01,44.38
2026-10-05,2025-10-02,44.54
2026-10-05,2025-10-03,45.06
2026-10-05,2025-10-06,46.13
2026-10-05,2025-10-07,52.92
2026-10-05,2025-10-08,66.87
2026-10-05,2025-10-09,79.29
2026-10-05,2025-10-13,83.67
2026-10-05,2025-10-14,129.5
2026-10-05,2025-10-15,190.76
2026-10-05,2025-10-16,144.8
2026-10-05,2025-10-17,85.02
2026-10-05,2025-10-20,67.18
2026-10-05,2025-10-21,59.38
2026-10-05,2025-10-22,58.04
2026-10-05,2025-10-23,61.7
2026-10-05,2025-10-24,86.48
2026-10-05,2025-10-27,89.56
2026-10-05,2025-10-28,135.36
2026-10-05,2025-10-29,84.43
2026-10-05,2025-10-30,67.74
2026-10-05,2025-10-31,61.52
2026-10-05,2025-11-03,49.2
2026-10-05,2025-11-04,45.9
2026-10-05,2025-11-05,42.76
2026-10-05,2025-11-07,41.07
2026-10-05,2025-11-10,39.62
2026-10-05,2025-11-11,39.75
2026-10-05,2025-11-12,38.79
2026-10-05,2025-11-13,37.65
2026-10-05,2025-11-14,37.5
2026-10-05,2025-11-17,37.75
2026-10-05,2025-11-18,36.61
2026-10-05,2025-11-19,35.41
2026-10-05,2025-11-20,34.69
2026-10-05,2025-11-25,33.85
2026-10-05,2025-11-26,34.06
2026-10-05,2025-11-27,33.93
2026-10-05,2025-11-28,32.57
2026-10-05,2025-12-01,32.62
2026-10-05,2025-12-02,28.04
2026-10-05,2025-12-03,27.07
2026-10-05,2025-12-04,25.99
2026-10-05,2025-12-05,24.8
2026-10-05,2025-12-09,24.83
2026-10-05,2025-12-10,25.6
2026-10-05,2025-12-11,25.42
2026-10-05,2025-12-12,25.8
2026-10-05,2025-12-15,25.44
2026-10-05,2025-12-16,26.17
2026-10-05,2025-12-17,24.45
2026-10-05,2025-12-18,24.91
2026-10-05,2025-12-19,25.46
2026-10-05,2025-12-22,25.81
2026-10-05,2025-12-23,29.27
2026-10-05,2025-12-26,31.25
2026-10-05,2025-12-29,33.76
2026-10-05,2025-12-30,59.35
2026-10-05,2026-01-02,56.52
2026-10-05,2026-01-05,40.3
2026-10-05,2026-01-06,45.4
2026-10-05,2026-01-07,47.08
2026-10-05,2026-01-08,46.44
2026-10-05,2026-01-09,42.65
2026-10-05,2026-01-12,41.58
2026-10-05,2026-01-13,49.99
2026-10-05,2026-01-14,50.81
2026-10-05,2026-01-15,48.28
2026-10-05,2026-01-16,47.8
2026-10-05,2026-01-19,47.66
2026-10-05,2026-01-20,47.44
2026-10-05,2026-01-21,46.65
2026-10-05,2026-01-22,46.58
2026-10-05,2026-01-23,45.14
2026-10-05,2026-01-26,40.37
2026-10-05,2026-01-27,34.71
2026-10-05,2026-01-28,32.49
2026-10-05,2026-01-29,34.63
2026-10-05,2026-01-30,33.4
2026-10-05,2026-02-02,36.85
2026-10-05,2026-02-03,39.52
2026-10-05,2026-02-04,35.64
2026-10-05,2026-02-05,34.08
2026-10-05,2026-02-06,32.97
2026-10-05,2026-02-09,32.14
2026-10-05,2026-02-10,31.25
2026-10-05,2026-02-11,30.75
2026-10-05,2026-02-12,35.21
2026-10-05,2026-02-13,40.14
2026-10-05,2026-02-18,40.55
2026-10-05,2026-02-19,49.11
2026-10-05,2026-02-20,49.51
2026-10-05,2026-02-23,47.19
2026-10-05,2026-02-24,43.65
2026-10-05,2026-02-25,38.75
2026-10-05,2026-02-26,35.21
2026-10-05,2026-02-27,30.97
2026-10-05,2026-03-02,31.16
2026-10-05,2026-03-03,29.51
2026-10-05,2026-03-04,28.24
2026-10-05,2026-03-05,28.27
2026-10-05,2026-03-06,28.08
2026-10-05,2026-03-09,27.4
2026-10-05,2026-03-10,28.63
2026-10-05,2026-03-11,28.2
2026-10-05,2026-03-12,27.82
2026-10-05,2026-03-13,29.22
2026-10-05,2026-03-16,28.45
2026-10-05,2026-03-17,28.57
2026-10-05,2026-03-18,27.42
2026-10-05,2026-03-19,26.6
2026-10-05,2026-03-20,27.13
2026-10-05,2026-03-25,26.43
2026-10-05,2026-03-26,26.25
2026-10-05,2026-03-27,26.5
2026-10-05,2026-03-30,26
2026-10-05,2026-03-31,26.98
2026-10-05,2026-04-01,25.69
2026-10-05,2026-04-06,26.48
2026-10-05,2026-04-07,26.31
2026-10-05,2026-04-08,26.35
2026-10-05,2026-04-09,26.5
2026-10-05,2026-04-10,26.75
2026-10-05,2026-04-13,26.21
2026-10-05,2026-04-14,25.79
2026-10-05,2026-04-15,25.82
2026-10-05,2026-04-16,25.81
2026-10-05,2026-04-17,25.64
2026-10-05,2026-04-20,25.59
2026-10-05,2026-04-21,25.41
2026-10-05,2026-04-22,25.29
2026-10-05,2026-04-23,25.25
2026-10-05,2026-04-24,25.16
2026-10-05,2026-04-27,25.3
2026-10-05,2026-04-28,25.9
2026-10-05,2026-04-29,26.17
2026-10-05,2026-04-30,26.75
2026-10-05,2026-05-04,26.67
2026-10-05,2026-05-05,26.35
2026-10-05,2026-05-06,25.74
2026-10-05,2026-05-07,25.3
2026-10-05,2026-05-08,25.44
2026-10-05,2026-05-11,25
2026-10-05,2026-05-12,24.9
2026-10-05,2026-05-13,24.64
2026-10-05,2026-05-14,24.69
2026-10-05,2026-05-15,24.79
2026-10-05,2026-05-18,24.69
2026-10-05,2026-05-19,24.73
2026-10-05,2026-05-20,24.89
2026-10-05,2026-05-21,24.96
2026-10-05,2026-05-22,25.31
2026-10-05,2026-05-26,25.26
2026-10-05,2026-05-27,25.18
2026-10-05,2026-05-28,25.16
2026-10-05,2026-05-29,25.29
2026-10-05,2026-06-01,25.1
2026-10-05,2026-06-02,25.45
2026-10-05,2026-06-03,24.87
2026-10-05,2026-06-04,24.79
2026-10-05,2026-06-05,25.06
2026-10-05,2026-06-08,24.75
2026-10-05,2026-06-09,25.16
2026-10-05,2026-06-10,24.56
2026-10-05,2026-06-11,25.13
2026-10-05,2026-06-12,25.38
2026-10-05,2026-06-16,26.18
2026-10-05,2026-06-17,25.62
2026-10-05,2026-06-18,25.99
2026-10-05,2026-06-19,25.74
2026-10-05,2026-06-22,25.79
2026-10-05,2026-06-23,26.05
2026-10-05,2026-06-24,25.31
2026-10-05,2026-06-25,25.82
2026-10-05,2026-06-26,28.7
2026-10-05,2026-06-29,28.45
2026-10-05,2026-06-30,26.19
2026-10-05,2026-07-01,25.37
2026-10-05,2026-07-02,25.19
2026-10-05,2026-07-03,25.97
2026-10-05,2026-07-06,25.42
2026-10-05,2026-07-07,25.29
2026-10-05,2026-07-08,25.33
2026-10-05,2026-07-13,25.22
2026-10-05,2026-07-14,25.72
2026-10-05,2026-07-15,25.43
2026-10-05,2026-07-16,25.65
2026-10-05,2026-07-17,25.58
2026-10-05,2026-07-20,25.49
2026-10-05,2026-07-21,25.53
2026-10-05,2026-07-22,25.39
2026-10-05,2026-07-23,25.66
2026-10-05,2026-07-24,25.51
2026-10-05,2026-07-27,25.56
2026-10-05,2026-07-28,25.71
2026-10-05,2026-07-29,24.99
2026-10-05,2026-07-30,26.25
2026-10-05,2026-07-31,28.65
2026-10-05,2026-08-03,27.39
2026-10-05,2026-08-04,26.21
2026-10-05,2026-08-05,27.07
2026-10-05,2026-08-06,27.27
2026-10-05,2026-08-07,27.11
2026-10-05,2026-08-10,26.9
2026-10-05,2026-08-11,26.97
2026-10-05,2026-08-12,27.03
2026-10-05,2026-08-13,27.16
2026-10-05,2026-08-14,28.68
2026-10-05,2026-08-18,29.85
2026-10-05,2026-08-19,31.95
2026-10-05,2026-08-20,32.9
2026-10-05,2026-08-21,30.49
2026-10-05,2026-08-24,30.49
2026-10-05,2026-08-25,28.25
2026-10-05,2026-08-26,28.07
2026-10-05,2026-08-27,27.62
2026-10-05,2026-08-28,26.99
2026-10-05,2026-08-31,26.78
2026-10-05,2026-09-01,26.53
2026-10-05,2026-09-02,26.27
2026-10-05,2026-09-03,25.82
2026-10-05,2026-09-04,25.4
2026-10-05,2026-09-07,25.37
2026-10-05,2026-09-08,25.1
2026-10-05,2026-09-09,24.78
2026-10-05,2026-09-10,25.44
2026-10-05,2026-09-11,24.63
2026-10-05,2026-09-14,24.75
2026-10-05,2026-09-15,25.34
2026-10-05,2026-09-16,25.39
2026-10-05,2026-09-17,25.44
2026-10-05,2026-09-18,25.39
2026-10-05,2026-09-21,25.52
2026-10-05,2026-09-22,25.22
2026-10-05,2026-09-23,25.12
2026-10-05,2026-09-24,25.2
2026-10-05,2026-09-25,25.03
2026-10-05,2026-09-28,25.25
2026-10-05,2026-09-29,25.58
2026-10-05,2026-09-30,26.91
2026-10-05,2026-10-01,27.03
2026-10-05,2026-10-02,26.82
2026-10-06,2026-10-05,25.69
