vintage,date,value
2026-10-05,2002-12-31,624
2026-10-05,2003-01-02,642
2026-10-05,2003-01-03,650
2026-10-05,2003-01-06,649
2026-10-05,2003-01-07,650
2026-10-05,2003-01-08,656
2026-10-05,2003-01-09,658
2026-10-05,2003-01-10,660
2026-10-05,2003-01-13,661
2026-10-05,2003-01-14,664
2026-10-05,2003-01-15,660
2026-10-05,2003-01-16,670
2026-10-05,2003-01-17,670
2026-10-05,2003-01-20,666
2026-10-05,2003-01-21,667
2026-10-05,2003-01-22,675
2026-10-05,2003-01-23,673
2026-10-05,2003-01-24,680
2026-10-05,2003-01-27,679
2026-10-05,2003-01-28,667
2026-10-05,2003-01-29,665
2026-10-05,2003-01-30,667
2026-10-05,2003-01-31,674
2026-10-05,2003-02-03,671
2026-10-05,2003-02-04,679
2026-10-05,2003-02-05,679
2026-10-05,2003-02-06,686
2026-10-05,2003-02-07,687
2026-10-05,2003-02-10,682
2026-10-05,2003-02-11,688
2026-10-05,2003-02-12,691
2026-10-05,2003-02-13,691
2026-10-05,2003-02-14,692
2026-10-05,2003-02-17,696
2026-10-05,2003-02-18,697
2026-10-05,2003-02-19,700
2026-10-05,2003-02-20,706
2026-10-05,2003-02-21,711
2026-10-05,2003-02-24,714
2026-10-05,2003-02-25,715
2026-10-05,2003-02-26,709
2026-10-05,2003-02-27,713
2026-10-05,2003-02-28,751
2026-10-05,2003-03-03,721
2026-10-05,2003-03-04,723
2026-10-05,2003-03-05,720
2026-10-05,2003-03-06,720
2026-10-05,2003-03-07,723
2026-10-05,2003-03-10,724
2026-10-05,2003-03-11,744
2026-10-05,2003-03-12,739
2026-10-05,2003-03-13,743
2026-10-05,2003-03-14,745
2026-10-05,2003-03-17,744
2026-10-05,2003-03-18,741
2026-10-05,2003-03-19,743
2026-10-05,2003-03-20,749
2026-10-05,2003-03-21,751
2026-10-05,2003-03-24,742
2026-10-05,2003-03-25,742
2026-10-05,2003-03-26,739
2026-10-05,2003-03-27,743
2026-10-05,2003-03-28,765
2026-10-05,2003-04-01,753
2026-10-05,2003-04-02,755
2026-10-05,2003-04-03,762
2026-10-05,2003-04-04,764
2026-10-05,2003-04-07,766
2026-10-05,2003-04-08,756
2026-10-05,2003-04-09,776
2026-10-05,2003-04-10,779
2026-10-05,2003-04-11,784
2026-10-05,2003-04-14,791
2026-10-05,2003-04-15,798
2026-10-05,2003-04-16,801
2026-10-05,2003-04-21,804
2026-10-05,2003-04-22,810
2026-10-05,2003-04-23,814
2026-10-05,2003-04-24,808
2026-10-05,2003-04-25,822
2026-10-05,2003-04-28,827
2026-10-05,2003-04-29,826
2026-10-05,2003-04-30,856
2026-10-05,2003-05-02,830
2026-10-05,2003-05-05,833
2026-10-05,2003-05-06,838
2026-10-05,2003-05-07,906
2026-10-05,2003-05-08,931
2026-10-05,2003-05-09,929
2026-10-05,2003-05-12,938
2026-10-05,2003-05-13,934
2026-10-05,2003-05-14,934
2026-10-05,2003-05-15,975
2026-10-05,2003-05-16,948
2026-10-05,2003-05-19,956
2026-10-05,2003-05-20,956
2026-10-05,2003-05-21,959
2026-10-05,2003-05-22,959
2026-10-05,2003-05-23,968
2026-10-05,2003-05-26,979
2026-10-05,2003-05-27,987
2026-10-05,2003-05-28,981
2026-10-05,2003-05-29,983
2026-10-05,2003-05-30,1014
2026-10-05,2003-06-02,1001
2026-10-05,2003-06-03,1019
2026-10-05,2003-06-04,1027
2026-10-05,2003-06-05,1028
2026-10-05,2003-06-06,1029
2026-10-05,2003-06-09,1033
2026-10-05,2003-06-10,1048
2026-10-05,2003-06-11,1053
2026-10-05,2003-06-12,1054
2026-10-05,2003-06-13,1053
2026-10-05,2003-06-17,1066
2026-10-05,2003-06-18,1071
2026-10-05,2003-06-19,1074
2026-10-05,2003-06-20,1091
2026-10-05,2003-06-23,1091
2026-10-05,2003-06-24,1095
2026-10-05,2003-06-25,1094
2026-10-05,2003-06-26,1090
2026-10-05,2003-06-27,1099
2026-10-05,2003-06-30,1102
2026-10-05,2003-07-01,1095
2026-10-05,2003-07-02,1101
2026-10-05,2003-07-03,1105
2026-10-05,2003-07-04,1115
2026-10-05,2003-07-07,1119
2026-10-05,2003-07-08,1120
2026-10-05,2003-07-10,1135
2026-10-05,2003-07-11,1136
2026-10-05,2003-07-14,1134
2026-10-05,2003-07-15,1138
2026-10-05,2003-07-16,1144
2026-10-05,2003-07-17,1153
2026-10-05,2003-07-18,1160
2026-10-05,2003-07-21,1165
2026-10-05,2003-07-22,1165
2026-10-05,2003-07-23,1173
2026-10-05,2003-07-24,1175
2026-10-05,2003-07-25,1176
2026-10-05,2003-07-28,1177
2026-10-05,2003-07-29,1199
2026-10-05,2003-07-30,1204
2026-10-05,2003-07-31,1206
2026-10-05,2003-08-01,1214
2026-10-05,2003-08-04,1211
2026-10-05,2003-08-05,1216
2026-10-05,2003-08-06,1226
2026-10-05,2003-08-07,1243
2026-10-05,2003-08-08,1256
2026-10-05,2003-08-11,1252
2026-10-05,2003-08-12,1254
2026-10-05,2003-08-13,1269
2026-10-05,2003-08-14,1260
2026-10-05,2003-08-15,1269
2026-10-05,2003-08-19,1285
2026-10-05,2003-08-20,1291
2026-10-05,2003-08-21,1293
2026-10-05,2003-08-22,1295
2026-10-05,2003-08-25,1299
2026-10-05,2003-08-26,1310
2026-10-05,2003-08-27,1308
2026-10-05,2003-08-28,1321
2026-10-05,2003-08-29,1327
2026-10-05,2003-09-01,1325
2026-10-05,2003-09-02,1330
2026-10-05,2003-09-03,1332
2026-10-05,2003-09-04,1337
2026-10-05,2003-09-05,1343
2026-10-05,2003-09-08,1352
2026-10-05,2003-09-09,1361
2026-10-05,2003-09-10,1368
2026-10-05,2003-09-11,1367
2026-10-05,2003-09-12,1372
2026-10-05,2003-09-15,1378
2026-10-05,2003-09-16,1380
2026-10-05,2003-09-17,1382
2026-10-05,2003-09-18,1393
2026-10-05,2003-09-19,1396
2026-10-05,2003-09-22,1413
2026-10-05,2003-09-23,1416
2026-10-05,2003-09-24,1429
2026-10-05,2003-09-25,1416
2026-10-05,2003-09-26,1418
2026-10-05,2003-09-29,1421
2026-10-05,2003-09-30,1429
2026-10-05,2003-10-01,1430
2026-10-05,2003-10-02,1433
2026-10-05,2003-10-03,1432
2026-10-05,2003-10-06,1434
2026-10-05,2003-10-07,1442
2026-10-05,2003-10-08,1456
2026-10-05,2003-10-09,1461
2026-10-05,2003-10-10,1457
2026-10-05,2003-10-14,1464
2026-10-05,2003-10-15,1468
2026-10-05,2003-10-16,1471
2026-10-05,2003-10-17,1469
2026-10-05,2003-10-20,1474
2026-10-05,2003-10-21,1478
2026-10-05,2003-10-22,1485
2026-10-05,2003-10-23,1485
2026-10-05,2003-10-24,1489
2026-10-05,2003-10-27,1494
2026-10-05,2003-10-28,1494
2026-10-05,2003-10-29,1493
2026-10-05,2003-10-30,1485
2026-10-05,2003-10-31,1498
2026-10-05,2003-11-03,1498
2026-10-05,2003-11-04,1499
2026-10-05,2003-11-05,1498
2026-10-05,2003-11-07,1496
2026-10-05,2003-11-10,1521
2026-10-05,2003-11-11,1522
2026-10-05,2003-11-12,1520
2026-10-05,2003-11-13,1521
2026-10-05,2003-11-14,1524
2026-10-05,2003-11-17,1530
2026-10-05,2003-11-18,1530
2026-10-05,2003-11-19,1530
2026-10-05,2003-11-20,1529
2026-10-05,2003-11-21,1530
2026-10-05,2003-11-24,1531
2026-10-05,2003-11-25,1540
2026-10-05,2003-11-26,1542
2026-10-05,2003-11-27,1551
2026-10-05,2003-11-28,1632
2026-10-05,2003-12-01,1643
2026-10-05,2003-12-02,1644
2026-10-05,2003-12-03,1642
2026-10-05,2003-12-04,1646
2026-10-05,2003-12-05,1641
2026-10-05,2003-12-09,1642
2026-10-05,2003-12-10,1646
2026-10-05,2003-12-11,1646
2026-10-05,2003-12-12,1654
2026-10-05,2003-12-15,1672
2026-10-05,2003-12-16,1699
2026-10-05,2003-12-17,1703
2026-10-05,2003-12-18,1728
2026-10-05,2003-12-19,1732
2026-10-05,2003-12-22,1741
2026-10-05,2003-12-23,1736
2026-10-05,2003-12-24,1734
2026-10-05,2003-12-26,1739
2026-10-05,2003-12-29,1746
2026-10-05,2003-12-30,1747
2026-10-05,2003-12-31,1754
2026-10-05,2004-01-02,1758
2026-10-05,2004-01-05,1768
2026-10-05,2004-01-06,1770
2026-10-05,2004-01-07,1773
2026-10-05,2004-01-08,1773
2026-10-05,2004-01-09,1783
2026-10-05,2004-01-12,1779
2026-10-05,2004-01-13,1798
2026-10-05,2004-01-14,1799
2026-10-05,2004-01-15,1807
2026-10-05,2004-01-16,1805
2026-10-05,2004-01-19,1809
2026-10-05,2004-01-20,1811
2026-10-05,2004-01-21,1823
2026-10-05,2004-01-22,1819
2026-10-05,2004-01-23,1825
2026-10-05,2004-01-26,1831
2026-10-05,2004-01-27,1838
2026-10-05,2004-01-28,1839
2026-10-05,2004-01-29,1840
2026-10-05,2004-01-30,1845
2026-10-05,2004-02-02,1842
2026-10-05,2004-02-03,1850
2026-10-05,2004-02-04,1849
2026-10-05,2004-02-05,1852
2026-10-05,2004-02-06,1851
2026-10-05,2004-02-09,1854
2026-10-05,2004-02-10,1855
2026-10-05,2004-02-11,1852
2026-10-05,2004-02-12,1864
2026-10-05,2004-02-13,1864
2026-10-05,2004-02-16,1869
2026-10-05,2004-02-17,1878
2026-10-05,2004-02-18,1874
2026-10-05,2004-02-19,1886
2026-10-05,2004-02-20,1889
2026-10-05,2004-02-23,1886
2026-10-05,2004-02-24,1890
2026-10-05,2004-02-25,1890
2026-10-05,2004-02-26,1887
2026-10-05,2004-02-27,1902
2026-10-05,2004-03-01,1898
2026-10-05,2004-03-02,1912
2026-10-05,2004-03-03,1911
2026-10-05,2004-03-04,1913
2026-10-05,2004-03-05,1919
2026-10-05,2004-03-08,1847
2026-10-05,2004-03-09,1844
2026-10-05,2004-03-10,1849
2026-10-05,2004-03-11,1850
2026-10-05,2004-03-12,1848
2026-10-05,2004-03-15,1850
2026-10-05,2004-03-16,1863
2026-10-05,2004-03-17,1867
2026-10-05,2004-03-18,1868
2026-10-05,2004-03-19,1879
2026-10-05,2004-03-22,1855
2026-10-05,2004-03-23,1861
2026-10-05,2004-03-24,1870
2026-10-05,2004-03-25,1875
2026-10-05,2004-03-26,1876
2026-10-05,2004-03-29,1883
2026-10-05,2004-03-30,1901
2026-10-05,2004-03-31,1911
2026-10-05,2004-04-01,1900
2026-10-05,2004-04-02,1927
2026-10-05,2004-04-06,1932
2026-10-05,2004-04-07,1931
2026-10-05,2004-04-12,1936
2026-10-05,2004-04-13,1944
2026-10-05,2004-04-14,1942
2026-10-05,2004-04-15,1948
2026-10-05,2004-04-16,1953
2026-10-05,2004-04-19,1957
2026-10-05,2004-04-20,1955
2026-10-05,2004-04-21,1962
2026-10-05,2004-04-22,1962
2026-10-05,2004-04-23,1967
2026-10-05,2004-04-26,1969
2026-10-05,2004-04-27,1974
2026-10-05,2004-04-28,1986
2026-10-05,2004-04-29,1983
2026-10-05,2004-04-30,1977
2026-10-05,2004-05-03,1987
2026-10-05,2004-05-04,2017
2026-10-05,2004-05-05,2081
2026-10-05,2004-05-06,2117
2026-10-05,2004-05-07,2132
2026-10-05,2004-05-10,2133
2026-10-05,2004-05-11,2143
2026-10-05,2004-05-12,2152
2026-10-05,2004-05-13,2162
2026-10-05,2004-05-14,2192
2026-10-05,2004-05-17,2178
2026-10-05,2004-05-18,2178
2026-10-05,2004-05-19,2191
2026-10-05,2004-05-20,2190
2026-10-05,2004-05-21,2198
2026-10-05,2004-05-24,2181
2026-10-05,2004-05-26,2206
2026-10-05,2004-05-27,2213
2026-10-05,2004-05-28,2238
2026-10-05,2004-05-31,2227
2026-10-05,2004-06-01,2219
2026-10-05,2004-06-02,2213
2026-10-05,2004-06-03,2210
2026-10-05,2004-06-04,2222
2026-10-05,2004-06-07,2225
2026-10-05,2004-06-08,2223
2026-10-05,2004-06-09,2228
2026-10-05,2004-06-10,2235
2026-10-05,2004-06-11,2241
2026-10-05,2004-06-14,2249
2026-10-05,2004-06-15,2246
2026-10-05,2004-06-16,2243
2026-10-05,2004-06-17,2243
2026-10-05,2004-06-18,2248
2026-10-05,2004-06-22,2289
2026-10-05,2004-06-23,2283
2026-10-05,2004-06-24,2277
2026-10-05,2004-06-25,2273
2026-10-05,2004-06-28,2272
2026-10-05,2004-06-29,2278
2026-10-05,2004-06-30,2300
2026-10-05,2004-07-01,2292
2026-10-05,2004-07-02,2289
2026-10-05,2004-07-05,2304
2026-10-05,2004-07-06,2302
2026-10-05,2004-07-07,2295
2026-10-05,2004-07-08,2303
2026-10-05,2004-07-12,2308
2026-10-05,2004-07-13,2309
2026-10-05,2004-07-14,2287
2026-10-05,2004-07-15,2291
2026-10-05,2004-07-16,2312
2026-10-05,2004-07-19,2310
2026-10-05,2004-07-20,2324
2026-10-05,2004-07-21,2320
2026-10-05,2004-07-22,2347
2026-10-05,2004-07-23,2343
2026-10-05,2004-07-26,2340
2026-10-05,2004-07-27,2335
2026-10-05,2004-07-28,2325
2026-10-05,2004-07-29,2327
2026-10-05,2004-07-30,2319
2026-10-05,2004-08-02,2330
2026-10-05,2004-08-03,2327
2026-10-05,2004-08-04,2329
2026-10-05,2004-08-05,2345
2026-10-05,2004-08-06,2337
2026-10-05,2004-08-09,2337
2026-10-05,2004-08-10,2336
2026-10-05,2004-08-11,2350
2026-10-05,2004-08-12,2361
2026-10-05,2004-08-13,2363
2026-10-05,2004-08-17,2368
2026-10-05,2004-08-18,2373
2026-10-05,2004-08-19,2377
2026-10-05,2004-08-20,2374
2026-10-05,2004-08-23,2378
2026-10-05,2004-08-24,2393
2026-10-05,2004-08-25,2396
2026-10-05,2004-08-26,2396
2026-10-05,2004-08-27,2397
2026-10-05,2004-08-30,2395
2026-10-05,2004-08-31,2401
2026-10-05,2004-09-01,2403
2026-10-05,2004-09-02,2407
2026-10-05,2004-09-03,2413
2026-10-05,2004-09-06,2421
2026-10-05,2004-09-07,2434
2026-10-05,2004-09-08,2427
2026-10-05,2004-09-09,2426
2026-10-05,2004-09-10,2431
2026-10-05,2004-09-13,2430
2026-10-05,2004-09-14,2442
2026-10-05,2004-09-15,2430
2026-10-05,2004-09-16,2443
2026-10-05,2004-09-17,2439
2026-10-05,2004-09-20,2433
2026-10-05,2004-09-21,2433
2026-10-05,2004-09-22,2447
2026-10-05,2004-09-23,2437
2026-10-05,2004-09-24,2447
2026-10-05,2004-09-27,2455
2026-10-05,2004-09-28,2452
2026-10-05,2004-09-29,2458
2026-10-05,2004-09-30,2457
2026-10-05,2004-10-01,2443
2026-10-05,2004-10-04,2451
2026-10-05,2004-10-05,2453
2026-10-05,2004-10-06,2457
2026-10-05,2004-10-07,2464
2026-10-05,2004-10-08,2471
2026-10-05,2004-10-12,2462
2026-10-05,2004-10-13,2463
2026-10-05,2004-10-14,2461
2026-10-05,2004-10-15,2464
2026-10-05,2004-10-18,2463
2026-10-05,2004-10-19,2457
2026-10-05,2004-10-20,2456
2026-10-05,2004-10-21,2459
2026-10-05,2004-10-22,2455
2026-10-05,2004-10-25,2459
2026-10-05,2004-10-26,2464
2026-10-05,2004-10-27,2460
2026-10-05,2004-10-28,2451
2026-10-05,2004-10-29,2456
2026-10-05,2004-11-01,2448
2026-10-05,2004-11-02,2445
2026-10-05,2004-11-03,2446
2026-10-05,2004-11-04,2442
2026-10-05,2004-11-05,2424
2026-10-05,2004-11-08,2433
2026-10-05,2004-11-09,2429
2026-10-05,2004-11-10,2430
2026-10-05,2004-11-11,2428
2026-10-05,2004-11-12,2433
2026-10-05,2004-11-15,2437
2026-10-05,2004-11-16,2435
2026-10-05,2004-11-17,2433
2026-10-05,2004-11-18,2427
2026-10-05,2004-11-19,2440
2026-10-05,2004-11-22,2443
2026-10-05,2004-11-23,2452
2026-10-05,2004-11-24,2448
2026-10-05,2004-11-25,2449
2026-10-05,2004-11-26,2452
2026-10-05,2004-11-29,2455
2026-10-05,2004-11-30,2458
2026-10-05,2004-12-01,2458
2026-10-05,2004-12-02,2455
2026-10-05,2004-12-03,2439
2026-10-05,2004-12-06,2447
2026-10-05,2004-12-07,2446
2026-10-05,2004-12-09,2458
2026-10-05,2004-12-10,2456
2026-10-05,2004-12-13,2462
2026-10-05,2004-12-14,2465
2026-10-05,2004-12-15,2473
2026-10-05,2004-12-16,2479
2026-10-05,2004-12-17,2469
2026-10-05,2004-12-20,2471
2026-10-05,2004-12-21,2470
2026-10-05,2004-12-22,2475
2026-10-05,2004-12-23,2483
2026-10-05,2004-12-24,2490
2026-10-05,2004-12-27,2496
2026-10-05,2004-12-28,2495
2026-10-05,2004-12-29,2491
2026-10-05,2004-12-30,2492
2026-10-05,2004-12-31,2500
2026-10-05,2005-01-03,2489
2026-10-05,2005-01-04,2489
2026-10-05,2005-01-05,2492
2026-10-05,2005-01-06,2493
2026-10-05,2005-01-07,2502
2026-10-05,2005-01-10,2499
2026-10-05,2005-01-11,2502
2026-10-05,2005-01-12,2505
2026-10-05,2005-01-13,2508
2026-10-05,2005-01-14,2517
2026-10-05,2005-01-17,2525
2026-10-05,2005-01-18,2526
2026-10-05,2005-01-19,2534
2026-10-05,2005-01-20,2541
2026-10-05,2005-01-21,2543
2026-10-05,2005-01-24,2541
2026-10-05,2005-01-25,2538
2026-10-05,2005-01-26,2539
2026-10-05,2005-01-27,2550
2026-10-05,2005-01-28,2571
2026-10-05,2005-01-31,2585
2026-10-05,2005-02-01,2580
2026-10-05,2005-02-02,2574
2026-10-05,2005-02-03,2578
2026-10-05,2005-02-04,2580
2026-10-05,2005-02-07,2578
2026-10-05,2005-02-08,2572
2026-10-05,2005-02-09,2576
2026-10-05,2005-02-10,2575
2026-10-05,2005-02-11,2581
2026-10-05,2005-02-14,2591
2026-10-05,2005-02-15,2585
2026-10-05,2005-02-16,2590
2026-10-05,2005-02-17,2597
2026-10-05,2005-02-18,2600
2026-10-05,2005-02-21,2597
2026-10-05,2005-02-22,2597
2026-10-05,2005-02-23,2605
2026-10-05,2005-02-24,2600
2026-10-05,2005-02-25,2598
2026-10-05,2005-02-28,2622
2026-10-05,2005-03-01,2612
2026-10-05,2005-03-02,2614
2026-10-05,2005-03-03,2616
2026-10-05,2005-03-04,2610
2026-10-05,2005-03-07,2619
2026-10-05,2005-03-08,2611
2026-10-05,2005-03-09,2617
2026-10-05,2005-03-10,2617
2026-10-05,2005-03-11,2628
2026-10-05,2005-03-14,2648
2026-10-05,2005-03-15,2644
2026-10-05,2005-03-16,2655
2026-10-05,2005-03-17,2654
2026-10-05,2005-03-18,2660
2026-10-05,2005-03-21,2658
2026-10-05,2005-03-22,2662
2026-10-05,2005-03-23,2660
2026-10-05,2005-03-28,2659
2026-10-05,2005-03-29,2657
2026-10-05,2005-03-30,2661
2026-10-05,2005-03-31,2671
2026-10-05,2005-04-01,2665
2026-10-05,2005-04-04,2667
2026-10-05,2005-04-05,2662
2026-10-05,2005-04-06,2664
2026-10-05,2005-04-07,2673
2026-10-05,2005-04-08,2680
2026-10-05,2005-04-11,2689
2026-10-05,2005-04-12,2679
2026-10-05,2005-04-13,2677
2026-10-05,2005-04-14,2684
2026-10-05,2005-04-15,2689
2026-10-05,2005-04-18,2688
2026-10-05,2005-04-19,2678
2026-10-05,2005-04-20,2681
2026-10-05,2005-04-21,2673
2026-10-05,2005-04-22,2676
2026-10-05,2005-04-25,2676
2026-10-05,2005-04-26,2681
2026-10-05,2005-04-27,2681
2026-10-05,2005-04-28,2691
2026-10-05,2005-04-29,2685
2026-10-05,2005-05-02,2682
2026-10-05,2005-05-03,2707
2026-10-05,2005-05-04,2744
2026-10-05,2005-05-05,2848
2026-10-05,2005-05-06,2857
2026-10-05,2005-05-09,2880
2026-10-05,2005-05-10,2873
2026-10-05,2005-05-11,2871
2026-10-05,2005-05-12,2874
2026-10-05,2005-05-13,2865
2026-10-05,2005-05-16,2866
2026-10-05,2005-05-17,2864
2026-10-05,2005-05-18,2874
2026-10-05,2005-05-19,2875
2026-10-05,2005-05-20,2883
2026-10-05,2005-05-23,2871
2026-10-05,2005-05-24,2874
2026-10-05,2005-05-26,2884
2026-10-05,2005-05-27,2877
2026-10-05,2005-05-30,2883
2026-10-05,2005-05-31,2916
2026-10-05,2005-06-01,2920
2026-10-05,2005-06-02,2919
2026-10-05,2005-06-03,2925
2026-10-05,2005-06-06,2935
2026-10-05,2005-06-07,2942
2026-10-05,2005-06-08,2936
2026-10-05,2005-06-09,2952
2026-10-05,2005-06-10,2946
2026-10-05,2005-06-13,2928
2026-10-05,2005-06-14,2952
2026-10-05,2005-06-15,2927
2026-10-05,2005-06-16,2931
2026-10-05,2005-06-17,2940
2026-10-05,2005-06-21,2941
2026-10-05,2005-06-22,2941
2026-10-05,2005-06-23,2940
2026-10-05,2005-06-24,2946
2026-10-05,2005-06-27,2932
2026-10-05,2005-06-28,2938
2026-10-05,2005-06-29,2947
2026-10-05,2005-06-30,2947
2026-10-05,2005-07-01,2954
2026-10-05,2005-07-04,2961
2026-10-05,2005-07-05,2961
2026-10-05,2005-07-06,2961
2026-10-05,2005-07-07,2967
2026-10-05,2005-07-08,2961
2026-10-05,2005-07-11,2985
2026-10-05,2005-07-12,2978
2026-10-05,2005-07-13,2981
2026-10-05,2005-07-14,2987
2026-10-05,2005-07-15,2991
2026-10-05,2005-07-18,2995
2026-10-05,2005-07-19,2994
2026-10-05,2005-07-20,2997
2026-10-05,2005-07-21,2999
2026-10-05,2005-07-22,2999
2026-10-05,2005-07-25,3012
2026-10-05,2005-07-26,3010
2026-10-05,2005-07-27,3012
2026-10-05,2005-07-28,3009
2026-10-05,2005-07-29,3014
2026-10-05,2005-08-01,3024
2026-10-05,2005-08-02,3038
2026-10-05,2005-08-03,3094
2026-10-05,2005-08-04,3177
2026-10-05,2005-08-05,3191
2026-10-05,2005-08-08,3214
2026-10-05,2005-08-09,3251
2026-10-05,2005-08-10,3243
2026-10-05,2005-08-11,3247
2026-10-05,2005-08-12,3243
2026-10-05,2005-08-16,3245
2026-10-05,2005-08-17,3239
2026-10-05,2005-08-18,3219
2026-10-05,2005-08-19,3204
2026-10-05,2005-08-22,3212
2026-10-05,2005-08-23,3215
2026-10-05,2005-08-24,3224
2026-10-05,2005-08-25,3228
2026-10-05,2005-08-26,3229
2026-10-05,2005-08-29,3239
2026-10-05,2005-08-30,3238
2026-10-05,2005-08-31,3297
2026-10-05,2005-09-01,3280
2026-10-05,2005-09-02,3277
2026-10-05,2005-09-05,3293
2026-10-05,2005-09-06,3289
2026-10-05,2005-09-07,3300
2026-10-05,2005-09-08,3302
2026-10-05,2005-09-09,3299
2026-10-05,2005-09-12,3302
2026-10-05,2005-09-13,3298
2026-10-05,2005-09-14,3299
2026-10-05,2005-09-15,3294
2026-10-05,2005-09-16,3300
2026-10-05,2005-09-19,3303
2026-10-05,2005-09-20,3302
2026-10-05,2005-09-21,3307
2026-10-05,2005-09-22,3298
2026-10-05,2005-09-23,3306
2026-10-05,2005-09-26,3304
2026-10-05,2005-09-27,3308
2026-10-05,2005-09-28,3325
2026-10-05,2005-09-29,3322
2026-10-05,2005-09-30,3320
2026-10-05,2005-10-03,3316
2026-10-05,2005-10-04,3319
2026-10-05,2005-10-05,3325
2026-10-05,2005-10-06,3323
2026-10-05,2005-10-07,3325
2026-10-05,2005-10-11,3324
2026-10-05,2005-10-12,3334
2026-10-05,2005-10-13,3321
2026-10-05,2005-10-14,3325
2026-10-05,2005-10-17,3325
2026-10-05,2005-10-18,3329
2026-10-05,2005-10-19,3331
2026-10-05,2005-10-20,3331
2026-10-05,2005-10-21,3330
2026-10-05,2005-10-24,3344
2026-10-05,2005-10-25,3344
2026-10-05,2005-10-26,3346
2026-10-05,2005-10-27,3346
2026-10-05,2005-10-28,3365
2026-10-05,2005-10-31,3360
2026-10-05,2005-11-01,3353
2026-10-05,2005-11-02,3359
2026-10-05,2005-11-03,3376
2026-10-05,2005-11-04,3370
2026-10-05,2005-11-07,3384
2026-10-05,2005-11-08,3377
2026-10-05,2005-11-09,3388
2026-10-05,2005-11-10,3385
2026-10-05,2005-11-11,3393
2026-10-05,2005-11-14,3406
2026-10-05,2005-11-15,3408
2026-10-05,2005-11-16,3400
2026-10-05,2005-11-17,3404
2026-10-05,2005-11-18,3412
2026-10-05,2005-11-21,3422
2026-10-05,2005-11-22,3423
2026-10-05,2005-11-23,3426
2026-10-05,2005-11-24,3425
2026-10-05,2005-11-25,3438
2026-10-05,2005-11-28,3440
2026-10-05,2005-11-29,3432
2026-10-05,2005-11-30,3442
2026-10-05,2005-12-01,3448
2026-10-05,2005-12-02,3450
2026-10-05,2005-12-05,3466
2026-10-05,2005-12-06,3464
2026-10-05,2005-12-07,3462
2026-10-05,2005-12-09,3468
2026-10-05,2005-12-12,3470
2026-10-05,2005-12-13,3478
2026-10-05,2005-12-14,3479
2026-10-05,2005-12-15,3491
2026-10-05,2005-12-16,3489
2026-10-05,2005-12-19,3511
2026-10-05,2005-12-20,3516
2026-10-05,2005-12-21,3504
2026-10-05,2005-12-22,3503
2026-10-05,2005-12-23,3519
2026-10-05,2005-12-26,3520
2026-10-05,2005-12-27,3526
2026-10-05,2005-12-28,3534
2026-10-05,2005-12-29,3539
2026-10-05,2005-12-30,3542
2026-10-05,2006-01-02,3539
2026-10-05,2006-01-03,3549
2026-10-05,2006-01-04,3541
2026-10-05,2006-01-05,3553
2026-10-05,2006-01-06,3559
2026-10-05,2006-01-09,3568
2026-10-05,2006-01-10,3564
2026-10-05,2006-01-11,3570
2026-10-05,2006-01-12,3567
2026-10-05,2006-01-13,3575
2026-10-05,2006-01-16,3591
2026-10-05,2006-01-17,3614
2026-10-05,2006-01-18,3610
2026-10-05,2006-01-19,3617
2026-10-05,2006-01-20,3617
2026-10-05,2006-01-23,3620
2026-10-05,2006-01-24,3617
2026-10-05,2006-01-25,3614
2026-10-05,2006-01-26,3615
2026-10-05,2006-01-27,3619
2026-10-05,2006-01-30,3621
2026-10-05,2006-01-31,3620
2026-10-05,2006-02-01,3627
2026-10-05,2006-02-02,3619
2026-10-05,2006-02-03,3648
2026-10-05,2006-02-06,3649
2026-10-05,2006-02-07,3666
2026-10-05,2006-02-08,3676
2026-10-05,2006-02-09,3691
2026-10-05,2006-02-10,3700
2026-10-05,2006-02-13,3690
2026-10-05,2006-02-14,3698
2026-10-05,2006-02-15,3700
2026-10-05,2006-02-16,3700
2026-10-05,2006-02-17,3735
2026-10-05,2006-02-20,3706
2026-10-05,2006-02-21,3706
2026-10-05,2006-02-22,3710
2026-10-05,2006-02-23,3706
2026-10-05,2006-02-24,3707
2026-10-05,2006-02-27,3709
2026-10-05,2006-02-28,3713
2026-10-05,2006-03-01,3718
2026-10-05,2006-03-02,3710
2026-10-05,2006-03-03,3710
2026-10-05,2006-03-06,3715
2026-10-05,2006-03-07,3716
2026-10-05,2006-03-08,3738
2026-10-05,2006-03-09,3732
2026-10-05,2006-03-10,3737
2026-10-05,2006-03-13,3731
2026-10-05,2006-03-14,3732
2026-10-05,2006-03-15,3737
2026-10-05,2006-03-16,3733
2026-10-05,2006-03-17,3728
2026-10-05,2006-03-20,3734
2026-10-05,2006-03-21,3741
2026-10-05,2006-03-22,3741
2026-10-05,2006-03-23,3748
2026-10-05,2006-03-27,3754
2026-10-05,2006-03-28,3752
2026-10-05,2006-03-29,3760
2026-10-05,2006-03-30,3756
2026-10-05,2006-03-31,3813
2026-10-05,2006-04-03,3788
2026-10-05,2006-04-04,3821
2026-10-05,2006-04-05,3817
2026-10-05,2006-04-06,3823
2026-10-05,2006-04-07,3826
2026-10-05,2006-04-10,3838
2026-10-05,2006-04-11,3843
2026-10-05,2006-04-12,3859
2026-10-05,2006-04-17,3866
2026-10-05,2006-04-18,3876
2026-10-05,2006-04-19,3876
2026-10-05,2006-04-20,3864
2026-10-05,2006-04-21,3874
2026-10-05,2006-04-24,3881
2026-10-05,2006-04-25,3889
2026-10-05,2006-04-26,3888
2026-10-05,2006-04-27,3898
2026-10-05,2006-04-28,3926
2026-10-05,2006-05-02,3929
2026-10-05,2006-05-03,3949
2026-10-05,2006-05-04,3993
2026-10-05,2006-05-05,3991
2026-10-05,2006-05-08,4010
2026-10-05,2006-05-09,4020
2026-10-05,2006-05-10,4031
2026-10-05,2006-05-11,4027
2026-10-05,2006-05-12,4030
2026-10-05,2006-05-15,4045
2026-10-05,2006-05-16,4051
2026-10-05,2006-05-17,4054
2026-10-05,2006-05-18,4062
2026-10-05,2006-05-19,4073
2026-10-05,2006-05-22,4079
2026-10-05,2006-05-23,4076
2026-10-05,2006-05-24,4082
2026-10-05,2006-05-26,4084
2026-10-05,2006-05-29,4092
2026-10-05,2006-05-30,4091
2026-10-05,2006-05-31,4096
2026-10-05,2006-06-01,4093
2026-10-05,2006-06-02,4106
2026-10-05,2006-06-05,4116
2026-10-05,2006-06-06,4113
2026-10-05,2006-06-07,4123
2026-10-05,2006-06-08,4125
2026-10-05,2006-06-09,4120
2026-10-05,2006-06-12,4135
2026-10-05,2006-06-13,4126
2026-10-05,2006-06-14,4139
2026-10-05,2006-06-15,4152
2026-10-05,2006-06-16,4151
2026-10-05,2006-06-20,4165
2026-10-05,2006-06-21,4175
2026-10-05,2006-06-22,4177
2026-10-05,2006-06-23,4167
2026-10-05,2006-06-26,4158
2026-10-05,2006-06-27,4171
2026-10-05,2006-06-28,4182
2026-10-05,2006-06-29,4188
2026-10-05,2006-06-30,4215
2026-10-05,2006-07-03,4200
2026-10-05,2006-07-04,4266
2026-10-05,2006-07-05,4202
2026-10-05,2006-07-06,4214
2026-10-05,2006-07-07,4273
2026-10-05,2006-07-10,4215
2026-10-05,2006-07-11,4221
2026-10-05,2006-07-12,4227
2026-10-05,2006-07-13,4242
2026-10-05,2006-07-14,4246
2026-10-05,2006-07-17,4246
2026-10-05,2006-07-18,4264
2026-10-05,2006-07-19,4266
2026-10-05,2006-07-20,4275
2026-10-05,2006-07-21,4279
2026-10-05,2006-07-24,4287
2026-10-05,2006-07-25,4311
2026-10-05,2006-07-26,4314
2026-10-05,2006-07-27,4317
2026-10-05,2006-07-28,4316
2026-10-05,2006-07-31,4319
2026-10-05,2006-08-01,4308
2026-10-05,2006-08-02,4315
2026-10-05,2006-08-03,4425
2026-10-05,2006-08-04,4532
2026-10-05,2006-08-07,4530
2026-10-05,2006-08-08,4588
2026-10-05,2006-08-09,4607
2026-10-05,2006-08-10,4578
2026-10-05,2006-08-11,4583
2026-10-05,2006-08-14,4596
2026-10-05,2006-08-15,4588
2026-10-05,2006-08-16,4559
2026-10-05,2006-08-17,4544
2026-10-05,2006-08-18,4551
2026-10-05,2006-08-22,4568
2026-10-05,2006-08-23,4559
2026-10-05,2006-08-24,4565
2026-10-05,2006-08-25,4584
2026-10-05,2006-08-28,4599
2026-10-05,2006-08-29,4620
2026-10-05,2006-08-30,4629
2026-10-05,2006-08-31,4643
2026-10-05,2006-09-01,4651
2026-10-05,2006-09-04,4648
2026-10-05,2006-09-05,4650
2026-10-05,2006-09-06,4654
2026-10-05,2006-09-07,4653
2026-10-05,2006-09-08,4698
2026-10-05,2006-09-11,4689
2026-10-05,2006-09-12,4721
2026-10-05,2006-09-13,4724
2026-10-05,2006-09-14,4725
2026-10-05,2006-09-15,4743
2026-10-05,2006-09-18,4737
2026-10-05,2006-09-19,4754
2026-10-05,2006-09-20,4754
2026-10-05,2006-09-21,4778
2026-10-05,2006-09-22,4790
2026-10-05,2006-09-25,4794
2026-10-05,2006-09-26,4807
2026-10-05,2006-09-27,4813
2026-10-05,2006-09-28,4823
2026-10-05,2006-09-29,4816
2026-10-05,2006-10-02,4825
2026-10-05,2006-10-03,4830
2026-10-05,2006-10-04,4833
2026-10-05,2006-10-05,4850
2026-10-05,2006-10-06,4836
2026-10-05,2006-10-09,4844
2026-10-05,2006-10-10,4861
2026-10-05,2006-10-11,4861
2026-10-05,2006-10-12,4880
2026-10-05,2006-10-13,4886
2026-10-05,2006-10-17,4875
2026-10-05,2006-10-18,4877
2026-10-05,2006-10-19,4872
2026-10-05,2006-10-20,4886
2026-10-05,2006-10-23,4891
2026-10-05,2006-10-24,4892
2026-10-05,2006-10-25,4912
2026-10-05,2006-10-26,4869
2026-10-05,2006-10-27,4902
2026-10-05,2006-10-30,4915
2026-10-05,2006-10-31,4912
2026-10-05,2006-11-01,4919
2026-10-05,2006-11-02,4932
2026-10-05,2006-11-03,4930
2026-10-05,2006-11-07,4931
2026-10-05,2006-11-08,4946
2026-10-05,2006-11-09,4947
2026-10-05,2006-11-10,4957
2026-10-05,2006-11-13,4955
2026-10-05,2006-11-14,4949
2026-10-05,2006-11-15,4943
2026-10-05,2006-11-16,4953
2026-10-05,2006-11-17,4971
2026-10-05,2006-11-20,4976
2026-10-05,2006-11-21,4973
2026-10-05,2006-11-22,4969
2026-10-05,2006-11-23,4986
2026-10-05,2006-11-24,4979
2026-10-05,2006-11-27,4940
2026-10-05,2006-11-28,4916
2026-10-05,2006-11-29,4891
2026-10-05,2006-11-30,4904
2026-10-05,2006-12-01,4904
2026-10-05,2006-12-04,4915
2026-10-05,2006-12-05,4908
2026-10-05,2006-12-06,4896
2026-10-05,2006-12-07,4905
2026-10-05,2006-12-11,4910
2026-10-05,2006-12-12,4904
2026-10-05,2006-12-13,4899
2026-10-05,2006-12-14,4908
2026-10-05,2006-12-15,4923
2026-10-05,2006-12-18,4924
2026-10-05,2006-12-19,4927
2026-10-05,2006-12-20,4931
2026-10-05,2006-12-21,4930
2026-10-05,2006-12-22,4928
2026-10-05,2006-12-26,4934
2026-10-05,2006-12-27,4934
2026-10-05,2006-12-28,4931
2026-10-05,2006-12-29,4932
2026-10-05,2007-01-02,4941
2026-10-05,2007-01-03,4926
2026-10-05,2007-01-04,4952
2026-10-05,2007-01-05,4938
2026-10-05,2007-01-08,4952
2026-10-05,2007-01-09,4946
2026-10-05,2007-01-10,4962
2026-10-05,2007-01-11,4962
2026-10-05,2007-01-12,4970
2026-10-05,2007-01-15,4978
2026-10-05,2007-01-16,4974
2026-10-05,2007-01-17,4978
2026-10-05,2007-01-18,4987
2026-10-05,2007-01-19,4988
2026-10-05,2007-01-22,4994
2026-10-05,2007-01-23,4981
2026-10-05,2007-01-24,4991
2026-10-05,2007-01-25,4988
2026-10-05,2007-01-26,5030
2026-10-05,2007-01-29,5032
2026-10-05,2007-01-30,5046
2026-10-05,2007-01-31,5085
2026-10-05,2007-02-01,5123
2026-10-05,2007-02-02,5125
2026-10-05,2007-02-05,5170
2026-10-05,2007-02-06,5179
2026-10-05,2007-02-07,5176
2026-10-05,2007-02-08,5197
2026-10-05,2007-02-09,5170
2026-10-05,2007-02-12,5078
2026-10-05,2007-02-13,5097
2026-10-05,2007-02-14,5109
2026-10-05,2007-02-15,5084
2026-10-05,2007-02-16,5087
2026-10-05,2007-02-19,5097
2026-10-05,2007-02-20,5091
2026-10-05,2007-02-21,5084
2026-10-05,2007-02-22,5095
2026-10-05,2007-02-23,5089
2026-10-05,2007-02-26,5104
2026-10-05,2007-02-27,5096
2026-10-05,2007-02-28,5102
2026-10-05,2007-03-01,5093
2026-10-05,2007-03-02,5100
2026-10-05,2007-03-05,5111
2026-10-05,2007-03-06,5101
2026-10-05,2007-03-07,5115
2026-10-05,2007-03-08,5110
2026-10-05,2007-03-09,5122
2026-10-05,2007-03-12,5125
2026-10-05,2007-03-13,5116
2026-10-05,2007-03-14,5111
2026-10-05,2007-03-15,5130
2026-10-05,2007-03-16,5120
2026-10-05,2007-03-19,5143
2026-10-05,2007-03-20,5150
2026-10-05,2007-03-21,5156
2026-10-05,2007-03-22,5157
2026-10-05,2007-03-23,5158
2026-10-05,2007-03-26,5165
2026-10-05,2007-03-27,5162
2026-10-05,2007-03-28,5161
2026-10-05,2007-03-29,5171
2026-10-05,2007-03-30,5179
2026-10-05,2007-04-03,5181
2026-10-05,2007-04-04,5177
2026-10-05,2007-04-09,5183
2026-10-05,2007-04-10,5173
2026-10-05,2007-04-11,5187
2026-10-05,2007-04-12,5189
2026-10-05,2007-04-13,5191
2026-10-05,2007-04-16,5200
2026-10-05,2007-04-17,5204
2026-10-05,2007-04-18,5213
2026-10-05,2007-04-19,5210
2026-10-05,2007-04-20,5218
2026-10-05,2007-04-23,5236
2026-10-05,2007-04-24,5249
2026-10-05,2007-04-25,5260
2026-10-05,2007-04-26,5251
2026-10-05,2007-04-27,5260
2026-10-05,2007-04-30,5310
2026-10-05,2007-05-02,5384
2026-10-05,2007-05-03,5391
2026-10-05,2007-05-04,5389
2026-10-05,2007-05-07,5397
2026-10-05,2007-05-08,5413
2026-10-05,2007-05-09,5423
2026-10-05,2007-05-10,5414
2026-10-05,2007-05-11,5416
2026-10-05,2007-05-14,5419
2026-10-05,2007-05-15,5485
2026-10-05,2007-05-16,5485
2026-10-05,2007-05-17,5511
2026-10-05,2007-05-18,5466
2026-10-05,2007-05-21,5366
2026-10-05,2007-05-22,5362
2026-10-05,2007-05-23,5367
2026-10-05,2007-05-24,5375
2026-10-05,2007-05-28,5395
2026-10-05,2007-05-29,5394
2026-10-05,2007-05-30,5388
2026-10-05,2007-05-31,5383
2026-10-05,2007-06-01,5401
2026-10-05,2007-06-04,5398
2026-10-05,2007-06-05,5401
2026-10-05,2007-06-06,5414
2026-10-05,2007-06-07,5418
2026-10-05,2007-06-08,5416
2026-10-05,2007-06-11,5416
2026-10-05,2007-06-12,5393
2026-10-05,2007-06-13,5396
2026-10-05,2007-06-14,5392
2026-10-05,2007-06-15,5397
2026-10-05,2007-06-19,5386
2026-10-05,2007-06-20,5384
2026-10-05,2007-06-21,5382
2026-10-05,2007-06-22,5374
2026-10-05,2007-06-25,5383
2026-10-05,2007-06-26,5386
2026-10-05,2007-06-27,5383
2026-10-05,2007-06-28,5382
2026-10-05,2007-06-29,5392
2026-10-05,2007-07-02,5395
2026-10-05,2007-07-03,5404
2026-10-05,2007-07-04,5418
2026-10-05,2007-07-05,5407
2026-10-05,2007-07-06,5422
2026-10-05,2007-07-10,5432
2026-10-05,2007-07-11,5447
2026-10-05,2007-07-12,5450
2026-10-05,2007-07-13,5459
2026-10-05,2007-07-16,5457
2026-10-05,2007-07-17,5469
2026-10-05,2007-07-18,5472
2026-10-05,2007-07-19,5481
2026-10-05,2007-07-20,5472
2026-10-05,2007-07-23,5486
2026-10-05,2007-07-24,5486
2026-10-05,2007-07-25,5510
2026-10-05,2007-07-26,5544
2026-10-05,2007-07-27,5563
2026-10-05,2007-07-30,5584
2026-10-05,2007-07-31,5593
2026-10-05,2007-08-01,5588
2026-10-05,2007-08-02,5600
2026-10-05,2007-08-03,5796
2026-10-05,2007-08-06,5857
2026-10-05,2007-08-07,5886
2026-10-05,2007-08-08,5878
2026-10-05,2007-08-09,5891
2026-10-05,2007-08-10,5970
2026-10-05,2007-08-13,5981
2026-10-05,2007-08-14,5979
2026-10-05,2007-08-15,5978
2026-10-05,2007-08-16,5996
2026-10-05,2007-08-17,6023
2026-10-05,2007-08-21,6033
2026-10-05,2007-08-22,6049
2026-10-05,2007-08-23,6039
2026-10-05,2007-08-24,6040
2026-10-05,2007-08-27,6069
2026-10-05,2007-08-28,6088
2026-10-05,2007-08-29,6097
2026-10-05,2007-08-30,6123
2026-10-05,2007-08-31,6142
2026-10-05,2007-09-03,6175
2026-10-05,2007-09-04,6165
2026-10-05,2007-09-05,6176
2026-10-05,2007-09-06,6195
2026-10-05,2007-09-07,6202
2026-10-05,2007-09-10,6224
2026-10-05,2007-09-11,6232
2026-10-05,2007-09-12,6252
2026-10-05,2007-09-13,6262
2026-10-05,2007-09-14,6279
2026-10-05,2007-09-17,6295
2026-10-05,2007-09-18,6293
2026-10-05,2007-09-19,6299
2026-10-05,2007-09-20,6304
2026-10-05,2007-09-21,6306
2026-10-05,2007-09-24,6315
2026-10-05,2007-09-25,6323
2026-10-05,2007-09-26,6325
2026-10-05,2007-09-27,6338
2026-10-05,2007-09-28,6344
2026-10-05,2007-10-01,6349
2026-10-05,2007-10-02,6350
2026-10-05,2007-10-03,6362
2026-10-05,2007-10-04,6356
2026-10-05,2007-10-05,6366
2026-10-05,2007-10-08,6393
2026-10-05,2007-10-09,6392
2026-10-05,2007-10-10,6404
2026-10-05,2007-10-11,6416
2026-10-05,2007-10-12,6409
2026-10-05,2007-10-16,6414
2026-10-05,2007-10-17,6419
2026-10-05,2007-10-18,6413
2026-10-05,2007-10-19,6438
2026-10-05,2007-10-22,6442
2026-10-05,2007-10-23,6453
2026-10-05,2007-10-24,6467
2026-10-05,2007-10-25,6472
2026-10-05,2007-10-26,6485
2026-10-05,2007-10-29,6493
2026-10-05,2007-10-30,6502
2026-10-05,2007-10-31,6490
2026-10-05,2007-11-01,6533
2026-10-05,2007-11-02,6544
2026-10-05,2007-11-05,6551
2026-10-05,2007-11-07,6552
2026-10-05,2007-11-08,6564
2026-10-05,2007-11-09,6576
2026-10-05,2007-11-12,6582
2026-10-05,2007-11-13,6582
2026-10-05,2007-11-14,6584
2026-10-05,2007-11-15,6615
2026-10-05,2007-11-16,6624
2026-10-05,2007-11-19,6642
2026-10-05,2007-11-20,6652
2026-10-05,2007-11-21,6646
2026-10-05,2007-11-22,6651
2026-10-05,2007-11-23,6648
2026-10-05,2007-11-26,6657
2026-10-05,2007-11-27,6659
2026-10-05,2007-11-28,6652
2026-10-05,2007-11-29,6652
2026-10-05,2007-11-30,6635
2026-10-05,2007-12-03,6642
2026-10-05,2007-12-04,6604
2026-10-05,2007-12-05,6661
2026-10-05,2007-12-06,6663
2026-10-05,2007-12-07,6663
2026-10-05,2007-12-10,6624
2026-10-05,2007-12-11,6623
2026-10-05,2007-12-12,6667
2026-10-05,2007-12-13,6667
2026-10-05,2007-12-14,6685
2026-10-05,2007-12-17,6706
2026-10-05,2007-12-18,6724
2026-10-05,2007-12-19,6735
2026-10-05,2007-12-20,6715
2026-10-05,2007-12-21,6734
2026-10-05,2007-12-26,6736
2026-10-05,2007-12-27,6751
2026-10-05,2007-12-28,6754
2026-10-05,2008-01-02,6765
2026-10-05,2008-01-03,6777
2026-10-05,2008-01-04,6767
2026-10-05,2008-01-07,6762
2026-10-05,2008-01-08,6763
2026-10-05,2008-01-09,6774
2026-10-05,2008-01-10,6778
2026-10-05,2008-01-11,6779
2026-10-05,2008-01-14,6791
2026-10-05,2008-01-15,6789
2026-10-05,2008-01-16,6794
2026-10-05,2008-01-17,6792
2026-10-05,2008-01-18,6798
2026-10-05,2008-01-21,6799
2026-10-05,2008-01-22,6802
2026-10-05,2008-01-23,6807
2026-10-05,2008-01-24,6798
2026-10-05,2008-01-25,6793
2026-10-05,2008-01-28,6789
2026-10-05,2008-01-29,6790
2026-10-05,2008-01-30,6790
2026-10-05,2008-01-31,6789
2026-10-05,2008-02-01,6806
2026-10-05,2008-02-04,6802
2026-10-05,2008-02-05,6831
2026-10-05,2008-02-06,6826
2026-10-05,2008-02-07,6834
2026-10-05,2008-02-08,6839
2026-10-05,2008-02-11,6836
2026-10-05,2008-02-12,6845
2026-10-05,2008-02-13,6848
2026-10-05,2008-02-14,6850
2026-10-05,2008-02-15,6857
2026-10-05,2008-02-18,6855
2026-10-05,2008-02-19,6856
2026-10-05,2008-02-20,6855
2026-10-05,2008-02-21,6848
2026-10-05,2008-02-22,6858
2026-10-05,2008-02-25,6861
2026-10-05,2008-02-26,6867
2026-10-05,2008-02-27,6864
2026-10-05,2008-02-28,6870
2026-10-05,2008-02-29,6869
2026-10-05,2008-03-03,6886
2026-10-05,2008-03-04,6892
2026-10-05,2008-03-05,6890
2026-10-05,2008-03-06,6892
2026-10-05,2008-03-07,6900
2026-10-05,2008-03-10,6918
2026-10-05,2008-03-11,6911
2026-10-05,2008-03-12,6917
2026-10-05,2008-03-13,6938
2026-10-05,2008-03-14,6944
2026-10-05,2008-03-17,6949
2026-10-05,2008-03-18,6940
2026-10-05,2008-03-19,6933
2026-10-05,2008-03-25,6914
2026-10-05,2008-03-26,6920
2026-10-05,2008-03-27,6905
2026-10-05,2008-03-28,6900
2026-10-05,2008-03-31,6901
2026-10-05,2008-04-01,6913
2026-10-05,2008-04-03,6914
2026-10-05,2008-04-04,6929
2026-10-05,2008-04-07,6948
2026-10-05,2008-04-08,6947
2026-10-05,2008-04-09,6941
2026-10-05,2008-04-10,6932
2026-10-05,2008-04-11,6928
2026-10-05,2008-04-14,6927
2026-10-05,2008-04-15,6931
2026-10-05,2008-04-16,6932
2026-10-05,2008-04-17,6942
2026-10-05,2008-04-18,6956
2026-10-05,2008-04-21,6959
2026-10-05,2008-04-22,6976
2026-10-05,2008-04-23,6990
2026-10-05,2008-04-24,7016
2026-10-05,2008-04-25,7035
2026-10-05,2008-04-28,7111
2026-10-05,2008-04-29,7115
2026-10-05,2008-04-30,7113
2026-10-05,2008-05-02,7167
2026-10-05,2008-05-05,7242
2026-10-05,2008-05-06,7250
2026-10-05,2008-05-07,7269
2026-10-05,2008-05-08,7270
2026-10-05,2008-05-09,7235
2026-10-05,2008-05-12,7224
2026-10-05,2008-05-13,7182
2026-10-05,2008-05-14,7159
2026-10-05,2008-05-15,7109
2026-10-05,2008-05-16,7060
2026-10-05,2008-05-19,7056
2026-10-05,2008-05-20,7049
2026-10-05,2008-05-21,7050
2026-10-05,2008-05-22,7076
2026-10-05,2008-05-23,7091
2026-10-05,2008-05-26,7069
2026-10-05,2008-05-27,7071
2026-10-05,2008-05-28,7062
2026-10-05,2008-05-29,7063
2026-10-05,2008-05-30,7042
2026-10-05,2008-06-02,7058
2026-10-05,2008-06-03,7070
2026-10-05,2008-06-04,7079
2026-10-05,2008-06-05,7090
2026-10-05,2008-06-06,7108
2026-10-05,2008-06-09,7115
2026-10-05,2008-06-10,7087
2026-10-05,2008-06-11,7098
2026-10-05,2008-06-12,7101
2026-10-05,2008-06-13,7094
2026-10-05,2008-06-17,7090
2026-10-05,2008-06-18,7076
2026-10-05,2008-06-19,7076
2026-10-05,2008-06-20,7112
2026-10-05,2008-06-23,7125
2026-10-05,2008-06-24,7106
2026-10-05,2008-06-25,7127
2026-10-05,2008-06-26,7103
2026-10-05,2008-06-27,7135
2026-10-05,2008-06-30,7134
2026-10-05,2008-07-01,7155
2026-10-05,2008-07-02,7180
2026-10-05,2008-07-03,7163
2026-10-05,2008-07-04,7166
2026-10-05,2008-07-07,7127
2026-10-05,2008-07-08,7151
2026-10-05,2008-07-10,7163
2026-10-05,2008-07-11,7176
2026-10-05,2008-07-14,7172
2026-10-05,2008-07-15,7153
2026-10-05,2008-07-16,7227
2026-10-05,2008-07-17,7244
2026-10-05,2008-07-18,7227
2026-10-05,2008-07-21,7221
2026-10-05,2008-07-22,7231
2026-10-05,2008-07-23,7230
2026-10-05,2008-07-24,7247
2026-10-05,2008-07-25,7237
2026-10-05,2008-07-28,7215
2026-10-05,2008-07-29,7249
2026-10-05,2008-07-30,7250
2026-10-05,2008-07-31,7208
2026-10-05,2008-08-01,7192
2026-10-05,2008-08-04,7354
2026-10-05,2008-08-05,7442
2026-10-05,2008-08-06,7459
2026-10-05,2008-08-07,7487
2026-10-05,2008-08-08,7500
2026-10-05,2008-08-11,7509
2026-10-05,2008-08-12,7497
2026-10-05,2008-08-13,7503
2026-10-05,2008-08-14,7521
2026-10-05,2008-08-15,7428
2026-10-05,2008-08-19,7431
2026-10-05,2008-08-20,7437
2026-10-05,2008-08-21,7448
2026-10-05,2008-08-22,7465
2026-10-05,2008-08-25,7464
2026-10-05,2008-08-26,7455
2026-10-05,2008-08-27,7450
2026-10-05,2008-08-28,7454
2026-10-05,2008-08-29,7458
2026-10-05,2008-09-01,7467
2026-10-05,2008-09-02,7475
2026-10-05,2008-09-03,7489
2026-10-05,2008-09-04,7505
2026-10-05,2008-09-05,7498
2026-10-05,2008-09-08,7508
2026-10-05,2008-09-09,7524
2026-10-05,2008-09-10,7539
2026-10-05,2008-09-11,7553
2026-10-05,2008-09-12,7575
2026-10-05,2008-09-15,7591
2026-10-05,2008-09-16,7606
2026-10-05,2008-09-17,7601
2026-10-05,2008-09-18,7622
2026-10-05,2008-09-19,7634
2026-10-05,2008-09-22,7646
2026-10-05,2008-09-23,7645
2026-10-05,2008-09-24,7648
2026-10-05,2008-09-25,7679
2026-10-05,2008-09-26,7679
2026-10-05,2008-09-29,7685
2026-10-05,2008-09-30,7704
2026-10-05,2008-10-01,7701
2026-10-05,2008-10-02,7694
2026-10-05,2008-10-03,7698
2026-10-05,2008-10-06,7703
2026-10-05,2008-10-07,7716
2026-10-05,2008-10-08,7745
2026-10-05,2008-10-09,7761
2026-10-05,2008-10-10,7820
2026-10-05,2008-10-14,7832
2026-10-05,2008-10-15,7845
2026-10-05,2008-10-16,7856
2026-10-05,2008-10-17,7870
2026-10-05,2008-10-20,7894
2026-10-05,2008-10-21,7902
2026-10-05,2008-10-22,7916
2026-10-05,2008-10-23,7899
2026-10-05,2008-10-24,7897
2026-10-05,2008-10-27,7881
2026-10-05,2008-10-28,7896
2026-10-05,2008-10-29,7871
2026-10-05,2008-10-30,7845
2026-10-05,2008-10-31,7875
2026-10-05,2008-11-03,7833
2026-10-05,2008-11-04,7803
2026-10-05,2008-11-05,7803
2026-10-05,2008-11-07,7913
2026-10-05,2008-11-10,8211
2026-10-05,2008-11-11,8226
2026-10-05,2008-11-12,8237
2026-10-05,2008-11-13,8220
2026-10-05,2008-11-14,8221
2026-10-05,2008-11-17,8208
2026-10-05,2008-11-18,8202
2026-10-05,2008-11-19,8187
2026-10-05,2008-11-20,8173
2026-10-05,2008-11-21,8162
2026-10-05,2008-11-24,8157
2026-10-05,2008-11-25,8155
2026-10-05,2008-11-26,8151
2026-10-05,2008-11-27,8141
2026-10-05,2008-11-28,8195
2026-10-05,2008-12-01,8148
2026-10-05,2008-12-02,8151
2026-10-05,2008-12-03,8171
2026-10-05,2008-12-04,8183
2026-10-05,2008-12-05,8189
2026-10-05,2008-12-09,7763
2026-10-05,2008-12-10,7772
2026-10-05,2008-12-11,7773
2026-10-05,2008-12-12,7788
2026-10-05,2008-12-15,7775
2026-10-05,2008-12-16,7798
2026-10-05,2008-12-17,7801
2026-10-05,2008-12-18,7807
2026-10-05,2008-12-19,7832
2026-10-05,2008-12-22,7829
2026-10-05,2008-12-23,7864
2026-10-05,2008-12-24,7874
2026-10-05,2008-12-26,7898
2026-10-05,2008-12-29,7938
2026-10-05,2008-12-30,7951
2026-10-05,2008-12-31,7973
2026-10-05,2009-01-02,7986
2026-10-05,2009-01-05,7974
2026-10-05,2009-01-06,7999
2026-10-05,2009-01-07,8001
2026-10-05,2009-01-08,8001
2026-10-05,2009-01-09,8017
2026-10-05,2009-01-12,8029
2026-10-05,2009-01-13,8042
2026-10-05,2009-01-14,8035
2026-10-05,2009-01-15,8042
2026-10-05,2009-01-16,8057
2026-10-05,2009-01-19,8061
2026-10-05,2009-01-20,8072
2026-10-05,2009-01-21,8072
2026-10-05,2009-01-22,8082
2026-10-05,2009-01-23,8081
2026-10-05,2009-01-26,8106
2026-10-05,2009-01-27,8119
2026-10-05,2009-01-28,8137
2026-10-05,2009-01-29,8125
2026-10-05,2009-01-30,8162
2026-10-05,2009-02-02,8149
2026-10-05,2009-02-03,8172
2026-10-05,2009-02-04,8199
2026-10-05,2009-02-05,8205
2026-10-05,2009-02-06,8220
2026-10-05,2009-02-09,8229
2026-10-05,2009-02-10,8238
2026-10-05,2009-02-11,8249
2026-10-05,2009-02-12,8259
2026-10-05,2009-02-13,8273
2026-10-05,2009-02-16,8280
2026-10-05,2009-02-17,8275
2026-10-05,2009-02-18,8286
2026-10-05,2009-02-19,8295
2026-10-05,2009-02-20,8327
2026-10-05,2009-02-23,8346
2026-10-05,2009-02-24,8354
2026-10-05,2009-02-25,8382
2026-10-05,2009-02-26,8407
2026-10-05,2009-02-27,8442
2026-10-05,2009-03-02,8456
2026-10-05,2009-03-03,8500
2026-10-05,2009-03-04,8534
2026-10-05,2009-03-05,8553
2026-10-05,2009-03-06,8600
2026-10-05,2009-03-09,8637
2026-10-05,2009-03-10,8698
2026-10-05,2009-03-11,8729
2026-10-05,2009-03-12,8747
2026-10-05,2009-03-13,8782
2026-10-05,2009-03-16,8793
2026-10-05,2009-03-17,8821
2026-10-05,2009-03-18,8859
2026-10-05,2009-03-19,8875
2026-10-05,2009-03-20,8902
2026-10-05,2009-03-23,8919
2026-10-05,2009-03-25,8952
2026-10-05,2009-03-26,8972
2026-10-05,2009-03-27,9005
2026-10-05,2009-03-30,9044
2026-10-05,2009-03-31,9053
2026-10-05,2009-04-01,9071
2026-10-05,2009-04-03,9125
2026-10-05,2009-04-06,9135
2026-10-05,2009-04-07,9121
2026-10-05,2009-04-08,9141
2026-10-05,2009-04-13,9157
2026-10-05,2009-04-14,9168
2026-10-05,2009-04-15,9169
2026-10-05,2009-04-16,9162
2026-10-05,2009-04-17,9160
2026-10-05,2009-04-20,9181
2026-10-05,2009-04-21,9184
2026-10-05,2009-04-22,9193
2026-10-05,2009-04-23,9188
2026-10-05,2009-04-24,9200
2026-10-05,2009-04-27,9211
2026-10-05,2009-04-28,9205
2026-10-05,2009-04-29,9208
2026-10-05,2009-04-30,9319
2026-10-05,2009-05-04,9274
2026-10-05,2009-05-05,9330
2026-10-05,2009-05-06,9371
2026-10-05,2009-05-07,9372
2026-10-05,2009-05-08,9374
2026-10-05,2009-05-11,9378
2026-10-05,2009-05-12,9382
2026-10-05,2009-05-13,9367
2026-10-05,2009-05-14,9366
2026-10-05,2009-05-15,9363
2026-10-05,2009-05-18,9356
2026-10-05,2009-05-19,9356
2026-10-05,2009-05-20,9361
2026-10-05,2009-05-21,9361
2026-10-05,2009-05-22,9369
2026-10-05,2009-05-26,9344
2026-10-05,2009-05-27,9361
2026-10-05,2009-05-28,9358
2026-10-05,2009-05-29,9380
2026-10-05,2009-06-01,9336
2026-10-05,2009-06-02,9378
2026-10-05,2009-06-03,9382
2026-10-05,2009-06-04,9390
2026-10-05,2009-06-05,9420
2026-10-05,2009-06-08,9419
2026-10-05,2009-06-09,9427
2026-10-05,2009-06-10,9431
2026-10-05,2009-06-11,9429
2026-10-05,2009-06-12,9444
2026-10-05,2009-06-16,9451
2026-10-05,2009-06-17,9460
2026-10-05,2009-06-18,9470
2026-10-05,2009-06-19,9447
2026-10-05,2009-06-22,9452
2026-10-05,2009-06-23,9456
2026-10-05,2009-06-24,9453
2026-10-05,2009-06-25,9452
2026-10-05,2009-06-26,9458
2026-10-05,2009-06-29,9469
2026-10-05,2009-06-30,9519
2026-10-05,2009-07-01,9514
2026-10-05,2009-07-02,9515
2026-10-05,2009-07-03,9521
2026-10-05,2009-07-06,9533
2026-10-05,2009-07-07,9551
2026-10-05,2009-07-08,9561
2026-10-05,2009-07-13,9543
2026-10-05,2009-07-14,9568
2026-10-05,2009-07-15,9574
2026-10-05,2009-07-16,9582
2026-10-05,2009-07-17,9599
2026-10-05,2009-07-20,9602
2026-10-05,2009-07-21,9614
2026-10-05,2009-07-22,9618
2026-10-05,2009-07-23,9617
2026-10-05,2009-07-24,9619
2026-10-05,2009-07-27,9623
2026-10-05,2009-07-28,9641
2026-10-05,2009-07-29,9644
2026-10-05,2009-07-30,9645
2026-10-05,2009-07-31,9666
2026-10-05,2009-08-03,9784
2026-10-05,2009-08-04,9975
2026-10-05,2009-08-05,9980
2026-10-05,2009-08-06,9975
2026-10-05,2009-08-07,9974
2026-10-05,2009-08-10,9982
2026-10-05,2009-08-11,9992
2026-10-05,2009-08-12,9978
2026-10-05,2009-08-13,9976
2026-10-05,2009-08-14,9967
2026-10-05,2009-08-18,9971
2026-10-05,2009-08-19,9979
2026-10-05,2009-08-20,9978
2026-10-05,2009-08-21,9978
2026-10-05,2009-08-24,9989
2026-10-05,2009-08-25,9991
2026-10-05,2009-08-26,10012
2026-10-05,2009-08-27,10030
2026-10-05,2009-08-28,10098
2026-10-05,2009-08-31,10185
2026-10-05,2009-09-01,10171
2026-10-05,2009-09-02,10166
2026-10-05,2009-09-03,10188
2026-10-05,2009-09-04,10192
2026-10-05,2009-09-07,10200
2026-10-05,2009-09-08,10199
2026-10-05,2009-09-09,10202
2026-10-05,2009-09-10,10217
2026-10-05,2009-09-11,10209
2026-10-05,2009-09-14,10207
2026-10-05,2009-09-15,10216
2026-10-05,2009-09-16,10224
2026-10-05,2009-09-17,10217
2026-10-05,2009-09-18,10207
2026-10-05,2009-09-21,10218
2026-10-05,2009-09-22,10232
2026-10-05,2009-09-23,10220
2026-10-05,2009-09-24,10212
2026-10-05,2009-09-25,10202
2026-10-05,2009-09-28,10191
2026-10-05,2009-09-29,10181
2026-10-05,2009-09-30,10188
2026-10-05,2009-10-01,10200
2026-10-05,2009-10-02,10209
2026-10-05,2009-10-05,10202
2026-10-05,2009-10-06,10190
2026-10-05,2009-10-07,10190
2026-10-05,2009-10-08,10155
2026-10-05,2009-10-09,10152
2026-10-05,2009-10-13,10148
2026-10-05,2009-10-14,10137
2026-10-05,2009-10-15,10125
2026-10-05,2009-10-16,10123
2026-10-05,2009-10-19,10102
2026-10-05,2009-10-20,10088
2026-10-05,2009-10-21,10094
2026-10-05,2009-10-22,10104
2026-10-05,2009-10-23,10100
2026-10-05,2009-10-26,10070
2026-10-05,2009-10-27,10092
2026-10-05,2009-10-28,10063
2026-10-05,2009-10-29,10061
2026-10-05,2009-10-30,10075
2026-10-05,2009-11-02,10058
2026-10-05,2009-11-03,10054
2026-10-05,2009-11-04,10048
2026-10-05,2009-11-05,10046
2026-10-05,2009-11-09,10037
2026-10-05,2009-11-10,10053
2026-10-05,2009-11-11,10034
2026-10-05,2009-11-12,10018
2026-10-05,2009-11-13,10017
2026-10-05,2009-11-16,10017
2026-10-05,2009-11-17,10013
2026-10-05,2009-11-18,10008
2026-10-05,2009-11-19,10009
2026-10-05,2009-11-20,9997
2026-10-05,2009-11-23,10007
2026-10-05,2009-11-24,9982
2026-10-05,2009-11-25,9963
2026-10-05,2009-11-26,9961
2026-10-05,2009-11-27,9962
2026-10-05,2009-11-30,9964
2026-10-05,2009-12-01,9959
2026-10-05,2009-12-02,9964
2026-10-05,2009-12-03,9967
2026-10-05,2009-12-04,9957
2026-10-05,2009-12-07,9939
2026-10-05,2009-12-09,9936
2026-10-05,2009-12-10,9940
2026-10-05,2009-12-11,9941
2026-10-05,2009-12-14,9946
2026-10-05,2009-12-15,9953
2026-10-05,2009-12-16,9968
2026-10-05,2009-12-17,9970
2026-10-05,2009-12-18,10006
2026-10-05,2009-12-21,10035
2026-10-05,2009-12-22,10050
2026-10-05,2009-12-23,10050
2026-10-05,2009-12-24,10057
2026-10-05,2009-12-28,10113
2026-10-05,2009-12-29,10148
2026-10-05,2009-12-30,10183
2026-10-05,2009-12-31,10184
2026-10-05,2010-01-04,10172
2026-10-05,2010-01-05,10153
2026-10-05,2010-01-06,10146
2026-10-05,2010-01-07,10146
2026-10-05,2010-01-08,10143
2026-10-05,2010-01-11,10137
2026-10-05,2010-01-12,10129
2026-10-05,2010-01-13,10112
2026-10-05,2010-01-14,10117
2026-10-05,2010-01-15,10078
2026-10-05,2010-01-18,10071
2026-10-05,2010-01-19,10061
2026-10-05,2010-01-20,10054
2026-10-05,2010-01-21,10046
2026-10-05,2010-01-22,10033
2026-10-05,2010-01-25,10026
2026-10-05,2010-01-26,10017
2026-10-05,2010-01-27,10002
2026-10-05,2010-01-28,9989
2026-10-05,2010-01-29,10014
2026-10-05,2010-02-01,9984
2026-10-05,2010-02-02,9980
2026-10-05,2010-02-03,9981
2026-10-05,2010-02-04,9988
2026-10-05,2010-02-05,9995
2026-10-05,2010-02-08,10002
2026-10-05,2010-02-09,10007
2026-10-05,2010-02-10,10007
2026-10-05,2010-02-11,10013
2026-10-05,2010-02-12,10020
2026-10-05,2010-02-15,10033
2026-10-05,2010-02-16,10034
2026-10-05,2010-02-17,10039
2026-10-05,2010-02-18,10038
2026-10-05,2010-02-19,10041
2026-10-05,2010-02-22,10057
2026-10-05,2010-02-23,10064
2026-10-05,2010-02-24,10075
2026-10-05,2010-02-25,10062
2026-10-05,2010-02-26,10093
2026-10-05,2010-03-01,10096
2026-10-05,2010-03-02,10102
2026-10-05,2010-03-03,10112
2026-10-05,2010-03-04,10112
2026-10-05,2010-03-05,10122
2026-10-05,2010-03-08,10130
2026-10-05,2010-03-09,10131
2026-10-05,2010-03-10,10138
2026-10-05,2010-03-11,10132
2026-10-05,2010-03-12,10138
2026-10-05,2010-03-15,10129
2026-10-05,2010-03-16,10153
2026-10-05,2010-03-17,10164
2026-10-05,2010-03-18,10160
2026-10-05,2010-03-19,10169
2026-10-05,2010-03-22,10160
2026-10-05,2010-03-23,10178
2026-10-05,2010-03-25,10173
2026-10-05,2010-03-26,10170
2026-10-05,2010-03-29,10174
2026-10-05,2010-03-30,10174
2026-10-05,2010-03-31,10226
2026-10-05,2010-04-05,10213
2026-10-05,2010-04-06,10259
2026-10-05,2010-04-07,10243
2026-10-05,2010-04-08,10255
2026-10-05,2010-04-09,10268
2026-10-05,2010-04-12,10270
2026-10-05,2010-04-13,10292
2026-10-05,2010-04-14,10276
2026-10-05,2010-04-15,10292
2026-10-05,2010-04-16,10304
2026-10-05,2010-04-19,10308
2026-10-05,2010-04-20,10318
2026-10-05,2010-04-21,10317
2026-10-05,2010-04-22,10326
2026-10-05,2010-04-23,10324
2026-10-05,2010-04-26,10330
2026-10-05,2010-04-27,10336
2026-10-05,2010-04-28,10337
2026-10-05,2010-04-29,10336
2026-10-05,2010-04-30,10454
2026-10-05,2010-05-03,10473
2026-10-05,2010-05-04,10468
2026-10-05,2010-05-05,10473
2026-10-05,2010-05-06,10475
2026-10-05,2010-05-07,10486
2026-10-05,2010-05-10,10492
2026-10-05,2010-05-11,10508
2026-10-05,2010-05-12,10515
2026-10-05,2010-05-13,10533
2026-10-05,2010-05-14,10527
2026-10-05,2010-05-17,10543
2026-10-05,2010-05-18,10549
2026-10-05,2010-05-19,10555
2026-10-05,2010-05-20,10564
2026-10-05,2010-05-21,10583
2026-10-05,2010-05-26,10600
2026-10-05,2010-05-27,10608
2026-10-05,2010-05-28,10588
2026-10-05,2010-05-31,10628
2026-10-05,2010-06-01,10623
2026-10-05,2010-06-02,10634
2026-10-05,2010-06-03,10652
2026-10-05,2010-06-04,10689
2026-10-05,2010-06-07,10714
2026-10-05,2010-06-08,10722
2026-10-05,2010-06-09,10725
2026-10-05,2010-06-10,10740
2026-10-05,2010-06-11,10748
2026-10-05,2010-06-14,10736
2026-10-05,2010-06-15,10737
2026-10-05,2010-06-16,10738
2026-10-05,2010-06-17,10738
2026-10-05,2010-06-18,10731
2026-10-05,2010-06-22,10745
2026-10-05,2010-06-23,10748
2026-10-05,2010-06-24,10751
2026-10-05,2010-06-25,10760
2026-10-05,2010-06-28,10751
2026-10-05,2010-06-29,10765
2026-10-05,2010-06-30,10816
2026-10-05,2010-07-01,10747
2026-10-05,2010-07-02,10757
2026-10-05,2010-07-05,10778
2026-10-05,2010-07-06,10788
2026-10-05,2010-07-07,10830
2026-10-05,2010-07-08,10842
2026-10-05,2010-07-12,10849
2026-10-05,2010-07-13,10841
2026-10-05,2010-07-14,10851
2026-10-05,2010-07-15,10864
2026-10-05,2010-07-16,10850
2026-10-05,2010-07-19,10864
2026-10-05,2010-07-20,10863
2026-10-05,2010-07-21,10864
2026-10-05,2010-07-22,10873
2026-10-05,2010-07-23,10930
2026-10-05,2010-07-26,10928
2026-10-05,2010-07-27,10918
2026-10-05,2010-07-28,10925
2026-10-05,2010-07-29,10927
2026-10-05,2010-07-30,10956
2026-10-05,2010-08-02,10957
2026-10-05,2010-08-03,11109
2026-10-05,2010-08-04,11148
2026-10-05,2010-08-05,11222
2026-10-05,2010-08-06,11229
2026-10-05,2010-08-09,11230
2026-10-05,2010-08-10,11232
2026-10-05,2010-08-11,11218
2026-10-05,2010-08-12,11234
2026-10-05,2010-08-13,11234
2026-10-05,2010-08-17,11239
2026-10-05,2010-08-18,11229
2026-10-05,2010-08-19,11229
2026-10-05,2010-08-20,11230
2026-10-05,2010-08-23,11228
2026-10-05,2010-08-24,11232
2026-10-05,2010-08-25,11240
2026-10-05,2010-08-26,11226
2026-10-05,2010-08-27,11241
2026-10-05,2010-08-30,11234
2026-10-05,2010-08-31,11237
2026-10-05,2010-09-01,11217
2026-10-05,2010-09-02,11235
2026-10-05,2010-09-03,11241
2026-10-05,2010-09-06,11254
2026-10-05,2010-09-07,11251
2026-10-05,2010-09-08,11249
2026-10-05,2010-09-09,11230
2026-10-05,2010-09-10,11230
2026-10-05,2010-09-13,11242
2026-10-05,2010-09-14,11220
2026-10-05,2010-09-15,11253
2026-10-05,2010-09-16,11222
2026-10-05,2010-09-17,11227
2026-10-05,2010-09-20,11220
2026-10-05,2010-09-21,11228
2026-10-05,2010-09-22,11238
2026-10-05,2010-09-23,11239
2026-10-05,2010-09-24,11212
2026-10-05,2010-09-27,11244
2026-10-05,2010-09-28,11247
2026-10-05,2010-09-29,11264
2026-10-05,2010-09-30,11288
2026-10-05,2010-10-01,11278
2026-10-05,2010-10-04,11289
2026-10-05,2010-10-05,11311
2026-10-05,2010-10-06,11297
2026-10-05,2010-10-07,11297
2026-10-05,2010-10-08,11305
2026-10-05,2010-10-12,11313
2026-10-05,2010-10-13,11306
2026-10-05,2010-10-14,11310
2026-10-05,2010-10-15,11300
2026-10-05,2010-10-18,11313
2026-10-05,2010-10-19,11309
2026-10-05,2010-10-20,11304
2026-10-05,2010-10-21,11297
2026-10-05,2010-10-22,11290
2026-10-05,2010-10-25,11290
2026-10-05,2010-10-26,11288
2026-10-05,2010-10-28,11289
2026-10-05,2010-10-29,11305
2026-10-05,2010-11-01,11295
2026-10-05,2010-11-02,11289
2026-10-05,2010-11-03,11284
2026-10-05,2010-11-04,11286
2026-10-05,2010-11-05,11298
2026-10-05,2010-11-08,11291
2026-10-05,2010-11-09,11284
2026-10-05,2010-11-10,11295
2026-10-05,2010-11-11,11364
2026-10-05,2010-11-12,11364
2026-10-05,2010-11-15,11384
2026-10-05,2010-11-16,11385
2026-10-05,2010-11-17,11398
2026-10-05,2010-11-18,11396
2026-10-05,2010-11-19,11407
2026-10-05,2010-11-23,11410
2026-10-05,2010-11-24,11408
2026-10-05,2010-11-25,11414
2026-10-05,2010-11-26,11425
2026-10-05,2010-11-29,11414
2026-10-05,2010-11-30,11440
2026-10-05,2010-12-01,11450
2026-10-05,2010-12-02,11453
2026-10-05,2010-12-03,11470
2026-10-05,2010-12-06,11474
2026-10-05,2010-12-07,11470
2026-10-05,2010-12-09,11497
2026-10-05,2010-12-10,11499
2026-10-05,2010-12-13,11497
2026-10-05,2010-12-14,11513
2026-10-05,2010-12-15,11512
2026-10-05,2010-12-16,11522
2026-10-05,2010-12-17,11536
2026-10-05,2010-12-20,11555
2026-10-05,2010-12-21,11572
2026-10-05,2010-12-22,11594
2026-10-05,2010-12-23,11614
2026-10-05,2010-12-27,11639
2026-10-05,2010-12-28,11674
2026-10-05,2010-12-29,11692
2026-10-05,2010-12-30,11727
2026-10-05,2011-01-03,11716
2026-10-05,2011-01-04,11729
2026-10-05,2011-01-05,11732
2026-10-05,2011-01-06,11736
2026-10-05,2011-01-07,11747
2026-10-05,2011-01-10,11748
2026-10-05,2011-01-11,11743
2026-10-05,2011-01-12,11736
2026-10-05,2011-01-13,11731
2026-10-05,2011-01-14,11715
2026-10-05,2011-01-17,11722
2026-10-05,2011-01-18,11721
2026-10-05,2011-01-19,11709
2026-10-05,2011-01-20,11710
2026-10-05,2011-01-21,11718
2026-10-05,2011-01-24,11721
2026-10-05,2011-01-25,11726
2026-10-05,2011-01-26,11722
2026-10-05,2011-01-27,11719
2026-10-05,2011-01-28,11726
2026-10-05,2011-01-31,11731
2026-10-05,2011-02-01,11730
2026-10-05,2011-02-02,11739
2026-10-05,2011-02-03,11731
2026-10-05,2011-02-04,11752
2026-10-05,2011-02-07,11752
2026-10-05,2011-02-08,11756
2026-10-05,2011-02-09,11787
2026-10-05,2011-02-10,11786
2026-10-05,2011-02-11,11808
2026-10-05,2011-02-14,11803
2026-10-05,2011-02-15,11815
2026-10-05,2011-02-16,11823
2026-10-05,2011-02-17,11789
2026-10-05,2011-02-18,11794
2026-10-05,2011-02-21,11851
2026-10-05,2011-02-22,11865
2026-10-05,2011-02-23,11908
2026-10-05,2011-02-24,11939
2026-10-05,2011-02-25,11966
2026-10-05,2011-02-28,12006
2026-10-05,2011-03-01,12025
2026-10-05,2011-03-02,12025
2026-10-05,2011-03-03,12039
2026-10-05,2011-03-04,12058
2026-10-05,2011-03-09,12059
2026-10-05,2011-03-10,12066
2026-10-05,2011-03-11,12063
2026-10-05,2011-03-14,12065
2026-10-05,2011-03-15,12062
2026-10-05,2011-03-16,12083
2026-10-05,2011-03-17,12082
2026-10-05,2011-03-18,12074
2026-10-05,2011-03-21,12105
2026-10-05,2011-03-22,12092
2026-10-05,2011-03-23,12105
2026-10-05,2011-03-28,12158
2026-10-05,2011-03-29,12228
2026-10-05,2011-03-30,12179
2026-10-05,2011-03-31,12251
2026-10-05,2011-04-01,12197
2026-10-05,2011-04-04,12225
2026-10-05,2011-04-05,12261
2026-10-05,2011-04-06,12245
2026-10-05,2011-04-07,12253
2026-10-05,2011-04-08,12270
2026-10-05,2011-04-11,12276
2026-10-05,2011-04-12,12281
2026-10-05,2011-04-13,12278
2026-10-05,2011-04-14,12247
2026-10-05,2011-04-15,12263
2026-10-05,2011-04-18,12264
2026-10-05,2011-04-19,12278
2026-10-05,2011-04-20,12284
2026-10-05,2011-04-25,12298
2026-10-05,2011-04-26,12457
2026-10-05,2011-04-27,12482
2026-10-05,2011-04-28,12445
2026-10-05,2011-04-29,12508
2026-10-05,2011-05-02,12527
2026-10-05,2011-05-03,12603
2026-10-05,2011-05-04,12670
2026-10-05,2011-05-05,12676
2026-10-05,2011-05-06,12691
2026-10-05,2011-05-09,12673
2026-10-05,2011-05-10,12659
2026-10-05,2011-05-11,12627
2026-10-05,2011-05-12,12640
2026-10-05,2011-05-13,12631
2026-10-05,2011-05-16,12753
2026-10-05,2011-05-17,12718
2026-10-05,2011-05-18,12729
2026-10-05,2011-05-19,12688
2026-10-05,2011-05-20,12702
2026-10-05,2011-05-23,12722
2026-10-05,2011-05-24,12745
2026-10-05,2011-05-26,12760
2026-10-05,2011-05-27,12780
2026-10-05,2011-05-30,12793
2026-10-05,2011-05-31,12833
2026-10-05,2011-06-01,12854
2026-10-05,2011-06-02,12877
2026-10-05,2011-06-03,12894
2026-10-05,2011-06-06,12925
2026-10-05,2011-06-07,12939
2026-10-05,2011-06-08,12943
2026-10-05,2011-06-09,12945
2026-10-05,2011-06-10,12968
2026-10-05,2011-06-13,12980
2026-10-05,2011-06-14,12982
2026-10-05,2011-06-15,12990
2026-10-05,2011-06-16,13005
2026-10-05,2011-06-17,13020
2026-10-05,2011-06-21,13029
2026-10-05,2011-06-22,13038
2026-10-05,2011-06-23,13044
2026-10-05,2011-06-24,13052
2026-10-05,2011-06-27,13054
2026-10-05,2011-06-28,13046
2026-10-05,2011-06-29,13058
2026-10-05,2011-06-30,13249
2026-10-05,2011-07-01,13123
2026-10-05,2011-07-04,13163
2026-10-05,2011-07-05,13195
2026-10-05,2011-07-06,13224
2026-10-05,2011-07-07,13224
2026-10-05,2011-07-08,13251
2026-10-05,2011-07-11,13262
2026-10-05,2011-07-12,13278
2026-10-05,2011-07-13,13297
2026-10-05,2011-07-14,13310
2026-10-05,2011-07-15,13320
2026-10-05,2011-07-18,13324
2026-10-05,2011-07-19,13364
2026-10-05,2011-07-20,13395
2026-10-05,2011-07-21,13408
2026-10-05,2011-07-22,13425
2026-10-05,2011-07-25,13429
2026-10-05,2011-07-26,13416
2026-10-05,2011-07-27,13407
2026-10-05,2011-07-28,13409
2026-10-05,2011-07-29,13447
2026-10-05,2011-08-01,13457
2026-10-05,2011-08-02,13471
2026-10-05,2011-08-03,13656
2026-10-05,2011-08-04,13742
2026-10-05,2011-08-05,13785
2026-10-05,2011-08-08,13799
2026-10-05,2011-08-09,13827
2026-10-05,2011-08-10,13846
2026-10-05,2011-08-11,13877
2026-10-05,2011-08-12,13885
2026-10-05,2011-08-15,13923
2026-10-05,2011-08-16,13907
2026-10-05,2011-08-17,13918
2026-10-05,2011-08-18,13926
2026-10-05,2011-08-19,13938
2026-10-05,2011-08-23,13970
2026-10-05,2011-08-24,13980
2026-10-05,2011-08-25,13985
2026-10-05,2011-08-26,14003
2026-10-05,2011-08-29,14027
2026-10-05,2011-08-30,14058
2026-10-05,2011-08-31,14089
2026-10-05,2011-09-01,14063
2026-10-05,2011-09-02,14105
2026-10-05,2011-09-05,14151
2026-10-05,2011-09-06,14181
2026-10-05,2011-09-07,14208
2026-10-05,2011-09-08,14241
2026-10-05,2011-09-09,14277
2026-10-05,2011-09-12,14299
2026-10-05,2011-09-13,14330
2026-10-05,2011-09-14,14335
2026-10-05,2011-09-15,14331
2026-10-05,2011-09-16,14365
2026-10-05,2011-09-19,14379
2026-10-05,2011-09-20,14402
2026-10-05,2011-09-21,14420
2026-10-05,2011-09-22,14436
2026-10-05,2011-09-23,14485
2026-10-05,2011-09-26,14505
2026-10-05,2011-09-27,14509
2026-10-05,2011-09-28,14530
2026-10-05,2011-09-29,14555
2026-10-05,2011-09-30,14594
2026-10-05,2011-10-03,14646
2026-10-05,2011-10-04,14684
2026-10-05,2011-10-05,14678
2026-10-05,2011-10-06,14683
2026-10-05,2011-10-07,14709
2026-10-05,2011-10-11,14715
2026-10-05,2011-10-12,14734
2026-10-05,2011-10-13,14720
2026-10-05,2011-10-14,14736
2026-10-05,2011-10-17,14769
2026-10-05,2011-10-18,14766
2026-10-05,2011-10-19,14754
2026-10-05,2011-10-20,14778
2026-10-05,2011-10-21,14800
2026-10-05,2011-10-24,14826
2026-10-05,2011-10-25,14821
2026-10-05,2011-10-26,14832
2026-10-05,2011-10-27,14836
2026-10-05,2011-10-28,14833
2026-10-05,2011-10-31,14754
2026-10-05,2011-11-01,14614
2026-10-05,2011-11-02,14493
2026-10-05,2011-11-03,14357
2026-10-05,2011-11-04,14189
2026-10-05,2011-11-07,14006
2026-10-05,2011-11-08,13839
2026-10-05,2011-11-09,13647
2026-10-05,2011-11-10,13424
2026-10-05,2011-11-11,13143
2026-10-05,2011-11-14,12926
2026-10-05,2011-11-15,12767
2026-10-05,2011-11-16,12645
2026-10-05,2011-11-17,12548
2026-10-05,2011-11-18,12469
2026-10-05,2011-11-21,12409
2026-10-05,2011-11-22,12357
2026-10-05,2011-11-23,12289
2026-10-05,2011-11-24,12255
2026-10-05,2011-11-25,12220
2026-10-05,2011-11-29,12178
2026-10-05,2011-11-30,12168
2026-10-05,2011-12-01,12137
2026-10-05,2011-12-02,12109
2026-10-05,2011-12-05,12080
2026-10-05,2011-12-06,12052
2026-10-05,2011-12-07,12017
2026-10-05,2011-12-12,11993
2026-10-05,2011-12-13,11968
2026-10-05,2011-12-14,11959
2026-10-05,2011-12-15,11974
2026-10-05,2011-12-16,11974
2026-10-05,2011-12-19,11966
2026-10-05,2011-12-20,11971
2026-10-05,2011-12-21,11977
2026-10-05,2011-12-22,11991
2026-10-05,2011-12-23,12014
2026-10-05,2011-12-27,12039
2026-10-05,2011-12-28,12102
2026-10-05,2011-12-29,12152
2026-10-05,2011-12-30,12177
2026-10-05,2012-01-03,12144
2026-10-05,2012-01-04,12128
2026-10-05,2012-01-05,12116
2026-10-05,2012-01-06,12124
2026-10-05,2012-01-09,12118
2026-10-05,2012-01-10,12109
2026-10-05,2012-01-11,12097
2026-10-05,2012-01-12,12096
2026-10-05,2012-01-13,12091
2026-10-05,2012-01-16,12088
2026-10-05,2012-01-17,12079
2026-10-05,2012-01-18,12067
2026-10-05,2012-01-19,12072
2026-10-05,2012-01-20,12073
2026-10-05,2012-01-23,12066
2026-10-05,2012-01-24,12062
2026-10-05,2012-01-25,12049
2026-10-05,2012-01-26,12041
2026-10-05,2012-01-27,12036
2026-10-05,2012-01-30,12030
2026-10-05,2012-01-31,12043
2026-10-05,2012-02-01,12030
2026-10-05,2012-02-02,12016
2026-10-05,2012-02-03,12013
2026-10-05,2012-02-06,11999
2026-10-05,2012-02-07,11985
2026-10-05,2012-02-08,12005
2026-10-05,2012-02-09,11981
2026-10-05,2012-02-10,12005
2026-10-05,2012-02-13,12097
2026-10-05,2012-02-14,12076
2026-10-05,2012-02-15,12130
2026-10-05,2012-02-16,12067
2026-10-05,2012-02-17,12089
2026-10-05,2012-02-22,12027
2026-10-05,2012-02-23,12017
2026-10-05,2012-02-24,11937
2026-10-05,2012-02-28,11980
2026-10-05,2012-02-29,11974
2026-10-05,2012-03-01,11996
2026-10-05,2012-03-02,11998
2026-10-05,2012-03-05,12044
2026-10-05,2012-03-06,12004
2026-10-05,2012-03-07,11992
2026-10-05,2012-03-08,12042
2026-10-05,2012-03-09,12039
2026-10-05,2012-03-12,12010
2026-10-05,2012-03-13,12048
2026-10-05,2012-03-14,12036
2026-10-05,2012-03-15,12004
2026-10-05,2012-03-16,12005
2026-10-05,2012-03-19,11997
2026-10-05,2012-03-20,11951
2026-10-05,2012-03-21,11943
2026-10-05,2012-03-22,11971
2026-10-05,2012-03-23,11967
2026-10-05,2012-03-26,11952
2026-10-05,2012-03-27,11951
2026-10-05,2012-03-28,11944
2026-10-05,2012-03-29,11867
2026-10-05,2012-03-30,11882
2026-10-05,2012-04-03,11905
2026-10-05,2012-04-04,11941
2026-10-05,2012-04-09,11940
2026-10-05,2012-04-10,11937
2026-10-05,2012-04-11,11933
2026-10-05,2012-04-12,11925
2026-10-05,2012-04-13,11923
2026-10-05,2012-04-16,11921
2026-10-05,2012-04-17,11926
2026-10-05,2012-04-18,11917
2026-10-05,2012-04-19,11896
2026-10-05,2012-04-20,11893
2026-10-05,2012-04-23,11891
2026-10-05,2012-04-24,11884
2026-10-05,2012-04-25,11890
2026-10-05,2012-04-26,11875
2026-10-05,2012-04-27,11875
2026-10-05,2012-05-02,11950
2026-10-05,2012-05-03,12007
2026-10-05,2012-05-04,12015
2026-10-05,2012-05-07,12001
2026-10-05,2012-05-08,11985
2026-10-05,2012-05-09,11975
2026-10-05,2012-05-10,11944
2026-10-05,2012-05-11,11899
2026-10-05,2012-05-14,11838
2026-10-05,2012-05-15,11744
2026-10-05,2012-05-16,11662
2026-10-05,2012-05-17,11553
2026-10-05,2012-05-18,11436
2026-10-05,2012-05-21,11325
2026-10-05,2012-05-22,11235
2026-10-05,2012-05-23,11147
2026-10-05,2012-05-24,11030
2026-10-05,2012-05-28,10923
2026-10-05,2012-05-29,10815
2026-10-05,2012-05-30,10725
2026-10-05,2012-05-31,10606
2026-10-05,2012-06-01,10426
2026-10-05,2012-06-04,10280
2026-10-05,2012-06-05,10177
2026-10-05,2012-06-06,10090
2026-10-05,2012-06-07,9986
2026-10-05,2012-06-08,9878
2026-10-05,2012-06-11,9774
2026-10-05,2012-06-12,9666
2026-10-05,2012-06-13,9558
2026-10-05,2012-06-14,9493
2026-10-05,2012-06-15,9439
2026-10-05,2012-06-18,9361
2026-10-05,2012-06-19,9279
2026-10-05,2012-06-21,9226
2026-10-05,2012-06-22,9165
2026-10-05,2012-06-25,9121
2026-10-05,2012-06-26,9097
2026-10-05,2012-06-27,9059
2026-10-05,2012-06-28,9033
2026-10-05,2012-06-29,9000
2026-10-05,2012-07-02,8978
2026-10-05,2012-07-03,8934
2026-10-05,2012-07-04,8922
2026-10-05,2012-07-05,8908
2026-10-05,2012-07-06,8876
2026-10-05,2012-07-10,8837
2026-10-05,2012-07-11,8808
2026-10-05,2012-07-12,8772
2026-10-05,2012-07-13,8734
2026-10-05,2012-07-16,8690
2026-10-05,2012-07-17,8663
2026-10-05,2012-07-18,8626
2026-10-05,2012-07-19,8583
2026-10-05,2012-07-20,8554
2026-10-05,2012-07-23,8529
2026-10-05,2012-07-24,8499
2026-10-05,2012-07-25,8487
2026-10-05,2012-07-26,8462
2026-10-05,2012-07-27,8434
2026-10-05,2012-07-30,8408
2026-10-05,2012-07-31,8379
2026-10-05,2012-08-01,8363
2026-10-05,2012-08-02,8340
2026-10-05,2012-08-03,8546
2026-10-05,2012-08-06,8521
2026-10-05,2012-08-07,8505
2026-10-05,2012-08-08,8477
2026-10-05,2012-08-09,8451
2026-10-05,2012-08-10,8424
2026-10-05,2012-08-13,8389
2026-10-05,2012-08-14,8370
2026-10-05,2012-08-15,8362
2026-10-05,2012-08-16,8342
2026-10-05,2012-08-17,8325
2026-10-05,2012-08-21,8311
2026-10-05,2012-08-22,8301
2026-10-05,2012-08-23,8282
2026-10-05,2012-08-24,8267
2026-10-05,2012-08-27,8255
2026-10-05,2012-08-28,8245
2026-10-05,2012-08-29,8231
2026-10-05,2012-08-30,8218
2026-10-05,2012-08-31,8215
2026-10-05,2012-09-03,8198
2026-10-05,2012-09-04,8183
2026-10-05,2012-09-05,8160
2026-10-05,2012-09-06,8146
2026-10-05,2012-09-07,8132
2026-10-05,2012-09-10,8117
2026-10-05,2012-09-11,8114
2026-10-05,2012-09-12,8122
2026-10-05,2012-09-13,8110
2026-10-05,2012-09-14,8097
2026-10-05,2012-09-17,8077
2026-10-05,2012-09-18,8076
2026-10-05,2012-09-19,8062
2026-10-05,2012-09-20,8051
2026-10-05,2012-09-21,8045
2026-10-05,2012-09-25,8038
2026-10-05,2012-09-26,8036
2026-10-05,2012-09-27,8022
2026-10-05,2012-09-28,8020
2026-10-05,2012-10-01,8009
2026-10-05,2012-10-02,7998
2026-10-05,2012-10-03,7998
2026-10-05,2012-10-04,7995
2026-10-05,2012-10-05,7987
2026-10-05,2012-10-09,7980
2026-10-05,2012-10-10,7968
2026-10-05,2012-10-11,7978
2026-10-05,2012-10-12,7966
2026-10-05,2012-10-15,7955
2026-10-05,2012-10-16,7954
2026-10-05,2012-10-17,7957
2026-10-05,2012-10-18,7948
2026-10-05,2012-10-19,7933
2026-10-05,2012-10-22,7926
2026-10-05,2012-10-23,7914
2026-10-05,2012-10-24,7911
2026-10-05,2012-10-25,7898
2026-10-05,2012-10-26,7890
2026-10-05,2012-10-29,7883
2026-10-05,2012-10-30,7887
2026-10-05,2012-10-31,7876
2026-10-05,2012-11-01,7862
2026-10-05,2012-11-02,7858
2026-10-05,2012-11-05,7850
2026-10-05,2012-11-07,7842
2026-10-05,2012-11-08,7829
2026-10-05,2012-11-09,7827
2026-10-05,2012-11-12,7811
2026-10-05,2012-11-13,7797
2026-10-05,2012-11-14,7794
2026-10-05,2012-11-15,7781
2026-10-05,2012-11-16,7773
2026-10-05,2012-11-19,7767
2026-10-05,2012-11-20,7768
2026-10-05,2012-11-21,7760
2026-10-05,2012-11-22,7759
2026-10-05,2012-11-23,7747
2026-10-05,2012-11-27,7735
2026-10-05,2012-11-28,7728
2026-10-05,2012-11-29,7721
2026-10-05,2012-11-30,7720
2026-10-05,2012-12-03,7697
2026-10-05,2012-12-04,7691
2026-10-05,2012-12-05,7681
2026-10-05,2012-12-06,7681
2026-10-05,2012-12-07,7680
2026-10-05,2012-12-10,7684
2026-10-05,2012-12-11,7678
2026-10-05,2012-12-12,7684
2026-10-05,2012-12-13,7672
2026-10-05,2012-12-14,7676
2026-10-05,2012-12-17,7699
2026-10-05,2012-12-18,7731
2026-10-05,2012-12-19,7749
2026-10-05,2012-12-20,7765
2026-10-05,2012-12-21,7800
2026-10-05,2012-12-26,7875
2026-10-05,2012-12-27,7886
2026-10-05,2012-12-28,7928
2026-10-05,2012-12-31,7952
2026-10-05,2013-01-02,7880
2026-10-05,2013-01-03,7844
2026-10-05,2013-01-04,7829
2026-10-05,2013-01-07,7806
2026-10-05,2013-01-08,7811
2026-10-05,2013-01-09,7799
2026-10-05,2013-01-10,7782
2026-10-05,2013-01-11,7760
2026-10-05,2013-01-14,7750
2026-10-05,2013-01-15,7745
2026-10-05,2013-01-16,7724
2026-10-05,2013-01-17,7726
2026-10-05,2013-01-18,7714
2026-10-05,2013-01-21,7705
2026-10-05,2013-01-22,7694
2026-10-05,2013-01-23,7685
2026-10-05,2013-01-24,7676
2026-10-05,2013-01-25,7664
2026-10-05,2013-01-28,7656
2026-10-05,2013-01-29,7642
2026-10-05,2013-01-30,7635
2026-10-05,2013-02-01,7626
2026-10-05,2013-02-04,7604
2026-10-05,2013-02-05,7578
2026-10-05,2013-02-06,7570
2026-10-05,2013-02-07,7564
2026-10-05,2013-02-08,7559
2026-10-05,2013-02-13,7546
2026-10-05,2013-02-14,7537
2026-10-05,2013-02-15,7527
2026-10-05,2013-02-18,7515
2026-10-05,2013-02-19,7508
2026-10-05,2013-02-21,7503
2026-10-05,2013-02-22,7499
2026-10-05,2013-02-25,7484
2026-10-05,2013-02-26,7475
2026-10-05,2013-02-27,7471
2026-10-05,2013-02-28,7457
2026-10-05,2013-03-01,7451
2026-10-05,2013-03-04,7450
2026-10-05,2013-03-05,7446
2026-10-05,2013-03-06,7441
2026-10-05,2013-03-07,7441
2026-10-05,2013-03-08,7441
2026-10-05,2013-03-11,7440
2026-10-05,2013-03-12,7436
2026-10-05,2013-03-13,7436
2026-10-05,2013-03-14,7427
2026-10-05,2013-03-15,7416
2026-10-05,2013-03-18,7421
2026-10-05,2013-03-19,7389
2026-10-05,2013-03-20,7399
2026-10-05,2013-03-21,7375
2026-10-05,2013-03-22,7358
2026-10-05,2013-03-25,7337
2026-10-05,2013-03-26,7319
2026-10-05,2013-03-27,7291
2026-10-05,2013-04-03,7310
2026-10-05,2013-04-04,7297
2026-10-05,2013-04-05,7284
2026-10-05,2013-04-08,7276
2026-10-05,2013-04-09,7269
2026-10-05,2013-04-10,7269
2026-10-05,2013-04-11,7265
2026-10-05,2013-04-12,7259
2026-10-05,2013-04-15,7259
2026-10-05,2013-04-16,7244
2026-10-05,2013-04-17,7251
2026-10-05,2013-04-18,7253
2026-10-05,2013-04-19,7250
2026-10-05,2013-04-22,7241
2026-10-05,2013-04-23,7233
2026-10-05,2013-04-24,7227
2026-10-05,2013-04-25,7218
2026-10-05,2013-04-26,7204
2026-10-05,2013-04-29,7185
2026-10-05,2013-04-30,7286
2026-10-05,2013-05-02,7276
2026-10-05,2013-05-03,7262
2026-10-05,2013-05-06,7249
2026-10-05,2013-05-07,7238
2026-10-05,2013-05-08,7221
2026-10-05,2013-05-09,7206
2026-10-05,2013-05-10,7199
2026-10-05,2013-05-13,7175
2026-10-05,2013-05-14,7156
2026-10-05,2013-05-15,7143
2026-10-05,2013-05-16,7132
2026-10-05,2013-05-17,7125
2026-10-05,2013-05-20,7118
2026-10-05,2013-05-21,7104
2026-10-05,2013-05-22,7098
2026-10-05,2013-05-23,7093
2026-10-05,2013-05-24,7082
2026-10-05,2013-05-27,7078
2026-10-05,2013-05-28,7071
2026-10-05,2013-05-29,7066
2026-10-05,2013-05-30,7062
2026-10-05,2013-05-31,7049
2026-10-05,2013-06-03,7041
2026-10-05,2013-06-04,7026
2026-10-05,2013-06-05,7018
2026-10-05,2013-06-06,7013
2026-10-05,2013-06-07,7005
2026-10-05,2013-06-10,7005
2026-10-05,2013-06-11,6993
2026-10-05,2013-06-12,6991
2026-10-05,2013-06-13,6986
2026-10-05,2013-06-14,6983
2026-10-05,2013-06-17,6978
2026-10-05,2013-06-18,6973
2026-10-05,2013-06-19,6967
2026-10-05,2013-06-24,6963
2026-10-05,2013-06-25,6949
2026-10-05,2013-06-26,6944
2026-10-05,2013-06-27,6939
2026-10-05,2013-06-28,6939
2026-10-05,2013-07-01,6937
2026-10-05,2013-07-02,6930
2026-10-05,2013-07-03,6941
2026-10-05,2013-07-04,6929
2026-10-05,2013-07-05,6928
2026-10-05,2013-07-08,6921
2026-10-05,2013-07-10,6926
2026-10-05,2013-07-11,6922
2026-10-05,2013-07-12,6918
2026-10-05,2013-07-15,6912
2026-10-05,2013-07-16,6908
2026-10-05,2013-07-17,6899
2026-10-05,2013-07-18,6896
2026-10-05,2013-07-19,6889
2026-10-05,2013-07-22,6891
2026-10-05,2013-07-23,6883
2026-10-05,2013-07-24,6880
2026-10-05,2013-07-25,6874
2026-10-05,2013-07-26,6870
2026-10-05,2013-07-29,6865
2026-10-05,2013-07-30,6861
2026-10-05,2013-07-31,6855
2026-10-05,2013-08-01,6851
2026-10-05,2013-08-02,6852
2026-10-05,2013-08-05,6837
2026-10-05,2013-08-06,6830
2026-10-05,2013-08-07,6824
2026-10-05,2013-08-08,6817
2026-10-05,2013-08-09,6814
2026-10-05,2013-08-12,6803
2026-10-05,2013-08-13,6801
2026-10-05,2013-08-14,6796
2026-10-05,2013-08-15,6776
2026-10-05,2013-08-16,6772
2026-10-05,2013-08-20,6765
2026-10-05,2013-08-21,6758
2026-10-05,2013-08-22,6749
2026-10-05,2013-08-23,6748
2026-10-05,2013-08-26,6742
2026-10-05,2013-08-27,6734
2026-10-05,2013-08-28,6729
2026-10-05,2013-08-29,6723
2026-10-05,2013-08-30,6722
2026-10-05,2013-09-02,6712
2026-10-05,2013-09-03,6705
2026-10-05,2013-09-04,6699
2026-10-05,2013-09-05,6691
2026-10-05,2013-09-06,6685
2026-10-05,2013-09-09,6681
2026-10-05,2013-09-10,6668
2026-10-05,2013-09-11,6664
2026-10-05,2013-09-12,6829
2026-10-05,2013-09-13,6867
2026-10-05,2013-09-16,6874
2026-10-05,2013-09-17,6858
2026-10-05,2013-09-18,6857
2026-10-05,2013-09-19,6857
2026-10-05,2013-09-20,6858
2026-10-05,2013-09-23,6861
2026-10-05,2013-09-24,6850
2026-10-05,2013-09-25,6848
2026-10-05,2013-09-26,6837
2026-10-05,2013-09-27,6834
2026-10-05,2013-09-30,6814
2026-10-05,2013-10-01,6813
2026-10-05,2013-10-02,6801
2026-10-05,2013-10-03,6809
2026-10-05,2013-10-04,6842
2026-10-05,2013-10-07,6847
2026-10-05,2013-10-08,6838
2026-10-05,2013-10-09,6830
2026-10-05,2013-10-10,6824
2026-10-05,2013-10-11,6813
2026-10-05,2013-10-15,6811
2026-10-05,2013-10-16,6801
2026-10-05,2013-10-17,6816
2026-10-05,2013-10-18,6807
2026-10-05,2013-10-21,6808
2026-10-05,2013-10-22,6796
2026-10-05,2013-10-23,6793
2026-10-05,2013-10-24,6771
2026-10-05,2013-10-25,6751
2026-10-05,2013-10-28,6757
2026-10-05,2013-10-29,6749
2026-10-05,2013-10-30,6744
2026-10-05,2013-10-31,6743
2026-10-05,2013-11-01,6734
2026-10-05,2013-11-04,6730
2026-10-05,2013-11-05,6723
2026-10-05,2013-11-07,6718
2026-10-05,2013-11-08,6715
2026-10-05,2013-11-11,6712
2026-10-05,2013-11-12,6708
2026-10-05,2013-11-13,6702
2026-10-05,2013-11-14,6700
2026-10-05,2013-11-15,6697
2026-10-05,2013-11-18,6690
2026-10-05,2013-11-19,6684
2026-10-05,2013-11-20,6679
2026-10-05,2013-11-21,6670
2026-10-05,2013-11-22,6668
2026-10-05,2013-11-26,6668
2026-10-05,2013-11-27,6658
2026-10-05,2013-11-28,6647
2026-10-05,2013-11-29,6664
2026-10-05,2013-12-02,6642
2026-10-05,2013-12-03,6642
2026-10-05,2013-12-04,6647
2026-10-05,2013-12-05,6652
2026-10-05,2013-12-06,6649
2026-10-05,2013-12-09,6652
2026-10-05,2013-12-10,6645
2026-10-05,2013-12-11,6646
2026-10-05,2013-12-12,6655
2026-10-05,2013-12-13,6657
2026-10-05,2013-12-16,6662
2026-10-05,2013-12-17,6681
2026-10-05,2013-12-18,6694
2026-10-05,2013-12-19,6704
2026-10-05,2013-12-20,6735
2026-10-05,2013-12-23,6769
2026-10-05,2013-12-26,6818
2026-10-05,2013-12-27,6858
2026-10-05,2013-12-30,6915
2026-10-05,2014-01-02,6889
2026-10-05,2014-01-03,6857
2026-10-05,2014-01-06,6844
2026-10-05,2014-01-07,6834
2026-10-05,2014-01-08,6816
2026-10-05,2014-01-09,6799
2026-10-05,2014-01-10,6791
2026-10-05,2014-01-13,6782
2026-10-05,2014-01-14,6749
2026-10-05,2014-01-15,6741
2026-10-05,2014-01-16,6729
2026-10-05,2014-01-17,7213
2026-10-05,2014-01-20,7216
2026-10-05,2014-01-21,7246
2026-10-05,2014-01-22,7254
2026-10-05,2014-01-23,7237
2026-10-05,2014-01-24,7220
2026-10-05,2014-01-27,7211
2026-10-05,2014-01-28,7157
2026-10-05,2014-01-29,7145
2026-10-05,2014-01-30,7143
2026-10-05,2014-01-31,7188
2026-10-05,2014-02-03,7183
2026-10-05,2014-02-04,7172
2026-10-05,2014-02-05,7157
2026-10-05,2014-02-06,7150
2026-10-05,2014-02-07,7190
2026-10-05,2014-02-10,7183
2026-10-05,2014-02-11,7178
2026-10-05,2014-02-12,7166
2026-10-05,2014-02-13,7167
2026-10-05,2014-02-14,7080
2026-10-05,2014-02-17,7080
2026-10-05,2014-02-18,7071
2026-10-05,2014-02-19,7110
2026-10-05,2014-02-20,7184
2026-10-05,2014-02-21,7101
2026-10-05,2014-02-24,7090
2026-10-05,2014-02-25,7101
2026-10-05,2014-02-26,7102
2026-10-05,2014-02-27,7098
2026-10-05,2014-02-28,7099
2026-10-05,2014-03-05,7052
2026-10-05,2014-03-06,7050
2026-10-05,2014-03-07,7048
2026-10-05,2014-03-10,7052
2026-10-05,2014-03-11,7050
2026-10-05,2014-03-12,6542
2026-10-05,2014-03-13,6542
2026-10-05,2014-03-14,6541
2026-10-05,2014-03-17,6596
2026-10-05,2014-03-18,6589
2026-10-05,2014-03-19,6588
2026-10-05,2014-03-20,6589
2026-10-05,2014-03-21,6592
2026-10-05,2014-03-25,6637
2026-10-05,2014-03-26,6646
2026-10-05,2014-03-27,6631
2026-10-05,2014-03-28,6622
2026-10-05,2014-03-31,6680
2026-10-05,2014-04-01,6618
2026-10-05,2014-04-03,6658
2026-10-05,2014-04-04,6654
2026-10-05,2014-04-07,6615
2026-10-05,2014-04-08,6646
2026-10-05,2014-04-09,6685
2026-10-05,2014-04-10,6688
2026-10-05,2014-04-11,6630
2026-10-05,2014-04-14,6633
2026-10-05,2014-04-15,6594
2026-10-05,2014-04-16,6587
2026-10-05,2014-04-21,6606
2026-10-05,2014-04-22,6609
2026-10-05,2014-04-23,6607
2026-10-05,2014-04-24,6608
2026-10-05,2014-04-25,6608
2026-10-05,2014-04-28,6614
2026-10-05,2014-04-29,6611
2026-10-05,2014-04-30,6609
2026-10-05,2014-05-05,7104
2026-10-05,2014-05-06,7110
2026-10-05,2014-05-07,7121
2026-10-05,2014-05-08,7121
2026-10-05,2014-05-09,7119
2026-10-05,2014-05-12,7118
2026-10-05,2014-05-13,7118
2026-10-05,2014-05-14,7121
2026-10-05,2014-05-15,7117
2026-10-05,2014-05-16,7119
2026-10-05,2014-05-19,7125
2026-10-05,2014-05-20,7127
2026-10-05,2014-05-21,7127
2026-10-05,2014-05-22,7122
2026-10-05,2014-05-23,7117
2026-10-05,2014-05-26,7125
2026-10-05,2014-05-27,7122
2026-10-05,2014-05-28,7122
2026-10-05,2014-05-29,7119
2026-10-05,2014-05-30,7119
2026-10-05,2014-06-02,7119
2026-10-05,2014-06-03,7119
2026-10-05,2014-06-04,7120
2026-10-05,2014-06-05,7120
2026-10-05,2014-06-06,7119
2026-10-05,2014-06-09,7135
2026-10-05,2014-06-10,7118
2026-10-05,2014-06-11,7116
2026-10-05,2014-06-12,7113
2026-10-05,2014-06-13,7110
2026-10-05,2014-06-16,7110
2026-10-05,2014-06-17,7102
2026-10-05,2014-06-18,7102
2026-10-05,2014-06-19,7079
2026-10-05,2014-06-23,7083
2026-10-05,2014-06-24,7070
2026-10-05,2014-06-25,7069
2026-10-05,2014-06-26,7063
2026-10-05,2014-06-27,7053
2026-10-05,2014-06-30,7057
2026-10-05,2014-07-01,7048
2026-10-05,2014-07-02,7049
2026-10-05,2014-07-03,7049
2026-10-05,2014-07-04,7049
2026-10-05,2014-07-07,7039
2026-10-05,2014-07-08,7040
2026-10-05,2014-07-10,7036
2026-10-05,2014-07-11,7040
2026-10-05,2014-07-14,7036
2026-10-05,2014-07-15,7027
2026-10-05,2014-07-16,7030
2026-10-05,2014-07-17,7022
2026-10-05,2014-07-18,7021
2026-10-05,2014-07-21,7018
2026-10-05,2014-07-22,7018
2026-10-05,2014-07-23,7014
2026-10-05,2014-07-24,7012
2026-10-05,2014-07-25,7006
2026-10-05,2014-07-28,7003
2026-10-05,2014-07-29,6992
2026-10-05,2014-07-30,6995
2026-10-05,2014-07-31,6993
2026-10-05,2014-08-01,6993
2026-10-05,2014-08-04,6988
2026-10-05,2014-08-05,7030
2026-10-05,2014-08-06,7030
2026-10-05,2014-08-07,7029
2026-10-05,2014-08-08,7029
2026-10-05,2014-08-11,6993
2026-10-05,2014-08-12,6991
2026-10-05,2014-08-13,6992
2026-10-05,2014-08-14,6982
2026-10-05,2014-08-15,6978
2026-10-05,2014-08-19,6981
2026-10-05,2014-08-20,6981
2026-10-05,2014-08-21,6979
2026-10-05,2014-08-22,6976
2026-10-05,2014-08-25,6973
2026-10-05,2014-08-26,6968
2026-10-05,2014-08-27,6966
2026-10-05,2014-08-28,6967
2026-10-05,2014-08-29,6968
2026-10-05,2014-09-01,6975
2026-10-05,2014-09-02,6986
2026-10-05,2014-09-03,6985
2026-10-05,2014-09-04,6986
2026-10-05,2014-09-05,6987
2026-10-05,2014-09-08,6993
2026-10-05,2014-09-09,6986
2026-10-05,2014-09-10,6981
2026-10-05,2014-09-11,6983
2026-10-05,2014-09-12,6977
2026-10-05,2014-09-15,6973
2026-10-05,2014-09-16,6975
2026-10-05,2014-09-17,6978
2026-10-05,2014-09-18,6977
2026-10-05,2014-09-19,6976
2026-10-05,2014-09-22,6982
2026-10-05,2014-09-23,6973
2026-10-05,2014-09-24,6928
2026-10-05,2014-09-25,6933
2026-10-05,2014-09-26,6926
2026-10-05,2014-09-29,6934
2026-10-05,2014-09-30,6957
2026-10-05,2014-10-01,6945
2026-10-05,2014-10-02,6967
2026-10-05,2014-10-03,6965
2026-10-05,2014-10-06,7000
2026-10-05,2014-10-07,6990
2026-10-05,2014-10-08,6981
2026-10-05,2014-10-09,6979
2026-10-05,2014-10-10,6972
2026-10-05,2014-10-14,6963
2026-10-05,2014-10-15,6960
2026-10-05,2014-10-16,6947
2026-10-05,2014-10-17,6964
2026-10-05,2014-10-20,6967
2026-10-05,2014-10-21,7113
2026-10-05,2014-10-22,7114
2026-10-05,2014-10-23,7116
2026-10-05,2014-10-24,7115
2026-10-05,2014-10-27,7096
2026-10-05,2014-10-28,7054
2026-10-05,2014-10-29,7050
2026-10-05,2014-10-30,7045
2026-10-05,2014-10-31,7053
2026-10-05,2014-11-03,7070
2026-10-05,2014-11-04,7079
2026-10-05,2014-11-05,7083
2026-10-05,2014-11-07,7105
2026-10-05,2014-11-10,7105
2026-10-05,2014-11-11,7102
2026-10-05,2014-11-12,7118
2026-10-05,2014-11-13,7120
2026-10-05,2014-11-14,7120
2026-10-05,2014-11-17,7116
2026-10-05,2014-11-18,7117
2026-10-05,2014-11-19,7112
2026-10-05,2014-11-20,7109
2026-10-05,2014-11-21,7103
2026-10-05,2014-11-25,7099
2026-10-05,2014-11-26,7098
2026-10-05,2014-11-27,7084
2026-10-05,2014-11-28,7076
2026-10-05,2014-12-01,7082
2026-10-05,2014-12-02,7091
2026-10-05,2014-12-03,7096
2026-10-05,2014-12-04,7105
2026-10-05,2014-12-05,7110
2026-10-05,2014-12-09,7142
2026-10-05,2014-12-10,7157
2026-10-05,2014-12-11,7161
2026-10-05,2014-12-12,7157
2026-10-05,2014-12-15,7172
2026-10-05,2014-12-16,7170
2026-10-05,2014-12-17,7149
2026-10-05,2014-12-18,7171
2026-10-05,2014-12-19,7202
2026-10-05,2014-12-22,7316
2026-10-05,2014-12-23,7337
2026-10-05,2014-12-24,7347
2026-10-05,2014-12-29,7412
2026-10-05,2014-12-30,7460
2026-10-05,2015-01-02,7441
2026-10-05,2015-01-05,7453
2026-10-05,2015-01-06,7443
2026-10-05,2015-01-07,7429
2026-10-05,2015-01-08,7413
2026-10-05,2015-01-09,7359
2026-10-05,2015-01-12,7358
2026-10-05,2015-01-13,7447
2026-10-05,2015-01-14,7445
2026-10-05,2015-01-15,7433
2026-10-05,2015-01-16,7428
2026-10-05,2015-01-19,7424
2026-10-05,2015-01-20,7419
2026-10-05,2015-01-21,7408
2026-10-05,2015-01-22,7402
2026-10-05,2015-01-23,7359
2026-10-05,2015-01-26,7367
2026-10-05,2015-01-27,7357
2026-10-05,2015-01-28,7351
2026-10-05,2015-01-29,7346
2026-10-05,2015-01-30,7345
2026-10-05,2015-02-02,7361
2026-10-05,2015-02-03,7367
2026-10-05,2015-02-04,7363
2026-10-05,2015-02-05,7386
2026-10-05,2015-02-06,7367
2026-10-05,2015-02-09,7462
2026-10-05,2015-02-10,7563
2026-10-05,2015-02-11,7659
2026-10-05,2015-02-12,7758
2026-10-05,2015-02-13,7847
2026-10-05,2015-02-18,7849
2026-10-05,2015-02-19,7852
2026-10-05,2015-02-20,7843
2026-10-05,2015-02-23,7842
2026-10-05,2015-02-24,7846
2026-10-05,2015-02-25,7821
2026-10-05,2015-02-26,7830
2026-10-05,2015-02-27,7827
2026-10-05,2015-03-02,7853
2026-10-05,2015-03-03,7870
2026-10-05,2015-03-04,7875
2026-10-05,2015-03-05,7902
2026-10-05,2015-03-06,7899
2026-10-05,2015-03-09,7905
2026-10-05,2015-03-10,7898
2026-10-05,2015-03-11,7908
2026-10-05,2015-03-12,7889
2026-10-05,2015-03-13,7892
2026-10-05,2015-03-16,7876
2026-10-05,2015-03-17,7874
2026-10-05,2015-03-18,7872
2026-10-05,2015-03-19,7868
2026-10-05,2015-03-20,7872
2026-10-05,2015-03-25,7848
2026-10-05,2015-03-26,7811
2026-10-05,2015-03-27,7788
2026-10-05,2015-03-30,7774
2026-10-05,2015-03-31,7772
2026-10-05,2015-04-01,7767
2026-10-05,2015-04-06,7775
2026-10-05,2015-04-07,7805
2026-10-05,2015-04-08,7815
2026-10-05,2015-04-09,7819
2026-10-05,2015-04-10,7819
2026-10-05,2015-04-13,7758
2026-10-05,2015-04-14,7728
2026-10-05,2015-04-15,7679
2026-10-05,2015-04-16,7652
2026-10-05,2015-04-17,7620
2026-10-05,2015-04-20,7602
2026-10-05,2015-04-21,7567
2026-10-05,2015-04-22,7526
2026-10-05,2015-04-23,7493
2026-10-05,2015-04-24,7461
2026-10-05,2015-04-27,7432
2026-10-05,2015-04-28,7435
2026-10-05,2015-04-29,8326
2026-10-05,2015-04-30,8304
2026-10-05,2015-05-04,8345
2026-10-05,2015-05-05,8393
2026-10-05,2015-05-06,8404
2026-10-05,2015-05-07,8223
2026-10-05,2015-05-08,8227
2026-10-05,2015-05-11,8234
2026-10-05,2015-05-12,8241
2026-10-05,2015-05-13,8236
2026-10-05,2015-05-14,8234
2026-10-05,2015-05-15,8013
2026-10-05,2015-05-18,8013
2026-10-05,2015-05-19,8014
2026-10-05,2015-05-20,8018
2026-10-05,2015-05-21,8018
2026-10-05,2015-05-22,8023
2026-10-05,2015-05-26,8027
2026-10-05,2015-05-27,8032
2026-10-05,2015-05-28,8037
2026-10-05,2015-05-29,8039
2026-10-05,2015-06-01,8074
2026-10-05,2015-06-02,8089
2026-10-05,2015-06-03,8089
2026-10-05,2015-06-04,8096
2026-10-05,2015-06-05,8124
2026-10-05,2015-06-08,8113
2026-10-05,2015-06-09,8132
2026-10-05,2015-06-10,8127
2026-10-05,2015-06-11,8127
2026-10-05,2015-06-12,8135
2026-10-05,2015-06-15,8171
2026-10-05,2015-06-16,8166
2026-10-05,2015-06-17,8164
2026-10-05,2015-06-18,8157
2026-10-05,2015-06-19,8161
2026-10-05,2015-06-22,8172
2026-10-05,2015-06-23,8162
2026-10-05,2015-06-24,8101
2026-10-05,2015-06-25,8099
2026-10-05,2015-06-26,8106
2026-10-05,2015-06-29,8067
2026-10-05,2015-06-30,7973
2026-10-05,2015-07-01,8022
2026-10-05,2015-07-02,8048
2026-10-05,2015-07-03,8062
2026-10-05,2015-07-06,8081
2026-10-05,2015-07-07,8083
2026-10-05,2015-07-08,8081
2026-10-05,2015-07-10,8068
2026-10-05,2015-07-13,8071
2026-10-05,2015-07-14,8065
2026-10-05,2015-07-15,8115
2026-10-05,2015-07-16,8117
2026-10-05,2015-07-17,8117
2026-10-05,2015-07-20,8093
2026-10-05,2015-07-21,8092
2026-10-05,2015-07-22,8124
2026-10-05,2015-07-23,8119
2026-10-05,2015-07-24,8114
2026-10-05,2015-07-27,8128
2026-10-05,2015-07-28,8117
2026-10-05,2015-07-29,8122
2026-10-05,2015-07-30,8121
2026-10-05,2015-07-31,8106
2026-10-05,2015-08-03,8180
2026-10-05,2015-08-04,8201
2026-10-05,2015-08-05,8204
2026-10-05,2015-08-06,8215
2026-10-05,2015-08-07,8214
2026-10-05,2015-08-10,8215
2026-10-05,2015-08-11,8216
2026-10-05,2015-08-12,8234
2026-10-05,2015-08-13,8230
2026-10-05,2015-08-14,8208
2026-10-05,2015-08-18,8259
2026-10-05,2015-08-19,8281
2026-10-05,2015-08-20,8205
2026-10-05,2015-08-21,8211
2026-10-05,2015-08-24,8195
2026-10-05,2015-08-25,8188
2026-10-05,2015-08-26,8189
2026-10-05,2015-08-27,8192
2026-10-05,2015-08-28,8181
2026-10-05,2015-08-31,8170
2026-10-05,2015-09-01,8240
2026-10-05,2015-09-02,8330
2026-10-05,2015-09-03,8348
2026-10-05,2015-09-04,8349
2026-10-05,2015-09-07,8347
2026-10-05,2015-09-08,8350
2026-10-05,2015-09-09,8343
2026-10-05,2015-09-10,8340
2026-10-05,2015-09-11,8335
2026-10-05,2015-09-14,8319
2026-10-05,2015-09-15,8358
2026-10-05,2015-09-16,8351
2026-10-05,2015-09-17,8345
2026-10-05,2015-09-18,8339
2026-10-05,2015-09-21,8337
2026-10-05,2015-09-22,8232
2026-10-05,2015-09-23,8167
2026-10-05,2015-09-24,8160
2026-10-05,2015-09-25,8150
2026-10-05,2015-09-28,8141
2026-10-05,2015-09-29,8133
2026-10-05,2015-09-30,8126
2026-10-05,2015-10-01,8199
2026-10-05,2015-10-02,8225
2026-10-05,2015-10-05,8976
2026-10-05,2015-10-06,9158
2026-10-05,2015-10-07,9214
2026-10-05,2015-10-08,9187
2026-10-05,2015-10-09,9256
2026-10-05,2015-10-13,9246
2026-10-05,2015-10-14,9216
2026-10-05,2015-10-15,9200
2026-10-05,2015-10-16,9171
2026-10-05,2015-10-19,9172
2026-10-05,2015-10-20,9156
2026-10-05,2015-10-21,9122
2026-10-05,2015-10-22,9087
2026-10-05,2015-10-23,9000
2026-10-05,2015-10-26,8988
2026-10-05,2015-10-27,8976
2026-10-05,2015-10-28,8969
2026-10-05,2015-10-29,8949
2026-10-05,2015-10-30,8938
2026-10-05,2015-11-02,9021
2026-10-05,2015-11-03,9054
2026-10-05,2015-11-04,9035
2026-10-05,2015-11-05,9023
2026-10-05,2015-11-09,9075
2026-10-05,2015-11-10,9087
2026-10-05,2015-11-11,9070
2026-10-05,2015-11-12,9046
2026-10-05,2015-11-13,9027
2026-10-05,2015-11-16,9013
2026-10-05,2015-11-17,9018
2026-10-05,2015-11-18,8997
2026-10-05,2015-11-19,8966
2026-10-05,2015-11-20,8919
2026-10-05,2015-11-23,8867
2026-10-05,2015-11-24,8832
2026-10-05,2015-11-25,8776
2026-10-05,2015-11-26,8750
2026-10-05,2015-11-30,8865
2026-10-05,2015-12-01,8902
2026-10-05,2015-12-02,8917
2026-10-05,2015-12-03,8913
2026-10-05,2015-12-04,8886
2026-10-05,2015-12-09,8902
2026-10-05,2015-12-10,8924
2026-10-05,2015-12-11,8920
2026-10-05,2015-12-14,8940
2026-10-05,2015-12-15,8961
2026-10-05,2015-12-16,8985
2026-10-05,2015-12-17,9033
2026-10-05,2015-12-18,9139
2026-10-05,2015-12-21,9329
2026-10-05,2015-12-22,9542
2026-10-05,2015-12-23,9754
2026-10-05,2015-12-24,9820
2026-10-05,2015-12-28,10044
2026-10-05,2015-12-29,10280
2026-10-05,2015-12-30,10531
2026-10-05,2015-12-31,10622
2026-10-05,2016-01-04,10692
2026-10-05,2016-01-05,10704
2026-10-05,2016-01-06,10743
2026-10-05,2016-01-07,10772
2026-10-05,2016-01-08,10825
2026-10-05,2016-01-11,10839
2026-10-05,2016-01-12,10869
2026-10-05,2016-01-13,10886
2026-10-05,2016-01-14,10922
2026-10-05,2016-01-15,11021
2026-10-05,2016-01-18,11057
2026-10-05,2016-01-19,11100
2026-10-05,2016-01-20,11116
2026-10-05,2016-01-21,11114
2026-10-05,2016-01-22,11153
2026-10-05,2016-01-25,11183
2026-10-05,2016-01-26,11191
2026-10-05,2016-01-27,11187
2026-10-05,2016-01-28,11182
2026-10-05,2016-01-29,11152
2026-10-05,2016-02-01,11166
2026-10-05,2016-02-02,11170
2026-10-05,2016-02-03,11191
2026-10-05,2016-02-04,11154
2026-10-05,2016-02-05,11212
2026-10-05,2016-02-10,11229
2026-10-05,2016-02-11,11219
2026-10-05,2016-02-12,11214
2026-10-05,2016-02-15,11263
2026-10-05,2016-02-16,11276
2026-10-05,2016-02-17,11300
2026-10-05,2016-02-18,11355
2026-10-05,2016-02-19,11379
2026-10-05,2016-02-22,11414
2026-10-05,2016-02-23,11424
2026-10-05,2016-02-24,11429
2026-10-05,2016-02-25,11434
2026-10-05,2016-02-26,11471
2026-10-05,2016-02-29,11445
2026-10-05,2016-03-01,11496
2026-10-05,2016-03-02,11547
2026-10-05,2016-03-03,11576
2026-10-05,2016-03-04,11636
2026-10-05,2016-03-07,11664
2026-10-05,2016-03-08,11671
2026-10-05,2016-03-09,11697
2026-10-05,2016-03-10,11715
2026-10-05,2016-03-11,11738
2026-10-05,2016-03-14,11769
2026-10-05,2016-03-15,11822
2026-10-05,2016-03-16,11837
2026-10-05,2016-03-17,11865
2026-10-05,2016-03-18,11889
2026-10-05,2016-03-21,11900
2026-10-05,2016-03-22,11945
2026-10-05,2016-03-23,11951
2026-10-05,2016-03-28,11912
2026-10-05,2016-03-29,11860
2026-10-05,2016-03-30,11867
2026-10-05,2016-03-31,11828
2026-10-05,2016-04-01,11836
2026-10-05,2016-04-04,11813
2026-10-05,2016-04-05,11811
2026-10-05,2016-04-06,11816
2026-10-05,2016-04-07,11804
2026-10-05,2016-04-08,11823
2026-10-05,2016-04-11,11835
2026-10-05,2016-04-12,11794
2026-10-05,2016-04-13,11803
2026-10-05,2016-04-14,11816
2026-10-05,2016-04-15,11788
2026-10-05,2016-04-18,11821
2026-10-05,2016-04-19,11830
2026-10-05,2016-04-20,11831
2026-10-05,2016-04-21,11834
2026-10-05,2016-04-22,11842
2026-10-05,2016-04-25,11809
2026-10-05,2016-04-26,11792
2026-10-05,2016-04-27,11796
2026-10-05,2016-04-28,11740
2026-10-05,2016-04-29,11769
2026-10-05,2016-05-02,11782
2026-10-05,2016-05-03,11797
2026-10-05,2016-05-04,11802
2026-10-05,2016-05-05,11792
2026-10-05,2016-05-06,11814
2026-10-05,2016-05-09,11714
2026-10-05,2016-05-10,11724
2026-10-05,2016-05-11,11777
2026-10-05,2016-05-12,11807
2026-10-05,2016-05-13,11820
2026-10-05,2016-05-16,11829
2026-10-05,2016-05-17,11812
2026-10-05,2016-05-18,11798
2026-10-05,2016-05-19,11758
2026-10-05,2016-05-20,11766
2026-10-05,2016-05-23,11646
2026-10-05,2016-05-24,11697
2026-10-05,2016-05-26,11700
2026-10-05,2016-05-27,11721
2026-10-05,2016-05-30,11747
2026-10-05,2016-05-31,11735
2026-10-05,2016-06-01,11791
2026-10-05,2016-06-02,11790
2026-10-05,2016-06-03,11877
2026-10-05,2016-06-06,11754
2026-10-05,2016-06-07,11757
2026-10-05,2016-06-08,11784
2026-10-05,2016-06-09,11795
2026-10-05,2016-06-10,11809
2026-10-05,2016-06-13,11832
2026-10-05,2016-06-14,11927
2026-10-05,2016-06-15,11823
2026-10-05,2016-06-16,11843
2026-10-05,2016-06-21,11894
2026-10-05,2016-06-22,11818
2026-10-05,2016-06-23,11829
2026-10-05,2016-06-24,11856
2026-10-05,2016-06-27,11882
2026-10-05,2016-06-28,11889
2026-10-05,2016-06-29,11966
2026-10-05,2016-06-30,11962
2026-10-05,2016-07-01,12016
2026-10-05,2016-07-04,12046
2026-10-05,2016-07-05,12080
2026-10-05,2016-07-06,12107
2026-10-05,2016-07-07,12183
2026-10-05,2016-07-11,12233
2026-10-05,2016-07-12,12169
2026-10-05,2016-07-13,12147
2026-10-05,2016-07-14,12185
2026-10-05,2016-07-15,12171
2026-10-05,2016-07-18,12211
2026-10-05,2016-07-19,12304
2026-10-05,2016-07-20,12302
2026-10-05,2016-07-21,12323
2026-10-05,2016-07-22,12281
2026-10-05,2016-07-25,12273
2026-10-05,2016-07-26,12307
2026-10-05,2016-07-27,12325
2026-10-05,2016-07-28,12329
2026-10-05,2016-07-29,12313
2026-10-05,2016-08-01,12357
2026-10-05,2016-08-02,12379
2026-10-05,2016-08-03,12373
2026-10-05,2016-08-04,12375
2026-10-05,2016-08-05,12397
2026-10-05,2016-08-08,12406
2026-10-05,2016-08-09,12417
2026-10-05,2016-08-10,12462
2026-10-05,2016-08-11,12513
2026-10-05,2016-08-12,12526
2026-10-05,2016-08-16,12535
2026-10-05,2016-08-17,12578
2026-10-05,2016-08-18,12588
2026-10-05,2016-08-19,12592
2026-10-05,2016-08-22,12650
2026-10-05,2016-08-23,12652
2026-10-05,2016-08-24,12683
2026-10-05,2016-08-25,12676
2026-10-05,2016-08-26,12682
2026-10-05,2016-08-29,12735
2026-10-05,2016-08-30,12763
2026-10-05,2016-08-31,12690
2026-10-05,2016-09-01,12726
2026-10-05,2016-09-02,12777
2026-10-05,2016-09-05,12771
2026-10-05,2016-09-06,12775
2026-10-05,2016-09-07,12808
2026-10-05,2016-09-08,12811
2026-10-05,2016-09-09,12850
2026-10-05,2016-09-12,12879
2026-10-05,2016-09-13,12905
2026-10-05,2016-09-14,12903
2026-10-05,2016-09-15,12906
2026-10-05,2016-09-16,12937
2026-10-05,2016-09-19,13007
2026-10-05,2016-09-20,13016
2026-10-05,2016-09-21,13056
2026-10-05,2016-09-22,13082
2026-10-05,2016-09-23,13105
2026-10-05,2016-09-26,13120
2026-10-05,2016-09-27,13115
2026-10-05,2016-09-28,13117
2026-10-05,2016-09-29,13154
2026-10-05,2016-09-30,13206
2026-10-05,2016-10-03,13292
2026-10-05,2016-10-04,13321
2026-10-05,2016-10-05,13418
2026-10-05,2016-10-06,13475
2026-10-05,2016-10-07,13577
2026-10-05,2016-10-11,13691
2026-10-05,2016-10-12,13775
2026-10-05,2016-10-13,13924
2026-10-05,2016-10-14,14079
2026-10-05,2016-10-17,14240
2026-10-05,2016-10-18,14400
2026-10-05,2016-10-19,14639
2026-10-05,2016-10-20,14972
2026-10-05,2016-10-21,15307
2026-10-05,2016-10-24,15523
2026-10-05,2016-10-25,15779
2026-10-05,2016-10-26,16028
2026-10-05,2016-10-27,16324
2026-10-05,2016-10-28,16403
2026-10-05,2016-10-31,16691
2026-10-05,2016-11-01,16552
2026-10-05,2016-11-02,16690
2026-10-05,2016-11-03,16831
2026-10-05,2016-11-04,16999
2026-10-05,2016-11-07,17664
2026-10-05,2016-11-08,17639
2026-10-05,2016-11-09,17844
2026-10-05,2016-11-10,17984
2026-10-05,2016-11-11,18225
2026-10-05,2016-11-14,18409
2026-10-05,2016-11-15,18718
2026-10-05,2016-11-16,19097
2026-10-05,2016-11-17,19604
2026-10-05,2016-11-18,20114
2026-10-05,2016-11-21,20509
2026-10-05,2016-11-22,20537
2026-10-05,2016-11-23,20552
2026-10-05,2016-11-24,20571
2026-10-05,2016-11-25,20605
2026-10-05,2016-11-29,20635
2026-10-05,2016-11-30,20792
2026-10-05,2016-12-01,20858
2026-10-05,2016-12-02,20924
2026-10-05,2016-12-05,21010
2026-10-05,2016-12-06,21073
2026-10-05,2016-12-07,21183
2026-10-05,2016-12-12,21245
2026-10-05,2016-12-13,21283
2026-10-05,2016-12-14,21314
2026-10-05,2016-12-15,21399
2026-10-05,2016-12-16,21476
2026-10-05,2016-12-19,21521
2026-10-05,2016-12-20,21562
2026-10-05,2016-12-21,21633
2026-10-05,2016-12-22,21634
2026-10-05,2016-12-23,21756
2026-10-05,2016-12-26,21885
2026-10-05,2016-12-27,21991
2026-10-05,2016-12-28,22174
2026-10-05,2016-12-29,22354
2026-10-05,2016-12-30,22464
2026-10-05,2017-01-02,22509
2026-10-05,2017-01-03,22554
2026-10-05,2017-01-04,22581
2026-10-05,2017-01-05,22614
2026-10-05,2017-01-06,22661
2026-10-05,2017-01-09,22706
2026-10-05,2017-01-10,22725
2026-10-05,2017-01-11,22695
2026-10-05,2017-01-12,22685
2026-10-05,2017-01-13,22727
2026-10-05,2017-01-16,22672
2026-10-05,2017-01-17,22639
2026-10-05,2017-01-18,22632
2026-10-05,2017-01-19,22633
2026-10-05,2017-01-20,22661
2026-10-05,2017-01-23,22659
2026-10-05,2017-01-24,22609
2026-10-05,2017-01-25,22599
2026-10-05,2017-01-26,22575
2026-10-05,2017-01-27,22539
2026-10-05,2017-01-30,22577
2026-10-05,2017-01-31,22561
2026-10-05,2017-02-01,22574
2026-10-05,2017-02-02,22636
2026-10-05,2017-02-03,22665
2026-10-05,2017-02-06,22709
2026-10-05,2017-02-07,22731
2026-10-05,2017-02-08,22764
2026-10-05,2017-02-09,22762
2026-10-05,2017-02-10,22795
2026-10-05,2017-02-13,22886
2026-10-05,2017-02-14,22926
2026-10-05,2017-02-15,22929
2026-10-05,2017-02-16,22947
2026-10-05,2017-02-17,23006
2026-10-05,2017-02-20,22903
2026-10-05,2017-02-21,22934
2026-10-05,2017-02-22,22951
2026-10-05,2017-02-23,22955
2026-10-05,2017-02-24,22977
2026-10-05,2017-03-01,23023
2026-10-05,2017-03-02,23109
2026-10-05,2017-03-03,23115
2026-10-05,2017-03-06,23212
2026-10-05,2017-03-07,23248
2026-10-05,2017-03-08,23223
2026-10-05,2017-03-09,23210
2026-10-05,2017-03-10,23264
2026-10-05,2017-03-13,23398
2026-10-05,2017-03-14,23401
2026-10-05,2017-03-15,23450
2026-10-05,2017-03-16,23415
2026-10-05,2017-03-17,23415
2026-10-05,2017-03-20,23563
2026-10-05,2017-03-21,23518
2026-10-05,2017-03-22,23457
2026-10-05,2017-03-23,23435
2026-10-05,2017-03-27,23331
2026-10-05,2017-03-28,23326
2026-10-05,2017-03-29,23275
2026-10-05,2017-03-30,23292
2026-10-05,2017-03-31,23368
2026-10-05,2017-04-03,23504
2026-10-05,2017-04-04,23535
2026-10-05,2017-04-05,23527
2026-10-05,2017-04-06,23485
2026-10-05,2017-04-07,23474
2026-10-05,2017-04-10,23504
2026-10-05,2017-04-11,23497
2026-10-05,2017-04-12,23539
2026-10-05,2017-04-17,24713
2026-10-05,2017-04-18,24788
2026-10-05,2017-04-19,24731
2026-10-05,2017-04-20,24768
2026-10-05,2017-04-21,24699
2026-10-05,2017-04-24,24644
2026-10-05,2017-04-25,24557
2026-10-05,2017-04-26,24524
2026-10-05,2017-04-27,24413
2026-10-05,2017-04-28,24262
2026-10-05,2017-05-02,24263
2026-10-05,2017-05-03,24218
2026-10-05,2017-05-04,24198
2026-10-05,2017-05-05,24151
2026-10-05,2017-05-08,24182
2026-10-05,2017-05-09,24206
2026-10-05,2017-05-10,24133
2026-10-05,2017-05-11,24102
2026-10-05,2017-05-12,23755
2026-10-05,2017-05-15,23660
2026-10-05,2017-05-16,23604
2026-10-05,2017-05-17,23524
2026-10-05,2017-05-18,23442
2026-10-05,2017-05-19,23392
2026-10-05,2017-05-22,23359
2026-10-05,2017-05-23,23325
2026-10-05,2017-05-24,23305
2026-10-05,2017-05-26,23535
2026-10-05,2017-05-29,23167
2026-10-05,2017-05-30,23101
2026-10-05,2017-05-31,23091
2026-10-05,2017-06-01,23120
2026-10-05,2017-06-02,23090
2026-10-05,2017-06-05,23239
2026-10-05,2017-06-06,23264
2026-10-05,2017-06-07,23212
2026-10-05,2017-06-08,23211
2026-10-05,2017-06-09,23205
2026-10-05,2017-06-12,23157
2026-10-05,2017-06-13,23111
2026-10-05,2017-06-14,23384
2026-10-05,2017-06-15,23044
2026-10-05,2017-06-16,22816
2026-10-05,2017-06-19,22850
2026-10-05,2017-06-21,22774
2026-10-05,2017-06-22,22770
2026-10-05,2017-06-23,22814
2026-10-05,2017-06-26,22842
2026-10-05,2017-06-27,22774
2026-10-05,2017-06-28,22795
2026-10-05,2017-06-29,22727
2026-10-05,2017-06-30,22704
2026-10-05,2017-07-03,22794
2026-10-05,2017-07-04,22842
2026-10-05,2017-07-05,22871
2026-10-05,2017-07-06,22927
2026-10-05,2017-07-07,22955
2026-10-05,2017-07-10,22967
2026-10-05,2017-07-11,23006
2026-10-05,2017-07-12,23057
2026-10-05,2017-07-13,23061
2026-10-05,2017-07-14,23131
2026-10-05,2017-07-17,23391
2026-10-05,2017-07-18,23403
2026-10-05,2017-07-19,23368
2026-10-05,2017-07-20,23386
2026-10-05,2017-07-21,23438
2026-10-05,2017-07-24,23403
2026-10-05,2017-07-25,23441
2026-10-05,2017-07-26,23518
2026-10-05,2017-07-27,23555
2026-10-05,2017-07-28,23398
2026-10-05,2017-07-31,23432
2026-10-05,2017-08-01,23464
2026-10-05,2017-08-02,23549
2026-10-05,2017-08-03,23541
2026-10-05,2017-08-04,23625
2026-10-05,2017-08-07,23688
2026-10-05,2017-08-08,23724
2026-10-05,2017-08-09,23756
2026-10-05,2017-08-10,23854
2026-10-05,2017-08-11,23926
2026-10-05,2017-08-14,23978
2026-10-05,2017-08-15,24084
2026-10-05,2017-08-16,24058
2026-10-05,2017-08-17,24097
2026-10-05,2017-08-18,24085
2026-10-05,2017-08-22,24157
2026-10-05,2017-08-23,24081
2026-10-05,2017-08-24,24076
2026-10-05,2017-08-25,24150
2026-10-05,2017-08-28,24164
2026-10-05,2017-08-29,24140
2026-10-05,2017-08-30,24130
2026-10-05,2017-08-31,24074
2026-10-05,2017-09-01,24107
2026-10-05,2017-09-04,24112
2026-10-05,2017-09-05,24106
2026-10-05,2017-09-06,24108
2026-10-05,2017-09-07,24127
2026-10-05,2017-09-08,24128
2026-10-05,2017-09-11,24192
2026-10-05,2017-09-12,24181
2026-10-05,2017-09-13,24193
2026-10-05,2017-09-14,24225
2026-10-05,2017-09-15,24443
2026-10-05,2017-09-18,24443
2026-10-05,2017-09-19,24458
2026-10-05,2017-09-20,24419
2026-10-05,2017-09-21,24445
2026-10-05,2017-09-22,24379
2026-10-05,2017-09-25,24366
2026-10-05,2017-09-26,24318
2026-10-05,2017-09-27,24324
2026-10-05,2017-09-28,24307
2026-10-05,2017-09-29,24418
2026-10-05,2017-10-02,24461
2026-10-05,2017-10-03,24383
2026-10-05,2017-10-04,24448
2026-10-05,2017-10-05,24448
2026-10-05,2017-10-06,24471
2026-10-05,2017-10-09,24477
2026-10-05,2017-10-10,24550
2026-10-05,2017-10-11,24514
2026-10-05,2017-10-12,24431
2026-10-05,2017-10-13,24444
2026-10-05,2017-10-17,24492
2026-10-05,2017-10-18,24551
2026-10-05,2017-10-19,24590
2026-10-05,2017-10-20,24632
2026-10-05,2017-10-23,24654
2026-10-05,2017-10-24,24650
2026-10-05,2017-10-25,24613
2026-10-05,2017-10-26,24593
2026-10-05,2017-10-27,24590
2026-10-05,2017-10-30,24632
2026-10-05,2017-10-31,24658
2026-10-05,2017-11-01,24704
2026-10-05,2017-11-02,24753
2026-10-05,2017-11-03,24824
2026-10-05,2017-11-07,24868
2026-10-05,2017-11-08,24861
2026-10-05,2017-11-09,24887
2026-10-05,2017-11-10,24947
2026-10-05,2017-11-13,24900
2026-10-05,2017-11-14,24867
2026-10-05,2017-11-15,24891
2026-10-05,2017-11-16,24877
2026-10-05,2017-11-17,24870
2026-10-05,2017-11-21,24859
2026-10-05,2017-11-22,25284
2026-10-05,2017-11-23,25282
2026-10-05,2017-11-24,25230
2026-10-05,2017-11-27,24892
2026-10-05,2017-11-28,24930
2026-10-05,2017-11-29,25019
2026-10-05,2017-11-30,25155
2026-10-05,2017-12-01,25157
2026-10-05,2017-12-04,25168
2026-10-05,2017-12-05,25193
2026-10-05,2017-12-06,25207
2026-10-05,2017-12-07,25244
2026-10-05,2017-12-11,25316
2026-10-05,2017-12-12,25349
2026-10-05,2017-12-13,25361
2026-10-05,2017-12-14,25423
2026-10-05,2017-12-15,25639
2026-10-05,2017-12-18,25737
2026-10-05,2017-12-19,25803
2026-10-05,2017-12-20,25822
2026-10-05,2017-12-21,25933
2026-10-05,2017-12-22,26095
2026-10-05,2017-12-26,26179
2026-10-05,2017-12-27,26359
2026-10-05,2017-12-28,26471
2026-10-05,2017-12-29,26428
2026-10-05,2018-01-02,26452
2026-10-05,2018-01-03,26359
2026-10-05,2018-01-04,26254
2026-10-05,2018-01-05,26146
2026-10-05,2018-01-08,26042
2026-10-05,2018-01-09,25996
2026-10-05,2018-01-10,25821
2026-10-05,2018-01-11,25904
2026-10-05,2018-01-12,25796
2026-10-05,2018-01-15,25819
2026-10-05,2018-01-16,25775
2026-10-05,2018-01-17,25706
2026-10-05,2018-01-18,25720
2026-10-05,2018-01-19,25705
2026-10-05,2018-01-22,25653
2026-10-05,2018-01-23,25655
2026-10-05,2018-01-24,25596
2026-10-05,2018-01-25,25577
2026-10-05,2018-01-26,25448
2026-10-05,2018-01-29,25399
2026-10-05,2018-01-30,25406
2026-10-05,2018-01-31,25389
2026-10-05,2018-02-01,25465
2026-10-05,2018-02-02,25449
2026-10-05,2018-02-05,25424
2026-10-05,2018-02-06,25448
2026-10-05,2018-02-07,25520
2026-10-05,2018-02-08,25390
2026-10-05,2018-02-09,25485
2026-10-05,2018-02-14,25510
2026-10-05,2018-02-15,25468
2026-10-05,2018-02-16,25537
2026-10-05,2018-02-19,25592
2026-10-05,2018-02-20,25601
2026-10-05,2018-02-21,25686
2026-10-05,2018-02-22,25615
2026-10-05,2018-02-23,25596
2026-10-05,2018-02-26,25628
2026-10-05,2018-02-27,25636
2026-10-05,2018-02-28,25615
2026-10-05,2018-03-01,25698
2026-10-05,2018-03-02,25727
2026-10-05,2018-03-05,25794
2026-10-05,2018-03-06,25823
2026-10-05,2018-03-07,25793
2026-10-05,2018-03-08,25769
2026-10-05,2018-03-09,25826
2026-10-05,2018-03-12,25903
2026-10-05,2018-03-13,25930
2026-10-05,2018-03-14,25921
2026-10-05,2018-03-15,25887
2026-10-05,2018-03-16,25937
2026-10-05,2018-03-19,25966
2026-10-05,2018-03-20,25963
2026-10-05,2018-03-21,25939
2026-10-05,2018-03-22,25938
2026-10-05,2018-03-23,25911
2026-10-05,2018-03-26,25994
2026-10-05,2018-03-27,25980
2026-10-05,2018-03-28,25995
2026-10-05,2018-04-03,26114
2026-10-05,2018-04-04,26149
2026-10-05,2018-04-05,26157
2026-10-05,2018-04-06,26202
2026-10-05,2018-04-09,26219
2026-10-05,2018-04-10,26206
2026-10-05,2018-04-11,26184
2026-10-05,2018-04-12,26184
2026-10-05,2018-04-13,26107
2026-10-05,2018-04-16,26112
2026-10-05,2018-04-17,26146
2026-10-05,2018-04-18,26150
2026-10-05,2018-04-19,26128
2026-10-05,2018-04-20,26114
2026-10-05,2018-04-23,26109
2026-10-05,2018-04-24,26171
2026-10-05,2018-04-25,26237
2026-10-05,2018-04-26,26360
2026-10-05,2018-04-27,26477
2026-10-05,2018-05-02,26566
2026-10-05,2018-05-03,26523
2026-10-05,2018-05-04,26409
2026-10-05,2018-05-07,26429
2026-10-05,2018-05-08,26362
2026-10-05,2018-05-09,26277
2026-10-05,2018-05-10,26257
2026-10-05,2018-05-11,26463
2026-10-05,2018-05-14,26420
2026-10-05,2018-05-15,26273
2026-10-05,2018-05-16,26231
2026-10-05,2018-05-17,26099
2026-10-05,2018-05-18,25986
2026-10-05,2018-05-21,25932
2026-10-05,2018-05-22,25878
2026-10-05,2018-05-23,25849
2026-10-05,2018-05-24,25831
2026-10-05,2018-05-28,25759
2026-10-05,2018-05-29,25749
2026-10-05,2018-05-30,25773
2026-10-05,2018-05-31,25819
2026-10-05,2018-06-01,25941
2026-10-05,2018-06-04,25991
2026-10-05,2018-06-05,26068
2026-10-05,2018-06-06,26054
2026-10-05,2018-06-07,26044
2026-10-05,2018-06-08,26112
2026-10-05,2018-06-11,26134
2026-10-05,2018-06-12,26210
2026-10-05,2018-06-13,26158
2026-10-05,2018-06-14,26170
2026-10-05,2018-06-15,26230
2026-10-05,2018-06-18,26238
2026-10-05,2018-06-19,26164
2026-10-05,2018-06-21,26209
2026-10-05,2018-06-22,26297
2026-10-05,2018-06-25,26379
2026-10-05,2018-06-26,26396
2026-10-05,2018-06-27,26393
2026-10-05,2018-06-28,26452
2026-10-05,2018-06-29,26633
2026-10-05,2018-07-02,26769
2026-10-05,2018-07-03,26931
2026-10-05,2018-07-04,27073
2026-10-05,2018-07-05,27137
2026-10-05,2018-07-06,27207
2026-10-05,2018-07-10,27230
2026-10-05,2018-07-11,27243
2026-10-05,2018-07-12,27225
2026-10-05,2018-07-13,27461
2026-10-05,2018-07-16,27487
2026-10-05,2018-07-17,27494
2026-10-05,2018-07-18,27503
2026-10-05,2018-07-19,27521
2026-10-05,2018-07-20,27532
2026-10-05,2018-07-23,27555
2026-10-05,2018-07-24,27531
2026-10-05,2018-07-25,27479
2026-10-05,2018-07-26,27468
2026-10-05,2018-07-27,27511
2026-10-05,2018-07-30,27562
2026-10-05,2018-07-31,27102
2026-10-05,2018-08-01,27153
2026-10-05,2018-08-02,27251
2026-10-05,2018-08-03,27353
2026-10-05,2018-08-06,27288
2026-10-05,2018-08-07,27289
2026-10-05,2018-08-08,27243
2026-10-05,2018-08-09,27324
2026-10-05,2018-08-10,27950
2026-10-05,2018-08-13,28018
2026-10-05,2018-08-14,28026
2026-10-05,2018-08-15,28104
2026-10-05,2018-08-16,28221
2026-10-05,2018-08-17,28309
2026-10-05,2018-08-21,28274
2026-10-05,2018-08-22,28296
2026-10-05,2018-08-23,28266
2026-10-05,2018-08-24,28523
2026-10-05,2018-08-27,28585
2026-10-05,2018-08-28,28505
2026-10-05,2018-08-29,28539
2026-10-05,2018-08-30,28309
2026-10-05,2018-08-31,27994
2026-10-05,2018-09-03,27815
2026-10-05,2018-09-04,27552
2026-10-05,2018-09-05,27383
2026-10-05,2018-09-06,27260
2026-10-05,2018-09-07,27162
2026-10-05,2018-09-10,27047
2026-10-05,2018-09-11,26987
2026-10-05,2018-09-12,26952
2026-10-05,2018-09-13,26876
2026-10-05,2018-09-14,26919
2026-10-05,2018-09-17,26921
2026-10-05,2018-09-18,26942
2026-10-05,2018-09-19,27005
2026-10-05,2018-09-20,26996
2026-10-05,2018-09-21,26987
2026-10-05,2018-09-24,27005
2026-10-05,2018-09-25,26964
2026-10-05,2018-09-26,26955
2026-10-05,2018-09-27,26895
2026-10-05,2018-09-28,27021
2026-10-05,2018-10-01,26991
2026-10-05,2018-10-02,27048
2026-10-05,2018-10-03,27065
2026-10-05,2018-10-04,27045
2026-10-05,2018-10-05,27065
2026-10-05,2018-10-08,27079
2026-10-05,2018-10-09,27013
2026-10-05,2018-10-10,26961
2026-10-05,2018-10-11,26952
2026-10-05,2018-10-12,27039
2026-10-05,2018-10-16,27041
2026-10-05,2018-10-17,27212
2026-10-05,2018-10-18,27248
2026-10-05,2018-10-19,27149
2026-10-05,2018-10-22,27104
2026-10-05,2018-10-23,27073
2026-10-05,2018-10-24,27053
2026-10-05,2018-10-25,27037
2026-10-05,2018-10-26,27085
2026-10-05,2018-10-29,27081
2026-10-05,2018-10-30,27184
2026-10-05,2018-10-31,27288
2026-10-05,2018-11-01,27371
2026-10-05,2018-11-02,27353
2026-10-05,2018-11-05,27353
2026-10-05,2018-11-07,27461
2026-10-05,2018-11-08,27548
2026-10-05,2018-11-09,27608
2026-10-05,2018-11-12,27603
2026-10-05,2018-11-13,27592
2026-10-05,2018-11-14,27581
2026-10-05,2018-11-15,27465
2026-10-05,2018-11-16,27513
2026-10-05,2018-11-20,27548
2026-10-05,2018-11-21,27520
2026-10-05,2018-11-22,27511
2026-10-05,2018-11-23,27508
2026-10-05,2018-11-26,27526
2026-10-05,2018-11-27,27505
2026-10-05,2018-11-28,27465
2026-10-05,2018-11-29,27500
2026-10-05,2018-12-03,27736
2026-10-05,2018-12-04,27752
2026-10-05,2018-12-05,27733
2026-10-05,2018-12-06,27763
2026-10-05,2018-12-07,28155
2026-10-05,2018-12-10,28164
2026-10-05,2018-12-11,28184
2026-10-05,2018-12-12,28231
2026-10-05,2018-12-13,28365
2026-10-05,2018-12-14,28492
2026-10-05,2018-12-17,28527
2026-10-05,2018-12-18,28620
2026-10-05,2018-12-19,28706
2026-10-05,2018-12-20,28781
2026-10-05,2018-12-21,28912
2026-10-05,2018-12-26,28999
2026-10-05,2018-12-27,28845
2026-10-05,2018-12-28,28951
2026-10-05,2019-01-02,29086
2026-10-05,2019-01-03,29123
2026-10-05,2019-01-04,29382
2026-10-05,2019-01-07,29419
2026-10-05,2019-01-08,29484
2026-10-05,2019-01-09,29509
2026-10-05,2019-01-10,29492
2026-10-05,2019-01-11,29545
2026-10-05,2019-01-14,29621
2026-10-05,2019-01-15,29671
2026-10-05,2019-01-16,29651
2026-10-05,2019-01-17,29617
2026-10-05,2019-01-18,29563
2026-10-05,2019-01-21,29565
2026-10-05,2019-01-22,29533
2026-10-05,2019-01-23,29555
2026-10-05,2019-01-24,29521
2026-10-05,2019-01-25,29391
2026-10-05,2019-01-28,29429
2026-10-05,2019-01-29,29464
2026-10-05,2019-01-30,29477
2026-10-05,2019-01-31,29527
2026-10-05,2019-02-01,29565
2026-10-05,2019-02-04,29563
2026-10-05,2019-02-05,29598
2026-10-05,2019-02-06,29606
2026-10-05,2019-02-07,29747
2026-10-05,2019-02-08,29819
2026-10-05,2019-02-11,29727
2026-10-05,2019-02-12,29726
2026-10-05,2019-02-13,29769
2026-10-05,2019-02-14,29776
2026-10-05,2019-02-15,29703
2026-10-05,2019-02-18,29626
2026-10-05,2019-02-19,29560
2026-10-05,2019-02-20,29598
2026-10-05,2019-02-21,29673
2026-10-05,2019-02-22,29557
2026-10-05,2019-02-25,29588
2026-10-05,2019-02-26,29654
2026-10-05,2019-02-27,29660
2026-10-05,2019-02-28,29677
2026-10-05,2019-03-01,29709
2026-10-05,2019-03-06,29732
2026-10-05,2019-03-07,29716
2026-10-05,2019-03-08,29769
2026-10-05,2019-03-11,29818
2026-10-05,2019-03-12,29811
2026-10-05,2019-03-13,29960
2026-10-05,2019-03-14,30007
2026-10-05,2019-03-15,29997
2026-10-05,2019-03-18,30059
2026-10-05,2019-03-19,30031
2026-10-05,2019-03-20,30030
2026-10-05,2019-03-21,29938
2026-10-05,2019-03-22,29883
2026-10-05,2019-03-25,29876
2026-10-05,2019-03-26,29824
2026-10-05,2019-03-27,30047
2026-10-05,2019-03-28,29646
2026-10-05,2019-03-29,29828
2026-10-05,2019-04-01,29971
2026-10-05,2019-04-03,29867
2026-10-05,2019-04-04,29811
2026-10-05,2019-04-05,29794
2026-10-05,2019-04-08,29833
2026-10-05,2019-04-09,29834
2026-10-05,2019-04-10,29906
2026-10-05,2019-04-11,29856
2026-10-05,2019-04-12,30052
2026-10-05,2019-04-15,29995
2026-10-05,2019-04-16,30027
2026-10-05,2019-04-17,29924
2026-10-05,2019-04-22,29968
2026-10-05,2019-04-23,30032
2026-10-05,2019-04-24,30029
2026-10-05,2019-04-25,29993
2026-10-05,2019-04-26,30083
2026-10-05,2019-04-29,30086
2026-10-05,2019-04-30,30194
2026-10-05,2019-05-02,30185
2026-10-05,2019-05-03,30191
2026-10-05,2019-05-06,30174
2026-10-05,2019-05-07,30741
2026-10-05,2019-05-08,30911
2026-10-05,2019-05-09,30893
2026-10-05,2019-05-10,30818
2026-10-05,2019-05-13,30738
2026-10-05,2019-05-14,30617
2026-10-05,2019-05-15,30546
2026-10-05,2019-05-16,30491
2026-10-05,2019-05-17,30494
2026-10-05,2019-05-20,30529
2026-10-05,2019-05-21,30534
2026-10-05,2019-05-22,30441
2026-10-05,2019-05-23,30472
2026-10-05,2019-05-24,30451
2026-10-05,2019-05-27,30521
2026-10-05,2019-05-28,30584
2026-10-05,2019-05-29,30638
2026-10-05,2019-05-30,30614
2026-10-05,2019-05-31,30636
2026-10-05,2019-06-03,30646
2026-10-05,2019-06-04,30653
2026-10-05,2019-06-05,30671
2026-10-05,2019-06-06,30640
2026-10-05,2019-06-07,30688
2026-10-05,2019-06-10,30708
2026-10-05,2019-06-11,30644
2026-10-05,2019-06-12,30686
2026-10-05,2019-06-13,30843
2026-10-05,2019-06-14,30622
2026-10-05,2019-06-18,30614
2026-10-05,2019-06-19,30604
2026-10-05,2019-06-21,30645
2026-10-05,2019-06-24,30646
2026-10-05,2019-06-25,30693
2026-10-05,2019-06-26,30926
2026-10-05,2019-06-27,30861
2026-10-05,2019-06-28,30908
2026-10-05,2019-07-01,31197
2026-10-05,2019-07-02,31182
2026-10-05,2019-07-03,31290
2026-10-05,2019-07-04,31312
2026-10-05,2019-07-05,31351
2026-10-05,2019-07-10,31428
2026-10-05,2019-07-11,31382
2026-10-05,2019-07-12,31422
2026-10-05,2019-07-15,31394
2026-10-05,2019-07-16,31664
2026-10-05,2019-07-17,31753
2026-10-05,2019-07-18,31736
2026-10-05,2019-07-19,31716
2026-10-05,2019-07-22,31794
2026-10-05,2019-07-23,31825
2026-10-05,2019-07-24,31879
2026-10-05,2019-07-25,32003
2026-10-05,2019-07-26,32116
2026-10-05,2019-07-29,32139
2026-10-05,2019-07-30,32165
2026-10-05,2019-07-31,32163
2026-10-05,2019-08-01,32315
2026-10-05,2019-08-02,32277
2026-10-05,2019-08-05,32369
2026-10-05,2019-08-06,32424
2026-10-05,2019-08-07,32439
2026-10-05,2019-08-08,32411
2026-10-05,2019-08-09,32492
2026-10-05,2019-08-12,32264
2026-10-05,2019-08-13,31736
2026-10-05,2019-08-14,31273
2026-10-05,2019-08-15,30904
2026-10-05,2019-08-16,30532
2026-10-05,2019-08-20,30097
2026-10-05,2019-08-21,29764
2026-10-05,2019-08-22,29493
2026-10-05,2019-08-23,29304
2026-10-05,2019-08-26,29120
2026-10-05,2019-08-27,28970
2026-10-05,2019-08-28,28519
2026-10-05,2019-08-29,27686
2026-10-05,2019-08-30,26623
2026-10-05,2019-09-02,25649
2026-10-05,2019-09-03,24929
2026-10-05,2019-09-04,24164
2026-10-05,2019-09-05,23674
2026-10-05,2019-09-06,23269
2026-10-05,2019-09-09,23008
2026-10-05,2019-09-10,22852
2026-10-05,2019-09-11,22672
2026-10-05,2019-09-12,22517
2026-10-05,2019-09-13,22547
2026-10-05,2019-09-16,22413
2026-10-05,2019-09-17,22308
2026-10-05,2019-09-18,22210
2026-10-05,2019-09-19,21875
2026-10-05,2019-09-20,21713
2026-10-05,2019-09-23,21627
2026-10-05,2019-09-24,21536
2026-10-05,2019-09-25,21371
2026-10-05,2019-09-26,21275
2026-10-05,2019-09-27,21412
2026-10-05,2019-09-30,21384
2026-10-05,2019-10-01,21381
2026-10-05,2019-10-02,21291
2026-10-05,2019-10-03,21233
2026-10-05,2019-10-04,21147
2026-10-05,2019-10-07,21101
2026-10-05,2019-10-08,21026
2026-10-05,2019-10-09,20981
2026-10-05,2019-10-10,20877
2026-10-05,2019-10-11,21032
2026-10-05,2019-10-15,20998
2026-10-05,2019-10-16,20905
2026-10-05,2019-10-17,20963
2026-10-05,2019-10-18,20771
2026-10-05,2019-10-21,20738
2026-10-05,2019-10-22,20655
2026-10-05,2019-10-23,20464
2026-10-05,2019-10-24,20079
2026-10-05,2019-10-25,19837
2026-10-05,2019-10-28,19529
2026-10-05,2019-10-29,19296
2026-10-05,2019-10-30,19130
2026-10-05,2019-10-31,19099
2026-10-05,2019-11-01,18978
2026-10-05,2019-11-04,18921
2026-10-05,2019-11-05,18825
2026-10-05,2019-11-07,18820
2026-10-05,2019-11-08,18768
2026-10-05,2019-11-11,18739
2026-10-05,2019-11-12,18688
2026-10-05,2019-11-13,18561
2026-10-05,2019-11-14,18519
2026-10-05,2019-11-15,18692
2026-10-05,2019-11-19,18686
2026-10-05,2019-11-20,18582
2026-10-05,2019-11-21,18525
2026-10-05,2019-11-22,18541
2026-10-05,2019-11-25,18482
2026-10-05,2019-11-26,18436
2026-10-05,2019-11-27,18358
2026-10-05,2019-11-28,18363
2026-10-05,2019-11-29,18441
2026-10-05,2019-12-02,18431
2026-10-05,2019-12-03,18410
2026-10-05,2019-12-04,18370
2026-10-05,2019-12-05,18342
2026-10-05,2019-12-06,18275
2026-10-05,2019-12-09,18082
2026-10-05,2019-12-10,18003
2026-10-05,2019-12-11,17912
2026-10-05,2019-12-12,17957
2026-10-05,2019-12-13,17900
2026-10-05,2019-12-16,17906
2026-10-05,2019-12-17,17994
2026-10-05,2019-12-18,18065
2026-10-05,2019-12-19,18167
2026-10-05,2019-12-20,18237
2026-10-05,2019-12-23,18359
2026-10-05,2019-12-26,18672
2026-10-05,2019-12-27,19096
2026-10-05,2019-12-30,19448
2026-10-05,2020-01-02,19365
2026-10-05,2020-01-03,19304
2026-10-05,2020-01-06,19285
2026-10-05,2020-01-07,19245
2026-10-05,2020-01-08,19223
2026-10-05,2020-01-09,19193
2026-10-05,2020-01-10,19138
2026-10-05,2020-01-13,19082
2026-10-05,2020-01-14,19070
2026-10-05,2020-01-15,19019
2026-10-05,2020-01-16,18993
2026-10-05,2020-01-17,18981
2026-10-05,2020-01-20,18977
2026-10-05,2020-01-21,18945
2026-10-05,2020-01-22,18907
2026-10-05,2020-01-23,18895
2026-10-05,2020-01-24,18866
2026-10-05,2020-01-27,18831
2026-10-05,2020-01-28,18778
2026-10-05,2020-01-29,18730
2026-10-05,2020-01-30,18703
2026-10-05,2020-01-31,18719
2026-10-05,2020-02-03,18693
2026-10-05,2020-02-04,18675
2026-10-05,2020-02-05,18690
2026-10-05,2020-02-06,18680
2026-10-05,2020-02-07,18681
2026-10-05,2020-02-10,18637
2026-10-05,2020-02-11,18622
2026-10-05,2020-02-12,18587
2026-10-05,2020-02-13,18572
2026-10-05,2020-02-14,18559
2026-10-05,2020-02-17,18570
2026-10-05,2020-02-18,18603
2026-10-05,2020-02-19,18785
2026-10-05,2020-02-20,18583
2026-10-05,2020-02-21,18574
2026-10-05,2020-02-26,18546
2026-10-05,2020-02-27,18528
2026-10-05,2020-02-28,18555
2026-10-05,2020-03-02,18553
2026-10-05,2020-03-03,18485
2026-10-05,2020-03-04,18474
2026-10-05,2020-03-05,18479
2026-10-05,2020-03-06,18478
2026-10-05,2020-03-09,18469
2026-10-05,2020-03-10,18438
2026-10-05,2020-03-11,18413
2026-10-05,2020-03-12,18388
2026-10-05,2020-03-13,18230
2026-10-05,2020-03-16,18189
2026-10-05,2020-03-17,18157
2026-10-05,2020-03-18,18147
2026-10-05,2020-03-19,18108
2026-10-05,2020-03-20,18056
2026-10-05,2020-03-25,18040
2026-10-05,2020-03-26,18104
2026-10-05,2020-03-27,18090
2026-10-05,2020-03-30,18142
2026-10-05,2020-04-01,18090
2026-10-05,2020-04-02,18124
2026-10-05,2020-04-03,18150
2026-10-05,2020-04-06,18139
2026-10-05,2020-04-07,18146
2026-10-05,2020-04-08,18131
2026-10-05,2020-04-13,18160
2026-10-05,2020-04-14,18151
2026-10-05,2020-04-15,18183
2026-10-05,2020-04-16,18243
2026-10-05,2020-04-17,18287
2026-10-05,2020-04-20,18200
2026-10-05,2020-04-21,18100
2026-10-05,2020-04-22,18030
2026-10-05,2020-04-23,17927
2026-10-05,2020-04-24,17859
2026-10-05,2020-04-27,17851
2026-10-05,2020-04-28,17810
2026-10-05,2020-04-29,17773
2026-10-05,2020-04-30,17783
2026-10-05,2020-05-04,17583
2026-10-05,2020-05-05,17534
2026-10-05,2020-05-06,17475
2026-10-05,2020-05-07,17409
2026-10-05,2020-05-08,17344
2026-10-05,2020-05-11,17310
2026-10-05,2020-05-12,17282
2026-10-05,2020-05-13,17211
2026-10-05,2020-05-14,17173
2026-10-05,2020-05-15,17141
2026-10-05,2020-05-18,17105
2026-10-05,2020-05-19,17073
2026-10-05,2020-05-20,17035
2026-10-05,2020-05-21,17018
2026-10-05,2020-05-22,16985
2026-10-05,2020-05-26,16950
2026-10-05,2020-05-27,16923
2026-10-05,2020-05-28,16891
2026-10-05,2020-05-29,16880
2026-10-05,2020-06-01,16919
2026-10-05,2020-06-02,16902
2026-10-05,2020-06-03,16880
2026-10-05,2020-06-04,16861
2026-10-05,2020-06-05,16855
2026-10-05,2020-06-08,16890
2026-10-05,2020-06-09,16870
2026-10-05,2020-06-10,16857
2026-10-05,2020-06-11,16841
2026-10-05,2020-06-12,16832
2026-10-05,2020-06-16,16857
2026-10-05,2020-06-17,16860
2026-10-05,2020-06-18,16863
2026-10-05,2020-06-19,16837
2026-10-05,2020-06-22,16818
2026-10-05,2020-06-23,16805
2026-10-05,2020-06-24,16803
2026-10-05,2020-06-25,16811
2026-10-05,2020-06-26,16774
2026-10-05,2020-06-29,16782
2026-10-05,2020-06-30,16783
2026-10-05,2020-07-01,16917
2026-10-05,2020-07-02,16942
2026-10-05,2020-07-03,16960
2026-10-05,2020-07-06,16995
2026-10-05,2020-07-07,16993
2026-10-05,2020-07-08,16989
2026-10-05,2020-07-13,16999
2026-10-05,2020-07-14,17062
2026-10-05,2020-07-15,17064
2026-10-05,2020-07-16,17064
2026-10-05,2020-07-17,17110
2026-10-05,2020-07-20,17040
2026-10-05,2020-07-21,17058
2026-10-05,2020-07-22,17007
2026-10-05,2020-07-23,16980
2026-10-05,2020-07-24,16959
2026-10-05,2020-07-27,16942
2026-10-05,2020-07-28,16962
2026-10-05,2020-07-29,16936
2026-10-05,2020-07-30,16921
2026-10-05,2020-07-31,17004
2026-10-05,2020-08-03,17102
2026-10-05,2020-08-04,17192
2026-10-05,2020-08-05,17206
2026-10-05,2020-08-06,17215
2026-10-05,2020-08-07,17264
2026-10-05,2020-08-10,17285
2026-10-05,2020-08-11,17297
2026-10-05,2020-08-12,17274
2026-10-05,2020-08-13,17264
2026-10-05,2020-08-14,17242
2026-10-05,2020-08-18,17244
2026-10-05,2020-08-19,17248
2026-10-05,2020-08-20,17239
2026-10-05,2020-08-21,17229
2026-10-05,2020-08-24,17233
2026-10-05,2020-08-25,17251
2026-10-05,2020-08-26,17246
2026-10-05,2020-08-27,17237
2026-10-05,2020-08-28,17165
2026-10-05,2020-08-31,17165
2026-10-05,2020-09-01,17319
2026-10-05,2020-09-02,17377
2026-10-05,2020-09-03,17399
2026-10-05,2020-09-04,17410
2026-10-05,2020-09-07,17430
2026-10-05,2020-09-08,17466
2026-10-05,2020-09-09,17440
2026-10-05,2020-09-10,17383
2026-10-05,2020-09-11,17369
2026-10-05,2020-09-14,17414
2026-10-05,2020-09-15,17380
2026-10-05,2020-09-16,17353
2026-10-05,2020-09-17,17346
2026-10-05,2020-09-18,17247
2026-10-05,2020-09-21,17195
2026-10-05,2020-09-22,17086
2026-10-05,2020-09-23,16867
2026-10-05,2020-09-24,16625
2026-10-05,2020-09-25,16451
2026-10-05,2020-09-28,16374
2026-10-05,2020-09-29,16251
2026-10-05,2020-09-30,16137
2026-10-05,2020-10-01,16076
2026-10-05,2020-10-02,15963
2026-10-05,2020-10-05,15842
2026-10-05,2020-10-06,15766
2026-10-05,2020-10-07,15697
2026-10-05,2020-10-08,15638
2026-10-05,2020-10-09,15548
2026-10-05,2020-10-13,15484
2026-10-05,2020-10-14,15431
2026-10-05,2020-10-15,15362
2026-10-05,2020-10-16,15287
2026-10-05,2020-10-19,15229
2026-10-05,2020-10-20,15166
2026-10-05,2020-10-21,15068
2026-10-05,2020-10-22,15021
2026-10-05,2020-10-23,14933
2026-10-05,2020-10-26,14852
2026-10-05,2020-10-27,14785
2026-10-05,2020-10-28,14742
2026-10-05,2020-10-29,14698
2026-10-05,2020-10-30,14659
2026-10-05,2020-11-02,14702
2026-10-05,2020-11-03,14689
2026-10-05,2020-11-04,14674
2026-10-05,2020-11-05,14660
2026-10-05,2020-11-09,14633
2026-10-05,2020-11-10,14620
2026-10-05,2020-11-11,14611
2026-10-05,2020-11-12,14635
2026-10-05,2020-11-13,14649
2026-10-05,2020-11-16,14644
2026-10-05,2020-11-17,14654
2026-10-05,2020-11-18,14662
2026-10-05,2020-11-19,14660
2026-10-05,2020-11-20,14680
2026-10-05,2020-11-24,14660
2026-10-05,2020-11-25,14675
2026-10-05,2020-11-26,14668
2026-10-05,2020-11-27,14668
2026-10-05,2020-11-30,14676
2026-10-05,2020-12-01,14734
2026-10-05,2020-12-02,14762
2026-10-05,2020-12-03,14771
2026-10-05,2020-12-04,14783
2026-10-05,2020-12-09,14832
2026-10-05,2020-12-10,14855
2026-10-05,2020-12-11,14862
2026-10-05,2020-12-14,14869
2026-10-05,2020-12-15,14905
2026-10-05,2020-12-16,14960
2026-10-05,2020-12-17,14995
2026-10-05,2020-12-18,15069
2026-10-05,2020-12-21,15198
2026-10-05,2020-12-22,15336
2026-10-05,2020-12-23,15447
2026-10-05,2020-12-28,15622
2026-10-05,2020-12-29,15811
2026-10-05,2020-12-30,15935
2026-10-05,2021-01-04,15907
2026-10-05,2021-01-05,15844
2026-10-05,2021-01-06,15815
2026-10-05,2021-01-07,15783
2026-10-05,2021-01-08,15783
2026-10-05,2021-01-11,15767
2026-10-05,2021-01-12,15780
2026-10-05,2021-01-13,15751
2026-10-05,2021-01-14,15758
2026-10-05,2021-01-15,15737
2026-10-05,2021-01-18,15745
2026-10-05,2021-01-19,15722
2026-10-05,2021-01-20,15704
2026-10-05,2021-01-21,15688
2026-10-05,2021-01-22,15651
2026-10-05,2021-01-25,15646
2026-10-05,2021-01-26,15663
2026-10-05,2021-01-27,15645
2026-10-05,2021-01-28,15631
2026-10-05,2021-01-29,15628
2026-10-05,2021-02-01,15678
2026-10-05,2021-02-02,15685
2026-10-05,2021-02-03,15668
2026-10-05,2021-02-04,15660
2026-10-05,2021-02-05,15638
2026-10-05,2021-02-08,15636
2026-10-05,2021-02-09,15646
2026-10-05,2021-02-10,15645
2026-10-05,2021-02-11,15655
2026-10-05,2021-02-12,15640
2026-10-05,2021-02-17,15622
2026-10-05,2021-02-18,15637
2026-10-05,2021-02-19,15642
2026-10-05,2021-02-22,15653
2026-10-05,2021-02-23,15661
2026-10-05,2021-02-24,15653
2026-10-05,2021-02-25,15655
2026-10-05,2021-02-26,15674
2026-10-05,2021-03-01,15686
2026-10-05,2021-03-02,15699
2026-10-05,2021-03-03,15690
2026-10-05,2021-03-04,15700
2026-10-05,2021-03-05,15766
2026-10-05,2021-03-08,15766
2026-10-05,2021-03-09,15782
2026-10-05,2021-03-10,15779
2026-10-05,2021-03-11,15790
2026-10-05,2021-03-12,15782
2026-10-05,2021-03-15,15774
2026-10-05,2021-03-16,15844
2026-10-05,2021-03-17,15839
2026-10-05,2021-03-18,15849
2026-10-05,2021-03-19,15890
2026-10-05,2021-03-22,15918
2026-10-05,2021-03-23,15965
2026-10-05,2021-03-25,15999
2026-10-05,2021-03-26,15918
2026-10-05,2021-03-29,15919
2026-10-05,2021-03-30,15923
2026-10-05,2021-03-31,15946
2026-10-05,2021-04-05,15964
2026-10-05,2021-04-06,15972
2026-10-05,2021-04-07,16012
2026-10-05,2021-04-08,16025
2026-10-05,2021-04-09,16053
2026-10-05,2021-04-12,15970
2026-10-05,2021-04-13,15982
2026-10-05,2021-04-14,15977
2026-10-05,2021-04-15,15968
2026-10-05,2021-04-16,15959
2026-10-05,2021-04-19,15961
2026-10-05,2021-04-20,15962
2026-10-05,2021-04-21,15949
2026-10-05,2021-04-22,15929
2026-10-05,2021-04-23,15936
2026-10-05,2021-04-26,15926
2026-10-05,2021-04-27,15933
2026-10-05,2021-04-28,15927
2026-10-05,2021-04-29,15911
2026-10-05,2021-04-30,15957
2026-10-05,2021-05-03,15970
2026-10-05,2021-05-04,15968
2026-10-05,2021-05-05,15972
2026-10-05,2021-05-06,15965
2026-10-05,2021-05-07,15980
2026-10-05,2021-05-10,16085
2026-10-05,2021-05-11,16095
2026-10-05,2021-05-12,16085
2026-10-05,2021-05-13,16105
2026-10-05,2021-05-14,16089
2026-10-05,2021-05-17,16085
2026-10-05,2021-05-18,16084
2026-10-05,2021-05-19,16093
2026-10-05,2021-05-20,16110
2026-10-05,2021-05-21,16154
2026-10-05,2021-05-26,16159
2026-10-05,2021-05-27,16169
2026-10-05,2021-05-28,16211
2026-10-05,2021-05-31,16155
2026-10-05,2021-06-01,16225
2026-10-05,2021-06-02,16225
2026-10-05,2021-06-03,16260
2026-10-05,2021-06-04,16268
2026-10-05,2021-06-07,16281
2026-10-05,2021-06-08,16312
2026-10-05,2021-06-09,16303
2026-10-05,2021-06-10,16354
2026-10-05,2021-06-11,16338
2026-10-05,2021-06-14,16242
2026-10-05,2021-06-15,16231
2026-10-05,2021-06-16,16233
2026-10-05,2021-06-17,16128
2026-10-05,2021-06-18,16180
2026-10-05,2021-06-22,16186
2026-10-05,2021-06-23,16188
2026-10-05,2021-06-24,16212
2026-10-05,2021-06-25,16212
2026-10-05,2021-06-28,16230
2026-10-05,2021-06-29,16252
2026-10-05,2021-06-30,16222
2026-10-05,2021-07-01,16227
2026-10-05,2021-07-02,16227
2026-10-05,2021-07-05,16261
2026-10-05,2021-07-06,16267
2026-10-05,2021-07-07,16280
2026-10-05,2021-07-08,16302
2026-10-05,2021-07-12,16312
2026-10-05,2021-07-13,16338
2026-10-05,2021-07-14,16356
2026-10-05,2021-07-15,16320
2026-10-05,2021-07-16,16303
2026-10-05,2021-07-19,16313
2026-10-05,2021-07-20,16315
2026-10-05,2021-07-21,16270
2026-10-05,2021-07-22,16278
2026-10-05,2021-07-23,16272
2026-10-05,2021-07-26,16285
2026-10-05,2021-07-27,16305
2026-10-05,2021-07-28,16315
2026-10-05,2021-07-29,16327
2026-10-05,2021-07-30,16361
2026-10-05,2021-08-02,16411
2026-10-05,2021-08-03,16429
2026-10-05,2021-08-04,16429
2026-10-05,2021-08-05,16420
2026-10-05,2021-08-06,16426
2026-10-05,2021-08-09,16484
2026-10-05,2021-08-10,16446
2026-10-05,2021-08-11,16466
2026-10-05,2021-08-12,16393
2026-10-05,2021-08-13,16383
2026-10-05,2021-08-17,16369
2026-10-05,2021-08-18,16361
2026-10-05,2021-08-19,16369
2026-10-05,2021-08-20,16384
2026-10-05,2021-08-23,16370
2026-10-05,2021-08-24,16389
2026-10-05,2021-08-25,16385
2026-10-05,2021-08-26,16382
2026-10-05,2021-08-27,16333
2026-10-05,2021-08-30,16339
2026-10-05,2021-08-31,16430
2026-10-05,2021-09-01,16459
2026-10-05,2021-09-02,16373
2026-10-05,2021-09-03,16329
2026-10-05,2021-09-06,16383
2026-10-05,2021-09-07,16392
2026-10-05,2021-09-08,16374
2026-10-05,2021-09-09,16375
2026-10-05,2021-09-10,16350
2026-10-05,2021-09-13,16362
2026-10-05,2021-09-14,16374
2026-10-05,2021-09-15,16371
2026-10-05,2021-09-16,16373
2026-10-05,2021-09-17,16352
2026-10-05,2021-09-20,16360
2026-10-05,2021-09-21,16364
2026-10-05,2021-09-22,16332
2026-10-05,2021-09-23,16326
2026-10-05,2021-09-24,16315
2026-10-05,2021-09-27,16338
2026-10-05,2021-09-28,16341
2026-10-05,2021-09-29,16340
2026-10-05,2021-09-30,16386
2026-10-05,2021-10-01,16377
2026-10-05,2021-10-04,16404
2026-10-05,2021-10-05,16417
2026-10-05,2021-10-06,16399
2026-10-05,2021-10-07,16392
2026-10-05,2021-10-12,16356
2026-10-05,2021-10-13,16328
2026-10-05,2021-10-14,16298
2026-10-05,2021-10-15,16258
2026-10-05,2021-10-18,16252
2026-10-05,2021-10-19,16220
2026-10-05,2021-10-20,16221
2026-10-05,2021-10-21,16162
2026-10-05,2021-10-22,16189
2026-10-05,2021-10-25,16172
2026-10-05,2021-10-26,16173
2026-10-05,2021-10-27,16155
2026-10-05,2021-10-28,16129
2026-10-05,2021-10-29,16122
2026-10-05,2021-11-01,16145
2026-10-05,2021-11-02,16164
2026-10-05,2021-11-03,16138
2026-10-05,2021-11-04,16258
2026-10-05,2021-11-05,16128
2026-10-05,2021-11-08,16114
2026-10-05,2021-11-09,16084
2026-10-05,2021-11-10,16035
2026-10-05,2021-11-11,15959
2026-10-05,2021-11-12,15830
2026-10-05,2021-11-15,15828
2026-10-05,2021-11-16,15827
2026-10-05,2021-11-17,15827
2026-10-05,2021-11-18,15823
2026-10-05,2021-11-19,15799
2026-10-05,2021-11-23,15820
2026-10-05,2021-11-24,15796
2026-10-05,2021-11-25,15784
2026-10-05,2021-11-26,15759
2026-10-05,2021-11-29,15559
2026-10-05,2021-11-30,15351
2026-10-05,2021-12-01,15303
2026-10-05,2021-12-02,15258
2026-10-05,2021-12-03,15206
2026-10-05,2021-12-06,15196
2026-10-05,2021-12-07,15173
2026-10-05,2021-12-09,15153
2026-10-05,2021-12-10,15158
2026-10-05,2021-12-13,15161
2026-10-05,2021-12-14,15050
2026-10-05,2021-12-15,15069
2026-10-05,2021-12-16,15073
2026-10-05,2021-12-17,15094
2026-10-05,2021-12-20,15141
2026-10-05,2021-12-21,15232
2026-10-05,2021-12-22,15250
2026-10-05,2021-12-23,15297
2026-10-05,2021-12-27,15407
2026-10-05,2021-12-28,15548
2026-10-05,2021-12-29,15661
2026-10-05,2021-12-30,15752
2026-10-05,2022-01-03,15693
2026-10-05,2022-01-04,15655
2026-10-05,2022-01-05,15645
2026-10-05,2022-01-06,15631
2026-10-05,2022-01-07,15611
2026-10-05,2022-01-10,15626
2026-10-05,2022-01-11,15598
2026-10-05,2022-01-12,15616
2026-10-05,2022-01-13,15633
2026-10-05,2022-01-14,15632
2026-10-05,2022-01-17,15637
2026-10-05,2022-01-18,15634
2026-10-05,2022-01-19,15592
2026-10-05,2022-01-20,15474
2026-10-05,2022-01-21,15444
2026-10-05,2022-01-24,15413
2026-10-05,2022-01-25,15381
2026-10-05,2022-01-26,15344
2026-10-05,2022-01-27,15336
2026-10-05,2022-01-28,15307
2026-10-05,2022-01-31,15314
2026-10-05,2022-02-01,15331
2026-10-05,2022-02-02,15327
2026-10-05,2022-02-03,15331
2026-10-05,2022-02-04,15300
2026-10-05,2022-02-07,15310
2026-10-05,2022-02-08,15305
2026-10-05,2022-02-09,15280
2026-10-05,2022-02-10,15279
2026-10-05,2022-02-11,15297
2026-10-05,2022-02-14,15222
2026-10-05,2022-02-15,15209
2026-10-05,2022-02-16,15218
2026-10-05,2022-02-17,15216
2026-10-05,2022-02-18,15212
2026-10-05,2022-02-21,15210
2026-10-05,2022-02-22,15218
2026-10-05,2022-02-23,15198
2026-10-05,2022-02-24,15195
2026-10-05,2022-02-25,15168
2026-10-05,2022-03-02,15207
2026-10-05,2022-03-03,15208
2026-10-05,2022-03-04,15215
2026-10-05,2022-03-07,15240
2026-10-05,2022-03-08,15265
2026-10-05,2022-03-09,15280
2026-10-05,2022-03-10,15300
2026-10-05,2022-03-11,15310
2026-10-05,2022-03-14,15311
2026-10-05,2022-03-15,15233
2026-10-05,2022-03-16,15235
2026-10-05,2022-03-17,15239
2026-10-05,2022-03-18,15232
2026-10-05,2022-03-21,15240
2026-10-05,2022-03-22,15230
2026-10-05,2022-03-23,15216
2026-10-05,2022-03-25,15199
2026-10-05,2022-03-28,15222
2026-10-05,2022-03-29,15259
2026-10-05,2022-03-30,15254
2026-10-05,2022-03-31,15245
2026-10-05,2022-04-01,15274
2026-10-05,2022-04-04,15301
2026-10-05,2022-04-05,15312
2026-10-05,2022-04-06,15345
2026-10-05,2022-04-07,15363
2026-10-05,2022-04-08,15368
2026-10-05,2022-04-11,15354
2026-10-05,2022-04-12,15329
2026-10-05,2022-04-13,15341
2026-10-05,2022-04-18,15346
2026-10-05,2022-04-19,15353
2026-10-05,2022-04-20,15344
2026-10-05,2022-04-21,15360
2026-10-05,2022-04-22,15323
2026-10-05,2022-04-25,15330
2026-10-05,2022-04-26,15336
2026-10-05,2022-04-27,15340
2026-10-05,2022-04-28,15337
2026-10-05,2022-04-29,15321
2026-10-05,2022-05-02,15352
2026-10-05,2022-05-03,15368
2026-10-05,2022-05-04,15376
2026-10-05,2022-05-05,15385
2026-10-05,2022-05-06,15367
2026-10-05,2022-05-09,15362
2026-10-05,2022-05-10,15380
2026-10-05,2022-05-11,15376
2026-10-05,2022-05-12,15373
2026-10-05,2022-05-13,15349
2026-10-05,2022-05-16,15358
2026-10-05,2022-05-17,15367
2026-10-05,2022-05-19,15361
2026-10-05,2022-05-20,15375
2026-10-05,2022-05-23,15384
2026-10-05,2022-05-24,15393
2026-10-05,2022-05-26,15370
2026-10-05,2022-05-27,15478
2026-10-05,2022-05-30,15483
2026-10-05,2022-05-31,15485
2026-10-05,2022-06-01,15518
2026-10-05,2022-06-02,15526
2026-10-05,2022-06-03,15535
2026-10-05,2022-06-06,15551
2026-10-05,2022-06-07,15585
2026-10-05,2022-06-08,15575
2026-10-05,2022-06-09,15583
2026-10-05,2022-06-10,15610
2026-10-05,2022-06-13,15626
2026-10-05,2022-06-14,15591
2026-10-05,2022-06-15,15609
2026-10-05,2022-06-16,15629
2026-10-05,2022-06-21,15635
2026-10-05,2022-06-22,15606
2026-10-05,2022-06-23,15599
2026-10-05,2022-06-24,15577
2026-10-05,2022-06-27,15582
2026-10-05,2022-06-28,15578
2026-10-05,2022-06-29,15549
2026-10-05,2022-06-30,15493
2026-10-05,2022-07-01,15565
2026-10-05,2022-07-04,15490
2026-10-05,2022-07-05,15420
2026-10-05,2022-07-06,15354
2026-10-05,2022-07-07,15285
2026-10-05,2022-07-08,15216
2026-10-05,2022-07-11,15208
2026-10-05,2022-07-12,15193
2026-10-05,2022-07-13,15141
2026-10-05,2022-07-14,15128
2026-10-05,2022-07-15,15114
2026-10-05,2022-07-18,15088
2026-10-05,2022-07-19,15068
2026-10-05,2022-07-20,15061
2026-10-05,2022-07-21,14933
2026-10-05,2022-07-22,14817
2026-10-05,2022-07-25,14769
2026-10-05,2022-07-26,14721
2026-10-05,2022-07-27,14700
2026-10-05,2022-07-28,14670
2026-10-05,2022-07-29,14638
2026-10-05,2022-08-01,14731
2026-10-05,2022-08-02,14758
2026-10-05,2022-08-03,14772
2026-10-05,2022-08-04,14803
2026-10-05,2022-08-05,14682
2026-10-05,2022-08-08,14681
2026-10-05,2022-08-09,14649
2026-10-05,2022-08-10,14626
2026-10-05,2022-08-11,14611
2026-10-05,2022-08-12,14569
2026-10-05,2022-08-16,14555
2026-10-05,2022-08-17,14551
2026-10-05,2022-08-18,14549
2026-10-05,2022-08-19,14551
2026-10-05,2022-08-22,14552
2026-10-05,2022-08-23,14547
2026-10-05,2022-08-24,14554
2026-10-05,2022-08-25,14547
2026-10-05,2022-08-26,14543
2026-10-05,2022-08-29,14543
2026-10-05,2022-08-30,14527
2026-10-05,2022-08-31,14527
2026-10-05,2022-09-01,14587
2026-10-05,2022-09-05,14619
2026-10-05,2022-09-06,14635
2026-10-05,2022-09-07,14779
2026-10-05,2022-09-08,14796
2026-10-05,2022-09-09,14781
2026-10-05,2022-09-12,14796
2026-10-05,2022-09-13,14822
2026-10-05,2022-09-14,14843
2026-10-05,2022-09-15,14862
2026-10-05,2022-09-16,14886
2026-10-05,2022-09-19,14920
2026-10-05,2022-09-20,14954
2026-10-05,2022-09-21,14915
2026-10-05,2022-09-22,14933
2026-10-05,2022-09-23,14929
2026-10-05,2022-09-26,14949
2026-10-05,2022-09-27,14939
2026-10-05,2022-09-28,14939
2026-10-05,2022-09-29,14928
2026-10-05,2022-09-30,14930
2026-10-05,2022-10-03,14959
2026-10-05,2022-10-04,14955
2026-10-05,2022-10-05,14963
2026-10-05,2022-10-06,14967
2026-10-05,2022-10-11,14982
2026-10-05,2022-10-12,14973
2026-10-05,2022-10-13,15027
2026-10-05,2022-10-14,14957
2026-10-05,2022-10-17,14960
2026-10-05,2022-10-18,14956
2026-10-05,2022-10-19,14959
2026-10-05,2022-10-20,14940
2026-10-05,2022-10-21,14960
2026-10-05,2022-10-24,15007
2026-10-05,2022-10-25,15067
2026-10-05,2022-10-26,15110
2026-10-05,2022-10-27,15167
2026-10-05,2022-10-28,14988
2026-10-05,2022-10-31,15016
2026-10-05,2022-11-01,15027
2026-10-05,2022-11-02,15072
2026-10-05,2022-11-03,15100
2026-10-05,2022-11-04,15132
2026-10-05,2022-11-07,15186
2026-10-05,2022-11-08,15128
2026-10-05,2022-11-09,15116
2026-10-05,2022-11-10,15110
2026-10-05,2022-11-11,15117
2026-10-05,2022-11-14,15140
2026-10-05,2022-11-15,15181
2026-10-05,2022-11-16,15215
2026-10-05,2022-11-17,15271
2026-10-05,2022-11-18,15292
2026-10-05,2022-11-22,15315
2026-10-05,2022-11-23,15304
2026-10-05,2022-11-24,15317
2026-10-05,2022-11-25,15302
2026-10-05,2022-11-28,15301
2026-10-05,2022-11-29,15318
2026-10-05,2022-11-30,15391
2026-10-05,2022-12-01,15383
2026-10-05,2022-12-02,15393
2026-10-05,2022-12-05,15402
2026-10-05,2022-12-06,15453
2026-10-05,2022-12-07,15458
2026-10-05,2022-12-12,15471
2026-10-05,2022-12-13,15493
2026-10-05,2022-12-14,15498
2026-10-05,2022-12-15,15554
2026-10-05,2022-12-16,15611
2026-10-05,2022-12-19,15684
2026-10-05,2022-12-20,15714
2026-10-05,2022-12-21,15763
2026-10-05,2022-12-22,15828
2026-10-05,2022-12-23,15878
2026-10-05,2022-12-26,15944
2026-10-05,2022-12-27,16056
2026-10-05,2022-12-28,16181
2026-10-05,2022-12-29,16283
2026-10-05,2022-12-30,16329
2026-10-05,2023-01-02,16296
2026-10-05,2023-01-03,16323
2026-10-05,2023-01-04,16300
2026-10-05,2023-01-05,16289
2026-10-05,2023-01-06,16280
2026-10-05,2023-01-09,16321
2026-10-05,2023-01-10,16302
2026-10-05,2023-01-11,16272
2026-10-05,2023-01-12,16276
2026-10-05,2023-01-13,16250
2026-10-05,2023-01-16,16244
2026-10-05,2023-01-17,16241
2026-10-05,2023-01-18,16250
2026-10-05,2023-01-19,16234
2026-10-05,2023-01-20,16214
2026-10-05,2023-01-23,16213
2026-10-05,2023-01-24,16231
2026-10-05,2023-01-25,16213
2026-10-05,2023-01-26,16198
2026-10-05,2023-01-27,16238
2026-10-05,2023-01-30,16270
2026-10-05,2023-01-31,16307
2026-10-05,2023-02-01,16337
2026-10-05,2023-02-02,16347
2026-10-05,2023-02-03,16292
2026-10-05,2023-02-06,16314
2026-10-05,2023-02-07,16329
2026-10-05,2023-02-08,16320
2026-10-05,2023-02-09,16342
2026-10-05,2023-02-10,16370
2026-10-05,2023-02-13,16413
2026-10-05,2023-02-14,16365
2026-10-05,2023-02-15,16367
2026-10-05,2023-02-16,16382
2026-10-05,2023-02-17,16406
2026-10-05,2023-02-22,16426
2026-10-05,2023-02-23,16458
2026-10-05,2023-02-24,16459
2026-10-05,2023-02-27,16352
2026-10-05,2023-02-28,16354
2026-10-05,2023-03-01,16358
2026-10-05,2023-03-02,16365
2026-10-05,2023-03-03,16351
2026-10-05,2023-03-06,16390
2026-10-05,2023-03-07,16420
2026-10-05,2023-03-08,16410
2026-10-05,2023-03-09,16405
2026-10-05,2023-03-10,16396
2026-10-05,2023-03-13,16393
2026-10-05,2023-03-14,16386
2026-10-05,2023-03-15,16391
2026-10-05,2023-03-16,16380
2026-10-05,2023-03-17,16380
2026-10-05,2023-03-20,16381
2026-10-05,2023-03-21,16335
2026-10-05,2023-03-22,16284
2026-10-05,2023-03-23,16237
2026-10-05,2023-03-27,16197
2026-10-05,2023-03-28,16164
2026-10-05,2023-03-29,16165
2026-10-05,2023-03-30,16084
2026-10-05,2023-03-31,16047
2026-10-05,2023-04-03,16061
2026-10-05,2023-04-04,16028
2026-10-05,2023-04-05,16028
2026-10-05,2023-04-10,16034
2026-10-05,2023-04-11,16033
2026-10-05,2023-04-12,15948
2026-10-05,2023-04-13,15955
2026-10-05,2023-04-14,15904
2026-10-05,2023-04-17,15800
2026-10-05,2023-04-18,15823
2026-10-05,2023-04-19,15799
2026-10-05,2023-04-20,15766
2026-10-05,2023-04-21,15672
2026-10-05,2023-04-24,15630
2026-10-05,2023-04-25,15507
2026-10-05,2023-04-26,15391
2026-10-05,2023-04-27,15341
2026-10-05,2023-04-28,15293
2026-10-05,2023-05-02,15302
2026-10-05,2023-05-03,15298
2026-10-05,2023-05-04,15338
2026-10-05,2023-05-05,15306
2026-10-05,2023-05-08,15314
2026-10-05,2023-05-09,15288
2026-10-05,2023-05-10,15263
2026-10-05,2023-05-11,15269
2026-10-05,2023-05-12,15257
2026-10-05,2023-05-15,15258
2026-10-05,2023-05-16,15274
2026-10-05,2023-05-17,15308
2026-10-05,2023-05-18,15331
2026-10-05,2023-05-19,15344
2026-10-05,2023-05-22,15285
2026-10-05,2023-05-23,15285
2026-10-05,2023-05-24,15278
2026-10-05,2023-05-29,15290
2026-10-05,2023-05-30,15293
2026-10-05,2023-05-31,15292
2026-10-05,2023-06-01,15598
2026-10-05,2023-06-02,15571
2026-10-05,2023-06-05,15589
2026-10-05,2023-06-06,15485
2026-10-05,2023-06-07,15486
2026-10-05,2023-06-08,15496
2026-10-05,2023-06-09,15448
2026-10-05,2023-06-12,15437
2026-10-05,2023-06-13,15530
2026-10-05,2023-06-14,15398
2026-10-05,2023-06-15,15355
2026-10-05,2023-06-16,15367
2026-10-05,2023-06-21,15345
2026-10-05,2023-06-22,15370
2026-10-05,2023-06-23,15361
2026-10-05,2023-06-26,15373
2026-10-05,2023-06-27,15376
2026-10-05,2023-06-28,15471
2026-10-05,2023-06-29,15456
2026-10-05,2023-06-30,15430
2026-10-05,2023-07-03,15467
2026-10-05,2023-07-04,15462
2026-10-05,2023-07-05,15453
2026-10-05,2023-07-06,15463
2026-10-05,2023-07-07,15458
2026-10-05,2023-07-10,15500
2026-10-05,2023-07-11,15534
2026-10-05,2023-07-12,15526
2026-10-05,2023-07-13,15522
2026-10-05,2023-07-14,15541
2026-10-05,2023-07-17,15531
2026-10-05,2023-07-18,15534
2026-10-05,2023-07-19,15529
2026-10-05,2023-07-20,15504
2026-10-05,2023-07-21,15451
2026-10-05,2023-07-24,15438
2026-10-05,2023-07-25,15385
2026-10-05,2023-07-26,15397
2026-10-05,2023-07-27,15430
2026-10-05,2023-07-28,15466
2026-10-05,2023-07-31,15506
2026-10-05,2023-08-01,15576
2026-10-05,2023-08-02,15433
2026-10-05,2023-08-03,15447
2026-10-05,2023-08-04,15451
2026-10-05,2023-08-07,15465
2026-10-05,2023-08-08,15459
2026-10-05,2023-08-09,15387
2026-10-05,2023-08-10,15287
2026-10-05,2023-08-11,15232
2026-10-05,2023-08-14,15254
2026-10-05,2023-08-15,15277
2026-10-05,2023-08-16,15228
2026-10-05,2023-08-17,15194
2026-10-05,2023-08-18,15139
2026-10-05,2023-08-22,15128
2026-10-05,2023-08-23,15108
2026-10-05,2023-08-24,15103
2026-10-05,2023-08-25,15063
2026-10-05,2023-08-28,15048
2026-10-05,2023-08-29,15022
2026-10-05,2023-08-30,14965
2026-10-05,2023-08-31,14976
2026-10-05,2023-09-01,14983
2026-10-05,2023-09-04,14979
2026-10-05,2023-09-05,14990
2026-10-05,2023-09-06,14997
2026-10-05,2023-09-07,15005
2026-10-05,2023-09-08,15001
2026-10-05,2023-09-11,15035
2026-10-05,2023-09-12,15057
2026-10-05,2023-09-13,15028
2026-10-05,2023-09-14,15009
2026-10-05,2023-09-15,15005
2026-10-05,2023-09-18,15018
2026-10-05,2023-09-19,15026
2026-10-05,2023-09-20,15013
2026-10-05,2023-09-21,15024
2026-10-05,2023-09-22,14969
2026-10-05,2023-09-25,15010
2026-10-05,2023-09-26,14988
2026-10-05,2023-09-27,14949
2026-10-05,2023-09-28,14952
2026-10-05,2023-09-29,14938
2026-10-05,2023-10-02,14986
2026-10-05,2023-10-03,14994
2026-10-05,2023-10-04,15008
2026-10-05,2023-10-05,15021
2026-10-05,2023-10-06,15001
2026-10-05,2023-10-09,15003
2026-10-05,2023-10-10,14881
2026-10-05,2023-10-11,14742
2026-10-05,2023-10-12,14623
2026-10-05,2023-10-17,14571
2026-10-05,2023-10-18,14533
2026-10-05,2023-10-19,14357
2026-10-05,2023-10-20,14240
2026-10-05,2023-10-23,14262
2026-10-05,2023-10-24,14286
2026-10-05,2023-10-25,14280
2026-10-05,2023-10-26,14308
2026-10-05,2023-10-27,14309
2026-10-05,2023-10-30,14287
2026-10-05,2023-10-31,14262
2026-10-05,2023-11-01,14311
2026-10-05,2023-11-02,14325
2026-10-05,2023-11-03,14334
2026-10-05,2023-11-07,14373
2026-10-05,2023-11-08,14364
2026-10-05,2023-11-09,14343
2026-10-05,2023-11-10,14342
2026-10-05,2023-11-13,14371
2026-10-05,2023-11-14,14378
2026-10-05,2023-11-15,14365
2026-10-05,2023-11-16,14303
2026-10-05,2023-11-17,14191
2026-10-05,2023-11-21,14114
2026-10-05,2023-11-22,14117
2026-10-05,2023-11-23,14095
2026-10-05,2023-11-24,14097
2026-10-05,2023-11-27,14081
2026-10-05,2023-11-28,14090
2026-10-05,2023-11-29,14110
2026-10-05,2023-11-30,14111
2026-10-05,2023-12-01,14133
2026-10-05,2023-12-04,14135
2026-10-05,2023-12-05,14148
2026-10-05,2023-12-06,14151
2026-10-05,2023-12-07,14126
2026-10-05,2023-12-11,14115
2026-10-05,2023-12-12,14094
2026-10-05,2023-12-13,14100
2026-10-05,2023-12-14,14139
2026-10-05,2023-12-15,14207
2026-10-05,2023-12-18,14294
2026-10-05,2023-12-19,14375
2026-10-05,2023-12-20,14432
2026-10-05,2023-12-21,14579
2026-10-05,2023-12-22,14708
2026-10-05,2023-12-26,14907
2026-10-05,2023-12-27,15203
2026-10-05,2023-12-28,15498
2026-10-05,2023-12-29,15802
2026-10-05,2024-01-02,15731
2026-10-05,2024-01-03,15701
2026-10-05,2024-01-04,15699
2026-10-05,2024-01-05,15677
2026-10-05,2024-01-08,15714
2026-10-05,2024-01-09,15767
2026-10-05,2024-01-10,15779
2026-10-05,2024-01-11,15796
2026-10-05,2024-01-12,15798
2026-10-05,2024-01-15,15800
2026-10-05,2024-01-16,15829
2026-10-05,2024-01-17,15864
2026-10-05,2024-01-18,15843
2026-10-05,2024-01-19,15864
2026-10-05,2024-01-22,15863
2026-10-05,2024-01-23,15827
2026-10-05,2024-01-24,15796
2026-10-05,2024-01-25,15802
2026-10-05,2024-01-26,15822
2026-10-05,2024-01-29,15868
2026-10-05,2024-01-30,15924
2026-10-05,2024-01-31,15961
2026-10-05,2024-02-01,16020
2026-10-05,2024-02-02,15887
2026-10-05,2024-02-05,15911
2026-10-05,2024-02-06,15936
2026-10-05,2024-02-07,15956
2026-10-05,2024-02-08,15921
2026-10-05,2024-02-09,15922
2026-10-05,2024-02-14,15931
2026-10-05,2024-02-15,15941
2026-10-05,2024-02-16,15970
2026-10-05,2024-02-19,16001
2026-10-05,2024-02-20,16002
2026-10-05,2024-02-21,16022
2026-10-05,2024-02-22,16054
2026-10-05,2024-02-23,16077
2026-10-05,2024-02-26,16344
2026-10-05,2024-02-27,16360
2026-10-05,2024-02-28,16383
2026-10-05,2024-02-29,16431
2026-10-05,2024-03-01,16426
2026-10-05,2024-03-04,16410
2026-10-05,2024-03-05,16450
2026-10-05,2024-03-06,16477
2026-10-05,2024-03-07,16548
2026-10-05,2024-03-08,16545
2026-10-05,2024-03-11,16568
2026-10-05,2024-03-12,16557
2026-10-05,2024-03-13,16579
2026-10-05,2024-03-14,16625
2026-10-05,2024-03-15,16650
2026-10-05,2024-03-18,16694
2026-10-05,2024-03-19,16742
2026-10-05,2024-03-20,16780
2026-10-05,2024-03-21,16771
2026-10-05,2024-03-22,16768
2026-10-05,2024-03-25,16810
2026-10-05,2024-03-26,16881
2026-10-05,2024-03-27,16909
2026-10-05,2024-04-03,16965
2026-10-05,2024-04-04,17021
2026-10-05,2024-04-05,17044
2026-10-05,2024-04-08,17055
2026-10-05,2024-04-09,17069
2026-10-05,2024-04-10,17092
2026-10-05,2024-04-11,17085
2026-10-05,2024-04-12,17097
2026-10-05,2024-04-15,17090
2026-10-05,2024-04-16,17172
2026-10-05,2024-04-17,17184
2026-10-05,2024-04-18,17200
2026-10-05,2024-04-19,17212
2026-10-05,2024-04-22,17282
2026-10-05,2024-04-23,17278
2026-10-05,2024-04-24,17301
2026-10-05,2024-04-25,17193
2026-10-05,2024-04-26,17209
2026-10-05,2024-04-29,17271
2026-10-05,2024-04-30,17293
2026-10-05,2024-05-02,17313
2026-10-05,2024-05-03,17291
2026-10-05,2024-05-06,17304
2026-10-05,2024-05-07,17308
2026-10-05,2024-05-08,17325
2026-10-05,2024-05-09,17334
2026-10-05,2024-05-10,17355
2026-10-05,2024-05-13,17393
2026-10-05,2024-05-14,17396
2026-10-05,2024-05-15,17399
2026-10-05,2024-05-16,17387
2026-10-05,2024-05-17,17464
2026-10-05,2024-05-20,17453
2026-10-05,2024-05-21,17518
2026-10-05,2024-05-22,17552
2026-10-05,2024-05-23,17550
2026-10-05,2024-05-24,17566
2026-10-05,2024-05-27,17578
2026-10-05,2024-05-28,17635
2026-10-05,2024-05-29,17656
2026-10-05,2024-05-30,17651
2026-10-05,2024-05-31,17723
2026-10-05,2024-06-03,17647
2026-10-05,2024-06-04,17647
2026-10-05,2024-06-05,17658
2026-10-05,2024-06-06,17670
2026-10-05,2024-06-07,17680
2026-10-05,2024-06-10,17670
2026-10-05,2024-06-11,17711
2026-10-05,2024-06-12,17705
2026-10-05,2024-06-13,17680
2026-10-05,2024-06-14,17584
2026-10-05,2024-06-18,17665
2026-10-05,2024-06-19,17699
2026-10-05,2024-06-24,17731
2026-10-05,2024-06-25,17767
2026-10-05,2024-06-26,17798
2026-10-05,2024-06-27,17841
2026-10-05,2024-06-28,17861
2026-10-05,2024-07-01,17852
2026-10-05,2024-07-02,17869
2026-10-05,2024-07-03,17831
2026-10-05,2024-07-04,17851
2026-10-05,2024-07-05,17820
2026-10-05,2024-07-08,17802
2026-10-05,2024-07-10,18116
2026-10-05,2024-07-11,18232
2026-10-05,2024-07-12,18280
2026-10-05,2024-07-15,18294
2026-10-05,2024-07-16,18323
2026-10-05,2024-07-17,18380
2026-10-05,2024-07-18,18432
2026-10-05,2024-07-19,18465
2026-10-05,2024-07-22,18480
2026-10-05,2024-07-23,18467
2026-10-05,2024-07-24,18491
2026-10-05,2024-07-25,18475
2026-10-05,2024-07-26,18463
2026-10-05,2024-07-29,18490
2026-10-05,2024-07-30,18486
2026-10-05,2024-07-31,18605
2026-10-05,2024-08-01,18553
2026-10-05,2024-08-02,18528
2026-10-05,2024-08-05,18544
2026-10-05,2024-08-06,18528
2026-10-05,2024-08-07,18542
2026-10-05,2024-08-08,18562
2026-10-05,2024-08-09,18589
2026-10-05,2024-08-12,18580
2026-10-05,2024-08-13,18613
2026-10-05,2024-08-14,18608
2026-10-05,2024-08-15,18668
2026-10-05,2024-08-16,18682
2026-10-05,2024-08-19,18744
2026-10-05,2024-08-20,18813
2026-10-05,2024-08-21,18876
2026-10-05,2024-08-22,18921
2026-10-05,2024-08-23,19009
2026-10-05,2024-08-26,19071
2026-10-05,2024-08-27,19127
2026-10-05,2024-08-28,19147
2026-10-05,2024-08-29,19259
2026-10-05,2024-08-30,19310
2026-10-05,2024-09-02,19506
2026-10-05,2024-09-03,19665
2026-10-05,2024-09-04,19821
2026-10-05,2024-09-05,19977
2026-10-05,2024-09-06,20095
2026-10-05,2024-09-09,20293
2026-10-05,2024-09-10,20576
2026-10-05,2024-09-11,20867
2026-10-05,2024-09-12,21243
2026-10-05,2024-09-13,21532
2026-10-05,2024-09-16,21921
2026-10-05,2024-09-17,22421
2026-10-05,2024-09-18,22980
2026-10-05,2024-09-19,23735
2026-10-05,2024-09-20,24562
2026-10-05,2024-09-23,25664
2026-10-05,2024-09-24,27028
2026-10-05,2024-09-25,28729
2026-10-05,2024-09-26,29914
2026-10-05,2024-09-27,30836
2026-10-05,2024-09-30,31554
2026-10-05,2024-10-01,31236
2026-10-05,2024-10-02,31169
2026-10-05,2024-10-03,30955
2026-10-05,2024-10-04,30822
2026-10-05,2024-10-07,30694
2026-10-05,2024-10-08,30527
2026-10-05,2024-10-09,30425
2026-10-05,2024-10-10,30490
2026-10-05,2024-10-14,30449
2026-10-05,2024-10-15,30435
2026-10-05,2024-10-16,30522
2026-10-05,2024-10-17,30670
2026-10-05,2024-10-18,30808
2026-10-05,2024-10-21,30938
2026-10-05,2024-10-22,31117
2026-10-05,2024-10-23,31313
2026-10-05,2024-10-24,31632
2026-10-05,2024-10-25,31977
2026-10-05,2024-10-28,32496
2026-10-05,2024-10-29,33321
2026-10-05,2024-10-30,33948
2026-10-05,2024-10-31,34641
2026-10-05,2024-11-01,34390
2026-10-05,2024-11-04,34174
2026-10-05,2024-11-05,34005
2026-10-05,2024-11-07,34098
2026-10-05,2024-11-08,34178
2026-10-05,2024-11-11,33989
2026-10-05,2024-11-12,33807
2026-10-05,2024-11-13,33733
2026-10-05,2024-11-14,33581
2026-10-05,2024-11-15,33507
2026-10-05,2024-11-19,33371
2026-10-05,2024-11-20,33272
2026-10-05,2024-11-21,33160
2026-10-05,2024-11-22,33117
2026-10-05,2024-11-25,33019
2026-10-05,2024-11-26,32958
2026-10-05,2024-11-27,32768
2026-10-05,2024-11-28,32629
2026-10-05,2024-11-29,32575
2026-10-05,2024-12-02,32598
2026-10-05,2024-12-03,32526
2026-10-05,2024-12-04,32237
2026-10-05,2024-12-05,32164
2026-10-05,2024-12-06,32075
2026-10-05,2024-12-09,31949
2026-10-05,2024-12-10,31777
2026-10-05,2024-12-11,31694
2026-10-05,2024-12-12,31617
2026-10-05,2024-12-13,31610
2026-10-05,2024-12-16,31565
2026-10-05,2024-12-17,31494
2026-10-05,2024-12-18,31428
2026-10-05,2024-12-19,31490
2026-10-05,2024-12-20,31508
2026-10-05,2024-12-23,31484
2026-10-05,2024-12-26,31460
2026-10-05,2024-12-27,31440
2026-10-05,2024-12-30,31444
2026-10-05,2025-01-02,31552
2026-10-05,2025-01-03,31486
2026-10-05,2025-01-06,31402
2026-10-05,2025-01-07,31422
2026-10-05,2025-01-08,31429
2026-10-05,2025-01-09,31990
2026-10-05,2025-01-10,31931
2026-10-05,2025-01-13,31951
2026-10-05,2025-01-14,31925
2026-10-05,2025-01-15,31895
2026-10-05,2025-01-16,31860
2026-10-05,2025-01-17,31700
2026-10-05,2025-01-20,31620
2026-10-05,2025-01-21,31567
2026-10-05,2025-01-22,31512
2026-10-05,2025-01-23,31389
2026-10-05,2025-01-24,31427
2026-10-05,2025-01-27,31520
2026-10-05,2025-01-28,31431
2026-10-05,2025-01-29,31301
2026-10-05,2025-01-30,31258
2026-10-05,2025-01-31,31209
2026-10-05,2025-02-03,31098
2026-10-05,2025-02-04,31089
2026-10-05,2025-02-05,30994
2026-10-05,2025-02-06,30853
2026-10-05,2025-02-07,30777
2026-10-05,2025-02-10,30652
2026-10-05,2025-02-11,30693
2026-10-05,2025-02-12,30592
2026-10-05,2025-02-13,30540
2026-10-05,2025-02-14,30532
2026-10-05,2025-02-17,30549
2026-10-05,2025-02-18,30482
2026-10-05,2025-02-19,30572
2026-10-05,2025-02-20,30576
2026-10-05,2025-02-21,30582
2026-10-05,2025-02-24,30449
2026-10-05,2025-02-25,30319
2026-10-05,2025-02-26,30266
2026-10-05,2025-02-27,30141
2026-10-05,2025-02-28,30427
2026-10-05,2025-03-05,30139
2026-10-05,2025-03-06,30052
2026-10-05,2025-03-07,30006
2026-10-05,2025-03-10,29866
2026-10-05,2025-03-11,29819
2026-10-05,2025-03-12,29712
2026-10-05,2025-03-13,29660
2026-10-05,2025-03-14,29630
2026-10-05,2025-03-17,29603
2026-10-05,2025-03-18,29588
2026-10-05,2025-03-19,29608
2026-10-05,2025-03-20,29653
2026-10-05,2025-03-21,29625
2026-10-05,2025-03-25,29552
2026-10-05,2025-03-26,29522
2026-10-05,2025-03-27,29459
2026-10-05,2025-03-28,29364
2026-10-05,2025-03-31,29351
2026-10-05,2025-04-01,29401
2026-10-05,2025-04-03,29298
2026-10-05,2025-04-04,29266
2026-10-05,2025-04-07,29201
2026-10-05,2025-04-08,29119
2026-10-05,2025-04-09,29120
2026-10-05,2025-04-10,29157
2026-10-05,2025-04-11,29045
2026-10-05,2025-04-14,29561
2026-10-05,2025-04-15,29636
2026-10-05,2025-04-16,29941
2026-10-05,2025-04-21,29988
2026-10-05,2025-04-22,30125
2026-10-05,2025-04-23,30108
2026-10-05,2025-04-24,30203
2026-10-05,2025-04-25,30205
2026-10-05,2025-04-28,30182
2026-10-05,2025-04-29,30227
2026-10-05,2025-04-30,30364
2026-10-05,2025-05-05,30307
2026-10-05,2025-05-06,30291
2026-10-05,2025-05-07,30380
2026-10-05,2025-05-08,30422
2026-10-05,2025-05-09,30725
2026-10-05,2025-05-12,30559
2026-10-05,2025-05-13,30598
2026-10-05,2025-05-14,30691
2026-10-05,2025-05-15,30588
2026-10-05,2025-05-16,30604
2026-10-05,2025-05-19,30634
2026-10-05,2025-05-20,30680
2026-10-05,2025-05-21,30648
2026-10-05,2025-05-22,30724
2026-10-05,2025-05-23,30686
2026-10-05,2025-05-26,30645
2026-10-05,2025-05-27,30453
2026-10-05,2025-05-28,30458
2026-10-05,2025-05-29,30391
2026-10-05,2025-05-30,30404
2026-10-05,2025-06-02,30410
2026-10-05,2025-06-03,30286
2026-10-05,2025-06-04,30298
2026-10-05,2025-06-05,30296
2026-10-05,2025-06-06,30266
2026-10-05,2025-06-09,30255
2026-10-05,2025-06-10,30238
2026-10-05,2025-06-11,30237
2026-10-05,2025-06-12,30298
2026-10-05,2025-06-13,30301
2026-10-05,2025-06-17,30335
2026-10-05,2025-06-18,30417
2026-10-05,2025-06-19,30497
2026-10-05,2025-06-23,30462
2026-10-05,2025-06-24,30526
2026-10-05,2025-06-25,30584
2026-10-05,2025-06-26,30616
2026-10-05,2025-06-27,30657
2026-10-05,2025-06-30,30853
2026-10-05,2025-07-01,31002
2026-10-05,2025-07-02,31022
2026-10-05,2025-07-03,31104
2026-10-05,2025-07-04,31220
2026-10-05,2025-07-07,31240
2026-10-05,2025-07-08,31339
2026-10-05,2025-07-10,32170
2026-10-05,2025-07-11,32221
2026-10-05,2025-07-14,32465
2026-10-05,2025-07-15,32638
2026-10-05,2025-07-16,32612
2026-10-05,2025-07-17,32640
2026-10-05,2025-07-18,32770
2026-10-05,2025-07-21,32863
2026-10-05,2025-07-22,32950
2026-10-05,2025-07-23,32921
2026-10-05,2025-07-24,32943
2026-10-05,2025-07-25,32806
2026-10-05,2025-07-28,32692
2026-10-05,2025-07-29,32553
2026-10-05,2025-07-30,32582
2026-10-05,2025-07-31,32591
2026-10-05,2025-08-01,32504
2026-10-05,2025-08-04,32383
2026-10-05,2025-08-05,32087
2026-10-05,2025-08-06,32267
2026-10-05,2025-08-07,32295
2026-10-05,2025-08-08,32279
2026-10-05,2025-08-11,32337
2026-10-05,2025-08-12,32456
2026-10-05,2025-08-13,32444
2026-10-05,2025-08-14,32339
2026-10-05,2025-08-18,32395
2026-10-05,2025-08-19,32424
2026-10-05,2025-08-20,32430
2026-10-05,2025-08-21,32378
2026-10-05,2025-08-22,32321
2026-10-05,2025-08-25,32201
2026-10-05,2025-08-26,32217
2026-10-05,2025-08-27,32268
2026-10-05,2025-08-28,32265
2026-10-05,2025-08-29,32323
2026-10-05,2025-09-01,32266
2026-10-05,2025-09-02,32269
2026-10-05,2025-09-03,32278
2026-10-05,2025-09-04,32332
2026-10-05,2025-09-05,32242
2026-10-05,2025-09-08,32216
2026-10-05,2025-09-09,32271
2026-10-05,2025-09-10,32261
2026-10-05,2025-09-11,32236
2026-10-05,2025-09-12,32355
2026-10-05,2025-09-15,32240
2026-10-05,2025-09-16,32237
2026-10-05,2025-09-17,32272
2026-10-05,2025-09-18,32407
2026-10-05,2025-09-19,32588
2026-10-05,2025-09-22,32544
2026-10-05,2025-09-23,32677
2026-10-05,2025-09-24,32870
2026-10-05,2025-09-25,33228
2026-10-05,2025-09-26,33597
2026-10-05,2025-09-29,33726
2026-10-05,2025-09-30,33949
2026-10-05,2025-10-01,34180
2026-10-05,2025-10-02,34327
2026-10-05,2025-10-03,34443
2026-10-05,2025-10-06,34332
2026-10-05,2025-10-07,34470
2026-10-05,2025-10-08,34447
2026-10-05,2025-10-09,34506
2026-10-05,2025-10-13,34994
2026-10-05,2025-10-14,34949
2026-10-05,2025-10-15,35056
2026-10-05,2025-10-16,35128
2026-10-05,2025-10-17,35075
2026-10-05,2025-10-20,35124
2026-10-05,2025-10-21,35201
2026-10-05,2025-10-22,35260
2026-10-05,2025-10-23,35193
2026-10-05,2025-10-24,35112
2026-10-05,2025-10-27,35227
2026-10-05,2025-10-28,35108
2026-10-05,2025-10-29,35021
2026-10-05,2025-10-30,35047
2026-10-05,2025-10-31,35113
2026-10-05,2025-11-03,35070
2026-10-05,2025-11-04,35022
2026-10-05,2025-11-05,35005
2026-10-05,2025-11-07,34989
2026-10-05,2025-11-10,34988
2026-10-05,2025-11-11,35048
2026-10-05,2025-11-12,35042
2026-10-05,2025-11-13,35079
2026-10-05,2025-11-14,35078
2026-10-05,2025-11-17,35140
2026-10-05,2025-11-18,35401
2026-10-05,2025-11-19,35523
2026-10-05,2025-11-20,35530
2026-10-05,2025-11-25,35589
2026-10-05,2025-11-26,35667
2026-10-05,2025-11-27,35617
2026-10-05,2025-11-28,35740
2026-10-05,2025-12-01,36644
2026-10-05,2025-12-02,36565
2026-10-05,2025-12-03,36479
2026-10-05,2025-12-04,36412
2026-10-05,2025-12-05,36177
2026-10-05,2025-12-09,36195
2026-10-05,2025-12-10,36336
2026-10-05,2025-12-11,36414
2026-10-05,2025-12-12,35978
2026-10-05,2025-12-15,36079
2026-10-05,2025-12-16,36107
2026-10-05,2025-12-17,36160
2026-10-05,2025-12-18,36342
2026-10-05,2025-12-19,36491
2026-10-05,2025-12-22,36572
2026-10-05,2025-12-23,36624
2026-10-05,2025-12-26,36677
2026-10-05,2025-12-29,36656
2026-10-05,2025-12-30,36986
2026-10-05,2026-01-02,37047
2026-10-05,2026-01-05,37065
2026-10-05,2026-01-06,37009
2026-10-05,2026-01-07,37109
2026-10-05,2026-01-08,37139
2026-10-05,2026-01-09,37826
2026-10-05,2026-01-12,37774
2026-10-05,2026-01-13,37667
2026-10-05,2026-01-14,37778
2026-10-05,2026-01-15,37696
2026-10-05,2026-01-16,37903
2026-10-05,2026-01-19,37938
2026-10-05,2026-01-20,37939
2026-10-05,2026-01-21,37991
2026-10-05,2026-01-22,37991
2026-10-05,2026-01-23,38129
2026-10-05,2026-01-26,38086
2026-10-05,2026-01-27,38062
2026-10-05,2026-01-28,37966
2026-10-05,2026-01-29,38014
2026-10-05,2026-01-30,37969
2026-10-05,2026-02-02,37823
2026-10-05,2026-02-03,37980
2026-10-05,2026-02-04,37956
2026-10-05,2026-02-05,37887
2026-10-05,2026-02-06,37810
2026-10-05,2026-02-09,37856
2026-10-05,2026-02-10,37817
2026-10-05,2026-02-11,37929
2026-10-05,2026-02-12,37987
2026-10-05,2026-02-13,38041
2026-10-05,2026-02-18,38090
2026-10-05,2026-02-19,38185
2026-10-05,2026-02-20,38304
2026-10-05,2026-02-23,38373
2026-10-05,2026-02-24,38391
2026-10-05,2026-02-25,38419
2026-10-05,2026-02-26,38467
2026-10-05,2026-02-27,38391
2026-10-05,2026-03-02,39178
2026-10-05,2026-03-03,39081
2026-10-05,2026-03-04,38951
2026-10-05,2026-03-05,38961
2026-10-05,2026-03-06,38889
2026-10-05,2026-03-09,38689
2026-10-05,2026-03-10,38652
2026-10-05,2026-03-11,38629
2026-10-05,2026-03-12,38613
2026-10-05,2026-03-13,38613
2026-10-05,2026-03-16,38576
2026-10-05,2026-03-17,38559
2026-10-05,2026-03-18,38491
2026-10-05,2026-03-19,38419
2026-10-05,2026-03-20,38492
2026-10-05,2026-03-25,38552
2026-10-05,2026-03-26,38626
2026-10-05,2026-03-27,38697
2026-10-05,2026-03-30,38675
2026-10-05,2026-03-31,38479
2026-10-05,2026-04-01,38678
2026-10-05,2026-04-06,38674
2026-10-05,2026-04-07,38783
2026-10-05,2026-04-08,38811
2026-10-05,2026-04-09,38827
2026-10-05,2026-04-10,38877
2026-10-05,2026-04-13,38944
2026-10-05,2026-04-14,39157
2026-10-05,2026-04-15,38890
2026-10-05,2026-04-16,38853
2026-10-05,2026-04-17,38679
2026-10-05,2026-04-20,38774
2026-10-05,2026-04-21,38828
2026-10-05,2026-04-22,38883
2026-10-05,2026-04-23,38955
2026-10-05,2026-04-24,38996
2026-10-05,2026-04-27,38977
2026-10-05,2026-04-28,39051
2026-10-05,2026-04-29,39098
2026-10-05,2026-04-30,38888
2026-10-05,2026-05-04,38868
2026-10-05,2026-05-05,38772
2026-10-05,2026-05-06,38825
2026-10-05,2026-05-07,38886
2026-10-05,2026-05-08,38899
2026-10-05,2026-05-11,38971
2026-10-05,2026-05-12,38900
2026-10-05,2026-05-13,39044
2026-10-05,2026-05-14,39057
2026-10-05,2026-05-15,38815
2026-10-05,2026-05-18,38827
2026-10-05,2026-05-19,38908
2026-10-05,2026-05-20,38950
2026-10-05,2026-05-21,38931
2026-10-05,2026-05-22,39196
2026-10-05,2026-05-26,39145
2026-10-05,2026-05-27,39108
2026-10-05,2026-05-28,39120
2026-10-05,2026-05-29,38844
2026-10-05,2026-06-01,39790
2026-10-05,2026-06-02,39644
2026-10-05,2026-06-03,39643
2026-10-05,2026-06-04,39504
2026-10-05,2026-06-05,39389
2026-10-05,2026-06-08,39297
2026-10-05,2026-06-09,39331
2026-10-05,2026-06-10,39365
2026-10-05,2026-06-11,39405
2026-10-05,2026-06-12,39240
2026-10-05,2026-06-16,39206
2026-10-05,2026-06-17,39259
2026-10-05,2026-06-18,39206
2026-10-05,2026-06-19,39288
2026-10-05,2026-06-22,39345
2026-10-05,2026-06-23,39442
2026-10-05,2026-06-24,39558
2026-10-05,2026-06-25,39549
2026-10-05,2026-06-26,39451
2026-10-05,2026-06-29,39432
2026-10-05,2026-06-30,39336
2026-10-05,2026-07-01,39495
2026-10-05,2026-07-02,39666
2026-10-05,2026-07-03,39796
2026-10-05,2026-07-06,39764
2026-10-05,2026-07-07,39826
2026-10-05,2026-07-08,39815
2026-10-05,2026-07-13,40460
2026-10-05,2026-07-14,40457
2026-10-05,2026-07-15,40524
2026-10-05,2026-07-16,40484
2026-10-05,2026-07-17,40231
2026-10-05,2026-07-20,40313
2026-10-05,2026-07-21,40413
2026-10-05,2026-07-22,40352
2026-10-05,2026-07-23,40410
2026-10-05,2026-07-24,40358
2026-10-05,2026-07-27,40449
2026-10-05,2026-07-28,40535
2026-10-05,2026-07-29,40550
2026-10-05,2026-07-30,40419
2026-10-05,2026-07-31,40269
2026-10-05,2026-08-03,40265
2026-10-05,2026-08-04,40318
2026-10-05,2026-08-05,40407
2026-10-05,2026-08-06,40373
2026-10-05,2026-08-07,40371
2026-10-05,2026-08-10,40329
2026-10-05,2026-08-11,40373
2026-10-05,2026-08-12,40427
2026-10-05,2026-08-13,40504
2026-10-05,2026-08-14,40579
2026-10-05,2026-08-18,40654
2026-10-05,2026-08-19,40694
2026-10-05,2026-08-20,40661
2026-10-05,2026-08-21,40793
2026-10-05,2026-08-24,40838
2026-10-05,2026-08-25,40883
2026-10-05,2026-08-26,40865
2026-10-05,2026-08-27,40847
2026-10-05,2026-08-28,40905
2026-10-05,2026-08-31,40887
2026-10-05,2026-09-01,41034
2026-10-05,2026-09-02,41069
2026-10-05,2026-09-03,41098
2026-10-05,2026-09-04,41167
2026-10-05,2026-09-07,41277
2026-10-05,2026-09-08,41339
2026-10-05,2026-09-09,41364
2026-10-05,2026-09-10,41434
2026-10-05,2026-09-11,41511
2026-10-05,2026-09-14,41507
2026-10-05,2026-09-15,41524
2026-10-05,2026-09-16,41542
2026-10-05,2026-09-17,41552
2026-10-05,2026-09-18,41645
2026-10-05,2026-09-21,41741
2026-10-05,2026-09-22,41761
2026-10-05,2026-09-23,41697
2026-10-05,2026-09-24,41785
2026-10-05,2026-09-25,41799
2026-10-05,2026-09-28,41729
2026-10-05,2026-09-29,41817
2026-10-05,2026-09-30,41910
