vintage,date,value
2026-10-08,1997-01-01,88.85092606
2026-10-08,1997-01-02,88.86779826
2026-10-08,1997-01-03,87.94520092
2026-10-08,1997-01-04,87.94065726
2026-10-08,1997-01-05,87.93611384
2026-10-08,1997-01-06,87.53176155
2026-10-08,1997-01-07,87.66889575
2026-10-08,1997-01-08,87.24187695
2026-10-08,1997-01-09,87.06778459
2026-10-08,1997-01-10,86.75302548
2026-10-08,1997-01-11,86.74854342
2026-10-08,1997-01-12,86.74406159
2026-10-08,1997-01-13,86.45189365
2026-10-08,1997-01-14,86.17866541
2026-10-08,1997-01-15,86.40019062
2026-10-08,1997-01-16,86.259153
2026-10-08,1997-01-17,85.33778844
2026-10-08,1997-01-18,85.3333795
2026-10-08,1997-01-19,85.32897079
2026-10-08,1997-01-20,84.67893226
2026-10-08,1997-01-21,84.59454409
2026-10-08,1997-01-22,83.73199766
2026-10-08,1997-01-23,83.66747204
2026-10-08,1997-01-24,84.29650963
2026-10-08,1997-01-25,84.29215448
2026-10-08,1997-01-26,84.28779956
2026-10-08,1997-01-27,83.7817035
2026-10-08,1997-01-28,82.96681568
2026-10-08,1997-01-29,83.25544178
2026-10-08,1997-01-30,83.47616772
2026-10-08,1997-01-31,83.52779923
2026-10-08,1997-02-01,83.52296781
2026-10-08,1997-02-02,83.51813666
2026-10-08,1997-02-03,83.09363594
2026-10-08,1997-02-04,83.183923
2026-10-08,1997-02-05,82.9043483
2026-10-08,1997-02-06,82.85918617
2026-10-08,1997-02-07,81.87423628
2026-10-08,1997-02-08,81.8695005
2026-10-08,1997-02-09,81.86476499
2026-10-08,1997-02-10,82.55568014
2026-10-08,1997-02-11,81.84280821
2026-10-08,1997-02-12,81.26970793
2026-10-08,1997-02-13,81.01860075
2026-10-08,1997-02-14,81.03933399
2026-10-08,1997-02-15,81.0346465
2026-10-08,1997-02-16,81.02995928
2026-10-08,1997-02-17,80.38722657
2026-10-08,1997-02-18,80.60282341
2026-10-08,1997-02-19,80.43356885
2026-10-08,1997-02-20,80.72509032
2026-10-08,1997-02-21,81.06210667
2026-10-08,1997-02-22,81.05741786
2026-10-08,1997-02-23,81.05272932
2026-10-08,1997-02-24,81.65289844
2026-10-08,1997-02-25,81.32138459
2026-10-08,1997-02-26,80.69147206
2026-10-08,1997-02-27,80.65225091
2026-10-08,1997-02-28,80.58509433
2026-10-08,1997-03-01,80.60153774
2026-10-08,1997-03-02,80.6179845
2026-10-08,1997-03-03,80.37323508
2026-10-08,1997-03-04,79.7552488
2026-10-08,1997-03-05,79.69131843
2026-10-08,1997-03-06,79.44887704
2026-10-08,1997-03-07,79.47142387
2026-10-08,1997-03-08,79.48764003
2026-10-08,1997-03-09,79.5038595
2026-10-08,1997-03-10,80.15914244
2026-10-08,1997-03-11,80.04867532
2026-10-08,1997-03-12,80.21396058
2026-10-08,1997-03-13,80.29210631
2026-10-08,1997-03-14,80.35004457
2026-10-08,1997-03-15,80.36644001
2026-10-08,1997-03-16,80.3828388
2026-10-08,1997-03-17,80.7334371
2026-10-08,1997-03-18,81.23956
2026-10-08,1997-03-19,81.18446338
2026-10-08,1997-03-20,80.94455731
2026-10-08,1997-03-21,81.13661317
2026-10-08,1997-03-22,81.15316911
2026-10-08,1997-03-23,81.16972843
2026-10-08,1997-03-24,80.97785393
2026-10-08,1997-03-25,80.88213083
2026-10-08,1997-03-26,80.92106385
2026-10-08,1997-03-27,81.63353316
2026-10-08,1997-03-28,81.7130269
2026-10-08,1997-03-29,81.72970046
2026-10-08,1997-03-30,81.74637742
2026-10-08,1997-03-31,82.07312521
2026-10-08,1997-04-01,82.09546034
2026-10-08,1997-04-02,82.13222893
2026-10-08,1997-04-03,82.26539652
2026-10-08,1997-04-04,81.99828457
2026-10-08,1997-04-05,82.00619914
2026-10-08,1997-04-06,82.01411448
2026-10-08,1997-04-07,80.43860821
2026-10-08,1997-04-08,80.38555229
2026-10-08,1997-04-09,79.99743851
2026-10-08,1997-04-10,80.07909598
2026-10-08,1997-04-11,79.86813084
2026-10-08,1997-04-12,79.8758398
2026-10-08,1997-04-13,79.88354951
2026-10-08,1997-04-14,79.97406487
2026-10-08,1997-04-15,79.47667025
2026-10-08,1997-04-16,79.69269188
2026-10-08,1997-04-17,79.79908576
2026-10-08,1997-04-18,80.19127175
2026-10-08,1997-04-19,80.19901191
2026-10-08,1997-04-20,80.20675281
2026-10-08,1997-04-21,80.68797001
2026-10-08,1997-04-22,80.2579706
2026-10-08,1997-04-23,80.25838389
2026-10-08,1997-04-24,80.06223301
2026-10-08,1997-04-25,79.73751669
2026-10-08,1997-04-26,79.74521305
2026-10-08,1997-04-27,79.75291015
2026-10-08,1997-04-28,79.65217868
2026-10-08,1997-04-29,79.79455718
2026-10-08,1997-04-30,79.51981629
2026-10-08,1997-05-01,80.03346561
2026-10-08,1997-05-02,79.6262973
2026-10-08,1997-05-03,79.63588145
2026-10-08,1997-05-04,79.64546676
2026-10-08,1997-05-05,79.51823062
2026-10-08,1997-05-06,79.89163911
2026-10-08,1997-05-07,80.11680878
2026-10-08,1997-05-08,80.65527279
2026-10-08,1997-05-09,81.29653682
2026-10-08,1997-05-10,81.30632201
2026-10-08,1997-05-11,81.31610838
2026-10-08,1997-05-12,80.99666022
2026-10-08,1997-05-13,81.22781487
2026-10-08,1997-05-14,81.15710108
2026-10-08,1997-05-15,81.24643292
2026-10-08,1997-05-16,81.46195017
2026-10-08,1997-05-17,81.47175527
2026-10-08,1997-05-18,81.48156155
2026-10-08,1997-05-19,81.00716543
2026-10-08,1997-05-20,81.53322762
2026-10-08,1997-05-21,81.52135507
2026-10-08,1997-05-22,81.61043465
2026-10-08,1997-05-23,81.70631504
2026-10-08,1997-05-24,81.71614955
2026-10-08,1997-05-25,81.72598525
2026-10-08,1997-05-26,81.71688602
2026-10-08,1997-05-27,81.21213744
2026-10-08,1997-05-28,81.26774982
2026-10-08,1997-05-29,81.25226479
2026-10-08,1997-05-30,80.8858013
2026-10-08,1997-05-31,80.89553706
2026-10-08,1997-06-01,80.89052153
2026-10-08,1997-06-02,80.09153929
2026-10-08,1997-06-03,80.10384482
2026-10-08,1997-06-04,79.98267595
2026-10-08,1997-06-05,79.97409136
2026-10-08,1997-06-06,79.91298059
2026-10-08,1997-06-07,79.90802599
2026-10-08,1997-06-08,79.90307169
2026-10-08,1997-06-09,80.77357567
2026-10-08,1997-06-10,80.34266145
2026-10-08,1997-06-11,80.51374069
2026-10-08,1997-06-12,80.17017304
2026-10-08,1997-06-13,79.56651603
2026-10-08,1997-06-14,79.56158291
2026-10-08,1997-06-15,79.55665009
2026-10-08,1997-06-16,79.94040382
2026-10-08,1997-06-17,79.78169419
2026-10-08,1997-06-18,80.07027774
2026-10-08,1997-06-19,80.18642441
2026-10-08,1997-06-20,79.85721033
2026-10-08,1997-06-21,79.85225918
2026-10-08,1997-06-22,79.84730834
2026-10-08,1997-06-23,80.28341552
2026-10-08,1997-06-24,80.20444271
2026-10-08,1997-06-25,80.25243712
2026-10-08,1997-06-26,79.98424754
2026-10-08,1997-06-27,79.62503398
2026-10-08,1997-06-28,79.62009722
2026-10-08,1997-06-29,79.61516078
2026-10-08,1997-06-30,79.3931295
2026-10-08,1997-07-01,79.52865796
2026-10-08,1997-07-02,79.03546278
2026-10-08,1997-07-03,79.12797101
2026-10-08,1997-07-04,78.90479249
2026-10-08,1997-07-05,78.90054499
2026-10-08,1997-07-06,78.89629772
2026-10-08,1997-07-07,79.28459705
2026-10-08,1997-07-08,78.71058537
2026-10-08,1997-07-09,78.46868137
2026-10-08,1997-07-10,78.90317465
2026-10-08,1997-07-11,78.22749923
2026-10-08,1997-07-12,78.22328819
2026-10-08,1997-07-13,78.21907738
2026-10-08,1997-07-14,77.28838843
2026-10-08,1997-07-15,76.87407982
2026-10-08,1997-07-16,76.99269006
2026-10-08,1997-07-17,77.18354938
2026-10-08,1997-07-18,77.21156602
2026-10-08,1997-07-19,77.20740967
2026-10-08,1997-07-20,77.20325355
2026-10-08,1997-07-21,76.99470635
2026-10-08,1997-07-22,76.35734142
2026-10-08,1997-07-23,75.72956038
2026-10-08,1997-07-24,75.57177189
2026-10-08,1997-07-25,75.26538127
2026-10-08,1997-07-26,75.26132968
2026-10-08,1997-07-27,75.25727831
2026-10-08,1997-07-28,74.96055033
2026-10-08,1997-07-29,75.51899078
2026-10-08,1997-07-30,75.20490211
2026-10-08,1997-07-31,75.2040699
2026-10-08,1997-08-01,74.38649703
2026-10-08,1997-08-02,74.3865153
2026-10-08,1997-08-03,74.38653358
2026-10-08,1997-08-04,74.05449001
2026-10-08,1997-08-05,73.45592232
2026-10-08,1997-08-06,73.58581215
2026-10-08,1997-08-07,73.68372883
2026-10-08,1997-08-08,74.53560473
2026-10-08,1997-08-09,74.53562304
2026-10-08,1997-08-10,74.53564135
2026-10-08,1997-08-11,74.48829985
2026-10-08,1997-08-12,74.14909599
2026-10-08,1997-08-13,75.35416441
2026-10-08,1997-08-14,74.77580476
2026-10-08,1997-08-15,75.92028515
2026-10-08,1997-08-16,75.9203038
2026-10-08,1997-08-17,75.92032246
2026-10-08,1997-08-18,75.75517246
2026-10-08,1997-08-19,75.20120481
2026-10-08,1997-08-20,74.434075
2026-10-08,1997-08-21,74.97679395
2026-10-08,1997-08-22,75.97535861
2026-10-08,1997-08-23,75.97537727
2026-10-08,1997-08-24,75.97539594
2026-10-08,1997-08-25,75.89262057
2026-10-08,1997-08-26,76.67609514
2026-10-08,1997-08-27,76.26128451
2026-10-08,1997-08-28,76.85710119
2026-10-08,1997-08-29,76.67865927
2026-10-08,1997-08-30,76.6786781
2026-10-08,1997-08-31,76.67869694
2026-10-08,1997-09-01,76.28936023
2026-10-08,1997-09-02,75.43192769
2026-10-08,1997-09-03,75.98013807
2026-10-08,1997-09-04,76.03012162
2026-10-08,1997-09-05,76.50289326
2026-10-08,1997-09-06,76.50692003
2026-10-08,1997-09-07,76.51094701
2026-10-08,1997-09-08,76.39452658
2026-10-08,1997-09-09,76.37367347
2026-10-08,1997-09-10,76.74332823
2026-10-08,1997-09-11,77.20197729
2026-10-08,1997-09-12,78.0978485
2026-10-08,1997-09-13,78.10195922
2026-10-08,1997-09-14,78.10607016
2026-10-08,1997-09-15,78.46453503
2026-10-08,1997-09-16,78.22974235
2026-10-08,1997-09-17,78.20257516
2026-10-08,1997-09-18,78.12598363
2026-10-08,1997-09-19,78.11449339
2026-10-08,1997-09-20,78.11860498
2026-10-08,1997-09-21,78.12271679
2026-10-08,1997-09-22,77.15190186
2026-10-08,1997-09-23,77.06899367
2026-10-08,1997-09-24,78.08047966
2026-10-08,1997-09-25,78.26593938
2026-10-08,1997-09-26,78.41208773
2026-10-08,1997-09-27,78.41621499
2026-10-08,1997-09-28,78.42034247
2026-10-08,1997-09-29,78.60824265
2026-10-08,1997-09-30,78.31612877
2026-10-08,1997-10-01,77.86445079
2026-10-08,1997-10-02,78.22161356
2026-10-08,1997-10-03,78.43943357
2026-10-08,1997-10-04,78.44479223
2026-10-08,1997-10-05,78.45015126
2026-10-08,1997-10-06,78.44765131
2026-10-08,1997-10-07,78.79065218
2026-10-08,1997-10-08,78.85068391
2026-10-08,1997-10-09,79.43274556
2026-10-08,1997-10-10,78.96392231
2026-10-08,1997-10-11,78.9693168
2026-10-08,1997-10-12,78.97471166
2026-10-08,1997-10-13,78.99868878
2026-10-08,1997-10-14,78.83715135
2026-10-08,1997-10-15,79.09810026
2026-10-08,1997-10-16,79.38665244
2026-10-08,1997-10-17,78.33398506
2026-10-08,1997-10-18,78.33933652
2026-10-08,1997-10-19,78.34468834
2026-10-08,1997-10-20,78.25530676
2026-10-08,1997-10-21,77.69698791
2026-10-08,1997-10-22,77.82743275
2026-10-08,1997-10-23,78.136134
2026-10-08,1997-10-24,78.00240558
2026-10-08,1997-10-25,78.00773439
2026-10-08,1997-10-26,78.01306356
2026-10-08,1997-10-27,78.7953195
2026-10-08,1997-10-28,80.27127613
2026-10-08,1997-10-29,79.58618575
2026-10-08,1997-10-30,80.38829124
2026-10-08,1997-10-31,80.5249087
2026-10-08,1997-11-01,80.5337856
2026-10-08,1997-11-02,80.54266347
2026-10-08,1997-11-03,79.90084539
2026-10-08,1997-11-04,80.57880362
2026-10-08,1997-11-05,80.49401829
2026-10-08,1997-11-06,80.60116797
2026-10-08,1997-11-07,81.30390398
2026-10-08,1997-11-08,81.31286675
2026-10-08,1997-11-09,81.32183051
2026-10-08,1997-11-10,81.0751642
2026-10-08,1997-11-11,81.09991705
2026-10-08,1997-11-12,80.54422162
2026-10-08,1997-11-13,80.57146054
2026-10-08,1997-11-14,80.2410858
2026-10-08,1997-11-15,80.24993141
2026-10-08,1997-11-16,80.25877799
2026-10-08,1997-11-17,80.13213205
2026-10-08,1997-11-18,80.51311613
2026-10-08,1997-11-19,80.18704624
2026-10-08,1997-11-20,80.22680251
2026-10-08,1997-11-21,79.48490471
2026-10-08,1997-11-22,79.49366696
2026-10-08,1997-11-23,79.50243017
2026-10-08,1997-11-24,80.08239546
2026-10-08,1997-11-25,79.70797747
2026-10-08,1997-11-26,79.01043237
2026-10-08,1997-11-27,78.81860175
2026-10-08,1997-11-28,78.83255547
2026-10-08,1997-11-29,78.8412458
2026-10-08,1997-11-30,78.8499371
2026-10-08,1997-12-01,78.25516361
2026-10-08,1997-12-02,78.37225579
2026-10-08,1997-12-03,78.63697357
2026-10-08,1997-12-04,78.52819849
2026-10-08,1997-12-05,78.01976013
2026-10-08,1997-12-06,78.01823439
2026-10-08,1997-12-07,78.01670868
2026-10-08,1997-12-08,78.015183
2026-10-08,1997-12-09,77.50481323
2026-10-08,1997-12-10,78.00611671
2026-10-08,1997-12-11,78.40791435
2026-10-08,1997-12-12,78.39596526
2026-10-08,1997-12-13,78.39443216
2026-10-08,1997-12-14,78.39289909
2026-10-08,1997-12-15,78.47824362
2026-10-08,1997-12-16,77.87087777
2026-10-08,1997-12-17,78.42997565
2026-10-08,1997-12-18,78.37548782
2026-10-08,1997-12-19,78.50342561
2026-10-08,1997-12-20,78.50189041
2026-10-08,1997-12-21,78.50035524
2026-10-08,1997-12-22,78.04799075
2026-10-08,1997-12-23,78.34961287
2026-10-08,1997-12-24,78.3446128
2026-10-08,1997-12-25,78.3430807
2026-10-08,1997-12-26,78.36409447
2026-10-08,1997-12-27,78.36256199
2026-10-08,1997-12-28,78.36102955
2026-10-08,1997-12-29,77.85536417
2026-10-08,1997-12-30,77.5332344
2026-10-08,1997-12-31,77.53171817
2026-10-08,1998-01-01,77.51399346
2026-10-08,1998-01-02,76.94847685
2026-10-08,1998-01-03,76.93088548
2026-10-08,1998-01-04,76.91329812
2026-10-08,1998-01-05,76.293366
2026-10-08,1998-01-06,76.05436142
2026-10-08,1998-01-07,75.91772895
2026-10-08,1998-01-08,76.2533944
2026-10-08,1998-01-09,76.08816372
2026-10-08,1998-01-10,76.07076902
2026-10-08,1998-01-11,76.05337831
2026-10-08,1998-01-12,76.10156386
2026-10-08,1998-01-13,75.96297385
2026-10-08,1998-01-14,75.86722074
2026-10-08,1998-01-15,75.54205547
2026-10-08,1998-01-16,75.65359009
2026-10-08,1998-01-17,75.63629475
2026-10-08,1998-01-18,75.61900335
2026-10-08,1998-01-19,75.23052593
2026-10-08,1998-01-20,75.21332731
2026-10-08,1998-01-21,75.19613261
2026-10-08,1998-01-22,75.17894184
2026-10-08,1998-01-23,75.16175501
2026-10-08,1998-01-24,75.1445721
2026-10-08,1998-01-25,75.12739312
2026-10-08,1998-01-26,75.11021807
2026-10-08,1998-01-27,77.00228276
2026-10-08,1998-01-28,76.98467908
2026-10-08,1998-01-29,76.96707943
2026-10-08,1998-01-30,76.94948381
2026-10-08,1998-01-31,76.9318922
2026-10-08,1998-02-01,76.92947731
2026-10-08,1998-02-02,75.53730245
2026-10-08,1998-02-03,75.67155782
2026-10-08,1998-02-04,76.12405816
2026-10-08,1998-02-05,76.93918655
2026-10-08,1998-02-06,76.72593972
2026-10-08,1998-02-07,76.72353129
2026-10-08,1998-02-08,76.72112294
2026-10-08,1998-02-09,75.84594188
2026-10-08,1998-02-10,76.0479447
2026-10-08,1998-02-11,75.5809474
2026-10-08,1998-02-12,76.03082781
2026-10-08,1998-02-13,75.40587256
2026-10-08,1998-02-14,75.40350557
2026-10-08,1998-02-15,75.40113865
2026-10-08,1998-02-16,75.64149872
2026-10-08,1998-02-17,75.38346061
2026-10-08,1998-02-18,75.62616484
2026-10-08,1998-02-19,75.43052923
2026-10-08,1998-02-20,75.51573474
2026-10-08,1998-02-21,75.5133643
2026-10-08,1998-02-22,75.51099393
2026-10-08,1998-02-23,76.45962215
2026-10-08,1998-02-24,76.32926576
2026-10-08,1998-02-25,75.90863358
2026-10-08,1998-02-26,75.86771264
2026-10-08,1998-02-27,75.75485719
2026-10-08,1998-02-28,75.75247924
2026-10-08,1998-03-01,75.75888934
2026-10-08,1998-03-02,75.94387967
2026-10-08,1998-03-03,76.06544449
2026-10-08,1998-03-04,75.68179408
2026-10-08,1998-03-05,75.26978944
2026-10-08,1998-03-06,75.15699225
2026-10-08,1998-03-07,75.16335196
2026-10-08,1998-03-08,75.16971221
2026-10-08,1998-03-09,75.37198049
2026-10-08,1998-03-10,75.1944989
2026-10-08,1998-03-11,74.98267204
2026-10-08,1998-03-12,75.33940668
2026-10-08,1998-03-13,75.81295557
2026-10-08,1998-03-14,75.81937079
2026-10-08,1998-03-15,75.82578655
2026-10-08,1998-03-16,75.66086936
2026-10-08,1998-03-17,75.95410374
2026-10-08,1998-03-18,75.44720149
2026-10-08,1998-03-19,75.40343813
2026-10-08,1998-03-20,75.16326815
2026-10-08,1998-03-21,75.1696284
2026-10-08,1998-03-22,75.17598918
2026-10-08,1998-03-23,75.40390632
2026-10-08,1998-03-24,75.3658676
2026-10-08,1998-03-25,75.46599859
2026-10-08,1998-03-26,75.61021578
2026-10-08,1998-03-27,75.40276733
2026-10-08,1998-03-28,75.40914784
2026-10-08,1998-03-29,75.41552889
2026-10-08,1998-03-30,74.75564343
2026-10-08,1998-03-31,74.57747143
2026-10-08,1998-04-01,74.57460648
2026-10-08,1998-04-02,74.60255122
2026-10-08,1998-04-03,74.6661169
2026-10-08,1998-04-04,74.67194723
2026-10-08,1998-04-05,74.67777803
2026-10-08,1998-04-06,74.86218136
2026-10-08,1998-04-07,75.02349381
2026-10-08,1998-04-08,75.59202993
2026-10-08,1998-04-09,75.59793257
2026-10-08,1998-04-10,75.60383567
2026-10-08,1998-04-11,75.60973923
2026-10-08,1998-04-12,75.61564325
2026-10-08,1998-04-13,75.70602021
2026-10-08,1998-04-14,76.49327178
2026-10-08,1998-04-15,76.75912899
2026-10-08,1998-04-16,76.34366979
2026-10-08,1998-04-17,76.36286171
2026-10-08,1998-04-18,76.36882454
2026-10-08,1998-04-19,76.37478784
2026-10-08,1998-04-20,76.58313525
2026-10-08,1998-04-21,77.09478109
2026-10-08,1998-04-22,77.04521715
2026-10-08,1998-04-23,76.75193517
2026-10-08,1998-04-24,76.9144252
2026-10-08,1998-04-25,76.9204311
2026-10-08,1998-04-26,76.92643747
2026-10-08,1998-04-27,77.17561915
2026-10-08,1998-04-28,76.95523226
2026-10-08,1998-04-29,77.01415241
2026-10-08,1998-04-30,76.99495931
2026-10-08,1998-05-01,77.00182461
2026-10-08,1998-05-02,77.00869052
2026-10-08,1998-05-03,77.01555704
2026-10-08,1998-05-04,77.58015905
2026-10-08,1998-05-05,77.9924346
2026-10-08,1998-05-06,78.33510826
2026-10-08,1998-05-07,78.40210398
2026-10-08,1998-05-08,78.17563619
2026-10-08,1998-05-09,78.18260677
2026-10-08,1998-05-10,78.18957797
2026-10-08,1998-05-11,77.8681703
2026-10-08,1998-05-12,77.95588162
2026-10-08,1998-05-13,77.83058596
2026-10-08,1998-05-14,77.82638162
2026-10-08,1998-05-15,77.6878702
2026-10-08,1998-05-16,77.69479728
2026-10-08,1998-05-17,77.70172498
2026-10-08,1998-05-18,77.35237491
2026-10-08,1998-05-19,77.58339112
2026-10-08,1998-05-20,78.20565545
2026-10-08,1998-05-21,78.7702448
2026-10-08,1998-05-22,78.78780059
2026-10-08,1998-05-23,78.79482575
2026-10-08,1998-05-24,78.80185153
2026-10-08,1998-05-25,78.80887794
2026-10-08,1998-05-26,78.16882361
2026-10-08,1998-05-27,77.78386172
2026-10-08,1998-05-28,77.93818197
2026-10-08,1998-05-29,77.72680487
2026-10-08,1998-05-30,77.73373542
2026-10-08,1998-05-31,77.7406666
2026-10-08,1998-06-01,77.85429363
2026-10-08,1998-06-02,77.79085093
2026-10-08,1998-06-03,78.22154035
2026-10-08,1998-06-04,78.58019804
2026-10-08,1998-06-05,78.16949835
2026-10-08,1998-06-06,78.16594561
2026-10-08,1998-06-07,78.16239303
2026-10-08,1998-06-08,78.15884061
2026-10-08,1998-06-09,77.8611093
2026-10-08,1998-06-10,77.11998237
2026-10-08,1998-06-11,76.8058344
2026-10-08,1998-06-12,76.78733634
2026-10-08,1998-06-13,76.78384642
2026-10-08,1998-06-14,76.78035666
2026-10-08,1998-06-15,76.77686705
2026-10-08,1998-06-16,77.0451995
2026-10-08,1998-06-17,77.40853096
2026-10-08,1998-06-18,77.39569395
2026-10-08,1998-06-19,77.68124184
2026-10-08,1998-06-20,77.67771129
2026-10-08,1998-06-21,77.6741809
2026-10-08,1998-06-22,77.18226799
2026-10-08,1998-06-23,76.90841995
2026-10-08,1998-06-24,76.86896811
2026-10-08,1998-06-25,77.10693143
2026-10-08,1998-06-26,76.52168126
2026-10-08,1998-06-27,76.51820341
2026-10-08,1998-06-28,76.51472572
2026-10-08,1998-06-29,76.36080634
2026-10-08,1998-06-30,76.72287624
2026-10-08,1998-07-01,76.13217242
2026-10-08,1998-07-02,75.97521185
2026-10-08,1998-07-03,76.10469985
2026-10-08,1998-07-04,76.09670514
2026-10-08,1998-07-05,76.08871128
2026-10-08,1998-07-06,76.08071825
2026-10-08,1998-07-07,76.32924243
2026-10-08,1998-07-08,76.09506159
2026-10-08,1998-07-09,76.08706789
2026-10-08,1998-07-10,76.04629717
2026-10-08,1998-07-11,76.0383086
2026-10-08,1998-07-12,76.03032086
2026-10-08,1998-07-13,76.65478008
2026-10-08,1998-07-14,76.8177563
2026-10-08,1998-07-15,76.64866533
2026-10-08,1998-07-16,77.12229273
2026-10-08,1998-07-17,77.26959347
2026-10-08,1998-07-18,77.26147639
2026-10-08,1998-07-19,77.25336017
2026-10-08,1998-07-20,77.66031774
2026-10-08,1998-07-21,77.2574378
2026-10-08,1998-07-22,77.11584074
2026-10-08,1998-07-23,77.01845672
2026-10-08,1998-07-24,77.59778494
2026-10-08,1998-07-25,77.58963339
2026-10-08,1998-07-26,77.58148269
2026-10-08,1998-07-27,77.44121261
2026-10-08,1998-07-28,77.72859426
2026-10-08,1998-07-29,77.78735315
2026-10-08,1998-07-30,77.74656662
2026-10-08,1998-07-31,77.56464696
2026-10-08,1998-08-01,77.56516334
2026-10-08,1998-08-02,77.56567971
2026-10-08,1998-08-03,77.29556291
2026-10-08,1998-08-04,77.34954374
2026-10-08,1998-08-05,77.85181005
2026-10-08,1998-08-06,78.02390989
2026-10-08,1998-08-07,77.82446614
2026-10-08,1998-08-08,77.82498424
2026-10-08,1998-08-09,77.82550235
2026-10-08,1998-08-10,77.52115956
2026-10-08,1998-08-11,77.45349551
2026-10-08,1998-08-12,77.73517419
2026-10-08,1998-08-13,77.31343302
2026-10-08,1998-08-14,76.78394997
2026-10-08,1998-08-15,76.78446115
2026-10-08,1998-08-16,76.78497233
2026-10-08,1998-08-17,76.78548352
2026-10-08,1998-08-18,76.76842488
2026-10-08,1998-08-19,76.63116568
2026-10-08,1998-08-20,76.66920074
2026-10-08,1998-08-21,76.54726485
2026-10-08,1998-08-22,76.54777445
2026-10-08,1998-08-23,76.54828406
2026-10-08,1998-08-24,76.80915236
2026-10-08,1998-08-25,76.68176602
2026-10-08,1998-08-26,76.3193061
2026-10-08,1998-08-27,76.29997927
2026-10-08,1998-08-28,77.59961226
2026-10-08,1998-08-29,77.60012887
2026-10-08,1998-08-30,77.60064548
2026-10-08,1998-08-31,78.20058508
2026-10-08,1998-09-01,78.83412631
2026-10-08,1998-09-02,78.79279078
2026-10-08,1998-09-03,79.97970026
2026-10-08,1998-09-04,79.50780592
2026-10-08,1998-09-05,79.50790399
2026-10-08,1998-09-06,79.50800207
2026-10-08,1998-09-07,79.9501476
2026-10-08,1998-09-08,79.77012917
2026-10-08,1998-09-09,79.9621396
2026-10-08,1998-09-10,81.49842623
2026-10-08,1998-09-11,81.67423325
2026-10-08,1998-09-12,81.67433399
2026-10-08,1998-09-13,81.67443474
2026-10-08,1998-09-14,80.97993633
2026-10-08,1998-09-15,81.74854564
2026-10-08,1998-09-16,81.50657116
2026-10-08,1998-09-17,82.01516935
2026-10-08,1998-09-18,81.51808751
2026-10-08,1998-09-19,81.51818807
2026-10-08,1998-09-20,81.51828862
2026-10-08,1998-09-21,81.96119715
2026-10-08,1998-09-22,81.82234531
2026-10-08,1998-09-23,81.72280511
2026-10-08,1998-09-24,82.12867719
2026-10-08,1998-09-25,82.51250391
2026-10-08,1998-09-26,82.51260568
2026-10-08,1998-09-27,82.51270746
2026-10-08,1998-09-28,82.04302029
2026-10-08,1998-09-29,82.16653345
2026-10-08,1998-09-30,82.48500202
2026-10-08,1998-10-01,83.55922202
2026-10-08,1998-10-02,84.2567054
2026-10-08,1998-10-03,84.26592928
2026-10-08,1998-10-04,84.27515417
2026-10-08,1998-10-05,84.3973821
2026-10-08,1998-10-06,84.18692532
2026-10-08,1998-10-07,85.50700047
2026-10-08,1998-10-08,85.79307617
2026-10-08,1998-10-09,84.4687245
2026-10-08,1998-10-10,84.47797159
2026-10-08,1998-10-11,84.48721969
2026-10-08,1998-10-12,84.4964688
2026-10-08,1998-10-13,84.29675126
2026-10-08,1998-10-14,83.9679411
2026-10-08,1998-10-15,84.99856844
2026-10-08,1998-10-16,85.08369749
2026-10-08,1998-10-17,85.0930119
2026-10-08,1998-10-18,85.10232733
2026-10-08,1998-10-19,84.81415071
2026-10-08,1998-10-20,84.14124211
2026-10-08,1998-10-21,83.83381287
2026-10-08,1998-10-22,84.32141836
2026-10-08,1998-10-23,84.51528184
2026-10-08,1998-10-24,84.52453403
2026-10-08,1998-10-25,84.53378722
2026-10-08,1998-10-26,84.05031363
2026-10-08,1998-10-27,83.37329051
2026-10-08,1998-10-28,83.44344961
2026-10-08,1998-10-29,83.79486677
2026-10-08,1998-10-30,83.48044563
2026-10-08,1998-10-31,83.48958452
2026-10-08,1998-11-01,83.49620074
2026-10-08,1998-11-02,83.81258935
2026-10-08,1998-11-03,83.40307087
2026-10-08,1998-11-04,82.89254275
2026-10-08,1998-11-05,83.45762818
2026-10-08,1998-11-06,83.25402428
2026-10-08,1998-11-07,83.26062183
2026-10-08,1998-11-08,83.2672199
2026-10-08,1998-11-09,82.03697824
2026-10-08,1998-11-10,82.19787377
2026-10-08,1998-11-11,82.49186581
2026-10-08,1998-11-12,81.79473086
2026-10-08,1998-11-13,81.95750633
2026-10-08,1998-11-14,81.96400114
2026-10-08,1998-11-15,81.97049646
2026-10-08,1998-11-16,83.08046028
2026-10-08,1998-11-17,82.96728283
2026-10-08,1998-11-18,83.05561488
2026-10-08,1998-11-19,82.44134808
2026-10-08,1998-11-20,82.02482672
2026-10-08,1998-11-21,82.03132686
2026-10-08,1998-11-22,82.03782752
2026-10-08,1998-11-23,81.28173868
2026-10-08,1998-11-24,81.28444894
2026-10-08,1998-11-25,81.28995764
2026-10-08,1998-11-26,81.34306797
2026-10-08,1998-11-27,81.1204025
2026-10-08,1998-11-28,81.12683097
2026-10-08,1998-11-29,81.13325995
2026-10-08,1998-11-30,81.97116948
2026-10-08,1998-12-01,82.6112295
2026-10-08,1998-12-02,82.85254246
2026-10-08,1998-12-03,82.8195044
2026-10-08,1998-12-04,82.72755213
2026-10-08,1998-12-05,82.72936477
2026-10-08,1998-12-06,82.73117745
2026-10-08,1998-12-07,82.73299016
2026-10-08,1998-12-08,82.73480292
2026-10-08,1998-12-09,83.11787703
2026-10-08,1998-12-10,83.53697168
2026-10-08,1998-12-11,83.84411009
2026-10-08,1998-12-12,83.84594719
2026-10-08,1998-12-13,83.84778433
2026-10-08,1998-12-14,83.90916746
2026-10-08,1998-12-15,83.5687745
2026-10-08,1998-12-16,83.19208086
2026-10-08,1998-12-17,83.29163973
2026-10-08,1998-12-18,83.32674804
2026-10-08,1998-12-19,83.32857381
2026-10-08,1998-12-20,83.33039961
2026-10-08,1998-12-21,82.87444707
2026-10-08,1998-12-22,82.76791403
2026-10-08,1998-12-23,82.841285
2026-10-08,1998-12-24,82.54895408
2026-10-08,1998-12-25,82.5507628
2026-10-08,1998-12-26,82.55257156
2026-10-08,1998-12-27,82.55438036
2026-10-08,1998-12-28,82.59561202
2026-10-08,1998-12-29,82.95005539
2026-10-08,1998-12-30,82.96545884
2026-10-08,1998-12-31,82.96727669
2026-10-08,1999-01-01,82.95287351
2026-10-08,1999-01-02,82.93847283
2026-10-08,1999-01-03,82.92407465
2026-10-08,1999-01-04,83.6208672
2026-10-08,1999-01-05,83.16743491
2026-10-08,1999-01-06,82.19038142
2026-10-08,1999-01-07,82.58656907
2026-10-08,1999-01-08,81.72316018
2026-10-08,1999-01-09,81.70897298
2026-10-08,1999-01-10,81.69478824
2026-10-08,1999-01-11,81.64524639
2026-10-08,1999-01-12,81.54622448
2026-10-08,1999-01-13,82.67732032
2026-10-08,1999-01-14,82.556944
2026-10-08,1999-01-15,81.97725169
2026-10-08,1999-01-16,81.96302038
2026-10-08,1999-01-17,81.94879154
2026-10-08,1999-01-18,81.93456517
2026-10-08,1999-01-19,81.99096225
2026-10-08,1999-01-20,81.69429366
2026-10-08,1999-01-21,81.7154097
2026-10-08,1999-01-22,81.73651595
2026-10-08,1999-01-23,81.72232643
2026-10-08,1999-01-24,81.70813937
2026-10-08,1999-01-25,81.69395478
2026-10-08,1999-01-26,81.67977264
2026-10-08,1999-01-27,81.66559297
2026-10-08,1999-01-28,80.41747813
2026-10-08,1999-01-29,80.4035176
2026-10-08,1999-01-30,80.38955949
2026-10-08,1999-01-31,80.3756038
2026-10-08,1999-02-01,79.57589464
2026-10-08,1999-02-02,79.72762407
2026-10-08,1999-02-03,79.84414174
2026-10-08,1999-02-04,79.67864113
2026-10-08,1999-02-05,79.65413756
2026-10-08,1999-02-06,79.66489149
2026-10-08,1999-02-07,79.67564686
2026-10-08,1999-02-08,79.61585352
2026-10-08,1999-02-09,79.78888955
2026-10-08,1999-02-10,79.79966166
2026-10-08,1999-02-11,79.81043523
2026-10-08,1999-02-12,79.58826897
2026-10-08,1999-02-13,79.599014
2026-10-08,1999-02-14,79.60976048
2026-10-08,1999-02-15,79.62050841
2026-10-08,1999-02-16,78.94618178
2026-10-08,1999-02-17,79.25351102
2026-10-08,1999-02-18,79.25008176
2026-10-08,1999-02-19,78.1797596
2026-10-08,1999-02-20,78.19031447
2026-10-08,1999-02-21,78.20087076
2026-10-08,1999-02-22,77.9640358
2026-10-08,1999-02-23,77.8261059
2026-10-08,1999-02-24,77.83661302
2026-10-08,1999-02-25,77.84712156
2026-10-08,1999-02-26,77.7939819
2026-10-08,1999-02-27,77.80448468
2026-10-08,1999-02-28,77.81498888
2026-10-08,1999-03-01,77.20551771
2026-10-08,1999-03-02,77.32475221
2026-10-08,1999-03-03,77.08290103
2026-10-08,1999-03-04,76.86212199
2026-10-08,1999-03-05,76.88920749
2026-10-08,1999-03-06,76.91630252
2026-10-08,1999-03-07,76.94340711
2026-10-08,1999-03-08,77.21881325
2026-10-08,1999-03-09,77.12538297
2026-10-08,1999-03-10,77.72048586
2026-10-08,1999-03-11,77.30047558
2026-10-08,1999-03-12,77.54083741
2026-10-08,1999-03-13,77.56816208
2026-10-08,1999-03-14,77.59549637
2026-10-08,1999-03-15,77.72951392
2026-10-08,1999-03-16,77.82804589
2026-10-08,1999-03-17,78.41056562
2026-10-08,1999-03-18,78.27445757
2026-10-08,1999-03-19,78.30204076
2026-10-08,1999-03-20,78.32963366
2026-10-08,1999-03-21,78.35723629
2026-10-08,1999-03-22,77.72896815
2026-10-08,1999-03-23,77.82054395
2026-10-08,1999-03-24,78.19040692
2026-10-08,1999-03-25,77.56138636
2026-10-08,1999-03-26,76.74629384
2026-10-08,1999-03-27,76.77333851
2026-10-08,1999-03-28,76.80039272
2026-10-08,1999-03-29,76.63449448
2026-10-08,1999-03-30,76.67579827
2026-10-08,1999-03-31,77.23920145
2026-10-08,1999-04-01,77.25075727
2026-10-08,1999-04-02,77.26231482
2026-10-08,1999-04-03,77.27387409
2026-10-08,1999-04-04,77.2854351
2026-10-08,1999-04-05,76.85325581
2026-10-08,1999-04-06,77.53762471
2026-10-08,1999-04-07,77.3201285
2026-10-08,1999-04-08,77.68971354
2026-10-08,1999-04-09,77.31462043
2026-10-08,1999-04-10,77.32618753
2026-10-08,1999-04-11,77.33775636
2026-10-08,1999-04-12,77.63591206
2026-10-08,1999-04-13,77.17459102
2026-10-08,1999-04-14,77.3079723
2026-10-08,1999-04-15,77.30520272
2026-10-08,1999-04-16,76.74325506
2026-10-08,1999-04-17,76.75473668
2026-10-08,1999-04-18,76.76622002
2026-10-08,1999-04-19,76.27565562
2026-10-08,1999-04-20,76.13642992
2026-10-08,1999-04-21,76.21238928
2026-10-08,1999-04-22,76.22379148
2026-10-08,1999-04-23,76.23519538
2026-10-08,1999-04-24,76.24660099
2026-10-08,1999-04-25,76.2580083
2026-10-08,1999-04-26,75.96787204
2026-10-08,1999-04-27,76.53933411
2026-10-08,1999-04-28,76.55078522
2026-10-08,1999-04-29,76.56223804
2026-10-08,1999-04-30,76.01334471
2026-10-08,1999-05-01,76.02710114
2026-10-08,1999-05-02,76.04086006
2026-10-08,1999-05-03,76.03305793
2026-10-08,1999-05-04,76.04681793
2026-10-08,1999-05-05,77.35486143
2026-10-08,1999-05-06,77.57022968
2026-10-08,1999-05-07,77.5339165
2026-10-08,1999-05-08,77.54794812
2026-10-08,1999-05-09,77.56198227
2026-10-08,1999-05-10,77.51124634
2026-10-08,1999-05-11,77.07898166
2026-10-08,1999-05-12,77.53930391
2026-10-08,1999-05-13,77.5533365
2026-10-08,1999-05-14,77.56737164
2026-10-08,1999-05-15,77.58140931
2026-10-08,1999-05-16,77.59544952
2026-10-08,1999-05-17,76.96094498
2026-10-08,1999-05-18,77.62353757
2026-10-08,1999-05-19,77.63758541
2026-10-08,1999-05-20,76.64223662
2026-10-08,1999-05-21,76.65610687
2026-10-08,1999-05-22,76.66997962
2026-10-08,1999-05-23,76.68385489
2026-10-08,1999-05-24,76.69773267
2026-10-08,1999-05-25,76.71161296
2026-10-08,1999-05-26,76.72549576
2026-10-08,1999-05-27,76.73938108
2026-10-08,1999-05-28,77.76413039
2026-10-08,1999-05-29,77.77820368
2026-10-08,1999-05-30,77.7922795
2026-10-08,1999-05-31,77.80635788
2026-10-08,1999-06-01,75.53772241
2026-10-08,1999-06-02,74.91624411
2026-10-08,1999-06-03,77.80578187
2026-10-08,1999-06-04,77.80558987
2026-10-08,1999-06-05,77.80539787
2026-10-08,1999-06-06,77.80520588
2026-10-08,1999-06-07,77.80501388
2026-10-08,1999-06-08,77.80482188
2026-10-08,1999-06-09,77.80462988
2026-10-08,1999-06-10,75.89002971
2026-10-08,1999-06-11,75.76703165
2026-10-08,1999-06-12,75.76684468
2026-10-08,1999-06-13,75.76665771
2026-10-08,1999-06-14,75.76647074
2026-10-08,1999-06-15,75.1522359
2026-10-08,1999-06-16,75.15205045
2026-10-08,1999-06-17,74.67507724
2026-10-08,1999-06-18,75.02887088
2026-10-08,1999-06-19,75.02868573
2026-10-08,1999-06-20,75.02850059
2026-10-08,1999-06-21,75.02831544
2026-10-08,1999-06-22,74.60191619
2026-10-08,1999-06-23,74.51504469
2026-10-08,1999-06-24,75.07832753
2026-10-08,1999-06-25,75.54047278
2026-10-08,1999-06-26,75.54028637
2026-10-08,1999-06-27,75.54009996
2026-10-08,1999-06-28,74.92588537
2026-10-08,1999-06-29,74.70176134
2026-10-08,1999-06-30,74.4415193
2026-10-08,1999-07-01,74.04330795
2026-10-08,1999-07-02,74.01351241
2026-10-08,1999-07-03,74.01261182
2026-10-08,1999-07-04,74.01171125
2026-10-08,1999-07-05,73.83744943
2026-10-08,1999-07-06,74.01713344
2026-10-08,1999-07-07,73.81398293
2026-10-08,1999-07-08,73.81308478
2026-10-08,1999-07-09,73.81218663
2026-10-08,1999-07-10,73.8112885
2026-10-08,1999-07-11,73.81039038
2026-10-08,1999-07-12,73.21722508
2026-10-08,1999-07-13,73.47635076
2026-10-08,1999-07-14,73.47545672
2026-10-08,1999-07-15,73.47456268
2026-10-08,1999-07-16,73.47366866
2026-10-08,1999-07-17,73.47277464
2026-10-08,1999-07-18,73.47188064
2026-10-08,1999-07-19,74.27986805
2026-10-08,1999-07-20,75.2394992
2026-10-08,1999-07-21,75.94633771
2026-10-08,1999-07-22,76.20540171
2026-10-08,1999-07-23,76.00948575
2026-10-08,1999-07-24,76.00856088
2026-10-08,1999-07-25,76.00763602
2026-10-08,1999-07-26,76.98161911
2026-10-08,1999-07-27,76.67738141
2026-10-08,1999-07-28,76.9436389
2026-10-08,1999-07-29,77.46263458
2026-10-08,1999-07-30,77.25227756
2026-10-08,1999-07-31,77.25133757
2026-10-08,1999-08-01,77.26375077
2026-10-08,1999-08-02,77.27616596
2026-10-08,1999-08-03,77.23078649
2026-10-08,1999-08-04,77.85015883
2026-10-08,1999-08-05,77.93493729
2026-10-08,1999-08-06,77.56437286
2026-10-08,1999-08-07,77.57683636
2026-10-08,1999-08-08,77.58930186
2026-10-08,1999-08-09,77.4354437
2026-10-08,1999-08-10,77.69379871
2026-10-08,1999-08-11,77.17821015
2026-10-08,1999-08-12,76.99526559
2026-10-08,1999-08-13,76.47215887
2026-10-08,1999-08-14,76.48444686
2026-10-08,1999-08-15,76.49673683
2026-10-08,1999-08-16,76.50902878
2026-10-08,1999-08-17,76.13755755
2026-10-08,1999-08-18,76.46119844
2026-10-08,1999-08-19,76.96602085
2026-10-08,1999-08-20,77.15225244
2026-10-08,1999-08-21,77.16464972
2026-10-08,1999-08-22,77.17704899
2026-10-08,1999-08-23,76.08777922
2026-10-08,1999-08-24,76.24498546
2026-10-08,1999-08-25,75.90922903
2026-10-08,1999-08-26,75.77639996
2026-10-08,1999-08-27,75.83934363
2026-10-08,1999-08-28,75.85152994
2026-10-08,1999-08-29,75.86371821
2026-10-08,1999-08-30,75.86139646
2026-10-08,1999-08-31,76.81701684
2026-10-08,1999-09-01,76.82487193
2026-10-08,1999-09-02,77.71828216
2026-10-08,1999-09-03,77.03658788
2026-10-08,1999-09-04,77.04446542
2026-10-08,1999-09-05,77.05234376
2026-10-08,1999-09-06,76.85689778
2026-10-08,1999-09-07,76.86475694
2026-10-08,1999-09-08,76.90893239
2026-10-08,1999-09-09,76.63350713
2026-10-08,1999-09-10,76.09649977
2026-10-08,1999-09-11,76.10428118
2026-10-08,1999-09-12,76.11206338
2026-10-08,1999-09-13,75.58210235
2026-10-08,1999-09-14,75.14651035
2026-10-08,1999-09-15,75.55395096
2026-10-08,1999-09-16,75.59802209
2026-10-08,1999-09-17,75.5694036
2026-10-08,1999-09-18,75.57713111
2026-10-08,1999-09-19,75.5848594
2026-10-08,1999-09-20,75.57804446
2026-10-08,1999-09-21,76.20395727
2026-10-08,1999-09-22,76.27721118
2026-10-08,1999-09-23,76.28501106
2026-10-08,1999-09-24,75.88541235
2026-10-08,1999-09-25,75.89317217
2026-10-08,1999-09-26,75.90093278
2026-10-08,1999-09-27,75.90869419
2026-10-08,1999-09-28,76.81892409
2026-10-08,1999-09-29,77.39451871
2026-10-08,1999-09-30,77.48978629
2026-10-08,1999-10-01,78.07355029
2026-10-08,1999-10-02,78.074958
2026-10-08,1999-10-03,78.07636574
2026-10-08,1999-10-04,78.02681364
2026-10-08,1999-10-05,77.86077798
2026-10-08,1999-10-06,78.90325638
2026-10-08,1999-10-07,78.19120252
2026-10-08,1999-10-08,77.41359843
2026-10-08,1999-10-09,77.41499425
2026-10-08,1999-10-10,77.41639008
2026-10-08,1999-10-11,77.41778594
2026-10-08,1999-10-12,78.212814
2026-10-08,1999-10-13,78.2360677
2026-10-08,1999-10-14,78.5360113
2026-10-08,1999-10-15,78.53742735
2026-10-08,1999-10-16,78.53884342
2026-10-08,1999-10-17,78.54025952
2026-10-08,1999-10-18,78.54167565
2026-10-08,1999-10-19,78.84893362
2026-10-08,1999-10-20,78.2168144
2026-10-08,1999-10-21,78.64059292
2026-10-08,1999-10-22,77.73171811
2026-10-08,1999-10-23,77.73311965
2026-10-08,1999-10-24,77.73452123
2026-10-08,1999-10-25,77.92527396
2026-10-08,1999-10-26,77.08914927
2026-10-08,1999-10-27,76.7628043
2026-10-08,1999-10-28,76.68407395
2026-10-08,1999-10-29,76.6854566
2026-10-08,1999-10-30,76.68683929
2026-10-08,1999-10-31,76.68822199
2026-10-08,1999-11-01,76.38684458
2026-10-08,1999-11-02,76.63180539
2026-10-08,1999-11-03,76.4469128
2026-10-08,1999-11-04,75.46756576
2026-10-08,1999-11-05,75.72707089
2026-10-08,1999-11-06,75.73878477
2026-10-08,1999-11-07,75.75050047
2026-10-08,1999-11-08,75.7840956
2026-10-08,1999-11-09,76.03650941
2026-10-08,1999-11-10,76.10662954
2026-10-08,1999-11-11,76.0016673
2026-10-08,1999-11-12,75.34939164
2026-10-08,1999-11-13,75.3610471
2026-10-08,1999-11-14,75.37270436
2026-10-08,1999-11-15,75.35516166
2026-10-08,1999-11-16,75.33031015
2026-10-08,1999-11-17,75.97729762
2026-10-08,1999-11-18,75.81375828
2026-10-08,1999-11-19,75.40179788
2026-10-08,1999-11-20,75.41346145
2026-10-08,1999-11-21,75.42512682
2026-10-08,1999-11-22,75.5244942
2026-10-08,1999-11-23,75.28765439
2026-10-08,1999-11-24,74.39278445
2026-10-08,1999-11-25,74.57977375
2026-10-08,1999-11-26,74.19641499
2026-10-08,1999-11-27,74.2078921
2026-10-08,1999-11-28,74.21937099
2026-10-08,1999-11-29,73.8796708
2026-10-08,1999-11-30,73.60572034
2026-10-08,1999-12-01,73.73254189
2026-10-08,1999-12-02,73.38363899
2026-10-08,1999-12-03,73.35673582
2026-10-08,1999-12-04,73.36643061
2026-10-08,1999-12-05,73.37612667
2026-10-08,1999-12-06,75.00425203
2026-10-08,1999-12-07,74.92627449
2026-10-08,1999-12-08,74.9361767
2026-10-08,1999-12-09,74.6383837
2026-10-08,1999-12-10,74.37714606
2026-10-08,1999-12-11,74.3869757
2026-10-08,1999-12-12,74.39680664
2026-10-08,1999-12-13,74.14275955
2026-10-08,1999-12-14,73.80067262
2026-10-08,1999-12-15,73.81775799
2026-10-08,1999-12-16,74.49480649
2026-10-08,1999-12-17,73.94727856
2026-10-08,1999-12-18,73.95705138
2026-10-08,1999-12-19,73.9668255
2026-10-08,1999-12-20,73.96926415
2026-10-08,1999-12-21,74.18449645
2026-10-08,1999-12-22,73.93744598
2026-10-08,1999-12-23,74.58576916
2026-10-08,1999-12-24,74.59562637
2026-10-08,1999-12-25,74.60548489
2026-10-08,1999-12-26,74.6153447
2026-10-08,1999-12-27,74.62520582
2026-10-08,1999-12-28,74.63506824
2026-10-08,1999-12-29,74.64493197
2026-10-08,1999-12-30,74.654797
2026-10-08,1999-12-31,74.66466333
2026-10-08,2000-01-01,74.64535683
2026-10-08,2000-01-02,74.62605533
2026-10-08,2000-01-03,74.84169449
2026-10-08,2000-01-04,75.58568571
2026-10-08,2000-01-05,75.88901057
2026-10-08,2000-01-06,75.65664215
2026-10-08,2000-01-07,75.65174745
2026-10-08,2000-01-08,75.63218572
2026-10-08,2000-01-09,75.61262904
2026-10-08,2000-01-10,75.59307742
2026-10-08,2000-01-11,75.57353086
2026-10-08,2000-01-12,75.45876862
2026-10-08,2000-01-13,75.20492789
2026-10-08,2000-01-14,74.54856476
2026-10-08,2000-01-15,74.52928829
2026-10-08,2000-01-16,74.5100168
2026-10-08,2000-01-17,73.92016416
2026-10-08,2000-01-18,74.04731648
2026-10-08,2000-01-19,74.02816961
2026-10-08,2000-01-20,74.11136117
2026-10-08,2000-01-21,73.66104677
2026-10-08,2000-01-22,73.64199979
2026-10-08,2000-01-23,73.62295773
2026-10-08,2000-01-24,73.2315198
2026-10-08,2000-01-25,73.29288485
2026-10-08,2000-01-26,73.08417985
2026-10-08,2000-01-27,72.31376175
2026-10-08,2000-01-28,71.50726506
2026-10-08,2000-01-29,71.17519574
2026-10-08,2000-01-30,71.15679154
2026-10-08,2000-01-31,71.13839209
2026-10-08,2000-02-01,71.0586572
2026-10-08,2000-02-02,71.0809691
2026-10-08,2000-02-03,72.38652724
2026-10-08,2000-02-04,71.38811486
2026-10-08,2000-02-05,71.39588189
2026-10-08,2000-02-06,71.40364977
2026-10-08,2000-02-07,71.36765256
2026-10-08,2000-02-08,72.16328992
2026-10-08,2000-02-09,71.20808117
2026-10-08,2000-02-10,72.06954296
2026-10-08,2000-02-11,71.8438642
2026-10-08,2000-02-12,71.85168082
2026-10-08,2000-02-13,71.85949829
2026-10-08,2000-02-14,71.4731231
2026-10-08,2000-02-15,71.88973712
2026-10-08,2000-02-16,71.89025726
2026-10-08,2000-02-17,72.14635586
2026-10-08,2000-02-18,72.04465953
2026-10-08,2000-02-19,72.052498
2026-10-08,2000-02-20,72.06033731
2026-10-08,2000-02-21,72.02434483
2026-10-08,2000-02-22,73.53726571
2026-10-08,2000-02-23,73.3625908
2026-10-08,2000-02-24,72.54478832
2026-10-08,2000-02-25,71.21520354
2026-10-08,2000-02-26,71.22295176
2026-10-08,2000-02-27,71.23070082
2026-10-08,2000-02-28,70.85096737
2026-10-08,2000-02-29,70.63201009
2026-10-08,2000-03-01,70.65224676
2026-10-08,2000-03-02,70.55543334
2026-10-08,2000-03-03,70.52442145
2026-10-08,2000-03-04,70.54462729
2026-10-08,2000-03-05,70.56483893
2026-10-08,2000-03-06,70.35067617
2026-10-08,2000-03-07,70.22430265
2026-10-08,2000-03-08,70.1125081
2026-10-08,2000-03-09,70.93163983
2026-10-08,2000-03-10,70.78330845
2026-10-08,2000-03-11,70.80358846
2026-10-08,2000-03-12,70.82387429
2026-10-08,2000-03-13,70.63867162
2026-10-08,2000-03-14,70.8571222
2026-10-08,2000-03-15,71.26661768
2026-10-08,2000-03-16,71.33845391
2026-10-08,2000-03-17,71.35889299
2026-10-08,2000-03-18,71.37933792
2026-10-08,2000-03-19,71.3997887
2026-10-08,2000-03-20,71.43495297
2026-10-08,2000-03-21,71.44070785
2026-10-08,2000-03-22,70.68122516
2026-10-08,2000-03-23,71.3123673
2026-10-08,2000-03-24,71.57575301
2026-10-08,2000-03-25,71.59626007
2026-10-08,2000-03-26,71.61677301
2026-10-08,2000-03-27,71.49728888
2026-10-08,2000-03-28,71.20083393
2026-10-08,2000-03-29,70.6314097
2026-10-08,2000-03-30,70.80651932
2026-10-08,2000-03-31,70.64975742
2026-10-08,2000-04-01,70.6549028
2026-10-08,2000-04-02,70.66004856
2026-10-08,2000-04-03,70.57665106
2026-10-08,2000-04-04,71.82149221
2026-10-08,2000-04-05,71.39869971
2026-10-08,2000-04-06,70.86514153
2026-10-08,2000-04-07,70.69316375
2026-10-08,2000-04-08,70.69831229
2026-10-08,2000-04-09,70.70346121
2026-10-08,2000-04-10,71.01867123
2026-10-08,2000-04-11,71.03860936
2026-10-08,2000-04-12,70.65984243
2026-10-08,2000-04-13,70.48038826
2026-10-08,2000-04-14,70.50767496
2026-10-08,2000-04-15,70.51280999
2026-10-08,2000-04-16,70.5179454
2026-10-08,2000-04-17,70.46399188
2026-10-08,2000-04-18,70.16626901
2026-10-08,2000-04-19,69.84634068
2026-10-08,2000-04-20,69.85142755
2026-10-08,2000-04-21,69.85651479
2026-10-08,2000-04-22,69.86160241
2026-10-08,2000-04-23,69.86669039
2026-10-08,2000-04-24,69.45794271
2026-10-08,2000-04-25,68.50963103
2026-10-08,2000-04-26,68.18941631
2026-10-08,2000-04-27,67.40348732
2026-10-08,2000-04-28,67.2753388
2026-10-08,2000-04-29,67.28023843
2026-10-08,2000-04-30,67.28513841
2026-10-08,2000-05-01,67.29617461
2026-10-08,2000-05-02,66.89305989
2026-10-08,2000-05-03,66.31228799
2026-10-08,2000-05-04,66.07163226
2026-10-08,2000-05-05,66.29704691
2026-10-08,2000-05-06,66.30792104
2026-10-08,2000-05-07,66.31879695
2026-10-08,2000-05-08,66.44812049
2026-10-08,2000-05-09,66.4590194
2026-10-08,2000-05-10,66.46992009
2026-10-08,2000-05-11,66.48082257
2026-10-08,2000-05-12,66.49172684
2026-10-08,2000-05-13,66.5026329
2026-10-08,2000-05-14,66.51354075
2026-10-08,2000-05-15,66.52445039
2026-10-08,2000-05-16,67.12095602
2026-10-08,2000-05-17,66.16075739
2026-10-08,2000-05-18,66.43854977
2026-10-08,2000-05-19,66.65710163
2026-10-08,2000-05-20,66.66803481
2026-10-08,2000-05-21,66.67896979
2026-10-08,2000-05-22,67.20187847
2026-10-08,2000-05-23,67.10158451
2026-10-08,2000-05-24,67.71379828
2026-10-08,2000-05-25,67.72490478
2026-10-08,2000-05-26,69.31006055
2026-10-08,2000-05-27,69.32142887
2026-10-08,2000-05-28,69.33279906
2026-10-08,2000-05-29,68.8390395
2026-10-08,2000-05-30,69.6750189
2026-10-08,2000-05-31,69.3966442
2026-10-08,2000-06-01,69.1487366
2026-10-08,2000-06-02,70.05292583
2026-10-08,2000-06-03,70.06525907
2026-10-08,2000-06-04,70.07759448
2026-10-08,2000-06-05,70.3428032
2026-10-08,2000-06-06,70.89821229
2026-10-08,2000-06-07,71.45381476
2026-10-08,2000-06-08,71.1166528
2026-10-08,2000-06-09,70.77936991
2026-10-08,2000-06-10,70.79183104
2026-10-08,2000-06-11,70.80429437
2026-10-08,2000-06-12,71.09228251
2026-10-08,2000-06-13,71.62614951
2026-10-08,2000-06-14,71.49722532
2026-10-08,2000-06-15,71.13728828
2026-10-08,2000-06-16,71.79811926
2026-10-08,2000-06-17,71.81075975
2026-10-08,2000-06-18,71.82340247
2026-10-08,2000-06-19,71.83604741
2026-10-08,2000-06-20,71.29687274
2026-10-08,2000-06-21,70.65308889
2026-10-08,2000-06-22,70.36714067
2026-10-08,2000-06-23,69.90948679
2026-10-08,2000-06-24,69.92179478
2026-10-08,2000-06-25,69.93410493
2026-10-08,2000-06-26,69.97627698
2026-10-08,2000-06-27,70.43657152
2026-10-08,2000-06-28,70.56845328
2026-10-08,2000-06-29,71.14104297
2026-10-08,2000-06-30,71.43743503
2026-10-08,2000-07-01,71.42957269
2026-10-08,2000-07-02,71.42171121
2026-10-08,2000-07-03,71.09273844
2026-10-08,2000-07-04,71.04757952
2026-10-08,2000-07-05,71.21894603
2026-10-08,2000-07-06,71.27829506
2026-10-08,2000-07-07,70.97933717
2026-10-08,2000-07-08,70.97152524
2026-10-08,2000-07-09,70.96371418
2026-10-08,2000-07-10,71.10514344
2026-10-08,2000-07-11,71.08985651
2026-10-08,2000-07-12,70.70155555
2026-10-08,2000-07-13,70.6937742
2026-10-08,2000-07-14,70.6859937
2026-10-08,2000-07-15,70.67821406
2026-10-08,2000-07-16,70.67043528
2026-10-08,2000-07-17,69.8573849
2026-10-08,2000-07-18,69.35018427
2026-10-08,2000-07-19,68.88036736
2026-10-08,2000-07-20,69.42436504
2026-10-08,2000-07-21,69.86390092
2026-10-08,2000-07-22,69.85621176
2026-10-08,2000-07-23,69.84852344
2026-10-08,2000-07-24,69.53536614
2026-10-08,2000-07-25,69.52771313
2026-10-08,2000-07-26,69.52006097
2026-10-08,2000-07-27,69.46027348
2026-10-08,2000-07-28,68.88664121
2026-10-08,2000-07-29,68.8790596
2026-10-08,2000-07-30,68.87147883
2026-10-08,2000-07-31,69.00534906
2026-10-08,2000-08-01,68.61729188
2026-10-08,2000-08-02,68.13236031
2026-10-08,2000-08-03,67.46861124
2026-10-08,2000-08-04,67.55694045
2026-10-08,2000-08-05,67.56335473
2026-10-08,2000-08-06,67.56976963
2026-10-08,2000-08-07,67.69538026
2026-10-08,2000-08-08,67.70180769
2026-10-08,2000-08-09,67.09724472
2026-10-08,2000-08-10,67.64759802
2026-10-08,2000-08-11,67.74345122
2026-10-08,2000-08-12,67.74988321
2026-10-08,2000-08-13,67.75631582
2026-10-08,2000-08-14,67.5242003
2026-10-08,2000-08-15,68.0823078
2026-10-08,2000-08-16,68.23789323
2026-10-08,2000-08-17,68.2369154
2026-10-08,2000-08-18,67.66916834
2026-10-08,2000-08-19,67.67559328
2026-10-08,2000-08-20,67.68201883
2026-10-08,2000-08-21,67.68844499
2026-10-08,2000-08-22,66.94884056
2026-10-08,2000-08-23,67.03726833
2026-10-08,2000-08-24,67.46895182
2026-10-08,2000-08-25,67.42312069
2026-10-08,2000-08-26,67.42952227
2026-10-08,2000-08-27,67.43592446
2026-10-08,2000-08-28,67.44232725
2026-10-08,2000-08-29,66.91123109
2026-10-08,2000-08-30,66.67120671
2026-10-08,2000-08-31,66.36393594
2026-10-08,2000-09-01,67.24322003
2026-10-08,2000-09-02,67.25637072
2026-10-08,2000-09-03,67.26952398
2026-10-08,2000-09-04,67.24531715
2026-10-08,2000-09-05,66.42138097
2026-10-08,2000-09-06,65.08131353
2026-10-08,2000-09-07,65.3482566
2026-10-08,2000-09-08,64.74780958
2026-10-08,2000-09-09,64.76047224
2026-10-08,2000-09-10,64.77313738
2026-10-08,2000-09-11,64.35180446
2026-10-08,2000-09-12,64.93319126
2026-10-08,2000-09-13,64.7512621
2026-10-08,2000-09-14,64.74146396
2026-10-08,2000-09-15,64.34973973
2026-10-08,2000-09-16,64.36232454
2026-10-08,2000-09-17,64.37491182
2026-10-08,2000-09-18,63.90794842
2026-10-08,2000-09-19,63.62816199
2026-10-08,2000-09-20,63.61062189
2026-10-08,2000-09-21,64.35031139
2026-10-08,2000-09-22,66.02014903
2026-10-08,2000-09-23,66.03306053
2026-10-08,2000-09-24,66.04597455
2026-10-08,2000-09-25,65.56367451
2026-10-08,2000-09-26,66.10182916
2026-10-08,2000-09-27,65.91959499
2026-10-08,2000-09-28,66.36793253
2026-10-08,2000-09-29,66.4034395
2026-10-08,2000-09-30,66.41642595
2026-10-08,2000-10-01,66.41361103
2026-10-08,2000-10-02,66.14794675
2026-10-08,2000-10-03,65.78467921
2026-10-08,2000-10-04,65.62419474
2026-10-08,2000-10-05,65.23094383
2026-10-08,2000-10-06,65.31828369
2026-10-08,2000-10-07,65.31551531
2026-10-08,2000-10-08,65.31274705
2026-10-08,2000-10-09,65.27994787
2026-10-08,2000-10-10,65.29219599
2026-10-08,2000-10-11,65.42455688
2026-10-08,2000-10-12,64.97137585
2026-10-08,2000-10-13,64.76594709
2026-10-08,2000-10-14,64.76320211
2026-10-08,2000-10-15,64.76045726
2026-10-08,2000-10-16,64.75771252
2026-10-08,2000-10-17,63.85434247
2026-10-08,2000-10-18,64.07678295
2026-10-08,2000-10-19,63.19603183
2026-10-08,2000-10-20,63.32092577
2026-10-08,2000-10-21,63.31824204
2026-10-08,2000-10-22,63.31555843
2026-10-08,2000-10-23,62.75012716
2026-10-08,2000-10-24,62.85250942
2026-10-08,2000-10-25,61.86699611
2026-10-08,2000-10-26,62.33702202
2026-10-08,2000-10-27,62.33437999
2026-10-08,2000-10-28,62.33173807
2026-10-08,2000-10-29,62.32909627
2026-10-08,2000-10-30,62.32645458
2026-10-08,2000-10-31,63.61394368
2026-10-08,2000-11-01,64.44659747
2026-10-08,2000-11-02,64.58174028
2026-10-08,2000-11-03,64.97965363
2026-10-08,2000-11-04,64.99485282
2026-10-08,2000-11-05,65.01005556
2026-10-08,2000-11-06,65.02526186
2026-10-08,2000-11-07,64.68735837
2026-10-08,2000-11-08,64.36432287
2026-10-08,2000-11-09,64.40192782
2026-10-08,2000-11-10,64.73276144
2026-10-08,2000-11-11,64.74790287
2026-10-08,2000-11-12,64.76304785
2026-10-08,2000-11-13,64.81581437
2026-10-08,2000-11-14,64.64284123
2026-10-08,2000-11-15,64.6429074
2026-10-08,2000-11-16,64.26652602
2026-10-08,2000-11-17,64.23637455
2026-10-08,2000-11-18,64.25139987
2026-10-08,2000-11-19,64.26642871
2026-10-08,2000-11-20,64.04031139
2026-10-08,2000-11-21,63.81408478
2026-10-08,2000-11-22,63.56513046
2026-10-08,2000-11-23,63.66295217
2026-10-08,2000-11-24,63.67784337
2026-10-08,2000-11-25,63.69273805
2026-10-08,2000-11-26,63.70763622
2026-10-08,2000-11-27,63.84331027
2026-10-08,2000-11-28,64.76424853
2026-10-08,2000-11-29,64.90777804
2026-10-08,2000-11-30,65.88226419
2026-10-08,2000-12-01,66.14217702
2026-10-08,2000-12-02,66.15282364
2026-10-08,2000-12-03,66.16347198
2026-10-08,2000-12-04,67.22474488
2026-10-08,2000-12-05,66.86514269
2026-10-08,2000-12-06,67.23126664
2026-10-08,2000-12-07,67.27233692
2026-10-08,2000-12-08,67.28316547
2026-10-08,2000-12-09,67.29399575
2026-10-08,2000-12-10,67.30482778
2026-10-08,2000-12-11,66.57409963
2026-10-08,2000-12-12,66.56211125
2026-10-08,2000-12-13,66.39116
2026-10-08,2000-12-14,66.40184671
2026-10-08,2000-12-15,66.41253513
2026-10-08,2000-12-16,66.42322527
2026-10-08,2000-12-17,66.43391714
2026-10-08,2000-12-18,66.44461072
2026-10-08,2000-12-19,67.5615054
2026-10-08,2000-12-20,68.73180342
2026-10-08,2000-12-21,69.21277402
2026-10-08,2000-12-22,70.07291605
2026-10-08,2000-12-23,70.08419539
2026-10-08,2000-12-24,70.09547655
2026-10-08,2000-12-25,70.10675952
2026-10-08,2000-12-26,70.55040352
2026-10-08,2000-12-27,70.77418088
2026-10-08,2000-12-28,70.32272393
2026-10-08,2000-12-29,70.33404348
2026-10-08,2000-12-30,70.34536485
2026-10-08,2000-12-31,70.35668804
2026-10-08,2001-01-01,70.34539044
2026-10-08,2001-01-02,71.10057541
2026-10-08,2001-01-03,71.08915836
2026-10-08,2001-01-04,71.81363183
2026-10-08,2001-01-05,72.60613817
2026-10-08,2001-01-06,72.59447936
2026-10-08,2001-01-07,72.58282243
2026-10-08,2001-01-08,71.98738342
2026-10-08,2001-01-09,71.48309848
2026-10-08,2001-01-10,71.40340743
2026-10-08,2001-01-11,72.24067305
2026-10-08,2001-01-12,72.0396544
2026-10-08,2001-01-13,72.02808656
2026-10-08,2001-01-14,72.01652057
2026-10-08,2001-01-15,72.19428374
2026-10-08,2001-01-16,72.18269106
2026-10-08,2001-01-17,72.17110025
2026-10-08,2001-01-18,72.1595113
2026-10-08,2001-01-19,72.14792422
2026-10-08,2001-01-20,72.13633899
2026-10-08,2001-01-21,72.12475562
2026-10-08,2001-01-22,72.11317411
2026-10-08,2001-01-23,72.10159447
2026-10-08,2001-01-24,72.09001668
2026-10-08,2001-01-25,72.07844075
2026-10-08,2001-01-26,72.06686668
2026-10-08,2001-01-27,72.05529447
2026-10-08,2001-01-28,72.04372411
2026-10-08,2001-01-29,69.52353549
2026-10-08,2001-01-30,70.10920652
2026-10-08,2001-01-31,70.4152023
2026-10-08,2001-02-01,71.11584212
2026-10-08,2001-02-02,71.1291015
2026-10-08,2001-02-03,71.14236336
2026-10-08,2001-02-04,71.15562768
2026-10-08,2001-02-05,71.13865167
2026-10-08,2001-02-06,70.56207055
2026-10-08,2001-02-07,70.74918769
2026-10-08,2001-02-08,69.58981417
2026-10-08,2001-02-09,70.18539744
2026-10-08,2001-02-10,70.19848335
2026-10-08,2001-02-11,70.21157169
2026-10-08,2001-02-12,70.45935033
2026-10-08,2001-02-13,69.60928074
2026-10-08,2001-02-14,69.62225923
2026-10-08,2001-02-15,68.77928646
2026-10-08,2001-02-16,69.55730878
2026-10-08,2001-02-17,69.57027758
2026-10-08,2001-02-18,69.5832488
2026-10-08,2001-02-19,69.59622243
2026-10-08,2001-02-20,69.60919848
2026-10-08,2001-02-21,69.62217696
2026-10-08,2001-02-22,69.63515785
2026-10-08,2001-02-23,69.41297153
2026-10-08,2001-02-24,69.42591342
2026-10-08,2001-02-25,69.43885772
2026-10-08,2001-02-26,69.14059963
2026-10-08,2001-02-27,69.40401935
2026-10-08,2001-02-28,70.18387194
2026-10-08,2001-03-01,70.7991106
2026-10-08,2001-03-02,71.0195509
2026-10-08,2001-03-03,71.02735931
2026-10-08,2001-03-04,71.03516858
2026-10-08,2001-03-05,70.76947349
2026-10-08,2001-03-06,70.98240586
2026-10-08,2001-03-07,70.51906985
2026-10-08,2001-03-08,70.61802171
2026-10-08,2001-03-09,70.93741503
2026-10-08,2001-03-10,70.94521441
2026-10-08,2001-03-11,70.95301465
2026-10-08,2001-03-12,70.74792569
2026-10-08,2001-03-13,69.69113695
2026-10-08,2001-03-14,69.47825755
2026-10-08,2001-03-15,68.90025573
2026-10-08,2001-03-16,68.23084725
2026-10-08,2001-03-17,68.23834904
2026-10-08,2001-03-18,68.24585167
2026-10-08,2001-03-19,68.53489069
2026-10-08,2001-03-20,68.98380049
2026-10-08,2001-03-21,68.99138507
2026-10-08,2001-03-22,67.66694403
2026-10-08,2001-03-23,68.06261708
2026-10-08,2001-03-24,68.07010038
2026-10-08,2001-03-25,68.0775845
2026-10-08,2001-03-26,68.33636207
2026-10-08,2001-03-27,67.94023992
2026-10-08,2001-03-28,67.75729471
2026-10-08,2001-03-29,67.76474444
2026-10-08,2001-03-30,67.09416831
2026-10-08,2001-03-31,67.10154513
2026-10-08,2001-04-01,67.10028785
2026-10-08,2001-04-02,67.0990306
2026-10-08,2001-04-03,68.10344
2026-10-08,2001-04-04,68.80306999
2026-10-08,2001-04-05,68.40562397
2026-10-08,2001-04-06,68.93000209
2026-10-08,2001-04-07,68.92871055
2026-10-08,2001-04-08,68.92741903
2026-10-08,2001-04-09,68.78138877
2026-10-08,2001-04-10,67.78218296
2026-10-08,2001-04-11,67.6742673
2026-10-08,2001-04-12,67.67299929
2026-10-08,2001-04-13,67.6717313
2026-10-08,2001-04-14,67.67046334
2026-10-08,2001-04-15,67.6691954
2026-10-08,2001-04-16,67.599376
2026-10-08,2001-04-17,67.24012504
2026-10-08,2001-04-18,67.63492554
2026-10-08,2001-04-19,67.9763964
2026-10-08,2001-04-20,68.92715526
2026-10-08,2001-04-21,68.92586378
2026-10-08,2001-04-22,68.92457231
2026-10-08,2001-04-23,68.39017263
2026-10-08,2001-04-24,68.33558138
2026-10-08,2001-04-25,68.43330308
2026-10-08,2001-04-26,68.67571378
2026-10-08,2001-04-27,68.67442701
2026-10-08,2001-04-28,68.67314026
2026-10-08,2001-04-29,68.67185353
2026-10-08,2001-04-30,67.60449016
2026-10-08,2001-05-01,67.61354598
2026-10-08,2001-05-02,68.22433602
2026-10-08,2001-05-03,67.98970227
2026-10-08,2001-05-04,68.21213929
2026-10-08,2001-05-05,68.22127651
2026-10-08,2001-05-06,68.23041495
2026-10-08,2001-05-07,67.94991951
2026-10-08,2001-05-08,67.52451075
2026-10-08,2001-05-09,67.54880389
2026-10-08,2001-05-10,67.32910106
2026-10-08,2001-05-11,66.95681693
2026-10-08,2001-05-12,66.96578599
2026-10-08,2001-05-13,66.97475626
2026-10-08,2001-05-14,66.98372772
2026-10-08,2001-05-15,66.99270039
2026-10-08,2001-05-16,67.62743021
2026-10-08,2001-05-17,67.40752333
2026-10-08,2001-05-18,67.19518954
2026-10-08,2001-05-19,67.20419053
2026-10-08,2001-05-20,67.21319273
2026-10-08,2001-05-21,67.05419792
2026-10-08,2001-05-22,66.03978108
2026-10-08,2001-05-23,66.0486273
2026-10-08,2001-05-24,65.76717934
2026-10-08,2001-05-25,65.77598905
2026-10-08,2001-05-26,65.78479994
2026-10-08,2001-05-27,65.793612
2026-10-08,2001-05-28,65.8100687
2026-10-08,2001-05-29,65.57426112
2026-10-08,2001-05-30,65.65949992
2026-10-08,2001-05-31,65.6682952
2026-10-08,2001-06-01,64.89174786
2026-10-08,2001-06-02,64.91044376
2026-10-08,2001-06-03,64.92914504
2026-10-08,2001-06-04,64.94785172
2026-10-08,2001-06-05,64.96656378
2026-10-08,2001-06-06,64.99294098
2026-10-08,2001-06-07,65.21087679
2026-10-08,2001-06-08,65.22200048
2026-10-08,2001-06-09,65.24079152
2026-10-08,2001-06-10,65.25958799
2026-10-08,2001-06-11,65.27838986
2026-10-08,2001-06-12,65.16675622
2026-10-08,2001-06-13,65.54626607
2026-10-08,2001-06-14,66.31753752
2026-10-08,2001-06-15,66.3366442
2026-10-08,2001-06-16,66.35575638
2026-10-08,2001-06-17,66.37487408
2026-10-08,2001-06-18,66.39399728
2026-10-08,2001-06-19,65.73653938
2026-10-08,2001-06-20,65.83238567
2026-10-08,2001-06-21,65.97443921
2026-10-08,2001-06-22,65.96266652
2026-10-08,2001-06-23,65.98167096
2026-10-08,2001-06-24,66.00068087
2026-10-08,2001-06-25,66.4509962
2026-10-08,2001-06-26,66.60881339
2026-10-08,2001-06-27,66.51241064
2026-10-08,2001-06-28,65.28280567
2026-10-08,2001-06-29,65.44040619
2026-10-08,2001-06-30,65.45926016
2026-10-08,2001-07-01,65.46121438
2026-10-08,2001-07-02,65.37832184
2026-10-08,2001-07-03,65.51911802
2026-10-08,2001-07-04,65.33594266
2026-10-08,2001-07-05,64.72077024
2026-10-08,2001-07-06,65.36298659
2026-10-08,2001-07-07,65.36493794
2026-10-08,2001-07-08,65.36688934
2026-10-08,2001-07-09,65.36884079
2026-10-08,2001-07-10,66.11145041
2026-10-08,2001-07-11,66.31402499
2026-10-08,2001-07-12,65.79905623
2026-10-08,2001-07-13,65.93990642
2026-10-08,2001-07-14,65.94187498
2026-10-08,2001-07-15,65.94384361
2026-10-08,2001-07-16,66.05384428
2026-10-08,2001-07-17,66.41078909
2026-10-08,2001-07-18,67.3928347
2026-10-08,2001-07-19,67.22506688
2026-10-08,2001-07-20,67.37370616
2026-10-08,2001-07-21,67.37571753
2026-10-08,2001-07-22,67.37772896
2026-10-08,2001-07-23,67.16363132
2026-10-08,2001-07-24,67.62874124
2026-10-08,2001-07-25,68.07072294
2026-10-08,2001-07-26,67.86434551
2026-10-08,2001-07-27,67.83549511
2026-10-08,2001-07-28,67.83752026
2026-10-08,2001-07-29,67.83954548
2026-10-08,2001-07-30,67.71033422
2026-10-08,2001-07-31,67.57339516
2026-10-08,2001-08-01,68.08129478
2026-10-08,2001-08-02,68.2341
2026-10-08,2001-08-03,68.45643095
2026-10-08,2001-08-04,68.46256298
2026-10-08,2001-08-05,68.46869556
2026-10-08,2001-08-06,68.19675832
2026-10-08,2001-08-07,67.88614746
2026-10-08,2001-08-08,68.0312885
2026-10-08,2001-08-09,69.03406906
2026-10-08,2001-08-10,69.19479173
2026-10-08,2001-08-11,69.2009899
2026-10-08,2001-08-12,69.20718862
2026-10-08,2001-08-13,69.54573582
2026-10-08,2001-08-14,69.80704598
2026-10-08,2001-08-15,70.50130515
2026-10-08,2001-08-16,70.89417529
2026-10-08,2001-08-17,71.00877076
2026-10-08,2001-08-18,71.01513141
2026-10-08,2001-08-19,71.02149264
2026-10-08,2001-08-20,71.02785443
2026-10-08,2001-08-21,70.83311819
2026-10-08,2001-08-22,71.01737397
2026-10-08,2001-08-23,70.79939291
2026-10-08,2001-08-24,70.65873864
2026-10-08,2001-08-25,70.66506794
2026-10-08,2001-08-26,70.67139781
2026-10-08,2001-08-27,70.63903465
2026-10-08,2001-08-28,70.52153157
2026-10-08,2001-08-29,70.65169029
2026-10-08,2001-08-30,71.08376293
2026-10-08,2001-08-31,70.67983118
2026-10-08,2001-09-01,70.68839004
2026-10-08,2001-09-02,70.69694994
2026-10-08,2001-09-03,70.38799435
2026-10-08,2001-09-04,68.78550723
2026-10-08,2001-09-05,69.08044541
2026-10-08,2001-09-06,69.44517809
2026-10-08,2001-09-07,70.2826296
2026-10-08,2001-09-08,70.29114037
2026-10-08,2001-09-09,70.29965216
2026-10-08,2001-09-10,69.82761089
2026-10-08,2001-09-11,69.83606656
2026-10-08,2001-09-12,70.41047399
2026-10-08,2001-09-13,70.70588671
2026-10-08,2001-09-14,71.49766612
2026-10-08,2001-09-15,71.50632401
2026-10-08,2001-09-16,71.51498296
2026-10-08,2001-09-17,71.73309397
2026-10-08,2001-09-18,71.71850523
2026-10-08,2001-09-19,72.30913916
2026-10-08,2001-09-20,72.31789532
2026-10-08,2001-09-21,70.83650153
2026-10-08,2001-09-22,70.84507937
2026-10-08,2001-09-23,70.85365824
2026-10-08,2001-09-24,71.05633873
2026-10-08,2001-09-25,71.74825995
2026-10-08,2001-09-26,71.73365048
2026-10-08,2001-09-27,71.42389636
2026-10-08,2001-09-28,70.90433598
2026-10-08,2001-09-29,70.91292203
2026-10-08,2001-09-30,70.92150912
2026-10-08,2001-10-01,70.93328287
2026-10-08,2001-10-02,71.33367085
2026-10-08,2001-10-03,71.51653081
2026-10-08,2001-10-04,71.52840334
2026-10-08,2001-10-05,71.54027783
2026-10-08,2001-10-06,71.5521543
2026-10-08,2001-10-07,71.56403274
2026-10-08,2001-10-08,71.57591315
2026-10-08,2001-10-09,71.2532004
2026-10-08,2001-10-10,71.41289811
2026-10-08,2001-10-11,70.25717355
2026-10-08,2001-10-12,70.90721997
2026-10-08,2001-10-13,70.91899135
2026-10-08,2001-10-14,70.93076467
2026-10-08,2001-10-15,70.91917285
2026-10-08,2001-10-16,70.92315587
2026-10-08,2001-10-17,70.52197391
2026-10-08,2001-10-18,70.63498923
2026-10-08,2001-10-19,70.16347442
2026-10-08,2001-10-20,70.17512232
2026-10-08,2001-10-21,70.18677216
2026-10-08,2001-10-22,70.19842393
2026-10-08,2001-10-23,70.21007763
2026-10-08,2001-10-24,69.77709444
2026-10-08,2001-10-25,69.99933156
2026-10-08,2001-10-26,69.66760826
2026-10-08,2001-10-27,69.67917385
2026-10-08,2001-10-28,69.69074135
2026-10-08,2001-10-29,70.64697695
2026-10-08,2001-10-30,70.90076721
2026-10-08,2001-10-31,70.52985972
2026-10-08,2001-11-01,71.06715484
2026-10-08,2001-11-02,70.56566461
2026-10-08,2001-11-03,70.57185324
2026-10-08,2001-11-04,70.57804241
2026-10-08,2001-11-05,70.22482603
2026-10-08,2001-11-06,70.23098477
2026-10-08,2001-11-07,70.32310407
2026-10-08,2001-11-08,69.7822052
2026-10-08,2001-11-09,69.95245938
2026-10-08,2001-11-10,69.95859423
2026-10-08,2001-11-11,69.96472963
2026-10-08,2001-11-12,70.27576653
2026-10-08,2001-11-13,68.95275764
2026-10-08,2001-11-14,68.95880482
2026-10-08,2001-11-15,69.04305284
2026-10-08,2001-11-16,69.04910793
2026-10-08,2001-11-17,69.05516356
2026-10-08,2001-11-18,69.06121972
2026-10-08,2001-11-19,68.91082093
2026-10-08,2001-11-20,69.24544977
2026-10-08,2001-11-21,69.25152262
2026-10-08,2001-11-22,68.85070469
2026-10-08,2001-11-23,68.71588358
2026-10-08,2001-11-24,68.72190998
2026-10-08,2001-11-25,68.72793692
2026-10-08,2001-11-26,69.02358477
2026-10-08,2001-11-27,69.16271866
2026-10-08,2001-11-28,69.48977126
2026-10-08,2001-11-29,69.64462865
2026-10-08,2001-11-30,69.65073651
2026-10-08,2001-12-01,69.66262094
2026-10-08,2001-12-02,69.6745074
2026-10-08,2001-12-03,69.68639589
2026-10-08,2001-12-04,69.88634249
2026-10-08,2001-12-05,69.48290574
2026-10-08,2001-12-06,70.04344564
2026-10-08,2001-12-07,69.85940503
2026-10-08,2001-12-08,69.87132507
2026-10-08,2001-12-09,69.88324714
2026-10-08,2001-12-10,69.80889059
2026-10-08,2001-12-11,70.02477289
2026-10-08,2001-12-12,70.38196153
2026-10-08,2001-12-13,70.39397073
2026-10-08,2001-12-14,71.01820791
2026-10-08,2001-12-15,71.03032567
2026-10-08,2001-12-16,71.0424455
2026-10-08,2001-12-17,71.05456739
2026-10-08,2001-12-18,70.925312
2026-10-08,2001-12-19,70.81957767
2026-10-08,2001-12-20,70.58809177
2026-10-08,2001-12-21,70.60013614
2026-10-08,2001-12-22,70.61218256
2026-10-08,2001-12-23,70.62423105
2026-10-08,2001-12-24,70.63628158
2026-10-08,2001-12-25,70.64833418
2026-10-08,2001-12-26,70.66038883
2026-10-08,2001-12-27,70.67244553
2026-10-08,2001-12-28,70.6845043
2026-10-08,2001-12-29,70.69656512
2026-10-08,2001-12-30,70.708628
2026-10-08,2001-12-31,70.72069293
2026-10-08,2002-01-01,70.67184863
2026-10-08,2002-01-02,70.62303805
2026-10-08,2002-01-03,70.57426119
2026-10-08,2002-01-04,70.52551802
2026-10-08,2002-01-05,70.47680851
2026-10-08,2002-01-06,70.42813265
2026-10-08,2002-01-07,70.3794904
2026-10-08,2002-01-08,70.33088175
2026-10-08,2002-01-09,70.28230667
2026-10-08,2002-01-10,70.23376514
2026-10-08,2002-01-11,111.5214362
2026-10-08,2002-01-12,111.4444122
2026-10-08,2002-01-13,111.3674415
2026-10-08,2002-01-14,111.2281553
2026-10-08,2002-01-15,117.3698627
2026-10-08,2002-01-16,130.4662141
2026-10-08,2002-01-17,130.2726325
2026-10-08,2002-01-18,134.0784893
2026-10-08,2002-01-19,133.985886
2026-10-08,2002-01-20,133.8933466
2026-10-08,2002-01-21,133.6193232
2026-10-08,2002-01-22,133.9201193
2026-10-08,2002-01-23,132.6038686
2026-10-08,2002-01-24,132.451893
2026-10-08,2002-01-25,133.4316076
2026-10-08,2002-01-26,133.3394511
2026-10-08,2002-01-27,133.2473582
2026-10-08,2002-01-28,137.6255733
2026-10-08,2002-01-29,136.8502271
2026-10-08,2002-01-30,136.2815219
2026-10-08,2002-01-31,135.6187648
2026-10-08,2002-02-01,135.9185227
2026-10-08,2002-02-02,135.7761603
2026-10-08,2002-02-03,135.633947
2026-10-08,2002-02-04,135.4918827
2026-10-08,2002-02-05,135.3499673
2026-10-08,2002-02-06,135.2082004
2026-10-08,2002-02-07,135.066582
2026-10-08,2002-02-08,134.925112
2026-10-08,2002-02-09,134.7837902
2026-10-08,2002-02-10,134.6426163
2026-10-08,2002-02-11,130.1535787
2026-10-08,2002-02-12,123.4200841
2026-10-08,2002-02-13,112.816171
2026-10-08,2002-02-14,119.3683019
2026-10-08,2002-02-15,119.2432744
2026-10-08,2002-02-16,119.1183779
2026-10-08,2002-02-17,118.9936122
2026-10-08,2002-02-18,131.6229775
2026-10-08,2002-02-19,139.0427893
2026-10-08,2002-02-20,137.9147653
2026-10-08,2002-02-21,130.9535519
2026-10-08,2002-02-22,136.7089251
2026-10-08,2002-02-23,136.5657348
2026-10-08,2002-02-24,136.4226946
2026-10-08,2002-02-25,136.97334
2026-10-08,2002-02-26,136.011098
2026-10-08,2002-02-27,139.3451615
2026-10-08,2002-02-28,139.7139881
2026-10-08,2002-03-01,135.7068045
2026-10-08,2002-03-02,135.561734
2026-10-08,2002-03-03,135.4168186
2026-10-08,2002-03-04,132.8454965
2026-10-08,2002-03-05,132.7034848
2026-10-08,2002-03-06,140.0669997
2026-10-08,2002-03-07,144.2167994
2026-10-08,2002-03-08,145.6175473
2026-10-08,2002-03-09,145.4618823
2026-10-08,2002-03-10,145.3063836
2026-10-08,2002-03-11,152.1582924
2026-10-08,2002-03-12,155.2650417
2026-10-08,2002-03-13,153.3002296
2026-10-08,2002-03-14,154.1495742
2026-10-08,2002-03-15,150.0354127
2026-10-08,2002-03-16,149.875025
2026-10-08,2002-03-17,149.7148087
2026-10-08,2002-03-18,154.0692581
2026-10-08,2002-03-19,156.3492473
2026-10-08,2002-03-20,160.7264333
2026-10-08,2002-03-21,153.7498084
2026-10-08,2002-03-22,189.6786227
2026-10-08,2002-03-23,189.4758564
2026-10-08,2002-03-24,189.2733069
2026-10-08,2002-03-25,201.1320878
2026-10-08,2002-03-26,185.0345882
2026-10-08,2002-03-27,190.4035814
2026-10-08,2002-03-28,190.2000401
2026-10-08,2002-03-29,189.9967164
2026-10-08,2002-03-30,189.7936101
2026-10-08,2002-03-31,189.5907209
2026-10-08,2002-04-01,188.9957712
2026-10-08,2002-04-02,186.4296859
2026-10-08,2002-04-03,186.3100078
2026-10-08,2002-04-04,168.132923
2026-10-08,2002-04-05,172.5709024
2026-10-08,2002-04-06,172.0293622
2026-10-08,2002-04-07,171.4895214
2026-10-08,2002-04-08,169.6702583
2026-10-08,2002-04-09,173.4936678
2026-10-08,2002-04-10,172.9885117
2026-10-08,2002-04-11,175.9833898
2026-10-08,2002-04-12,177.7609662
2026-10-08,2002-04-13,177.2031392
2026-10-08,2002-04-14,176.6470627
2026-10-08,2002-04-15,179.1084433
2026-10-08,2002-04-16,170.2386791
2026-10-08,2002-04-17,169.7044576
2026-10-08,2002-04-18,169.1719124
2026-10-08,2002-04-19,191.5898133
2026-10-08,2002-04-20,190.9885904
2026-10-08,2002-04-21,190.3892541
2026-10-08,2002-04-22,189.7917985
2026-10-08,2002-04-23,189.1962179
2026-10-08,2002-04-24,188.6025062
2026-10-08,2002-04-25,188.0106576
2026-10-08,2002-04-26,187.4206663
2026-10-08,2002-04-27,186.8325264
2026-10-08,2002-04-28,186.2462321
2026-10-08,2002-04-29,176.0763888
2026-10-08,2002-04-30,176.6807081
2026-10-08,2002-05-01,176.4667185
2026-10-08,2002-05-02,183.9004141
2026-10-08,2002-05-03,192.584999
2026-10-08,2002-05-04,192.3517468
2026-10-08,2002-05-05,192.118777
2026-10-08,2002-05-06,191.6559098
2026-10-08,2002-05-07,191.0266815
2026-10-08,2002-05-08,188.8748386
2026-10-08,2002-05-09,188.7216593
2026-10-08,2002-05-10,193.0958909
2026-10-08,2002-05-11,192.8620199
2026-10-08,2002-05-12,192.6284321
2026-10-08,2002-05-13,191.9947431
2026-10-08,2002-05-14,189.9100408
2026-10-08,2002-05-15,190.9833822
2026-10-08,2002-05-16,191.4029574
2026-10-08,2002-05-17,202.1224871
2026-10-08,2002-05-18,201.8776833
2026-10-08,2002-05-19,201.6331761
2026-10-08,2002-05-20,210.2509487
2026-10-08,2002-05-21,209.9963001
2026-10-08,2002-05-22,204.8737037
2026-10-08,2002-05-23,200.9630234
2026-10-08,2002-05-24,200.719624
2026-10-08,2002-05-25,200.4765193
2026-10-08,2002-05-26,200.2337092
2026-10-08,2002-05-27,199.991193
2026-10-08,2002-05-28,207.1616072
2026-10-08,2002-05-29,213.9671336
2026-10-08,2002-05-30,213.707984
2026-10-08,2002-05-31,212.4442518
2026-10-08,2002-06-01,212.188993
2026-10-08,2002-06-02,211.934041
2026-10-08,2002-06-03,214.6860123
2026-10-08,2002-06-04,215.4336914
2026-10-08,2002-06-05,216.1294463
2026-10-08,2002-06-06,217.2491191
2026-10-08,2002-06-07,216.9880871
2026-10-08,2002-06-08,216.7273688
2026-10-08,2002-06-09,216.4669637
2026-10-08,2002-06-10,206.6415547
2026-10-08,2002-06-11,207.2916781
2026-10-08,2002-06-12,206.7580909
2026-10-08,2002-06-13,205.7664305
2026-10-08,2002-06-14,210.8544413
2026-10-08,2002-06-15,210.6010927
2026-10-08,2002-06-16,210.3480485
2026-10-08,2002-06-17,210.0953084
2026-10-08,2002-06-18,209.3064188
2026-10-08,2002-06-19,211.0124513
2026-10-08,2002-06-20,215.5523564
2026-10-08,2002-06-21,222.3345626
2026-10-08,2002-06-22,222.0674203
2026-10-08,2002-06-23,221.8005989
2026-10-08,2002-06-24,227.4336565
2026-10-08,2002-06-25,233.4893319
2026-10-08,2002-06-26,233.6515007
2026-10-08,2002-06-27,230.1766099
2026-10-08,2002-06-28,230.8324188
2026-10-08,2002-06-29,230.555066
2026-10-08,2002-06-30,230.2780465
2026-10-08,2002-07-01,228.8298697
2026-10-08,2002-07-02,218.6981665
2026-10-08,2002-07-03,214.8785253
2026-10-08,2002-07-04,214.6541569
2026-10-08,2002-07-05,214.4300229
2026-10-08,2002-07-06,214.2061228
2026-10-08,2002-07-07,213.9824566
2026-10-08,2002-07-08,213.7590239
2026-10-08,2002-07-09,213.5358245
2026-10-08,2002-07-10,213.3128582
2026-10-08,2002-07-11,215.1967025
2026-10-08,2002-07-12,215.244484
2026-10-08,2002-07-13,215.0197335
2026-10-08,2002-07-14,214.7952177
2026-10-08,2002-07-15,218.3661571
2026-10-08,2002-07-16,216.2988454
2026-10-08,2002-07-17,216.3519917
2026-10-08,2002-07-18,215.2641429
2026-10-08,2002-07-19,217.6219579
2026-10-08,2002-07-20,217.394725
2026-10-08,2002-07-21,217.1677293
2026-10-08,2002-07-22,217.7196013
2026-10-08,2002-07-23,217.5364742
2026-10-08,2002-07-24,216.3149784
2026-10-08,2002-07-25,217.7707449
2026-10-08,2002-07-26,215.6109719
2026-10-08,2002-07-27,215.3858387
2026-10-08,2002-07-28,215.1609407
2026-10-08,2002-07-29,212.5461652
2026-10-08,2002-07-30,214.5756847
2026-10-08,2002-07-31,214.4863511
2026-10-08,2002-08-01,210.1650693
2026-10-08,2002-08-02,211.8209155
2026-10-08,2002-08-03,211.6678329
2026-10-08,2002-08-04,211.5148609
2026-10-08,2002-08-05,211.0847981
2026-10-08,2002-08-06,206.7127012
2026-10-08,2002-08-07,209.0848147
2026-10-08,2002-08-08,207.7877836
2026-10-08,2002-08-09,207.6900589
2026-10-08,2002-08-10,207.5399616
2026-10-08,2002-08-11,207.3899728
2026-10-08,2002-08-12,207.9723539
2026-10-08,2002-08-13,208.9500518
2026-10-08,2002-08-14,210.1427504
2026-10-08,2002-08-15,209.9055531
2026-10-08,2002-08-16,209.6685889
2026-10-08,2002-08-17,209.5170618
2026-10-08,2002-08-18,209.3656441
2026-10-08,2002-08-19,209.2143359
2026-10-08,2002-08-20,207.1322117
2026-10-08,2002-08-21,204.9949874
2026-10-08,2002-08-22,202.9419674
2026-10-08,2002-08-23,204.9329084
2026-10-08,2002-08-24,204.7848037
2026-10-08,2002-08-25,204.636806
2026-10-08,2002-08-26,205.0749066
2026-10-08,2002-08-27,206.6125233
2026-10-08,2002-08-28,205.4527433
2026-10-08,2002-08-29,206.7550155
2026-10-08,2002-08-30,206.4818819
2026-10-08,2002-08-31,206.3326577
2026-10-08,2002-09-01,206.2579941
2026-10-08,2002-09-02,206.8557859
2026-10-08,2002-09-03,209.6465153
2026-10-08,2002-09-04,209.4074105
2026-10-08,2002-09-05,208.3105551
2026-10-08,2002-09-06,206.3886728
2026-10-08,2002-09-07,206.3139889
2026-10-08,2002-09-08,206.239332
2026-10-08,2002-09-09,205.5149354
2026-10-08,2002-09-10,204.2043623
2026-10-08,2002-09-11,204.2980292
2026-10-08,2002-09-12,205.2709755
2026-10-08,2002-09-13,205.196696
2026-10-08,2002-09-14,205.1224434
2026-10-08,2002-09-15,205.0482177
2026-10-08,2002-09-16,202.9460222
2026-10-08,2002-09-17,202.7471863
2026-10-08,2002-09-18,204.2407242
2026-10-08,2002-09-19,205.7958082
2026-10-08,2002-09-20,205.7213388
2026-10-08,2002-09-21,205.6468964
2026-10-08,2002-09-22,205.5724809
2026-10-08,2002-09-23,205.9493032
2026-10-08,2002-09-24,205.8428477
2026-10-08,2002-09-25,206.0531062
2026-10-08,2002-09-26,203.0252699
2026-10-08,2002-09-27,210.4569166
2026-10-08,2002-09-28,210.3807605
2026-10-08,2002-09-29,210.3046321
2026-10-08,2002-09-30,210.2285311
2026-10-08,2002-10-01,210.9764902
2026-10-08,2002-10-02,211.6492737
2026-10-08,2002-10-03,212.1447619
2026-10-08,2002-10-04,212.1459935
2026-10-08,2002-10-05,212.1472252
2026-10-08,2002-10-06,212.1484568
2026-10-08,2002-10-07,210.860286
2026-10-08,2002-10-08,209.3775999
2026-10-08,2002-10-09,210.8173468
2026-10-08,2002-10-10,209.1338368
2026-10-08,2002-10-11,209.1774589
2026-10-08,2002-10-12,209.1786733
2026-10-08,2002-10-13,209.1798877
2026-10-08,2002-10-14,209.1811021
2026-10-08,2002-10-15,205.6623708
2026-10-08,2002-10-16,202.4983462
2026-10-08,2002-10-17,200.3538315
2026-10-08,2002-10-18,209.1435501
2026-10-08,2002-10-19,209.1447643
2026-10-08,2002-10-20,209.1459786
2026-10-08,2002-10-21,202.4442193
2026-10-08,2002-10-22,203.1532522
2026-10-08,2002-10-23,202.2208175
2026-10-08,2002-10-24,201.9530243
2026-10-08,2002-10-25,202.6173628
2026-10-08,2002-10-26,202.6185391
2026-10-08,2002-10-27,202.6197154
2026-10-08,2002-10-28,202.8838473
2026-10-08,2002-10-29,202.0246259
2026-10-08,2002-10-30,199.9869526
2026-10-08,2002-10-31,199.609435
2026-10-08,2002-11-01,201.0832528
2026-10-08,2002-11-02,201.0439686
2026-10-08,2002-11-03,201.004692
2026-10-08,2002-11-04,203.5133649
2026-10-08,2002-11-05,202.6961459
2026-10-08,2002-11-06,202.6565466
2026-10-08,2002-11-07,206.0708873
2026-10-08,2002-11-08,206.2683996
2026-10-08,2002-11-09,206.2281024
2026-10-08,2002-11-10,206.187813
2026-10-08,2002-11-11,205.8217676
2026-10-08,2002-11-12,204.0272586
2026-10-08,2002-11-13,203.1801678
2026-10-08,2002-11-14,204.3785205
2026-10-08,2002-11-15,203.9998249
2026-10-08,2002-11-16,203.9599709
2026-10-08,2002-11-17,203.9201247
2026-10-08,2002-11-18,199.7922698
2026-10-08,2002-11-19,200.5200087
2026-10-08,2002-11-20,201.5238343
2026-10-08,2002-11-21,199.6899234
2026-10-08,2002-11-22,199.2019501
2026-10-08,2002-11-23,199.1630334
2026-10-08,2002-11-24,199.1241243
2026-10-08,2002-11-25,198.2268387
2026-10-08,2002-11-26,196.718253
2026-10-08,2002-11-27,197.7503015
2026-10-08,2002-11-28,197.7116684
2026-10-08,2002-11-29,206.1193268
2026-10-08,2002-11-30,206.0790587
2026-10-08,2002-12-01,206.0980172
2026-10-08,2002-12-02,203.0050801
2026-10-08,2002-12-03,201.0781566
2026-10-08,2002-12-04,201.2529511
2026-10-08,2002-12-05,201.0501113
2026-10-08,2002-12-06,202.7792299
2026-10-08,2002-12-07,202.7978848
2026-10-08,2002-12-08,202.8165414
2026-10-08,2002-12-09,202.9761135
2026-10-08,2002-12-10,202.4398058
2026-10-08,2002-12-11,201.8432232
2026-10-08,2002-12-12,203.3830076
2026-10-08,2002-12-13,204.8250651
2026-10-08,2002-12-14,204.8439083
2026-10-08,2002-12-15,204.8627531
2026-10-08,2002-12-16,206.308307
2026-10-08,2002-12-17,207.317205
2026-10-08,2002-12-18,204.613951
2026-10-08,2002-12-19,202.5618743
2026-10-08,2002-12-20,204.3457973
2026-10-08,2002-12-21,204.3645963
2026-10-08,2002-12-22,204.3833971
2026-10-08,2002-12-23,203.0128877
2026-10-08,2002-12-24,203.0315641
2026-10-08,2002-12-25,203.0502423
2026-10-08,2002-12-26,201.3027737
2026-10-08,2002-12-27,202.0398812
2026-10-08,2002-12-28,202.0584681
2026-10-08,2002-12-29,202.0770567
2026-10-08,2002-12-30,202.2007796
2026-10-08,2002-12-31,201.9099546
2026-10-08,2003-01-01,201.8215934
2026-10-08,2003-01-02,197.8584017
2026-10-08,2003-01-03,198.1154172
2026-10-08,2003-01-04,198.0287167
2026-10-08,2003-01-05,197.942054
2026-10-08,2003-01-06,198.5156321
2026-10-08,2003-01-07,194.5711315
2026-10-08,2003-01-08,196.8932946
2026-10-08,2003-01-09,199.3067332
2026-10-08,2003-01-10,201.2644712
2026-10-08,2003-01-11,201.1763925
2026-10-08,2003-01-12,201.0883523
2026-10-08,2003-01-13,199.7246667
2026-10-08,2003-01-14,194.8965451
2026-10-08,2003-01-15,193.6674234
2026-10-08,2003-01-16,195.8986075
2026-10-08,2003-01-17,194.7800262
2026-10-08,2003-01-18,194.6947852
2026-10-08,2003-01-19,194.6095816
2026-10-08,2003-01-20,193.0192589
2026-10-08,2003-01-21,188.0180502
2026-10-08,2003-01-22,188.1463014
2026-10-08,2003-01-23,191.2544051
2026-10-08,2003-01-24,192.4135742
2026-10-08,2003-01-25,192.3293689
2026-10-08,2003-01-26,192.2452004
2026-10-08,2003-01-27,203.4016526
2026-10-08,2003-01-28,202.8816136
2026-10-08,2003-01-29,202.387437
2026-10-08,2003-01-30,197.5137464
2026-10-08,2003-01-31,194.1469446
2026-10-08,2003-02-01,194.1353458
2026-10-08,2003-02-02,194.1237477
2026-10-08,2003-02-03,192.8715604
2026-10-08,2003-02-04,194.4689152
2026-10-08,2003-02-05,191.8849489
2026-10-08,2003-02-06,191.8734852
2026-10-08,2003-02-07,192.3908557
2026-10-08,2003-02-08,192.3793618
2026-10-08,2003-02-09,192.3678686
2026-10-08,2003-02-10,189.3540304
2026-10-08,2003-02-11,188.1679009
2026-10-08,2003-02-12,187.8413129
2026-10-08,2003-02-13,192.5072799
2026-10-08,2003-02-14,193.0672549
2026-10-08,2003-02-15,193.0557206
2026-10-08,2003-02-16,193.044187
2026-10-08,2003-02-17,191.1245843
2026-10-08,2003-02-18,190.8254129
2026-10-08,2003-02-19,192.8980432
2026-10-08,2003-02-20,195.5779004
2026-10-08,2003-02-21,195.0963222
2026-10-08,2003-02-22,195.0846667
2026-10-08,2003-02-23,195.0730118
2026-10-08,2003-02-24,192.6306865
2026-10-08,2003-02-25,191.9759727
2026-10-08,2003-02-26,192.6076707
2026-10-08,2003-02-27,193.2547138
2026-10-08,2003-02-28,193.656081
2026-10-08,2003-03-01,193.6559734
2026-10-08,2003-03-02,193.6558658
2026-10-08,2003-03-03,196.5680348
2026-10-08,2003-03-04,195.1961488
2026-10-08,2003-03-05,195.8131848
2026-10-08,2003-03-06,196.5202648
2026-10-08,2003-03-07,195.8888298
2026-10-08,2003-03-08,195.888721
2026-10-08,2003-03-09,195.8886121
2026-10-08,2003-03-10,195.0551411
2026-10-08,2003-03-11,194.2224589
2026-10-08,2003-03-12,192.8587969
2026-10-08,2003-03-13,189.6861448
2026-10-08,2003-03-14,188.667638
2026-10-08,2003-03-15,188.6675332
2026-10-08,2003-03-16,188.6674283
2026-10-08,2003-03-17,185.2073758
2026-10-08,2003-03-18,182.8175016
2026-10-08,2003-03-19,179.1187268
2026-10-08,2003-03-20,180.8715032
2026-10-08,2003-03-21,179.016778
2026-10-08,2003-03-22,179.0166786
2026-10-08,2003-03-23,179.0165791
2026-10-08,2003-03-24,179.2405762
2026-10-08,2003-03-25,176.0280521
2026-10-08,2003-03-26,174.3837558
2026-10-08,2003-03-27,173.1485972
2026-10-08,2003-03-28,180.9550588
2026-10-08,2003-03-29,180.9549582
2026-10-08,2003-03-30,180.9548577
2026-10-08,2003-03-31,180.9547571
2026-10-08,2003-04-01,181.0292129
2026-10-08,2003-04-02,175.619422
2026-10-08,2003-04-03,175.2174316
2026-10-08,2003-04-04,175.0112848
2026-10-08,2003-04-05,175.0173252
2026-10-08,2003-04-06,175.0233658
2026-10-08,2003-04-07,173.4296227
2026-10-08,2003-04-08,175.6015271
2026-10-08,2003-04-09,177.0048213
2026-10-08,2003-04-10,175.3224828
2026-10-08,2003-04-11,175.625002
2026-10-08,2003-04-12,175.6310636
2026-10-08,2003-04-13,175.6371253
2026-10-08,2003-04-14,177.7241407
2026-10-08,2003-04-15,179.5746445
2026-10-08,2003-04-16,179.9636822
2026-10-08,2003-04-17,179.9698935
2026-10-08,2003-04-18,179.9761051
2026-10-08,2003-04-19,179.9823168
2026-10-08,2003-04-20,179.9885287
2026-10-08,2003-04-21,176.6748523
2026-10-08,2003-04-22,175.8246057
2026-10-08,2003-04-23,175.1497427
2026-10-08,2003-04-24,177.6779682
2026-10-08,2003-04-25,177.7807556
2026-10-08,2003-04-26,177.7868915
2026-10-08,2003-04-27,177.7930277
2026-10-08,2003-04-28,177.0097332
2026-10-08,2003-04-29,177.4886499
2026-10-08,2003-04-30,177.4692558
2026-10-08,2003-05-01,177.4880931
2026-10-08,2003-05-02,176.5932587
2026-10-08,2003-05-03,176.612003
2026-10-08,2003-05-04,176.6307493
2026-10-08,2003-05-05,178.1348945
2026-10-08,2003-05-06,180.0794482
2026-10-08,2003-05-07,178.7160773
2026-10-08,2003-05-08,178.9502057
2026-10-08,2003-05-09,180.0728519
2026-10-08,2003-05-10,180.0919655
2026-10-08,2003-05-11,180.1110812
2026-10-08,2003-05-12,180.6697345
2026-10-08,2003-05-13,180.110732
2026-10-08,2003-05-14,181.7647666
2026-10-08,2003-05-15,182.5701763
2026-10-08,2003-05-16,191.6069265
2026-10-08,2003-05-17,191.6272644
2026-10-08,2003-05-18,191.6476045
2026-10-08,2003-05-19,192.1277819
2026-10-08,2003-05-20,190.0037812
2026-10-08,2003-05-21,187.5469404
2026-10-08,2003-05-22,189.9901927
2026-10-08,2003-05-23,193.8407646
2026-10-08,2003-05-24,193.8613396
2026-10-08,2003-05-25,193.8819169
2026-10-08,2003-05-26,191.8966084
2026-10-08,2003-05-27,192.4358469
2026-10-08,2003-05-28,191.3531053
2026-10-08,2003-05-29,193.3100977
2026-10-08,2003-05-30,189.6094334
2026-10-08,2003-05-31,189.6295593
2026-10-08,2003-06-01,189.6427463
2026-10-08,2003-06-02,189.4303836
2026-10-08,2003-06-03,187.9061437
2026-10-08,2003-06-04,186.6700289
2026-10-08,2003-06-05,189.7403973
2026-10-08,2003-06-06,186.6115146
2026-10-08,2003-06-07,186.6244918
2026-10-08,2003-06-08,186.6374699
2026-10-08,2003-06-09,187.0040969
2026-10-08,2003-06-10,185.651845
2026-10-08,2003-06-11,187.6548039
2026-10-08,2003-06-12,188.7593395
2026-10-08,2003-06-13,189.3346812
2026-10-08,2003-06-14,189.3478478
2026-10-08,2003-06-15,189.3610153
2026-10-08,2003-06-16,189.3741837
2026-10-08,2003-06-17,187.1727251
2026-10-08,2003-06-18,184.716126
2026-10-08,2003-06-19,185.8676237
2026-10-08,2003-06-20,183.7834132
2026-10-08,2003-06-21,183.7961938
2026-10-08,2003-06-22,183.8089752
2026-10-08,2003-06-23,182.4438875
2026-10-08,2003-06-24,180.1920095
2026-10-08,2003-06-25,181.8356344
2026-10-08,2003-06-26,180.5546041
2026-10-08,2003-06-27,182.2348359
2026-10-08,2003-06-28,182.2475088
2026-10-08,2003-06-29,182.2601825
2026-10-08,2003-06-30,182.2988545
2026-10-08,2003-07-01,183.5640215
2026-10-08,2003-07-02,182.9897619
2026-10-08,2003-07-03,181.6469993
2026-10-08,2003-07-04,181.6121058
2026-10-08,2003-07-05,181.577219
2026-10-08,2003-07-06,181.5423389
2026-10-08,2003-07-07,178.2746038
2026-10-08,2003-07-08,177.4748111
2026-10-08,2003-07-09,177.440719
2026-10-08,2003-07-10,177.8421443
2026-10-08,2003-07-11,176.3669577
2026-10-08,2003-07-12,176.3330785
2026-10-08,2003-07-13,176.2992057
2026-10-08,2003-07-14,176.4658685
2026-10-08,2003-07-15,174.7424285
2026-10-08,2003-07-16,175.9674738
2026-10-08,2003-07-17,176.346015
2026-10-08,2003-07-18,178.2874419
2026-10-08,2003-07-19,178.2531938
2026-10-08,2003-07-20,178.2189522
2026-10-08,2003-07-21,179.100834
2026-10-08,2003-07-22,177.5208359
2026-10-08,2003-07-23,179.7284417
2026-10-08,2003-07-24,181.3320542
2026-10-08,2003-07-25,183.0710031
2026-10-08,2003-07-26,183.0358361
2026-10-08,2003-07-27,183.0006758
2026-10-08,2003-07-28,183.6512921
2026-10-08,2003-07-29,183.7829594
2026-10-08,2003-07-30,185.9541946
2026-10-08,2003-07-31,184.6260978
2026-10-08,2003-08-01,186.1134482
2026-10-08,2003-08-02,186.121047
2026-10-08,2003-08-03,186.1286462
2026-10-08,2003-08-04,189.0328254
2026-10-08,2003-08-05,187.4635725
2026-10-08,2003-08-06,186.7995377
2026-10-08,2003-08-07,187.5720324
2026-10-08,2003-08-08,186.4127144
2026-10-08,2003-08-09,186.4203255
2026-10-08,2003-08-10,186.4279369
2026-10-08,2003-08-11,186.5765943
2026-10-08,2003-08-12,184.6112379
2026-10-08,2003-08-13,183.9239109
2026-10-08,2003-08-14,183.4273343
2026-10-08,2003-08-15,183.4348235
2026-10-08,2003-08-16,183.442313
2026-10-08,2003-08-17,183.4498028
2026-10-08,2003-08-18,183.4572929
2026-10-08,2003-08-19,181.3655924
2026-10-08,2003-08-20,182.4401884
2026-10-08,2003-08-21,181.4631262
2026-10-08,2003-08-22,181.0216799
2026-10-08,2003-08-23,181.0290709
2026-10-08,2003-08-24,181.0364622
2026-10-08,2003-08-25,179.3777287
2026-10-08,2003-08-26,180.4706538
2026-10-08,2003-08-27,181.3887674
2026-10-08,2003-08-28,180.7999768
2026-10-08,2003-08-29,182.908027
2026-10-08,2003-08-30,182.915495
2026-10-08,2003-08-31,182.9229633
2026-10-08,2003-09-01,183.1896659
2026-10-08,2003-09-02,182.1615186
2026-10-08,2003-09-03,182.4662579
2026-10-08,2003-09-04,181.9659244
2026-10-08,2003-09-05,183.4581694
2026-10-08,2003-09-06,183.4773631
2026-10-08,2003-09-07,183.4965589
2026-10-08,2003-09-08,184.1586782
2026-10-08,2003-09-09,186.318006
2026-10-08,2003-09-10,185.4635183
2026-10-08,2003-09-11,183.1340966
2026-10-08,2003-09-12,185.0848038
2026-10-08,2003-09-13,185.1041677
2026-10-08,2003-09-14,185.1235337
2026-10-08,2003-09-15,184.4065715
2026-10-08,2003-09-16,182.5240016
2026-10-08,2003-09-17,185.6065579
2026-10-08,2003-09-18,184.820622
2026-10-08,2003-09-19,186.7960237
2026-10-08,2003-09-20,186.8155666
2026-10-08,2003-09-21,186.8351116
2026-10-08,2003-09-22,188.519777
2026-10-08,2003-09-23,187.821654
2026-10-08,2003-09-24,187.4712382
2026-10-08,2003-09-25,187.9134088
2026-10-08,2003-09-26,188.3523348
2026-10-08,2003-09-27,188.3720405
2026-10-08,2003-09-28,188.3917484
2026-10-08,2003-09-29,190.5786762
2026-10-08,2003-09-30,191.882218
2026-10-08,2003-10-01,192.116709
2026-10-08,2003-10-02,191.9412483
2026-10-08,2003-10-03,188.5546849
2026-10-08,2003-10-04,188.5279647
2026-10-08,2003-10-05,188.5012483
2026-10-08,2003-10-06,189.3182431
2026-10-08,2003-10-07,191.0400573
2026-10-08,2003-10-08,190.4817784
2026-10-08,2003-10-09,187.5372342
2026-10-08,2003-10-10,189.209484
2026-10-08,2003-10-11,189.182671
2026-10-08,2003-10-12,189.1558618
2026-10-08,2003-10-13,189.1290564
2026-10-08,2003-10-14,187.6585943
2026-10-08,2003-10-15,186.3078973
2026-10-08,2003-10-16,186.555487
2026-10-08,2003-10-17,186.6472402
2026-10-08,2003-10-18,186.6207903
2026-10-08,2003-10-19,186.5943441
2026-10-08,2003-10-20,187.7549389
2026-10-08,2003-10-21,187.3834916
2026-10-08,2003-10-22,189.8794516
2026-10-08,2003-10-23,188.7999963
2026-10-08,2003-10-24,189.1915968
2026-10-08,2003-10-25,189.1647864
2026-10-08,2003-10-26,189.1379797
2026-10-08,2003-10-27,188.1032238
2026-10-08,2003-10-28,187.4705973
2026-10-08,2003-10-29,187.6120879
2026-10-08,2003-10-30,188.0215771
2026-10-08,2003-10-31,187.0383365
2026-10-08,2003-11-01,187.025274
2026-10-08,2003-11-02,187.0122125
2026-10-08,2003-11-03,184.2893268
2026-10-08,2003-11-04,184.8067432
2026-10-08,2003-11-05,183.9743443
2026-10-08,2003-11-06,183.9614958
2026-10-08,2003-11-07,184.5066243
2026-10-08,2003-11-08,184.4937387
2026-10-08,2003-11-09,184.480854
2026-10-08,2003-11-10,184.5020099
2026-10-08,2003-11-11,185.1364549
2026-10-08,2003-11-12,186.9360472
2026-10-08,2003-11-13,188.5446917
2026-10-08,2003-11-14,189.5708266
2026-10-08,2003-11-15,189.5575873
2026-10-08,2003-11-16,189.5443489
2026-10-08,2003-11-17,189.0720516
2026-10-08,2003-11-18,191.5076703
2026-10-08,2003-11-19,192.3728147
2026-10-08,2003-11-20,192.5157973
2026-10-08,2003-11-21,193.6257032
2026-10-08,2003-11-22,193.6121807
2026-10-08,2003-11-23,193.5986592
2026-10-08,2003-11-24,191.5789206
2026-10-08,2003-11-25,193.5459331
2026-10-08,2003-11-26,199.6193571
2026-10-08,2003-11-27,198.6007189
2026-10-08,2003-11-28,201.4709791
2026-10-08,2003-11-29,201.4569087
2026-10-08,2003-11-30,201.4428393
2026-10-08,2003-12-01,200.2059826
2026-10-08,2003-12-02,201.9657256
2026-10-08,2003-12-03,201.5490258
2026-10-08,2003-12-04,202.3562857
2026-10-08,2003-12-05,202.2884257
2026-10-08,2003-12-06,202.2946277
2026-10-08,2003-12-07,202.3008299
2026-10-08,2003-12-08,202.3070323
2026-10-08,2003-12-09,201.5822267
2026-10-08,2003-12-10,201.7701671
2026-10-08,2003-12-11,201.6668105
2026-10-08,2003-12-12,204.2789425
2026-10-08,2003-12-13,204.2852055
2026-10-08,2003-12-14,204.2914688
2026-10-08,2003-12-15,204.9568679
2026-10-08,2003-12-16,205.6620504
2026-10-08,2003-12-17,206.5705491
2026-10-08,2003-12-18,207.1652458
2026-10-08,2003-12-19,206.5120434
2026-10-08,2003-12-20,206.5183749
2026-10-08,2003-12-21,206.5247066
2026-10-08,2003-12-22,206.4793691
2026-10-08,2003-12-23,206.2930718
2026-10-08,2003-12-24,207.3241896
2026-10-08,2003-12-25,207.330546
2026-10-08,2003-12-26,206.1719767
2026-10-08,2003-12-27,206.1782978
2026-10-08,2003-12-28,206.1846191
2026-10-08,2003-12-29,206.6409941
2026-10-08,2003-12-30,206.9149067
2026-10-08,2003-12-31,206.7994368
2026-10-08,2004-01-01,206.7567576
2026-10-08,2004-01-02,206.7800846
2026-10-08,2004-01-03,206.7374094
2026-10-08,2004-01-04,206.694743
2026-10-08,2004-01-05,205.2450873
2026-10-08,2004-01-06,205.4374611
2026-10-08,2004-01-07,205.350979
2026-10-08,2004-01-08,207.3528844
2026-10-08,2004-01-09,208.3996651
2026-10-08,2004-01-10,208.3566557
2026-10-08,2004-01-11,208.3136551
2026-10-08,2004-01-12,204.3573565
2026-10-08,2004-01-13,204.6266399
2026-10-08,2004-01-14,205.105026
2026-10-08,2004-01-15,202.2612863
2026-10-08,2004-01-16,199.7637779
2026-10-08,2004-01-17,199.7225507
2026-10-08,2004-01-18,199.681332
2026-10-08,2004-01-19,199.9173035
2026-10-08,2004-01-20,203.735681
2026-10-08,2004-01-21,205.998646
2026-10-08,2004-01-22,205.9804292
2026-10-08,2004-01-23,204.9200553
2026-10-08,2004-01-24,204.877764
2026-10-08,2004-01-25,204.8354814
2026-10-08,2004-01-26,204.1420885
2026-10-08,2004-01-27,205.4779311
2026-10-08,2004-01-28,206.2285108
2026-10-08,2004-01-29,204.2703624
2026-10-08,2004-01-30,204.2206598
2026-10-08,2004-01-31,204.1785128
2026-10-08,2004-02-01,204.1879796
2026-10-08,2004-02-02,202.5987851
2026-10-08,2004-02-03,205.4452839
2026-10-08,2004-02-04,206.3646546
2026-10-08,2004-02-05,208.1901967
2026-10-08,2004-02-06,209.801994
2026-10-08,2004-02-07,209.8117215
2026-10-08,2004-02-08,209.8214496
2026-10-08,2004-02-09,207.9515844
2026-10-08,2004-02-10,208.3386495
2026-10-08,2004-02-11,210.3305022
2026-10-08,2004-02-12,209.8480657
2026-10-08,2004-02-13,207.9884209
2026-10-08,2004-02-14,207.9980644
2026-10-08,2004-02-15,208.0077084
2026-10-08,2004-02-16,207.874864
2026-10-08,2004-02-17,210.3262743
2026-10-08,2004-02-18,209.9647268
2026-10-08,2004-02-19,208.7210794
2026-10-08,2004-02-20,205.3269467
2026-10-08,2004-02-21,205.3364668
2026-10-08,2004-02-22,205.3459874
2026-10-08,2004-02-23,205.6497527
2026-10-08,2004-02-24,206.9832247
2026-10-08,2004-02-25,204.3978049
2026-10-08,2004-02-26,203.9333484
2026-10-08,2004-02-27,203.9870606
2026-10-08,2004-02-28,203.9965186
2026-10-08,2004-02-29,204.005977
2026-10-08,2004-03-01,203.2923444
2026-10-08,2004-03-02,199.6019064
2026-10-08,2004-03-03,197.145639
2026-10-08,2004-03-04,199.3562172
2026-10-08,2004-03-05,202.8626233
2026-10-08,2004-03-06,202.8648812
2026-10-08,2004-03-07,202.8671391
2026-10-08,2004-03-08,202.9623475
2026-10-08,2004-03-09,202.3610095
2026-10-08,2004-03-10,199.9138149
2026-10-08,2004-03-11,200.2682113
2026-10-08,2004-03-12,198.9397516
2026-10-08,2004-03-13,198.9419658
2026-10-08,2004-03-14,198.9441801
2026-10-08,2004-03-15,198.868827
2026-10-08,2004-03-16,198.875014
2026-10-08,2004-03-17,197.423787
2026-10-08,2004-03-18,200.4673858
2026-10-08,2004-03-19,197.6572002
2026-10-08,2004-03-20,197.6594001
2026-10-08,2004-03-21,197.6616001
2026-10-08,2004-03-22,198.3924637
2026-10-08,2004-03-23,198.5094101
2026-10-08,2004-03-24,196.243751
2026-10-08,2004-03-25,196.0006698
2026-10-08,2004-03-26,195.5178002
2026-10-08,2004-03-27,195.5199763
2026-10-08,2004-03-28,195.5221525
2026-10-08,2004-03-29,195.1865279
2026-10-08,2004-03-30,195.0491566
2026-10-08,2004-03-31,196.8923405
2026-10-08,2004-04-01,196.7872793
2026-10-08,2004-04-02,193.2724673
2026-10-08,2004-04-03,193.2504833
2026-10-08,2004-04-04,193.2285018
2026-10-08,2004-04-05,193.2065227
2026-10-08,2004-04-06,191.1581287
2026-10-08,2004-04-07,191.0431493
2026-10-08,2004-04-08,191.0214189
2026-10-08,2004-04-09,190.9996909
2026-10-08,2004-04-10,190.9779654
2026-10-08,2004-04-11,190.9562424
2026-10-08,2004-04-12,189.5107311
2026-10-08,2004-04-13,187.7495321
2026-10-08,2004-04-14,187.5752169
2026-10-08,2004-04-15,188.1430177
2026-10-08,2004-04-16,189.3423321
2026-10-08,2004-04-17,189.3207951
2026-10-08,2004-04-18,189.2992606
2026-10-08,2004-04-19,189.6844015
2026-10-08,2004-04-20,188.7176599
2026-10-08,2004-04-21,188.931956
2026-10-08,2004-04-22,189.7734507
2026-10-08,2004-04-23,188.2722393
2026-10-08,2004-04-24,188.250824
2026-10-08,2004-04-25,188.2294112
2026-10-08,2004-04-26,187.3872098
2026-10-08,2004-04-27,188.5199612
2026-10-08,2004-04-28,188.4289391
2026-10-08,2004-04-29,190.3186657
2026-10-08,2004-04-30,189.8589447
2026-10-08,2004-05-01,189.8339723
2026-10-08,2004-05-02,189.8090032
2026-10-08,2004-05-03,189.4987582
2026-10-08,2004-05-04,192.3870225
2026-10-08,2004-05-05,194.4588822
2026-10-08,2004-05-06,194.6818501
2026-10-08,2004-05-07,193.4976695
2026-10-08,2004-05-08,193.4722185
2026-10-08,2004-05-09,193.4467708
2026-10-08,2004-05-10,192.6385893
2026-10-08,2004-05-11,191.5795057
2026-10-08,2004-05-12,194.0599666
2026-10-08,2004-05-13,192.0135489
2026-10-08,2004-05-14,192.067695
2026-10-08,2004-05-15,192.0424321
2026-10-08,2004-05-16,192.0171725
2026-10-08,2004-05-17,194.8004976
2026-10-08,2004-05-18,193.5710616
2026-10-08,2004-05-19,194.3058219
2026-10-08,2004-05-20,195.5127487
2026-10-08,2004-05-21,197.1643412
2026-10-08,2004-05-22,197.1384079
2026-10-08,2004-05-23,197.1124781
2026-10-08,2004-05-24,197.9203985
2026-10-08,2004-05-25,197.8943658
2026-10-08,2004-05-26,199.3148291
2026-10-08,2004-05-27,202.2537023
2026-10-08,2004-05-28,201.3137686
2026-10-08,2004-05-29,201.2872896
2026-10-08,2004-05-30,201.260814
2026-10-08,2004-05-31,200.7595504
2026-10-08,2004-06-01,201.1701632
2026-10-08,2004-06-02,199.6006791
2026-10-08,2004-06-03,201.3667006
2026-10-08,2004-06-04,202.0253892
2026-10-08,2004-06-05,201.9918528
2026-10-08,2004-06-06,201.9583219
2026-10-08,2004-06-07,203.2664973
2026-10-08,2004-06-08,201.6662361
2026-10-08,2004-06-09,198.3251652
2026-10-08,2004-06-10,199.1383615
2026-10-08,2004-06-11,197.6931227
2026-10-08,2004-06-12,197.6603054
2026-10-08,2004-06-13,197.6274935
2026-10-08,2004-06-14,197.9837375
2026-10-08,2004-06-15,198.6392311
2026-10-08,2004-06-16,196.466719
2026-10-08,2004-06-17,197.8979548
2026-10-08,2004-06-18,199.4849137
2026-10-08,2004-06-19,199.4517989
2026-10-08,2004-06-20,199.4186897
2026-10-08,2004-06-21,199.385586
2026-10-08,2004-06-22,197.9303724
2026-10-08,2004-06-23,196.8586822
2026-10-08,2004-06-24,198.4470231
2026-10-08,2004-06-25,198.3968739
2026-10-08,2004-06-26,198.3639398
2026-10-08,2004-06-27,198.3310112
2026-10-08,2004-06-28,199.5266217
2026-10-08,2004-06-29,198.7571988
2026-10-08,2004-06-30,198.1881989
2026-10-08,2004-07-01,198.4282232
2026-10-08,2004-07-02,198.2505007
2026-10-08,2004-07-03,198.2072021
2026-10-08,2004-07-04,198.163913
2026-10-08,2004-07-05,197.5833349
2026-10-08,2004-07-06,199.5159924
2026-10-08,2004-07-07,201.2324188
2026-10-08,2004-07-08,202.2332243
2026-10-08,2004-07-09,202.1890558
2026-10-08,2004-07-10,202.144897
2026-10-08,2004-07-11,202.1007479
2026-10-08,2004-07-12,202.0113965
2026-10-08,2004-07-13,199.9319738
2026-10-08,2004-07-14,201.0124897
2026-10-08,2004-07-15,200.2223643
2026-10-08,2004-07-16,201.7157082
2026-10-08,2004-07-17,201.6716528
2026-10-08,2004-07-18,201.627607
2026-10-08,2004-07-19,201.5852224
2026-10-08,2004-07-20,200.8629354
2026-10-08,2004-07-21,198.8327152
2026-10-08,2004-07-22,199.630376
2026-10-08,2004-07-23,197.8929243
2026-10-08,2004-07-24,197.8497038
2026-10-08,2004-07-25,197.8064928
2026-10-08,2004-07-26,198.8062006
2026-10-08,2004-07-27,197.2386287
2026-10-08,2004-07-28,197.1801668
2026-10-08,2004-07-29,196.7946554
2026-10-08,2004-07-30,196.6560589
2026-10-08,2004-07-31,196.6131085
2026-10-08,2004-08-01,196.6035039
2026-10-08,2004-08-02,197.2852897
2026-10-08,2004-08-03,198.3803508
2026-10-08,2004-08-04,200.1406603
2026-10-08,2004-08-05,202.5475116
2026-10-08,2004-08-06,206.216149
2026-10-08,2004-08-07,206.2060753
2026-10-08,2004-08-08,206.196002
2026-10-08,2004-08-09,203.8651615
2026-10-08,2004-08-10,203.7587763
2026-10-08,2004-08-11,202.9444671
2026-10-08,2004-08-12,202.1946614
2026-10-08,2004-08-13,204.5865303
2026-10-08,2004-08-14,204.5765361
2026-10-08,2004-08-15,204.5665425
2026-10-08,2004-08-16,204.5565493
2026-10-08,2004-08-17,203.8637928
2026-10-08,2004-08-18,203.5399261
2026-10-08,2004-08-19,203.7877019
2026-10-08,2004-08-20,203.119219
2026-10-08,2004-08-21,203.1092966
2026-10-08,2004-08-22,203.0993746
2026-10-08,2004-08-23,201.142076
2026-10-08,2004-08-24,198.1580738
2026-10-08,2004-08-25,198.1641879
2026-10-08,2004-08-26,199.4625127
2026-10-08,2004-08-27,198.1823901
2026-10-08,2004-08-28,198.1727088
2026-10-08,2004-08-29,198.163028
2026-10-08,2004-08-30,198.8128697
2026-10-08,2004-08-31,200.0973564
2026-10-08,2004-09-01,200.7107175
2026-10-08,2004-09-02,199.9845068
2026-10-08,2004-09-03,198.0901013
2026-10-08,2004-09-04,198.0563763
2026-10-08,2004-09-05,198.022657
2026-10-08,2004-09-06,197.6586316
2026-10-08,2004-09-07,198.0850162
2026-10-08,2004-09-08,199.9100122
2026-10-08,2004-09-09,200.2721383
2026-10-08,2004-09-10,202.3709919
2026-10-08,2004-09-11,202.3365381
2026-10-08,2004-09-12,202.3020901
2026-10-08,2004-09-13,200.9828752
2026-10-08,2004-09-14,200.3615673
2026-10-08,2004-09-15,197.751621
2026-10-08,2004-09-16,198.8089553
2026-10-08,2004-09-17,198.9712515
2026-10-08,2004-09-18,198.9373764
2026-10-08,2004-09-19,198.9035072
2026-10-08,2004-09-20,199.1213638
2026-10-08,2004-09-21,201.3422335
2026-10-08,2004-09-22,200.2467973
2026-10-08,2004-09-23,201.4048023
2026-10-08,2004-09-24,200.4744492
2026-10-08,2004-09-25,200.4403182
2026-10-08,2004-09-26,200.4061931
2026-10-08,2004-09-27,201.0552799
2026-10-08,2004-09-28,200.7160359
2026-10-08,2004-09-29,200.4294927
2026-10-08,2004-09-30,201.9987392
2026-10-08,2004-10-01,201.5727127
2026-10-08,2004-10-02,201.5720334
2026-10-08,2004-10-03,201.571354
2026-10-08,2004-10-04,198.6058305
2026-10-08,2004-10-05,199.8501995
2026-10-08,2004-10-06,199.0969746
2026-10-08,2004-10-07,199.3784071
2026-10-08,2004-10-08,201.161003
2026-10-08,2004-10-09,201.160325
2026-10-08,2004-10-10,201.159647
2026-10-08,2004-10-11,201.158969
2026-10-08,2004-10-12,201.226034
2026-10-08,2004-10-13,198.9161027
2026-10-08,2004-10-14,200.9660888
2026-10-08,2004-10-15,201.5027682
2026-10-08,2004-10-16,201.5020891
2026-10-08,2004-10-17,201.5014099
2026-10-08,2004-10-18,201.2079474
2026-10-08,2004-10-19,202.0877981
2026-10-08,2004-10-20,203.3713626
2026-10-08,2004-10-21,203.4429996
2026-10-08,2004-10-22,204.1051583
2026-10-08,2004-10-23,204.1044704
2026-10-08,2004-10-24,204.1037825
2026-10-08,2004-10-25,207.3331802
2026-10-08,2004-10-26,206.5143137
2026-10-08,2004-10-27,206.1523946
2026-10-08,2004-10-28,207.1941872
2026-10-08,2004-10-29,206.7087889
2026-10-08,2004-10-30,206.7080923
2026-10-08,2004-10-31,206.7073956
2026-10-08,2004-11-01,206.3090062
2026-10-08,2004-11-02,204.7768042
2026-10-08,2004-11-03,206.265918
2026-10-08,2004-11-04,207.7568146
2026-10-08,2004-11-05,208.9203846
2026-10-08,2004-11-06,208.9153842
2026-10-08,2004-11-07,208.9103838
2026-10-08,2004-11-08,209.6057608
2026-10-08,2004-11-09,209.1836031
2026-10-08,2004-11-10,208.8117939
2026-10-08,2004-11-11,208.595891
2026-10-08,2004-11-12,209.2285055
2026-10-08,2004-11-13,209.2234977
2026-10-08,2004-11-14,209.21849
2026-10-08,2004-11-15,208.2679354
2026-10-08,2004-11-16,208.7235278
2026-10-08,2004-11-17,208.2456449
2026-10-08,2004-11-18,207.7368739
2026-10-08,2004-11-19,209.4177288
2026-10-08,2004-11-20,209.4127165
2026-10-08,2004-11-21,209.4077043
2026-10-08,2004-11-22,209.5974064
2026-10-08,2004-11-23,209.7953848
2026-10-08,2004-11-24,211.1358003
2026-10-08,2004-11-25,211.202533
2026-10-08,2004-11-26,213.0577144
2026-10-08,2004-11-27,213.052615
2026-10-08,2004-11-28,213.0475157
2026-10-08,2004-11-29,213.8472493
2026-10-08,2004-11-30,212.9900107
2026-10-08,2004-12-01,213.5763395
2026-10-08,2004-12-02,213.9637859
2026-10-08,2004-12-03,217.4640322
2026-10-08,2004-12-04,217.4321932
2026-10-08,2004-12-05,217.4003588
2026-10-08,2004-12-06,218.3428015
2026-10-08,2004-12-07,217.6691452
2026-10-08,2004-12-08,217.6372762
2026-10-08,2004-12-09,215.0133374
2026-10-08,2004-12-10,214.3484504
2026-10-08,2004-12-11,214.3170675
2026-10-08,2004-12-12,214.2856892
2026-10-08,2004-12-13,215.3416063
2026-10-08,2004-12-14,215.3230771
2026-10-08,2004-12-15,217.0741144
2026-10-08,2004-12-16,215.8288839
2026-10-08,2004-12-17,215.1886645
2026-10-08,2004-12-18,215.1571586
2026-10-08,2004-12-19,215.1256574
2026-10-08,2004-12-20,215.5412822
2026-10-08,2004-12-21,215.5666118
2026-10-08,2004-12-22,215.5264672
2026-10-08,2004-12-23,216.4526395
2026-10-08,2004-12-24,217.0052116
2026-10-08,2004-12-25,216.9734398
2026-10-08,2004-12-26,216.9416726
2026-10-08,2004-12-27,217.4172107
2026-10-08,2004-12-28,219.8664725
2026-10-08,2004-12-29,219.4023478
2026-10-08,2004-12-30,219.8989533
2026-10-08,2004-12-31,220.1623878
2026-10-08,2005-01-01,220.0138826
2026-10-08,2005-01-02,219.8654775
2026-10-08,2005-01-03,216.5113979
2026-10-08,2005-01-04,213.2675238
2026-10-08,2005-01-05,213.4584245
2026-10-08,2005-01-06,210.8795795
2026-10-08,2005-01-07,208.9687281
2026-10-08,2005-01-08,208.8277732
2026-10-08,2005-01-09,208.6869135
2026-10-08,2005-01-10,209.2374387
2026-10-08,2005-01-11,209.2728321
2026-10-08,2005-01-12,210.3631545
2026-10-08,2005-01-13,208.5761237
2026-10-08,2005-01-14,206.6905306
2026-10-08,2005-01-15,206.5511125
2026-10-08,2005-01-16,206.4117884
2026-10-08,2005-01-17,205.7108904
2026-10-08,2005-01-18,205.1817177
2026-10-08,2005-01-19,205.0996119
2026-10-08,2005-01-20,204.2650979
2026-10-08,2005-01-21,205.4527071
2026-10-08,2005-01-22,205.3141239
2026-10-08,2005-01-23,205.1756342
2026-10-08,2005-01-24,204.230949
2026-10-08,2005-01-25,202.1431097
2026-10-08,2005-01-26,203.7669646
2026-10-08,2005-01-27,203.0197383
2026-10-08,2005-01-28,203.1079954
2026-10-08,2005-01-29,202.9709938
2026-10-08,2005-01-30,202.8340846
2026-10-08,2005-01-31,202.7380724
2026-10-08,2005-02-01,202.3928566
2026-10-08,2005-02-02,202.3357847
2026-10-08,2005-02-03,201.1403023
2026-10-08,2005-02-04,199.7677253
2026-10-08,2005-02-05,199.7267004
2026-10-08,2005-02-06,199.6856839
2026-10-08,2005-02-07,197.6559772
2026-10-08,2005-02-08,197.694209
2026-10-08,2005-02-09,197.2527349
2026-10-08,2005-02-10,199.158078
2026-10-08,2005-02-11,198.6035544
2026-10-08,2005-02-12,198.5627686
2026-10-08,2005-02-13,198.5219912
2026-10-08,2005-02-14,199.8409653
2026-10-08,2005-02-15,200.2089933
2026-10-08,2005-02-16,199.1414726
2026-10-08,2005-02-17,201.2262422
2026-10-08,2005-02-18,201.7071203
2026-10-08,2005-02-19,201.6656972
2026-10-08,2005-02-20,201.6242825
2026-10-08,2005-02-21,201.306462
2026-10-08,2005-02-22,204.568824
2026-10-08,2005-02-23,204.962919
2026-10-08,2005-02-24,205.0993153
2026-10-08,2005-02-25,205.3987692
2026-10-08,2005-02-26,205.3565879
2026-10-08,2005-02-27,205.3144153
2026-10-08,2005-02-28,205.8309948
2026-10-08,2005-03-01,205.1390948
2026-10-08,2005-03-02,204.9001846
2026-10-08,2005-03-03,204.4851346
2026-10-08,2005-03-04,205.2222355
2026-10-08,2005-03-05,205.1690502
2026-10-08,2005-03-06,205.1158787
2026-10-08,2005-03-07,204.1568108
2026-10-08,2005-03-08,205.9813592
2026-10-08,2005-03-09,207.2344363
2026-10-08,2005-03-10,207.2513861
2026-10-08,2005-03-11,206.789595
2026-10-08,2005-03-12,206.7360035
2026-10-08,2005-03-13,206.6824258
2026-10-08,2005-03-14,205.0277604
2026-10-08,2005-03-15,204.4589895
2026-10-08,2005-03-16,205.9353588
2026-10-08,2005-03-17,205.1731266
2026-10-08,2005-03-18,204.206107
2026-10-08,2005-03-19,204.1531851
2026-10-08,2005-03-20,204.1002768
2026-10-08,2005-03-21,201.7025439
2026-10-08,2005-03-22,201.7859451
2026-10-08,2005-03-23,198.6057038
2026-10-08,2005-03-24,198.5542332
2026-10-08,2005-03-25,198.5027759
2026-10-08,2005-03-26,198.451332
2026-10-08,2005-03-27,198.3999014
2026-10-08,2005-03-28,197.3605914
2026-10-08,2005-03-29,197.7166726
2026-10-08,2005-03-30,198.2252994
2026-10-08,2005-03-31,198.1996052
2026-10-08,2005-04-01,197.1383132
2026-10-08,2005-04-02,197.1342622
2026-10-08,2005-04-03,197.1302112
2026-10-08,2005-04-04,196.3002442
2026-10-08,2005-04-05,195.9995322
2026-10-08,2005-04-06,195.9311086
2026-10-08,2005-04-07,194.8361982
2026-10-08,2005-04-08,195.9817384
2026-10-08,2005-04-09,195.9777112
2026-10-08,2005-04-10,195.973684
2026-10-08,2005-04-11,196.6083636
2026-10-08,2005-04-12,195.0902355
2026-10-08,2005-04-13,194.6754928
2026-10-08,2005-04-14,193.8861373
2026-10-08,2005-04-15,196.0874513
2026-10-08,2005-04-16,196.0834219
2026-10-08,2005-04-17,196.0793925
2026-10-08,2005-04-18,197.9283994
2026-10-08,2005-04-19,198.1219734
2026-10-08,2005-04-20,198.9079794
2026-10-08,2005-04-21,198.3797688
2026-10-08,2005-04-22,198.2466283
2026-10-08,2005-04-23,198.2425545
2026-10-08,2005-04-24,198.2384808
2026-10-08,2005-04-25,197.1480118
2026-10-08,2005-04-26,196.7962395
2026-10-08,2005-04-27,196.4795725
2026-10-08,2005-04-28,196.3996983
2026-10-08,2005-04-29,195.9602393
2026-10-08,2005-04-30,195.9562124
2026-10-08,2005-05-01,195.9317924
2026-10-08,2005-05-02,195.0823155
2026-10-08,2005-05-03,195.4477099
2026-10-08,2005-05-04,196.1896333
2026-10-08,2005-05-05,196.1723022
2026-10-08,2005-05-06,194.6447736
2026-10-08,2005-05-07,194.620517
2026-10-08,2005-05-08,194.5962634
2026-10-08,2005-05-09,194.3187157
2026-10-08,2005-05-10,194.7958002
2026-10-08,2005-05-11,193.9284051
2026-10-08,2005-05-12,192.2872352
2026-10-08,2005-05-13,191.1642116
2026-10-08,2005-05-14,191.1403887
2026-10-08,2005-05-15,191.1165688
2026-10-08,2005-05-16,190.3213972
2026-10-08,2005-05-17,190.6408209
2026-10-08,2005-05-18,191.0996277
2026-10-08,2005-05-19,190.4971212
2026-10-08,2005-05-20,189.263118
2026-10-08,2005-05-21,189.2395321
2026-10-08,2005-05-22,189.215949
2026-10-08,2005-05-23,189.5940552
2026-10-08,2005-05-24,189.570428
2026-10-08,2005-05-25,189.5468038
2026-10-08,2005-05-26,188.4032975
2026-10-08,2005-05-27,189.3736691
2026-10-08,2005-05-28,189.3500693
2026-10-08,2005-05-29,189.3264725
2026-10-08,2005-05-30,189.2372416
2026-10-08,2005-05-31,185.1924516
2026-10-08,2005-06-01,184.1167727
2026-10-08,2005-06-02,184.6359851
2026-10-08,2005-06-03,184.3482317
2026-10-08,2005-06-04,184.2993521
2026-10-08,2005-06-05,184.2504854
2026-10-08,2005-06-06,185.0644938
2026-10-08,2005-06-07,184.9364302
2026-10-08,2005-06-08,184.5176216
2026-10-08,2005-06-09,184.1639741
2026-10-08,2005-06-10,182.3744426
2026-10-08,2005-06-11,182.3260863
2026-10-08,2005-06-12,182.2777428
2026-10-08,2005-06-13,181.0390553
2026-10-08,2005-06-14,179.9239869
2026-10-08,2005-06-15,181.2927689
2026-10-08,2005-06-16,180.4286422
2026-10-08,2005-06-17,182.6566805
2026-10-08,2005-06-18,182.6082493
2026-10-08,2005-06-19,182.559831
2026-10-08,2005-06-20,182.5114256
2026-10-08,2005-06-21,180.9031186
2026-10-08,2005-06-22,180.145732
2026-10-08,2005-06-23,179.2092226
2026-10-08,2005-06-24,180.362436
2026-10-08,2005-06-25,180.3146132
2026-10-08,2005-06-26,180.266803
2026-10-08,2005-06-27,181.934421
2026-10-08,2005-06-28,180.8222409
2026-10-08,2005-06-29,181.0016683
2026-10-08,2005-06-30,180.6478505
2026-10-08,2005-07-01,178.40006
2026-10-08,2005-07-02,178.3358732
2026-10-08,2005-07-03,178.2717095
2026-10-08,2005-07-04,178.1458096
2026-10-08,2005-07-05,177.5917956
2026-10-08,2005-07-06,177.3690935
2026-10-08,2005-07-07,177.5069792
2026-10-08,2005-07-08,176.7401218
2026-10-08,2005-07-09,176.6765323
2026-10-08,2005-07-10,176.6129656
2026-10-08,2005-07-11,178.4690934
2026-10-08,2005-07-12,180.9959544
2026-10-08,2005-07-13,178.6984603
2026-10-08,2005-07-14,178.190118
2026-10-08,2005-07-15,177.651129
2026-10-08,2005-07-16,177.5872117
2026-10-08,2005-07-17,177.5233173
2026-10-08,2005-07-18,177.5950965
2026-10-08,2005-07-19,177.0688274
2026-10-08,2005-07-20,178.1669282
2026-10-08,2005-07-21,179.3632501
2026-10-08,2005-07-22,177.4541
2026-10-08,2005-07-23,177.3902535
2026-10-08,2005-07-24,177.3264301
2026-10-08,2005-07-25,176.8777831
2026-10-08,2005-07-26,176.4472792
2026-10-08,2005-07-27,177.2441691
2026-10-08,2005-07-28,178.0248866
2026-10-08,2005-07-29,177.719288
2026-10-08,2005-07-30,177.6553461
2026-10-08,2005-07-31,177.5914273
2026-10-08,2005-08-01,178.630234
2026-10-08,2005-08-02,178.4391168
2026-10-08,2005-08-03,180.4949756
2026-10-08,2005-08-04,181.3171515
2026-10-08,2005-08-05,180.7870794
2026-10-08,2005-08-06,180.7753443
2026-10-08,2005-08-07,180.76361
2026-10-08,2005-08-08,181.4298357
2026-10-08,2005-08-09,181.3917669
2026-10-08,2005-08-10,181.8003822
2026-10-08,2005-08-11,182.9302955
2026-10-08,2005-08-12,183.403144
2026-10-08,2005-08-13,183.3912391
2026-10-08,2005-08-14,183.379335
2026-10-08,2005-08-15,183.3674317
2026-10-08,2005-08-16,182.4331693
2026-10-08,2005-08-17,181.4947328
2026-10-08,2005-08-18,180.1640564
2026-10-08,2005-08-19,180.7890445
2026-10-08,2005-08-20,180.7773093
2026-10-08,2005-08-21,180.7655748
2026-10-08,2005-08-22,181.6304574
2026-10-08,2005-08-23,181.7999894
2026-10-08,2005-08-24,182.1416615
2026-10-08,2005-08-25,182.8873772
2026-10-08,2005-08-26,182.6743432
2026-10-08,2005-08-27,182.6624856
2026-10-08,2005-08-28,182.6506288
2026-10-08,2005-08-29,181.9523884
2026-10-08,2005-08-30,181.4913612
2026-10-08,2005-08-31,183.3799686
2026-10-08,2005-09-01,185.1508602
2026-10-08,2005-09-02,186.3153561
2026-10-08,2005-09-03,186.2761344
2026-10-08,2005-09-04,186.2369209
2026-10-08,2005-09-05,186.0057593
2026-10-08,2005-09-06,185.0174808
2026-10-08,2005-09-07,184.0956597
2026-10-08,2005-09-08,183.4308147
2026-10-08,2005-09-09,184.1310845
2026-10-08,2005-09-10,184.0923226
2026-10-08,2005-09-11,184.0535689
2026-10-08,2005-09-12,182.551184
2026-10-08,2005-09-13,182.3702777
2026-10-08,2005-09-14,182.4656757
2026-10-08,2005-09-15,181.1651653
2026-10-08,2005-09-16,181.1628664
2026-10-08,2005-09-17,181.1247294
2026-10-08,2005-09-18,181.0866004
2026-10-08,2005-09-19,179.8192395
2026-10-08,2005-09-20,180.3372295
2026-10-08,2005-09-21,181.0253526
2026-10-08,2005-09-22,179.7674241
2026-10-08,2005-09-23,178.3044522
2026-10-08,2005-09-24,178.2669169
2026-10-08,2005-09-25,178.2293895
2026-10-08,2005-09-26,178.2066528
2026-10-08,2005-09-27,177.5188318
2026-10-08,2005-09-28,178.0972541
2026-10-08,2005-09-29,178.1633798
2026-10-08,2005-09-30,177.5692196
2026-10-08,2005-10-01,177.5396318
2026-10-08,2005-10-02,177.510049
2026-10-08,2005-10-03,175.8551235
2026-10-08,2005-10-04,176.187175
2026-10-08,2005-10-05,177.294847
2026-10-08,2005-10-06,181.3564586
2026-10-08,2005-10-07,180.5117247
2026-10-08,2005-10-08,180.4816466
2026-10-08,2005-10-09,180.4515736
2026-10-08,2005-10-10,180.4215056
2026-10-08,2005-10-11,179.5049696
2026-10-08,2005-10-12,180.4888347
2026-10-08,2005-10-13,181.1466028
2026-10-08,2005-10-14,182.057544
2026-10-08,2005-10-15,182.0272084
2026-10-08,2005-10-16,181.9968778
2026-10-08,2005-10-17,180.747067
2026-10-08,2005-10-18,179.6652215
2026-10-08,2005-10-19,180.1179779
2026-10-08,2005-10-20,180.8141612
2026-10-08,2005-10-21,179.9846677
2026-10-08,2005-10-22,179.9546774
2026-10-08,2005-10-23,179.9246922
2026-10-08,2005-10-24,180.4061228
2026-10-08,2005-10-25,182.8847724
2026-10-08,2005-10-26,182.9818564
2026-10-08,2005-10-27,185.1626839
2026-10-08,2005-10-28,183.607361
2026-10-08,2005-10-29,183.5767671
2026-10-08,2005-10-30,183.5461783
2026-10-08,2005-10-31,181.6177135
2026-10-08,2005-11-01,181.2136883
2026-10-08,2005-11-02,181.7435416
2026-10-08,2005-11-03,179.7899325
2026-10-08,2005-11-04,177.7357256
2026-10-08,2005-11-05,177.6513141
2026-10-08,2005-11-06,177.5669426
2026-10-08,2005-11-07,176.3035754
2026-10-08,2005-11-08,175.5525591
2026-10-08,2005-11-09,175.6304836
2026-10-08,2005-11-10,175.2031673
2026-10-08,2005-11-11,174.9430897
2026-10-08,2005-11-12,174.8600045
2026-10-08,2005-11-13,174.7769587
2026-10-08,2005-11-14,173.6540647
2026-10-08,2005-11-15,173.0177764
2026-10-08,2005-11-16,172.7593067
2026-10-08,2005-11-17,172.6950404
2026-10-08,2005-11-18,173.0697728
2026-10-08,2005-11-19,172.9875772
2026-10-08,2005-11-20,172.9054207
2026-10-08,2005-11-21,172.3680035
2026-10-08,2005-11-22,172.7556163
2026-10-08,2005-11-23,173.8360363
2026-10-08,2005-11-24,174.1068837
2026-10-08,2005-11-25,173.6471046
2026-10-08,2005-11-26,173.5646348
2026-10-08,2005-11-27,173.4822042
2026-10-08,2005-11-28,175.7453402
2026-10-08,2005-11-29,174.3798973
2026-10-08,2005-11-30,173.9771856
2026-10-08,2005-12-01,173.5410321
2026-10-08,2005-12-02,173.6283735
2026-10-08,2005-12-03,173.5853808
2026-10-08,2005-12-04,173.5423987
2026-10-08,2005-12-05,176.3903229
2026-10-08,2005-12-06,175.653727
2026-10-08,2005-12-07,174.1277326
2026-10-08,2005-12-08,174.0846162
2026-10-08,2005-12-09,176.674437
2026-10-08,2005-12-10,176.6306901
2026-10-08,2005-12-11,176.586954
2026-10-08,2005-12-12,179.0804917
2026-10-08,2005-12-13,177.8757081
2026-10-08,2005-12-14,178.8001782
2026-10-08,2005-12-15,178.8872863
2026-10-08,2005-12-16,180.6463239
2026-10-08,2005-12-17,180.6015935
2026-10-08,2005-12-18,180.5568742
2026-10-08,2005-12-19,180.0373026
2026-10-08,2005-12-20,178.2137641
2026-10-08,2005-12-21,177.4200068
2026-10-08,2005-12-22,177.5994676
2026-10-08,2005-12-23,177.3011191
2026-10-08,2005-12-24,177.257217
2026-10-08,2005-12-25,177.2133257
2026-10-08,2005-12-26,176.8763849
2026-10-08,2005-12-27,177.8587133
2026-10-08,2005-12-28,177.8520971
2026-10-08,2005-12-29,177.4328243
2026-10-08,2005-12-30,177.4909763
2026-10-08,2005-12-31,177.4470272
2026-10-08,2006-01-01,177.3490093
2026-10-08,2006-01-02,177.1341452
2026-10-08,2006-01-03,179.346633
2026-10-08,2006-01-04,181.5385326
2026-10-08,2006-01-05,181.7193562
2026-10-08,2006-01-06,183.103375
2026-10-08,2006-01-07,183.0022327
2026-10-08,2006-01-08,182.9011463
2026-10-08,2006-01-09,181.9847745
2026-10-08,2006-01-10,181.2134035
2026-10-08,2006-01-11,181.7315868
2026-10-08,2006-01-12,179.3956352
2026-10-08,2006-01-13,180.6086931
2026-10-08,2006-01-14,180.5089288
2026-10-08,2006-01-15,180.4092197
2026-10-08,2006-01-16,180.3095656
2026-10-08,2006-01-17,180.1624961
2026-10-08,2006-01-18,180.0911514
2026-10-08,2006-01-19,180.4250837
2026-10-08,2006-01-20,179.5104276
2026-10-08,2006-01-21,179.41127
2026-10-08,2006-01-22,179.3121671
2026-10-08,2006-01-23,182.2064453
2026-10-08,2006-01-24,182.0902473
2026-10-08,2006-01-25,182.3971821
2026-10-08,2006-01-26,182.0449157
2026-10-08,2006-01-27,180.4417034
2026-10-08,2006-01-28,180.3420314
2026-10-08,2006-01-29,180.2424144
2026-10-08,2006-01-30,179.7539025
2026-10-08,2006-01-31,181.4071477
2026-10-08,2006-02-01,179.9836457
2026-10-08,2006-02-02,180.2883267
2026-10-08,2006-02-03,178.8381338
2026-10-08,2006-02-04,178.8308787
2026-10-08,2006-02-05,178.8236239
2026-10-08,2006-02-06,178.2476094
2026-10-08,2006-02-07,178.6650739
2026-10-08,2006-02-08,178.1836792
2026-10-08,2006-02-09,178.0516931
2026-10-08,2006-02-10,177.4326
2026-10-08,2006-02-11,177.4254019
2026-10-08,2006-02-12,177.4182041
2026-10-08,2006-02-13,177.2734558
2026-10-08,2006-02-14,177.381775
2026-10-08,2006-02-15,177.0913948
2026-10-08,2006-02-16,176.7047057
2026-10-08,2006-02-17,176.8742763
2026-10-08,2006-02-18,176.8671009
2026-10-08,2006-02-19,176.8599257
2026-10-08,2006-02-20,176.7374622
2026-10-08,2006-02-21,177.4375225
2026-10-08,2006-02-22,177.6186234
2026-10-08,2006-02-23,177.8332825
2026-10-08,2006-02-24,177.09326
2026-10-08,2006-02-25,177.0860757
2026-10-08,2006-02-26,177.0788916
2026-10-08,2006-02-27,176.7733814
2026-10-08,2006-02-28,177.8121051
2026-10-08,2006-03-01,177.1167537
2026-10-08,2006-03-02,178.6888226
2026-10-08,2006-03-03,179.0320355
2026-10-08,2006-03-04,178.9958948
2026-10-08,2006-03-05,178.9597614
2026-10-08,2006-03-06,178.9478591
2026-10-08,2006-03-07,177.4003275
2026-10-08,2006-03-08,178.029967
2026-10-08,2006-03-09,177.7999678
2026-10-08,2006-03-10,177.4080307
2026-10-08,2006-03-11,177.3722179
2026-10-08,2006-03-12,177.3364122
2026-10-08,2006-03-13,177.8859061
2026-10-08,2006-03-14,178.8390562
2026-10-08,2006-03-15,179.0012777
2026-10-08,2006-03-16,181.0440952
2026-10-08,2006-03-17,181.0372292
2026-10-08,2006-03-18,181.0006837
2026-10-08,2006-03-19,180.9641456
2026-10-08,2006-03-20,180.4964396
2026-10-08,2006-03-21,179.5245542
2026-10-08,2006-03-22,179.2794536
2026-10-08,2006-03-23,178.1087397
2026-10-08,2006-03-24,178.0727854
2026-10-08,2006-03-25,178.0368383
2026-10-08,2006-03-26,178.0008985
2026-10-08,2006-03-27,178.6721076
2026-10-08,2006-03-28,179.5146033
2026-10-08,2006-03-29,178.6638264
2026-10-08,2006-03-30,180.2603657
2026-10-08,2006-03-31,180.0892957
2026-10-08,2006-04-01,180.0715216
2026-10-08,2006-04-02,180.0537493
2026-10-08,2006-04-03,180.1815111
2026-10-08,2006-04-04,182.0226954
2026-10-08,2006-04-05,182.2579646
2026-10-08,2006-04-06,181.27599
2026-10-08,2006-04-07,179.639378
2026-10-08,2006-04-08,179.6216484
2026-10-08,2006-04-09,179.6039205
2026-10-08,2006-04-10,179.2894557
2026-10-08,2006-04-11,179.6465235
2026-10-08,2006-04-12,179.3018288
2026-10-08,2006-04-13,179.2841325
2026-10-08,2006-04-14,179.2664379
2026-10-08,2006-04-15,179.2487451
2026-10-08,2006-04-16,179.231054
2026-10-08,2006-04-17,181.7762009
2026-10-08,2006-04-18,181.5957652
2026-10-08,2006-04-19,182.8913881
2026-10-08,2006-04-20,181.3067254
2026-10-08,2006-04-21,181.6125708
2026-10-08,2006-04-22,181.5946464
2026-10-08,2006-04-23,181.5767238
2026-10-08,2006-04-24,181.6964357
2026-10-08,2006-04-25,181.4523594
2026-10-08,2006-04-26,181.7534632
2026-10-08,2006-04-27,183.3808603
2026-10-08,2006-04-28,184.9370781
2026-10-08,2006-04-29,184.9188256
2026-10-08,2006-04-30,184.9005749
2026-10-08,2006-05-01,184.889095
2026-10-08,2006-05-02,184.5493022
2026-10-08,2006-05-03,184.5752769
2026-10-08,2006-05-04,185.3214108
2026-10-08,2006-05-05,186.1135278
2026-10-08,2006-05-06,186.1019726
2026-10-08,2006-05-07,186.0904182
2026-10-08,2006-05-08,185.4335302
2026-10-08,2006-05-09,186.3156493
2026-10-08,2006-05-10,186.7538478
2026-10-08,2006-05-11,187.2625449
2026-10-08,2006-05-12,188.0159159
2026-10-08,2006-05-13,188.0042426
2026-10-08,2006-05-14,187.9925701
2026-10-08,2006-05-15,187.122363
2026-10-08,2006-05-16,187.5665857
2026-10-08,2006-05-17,186.1542325
2026-10-08,2006-05-18,187.9312448
2026-10-08,2006-05-19,187.22111
2026-10-08,2006-05-20,187.2094861
2026-10-08,2006-05-21,187.1978629
2026-10-08,2006-05-22,189.7881324
2026-10-08,2006-05-23,189.5847144
2026-10-08,2006-05-24,188.7997339
2026-10-08,2006-05-25,188.7880119
2026-10-08,2006-05-26,185.8543215
2026-10-08,2006-05-27,185.8427824
2026-10-08,2006-05-28,185.8312441
2026-10-08,2006-05-29,187.9477723
2026-10-08,2006-05-30,190.7411591
2026-10-08,2006-05-31,190.0408679
2026-10-08,2006-06-01,189.145292
2026-10-08,2006-06-02,190.9477491
2026-10-08,2006-06-03,190.9213629
2026-10-08,2006-06-04,190.8949804
2026-10-08,2006-06-05,191.3735083
2026-10-08,2006-06-06,189.4647446
2026-10-08,2006-06-07,188.9044676
2026-10-08,2006-06-08,186.6351362
2026-10-08,2006-06-09,186.5340806
2026-10-08,2006-06-10,186.5083044
2026-10-08,2006-06-11,186.4825317
2026-10-08,2006-06-12,186.1306839
2026-10-08,2006-06-13,185.0890354
2026-10-08,2006-06-14,185.7815528
2026-10-08,2006-06-15,186.0373532
2026-10-08,2006-06-16,186.1280959
2026-10-08,2006-06-17,186.1023758
2026-10-08,2006-06-18,186.0766592
2026-10-08,2006-06-19,186.0509461
2026-10-08,2006-06-20,185.4936303
2026-10-08,2006-06-21,186.3903482
2026-10-08,2006-06-22,185.1038283
2026-10-08,2006-06-23,184.3747239
2026-10-08,2006-06-24,184.3492461
2026-10-08,2006-06-25,184.3237717
2026-10-08,2006-06-26,185.7331127
2026-10-08,2006-06-27,185.8152618
2026-10-08,2006-06-28,185.0790908
2026-10-08,2006-06-29,184.8469757
2026-10-08,2006-06-30,188.4314398
2026-10-08,2006-07-01,188.3870623
2026-10-08,2006-07-02,188.3426952
2026-10-08,2006-07-03,188.6055238
2026-10-08,2006-07-04,188.5611053
2026-10-08,2006-07-05,187.4752882
2026-10-08,2006-07-06,188.0475529
2026-10-08,2006-07-07,188.6067086
2026-10-08,2006-07-08,188.5622898
2026-10-08,2006-07-09,188.5178815
2026-10-08,2006-07-10,187.1939619
2026-10-08,2006-07-11,187.469395
2026-10-08,2006-07-12,186.3952207
2026-10-08,2006-07-13,186.220832
2026-10-08,2006-07-14,185.6321859
2026-10-08,2006-07-15,185.5884677
2026-10-08,2006-07-16,185.5447597
2026-10-08,2006-07-17,183.6078746
2026-10-08,2006-07-18,183.0955147
2026-10-08,2006-07-19,184.4995555
2026-10-08,2006-07-20,185.236617
2026-10-08,2006-07-21,185.8376096
2026-10-08,2006-07-22,185.7938429
2026-10-08,2006-07-23,185.7500866
2026-10-08,2006-07-24,184.70801
2026-10-08,2006-07-25,183.7260139
2026-10-08,2006-07-26,185.1370653
2026-10-08,2006-07-27,185.5662404
2026-10-08,2006-07-28,186.2380372
2026-10-08,2006-07-29,186.1941763
2026-10-08,2006-07-30,186.1503256
2026-10-08,2006-07-31,186.051712
2026-10-08,2006-08-01,186.4574107
2026-10-08,2006-08-02,186.3411104
2026-10-08,2006-08-03,186.3970487
2026-10-08,2006-08-04,187.5292223
2026-10-08,2006-08-05,187.5001289
2026-10-08,2006-08-06,187.47104
2026-10-08,2006-08-07,186.8684305
2026-10-08,2006-08-08,186.737607
2026-10-08,2006-08-09,187.1512318
2026-10-08,2006-08-10,185.5528038
2026-10-08,2006-08-11,185.1069816
2026-10-08,2006-08-12,185.078264
2026-10-08,2006-08-13,185.0495508
2026-10-08,2006-08-14,185.1745373
2026-10-08,2006-08-15,186.3794853
2026-10-08,2006-08-16,186.7728171
2026-10-08,2006-08-17,186.8606669
2026-10-08,2006-08-18,186.7197877
2026-10-08,2006-08-19,186.6908198
2026-10-08,2006-08-20,186.6618565
2026-10-08,2006-08-21,186.6328977
2026-10-08,2006-08-22,184.7686473
2026-10-08,2006-08-23,186.3942472
2026-10-08,2006-08-24,186.1486098
2026-10-08,2006-08-25,186.3189385
2026-10-08,2006-08-26,186.2900329
2026-10-08,2006-08-27,186.2611318
2026-10-08,2006-08-28,187.0598122
2026-10-08,2006-08-29,187.0269204
2026-10-08,2006-08-30,187.4988191
2026-10-08,2006-08-31,187.0750834
2026-10-08,2006-09-01,187.4271355
2026-10-08,2006-09-02,187.3720027
2026-10-08,2006-09-03,187.3168862
2026-10-08,2006-09-04,187.1407781
2026-10-08,2006-09-05,186.9772458
2026-10-08,2006-09-06,187.1508331
2026-10-08,2006-09-07,185.9934482
2026-10-08,2006-09-08,185.0074558
2026-10-08,2006-09-09,184.9530349
2026-10-08,2006-09-10,184.8986299
2026-10-08,2006-09-11,185.3138224
2026-10-08,2006-09-12,185.3081274
2026-10-08,2006-09-13,185.1901945
2026-10-08,2006-09-14,185.5832663
2026-10-08,2006-09-15,184.1571113
2026-10-08,2006-09-16,184.1029405
2026-10-08,2006-09-17,184.0487856
2026-10-08,2006-09-18,184.4891292
2026-10-08,2006-09-19,184.2300016
2026-10-08,2006-09-20,184.7439914
2026-10-08,2006-09-21,185.7958464
2026-10-08,2006-09-22,185.8428997
2026-10-08,2006-09-23,185.788233
2026-10-08,2006-09-24,185.7335824
2026-10-08,2006-09-25,185.2741217
2026-10-08,2006-09-26,184.2640341
2026-10-08,2006-09-27,184.5003149
2026-10-08,2006-09-28,184.5358679
2026-10-08,2006-09-29,184.2056394
2026-10-08,2006-09-30,184.1514543
2026-10-08,2006-10-01,184.1055389
2026-10-08,2006-10-02,184.9578887
2026-10-08,2006-10-03,184.5795979
2026-10-08,2006-10-04,184.2738285
2026-10-08,2006-10-05,184.0537953
2026-10-08,2006-10-06,182.7323766
2026-10-08,2006-10-07,182.686815
2026-10-08,2006-10-08,182.6412648
2026-10-08,2006-10-09,182.5957259
2026-10-08,2006-10-10,181.6955458
2026-10-08,2006-10-11,181.4324225
2026-10-08,2006-10-12,181.6612464
2026-10-08,2006-10-13,181.1089062
2026-10-08,2006-10-14,181.0637494
2026-10-08,2006-10-15,181.0186038
2026-10-08,2006-10-16,180.9734695
2026-10-08,2006-10-17,181.2444101
2026-10-08,2006-10-18,180.2556894
2026-10-08,2006-10-19,181.5467693
2026-10-08,2006-10-20,181.4164138
2026-10-08,2006-10-21,181.3711803
2026-10-08,2006-10-22,181.3259581
2026-10-08,2006-10-23,180.2315524
2026-10-08,2006-10-24,180.6176828
2026-10-08,2006-10-25,180.8629776
2026-10-08,2006-10-26,182.2064203
2026-10-08,2006-10-27,183.0021761
2026-10-08,2006-10-28,182.9565473
2026-10-08,2006-10-29,182.9109298
2026-10-08,2006-10-30,182.7072694
2026-10-08,2006-10-31,183.0978332
2026-10-08,2006-11-01,182.8523869
2026-10-08,2006-11-02,182.6318185
2026-10-08,2006-11-03,181.7185634
2026-10-08,2006-11-04,181.6779079
2026-10-08,2006-11-05,181.6372616
2026-10-08,2006-11-06,181.5966243
2026-10-08,2006-11-07,182.6573101
2026-10-08,2006-11-08,181.6296912
2026-10-08,2006-11-09,182.4110812
2026-10-08,2006-11-10,182.7539575
2026-10-08,2006-11-11,182.7130704
2026-10-08,2006-11-12,182.6721924
2026-10-08,2006-11-13,182.2390538
2026-10-08,2006-11-14,182.146176
2026-10-08,2006-11-15,181.8824748
2026-10-08,2006-11-16,181.6455249
2026-10-08,2006-11-17,182.2845818
2026-10-08,2006-11-18,182.2437996
2026-10-08,2006-11-19,182.2030267
2026-10-08,2006-11-20,182.1386479
2026-10-08,2006-11-21,182.4627615
2026-10-08,2006-11-22,183.5119879
2026-10-08,2006-11-23,183.3515505
2026-10-08,2006-11-24,185.8209333
2026-10-08,2006-11-25,185.77936
2026-10-08,2006-11-26,185.737796
2026-10-08,2006-11-27,186.3886757
2026-10-08,2006-11-28,186.6593706
2026-10-08,2006-11-29,186.4459507
2026-10-08,2006-11-30,187.4975008
2026-10-08,2006-12-01,187.9566245
2026-10-08,2006-12-02,187.9211812
2026-10-08,2006-12-03,187.8857446
2026-10-08,2006-12-04,187.8968044
2026-10-08,2006-12-05,187.5544324
2026-10-08,2006-12-06,187.3038836
2026-10-08,2006-12-07,187.2312638
2026-10-08,2006-12-08,187.1959573
2026-10-08,2006-12-09,187.1606575
2026-10-08,2006-12-10,187.1253643
2026-10-08,2006-12-11,186.6632957
2026-10-08,2006-12-12,185.9951978
2026-10-08,2006-12-13,185.6321205
2026-10-08,2006-12-14,185.1419703
2026-10-08,2006-12-15,183.6690476
2026-10-08,2006-12-16,183.6344128
2026-10-08,2006-12-17,183.5997846
2026-10-08,2006-12-18,183.761844
2026-10-08,2006-12-19,185.3749126
2026-10-08,2006-12-20,184.7800398
2026-10-08,2006-12-21,184.1530976
2026-10-08,2006-12-22,184.2530976
2026-10-08,2006-12-23,184.2183527
2026-10-08,2006-12-24,184.1836143
2026-10-08,2006-12-25,184.1488825
2026-10-08,2006-12-26,184.7017511
2026-10-08,2006-12-27,185.2254112
2026-10-08,2006-12-28,185.5414568
2026-10-08,2006-12-29,185.0851229
2026-10-08,2006-12-30,185.0502211
2026-10-08,2006-12-31,185.0153259
2026-10-08,2007-01-01,184.9190372
2026-10-08,2007-01-02,185.9257304
2026-10-08,2007-01-03,184.2095981
2026-10-08,2007-01-04,184.0108468
2026-10-08,2007-01-05,182.9654838
2026-10-08,2007-01-06,182.8702619
2026-10-08,2007-01-07,182.7750896
2026-10-08,2007-01-08,183.1015035
2026-10-08,2007-01-09,182.8814673
2026-10-08,2007-01-10,181.712293
2026-10-08,2007-01-11,181.2218675
2026-10-08,2007-01-12,181.4109541
2026-10-08,2007-01-13,181.3165412
2026-10-08,2007-01-14,181.2221775
2026-10-08,2007-01-15,181.0102856
2026-10-08,2007-01-16,180.8487993
2026-10-08,2007-01-17,181.1156769
2026-10-08,2007-01-18,181.2817732
2026-10-08,2007-01-19,181.5766908
2026-10-08,2007-01-20,181.4821917
2026-10-08,2007-01-21,181.3877418
2026-10-08,2007-01-22,181.7545073
2026-10-08,2007-01-23,182.6473105
2026-10-08,2007-01-24,181.5794075
2026-10-08,2007-01-25,181.9525933
2026-10-08,2007-01-26,181.4004051
2026-10-08,2007-01-27,181.3059977
2026-10-08,2007-01-28,181.2116395
2026-10-08,2007-01-29,181.7812772
2026-10-08,2007-01-30,181.6843249
2026-10-08,2007-01-31,182.2764814
2026-10-08,2007-02-01,182.269603
2026-10-08,2007-02-02,181.1161321
2026-10-08,2007-02-03,181.0921337
2026-10-08,2007-02-04,181.0681385
2026-10-08,2007-02-05,180.8721766
2026-10-08,2007-02-06,181.2233392
2026-10-08,2007-02-07,181.9681866
2026-10-08,2007-02-08,182.3439323
2026-10-08,2007-02-09,181.9866463
2026-10-08,2007-02-10,181.9625326
2026-10-08,2007-02-11,181.938422
2026-10-08,2007-02-12,181.2100494
2026-10-08,2007-02-13,181.9632485
2026-10-08,2007-02-14,183.1272649
2026-10-08,2007-02-15,183.33286
2026-10-08,2007-02-16,183.5203927
2026-10-08,2007-02-17,183.4960757
2026-10-08,2007-02-18,183.471762
2026-10-08,2007-02-19,183.3292529
2026-10-08,2007-02-20,183.4059588
2026-10-08,2007-02-21,183.2762646
2026-10-08,2007-02-22,183.1758358
2026-10-08,2007-02-23,183.8914095
2026-10-08,2007-02-24,183.8670434
2026-10-08,2007-02-25,183.8426805
2026-10-08,2007-02-26,183.5498673
2026-10-08,2007-02-27,184.5222707
2026-10-08,2007-02-28,184.2432801
2026-10-08,2007-03-01,183.2913346
2026-10-08,2007-03-02,183.697469
2026-10-08,2007-03-03,183.6753333
2026-10-08,2007-03-04,183.6532003
2026-10-08,2007-03-05,182.3702707
2026-10-08,2007-03-06,182.6578883
2026-10-08,2007-03-07,183.2801351
2026-10-08,2007-03-08,182.9964809
2026-10-08,2007-03-09,182.712623
2026-10-08,2007-03-10,182.690606
2026-10-08,2007-03-11,182.6685917
2026-10-08,2007-03-12,183.5841572
2026-10-08,2007-03-13,183.7498601
2026-10-08,2007-03-14,183.8140372
2026-10-08,2007-03-15,183.8752803
2026-10-08,2007-03-16,185.1160649
2026-10-08,2007-03-17,185.0937583
2026-10-08,2007-03-18,185.0714543
2026-10-08,2007-03-19,184.7531818
2026-10-08,2007-03-20,185.0047524
2026-10-08,2007-03-21,184.8615172
2026-10-08,2007-03-22,185.0852197
2026-10-08,2007-03-23,184.8249901
2026-10-08,2007-03-24,184.8027186
2026-10-08,2007-03-25,184.7804497
2026-10-08,2007-03-26,185.3918282
2026-10-08,2007-03-27,185.7115365
2026-10-08,2007-03-28,185.3471513
2026-10-08,2007-03-29,185.2470729
2026-10-08,2007-03-30,185.4940004
2026-10-08,2007-03-31,185.4716482
2026-10-08,2007-04-01,185.3723186
2026-10-08,2007-04-02,185.2730421
2026-10-08,2007-04-03,185.0256362
2026-10-08,2007-04-04,185.1577474
2026-10-08,2007-04-05,185.0585859
2026-10-08,2007-04-06,184.9594775
2026-10-08,2007-04-07,184.8604221
2026-10-08,2007-04-08,184.7614198
2026-10-08,2007-04-09,184.4975643
2026-10-08,2007-04-10,185.0192841
2026-10-08,2007-04-11,184.5895801
2026-10-08,2007-04-12,184.9971922
2026-10-08,2007-04-13,185.9671571
2026-10-08,2007-04-14,185.8675621
2026-10-08,2007-04-15,185.7680204
2026-10-08,2007-04-16,185.6390124
2026-10-08,2007-04-17,185.5590701
2026-10-08,2007-04-18,185.7304958
2026-10-08,2007-04-19,186.0852546
2026-10-08,2007-04-20,186.0266139
2026-10-08,2007-04-21,185.9269871
2026-10-08,2007-04-22,185.8274136
2026-10-08,2007-04-23,185.0999526
2026-10-08,2007-04-24,185.6276751
2026-10-08,2007-04-25,185.913264
2026-10-08,2007-04-26,185.525112
2026-10-08,2007-04-27,185.8730958
2026-10-08,2007-04-28,185.7735512
2026-10-08,2007-04-29,185.6740599
2026-10-08,2007-04-30,185.92859
2026-10-08,2007-05-01,185.8191823
2026-10-08,2007-05-02,184.6490958
2026-10-08,2007-05-03,183.9244865
2026-10-08,2007-05-04,184.2445133
2026-10-08,2007-05-05,184.1360965
2026-10-08,2007-05-06,184.0277436
2026-10-08,2007-05-07,183.889135
2026-10-08,2007-05-08,182.8354828
2026-10-08,2007-05-09,182.8574886
2026-10-08,2007-05-10,181.8969668
2026-10-08,2007-05-11,182.2971895
2026-10-08,2007-05-12,182.1899187
2026-10-08,2007-05-13,182.0827109
2026-10-08,2007-05-14,182.1532828
2026-10-08,2007-05-15,182.6129088
2026-10-08,2007-05-16,181.46354
2026-10-08,2007-05-17,180.9840696
2026-10-08,2007-05-18,181.228463
2026-10-08,2007-05-19,181.1218211
2026-10-08,2007-05-20,181.0152418
2026-10-08,2007-05-21,180.1971269
2026-10-08,2007-05-22,180.10614
2026-10-08,2007-05-23,180.3193751
2026-10-08,2007-05-24,180.1109651
2026-10-08,2007-05-25,180.0049807
2026-10-08,2007-05-26,179.8990587
2026-10-08,2007-05-27,179.793199
2026-10-08,2007-05-28,179.6291112
2026-10-08,2007-05-29,179.7272418
2026-10-08,2007-05-30,178.8698807
2026-10-08,2007-05-31,178.9898492
2026-10-08,2007-06-01,178.5722544
2026-10-08,2007-06-02,178.4223618
2026-10-08,2007-06-03,178.272595
2026-10-08,2007-06-04,178.5765884
2026-10-08,2007-06-05,179.2208446
2026-10-08,2007-06-06,178.7871305
2026-10-08,2007-06-07,177.6761171
2026-10-08,2007-06-08,176.5704527
2026-10-08,2007-06-09,176.4222404
2026-10-08,2007-06-10,176.2741525
2026-10-08,2007-06-11,176.0030396
2026-10-08,2007-06-12,175.5084367
2026-10-08,2007-06-13,174.8481204
2026-10-08,2007-06-14,174.8503602
2026-10-08,2007-06-15,175.8686679
2026-10-08,2007-06-16,175.7210447
2026-10-08,2007-06-17,175.5735453
2026-10-08,2007-06-18,175.4261698
2026-10-08,2007-06-19,175.6708425
2026-10-08,2007-06-20,175.7433679
2026-10-08,2007-06-21,175.4525625
2026-10-08,2007-06-22,176.1691752
2026-10-08,2007-06-23,176.0212997
2026-10-08,2007-06-24,175.8735483
2026-10-08,2007-06-25,175.8268728
2026-10-08,2007-06-26,175.9986479
2026-10-08,2007-06-27,175.7210783
2026-10-08,2007-06-28,175.6343019
2026-10-08,2007-06-29,176.7672785
2026-10-08,2007-06-30,176.618901
2026-10-08,2007-07-01,176.4619354
2026-10-08,2007-07-02,177.3625984
2026-10-08,2007-07-03,176.9968764
2026-10-08,2007-07-04,176.896786
2026-10-08,2007-07-05,177.2249948
2026-10-08,2007-07-06,177.4943219
2026-10-08,2007-07-07,177.3365783
2026-10-08,2007-07-08,177.1789749
2026-10-08,2007-07-09,177.0215115
2026-10-08,2007-07-10,178.0087618
2026-10-08,2007-07-11,178.2800108
2026-10-08,2007-07-12,178.3487914
2026-10-08,2007-07-13,178.2419978
2026-10-08,2007-07-14,178.0835897
2026-10-08,2007-07-15,177.9253223
2026-10-08,2007-07-16,177.7084706
2026-10-08,2007-07-17,177.6020624
2026-10-08,2007-07-18,177.8865354
2026-10-08,2007-07-19,177.7928189
2026-10-08,2007-07-20,178.6926667
2026-10-08,2007-07-21,178.5338581
2026-10-08,2007-07-22,178.3751906
2026-10-08,2007-07-23,178.3139182
2026-10-08,2007-07-24,180.3541263
2026-10-08,2007-07-25,179.8386055
2026-10-08,2007-07-26,177.8489414
2026-10-08,2007-07-27,175.2613681
2026-10-08,2007-07-28,175.1056089
2026-10-08,2007-07-29,174.9499882
2026-10-08,2007-07-30,175.6698244
2026-10-08,2007-07-31,175.3707635
2026-10-08,2007-08-01,175.4395954
2026-10-08,2007-08-02,176.0009432
2026-10-08,2007-08-03,177.0490683
2026-10-08,2007-08-04,176.8664173
2026-10-08,2007-08-05,176.6839546
2026-10-08,2007-08-06,176.6553604
2026-10-08,2007-08-07,175.9534317
2026-10-08,2007-08-08,175.9745637
2026-10-08,2007-08-09,174.884525
2026-10-08,2007-08-10,175.1866031
2026-10-08,2007-08-11,175.0058734
2026-10-08,2007-08-12,174.8253301
2026-10-08,2007-08-13,173.4173371
2026-10-08,2007-08-14,172.7163418
2026-10-08,2007-08-15,171.6023001
2026-10-08,2007-08-16,170.8781366
2026-10-08,2007-08-17,171.8475296
2026-10-08,2007-08-18,171.6702446
2026-10-08,2007-08-19,171.4931426
2026-10-08,2007-08-20,171.3162232
2026-10-08,2007-08-21,170.8868461
2026-10-08,2007-08-22,171.9942344
2026-10-08,2007-08-23,172.6902987
2026-10-08,2007-08-24,173.5119745
2026-10-08,2007-08-25,173.3329724
2026-10-08,2007-08-26,173.154155
2026-10-08,2007-08-27,172.6971823
2026-10-08,2007-08-28,171.9149521
2026-10-08,2007-08-29,172.2078956
2026-10-08,2007-08-30,171.4361293
2026-10-08,2007-08-31,170.9501195
2026-10-08,2007-09-01,170.8589164
2026-10-08,2007-09-02,170.7677619
2026-10-08,2007-09-03,171.0011443
2026-10-08,2007-09-04,170.8712039
2026-10-08,2007-09-05,171.353208
2026-10-08,2007-09-06,171.5125024
2026-10-08,2007-09-07,172.4144841
2026-10-08,2007-09-08,172.3224997
2026-10-08,2007-09-09,172.2305644
2026-10-08,2007-09-10,172.3750189
2026-10-08,2007-09-11,171.8897333
2026-10-08,2007-09-12,172.3175581
2026-10-08,2007-09-13,171.6984789
2026-10-08,2007-09-14,171.589242
2026-10-08,2007-09-15,171.4976979
2026-10-08,2007-09-16,171.4062026
2026-10-08,2007-09-17,171.1931664
2026-10-08,2007-09-18,171.4156646
2026-10-08,2007-09-19,172.0366056
2026-10-08,2007-09-20,173.6989782
2026-10-08,2007-09-21,174.0553924
2026-10-08,2007-09-22,173.9625326
2026-10-08,2007-09-23,173.8697223
2026-10-08,2007-09-24,173.8510089
2026-10-08,2007-09-25,174.5722667
2026-10-08,2007-09-26,174.2877618
2026-10-08,2007-09-27,174.5769598
2026-10-08,2007-09-28,175.8776201
2026-10-08,2007-09-29,175.7837881
2026-10-08,2007-09-30,175.6900061
2026-10-08,2007-10-01,175.3724156
2026-10-08,2007-10-02,174.1813713
2026-10-08,2007-10-03,173.7780616
2026-10-08,2007-10-04,174.0699302
2026-10-08,2007-10-05,174.2702937
2026-10-08,2007-10-06,174.2182112
2026-10-08,2007-10-07,174.1661444
2026-10-08,2007-10-08,174.2795851
2026-10-08,2007-10-09,173.7077659
2026-10-08,2007-10-10,173.9115655
2026-10-08,2007-10-11,174.8685341
2026-10-08,2007-10-12,174.4164251
2026-10-08,2007-10-13,174.364299
2026-10-08,2007-10-14,174.3121885
2026-10-08,2007-10-15,174.2600935
2026-10-08,2007-10-16,174.2259213
2026-10-08,2007-10-17,174.4503972
2026-10-08,2007-10-18,175.7574239
2026-10-08,2007-10-19,175.5759639
2026-10-08,2007-10-20,175.5234913
2026-10-08,2007-10-21,175.4710343
2026-10-08,2007-10-22,174.2612944
2026-10-08,2007-10-23,175.5631236
2026-10-08,2007-10-24,175.7560969
2026-10-08,2007-10-25,176.6662932
2026-10-08,2007-10-26,177.0182321
2026-10-08,2007-10-27,176.9653284
2026-10-08,2007-10-28,176.9124405
2026-10-08,2007-10-29,176.5929324
2026-10-08,2007-10-30,176.0978725
2026-10-08,2007-10-31,176.0628384
2026-10-08,2007-11-01,175.3874909
2026-10-08,2007-11-02,176.1601719
2026-10-08,2007-11-03,176.2153753
2026-10-08,2007-11-04,176.270596
2026-10-08,2007-11-05,176.0769888
2026-10-08,2007-11-06,176.1321662
2026-10-08,2007-11-07,177.9912703
2026-10-08,2007-11-08,178.6275332
2026-10-08,2007-11-09,178.371043
2026-10-08,2007-11-10,178.4269392
2026-10-08,2007-11-11,178.482853
2026-10-08,2007-11-12,178.7099858
2026-10-08,2007-11-13,178.0588653
2026-10-08,2007-11-14,178.6301471
2026-10-08,2007-11-15,177.9710435
2026-10-08,2007-11-16,178.8731063
2026-10-08,2007-11-17,178.9291599
2026-10-08,2007-11-18,178.985231
2026-10-08,2007-11-19,178.8659607
2026-10-08,2007-11-20,180.5875478
2026-10-08,2007-11-21,181.6601654
2026-10-08,2007-11-22,181.8328726
2026-10-08,2007-11-23,181.9811173
2026-10-08,2007-11-24,182.0381449
2026-10-08,2007-11-25,182.0951903
2026-10-08,2007-11-26,182.1522536
2026-10-08,2007-11-27,182.4181597
2026-10-08,2007-11-28,181.851077
2026-10-08,2007-11-29,181.6409929
2026-10-08,2007-11-30,180.8111674
2026-10-08,2007-12-01,180.7776912
2026-10-08,2007-12-02,180.7442212
2026-10-08,2007-12-03,179.9977896
2026-10-08,2007-12-04,180.8835473
2026-10-08,2007-12-05,179.5544101
2026-10-08,2007-12-06,179.4153457
2026-10-08,2007-12-07,179.6356136
2026-10-08,2007-12-08,179.6023551
2026-10-08,2007-12-09,179.5691027
2026-10-08,2007-12-10,180.4180731
2026-10-08,2007-12-11,180.1970777
2026-10-08,2007-12-12,179.8818915
2026-10-08,2007-12-13,179.1498561
2026-10-08,2007-12-14,177.0815571
2026-10-08,2007-12-15,177.0487714
2026-10-08,2007-12-16,177.0159919
2026-10-08,2007-12-17,175.9644048
2026-10-08,2007-12-18,176.2407472
2026-10-08,2007-12-19,175.3412086
2026-10-08,2007-12-20,175.3737571
2026-10-08,2007-12-21,175.7187782
2026-10-08,2007-12-22,175.6862448
2026-10-08,2007-12-23,175.6537175
2026-10-08,2007-12-24,175.6211962
2026-10-08,2007-12-25,175.588681
2026-10-08,2007-12-26,177.5109443
2026-10-08,2007-12-27,179.4150902
2026-10-08,2007-12-28,180.2887856
2026-10-08,2007-12-29,180.2554062
2026-10-08,2007-12-30,180.2220329
2026-10-08,2007-12-31,178.486119
2026-10-08,2008-01-01,178.3503776
2026-10-08,2008-01-02,179.8571794
2026-10-08,2008-01-03,179.6624549
2026-10-08,2008-01-04,179.7852471
2026-10-08,2008-01-05,179.6485178
2026-10-08,2008-01-06,179.5118924
2026-10-08,2008-01-07,178.0912857
2026-10-08,2008-01-08,178.0630893
2026-10-08,2008-01-09,177.1697243
2026-10-08,2008-01-10,178.0254312
2026-10-08,2008-01-11,178.3882044
2026-10-08,2008-01-12,178.2525375
2026-10-08,2008-01-13,178.1169738
2026-10-08,2008-01-14,179.5680788
2026-10-08,2008-01-15,179.3341842
2026-10-08,2008-01-16,176.9685477
2026-10-08,2008-01-17,177.6272778
2026-10-08,2008-01-18,176.7825416
2026-10-08,2008-01-19,176.6480959
2026-10-08,2008-01-20,176.5137524
2026-10-08,2008-01-21,176.7152282
2026-10-08,2008-01-22,176.4524631
2026-10-08,2008-01-23,175.891329
2026-10-08,2008-01-24,177.4421737
2026-10-08,2008-01-25,176.3811421
2026-10-08,2008-01-26,176.2470016
2026-10-08,2008-01-27,176.1129631
2026-10-08,2008-01-28,177.4146763
2026-10-08,2008-01-29,177.0841456
2026-10-08,2008-01-30,177.3899961
2026-10-08,2008-01-31,177.9912975
2026-10-08,2008-02-01,177.7479191
2026-10-08,2008-02-02,177.6341976
2026-10-08,2008-02-03,177.5205489
2026-10-08,2008-02-04,177.5960585
2026-10-08,2008-02-05,175.38735
2026-10-08,2008-02-06,175.6121057
2026-10-08,2008-02-07,173.725944
2026-10-08,2008-02-08,173.7106087
2026-10-08,2008-02-09,173.5994702
2026-10-08,2008-02-10,173.4884029
2026-10-08,2008-02-11,173.3465864
2026-10-08,2008-02-12,173.9566065
2026-10-08,2008-02-13,173.1824895
2026-10-08,2008-02-14,173.9153764
2026-10-08,2008-02-15,174.0185061
2026-10-08,2008-02-16,173.9071707
2026-10-08,2008-02-17,173.7959065
2026-10-08,2008-02-18,173.6847134
2026-10-08,2008-02-19,174.4809382
2026-10-08,2008-02-20,173.2697929
2026-10-08,2008-02-21,174.8951434
2026-10-08,2008-02-22,175.2816002
2026-10-08,2008-02-23,175.1694566
2026-10-08,2008-02-24,175.0573848
2026-10-08,2008-02-25,174.9890154
2026-10-08,2008-02-26,175.7940622
2026-10-08,2008-02-27,178.4441703
2026-10-08,2008-02-28,178.7447633
2026-10-08,2008-02-29,178.9156836
2026-10-08,2008-03-01,178.7418816
2026-10-08,2008-03-02,178.5682483
2026-10-08,2008-03-03,178.4228568
2026-10-08,2008-03-04,178.0983833
2026-10-08,2008-03-05,178.781333
2026-10-08,2008-03-06,179.5044226
2026-10-08,2008-03-07,179.1749309
2026-10-08,2008-03-08,179.000877
2026-10-08,2008-03-09,178.8269921
2026-10-08,2008-03-10,179.011394
2026-10-08,2008-03-11,178.4279655
2026-10-08,2008-03-12,180.101866
2026-10-08,2008-03-13,180.5911665
2026-10-08,2008-03-14,180.7409014
2026-10-08,2008-03-15,180.5653263
2026-10-08,2008-03-16,180.3899217
2026-10-08,2008-03-17,181.8419027
2026-10-08,2008-03-18,182.103456
2026-10-08,2008-03-19,180.9212698
2026-10-08,2008-03-20,180.7455195
2026-10-08,2008-03-21,180.5699399
2026-10-08,2008-03-22,180.3945308
2026-10-08,2008-03-23,180.2192922
2026-10-08,2008-03-24,180.0442238
2026-10-08,2008-03-25,179.5327325
2026-10-08,2008-03-26,182.1405973
2026-10-08,2008-03-27,181.7340119
2026-10-08,2008-03-28,180.995226
2026-10-08,2008-03-29,180.8194038
2026-10-08,2008-03-30,180.6437524
2026-10-08,2008-03-31,181.0170484
2026-10-08,2008-04-01,178.7844623
2026-10-08,2008-04-02,178.6286143
2026-10-08,2008-04-03,178.8887327
2026-10-08,2008-04-04,179.1667599
2026-10-08,2008-04-05,179.0105787
2026-10-08,2008-04-06,178.8545337
2026-10-08,2008-04-07,178.3817419
2026-10-08,2008-04-08,178.2375998
2026-10-08,2008-04-09,179.7267096
2026-10-08,2008-04-10,178.0749944
2026-10-08,2008-04-11,178.5755509
2026-10-08,2008-04-12,178.419885
2026-10-08,2008-04-13,178.2643549
2026-10-08,2008-04-14,178.3232908
2026-10-08,2008-04-15,177.9875228
2026-10-08,2008-04-16,180.2714287
2026-10-08,2008-04-17,179.6526959
2026-10-08,2008-04-18,178.1859828
2026-10-08,2008-04-19,178.0306566
2026-10-08,2008-04-20,177.8754657
2026-10-08,2008-04-21,179.4899189
2026-10-08,2008-04-22,180.6661219
2026-10-08,2008-04-23,179.2898763
2026-10-08,2008-04-24,176.6962488
2026-10-08,2008-04-25,175.425888
2026-10-08,2008-04-26,175.2729678
2026-10-08,2008-04-27,175.1201808
2026-10-08,2008-04-28,175.1373062
2026-10-08,2008-04-29,173.9936996
2026-10-08,2008-04-30,173.5435286
2026-10-08,2008-05-01,173.5644672
2026-10-08,2008-05-02,172.3690513
2026-10-08,2008-05-03,172.3898482
2026-10-08,2008-05-04,172.4106476
2026-10-08,2008-05-05,173.7044697
2026-10-08,2008-05-06,174.0577609
2026-10-08,2008-05-07,172.9233754
2026-10-08,2008-05-08,172.6424878
2026-10-08,2008-05-09,173.3583965
2026-10-08,2008-05-10,173.3793128
2026-10-08,2008-05-11,173.4002316
2026-10-08,2008-05-12,174.5202599
2026-10-08,2008-05-13,173.1445565
2026-10-08,2008-05-14,172.5980883
2026-10-08,2008-05-15,172.3200142
2026-10-08,2008-05-16,173.2452027
2026-10-08,2008-05-17,173.2661053
2026-10-08,2008-05-18,173.2870105
2026-10-08,2008-05-19,172.5163589
2026-10-08,2008-05-20,173.7305567
2026-10-08,2008-05-21,174.5820712
2026-10-08,2008-05-22,174.0164255
2026-10-08,2008-05-23,174.8239543
2026-10-08,2008-05-24,174.8450474
2026-10-08,2008-05-25,174.866143
2026-10-08,2008-05-26,175.333674
2026-10-08,2008-05-27,173.9429407
2026-10-08,2008-05-28,172.1944246
2026-10-08,2008-05-29,170.4312285
2026-10-08,2008-05-30,170.583681
2026-10-08,2008-05-31,170.6042625
2026-10-08,2008-06-01,170.4898138
2026-10-08,2008-06-02,169.5411851
2026-10-08,2008-06-03,167.5504835
2026-10-08,2008-06-04,167.6245072
2026-10-08,2008-06-05,168.0665811
2026-10-08,2008-06-06,170.262383
2026-10-08,2008-06-07,170.1481636
2026-10-08,2008-06-08,170.0340209
2026-10-08,2008-06-09,168.7393918
2026-10-08,2008-06-10,166.4837122
2026-10-08,2008-06-11,167.2407383
2026-10-08,2008-06-12,165.2665673
2026-10-08,2008-06-13,163.8126769
2026-10-08,2008-06-14,163.7027843
2026-10-08,2008-06-15,163.5929653
2026-10-08,2008-06-16,163.4832201
2026-10-08,2008-06-17,164.6124353
2026-10-08,2008-06-18,164.7566368
2026-10-08,2008-06-19,164.5094488
2026-10-08,2008-06-20,165.519441
2026-10-08,2008-06-21,165.4084034
2026-10-08,2008-06-22,165.2974403
2026-10-08,2008-06-23,163.170789
2026-10-08,2008-06-24,163.644826
2026-10-08,2008-06-25,163.6329903
2026-10-08,2008-06-26,165.558049
2026-10-08,2008-06-27,165.8970291
2026-10-08,2008-06-28,165.7857382
2026-10-08,2008-06-29,165.674522
2026-10-08,2008-06-30,165.2569037
2026-10-08,2008-07-01,165.3884423
2026-10-08,2008-07-02,166.013298
2026-10-08,2008-07-03,164.5464129
2026-10-08,2008-07-04,164.3564035
2026-10-08,2008-07-05,164.2751246
2026-10-08,2008-07-06,164.1938858
2026-10-08,2008-07-07,164.156333
2026-10-08,2008-07-08,163.0999796
2026-10-08,2008-07-09,163.0193219
2026-10-08,2008-07-10,164.2067322
2026-10-08,2008-07-11,165.6042077
2026-10-08,2008-07-12,165.5223116
2026-10-08,2008-07-13,165.440456
2026-10-08,2008-07-14,165.6971649
2026-10-08,2008-07-15,165.6048277
2026-10-08,2008-07-16,165.0335031
2026-10-08,2008-07-17,164.3780429
2026-10-08,2008-07-18,164.6292463
2026-10-08,2008-07-19,164.5478324
2026-10-08,2008-07-20,164.4664587
2026-10-08,2008-07-21,164.7404622
2026-10-08,2008-07-22,163.5364659
2026-10-08,2008-07-23,162.2746846
2026-10-08,2008-07-24,161.7478557
2026-10-08,2008-07-25,162.1865975
2026-10-08,2008-07-26,162.1063915
2026-10-08,2008-07-27,162.0262252
2026-10-08,2008-07-28,162.5904983
2026-10-08,2008-07-29,160.9902706
2026-10-08,2008-07-30,161.1602757
2026-10-08,2008-07-31,162.0179458
2026-10-08,2008-08-01,161.6228339
2026-10-08,2008-08-02,161.5730909
2026-10-08,2008-08-03,161.5233632
2026-10-08,2008-08-04,161.4582001
2026-10-08,2008-08-05,160.3452288
2026-10-08,2008-08-06,159.9758413
2026-10-08,2008-08-07,159.1186302
2026-10-08,2008-08-08,156.3156011
2026-10-08,2008-08-09,156.2674915
2026-10-08,2008-08-10,156.2193967
2026-10-08,2008-08-11,153.8055436
2026-10-08,2008-08-12,154.2098351
2026-10-08,2008-08-13,153.98139
2026-10-08,2008-08-14,152.4927642
2026-10-08,2008-08-15,151.0336275
2026-10-08,2008-08-16,150.9871435
2026-10-08,2008-08-17,150.9406738
2026-10-08,2008-08-18,150.8942185
2026-10-08,2008-08-19,151.7762168
2026-10-08,2008-08-20,151.2053709
2026-10-08,2008-08-21,152.6307603
2026-10-08,2008-08-22,151.7013825
2026-10-08,2008-08-23,151.654693
2026-10-08,2008-08-24,151.6080179
2026-10-08,2008-08-25,151.2628068
2026-10-08,2008-08-26,149.8938203
2026-10-08,2008-08-27,150.625066
2026-10-08,2008-08-28,150.5787078
2026-10-08,2008-08-29,150.3226204
2026-10-08,2008-08-30,150.2763552
2026-10-08,2008-08-31,150.2301044
2026-10-08,2008-09-01,150.0869831
2026-10-08,2008-09-02,149.0905168
2026-10-08,2008-09-03,148.5975311
2026-10-08,2008-09-04,147.3301861
2026-10-08,2008-09-05,146.3469819
2026-10-08,2008-09-06,146.3041435
2026-10-08,2008-09-07,146.2613177
2026-10-08,2008-09-08,145.0012182
2026-10-08,2008-09-09,146.2093386
2026-10-08,2008-09-10,145.5279338
2026-10-08,2008-09-11,144.8242917
2026-10-08,2008-09-12,147.3691103
2026-10-08,2008-09-13,147.3259727
2026-10-08,2008-09-14,147.2828478
2026-10-08,2008-09-15,147.3850515
2026-10-08,2008-09-16,147.5257651
2026-10-08,2008-09-17,149.4117459
2026-10-08,2008-09-18,151.1539115
2026-10-08,2008-09-19,151.1359033
2026-10-08,2008-09-20,151.0916632
2026-10-08,2008-09-21,151.047436
2026-10-08,2008-09-22,153.932964
2026-10-08,2008-09-23,152.4534659
2026-10-08,2008-09-24,153.0973669
2026-10-08,2008-09-25,152.7284866
2026-10-08,2008-09-26,152.8309453
2026-10-08,2008-09-27,152.7862089
2026-10-08,2008-09-28,152.7414857
2026-10-08,2008-09-29,151.0797511
2026-10-08,2008-09-30,147.8856785
2026-10-08,2008-10-01,147.9378617
2026-10-08,2008-10-02,145.8751158
2026-10-08,2008-10-03,146.8745261
2026-10-08,2008-10-04,146.8480115
2026-10-08,2008-10-05,146.8215017
2026-10-08,2008-10-06,144.3723431
2026-10-08,2008-10-07,146.300214
2026-10-08,2008-10-08,148.105346
2026-10-08,2008-10-09,148.0567836
2026-10-08,2008-10-10,144.277993
2026-10-08,2008-10-11,144.2519472
2026-10-08,2008-10-12,144.225906
2026-10-08,2008-10-13,144.1998695
2026-10-08,2008-10-14,146.0949694
2026-10-08,2008-10-15,144.4289966
2026-10-08,2008-10-16,143.5724899
2026-10-08,2008-10-17,141.0694255
2026-10-08,2008-10-18,141.0439589
2026-10-08,2008-10-19,141.0184969
2026-10-08,2008-10-20,143.1103372
2026-10-08,2008-10-21,140.3007394
2026-10-08,2008-10-22,138.442414
2026-10-08,2008-10-23,139.3569613
2026-10-08,2008-10-24,138.795183
2026-10-08,2008-10-25,138.770127
2026-10-08,2008-10-26,138.7450754
2026-10-08,2008-10-27,137.8893072
2026-10-08,2008-10-28,140.0985201
2026-10-08,2008-10-29,145.2370703
2026-10-08,2008-10-30,145.6201343
2026-10-08,2008-10-31,143.8589833
2026-10-08,2008-11-01,143.8054884
2026-10-08,2008-11-02,143.7520135
2026-10-08,2008-11-03,143.2387822
2026-10-08,2008-11-04,142.1325709
2026-10-08,2008-11-05,143.4584203
2026-10-08,2008-11-06,143.4050744
2026-10-08,2008-11-07,140.4064384
2026-10-08,2008-11-08,140.3542274
2026-10-08,2008-11-09,140.3020358
2026-10-08,2008-11-10,139.8543315
2026-10-08,2008-11-11,139.8023258
2026-10-08,2008-11-12,137.4937287
2026-10-08,2008-11-13,137.3539732
2026-10-08,2008-11-14,139.7112371
2026-10-08,2008-11-15,139.6592846
2026-10-08,2008-11-16,139.6073514
2026-10-08,2008-11-17,139.8264248
2026-10-08,2008-11-18,139.3142635
2026-10-08,2008-11-19,138.7099616
2026-10-08,2008-11-20,137.8713792
2026-10-08,2008-11-21,138.1180217
2026-10-08,2008-11-22,138.0666616
2026-10-08,2008-11-23,138.0153207
2026-10-08,2008-11-24,142.0678742
2026-10-08,2008-11-25,143.6417212
2026-10-08,2008-11-26,141.8980097
2026-10-08,2008-11-27,142.3536499
2026-10-08,2008-11-28,141.3042442
2026-10-08,2008-11-29,141.2516993
2026-10-08,2008-11-30,141.199174
2026-10-08,2008-12-01,140.8107748
2026-10-08,2008-12-02,142.3889422
2026-10-08,2008-12-03,142.2446116
2026-10-08,2008-12-04,145.6557869
2026-10-08,2008-12-05,144.4584079
2026-10-08,2008-12-06,144.4315354
2026-10-08,2008-12-07,144.4046679
2026-10-08,2008-12-08,144.3778055
2026-10-08,2008-12-09,146.2903255
2026-10-08,2008-12-10,146.2544566
2026-10-08,2008-12-11,149.0763508
2026-10-08,2008-12-12,150.3375592
2026-10-08,2008-12-13,150.3095931
2026-10-08,2008-12-14,150.2816322
2026-10-08,2008-12-15,153.5067635
2026-10-08,2008-12-16,154.4263019
2026-10-08,2008-12-17,160.4357185
2026-10-08,2008-12-18,159.8759406
2026-10-08,2008-12-19,155.7609267
2026-10-08,2008-12-20,155.7319518
2026-10-08,2008-12-21,155.7029822
2026-10-08,2008-12-22,156.815223
2026-10-08,2008-12-23,157.4122469
2026-10-08,2008-12-24,157.9362037
2026-10-08,2008-12-25,157.9068241
2026-10-08,2008-12-26,158.8635185
2026-10-08,2008-12-27,158.8339664
2026-10-08,2008-12-28,158.8044197
2026-10-08,2008-12-29,160.4291826
2026-10-08,2008-12-30,159.661297
2026-10-08,2008-12-31,157.5497008
2026-10-08,2009-01-01,157.4500175
2026-10-08,2009-01-02,157.8612909
2026-10-08,2009-01-03,157.7614105
2026-10-08,2009-01-04,157.6615933
2026-10-08,2009-01-05,152.9348732
2026-10-08,2009-01-06,151.4381419
2026-10-08,2009-01-07,154.508415
2026-10-08,2009-01-08,154.2097021
2026-10-08,2009-01-09,151.7290052
2026-10-08,2009-01-10,151.6330048
2026-10-08,2009-01-11,151.5370651
2026-10-08,2009-01-12,149.7468155
2026-10-08,2009-01-13,148.201618
2026-10-08,2009-01-14,147.6593095
2026-10-08,2009-01-15,146.7319473
2026-10-08,2009-01-16,148.5721983
2026-10-08,2009-01-17,148.4781952
2026-10-08,2009-01-18,148.3842516
2026-10-08,2009-01-19,148.2903674
2026-10-08,2009-01-20,144.9520344
2026-10-08,2009-01-21,144.6279207
2026-10-08,2009-01-22,145.4636838
2026-10-08,2009-01-23,144.6285104
2026-10-08,2009-01-24,144.5370025
2026-10-08,2009-01-25,144.4455525
2026-10-08,2009-01-26,147.7823399
2026-10-08,2009-01-27,147.6701447
2026-10-08,2009-01-28,148.9032147
2026-10-08,2009-01-29,145.4841747
2026-10-08,2009-01-30,143.5763181
2026-10-08,2009-01-31,143.485476
2026-10-08,2009-02-01,143.5068438
2026-10-08,2009-02-02,143.8200242
2026-10-08,2009-02-03,146.4522303
2026-10-08,2009-02-04,144.0344946
2026-10-08,2009-02-05,144.059515
2026-10-08,2009-02-06,144.2828309
2026-10-08,2009-02-07,144.3043175
2026-10-08,2009-02-08,144.3258073
2026-10-08,2009-02-09,146.7121498
2026-10-08,2009-02-10,145.4300274
2026-10-08,2009-02-11,145.0391908
2026-10-08,2009-02-12,144.3041754
2026-10-08,2009-02-13,144.9827731
2026-10-08,2009-02-14,145.0043639
2026-10-08,2009-02-15,145.025958
2026-10-08,2009-02-16,145.0890255
2026-10-08,2009-02-17,141.9230392
2026-10-08,2009-02-18,141.9496538
2026-10-08,2009-02-19,144.3656008
2026-10-08,2009-02-20,144.5048783
2026-10-08,2009-02-21,144.5263979
2026-10-08,2009-02-22,144.5479208
2026-10-08,2009-02-23,145.8478494
2026-10-08,2009-02-24,146.1621102
2026-10-08,2009-02-25,146.0185476
2026-10-08,2009-02-26,146.565397
2026-10-08,2009-02-27,145.7952539
2026-10-08,2009-02-28,145.8169658
2026-10-08,2009-03-01,145.7258427
2026-10-08,2009-03-02,146.0593413
2026-10-08,2009-03-03,146.1058377
2026-10-08,2009-03-04,146.8567744
2026-10-08,2009-03-05,146.3911103
2026-10-08,2009-03-06,147.9709739
2026-10-08,2009-03-07,147.8785048
2026-10-08,2009-03-08,147.7860935
2026-10-08,2009-03-09,147.4474768
2026-10-08,2009-03-10,148.5337205
2026-10-08,2009-03-11,149.1353582
2026-10-08,2009-03-12,149.4277805
2026-10-08,2009-03-13,150.46825
2026-10-08,2009-03-14,150.3742203
2026-10-08,2009-03-15,150.2802494
2026-10-08,2009-03-16,151.2605041
2026-10-08,2009-03-17,151.3268232
2026-10-08,2009-03-18,155.2514797
2026-10-08,2009-03-19,158.6985896
2026-10-08,2009-03-20,158.1776897
2026-10-08,2009-03-21,158.0788423
2026-10-08,2009-03-22,157.9800566
2026-10-08,2009-03-23,159.7675779
2026-10-08,2009-03-24,159.667737
2026-10-08,2009-03-25,159.0793169
2026-10-08,2009-03-26,158.8279362
2026-10-08,2009-03-27,156.914087
2026-10-08,2009-03-28,156.8160292
2026-10-08,2009-03-29,156.7180327
2026-10-08,2009-03-30,154.7663868
2026-10-08,2009-03-31,156.2431675
2026-10-08,2009-04-01,155.1154602
2026-10-08,2009-04-02,155.0406914
2026-10-08,2009-04-03,156.9939824
2026-10-08,2009-04-04,156.918308
2026-10-08,2009-04-05,156.8426702
2026-10-08,2009-04-06,155.5703485
2026-10-08,2009-04-07,153.6404988
2026-10-08,2009-04-08,153.8889866
2026-10-08,2009-04-09,153.814809
2026-10-08,2009-04-10,153.7406671
2026-10-08,2009-04-11,153.6665609
2026-10-08,2009-04-12,153.5924904
2026-10-08,2009-04-13,154.6741752
2026-10-08,2009-04-14,153.5324468
2026-10-08,2009-04-15,152.5614552
2026-10-08,2009-04-16,152.0738384
2026-10-08,2009-04-17,150.8651619
2026-10-08,2009-04-18,150.7924418
2026-10-08,2009-04-19,150.7197567
2026-10-08,2009-04-20,149.4519148
2026-10-08,2009-04-21,149.9410783
2026-10-08,2009-04-22,150.5753409
2026-10-08,2009-04-23,151.51584
2026-10-08,2009-04-24,153.3634905
2026-10-08,2009-04-25,153.2895661
2026-10-08,2009-04-26,153.2156774
2026-10-08,2009-04-27,150.6073642
2026-10-08,2009-04-28,152.3224975
2026-10-08,2009-04-29,154.8703216
2026-10-08,2009-04-30,153.4845559
2026-10-08,2009-05-01,153.4441002
2026-10-08,2009-05-02,153.4036552
2026-10-08,2009-05-03,153.3632209
2026-10-08,2009-05-04,154.2546826
2026-10-08,2009-05-05,153.8276431
2026-10-08,2009-05-06,153.7888106
2026-10-08,2009-05-07,155.031867
2026-10-08,2009-05-08,157.3779573
2026-10-08,2009-05-09,157.3364754
2026-10-08,2009-05-10,157.2950044
2026-10-08,2009-05-11,157.2460144
2026-10-08,2009-05-12,157.6750966
2026-10-08,2009-05-13,157.4902317
2026-10-08,2009-05-14,157.8924498
2026-10-08,2009-05-15,156.2709284
2026-10-08,2009-05-16,156.2297383
2026-10-08,2009-05-17,156.188559
2026-10-08,2009-05-18,156.5685082
2026-10-08,2009-05-19,157.6804976
2026-10-08,2009-05-20,159.9280813
2026-10-08,2009-05-21,160.9036742
2026-10-08,2009-05-22,162.7477949
2026-10-08,2009-05-23,162.7048976
2026-10-08,2009-05-24,162.6620116
2026-10-08,2009-05-25,162.619137
2026-10-08,2009-05-26,162.2692907
2026-10-08,2009-05-27,161.0050154
2026-10-08,2009-05-28,161.6004123
2026-10-08,2009-05-29,163.9678575
2026-10-08,2009-05-30,163.9246386
2026-10-08,2009-05-31,163.8814312
2026-10-08,2009-06-01,164.8474677
2026-10-08,2009-06-02,165.7836119
2026-10-08,2009-06-03,163.7359086
2026-10-08,2009-06-04,164.4498901
2026-10-08,2009-06-05,162.6757835
2026-10-08,2009-06-06,162.6577612
2026-10-08,2009-06-07,162.639741
2026-10-08,2009-06-08,161.63885
2026-10-08,2009-06-09,163.175344
2026-10-08,2009-06-10,161.7855131
2026-10-08,2009-06-11,164.3131885
2026-10-08,2009-06-12,163.2132004
2026-10-08,2009-06-13,163.1951186
2026-10-08,2009-06-14,163.1770388
2026-10-08,2009-06-15,163.158961
2026-10-08,2009-06-16,160.9004143
2026-10-08,2009-06-17,161.9261456
2026-10-08,2009-06-18,161.7183859
2026-10-08,2009-06-19,162.9569762
2026-10-08,2009-06-20,162.9389228
2026-10-08,2009-06-21,162.9208714
2026-10-08,2009-06-22,161.8892375
2026-10-08,2009-06-23,164.9378685
2026-10-08,2009-06-24,163.8694082
2026-10-08,2009-06-25,163.8403271
2026-10-08,2009-06-26,164.9011108
2026-10-08,2009-06-27,164.882842
2026-10-08,2009-06-28,164.8645753
2026-10-08,2009-06-29,164.81481
2026-10-08,2009-06-30,164.2809991
2026-10-08,2009-07-01,165.8847192
2026-10-08,2009-07-02,164.2672085
2026-10-08,2009-07-03,163.7624504
2026-10-08,2009-07-04,163.6752387
2026-10-08,2009-07-05,163.5880733
2026-10-08,2009-07-06,163.2436937
2026-10-08,2009-07-07,163.0437479
2026-10-08,2009-07-08,161.8571834
2026-10-08,2009-07-09,161.7709863
2026-10-08,2009-07-10,161.6848351
2026-10-08,2009-07-11,161.5987297
2026-10-08,2009-07-12,161.5126703
2026-10-08,2009-07-13,162.9082588
2026-10-08,2009-07-14,162.1183446
2026-10-08,2009-07-15,164.4280317
2026-10-08,2009-07-16,164.4219808
2026-10-08,2009-07-17,164.5522063
2026-10-08,2009-07-18,164.464574
2026-10-08,2009-07-19,164.3769883
2026-10-08,2009-07-20,165.2192799
2026-10-08,2009-07-21,164.724708
2026-10-08,2009-07-22,165.2175092
2026-10-08,2009-07-23,164.758172
2026-10-08,2009-07-24,165.1081319
2026-10-08,2009-07-25,165.0202035
2026-10-08,2009-07-26,164.9323219
2026-10-08,2009-07-27,164.8298302
2026-10-08,2009-07-28,164.1582104
2026-10-08,2009-07-29,162.7619341
2026-10-08,2009-07-30,163.7017004
2026-10-08,2009-07-31,165.7840224
2026-10-08,2009-08-01,165.7031474
2026-10-08,2009-08-02,165.6223118
2026-10-08,2009-08-03,167.2002653
2026-10-08,2009-08-04,166.5592789
2026-10-08,2009-08-05,166.9472108
2026-10-08,2009-08-06,166.041192
2026-10-08,2009-08-07,164.1171853
2026-10-08,2009-08-08,164.0371234
2026-10-08,2009-08-09,163.9571006
2026-10-08,2009-08-10,163.1880988
2026-10-08,2009-08-11,163.6793132
2026-10-08,2009-08-12,164.4446479
2026-10-08,2009-08-13,165.1525111
2026-10-08,2009-08-14,164.2404542
2026-10-08,2009-08-15,164.1603322
2026-10-08,2009-08-16,164.0802492
2026-10-08,2009-08-17,164.0002054
2026-10-08,2009-08-18,163.5169367
2026-10-08,2009-08-19,164.8409728
2026-10-08,2009-08-20,164.791809
2026-10-08,2009-08-21,165.6478069
2026-10-08,2009-08-22,165.5669983
2026-10-08,2009-08-23,165.4862291
2026-10-08,2009-08-24,165.1713622
2026-10-08,2009-08-25,165.0330822
2026-10-08,2009-08-26,164.1174889
2026-10-08,2009-08-27,164.498368
2026-10-08,2009-08-28,165.321773
2026-10-08,2009-08-29,165.2411235
2026-10-08,2009-08-30,165.1605133
2026-10-08,2009-08-31,165.0537602
2026-10-08,2009-09-01,163.255693
2026-10-08,2009-09-02,163.8827921
2026-10-08,2009-09-03,163.5944853
2026-10-08,2009-09-04,164.2324619
2026-10-08,2009-09-05,164.1505889
2026-10-08,2009-09-06,164.0687567
2026-10-08,2009-09-07,164.0722376
2026-10-08,2009-09-08,166.32264
2026-10-08,2009-09-09,166.678843
2026-10-08,2009-09-10,167.3546491
2026-10-08,2009-09-11,167.0396625
2026-10-08,2009-09-12,166.9563901
2026-10-08,2009-09-13,166.8731592
2026-10-08,2009-09-14,166.4987152
2026-10-08,2009-09-15,166.7234345
2026-10-08,2009-09-16,166.9411281
2026-10-08,2009-09-17,167.1912518
2026-10-08,2009-09-18,167.3108396
2026-10-08,2009-09-19,167.2274319
2026-10-08,2009-09-20,167.1440659
2026-10-08,2009-09-21,166.5784578
2026-10-08,2009-09-22,167.7412009
2026-10-08,2009-09-23,167.6348862
2026-10-08,2009-09-24,165.8515538
2026-10-08,2009-09-25,166.1859353
2026-10-08,2009-09-26,166.1030885
2026-10-08,2009-09-27,166.0202829
2026-10-08,2009-09-28,165.2181467
2026-10-08,2009-09-29,165.0745953
2026-10-08,2009-09-30,165.637287
2026-10-08,2009-10-01,164.3934641
2026-10-08,2009-10-02,165.0640068
2026-10-08,2009-10-03,164.9878895
2026-10-08,2009-10-04,164.9118074
2026-10-08,2009-10-05,165.3072286
2026-10-08,2009-10-06,165.6145126
2026-10-08,2009-10-07,165.0317709
2026-10-08,2009-10-08,166.3069808
2026-10-08,2009-10-09,165.0126381
2026-10-08,2009-10-10,164.9365446
2026-10-08,2009-10-11,164.8604861
2026-10-08,2009-10-12,164.7844627
2026-10-08,2009-10-13,165.8574717
2026-10-08,2009-10-14,166.9927056
2026-10-08,2009-10-15,166.6060011
2026-10-08,2009-10-16,166.2925126
2026-10-08,2009-10-17,166.2158289
2026-10-08,2009-10-18,166.1391805
2026-10-08,2009-10-19,166.7307325
2026-10-08,2009-10-20,166.2535176
2026-10-08,2009-10-21,167.5807984
2026-10-08,2009-10-22,167.2354233
2026-10-08,2009-10-23,166.9929406
2026-10-08,2009-10-24,166.9159339
2026-10-08,2009-10-25,166.8389627
2026-10-08,2009-10-26,165.2283275
2026-10-08,2009-10-27,164.2301175
2026-10-08,2009-10-28,163.4659668
2026-10-08,2009-10-29,164.6225084
2026-10-08,2009-10-30,163.4610217
2026-10-08,2009-10-31,163.3856436
2026-10-08,2009-11-01,163.3300191
2026-10-08,2009-11-02,163.6178255
2026-10-08,2009-11-03,162.6446869
2026-10-08,2009-11-04,164.2604787
2026-10-08,2009-11-05,164.3495583
2026-10-08,2009-11-06,164.2936056
2026-10-08,2009-11-07,164.237672
2026-10-08,2009-11-08,164.1817574
2026-10-08,2009-11-09,165.6288325
2026-10-08,2009-11-10,165.021425
2026-10-08,2009-11-11,164.8787496
2026-10-08,2009-11-12,163.9286583
2026-10-08,2009-11-13,164.4790506
2026-10-08,2009-11-14,164.4230539
2026-10-08,2009-11-15,164.3670761
2026-10-08,2009-11-16,164.8057571
2026-10-08,2009-11-17,163.3856543
2026-10-08,2009-11-18,164.5546511
2026-10-08,2009-11-19,163.4835099
2026-10-08,2009-11-20,162.6087455
2026-10-08,2009-11-21,162.5533854
2026-10-08,2009-11-22,162.4980442
2026-10-08,2009-11-23,163.8770277
2026-10-08,2009-11-24,163.6222369
2026-10-08,2009-11-25,165.1637665
2026-10-08,2009-11-26,165.2377818
2026-10-08,2009-11-27,163.8656551
2026-10-08,2009-11-28,163.8098671
2026-10-08,2009-11-29,163.7540982
2026-10-08,2009-11-30,163.9704652
2026-10-08,2009-12-01,165.1868357
2026-10-08,2009-12-02,164.390676
2026-10-08,2009-12-03,164.6664113
2026-10-08,2009-12-04,162.2164903
2026-10-08,2009-12-05,162.0674728
2026-10-08,2009-12-06,161.9185921
2026-10-08,2009-12-07,161.2840008
2026-10-08,2009-12-08,161.1358398
2026-10-08,2009-12-09,159.0441761
2026-10-08,2009-12-10,159.1873152
2026-10-08,2009-12-11,158.0863761
2026-10-08,2009-12-12,157.9411526
2026-10-08,2009-12-13,157.7960625
2026-10-08,2009-12-14,158.3394501
2026-10-08,2009-12-15,156.8332207
2026-10-08,2009-12-16,156.8961389
2026-10-08,2009-12-17,154.7538442
2026-10-08,2009-12-18,154.2313845
2026-10-08,2009-12-19,154.0897023
2026-10-08,2009-12-20,153.9481503
2026-10-08,2009-12-21,153.5513677
2026-10-08,2009-12-22,152.6386531
2026-10-08,2009-12-23,153.2265674
2026-10-08,2009-12-24,153.1139693
2026-10-08,2009-12-25,152.9733136
2026-10-08,2009-12-26,152.8327871
2026-10-08,2009-12-27,152.6923898
2026-10-08,2009-12-28,153.067772
2026-10-08,2009-12-29,153.6046242
2026-10-08,2009-12-30,152.2852194
2026-10-08,2009-12-31,152.0922683
2026-10-08,2010-01-01,151.9453477
2026-10-08,2010-01-02,151.798569
2026-10-08,2010-01-03,151.6519321
2026-10-08,2010-01-04,152.2920132
2026-10-08,2010-01-05,151.9210238
2026-10-08,2010-01-06,152.3406637
2026-10-08,2010-01-07,150.7311906
2026-10-08,2010-01-08,151.4728705
2026-10-08,2010-01-09,151.3265482
2026-10-08,2010-01-10,151.1803673
2026-10-08,2010-01-11,152.1331713
2026-10-08,2010-01-12,151.9233877
2026-10-08,2010-01-13,151.9175707
2026-10-08,2010-01-14,151.5720783
2026-10-08,2010-01-15,150.2761211
2026-10-08,2010-01-16,150.1309548
2026-10-08,2010-01-17,149.9859288
2026-10-08,2010-01-18,149.919969
2026-10-08,2010-01-19,148.9265247
2026-10-08,2010-01-20,147.0142276
2026-10-08,2010-01-21,146.974552
2026-10-08,2010-01-22,147.3351949
2026-10-08,2010-01-23,147.1928696
2026-10-08,2010-01-24,147.0506818
2026-10-08,2010-01-25,146.7662903
2026-10-08,2010-01-26,146.4237903
2026-10-08,2010-01-27,145.6701715
2026-10-08,2010-01-28,145.0766791
2026-10-08,2010-01-29,144.5857759
2026-10-08,2010-01-30,144.4461065
2026-10-08,2010-01-31,144.3065721
2026-10-08,2010-02-01,144.451638
2026-10-08,2010-02-02,144.5527407
2026-10-08,2010-02-03,143.9271672
2026-10-08,2010-02-04,142.3818734
2026-10-08,2010-02-05,140.8416552
2026-10-08,2010-02-06,140.6426255
2026-10-08,2010-02-07,140.443877
2026-10-08,2010-02-08,140.9715133
2026-10-08,2010-02-09,141.7505049
2026-10-08,2010-02-10,141.2041159
2026-10-08,2010-02-11,140.4468125
2026-10-08,2010-02-12,139.9319658
2026-10-08,2010-02-13,139.7342216
2026-10-08,2010-02-14,139.5367568
2026-10-08,2010-02-15,139.3516694
2026-10-08,2010-02-16,140.5896364
2026-10-08,2010-02-17,138.8957146
2026-10-08,2010-02-18,138.4961652
2026-10-08,2010-02-19,138.0561801
2026-10-08,2010-02-20,137.8610866
2026-10-08,2010-02-21,137.6662688
2026-10-08,2010-02-22,137.9645027
2026-10-08,2010-02-23,136.9233384
2026-10-08,2010-02-24,136.932079
2026-10-08,2010-02-25,136.541623
2026-10-08,2010-02-26,137.1551088
2026-10-08,2010-02-27,136.9612887
2026-10-08,2010-02-28,136.7677424
2026-10-08,2010-03-01,135.9081307
2026-10-08,2010-03-02,136.4745787
2026-10-08,2010-03-03,137.5219866
2026-10-08,2010-03-04,136.1581939
2026-10-08,2010-03-05,136.4894278
2026-10-08,2010-03-06,136.423805
2026-10-08,2010-03-07,136.3582138
2026-10-08,2010-03-08,136.5730246
2026-10-08,2010-03-09,136.2128353
2026-10-08,2010-03-10,136.4863961
2026-10-08,2010-03-11,136.6760999
2026-10-08,2010-03-12,137.515509
2026-10-08,2010-03-13,137.4493929
2026-10-08,2010-03-14,137.3833086
2026-10-08,2010-03-15,136.574812
2026-10-08,2010-03-16,137.022863
2026-10-08,2010-03-17,137.4359344
2026-10-08,2010-03-18,135.9137852
2026-10-08,2010-03-19,135.0411127
2026-10-08,2010-03-20,134.9761862
2026-10-08,2010-03-21,134.911291
2026-10-08,2010-03-22,134.9858649
2026-10-08,2010-03-23,134.3982855
2026-10-08,2010-03-24,134.3336681
2026-10-08,2010-03-25,132.3779306
2026-10-08,2010-03-26,133.1996216
2026-10-08,2010-03-27,133.1355806
2026-10-08,2010-03-28,133.0715703
2026-10-08,2010-03-29,133.9004365
2026-10-08,2010-03-30,133.4375547
2026-10-08,2010-03-31,134.6907988
2026-10-08,2010-04-01,134.6481188
2026-10-08,2010-04-02,134.6054523
2026-10-08,2010-04-03,134.5627993
2026-10-08,2010-04-04,134.5201598
2026-10-08,2010-04-05,134.0351416
2026-10-08,2010-04-06,132.924077
2026-10-08,2010-04-07,132.7151854
2026-10-08,2010-04-08,132.4151822
2026-10-08,2010-04-09,133.5733547
2026-10-08,2010-04-10,133.5310288
2026-10-08,2010-04-11,133.4887162
2026-10-08,2010-04-12,134.6455103
2026-10-08,2010-04-13,134.7466043
2026-10-08,2010-04-14,135.2731168
2026-10-08,2010-04-15,134.1215137
2026-10-08,2010-04-16,133.3033982
2026-10-08,2010-04-17,133.2611578
2026-10-08,2010-04-18,133.2189308
2026-10-08,2010-04-19,132.9544596
2026-10-08,2010-04-20,132.6505401
2026-10-08,2010-04-21,132.2433766
2026-10-08,2010-04-22,131.4319934
2026-10-08,2010-04-23,132.0260335
2026-10-08,2010-04-24,131.9841978
2026-10-08,2010-04-25,131.9423754
2026-10-08,2010-04-26,131.4417395
2026-10-08,2010-04-27,130.6816738
2026-10-08,2010-04-28,129.9219748
2026-10-08,2010-04-29,130.8166331
2026-10-08,2010-04-30,131.3290053
2026-10-08,2010-05-01,131.2675248
2026-10-08,2010-05-02,131.206073
2026-10-08,2010-05-03,130.216931
2026-10-08,2010-05-04,128.7004078
2026-10-08,2010-05-05,127.0300443
2026-10-08,2010-05-06,125.1341434
2026-10-08,2010-05-07,125.707158
2026-10-08,2010-05-08,125.6483093
2026-10-08,2010-05-09,125.5894881
2026-10-08,2010-05-10,126.0628548
2026-10-08,2010-05-11,125.5139846
2026-10-08,2010-05-12,124.290792
2026-10-08,2010-05-13,123.8192849
2026-10-08,2010-05-14,122.0042068
2026-10-08,2010-05-15,121.9470916
2026-10-08,2010-05-16,121.8900032
2026-10-08,2010-05-17,121.6071358
2026-10-08,2010-05-18,120.7911347
2026-10-08,2010-05-19,121.8228518
2026-10-08,2010-05-20,122.8557422
2026-10-08,2010-05-21,123.8325138
2026-10-08,2010-05-22,123.7745427
2026-10-08,2010-05-23,123.7165987
2026-10-08,2010-05-24,123.6586819
2026-10-08,2010-05-25,123.6007921
2026-10-08,2010-05-26,120.1555236
2026-10-08,2010-05-27,121.5243354
2026-10-08,2010-05-28,120.8995587
2026-10-08,2010-05-29,120.8429606
2026-10-08,2010-05-30,120.786389
2026-10-08,2010-05-31,121.095627
2026-10-08,2010-06-01,120.9056131
2026-10-08,2010-06-02,120.0892052
2026-10-08,2010-06-03,119.3926468
2026-10-08,2010-06-04,117.8712468
2026-10-08,2010-06-05,117.8287559
2026-10-08,2010-06-06,117.7862803
2026-10-08,2010-06-07,116.9977042
2026-10-08,2010-06-08,116.7472577
2026-10-08,2010-06-09,117.5077371
2026-10-08,2010-06-10,118.4547541
2026-10-08,2010-06-11,118.082604
2026-10-08,2010-06-12,118.0400369
2026-10-08,2010-06-13,117.9974851
2026-10-08,2010-06-14,119.6207779
2026-10-08,2010-06-15,120.7222627
2026-10-08,2010-06-16,120.4929439
2026-10-08,2010-06-17,121.1338245
2026-10-08,2010-06-18,120.8067422
2026-10-08,2010-06-19,120.7631931
2026-10-08,2010-06-20,120.7196596
2026-10-08,2010-06-21,120.6761419
2026-10-08,2010-06-22,120.0998084
2026-10-08,2010-06-23,119.7514709
2026-10-08,2010-06-24,120.6196994
2026-10-08,2010-06-25,120.9499907
2026-10-08,2010-06-26,120.90639
2026-10-08,2010-06-27,120.8628049
2026-10-08,2010-06-28,119.7379438
2026-10-08,2010-06-29,118.9039317
2026-10-08,2010-06-30,119.5031006
2026-10-08,2010-07-01,121.5662714
2026-10-08,2010-07-02,122.1076401
2026-10-08,2010-07-03,122.0334934
2026-10-08,2010-07-04,121.9593917
2026-10-08,2010-07-05,121.91632
2026-10-08,2010-07-06,122.6973912
2026-10-08,2010-07-07,122.8580274
2026-10-08,2010-07-08,123.04765
2026-10-08,2010-07-09,122.9729325
2026-10-08,2010-07-10,122.8982603
2026-10-08,2010-07-11,122.8236335
2026-10-08,2010-07-12,121.9431446
2026-10-08,2010-07-13,122.9099326
2026-10-08,2010-07-14,123.1736613
2026-10-08,2010-07-15,124.5894457
2026-10-08,2010-07-16,124.9069933
2026-10-08,2010-07-17,124.8311467
2026-10-08,2010-07-18,124.7553462
2026-10-08,2010-07-19,124.7884195
2026-10-08,2010-07-20,124.3630749
2026-10-08,2010-07-21,123.3826836
2026-10-08,2010-07-22,124.1008664
2026-10-08,2010-07-23,123.8883017
2026-10-08,2010-07-24,123.8130738
2026-10-08,2010-07-25,123.7378915
2026-10-08,2010-07-26,124.5863054
2026-10-08,2010-07-27,124.5039488
2026-10-08,2010-07-28,124.5587546
2026-10-08,2010-07-29,125.5242617
2026-10-08,2010-07-30,125.1984445
2026-10-08,2010-07-31,125.1224209
2026-10-08,2010-08-01,125.0876516
2026-10-08,2010-08-02,126.0998249
2026-10-08,2010-08-03,126.4243249
2026-10-08,2010-08-04,125.5926413
2026-10-08,2010-08-05,125.9589549
2026-10-08,2010-08-06,126.8275804
2026-10-08,2010-08-07,126.7923372
2026-10-08,2010-08-08,126.7571038
2026-10-08,2010-08-09,126.1876766
2026-10-08,2010-08-10,125.0304381
2026-10-08,2010-08-11,122.7667385
2026-10-08,2010-08-12,122.2819386
2026-10-08,2010-08-13,121.7809195
2026-10-08,2010-08-14,121.7470787
2026-10-08,2010-08-15,121.7132473
2026-10-08,2010-08-16,121.6794252
2026-10-08,2010-08-17,122.7907559
2026-10-08,2010-08-18,122.6761439
2026-10-08,2010-08-19,122.0255264
2026-10-08,2010-08-20,121.0891532
2026-10-08,2010-08-21,121.0555046
2026-10-08,2010-08-22,121.0218654
2026-10-08,2010-08-23,120.6286816
2026-10-08,2010-08-24,120.725094
2026-10-08,2010-08-25,120.6118887
2026-10-08,2010-08-26,121.0239755
2026-10-08,2010-08-27,121.2474115
2026-10-08,2010-08-28,121.2137189
2026-10-08,2010-08-29,121.1800357
2026-10-08,2010-08-30,120.7209119
2026-10-08,2010-08-31,120.9254829
2026-10-08,2010-09-01,121.9027598
2026-10-08,2010-09-02,121.8349121
2026-10-08,2010-09-03,122.3964284
2026-10-08,2010-09-04,122.3448522
2026-10-08,2010-09-05,122.2932977
2026-10-08,2010-09-06,122.106423
2026-10-08,2010-09-07,120.6674509
2026-10-08,2010-09-08,120.7567337
2026-10-08,2010-09-09,120.2867393
2026-10-08,2010-09-10,120.4255046
2026-10-08,2010-09-11,120.3747589
2026-10-08,2010-09-12,120.3240346
2026-10-08,2010-09-13,121.8891014
2026-10-08,2010-09-14,123.2412094
2026-10-08,2010-09-15,123.21101
2026-10-08,2010-09-16,123.7427065
2026-10-08,2010-09-17,123.4505067
2026-10-08,2010-09-18,123.3984864
2026-10-08,2010-09-19,123.3464879
2026-10-08,2010-09-20,123.4238684
2026-10-08,2010-09-21,124.0452365
2026-10-08,2010-09-22,126.3092058
2026-10-08,2010-09-23,125.9952771
2026-10-08,2010-09-24,127.2900776
2026-10-08,2010-09-25,127.2364393
2026-10-08,2010-09-26,127.1828235
2026-10-08,2010-09-27,127.5959757
2026-10-08,2010-09-28,128.5248249
2026-10-08,2010-09-29,128.6989592
2026-10-08,2010-09-30,128.4394835
2026-10-08,2010-10-01,129.707996
2026-10-08,2010-10-02,129.5860855
2026-10-08,2010-10-03,129.4642896
2026-10-08,2010-10-04,128.5866506
2026-10-08,2010-10-05,129.9767384
2026-10-08,2010-10-06,130.688996
2026-10-08,2010-10-07,130.1444607
2026-10-08,2010-10-08,129.9751365
2026-10-08,2010-10-09,129.8529749
2026-10-08,2010-10-10,129.7309281
2026-10-08,2010-10-11,129.6089961
2026-10-08,2010-10-12,128.8585332
2026-10-08,2010-10-13,129.8016939
2026-10-08,2010-10-14,130.5318314
2026-10-08,2010-10-15,129.581875
2026-10-08,2010-10-16,129.4600831
2026-10-08,2010-10-17,129.3384056
2026-10-08,2010-10-18,129.4618573
2026-10-08,2010-10-19,127.5225604
2026-10-08,2010-10-20,129.1921157
2026-10-08,2010-10-21,128.4701034
2026-10-08,2010-10-22,128.4598125
2026-10-08,2010-10-23,128.3390751
2026-10-08,2010-10-24,128.2184512
2026-10-08,2010-10-25,128.6358511
2026-10-08,2010-10-26,127.2421524
2026-10-08,2010-10-27,127.1225595
2026-10-08,2010-10-28,127.8336112
2026-10-08,2010-10-29,127.5300978
2026-10-08,2010-10-30,127.4102343
2026-10-08,2010-10-31,127.2904834
2026-10-08,2010-11-01,127.1876381
2026-10-08,2010-11-02,128.3781862
2026-10-08,2010-11-03,128.2968885
2026-10-08,2010-11-04,129.6007213
2026-10-08,2010-11-05,128.341088
2026-10-08,2010-11-06,128.2648217
2026-10-08,2010-11-07,128.1886007
2026-10-08,2010-11-08,127.1797082
2026-10-08,2010-11-09,126.2427028
2026-10-08,2010-11-10,125.0795653
2026-10-08,2010-11-11,124.2539417
2026-10-08,2010-11-12,124.410709
2026-10-08,2010-11-13,124.3367783
2026-10-08,2010-11-14,124.2628915
2026-10-08,2010-11-15,123.8451674
2026-10-08,2010-11-16,122.7274849
2026-10-08,2010-11-17,123.0638463
2026-10-08,2010-11-18,123.8270256
2026-10-08,2010-11-19,124.0078076
2026-10-08,2010-11-20,123.9341164
2026-10-08,2010-11-21,123.8604689
2026-10-08,2010-11-22,123.7868652
2026-10-08,2010-11-23,121.402189
2026-10-08,2010-11-24,121.0945372
2026-10-08,2010-11-25,121.1468921
2026-10-08,2010-11-26,120.0127493
2026-10-08,2010-11-27,119.9414321
2026-10-08,2010-11-28,119.8701573
2026-10-08,2010-11-29,118.6631536
2026-10-08,2010-11-30,118.1202079
2026-10-08,2010-12-01,118.8173482
2026-10-08,2010-12-02,119.3007746
2026-10-08,2010-12-03,120.7338473
2026-10-08,2010-12-04,120.6916774
2026-10-08,2010-12-05,120.6495222
2026-10-08,2010-12-06,119.9039829
2026-10-08,2010-12-07,119.9342129
2026-10-08,2010-12-08,119.8923223
2026-10-08,2010-12-09,119.054777
2026-10-08,2010-12-10,119.0253502
2026-10-08,2010-12-11,118.983777
2026-10-08,2010-12-12,118.9422183
2026-10-08,2010-12-13,120.2424565
2026-10-08,2010-12-14,120.5181931
2026-10-08,2010-12-15,119.1918628
2026-10-08,2010-12-16,118.812048
2026-10-08,2010-12-17,118.0496366
2026-10-08,2010-12-18,118.0084042
2026-10-08,2010-12-19,117.9671862
2026-10-08,2010-12-20,117.6122067
2026-10-08,2010-12-21,117.4967302
2026-10-08,2010-12-22,117.184358
2026-10-08,2010-12-23,117.5534626
2026-10-08,2010-12-24,117.5124035
2026-10-08,2010-12-25,117.4713587
2026-10-08,2010-12-26,117.4303283
2026-10-08,2010-12-27,117.7546664
2026-10-08,2010-12-28,117.5711583
2026-10-08,2010-12-29,118.0140656
2026-10-08,2010-12-30,118.5391976
2026-10-08,2010-12-31,119.3823864
2026-10-08,2011-01-01,119.3128636
2026-10-08,2011-01-02,119.2433813
2026-10-08,2011-01-03,119.2266132
2026-10-08,2011-01-04,118.5870982
2026-10-08,2011-01-05,117.3044804
2026-10-08,2011-01-06,115.8574419
2026-10-08,2011-01-07,115.1012566
2026-10-08,2011-01-08,115.034227
2026-10-08,2011-01-09,114.9672364
2026-10-08,2011-01-10,115.0247306
2026-10-08,2011-01-11,115.1975605
2026-10-08,2011-01-12,116.1284748
2026-10-08,2011-01-13,118.4285262
2026-10-08,2011-01-14,118.3570178
2026-10-08,2011-01-15,118.2880922
2026-10-08,2011-01-16,118.2192067
2026-10-08,2011-01-17,117.6842647
2026-10-08,2011-01-18,118.3805719
2026-10-08,2011-01-19,119.338487
2026-10-08,2011-01-20,119.1009087
2026-10-08,2011-01-21,120.1367937
2026-10-08,2011-01-22,120.0668316
2026-10-08,2011-01-23,119.9969102
2026-10-08,2011-01-24,120.4464761
2026-10-08,2011-01-25,120.5803811
2026-10-08,2011-01-26,120.8546016
2026-10-08,2011-01-27,121.0593084
2026-10-08,2011-01-28,120.4097715
2026-10-08,2011-01-29,120.3396504
2026-10-08,2011-01-30,120.2695702
2026-10-08,2011-01-31,121.1971177
2026-10-08,2011-02-01,122.3046354
2026-10-08,2011-02-02,122.2097899
2026-10-08,2011-02-03,120.8716994
2026-10-08,2011-02-04,120.2569344
2026-10-08,2011-02-05,120.2287058
2026-10-08,2011-02-06,120.2004838
2026-10-08,2011-02-07,119.9575666
2026-10-08,2011-02-08,120.9493333
2026-10-08,2011-02-09,121.2836542
2026-10-08,2011-02-10,120.5933669
2026-10-08,2011-02-11,119.7130895
2026-10-08,2011-02-12,119.6849886
2026-10-08,2011-02-13,119.6568942
2026-10-08,2011-02-14,119.4107615
2026-10-08,2011-02-15,119.6456789
2026-10-08,2011-02-16,119.8942877
2026-10-08,2011-02-17,120.2674586
2026-10-08,2011-02-18,120.9237149
2026-10-08,2011-02-19,120.8953297
2026-10-08,2011-02-20,120.8669513
2026-10-08,2011-02-21,120.9728769
2026-10-08,2011-02-22,120.7852934
2026-10-08,2011-02-23,121.5386832
2026-10-08,2011-02-24,121.9131573
2026-10-08,2011-02-25,121.6407496
2026-10-08,2011-02-26,121.6121962
2026-10-08,2011-02-27,121.5836494
2026-10-08,2011-02-28,121.8857082
2026-10-08,2011-03-01,121.9630153
2026-10-08,2011-03-02,122.4653168
2026-10-08,2011-03-03,122.9580747
2026-10-08,2011-03-04,123.2997168
2026-10-08,2011-03-05,123.2490178
2026-10-08,2011-03-06,123.1983395
2026-10-08,2011-03-07,123.1476822
2026-10-08,2011-03-08,123.0970456
2026-10-08,2011-03-09,122.4596541
2026-10-08,2011-03-10,121.6356322
2026-10-08,2011-03-11,122.0314325
2026-10-08,2011-03-12,121.981255
2026-10-08,2011-03-13,121.931098
2026-10-08,2011-03-14,122.8773753
2026-10-08,2011-03-15,122.8737879
2026-10-08,2011-03-16,122.0567083
2026-10-08,2011-03-17,123.2239439
2026-10-08,2011-03-18,124.5182376
2026-10-08,2011-03-19,124.4670375
2026-10-08,2011-03-20,124.4158584
2026-10-08,2011-03-21,124.9884537
2026-10-08,2011-03-22,124.8450187
2026-10-08,2011-03-23,123.9947983
2026-10-08,2011-03-24,123.9438135
2026-10-08,2011-03-25,123.8928495
2026-10-08,2011-03-26,123.8419066
2026-10-08,2011-03-27,123.7909846
2026-10-08,2011-03-28,123.4682157
2026-10-08,2011-03-29,123.5177824
2026-10-08,2011-03-30,123.9181315
2026-10-08,2011-03-31,124.6477234
2026-10-08,2011-04-01,124.7133238
2026-10-08,2011-04-02,124.6297813
2026-10-08,2011-04-03,124.5462948
2026-10-08,2011-04-04,124.2352388
2026-10-08,2011-04-05,124.2832832
2026-10-08,2011-04-06,125.2664062
2026-10-08,2011-04-07,124.767372
2026-10-08,2011-04-08,125.7600686
2026-10-08,2011-04-09,125.6758249
2026-10-08,2011-04-10,125.5916376
2026-10-08,2011-04-11,125.7250844
2026-10-08,2011-04-12,126.1530156
2026-10-08,2011-04-13,125.7524618
2026-10-08,2011-04-14,126.3656041
2026-10-08,2011-04-15,125.8856269
2026-10-08,2011-04-16,125.8012991
2026-10-08,2011-04-17,125.7170278
2026-10-08,2011-04-18,124.0222521
2026-10-08,2011-04-19,124.9409414
2026-10-08,2011-04-20,126.360602
2026-10-08,2011-04-21,126.275956
2026-10-08,2011-04-22,126.1913667
2026-10-08,2011-04-23,126.1068341
2026-10-08,2011-04-24,126.0223581
2026-10-08,2011-04-25,126.7344478
2026-10-08,2011-04-26,127.0924384
2026-10-08,2011-04-27,127.9777993
2026-10-08,2011-04-28,128.4376607
2026-10-08,2011-04-29,128.5075475
2026-10-08,2011-04-30,128.4214634
2026-10-08,2011-05-01,128.3504387
2026-10-08,2011-05-02,128.5246448
2026-10-08,2011-05-03,128.1715657
2026-10-08,2011-05-04,128.2961667
2026-10-08,2011-05-05,125.7186269
2026-10-08,2011-05-06,124.2904459
2026-10-08,2011-05-07,124.221706
2026-10-08,2011-05-08,124.1530041
2026-10-08,2011-05-09,123.528738
2026-10-08,2011-05-10,123.7790962
2026-10-08,2011-05-11,122.2771648
2026-10-08,2011-05-12,122.7130445
2026-10-08,2011-05-13,121.3162759
2026-10-08,2011-05-14,121.2491808
2026-10-08,2011-05-15,121.1821229
2026-10-08,2011-05-16,122.0208147
2026-10-08,2011-05-17,122.111979
2026-10-08,2011-05-18,122.4777355
2026-10-08,2011-05-19,122.8432601
2026-10-08,2011-05-20,121.9050372
2026-10-08,2011-05-21,121.8376165
2026-10-08,2011-05-22,121.7702331
2026-10-08,2011-05-23,120.3370938
2026-10-08,2011-05-24,120.7372989
2026-10-08,2011-05-25,120.670524
2026-10-08,2011-05-26,120.663601
2026-10-08,2011-05-27,121.8694459
2026-10-08,2011-05-28,121.802045
2026-10-08,2011-05-29,121.7346813
2026-10-08,2011-05-30,121.829291
2026-10-08,2011-05-31,122.6830407
2026-10-08,2011-06-01,122.7193873
2026-10-08,2011-06-02,123.5400232
2026-10-08,2011-06-03,124.6194116
2026-10-08,2011-06-04,124.5569148
2026-10-08,2011-06-05,124.4944494
2026-10-08,2011-06-06,124.2120789
2026-10-08,2011-06-07,124.8811756
2026-10-08,2011-06-08,124.0195144
2026-10-08,2011-06-09,123.2907567
2026-10-08,2011-06-10,121.7467237
2026-10-08,2011-06-11,121.6856676
2026-10-08,2011-06-12,121.6246422
2026-10-08,2011-06-13,122.123279
2026-10-08,2011-06-14,122.7530421
2026-10-08,2011-06-15,120.1282194
2026-10-08,2011-06-16,119.7884558
2026-10-08,2011-06-17,121.061729
2026-10-08,2011-06-18,121.0010164
2026-10-08,2011-06-19,120.9403343
2026-10-08,2011-06-20,120.8796826
2026-10-08,2011-06-21,121.702573
2026-10-08,2011-06-22,121.7896041
2026-10-08,2011-06-23,119.8693017
2026-10-08,2011-06-24,119.880652
2026-10-08,2011-06-25,119.8205318
2026-10-08,2011-06-26,119.7604417
2026-10-08,2011-06-27,120.4508689
2026-10-08,2011-06-28,121.1919053
2026-10-08,2011-06-29,121.9418292
2026-10-08,2011-06-30,122.5984151
2026-10-08,2011-07-01,122.4484631
2026-10-08,2011-07-02,122.3576864
2026-10-08,2011-07-03,122.266977
2026-10-08,2011-07-04,122.4851335
2026-10-08,2011-07-05,122.0533576
2026-10-08,2011-07-06,120.5734068
2026-10-08,2011-07-07,120.8244869
2026-10-08,2011-07-08,119.8764133
2026-10-08,2011-07-09,119.7875434
2026-10-08,2011-07-10,119.6987393
2026-10-08,2011-07-11,117.8162607
2026-10-08,2011-07-12,117.5610457
2026-10-08,2011-07-13,118.606191
2026-10-08,2011-07-14,118.7613211
2026-10-08,2011-07-15,118.4806455
2026-10-08,2011-07-16,118.3928103
2026-10-08,2011-07-17,118.3050403
2026-10-08,2011-07-18,117.8203578
2026-10-08,2011-07-19,118.7236262
2026-10-08,2011-07-20,119.045846
2026-10-08,2011-07-21,120.3918038
2026-10-08,2011-07-22,120.2188922
2026-10-08,2011-07-23,120.1297684
2026-10-08,2011-07-24,120.0407106
2026-10-08,2011-07-25,119.9692244
2026-10-08,2011-07-26,121.0137716
2026-10-08,2011-07-27,119.6783397
2026-10-08,2011-07-28,119.3301333
2026-10-08,2011-07-29,119.8531285
2026-10-08,2011-07-30,119.7642758
2026-10-08,2011-07-31,119.675489
2026-10-08,2011-08-01,118.5161912
2026-10-08,2011-08-02,117.9944146
2026-10-08,2011-08-03,119.1597968
2026-10-08,2011-08-04,117.5772627
2026-10-08,2011-08-05,118.592611
2026-10-08,2011-08-06,118.5079572
2026-10-08,2011-08-07,118.4233638
2026-10-08,2011-08-08,117.7511397
2026-10-08,2011-08-09,117.9510867
2026-10-08,2011-08-10,117.7343018
2026-10-08,2011-08-11,117.7234304
2026-10-08,2011-08-12,117.9421986
2026-10-08,2011-08-13,117.8580091
2026-10-08,2011-08-14,117.7738796
2026-10-08,2011-08-15,119.3369059
2026-10-08,2011-08-16,119.0776564
2026-10-08,2011-08-17,119.4045467
2026-10-08,2011-08-18,118.3331073
2026-10-08,2011-08-19,119.0606469
2026-10-08,2011-08-20,118.975659
2026-10-08,2011-08-21,118.8907318
2026-10-08,2011-08-22,118.8058651
2026-10-08,2011-08-23,119.1146767
2026-10-08,2011-08-24,119.1609006
2026-10-08,2011-08-25,118.6181931
2026-10-08,2011-08-26,119.5029738
2026-10-08,2011-08-27,119.4176702
2026-10-08,2011-08-28,119.3324274
2026-10-08,2011-08-29,119.394194
2026-10-08,2011-08-30,118.9890053
2026-10-08,2011-08-31,118.5343936
2026-10-08,2011-09-01,118.3608813
2026-10-08,2011-09-02,117.0717919
2026-10-08,2011-09-03,117.0260975
2026-10-08,2011-09-04,116.980421
2026-10-08,2011-09-05,116.2274696
2026-10-08,2011-09-06,115.4318475
2026-10-08,2011-09-07,115.9526009
2026-10-08,2011-09-08,114.2888526
2026-10-08,2011-09-09,112.5852697
2026-10-08,2011-09-10,112.5413265
2026-10-08,2011-09-11,112.4974004
2026-10-08,2011-09-12,111.5598942
2026-10-08,2011-09-13,112.6499303
2026-10-08,2011-09-14,112.9261799
2026-10-08,2011-09-15,114.000858
2026-10-08,2011-09-16,113.1275089
2026-10-08,2011-09-17,113.083354
2026-10-08,2011-09-18,113.0392164
2026-10-08,2011-09-19,111.8639155
2026-10-08,2011-09-20,111.6418033
2026-10-08,2011-09-21,112.354896
2026-10-08,2011-09-22,110.021832
2026-10-08,2011-09-23,110.5599556
2026-10-08,2011-09-24,110.5168028
2026-10-08,2011-09-25,110.4736669
2026-10-08,2011-09-26,109.9727708
2026-10-08,2011-09-27,111.4333848
2026-10-08,2011-09-28,110.7691071
2026-10-08,2011-09-29,110.8401831
2026-10-08,2011-09-30,109.8093292
2026-10-08,2011-10-01,109.7830211
2026-10-08,2011-10-02,109.7567193
2026-10-08,2011-10-03,108.0421476
2026-10-08,2011-10-04,107.9917912
2026-10-08,2011-10-05,108.9796629
2026-10-08,2011-10-06,109.5779624
2026-10-08,2011-10-07,109.3967107
2026-10-08,2011-10-08,109.3705014
2026-10-08,2011-10-09,109.3442985
2026-10-08,2011-10-10,109.3181018
2026-10-08,2011-10-11,111.4863023
2026-10-08,2011-10-12,112.6820944
2026-10-08,2011-10-13,112.2276296
2026-10-08,2011-10-14,113.153301
2026-10-08,2011-10-15,113.1261918
2026-10-08,2011-10-16,113.099089
2026-10-08,2011-10-17,109.2895287
2026-10-08,2011-10-18,112.1430798
2026-10-08,2011-10-19,112.7661742
2026-10-08,2011-10-20,112.3464809
2026-10-08,2011-10-21,113.0801844
2026-10-08,2011-10-22,113.0530926
2026-10-08,2011-10-23,113.0260074
2026-10-08,2011-10-24,113.9984191
2026-10-08,2011-10-25,113.8403332
2026-10-08,2011-10-26,113.4862216
2026-10-08,2011-10-27,116.2446644
2026-10-08,2011-10-28,115.7104626
2026-10-08,2011-10-29,115.6827407
2026-10-08,2011-10-30,115.6550255
2026-10-08,2011-10-31,113.8155432
2026-10-08,2011-11-01,112.1691177
2026-10-08,2011-11-02,112.4567096
2026-10-08,2011-11-03,113.0949719
2026-10-08,2011-11-04,112.9355159
2026-10-08,2011-11-05,112.8866602
2026-10-08,2011-11-06,112.8378256
2026-10-08,2011-11-07,112.4613441
2026-10-08,2011-11-08,112.723497
2026-10-08,2011-11-09,111.1949676
2026-10-08,2011-11-10,111.3314438
2026-10-08,2011-11-11,112.6486366
2026-10-08,2011-11-12,112.599905
2026-10-08,2011-11-13,112.5511945
2026-10-08,2011-11-14,111.5008919
2026-10-08,2011-11-15,110.5359678
2026-10-08,2011-11-16,110.1941674
2026-10-08,2011-11-17,109.6322455
2026-10-08,2011-11-18,109.9849318
2026-10-08,2011-11-19,109.9373526
2026-10-08,2011-11-20,109.8897939
2026-10-08,2011-11-21,109.8192691
2026-10-08,2011-11-22,109.8788208
2026-10-08,2011-11-23,108.547665
2026-10-08,2011-11-24,108.4400357
2026-10-08,2011-11-25,107.5562671
2026-10-08,2011-11-26,107.5097385
2026-10-08,2011-11-27,107.46323
2026-10-08,2011-11-28,107.4167416
2026-10-08,2011-11-29,108.3964189
2026-10-08,2011-11-30,109.4867105
2026-10-08,2011-12-01,109.4342374
2026-10-08,2011-12-02,108.9423594
2026-10-08,2011-12-03,108.8890124
2026-10-08,2011-12-04,108.8356916
2026-10-08,2011-12-05,109.4196396
2026-10-08,2011-12-06,108.6589881
2026-10-08,2011-12-07,108.8327945
2026-10-08,2011-12-08,108.7795012
2026-10-08,2011-12-09,108.7262339
2026-10-08,2011-12-10,108.6729928
2026-10-08,2011-12-11,108.6197777
2026-10-08,2011-12-12,106.8121814
2026-10-08,2011-12-13,105.773378
2026-10-08,2011-12-14,105.0594347
2026-10-08,2011-12-15,105.1948108
2026-10-08,2011-12-16,105.3310293
2026-10-08,2011-12-17,105.2794507
2026-10-08,2011-12-18,105.2278974
2026-10-08,2011-12-19,105.2167845
2026-10-08,2011-12-20,105.7720019
2026-10-08,2011-12-21,105.6070994
2026-10-08,2011-12-22,105.385816
2026-10-08,2011-12-23,105.2373665
2026-10-08,2011-12-24,105.1858338
2026-10-08,2011-12-25,105.1343263
2026-10-08,2011-12-26,105.0828441
2026-10-08,2011-12-27,105.4605333
2026-10-08,2011-12-28,104.2962762
2026-10-08,2011-12-29,104.4148873
2026-10-08,2011-12-30,104.5251302
2026-10-08,2011-12-31,104.4739463
2026-10-08,2012-01-01,104.4080699
2026-10-08,2012-01-02,104.342235
2026-10-08,2012-01-03,105.0006394
2026-10-08,2012-01-04,104.1706127
2026-10-08,2012-01-05,102.9861664
2026-10-08,2012-01-06,102.4764205
2026-10-08,2012-01-07,102.4118036
2026-10-08,2012-01-08,102.3472275
2026-10-08,2012-01-09,102.3481966
2026-10-08,2012-01-10,102.5650202
2026-10-08,2012-01-11,101.8348928
2026-10-08,2012-01-12,102.8849032
2026-10-08,2012-01-13,101.514243
2026-10-08,2012-01-14,101.4502328
2026-10-08,2012-01-15,101.386263
2026-10-08,2012-01-16,101.4718462
2026-10-08,2012-01-17,101.89546
2026-10-08,2012-01-18,102.8064372
2026-10-08,2012-01-19,103.413175
2026-10-08,2012-01-20,103.395799
2026-10-08,2012-01-21,103.3306024
2026-10-08,2012-01-22,103.2654469
2026-10-08,2012-01-23,103.9589099
2026-10-08,2012-01-24,104.1093491
2026-10-08,2012-01-25,104.4436616
2026-10-08,2012-01-26,105.0567458
2026-10-08,2012-01-27,105.1578928
2026-10-08,2012-01-28,105.0915851
2026-10-08,2012-01-29,105.0253192
2026-10-08,2012-01-30,104.6005375
2026-10-08,2012-01-31,104.1207586
2026-10-08,2012-02-01,104.9214386
2026-10-08,2012-02-02,104.5999171
2026-10-08,2012-02-03,104.4618237
2026-10-08,2012-02-04,104.4271425
2026-10-08,2012-02-05,104.3924729
2026-10-08,2012-02-06,104.3101703
2026-10-08,2012-02-07,105.4134248
2026-10-08,2012-02-08,105.547189
2026-10-08,2012-02-09,105.8162819
2026-10-08,2012-02-10,104.9295388
2026-10-08,2012-02-11,104.8947024
2026-10-08,2012-02-12,104.8598776
2026-10-08,2012-02-13,104.992247
2026-10-08,2012-02-14,104.2347078
2026-10-08,2012-02-15,103.8663059
2026-10-08,2012-02-16,104.2215453
2026-10-08,2012-02-17,104.6005559
2026-10-08,2012-02-18,104.5658287
2026-10-08,2012-02-19,104.5311131
2026-10-08,2012-02-20,104.496409
2026-10-08,2012-02-21,104.4617163
2026-10-08,2012-02-22,105.1812791
2026-10-08,2012-02-23,105.7019332
2026-10-08,2012-02-24,106.87358
2026-10-08,2012-02-25,106.8380982
2026-10-08,2012-02-26,106.8026281
2026-10-08,2012-02-27,106.7671699
2026-10-08,2012-02-28,106.6610952
2026-10-08,2012-02-29,105.8733731
2026-10-08,2012-03-01,105.188633
2026-10-08,2012-03-02,104.0260696
2026-10-08,2012-03-03,103.9573202
2026-10-08,2012-03-04,103.8886161
2026-10-08,2012-03-05,103.9771652
2026-10-08,2012-03-06,103.0210019
2026-10-08,2012-03-07,103.2279836
2026-10-08,2012-03-08,104.1417291
2026-10-08,2012-03-09,103.0221402
2026-10-08,2012-03-10,102.9540543
2026-10-08,2012-03-11,102.8860133
2026-10-08,2012-03-12,103.1796582
2026-10-08,2012-03-13,102.9395421
2026-10-08,2012-03-14,102.2356856
2026-10-08,2012-03-15,102.7015173
2026-10-08,2012-03-16,103.3638534
2026-10-08,2012-03-17,103.2955416
2026-10-08,2012-03-18,103.227275
2026-10-08,2012-03-19,103.8022301
2026-10-08,2012-03-20,103.6793014
2026-10-08,2012-03-21,103.4153614
2026-10-08,2012-03-22,103.1824565
2026-10-08,2012-03-23,103.8426981
2026-10-08,2012-03-24,103.7740698
2026-10-08,2012-03-25,103.7054869
2026-10-08,2012-03-26,104.2397464
2026-10-08,2012-03-27,104.2571884
2026-10-08,2012-03-28,103.969963
2026-10-08,2012-03-29,103.7147322
2026-10-08,2012-03-30,104.1152887
2026-10-08,2012-03-31,104.0464803
2026-10-08,2012-04-01,103.9940192
2026-10-08,2012-04-02,103.9415846
2026-10-08,2012-04-03,103.8199839
2026-10-08,2012-04-04,102.5594247
2026-10-08,2012-04-05,102.5077134
2026-10-08,2012-04-06,102.4560282
2026-10-08,2012-04-07,102.404369
2026-10-08,2012-04-08,102.3527359
2026-10-08,2012-04-09,102.0834265
2026-10-08,2012-04-10,101.8375938
2026-10-08,2012-04-11,101.9877947
2026-10-08,2012-04-12,102.7376583
2026-10-08,2012-04-13,101.7366084
2026-10-08,2012-04-14,101.685312
2026-10-08,2012-04-15,101.6340414
2026-10-08,2012-04-16,102.1188402
2026-10-08,2012-04-17,102.0437954
2026-10-08,2012-04-18,101.9139588
2026-10-08,2012-04-19,102.0254607
2026-10-08,2012-04-20,102.7277736
2026-10-08,2012-04-21,102.6759774
2026-10-08,2012-04-22,102.6242074
2026-10-08,2012-04-23,101.9592401
2026-10-08,2012-04-24,102.4817417
2026-10-08,2012-04-25,102.4764281
2026-10-08,2012-04-26,102.7586568
2026-10-08,2012-04-27,102.978562
2026-10-08,2012-04-28,102.9266394
2026-10-08,2012-04-29,102.8747429
2026-10-08,2012-04-30,102.8228726
2026-10-08,2012-05-01,102.7555602
2026-10-08,2012-05-02,102.1060118
2026-10-08,2012-05-03,101.9844147
2026-10-08,2012-05-04,101.4369371
2026-10-08,2012-05-05,101.370532
2026-10-08,2012-05-06,101.3041704
2026-10-08,2012-05-07,101.2575296
2026-10-08,2012-05-08,101.0047963
2026-10-08,2012-05-09,100.4727256
2026-10-08,2012-05-10,100.3146532
2026-10-08,2012-05-11,100.0161915
2026-10-08,2012-05-12,99.95071644
2026-10-08,2012-05-13,99.88528428
2026-10-08,2012-05-14,99.29994314
2026-10-08,2012-05-15,98.40180291
2026-10-08,2012-05-16,98.39398513
2026-10-08,2012-05-17,98.29438059
2026-10-08,2012-05-18,98.37563397
2026-10-08,2012-05-19,98.31123294
2026-10-08,2012-05-20,98.24687406
2026-10-08,2012-05-21,98.79403553
2026-10-08,2012-05-22,98.32406917
2026-10-08,2012-05-23,97.14561639
2026-10-08,2012-05-24,96.79474243
2026-10-08,2012-05-25,96.73137632
2026-10-08,2012-05-26,96.66805168
2026-10-08,2012-05-27,96.6047685
2026-10-08,2012-05-28,96.666476
2026-10-08,2012-05-29,96.10103685
2026-10-08,2012-05-30,95.33614713
2026-10-08,2012-05-31,95.1199073
2026-10-08,2012-06-01,95.32921514
2026-10-08,2012-06-02,95.28473175
2026-10-08,2012-06-03,95.24026912
2026-10-08,2012-06-04,95.88964939
2026-10-08,2012-06-05,95.73590336
2026-10-08,2012-06-06,96.83429014
2026-10-08,2012-06-07,96.79987264
2026-10-08,2012-06-08,96.15203376
2026-10-08,2012-06-09,96.10716642
2026-10-08,2012-06-10,96.06232002
2026-10-08,2012-06-11,96.04931102
2026-10-08,2012-06-12,96.01985356
2026-10-08,2012-06-13,96.75514934
2026-10-08,2012-06-14,96.7438747
2026-10-08,2012-06-15,97.09657507
2026-10-08,2012-06-16,97.37640795
2026-10-08,2012-06-17,97.33096928
2026-10-08,2012-06-18,96.54800567
2026-10-08,2012-06-19,97.68061817
2026-10-08,2012-06-20,97.63503755
2026-10-08,2012-06-21,96.4998427
2026-10-08,2012-06-22,96.51735392
2026-10-08,2012-06-23,96.47231611
2026-10-08,2012-06-24,96.42729932
2026-10-08,2012-06-25,95.94147435
2026-10-08,2012-06-26,95.87598784
2026-10-08,2012-06-27,95.68362795
2026-10-08,2012-06-28,95.40690241
2026-10-08,2012-06-29,97.25991483
2026-10-08,2012-06-30,97.21453052
2026-10-08,2012-07-01,97.14512912
2026-10-08,2012-07-02,96.41969285
2026-10-08,2012-07-03,96.55766121
2026-10-08,2012-07-04,95.98769641
2026-10-08,2012-07-05,94.83415039
2026-10-08,2012-07-06,94.05141025
2026-10-08,2012-07-07,93.98426699
2026-10-08,2012-07-08,93.91717167
2026-10-08,2012-07-09,93.85012424
2026-10-08,2012-07-10,93.68466043
2026-10-08,2012-07-11,93.67966654
2026-10-08,2012-07-12,93.22652414
2026-10-08,2012-07-13,93.51671443
2026-10-08,2012-07-14,93.44995289
2026-10-08,2012-07-15,93.38323901
2026-10-08,2012-07-16,93.63684847
2026-10-08,2012-07-17,93.60423986
2026-10-08,2012-07-18,93.59437258
2026-10-08,2012-07-19,93.60438646
2026-10-08,2012-07-20,92.79530505
2026-10-08,2012-07-21,92.72905853
2026-10-08,2012-07-22,92.6628593
2026-10-08,2012-07-23,92.46412621
2026-10-08,2012-07-24,91.93525557
2026-10-08,2012-07-25,92.5099532
2026-10-08,2012-07-26,93.53019755
2026-10-08,2012-07-27,93.85276359
2026-10-08,2012-07-28,93.78576215
2026-10-08,2012-07-29,93.71880854
2026-10-08,2012-07-30,93.15759711
2026-10-08,2012-07-31,93.61114436
2026-10-08,2012-08-01,93.54881986
2026-10-08,2012-08-02,92.46001933
2026-10-08,2012-08-03,94.03722443
2026-10-08,2012-08-04,93.98711045
2026-10-08,2012-08-05,93.93702318
2026-10-08,2012-08-06,94.16100252
2026-10-08,2012-08-07,94.34701038
2026-10-08,2012-08-08,93.82652395
2026-10-08,2012-08-09,93.33116969
2026-10-08,2012-08-10,93.37005893
2026-10-08,2012-08-11,93.32030049
2026-10-08,2012-08-12,93.27056857
2026-10-08,2012-08-13,93.59024411
2026-10-08,2012-08-14,93.53793093
2026-10-08,2012-08-15,93.17976782
2026-10-08,2012-08-16,93.82036159
2026-10-08,2012-08-17,93.4925487
2026-10-08,2012-08-18,93.44272498
2026-10-08,2012-08-19,93.39292782
2026-10-08,2012-08-20,93.3431572
2026-10-08,2012-08-21,94.53100529
2026-10-08,2012-08-22,94.54568242
2026-10-08,2012-08-23,95.08332557
2026-10-08,2012-08-24,94.97759629
2026-10-08,2012-08-25,94.92698118
2026-10-08,2012-08-26,94.87639303
2026-10-08,2012-08-27,94.72614688
2026-10-08,2012-08-28,95.09939941
2026-10-08,2012-08-29,94.7613379
2026-10-08,2012-08-30,94.55816123
2026-10-08,2012-08-31,95.13961265
2026-10-08,2012-09-01,95.11417093
2026-10-08,2012-09-02,95.088736
2026-10-08,2012-09-03,95.37022716
2026-10-08,2012-09-04,95.210241
2026-10-08,2012-09-05,95.52674041
2026-10-08,2012-09-06,95.85859212
2026-10-08,2012-09-07,97.13334359
2026-10-08,2012-09-08,97.10736871
2026-10-08,2012-09-09,97.08140078
2026-10-08,2012-09-10,96.97198876
2026-10-08,2012-09-11,97.51673093
2026-10-08,2012-09-12,97.80729529
2026-10-08,2012-09-13,98.33545663
2026-10-08,2012-09-14,99.56721301
2026-10-08,2012-09-15,99.54058728
2026-10-08,2012-09-16,99.51396867
2026-10-08,2012-09-17,99.52847664
2026-10-08,2012-09-18,99.02637707
2026-10-08,2012-09-19,99.206179
2026-10-08,2012-09-20,98.39697738
2026-10-08,2012-09-21,98.87119821
2026-10-08,2012-09-22,98.8447586
2026-10-08,2012-09-23,98.81832607
2026-10-08,2012-09-24,98.7919006
2026-10-08,2012-09-25,98.41821333
2026-10-08,2012-09-26,97.75157789
2026-10-08,2012-09-27,98.2232568
2026-10-08,2012-09-28,97.86794816
2026-10-08,2012-09-29,97.84177684
2026-10-08,2012-09-30,97.81561252
2026-10-08,2012-10-01,98.06176763
2026-10-08,2012-10-02,98.30979871
2026-10-08,2012-10-03,98.14337337
2026-10-08,2012-10-04,99.02656079
2026-10-08,2012-10-05,99.14925794
2026-10-08,2012-10-06,99.10989183
2026-10-08,2012-10-07,99.07054135
2026-10-08,2012-10-08,99.03120648
2026-10-08,2012-10-09,97.82146504
2026-10-08,2012-10-10,98.06742349
2026-10-08,2012-10-11,98.39112451
2026-10-08,2012-10-12,98.55915949
2026-10-08,2012-10-13,98.52002766
2026-10-08,2012-10-14,98.48091138
2026-10-08,2012-10-15,98.47955056
2026-10-08,2012-10-16,99.30006456
2026-10-08,2012-10-17,99.87515844
2026-10-08,2012-10-18,99.58673315
2026-10-08,2012-10-19,99.13825645
2026-10-08,2012-10-20,99.09889471
2026-10-08,2012-10-21,99.05954859
2026-10-08,2012-10-22,99.29406415
2026-10-08,2012-10-23,98.70490385
2026-10-08,2012-10-24,98.6859681
2026-10-08,2012-10-25,98.6537109
2026-10-08,2012-10-26,98.44703038
2026-10-08,2012-10-27,98.40794307
2026-10-08,2012-10-28,98.36887129
2026-10-08,2012-10-29,98.21248556
2026-10-08,2012-10-30,98.78499094
2026-10-08,2012-10-31,98.86132661
2026-10-08,2012-11-01,98.59076271
2026-10-08,2012-11-02,97.73732729
2026-10-08,2012-11-03,97.66670609
2026-10-08,2012-11-04,97.59613592
2026-10-08,2012-11-05,97.14322864
2026-10-08,2012-11-06,97.07303672
2026-10-08,2012-11-07,96.85869278
2026-10-08,2012-11-08,96.68011184
2026-10-08,2012-11-09,96.57733427
2026-10-08,2012-11-10,96.50755124
2026-10-08,2012-11-11,96.43781863
2026-10-08,2012-11-12,96.44104778
2026-10-08,2012-11-13,96.30076997
2026-10-08,2012-11-14,96.59205086
2026-10-08,2012-11-15,96.87575761
2026-10-08,2012-11-16,96.53234422
2026-10-08,2012-11-17,96.4625937
2026-10-08,2012-11-18,96.39289357
2026-10-08,2012-11-19,97.02992279
2026-10-08,2012-11-20,97.03047528
2026-10-08,2012-11-21,97.3087915
2026-10-08,2012-11-22,97.63031641
2026-10-08,2012-11-23,98.37556239
2026-10-08,2012-11-24,98.30448002
2026-10-08,2012-11-25,98.23344902
2026-10-08,2012-11-26,98.16246934
2026-10-08,2012-11-27,97.8808114
2026-10-08,2012-11-28,97.94688262
2026-10-08,2012-11-29,98.14602796
2026-10-08,2012-11-30,98.43678679
2026-10-08,2012-12-01,98.39832211
2026-10-08,2012-12-02,98.35987245
2026-10-08,2012-12-03,98.81140631
2026-10-08,2012-12-04,99.15499851
2026-10-08,2012-12-05,99.13744716
2026-10-08,2012-12-06,98.23298326
2026-10-08,2012-12-07,98.20458609
2026-10-08,2012-12-08,98.16621214
2026-10-08,2012-12-09,98.12785318
2026-10-08,2012-12-10,98.06676666
2026-10-08,2012-12-11,98.62227996
2026-10-08,2012-12-12,99.32493846
2026-10-08,2012-12-13,99.1826985
2026-10-08,2012-12-14,99.9693017
2026-10-08,2012-12-15,99.93023818
2026-10-08,2012-12-16,99.89118992
2026-10-08,2012-12-17,99.90665833
2026-10-08,2012-12-18,100.5092447
2026-10-08,2012-12-19,100.7278962
2026-10-08,2012-12-20,100.7175407
2026-10-08,2012-12-21,100.2480075
2026-10-08,2012-12-22,100.2088351
2026-10-08,2012-12-23,100.1696779
2026-10-08,2012-12-24,100.1305361
2026-10-08,2012-12-25,100.0914096
2026-10-08,2012-12-26,100.5650062
2026-10-08,2012-12-27,100.4882373
2026-10-08,2012-12-28,100.5682948
2026-10-08,2012-12-29,100.5289972
2026-10-08,2012-12-30,100.4897149
2026-10-08,2012-12-31,100.3649368
2026-10-08,2013-01-01,100.2677121
2026-10-08,2013-01-02,100.0775824
2026-10-08,2013-01-03,99.58829689
2026-10-08,2013-01-04,98.99369408
2026-10-08,2013-01-05,98.8977977
2026-10-08,2013-01-06,98.80199421
2026-10-08,2013-01-07,99.2683682
2026-10-08,2013-01-08,98.88210836
2026-10-08,2013-01-09,98.85887378
2026-10-08,2013-01-10,100.244823
2026-10-08,2013-01-11,100.9947381
2026-10-08,2013-01-12,100.8969032
2026-10-08,2013-01-13,100.7991632
2026-10-08,2013-01-14,100.9075571
2026-10-08,2013-01-15,100.5654778
2026-10-08,2013-01-16,100.0560933
2026-10-08,2013-01-17,100.5867447
2026-10-08,2013-01-18,100.2012005
2026-10-08,2013-01-19,100.1041344
2026-10-08,2013-01-20,100.0071623
2026-10-08,2013-01-21,100.0139934
2026-10-08,2013-01-22,99.82192962
2026-10-08,2013-01-23,99.88106803
2026-10-08,2013-01-24,100.2439993
2026-10-08,2013-01-25,100.801613
2026-10-08,2013-01-26,100.7039653
2026-10-08,2013-01-27,100.6064121
2026-10-08,2013-01-28,100.6528577
2026-10-08,2013-01-29,100.8434851
2026-10-08,2013-01-30,101.4516256
2026-10-08,2013-01-31,101.3533482
2026-10-08,2013-02-01,102.1845103
2026-10-08,2013-02-02,102.1327708
2026-10-08,2013-02-03,102.0810576
2026-10-08,2013-02-04,100.9663149
2026-10-08,2013-02-05,101.3158305
2026-10-08,2013-02-06,100.8406276
2026-10-08,2013-02-07,100.0701156
2026-10-08,2013-02-08,99.69606975
2026-10-08,2013-02-09,99.64559028
2026-10-08,2013-02-10,99.59513637
2026-10-08,2013-02-11,99.54470801
2026-10-08,2013-02-12,99.49430518
2026-10-08,2013-02-13,100.3564295
2026-10-08,2013-02-14,99.4334696
2026-10-08,2013-02-15,99.63405118
2026-10-08,2013-02-16,99.58360311
2026-10-08,2013-02-17,99.53318058
2026-10-08,2013-02-18,99.70117421
2026-10-08,2013-02-19,99.92678891
2026-10-08,2013-02-20,99.87619262
2026-10-08,2013-02-21,98.54640652
2026-10-08,2013-02-22,98.43400286
2026-10-08,2013-02-23,98.38416241
2026-10-08,2013-02-24,98.33434721
2026-10-08,2013-02-25,98.36271591
2026-10-08,2013-02-26,97.36162325
2026-10-08,2013-02-27,97.70151009
2026-10-08,2013-02-28,97.64140544
2026-10-08,2013-03-01,97.30770092
2026-10-08,2013-03-02,97.28188863
2026-10-08,2013-03-03,97.25608318
2026-10-08,2013-03-04,97.12493294
2026-10-08,2013-03-05,97.30621217
2026-10-08,2013-03-06,97.08081091
2026-10-08,2013-03-07,97.93061249
2026-10-08,2013-03-08,97.07610321
2026-10-08,2013-03-09,97.05035235
2026-10-08,2013-03-10,97.02460833
2026-10-08,2013-03-11,97.53468091
2026-10-08,2013-03-12,97.52151817
2026-10-08,2013-03-13,97.12219636
2026-10-08,2013-03-14,97.46177025
2026-10-08,2013-03-15,97.99014912
2026-10-08,2013-03-16,97.96415579
2026-10-08,2013-03-17,97.93816936
2026-10-08,2013-03-18,97.20141349
2026-10-08,2013-03-19,96.53814164
2026-10-08,2013-03-20,97.19825869
2026-10-08,2013-03-21,96.88968844
2026-10-08,2013-03-22,97.5228787
2026-10-08,2013-03-23,97.49700933
2026-10-08,2013-03-24,97.47114682
2026-10-08,2013-03-25,96.77039325
2026-10-08,2013-03-26,96.66993753
2026-10-08,2013-03-27,96.072747
2026-10-08,2013-03-28,96.04726229
2026-10-08,2013-03-29,96.02178435
2026-10-08,2013-03-30,95.99631316
2026-10-08,2013-03-31,95.97084873
2026-10-08,2013-04-01,95.91060596
2026-10-08,2013-04-02,95.85040101
2026-10-08,2013-04-03,96.51074521
2026-10-08,2013-04-04,97.20152382
2026-10-08,2013-04-05,97.72614171
2026-10-08,2013-04-06,97.66479711
2026-10-08,2013-04-07,97.60349101
2026-10-08,2013-04-08,97.5157447
2026-10-08,2013-04-09,98.09249569
2026-10-08,2013-04-10,97.85587665
2026-10-08,2013-04-11,98.30860415
2026-10-08,2013-04-12,98.14409865
2026-10-08,2013-04-13,98.08249168
2026-10-08,2013-04-14,98.02092339
2026-10-08,2013-04-15,97.85174903
2026-10-08,2013-04-16,98.75318968
2026-10-08,2013-04-17,97.53540306
2026-10-08,2013-04-18,97.72545672
2026-10-08,2013-04-19,97.89351776
2026-10-08,2013-04-20,97.83206809
2026-10-08,2013-04-21,97.77065699
2026-10-08,2013-04-22,97.54924175
2026-10-08,2013-04-23,97.24580293
2026-10-08,2013-04-24,97.33834443
2026-10-08,2013-04-25,97.26206485
2026-10-08,2013-04-26,97.35474977
2026-10-08,2013-04-27,97.29363829
2026-10-08,2013-04-28,97.23256518
2026-10-08,2013-04-29,97.72394348
2026-10-08,2013-04-30,98.24262477
2026-10-08,2013-05-01,98.19232441
2026-10-08,2013-05-02,97.58341525
2026-10-08,2013-05-03,97.93013098
2026-10-08,2013-05-04,97.87999062
2026-10-08,2013-05-05,97.82987593
2026-10-08,2013-05-06,97.76217647
2026-10-08,2013-05-07,97.79449154
2026-10-08,2013-05-08,98.41004993
2026-10-08,2013-05-09,98.04279019
2026-10-08,2013-05-10,97.19157523
2026-10-08,2013-05-11,97.14181301
2026-10-08,2013-05-12,97.09207627
2026-10-08,2013-05-13,97.10164291
2026-10-08,2013-05-14,96.85704582
2026-10-08,2013-05-15,96.23219762
2026-10-08,2013-05-16,96.42951259
2026-10-08,2013-05-17,95.90481821
2026-10-08,2013-05-18,95.85571481
2026-10-08,2013-05-19,95.80663655
2026-10-08,2013-05-20,96.24357594
2026-10-08,2013-05-21,96.42870371
2026-10-08,2013-05-22,96.05905201
2026-10-08,2013-05-23,96.86740627
2026-10-08,2013-05-24,96.75317681
2026-10-08,2013-05-25,96.70363905
2026-10-08,2013-05-26,96.65412665
2026-10-08,2013-05-27,96.73788205
2026-10-08,2013-05-28,96.2171759
2026-10-08,2013-05-29,96.79376914
2026-10-08,2013-05-30,97.70833838
2026-10-08,2013-05-31,97.08838643
2026-10-08,2013-06-01,97.02422449
2026-10-08,2013-06-02,96.96010495
2026-10-08,2013-06-03,97.85573044
2026-10-08,2013-06-04,97.69350529
2026-10-08,2013-06-05,97.80784051
2026-10-08,2013-06-06,99.10256866
2026-10-08,2013-06-07,98.83897905
2026-10-08,2013-06-08,98.77366021
2026-10-08,2013-06-09,98.70838453
2026-10-08,2013-06-10,99.01997924
2026-10-08,2013-06-11,99.2943052
2026-10-08,2013-06-12,99.63983615
2026-10-08,2013-06-13,99.83980135
2026-10-08,2013-06-14,99.77014281
2026-10-08,2013-06-15,99.7042086
2026-10-08,2013-06-16,99.63831796
2026-10-08,2013-06-17,99.71820433
2026-10-08,2013-06-18,100.2729251
2026-10-08,2013-06-19,100.1846057
2026-10-08,2013-06-20,100.1183976
2026-10-08,2013-06-21,100.0522332
2026-10-08,2013-06-22,99.98611261
2026-10-08,2013-06-23,99.92003567
2026-10-08,2013-06-24,98.15980131
2026-10-08,2013-06-25,97.82589421
2026-10-08,2013-06-26,97.27882189
2026-10-08,2013-06-27,97.5508211
2026-10-08,2013-06-28,97.54338442
2026-10-08,2013-06-29,97.47892178
2026-10-08,2013-06-30,97.41450175
2026-10-08,2013-07-01,97.71227922
2026-10-08,2013-07-02,97.2307954
2026-10-08,2013-07-03,97.2654128
2026-10-08,2013-07-04,96.58512594
2026-10-08,2013-07-05,95.89359518
2026-10-08,2013-07-06,95.80505978
2026-10-08,2013-07-07,95.71660613
2026-10-08,2013-07-08,95.90036623
2026-10-08,2013-07-09,95.81182458
2026-10-08,2013-07-10,95.75226879
2026-10-08,2013-07-11,97.23788973
2026-10-08,2013-07-12,97.36306511
2026-10-08,2013-07-13,97.27317301
2026-10-08,2013-07-14,97.18336389
2026-10-08,2013-07-15,97.124998
2026-10-08,2013-07-16,97.78235059
2026-10-08,2013-07-17,97.70755165
2026-10-08,2013-07-18,97.61063319
2026-10-08,2013-07-19,97.94398743
2026-10-08,2013-07-20,97.85355898
2026-10-08,2013-07-21,97.76321401
2026-10-08,2013-07-22,98.06392038
2026-10-08,2013-07-23,98.19188554
2026-10-08,2013-07-24,97.88473268
2026-10-08,2013-07-25,98.5344935
2026-10-08,2013-07-26,98.7588214
2026-10-08,2013-07-27,98.66764063
2026-10-08,2013-07-28,98.57654405
2026-10-08,2013-07-29,98.52899904
2026-10-08,2013-07-30,98.51577808
2026-10-08,2013-07-31,98.94972079
2026-10-08,2013-08-01,98.29216987
2026-10-08,2013-08-02,98.81052336
2026-10-08,2013-08-03,98.75161494
2026-10-08,2013-08-04,98.69274163
2026-10-08,2013-08-05,98.54800645
2026-10-08,2013-08-06,98.95617372
2026-10-08,2013-08-07,99.1782895
2026-10-08,2013-08-08,99.63334033
2026-10-08,2013-08-09,99.31967067
2026-10-08,2013-08-10,99.26045871
2026-10-08,2013-08-11,99.20128204
2026-10-08,2013-08-12,99.00849746
2026-10-08,2013-08-13,98.77753024
2026-10-08,2013-08-14,98.78785338
2026-10-08,2013-08-15,99.58086762
2026-10-08,2013-08-16,99.61595448
2026-10-08,2013-08-17,99.55656588
2026-10-08,2013-08-18,99.49721268
2026-10-08,2013-08-19,99.43789487
2026-10-08,2013-08-20,100.1438002
2026-10-08,2013-08-21,99.88360535
2026-10-08,2013-08-22,99.93027209
2026-10-08,2013-08-23,100.2432919
2026-10-08,2013-08-24,100.1835293
2026-10-08,2013-08-25,100.1238023
2026-10-08,2013-08-26,100.0642173
2026-10-08,2013-08-27,100.3872951
2026-10-08,2013-08-28,99.98683992
2026-10-08,2013-08-29,99.48334948
2026-10-08,2013-08-30,99.36150538
2026-10-08,2013-08-31,99.30226847
2026-10-08,2013-09-01,99.2520722
2026-10-08,2013-09-02,99.2019013
2026-10-08,2013-09-03,99.18031061
2026-10-08,2013-09-04,99.61825949
2026-10-08,2013-09-05,98.80737778
2026-10-08,2013-09-06,99.14610334
2026-10-08,2013-09-07,99.095986
2026-10-08,2013-09-08,99.04589401
2026-10-08,2013-09-09,99.8455511
2026-10-08,2013-09-10,99.96517111
2026-10-08,2013-09-11,100.3887295
2026-10-08,2013-09-12,100.2224918
2026-10-08,2013-09-13,100.3121599
2026-10-08,2013-09-14,100.2614531
2026-10-08,2013-09-15,100.210772
2026-10-08,2013-09-16,100.5538344
2026-10-08,2013-09-17,100.7915063
2026-10-08,2013-09-18,101.5479591
2026-10-08,2013-09-19,102.2474444
2026-10-08,2013-09-20,102.301917
2026-10-08,2013-09-21,102.2502045
2026-10-08,2013-09-22,102.198518
2026-10-08,2013-09-23,102.0822537
2026-10-08,2013-09-24,101.8568776
2026-10-08,2013-09-25,102.1301121
2026-10-08,2013-09-26,101.9680202
2026-10-08,2013-09-27,102.3400906
2026-10-08,2013-09-28,102.2883587
2026-10-08,2013-09-29,102.236653
2026-10-08,2013-09-30,102.2984143
2026-10-08,2013-10-01,102.3125725
2026-10-08,2013-10-02,102.6794859
2026-10-08,2013-10-03,103.0239509
2026-10-08,2013-10-04,102.4175997
2026-10-08,2013-10-05,102.3232803
2026-10-08,2013-10-06,102.2290478
2026-10-08,2013-10-07,102.5019441
2026-10-08,2013-10-08,102.3798712
2026-10-08,2013-10-09,101.8056677
2026-10-08,2013-10-10,101.9825601
2026-10-08,2013-10-11,102.0616544
2026-10-08,2013-10-12,101.9676628
2026-10-08,2013-10-13,101.8737577
2026-10-08,2013-10-14,101.7799392
2026-10-08,2013-10-15,101.4300753
2026-10-08,2013-10-16,101.7493321
2026-10-08,2013-10-17,102.7544426
2026-10-08,2013-10-18,102.8101459
2026-10-08,2013-10-19,102.7154651
2026-10-08,2013-10-20,102.6208714
2026-10-08,2013-10-21,102.696498
2026-10-08,2013-10-22,103.4143401
2026-10-08,2013-10-23,103.3142468
2026-10-08,2013-10-24,103.4596105
2026-10-08,2013-10-25,103.6160478
2026-10-08,2013-10-26,103.5206247
2026-10-08,2013-10-27,103.4252895
2026-10-08,2013-10-28,103.3604181
2026-10-08,2013-10-29,102.9482414
2026-10-08,2013-10-30,103.0952826
2026-10-08,2013-10-31,101.9701026
2026-10-08,2013-11-01,101.4328106
2026-10-08,2013-11-02,101.3428133
2026-10-08,2013-11-03,101.2528959
2026-10-08,2013-11-04,101.4879362
2026-10-08,2013-11-05,101.2867677
2026-10-08,2013-11-06,101.1969
2026-10-08,2013-11-07,100.4482676
2026-10-08,2013-11-08,100.4038574
2026-10-08,2013-11-09,100.3147731
2026-10-08,2013-11-10,100.2257678
2026-10-08,2013-11-11,100.5655786
2026-10-08,2013-11-12,100.8193248
2026-10-08,2013-11-13,100.8291729
2026-10-08,2013-11-14,101.1145382
2026-10-08,2013-11-15,101.1710636
2026-10-08,2013-11-16,101.0812986
2026-10-08,2013-11-17,100.9916132
2026-10-08,2013-11-18,101.2633588
2026-10-08,2013-11-19,101.959136
2026-10-08,2013-11-20,101.2408397
2026-10-08,2013-11-21,101.5344747
2026-10-08,2013-11-22,102.4347466
2026-10-08,2013-11-23,102.3438603
2026-10-08,2013-11-24,102.2530546
2026-10-08,2013-11-25,102.1623296
2026-10-08,2013-11-26,102.4182945
2026-10-08,2013-11-27,102.6927602
2026-10-08,2013-11-28,103.0674052
2026-10-08,2013-11-29,103.1521889
2026-10-08,2013-11-30,103.060666
2026-10-08,2013-12-01,102.9818492
2026-10-08,2013-12-02,102.91455
2026-10-08,2013-12-03,103.5596524
2026-10-08,2013-12-04,103.7681227
2026-10-08,2013-12-05,104.6857853
2026-10-08,2013-12-06,105.1124613
2026-10-08,2013-12-07,105.0320754
2026-10-08,2013-12-08,104.9517509
2026-10-08,2013-12-09,105.1960738
2026-10-08,2013-12-10,105.7288135
2026-10-08,2013-12-11,106.1209239
2026-10-08,2013-12-12,105.6677157
2026-10-08,2013-12-13,105.5151787
2026-10-08,2013-12-14,105.4344848
2026-10-08,2013-12-15,105.3538526
2026-10-08,2013-12-16,105.9396683
2026-10-08,2013-12-17,106.189936
2026-10-08,2013-12-18,106.9028786
2026-10-08,2013-12-19,106.4151233
2026-10-08,2013-12-20,106.8841244
2026-10-08,2013-12-21,106.8023836
2026-10-08,2013-12-22,106.7207052
2026-10-08,2013-12-23,107.0688256
2026-10-08,2013-12-24,106.9869435
2026-10-08,2013-12-25,106.905124
2026-10-08,2013-12-26,107.292379
2026-10-08,2013-12-27,108.136743
2026-10-08,2013-12-28,108.0540442
2026-10-08,2013-12-29,107.9714087
2026-10-08,2013-12-30,108.6472426
2026-10-08,2013-12-31,108.3491066
2026-10-08,2014-01-01,108.1567736
2026-10-08,2014-01-02,107.5545318
2026-10-08,2014-01-03,106.9928414
2026-10-08,2014-01-04,106.8029159
2026-10-08,2014-01-05,106.6133275
2026-10-08,2014-01-06,107.3725859
2026-10-08,2014-01-07,107.144281
2026-10-08,2014-01-08,106.5962782
2026-10-08,2014-01-09,106.8476116
2026-10-08,2014-01-10,107.91716
2026-10-08,2014-01-11,107.7255937
2026-10-08,2014-01-12,107.5343675
2026-10-08,2014-01-13,107.7481364
2026-10-08,2014-01-14,108.018908
2026-10-08,2014-01-15,107.8521194
2026-10-08,2014-01-16,107.9634938
2026-10-08,2014-01-17,107.6127489
2026-10-08,2014-01-18,107.421723
2026-10-08,2014-01-19,107.2310362
2026-10-08,2014-01-20,107.7438284
2026-10-08,2014-01-21,108.4100728
2026-10-08,2014-01-22,112.225692
2026-10-08,2014-01-23,122.71014
2026-10-08,2014-01-24,126.5361495
2026-10-08,2014-01-25,126.3115322
2026-10-08,2014-01-26,126.0873136
2026-10-08,2014-01-27,125.9471475
2026-10-08,2014-01-28,125.5856807
2026-10-08,2014-01-29,125.3028443
2026-10-08,2014-01-30,124.210064
2026-10-08,2014-01-31,123.4915912
2026-10-08,2014-02-01,123.2576686
2026-10-08,2014-02-02,123.0241891
2026-10-08,2014-02-03,122.832629
2026-10-08,2014-02-04,122.6334111
2026-10-08,2014-02-05,120.8877164
2026-10-08,2014-02-06,120.9758392
2026-10-08,2014-02-07,120.2750678
2026-10-08,2014-02-08,120.047238
2026-10-08,2014-02-09,119.8198398
2026-10-08,2014-02-10,119.5067777
2026-10-08,2014-02-11,119.1715298
2026-10-08,2014-02-12,118.3296409
2026-10-08,2014-02-13,118.6464669
2026-10-08,2014-02-14,118.1749167
2026-10-08,2014-02-15,117.9510651
2026-10-08,2014-02-16,117.7276376
2026-10-08,2014-02-17,117.5495338
2026-10-08,2014-02-18,117.9086521
2026-10-08,2014-02-19,117.8328102
2026-10-08,2014-02-20,117.7005141
2026-10-08,2014-02-21,118.2146549
2026-10-08,2014-02-22,117.9907281
2026-10-08,2014-02-23,117.7672254
2026-10-08,2014-02-24,117.7025531
2026-10-08,2014-02-25,117.8174869
2026-10-08,2014-02-26,117.0799442
2026-10-08,2014-02-27,117.1406017
2026-10-08,2014-02-28,117.7095449
2026-10-08,2014-03-01,117.60248
2026-10-08,2014-03-02,117.4955126
2026-10-08,2014-03-03,117.3886424
2026-10-08,2014-03-04,117.2818695
2026-10-08,2014-03-05,116.6360773
2026-10-08,2014-03-06,117.447732
2026-10-08,2014-03-07,117.3440356
2026-10-08,2014-03-08,117.2373032
2026-10-08,2014-03-09,117.1306679
2026-10-08,2014-03-10,116.9988232
2026-10-08,2014-03-11,116.9418891
2026-10-08,2014-03-12,117.2683966
2026-10-08,2014-03-13,116.9519814
2026-10-08,2014-03-14,117.4054001
2026-10-08,2014-03-15,117.2986119
2026-10-08,2014-03-16,117.1919209
2026-10-08,2014-03-17,117.5421491
2026-10-08,2014-03-18,117.960558
2026-10-08,2014-03-19,117.5211132
2026-10-08,2014-03-20,116.6346067
2026-10-08,2014-03-21,116.8126245
2026-10-08,2014-03-22,116.7063754
2026-10-08,2014-03-23,116.600223
2026-10-08,2014-03-24,116.4941672
2026-10-08,2014-03-25,117.0948205
2026-10-08,2014-03-26,116.6422443
2026-10-08,2014-03-27,116.1497695
2026-10-08,2014-03-28,116.1552074
2026-10-08,2014-03-29,116.0495564
2026-10-08,2014-03-30,115.9440014
2026-10-08,2014-03-31,116.0093451
2026-10-08,2014-04-01,116.0676742
2026-10-08,2014-04-02,115.9744827
2026-10-08,2014-04-03,115.2224467
2026-10-08,2014-04-04,114.9704742
2026-10-08,2014-04-05,114.8781637
2026-10-08,2014-04-06,114.7859274
2026-10-08,2014-04-07,115.0597863
2026-10-08,2014-04-08,115.4275801
2026-10-08,2014-04-09,115.504381
2026-10-08,2014-04-10,115.9628915
2026-10-08,2014-04-11,115.9615854
2026-10-08,2014-04-12,115.8684792
2026-10-08,2014-04-13,115.7754477
2026-10-08,2014-04-14,115.1057644
2026-10-08,2014-04-15,114.9241054
2026-10-08,2014-04-16,114.9210004
2026-10-08,2014-04-17,114.8287296
2026-10-08,2014-04-18,114.7365329
2026-10-08,2014-04-19,114.6444103
2026-10-08,2014-04-20,114.5523616
2026-10-08,2014-04-21,114.1894425
2026-10-08,2014-04-22,114.1947501
2026-10-08,2014-04-23,114.1797251
2026-10-08,2014-04-24,114.1931746
2026-10-08,2014-04-25,114.1945013
2026-10-08,2014-04-26,114.1028139
2026-10-08,2014-04-27,114.0112
2026-10-08,2014-04-28,114.040933
2026-10-08,2014-04-29,113.6262709
2026-10-08,2014-04-30,114.0447512
2026-10-08,2014-05-01,113.9490842
2026-10-08,2014-05-02,113.8534975
2026-10-08,2014-05-03,113.757991
2026-10-08,2014-05-04,113.6625646
2026-10-08,2014-05-05,113.6021466
2026-10-08,2014-05-06,113.9179122
2026-10-08,2014-05-07,113.7221749
2026-10-08,2014-05-08,113.1183345
2026-10-08,2014-05-09,112.2659049
2026-10-08,2014-05-10,112.1717301
2026-10-08,2014-05-11,112.0776344
2026-10-08,2014-05-12,112.1001468
2026-10-08,2014-05-13,111.656847
2026-10-08,2014-05-14,111.8289324
2026-10-08,2014-05-15,112.0834576
2026-10-08,2014-05-16,111.8261503
2026-10-08,2014-05-17,111.7323444
2026-10-08,2014-05-18,111.6386172
2026-10-08,2014-05-19,111.7087132
2026-10-08,2014-05-20,111.5262817
2026-10-08,2014-05-21,111.2080949
2026-10-08,2014-05-22,110.9740773
2026-10-08,2014-05-23,110.789089
2026-10-08,2014-05-24,110.696153
2026-10-08,2014-05-25,110.603295
2026-10-08,2014-05-26,110.6433348
2026-10-08,2014-05-27,110.4082811
2026-10-08,2014-05-28,110.1460069
2026-10-08,2014-05-29,110.1239193
2026-10-08,2014-05-30,110.4234661
2026-10-08,2014-05-31,110.3308368
2026-10-08,2014-06-01,110.2596212
2026-10-08,2014-06-02,109.9333329
2026-10-08,2014-06-03,110.2327909
2026-10-08,2014-06-04,110.1090013
2026-10-08,2014-06-05,110.8017737
2026-10-08,2014-06-06,110.5681189
2026-10-08,2014-06-07,110.4967501
2026-10-08,2014-06-08,110.4254274
2026-10-08,2014-06-09,109.9253238
2026-10-08,2014-06-10,109.4662491
2026-10-08,2014-06-11,109.3336599
2026-10-08,2014-06-12,109.4730189
2026-10-08,2014-06-13,109.2302026
2026-10-08,2014-06-14,109.1596974
2026-10-08,2014-06-15,109.0892377
2026-10-08,2014-06-16,109.2631261
2026-10-08,2014-06-17,108.9833453
2026-10-08,2014-06-18,109.3446945
2026-10-08,2014-06-19,109.3786224
2026-10-08,2014-06-20,109.3080214
2026-10-08,2014-06-21,109.237466
2026-10-08,2014-06-22,109.1669561
2026-10-08,2014-06-23,109.0724369
2026-10-08,2014-06-24,109.0661383
2026-10-08,2014-06-25,109.2227973
2026-10-08,2014-06-26,108.9601818
2026-10-08,2014-06-27,109.1538399
2026-10-08,2014-06-28,109.083384
2026-10-08,2014-06-29,109.0129736
2026-10-08,2014-06-30,109.3392887
2026-10-08,2014-07-01,109.190313
2026-10-08,2014-07-02,108.9192785
2026-10-08,2014-07-03,108.4410894
2026-10-08,2014-07-04,108.2343695
2026-10-08,2014-07-05,108.1392962
2026-10-08,2014-07-06,108.0443064
2026-10-08,2014-07-07,108.0633037
2026-10-08,2014-07-08,108.0558026
2026-10-08,2014-07-09,107.9608862
2026-10-08,2014-07-10,107.8185892
2026-10-08,2014-07-11,107.8217009
2026-10-08,2014-07-12,107.72699
2026-10-08,2014-07-13,107.6323624
2026-10-08,2014-07-14,107.5957636
2026-10-08,2014-07-15,107.1458883
2026-10-08,2014-07-16,106.7490848
2026-10-08,2014-07-17,106.6972561
2026-10-08,2014-07-18,106.6794727
2026-10-08,2014-07-19,106.5857652
2026-10-08,2014-07-20,106.49214
2026-10-08,2014-07-21,106.3435416
2026-10-08,2014-07-22,105.9114677
2026-10-08,2014-07-23,105.8101506
2026-10-08,2014-07-24,105.8341511
2026-10-08,2014-07-25,105.5050728
2026-10-08,2014-07-26,105.4123969
2026-10-08,2014-07-27,105.3198024
2026-10-08,2014-07-28,105.3593707
2026-10-08,2014-07-29,105.1423419
2026-10-08,2014-07-30,104.8987613
2026-10-08,2014-07-31,105.0776714
2026-10-08,2014-08-01,105.5783688
2026-10-08,2014-08-02,105.5015786
2026-10-08,2014-08-03,105.4248442
2026-10-08,2014-08-04,105.592205
2026-10-08,2014-08-05,105.2161867
2026-10-08,2014-08-06,105.231038
2026-10-08,2014-08-07,104.9815729
2026-10-08,2014-08-08,105.3626968
2026-10-08,2014-08-09,105.2860634
2026-10-08,2014-08-10,105.2094858
2026-10-08,2014-08-11,104.9448243
2026-10-08,2014-08-12,104.7323183
2026-10-08,2014-08-13,104.6766241
2026-10-08,2014-08-14,104.6197545
2026-10-08,2014-08-15,104.7976537
2026-10-08,2014-08-16,104.7214313
2026-10-08,2014-08-17,104.6452643
2026-10-08,2014-08-18,104.5691527
2026-10-08,2014-08-19,103.9862115
2026-10-08,2014-08-20,104.1316246
2026-10-08,2014-08-21,104.9086564
2026-10-08,2014-08-22,104.6174025
2026-10-08,2014-08-23,104.5413112
2026-10-08,2014-08-24,104.4652752
2026-10-08,2014-08-25,104.0423291
2026-10-08,2014-08-26,103.7662427
2026-10-08,2014-08-27,103.8809484
2026-10-08,2014-08-28,103.697454
2026-10-08,2014-08-29,103.2897887
2026-10-08,2014-08-30,103.214663
2026-10-08,2014-08-31,103.139592
2026-10-08,2014-09-01,103.0278558
2026-10-08,2014-09-02,103.0092882
2026-10-08,2014-09-03,102.9887818
2026-10-08,2014-09-04,101.3591565
2026-10-08,2014-09-05,101.4616062
2026-10-08,2014-09-06,101.3873525
2026-10-08,2014-09-07,101.3131532
2026-10-08,2014-09-08,100.6882947
2026-10-08,2014-09-09,100.6805771
2026-10-08,2014-09-10,100.5367911
2026-10-08,2014-09-11,100.6386515
2026-10-08,2014-09-12,100.7636798
2026-10-08,2014-09-13,100.6899369
2026-10-08,2014-09-14,100.616248
2026-10-08,2014-09-15,100.4494641
2026-10-08,2014-09-16,100.6206364
2026-10-08,2014-09-17,100.2951946
2026-10-08,2014-09-18,100.2140415
2026-10-08,2014-09-19,99.64933634
2026-10-08,2014-09-20,99.57640896
2026-10-08,2014-09-21,99.50353494
2026-10-08,2014-09-22,99.3890474
2026-10-08,2014-09-23,99.41168928
2026-10-08,2014-09-24,98.79795826
2026-10-08,2014-09-25,98.48668458
2026-10-08,2014-09-26,98.2265786
2026-10-08,2014-09-27,98.15469245
2026-10-08,2014-09-28,98.0828589
2026-10-08,2014-09-29,98.29726784
2026-10-08,2014-09-30,97.27229628
2026-10-08,2014-10-01,97.32033568
2026-10-08,2014-10-02,97.74327092
2026-10-08,2014-10-03,96.47736677
2026-10-08,2014-10-04,96.42637291
2026-10-08,2014-10-05,96.37540599
2026-10-08,2014-10-06,97.02072424
2026-10-08,2014-10-07,97.3235429
2026-10-08,2014-10-08,97.76458375
2026-10-08,2014-10-09,97.71670206
2026-10-08,2014-10-10,97.15719317
2026-10-08,2014-10-11,97.10583997
2026-10-08,2014-10-12,97.05451392
2026-10-08,2014-10-13,97.003215
2026-10-08,2014-10-14,97.25499043
2026-10-08,2014-10-15,98.20988792
2026-10-08,2014-10-16,98.34616215
2026-10-08,2014-10-17,98.07941584
2026-10-08,2014-10-18,98.0275752
2026-10-08,2014-10-19,97.97576196
2026-10-08,2014-10-20,98.2084405
2026-10-08,2014-10-21,97.68860641
2026-10-08,2014-10-22,97.02739318
2026-10-08,2014-10-23,96.93012114
2026-10-08,2014-10-24,97.0970189
2026-10-08,2014-10-25,97.04569751
2026-10-08,2014-10-26,96.99440324
2026-10-08,2014-10-27,97.29481756
2026-10-08,2014-10-28,97.54185404
2026-10-08,2014-10-29,97.08102404
2026-10-08,2014-10-30,96.42961248
2026-10-08,2014-10-31,95.75970545
2026-10-08,2014-11-01,95.70197952
2026-10-08,2014-11-02,95.64428838
2026-10-08,2014-11-03,95.31777051
2026-10-08,2014-11-04,95.74862797
2026-10-08,2014-11-05,95.27151274
2026-10-08,2014-11-06,95.21408111
2026-10-08,2014-11-07,94.71435779
2026-10-08,2014-11-08,94.65726202
2026-10-08,2014-11-09,94.60020067
2026-10-08,2014-11-10,94.48644146
2026-10-08,2014-11-11,94.70657036
2026-10-08,2014-11-12,94.47479319
2026-10-08,2014-11-13,94.60760355
2026-10-08,2014-11-14,94.97137081
2026-10-08,2014-11-15,94.9141201
2026-10-08,2014-11-16,94.85690391
2026-10-08,2014-11-17,94.29582949
2026-10-08,2014-11-18,94.8748171
2026-10-08,2014-11-19,94.97610217
2026-10-08,2014-11-20,94.81297636
2026-10-08,2014-11-21,93.63663074
2026-10-08,2014-11-22,93.58018465
2026-10-08,2014-11-23,93.52377258
2026-10-08,2014-11-24,93.46739451
2026-10-08,2014-11-25,94.03878396
2026-10-08,2014-11-26,94.33660165
2026-10-08,2014-11-27,94.04898974
2026-10-08,2014-11-28,93.69147205
2026-10-08,2014-11-29,93.63499289
2026-10-08,2014-11-30,93.57854778
2026-10-08,2014-12-01,94.06351807
2026-10-08,2014-12-02,93.27590381
2026-10-08,2014-12-03,92.65601708
2026-10-08,2014-12-04,93.22015797
2026-10-08,2014-12-05,92.64260808
2026-10-08,2014-12-06,92.59607191
2026-10-08,2014-12-07,92.5495591
2026-10-08,2014-12-08,92.50306966
2026-10-08,2014-12-09,93.13914931
2026-10-08,2014-12-10,93.35940509
2026-10-08,2014-12-11,92.97880456
2026-10-08,2014-12-12,93.47574636
2026-10-08,2014-12-13,93.42879168
2026-10-08,2014-12-14,93.38186059
2026-10-08,2014-12-15,93.21506844
2026-10-08,2014-12-16,93.66999738
2026-10-08,2014-12-17,92.9043773
2026-10-08,2014-12-18,91.87439877
2026-10-08,2014-12-19,91.53240913
2026-10-08,2014-12-20,91.48643063
2026-10-08,2014-12-21,91.44047522
2026-10-08,2014-12-22,91.4659749
2026-10-08,2014-12-23,90.84548339
2026-10-08,2014-12-24,90.93615929
2026-10-08,2014-12-25,90.8904803
2026-10-08,2014-12-26,90.84482424
2026-10-08,2014-12-27,90.79919113
2026-10-08,2014-12-28,90.75358093
2026-10-08,2014-12-29,90.54112978
2026-10-08,2014-12-30,90.41070253
2026-10-08,2014-12-31,89.94905962
2026-10-08,2015-01-01,89.8542526
2026-10-08,2015-01-02,89.11144336
2026-10-08,2015-01-03,89.01751919
2026-10-08,2015-01-04,88.92369402
2026-10-08,2015-01-05,88.24827615
2026-10-08,2015-01-06,88.31296036
2026-10-08,2015-01-07,87.62035224
2026-10-08,2015-01-08,87.49568693
2026-10-08,2015-01-09,87.5412336
2026-10-08,2015-01-10,87.44896445
2026-10-08,2015-01-11,87.35679255
2026-10-08,2015-01-12,87.20572852
2026-10-08,2015-01-13,86.83939432
2026-10-08,2015-01-14,86.76069478
2026-10-08,2015-01-15,85.37282012
2026-10-08,2015-01-16,84.86676108
2026-10-08,2015-01-17,84.77731084
2026-10-08,2015-01-18,84.68795488
2026-10-08,2015-01-19,85.07056987
2026-10-08,2015-01-20,84.64441922
2026-10-08,2015-01-21,84.77277833
2026-10-08,2015-01-22,83.32682564
2026-10-08,2015-01-23,82.35565161
2026-10-08,2015-01-24,82.2688481
2026-10-08,2015-01-25,82.18213609
2026-10-08,2015-01-26,82.27057475
2026-10-08,2015-01-27,82.78328432
2026-10-08,2015-01-28,82.68606344
2026-10-08,2015-01-29,82.26369092
2026-10-08,2015-01-30,82.18480779
2026-10-08,2015-01-31,82.09818436
2026-10-08,2015-02-01,82.0666909
2026-10-08,2015-02-02,82.48380641
2026-10-08,2015-02-03,83.52594435
2026-10-08,2015-02-04,83.03326943
2026-10-08,2015-02-05,83.27045384
2026-10-08,2015-02-06,82.27684017
2026-10-08,2015-02-07,82.24527818
2026-10-08,2015-02-08,82.21372831
2026-10-08,2015-02-09,82.30674414
2026-10-08,2015-02-10,82.20858935
2026-10-08,2015-02-11,82.11760152
2026-10-08,2015-02-12,82.7759888
2026-10-08,2015-02-13,82.93502733
2026-10-08,2015-02-14,82.90321286
2026-10-08,2015-02-15,82.8714106
2026-10-08,2015-02-16,82.83962053
2026-10-08,2015-02-17,82.80784266
2026-10-08,2015-02-18,82.35908233
2026-10-08,2015-02-19,82.61170338
2026-10-08,2015-02-20,82.81862086
2026-10-08,2015-02-21,82.78685104
2026-10-08,2015-02-22,82.75509342
2026-10-08,2015-02-23,82.31052965
2026-10-08,2015-02-24,82.37632872
2026-10-08,2015-02-25,82.58599543
2026-10-08,2015-02-26,81.30275049
2026-10-08,2015-02-27,81.3399586
2026-10-08,2015-02-28,81.30875601
2026-10-08,2015-03-01,81.2899343
2026-10-08,2015-03-02,81.21281082
2026-10-08,2015-03-03,81.41696044
2026-10-08,2015-03-04,80.4922386
2026-10-08,2015-03-05,80.13604092
2026-10-08,2015-03-06,79.00429191
2026-10-08,2015-03-07,78.98600364
2026-10-08,2015-03-08,78.96771961
2026-10-08,2015-03-09,79.03992584
2026-10-08,2015-03-10,78.05623942
2026-10-08,2015-03-11,76.7598076
2026-10-08,2015-03-12,77.30021443
2026-10-08,2015-03-13,76.45605462
2026-10-08,2015-03-14,76.43835623
2026-10-08,2015-03-15,76.42066194
2026-10-08,2015-03-16,77.13853187
2026-10-08,2015-03-17,77.17036523
2026-10-08,2015-03-18,78.1347945
2026-10-08,2015-03-19,77.46569545
2026-10-08,2015-03-20,79.11001258
2026-10-08,2015-03-21,79.09169984
2026-10-08,2015-03-22,79.07339134
2026-10-08,2015-03-23,79.05508708
2026-10-08,2015-03-24,79.03678705
2026-10-08,2015-03-25,79.88121481
2026-10-08,2015-03-26,79.17960057
2026-10-08,2015-03-27,79.44497474
2026-10-08,2015-03-28,79.42658446
2026-10-08,2015-03-29,79.40819844
2026-10-08,2015-03-30,78.83182171
2026-10-08,2015-03-31,78.27675365
2026-10-08,2015-04-01,78.51377823
2026-10-08,2015-04-02,78.46577221
2026-10-08,2015-04-03,78.41779554
2026-10-08,2015-04-04,78.36984821
2026-10-08,2015-04-05,78.32193019
2026-10-08,2015-04-06,79.85810179
2026-10-08,2015-04-07,78.80757381
2026-10-08,2015-04-08,78.45500644
2026-10-08,2015-04-09,77.41037396
2026-10-08,2015-04-10,76.96341249
2026-10-08,2015-04-11,76.91635441
2026-10-08,2015-04-12,76.86932511
2026-10-08,2015-04-13,76.67839027
2026-10-08,2015-04-14,77.40354761
2026-10-08,2015-04-15,77.52771024
2026-10-08,2015-04-16,78.27106729
2026-10-08,2015-04-17,78.24654041
2026-10-08,2015-04-18,78.19869778
2026-10-08,2015-04-19,78.15088441
2026-10-08,2015-04-20,77.68214553
2026-10-08,2015-04-21,77.82739658
2026-10-08,2015-04-22,77.67886416
2026-10-08,2015-04-23,78.39327278
2026-10-08,2015-04-24,78.61382902
2026-10-08,2015-04-25,78.56576182
2026-10-08,2015-04-26,78.51772401
2026-10-08,2015-04-27,78.65121643
2026-10-08,2015-04-28,79.37961572
2026-10-08,2015-04-29,80.35123821
2026-10-08,2015-04-30,80.88194244
2026-10-08,2015-05-01,80.83381385
2026-10-08,2015-05-02,80.78571389
2026-10-08,2015-05-03,80.73764256
2026-10-08,2015-05-04,80.46801434
2026-10-08,2015-05-05,80.73212301
2026-10-08,2015-05-06,81.78235028
2026-10-08,2015-05-07,81.2112738
2026-10-08,2015-05-08,80.92539486
2026-10-08,2015-05-09,80.87724042
2026-10-08,2015-05-10,80.82911462
2026-10-08,2015-05-11,80.35825916
2026-10-08,2015-05-12,80.78369613
2026-10-08,2015-05-13,81.73615989
2026-10-08,2015-05-14,81.89677111
2026-10-08,2015-05-15,82.29274791
2026-10-08,2015-05-16,82.24377982
2026-10-08,2015-05-17,82.19484088
2026-10-08,2015-05-18,81.30276619
2026-10-08,2015-05-19,80.08537249
2026-10-08,2015-05-20,79.78606908
2026-10-08,2015-05-21,79.90694233
2026-10-08,2015-05-22,79.08875452
2026-10-08,2015-05-23,79.04169296
2026-10-08,2015-05-24,78.99465941
2026-10-08,2015-05-25,78.94765384
2026-10-08,2015-05-26,77.99403994
2026-10-08,2015-05-27,78.16316069
2026-10-08,2015-05-28,78.39367254
2026-10-08,2015-05-29,78.78653634
2026-10-08,2015-05-30,78.73965461
2026-10-08,2015-05-31,78.69280078
2026-10-08,2015-06-01,78.22295428
2026-10-08,2015-06-02,80.0681967
2026-10-08,2015-06-03,80.62620472
2026-10-08,2015-06-04,80.51265091
2026-10-08,2015-06-05,79.64141173
2026-10-08,2015-06-06,79.60888066
2026-10-08,2015-06-07,79.57636288
2026-10-08,2015-06-08,80.64584666
2026-10-08,2015-06-09,80.78648198
2026-10-08,2015-06-10,81.02203878
2026-10-08,2015-06-11,80.47158859
2026-10-08,2015-06-12,80.76258124
2026-10-08,2015-06-13,80.72959221
2026-10-08,2015-06-14,80.69661665
2026-10-08,2015-06-15,80.5848521
2026-10-08,2015-06-16,80.40691289
2026-10-08,2015-06-17,80.84971689
2026-10-08,2015-06-18,81.34982916
2026-10-08,2015-06-19,81.30959825
2026-10-08,2015-06-20,81.27638578
2026-10-08,2015-06-21,81.24318688
2026-10-08,2015-06-22,81.13324745
2026-10-08,2015-06-23,79.86279914
2026-10-08,2015-06-24,80.18726898
2026-10-08,2015-06-25,80.13979627
2026-10-08,2015-06-26,79.81498347
2026-10-08,2015-06-27,79.7823815
2026-10-08,2015-06-28,79.74979285
2026-10-08,2015-06-29,80.39738159
2026-10-08,2015-06-30,79.71522861
2026-10-08,2015-07-01,79.04395968
2026-10-08,2015-07-02,79.20037565
2026-10-08,2015-07-03,79.26848903
2026-10-08,2015-07-04,79.19707376
2026-10-08,2015-07-05,79.12572284
2026-10-08,2015-07-06,78.86110211
2026-10-08,2015-07-07,78.12942309
2026-10-08,2015-07-08,78.72003039
2026-10-08,2015-07-09,78.64910924
2026-10-08,2015-07-10,79.22041345
2026-10-08,2015-07-11,79.14904149
2026-10-08,2015-07-12,79.07773384
2026-10-08,2015-07-13,78.13260847
2026-10-08,2015-07-14,78.10352353
2026-10-08,2015-07-15,77.64327219
2026-10-08,2015-07-16,77.1549542
2026-10-08,2015-07-17,76.87823395
2026-10-08,2015-07-18,76.80897213
2026-10-08,2015-07-19,76.73977271
2026-10-08,2015-07-20,76.61356438
2026-10-08,2015-07-21,77.39922881
2026-10-08,2015-07-22,77.03962634
2026-10-08,2015-07-23,77.71715461
2026-10-08,2015-07-24,77.51020772
2026-10-08,2015-07-25,77.44037654
2026-10-08,2015-07-26,77.37060827
2026-10-08,2015-07-27,78.18121833
2026-10-08,2015-07-28,77.82947876
2026-10-08,2015-07-29,77.91288801
2026-10-08,2015-07-30,76.80168675
2026-10-08,2015-07-31,77.41846506
2026-10-08,2015-08-01,77.37238471
2026-10-08,2015-08-02,77.32633178
2026-10-08,2015-08-03,76.87994834
2026-10-08,2015-08-04,76.60913601
2026-10-08,2015-08-05,76.55600094
2026-10-08,2015-08-06,76.71918652
2026-10-08,2015-08-07,77.00999586
2026-10-08,2015-08-08,76.96415863
2026-10-08,2015-08-09,76.91834869
2026-10-08,2015-08-10,77.30127696
2026-10-08,2015-08-11,77.36301497
2026-10-08,2015-08-12,78.3181537
2026-10-08,2015-08-13,78.11203557
2026-10-08,2015-08-14,77.94367659
2026-10-08,2015-08-15,77.89728362
2026-10-08,2015-08-16,77.85091827
2026-10-08,2015-08-17,77.80458052
2026-10-08,2015-08-18,77.16356108
2026-10-08,2015-08-19,77.84648738
2026-10-08,2015-08-20,78.33058042
2026-10-08,2015-08-21,79.45268884
2026-10-08,2015-08-22,79.40539769
2026-10-08,2015-08-23,79.35813469
2026-10-08,2015-08-24,80.91549719
2026-10-08,2015-08-25,79.91853692
2026-10-08,2015-08-26,79.43497715
2026-10-08,2015-08-27,78.66161233
2026-10-08,2015-08-28,78.32308507
2026-10-08,2015-08-29,78.27646628
2026-10-08,2015-08-30,78.22987523
2026-10-08,2015-08-31,78.380433
2026-10-08,2015-09-01,78.93835505
2026-10-08,2015-09-02,78.49466958
2026-10-08,2015-09-03,77.75892577
2026-10-08,2015-09-04,77.99822799
2026-10-08,2015-09-05,77.95121677
2026-10-08,2015-09-06,77.90423387
2026-10-08,2015-09-07,78.02857482
2026-10-08,2015-09-08,77.99139691
2026-10-08,2015-09-09,77.96792081
2026-10-08,2015-09-10,78.73182526
2026-10-08,2015-09-11,79.1856349
2026-10-08,2015-09-12,79.137908
2026-10-08,2015-09-13,79.09020986
2026-10-08,2015-09-14,78.84083507
2026-10-08,2015-09-15,78.53712894
2026-10-08,2015-09-16,78.76314284
2026-10-08,2015-09-17,79.0379439
2026-10-08,2015-09-18,79.20668966
2026-10-08,2015-09-19,79.15895007
2026-10-08,2015-09-20,79.11123925
2026-10-08,2015-09-21,77.92220185
2026-10-08,2015-09-22,77.44207367
2026-10-08,2015-09-23,77.94038772
2026-10-08,2015-09-24,78.2216045
2026-10-08,2015-09-25,77.83053445
2026-10-08,2015-09-26,77.7836243
2026-10-08,2015-09-27,77.73674242
2026-10-08,2015-09-28,78.07603232
2026-10-08,2015-09-29,78.14127042
2026-10-08,2015-09-30,77.64354755
2026-10-08,2015-10-01,77.85563146
2026-10-08,2015-10-02,78.10954727
2026-10-08,2015-10-03,78.07475614
2026-10-08,2015-10-04,78.03998051
2026-10-08,2015-10-05,77.70033475
2026-10-08,2015-10-06,78.2934034
2026-10-08,2015-10-07,78.2095433
2026-10-08,2015-10-08,78.52761475
2026-10-08,2015-10-09,79.04174154
2026-10-08,2015-10-10,79.0065352
2026-10-08,2015-10-11,78.97134454
2026-10-08,2015-10-12,78.93616955
2026-10-08,2015-10-13,79.07329804
2026-10-08,2015-10-14,79.52449529
2026-10-08,2015-10-15,79.08626207
2026-10-08,2015-10-16,79.13580139
2026-10-08,2015-10-17,79.10055315
2026-10-08,2015-10-18,79.06532061
2026-10-08,2015-10-19,78.66601999
2026-10-08,2015-10-20,78.81962017
2026-10-08,2015-10-21,78.81473654
2026-10-08,2015-10-22,77.29649188
2026-10-08,2015-10-23,76.4628245
2026-10-08,2015-10-24,76.42876685
2026-10-08,2015-10-25,76.39472436
2026-10-08,2015-10-26,76.77805431
2026-10-08,2015-10-27,76.687972
2026-10-08,2015-10-28,76.45083218
2026-10-08,2015-10-29,76.18480613
2026-10-08,2015-10-30,76.53018546
2026-10-08,2015-10-31,76.4960978
2026-10-08,2015-11-01,76.43152836
2026-10-08,2015-11-02,76.48065334
2026-10-08,2015-11-03,76.05574873
2026-10-08,2015-11-04,75.34924598
2026-10-08,2015-11-05,75.40408977
2026-10-08,2015-11-06,75.34044207
2026-10-08,2015-11-07,75.2768481
2026-10-08,2015-11-08,75.21330781
2026-10-08,2015-11-09,74.47794933
2026-10-08,2015-11-10,74.0626733
2026-10-08,2015-11-11,74.2617917
2026-10-08,2015-11-12,74.61727249
2026-10-08,2015-11-13,74.27782039
2026-10-08,2015-11-14,74.21512336
2026-10-08,2015-11-15,74.15247926
2026-10-08,2015-11-16,73.96711188
2026-10-08,2015-11-17,73.62647312
2026-10-08,2015-11-18,73.56862505
2026-10-08,2015-11-19,74.1627545
2026-10-08,2015-11-20,73.63821714
2026-10-08,2015-11-21,73.57605999
2026-10-08,2015-11-22,73.51395532
2026-10-08,2015-11-23,73.29596605
2026-10-08,2015-11-24,73.4423516
2026-10-08,2015-11-25,73.23145992
2026-10-08,2015-11-26,73.1007676
2026-10-08,2015-11-27,73.03906411
2026-10-08,2015-11-28,72.9774127
2026-10-08,2015-11-29,72.91581334
2026-10-08,2015-11-30,72.57221909
2026-10-08,2015-12-01,72.91938207
2026-10-08,2015-12-02,72.65581094
2026-10-08,2015-12-03,74.84159779
2026-10-08,2015-12-04,74.51456801
2026-10-08,2015-12-05,74.39231302
2026-10-08,2015-12-06,74.27025861
2026-10-08,2015-12-07,74.14840446
2026-10-08,2015-12-08,74.02675023
2026-10-08,2015-12-09,74.86266548
2026-10-08,2015-12-10,74.49439179
2026-10-08,2015-12-11,74.87355163
2026-10-08,2015-12-12,74.75070766
2026-10-08,2015-12-13,74.62806524
2026-10-08,2015-12-14,74.68613564
2026-10-08,2015-12-15,74.13916105
2026-10-08,2015-12-16,74.20922175
2026-10-08,2015-12-17,100
2026-10-08,2015-12-18,98.86435762
2026-10-08,2015-12-19,98.70215228
2026-10-08,2015-12-20,98.54021306
2026-10-08,2015-12-21,96.17024023
2026-10-08,2015-12-22,97.42341719
2026-10-08,2015-12-23,96.76295436
2026-10-08,2015-12-24,97.70047605
2026-10-08,2015-12-25,97.54018028
2026-10-08,2015-12-26,97.38014749
2026-10-08,2015-12-27,97.22037727
2026-10-08,2015-12-28,96.6873891
2026-10-08,2015-12-29,95.84196867
2026-10-08,2015-12-30,95.67315581
2026-10-08,2015-12-31,95.4798455
2026-10-08,2016-01-01,95.3259213
2026-10-08,2016-01-02,95.15507156
2026-10-08,2016-01-03,94.98452803
2026-10-08,2016-01-04,95.59770363
2026-10-08,2016-01-05,98.00458821
2026-10-08,2016-01-06,99.66018299
2026-10-08,2016-01-07,100.6082259
2026-10-08,2016-01-08,100.4771302
2026-10-08,2016-01-09,100.2970481
2026-10-08,2016-01-10,100.1172888
2026-10-08,2016-01-11,98.18256459
2026-10-08,2016-01-12,96.88624642
2026-10-08,2016-01-13,96.76608501
2026-10-08,2016-01-14,94.62837313
2026-10-08,2016-01-15,96.36361544
2026-10-08,2016-01-16,96.19090587
2026-10-08,2016-01-17,96.01850585
2026-10-08,2016-01-18,96.41547266
2026-10-08,2016-01-19,95.62628785
2026-10-08,2016-01-20,95.92608722
2026-10-08,2016-01-21,95.71286665
2026-10-08,2016-01-22,96.23211491
2026-10-08,2016-01-23,96.05964102
2026-10-08,2016-01-24,95.88747626
2026-10-08,2016-01-25,96.42466729
2026-10-08,2016-01-26,96.61976154
2026-10-08,2016-01-27,96.94080606
2026-10-08,2016-01-28,97.14487851
2026-10-08,2016-01-29,96.87337965
2026-10-08,2016-01-30,96.69975645
2026-10-08,2016-01-31,96.52644442
2026-10-08,2016-02-01,98.05580081
2026-10-08,2016-02-02,98.11981145
2026-10-08,2016-02-03,99.63674727
2026-10-08,2016-02-04,101.1871587
2026-10-08,2016-02-05,101.4348269
2026-10-08,2016-02-06,101.3256107
2026-10-08,2016-02-07,101.2165121
2026-10-08,2016-02-08,101.1075309
2026-10-08,2016-02-09,100.9986671
2026-10-08,2016-02-10,102.7080745
2026-10-08,2016-02-11,104.5661133
2026-10-08,2016-02-12,104.3074173
2026-10-08,2016-02-13,104.1951081
2026-10-08,2016-02-14,104.0829199
2026-10-08,2016-02-15,103.5733507
2026-10-08,2016-02-16,103.5972572
2026-10-08,2016-02-17,104.6302972
2026-10-08,2016-02-18,104.7136921
2026-10-08,2016-02-19,104.7232747
2026-10-08,2016-02-20,104.6105178
2026-10-08,2016-02-21,104.4978823
2026-10-08,2016-02-22,104.7145316
2026-10-08,2016-02-23,104.9257031
2026-10-08,2016-02-24,105.2124912
2026-10-08,2016-02-25,105.4877319
2026-10-08,2016-02-26,104.809059
2026-10-08,2016-02-27,104.6962097
2026-10-08,2016-02-28,104.5834819
2026-10-08,2016-02-29,106.2110806
2026-10-08,2016-03-01,105.9814245
2026-10-08,2016-03-02,104.9213148
2026-10-08,2016-03-03,102.6598361
2026-10-08,2016-03-04,103.0950178
2026-10-08,2016-03-05,103.0331627
2026-10-08,2016-03-06,102.9713448
2026-10-08,2016-03-07,104.5440357
2026-10-08,2016-03-08,104.7036969
2026-10-08,2016-03-09,104.2191816
2026-10-08,2016-03-10,105.5179791
2026-10-08,2016-03-11,101.7396519
2026-10-08,2016-03-12,101.67861
2026-10-08,2016-03-13,101.6176048
2026-10-08,2016-03-14,100.5705928
2026-10-08,2016-03-15,98.8310792
2026-10-08,2016-03-16,99.66128834
2026-10-08,2016-03-17,103.5110256
2026-10-08,2016-03-18,101.7731597
2026-10-08,2016-03-19,101.7120978
2026-10-08,2016-03-20,101.6510724
2026-10-08,2016-03-21,99.3644303
2026-10-08,2016-03-22,98.50121848
2026-10-08,2016-03-23,98.84986715
2026-10-08,2016-03-24,98.79055908
2026-10-08,2016-03-25,98.7312866
2026-10-08,2016-03-26,98.67204968
2026-10-08,2016-03-27,98.6128483
2026-10-08,2016-03-28,100.9498695
2026-10-08,2016-03-29,100.2396732
2026-10-08,2016-03-30,100.3286546
2026-10-08,2016-03-31,101.5349707
2026-10-08,2016-04-01,102.0438531
2026-10-08,2016-04-02,101.8864674
2026-10-08,2016-04-03,101.7293245
2026-10-08,2016-04-04,101.2758351
2026-10-08,2016-04-05,100.6614899
2026-10-08,2016-04-06,100.046286
2026-10-08,2016-04-07,98.8027726
2026-10-08,2016-04-08,98.91815078
2026-10-08,2016-04-09,98.76558599
2026-10-08,2016-04-10,98.61325651
2026-10-08,2016-04-11,98.7851235
2026-10-08,2016-04-12,97.94155084
2026-10-08,2016-04-13,96.57133494
2026-10-08,2016-04-14,95.8933996
2026-10-08,2016-04-15,94.01629104
2026-10-08,2016-04-16,93.87128656
2026-10-08,2016-04-17,93.72650572
2026-10-08,2016-04-18,94.43173261
2026-10-08,2016-04-19,95.12949988
2026-10-08,2016-04-20,95.43003704
2026-10-08,2016-04-21,94.63332849
2026-10-08,2016-04-22,94.10733097
2026-10-08,2016-04-23,93.96218607
2026-10-08,2016-04-24,93.81726503
2026-10-08,2016-04-25,94.31245398
2026-10-08,2016-04-26,94.14399834
2026-10-08,2016-04-27,93.16925591
2026-10-08,2016-04-28,94.29510679
2026-10-08,2016-04-29,94.59762997
2026-10-08,2016-04-30,94.45172887
2026-10-08,2016-05-01,94.33888917
2026-10-08,2016-05-02,94.4444755
2026-10-08,2016-05-03,94.45549693
2026-10-08,2016-05-04,94.33748709
2026-10-08,2016-05-05,93.46219533
2026-10-08,2016-05-06,93.25194627
2026-10-08,2016-05-07,93.14053993
2026-10-08,2016-05-08,93.02926668
2026-10-08,2016-05-09,92.8368626
2026-10-08,2016-05-10,92.66240402
2026-10-08,2016-05-11,92.85872639
2026-10-08,2016-05-12,92.04167562
2026-10-08,2016-05-13,91.22088361
2026-10-08,2016-05-14,91.11190374
2026-10-08,2016-05-15,91.00305407
2026-10-08,2016-05-16,90.9313429
2026-10-08,2016-05-17,90.82592742
2026-10-08,2016-05-18,90.21252358
2026-10-08,2016-05-19,89.44248703
2026-10-08,2016-05-20,89.082565
2026-10-08,2016-05-21,88.97613974
2026-10-08,2016-05-22,88.86984163
2026-10-08,2016-05-23,88.49483907
2026-10-08,2016-05-24,88.14340325
2026-10-08,2016-05-25,88.03809999
2026-10-08,2016-05-26,87.88734643
2026-10-08,2016-05-27,86.82003957
2026-10-08,2016-05-28,86.71631731
2026-10-08,2016-05-29,86.61271896
2026-10-08,2016-05-30,87.06155745
2026-10-08,2016-05-31,86.94814077
2026-10-08,2016-06-01,86.96900575
2026-10-08,2016-06-02,86.40474116
2026-10-08,2016-06-03,87.45253282
2026-10-08,2016-06-04,87.36960876
2026-10-08,2016-06-05,87.28676333
2026-10-08,2016-06-06,86.89275004
2026-10-08,2016-06-07,87.20561138
2026-10-08,2016-06-08,87.79324046
2026-10-08,2016-06-09,86.6315196
2026-10-08,2016-06-10,85.928133
2026-10-08,2016-06-11,85.84665441
2026-10-08,2016-06-12,85.76525308
2026-10-08,2016-06-13,85.91980512
2026-10-08,2016-06-14,84.94411625
2026-10-08,2016-06-15,85.4075946
2026-10-08,2016-06-16,85.87724857
2026-10-08,2016-06-17,85.79581823
2026-10-08,2016-06-18,85.7144651
2026-10-08,2016-06-19,85.63318911
2026-10-08,2016-06-20,85.55199019
2026-10-08,2016-06-21,86.09894072
2026-10-08,2016-06-22,86.84070816
2026-10-08,2016-06-23,89.63817941
2026-10-08,2016-06-24,90.89865967
2026-10-08,2016-06-25,90.81246793
2026-10-08,2016-06-26,90.72635793
2026-10-08,2016-06-27,91.62958265
2026-10-08,2016-06-28,89.4005042
2026-10-08,2016-06-29,90.41354853
2026-10-08,2016-06-30,90.18369395
2026-10-08,2016-07-01,90.47292913
2026-10-08,2016-07-02,90.39984378
2026-10-08,2016-07-03,90.32681748
2026-10-08,2016-07-04,90.83476502
2026-10-08,2016-07-05,88.62664578
2026-10-08,2016-07-06,88.03786848
2026-10-08,2016-07-07,87.82857631
2026-10-08,2016-07-08,87.75762711
2026-10-08,2016-07-09,87.68673523
2026-10-08,2016-07-10,87.61590061
2026-10-08,2016-07-11,87.03976936
2026-10-08,2016-07-12,86.62721024
2026-10-08,2016-07-13,86.89828411
2026-10-08,2016-07-14,87.93606658
2026-10-08,2016-07-15,88.66007613
2026-10-08,2016-07-16,88.58845523
2026-10-08,2016-07-17,88.51689219
2026-10-08,2016-07-18,89.71771298
2026-10-08,2016-07-19,88.26077848
2026-10-08,2016-07-20,88.52862486
2026-10-08,2016-07-21,88.08623422
2026-10-08,2016-07-22,87.13732456
2026-10-08,2016-07-23,87.06693377
2026-10-08,2016-07-24,86.99659983
2026-10-08,2016-07-25,87.38209424
2026-10-08,2016-07-26,87.28767832
2026-10-08,2016-07-27,87.39738602
2026-10-08,2016-07-28,88.34143922
2026-10-08,2016-07-29,88.80995781
2026-10-08,2016-07-30,88.73821584
2026-10-08,2016-07-31,88.66653182
2026-10-08,2016-08-01,88.21417228
2026-10-08,2016-08-02,88.2172947
2026-10-08,2016-08-03,87.68750705
2026-10-08,2016-08-04,87.44826366
2026-10-08,2016-08-05,86.80199925
2026-10-08,2016-08-06,86.79856921
2026-10-08,2016-08-07,86.79513931
2026-10-08,2016-08-08,85.98663943
2026-10-08,2016-08-09,86.77248054
2026-10-08,2016-08-10,86.74024685
2026-10-08,2016-08-11,86.37530285
2026-10-08,2016-08-12,86.62477139
2026-10-08,2016-08-13,86.62134836
2026-10-08,2016-08-14,86.61792546
2026-10-08,2016-08-15,86.6145027
2026-10-08,2016-08-16,87.50317807
2026-10-08,2016-08-17,87.89010123
2026-10-08,2016-08-18,89.58849431
2026-10-08,2016-08-19,89.2952847
2026-10-08,2016-08-20,89.29175614
2026-10-08,2016-08-21,89.28822772
2026-10-08,2016-08-22,88.61482635
2026-10-08,2016-08-23,88.72021506
2026-10-08,2016-08-24,88.48278229
2026-10-08,2016-08-25,88.79958794
2026-10-08,2016-08-26,88.86533388
2026-10-08,2016-08-27,88.86182231
2026-10-08,2016-08-28,88.85831088
2026-10-08,2016-08-29,89.2955325
2026-10-08,2016-08-30,88.33143018
2026-10-08,2016-08-31,87.99130429
2026-10-08,2016-09-01,88.113581
2026-10-08,2016-09-02,88.3289587
2026-10-08,2016-09-03,88.30514404
2026-10-08,2016-09-04,88.28133581
2026-10-08,2016-09-05,88.40245862
2026-10-08,2016-09-06,89.21866487
2026-10-08,2016-09-07,89.20605142
2026-10-08,2016-09-08,89.41971968
2026-10-08,2016-09-09,88.55372948
2026-10-08,2016-09-10,88.52985423
2026-10-08,2016-09-11,88.50598541
2026-10-08,2016-09-12,88.6199316
2026-10-08,2016-09-13,88.686961
2026-10-08,2016-09-14,88.99863793
2026-10-08,2016-09-15,89.24316293
2026-10-08,2016-09-16,88.84186673
2026-10-08,2016-09-17,88.81791379
2026-10-08,2016-09-18,88.79396731
2026-10-08,2016-09-19,88.99888779
2026-10-08,2016-09-20,88.82066568
2026-10-08,2016-09-21,88.79671845
2026-10-08,2016-09-22,89.35165313
2026-10-08,2016-09-23,89.51458508
2026-10-08,2016-09-24,89.49045077
2026-10-08,2016-09-25,89.46632296
2026-10-08,2016-09-26,90.06256716
2026-10-08,2016-09-27,89.93791007
2026-10-08,2016-09-28,90.51251321
2026-10-08,2016-09-29,90.34348036
2026-10-08,2016-09-30,90.137931
2026-10-08,2016-10-01,90.07706754
2026-10-08,2016-10-02,90.01624518
2026-10-08,2016-10-03,89.18437943
2026-10-08,2016-10-04,88.83476579
2026-10-08,2016-10-05,89.01086311
2026-10-08,2016-10-06,88.58346838
2026-10-08,2016-10-07,88.5128387
2026-10-08,2016-10-08,88.45307255
2026-10-08,2016-10-09,88.39334675
2026-10-08,2016-10-10,88.33366128
2026-10-08,2016-10-11,87.24748428
2026-10-08,2016-10-12,86.4100872
2026-10-08,2016-10-13,86.89571818
2026-10-08,2016-10-14,86.61099849
2026-10-08,2016-10-15,86.55251651
2026-10-08,2016-10-16,86.49407401
2026-10-08,2016-10-17,86.64543713
2026-10-08,2016-10-18,86.48638443
2026-10-08,2016-10-19,86.21255714
2026-10-08,2016-10-20,85.70024424
2026-10-08,2016-10-21,84.98179218
2026-10-08,2016-10-22,84.92441028
2026-10-08,2016-10-23,84.86706713
2026-10-08,2016-10-24,84.92608901
2026-10-08,2016-10-25,85.5199807
2026-10-08,2016-10-26,85.40810411
2026-10-08,2016-10-27,85.09050268
2026-10-08,2016-10-28,85.86501092
2026-10-08,2016-10-29,85.80703264
2026-10-08,2016-10-30,85.74909352
2026-10-08,2016-10-31,85.28666236
2026-10-08,2016-11-01,85.50499052
2026-10-08,2016-11-02,86.04253879
2026-10-08,2016-11-03,85.97577702
2026-10-08,2016-11-04,85.70736722
2026-10-08,2016-11-05,85.65131249
2026-10-08,2016-11-06,85.59529442
2026-10-08,2016-11-07,84.91339962
2026-10-08,2016-11-08,84.03639257
2026-10-08,2016-11-09,83.31603392
2026-10-08,2016-11-10,83.4614672
2026-10-08,2016-11-11,85.06648556
2026-10-08,2016-11-12,85.01084998
2026-10-08,2016-11-13,84.95525079
2026-10-08,2016-11-14,85.53083954
2026-10-08,2016-11-15,84.53746189
2026-10-08,2016-11-16,84.21444988
2026-10-08,2016-11-17,83.57138681
2026-10-08,2016-11-18,83.08604144
2026-10-08,2016-11-19,83.03170112
2026-10-08,2016-11-20,82.97739634
2026-10-08,2016-11-21,82.63889083
2026-10-08,2016-11-22,83.11544743
2026-10-08,2016-11-23,82.94581056
2026-10-08,2016-11-24,82.89941525
2026-10-08,2016-11-25,83.15447719
2026-10-08,2016-11-26,83.10009212
2026-10-08,2016-11-27,83.04574261
2026-10-08,2016-11-28,82.99142864
2026-10-08,2016-11-29,84.08045058
2026-10-08,2016-11-30,84.66099272
2026-10-08,2016-12-01,84.71669011
2026-10-08,2016-12-02,85.61821442
2026-10-08,2016-12-03,85.59985129
2026-10-08,2016-12-04,85.58149209
2026-10-08,2016-12-05,85.9349524
2026-10-08,2016-12-06,85.74958886
2026-10-08,2016-12-07,86.37337653
2026-10-08,2016-12-08,86.35485144
2026-10-08,2016-12-09,86.33633031
2026-10-08,2016-12-10,86.31781316
2026-10-08,2016-12-11,86.29929998
2026-10-08,2016-12-12,85.65958947
2026-10-08,2016-12-13,85.15503106
2026-10-08,2016-12-14,85.41457294
2026-10-08,2016-12-15,83.38078552
2026-10-08,2016-12-16,83.38451359
2026-10-08,2016-12-17,83.36662954
2026-10-08,2016-12-18,83.34874932
2026-10-08,2016-12-19,82.95288789
2026-10-08,2016-12-20,82.64234062
2026-10-08,2016-12-21,82.52105971
2026-10-08,2016-12-22,82.29231017
2026-10-08,2016-12-23,81.11807019
2026-10-08,2016-12-24,81.10067223
2026-10-08,2016-12-25,81.08327801
2026-10-08,2016-12-26,81.30638157
2026-10-08,2016-12-27,81.37238216
2026-10-08,2016-12-28,81.84176089
2026-10-08,2016-12-29,83.45014392
2026-10-08,2016-12-30,83.77362421
2026-10-08,2016-12-31,83.7556567
2026-10-08,2017-01-01,83.69009446
2026-10-08,2017-01-02,83.18634658
2026-10-08,2017-01-03,82.94153669
2026-10-08,2017-01-04,83.92296194
2026-10-08,2017-01-05,84.2887543
2026-10-08,2017-01-06,83.00630068
2026-10-08,2017-01-07,82.94132502
2026-10-08,2017-01-08,82.87640022
2026-10-08,2017-01-09,83.3857809
2026-10-08,2017-01-10,83.04255853
2026-10-08,2017-01-11,82.95398132
2026-10-08,2017-01-12,83.40821634
2026-10-08,2017-01-13,83.48328742
2026-10-08,2017-01-14,83.41793838
2026-10-08,2017-01-15,83.3526405
2026-10-08,2017-01-16,83.15477888
2026-10-08,2017-01-17,83.99502532
2026-10-08,2017-01-18,84.13568911
2026-10-08,2017-01-19,83.26780461
2026-10-08,2017-01-20,83.65717501
2026-10-08,2017-01-21,83.59168986
2026-10-08,2017-01-22,83.52625597
2026-10-08,2017-01-23,83.97557048
2026-10-08,2017-01-24,84.09953428
2026-10-08,2017-01-25,84.00129072
2026-10-08,2017-01-26,83.36919411
2026-10-08,2017-01-27,83.16814374
2026-10-08,2017-01-28,83.10304139
2026-10-08,2017-01-29,83.03799
2026-10-08,2017-01-30,83.17066848
2026-10-08,2017-01-31,83.66049334
2026-10-08,2017-02-01,82.86189047
2026-10-08,2017-02-02,82.47433986
2026-10-08,2017-02-03,82.06445774
2026-10-08,2017-02-04,82.01588102
2026-10-08,2017-02-05,81.96733306
2026-10-08,2017-02-06,82.38957226
2026-10-08,2017-02-07,81.46531218
2026-10-08,2017-02-08,81.44754633
2026-10-08,2017-02-09,80.75109355
2026-10-08,2017-02-10,80.19060517
2026-10-08,2017-02-11,80.14313765
2026-10-08,2017-02-12,80.09569823
2026-10-08,2017-02-13,79.47249655
2026-10-08,2017-02-14,79.12387904
2026-10-08,2017-02-15,78.64850608
2026-10-08,2017-02-16,79.51555519
2026-10-08,2017-02-17,80.41927567
2026-10-08,2017-02-18,80.37167279
2026-10-08,2017-02-19,80.32409809
2026-10-08,2017-02-20,80.27945504
2026-10-08,2017-02-21,79.32911536
2026-10-08,2017-02-22,79.083601
2026-10-08,2017-02-23,78.86343786
2026-10-08,2017-02-24,78.72995376
2026-10-08,2017-02-25,78.68335085
2026-10-08,2017-02-26,78.63677553
2026-10-08,2017-02-27,78.59022777
2026-10-08,2017-02-28,78.54370757
2026-10-08,2017-03-01,78.14900209
2026-10-08,2017-03-02,77.59568394
2026-10-08,2017-03-03,78.1425731
2026-10-08,2017-03-04,78.10413677
2026-10-08,2017-03-05,78.06571934
2026-10-08,2017-03-06,78.37887077
2026-10-08,2017-03-07,78.66481528
2026-10-08,2017-03-08,78.83717834
2026-10-08,2017-03-09,78.53090206
2026-10-08,2017-03-10,78.93463137
2026-10-08,2017-03-11,78.89580544
2026-10-08,2017-03-12,78.85699861
2026-10-08,2017-03-13,79.0051149
2026-10-08,2017-03-14,78.6223877
2026-10-08,2017-03-15,79.16881109
2026-10-08,2017-03-16,79.25941823
2026-10-08,2017-03-17,79.60308338
2026-10-08,2017-03-18,79.56392866
2026-10-08,2017-03-19,79.5247932
2026-10-08,2017-03-20,79.71696136
2026-10-08,2017-03-21,80.11773398
2026-10-08,2017-03-22,80.26541582
2026-10-08,2017-03-23,79.77304771
2026-10-08,2017-03-24,79.73380939
2026-10-08,2017-03-25,79.69459036
2026-10-08,2017-03-26,79.65539063
2026-10-08,2017-03-27,80.12999108
2026-10-08,2017-03-28,79.54703168
2026-10-08,2017-03-29,78.53176143
2026-10-08,2017-03-30,77.93948512
2026-10-08,2017-03-31,77.72001029
2026-10-08,2017-04-01,77.66688711
2026-10-08,2017-04-02,77.61380024
2026-10-08,2017-04-03,77.48426269
2026-10-08,2017-04-04,77.13259626
2026-10-08,2017-04-05,77.06775667
2026-10-08,2017-04-06,77.13371321
2026-10-08,2017-04-07,76.40075541
2026-10-08,2017-04-08,76.34853396
2026-10-08,2017-04-09,76.29634821
2026-10-08,2017-04-10,75.69483689
2026-10-08,2017-04-11,75.95243969
2026-10-08,2017-04-12,75.45638463
2026-10-08,2017-04-13,75.40480868
2026-10-08,2017-04-14,75.35326798
2026-10-08,2017-04-15,75.30176251
2026-10-08,2017-04-16,75.25029225
2026-10-08,2017-04-17,75.68164095
2026-10-08,2017-04-18,76.57259046
2026-10-08,2017-04-19,76.98948647
2026-10-08,2017-04-20,76.91778931
2026-10-08,2017-04-21,77.22531838
2026-10-08,2017-04-22,77.17253333
2026-10-08,2017-04-23,77.11978436
2026-10-08,2017-04-24,77.63599166
2026-10-08,2017-04-25,78.36480466
2026-10-08,2017-04-26,78.386172
2026-10-08,2017-04-27,77.87841223
2026-10-08,2017-04-28,77.85994693
2026-10-08,2017-04-29,77.80672809
2026-10-08,2017-04-30,77.75354564
2026-10-08,2017-05-01,77.71561173
2026-10-08,2017-05-02,77.28656721
2026-10-08,2017-05-03,77.19837168
2026-10-08,2017-05-04,77.62965193
2026-10-08,2017-05-05,78.05919467
2026-10-08,2017-05-06,78.02111165
2026-10-08,2017-05-07,77.9830472
2026-10-08,2017-05-08,78.00248187
2026-10-08,2017-05-09,77.91945226
2026-10-08,2017-05-10,77.62747274
2026-10-08,2017-05-11,77.27840459
2026-10-08,2017-05-12,77.66385411
2026-10-08,2017-05-13,77.62596396
2026-10-08,2017-05-14,77.5880923
2026-10-08,2017-05-15,78.33074138
2026-10-08,2017-05-16,79.41094785
2026-10-08,2017-05-17,79.96959451
2026-10-08,2017-05-18,81.44274187
2026-10-08,2017-05-19,82.57067081
2026-10-08,2017-05-20,82.53038676
2026-10-08,2017-05-21,82.49012235
2026-10-08,2017-05-22,83.37328444
2026-10-08,2017-05-23,82.51923642
2026-10-08,2017-05-24,82.42741889
2026-10-08,2017-05-25,82.38720472
2026-10-08,2017-05-26,81.8277521
2026-10-08,2017-05-27,81.78783049
2026-10-08,2017-05-28,81.74792836
2026-10-08,2017-05-29,81.77351616
2026-10-08,2017-05-30,82.41918955
2026-10-08,2017-05-31,82.56463339
2026-10-08,2017-06-01,82.109946
2026-10-08,2017-06-02,82.24766228
2026-10-08,2017-06-03,82.2178665
2026-10-08,2017-06-04,82.1880815
2026-10-08,2017-06-05,81.98695594
2026-10-08,2017-06-06,82.20173833
2026-10-08,2017-06-07,81.98199287
2026-10-08,2017-06-08,81.09322394
2026-10-08,2017-06-09,81.03550803
2026-10-08,2017-06-10,81.00615137
2026-10-08,2017-06-11,80.97680534
2026-10-08,2017-06-12,81.0379978
2026-10-08,2017-06-13,80.830597
2026-10-08,2017-06-14,81.15109446
2026-10-08,2017-06-15,80.79448905
2026-10-08,2017-06-16,81.45405829
2026-10-08,2017-06-17,81.42455
2026-10-08,2017-06-18,81.3950524
2026-10-08,2017-06-19,81.59428401
2026-10-08,2017-06-20,81.56472492
2026-10-08,2017-06-21,81.88857979
2026-10-08,2017-06-22,81.41464188
2026-10-08,2017-06-23,81.94617861
2026-10-08,2017-06-24,81.91649204
2026-10-08,2017-06-25,81.88681622
2026-10-08,2017-06-26,82.55407806
2026-10-08,2017-06-27,83.95854959
2026-10-08,2017-06-28,84.51831184
2026-10-08,2017-06-29,85.24356161
2026-10-08,2017-06-30,85.66641616
2026-10-08,2017-07-01,85.60676662
2026-10-08,2017-07-02,85.54715862
2026-10-08,2017-07-03,86.96853862
2026-10-08,2017-07-04,86.48155637
2026-10-08,2017-07-05,87.40852317
2026-10-08,2017-07-06,87.67897194
2026-10-08,2017-07-07,86.95242759
2026-10-08,2017-07-08,86.8918826
2026-10-08,2017-07-09,86.83137977
2026-10-08,2017-07-10,86.87042044
2026-10-08,2017-07-11,87.31510021
2026-10-08,2017-07-12,86.61328857
2026-10-08,2017-07-13,86.39132287
2026-10-08,2017-07-14,86.35648529
2026-10-08,2017-07-15,86.29635526
2026-10-08,2017-07-16,86.23626709
2026-10-08,2017-07-17,86.66086775
2026-10-08,2017-07-18,88.6408435
2026-10-08,2017-07-19,87.95501888
2026-10-08,2017-07-20,89.00733768
2026-10-08,2017-07-21,90.43940073
2026-10-08,2017-07-22,90.37642777
2026-10-08,2017-07-23,90.31349865
2026-10-08,2017-07-24,90.05489091
2026-10-08,2017-07-25,90.37437296
2026-10-08,2017-07-26,90.33722046
2026-10-08,2017-07-27,91.184006
2026-10-08,2017-07-28,92.47796161
2026-10-08,2017-07-29,92.41356919
2026-10-08,2017-07-30,92.34922161
2026-10-08,2017-07-31,92.04434186
2026-10-08,2017-08-01,91.74175037
2026-10-08,2017-08-02,92.28862098
2026-10-08,2017-08-03,92.53592501
2026-10-08,2017-08-04,91.58247523
2026-10-08,2017-08-05,91.5488625
2026-10-08,2017-08-06,91.51526211
2026-10-08,2017-08-07,91.94107017
2026-10-08,2017-08-08,91.79263014
2026-10-08,2017-08-09,91.56194668
2026-10-08,2017-08-10,91.59563786
2026-10-08,2017-08-11,92.20078886
2026-10-08,2017-08-12,92.1669492
2026-10-08,2017-08-13,92.13312195
2026-10-08,2017-08-14,88.61642789
2026-10-08,2017-08-15,88.00372332
2026-10-08,2017-08-16,88.76848425
2026-10-08,2017-08-17,89.45598051
2026-10-08,2017-08-18,89.05047093
2026-10-08,2017-08-19,89.01778751
2026-10-08,2017-08-20,88.98511607
2026-10-08,2017-08-21,88.95245663
2026-10-08,2017-08-22,88.60334164
2026-10-08,2017-08-23,89.12647688
2026-10-08,2017-08-24,88.99034853
2026-10-08,2017-08-25,89.52179099
2026-10-08,2017-08-26,89.48893458
2026-10-08,2017-08-27,89.45609023
2026-10-08,2017-08-28,90.2132828
2026-10-08,2017-08-29,91.21859006
2026-10-08,2017-08-30,90.39170842
2026-10-08,2017-08-31,89.88238652
2026-10-08,2017-09-01,89.07953932
2026-10-08,2017-09-02,89.03564491
2026-10-08,2017-09-03,88.99177214
2026-10-08,2017-09-04,89.3658593
2026-10-08,2017-09-05,89.3286099
2026-10-08,2017-09-06,89.31999976
2026-10-08,2017-09-07,89.82688113
2026-10-08,2017-09-08,89.99955697
2026-10-08,2017-09-09,89.95520922
2026-10-08,2017-09-10,89.91088332
2026-10-08,2017-09-11,89.11377971
2026-10-08,2017-09-12,88.62474426
2026-10-08,2017-09-13,88.01823125
2026-10-08,2017-09-14,87.79095022
2026-10-08,2017-09-15,87.81736783
2026-10-08,2017-09-16,87.77409537
2026-10-08,2017-09-17,87.73084423
2026-10-08,2017-09-18,88.39599707
2026-10-08,2017-09-19,88.91893646
2026-10-08,2017-09-20,89.20870551
2026-10-08,2017-09-21,89.06475389
2026-10-08,2017-09-22,89.31677342
2026-10-08,2017-09-23,89.27276212
2026-10-08,2017-09-24,89.2287725
2026-10-08,2017-09-25,89.41474352
2026-10-08,2017-09-26,89.49303288
2026-10-08,2017-09-27,88.98400344
2026-10-08,2017-09-28,88.79651126
2026-10-08,2017-09-29,87.95111325
2026-10-08,2017-09-30,87.90917256
2026-10-08,2017-10-01,87.86793564
2026-10-08,2017-10-02,87.86541598
2026-10-08,2017-10-03,87.8915401
2026-10-08,2017-10-04,87.68443963
2026-10-08,2017-10-05,87.44490989
2026-10-08,2017-10-06,87.80683783
2026-10-08,2017-10-07,87.7656489
2026-10-08,2017-10-08,87.7244793
2026-10-08,2017-10-09,87.90084855
2026-10-08,2017-10-10,88.07896861
2026-10-08,2017-10-11,88.33777276
2026-10-08,2017-10-12,88.26622897
2026-10-08,2017-10-13,87.67971909
2026-10-08,2017-10-14,87.6385898
2026-10-08,2017-10-15,87.5974798
2026-10-08,2017-10-16,87.55638909
2026-10-08,2017-10-17,87.02596954
2026-10-08,2017-10-18,87.24546123
2026-10-08,2017-10-19,88.07176481
2026-10-08,2017-10-20,87.51529807
2026-10-08,2017-10-21,87.47424591
2026-10-08,2017-10-22,87.433213
2026-10-08,2017-10-23,87.01133398
2026-10-08,2017-10-24,87.52901329
2026-10-08,2017-10-25,87.82469067
2026-10-08,2017-10-26,87.53337303
2026-10-08,2017-10-27,86.74237981
2026-10-08,2017-10-28,86.70169021
2026-10-08,2017-10-29,86.6610197
2026-10-08,2017-10-30,87.33436632
2026-10-08,2017-10-31,87.20621957
2026-10-08,2017-11-01,86.79659925
2026-10-08,2017-11-02,86.50816376
2026-10-08,2017-11-03,86.65180725
2026-10-08,2017-11-04,86.6064389
2026-10-08,2017-11-05,86.5610943
2026-10-08,2017-11-06,86.51577344
2026-10-08,2017-11-07,86.37781953
2026-10-08,2017-11-08,85.77069568
2026-10-08,2017-11-09,86.03395972
2026-10-08,2017-11-10,86.03831721
2026-10-08,2017-11-11,85.99327006
2026-10-08,2017-11-12,85.9482465
2026-10-08,2017-11-13,85.95727554
2026-10-08,2017-11-14,86.81831637
2026-10-08,2017-11-15,86.87593398
2026-10-08,2017-11-16,86.55256142
2026-10-08,2017-11-17,86.73999269
2026-10-08,2017-11-18,86.69457817
2026-10-08,2017-11-19,86.64918742
2026-10-08,2017-11-20,86.60382044
2026-10-08,2017-11-21,86.13578982
2026-10-08,2017-11-22,86.1752712
2026-10-08,2017-11-23,86.48213132
2026-10-08,2017-11-24,86.67797657
2026-10-08,2017-11-25,86.63259451
2026-10-08,2017-11-26,86.58723622
2026-10-08,2017-11-27,86.17503177
2026-10-08,2017-11-28,86.12150168
2026-10-08,2017-11-29,86.23555436
2026-10-08,2017-11-30,85.90744684
2026-10-08,2017-12-01,85.5310921
2026-10-08,2017-12-02,85.45520977
2026-10-08,2017-12-03,85.37939477
2026-10-08,2017-12-04,85.49661194
2026-10-08,2017-12-05,84.82779684
2026-10-08,2017-12-06,84.48067532
2026-10-08,2017-12-07,84.57102611
2026-10-08,2017-12-08,84.49599555
2026-10-08,2017-12-09,84.42103155
2026-10-08,2017-12-10,84.34613406
2026-10-08,2017-12-11,84.040599
2026-10-08,2017-12-12,84.00737131
2026-10-08,2017-12-13,84.03218054
2026-10-08,2017-12-14,84.78054015
2026-10-08,2017-12-15,84.8693441
2026-10-08,2017-12-16,84.79404887
2026-10-08,2017-12-17,84.71882044
2026-10-08,2017-12-18,85.09711501
2026-10-08,2017-12-19,85.94127816
2026-10-08,2017-12-20,86.50567657
2026-10-08,2017-12-21,87.29697886
2026-10-08,2017-12-22,87.68939832
2026-10-08,2017-12-23,87.61160117
2026-10-08,2017-12-24,87.53387304
2026-10-08,2017-12-25,87.45621387
2026-10-08,2017-12-26,88.77970912
2026-10-08,2017-12-27,89.40744344
2026-10-08,2017-12-28,93.45209101
2026-10-08,2017-12-29,91.19797988
2026-10-08,2017-12-30,91.11706995
2026-10-08,2017-12-31,91.0362318
2026-10-08,2018-01-01,90.95833438
2026-10-08,2018-01-02,89.89492405
2026-10-08,2018-01-03,89.85428306
2026-10-08,2018-01-04,91.03974307
2026-10-08,2018-01-05,91.87129832
2026-10-08,2018-01-06,91.79268636
2026-10-08,2018-01-07,91.71414166
2026-10-08,2018-01-08,91.90136783
2026-10-08,2018-01-09,90.93591922
2026-10-08,2018-01-10,89.67007899
2026-10-08,2018-01-11,90.61348074
2026-10-08,2018-01-12,91.15282427
2026-10-08,2018-01-13,91.07482709
2026-10-08,2018-01-14,90.99689665
2026-10-08,2018-01-15,92.36169769
2026-10-08,2018-01-16,92.69469218
2026-10-08,2018-01-17,92.41562624
2026-10-08,2018-01-18,92.28360482
2026-10-08,2018-01-19,92.82301977
2026-10-08,2018-01-20,92.74359344
2026-10-08,2018-01-21,92.66423508
2026-10-08,2018-01-22,93.4125022
2026-10-08,2018-01-23,94.51565865
2026-10-08,2018-01-24,96.8800946
2026-10-08,2018-01-25,97.13133688
2026-10-08,2018-01-26,96.64705328
2026-10-08,2018-01-27,96.56435482
2026-10-08,2018-01-28,96.48172713
2026-10-08,2018-01-29,95.95978777
2026-10-08,2018-01-30,96.39567953
2026-10-08,2018-01-31,96.47225068
2026-10-08,2018-02-01,95.56294322
2026-10-08,2018-02-02,95.97843419
2026-10-08,2018-02-03,95.9039485
2026-10-08,2018-02-04,95.82952061
2026-10-08,2018-02-05,95.36685634
2026-10-08,2018-02-06,95.38392745
2026-10-08,2018-02-07,95.04591865
2026-10-08,2018-02-08,96.13343305
2026-10-08,2018-02-09,95.81662278
2026-10-08,2018-02-10,95.74226266
2026-10-08,2018-02-11,95.66796025
2026-10-08,2018-02-12,95.5937155
2026-10-08,2018-02-13,95.51952838
2026-10-08,2018-02-14,96.71353033
2026-10-08,2018-02-15,95.84184394
2026-10-08,2018-02-16,96.00761765
2026-10-08,2018-02-17,95.93310931
2026-10-08,2018-02-18,95.85865878
2026-10-08,2018-02-19,96.23802619
2026-10-08,2018-02-20,95.411624
2026-10-08,2018-02-21,95.53500484
2026-10-08,2018-02-22,95.68921762
2026-10-08,2018-02-23,95.49485456
2026-10-08,2018-02-24,95.42074416
2026-10-08,2018-02-25,95.34669126
2026-10-08,2018-02-26,96.35305851
2026-10-08,2018-02-27,95.79329236
2026-10-08,2018-02-28,95.01234509
2026-10-08,2018-03-01,95.17271992
2026-10-08,2018-03-02,96.51244528
2026-10-08,2018-03-03,96.47478624
2026-10-08,2018-03-04,96.4371419
2026-10-08,2018-03-05,96.26245408
2026-10-08,2018-03-06,97.31496209
2026-10-08,2018-03-07,97.63539533
2026-10-08,2018-03-08,96.73779016
2026-10-08,2018-03-09,96.17759699
2026-10-08,2018-03-10,96.14006861
2026-10-08,2018-03-11,96.10255488
2026-10-08,2018-03-12,95.91343259
2026-10-08,2018-03-13,96.46133624
2026-10-08,2018-03-14,96.33903989
2026-10-08,2018-03-15,96.50453664
2026-10-08,2018-03-16,95.44535709
2026-10-08,2018-03-17,95.40811443
2026-10-08,2018-03-18,95.3708863
2026-10-08,2018-03-19,95.77589433
2026-10-08,2018-03-20,95.39305716
2026-10-08,2018-03-21,95.67496543
2026-10-08,2018-03-22,95.4408343
2026-10-08,2018-03-23,95.71077514
2026-10-08,2018-03-24,95.67342892
2026-10-08,2018-03-25,95.63609726
2026-10-08,2018-03-26,96.31024173
2026-10-08,2018-03-27,95.82027482
2026-10-08,2018-03-28,94.99089886
2026-10-08,2018-03-29,94.95383352
2026-10-08,2018-03-30,94.91678266
2026-10-08,2018-03-31,94.87974625
2026-10-08,2018-04-01,94.80953492
2026-10-08,2018-04-02,94.73703779
2026-10-08,2018-04-03,94.39461009
2026-10-08,2018-04-04,94.44548625
2026-10-08,2018-04-05,94.11293313
2026-10-08,2018-04-06,94.33182095
2026-10-08,2018-04-07,94.25968912
2026-10-08,2018-04-08,94.18761244
2026-10-08,2018-04-09,94.40752291
2026-10-08,2018-04-10,94.41695946
2026-10-08,2018-04-11,94.57333539
2026-10-08,2018-04-12,94.39925567
2026-10-08,2018-04-13,94.40435922
2026-10-08,2018-04-14,94.33217192
2026-10-08,2018-04-15,94.26003982
2026-10-08,2018-04-16,94.50866773
2026-10-08,2018-04-17,94.13535941
2026-10-08,2018-04-18,94.00546513
2026-10-08,2018-04-19,93.76157519
2026-10-08,2018-04-20,93.38842886
2026-10-08,2018-04-21,93.3170184
2026-10-08,2018-04-22,93.24566254
2026-10-08,2018-04-23,92.88098641
2026-10-08,2018-04-24,93.08371725
2026-10-08,2018-04-25,92.48210771
2026-10-08,2018-04-26,93.29370592
2026-10-08,2018-04-27,93.15310907
2026-10-08,2018-04-28,93.08187855
2026-10-08,2018-04-29,93.0107025
2026-10-08,2018-04-30,92.93958087
2026-10-08,2018-05-01,92.89508561
2026-10-08,2018-05-02,94.64156174
2026-10-08,2018-05-03,102.8269588
2026-10-08,2018-05-04,97.20554897
2026-10-08,2018-05-05,97.16051222
2026-10-08,2018-05-06,97.11549633
2026-10-08,2018-05-07,97.53760886
2026-10-08,2018-05-08,98.92053222
2026-10-08,2018-05-09,100.2871966
2026-10-08,2018-05-10,100.6315277
2026-10-08,2018-05-11,103.31922
2026-10-08,2018-05-12,103.2713507
2026-10-08,2018-05-13,103.2235036
2026-10-08,2018-05-14,110.8124316
2026-10-08,2018-05-15,105.7381938
2026-10-08,2018-05-16,106.446637
2026-10-08,2018-05-17,106.3394153
2026-10-08,2018-05-18,106.5717679
2026-10-08,2018-05-19,106.5223916
2026-10-08,2018-05-20,106.4730383
2026-10-08,2018-05-21,106.1999817
2026-10-08,2018-05-22,105.7302413
2026-10-08,2018-05-23,105.6795842
2026-10-08,2018-05-24,106.6518254
2026-10-08,2018-05-25,106.6024121
2026-10-08,2018-05-26,106.5530216
2026-10-08,2018-05-27,106.503654
2026-10-08,2018-05-28,105.9552483
2026-10-08,2018-05-29,105.56599
2026-10-08,2018-05-30,107.0475728
2026-10-08,2018-05-31,107.3197719
2026-10-08,2018-06-01,107.1234457
2026-10-08,2018-06-02,106.9966441
2026-10-08,2018-06-03,106.8699926
2026-10-08,2018-06-04,107.0699289
2026-10-08,2018-06-05,107.1836507
2026-10-08,2018-06-06,107.1272309
2026-10-08,2018-06-07,107.7489751
2026-10-08,2018-06-08,108.6612386
2026-10-08,2018-06-09,108.5326167
2026-10-08,2018-06-10,108.404147
2026-10-08,2018-06-11,111.3788672
2026-10-08,2018-06-12,109.8407548
2026-10-08,2018-06-13,110.9361883
2026-10-08,2018-06-14,116.4142684
2026-10-08,2018-06-15,114.9062267
2026-10-08,2018-06-16,114.7702127
2026-10-08,2018-06-17,114.6343596
2026-10-08,2018-06-18,115.4814313
2026-10-08,2018-06-19,115.6676874
2026-10-08,2018-06-20,115.530772
2026-10-08,2018-06-21,114.7479276
2026-10-08,2018-06-22,113.0448184
2026-10-08,2018-06-23,112.9110077
2026-10-08,2018-06-24,112.7773554
2026-10-08,2018-06-25,113.3068213
2026-10-08,2018-06-26,112.6918593
2026-10-08,2018-06-27,113.1973927
2026-10-08,2018-06-28,115.9330287
2026-10-08,2018-06-29,119.902821
2026-10-08,2018-06-30,119.7608925
2026-10-08,2018-07-01,119.6301964
2026-10-08,2018-07-02,116.492893
2026-10-08,2018-07-03,114.826034
2026-10-08,2018-07-04,115.9082149
2026-10-08,2018-07-05,115.8421436
2026-10-08,2018-07-06,115.6823453
2026-10-08,2018-07-07,115.5601705
2026-10-08,2018-07-08,115.4381247
2026-10-08,2018-07-09,115.3162077
2026-10-08,2018-07-10,113.0735186
2026-10-08,2018-07-11,112.3438107
2026-10-08,2018-07-12,111.5887056
2026-10-08,2018-07-13,111.3889806
2026-10-08,2018-07-14,111.2713401
2026-10-08,2018-07-15,111.1538238
2026-10-08,2018-07-16,111.9736276
2026-10-08,2018-07-17,112.1704965
2026-10-08,2018-07-18,112.1221425
2026-10-08,2018-07-19,112.7538315
2026-10-08,2018-07-20,112.4842983
2026-10-08,2018-07-21,112.365501
2026-10-08,2018-07-22,112.2468292
2026-10-08,2018-07-23,112.0130523
2026-10-08,2018-07-24,111.2323566
2026-10-08,2018-07-25,110.91215
2026-10-08,2018-07-26,110.4873089
2026-10-08,2018-07-27,110.0283567
2026-10-08,2018-07-28,109.9121531
2026-10-08,2018-07-29,109.7960723
2026-10-08,2018-07-30,109.9153051
2026-10-08,2018-07-31,110.2822287
2026-10-08,2018-08-01,110.3112346
2026-10-08,2018-08-02,109.2775885
2026-10-08,2018-08-03,108.3530326
2026-10-08,2018-08-04,108.2247846
2026-10-08,2018-08-05,108.0966885
2026-10-08,2018-08-06,107.8283045
2026-10-08,2018-08-07,108.2558756
2026-10-08,2018-08-08,109.3885948
2026-10-08,2018-08-09,110.5410887
2026-10-08,2018-08-10,113.297102
2026-10-08,2018-08-11,113.1630022
2026-10-08,2018-08-12,113.0290611
2026-10-08,2018-08-13,115.5309624
2026-10-08,2018-08-14,113.6586322
2026-10-08,2018-08-15,115.0193561
2026-10-08,2018-08-16,114.3410073
2026-10-08,2018-08-17,114.8376548
2026-10-08,2018-08-18,114.7017316
2026-10-08,2018-08-19,114.5659692
2026-10-08,2018-08-20,114.4303675
2026-10-08,2018-08-21,116.6609596
2026-10-08,2018-08-22,117.6459651
2026-10-08,2018-08-23,117.7858275
2026-10-08,2018-08-24,120.0652092
2026-10-08,2018-08-25,119.9230986
2026-10-08,2018-08-26,119.7811561
2026-10-08,2018-08-27,120.4881914
2026-10-08,2018-08-28,122.1664615
2026-10-08,2018-08-29,132.2007095
2026-10-08,2018-08-30,145.6509333
2026-10-08,2018-08-31,141.7458542
2026-10-08,2018-09-01,141.4746837
2026-10-08,2018-09-02,141.1950193
2026-10-08,2018-09-03,143.2410372
2026-10-08,2018-09-04,148.0522474
2026-10-08,2018-09-05,146.5279552
2026-10-08,2018-09-06,142.2151203
2026-10-08,2018-09-07,139.8643336
2026-10-08,2018-09-08,139.5878524
2026-10-08,2018-09-09,139.3119178
2026-10-08,2018-09-10,140.9034639
2026-10-08,2018-09-11,142.6985002
2026-10-08,2018-09-12,144.1460355
2026-10-08,2018-09-13,149.3512149
2026-10-08,2018-09-14,149.542931
2026-10-08,2018-09-15,149.2473173
2026-10-08,2018-09-16,148.952288
2026-10-08,2018-09-17,148.1495406
2026-10-08,2018-09-18,148.316085
2026-10-08,2018-09-19,146.1945417
2026-10-08,2018-09-20,143.2916876
2026-10-08,2018-09-21,138.7821392
2026-10-08,2018-09-22,138.5077973
2026-10-08,2018-09-23,138.2339977
2026-10-08,2018-09-24,138.7182925
2026-10-08,2018-09-25,141.4254107
2026-10-08,2018-09-26,142.7981581
2026-10-08,2018-09-27,145.5719964
2026-10-08,2018-09-28,150.2836078
2026-10-08,2018-09-29,149.98653
2026-10-08,2018-09-30,149.6900394
2026-10-08,2018-10-01,142.9935713
2026-10-08,2018-10-02,136.9755847
2026-10-08,2018-10-03,135.013524
2026-10-08,2018-10-04,136.799093
2026-10-08,2018-10-05,135.1258036
2026-10-08,2018-10-06,134.9079225
2026-10-08,2018-10-07,134.6903926
2026-10-08,2018-10-08,132.6112875
2026-10-08,2018-10-09,131.3131538
2026-10-08,2018-10-10,132.1103016
2026-10-08,2018-10-11,130.0732345
2026-10-08,2018-10-12,130.1760744
2026-10-08,2018-10-13,129.9661744
2026-10-08,2018-10-14,129.7566128
2026-10-08,2018-10-15,129.5473891
2026-10-08,2018-10-16,126.8852956
2026-10-08,2018-10-17,126.6541617
2026-10-08,2018-10-18,127.4585347
2026-10-08,2018-10-19,127.4468647
2026-10-08,2018-10-20,127.2413653
2026-10-08,2018-10-21,127.0361972
2026-10-08,2018-10-22,126.1248686
2026-10-08,2018-10-23,126.425563
2026-10-08,2018-10-24,126.668442
2026-10-08,2018-10-25,125.4262378
2026-10-08,2018-10-26,125.79156
2026-10-08,2018-10-27,125.5887297
2026-10-08,2018-10-28,125.3862264
2026-10-08,2018-10-29,125.3329185
2026-10-08,2018-10-30,124.0165972
2026-10-08,2018-10-31,120.8151926
2026-10-08,2018-11-01,120.844626
2026-10-08,2018-11-02,119.7935593
2026-10-08,2018-11-03,119.6474871
2026-10-08,2018-11-04,119.501593
2026-10-08,2018-11-05,120.0203519
2026-10-08,2018-11-06,119.8740031
2026-10-08,2018-11-07,120.5308428
2026-10-08,2018-11-08,119.0264455
2026-10-08,2018-11-09,117.9532313
2026-10-08,2018-11-10,117.8094031
2026-10-08,2018-11-11,117.6657502
2026-10-08,2018-11-12,117.1714664
2026-10-08,2018-11-13,118.9647215
2026-10-08,2018-11-14,118.4406528
2026-10-08,2018-11-15,119.0745662
2026-10-08,2018-11-16,119.5493709
2026-10-08,2018-11-17,119.4035964
2026-10-08,2018-11-18,119.2579997
2026-10-08,2018-11-19,119.1125805
2026-10-08,2018-11-20,119.3333508
2026-10-08,2018-11-21,119.686997
2026-10-08,2018-11-22,120.4650515
2026-10-08,2018-11-23,123.1509271
2026-10-08,2018-11-24,123.000761
2026-10-08,2018-11-25,122.850778
2026-10-08,2018-11-26,127.5002639
2026-10-08,2018-11-27,125.126654
2026-10-08,2018-11-28,125.2899241
2026-10-08,2018-11-29,123.2380368
2026-10-08,2018-11-30,123.0877645
2026-10-08,2018-12-01,122.9817329
2026-10-08,2018-12-02,122.8792087
2026-10-08,2018-12-03,118.4092927
2026-10-08,2018-12-04,121.1210189
2026-10-08,2018-12-05,121.2993859
2026-10-08,2018-12-06,122.4050294
2026-10-08,2018-12-07,121.4149861
2026-10-08,2018-12-08,121.313768
2026-10-08,2018-12-09,121.2126343
2026-10-08,2018-12-10,121.5361811
2026-10-08,2018-12-11,121.510604
2026-10-08,2018-12-12,121.3427024
2026-10-08,2018-12-13,121.7797294
2026-10-08,2018-12-14,122.1772366
2026-10-08,2018-12-15,122.075383
2026-10-08,2018-12-16,121.9736144
2026-10-08,2018-12-17,122.7105299
2026-10-08,2018-12-18,122.6946289
2026-10-08,2018-12-19,123.6806774
2026-10-08,2018-12-20,122.8579035
2026-10-08,2018-12-21,121.6902069
2026-10-08,2018-12-22,121.5887594
2026-10-08,2018-12-23,121.4873964
2026-10-08,2018-12-24,121.386118
2026-10-08,2018-12-25,121.2849239
2026-10-08,2018-12-26,122.8968779
2026-10-08,2018-12-27,122.7306603
2026-10-08,2018-12-28,120.6967215
2026-10-08,2018-12-29,120.5961022
2026-10-08,2018-12-30,120.4955668
2026-10-08,2018-12-31,120.5319637
2026-10-08,2019-01-01,120.3800998
2026-10-08,2019-01-02,118.8735265
2026-10-08,2019-01-03,118.7285507
2026-10-08,2019-01-04,118.398328
2026-10-08,2019-01-05,118.2491524
2026-10-08,2019-01-06,118.1001648
2026-10-08,2019-01-07,118.427654
2026-10-08,2019-01-08,119.0578593
2026-10-08,2019-01-09,119.0161625
2026-10-08,2019-01-10,117.6063875
2026-10-08,2019-01-11,116.6644707
2026-10-08,2019-01-12,116.5174796
2026-10-08,2019-01-13,116.3706738
2026-10-08,2019-01-14,116.4984209
2026-10-08,2019-01-15,115.7410689
2026-10-08,2019-01-16,116.9852172
2026-10-08,2019-01-17,117.3478253
2026-10-08,2019-01-18,116.5087226
2026-10-08,2019-01-19,116.3619278
2026-10-08,2019-01-20,116.215318
2026-10-08,2019-01-21,116.511285
2026-10-08,2019-01-22,115.9009225
2026-10-08,2019-01-23,116.0613707
2026-10-08,2019-01-24,114.4487065
2026-10-08,2019-01-25,114.2958059
2026-10-08,2019-01-26,114.1517992
2026-10-08,2019-01-27,114.007974
2026-10-08,2019-01-28,114.5036834
2026-10-08,2019-01-29,115.9712972
2026-10-08,2019-01-30,115.1405951
2026-10-08,2019-01-31,114.8058876
2026-10-08,2019-02-01,114.3372483
2026-10-08,2019-02-02,114.19906
2026-10-08,2019-02-03,114.0610386
2026-10-08,2019-02-04,113.5869085
2026-10-08,2019-02-05,113.3212523
2026-10-08,2019-02-06,113.7777939
2026-10-08,2019-02-07,114.2870703
2026-10-08,2019-02-08,114.0582844
2026-10-08,2019-02-09,113.9204332
2026-10-08,2019-02-10,113.7827486
2026-10-08,2019-02-11,113.2025064
2026-10-08,2019-02-12,113.837224
2026-10-08,2019-02-13,113.9535288
2026-10-08,2019-02-14,113.9873655
2026-10-08,2019-02-15,114.8170456
2026-10-08,2019-02-16,114.6782774
2026-10-08,2019-02-17,114.5396768
2026-10-08,2019-02-18,115.3320714
2026-10-08,2019-02-19,116.979706
2026-10-08,2019-02-20,118.2052093
2026-10-08,2019-02-21,117.2420499
2026-10-08,2019-02-22,116.3666441
2026-10-08,2019-02-23,116.2260031
2026-10-08,2019-02-24,116.0855319
2026-10-08,2019-02-25,115.4600555
2026-10-08,2019-02-26,115.1256982
2026-10-08,2019-02-27,114.727651
2026-10-08,2019-02-28,115.695216
2026-10-08,2019-03-01,117.3250815
2026-10-08,2019-03-02,117.1907174
2026-10-08,2019-03-03,117.0565072
2026-10-08,2019-03-04,116.9224507
2026-10-08,2019-03-05,116.7885477
2026-10-08,2019-03-06,118.8103845
2026-10-08,2019-03-07,122.8513476
2026-10-08,2019-03-08,119.1479246
2026-10-08,2019-03-09,119.011473
2026-10-08,2019-03-10,118.8751776
2026-10-08,2019-03-11,119.0272398
2026-10-08,2019-03-12,119.9873833
2026-10-08,2019-03-13,119.1100399
2026-10-08,2019-03-14,117.7110846
2026-10-08,2019-03-15,115.5394177
2026-10-08,2019-03-16,115.4070986
2026-10-08,2019-03-17,115.274931
2026-10-08,2019-03-18,115.2446401
2026-10-08,2019-03-19,116.8190521
2026-10-08,2019-03-20,117.9320519
2026-10-08,2019-03-21,118.1136287
2026-10-08,2019-03-22,119.5201359
2026-10-08,2019-03-23,119.3832579
2026-10-08,2019-03-24,119.2465367
2026-10-08,2019-03-25,120.1413902
2026-10-08,2019-03-26,121.2247356
2026-10-08,2019-03-27,124.2585427
2026-10-08,2019-03-28,123.2397874
2026-10-08,2019-03-29,122.1780147
2026-10-08,2019-03-30,122.0380929
2026-10-08,2019-03-31,121.8983313
2026-10-08,2019-04-01,119.834887
2026-10-08,2019-04-02,119.7282629
2026-10-08,2019-04-03,120.4769492
2026-10-08,2019-04-04,121.6041656
2026-10-08,2019-04-05,122.9075111
2026-10-08,2019-04-06,122.7981531
2026-10-08,2019-04-07,122.6888924
2026-10-08,2019-04-08,122.4380524
2026-10-08,2019-04-09,121.403235
2026-10-08,2019-04-10,120.3866048
2026-10-08,2019-04-11,119.3720672
2026-10-08,2019-04-12,118.1252661
2026-10-08,2019-04-13,118.0201632
2026-10-08,2019-04-14,117.9151537
2026-10-08,2019-04-15,116.2975878
2026-10-08,2019-04-16,118.1971912
2026-10-08,2019-04-17,116.7993452
2026-10-08,2019-04-18,116.695422
2026-10-08,2019-04-19,116.5915912
2026-10-08,2019-04-20,116.4878529
2026-10-08,2019-04-21,116.3842068
2026-10-08,2019-04-22,117.5353948
2026-10-08,2019-04-23,116.7100603
2026-10-08,2019-04-24,120.3407552
2026-10-08,2019-04-25,122.5135145
2026-10-08,2019-04-26,125.5803554
2026-10-08,2019-04-27,125.4686192
2026-10-08,2019-04-28,125.3569824
2026-10-08,2019-04-29,121.0017432
2026-10-08,2019-04-30,120.847607
2026-10-08,2019-05-01,120.7316456
2026-10-08,2019-05-02,121.9590093
2026-10-08,2019-05-03,120.9963688
2026-10-08,2019-05-04,120.8840082
2026-10-08,2019-05-05,120.771752
2026-10-08,2019-05-06,121.3597556
2026-10-08,2019-05-07,122.8189329
2026-10-08,2019-05-08,122.1914941
2026-10-08,2019-05-09,122.8890808
2026-10-08,2019-05-10,121.6406193
2026-10-08,2019-05-11,121.5276605
2026-10-08,2019-05-12,121.4148066
2026-10-08,2019-05-13,122.0926079
2026-10-08,2019-05-14,121.4110528
2026-10-08,2019-05-15,121.3250975
2026-10-08,2019-05-16,120.3345799
2026-10-08,2019-05-17,120.6352239
2026-10-08,2019-05-18,120.5231988
2026-10-08,2019-05-19,120.4112776
2026-10-08,2019-05-20,120.8398549
2026-10-08,2019-05-21,119.5306116
2026-10-08,2019-05-22,119.7663745
2026-10-08,2019-05-23,120.3553009
2026-10-08,2019-05-24,119.8656823
2026-10-08,2019-05-25,119.7543718
2026-10-08,2019-05-26,119.6431646
2026-10-08,2019-05-27,119.3986663
2026-10-08,2019-05-28,118.6497928
2026-10-08,2019-05-29,117.5652442
2026-10-08,2019-05-30,117.7097438
2026-10-08,2019-05-31,118.4836663
2026-10-08,2019-06-01,118.3873781
2026-10-08,2019-06-02,118.2879625
2026-10-08,2019-06-03,119.2429187
2026-10-08,2019-06-04,118.9186183
2026-10-08,2019-06-05,119.058738
2026-10-08,2019-06-06,119.5998422
2026-10-08,2019-06-07,119.87847
2026-10-08,2019-06-08,119.7778022
2026-10-08,2019-06-09,119.677219
2026-10-08,2019-06-10,119.4145255
2026-10-08,2019-06-11,118.9717415
2026-10-08,2019-06-12,115.7330853
2026-10-08,2019-06-13,114.7093254
2026-10-08,2019-06-14,115.4672789
2026-10-08,2019-06-15,115.3703155
2026-10-08,2019-06-16,115.2734334
2026-10-08,2019-06-17,115.1766328
2026-10-08,2019-06-18,113.6451959
2026-10-08,2019-06-19,113.453419
2026-10-08,2019-06-20,113.3581467
2026-10-08,2019-06-21,113.1944883
2026-10-08,2019-06-22,113.0994334
2026-10-08,2019-06-23,113.0044584
2026-10-08,2019-06-24,112.3015028
2026-10-08,2019-06-25,111.8715051
2026-10-08,2019-06-26,112.7205078
2026-10-08,2019-06-27,112.4775187
2026-10-08,2019-06-28,111.7592995
2026-10-08,2019-06-29,111.6654498
2026-10-08,2019-06-30,111.5716789
2026-10-08,2019-07-01,110.3879346
2026-10-08,2019-07-02,110.0169629
2026-10-08,2019-07-03,109.2867025
2026-10-08,2019-07-04,108.7386015
2026-10-08,2019-07-05,108.0555885
2026-10-08,2019-07-06,107.9636048
2026-10-08,2019-07-07,107.8716993
2026-10-08,2019-07-08,107.7798721
2026-10-08,2019-07-09,107.688123
2026-10-08,2019-07-10,107.8739182
2026-10-08,2019-07-11,107.4441707
2026-10-08,2019-07-12,107.2380224
2026-10-08,2019-07-13,107.1467346
2026-10-08,2019-07-14,107.0555246
2026-10-08,2019-07-15,108.9149712
2026-10-08,2019-07-16,109.0324236
2026-10-08,2019-07-17,108.7246534
2026-10-08,2019-07-18,108.5526076
2026-10-08,2019-07-19,108.2870809
2026-10-08,2019-07-20,108.1949001
2026-10-08,2019-07-21,108.1027977
2026-10-08,2019-07-22,108.0197564
2026-10-08,2019-07-23,107.8332663
2026-10-08,2019-07-24,108.1553503
2026-10-08,2019-07-25,109.35308
2026-10-08,2019-07-26,109.0234094
2026-10-08,2019-07-27,108.9306018
2026-10-08,2019-07-28,108.8378731
2026-10-08,2019-07-29,110.1173352
2026-10-08,2019-07-30,110.4131807
2026-10-08,2019-07-31,109.7787716
2026-10-08,2019-08-01,110.5255123
2026-10-08,2019-08-02,111.3965197
2026-10-08,2019-08-03,111.2620462
2026-10-08,2019-08-04,111.1277351
2026-10-08,2019-08-05,114.0308327
2026-10-08,2019-08-06,113.334463
2026-10-08,2019-08-07,114.1126077
2026-10-08,2019-08-08,112.9490427
2026-10-08,2019-08-09,112.8925754
2026-10-08,2019-08-10,112.7562959
2026-10-08,2019-08-11,112.620181
2026-10-08,2019-08-12,131.8553162
2026-10-08,2019-08-13,138.1708226
2026-10-08,2019-08-14,148.9422261
2026-10-08,2019-08-15,140.633942
2026-10-08,2019-08-16,134.7828448
2026-10-08,2019-08-17,134.6201403
2026-10-08,2019-08-18,134.4576321
2026-10-08,2019-08-19,134.2953202
2026-10-08,2019-08-20,133.6077194
2026-10-08,2019-08-21,133.923401
2026-10-08,2019-08-22,133.8353084
2026-10-08,2019-08-23,134.5196441
2026-10-08,2019-08-24,134.3572573
2026-10-08,2019-08-25,134.1950665
2026-10-08,2019-08-26,133.9270559
2026-10-08,2019-08-27,136.0617194
2026-10-08,2019-08-28,140.1411796
2026-10-08,2019-08-29,139.1000459
2026-10-08,2019-08-30,141.7359846
2026-10-08,2019-08-31,141.5648865
2026-10-08,2019-09-01,141.3139337
2026-10-08,2019-09-02,132.723318
2026-10-08,2019-09-03,132.4570335
2026-10-08,2019-09-04,132.960802
2026-10-08,2019-09-05,132.8492626
2026-10-08,2019-09-06,132.132141
2026-10-08,2019-09-07,131.8901091
2026-10-08,2019-09-08,131.6485206
2026-10-08,2019-09-09,132.1052259
2026-10-08,2019-09-10,131.7085328
2026-10-08,2019-09-11,131.4245595
2026-10-08,2019-09-12,131.6872283
2026-10-08,2019-09-13,131.5882469
2026-10-08,2019-09-14,131.3472113
2026-10-08,2019-09-15,131.1066172
2026-10-08,2019-09-16,130.32672
2026-10-08,2019-09-17,131.4396837
2026-10-08,2019-09-18,131.1979299
2026-10-08,2019-09-19,131.0260726
2026-10-08,2019-09-20,130.5315722
2026-10-08,2019-09-21,130.2924721
2026-10-08,2019-09-22,130.05381
2026-10-08,2019-09-23,130.0687751
2026-10-08,2019-09-24,129.9878991
2026-10-08,2019-09-25,129.3333018
2026-10-08,2019-09-26,129.2573773
2026-10-08,2019-09-27,129.4342922
2026-10-08,2019-09-28,129.1972021
2026-10-08,2019-09-29,128.9605462
2026-10-08,2019-09-30,128.8106018
2026-10-08,2019-10-01,129.1954751
2026-10-08,2019-10-02,129.7892442
2026-10-08,2019-10-03,129.729477
2026-10-08,2019-10-04,129.5762923
2026-10-08,2019-10-05,129.4468629
2026-10-08,2019-10-06,129.3175628
2026-10-08,2019-10-07,129.4109738
2026-10-08,2019-10-08,129.0095993
2026-10-08,2019-10-09,129.4403329
2026-10-08,2019-10-10,129.7835579
2026-10-08,2019-10-11,130.1757525
2026-10-08,2019-10-12,130.0457243
2026-10-08,2019-10-13,129.915826
2026-10-08,2019-10-14,129.7860574
2026-10-08,2019-10-15,129.9592946
2026-10-08,2019-10-16,130.4628973
2026-10-08,2019-10-17,130.9503275
2026-10-08,2019-10-18,131.2536906
2026-10-08,2019-10-19,131.1225857
2026-10-08,2019-10-20,130.9916118
2026-10-08,2019-10-21,131.1137668
2026-10-08,2019-10-22,131.237334
2026-10-08,2019-10-23,131.6401241
2026-10-08,2019-10-24,132.3091572
2026-10-08,2019-10-25,133.0053353
2026-10-08,2019-10-26,132.8724807
2026-10-08,2019-10-27,132.7397588
2026-10-08,2019-10-28,131.8208976
2026-10-08,2019-10-29,131.6939693
2026-10-08,2019-10-30,132.103592
2026-10-08,2019-10-31,132.3479377
2026-10-08,2019-11-01,132.5116637
2026-10-08,2019-11-02,132.313507
2026-10-08,2019-11-03,132.1156466
2026-10-08,2019-11-04,131.5597096
2026-10-08,2019-11-05,130.4047198
2026-10-08,2019-11-06,130.2097138
2026-10-08,2019-11-07,129.5656732
2026-10-08,2019-11-08,128.9208788
2026-10-08,2019-11-09,128.7280917
2026-10-08,2019-11-10,128.5355929
2026-10-08,2019-11-11,129.5370014
2026-10-08,2019-11-12,128.488875
2026-10-08,2019-11-13,128.1882055
2026-10-08,2019-11-14,128.2176191
2026-10-08,2019-11-15,128.3366543
2026-10-08,2019-11-16,128.1447408
2026-10-08,2019-11-17,127.9531144
2026-10-08,2019-11-18,127.7617745
2026-10-08,2019-11-19,127.9251824
2026-10-08,2019-11-20,127.6233872
2026-10-08,2019-11-21,127.5588212
2026-10-08,2019-11-22,126.8668607
2026-10-08,2019-11-23,126.6771452
2026-10-08,2019-11-24,126.4877133
2026-10-08,2019-11-25,125.9543216
2026-10-08,2019-11-26,126.4339686
2026-10-08,2019-11-27,125.646977
2026-10-08,2019-11-28,125.7183732
2026-10-08,2019-11-29,125.8447704
2026-10-08,2019-11-30,125.6565833
2026-10-08,2019-12-01,125.5158511
2026-10-08,2019-12-02,126.101974
2026-10-08,2019-12-03,125.9966415
2026-10-08,2019-12-04,125.6407973
2026-10-08,2019-12-05,126.0424937
2026-10-08,2019-12-06,125.2336362
2026-10-08,2019-12-07,125.0978997
2026-10-08,2019-12-08,124.9623103
2026-10-08,2019-12-09,124.8598673
2026-10-08,2019-12-10,124.8647728
2026-10-08,2019-12-11,124.7239619
2026-10-08,2019-12-12,124.7797261
2026-10-08,2019-12-13,124.7363286
2026-10-08,2019-12-14,124.6011311
2026-10-08,2019-12-15,124.4660801
2026-10-08,2019-12-16,124.631057
2026-10-08,2019-12-17,124.5853462
2026-10-08,2019-12-18,124.0708907
2026-10-08,2019-12-19,124.014445
2026-10-08,2019-12-20,123.2675903
2026-10-08,2019-12-21,123.1339847
2026-10-08,2019-12-22,123.000524
2026-10-08,2019-12-23,123.4715739
2026-10-08,2019-12-24,123.3377472
2026-10-08,2019-12-25,123.2040656
2026-10-08,2019-12-26,122.9761465
2026-10-08,2019-12-27,123.6151498
2026-10-08,2019-12-28,123.4811675
2026-10-08,2019-12-29,123.3473304
2026-10-08,2019-12-30,123.6570429
2026-10-08,2019-12-31,123.6772537
2026-10-08,2020-01-01,123.5485009
2026-10-08,2020-01-02,122.628464
2026-10-08,2020-01-03,122.5446787
2026-10-08,2020-01-04,122.4171049
2026-10-08,2020-01-05,122.289664
2026-10-08,2020-01-06,122.4138526
2026-10-08,2020-01-07,121.7074807
2026-10-08,2020-01-08,121.2970682
2026-10-08,2020-01-09,121.0399863
2026-10-08,2020-01-10,121.1228978
2026-10-08,2020-01-11,120.9968041
2026-10-08,2020-01-12,120.8708418
2026-10-08,2020-01-13,121.2113409
2026-10-08,2020-01-14,121.2093345
2026-10-08,2020-01-15,121.1436718
2026-10-08,2020-01-16,120.8184649
2026-10-08,2020-01-17,120.2759025
2026-10-08,2020-01-18,120.1506906
2026-10-08,2020-01-19,120.0256091
2026-10-08,2020-01-20,119.9348147
2026-10-08,2020-01-21,119.9762832
2026-10-08,2020-01-22,119.7267583
2026-10-08,2020-01-23,119.255156
2026-10-08,2020-01-24,118.8832894
2026-10-08,2020-01-25,118.7595273
2026-10-08,2020-01-26,118.635894
2026-10-08,2020-01-27,118.5282949
2026-10-08,2020-01-28,118.3815719
2026-10-08,2020-01-29,118.3028364
2026-10-08,2020-01-30,118.573417
2026-10-08,2020-01-31,119.1195274
2026-10-08,2020-02-01,119.0447393
2026-10-08,2020-02-02,118.9699982
2026-10-08,2020-02-03,118.8844651
2026-10-08,2020-02-04,118.7891678
2026-10-08,2020-02-05,118.3576594
2026-10-08,2020-02-06,118.1878107
2026-10-08,2020-02-07,117.9438671
2026-10-08,2020-02-08,117.8698172
2026-10-08,2020-02-09,117.7958138
2026-10-08,2020-02-10,117.7491918
2026-10-08,2020-02-11,118.0662845
2026-10-08,2020-02-12,117.7391027
2026-10-08,2020-02-13,117.5822335
2026-10-08,2020-02-14,117.6641034
2026-10-08,2020-02-15,117.5902291
2026-10-08,2020-02-16,117.5164012
2026-10-08,2020-02-17,117.7026367
2026-10-08,2020-02-18,117.3113308
2026-10-08,2020-02-19,117.2238323
2026-10-08,2020-02-20,117.3184417
2026-10-08,2020-02-21,118.0353285
2026-10-08,2020-02-22,117.9612211
2026-10-08,2020-02-23,117.8871603
2026-10-08,2020-02-24,117.8131459
2026-10-08,2020-02-25,117.7391781
2026-10-08,2020-02-26,118.3585395
2026-10-08,2020-02-27,119.5002729
2026-10-08,2020-02-28,119.7576695
2026-10-08,2020-02-29,119.6824808
2026-10-08,2020-03-01,119.5765478
2026-10-08,2020-03-02,121.543063
2026-10-08,2020-03-03,121.2938992
2026-10-08,2020-03-04,120.914283
2026-10-08,2020-03-05,121.9016666
2026-10-08,2020-03-06,122.9019234
2026-10-08,2020-03-07,122.7931409
2026-10-08,2020-03-08,122.6844546
2026-10-08,2020-03-09,124.3881589
2026-10-08,2020-03-10,122.8437707
2026-10-08,2020-03-11,122.4597022
2026-10-08,2020-03-12,121.6638491
2026-10-08,2020-03-13,120.5256092
2026-10-08,2020-03-14,120.4189299
2026-10-08,2020-03-15,120.3123451
2026-10-08,2020-03-16,121.3647569
2026-10-08,2020-03-17,119.6000542
2026-10-08,2020-03-18,118.2754567
2026-10-08,2020-03-19,116.6449824
2026-10-08,2020-03-20,116.7936265
2026-10-08,2020-03-21,116.6902505
2026-10-08,2020-03-22,116.586966
2026-10-08,2020-03-23,116.4837729
2026-10-08,2020-03-24,116.3806711
2026-10-08,2020-03-25,119.0233912
2026-10-08,2020-03-26,121.017784
2026-10-08,2020-03-27,122.1074152
2026-10-08,2020-03-28,121.9993358
2026-10-08,2020-03-29,121.8913522
2026-10-08,2020-03-30,120.9965749
2026-10-08,2020-03-31,120.8894788
2026-10-08,2020-04-01,119.9547767
2026-10-08,2020-04-02,119.1282953
2026-10-08,2020-04-03,119.1433946
2026-10-08,2020-04-04,119.0957269
2026-10-08,2020-04-05,119.0480781
2026-10-08,2020-04-06,119.1360815
2026-10-08,2020-04-07,120.3924949
2026-10-08,2020-04-08,120.081598
2026-10-08,2020-04-09,120.0335548
2026-10-08,2020-04-10,119.9855309
2026-10-08,2020-04-11,119.9375262
2026-10-08,2020-04-12,119.8895407
2026-10-08,2020-04-13,120.8659647
2026-10-08,2020-04-14,121.7043498
2026-10-08,2020-04-15,121.1885506
2026-10-08,2020-04-16,120.4964832
2026-10-08,2020-04-17,121.0465816
2026-10-08,2020-04-18,120.9981523
2026-10-08,2020-04-19,120.9497425
2026-10-08,2020-04-20,121.0436766
2026-10-08,2020-04-21,120.9181752
2026-10-08,2020-04-22,120.8130541
2026-10-08,2020-04-23,120.3585648
2026-10-08,2020-04-24,120.8346345
2026-10-08,2020-04-25,120.7862901
2026-10-08,2020-04-26,120.737965
2026-10-08,2020-04-27,121.2745044
2026-10-08,2020-04-28,121.4978877
2026-10-08,2020-04-29,121.9823655
2026-10-08,2020-04-30,123.0306985
2026-10-08,2020-05-01,122.9661894
2026-10-08,2020-05-02,122.901714
2026-10-08,2020-05-03,122.8372725
2026-10-08,2020-05-04,122.44409
2026-10-08,2020-05-05,121.8337738
2026-10-08,2020-05-06,121.5467823
2026-10-08,2020-05-07,121.9273737
2026-10-08,2020-05-08,122.2112683
2026-10-08,2020-05-09,122.1471888
2026-10-08,2020-05-10,122.083143
2026-10-08,2020-05-11,121.7500505
2026-10-08,2020-05-12,122.3108776
2026-10-08,2020-05-13,121.9969776
2026-10-08,2020-05-14,121.7184286
2026-10-08,2020-05-15,122.1441238
2026-10-08,2020-05-16,122.0800795
2026-10-08,2020-05-17,122.0160688
2026-10-08,2020-05-18,123.3227459
2026-10-08,2020-05-19,123.6521386
2026-10-08,2020-05-20,124.2444829
2026-10-08,2020-05-21,124.0832748
2026-10-08,2020-05-22,123.4569212
2026-10-08,2020-05-23,123.3921886
2026-10-08,2020-05-24,123.3274899
2026-10-08,2020-05-25,123.2628251
2026-10-08,2020-05-26,124.3232498
2026-10-08,2020-05-27,124.5465202
2026-10-08,2020-05-28,125.6884431
2026-10-08,2020-05-29,125.8558102
2026-10-08,2020-05-30,125.7898197
2026-10-08,2020-05-31,125.7238639
2026-10-08,2020-06-01,126.2753562
2026-10-08,2020-06-02,126.7975211
2026-10-08,2020-06-03,127.6978876
2026-10-08,2020-06-04,128.9786328
2026-10-08,2020-06-05,128.4633562
2026-10-08,2020-06-06,128.3829843
2026-10-08,2020-06-07,128.3026626
2026-10-08,2020-06-08,128.5261017
2026-10-08,2020-06-09,129.1022736
2026-10-08,2020-06-10,129.2349186
2026-10-08,2020-06-11,128.8487777
2026-10-08,2020-06-12,127.8318343
2026-10-08,2020-06-13,127.7518575
2026-10-08,2020-06-14,127.6719307
2026-10-08,2020-06-15,127.592054
2026-10-08,2020-06-16,128.4321816
2026-10-08,2020-06-17,128.1089787
2026-10-08,2020-06-18,127.8038472
2026-10-08,2020-06-19,127.6626289
2026-10-08,2020-06-20,127.5827579
2026-10-08,2020-06-21,127.502937
2026-10-08,2020-06-22,128.5097962
2026-10-08,2020-06-23,129.213224
2026-10-08,2020-06-24,128.6332009
2026-10-08,2020-06-25,128.2171584
2026-10-08,2020-06-26,128.3265187
2026-10-08,2020-06-27,128.2462324
2026-10-08,2020-06-28,128.1659963
2026-10-08,2020-06-29,128.3912702
2026-10-08,2020-06-30,128.5346845
2026-10-08,2020-07-01,128.7674767
2026-10-08,2020-07-02,128.5196965
2026-10-08,2020-07-03,128.6722543
2026-10-08,2020-07-04,128.5782145
2026-10-08,2020-07-05,128.4842435
2026-10-08,2020-07-06,129.5302082
2026-10-08,2020-07-07,129.2979978
2026-10-08,2020-07-08,129.7890895
2026-10-08,2020-07-09,129.6942335
2026-10-08,2020-07-10,129.5994469
2026-10-08,2020-07-11,129.5047295
2026-10-08,2020-07-12,129.4100813
2026-10-08,2020-07-13,130.2404077
2026-10-08,2020-07-14,130.5985437
2026-10-08,2020-07-15,130.6931244
2026-10-08,2020-07-16,130.4323863
2026-10-08,2020-07-17,131.0768991
2026-10-08,2020-07-18,130.9811019
2026-10-08,2020-07-19,130.8853748
2026-10-08,2020-07-20,131.107606
2026-10-08,2020-07-21,132.2680486
2026-10-08,2020-07-22,132.6718277
2026-10-08,2020-07-23,133.1100015
2026-10-08,2020-07-24,133.5022951
2026-10-08,2020-07-25,133.4047253
2026-10-08,2020-07-26,133.3072268
2026-10-08,2020-07-27,134.8970766
2026-10-08,2020-07-28,134.5894243
2026-10-08,2020-07-29,135.2914243
2026-10-08,2020-07-30,135.7524688
2026-10-08,2020-07-31,135.3297518
2026-10-08,2020-08-01,135.1952315
2026-10-08,2020-08-02,135.0608449
2026-10-08,2020-08-03,134.8636861
2026-10-08,2020-08-04,135.1781316
2026-10-08,2020-08-05,136.0771672
2026-10-08,2020-08-06,136.2063514
2026-10-08,2020-08-07,135.1239218
2026-10-08,2020-08-08,134.9896061
2026-10-08,2020-08-09,134.8554239
2026-10-08,2020-08-10,134.710731
2026-10-08,2020-08-11,134.7836576
2026-10-08,2020-08-12,135.0855769
2026-10-08,2020-08-13,135.3599387
2026-10-08,2020-08-14,135.535422
2026-10-08,2020-08-15,135.4006973
2026-10-08,2020-08-16,135.2661065
2026-10-08,2020-08-17,135.1316495
2026-10-08,2020-08-18,136.5271822
2026-10-08,2020-08-19,135.9565246
2026-10-08,2020-08-20,135.5820537
2026-10-08,2020-08-21,134.7617386
2026-10-08,2020-08-22,134.6277829
2026-10-08,2020-08-23,134.4939604
2026-10-08,2020-08-24,134.7941298
2026-10-08,2020-08-25,135.0804822
2026-10-08,2020-08-26,135.0490469
2026-10-08,2020-08-27,135.0609359
2026-10-08,2020-08-28,135.755725
2026-10-08,2020-08-29,135.6207813
2026-10-08,2020-08-30,135.4859717
2026-10-08,2020-08-31,136.3311928
2026-10-08,2020-09-01,136.0279625
2026-10-08,2020-09-02,135.0510464
2026-10-08,2020-09-03,135.243062
2026-10-08,2020-09-04,135.1952621
2026-10-08,2020-09-05,135.0727492
2026-10-08,2020-09-06,134.9503474
2026-10-08,2020-09-07,134.8773855
2026-10-08,2020-09-08,134.5781295
2026-10-08,2020-09-09,134.7125201
2026-10-08,2020-09-10,135.2870878
2026-10-08,2020-09-11,134.9827612
2026-10-08,2020-09-12,134.8604408
2026-10-08,2020-09-13,134.7382314
2026-10-08,2020-09-14,135.370173
2026-10-08,2020-09-15,135.2251452
2026-10-08,2020-09-16,135.0392184
2026-10-08,2020-09-17,135.042351
2026-10-08,2020-09-18,135.3013434
2026-10-08,2020-09-19,135.1787344
2026-10-08,2020-09-20,135.0562365
2026-10-08,2020-09-21,134.1456576
2026-10-08,2020-09-22,133.6055504
2026-10-08,2020-09-23,133.2770543
2026-10-08,2020-09-24,133.2732022
2026-10-08,2020-09-25,132.682078
2026-10-08,2020-09-26,132.5618425
2026-10-08,2020-09-27,132.441716
2026-10-08,2020-09-28,133.0988461
2026-10-08,2020-09-29,133.9845019
2026-10-08,2020-09-30,133.729025
2026-10-08,2020-10-01,133.9171018
2026-10-08,2020-10-02,134.6830873
2026-10-08,2020-10-03,134.53063
2026-10-08,2020-10-04,134.3783454
2026-10-08,2020-10-05,135.0418811
2026-10-08,2020-10-06,135.0689531
2026-10-08,2020-10-07,134.8081787
2026-10-08,2020-10-08,134.5640319
2026-10-08,2020-10-09,135.2019317
2026-10-08,2020-10-10,135.0488871
2026-10-08,2020-10-11,134.8960158
2026-10-08,2020-10-12,134.7433175
2026-10-08,2020-10-13,134.1080438
2026-10-08,2020-10-14,134.2368879
2026-10-08,2020-10-15,133.3832623
2026-10-08,2020-10-16,133.5690786
2026-10-08,2020-10-17,133.4178824
2026-10-08,2020-10-18,133.2668573
2026-10-08,2020-10-19,133.9240171
2026-10-08,2020-10-20,134.5589636
2026-10-08,2020-10-21,134.9484486
2026-10-08,2020-10-22,134.8089615
2026-10-08,2020-10-23,135.152975
2026-10-08,2020-10-24,134.9999859
2026-10-08,2020-10-25,134.8471699
2026-10-08,2020-10-26,134.4520734
2026-10-08,2020-10-27,134.4936204
2026-10-08,2020-10-28,133.5064386
2026-10-08,2020-10-29,132.2830156
2026-10-08,2020-10-30,132.0083074
2026-10-08,2020-10-31,131.8588779
2026-10-08,2020-11-01,131.7075795
2026-10-08,2020-11-02,131.973626
2026-10-08,2020-11-03,133.1909638
2026-10-08,2020-11-04,133.2180634
2026-10-08,2020-11-05,134.251988
2026-10-08,2020-11-06,134.0979436
2026-10-08,2020-11-07,133.9440759
2026-10-08,2020-11-08,133.7903848
2026-10-08,2020-11-09,134.1727887
2026-10-08,2020-11-10,134.1993662
2026-10-08,2020-11-11,133.6018797
2026-10-08,2020-11-12,133.8837883
2026-10-08,2020-11-13,134.3448954
2026-10-08,2020-11-14,134.1907444
2026-10-08,2020-11-15,134.0367703
2026-10-08,2020-11-16,134.4225897
2026-10-08,2020-11-17,134.6355608
2026-10-08,2020-11-18,134.7340059
2026-10-08,2020-11-19,134.547834
2026-10-08,2020-11-20,134.6014662
2026-10-08,2020-11-21,134.4470208
2026-10-08,2020-11-22,134.2927526
2026-10-08,2020-11-23,134.1386614
2026-10-08,2020-11-24,134.749996
2026-10-08,2020-11-25,135.2789747
2026-10-08,2020-11-26,135.2228941
2026-10-08,2020-11-27,135.8796755
2026-10-08,2020-11-28,135.7237635
2026-10-08,2020-11-29,135.5680303
2026-10-08,2020-11-30,135.7792762
2026-10-08,2020-12-01,136.8897212
2026-10-08,2020-12-02,137.3425116
2026-10-08,2020-12-03,137.9025437
2026-10-08,2020-12-04,137.8602737
2026-10-08,2020-12-05,137.7001157
2026-10-08,2020-12-06,137.5401438
2026-10-08,2020-12-07,137.3803578
2026-10-08,2020-12-08,137.2207574
2026-10-08,2020-12-09,136.9107897
2026-10-08,2020-12-10,137.4007342
2026-10-08,2020-12-11,137.3747919
2026-10-08,2020-12-12,137.215198
2026-10-08,2020-12-13,137.0557894
2026-10-08,2020-12-14,137.7834833
2026-10-08,2020-12-15,137.7682781
2026-10-08,2020-12-16,137.8602498
2026-10-08,2020-12-17,138.9149213
2026-10-08,2020-12-18,138.6769775
2026-10-08,2020-12-19,138.5158707
2026-10-08,2020-12-20,138.3549511
2026-10-08,2020-12-21,138.7000271
2026-10-08,2020-12-22,137.991348
2026-10-08,2020-12-23,138.1605462
2026-10-08,2020-12-24,138.0000394
2026-10-08,2020-12-25,137.8397191
2026-10-08,2020-12-26,137.679585
2026-10-08,2020-12-27,137.519637
2026-10-08,2020-12-28,138.5219611
2026-10-08,2020-12-29,138.8993682
2026-10-08,2020-12-30,139.497578
2026-10-08,2020-12-31,139.3355179
2026-10-08,2021-01-01,139.164908
2026-10-08,2021-01-02,138.9945069
2026-10-08,2021-01-03,138.8243145
2026-10-08,2021-01-04,139.174414
2026-10-08,2021-01-05,139.6956492
2026-10-08,2021-01-06,139.6777549
2026-10-08,2021-01-07,139.2912073
2026-10-08,2021-01-08,138.8740958
2026-10-08,2021-01-09,138.7040508
2026-10-08,2021-01-10,138.5342141
2026-10-08,2021-01-11,138.0899931
2026-10-08,2021-01-12,138.1619074
2026-10-08,2021-01-13,138.0651676
2026-10-08,2021-01-14,138.0071511
2026-10-08,2021-01-15,137.1370492
2026-10-08,2021-01-16,136.9691312
2026-10-08,2021-01-17,136.8014188
2026-10-08,2021-01-18,137.0055371
2026-10-08,2021-01-19,137.5892086
2026-10-08,2021-01-20,137.4508831
2026-10-08,2021-01-21,137.8978415
2026-10-08,2021-01-22,138.1451217
2026-10-08,2021-01-23,137.9759694
2026-10-08,2021-01-24,137.8070241
2026-10-08,2021-01-25,137.9244691
2026-10-08,2021-01-26,138.0821121
2026-10-08,2021-01-27,137.6127863
2026-10-08,2021-01-28,137.6657671
2026-10-08,2021-01-29,137.7816842
2026-10-08,2021-01-30,137.6129768
2026-10-08,2021-01-31,137.444476
2026-10-08,2021-02-01,136.9690525
2026-10-08,2021-02-02,136.4529579
2026-10-08,2021-02-03,136.515567
2026-10-08,2021-02-04,135.7535846
2026-10-08,2021-02-05,136.6175404
2026-10-08,2021-02-06,136.4564494
2026-10-08,2021-02-07,136.2955483
2026-10-08,2021-02-08,136.4998002
2026-10-08,2021-02-09,137.1350869
2026-10-08,2021-02-10,137.4797548
2026-10-08,2021-02-11,137.3555756
2026-10-08,2021-02-12,137.2879138
2026-10-08,2021-02-13,137.1260324
2026-10-08,2021-02-14,136.9643418
2026-10-08,2021-02-15,136.8028419
2026-10-08,2021-02-16,136.6415324
2026-10-08,2021-02-17,136.2035972
2026-10-08,2021-02-18,136.6676657
2026-10-08,2021-02-19,136.5065156
2026-10-08,2021-02-20,136.3455555
2026-10-08,2021-02-21,136.1847852
2026-10-08,2021-02-22,137.5162664
2026-10-08,2021-02-23,137.2929366
2026-10-08,2021-02-24,137.3155642
2026-10-08,2021-02-25,138.0520294
2026-10-08,2021-02-26,136.4373794
2026-10-08,2021-02-27,136.2765008
2026-10-08,2021-02-28,136.115812
2026-10-08,2021-03-01,135.9865803
2026-10-08,2021-03-02,136.3521932
2026-10-08,2021-03-03,136.1947113
2026-10-08,2021-03-04,135.2402117
2026-10-08,2021-03-05,134.3276607
2026-10-08,2021-03-06,134.16462
2026-10-08,2021-03-07,134.0017772
2026-10-08,2021-03-08,133.4598734
2026-10-08,2021-03-09,133.779256
2026-10-08,2021-03-10,133.9640368
2026-10-08,2021-03-11,134.6094666
2026-10-08,2021-03-12,134.2575727
2026-10-08,2021-03-13,134.094617
2026-10-08,2021-03-14,133.9318592
2026-10-08,2021-03-15,133.8652742
2026-10-08,2021-03-16,133.525131
2026-10-08,2021-03-17,133.89159
2026-10-08,2021-03-18,133.7523856
2026-10-08,2021-03-19,133.4761418
2026-10-08,2021-03-20,133.3141346
2026-10-08,2021-03-21,133.1523241
2026-10-08,2021-03-22,133.6321051
2026-10-08,2021-03-23,132.6212089
2026-10-08,2021-03-24,132.4602395
2026-10-08,2021-03-25,131.5262022
2026-10-08,2021-03-26,131.6789704
2026-10-08,2021-03-27,131.5191446
2026-10-08,2021-03-28,131.3595127
2026-10-08,2021-03-29,131.0773435
2026-10-08,2021-03-30,130.3773684
2026-10-08,2021-03-31,130.5426542
2026-10-08,2021-04-01,130.3931575
2026-10-08,2021-04-02,130.2438319
2026-10-08,2021-04-03,130.0946774
2026-10-08,2021-04-04,129.9456936
2026-10-08,2021-04-05,130.94474
2026-10-08,2021-04-06,131.3278494
2026-10-08,2021-04-07,131.5585215
2026-10-08,2021-04-08,131.8662797
2026-10-08,2021-04-09,131.6681074
2026-10-08,2021-04-10,131.5173218
2026-10-08,2021-04-11,131.3667088
2026-10-08,2021-04-12,131.5143343
2026-10-08,2021-04-13,131.729317
2026-10-08,2021-04-14,132.0353029
2026-10-08,2021-04-15,131.84509
2026-10-08,2021-04-16,131.8990342
2026-10-08,2021-04-17,131.7479841
2026-10-08,2021-04-18,131.597107
2026-10-08,2021-04-19,132.2725697
2026-10-08,2021-04-20,132.1043213
2026-10-08,2021-04-21,132.0381946
2026-10-08,2021-04-22,131.7242982
2026-10-08,2021-04-23,132.4992503
2026-10-08,2021-04-24,132.3475128
2026-10-08,2021-04-25,132.1959492
2026-10-08,2021-04-26,132.2682027
2026-10-08,2021-04-27,132.1470322
2026-10-08,2021-04-28,132.0528292
2026-10-08,2021-04-29,132.4563913
2026-10-08,2021-04-30,131.3406276
2026-10-08,2021-05-01,131.2132504
2026-10-08,2021-05-02,131.0859966
2026-10-08,2021-05-03,131.5600603
2026-10-08,2021-05-04,131.0307134
2026-10-08,2021-05-05,130.7306959
2026-10-08,2021-05-06,131.2912614
2026-10-08,2021-05-07,132.3582657
2026-10-08,2021-05-08,132.2299016
2026-10-08,2021-05-09,132.1016619
2026-10-08,2021-05-10,132.0751798
2026-10-08,2021-05-11,131.9860408
2026-10-08,2021-05-12,131.0105379
2026-10-08,2021-05-13,130.7843179
2026-10-08,2021-05-14,131.4901092
2026-10-08,2021-05-15,131.3625869
2026-10-08,2021-05-16,131.2351884
2026-10-08,2021-05-17,131.4604736
2026-10-08,2021-05-18,132.0880672
2026-10-08,2021-05-19,131.8540135
2026-10-08,2021-05-20,131.8684308
2026-10-08,2021-05-21,131.3509717
2026-10-08,2021-05-22,131.2235844
2026-10-08,2021-05-23,131.0963206
2026-10-08,2021-05-24,130.9691803
2026-10-08,2021-05-25,130.8421633
2026-10-08,2021-05-26,131.1140505
2026-10-08,2021-05-27,131.2175327
2026-10-08,2021-05-28,131.0996347
2026-10-08,2021-05-29,130.9724911
2026-10-08,2021-05-30,130.8454709
2026-10-08,2021-05-31,131.2756496
2026-10-08,2021-06-01,131.1722053
2026-10-08,2021-06-02,130.8883484
2026-10-08,2021-06-03,129.8761741
2026-10-08,2021-06-04,130.2708389
2026-10-08,2021-06-05,130.1468997
2026-10-08,2021-06-06,130.0230785
2026-10-08,2021-06-07,130.4379385
2026-10-08,2021-06-08,130.1306009
2026-10-08,2021-06-09,130.0828892
2026-10-08,2021-06-10,129.9664288
2026-10-08,2021-06-11,129.0912679
2026-10-08,2021-06-12,128.968451
2026-10-08,2021-06-13,128.845751
2026-10-08,2021-06-14,129.1092288
2026-10-08,2021-06-15,129.0860457
2026-10-08,2021-06-16,128.3703923
2026-10-08,2021-06-17,126.7444255
2026-10-08,2021-06-18,126.1776087
2026-10-08,2021-06-19,126.0575639
2026-10-08,2021-06-20,125.9376332
2026-10-08,2021-06-21,125.8178167
2026-10-08,2021-06-22,126.4921265
2026-10-08,2021-06-23,126.4353105
2026-10-08,2021-06-24,126.2673774
2026-10-08,2021-06-25,126.2238377
2026-10-08,2021-06-26,126.1037489
2026-10-08,2021-06-27,125.9837743
2026-10-08,2021-06-28,125.8768125
2026-10-08,2021-06-29,125.5301043
2026-10-08,2021-06-30,124.9704524
2026-10-08,2021-07-01,124.8370503
2026-10-08,2021-07-02,124.9750172
2026-10-08,2021-07-03,124.8526577
2026-10-08,2021-07-04,124.7304181
2026-10-08,2021-07-05,124.714866
2026-10-08,2021-07-06,124.1591779
2026-10-08,2021-07-07,123.8350419
2026-10-08,2021-07-08,124.1873708
2026-10-08,2021-07-09,124.0657825
2026-10-08,2021-07-10,123.9443133
2026-10-08,2021-07-11,123.8229629
2026-10-08,2021-07-12,124.0502514
2026-10-08,2021-07-13,123.183546
2026-10-08,2021-07-14,123.5424667
2026-10-08,2021-07-15,123.2070914
2026-10-08,2021-07-16,123.2106821
2026-10-08,2021-07-17,123.0900501
2026-10-08,2021-07-18,122.9695361
2026-10-08,2021-07-19,122.7870463
2026-10-08,2021-07-20,122.5593704
2026-10-08,2021-07-21,122.6311442
2026-10-08,2021-07-22,122.2524944
2026-10-08,2021-07-23,122.2077664
2026-10-08,2021-07-24,122.0881163
2026-10-08,2021-07-25,121.9685833
2026-10-08,2021-07-26,122.425797
2026-10-08,2021-07-27,122.5925436
2026-10-08,2021-07-28,121.9020886
2026-10-08,2021-07-29,122.9792724
2026-10-08,2021-07-30,122.6535684
2026-10-08,2021-07-31,122.5334818
2026-10-08,2021-08-01,122.4506915
2026-10-08,2021-08-02,122.5771342
2026-10-08,2021-08-03,122.4680126
2026-10-08,2021-08-04,122.1526048
2026-10-08,2021-08-05,122.11476
2026-10-08,2021-08-06,121.2611869
2026-10-08,2021-08-07,121.1792563
2026-10-08,2021-08-08,121.097381
2026-10-08,2021-08-09,120.9756312
2026-10-08,2021-08-10,120.6738513
2026-10-08,2021-08-11,120.8826133
2026-10-08,2021-08-12,120.7456957
2026-10-08,2021-08-13,121.3514995
2026-10-08,2021-08-14,121.2695079
2026-10-08,2021-08-15,121.1875716
2026-10-08,2021-08-16,121.1056907
2026-10-08,2021-08-17,120.3765876
2026-10-08,2021-08-18,120.1002202
2026-10-08,2021-08-19,119.8303513
2026-10-08,2021-08-20,119.9606931
2026-10-08,2021-08-21,119.8796412
2026-10-08,2021-08-22,119.7986441
2026-10-08,2021-08-23,120.3304861
2026-10-08,2021-08-24,120.3006694
2026-10-08,2021-08-25,120.4509704
2026-10-08,2021-08-26,120.3494158
2026-10-08,2021-08-27,120.7145053
2026-10-08,2021-08-28,120.632944
2026-10-08,2021-08-29,120.5514379
2026-10-08,2021-08-30,120.6961322
2026-10-08,2021-08-31,120.7436538
2026-10-08,2021-09-01,121.0601419
2026-10-08,2021-09-02,121.2660143
2026-10-08,2021-09-03,121.4263856
2026-10-08,2021-09-04,121.3044499
2026-10-08,2021-09-05,121.1826366
2026-10-08,2021-09-06,120.9074257
2026-10-08,2021-09-07,120.6520832
2026-10-08,2021-09-08,120.2808654
2026-10-08,2021-09-09,120.3107854
2026-10-08,2021-09-10,120.0459531
2026-10-08,2021-09-11,119.9254036
2026-10-08,2021-09-12,119.8049752
2026-10-08,2021-09-13,119.6850003
2026-10-08,2021-09-14,119.791809
2026-10-08,2021-09-15,119.5683651
2026-10-08,2021-09-16,118.9827898
2026-10-08,2021-09-17,118.6525823
2026-10-08,2021-09-18,118.5334321
2026-10-08,2021-09-19,118.4144014
2026-10-08,2021-09-20,118.3955646
2026-10-08,2021-09-21,118.3088605
2026-10-08,2021-09-22,118.2745386
2026-10-08,2021-09-23,118.3567964
2026-10-08,2021-09-24,117.9599444
2026-10-08,2021-09-25,117.8414897
2026-10-08,2021-09-26,117.7231539
2026-10-08,2021-09-27,117.5779859
2026-10-08,2021-09-28,117.2246605
2026-10-08,2021-09-29,116.3254106
2026-10-08,2021-09-30,115.9915564
2026-10-08,2021-10-01,116.2431836
2026-10-08,2021-10-02,116.1453046
2026-10-08,2021-10-03,116.047508
2026-10-08,2021-10-04,116.2420106
2026-10-08,2021-10-05,116.0194198
2026-10-08,2021-10-06,115.4273213
2026-10-08,2021-10-07,115.4233462
2026-10-08,2021-10-08,115.3261575
2026-10-08,2021-10-09,115.2290506
2026-10-08,2021-10-10,115.1320256
2026-10-08,2021-10-11,115.0350822
2026-10-08,2021-10-12,114.7738794
2026-10-08,2021-10-13,115.3489689
2026-10-08,2021-10-14,115.3281997
2026-10-08,2021-10-15,115.2941029
2026-10-08,2021-10-16,115.197023
2026-10-08,2021-10-17,115.1000249
2026-10-08,2021-10-18,115.2762172
2026-10-08,2021-10-19,115.4934601
2026-10-08,2021-10-20,115.5617046
2026-10-08,2021-10-21,115.2398584
2026-10-08,2021-10-22,115.2056189
2026-10-08,2021-10-23,115.1086136
2026-10-08,2021-10-24,115.0116899
2026-10-08,2021-10-25,114.8310151
2026-10-08,2021-10-26,114.6683745
2026-10-08,2021-10-27,114.8632871
2026-10-08,2021-10-28,115.5243477
2026-10-08,2021-10-29,114.1577147
2026-10-08,2021-10-30,114.0615917
2026-10-08,2021-10-31,113.9655497
2026-10-08,2021-11-01,114.3850458
2026-10-08,2021-11-02,114.2359075
2026-10-08,2021-11-03,114.4418026
2026-10-08,2021-11-04,113.8588206
2026-10-08,2021-11-05,113.8468945
2026-10-08,2021-11-06,113.7690838
2026-10-08,2021-11-07,113.6913262
2026-10-08,2021-11-08,114.0681111
2026-10-08,2021-11-09,114.0735225
2026-10-08,2021-11-10,113.2737476
2026-10-08,2021-11-11,112.6092784
2026-10-08,2021-11-12,112.5589902
2026-10-08,2021-11-13,112.4820597
2026-10-08,2021-11-14,112.4051818
2026-10-08,2021-11-15,111.7659838
2026-10-08,2021-11-16,111.1428156
2026-10-08,2021-11-17,111.0351954
2026-10-08,2021-11-18,111.5357517
2026-10-08,2021-11-19,110.8088591
2026-10-08,2021-11-20,110.7331247
2026-10-08,2021-11-21,110.6574422
2026-10-08,2021-11-22,110.5818113
2026-10-08,2021-11-23,110.1768118
2026-10-08,2021-11-24,109.5884325
2026-10-08,2021-11-25,109.7354606
2026-10-08,2021-11-26,110.7215973
2026-10-08,2021-11-27,110.6459226
2026-10-08,2021-11-28,110.5702996
2026-10-08,2021-11-29,110.2958416
2026-10-08,2021-11-30,110.653174
2026-10-08,2021-12-01,110.7146313
2026-10-08,2021-12-02,110.4604822
2026-10-08,2021-12-03,110.5144485
2026-10-08,2021-12-04,110.3953963
2026-10-08,2021-12-05,110.2764724
2026-10-08,2021-12-06,109.9763326
2026-10-08,2021-12-07,109.6585914
2026-10-08,2021-12-08,109.5404611
2026-10-08,2021-12-09,110.0001512
2026-10-08,2021-12-10,110.1845088
2026-10-08,2021-12-11,110.065812
2026-10-08,2021-12-12,109.9472431
2026-10-08,2021-12-13,109.7286612
2026-10-08,2021-12-14,109.482958
2026-10-08,2021-12-15,109.3206269
2026-10-08,2021-12-16,109.8321447
2026-10-08,2021-12-17,109.3439579
2026-10-08,2021-12-18,109.2261666
2026-10-08,2021-12-19,109.1085022
2026-10-08,2021-12-20,109.2771834
2026-10-08,2021-12-21,109.1220735
2026-10-08,2021-12-22,109.635468
2026-10-08,2021-12-23,109.6375608
2026-10-08,2021-12-24,109.5194532
2026-10-08,2021-12-25,109.4014729
2026-10-08,2021-12-26,109.2836196
2026-10-08,2021-12-27,109.3061901
2026-10-08,2021-12-28,109.0903139
2026-10-08,2021-12-29,109.3740248
2026-10-08,2021-12-30,109.0385737
2026-10-08,2021-12-31,109.5949494
2026-10-08,2022-01-01,109.4711457
2026-10-08,2022-01-02,109.3474819
2026-10-08,2022-01-03,108.5500844
2026-10-08,2022-01-04,108.6087597
2026-10-08,2022-01-05,108.9807999
2026-10-08,2022-01-06,108.5404113
2026-10-08,2022-01-07,109.0455551
2026-10-08,2022-01-08,108.9223721
2026-10-08,2022-01-09,108.7993281
2026-10-08,2022-01-10,108.6690678
2026-10-08,2022-01-11,108.8383693
2026-10-08,2022-01-12,109.6944883
2026-10-08,2022-01-13,109.8381761
2026-10-08,2022-01-14,109.2134008
2026-10-08,2022-01-15,109.0900281
2026-10-08,2022-01-16,108.9667947
2026-10-08,2022-01-17,109.2119284
2026-10-08,2022-01-18,108.310579
2026-10-08,2022-01-19,108.4521494
2026-10-08,2022-01-20,108.2494747
2026-10-08,2022-01-21,108.3301656
2026-10-08,2022-01-22,108.2077906
2026-10-08,2022-01-23,108.0855539
2026-10-08,2022-01-24,107.9979803
2026-10-08,2022-01-25,107.5876155
2026-10-08,2022-01-26,107.567311
2026-10-08,2022-01-27,106.0891442
2026-10-08,2022-01-28,106.1448096
2026-10-08,2022-01-29,106.0249033
2026-10-08,2022-01-30,105.9051325
2026-10-08,2022-01-31,106.6133192
2026-10-08,2022-02-01,106.8322162
2026-10-08,2022-02-02,107.3817938
2026-10-08,2022-02-03,108.606888
2026-10-08,2022-02-04,108.682172
2026-10-08,2022-02-05,108.5404988
2026-10-08,2022-02-06,108.3990102
2026-10-08,2022-02-07,108.193874
2026-10-08,2022-02-08,108.2149325
2026-10-08,2022-02-09,108.315816
2026-10-08,2022-02-10,108.5907234
2026-10-08,2022-02-11,107.9106701
2026-10-08,2022-02-12,107.7700025
2026-10-08,2022-02-13,107.6295183
2026-10-08,2022-02-14,106.870265
2026-10-08,2022-02-15,107.3231578
2026-10-08,2022-02-16,107.4262215
2026-10-08,2022-02-17,107.2446141
2026-10-08,2022-02-18,106.8754965
2026-10-08,2022-02-19,106.7361783
2026-10-08,2022-02-20,106.5970418
2026-10-08,2022-02-21,106.8680867
2026-10-08,2022-02-22,106.8312175
2026-10-08,2022-02-23,106.5554465
2026-10-08,2022-02-24,105.1538803
2026-10-08,2022-02-25,105.8062991
2026-10-08,2022-02-26,105.6683747
2026-10-08,2022-02-27,105.5306301
2026-10-08,2022-02-28,105.393065
2026-10-08,2022-03-01,105.2535354
2026-10-08,2022-03-02,104.2690066
2026-10-08,2022-03-03,103.7580791
2026-10-08,2022-03-04,102.5249186
2026-10-08,2022-03-05,102.3891861
2026-10-08,2022-03-06,102.2536332
2026-10-08,2022-03-07,101.9142478
2026-10-08,2022-03-08,102.557301
2026-10-08,2022-03-09,103.9494648
2026-10-08,2022-03-10,102.9145548
2026-10-08,2022-03-11,102.1801388
2026-10-08,2022-03-12,102.0448627
2026-10-08,2022-03-13,101.9097657
2026-10-08,2022-03-14,102.6257166
2026-10-08,2022-03-15,102.2752409
2026-10-08,2022-03-16,102.5416545
2026-10-08,2022-03-17,103.928681
2026-10-08,2022-03-18,103.307681
2026-10-08,2022-03-19,103.1709121
2026-10-08,2022-03-20,103.0343244
2026-10-08,2022-03-21,102.9085769
2026-10-08,2022-03-22,102.8098302
2026-10-08,2022-03-23,102.6085004
2026-10-08,2022-03-24,102.4726572
2026-10-08,2022-03-25,102.3830169
2026-10-08,2022-03-26,102.2474722
2026-10-08,2022-03-27,102.1121069
2026-10-08,2022-03-28,102.1889523
2026-10-08,2022-03-29,103.047999
2026-10-08,2022-03-30,103.6552794
2026-10-08,2022-03-31,102.960832
2026-10-08,2022-04-01,102.5281221
2026-10-08,2022-04-02,102.3472682
2026-10-08,2022-04-03,102.1667333
2026-10-08,2022-04-04,101.6759887
2026-10-08,2022-04-05,101.1699124
2026-10-08,2022-04-06,101.0070762
2026-10-08,2022-04-07,100.797709
2026-10-08,2022-04-08,100.6702729
2026-10-08,2022-04-09,100.4926961
2026-10-08,2022-04-10,100.3154326
2026-10-08,2022-04-11,100.605917
2026-10-08,2022-04-12,100.0898698
2026-10-08,2022-04-13,100.5061494
2026-10-08,2022-04-14,100.3288621
2026-10-08,2022-04-15,100.1518876
2026-10-08,2022-04-16,99.97522518
2026-10-08,2022-04-17,99.79887441
2026-10-08,2022-04-18,99.38456349
2026-10-08,2022-04-19,99.40470685
2026-10-08,2022-04-20,99.95742334
2026-10-08,2022-04-21,99.84890333
2026-10-08,2022-04-22,99.24306915
2026-10-08,2022-04-23,99.06800986
2026-10-08,2022-04-24,98.89325937
2026-10-08,2022-04-25,98.41863461
2026-10-08,2022-04-26,97.78445078
2026-10-08,2022-04-27,97.06627477
2026-10-08,2022-04-28,96.36126359
2026-10-08,2022-04-29,96.97866969
2026-10-08,2022-04-30,96.80760468
2026-10-08,2022-05-01,96.67976838
2026-10-08,2022-05-02,96.19798993
2026-10-08,2022-05-03,96.50795353
2026-10-08,2022-05-04,96.81688573
2026-10-08,2022-05-05,96.26505027
2026-10-08,2022-05-06,96.67528175
2026-10-08,2022-05-07,96.54762018
2026-10-08,2022-05-08,96.4201272
2026-10-08,2022-05-09,96.72952074
2026-10-08,2022-05-10,96.5674492
2026-10-08,2022-05-11,96.39870424
2026-10-08,2022-05-12,95.03650953
2026-10-08,2022-05-13,95.30421339
2026-10-08,2022-05-14,95.17836234
2026-10-08,2022-05-15,95.05267749
2026-10-08,2022-05-16,95.54050535
2026-10-08,2022-05-17,96.62031995
2026-10-08,2022-05-18,96.49273096
2026-10-08,2022-05-19,97.19053996
2026-10-08,2022-05-20,96.63638969
2026-10-08,2022-05-21,96.50877948
2026-10-08,2022-05-22,96.38133778
2026-10-08,2022-05-23,97.89219753
2026-10-08,2022-05-24,98.31501756
2026-10-08,2022-05-25,98.18519069
2026-10-08,2022-05-26,98.16507103
2026-10-08,2022-05-27,98.17786481
2026-10-08,2022-05-28,98.04821905
2026-10-08,2022-05-29,97.9187445
2026-10-08,2022-05-30,98.77025908
2026-10-08,2022-05-31,98.3745366
2026-10-08,2022-06-01,97.56096274
2026-10-08,2022-06-02,98.37543234
2026-10-08,2022-06-03,98.17434129
2026-10-08,2022-06-04,98.03226665
2026-10-08,2022-06-05,97.89039761
2026-10-08,2022-06-06,97.91399261
2026-10-08,2022-06-07,97.87184885
2026-10-08,2022-06-08,98.07875329
2026-10-08,2022-06-09,97.35102334
2026-10-08,2022-06-10,96.24802952
2026-10-08,2022-06-11,96.10874258
2026-10-08,2022-06-12,95.9696572
2026-10-08,2022-06-13,95.58253118
2026-10-08,2022-06-14,95.34408651
2026-10-08,2022-06-15,95.3432427
2026-10-08,2022-06-16,96.86821945
2026-10-08,2022-06-17,96.72803498
2026-10-08,2022-06-18,96.58805339
2026-10-08,2022-06-19,96.44827437
2026-10-08,2022-06-20,96.30869763
2026-10-08,2022-06-21,96.36289687
2026-10-08,2022-06-22,96.72927087
2026-10-08,2022-06-23,96.15293877
2026-10-08,2022-06-24,96.40565078
2026-10-08,2022-06-25,96.26613573
2026-10-08,2022-06-26,96.12682258
2026-10-08,2022-06-27,96.82618777
2026-10-08,2022-06-28,96.25257451
2026-10-08,2022-06-29,95.50386196
2026-10-08,2022-06-30,95.79389414
2026-10-08,2022-07-01,95.10550215
2026-10-08,2022-07-02,94.89021861
2026-10-08,2022-07-03,94.67542239
2026-10-08,2022-07-04,94.93780449
2026-10-08,2022-07-05,93.34455034
2026-10-08,2022-07-06,92.72747836
2026-10-08,2022-07-07,92.3419996
2026-10-08,2022-07-08,92.38947924
2026-10-08,2022-07-09,92.18034376
2026-10-08,2022-07-10,91.97168169
2026-10-08,2022-07-11,91.30934749
2026-10-08,2022-07-12,91.17466232
2026-10-08,2022-07-13,91.17755049
2026-10-08,2022-07-14,90.63770675
2026-10-08,2022-07-15,91.17009809
2026-10-08,2022-07-16,90.96372284
2026-10-08,2022-07-17,90.75781474
2026-10-08,2022-07-18,91.70482721
2026-10-08,2022-07-19,92.40980755
2026-10-08,2022-07-20,91.6951592
2026-10-08,2022-07-21,91.83642753
2026-10-08,2022-07-22,92.13805327
2026-10-08,2022-07-23,91.92948693
2026-10-08,2022-07-24,91.72139271
2026-10-08,2022-07-25,91.89837294
2026-10-08,2022-07-26,91.02401722
2026-10-08,2022-07-27,91.05869964
2026-10-08,2022-07-28,91.24979403
2026-10-08,2022-07-29,91.60492215
2026-10-08,2022-07-30,91.39756262
2026-10-08,2022-07-31,91.19067248
2026-10-08,2022-08-01,91.87906125
2026-10-08,2022-08-02,91.21421637
2026-10-08,2022-08-03,90.96151453
2026-10-08,2022-08-04,91.64874592
2026-10-08,2022-08-05,91.1386754
2026-10-08,2022-08-06,90.95851798
2026-10-08,2022-08-07,90.77871668
2026-10-08,2022-08-08,91.27753398
2026-10-08,2022-08-09,91.37752128
2026-10-08,2022-08-10,92.24514945
2026-10-08,2022-08-11,92.23177243
2026-10-08,2022-08-12,91.75915805
2026-10-08,2022-08-13,91.5777741
2026-10-08,2022-08-14,91.39674869
2026-10-08,2022-08-15,91.21608112
2026-10-08,2022-08-16,90.7691879
2026-10-08,2022-08-17,90.7325561
2026-10-08,2022-08-18,89.88662195
2026-10-08,2022-08-19,89.59647307
2026-10-08,2022-08-20,89.41936417
2026-10-08,2022-08-21,89.24260538
2026-10-08,2022-08-22,88.36791611
2026-10-08,2022-08-23,88.69600924
2026-10-08,2022-08-24,88.6588527
2026-10-08,2022-08-25,88.68936964
2026-10-08,2022-08-26,88.7162143
2026-10-08,2022-08-27,88.54084545
2026-10-08,2022-08-28,88.36582326
2026-10-08,2022-08-29,88.90810863
2026-10-08,2022-08-30,89.00972515
2026-10-08,2022-08-31,89.22189455
2026-10-08,2022-09-01,88.41924459
2026-10-08,2022-09-02,88.27782309
2026-10-08,2022-09-03,88.13662779
2026-10-08,2022-09-04,87.99565832
2026-10-08,2022-09-05,88.44892557
2026-10-08,2022-09-06,88.18978273
2026-10-08,2022-09-07,89.03642867
2026-10-08,2022-09-08,89.13282429
2026-10-08,2022-09-09,89.54541389
2026-10-08,2022-09-10,89.40219115
2026-10-08,2022-09-11,89.25919748
2026-10-08,2022-09-12,90.47849964
2026-10-08,2022-09-13,89.23768833
2026-10-08,2022-09-14,89.2734819
2026-10-08,2022-09-15,89.41081685
2026-10-08,2022-09-16,89.4493899
2026-10-08,2022-09-17,89.30632074
2026-10-08,2022-09-18,89.16348042
2026-10-08,2022-09-19,89.6645788
2026-10-08,2022-09-20,89.32112148
2026-10-08,2022-09-21,88.14022153
2026-10-08,2022-09-22,88.24392588
2026-10-08,2022-09-23,86.91841041
2026-10-08,2022-09-24,86.77938941
2026-10-08,2022-09-25,86.64059076
2026-10-08,2022-09-26,86.19082367
2026-10-08,2022-09-27,86.09166114
2026-10-08,2022-09-28,87.39980743
2026-10-08,2022-09-29,87.83393305
2026-10-08,2022-09-30,87.99523797
2026-10-08,2022-10-01,87.8624677
2026-10-08,2022-10-02,87.72989775
2026-10-08,2022-10-03,88.15661701
2026-10-08,2022-10-04,89.84055224
2026-10-08,2022-10-05,88.9790197
2026-10-08,2022-10-06,88.50376612
2026-10-08,2022-10-07,88.37022856
2026-10-08,2022-10-08,88.23689249
2026-10-08,2022-10-09,88.1037576
2026-10-08,2022-10-10,87.97082359
2026-10-08,2022-10-11,88.11879713
2026-10-08,2022-10-12,87.63844659
2026-10-08,2022-10-13,88.60678774
2026-10-08,2022-10-14,88.06531297
2026-10-08,2022-10-15,87.93243696
2026-10-08,2022-10-16,87.79976145
2026-10-08,2022-10-17,89.22495129
2026-10-08,2022-10-18,89.34982287
2026-10-08,2022-10-19,88.64456416
2026-10-08,2022-10-20,88.88314919
2026-10-08,2022-10-21,89.27433703
2026-10-08,2022-10-22,89.13963681
2026-10-08,2022-10-23,89.00513983
2026-10-08,2022-10-24,89.85663938
2026-10-08,2022-10-25,90.74689592
2026-10-08,2022-10-26,91.85708715
2026-10-08,2022-10-27,90.90204927
2026-10-08,2022-10-28,90.68730989
2026-10-08,2022-10-29,90.55047773
2026-10-08,2022-10-30,90.41385202
2026-10-08,2022-10-31,90.27743246
2026-10-08,2022-11-01,90.29798867
2026-10-08,2022-11-02,90.73730897
2026-10-08,2022-11-03,89.1280978
2026-10-08,2022-11-04,90.80626497
2026-10-08,2022-11-05,90.65911955
2026-10-08,2022-11-06,90.51221257
2026-10-08,2022-11-07,91.913957
2026-10-08,2022-11-08,92.538754
2026-10-08,2022-11-09,92.01751114
2026-10-08,2022-11-10,93.1736333
2026-10-08,2022-11-11,95.01211189
2026-10-08,2022-11-12,94.85815118
2026-10-08,2022-11-13,94.70443995
2026-10-08,2022-11-14,95.121996
2026-10-08,2022-11-15,95.62781236
2026-10-08,2022-11-16,95.65133288
2026-10-08,2022-11-17,95.36524023
2026-10-08,2022-11-18,95.27866222
2026-10-08,2022-11-19,95.12426958
2026-10-08,2022-11-20,94.97012713
2026-10-08,2022-11-21,94.81623445
2026-10-08,2022-11-22,95.09234645
2026-10-08,2022-11-23,95.77558033
2026-10-08,2022-11-24,96.25112317
2026-10-08,2022-11-25,96.25141132
2026-10-08,2022-11-26,96.09544242
2026-10-08,2022-11-27,95.93972624
2026-10-08,2022-11-28,96.08129214
2026-10-08,2022-11-29,95.82699111
2026-10-08,2022-11-30,95.64181836
2026-10-08,2022-12-01,97.54689041
2026-10-08,2022-12-02,97.92950123
2026-10-08,2022-12-03,97.76052159
2026-10-08,2022-12-04,97.59183352
2026-10-08,2022-12-05,97.75493401
2026-10-08,2022-12-06,97.60897939
2026-10-08,2022-12-07,98.03043328
2026-10-08,2022-12-08,97.86127948
2026-10-08,2022-12-09,97.69241755
2026-10-08,2022-12-10,97.52384699
2026-10-08,2022-12-11,97.35556731
2026-10-08,2022-12-12,98.18690047
2026-10-08,2022-12-13,99.02469856
2026-10-08,2022-12-14,99.3276095
2026-10-08,2022-12-15,98.83917692
2026-10-08,2022-12-16,98.92068021
2026-10-08,2022-12-17,98.74999026
2026-10-08,2022-12-18,98.57959484
2026-10-08,2022-12-19,99.1088976
2026-10-08,2022-12-20,99.18193305
2026-10-08,2022-12-21,98.91140346
2026-10-08,2022-12-22,98.75175877
2026-10-08,2022-12-23,99.08300515
2026-10-08,2022-12-24,98.91203511
2026-10-08,2022-12-25,98.74136008
2026-10-08,2022-12-26,99.17535986
2026-10-08,2022-12-27,99.24049319
2026-10-08,2022-12-28,99.20088302
2026-10-08,2022-12-29,99.7191814
2026-10-08,2022-12-30,100.0039379
2026-10-08,2022-12-31,99.83137877
2026-10-08,2023-01-01,99.63638893
2026-10-08,2023-01-02,99.56786276
2026-10-08,2023-01-03,98.3986604
2026-10-08,2023-01-04,98.96874789
2026-10-08,2023-01-05,98.22146977
2026-10-08,2023-01-06,99.18778809
2026-10-08,2023-01-07,98.9940553
2026-10-08,2023-01-08,98.80070092
2026-10-08,2023-01-09,100.122168
2026-10-08,2023-01-10,99.92925943
2026-10-08,2023-01-11,100.0154052
2026-10-08,2023-01-12,100.9347731
2026-10-08,2023-01-13,100.709307
2026-10-08,2023-01-14,100.5126024
2026-10-08,2023-01-15,100.316282
2026-10-08,2023-01-16,100.4946012
2026-10-08,2023-01-17,100.1792422
2026-10-08,2023-01-18,100.2796479
2026-10-08,2023-01-19,100.4244524
2026-10-08,2023-01-20,100.7208051
2026-10-08,2023-01-21,100.524078
2026-10-08,2023-01-22,100.3277352
2026-10-08,2023-01-23,100.7823634
2026-10-08,2023-01-24,100.9548646
2026-10-08,2023-01-25,101.0915451
2026-10-08,2023-01-26,100.7092367
2026-10-08,2023-01-27,100.6790868
2026-10-08,2023-01-28,100.4824412
2026-10-08,2023-01-29,100.2861797
2026-10-08,2023-01-30,100.5377743
2026-10-08,2023-01-31,100.9595346
2026-10-08,2023-02-01,101.0567505
2026-10-08,2023-02-02,100.9528465
2026-10-08,2023-02-03,100.196183
2026-10-08,2023-02-04,99.99548669
2026-10-08,2023-02-05,99.79519241
2026-10-08,2023-02-06,99.13605858
2026-10-08,2023-02-07,99.59632438
2026-10-08,2023-02-08,99.28301185
2026-10-08,2023-02-09,99.44784876
2026-10-08,2023-02-10,98.67447034
2026-10-08,2023-02-11,98.47682211
2026-10-08,2023-02-12,98.27956977
2026-10-08,2023-02-13,99.12284037
2026-10-08,2023-02-14,99.2569909
2026-10-08,2023-02-15,98.63058895
2026-10-08,2023-02-16,98.88528157
2026-10-08,2023-02-17,98.7697145
2026-10-08,2023-02-18,98.57187548
2026-10-08,2023-02-19,98.37443275
2026-10-08,2023-02-20,98.1773855
2026-10-08,2023-02-21,97.98073294
2026-10-08,2023-02-22,98.20406418
2026-10-08,2023-02-23,97.80955672
2026-10-08,2023-02-24,97.42905824
2026-10-08,2023-02-25,97.23390461
2026-10-08,2023-02-26,97.03914187
2026-10-08,2023-02-27,97.91195998
2026-10-08,2023-02-28,97.92157915
2026-10-08,2023-03-01,98.46041659
2026-10-08,2023-03-02,97.63774245
2026-10-08,2023-03-03,98.03215771
2026-10-08,2023-03-04,97.82707986
2026-10-08,2023-03-05,97.62243101
2026-10-08,2023-03-06,98.49212502
2026-10-08,2023-03-07,97.38477728
2026-10-08,2023-03-08,97.11908579
2026-10-08,2023-03-09,97.39087928
2026-10-08,2023-03-10,98.23193349
2026-10-08,2023-03-11,98.02643771
2026-10-08,2023-03-12,97.82137183
2026-10-08,2023-03-13,98.80101885
2026-10-08,2023-03-14,98.65095444
2026-10-08,2023-03-15,97.03781286
2026-10-08,2023-03-16,97.36572062
2026-10-08,2023-03-17,98.07032668
2026-10-08,2023-03-18,97.86516898
2026-10-08,2023-03-19,97.66044046
2026-10-08,2023-03-20,98.42145134
2026-10-08,2023-03-21,98.90107629
2026-10-08,2023-03-22,99.50124631
2026-10-08,2023-03-23,99.8079071
2026-10-08,2023-03-24,99.59911448
2026-10-08,2023-03-25,99.39075864
2026-10-08,2023-03-26,99.18283867
2026-10-08,2023-03-27,99.084863
2026-10-08,2023-03-28,99.46331462
2026-10-08,2023-03-29,99.56671904
2026-10-08,2023-03-30,99.96461314
2026-10-08,2023-03-31,99.55274769
2026-10-08,2023-04-01,99.30640177
2026-10-08,2023-04-02,99.06066544
2026-10-08,2023-04-03,99.7700977
2026-10-08,2023-04-04,100.2758961
2026-10-08,2023-04-05,99.80624934
2026-10-08,2023-04-06,99.55927612
2026-10-08,2023-04-07,99.31291405
2026-10-08,2023-04-08,99.0671616
2026-10-08,2023-04-09,98.82201727
2026-10-08,2023-04-10,99.18825119
2026-10-08,2023-04-11,99.60733562
2026-10-08,2023-04-12,100.3597597
2026-10-08,2023-04-13,100.8279134
2026-10-08,2023-04-14,100.2007323
2026-10-08,2023-04-15,99.95278287
2026-10-08,2023-04-16,99.70544705
2026-10-08,2023-04-17,99.44056538
2026-10-08,2023-04-18,99.87007332
2026-10-08,2023-04-19,99.79807505
2026-10-08,2023-04-20,99.87561806
2026-10-08,2023-04-21,99.97541904
2026-10-08,2023-04-22,99.7280272
2026-10-08,2023-04-23,99.48124755
2026-10-08,2023-04-24,100.5716778
2026-10-08,2023-04-25,99.94015601
2026-10-08,2023-04-26,100.62879
2026-10-08,2023-04-27,100.4379006
2026-10-08,2023-04-28,100.5053685
2026-10-08,2023-04-29,100.2566653
2026-10-08,2023-04-30,100.0085775
2026-10-08,2023-05-01,99.7684267
2026-10-08,2023-05-02,100.1907442
2026-10-08,2023-05-03,100.8416303
2026-10-08,2023-05-04,100.3674472
2026-10-08,2023-05-05,100.2975649
2026-10-08,2023-05-06,100.0567202
2026-10-08,2023-05-07,99.8164538
2026-10-08,2023-05-08,100.211127
2026-10-08,2023-05-09,99.70060782
2026-10-08,2023-05-10,99.69381326
2026-10-08,2023-05-11,99.16318752
2026-10-08,2023-05-12,98.46709622
2026-10-08,2023-05-13,98.230647
2026-10-08,2023-05-14,97.99476556
2026-10-08,2023-05-15,98.60776812
2026-10-08,2023-05-16,98.45999784
2026-10-08,2023-05-17,98.239885
2026-10-08,2023-05-18,97.50610544
2026-10-08,2023-05-19,98.02453278
2026-10-08,2023-05-20,97.78914629
2026-10-08,2023-05-21,97.55432503
2026-10-08,2023-05-22,97.98002148
2026-10-08,2023-05-23,97.6236304
2026-10-08,2023-05-24,97.53041432
2026-10-08,2023-05-25,97.29621436
2026-10-08,2023-05-26,97.06257678
2026-10-08,2023-05-27,96.82950023
2026-10-08,2023-05-28,96.59698337
2026-10-08,2023-05-29,96.97952241
2026-10-08,2023-05-30,97.02650591
2026-10-08,2023-05-31,96.5950102
2026-10-08,2023-06-01,97.61689231
2026-10-08,2023-06-02,97.19044945
2026-10-08,2023-06-03,97.01148832
2026-10-08,2023-06-04,96.83285671
2026-10-08,2023-06-05,97.34396854
2026-10-08,2023-06-06,97.21049447
2026-10-08,2023-06-07,97.25848646
2026-10-08,2023-06-08,98.18687641
2026-10-08,2023-06-09,97.9241046
2026-10-08,2023-06-10,97.74379255
2026-10-08,2023-06-11,97.56381252
2026-10-08,2023-06-12,98.18356757
2026-10-08,2023-06-13,98.43210071
2026-10-08,2023-06-14,98.92859852
2026-10-08,2023-06-15,99.9912274
2026-10-08,2023-06-16,100.2033812
2026-10-08,2023-06-17,100.0188722
2026-10-08,2023-06-18,99.83470299
2026-10-08,2023-06-19,99.65087287
2026-10-08,2023-06-20,99.46738125
2026-10-08,2023-06-21,100.5784759
2026-10-08,2023-06-22,100.5271293
2026-10-08,2023-06-23,99.9139987
2026-10-08,2023-06-24,99.73002257
2026-10-08,2023-06-25,99.54638521
2026-10-08,2023-06-26,100.1199575
2026-10-08,2023-06-27,100.66832
2026-10-08,2023-06-28,100.3056549
2026-10-08,2023-06-29,99.85380426
2026-10-08,2023-06-30,100.2410592
2026-10-08,2023-07-01,100.0394602
2026-10-08,2023-07-02,99.83826673
2026-10-08,2023-07-03,100.0757364
2026-10-08,2023-07-04,100.2887037
2026-10-08,2023-07-05,99.84153817
2026-10-08,2023-07-06,100.1796434
2026-10-08,2023-07-07,100.9912677
2026-10-08,2023-07-08,100.78816
2026-10-08,2023-07-09,100.5854607
2026-10-08,2023-07-10,101.2178464
2026-10-08,2023-07-11,101.3849842
2026-10-08,2023-07-12,102.6514937
2026-10-08,2023-07-13,103.3354884
2026-10-08,2023-07-14,103.594383
2026-10-08,2023-07-15,103.38604
2026-10-08,2023-07-16,103.178116
2026-10-08,2023-07-17,103.6863955
2026-10-08,2023-07-18,103.6145577
2026-10-08,2023-07-19,103.3467426
2026-10-08,2023-07-20,102.7903418
2026-10-08,2023-07-21,102.8329787
2026-10-08,2023-07-22,102.626167
2026-10-08,2023-07-23,102.4197713
2026-10-08,2023-07-24,102.3213027
2026-10-08,2023-07-25,102.0273913
2026-10-08,2023-07-26,102.511244
2026-10-08,2023-07-27,101.7899134
2026-10-08,2023-07-28,102.0398066
2026-10-08,2023-07-29,101.8345901
2026-10-08,2023-07-30,101.6297863
2026-10-08,2023-07-31,101.8239663
2026-10-08,2023-08-01,101.4374808
2026-10-08,2023-08-02,101.363005
2026-10-08,2023-08-03,101.2250621
2026-10-08,2023-08-04,102.0636338
2026-10-08,2023-08-05,101.6960517
2026-10-08,2023-08-06,101.3297934
2026-10-08,2023-08-07,102.1799709
2026-10-08,2023-08-08,101.7352021
2026-10-08,2023-08-09,101.8839681
2026-10-08,2023-08-10,101.9001269
2026-10-08,2023-08-11,101.6254464
2026-10-08,2023-08-12,101.2594425
2026-10-08,2023-08-13,100.8947567
2026-10-08,2023-08-14,122.0968732
2026-10-08,2023-08-15,121.68567
2026-10-08,2023-08-16,120.9080616
2026-10-08,2023-08-17,120.173864
2026-10-08,2023-08-18,119.9284807
2026-10-08,2023-08-19,119.4965584
2026-10-08,2023-08-20,119.0661916
2026-10-08,2023-08-21,118.6373748
2026-10-08,2023-08-22,117.9275631
2026-10-08,2023-08-23,117.6219525
2026-10-08,2023-08-24,116.7295184
2026-10-08,2023-08-25,116.1487671
2026-10-08,2023-08-26,115.7304574
2026-10-08,2023-08-27,115.3136543
2026-10-08,2023-08-28,114.9341976
2026-10-08,2023-08-29,115.2148577
2026-10-08,2023-08-30,115.3067544
2026-10-08,2023-08-31,114.1444722
2026-10-08,2023-09-01,113.0415929
2026-10-08,2023-09-02,112.6024113
2026-10-08,2023-09-03,112.1649359
2026-10-08,2023-09-04,111.8215504
2026-10-08,2023-09-05,110.6545025
2026-10-08,2023-09-06,110.2759866
2026-10-08,2023-09-07,109.5247497
2026-10-08,2023-09-08,109.1808086
2026-10-08,2023-09-09,108.7566266
2026-10-08,2023-09-10,108.3340927
2026-10-08,2023-09-11,108.3062716
2026-10-08,2023-09-12,107.8854873
2026-10-08,2023-09-13,107.4870434
2026-10-08,2023-09-14,105.9681641
2026-10-08,2023-09-15,105.893895
2026-10-08,2023-09-16,105.4824831
2026-10-08,2023-09-17,105.0726697
2026-10-08,2023-09-18,104.8312052
2026-10-08,2023-09-19,104.3894648
2026-10-08,2023-09-20,104.1647719
2026-10-08,2023-09-21,103.400799
2026-10-08,2023-09-22,102.8978787
2026-10-08,2023-09-23,102.4981067
2026-10-08,2023-09-24,102.0998879
2026-10-08,2023-09-25,101.1685894
2026-10-08,2023-09-26,100.5139215
2026-10-08,2023-09-27,99.43199078
2026-10-08,2023-09-28,99.56938126
2026-10-08,2023-09-29,99.27636451
2026-10-08,2023-09-30,98.89066261
2026-10-08,2023-10-01,98.6393935
2026-10-08,2023-10-02,97.76480206
2026-10-08,2023-10-03,97.28410111
2026-10-08,2023-10-04,97.32885695
2026-10-08,2023-10-05,97.43279862
2026-10-08,2023-10-06,97.66489709
2026-10-08,2023-10-07,97.41674249
2026-10-08,2023-10-08,97.16921843
2026-10-08,2023-10-09,96.6843648
2026-10-08,2023-10-10,96.70344247
2026-10-08,2023-10-11,96.49415401
2026-10-08,2023-10-12,95.64485255
2026-10-08,2023-10-13,95.40183064
2026-10-08,2023-10-14,95.15942622
2026-10-08,2023-10-15,94.91763772
2026-10-08,2023-10-16,94.67646358
2026-10-08,2023-10-17,94.77231985
2026-10-08,2023-10-18,94.37050365
2026-10-08,2023-10-19,94.52739699
2026-10-08,2023-10-20,94.25163096
2026-10-08,2023-10-21,94.01214906
2026-10-08,2023-10-22,93.77327565
2026-10-08,2023-10-23,94.17946938
2026-10-08,2023-10-24,93.2445134
2026-10-08,2023-10-25,92.8892873
2026-10-08,2023-10-26,92.43834778
2026-10-08,2023-10-27,92.36077228
2026-10-08,2023-10-28,92.12609482
2026-10-08,2023-10-29,91.89201364
2026-10-08,2023-10-30,92.01409538
2026-10-08,2023-10-31,91.49925793
2026-10-08,2023-11-01,90.88710619
2026-10-08,2023-11-02,91.18830579
2026-10-08,2023-11-03,91.76293684
2026-10-08,2023-11-04,91.3780475
2026-10-08,2023-11-05,90.99477254
2026-10-08,2023-11-06,90.61310518
2026-10-08,2023-11-07,89.69481936
2026-10-08,2023-11-08,89.55677431
2026-10-08,2023-11-09,89.16448
2026-10-08,2023-11-10,88.58313208
2026-10-08,2023-11-11,88.21158008
2026-10-08,2023-11-12,87.8415865
2026-10-08,2023-11-13,87.60419074
2026-10-08,2023-11-14,88.71837089
2026-10-08,2023-11-15,88.90979986
2026-10-08,2023-11-16,88.72765083
2026-10-08,2023-11-17,88.71671309
2026-10-08,2023-11-18,88.3446008
2026-10-08,2023-11-19,87.97404929
2026-10-08,2023-11-20,87.60505201
2026-10-08,2023-11-21,87.97219963
2026-10-08,2023-11-22,87.3969206
2026-10-08,2023-11-23,87.35268167
2026-10-08,2023-11-24,87.42438534
2026-10-08,2023-11-25,87.05769357
2026-10-08,2023-11-26,86.69253984
2026-10-08,2023-11-27,86.61144033
2026-10-08,2023-11-28,86.80276898
2026-10-08,2023-11-29,86.47225177
2026-10-08,2023-11-30,85.5535825
2026-10-08,2023-12-01,84.99744115
2026-10-08,2023-12-02,84.38208094
2026-10-08,2023-12-03,83.77117578
2026-10-08,2023-12-04,83.05366829
2026-10-08,2023-12-05,82.34083325
2026-10-08,2023-12-06,81.81150048
2026-10-08,2023-12-07,86.19903986
2026-10-08,2023-12-08,85.57498037
2026-10-08,2023-12-09,84.95543892
2026-10-08,2023-12-10,84.34038279
2026-10-08,2023-12-11,79.09355605
2026-10-08,2023-12-12,78.95022906
2026-10-08,2023-12-13,171.0349371
2026-10-08,2023-12-14,173.3955203
2026-10-08,2023-12-15,170.7821011
2026-10-08,2023-12-16,169.5456814
2026-10-08,2023-12-17,168.3182131
2026-10-08,2023-12-18,167.6733757
2026-10-08,2023-12-19,167.3052548
2026-10-08,2023-12-20,165.9351525
2026-10-08,2023-12-21,165.287626
2026-10-08,2023-12-22,164.6366199
2026-10-08,2023-12-23,163.4446919
2026-10-08,2023-12-24,162.2613933
2026-10-08,2023-12-25,161.0866614
2026-10-08,2023-12-26,160.6288473
2026-10-08,2023-12-27,160.5578802
2026-10-08,2023-12-28,159.05876
2026-10-08,2023-12-29,157.7766251
2026-10-08,2023-12-30,156.6343618
2026-10-08,2023-12-31,155.5003682
2026-10-08,2024-01-01,154.5453303
2026-10-08,2024-01-02,152.5331257
2026-10-08,2024-01-03,151.1309111
2026-10-08,2024-01-04,150.8510974
2026-10-08,2024-01-05,149.9347652
2026-10-08,2024-01-06,149.0139096
2026-10-08,2024-01-07,148.0987097
2026-10-08,2024-01-08,147.748603
2026-10-08,2024-01-09,146.5339475
2026-10-08,2024-01-10,146.1765687
2026-10-08,2024-01-11,145.1691084
2026-10-08,2024-01-12,144.3705033
2026-10-08,2024-01-13,143.4838218
2026-10-08,2024-01-14,142.6025861
2026-10-08,2024-01-15,141.9657564
2026-10-08,2024-01-16,140.1098016
2026-10-08,2024-01-17,139.3472176
2026-10-08,2024-01-18,138.4653488
2026-10-08,2024-01-19,138.1175049
2026-10-08,2024-01-20,137.2692275
2026-10-08,2024-01-21,136.42616
2026-10-08,2024-01-22,135.944337
2026-10-08,2024-01-23,134.3974998
2026-10-08,2024-01-24,134.5541396
2026-10-08,2024-01-25,133.0152902
2026-10-08,2024-01-26,132.5837911
2026-10-08,2024-01-27,131.7695001
2026-10-08,2024-01-28,130.9602104
2026-10-08,2024-01-29,129.8002512
2026-10-08,2024-01-30,129.4035954
2026-10-08,2024-01-31,128.8485083
2026-10-08,2024-02-01,128.6860263
2026-10-08,2024-02-02,127.1631488
2026-10-08,2024-02-03,126.6458334
2026-10-08,2024-02-04,126.1306226
2026-10-08,2024-02-05,125.3620011
2026-10-08,2024-02-06,125.0669124
2026-10-08,2024-02-07,124.8255742
2026-10-08,2024-02-08,124.4816511
2026-10-08,2024-02-09,124.2179254
2026-10-08,2024-02-10,123.7125916
2026-10-08,2024-02-11,123.2093136
2026-10-08,2024-02-12,122.7080829
2026-10-08,2024-02-13,122.2088913
2026-10-08,2024-02-14,121.469826
2026-10-08,2024-02-15,121.4124443
2026-10-08,2024-02-16,121.170852
2026-10-08,2024-02-17,120.6779141
2026-10-08,2024-02-18,120.1869815
2026-10-08,2024-02-19,119.9194859
2026-10-08,2024-02-20,119.9022398
2026-10-08,2024-02-21,119.4700922
2026-10-08,2024-02-22,119.173044
2026-10-08,2024-02-23,118.8280685
2026-10-08,2024-02-24,118.3446613
2026-10-08,2024-02-25,117.8632207
2026-10-08,2024-02-26,117.8389272
2026-10-08,2024-02-27,117.4943187
2026-10-08,2024-02-28,116.9595202
2026-10-08,2024-02-29,116.1335002
2026-10-08,2024-03-01,116.2197516
2026-10-08,2024-03-02,115.8569698
2026-10-08,2024-03-03,115.4953205
2026-10-08,2024-03-04,115.5632939
2026-10-08,2024-03-05,115.3603022
2026-10-08,2024-03-06,115.5344572
2026-10-08,2024-03-07,115.6012628
2026-10-08,2024-03-08,115.3190627
2026-10-08,2024-03-09,114.9590924
2026-10-08,2024-03-10,114.6002458
2026-10-08,2024-03-11,114.2984879
2026-10-08,2024-03-12,113.9462724
2026-10-08,2024-03-13,114.1202403
2026-10-08,2024-03-14,113.093361
2026-10-08,2024-03-15,112.785931
2026-10-08,2024-03-16,112.433868
2026-10-08,2024-03-17,112.0829039
2026-10-08,2024-03-18,111.8414329
2026-10-08,2024-03-19,111.4961264
2026-10-08,2024-03-20,111.281103
2026-10-08,2024-03-21,110.8799757
2026-10-08,2024-03-22,110.0689104
2026-10-08,2024-03-23,109.7253285
2026-10-08,2024-03-24,109.3828192
2026-10-08,2024-03-25,109.5360476
2026-10-08,2024-03-26,109.1974135
2026-10-08,2024-03-27,108.9364351
2026-10-08,2024-03-28,108.5963883
2026-10-08,2024-03-29,108.257403
2026-10-08,2024-03-30,107.9194758
2026-10-08,2024-03-31,107.5826035
2026-10-08,2024-04-01,107.3002966
2026-10-08,2024-04-02,107.0187304
2026-10-08,2024-04-03,107.2398162
2026-10-08,2024-04-04,107.2872826
2026-10-08,2024-04-05,106.8734551
2026-10-08,2024-04-06,106.593009
2026-10-08,2024-04-07,106.3132989
2026-10-08,2024-04-08,106.4736631
2026-10-08,2024-04-09,106.1774408
2026-10-08,2024-04-10,104.9933343
2026-10-08,2024-04-11,104.5347271
2026-10-08,2024-04-12,103.6024272
2026-10-08,2024-04-13,103.3305647
2026-10-08,2024-04-14,103.0594155
2026-10-08,2024-04-15,102.7928384
2026-10-08,2024-04-16,102.4663435
2026-10-08,2024-04-17,102.816253
2026-10-08,2024-04-18,102.4034618
2026-10-08,2024-04-19,102.3588821
2026-10-08,2024-04-20,102.0902827
2026-10-08,2024-04-21,101.8223881
2026-10-08,2024-04-22,101.6516151
2026-10-08,2024-04-23,101.9189506
2026-10-08,2024-04-24,101.6052655
2026-10-08,2024-04-25,101.7677394
2026-10-08,2024-04-26,101.2853317
2026-10-08,2024-04-27,101.0195494
2026-10-08,2024-04-28,100.7544645
2026-10-08,2024-04-29,100.9164943
2026-10-08,2024-04-30,100.2761489
2026-10-08,2024-05-01,100.1508012
2026-10-08,2024-05-02,100.5626421
2026-10-08,2024-05-03,100.9159831
2026-10-08,2024-05-04,100.7898355
2026-10-08,2024-05-05,100.6638457
2026-10-08,2024-05-06,100.8032305
2026-10-08,2024-05-07,100.5474488
2026-10-08,2024-05-08,100.4236389
2026-10-08,2024-05-09,100.6632647
2026-10-08,2024-05-10,100.5664219
2026-10-08,2024-05-11,100.4407114
2026-10-08,2024-05-12,100.315158
2026-10-08,2024-05-13,100.5184258
2026-10-08,2024-05-14,100.77647
2026-10-08,2024-05-15,101.2751727
2026-10-08,2024-05-16,101.121972
2026-10-08,2024-05-17,101.0804491
2026-10-08,2024-05-18,100.954096
2026-10-08,2024-05-19,100.8279008
2026-10-08,2024-05-20,100.845518
2026-10-08,2024-05-21,100.6741097
2026-10-08,2024-05-22,100.4472443
2026-10-08,2024-05-23,100.137249
2026-10-08,2024-05-24,100.4477638
2026-10-08,2024-05-25,100.3222015
2026-10-08,2024-05-26,100.1967962
2026-10-08,2024-05-27,100.4549409
2026-10-08,2024-05-28,100.3940566
2026-10-08,2024-05-29,99.80708981
2026-10-08,2024-05-30,99.96868674
2026-10-08,2024-05-31,100.0758352
2026-10-08,2024-06-01,99.93376533
2026-10-08,2024-06-02,99.79189709
2026-10-08,2024-06-03,100.20368
2026-10-08,2024-06-04,100.0154783
2026-10-08,2024-06-05,99.89342875
2026-10-08,2024-06-06,99.92546287
2026-10-08,2024-06-07,99.08764215
2026-10-08,2024-06-08,98.94697509
2026-10-08,2024-06-09,98.80650773
2026-10-08,2024-06-10,98.59232743
2026-10-08,2024-06-11,98.28766626
2026-10-08,2024-06-12,98.89732688
2026-10-08,2024-06-13,98.00880155
2026-10-08,2024-06-14,97.63087267
2026-10-08,2024-06-15,97.49227368
2026-10-08,2024-06-16,97.35387144
2026-10-08,2024-06-17,97.21566568
2026-10-08,2024-06-18,97.57513471
2026-10-08,2024-06-19,97.78769124
2026-10-08,2024-06-20,97.64886962
2026-10-08,2024-06-21,97.51024508
2026-10-08,2024-06-22,97.37181733
2026-10-08,2024-06-23,97.23358609
2026-10-08,2024-06-24,97.03064765
2026-10-08,2024-06-25,96.84679448
2026-10-08,2024-06-26,96.65974754
2026-10-08,2024-06-27,96.73819485
2026-10-08,2024-06-28,96.7531891
2026-10-08,2024-06-29,96.61583608
2026-10-08,2024-06-30,96.47867805
2026-10-08,2024-07-01,96.68838585
2026-10-08,2024-07-02,96.71636204
2026-10-08,2024-07-03,97.0501976
2026-10-08,2024-07-04,97.28368483
2026-10-08,2024-07-05,97.51523694
2026-10-08,2024-07-06,97.39026128
2026-10-08,2024-07-07,97.26544579
2026-10-08,2024-07-08,97.22062763
2026-10-08,2024-07-09,97.09602954
2026-10-08,2024-07-10,96.99650108
2026-10-08,2024-07-11,97.27416173
2026-10-08,2024-07-12,97.71106332
2026-10-08,2024-07-13,97.58583669
2026-10-08,2024-07-14,97.46077055
2026-10-08,2024-07-15,97.38703202
2026-10-08,2024-07-16,97.28811009
2026-10-08,2024-07-17,97.57308249
2026-10-08,2024-07-18,97.38299494
2026-10-08,2024-07-19,97.27174622
2026-10-08,2024-07-20,97.14708262
2026-10-08,2024-07-21,97.02257879
2026-10-08,2024-07-22,96.84712133
2026-10-08,2024-07-23,96.45528197
2026-10-08,2024-07-24,96.36450404
2026-10-08,2024-07-25,96.51955938
2026-10-08,2024-07-26,96.61360521
2026-10-08,2024-07-27,96.48978508
2026-10-08,2024-07-28,96.36612365
2026-10-08,2024-07-29,95.97510255
2026-10-08,2024-07-30,95.79721015
2026-10-08,2024-07-31,95.54354621
2026-10-08,2024-08-01,95.40922337
2026-10-08,2024-08-02,96.55379469
2026-10-08,2024-08-03,96.43074067
2026-10-08,2024-08-04,96.30784347
2026-10-08,2024-08-05,96.60698463
2026-10-08,2024-08-06,96.35772279
2026-10-08,2024-08-07,96.19088327
2026-10-08,2024-08-08,96.04037796
2026-10-08,2024-08-09,96.19317722
2026-10-08,2024-08-10,96.07058279
2026-10-08,2024-08-11,95.9481446
2026-10-08,2024-08-12,95.9822375
2026-10-08,2024-08-13,96.35692217
2026-10-08,2024-08-14,96.59225641
2026-10-08,2024-08-15,96.18737166
2026-10-08,2024-08-16,96.64459205
2026-10-08,2024-08-17,96.5214223
2026-10-08,2024-08-18,96.39840954
2026-10-08,2024-08-19,96.85257739
2026-10-08,2024-08-20,97.11235441
2026-10-08,2024-08-21,97.41531178
2026-10-08,2024-08-22,96.92280932
2026-10-08,2024-08-23,97.80671691
2026-10-08,2024-08-24,97.68206608
2026-10-08,2024-08-25,97.55757412
2026-10-08,2024-08-26,97.45546805
2026-10-08,2024-08-27,97.38457342
2026-10-08,2024-08-28,96.54857471
2026-10-08,2024-08-29,96.37785018
2026-10-08,2024-08-30,96.23811629
2026-10-08,2024-08-31,96.11546458
2026-10-08,2024-09-01,96.00323135
2026-10-08,2024-09-02,95.98826619
2026-10-08,2024-09-03,95.56250219
2026-10-08,2024-09-04,95.88896279
2026-10-08,2024-09-05,96.14050694
2026-10-08,2024-09-06,96.18947823
2026-10-08,2024-09-07,96.07715857
2026-10-08,2024-09-08,95.96497007
2026-10-08,2024-09-09,95.53960593
2026-10-08,2024-09-10,95.17963249
2026-10-08,2024-09-11,95.10084898
2026-10-08,2024-09-12,95.47307725
2026-10-08,2024-09-13,95.76113478
2026-10-08,2024-09-14,95.6493153
2026-10-08,2024-09-15,95.53762639
2026-10-08,2024-09-16,95.78775861
2026-10-08,2024-09-17,95.62429827
2026-10-08,2024-09-18,96.1434457
2026-10-08,2024-09-19,95.93663554
2026-10-08,2024-09-20,95.99771239
2026-10-08,2024-09-21,95.88561666
2026-10-08,2024-09-22,95.77365182
2026-10-08,2024-09-23,95.37685261
2026-10-08,2024-09-24,95.68336449
2026-10-08,2024-09-25,95.6042562
2026-10-08,2024-09-26,95.81182015
2026-10-08,2024-09-27,95.69385683
2026-10-08,2024-09-28,95.58211591
2026-10-08,2024-09-29,95.47050546
2026-10-08,2024-09-30,95.31416443
2026-10-08,2024-10-01,94.54885669
2026-10-08,2024-10-02,94.38187327
2026-10-08,2024-10-03,94.3289651
2026-10-08,2024-10-04,93.84786249
2026-10-08,2024-10-05,93.77798014
2026-10-08,2024-10-06,93.70814983
2026-10-08,2024-10-07,93.84556043
2026-10-08,2024-10-08,93.71590111
2026-10-08,2024-10-09,93.39529211
2026-10-08,2024-10-10,93.44145481
2026-10-08,2024-10-11,93.37187509
2026-10-08,2024-10-12,93.30234718
2026-10-08,2024-10-13,93.23287104
2026-10-08,2024-10-14,93.13049426
2026-10-08,2024-10-15,92.93784742
2026-10-08,2024-10-16,92.72818793
2026-10-08,2024-10-17,92.39910887
2026-10-08,2024-10-18,92.92048414
2026-10-08,2024-10-19,92.85129234
2026-10-08,2024-10-20,92.78215208
2026-10-08,2024-10-21,92.28207258
2026-10-08,2024-10-22,92.14080394
2026-10-08,2024-10-23,91.87564375
2026-10-08,2024-10-24,92.28881171
2026-10-08,2024-10-25,92.27050286
2026-10-08,2024-10-26,92.20179507
2026-10-08,2024-10-27,92.13313844
2026-10-08,2024-10-28,92.1793295
2026-10-08,2024-10-29,92.10613907
2026-10-08,2024-10-30,92.64216745
2026-10-08,2024-10-31,92.72605248
2026-10-08,2024-11-01,92.52169951
2026-10-08,2024-11-02,92.43758283
2026-10-08,2024-11-03,92.35354263
2026-10-08,2024-11-04,92.71232297
2026-10-08,2024-11-05,93.11725067
2026-10-08,2024-11-06,93.03259255
2026-10-08,2024-11-07,91.9397243
2026-10-08,2024-11-08,91.23160382
2026-10-08,2024-11-09,91.14866004
2026-10-08,2024-11-10,91.06579167
2026-10-08,2024-11-11,90.53857452
2026-10-08,2024-11-12,90.1701031
2026-10-08,2024-11-13,89.78490332
2026-10-08,2024-11-14,89.68023179
2026-10-08,2024-11-15,89.76550671
2026-10-08,2024-11-16,89.68389585
2026-10-08,2024-11-17,89.60235918
2026-10-08,2024-11-18,89.52089664
2026-10-08,2024-11-19,89.73862185
2026-10-08,2024-11-20,89.3116486
2026-10-08,2024-11-21,88.99049001
2026-10-08,2024-11-22,88.50042274
2026-10-08,2024-11-23,88.41996204
2026-10-08,2024-11-24,88.33957448
2026-10-08,2024-11-25,88.84375842
2026-10-08,2024-11-26,88.70711273
2026-10-08,2024-11-27,89.5426493
2026-10-08,2024-11-28,89.33630094
2026-10-08,2024-11-29,89.62035272
2026-10-08,2024-11-30,89.53887382
2026-10-08,2024-12-01,89.47207811
2026-10-08,2024-12-02,88.80797789
2026-10-08,2024-12-03,89.09703271
2026-10-08,2024-12-04,89.11681989
2026-10-08,2024-12-05,89.34795407
2026-10-08,2024-12-06,89.35589601
2026-10-08,2024-12-07,89.2892368
2026-10-08,2024-12-08,89.22262731
2026-10-08,2024-12-09,89.34532428
2026-10-08,2024-12-10,88.84922109
2026-10-08,2024-12-11,88.65757285
2026-10-08,2024-12-12,88.79814891
2026-10-08,2024-12-13,88.83713263
2026-10-08,2024-12-14,88.77086042
2026-10-08,2024-12-15,88.70463764
2026-10-08,2024-12-16,88.93909082
2026-10-08,2024-12-17,88.68447176
2026-10-08,2024-12-18,88.50231211
2026-10-08,2024-12-19,87.53359094
2026-10-08,2024-12-20,88.17203063
2026-10-08,2024-12-21,88.10625458
2026-10-08,2024-12-22,88.04052759
2026-10-08,2024-12-23,88.03820284
2026-10-08,2024-12-24,87.97252663
2026-10-08,2024-12-25,87.9068994
2026-10-08,2024-12-26,88.03664733
2026-10-08,2024-12-27,88.22652678
2026-10-08,2024-12-28,88.16071008
2026-10-08,2024-12-29,88.09494247
2026-10-08,2024-12-30,87.83527831
2026-10-08,2024-12-31,87.76975348
2026-10-08,2025-01-01,87.7000536
2026-10-08,2025-01-02,86.57632222
2026-10-08,2025-01-03,87.0378642
2026-10-08,2025-01-04,86.96874553
2026-10-08,2025-01-05,86.89968174
2026-10-08,2025-01-06,87.59804109
2026-10-08,2025-01-07,87.38528165
2026-10-08,2025-01-08,86.86081364
2026-10-08,2025-01-09,86.79128312
2026-10-08,2025-01-10,86.43386581
2026-10-08,2025-01-11,86.36522679
2026-10-08,2025-01-12,86.29664227
2026-10-08,2025-01-13,86.06745285
2026-10-08,2025-01-14,86.66303159
2026-10-08,2025-01-15,86.66896917
2026-10-08,2025-01-16,86.6843275
2026-10-08,2025-01-17,86.6384644
2026-10-08,2025-01-18,86.5696629
2026-10-08,2025-01-19,86.50091603
2026-10-08,2025-01-20,87.54098679
2026-10-08,2025-01-21,87.79972009
2026-10-08,2025-01-22,87.78008172
2026-10-08,2025-01-23,87.90385117
2026-10-08,2025-01-24,88.51594673
2026-10-08,2025-01-25,88.44565428
2026-10-08,2025-01-26,88.37541765
2026-10-08,2025-01-27,88.238003
2026-10-08,2025-01-28,87.69685219
2026-10-08,2025-01-29,87.6184505
2026-10-08,2025-01-30,87.55688048
2026-10-08,2025-01-31,87.61209396
2026-10-08,2025-02-01,87.55116079
2026-10-08,2025-02-02,87.49026999
2026-10-08,2025-02-03,86.30741439
2026-10-08,2025-02-04,87.08669756
2026-10-08,2025-02-05,87.42428262
2026-10-08,2025-02-06,87.03200557
2026-10-08,2025-02-07,86.58423242
2026-10-08,2025-02-08,86.5240141
2026-10-08,2025-02-09,86.46383767
2026-10-08,2025-02-10,86.36457232
2026-10-08,2025-02-11,86.59746165
2026-10-08,2025-02-12,87.25211415
2026-10-08,2025-02-13,87.24046682
2026-10-08,2025-02-14,87.91542353
2026-10-08,2025-02-15,87.85427939
2026-10-08,2025-02-16,87.79317778
2026-10-08,2025-02-17,87.5977405
2026-10-08,2025-02-18,87.21558656
2026-10-08,2025-02-19,86.88341679
2026-10-08,2025-02-20,87.48973466
2026-10-08,2025-02-21,87.31109304
2026-10-08,2025-02-22,87.2503692
2026-10-08,2025-02-23,87.1896876
2026-10-08,2025-02-24,87.24121416
2026-10-08,2025-02-25,87.47147016
2026-10-08,2025-02-26,87.34797732
2026-10-08,2025-02-27,86.62924047
2026-10-08,2025-02-28,86.65602209
2026-10-08,2025-03-01,86.57079233
2026-10-08,2025-03-02,86.4856464
2026-10-08,2025-03-03,86.40058422
2026-10-08,2025-03-04,86.3156057
2026-10-08,2025-03-05,89.44048817
2026-10-08,2025-03-06,89.45636231
2026-10-08,2025-03-07,89.91774928
2026-10-08,2025-03-08,89.82931148
2026-10-08,2025-03-09,89.74096067
2026-10-08,2025-03-10,89.47843541
2026-10-08,2025-03-11,90.324451
2026-10-08,2025-03-12,90.03390926
2026-10-08,2025-03-13,89.52930586
2026-10-08,2025-03-14,89.7897705
2026-10-08,2025-03-15,89.70145858
2026-10-08,2025-03-16,89.61323351
2026-10-08,2025-03-17,89.78835592
2026-10-08,2025-03-18,90.04625825
2026-10-08,2025-03-19,89.47004555
2026-10-08,2025-03-20,89.04095694
2026-10-08,2025-03-21,88.93072274
2026-10-08,2025-03-22,88.84325573
2026-10-08,2025-03-23,88.75587474
2026-10-08,2025-03-24,88.66857969
2026-10-08,2025-03-25,88.4874171
2026-10-08,2025-03-26,87.98324882
2026-10-08,2025-03-27,88.21566746
2026-10-08,2025-03-28,88.46875791
2026-10-08,2025-03-29,88.38174525
2026-10-08,2025-03-30,88.29481817
2026-10-08,2025-03-31,88.21643647
2026-10-08,2025-04-01,88.01833803
2026-10-08,2025-04-02,87.95456539
2026-10-08,2025-04-03,89.80114796
2026-10-08,2025-04-04,89.15960038
2026-10-08,2025-04-05,89.09500086
2026-10-08,2025-04-06,89.03044815
2026-10-08,2025-04-07,88.90903262
2026-10-08,2025-04-08,88.82462729
2026-10-08,2025-04-09,89.19222886
2026-10-08,2025-04-10,91.06379863
2026-10-08,2025-04-11,91.71578622
2026-10-08,2025-04-12,91.64933465
2026-10-08,2025-04-13,91.58293122
2026-10-08,2025-04-14,102.1362344
2026-10-08,2025-04-15,101.5835818
2026-10-08,2025-04-16,96.91463996
2026-10-08,2025-04-17,96.84442162
2026-10-08,2025-04-18,96.77425416
2026-10-08,2025-04-19,96.70413753
2026-10-08,2025-04-20,96.63407171
2026-10-08,2025-04-21,94.21320593
2026-10-08,2025-04-22,94.46916727
2026-10-08,2025-04-23,98.14087168
2026-10-08,2025-04-24,99.58631288
2026-10-08,2025-04-25,99.22865664
2026-10-08,2025-04-26,99.1567617
2026-10-08,2025-04-27,99.08491886
2026-10-08,2025-04-28,99.94314993
2026-10-08,2025-04-29,98.65597747
2026-10-08,2025-04-30,98.65115169
2026-10-08,2025-05-01,98.60201896
2026-10-08,2025-05-02,98.55291071
2026-10-08,2025-05-03,98.50382691
2026-10-08,2025-05-04,98.45476756
2026-10-08,2025-05-05,100.5020076
2026-10-08,2025-05-06,100.5158301
2026-10-08,2025-05-07,94.35109106
2026-10-08,2025-05-08,92.56639267
2026-10-08,2025-05-09,94.6499719
2026-10-08,2025-05-10,94.60283194
2026-10-08,2025-05-11,94.55571546
2026-10-08,2025-05-12,92.65404823
2026-10-08,2025-05-13,92.88215219
2026-10-08,2025-05-14,93.45557153
2026-10-08,2025-05-15,93.76983464
2026-10-08,2025-05-16,93.83368056
2026-10-08,2025-05-17,93.78694715
2026-10-08,2025-05-18,93.74023702
2026-10-08,2025-05-19,94.31699452
2026-10-08,2025-05-20,94.76379392
2026-10-08,2025-05-21,95.63036051
2026-10-08,2025-05-22,94.04766416
2026-10-08,2025-05-23,94.59300012
2026-10-08,2025-05-24,94.54588854
2026-10-08,2025-05-25,94.49880042
2026-10-08,2025-05-26,95.41941317
2026-10-08,2025-05-27,96.04132331
2026-10-08,2025-05-28,95.96863428
2026-10-08,2025-05-29,98.61118986
2026-10-08,2025-05-30,98.78732354
2026-10-08,2025-05-31,98.738123
2026-10-08,2025-06-01,98.69523352
2026-10-08,2025-06-02,98.5559948
2026-10-08,2025-06-03,98.42457502
2026-10-08,2025-06-04,98.92209994
2026-10-08,2025-06-05,99.48569387
2026-10-08,2025-06-06,98.58528265
2026-10-08,2025-06-07,98.54245956
2026-10-08,2025-06-08,98.49965507
2026-10-08,2025-06-09,98.63989825
2026-10-08,2025-06-10,98.89692481
2026-10-08,2025-06-11,98.967486
2026-10-08,2025-06-12,99.82248402
2026-10-08,2025-06-13,99.3201208
2026-10-08,2025-06-14,99.27697851
2026-10-08,2025-06-15,99.23385496
2026-10-08,2025-06-16,99.19075015
2026-10-08,2025-06-17,96.76306525
2026-10-08,2025-06-18,95.50241952
2026-10-08,2025-06-19,96.7866818
2026-10-08,2025-06-20,96.74463997
2026-10-08,2025-06-21,96.70261641
2026-10-08,2025-06-22,96.66061111
2026-10-08,2025-06-23,98.16435559
2026-10-08,2025-06-24,98.89124762
2026-10-08,2025-06-25,100.4084049
2026-10-08,2025-06-26,100.9019904
2026-10-08,2025-06-27,100.6352003
2026-10-08,2025-06-28,100.5914867
2026-10-08,2025-06-29,100.5477922
2026-10-08,2025-06-30,102.3961373
2026-10-08,2025-07-01,103.9195476
2026-10-08,2025-07-02,104.5585062
2026-10-08,2025-07-03,104.3019656
2026-10-08,2025-07-04,105.1980392
2026-10-08,2025-07-05,105.1349192
2026-10-08,2025-07-06,105.0718371
2026-10-08,2025-07-07,106.4139732
2026-10-08,2025-07-08,105.7552511
2026-10-08,2025-07-09,105.6917968
2026-10-08,2025-07-10,105.3130451
2026-10-08,2025-07-11,105.8583305
2026-10-08,2025-07-12,105.7948144
2026-10-08,2025-07-13,105.7313363
2026-10-08,2025-07-14,106.9150128
2026-10-08,2025-07-15,104.5770867
2026-10-08,2025-07-16,105.0122126
2026-10-08,2025-07-17,105.5029115
2026-10-08,2025-07-18,106.8370284
2026-10-08,2025-07-19,106.772925
2026-10-08,2025-07-20,106.70886
2026-10-08,2025-07-21,106.3145782
2026-10-08,2025-07-22,105.1748024
2026-10-08,2025-07-23,105.4314014
2026-10-08,2025-07-24,106.5708731
2026-10-08,2025-07-25,106.8853698
2026-10-08,2025-07-26,106.8212374
2026-10-08,2025-07-27,106.7571435
2026-10-08,2025-07-28,106.6282485
2026-10-08,2025-07-29,105.7678044
2026-10-08,2025-07-30,107.1284062
2026-10-08,2025-07-31,111.2151631
2026-10-08,2025-08-01,111.398191
2026-10-08,2025-08-02,111.3367095
2026-10-08,2025-08-03,111.2752618
2026-10-08,2025-08-04,111.3302197
2026-10-08,2025-08-05,109.5665224
2026-10-08,2025-08-06,109.6330664
2026-10-08,2025-08-07,108.9702424
2026-10-08,2025-08-08,109.0842978
2026-10-08,2025-08-09,109.0240933
2026-10-08,2025-08-10,108.9639221
2026-10-08,2025-08-11,108.1560923
2026-10-08,2025-08-12,108.2851353
2026-10-08,2025-08-13,108.1514446
2026-10-08,2025-08-14,106.4271279
2026-10-08,2025-08-15,106.3683899
2026-10-08,2025-08-16,106.3096844
2026-10-08,2025-08-17,106.2510112
2026-10-08,2025-08-18,105.8383771
2026-10-08,2025-08-19,105.6665234
2026-10-08,2025-08-20,106.4213076
2026-10-08,2025-08-21,107.0187599
2026-10-08,2025-08-22,108.5764159
2026-10-08,2025-08-23,108.5164917
2026-10-08,2025-08-24,108.4566006
2026-10-08,2025-08-25,110.9135219
2026-10-08,2025-08-26,110.3193532
2026-10-08,2025-08-27,109.6800709
2026-10-08,2025-08-28,108.7537885
2026-10-08,2025-08-29,109.5118943
2026-10-08,2025-08-30,109.4514538
2026-10-08,2025-08-31,109.3910467
2026-10-08,2025-09-01,111.8302188
2026-10-08,2025-09-02,110.2738273
2026-10-08,2025-09-03,110.403198
2026-10-08,2025-09-04,110.2037134
2026-10-08,2025-09-05,110.344265
2026-10-08,2025-09-06,110.272125
2026-10-08,2025-09-07,110.2000323
2026-10-08,2025-09-08,114.6829024
2026-10-08,2025-09-09,114.8941364
2026-10-08,2025-09-10,115.3568636
2026-10-08,2025-09-11,116.2373232
2026-10-08,2025-09-12,117.8849066
2026-10-08,2025-09-13,117.8078369
2026-10-08,2025-09-14,117.7308174
2026-10-08,2025-09-15,119.1721587
2026-10-08,2025-09-16,120.2088816
2026-10-08,2025-09-17,120.66136
2026-10-08,2025-09-18,119.6989754
2026-10-08,2025-09-19,119.2958118
2026-10-08,2025-09-20,119.2178196
2026-10-08,2025-09-21,119.1398784
2026-10-08,2025-09-22,114.0986531
2026-10-08,2025-09-23,110.9972909
2026-10-08,2025-09-24,107.702587
2026-10-08,2025-09-25,106.8678142
2026-10-08,2025-09-26,106.2917557
2026-10-08,2025-09-27,106.2222652
2026-10-08,2025-09-28,106.1528201
2026-10-08,2025-09-29,109.0080959
2026-10-08,2025-09-30,110.7934526
2026-10-08,2025-10-01,113.9157389
2026-10-08,2025-10-02,113.8711484
2026-10-08,2025-10-03,113.9689365
2026-10-08,2025-10-04,113.8917998
2026-10-08,2025-10-05,113.8147154
2026-10-08,2025-10-06,113.9627189
2026-10-08,2025-10-07,113.417994
2026-10-08,2025-10-08,112.7491444
2026-10-08,2025-10-09,111.4894902
2026-10-08,2025-10-10,111.4140317
2026-10-08,2025-10-11,111.3386243
2026-10-08,2025-10-12,111.2632679
2026-10-08,2025-10-13,105.7564882
2026-10-08,2025-10-14,106.8688838
2026-10-08,2025-10-15,108.5537851
2026-10-08,2025-10-16,110.7878157
2026-10-08,2025-10-17,114.2486163
2026-10-08,2025-10-18,114.1712903
2026-10-08,2025-10-19,114.0940167
2026-10-08,2025-10-20,115.7737858
2026-10-08,2025-10-21,116.5396808
2026-10-08,2025-10-22,116.4338211
2026-10-08,2025-10-23,115.5337841
2026-10-08,2025-10-24,116.6309076
2026-10-08,2025-10-25,116.5519692
2026-10-08,2025-10-26,116.4730843
2026-10-08,2025-10-27,112.0534661
2026-10-08,2025-10-28,114.9453411
2026-10-08,2025-10-29,112.0086832
2026-10-08,2025-10-30,111.3569804
2026-10-08,2025-10-31,111.4268825
2026-10-08,2025-11-01,111.3252999
2026-10-08,2025-11-02,111.2238098
2026-10-08,2025-11-03,114.0172093
2026-10-08,2025-11-04,111.315138
2026-10-08,2025-11-05,111.0316658
2026-10-08,2025-11-06,110.9304434
2026-10-08,2025-11-07,108.95537
2026-10-08,2025-11-08,108.8560405
2026-10-08,2025-11-09,108.7568015
2026-10-08,2025-11-10,108.8822009
2026-10-08,2025-11-11,108.5268431
2026-10-08,2025-11-12,108.3511683
2026-10-08,2025-11-13,108.3316346
2026-10-08,2025-11-14,107.6497153
2026-10-08,2025-11-15,107.5515761
2026-10-08,2025-11-16,107.4535264
2026-10-08,2025-11-17,105.9393662
2026-10-08,2025-11-18,106.6781611
2026-10-08,2025-11-19,106.678006
2026-10-08,2025-11-20,107.9451807
2026-10-08,2025-11-21,107.8467722
2026-10-08,2025-11-22,107.7484533
2026-10-08,2025-11-23,107.6502241
2026-10-08,2025-11-24,107.5520845
2026-10-08,2025-11-25,109.6429864
2026-10-08,2025-11-26,110.1110712
2026-10-08,2025-11-27,109.7647176
2026-10-08,2025-11-28,109.8443704
2026-10-08,2025-11-29,109.7442304
2026-10-08,2025-11-30,109.6441818
2026-10-08,2025-12-01,109.7212396
2026-10-08,2025-12-02,109.7696709
2026-10-08,2025-12-03,110.1109441
2026-10-08,2025-12-04,109.2143767
2026-10-08,2025-12-05,108.3300703
2026-10-08,2025-12-06,108.2382775
2026-10-08,2025-12-07,108.1465625
2026-10-08,2025-12-08,108.0549252
2026-10-08,2025-12-09,108.294354
2026-10-08,2025-12-10,108.1990182
2026-10-08,2025-12-11,108.8837539
2026-10-08,2025-12-12,109.0959953
2026-10-08,2025-12-13,109.0035535
2026-10-08,2025-12-14,108.9111901
2026-10-08,2025-12-15,108.6116194
2026-10-08,2025-12-16,109.6210194
2026-10-08,2025-12-17,109.4257004
2026-10-08,2025-12-18,109.0352467
2026-10-08,2025-12-19,108.8677752
2026-10-08,2025-12-20,108.7755268
2026-10-08,2025-12-21,108.6833566
2026-10-08,2025-12-22,109.093649
2026-10-08,2025-12-23,109.0558466
2026-10-08,2025-12-24,108.9634388
2026-10-08,2025-12-25,108.8711094
2026-10-08,2025-12-26,108.8913105
2026-10-08,2025-12-27,108.7990421
2026-10-08,2025-12-28,108.706852
2026-10-08,2025-12-29,108.766122
2026-10-08,2025-12-30,108.5801969
2026-10-08,2025-12-31,108.4881922
2026-10-08,2026-01-01,108.3687936
2026-10-08,2026-01-02,109.4854798
2026-10-08,2026-01-03,109.3649837
2026-10-08,2026-01-04,109.2446201
2026-10-08,2026-01-05,108.6061321
2026-10-08,2026-01-06,108.1911564
2026-10-08,2026-01-07,107.3819349
2026-10-08,2026-01-08,107.2447188
2026-10-08,2026-01-09,107.0066767
2026-10-08,2026-01-10,106.8889086
2026-10-08,2026-01-11,106.7712701
2026-10-08,2026-01-12,107.1664112
2026-10-08,2026-01-13,106.0821373
2026-10-08,2026-01-14,105.6835467
2026-10-08,2026-01-15,104.3627842
2026-10-08,2026-01-16,103.3273917
2026-10-08,2026-01-17,103.2136729
2026-10-08,2026-01-18,103.1000793
2026-10-08,2026-01-19,103.7650619
2026-10-08,2026-01-20,104.3984078
2026-10-08,2026-01-21,103.7356446
2026-10-08,2026-01-22,103.9295391
2026-10-08,2026-01-23,104.4680726
2026-10-08,2026-01-24,104.3530985
2026-10-08,2026-01-25,104.2382508
2026-10-08,2026-01-26,105.2301187
2026-10-08,2026-01-27,106.3945892
2026-10-08,2026-01-28,106.0695345
2026-10-08,2026-01-29,106.0770202
2026-10-08,2026-01-30,105.3978586
2026-10-08,2026-01-31,105.2818611
2026-10-08,2026-02-01,105.1989744
2026-10-08,2026-02-02,104.7762961
2026-10-08,2026-02-03,104.4833534
2026-10-08,2026-02-04,104.3325155
2026-10-08,2026-02-05,103.8982781
2026-10-08,2026-02-06,103.236301
2026-10-08,2026-02-07,103.1550247
2026-10-08,2026-02-08,103.0738124
2026-10-08,2026-02-09,102.6261028
2026-10-08,2026-02-10,101.7099678
2026-10-08,2026-02-11,101.1196346
2026-10-08,2026-02-12,100.5013041
2026-10-08,2026-02-13,100.8310267
2026-10-08,2026-02-14,100.7516441
2026-10-08,2026-02-15,100.672324
2026-10-08,2026-02-16,100.5930663
2026-10-08,2026-02-17,100.513871
2026-10-08,2026-02-18,99.59305549
2026-10-08,2026-02-19,98.68017285
2026-10-08,2026-02-20,97.79586412
2026-10-08,2026-02-21,97.71887102
2026-10-08,2026-02-22,97.64193853
2026-10-08,2026-02-23,97.34007314
2026-10-08,2026-02-24,97.85689267
2026-10-08,2026-02-25,99.26675003
2026-10-08,2026-02-26,99.56459462
2026-10-08,2026-02-27,99.04426165
2026-10-08,2026-02-28,98.9662857
2026-10-08,2026-03-01,98.9004715
2026-10-08,2026-03-02,97.77442982
2026-10-08,2026-03-03,98.16199845
2026-10-08,2026-03-04,97.39296205
2026-10-08,2026-03-05,97.43520378
2026-10-08,2026-03-06,98.06089189
2026-10-08,2026-03-07,97.99567979
2026-10-08,2026-03-08,97.93051105
2026-10-08,2026-03-09,97.72192514
2026-10-08,2026-03-10,97.08709908
2026-10-08,2026-03-11,96.13879959
2026-10-08,2026-03-12,95.57351411
2026-10-08,2026-03-13,95.20430488
2026-10-08,2026-03-14,95.14099246
2026-10-08,2026-03-15,95.07772213
2026-10-08,2026-03-16,95.18191738
2026-10-08,2026-03-17,95.49929294
2026-10-08,2026-03-18,95.15866829
2026-10-08,2026-03-19,95.43495293
2026-10-08,2026-03-20,95.09792244
2026-10-08,2026-03-21,95.03468076
2026-10-08,2026-03-22,94.97148113
2026-10-08,2026-03-23,94.90832354
2026-10-08,2026-03-24,94.84520794
2026-10-08,2026-03-25,94.0503288
2026-10-08,2026-03-26,92.92041446
2026-10-08,2026-03-27,93.73703317
2026-10-08,2026-03-28,93.6746965
2026-10-08,2026-03-29,93.61240129
2026-10-08,2026-03-30,94.13068
2026-10-08,2026-03-31,93.64892148
2026-10-08,2026-04-01,94.84747826
2026-10-08,2026-04-02,94.79898669
2026-10-08,2026-04-03,94.75051992
2026-10-08,2026-04-04,94.70207793
2026-10-08,2026-04-05,94.65366071
2026-10-08,2026-04-06,94.12959699
2026-10-08,2026-04-07,94.35736538
2026-10-08,2026-04-08,94.74147366
2026-10-08,2026-04-09,94.57236719
2026-10-08,2026-04-10,93.83514993
2026-10-08,2026-04-11,93.78717593
2026-10-08,2026-04-12,93.73922645
2026-10-08,2026-04-13,92.69188965
2026-10-08,2026-04-14,93.82981153
2026-10-08,2026-04-15,93.4143037
2026-10-08,2026-04-16,93.14754071
2026-10-08,2026-04-17,93.70442481
2026-10-08,2026-04-18,93.65651764
2026-10-08,2026-04-19,93.60863497
2026-10-08,2026-04-20,94.33782533
2026-10-08,2026-04-21,93.87519051
2026-10-08,2026-04-22,93.70963781
2026-10-08,2026-04-23,94.46786389
2026-10-08,2026-04-24,95.09879322
2026-10-08,2026-04-25,95.05017317
2026-10-08,2026-04-26,95.00157798
2026-10-08,2026-04-27,96.22242431
2026-10-08,2026-04-28,95.25979059
2026-10-08,2026-04-29,94.07215218
2026-10-08,2026-04-30,94.35229894
2026-10-08,2026-05-01,94.29009861
2026-10-08,2026-05-02,94.22793929
2026-10-08,2026-05-03,94.16582094
2026-10-08,2026-05-04,94.59049318
2026-10-08,2026-05-05,93.94404893
2026-10-08,2026-05-06,93.9369433
2026-10-08,2026-05-07,94.42411995
2026-10-08,2026-05-08,94.70617888
2026-10-08,2026-05-09,94.64374526
2026-10-08,2026-05-10,94.58135281
2026-10-08,2026-05-11,94.10350476
2026-10-08,2026-05-12,93.18517289
2026-10-08,2026-05-13,93.43054843
2026-10-08,2026-05-14,93.07868918
2026-10-08,2026-05-15,92.84409538
2026-10-08,2026-05-16,92.78288931
2026-10-08,2026-05-17,92.7217236
2026-10-08,2026-05-18,93.00237312
2026-10-08,2026-05-19,92.72013696
2026-10-08,2026-05-20,92.64057622
2026-10-08,2026-05-21,92.17758778
2026-10-08,2026-05-22,92.8838416
2026-10-08,2026-05-23,92.82260933
2026-10-08,2026-05-24,92.76141743
2026-10-08,2026-05-25,92.70026587
2026-10-08,2026-05-26,93.24760918
2026-10-08,2026-05-27,93.3092767
2026-10-08,2026-05-28,93.29087289
2026-10-08,2026-05-29,93.16903406
2026-10-08,2026-05-30,93.10761378
2026-10-08,2026-05-31,93.046234
2026-10-08,2026-06-01,93.95593791
2026-10-08,2026-06-02,93.85520753
2026-10-08,2026-06-03,94.36243861
2026-10-08,2026-06-04,94.35620247
2026-10-08,2026-06-05,93.75958479
2026-10-08,2026-06-06,93.69812202
2026-10-08,2026-06-07,93.63669954
2026-10-08,2026-06-08,94.08738704
2026-10-08,2026-06-09,93.74125497
2026-10-08,2026-06-10,93.17560304
2026-10-08,2026-06-11,93.09034587
2026-10-08,2026-06-12,92.92976685
2026-10-08,2026-06-13,92.86884806
2026-10-08,2026-06-14,92.80796919
2026-10-08,2026-06-15,92.74713024
2026-10-08,2026-06-16,93.54413015
2026-10-08,2026-06-17,93.28313164
2026-10-08,2026-06-18,93.13753148
2026-10-08,2026-06-19,93.82423408
2026-10-08,2026-06-20,93.76272893
2026-10-08,2026-06-21,93.70126409
2026-10-08,2026-06-22,93.29638219
2026-10-08,2026-06-23,93.47069895
2026-10-08,2026-06-24,93.65451718
2026-10-08,2026-06-25,93.64769732
2026-10-08,2026-06-26,93.68504498
2026-10-08,2026-06-27,93.62363107
2026-10-08,2026-06-28,93.56225743
2026-10-08,2026-06-29,94.13174627
2026-10-08,2026-06-30,94.05238186
2026-10-08,2026-07-01,94.10031128
2026-10-08,2026-07-02,94.40121542
2026-10-08,2026-07-03,94.44995676
2026-10-08,2026-07-04,94.3926684
2026-10-08,2026-07-05,94.33541479
2026-10-08,2026-07-06,94.11860323
2026-10-08,2026-07-07,94.33524757
2026-10-08,2026-07-08,93.95945169
2026-10-08,2026-07-09,93.90246084
2026-10-08,2026-07-10,93.84550456
2026-10-08,2026-07-11,93.78858283
2026-10-08,2026-07-12,93.73169562
2026-10-08,2026-07-13,93.02752414
2026-10-08,2026-07-14,92.6123489
2026-10-08,2026-07-15,93.15891235
2026-10-08,2026-07-16,92.88037121
2026-10-08,2026-07-17,92.93355705
2026-10-08,2026-07-18,92.87718845
2026-10-08,2026-07-19,92.82085405
2026-10-08,2026-07-20,92.79838379
2026-10-08,2026-07-21,92.44997432
2026-10-08,2026-07-22,92.76222758
2026-10-08,2026-07-23,92.77917079
2026-10-08,2026-07-24,93.2046764
2026-10-08,2026-07-25,93.14814336
2026-10-08,2026-07-26,93.09164461
2026-10-08,2026-07-27,93.05154515
2026-10-08,2026-07-28,93.20452021
2026-10-08,2026-07-29,93.31764085
2026-10-08,2026-07-30,93.62288128
2026-10-08,2026-07-31,93.3855505
2026-10-08,2026-08-01,93.34887588
2026-10-08,2026-08-02,93.31221566
2026-10-08,2026-08-03,93.65128077
2026-10-08,2026-08-04,93.85629742
2026-10-08,2026-08-05,94.11140085
2026-10-08,2026-08-06,93.99384699
2026-10-08,2026-08-07,94.19576627
2026-10-08,2026-08-08,94.15877345
2026-10-08,2026-08-09,94.15877345
2026-10-08,2026-08-10,93.83207583
2026-10-08,2026-08-11,93.47785241
2026-10-08,2026-08-12,93.39463905
2026-10-08,2026-08-13,93.49082715
2026-10-08,2026-08-14,93.47128903
2026-10-08,2026-08-15,93.43458073
2026-10-08,2026-08-16,93.43458073
2026-10-08,2026-08-17,93.43458073
2026-10-08,2026-08-18,93.99499744
2026-10-08,2026-08-19,94.811851
2026-10-08,2026-08-20,94.92568051
2026-10-08,2026-08-21,95.06400252
2026-10-08,2026-08-22,95.02666872
2026-10-08,2026-08-23,95.02666872
2026-10-08,2026-08-24,95.55190408
2026-10-08,2026-08-25,95.761665
2026-10-08,2026-08-26,95.73928927
2026-10-08,2026-08-27,95.58820019
2026-10-08,2026-08-28,94.99289207
2026-10-08,2026-08-29,94.9555862
2026-10-08,2026-08-30,94.9555862
2026-10-08,2026-08-31,95.02209128
2026-10-08,2026-09-01,95.07582027
2026-10-08,2026-09-02,94.93375406
2026-10-08,2026-09-03,95.12961433
2026-10-08,2026-09-04,94.90943503
2026-10-08,2026-09-05,94.85284079
2026-10-08,2026-09-06,94.7962803
2026-10-08,2026-09-07,95.06594139
2026-10-08,2026-09-08,95.09738894
2026-10-08,2026-09-09,95.2981734
2026-10-08,2026-09-10,95.11117328
2026-10-08,2026-09-11,94.64875419
2026-10-08,2026-09-12,94.64875419
2026-10-08,2026-09-13,94.59231539
2026-10-08,2026-09-14,94.13926981
2026-10-08,2026-09-15,93.92215786
2026-10-08,2026-09-16,94.27678945
2026-10-08,2026-09-17,93.63449621
2026-10-08,2026-09-18,93.95445678
2026-10-08,2026-09-19,93.95445678
2026-10-08,2026-09-20,93.89843199
2026-10-08,2026-09-21,93.68889401
2026-10-08,2026-09-22,93.46827653
2026-10-08,2026-09-23,93.21538513
2026-10-08,2026-09-24,93.21737392
2026-10-08,2026-09-25,93.7912854
2026-10-08,2026-09-26,93.7912854
2026-10-08,2026-09-27,93.73535791
2026-10-08,2026-09-28,93.4947866
2026-10-08,2026-09-29,92.90663295
2026-10-08,2026-09-30,92.69137255
2026-10-08,2026-10-01,92.23745142
2026-10-08,2026-10-02,92.21918827
2026-10-08,2026-10-03,92.21918827
2026-10-08,2026-10-04,92.21918827
2026-10-08,2026-10-05,91.83151101
2026-10-08,2026-10-06,92.20546499
2026-10-08,2026-10-07,91.50878953
