vintage,date,value
2026-10-08,1997-01-01,120.2416151
2026-10-08,1997-01-02,120.2574846
2026-10-08,1997-01-03,120.2617859
2026-10-08,1997-01-04,120.2892333
2026-10-08,1997-01-05,120.3166869
2026-10-08,1997-01-06,120.2631538
2026-10-08,1997-01-07,120.2906015
2026-10-08,1997-01-08,120.2255831
2026-10-08,1997-01-09,120.2645761
2026-10-08,1997-01-10,120.2920241
2026-10-08,1997-01-11,120.3194784
2026-10-08,1997-01-12,120.3469389
2026-10-08,1997-01-13,120.2819523
2026-10-08,1997-01-14,120.2978549
2026-10-08,1997-01-15,120.2214425
2026-10-08,1997-01-16,120.1681999
2026-10-08,1997-01-17,120.1725889
2026-10-08,1997-01-18,120.200016
2026-10-08,1997-01-19,120.2274492
2026-10-08,1997-01-20,120.3356122
2026-10-08,1997-01-21,120.3399963
2026-10-08,1997-01-22,120.3559221
2026-10-08,1997-01-23,120.3141852
2026-10-08,1997-01-24,120.3416446
2026-10-08,1997-01-25,120.3691102
2026-10-08,1997-01-26,120.396582
2026-10-08,1997-01-27,120.4240602
2026-10-08,1997-01-28,120.3477667
2026-10-08,1997-01-29,120.3176434
2026-10-08,1997-01-30,120.3105679
2026-10-08,1997-01-31,120.3150084
2026-10-08,1997-02-01,120.3199604
2026-10-08,1997-02-02,120.3249126
2026-10-08,1997-02-03,120.4220012
2026-10-08,1997-02-04,120.2773018
2026-10-08,1997-02-05,120.1903372
2026-10-08,1997-02-06,120.1952841
2026-10-08,1997-02-07,120.1313814
2026-10-08,1997-02-08,120.1363259
2026-10-08,1997-02-09,120.1412705
2026-10-08,1997-02-10,120.1806347
2026-10-08,1997-02-11,120.1855811
2026-10-08,1997-02-12,120.2020062
2026-10-08,1997-02-13,120.0350001
2026-10-08,1997-02-14,119.971294
2026-10-08,1997-02-15,119.9762319
2026-10-08,1997-02-16,119.98117
2026-10-08,1997-02-17,120.0433153
2026-10-08,1997-02-18,120.0024842
2026-10-08,1997-02-19,119.8817253
2026-10-08,1997-02-20,119.8980761
2026-10-08,1997-02-21,119.8573554
2026-10-08,1997-02-22,119.8622886
2026-10-08,1997-02-23,119.8672219
2026-10-08,1997-02-24,119.9063982
2026-10-08,1997-02-25,119.865679
2026-10-08,1997-02-26,119.7907975
2026-10-08,1997-02-27,119.8527301
2026-10-08,1997-02-28,119.8348548
2026-10-08,1997-03-01,119.8736273
2026-10-08,1997-03-02,119.9124124
2026-10-08,1997-03-03,119.939798
2026-10-08,1997-03-04,119.9329635
2026-10-08,1997-03-05,119.8577804
2026-10-08,1997-03-06,119.8737814
2026-10-08,1997-03-07,119.9239586
2026-10-08,1997-03-08,119.9627599
2026-10-08,1997-03-09,120.0015738
2026-10-08,1997-03-10,120.0289972
2026-10-08,1997-03-11,119.9766562
2026-10-08,1997-03-12,119.947161
2026-10-08,1997-03-13,119.8381759
2026-10-08,1997-03-14,119.9224005
2026-10-08,1997-03-15,119.9612013
2026-10-08,1997-03-16,120.0000147
2026-10-08,1997-03-17,119.5628558
2026-10-08,1997-03-18,119.4324045
2026-10-08,1997-03-19,119.4823113
2026-10-08,1997-03-20,119.4871718
2026-10-08,1997-03-21,119.469526
2026-10-08,1997-03-22,119.5081804
2026-10-08,1997-03-23,119.5468472
2026-10-08,1997-03-24,119.5742608
2026-10-08,1997-03-25,119.6580391
2026-10-08,1997-03-26,119.6967545
2026-10-08,1997-03-27,119.9955801
2026-10-08,1997-03-28,120.0344046
2026-10-08,1997-03-29,120.0732417
2026-10-08,1997-03-30,120.1120914
2026-10-08,1997-03-31,119.9809767
2026-10-08,1997-04-01,120.1766082
2026-10-08,1997-04-02,120.1795801
2026-10-08,1997-04-03,120.4325707
2026-10-08,1997-04-04,120.4241065
2026-10-08,1997-04-05,120.4725715
2026-10-08,1997-04-06,120.5210561
2026-10-08,1997-04-07,120.5695602
2026-10-08,1997-04-08,120.6066854
2026-10-08,1997-04-09,120.6324244
2026-10-08,1997-04-10,120.6695722
2026-10-08,1997-04-11,120.6611398
2026-10-08,1997-04-12,120.7097003
2026-10-08,1997-04-13,120.7582803
2026-10-08,1997-04-14,120.7156876
2026-10-08,1997-04-15,120.7300947
2026-10-08,1997-04-16,120.6876066
2026-10-08,1997-04-17,120.7361777
2026-10-08,1997-04-18,120.693756
2026-10-08,1997-04-19,120.7423296
2026-10-08,1997-04-20,120.7909228
2026-10-08,1997-04-21,120.7712838
2026-10-08,1997-04-22,120.7630483
2026-10-08,1997-04-23,120.8002835
2026-10-08,1997-04-24,120.8716437
2026-10-08,1997-04-25,120.9089114
2026-10-08,1997-04-26,120.9575716
2026-10-08,1997-04-27,121.0062514
2026-10-08,1997-04-28,121.0549507
2026-10-08,1997-04-29,121.092276
2026-10-08,1997-04-30,121.061282
2026-10-08,1997-05-01,121.0804969
2026-10-08,1997-05-02,121.0428125
2026-10-08,1997-05-03,121.0620244
2026-10-08,1997-05-04,121.0812395
2026-10-08,1997-05-05,121.0663255
2026-10-08,1997-05-06,121.0627936
2026-10-08,1997-05-07,121.047898
2026-10-08,1997-05-08,121.0671108
2026-10-08,1997-05-09,120.9613782
2026-10-08,1997-05-10,120.9805773
2026-10-08,1997-05-11,120.9997794
2026-10-08,1997-05-12,120.9282316
2026-10-08,1997-05-13,120.9020928
2026-10-08,1997-05-14,120.8986253
2026-10-08,1997-05-15,120.9064872
2026-10-08,1997-05-16,120.9710063
2026-10-08,1997-05-17,120.9902068
2026-10-08,1997-05-18,121.0094105
2026-10-08,1997-05-19,120.9946012
2026-10-08,1997-05-20,120.9231755
2026-10-08,1997-05-21,120.8857846
2026-10-08,1997-05-22,120.7919447
2026-10-08,1997-05-23,120.6870113
2026-10-08,1997-05-24,120.7061668
2026-10-08,1997-05-25,120.7253254
2026-10-08,1997-05-26,120.5980754
2026-10-08,1997-05-27,120.5385143
2026-10-08,1997-05-28,120.5464096
2026-10-08,1997-05-29,120.419634
2026-10-08,1997-05-30,120.7422325
2026-10-08,1997-05-31,120.7613968
2026-10-08,1997-06-01,120.77392
2026-10-08,1997-06-02,120.8879837
2026-10-08,1997-06-03,120.8215223
2026-10-08,1997-06-04,120.6875999
2026-10-08,1997-06-05,120.6663658
2026-10-08,1997-06-06,120.7238877
2026-10-08,1997-06-07,120.736407
2026-10-08,1997-06-08,120.7489277
2026-10-08,1997-06-09,120.7164272
2026-10-08,1997-06-10,120.762713
2026-10-08,1997-06-11,120.730213
2026-10-08,1997-06-12,120.6640146
2026-10-08,1997-06-13,120.6203574
2026-10-08,1997-06-14,120.632866
2026-10-08,1997-06-15,120.6453759
2026-10-08,1997-06-16,120.7365649
2026-10-08,1997-06-17,120.7041096
2026-10-08,1997-06-18,120.581886
2026-10-08,1997-06-19,120.5607489
2026-10-08,1997-06-20,120.3047639
2026-10-08,1997-06-21,120.3172398
2026-10-08,1997-06-22,120.329717
2026-10-08,1997-06-23,120.4427693
2026-10-08,1997-06-24,120.488825
2026-10-08,1997-06-25,120.5125138
2026-10-08,1997-06-26,120.5362083
2026-10-08,1997-06-27,120.6495858
2026-10-08,1997-06-28,120.6620974
2026-10-08,1997-06-29,120.6746104
2026-10-08,1997-06-30,120.5638144
2026-10-08,1997-07-01,120.5413291
2026-10-08,1997-07-02,120.5300435
2026-10-08,1997-07-03,120.4851987
2026-10-08,1997-07-04,120.4627426
2026-10-08,1997-07-05,120.4626504
2026-10-08,1997-07-06,120.4625582
2026-10-08,1997-07-07,120.4401105
2026-10-08,1997-07-08,120.2949099
2026-10-08,1997-07-09,120.2390999
2026-10-08,1997-07-10,120.2612888
2026-10-08,1997-07-11,120.1721227
2026-10-08,1997-07-12,120.1720307
2026-10-08,1997-07-13,120.1719387
2026-10-08,1997-07-14,120.1607217
2026-10-08,1997-07-15,120.1272673
2026-10-08,1997-07-16,120.1160586
2026-10-08,1997-07-17,120.1493229
2026-10-08,1997-07-18,120.0492177
2026-10-08,1997-07-19,120.0491258
2026-10-08,1997-07-20,120.049034
2026-10-08,1997-07-21,120.0600464
2026-10-08,1997-07-22,120.0488502
2026-10-08,1997-07-23,119.9599977
2026-10-08,1997-07-24,119.9820837
2026-10-08,1997-07-25,119.959814
2026-10-08,1997-07-26,119.9597222
2026-10-08,1997-07-27,119.9596304
2026-10-08,1997-07-28,119.9152076
2026-10-08,1997-07-29,119.8486808
2026-10-08,1997-07-30,119.8485891
2026-10-08,1997-07-31,119.8484974
2026-10-08,1997-08-01,119.8303135
2026-10-08,1997-08-02,119.8231953
2026-10-08,1997-08-03,119.8160776
2026-10-08,1997-08-04,119.8089603
2026-10-08,1997-08-05,119.702377
2026-10-08,1997-08-06,119.6842255
2026-10-08,1997-08-07,119.5778447
2026-10-08,1997-08-08,119.5266764
2026-10-08,1997-08-09,119.5195763
2026-10-08,1997-08-10,119.5124766
2026-10-08,1997-08-11,119.5053774
2026-10-08,1997-08-12,119.4652588
2026-10-08,1997-08-13,119.4361607
2026-10-08,1997-08-14,119.4180688
2026-10-08,1997-08-15,119.2462704
2026-10-08,1997-08-16,119.2391869
2026-10-08,1997-08-17,119.2321039
2026-10-08,1997-08-18,119.1483281
2026-10-08,1997-08-19,119.0209389
2026-10-08,1997-08-20,119.0794593
2026-10-08,1997-08-21,119.1161503
2026-10-08,1997-08-22,118.7598771
2026-10-08,1997-08-23,118.7528226
2026-10-08,1997-08-24,118.7457685
2026-10-08,1997-08-25,118.6843472
2026-10-08,1997-08-26,118.6338415
2026-10-08,1997-08-27,118.7028582
2026-10-08,1997-08-28,118.7393132
2026-10-08,1997-08-29,118.6561495
2026-10-08,1997-08-30,118.6491011
2026-10-08,1997-08-31,118.6420531
2026-10-08,1997-09-01,118.7006615
2026-10-08,1997-09-02,118.6614362
2026-10-08,1997-09-03,118.6765639
2026-10-08,1997-09-04,118.6264973
2026-10-08,1997-09-05,118.5439335
2026-10-08,1997-09-06,118.5481882
2026-10-08,1997-09-07,118.5524431
2026-10-08,1997-09-08,118.7522466
2026-10-08,1997-09-09,118.8109443
2026-10-08,1997-09-10,118.7607712
2026-10-08,1997-09-11,118.7106441
2026-10-08,1997-09-12,118.6931622
2026-10-08,1997-09-13,118.6974223
2026-10-08,1997-09-14,118.7016825
2026-10-08,1997-09-15,118.6733403
2026-10-08,1997-09-16,118.6124459
2026-10-08,1997-09-17,118.540778
2026-10-08,1997-09-18,118.5450326
2026-10-08,1997-09-19,118.5492874
2026-10-08,1997-09-20,118.5535423
2026-10-08,1997-09-21,118.5577974
2026-10-08,1997-09-22,118.4537372
2026-10-08,1997-09-23,118.4255315
2026-10-08,1997-09-24,118.4081529
2026-10-08,1997-09-25,118.4124028
2026-10-08,1997-09-26,118.3518084
2026-10-08,1997-09-27,118.3560563
2026-10-08,1997-09-28,118.3603042
2026-10-08,1997-09-29,118.3645524
2026-10-08,1997-09-30,118.3796047
2026-10-08,1997-10-01,118.2971842
2026-10-08,1997-10-02,118.2795697
2026-10-08,1997-10-03,118.3266791
2026-10-08,1997-10-04,118.3414293
2026-10-08,1997-10-05,118.3561814
2026-10-08,1997-10-06,118.3169832
2026-10-08,1997-10-07,118.2993805
2026-10-08,1997-10-08,118.3141273
2026-10-08,1997-10-09,118.2965338
2026-10-08,1997-10-10,118.2466411
2026-10-08,1997-10-11,118.2613813
2026-10-08,1997-10-12,118.2761234
2026-10-08,1997-10-13,118.3016396
2026-10-08,1997-10-14,118.3056131
2026-10-08,1997-10-15,118.2234738
2026-10-08,1997-10-16,118.2059468
2026-10-08,1997-10-17,118.1991795
2026-10-08,1997-10-18,118.2139138
2026-10-08,1997-10-19,118.2286499
2026-10-08,1997-10-20,118.2111368
2026-10-08,1997-10-21,118.2366224
2026-10-08,1997-10-22,118.1761447
2026-10-08,1997-10-23,118.1908761
2026-10-08,1997-10-24,118.1841312
2026-10-08,1997-10-25,118.1988636
2026-10-08,1997-10-26,118.2135979
2026-10-08,1997-10-27,118.0031984
2026-10-08,1997-10-28,118.0072076
2026-10-08,1997-10-29,118.1504705
2026-10-08,1997-10-30,117.8123072
2026-10-08,1997-10-31,118.0941747
2026-10-08,1997-11-01,118.1084658
2026-10-08,1997-11-02,118.1227585
2026-10-08,1997-11-03,118.1263386
2026-10-08,1997-11-04,118.0335833
2026-10-08,1997-11-05,118.0371713
2026-10-08,1997-11-06,117.6464031
2026-10-08,1997-11-07,117.5757094
2026-10-08,1997-11-08,117.5899377
2026-10-08,1997-11-09,117.6041677
2026-10-08,1997-11-10,117.9803349
2026-10-08,1997-11-11,118.0373445
2026-10-08,1997-11-12,117.8915224
2026-10-08,1997-11-13,117.7248376
2026-10-08,1997-11-14,117.6965827
2026-10-08,1997-11-15,117.7108256
2026-10-08,1997-11-16,117.7250702
2026-10-08,1997-11-17,118.0055505
2026-10-08,1997-11-18,117.945155
2026-10-08,1997-11-19,117.8316164
2026-10-08,1997-11-20,117.7926961
2026-10-08,1997-11-21,117.6264768
2026-10-08,1997-11-22,117.6407113
2026-10-08,1997-11-23,117.6549474
2026-10-08,1997-11-24,117.764696
2026-10-08,1997-11-25,117.7789472
2026-10-08,1997-11-26,117.7932
2026-10-08,1997-11-27,117.8074546
2026-10-08,1997-11-28,117.821711
2026-10-08,1997-11-29,117.835969
2026-10-08,1997-11-30,117.8502288
2026-10-08,1997-12-01,117.8174677
2026-10-08,1997-12-02,117.8272989
2026-10-08,1997-12-03,117.8371309
2026-10-08,1997-12-04,117.8469638
2026-10-08,1997-12-05,117.8567974
2026-10-08,1997-12-06,117.8666319
2026-10-08,1997-12-07,117.8764672
2026-10-08,1997-12-08,117.8863033
2026-10-08,1997-12-09,117.6309856
2026-10-08,1997-12-10,117.6408012
2026-10-08,1997-12-11,117.6506177
2026-10-08,1997-12-12,117.660435
2026-10-08,1997-12-13,117.6702531
2026-10-08,1997-12-14,117.680072
2026-10-08,1997-12-15,117.6898917
2026-10-08,1997-12-16,117.5834104
2026-10-08,1997-12-17,117.593222
2026-10-08,1997-12-18,117.6030345
2026-10-08,1997-12-19,117.6128478
2026-10-08,1997-12-20,117.6226619
2026-10-08,1997-12-21,117.6324769
2026-10-08,1997-12-22,117.6422926
2026-10-08,1997-12-23,117.440968
2026-10-08,1997-12-24,117.4507678
2026-10-08,1997-12-25,117.4605684
2026-10-08,1997-12-26,117.4703698
2026-10-08,1997-12-27,117.4801721
2026-10-08,1997-12-28,117.4899751
2026-10-08,1997-12-29,117.499779
2026-10-08,1997-12-30,117.5095837
2026-10-08,1997-12-31,117.5193892
2026-10-08,1998-01-01,117.5224457
2026-10-08,1998-01-02,117.5255023
2026-10-08,1998-01-03,117.528559
2026-10-08,1998-01-04,117.5316157
2026-10-08,1998-01-05,117.3871619
2026-10-08,1998-01-06,117.390215
2026-10-08,1998-01-07,117.3932682
2026-10-08,1998-01-08,117.3963214
2026-10-08,1998-01-09,117.3993748
2026-10-08,1998-01-10,117.4024282
2026-10-08,1998-01-11,117.4054816
2026-10-08,1998-01-12,117.1042882
2026-10-08,1998-01-13,117.107334
2026-10-08,1998-01-14,117.1103798
2026-10-08,1998-01-15,117.1134257
2026-10-08,1998-01-16,117.1164716
2026-10-08,1998-01-17,117.1195177
2026-10-08,1998-01-18,117.1225638
2026-10-08,1998-01-19,117.12561
2026-10-08,1998-01-20,117.1286563
2026-10-08,1998-01-21,117.1317027
2026-10-08,1998-01-22,117.1347491
2026-10-08,1998-01-23,117.1377956
2026-10-08,1998-01-24,117.1408422
2026-10-08,1998-01-25,117.1438889
2026-10-08,1998-01-26,117.1469357
2026-10-08,1998-01-27,117.1499825
2026-10-08,1998-01-28,117.1530294
2026-10-08,1998-01-29,117.1560764
2026-10-08,1998-01-30,117.1591235
2026-10-08,1998-01-31,117.1621706
2026-10-08,1998-02-01,116.9473653
2026-10-08,1998-02-02,116.9520093
2026-10-08,1998-02-03,116.7483224
2026-10-08,1998-02-04,116.7529585
2026-10-08,1998-02-05,116.7575949
2026-10-08,1998-02-06,116.7622314
2026-10-08,1998-02-07,116.7668681
2026-10-08,1998-02-08,116.771505
2026-10-08,1998-02-09,116.776142
2026-10-08,1998-02-10,116.5731771
2026-10-08,1998-02-11,116.5778063
2026-10-08,1998-02-12,116.5824356
2026-10-08,1998-02-13,116.5870652
2026-10-08,1998-02-14,116.5916949
2026-10-08,1998-02-15,116.5963249
2026-10-08,1998-02-16,116.600955
2026-10-08,1998-02-17,116.2954728
2026-10-08,1998-02-18,116.3000909
2026-10-08,1998-02-19,116.3047093
2026-10-08,1998-02-20,116.3093278
2026-10-08,1998-02-21,116.3139465
2026-10-08,1998-02-22,116.3185654
2026-10-08,1998-02-23,116.2201827
2026-10-08,1998-02-24,116.2247979
2026-10-08,1998-02-25,116.2294132
2026-10-08,1998-02-26,116.2340288
2026-10-08,1998-02-27,116.2386445
2026-10-08,1998-02-28,116.2432604
2026-10-08,1998-03-01,116.2606893
2026-10-08,1998-03-02,110.9240813
2026-10-08,1998-03-03,110.9407127
2026-10-08,1998-03-04,110.9573465
2026-10-08,1998-03-05,110.9739828
2026-10-08,1998-03-06,110.9906217
2026-10-08,1998-03-07,111.007263
2026-10-08,1998-03-08,111.0239068
2026-10-08,1998-03-09,111.0405531
2026-10-08,1998-03-10,116.1090562
2026-10-08,1998-03-11,116.126465
2026-10-08,1998-03-12,116.1438763
2026-10-08,1998-03-13,116.1612903
2026-10-08,1998-03-14,116.1787069
2026-10-08,1998-03-15,116.196126
2026-10-08,1998-03-16,116.2135478
2026-10-08,1998-03-17,116.1283449
2026-10-08,1998-03-18,116.1457566
2026-10-08,1998-03-19,116.1631708
2026-10-08,1998-03-20,116.1805877
2026-10-08,1998-03-21,116.1980071
2026-10-08,1998-03-22,116.2154292
2026-10-08,1998-03-23,116.2328539
2026-10-08,1998-03-24,116.1273943
2026-10-08,1998-03-25,116.1448058
2026-10-08,1998-03-26,116.1622199
2026-10-08,1998-03-27,116.1796366
2026-10-08,1998-03-28,116.1970559
2026-10-08,1998-03-29,116.2144779
2026-10-08,1998-03-30,116.2319024
2026-10-08,1998-03-31,115.9629515
2026-10-08,1998-04-01,115.9717685
2026-10-08,1998-04-02,115.9805861
2026-10-08,1998-04-03,115.9894044
2026-10-08,1998-04-04,115.9982234
2026-10-08,1998-04-05,116.007043
2026-10-08,1998-04-06,116.0158634
2026-10-08,1998-04-07,115.9023944
2026-10-08,1998-04-08,115.9112068
2026-10-08,1998-04-09,115.9200198
2026-10-08,1998-04-10,115.9288335
2026-10-08,1998-04-11,115.9376479
2026-10-08,1998-04-12,115.9464629
2026-10-08,1998-04-13,115.8535218
2026-10-08,1998-04-14,115.8623304
2026-10-08,1998-04-15,115.8711398
2026-10-08,1998-04-16,115.8799498
2026-10-08,1998-04-17,115.8887604
2026-10-08,1998-04-18,115.8975717
2026-10-08,1998-04-19,115.9063837
2026-10-08,1998-04-20,115.9151964
2026-10-08,1998-04-21,115.9240098
2026-10-08,1998-04-22,115.729567
2026-10-08,1998-04-23,115.7383662
2026-10-08,1998-04-24,115.7471661
2026-10-08,1998-04-25,115.7559667
2026-10-08,1998-04-26,115.7647679
2026-10-08,1998-04-27,115.7735698
2026-10-08,1998-04-28,115.4788676
2026-10-08,1998-04-29,115.4876478
2026-10-08,1998-04-30,115.4964286
2026-10-08,1998-05-01,115.5177081
2026-10-08,1998-05-02,115.5389915
2026-10-08,1998-05-03,115.5602789
2026-10-08,1998-05-04,115.5815701
2026-10-08,1998-05-05,115.6331558
2026-10-08,1998-05-06,115.6544604
2026-10-08,1998-05-07,115.675769
2026-10-08,1998-05-08,115.6970816
2026-10-08,1998-05-09,115.718398
2026-10-08,1998-05-10,115.7397184
2026-10-08,1998-05-11,115.7610427
2026-10-08,1998-05-12,115.6206574
2026-10-08,1998-05-13,115.6419598
2026-10-08,1998-05-14,115.6632661
2026-10-08,1998-05-15,115.6845763
2026-10-08,1998-05-16,115.7058905
2026-10-08,1998-05-17,115.7272086
2026-10-08,1998-05-18,115.7485306
2026-10-08,1998-05-19,115.6184109
2026-10-08,1998-05-20,115.6397128
2026-10-08,1998-05-21,115.6610187
2026-10-08,1998-05-22,115.6823285
2026-10-08,1998-05-23,115.7036423
2026-10-08,1998-05-24,115.7249599
2026-10-08,1998-05-25,115.7462815
2026-10-08,1998-05-26,115.767607
2026-10-08,1998-05-27,115.7889365
2026-10-08,1998-05-28,115.4279723
2026-10-08,1998-05-29,115.4492391
2026-10-08,1998-05-30,115.4705099
2026-10-08,1998-05-31,115.4917846
2026-10-08,1998-06-01,115.3647959
2026-10-08,1998-06-02,115.358222
2026-10-08,1998-06-03,115.3516485
2026-10-08,1998-06-04,115.3450754
2026-10-08,1998-06-05,115.3385027
2026-10-08,1998-06-06,115.3319303
2026-10-08,1998-06-07,115.3253583
2026-10-08,1998-06-08,115.3187867
2026-10-08,1998-06-09,115.3122155
2026-10-08,1998-06-10,114.2544107
2026-10-08,1998-06-11,114.2479001
2026-10-08,1998-06-12,114.2413899
2026-10-08,1998-06-13,114.23488
2026-10-08,1998-06-14,114.2283706
2026-10-08,1998-06-15,114.2218615
2026-10-08,1998-06-16,115.02668
2026-10-08,1998-06-17,115.0201254
2026-10-08,1998-06-18,115.0135712
2026-10-08,1998-06-19,115.0070173
2026-10-08,1998-06-20,115.0004638
2026-10-08,1998-06-21,114.9939107
2026-10-08,1998-06-22,114.987358
2026-10-08,1998-06-23,114.9608956
2026-10-08,1998-06-24,114.9543448
2026-10-08,1998-06-25,114.9477943
2026-10-08,1998-06-26,114.9412442
2026-10-08,1998-06-27,114.9346945
2026-10-08,1998-06-28,114.9281451
2026-10-08,1998-06-29,114.9215961
2026-10-08,1998-06-30,114.9150475
2026-10-08,1998-07-01,114.7499185
2026-10-08,1998-07-02,114.733925
2026-10-08,1998-07-03,114.7179337
2026-10-08,1998-07-04,114.7019447
2026-10-08,1998-07-05,114.6859579
2026-10-08,1998-07-06,114.6699733
2026-10-08,1998-07-07,114.6539909
2026-10-08,1998-07-08,114.430199
2026-10-08,1998-07-09,114.4142501
2026-10-08,1998-07-10,114.3983034
2026-10-08,1998-07-11,114.3823589
2026-10-08,1998-07-12,114.3664166
2026-10-08,1998-07-13,114.0746026
2026-10-08,1998-07-14,114.0587032
2026-10-08,1998-07-15,114.0428061
2026-10-08,1998-07-16,114.0269111
2026-10-08,1998-07-17,114.0110184
2026-10-08,1998-07-18,113.9951279
2026-10-08,1998-07-19,113.9792396
2026-10-08,1998-07-20,113.9633535
2026-10-08,1998-07-21,114.0260517
2026-10-08,1998-07-22,114.0101591
2026-10-08,1998-07-23,113.9942687
2026-10-08,1998-07-24,113.9783805
2026-10-08,1998-07-25,113.9624945
2026-10-08,1998-07-26,113.9466108
2026-10-08,1998-07-27,113.4125739
2026-10-08,1998-07-28,113.3967668
2026-10-08,1998-07-29,113.3809619
2026-10-08,1998-07-30,113.3651592
2026-10-08,1998-07-31,113.3493587
2026-10-08,1998-08-01,113.3299396
2026-10-08,1998-08-02,113.3105239
2026-10-08,1998-08-03,113.2911114
2026-10-08,1998-08-04,113.2717024
2026-10-08,1998-08-05,113.2522966
2026-10-08,1998-08-06,113.2328941
2026-10-08,1998-08-07,113.213495
2026-10-08,1998-08-08,113.1940992
2026-10-08,1998-08-09,113.1747068
2026-10-08,1998-08-10,113.1553176
2026-10-08,1998-08-11,112.7683059
2026-10-08,1998-08-12,112.7489864
2026-10-08,1998-08-13,112.7296702
2026-10-08,1998-08-14,112.7103573
2026-10-08,1998-08-15,112.6910477
2026-10-08,1998-08-16,112.6717414
2026-10-08,1998-08-17,112.6524384
2026-10-08,1998-08-18,112.2875527
2026-10-08,1998-08-19,112.2683155
2026-10-08,1998-08-20,112.2490817
2026-10-08,1998-08-21,112.2298511
2026-10-08,1998-08-22,112.2106238
2026-10-08,1998-08-23,112.1913998
2026-10-08,1998-08-24,112.0479802
2026-10-08,1998-08-25,112.0287841
2026-10-08,1998-08-26,112.0095912
2026-10-08,1998-08-27,111.9904017
2026-10-08,1998-08-28,111.9712154
2026-10-08,1998-08-29,111.9520325
2026-10-08,1998-08-30,111.9328528
2026-10-08,1998-08-31,111.9327307
2026-10-08,1998-09-01,111.9256597
2026-10-08,1998-09-02,111.9185891
2026-10-08,1998-09-03,111.911519
2026-10-08,1998-09-04,111.9044493
2026-10-08,1998-09-05,111.89738
2026-10-08,1998-09-06,111.8903112
2026-10-08,1998-09-07,111.8832429
2026-10-08,1998-09-08,111.876175
2026-10-08,1998-09-09,111.8691075
2026-10-08,1998-09-10,111.8620405
2026-10-08,1998-09-11,111.854974
2026-10-08,1998-09-12,111.8479079
2026-10-08,1998-09-13,111.8408422
2026-10-08,1998-09-14,111.833777
2026-10-08,1998-09-15,111.8267122
2026-10-08,1998-09-16,111.2604111
2026-10-08,1998-09-17,111.2533826
2026-10-08,1998-09-18,111.2463545
2026-10-08,1998-09-19,111.2393268
2026-10-08,1998-09-20,111.2322996
2026-10-08,1998-09-21,111.102962
2026-10-08,1998-09-22,111.0959434
2026-10-08,1998-09-23,111.0889252
2026-10-08,1998-09-24,111.0819075
2026-10-08,1998-09-25,111.0748902
2026-10-08,1998-09-26,111.0678734
2026-10-08,1998-09-27,111.060857
2026-10-08,1998-09-28,110.7537086
2026-10-08,1998-09-29,110.7467121
2026-10-08,1998-09-30,110.739716
2026-10-08,1998-10-01,110.7535222
2026-10-08,1998-10-02,110.7673302
2026-10-08,1998-10-03,110.7811399
2026-10-08,1998-10-04,110.7949513
2026-10-08,1998-10-05,110.8087644
2026-10-08,1998-10-06,110.8225793
2026-10-08,1998-10-07,110.8363958
2026-10-08,1998-10-08,110.8502141
2026-10-08,1998-10-09,110.8640341
2026-10-08,1998-10-10,110.8778559
2026-10-08,1998-10-11,110.8916793
2026-10-08,1998-10-12,110.9055045
2026-10-08,1998-10-13,110.639113
2026-10-08,1998-10-14,110.6529067
2026-10-08,1998-10-15,110.6667021
2026-10-08,1998-10-16,110.6804993
2026-10-08,1998-10-17,110.6942981
2026-10-08,1998-10-18,110.7080987
2026-10-08,1998-10-19,110.5172003
2026-10-08,1998-10-20,110.5309788
2026-10-08,1998-10-21,110.544759
2026-10-08,1998-10-22,110.558541
2026-10-08,1998-10-23,110.5723246
2026-10-08,1998-10-24,110.58611
2026-10-08,1998-10-25,110.5998971
2026-10-08,1998-10-26,110.6136859
2026-10-08,1998-10-27,110.5066654
2026-10-08,1998-10-28,110.5204426
2026-10-08,1998-10-29,110.5342215
2026-10-08,1998-10-30,110.5480021
2026-10-08,1998-10-31,110.5617844
2026-10-08,1998-11-01,110.566111
2026-10-08,1998-11-02,110.5704376
2026-10-08,1998-11-03,110.5747645
2026-10-08,1998-11-04,110.3936739
2026-10-08,1998-11-05,110.3979938
2026-10-08,1998-11-06,110.4023139
2026-10-08,1998-11-07,110.4066342
2026-10-08,1998-11-08,110.4109546
2026-10-08,1998-11-09,110.7402147
2026-10-08,1998-11-10,110.7445481
2026-10-08,1998-11-11,110.7488818
2026-10-08,1998-11-12,110.7532156
2026-10-08,1998-11-13,110.7575496
2026-10-08,1998-11-14,110.7618838
2026-10-08,1998-11-15,110.7662181
2026-10-08,1998-11-16,110.7705526
2026-10-08,1998-11-17,110.6818678
2026-10-08,1998-11-18,110.686199
2026-10-08,1998-11-19,110.6905304
2026-10-08,1998-11-20,110.6948619
2026-10-08,1998-11-21,110.6991937
2026-10-08,1998-11-22,110.7035255
2026-10-08,1998-11-23,110.0974221
2026-10-08,1998-11-24,110.1017304
2026-10-08,1998-11-25,110.1060389
2026-10-08,1998-11-26,110.1103476
2026-10-08,1998-11-27,110.1146564
2026-10-08,1998-11-28,110.1189654
2026-10-08,1998-11-29,110.1232746
2026-10-08,1998-11-30,109.7790447
2026-10-08,1998-12-01,109.791202
2026-10-08,1998-12-02,109.8033606
2026-10-08,1998-12-03,109.8155205
2026-10-08,1998-12-04,109.8276818
2026-10-08,1998-12-05,109.8398444
2026-10-08,1998-12-06,109.8520084
2026-10-08,1998-12-07,109.8641737
2026-10-08,1998-12-08,109.8763404
2026-10-08,1998-12-09,109.7148567
2026-10-08,1998-12-10,109.7270069
2026-10-08,1998-12-11,109.7391584
2026-10-08,1998-12-12,109.7513112
2026-10-08,1998-12-13,109.7634654
2026-10-08,1998-12-14,109.6207529
2026-10-08,1998-12-15,109.6328927
2026-10-08,1998-12-16,109.6450337
2026-10-08,1998-12-17,109.6571761
2026-10-08,1998-12-18,109.6693199
2026-10-08,1998-12-19,109.681465
2026-10-08,1998-12-20,109.6936114
2026-10-08,1998-12-21,109.5238167
2026-10-08,1998-12-22,109.5359457
2026-10-08,1998-12-23,109.548076
2026-10-08,1998-12-24,109.5602077
2026-10-08,1998-12-25,109.5723407
2026-10-08,1998-12-26,109.584475
2026-10-08,1998-12-27,109.5966107
2026-10-08,1998-12-28,109.472681
2026-10-08,1998-12-29,109.4848043
2026-10-08,1998-12-30,109.4969289
2026-10-08,1998-12-31,109.5090549
2026-10-08,1999-01-01,109.517091
2026-10-08,1999-01-02,109.5251277
2026-10-08,1999-01-03,109.5331649
2026-10-08,1999-01-04,109.5412028
2026-10-08,1999-01-05,109.6491462
2026-10-08,1999-01-06,109.6571926
2026-10-08,1999-01-07,109.6652395
2026-10-08,1999-01-08,109.673287
2026-10-08,1999-01-09,109.6813352
2026-10-08,1999-01-10,109.6893839
2026-10-08,1999-01-11,109.6974332
2026-10-08,1999-01-12,109.7054831
2026-10-08,1999-01-13,109.7135335
2026-10-08,1999-01-14,109.7215846
2026-10-08,1999-01-15,91.3252739
2026-10-08,1999-01-16,91.33197559
2026-10-08,1999-01-17,91.33867778
2026-10-08,1999-01-18,91.34538046
2026-10-08,1999-01-19,91.35208363
2026-10-08,1999-01-20,83.31466233
2026-10-08,1999-01-21,78.39053314
2026-10-08,1999-01-22,78.39628565
2026-10-08,1999-01-23,78.40203858
2026-10-08,1999-01-24,78.40779193
2026-10-08,1999-01-25,78.41354571
2026-10-08,1999-01-26,78.41929991
2026-10-08,1999-01-27,78.42505453
2026-10-08,1999-01-28,70.88126955
2026-10-08,1999-01-29,70.88647101
2026-10-08,1999-01-30,70.89167285
2026-10-08,1999-01-31,70.89687507
2026-10-08,1999-02-01,69.44202994
2026-10-08,1999-02-02,67.69970337
2026-10-08,1999-02-03,72.938704
2026-10-08,1999-02-04,67.75801611
2026-10-08,1999-02-05,67.78719132
2026-10-08,1999-02-06,67.81637908
2026-10-08,1999-02-07,67.84557941
2026-10-08,1999-02-08,71.13613589
2026-10-08,1999-02-09,69.31865157
2026-10-08,1999-02-10,69.34849875
2026-10-08,1999-02-11,69.37835878
2026-10-08,1999-02-12,69.7716423
2026-10-08,1999-02-13,69.80168453
2026-10-08,1999-02-14,69.83173969
2026-10-08,1999-02-15,69.86180779
2026-10-08,1999-02-16,70.63144318
2026-10-08,1999-02-17,69.19746846
2026-10-08,1999-02-18,69.95208981
2026-10-08,1999-02-19,68.9000492
2026-10-08,1999-02-20,68.92971614
2026-10-08,1999-02-21,68.95939585
2026-10-08,1999-02-22,69.70766892
2026-10-08,1999-02-23,69.37643101
2026-10-08,1999-02-24,69.40630307
2026-10-08,1999-02-25,69.43618799
2026-10-08,1999-02-26,64.4564459
2026-10-08,1999-02-27,64.48419951
2026-10-08,1999-02-28,64.51196508
2026-10-08,1999-03-01,66.14038957
2026-10-08,1999-03-02,65.8553762
2026-10-08,1999-03-03,61.94697478
2026-10-08,1999-03-04,63.74659551
2026-10-08,1999-03-05,67.63091446
2026-10-08,1999-03-06,67.67123282
2026-10-08,1999-03-07,67.71157522
2026-10-08,1999-03-08,68.43969036
2026-10-08,1999-03-09,68.48049088
2026-10-08,1999-03-10,68.52131572
2026-10-08,1999-03-11,72.6168919
2026-10-08,1999-03-12,72.66018267
2026-10-08,1999-03-13,72.70349925
2026-10-08,1999-03-14,72.74684165
2026-10-08,1999-03-15,71.25786708
2026-10-08,1999-03-16,72.05884758
2026-10-08,1999-03-17,72.29401751
2026-10-08,1999-03-18,72.3371158
2026-10-08,1999-03-19,72.38023978
2026-10-08,1999-03-20,72.42338947
2026-10-08,1999-03-21,72.46656489
2026-10-08,1999-03-22,73.48973614
2026-10-08,1999-03-23,73.13808785
2026-10-08,1999-03-24,73.77666131
2026-10-08,1999-03-25,75.24814722
2026-10-08,1999-03-26,76.99460355
2026-10-08,1999-03-27,77.04050411
2026-10-08,1999-03-28,77.08643203
2026-10-08,1999-03-29,77.13238733
2026-10-08,1999-03-30,78.73526467
2026-10-08,1999-03-31,79.46919225
2026-10-08,1999-04-01,79.48657946
2026-10-08,1999-04-02,79.50397046
2026-10-08,1999-04-03,79.52136528
2026-10-08,1999-04-04,79.53876389
2026-10-08,1999-04-05,79.55616632
2026-10-08,1999-04-06,79.57357255
2026-10-08,1999-04-07,79.59098259
2026-10-08,1999-04-08,80.47404593
2026-10-08,1999-04-09,80.09146614
2026-10-08,1999-04-10,80.10898949
2026-10-08,1999-04-11,80.12651668
2026-10-08,1999-04-12,80.1440477
2026-10-08,1999-04-13,82.57618301
2026-10-08,1999-04-14,82.59425
2026-10-08,1999-04-15,82.11753292
2026-10-08,1999-04-16,81.89038324
2026-10-08,1999-04-17,81.90830018
2026-10-08,1999-04-18,81.92622104
2026-10-08,1999-04-19,82.18942306
2026-10-08,1999-04-20,80.0503606
2026-10-08,1999-04-21,78.91757468
2026-10-08,1999-04-22,78.93484119
2026-10-08,1999-04-23,81.57751547
2026-10-08,1999-04-24,81.59536396
2026-10-08,1999-04-25,81.61321635
2026-10-08,1999-04-26,80.62564063
2026-10-08,1999-04-27,80.92817434
2026-10-08,1999-04-28,80.94588075
2026-10-08,1999-04-29,80.96359104
2026-10-08,1999-04-30,82.78410931
2026-10-08,1999-05-01,82.80530131
2026-10-08,1999-05-02,82.82649875
2026-10-08,1999-05-03,82.30298883
2026-10-08,1999-05-04,81.5924462
2026-10-08,1999-05-05,81.61333315
2026-10-08,1999-05-06,82.16971076
2026-10-08,1999-05-07,82.48584778
2026-10-08,1999-05-08,82.50696343
2026-10-08,1999-05-09,82.52808449
2026-10-08,1999-05-10,82.49982853
2026-10-08,1999-05-11,83.52002513
2026-10-08,1999-05-12,82.54207241
2026-10-08,1999-05-13,82.56320245
2026-10-08,1999-05-14,82.58433791
2026-10-08,1999-05-15,82.60547878
2026-10-08,1999-05-16,82.62662506
2026-10-08,1999-05-17,83.39592177
2026-10-08,1999-05-18,82.66893386
2026-10-08,1999-05-19,82.69009638
2026-10-08,1999-05-20,82.12185843
2026-10-08,1999-05-21,82.14288091
2026-10-08,1999-05-22,82.16390877
2026-10-08,1999-05-23,82.18494201
2026-10-08,1999-05-24,82.20598063
2026-10-08,1999-05-25,82.22702464
2026-10-08,1999-05-26,82.24807404
2026-10-08,1999-05-27,82.26912883
2026-10-08,1999-05-28,82.88080303
2026-10-08,1999-05-29,82.90201979
2026-10-08,1999-05-30,82.92324198
2026-10-08,1999-05-31,82.94446961
2026-10-08,1999-06-01,79.70822334
2026-10-08,1999-06-02,79.3484964
2026-10-08,1999-06-03,82.96069182
2026-10-08,1999-06-04,82.96609993
2026-10-08,1999-06-05,82.97150839
2026-10-08,1999-06-06,82.97691721
2026-10-08,1999-06-07,82.98232638
2026-10-08,1999-06-08,82.9877359
2026-10-08,1999-06-09,82.99314577
2026-10-08,1999-06-10,79.16354716
2026-10-08,1999-06-11,77.96782137
2026-10-08,1999-06-12,77.972904
2026-10-08,1999-06-13,77.97798696
2026-10-08,1999-06-14,77.98307025
2026-10-08,1999-06-15,77.98815388
2026-10-08,1999-06-16,77.99323784
2026-10-08,1999-06-17,79.01932907
2026-10-08,1999-06-18,79.06946635
2026-10-08,1999-06-19,79.0746208
2026-10-08,1999-06-20,79.07977558
2026-10-08,1999-06-21,79.0849307
2026-10-08,1999-06-22,78.37595382
2026-10-08,1999-06-23,77.7666081
2026-10-08,1999-06-24,77.77167761
2026-10-08,1999-06-25,77.17179713
2026-10-08,1999-06-26,77.17682787
2026-10-08,1999-06-27,77.18185894
2026-10-08,1999-06-28,77.9666022
2026-10-08,1999-06-29,78.67808418
2026-10-08,1999-06-30,78.5054901
2026-10-08,1999-07-01,78.75062987
2026-10-08,1999-07-02,78.63983598
2026-10-08,1999-07-03,78.6626228
2026-10-08,1999-07-04,78.68541623
2026-10-08,1999-07-05,78.88661437
2026-10-08,1999-07-06,78.55326908
2026-10-08,1999-07-07,78.26692524
2026-10-08,1999-07-08,78.28960401
2026-10-08,1999-07-09,78.31228935
2026-10-08,1999-07-10,78.33498126
2026-10-08,1999-07-11,78.35767975
2026-10-08,1999-07-12,77.63843207
2026-10-08,1999-07-13,77.61769024
2026-10-08,1999-07-14,77.64018088
2026-10-08,1999-07-15,77.66267805
2026-10-08,1999-07-16,77.68518173
2026-10-08,1999-07-17,77.70769193
2026-10-08,1999-07-18,77.73020865
2026-10-08,1999-07-19,77.79604562
2026-10-08,1999-07-20,77.81858795
2026-10-08,1999-07-21,77.06872716
2026-10-08,1999-07-22,76.71040566
2026-10-08,1999-07-23,76.69066831
2026-10-08,1999-07-24,76.71289034
2026-10-08,1999-07-25,76.7351188
2026-10-08,1999-07-26,76.96834172
2026-10-08,1999-07-27,76.77959507
2026-10-08,1999-07-28,78.56777282
2026-10-08,1999-07-29,77.89158501
2026-10-08,1999-07-30,78.30592362
2026-10-08,1999-07-31,78.32861369
2026-10-08,1999-08-01,78.35225426
2026-10-08,1999-08-02,77.12645322
2026-10-08,1999-08-03,77.14973096
2026-10-08,1999-08-04,76.96146666
2026-10-08,1999-08-05,76.10833348
2026-10-08,1999-08-06,75.84363702
2026-10-08,1999-08-07,75.86652759
2026-10-08,1999-08-08,75.88942506
2026-10-08,1999-08-09,75.87127729
2026-10-08,1999-08-10,74.724821
2026-10-08,1999-08-11,75.22693313
2026-10-08,1999-08-12,75.77648171
2026-10-08,1999-08-13,75.03165031
2026-10-08,1999-08-14,75.05429581
2026-10-08,1999-08-15,75.07694815
2026-10-08,1999-08-16,75.09960732
2026-10-08,1999-08-17,74.6844057
2026-10-08,1999-08-18,74.23483141
2026-10-08,1999-08-19,73.48334897
2026-10-08,1999-08-20,73.08658777
2026-10-08,1999-08-21,73.10864623
2026-10-08,1999-08-22,73.13071134
2026-10-08,1999-08-23,75.41922261
2026-10-08,1999-08-24,75.52262594
2026-10-08,1999-08-25,73.77022043
2026-10-08,1999-08-26,73.83106357
2026-10-08,1999-08-27,72.90117731
2026-10-08,1999-08-28,72.92317981
2026-10-08,1999-08-29,72.94518895
2026-10-08,1999-08-30,73.04247387
2026-10-08,1999-08-31,73.8654149
2026-10-08,1999-09-01,73.87795056
2026-10-08,1999-09-02,73.69808917
2026-10-08,1999-09-03,74.40782555
2026-10-08,1999-09-04,74.42045326
2026-10-08,1999-09-05,74.43308313
2026-10-08,1999-09-06,74.25063524
2026-10-08,1999-09-07,74.26323628
2026-10-08,1999-09-08,74.35378453
2026-10-08,1999-09-09,75.71706599
2026-10-08,1999-09-10,76.01415756
2026-10-08,1999-09-11,76.02705789
2026-10-08,1999-09-12,76.0399604
2026-10-08,1999-09-13,76.13456414
2026-10-08,1999-09-14,75.70047562
2026-10-08,1999-09-15,75.71332272
2026-10-08,1999-09-16,75.72617199
2026-10-08,1999-09-17,75.73902344
2026-10-08,1999-09-18,75.75187708
2026-10-08,1999-09-19,75.76473289
2026-10-08,1999-09-20,75.77759089
2026-10-08,1999-09-21,75.79045107
2026-10-08,1999-09-22,75.80331344
2026-10-08,1999-09-23,75.81617798
2026-10-08,1999-09-24,75.82904471
2026-10-08,1999-09-25,75.84191362
2026-10-08,1999-09-26,75.85478472
2026-10-08,1999-09-27,75.867658
2026-10-08,1999-09-28,75.88053346
2026-10-08,1999-09-29,75.89341111
2026-10-08,1999-09-30,75.90629095
2026-10-08,1999-10-01,75.93565355
2026-10-08,1999-10-02,75.9650275
2026-10-08,1999-10-03,75.99441282
2026-10-08,1999-10-04,73.06089003
2026-10-08,1999-10-05,73.08915195
2026-10-08,1999-10-06,73.1174248
2026-10-08,1999-10-07,73.14570859
2026-10-08,1999-10-08,73.17400333
2026-10-08,1999-10-09,73.202309
2026-10-08,1999-10-10,73.23062563
2026-10-08,1999-10-11,73.2589532
2026-10-08,1999-10-12,73.28729174
2026-10-08,1999-10-13,73.31564124
2026-10-08,1999-10-14,73.34400171
2026-10-08,1999-10-15,73.37237314
2026-10-08,1999-10-16,73.40075555
2026-10-08,1999-10-17,73.42914894
2026-10-08,1999-10-18,73.45755331
2026-10-08,1999-10-19,73.48596868
2026-10-08,1999-10-20,73.51439503
2026-10-08,1999-10-21,71.99215749
2026-10-08,1999-10-22,72.63991334
2026-10-08,1999-10-23,72.66801241
2026-10-08,1999-10-24,72.69612236
2026-10-08,1999-10-25,72.28502138
2026-10-08,1999-10-26,72.67880766
2026-10-08,1999-10-27,72.70692178
2026-10-08,1999-10-28,72.73504677
2026-10-08,1999-10-29,72.76318265
2026-10-08,1999-10-30,72.79132941
2026-10-08,1999-10-31,72.81948705
2026-10-08,1999-11-01,73.82099999
2026-10-08,1999-11-02,73.85206402
2026-10-08,1999-11-03,73.88314113
2026-10-08,1999-11-04,75.02938072
2026-10-08,1999-11-05,75.06095324
2026-10-08,1999-11-06,75.09253905
2026-10-08,1999-11-07,75.12413815
2026-10-08,1999-11-08,74.96074379
2026-10-08,1999-11-09,74.99228743
2026-10-08,1999-11-10,75.02384434
2026-10-08,1999-11-11,75.05541453
2026-10-08,1999-11-12,75.08699801
2026-10-08,1999-11-13,75.11859478
2026-10-08,1999-11-14,75.15020484
2026-10-08,1999-11-15,75.18182821
2026-10-08,1999-11-16,75.21346488
2026-10-08,1999-11-17,75.05038331
2026-10-08,1999-11-18,75.08196467
2026-10-08,1999-11-19,75.11355932
2026-10-08,1999-11-20,75.14516726
2026-10-08,1999-11-21,75.17678851
2026-10-08,1999-11-22,75.20842306
2026-10-08,1999-11-23,75.27902846
2026-10-08,1999-11-24,75.31070603
2026-10-08,1999-11-25,75.34239693
2026-10-08,1999-11-26,75.37410118
2026-10-08,1999-11-27,75.40581876
2026-10-08,1999-11-28,75.43754969
2026-10-08,1999-11-29,75.66530259
2026-10-08,1999-11-30,75.69714271
2026-10-08,1999-12-01,75.71326272
2026-10-08,1999-12-02,75.72938617
2026-10-08,1999-12-03,75.74551306
2026-10-08,1999-12-04,75.76164337
2026-10-08,1999-12-05,75.77777713
2026-10-08,1999-12-06,75.79391432
2026-10-08,1999-12-07,75.81005494
2026-10-08,1999-12-08,75.826199
2026-10-08,1999-12-09,75.8423465
2026-10-08,1999-12-10,75.85849744
2026-10-08,1999-12-11,75.87465182
2026-10-08,1999-12-12,75.89080964
2026-10-08,1999-12-13,75.9069709
2026-10-08,1999-12-14,75.9231356
2026-10-08,1999-12-15,75.93930374
2026-10-08,1999-12-16,75.95547533
2026-10-08,1999-12-17,75.97165036
2026-10-08,1999-12-18,75.98782883
2026-10-08,1999-12-19,76.00401075
2026-10-08,1999-12-20,76.02019612
2026-10-08,1999-12-21,80.20043108
2026-10-08,1999-12-22,80.2175101
2026-10-08,1999-12-23,80.23459274
2026-10-08,1999-12-24,80.25167903
2026-10-08,1999-12-25,80.26876895
2026-10-08,1999-12-26,80.28586252
2026-10-08,1999-12-27,80.30295972
2026-10-08,1999-12-28,80.32006056
2026-10-08,1999-12-29,80.33716505
2026-10-08,1999-12-30,80.35427318
2026-10-08,1999-12-31,80.37138495
2026-10-08,2000-01-01,80.36558898
2026-10-08,2000-01-02,80.35979342
2026-10-08,2000-01-03,80.22223794
2026-10-08,2000-01-04,80.21645272
2026-10-08,2000-01-05,80.21066792
2026-10-08,2000-01-06,80.20488354
2026-10-08,2000-01-07,80.19909957
2026-10-08,2000-01-08,80.19331602
2026-10-08,2000-01-09,80.18753289
2026-10-08,2000-01-10,80.18175017
2026-10-08,2000-01-11,80.17596787
2026-10-08,2000-01-12,80.17018599
2026-10-08,2000-01-13,80.16440453
2026-10-08,2000-01-14,80.15862348
2026-10-08,2000-01-15,80.15284285
2026-10-08,2000-01-16,80.14706263
2026-10-08,2000-01-17,80.14128283
2026-10-08,2000-01-18,80.13550345
2026-10-08,2000-01-19,80.12972449
2026-10-08,2000-01-20,80.12394594
2026-10-08,2000-01-21,80.11816781
2026-10-08,2000-01-22,80.1123901
2026-10-08,2000-01-23,80.1066128
2026-10-08,2000-01-24,80.10083592
2026-10-08,2000-01-25,80.09505946
2026-10-08,2000-01-26,80.08928341
2026-10-08,2000-01-27,80.08350778
2026-10-08,2000-01-28,80.07773257
2026-10-08,2000-01-29,82.27620038
2026-10-08,2000-01-30,82.27026704
2026-10-08,2000-01-31,82.26433413
2026-10-08,2000-02-01,82.2679077
2026-10-08,2000-02-02,82.27148143
2026-10-08,2000-02-03,82.27505531
2026-10-08,2000-02-04,82.27862935
2026-10-08,2000-02-05,82.28220354
2026-10-08,2000-02-06,82.28577789
2026-10-08,2000-02-07,82.28935239
2026-10-08,2000-02-08,82.29292705
2026-10-08,2000-02-09,82.29650186
2026-10-08,2000-02-10,82.30007683
2026-10-08,2000-02-11,82.30365196
2026-10-08,2000-02-12,82.30722724
2026-10-08,2000-02-13,82.31080267
2026-10-08,2000-02-14,82.31437826
2026-10-08,2000-02-15,82.31795401
2026-10-08,2000-02-16,82.32152991
2026-10-08,2000-02-17,82.32510596
2026-10-08,2000-02-18,82.32868218
2026-10-08,2000-02-19,82.33225854
2026-10-08,2000-02-20,82.33583506
2026-10-08,2000-02-21,82.33941174
2026-10-08,2000-02-22,82.34298857
2026-10-08,2000-02-23,82.34656556
2026-10-08,2000-02-24,82.35014271
2026-10-08,2000-02-25,82.35372001
2026-10-08,2000-02-26,82.35729746
2026-10-08,2000-02-27,82.36087507
2026-10-08,2000-02-28,82.36445284
2026-10-08,2000-02-29,82.36803076
2026-10-08,2000-03-01,82.38794592
2026-10-08,2000-03-02,82.4078659
2026-10-08,2000-03-03,82.4277907
2026-10-08,2000-03-04,82.44772032
2026-10-08,2000-03-05,82.46765475
2026-10-08,2000-03-06,82.487594
2026-10-08,2000-03-07,82.50753808
2026-10-08,2000-03-08,82.52748698
2026-10-08,2000-03-09,82.5474407
2026-10-08,2000-03-10,82.56739924
2026-10-08,2000-03-11,82.58736261
2026-10-08,2000-03-12,82.60733081
2026-10-08,2000-03-13,82.62730383
2026-10-08,2000-03-14,83.96805409
2026-10-08,2000-03-15,83.98835611
2026-10-08,2000-03-16,84.00866305
2026-10-08,2000-03-17,84.02897489
2026-10-08,2000-03-18,84.04929164
2026-10-08,2000-03-19,84.06961331
2026-10-08,2000-03-20,84.08993989
2026-10-08,2000-03-21,84.88553898
2026-10-08,2000-03-22,84.90606284
2026-10-08,2000-03-23,84.92659165
2026-10-08,2000-03-24,84.94712544
2026-10-08,2000-03-25,84.96766418
2026-10-08,2000-03-26,84.9882079
2026-10-08,2000-03-27,82.20438567
2026-10-08,2000-03-28,82.22426127
2026-10-08,2000-03-29,82.24414168
2026-10-08,2000-03-30,82.26402689
2026-10-08,2000-03-31,82.28391691
2026-10-08,2000-04-01,82.29850656
2026-10-08,2000-04-02,82.31309879
2026-10-08,2000-04-03,82.32769361
2026-10-08,2000-04-04,82.34229102
2026-10-08,2000-04-05,82.35689102
2026-10-08,2000-04-06,82.37149361
2026-10-08,2000-04-07,82.38609878
2026-10-08,2000-04-08,82.40070655
2026-10-08,2000-04-09,82.4153169
2026-10-08,2000-04-10,82.42992985
2026-10-08,2000-04-11,82.44454539
2026-10-08,2000-04-12,82.45916351
2026-10-08,2000-04-13,82.47378423
2026-10-08,2000-04-14,82.48840755
2026-10-08,2000-04-15,82.50303345
2026-10-08,2000-04-16,82.51766195
2026-10-08,2000-04-17,82.53229304
2026-10-08,2000-04-18,84.29468082
2026-10-08,2000-04-19,84.309627
2026-10-08,2000-04-20,84.32457582
2026-10-08,2000-04-21,84.3395273
2026-10-08,2000-04-22,84.35448142
2026-10-08,2000-04-23,84.3694382
2026-10-08,2000-04-24,84.38439762
2026-10-08,2000-04-25,84.39935971
2026-10-08,2000-04-26,84.41432444
2026-10-08,2000-04-27,84.42929183
2026-10-08,2000-04-28,84.44426187
2026-10-08,2000-04-29,84.45923456
2026-10-08,2000-04-30,84.47420991
2026-10-08,2000-05-01,84.48509234
2026-10-08,2000-05-02,84.49597616
2026-10-08,2000-05-03,84.50686139
2026-10-08,2000-05-04,84.51774802
2026-10-08,2000-05-05,84.52863606
2026-10-08,2000-05-06,84.53952549
2026-10-08,2000-05-07,84.55041633
2026-10-08,2000-05-08,84.56130858
2026-10-08,2000-05-09,84.57220222
2026-10-08,2000-05-10,84.58309727
2026-10-08,2000-05-11,84.59399372
2026-10-08,2000-05-12,84.60489158
2026-10-08,2000-05-13,84.61579084
2026-10-08,2000-05-14,84.6266915
2026-10-08,2000-05-15,84.63759357
2026-10-08,2000-05-16,81.99011744
2026-10-08,2000-05-17,82.00067985
2026-10-08,2000-05-18,82.01124363
2026-10-08,2000-05-19,82.02180876
2026-10-08,2000-05-20,82.03237525
2026-10-08,2000-05-21,82.04294311
2026-10-08,2000-05-22,82.05351232
2026-10-08,2000-05-23,82.0640829
2026-10-08,2000-05-24,82.07465484
2026-10-08,2000-05-25,82.08522814
2026-10-08,2000-05-26,82.0958028
2026-10-08,2000-05-27,82.10637883
2026-10-08,2000-05-28,82.11695622
2026-10-08,2000-05-29,82.12753497
2026-10-08,2000-05-30,82.13811508
2026-10-08,2000-05-31,82.14869656
2026-10-08,2000-06-01,82.1600642
2026-10-08,2000-06-02,82.17143341
2026-10-08,2000-06-03,82.1828042
2026-10-08,2000-06-04,82.19417656
2026-10-08,2000-06-05,83.30711717
2026-10-08,2000-06-06,83.31864511
2026-10-08,2000-06-07,83.33017465
2026-10-08,2000-06-08,83.34170578
2026-10-08,2000-06-09,83.35323851
2026-10-08,2000-06-10,83.36477284
2026-10-08,2000-06-11,83.37630876
2026-10-08,2000-06-12,83.38784627
2026-10-08,2000-06-13,83.39938539
2026-10-08,2000-06-14,83.4109261
2026-10-08,2000-06-15,83.4224684
2026-10-08,2000-06-16,83.43401231
2026-10-08,2000-06-17,83.44555781
2026-10-08,2000-06-18,83.45710491
2026-10-08,2000-06-19,83.46865361
2026-10-08,2000-06-20,83.4802039
2026-10-08,2000-06-21,83.4917558
2026-10-08,2000-06-22,83.50330929
2026-10-08,2000-06-23,82.18409382
2026-10-08,2000-06-24,82.19546636
2026-10-08,2000-06-25,82.20684048
2026-10-08,2000-06-26,82.21821617
2026-10-08,2000-06-27,81.91456332
2026-10-08,2000-06-28,81.92589856
2026-10-08,2000-06-29,81.93723537
2026-10-08,2000-06-30,81.94857375
2026-10-08,2000-07-01,81.97935245
2026-10-08,2000-07-02,82.0101427
2026-10-08,2000-07-03,82.04094452
2026-10-08,2000-07-04,82.07175791
2026-10-08,2000-07-05,82.10258287
2026-10-08,2000-07-06,82.13341941
2026-10-08,2000-07-07,82.16426754
2026-10-08,2000-07-08,82.19512724
2026-10-08,2000-07-09,82.22599854
2026-10-08,2000-07-10,82.25688143
2026-10-08,2000-07-11,82.28777593
2026-10-08,2000-07-12,82.31868202
2026-10-08,2000-07-13,82.34959972
2026-10-08,2000-07-14,82.38052904
2026-10-08,2000-07-15,82.41146997
2026-10-08,2000-07-16,82.44242252
2026-10-08,2000-07-17,82.4733867
2026-10-08,2000-07-18,84.11587653
2026-10-08,2000-07-19,84.14746923
2026-10-08,2000-07-20,84.1790738
2026-10-08,2000-07-21,84.21069024
2026-10-08,2000-07-22,84.24231855
2026-10-08,2000-07-23,84.27395875
2026-10-08,2000-07-24,84.25847525
2026-10-08,2000-07-25,84.29012151
2026-10-08,2000-07-26,84.32177965
2026-10-08,2000-07-27,84.35344969
2026-10-08,2000-07-28,84.38513162
2026-10-08,2000-07-29,84.41682546
2026-10-08,2000-07-30,84.44853119
2026-10-08,2000-07-31,84.48024884
2026-10-08,2000-08-01,84.99563331
2026-10-08,2000-08-02,85.03722991
2026-10-08,2000-08-03,85.07884686
2026-10-08,2000-08-04,85.12048419
2026-10-08,2000-08-05,85.16214189
2026-10-08,2000-08-06,85.20381997
2026-10-08,2000-08-07,85.24551846
2026-10-08,2000-08-08,85.28723735
2026-10-08,2000-08-09,85.32897666
2026-10-08,2000-08-10,85.37073639
2026-10-08,2000-08-11,85.41251656
2026-10-08,2000-08-12,85.45431718
2026-10-08,2000-08-13,85.49613826
2026-10-08,2000-08-14,85.5379798
2026-10-08,2000-08-15,85.57984182
2026-10-08,2000-08-16,85.62172433
2026-10-08,2000-08-17,85.66362733
2026-10-08,2000-08-18,85.70555085
2026-10-08,2000-08-19,85.74749488
2026-10-08,2000-08-20,85.78945943
2026-10-08,2000-08-21,85.83144453
2026-10-08,2000-08-22,85.87345017
2026-10-08,2000-08-23,84.26151169
2026-10-08,2000-08-24,84.30274901
2026-10-08,2000-08-25,84.34400651
2026-10-08,2000-08-26,84.3852842
2026-10-08,2000-08-27,84.4265821
2026-10-08,2000-08-28,84.46790021
2026-10-08,2000-08-29,84.37004269
2026-10-08,2000-08-30,84.41133312
2026-10-08,2000-08-31,84.45264377
2026-10-08,2000-09-01,84.46343266
2026-10-08,2000-09-02,84.47422293
2026-10-08,2000-09-03,84.48501458
2026-10-08,2000-09-04,84.49580761
2026-10-08,2000-09-05,84.32132271
2026-10-08,2000-09-06,84.33209482
2026-10-08,2000-09-07,84.34286831
2026-10-08,2000-09-08,84.35364318
2026-10-08,2000-09-09,84.36441943
2026-10-08,2000-09-10,84.37519705
2026-10-08,2000-09-11,84.38597605
2026-10-08,2000-09-12,84.39675643
2026-10-08,2000-09-13,84.40753818
2026-10-08,2000-09-14,84.41832131
2026-10-08,2000-09-15,84.42910582
2026-10-08,2000-09-16,84.43989171
2026-10-08,2000-09-17,84.45067897
2026-10-08,2000-09-18,83.41021756
2026-10-08,2000-09-19,83.42087328
2026-10-08,2000-09-20,83.43153037
2026-10-08,2000-09-21,83.44218881
2026-10-08,2000-09-22,83.45284862
2026-10-08,2000-09-23,83.46350979
2026-10-08,2000-09-24,83.47417232
2026-10-08,2000-09-25,83.98485812
2026-10-08,2000-09-26,83.99558725
2026-10-08,2000-09-27,84.00631775
2026-10-08,2000-09-28,84.01704963
2026-10-08,2000-09-29,84.02778287
2026-10-08,2000-09-30,84.03851749
2026-10-08,2000-10-01,84.03732519
2026-10-08,2000-10-02,83.62642344
2026-10-08,2000-10-03,83.62523698
2026-10-08,2000-10-04,83.62405054
2026-10-08,2000-10-05,83.62286412
2026-10-08,2000-10-06,83.62167771
2026-10-08,2000-10-07,83.62049131
2026-10-08,2000-10-08,83.61930494
2026-10-08,2000-10-09,83.61811858
2026-10-08,2000-10-10,83.25604604
2026-10-08,2000-10-11,83.25486483
2026-10-08,2000-10-12,83.25368364
2026-10-08,2000-10-13,83.25250247
2026-10-08,2000-10-14,83.25132132
2026-10-08,2000-10-15,83.25014018
2026-10-08,2000-10-16,83.24895906
2026-10-08,2000-10-17,83.24777796
2026-10-08,2000-10-18,83.24659687
2026-10-08,2000-10-19,83.2454158
2026-10-08,2000-10-20,83.24423475
2026-10-08,2000-10-21,83.24305371
2026-10-08,2000-10-22,83.24187269
2026-10-08,2000-10-23,81.65512237
2026-10-08,2000-10-24,81.65396387
2026-10-08,2000-10-25,81.6528054
2026-10-08,2000-10-26,81.65164694
2026-10-08,2000-10-27,81.6504885
2026-10-08,2000-10-28,81.64933007
2026-10-08,2000-10-29,81.64817166
2026-10-08,2000-10-30,81.64701327
2026-10-08,2000-10-31,80.37016735
2026-10-08,2000-11-01,80.39192571
2026-10-08,2000-11-02,80.41368997
2026-10-08,2000-11-03,80.43546012
2026-10-08,2000-11-04,80.45723617
2026-10-08,2000-11-05,80.47901811
2026-10-08,2000-11-06,80.50080594
2026-10-08,2000-11-07,79.36523795
2026-10-08,2000-11-08,79.38672426
2026-10-08,2000-11-09,79.40821638
2026-10-08,2000-11-10,79.42971432
2026-10-08,2000-11-11,79.45121808
2026-10-08,2000-11-12,79.47272767
2026-10-08,2000-11-13,79.08821381
2026-10-08,2000-11-14,79.10962512
2026-10-08,2000-11-15,79.13104222
2026-10-08,2000-11-16,79.15246512
2026-10-08,2000-11-17,79.17389383
2026-10-08,2000-11-18,79.19532833
2026-10-08,2000-11-19,79.21676864
2026-10-08,2000-11-20,80.13869661
2026-10-08,2000-11-21,80.16039231
2026-10-08,2000-11-22,80.18209389
2026-10-08,2000-11-23,80.20380134
2026-10-08,2000-11-24,80.22551467
2026-10-08,2000-11-25,80.24723388
2026-10-08,2000-11-26,80.26895896
2026-10-08,2000-11-27,80.29068993
2026-10-08,2000-11-28,79.49115588
2026-10-08,2000-11-29,79.51267627
2026-10-08,2000-11-30,79.53420249
2026-10-08,2000-12-01,79.55239467
2026-10-08,2000-12-02,79.57059101
2026-10-08,2000-12-03,79.58879152
2026-10-08,2000-12-04,78.6023461
2026-10-08,2000-12-05,78.62032513
2026-10-08,2000-12-06,78.63830828
2026-10-08,2000-12-07,78.65629553
2026-10-08,2000-12-08,78.6742869
2026-10-08,2000-12-09,78.69228239
2026-10-08,2000-12-10,78.71028199
2026-10-08,2000-12-11,79.49077858
2026-10-08,2000-12-12,79.50896083
2026-10-08,2000-12-13,79.52714724
2026-10-08,2000-12-14,79.5453378
2026-10-08,2000-12-15,79.56353253
2026-10-08,2000-12-16,79.58173141
2026-10-08,2000-12-17,79.59993446
2026-10-08,2000-12-18,79.61814168
2026-10-08,2000-12-19,80.00337614
2026-10-08,2000-12-20,80.02167563
2026-10-08,2000-12-21,80.03997931
2026-10-08,2000-12-22,80.05828718
2026-10-08,2000-12-23,80.07659924
2026-10-08,2000-12-24,80.09491548
2026-10-08,2000-12-25,80.11323591
2026-10-08,2000-12-26,80.13156053
2026-10-08,2000-12-27,79.9042896
2026-10-08,2000-12-28,79.92256643
2026-10-08,2000-12-29,79.94084744
2026-10-08,2000-12-30,79.95913263
2026-10-08,2000-12-31,79.97742201
2026-10-08,2001-01-01,79.990012
2026-10-08,2001-01-02,79.35454501
2026-10-08,2001-01-03,79.36703695
2026-10-08,2001-01-04,80.88252902
2026-10-08,2001-01-05,80.89526149
2026-10-08,2001-01-06,80.90799597
2026-10-08,2001-01-07,80.92073245
2026-10-08,2001-01-08,80.93347093
2026-10-08,2001-01-09,80.50187616
2026-10-08,2001-01-10,80.51454871
2026-10-08,2001-01-11,80.52722325
2026-10-08,2001-01-12,80.53989979
2026-10-08,2001-01-13,80.55257832
2026-10-08,2001-01-14,80.56525885
2026-10-08,2001-01-15,80.57794138
2026-10-08,2001-01-16,80.5906259
2026-10-08,2001-01-17,80.60331242
2026-10-08,2001-01-18,80.61600094
2026-10-08,2001-01-19,80.62869145
2026-10-08,2001-01-20,80.64138396
2026-10-08,2001-01-21,80.65407847
2026-10-08,2001-01-22,80.66677498
2026-10-08,2001-01-23,80.67947349
2026-10-08,2001-01-24,80.69217399
2026-10-08,2001-01-25,80.7048765
2026-10-08,2001-01-26,80.717581
2026-10-08,2001-01-27,80.73028751
2026-10-08,2001-01-28,80.74299601
2026-10-08,2001-01-29,79.69251843
2026-10-08,2001-01-30,79.70506357
2026-10-08,2001-01-31,79.71761068
2026-10-08,2001-02-01,79.73700303
2026-10-08,2001-02-02,79.7564001
2026-10-08,2001-02-03,79.77580188
2026-10-08,2001-02-04,79.79520839
2026-10-08,2001-02-05,79.17320724
2026-10-08,2001-02-06,79.19246715
2026-10-08,2001-02-07,79.21173176
2026-10-08,2001-02-08,79.23100104
2026-10-08,2001-02-09,79.25027502
2026-10-08,2001-02-10,79.26955368
2026-10-08,2001-02-11,79.28883704
2026-10-08,2001-02-12,79.30812508
2026-10-08,2001-02-13,79.32741782
2026-10-08,2001-02-14,79.34671525
2026-10-08,2001-02-15,79.36601737
2026-10-08,2001-02-16,79.38532419
2026-10-08,2001-02-17,79.40463571
2026-10-08,2001-02-18,79.42395192
2026-10-08,2001-02-19,79.44327284
2026-10-08,2001-02-20,79.46259845
2026-10-08,2001-02-21,79.48192876
2026-10-08,2001-02-22,79.50126378
2026-10-08,2001-02-23,79.00477878
2026-10-08,2001-02-24,79.02399772
2026-10-08,2001-02-25,79.04322134
2026-10-08,2001-02-26,79.9802992
2026-10-08,2001-02-27,79.99975546
2026-10-08,2001-02-28,80.01921644
2026-10-08,2001-03-01,80.02405217
2026-10-08,2001-03-02,80.02888819
2026-10-08,2001-03-03,80.0337245
2026-10-08,2001-03-04,80.03856111
2026-10-08,2001-03-05,80.043398
2026-10-08,2001-03-06,80.04823519
2026-10-08,2001-03-07,80.05307268
2026-10-08,2001-03-08,80.05791045
2026-10-08,2001-03-09,80.06274852
2026-10-08,2001-03-10,80.06758687
2026-10-08,2001-03-11,80.07242553
2026-10-08,2001-03-12,80.07726447
2026-10-08,2001-03-13,80.0821037
2026-10-08,2001-03-14,80.08694323
2026-10-08,2001-03-15,80.09178305
2026-10-08,2001-03-16,80.09662317
2026-10-08,2001-03-17,80.10146357
2026-10-08,2001-03-18,80.10630427
2026-10-08,2001-03-19,80.11114526
2026-10-08,2001-03-20,80.11598655
2026-10-08,2001-03-21,80.12082812
2026-10-08,2001-03-22,80.12566999
2026-10-08,2001-03-23,80.13051215
2026-10-08,2001-03-24,80.13535461
2026-10-08,2001-03-25,80.14019735
2026-10-08,2001-03-26,73.16466847
2026-10-08,2001-03-27,73.16908996
2026-10-08,2001-03-28,73.17351172
2026-10-08,2001-03-29,73.17793375
2026-10-08,2001-03-30,73.18235604
2026-10-08,2001-03-31,73.18677861
2026-10-08,2001-04-01,73.18470328
2026-10-08,2001-04-02,73.18262801
2026-10-08,2001-04-03,73.82703562
2026-10-08,2001-04-04,73.82494214
2026-10-08,2001-04-05,73.82284872
2026-10-08,2001-04-06,73.82075536
2026-10-08,2001-04-07,73.81866205
2026-10-08,2001-04-08,73.81656881
2026-10-08,2001-04-09,73.81447563
2026-10-08,2001-04-10,73.94987771
2026-10-08,2001-04-11,73.94778075
2026-10-08,2001-04-12,73.94568384
2026-10-08,2001-04-13,73.943587
2026-10-08,2001-04-14,73.94149021
2026-10-08,2001-04-15,73.93939348
2026-10-08,2001-04-16,73.59441099
2026-10-08,2001-04-17,73.5923241
2026-10-08,2001-04-18,73.59023728
2026-10-08,2001-04-19,73.58815051
2026-10-08,2001-04-20,73.5860638
2026-10-08,2001-04-21,73.58397716
2026-10-08,2001-04-22,73.58189057
2026-10-08,2001-04-23,70.9802613
2026-10-08,2001-04-24,70.97824854
2026-10-08,2001-04-25,70.97623584
2026-10-08,2001-04-26,70.9742232
2026-10-08,2001-04-27,70.97221062
2026-10-08,2001-04-28,70.97019809
2026-10-08,2001-04-29,70.96818562
2026-10-08,2001-04-30,72.09470843
2026-10-08,2001-05-01,72.10282649
2026-10-08,2001-05-02,72.11094546
2026-10-08,2001-05-03,72.11906535
2026-10-08,2001-05-04,72.12718616
2026-10-08,2001-05-05,72.13530787
2026-10-08,2001-05-06,72.1434305
2026-10-08,2001-05-07,71.87396195
2026-10-08,2001-05-08,71.88205516
2026-10-08,2001-05-09,71.89014927
2026-10-08,2001-05-10,71.8982443
2026-10-08,2001-05-11,71.90634023
2026-10-08,2001-05-12,71.91443708
2026-10-08,2001-05-13,71.92253484
2026-10-08,2001-05-14,71.93063352
2026-10-08,2001-05-15,71.9387331
2026-10-08,2001-05-16,71.9468336
2026-10-08,2001-05-17,71.95493501
2026-10-08,2001-05-18,71.96303733
2026-10-08,2001-05-19,71.97114056
2026-10-08,2001-05-20,71.97924471
2026-10-08,2001-05-21,71.98734977
2026-10-08,2001-05-22,71.99545574
2026-10-08,2001-05-23,72.00356262
2026-10-08,2001-05-24,72.01167042
2026-10-08,2001-05-25,72.01977913
2026-10-08,2001-05-26,72.02788875
2026-10-08,2001-05-27,72.03599929
2026-10-08,2001-05-28,72.04411074
2026-10-08,2001-05-29,72.0522231
2026-10-08,2001-05-30,72.06033638
2026-10-08,2001-05-31,72.06845057
2026-10-08,2001-06-01,72.09829801
2026-10-08,2001-06-02,72.12815782
2026-10-08,2001-06-03,72.15802999
2026-10-08,2001-06-04,72.18791454
2026-10-08,2001-06-05,72.21781146
2026-10-08,2001-06-06,67.18485228
2026-10-08,2001-06-07,67.21267716
2026-10-08,2001-06-08,67.24051357
2026-10-08,2001-06-09,67.2683615
2026-10-08,2001-06-10,67.29622097
2026-10-08,2001-06-11,67.32409198
2026-10-08,2001-06-12,67.35197453
2026-10-08,2001-06-13,67.37986863
2026-10-08,2001-06-14,67.40777428
2026-10-08,2001-06-15,67.43569148
2026-10-08,2001-06-16,67.46362025
2026-10-08,2001-06-17,67.49156059
2026-10-08,2001-06-18,67.5195125
2026-10-08,2001-06-19,67.54747598
2026-10-08,2001-06-20,67.57545105
2026-10-08,2001-06-21,67.6034377
2026-10-08,2001-06-22,67.63143594
2026-10-08,2001-06-23,67.65944578
2026-10-08,2001-06-24,67.68746722
2026-10-08,2001-06-25,70.13612325
2026-10-08,2001-06-26,70.16517041
2026-10-08,2001-06-27,70.19422961
2026-10-08,2001-06-28,70.22330084
2026-10-08,2001-06-29,70.25238411
2026-10-08,2001-06-30,70.28147942
2026-10-08,2001-07-01,70.31876772
2026-10-08,2001-07-02,69.86865758
2026-10-08,2001-07-03,69.90572685
2026-10-08,2001-07-04,69.94281578
2026-10-08,2001-07-05,69.9799244
2026-10-08,2001-07-06,70.0170527
2026-10-08,2001-07-07,70.0542007
2026-10-08,2001-07-08,70.09136841
2026-10-08,2001-07-09,70.12855584
2026-10-08,2001-07-10,70.165763
2026-10-08,2001-07-11,70.2029899
2026-10-08,2001-07-12,70.24023655
2026-10-08,2001-07-13,70.27750296
2026-10-08,2001-07-14,70.31478915
2026-10-08,2001-07-15,70.35209511
2026-10-08,2001-07-16,62.75552639
2026-10-08,2001-07-17,62.78882174
2026-10-08,2001-07-18,62.82213476
2026-10-08,2001-07-19,62.85546545
2026-10-08,2001-07-20,62.88881382
2026-10-08,2001-07-21,62.92217989
2026-10-08,2001-07-22,62.95556366
2026-10-08,2001-07-23,67.97355897
2026-10-08,2001-07-24,68.00962279
2026-10-08,2001-07-25,68.04570573
2026-10-08,2001-07-26,68.08180782
2026-10-08,2001-07-27,68.11792907
2026-10-08,2001-07-28,68.15406947
2026-10-08,2001-07-29,68.19022906
2026-10-08,2001-07-30,68.22640782
2026-10-08,2001-07-31,68.26260579
2026-10-08,2001-08-01,68.285775
2026-10-08,2001-08-02,68.30895208
2026-10-08,2001-08-03,68.33213702
2026-10-08,2001-08-04,68.35532983
2026-10-08,2001-08-05,68.37853052
2026-10-08,2001-08-06,66.49089248
2026-10-08,2001-08-07,66.51346035
2026-10-08,2001-08-08,66.53603588
2026-10-08,2001-08-09,66.55861907
2026-10-08,2001-08-10,66.58120993
2026-10-08,2001-08-11,66.60380845
2026-10-08,2001-08-12,66.62641465
2026-10-08,2001-08-13,66.43386597
2026-10-08,2001-08-14,66.45641448
2026-10-08,2001-08-15,66.47897065
2026-10-08,2001-08-16,66.50153448
2026-10-08,2001-08-17,66.52410596
2026-10-08,2001-08-18,66.5466851
2026-10-08,2001-08-19,66.56927191
2026-10-08,2001-08-20,66.59186638
2026-10-08,2001-08-21,66.61446853
2026-10-08,2001-08-22,66.63707834
2026-10-08,2001-08-23,66.65969583
2026-10-08,2001-08-24,66.68232099
2026-10-08,2001-08-25,66.70495384
2026-10-08,2001-08-26,66.72759436
2026-10-08,2001-08-27,66.75024258
2026-10-08,2001-08-28,66.77289847
2026-10-08,2001-08-29,66.79556206
2026-10-08,2001-08-30,66.81823334
2026-10-08,2001-08-31,66.84091231
2026-10-08,2001-09-01,66.84895018
2026-10-08,2001-09-02,66.85698901
2026-10-08,2001-09-03,66.8650288
2026-10-08,2001-09-04,66.87306956
2026-10-08,2001-09-05,66.88111129
2026-10-08,2001-09-06,64.14530487
2026-10-08,2001-09-07,64.15301858
2026-10-08,2001-09-08,64.16073321
2026-10-08,2001-09-09,64.16844877
2026-10-08,2001-09-10,64.17616526
2026-10-08,2001-09-11,64.18388268
2026-10-08,2001-09-12,64.19160103
2026-10-08,2001-09-13,64.1993203
2026-10-08,2001-09-14,64.2070405
2026-10-08,2001-09-15,64.21476163
2026-10-08,2001-09-16,64.22248369
2026-10-08,2001-09-17,61.79109961
2026-10-08,2001-09-18,61.79853021
2026-10-08,2001-09-19,61.80596171
2026-10-08,2001-09-20,61.8133941
2026-10-08,2001-09-21,61.82082739
2026-10-08,2001-09-22,61.82826157
2026-10-08,2001-09-23,61.83569664
2026-10-08,2001-09-24,59.49515965
2026-10-08,2001-09-25,59.50231416
2026-10-08,2001-09-26,59.50946953
2026-10-08,2001-09-27,59.51662576
2026-10-08,2001-09-28,59.52378285
2026-10-08,2001-09-29,59.5309408
2026-10-08,2001-09-30,59.53809961
2026-10-08,2001-10-01,59.56238801
2026-10-08,2001-10-02,59.58668631
2026-10-08,2001-10-03,59.61099452
2026-10-08,2001-10-04,59.63531265
2026-10-08,2001-10-05,59.65964071
2026-10-08,2001-10-06,59.68397868
2026-10-08,2001-10-07,59.70832659
2026-10-08,2001-10-08,59.73268442
2026-10-08,2001-10-09,60.27526276
2026-10-08,2001-10-10,59.78142991
2026-10-08,2001-10-11,59.80581757
2026-10-08,2001-10-12,60.34906021
2026-10-08,2001-10-13,60.37367943
2026-10-08,2001-10-14,60.3983087
2026-10-08,2001-10-15,60.42294801
2026-10-08,2001-10-16,60.44759738
2026-10-08,2001-10-17,60.4722568
2026-10-08,2001-10-18,60.49692628
2026-10-08,2001-10-19,60.52160582
2026-10-08,2001-10-20,60.54629543
2026-10-08,2001-10-21,60.57099512
2026-10-08,2001-10-22,60.59570488
2026-10-08,2001-10-23,60.62042472
2026-10-08,2001-10-24,61.71529809
2026-10-08,2001-10-25,61.74047466
2026-10-08,2001-10-26,61.76566151
2026-10-08,2001-10-27,61.79085863
2026-10-08,2001-10-28,61.81606603
2026-10-08,2001-10-29,61.86399184
2026-10-08,2001-10-30,61.88922907
2026-10-08,2001-10-31,61.9144766
2026-10-08,2001-11-01,61.93583563
2026-10-08,2001-11-02,61.95720202
2026-10-08,2001-11-03,61.97857579
2026-10-08,2001-11-04,61.99995692
2026-10-08,2001-11-05,63.8048415
2026-10-08,2001-11-06,63.82685266
2026-10-08,2001-11-07,63.84887141
2026-10-08,2001-11-08,63.87089776
2026-10-08,2001-11-09,63.8929317
2026-10-08,2001-11-10,63.91497325
2026-10-08,2001-11-11,63.9370224
2026-10-08,2001-11-12,63.95907915
2026-10-08,2001-11-13,66.9181093
2026-10-08,2001-11-14,66.94119446
2026-10-08,2001-11-15,66.96428759
2026-10-08,2001-11-16,66.98738868
2026-10-08,2001-11-17,67.01049774
2026-10-08,2001-11-18,67.03361477
2026-10-08,2001-11-19,67.51087234
2026-10-08,2001-11-20,67.53416199
2026-10-08,2001-11-21,67.55745968
2026-10-08,2001-11-22,67.5807654
2026-10-08,2001-11-23,67.60407916
2026-10-08,2001-11-24,67.62740096
2026-10-08,2001-11-25,67.65073081
2026-10-08,2001-11-26,67.67406871
2026-10-08,2001-11-27,67.69741466
2026-10-08,2001-11-28,67.72076866
2026-10-08,2001-11-29,67.74413072
2026-10-08,2001-11-30,67.76750084
2026-10-08,2001-12-01,67.78346185
2026-10-08,2001-12-02,67.79942662
2026-10-08,2001-12-03,67.81539516
2026-10-08,2001-12-04,67.83136745
2026-10-08,2001-12-05,67.84734351
2026-10-08,2001-12-06,67.86332332
2026-10-08,2001-12-07,67.87930691
2026-10-08,2001-12-08,67.89529425
2026-10-08,2001-12-09,67.91128536
2026-10-08,2001-12-10,67.92728024
2026-10-08,2001-12-11,67.94327889
2026-10-08,2001-12-12,67.9592813
2026-10-08,2001-12-13,67.97528748
2026-10-08,2001-12-14,67.99129744
2026-10-08,2001-12-15,68.00731116
2026-10-08,2001-12-16,68.02332865
2026-10-08,2001-12-17,68.03934992
2026-10-08,2001-12-18,68.05537496
2026-10-08,2001-12-19,68.07140378
2026-10-08,2001-12-20,68.08743637
2026-10-08,2001-12-21,68.10347273
2026-10-08,2001-12-22,68.11951288
2026-10-08,2001-12-23,68.1355568
2026-10-08,2001-12-24,68.1516045
2026-10-08,2001-12-25,68.16765598
2026-10-08,2001-12-26,68.18371124
2026-10-08,2001-12-27,68.19977028
2026-10-08,2001-12-28,68.2158331
2026-10-08,2001-12-29,68.23189971
2026-10-08,2001-12-30,68.2479701
2026-10-08,2001-12-31,68.26404428
2026-10-08,2002-01-01,68.22551335
2026-10-08,2002-01-02,68.18700416
2026-10-08,2002-01-03,68.14851672
2026-10-08,2002-01-04,68.11005099
2026-10-08,2002-01-05,68.07160698
2026-10-08,2002-01-06,68.03318467
2026-10-08,2002-01-07,67.99478404
2026-10-08,2002-01-08,67.95640509
2026-10-08,2002-01-09,67.91804781
2026-10-08,2002-01-10,67.87971217
2026-10-08,2002-01-11,116.6813608
2026-10-08,2002-01-12,116.6155012
2026-10-08,2002-01-13,116.5496788
2026-10-08,2002-01-14,116.4838935
2026-10-08,2002-01-15,123.6943644
2026-10-08,2002-01-16,138.1686007
2026-10-08,2002-01-17,138.0906129
2026-10-08,2002-01-18,141.6445368
2026-10-08,2002-01-19,141.564587
2026-10-08,2002-01-20,141.4846823
2026-10-08,2002-01-21,141.4048228
2026-10-08,2002-01-22,141.3250083
2026-10-08,2002-01-23,141.2452389
2026-10-08,2002-01-24,141.1655144
2026-10-08,2002-01-25,141.085835
2026-10-08,2002-01-26,141.0062006
2026-10-08,2002-01-27,140.9266111
2026-10-08,2002-01-28,149.5146095
2026-10-08,2002-01-29,147.98633
2026-10-08,2002-01-30,147.9028007
2026-10-08,2002-01-31,147.8193185
2026-10-08,2002-02-01,147.6753969
2026-10-08,2002-02-02,147.5316155
2026-10-08,2002-02-03,147.3879741
2026-10-08,2002-02-04,147.2444725
2026-10-08,2002-02-05,147.1011106
2026-10-08,2002-02-06,146.9578883
2026-10-08,2002-02-07,146.8148055
2026-10-08,2002-02-08,146.671862
2026-10-08,2002-02-09,146.5290576
2026-10-08,2002-02-10,146.3863923
2026-10-08,2002-02-11,132.5805038
2026-10-08,2002-02-12,125.4031462
2026-10-08,2002-02-13,115.1230908
2026-10-08,2002-02-14,123.2829251
2026-10-08,2002-02-15,122.4558746
2026-10-08,2002-02-16,122.3366477
2026-10-08,2002-02-17,122.2175369
2026-10-08,2002-02-18,135.6650834
2026-10-08,2002-02-19,143.1903699
2026-10-08,2002-02-20,142.7563783
2026-10-08,2002-02-21,136.3312236
2026-10-08,2002-02-22,147.8976552
2026-10-08,2002-02-23,147.7536574
2026-10-08,2002-02-24,147.6097998
2026-10-08,2002-02-25,143.361221
2026-10-08,2002-02-26,144.6641082
2026-10-08,2002-02-27,148.0264522
2026-10-08,2002-02-28,149.6413135
2026-10-08,2002-03-01,146.8799114
2026-10-08,2002-03-02,146.7242195
2026-10-08,2002-03-03,146.5686926
2026-10-08,2002-03-04,142.9272213
2026-10-08,2002-03-05,142.7757192
2026-10-08,2002-03-06,149.1992419
2026-10-08,2002-03-07,151.1541172
2026-10-08,2002-03-08,154.2951555
2026-10-08,2002-03-09,154.1316034
2026-10-08,2002-03-10,153.9682248
2026-10-08,2002-03-11,162.7708035
2026-10-08,2002-03-12,165.3505866
2026-10-08,2002-03-13,164.4411832
2026-10-08,2002-03-14,163.7746912
2026-10-08,2002-03-15,157.7040307
2026-10-08,2002-03-16,157.5368653
2026-10-08,2002-03-17,157.3698771
2026-10-08,2002-03-18,163.5594394
2026-10-08,2002-03-19,166.0610265
2026-10-08,2002-03-20,170.4349433
2026-10-08,2002-03-21,162.4841925
2026-10-08,2002-03-22,201.2707296
2026-10-08,2002-03-23,201.0573837
2026-10-08,2002-03-24,200.844264
2026-10-08,2002-03-25,212.1534817
2026-10-08,2002-03-26,196.102271
2026-10-08,2002-03-27,203.5128325
2026-10-08,2002-03-28,203.29711
2026-10-08,2002-03-29,203.0816162
2026-10-08,2002-03-30,202.8663508
2026-10-08,2002-03-31,202.6513135
2026-10-08,2002-04-01,202.0384896
2026-10-08,2002-04-02,202.469933
2026-10-08,2002-04-03,202.1217541
2026-10-08,2002-04-04,181.9563081
2026-10-08,2002-04-05,187.1990639
2026-10-08,2002-04-06,186.632968
2026-10-08,2002-04-07,186.068584
2026-10-08,2002-04-08,186.8088656
2026-10-08,2002-04-09,189.5470364
2026-10-08,2002-04-10,188.560088
2026-10-08,2002-04-11,193.5502052
2026-10-08,2002-04-12,193.5220066
2026-10-08,2002-04-13,192.9367899
2026-10-08,2002-04-14,192.353343
2026-10-08,2002-04-15,194.2301957
2026-10-08,2002-04-16,182.0559949
2026-10-08,2002-04-17,181.5054518
2026-10-08,2002-04-18,180.9565736
2026-10-08,2002-04-19,202.8732265
2026-10-08,2002-04-20,202.2597314
2026-10-08,2002-04-21,201.6480916
2026-10-08,2002-04-22,201.0383013
2026-10-08,2002-04-23,200.4303552
2026-10-08,2002-04-24,199.8242474
2026-10-08,2002-04-25,199.2199726
2026-10-08,2002-04-26,198.6175251
2026-10-08,2002-04-27,198.0168994
2026-10-08,2002-04-28,197.41809
2026-10-08,2002-04-29,180.7469038
2026-10-08,2002-04-30,182.804172
2026-10-08,2002-05-01,182.584747
2026-10-08,2002-05-02,189.7090992
2026-10-08,2002-05-03,192.5745469
2026-10-08,2002-05-04,192.3433943
2026-10-08,2002-05-05,192.1125192
2026-10-08,2002-05-06,191.2436092
2026-10-08,2002-05-07,189.9871764
2026-10-08,2002-05-08,188.8219539
2026-10-08,2002-05-09,186.3952428
2026-10-08,2002-05-10,188.0618167
2026-10-08,2002-05-11,187.8360808
2026-10-08,2002-05-12,187.6106159
2026-10-08,2002-05-13,188.0701272
2026-10-08,2002-05-14,182.2934492
2026-10-08,2002-05-15,184.2525044
2026-10-08,2002-05-16,183.8847808
2026-10-08,2002-05-17,196.20558
2026-10-08,2002-05-18,195.970069
2026-10-08,2002-05-19,195.7348406
2026-10-08,2002-05-20,202.8047922
2026-10-08,2002-05-21,202.56136
2026-10-08,2002-05-22,196.064348
2026-10-08,2002-05-23,189.7782494
2026-10-08,2002-05-24,189.5504533
2026-10-08,2002-05-25,189.3229305
2026-10-08,2002-05-26,189.0956809
2026-10-08,2002-05-27,188.8687041
2026-10-08,2002-05-28,194.2672353
2026-10-08,2002-05-29,199.26189
2026-10-08,2002-05-30,199.0227104
2026-10-08,2002-05-31,199.9713505
2026-10-08,2002-06-01,199.7623127
2026-10-08,2002-06-02,199.5534935
2026-10-08,2002-06-03,200.4523703
2026-10-08,2002-06-04,198.7389844
2026-10-08,2002-06-05,194.4879871
2026-10-08,2002-06-06,194.3592521
2026-10-08,2002-06-07,194.1560808
2026-10-08,2002-06-08,193.953122
2026-10-08,2002-06-09,193.7503753
2026-10-08,2002-06-10,183.339921
2026-10-08,2002-06-11,183.6361041
2026-10-08,2002-06-12,177.2394894
2026-10-08,2002-06-13,173.9838884
2026-10-08,2002-06-14,178.4384283
2026-10-08,2002-06-15,178.2518997
2026-10-08,2002-06-16,178.0655661
2026-10-08,2002-06-17,177.8794273
2026-10-08,2002-06-18,178.9758997
2026-10-08,2002-06-19,179.0945502
2026-10-08,2002-06-20,181.0204247
2026-10-08,2002-06-21,184.538814
2026-10-08,2002-06-22,184.3459085
2026-10-08,2002-06-23,184.1532045
2026-10-08,2002-06-24,181.1402766
2026-10-08,2002-06-25,190.760663
2026-10-08,2002-06-26,185.1193727
2026-10-08,2002-06-27,181.6235474
2026-10-08,2002-06-28,182.0754731
2026-10-08,2002-06-29,181.8851425
2026-10-08,2002-06-30,181.695011
2026-10-08,2002-07-01,181.6809749
2026-10-08,2002-07-02,168.8671538
2026-10-08,2002-07-03,167.5947556
2026-10-08,2002-07-04,167.4891041
2026-10-08,2002-07-05,167.3835192
2026-10-08,2002-07-06,167.2780009
2026-10-08,2002-07-07,167.1725491
2026-10-08,2002-07-08,167.0671637
2026-10-08,2002-07-09,166.9618448
2026-10-08,2002-07-10,166.8565923
2026-10-08,2002-07-11,169.5677017
2026-10-08,2002-07-12,172.7903381
2026-10-08,2002-07-13,172.6814113
2026-10-08,2002-07-14,172.5725532
2026-10-08,2002-07-15,172.4637637
2026-10-08,2002-07-16,166.5683654
2026-10-08,2002-07-17,166.4053221
2026-10-08,2002-07-18,164.6295792
2026-10-08,2002-07-19,168.2444207
2026-10-08,2002-07-20,168.1383597
2026-10-08,2002-07-21,168.0323655
2026-10-08,2002-07-22,167.6204935
2026-10-08,2002-07-23,167.9616631
2026-10-08,2002-07-24,166.0273521
2026-10-08,2002-07-25,164.9657407
2026-10-08,2002-07-26,162.0114618
2026-10-08,2002-07-27,161.90933
2026-10-08,2002-07-28,161.8072626
2026-10-08,2002-07-29,161.3830104
2026-10-08,2002-07-30,150.0950819
2026-10-08,2002-07-31,146.4474635
2026-10-08,2002-08-01,138.627637
2026-10-08,2002-08-02,154.0565038
2026-10-08,2002-08-03,153.9735902
2026-10-08,2002-08-04,153.8907212
2026-10-08,2002-08-05,159.8678747
2026-10-08,2002-08-06,149.8819296
2026-10-08,2002-08-07,155.059609
2026-10-08,2002-08-08,168.1486681
2026-10-08,2002-08-09,161.1300414
2026-10-08,2002-08-10,161.0433208
2026-10-08,2002-08-11,160.9566469
2026-10-08,2002-08-12,156.058447
2026-10-08,2002-08-13,149.3181727
2026-10-08,2002-08-14,151.0651707
2026-10-08,2002-08-15,151.461697
2026-10-08,2002-08-16,150.6650035
2026-10-08,2002-08-17,150.5839152
2026-10-08,2002-08-18,150.5028706
2026-10-08,2002-08-19,150.4218696
2026-10-08,2002-08-20,154.8035754
2026-10-08,2002-08-21,153.7654537
2026-10-08,2002-08-22,151.3092142
2026-10-08,2002-08-23,151.1781592
2026-10-08,2002-08-24,151.0967947
2026-10-08,2002-08-25,151.015474
2026-10-08,2002-08-26,152.7151528
2026-10-08,2002-08-27,155.1587934
2026-10-08,2002-08-28,151.5639529
2026-10-08,2002-08-29,150.4506367
2026-10-08,2002-08-30,157.0365227
2026-10-08,2002-08-31,156.9520052
2026-10-08,2002-09-01,156.919597
2026-10-08,2002-09-02,156.8871955
2026-10-08,2002-09-03,155.176661
2026-10-08,2002-09-04,153.4617462
2026-10-08,2002-09-05,152.2453888
2026-10-08,2002-09-06,150.0394897
2026-10-08,2002-09-07,150.0085089
2026-10-08,2002-09-08,149.9775344
2026-10-08,2002-09-09,149.8989428
2026-10-08,2002-09-10,152.5304548
2026-10-08,2002-09-11,151.7147966
2026-10-08,2002-09-12,151.6834698
2026-10-08,2002-09-13,151.6521495
2026-10-08,2002-09-14,151.6208357
2026-10-08,2002-09-15,151.5895283
2026-10-08,2002-09-16,149.4927149
2026-10-08,2002-09-17,146.946773
2026-10-08,2002-09-18,144.1317314
2026-10-08,2002-09-19,140.7876665
2026-10-08,2002-09-20,140.758596
2026-10-08,2002-09-21,140.7295315
2026-10-08,2002-09-22,140.700473
2026-10-08,2002-09-23,140.2526092
2026-10-08,2002-09-24,132.9958467
2026-10-08,2002-09-25,126.2496805
2026-10-08,2002-09-26,152.0273111
2026-10-08,2002-09-27,126.6637202
2026-10-08,2002-09-28,126.6375661
2026-10-08,2002-09-29,126.6114174
2026-10-08,2002-09-30,126.5852741
2026-10-08,2002-10-01,129.3245132
2026-10-08,2002-10-02,134.3763355
2026-10-08,2002-10-03,133.0625157
2026-10-08,2002-10-04,133.1089612
2026-10-08,2002-10-05,133.155423
2026-10-08,2002-10-06,133.2019009
2026-10-08,2002-10-07,137.9668018
2026-10-08,2002-10-08,130.2663853
2026-10-08,2002-10-09,127.4286163
2026-10-08,2002-10-10,124.523066
2026-10-08,2002-10-11,122.7552664
2026-10-08,2002-10-12,122.7981142
2026-10-08,2002-10-13,122.8409769
2026-10-08,2002-10-14,122.8838547
2026-10-08,2002-10-15,122.8513408
2026-10-08,2002-10-16,122.9391691
2026-10-08,2002-10-17,119.3833678
2026-10-08,2002-10-18,124.8712098
2026-10-08,2002-10-19,124.9147961
2026-10-08,2002-10-20,124.9583977
2026-10-08,2002-10-21,122.7324658
2026-10-08,2002-10-22,119.7989267
2026-10-08,2002-10-23,121.5117691
2026-10-08,2002-10-24,120.9308729
2026-10-08,2002-10-25,124.5005686
2026-10-08,2002-10-26,124.5440256
2026-10-08,2002-10-27,124.5874978
2026-10-08,2002-10-28,125.028179
2026-10-08,2002-10-29,122.6513109
2026-10-08,2002-10-30,123.7719817
2026-10-08,2002-10-31,125.9555469
2026-10-08,2002-11-01,126.682047
2026-10-08,2002-11-02,126.7861554
2026-10-08,2002-11-03,126.8903494
2026-10-08,2002-11-04,132.1364226
2026-10-08,2002-11-05,130.0348238
2026-10-08,2002-11-06,130.1416876
2026-10-08,2002-11-07,130.2969805
2026-10-08,2002-11-08,132.9113079
2026-10-08,2002-11-09,133.0205356
2026-10-08,2002-11-10,133.129853
2026-10-08,2002-11-11,133.2392603
2026-10-08,2002-11-12,132.8268498
2026-10-08,2002-11-13,128.653668
2026-10-08,2002-11-14,128.5442493
2026-10-08,2002-11-15,127.1301548
2026-10-08,2002-11-16,127.2346315
2026-10-08,2002-11-17,127.3391941
2026-10-08,2002-11-18,129.8985351
2026-10-08,2002-11-19,132.4981796
2026-10-08,2002-11-20,133.0211163
2026-10-08,2002-11-21,133.4720717
2026-10-08,2002-11-22,131.4382367
2026-10-08,2002-11-23,131.5462539
2026-10-08,2002-11-24,131.6543597
2026-10-08,2002-11-25,131.6143006
2026-10-08,2002-11-26,130.2734911
2026-10-08,2002-11-27,130.94669
2026-10-08,2002-11-28,131.0543031
2026-10-08,2002-11-29,134.7890792
2026-10-08,2002-11-30,134.8998501
2026-10-08,2002-12-01,134.9820711
2026-10-08,2002-12-02,133.4643531
2026-10-08,2002-12-03,130.5328472
2026-10-08,2002-12-04,128.7257369
2026-10-08,2002-12-05,126.9124707
2026-10-08,2002-12-06,126.2147542
2026-10-08,2002-12-07,126.2916817
2026-10-08,2002-12-08,126.368656
2026-10-08,2002-12-09,124.8878438
2026-10-08,2002-12-10,124.6099883
2026-10-08,2002-12-11,125.6490477
2026-10-08,2002-12-12,126.4393098
2026-10-08,2002-12-13,127.7170281
2026-10-08,2002-12-14,127.7948712
2026-10-08,2002-12-15,127.8727617
2026-10-08,2002-12-16,131.2111651
2026-10-08,2002-12-17,133.5553511
2026-10-08,2002-12-18,134.7505494
2026-10-08,2002-12-19,134.4781167
2026-10-08,2002-12-20,138.9033013
2026-10-08,2002-12-21,138.9879623
2026-10-08,2002-12-22,139.072675
2026-10-08,2002-12-23,135.2695128
2026-10-08,2002-12-24,135.1197209
2026-10-08,2002-12-25,135.2020759
2026-10-08,2002-12-26,131.5775039
2026-10-08,2002-12-27,130.7670301
2026-10-08,2002-12-28,130.8467322
2026-10-08,2002-12-29,130.9264828
2026-10-08,2002-12-30,131.0112035
2026-10-08,2002-12-31,130.4073665
2026-10-08,2003-01-01,130.4459974
2026-10-08,2003-01-02,130.5596464
2026-10-08,2003-01-03,131.5949185
2026-10-08,2003-01-04,131.6339012
2026-10-08,2003-01-05,131.6728954
2026-10-08,2003-01-06,130.7532002
2026-10-08,2003-01-07,133.2177709
2026-10-08,2003-01-08,136.9507495
2026-10-08,2003-01-09,137.7347119
2026-10-08,2003-01-10,139.9979846
2026-10-08,2003-01-11,140.0394565
2026-10-08,2003-01-12,140.0809407
2026-10-08,2003-01-13,138.6524265
2026-10-08,2003-01-14,135.9385939
2026-10-08,2003-01-15,134.9776195
2026-10-08,2003-01-16,136.2716258
2026-10-08,2003-01-17,131.4413908
2026-10-08,2003-01-18,131.480328
2026-10-08,2003-01-19,131.5192767
2026-10-08,2003-01-20,130.3325891
2026-10-08,2003-01-21,123.8971664
2026-10-08,2003-01-22,121.1203817
2026-10-08,2003-01-23,124.3427212
2026-10-08,2003-01-24,121.3100814
2026-10-08,2003-01-25,121.3460174
2026-10-08,2003-01-26,121.381964
2026-10-08,2003-01-27,125.1153201
2026-10-08,2003-01-28,126.082731
2026-10-08,2003-01-29,125.0516232
2026-10-08,2003-01-30,126.5997739
2026-10-08,2003-01-31,125.432617
2026-10-08,2003-02-01,125.4771013
2026-10-08,2003-02-02,125.5216014
2026-10-08,2003-02-03,126.0697217
2026-10-08,2003-02-04,124.680641
2026-10-08,2003-02-05,121.4296071
2026-10-08,2003-02-06,121.4051579
2026-10-08,2003-02-07,122.0125975
2026-10-08,2003-02-08,122.0558689
2026-10-08,2003-02-09,122.0991556
2026-10-08,2003-02-10,120.557232
2026-10-08,2003-02-11,120.8371209
2026-10-08,2003-02-12,120.0052783
2026-10-08,2003-02-13,120.0696124
2026-10-08,2003-02-14,120.5126015
2026-10-08,2003-02-15,120.555341
2026-10-08,2003-02-16,120.5980955
2026-10-08,2003-02-17,119.8821159
2026-10-08,2003-02-18,122.7860603
2026-10-08,2003-02-19,123.7770824
2026-10-08,2003-02-20,123.8366907
2026-10-08,2003-02-21,124.2598962
2026-10-08,2003-02-22,124.3039646
2026-10-08,2003-02-23,124.3480486
2026-10-08,2003-02-24,122.9446723
2026-10-08,2003-02-25,122.8055346
2026-10-08,2003-02-26,123.6866161
2026-10-08,2003-02-27,124.9659642
2026-10-08,2003-02-28,124.8348781
2026-10-08,2003-03-01,124.860627
2026-10-08,2003-03-02,124.8863813
2026-10-08,2003-03-03,125.8011485
2026-10-08,2003-03-04,124.6511374
2026-10-08,2003-03-05,124.6349758
2026-10-08,2003-03-06,127.0582459
2026-10-08,2003-03-07,126.2490292
2026-10-08,2003-03-08,126.2750698
2026-10-08,2003-03-09,126.3011158
2026-10-08,2003-03-10,124.6360034
2026-10-08,2003-03-11,125.6930533
2026-10-08,2003-03-12,125.4564779
2026-10-08,2003-03-13,128.1041348
2026-10-08,2003-03-14,127.0483771
2026-10-08,2003-03-15,127.0745826
2026-10-08,2003-03-16,127.1007935
2026-10-08,2003-03-17,126.0185535
2026-10-08,2003-03-18,124.5267874
2026-10-08,2003-03-19,121.597936
2026-10-08,2003-03-20,122.0787429
2026-10-08,2003-03-21,124.3855421
2026-10-08,2003-03-22,124.4111983
2026-10-08,2003-03-23,124.4368599
2026-10-08,2003-03-24,123.3349535
2026-10-08,2003-03-25,122.3420463
2026-10-08,2003-03-26,120.0962049
2026-10-08,2003-03-27,119.4689992
2026-10-08,2003-03-28,124.378729
2026-10-08,2003-03-29,124.4043838
2026-10-08,2003-03-30,124.4300439
2026-10-08,2003-03-31,124.4557094
2026-10-08,2003-04-01,125.5258149
2026-10-08,2003-04-02,124.982113
2026-10-08,2003-04-03,125.3277021
2026-10-08,2003-04-04,126.7304401
2026-10-08,2003-04-05,126.7688253
2026-10-08,2003-04-06,126.8072222
2026-10-08,2003-04-07,128.9309388
2026-10-08,2003-04-08,128.800769
2026-10-08,2003-04-09,129.4486285
2026-10-08,2003-04-10,125.9355514
2026-10-08,2003-04-11,127.1971966
2026-10-08,2003-04-12,127.2357232
2026-10-08,2003-04-13,127.2742615
2026-10-08,2003-04-14,130.3763165
2026-10-08,2003-04-15,134.3605639
2026-10-08,2003-04-16,134.1402554
2026-10-08,2003-04-17,134.180885
2026-10-08,2003-04-18,134.2215268
2026-10-08,2003-04-19,134.262181
2026-10-08,2003-04-20,134.3028475
2026-10-08,2003-04-21,134.6960143
2026-10-08,2003-04-22,132.0872663
2026-10-08,2003-04-23,133.414578
2026-10-08,2003-04-24,133.8608022
2026-10-08,2003-04-25,134.7041727
2026-10-08,2003-04-26,134.744973
2026-10-08,2003-04-27,134.7857858
2026-10-08,2003-04-28,135.7764987
2026-10-08,2003-04-29,137.6984391
2026-10-08,2003-04-30,138.3203085
2026-10-08,2003-05-01,138.3648845
2026-10-08,2003-05-02,134.0125904
2026-10-08,2003-05-03,134.0557782
2026-10-08,2003-05-04,134.0989799
2026-10-08,2003-05-05,131.5025063
2026-10-08,2003-05-06,131.5448852
2026-10-08,2003-05-07,134.3652017
2026-10-08,2003-05-08,134.4742362
2026-10-08,2003-05-09,136.9915232
2026-10-08,2003-05-10,137.035671
2026-10-08,2003-05-11,137.079833
2026-10-08,2003-05-12,136.915752
2026-10-08,2003-05-13,136.5327036
2026-10-08,2003-05-14,137.6739954
2026-10-08,2003-05-15,137.2660149
2026-10-08,2003-05-16,142.0004471
2026-10-08,2003-05-17,142.0462091
2026-10-08,2003-05-18,142.0919859
2026-10-08,2003-05-19,139.2336858
2026-10-08,2003-05-20,136.3666877
2026-10-08,2003-05-21,135.4634124
2026-10-08,2003-05-22,137.9593146
2026-10-08,2003-05-23,142.1207965
2026-10-08,2003-05-24,142.1665973
2026-10-08,2003-05-25,142.2124129
2026-10-08,2003-05-26,140.7865683
2026-10-08,2003-05-27,135.748982
2026-10-08,2003-05-28,136.4918898
2026-10-08,2003-05-29,140.4488919
2026-10-08,2003-05-30,136.5612899
2026-10-08,2003-05-31,136.605299
2026-10-08,2003-06-01,136.6023492
2026-10-08,2003-06-02,137.0125898
2026-10-08,2003-06-03,137.5275024
2026-10-08,2003-06-04,139.0253401
2026-10-08,2003-06-05,141.2162955
2026-10-08,2003-06-06,140.3225824
2026-10-08,2003-06-07,140.3195522
2026-10-08,2003-06-08,140.3165222
2026-10-08,2003-06-09,140.651974
2026-10-08,2003-06-10,140.5464077
2026-10-08,2003-06-11,140.7497133
2026-10-08,2003-06-12,140.8064443
2026-10-08,2003-06-13,141.1361367
2026-10-08,2003-06-14,141.133089
2026-10-08,2003-06-15,141.1300414
2026-10-08,2003-06-16,141.1269939
2026-10-08,2003-06-17,139.2942873
2026-10-08,2003-06-18,137.8910064
2026-10-08,2003-06-19,138.7091023
2026-10-08,2003-06-20,138.761435
2026-10-08,2003-06-21,138.7584386
2026-10-08,2003-06-22,138.7554423
2026-10-08,2003-06-23,139.0206335
2026-10-08,2003-06-24,138.7951951
2026-10-08,2003-06-25,138.3557688
2026-10-08,2003-06-26,137.5731436
2026-10-08,2003-06-27,139.9150386
2026-10-08,2003-06-28,139.9120173
2026-10-08,2003-06-29,139.908996
2026-10-08,2003-06-30,141.1210695
2026-10-08,2003-07-01,141.1595208
2026-10-08,2003-07-02,142.1006012
2026-10-08,2003-07-03,140.9844674
2026-10-08,2003-07-04,140.973192
2026-10-08,2003-07-05,140.9619176
2026-10-08,2003-07-06,140.950644
2026-10-08,2003-07-07,138.0474048
2026-10-08,2003-07-08,137.4452756
2026-10-08,2003-07-09,137.4342833
2026-10-08,2003-07-10,136.5922152
2026-10-08,2003-07-11,136.2444028
2026-10-08,2003-07-12,136.2335065
2026-10-08,2003-07-13,136.2226112
2026-10-08,2003-07-14,138.1377586
2026-10-08,2003-07-15,138.9029194
2026-10-08,2003-07-16,139.442265
2026-10-08,2003-07-17,139.053134
2026-10-08,2003-07-18,138.958088
2026-10-08,2003-07-19,138.9469747
2026-10-08,2003-07-20,138.9358623
2026-10-08,2003-07-21,138.5394726
2026-10-08,2003-07-22,137.7777311
2026-10-08,2003-07-23,137.4325725
2026-10-08,2003-07-24,139.097282
2026-10-08,2003-07-25,139.5327946
2026-10-08,2003-07-26,139.5216354
2026-10-08,2003-07-27,139.510477
2026-10-08,2003-07-28,139.9016386
2026-10-08,2003-07-29,138.5146031
2026-10-08,2003-07-30,140.3702095
2026-10-08,2003-07-31,140.2755731
2026-10-08,2003-08-01,138.5893671
2026-10-08,2003-08-02,138.6035901
2026-10-08,2003-08-03,138.6178146
2026-10-08,2003-08-04,137.207494
2026-10-08,2003-08-05,138.7314328
2026-10-08,2003-08-06,136.5983538
2026-10-08,2003-08-07,139.9143657
2026-10-08,2003-08-08,140.4915282
2026-10-08,2003-08-09,140.5059464
2026-10-08,2003-08-10,140.5203661
2026-10-08,2003-08-11,138.976181
2026-10-08,2003-08-12,137.175571
2026-10-08,2003-08-13,137.1161213
2026-10-08,2003-08-14,137.651364
2026-10-08,2003-08-15,137.6654908
2026-10-08,2003-08-16,137.679619
2026-10-08,2003-08-17,137.6937486
2026-10-08,2003-08-18,137.7078797
2026-10-08,2003-08-19,138.0867334
2026-10-08,2003-08-20,139.2440436
2026-10-08,2003-08-21,140.6483594
2026-10-08,2003-08-22,141.0392023
2026-10-08,2003-08-23,141.0536768
2026-10-08,2003-08-24,141.0681527
2026-10-08,2003-08-25,139.9339014
2026-10-08,2003-08-26,140.7601464
2026-10-08,2003-08-27,142.7841361
2026-10-08,2003-08-28,142.7982176
2026-10-08,2003-08-29,141.9977355
2026-10-08,2003-08-30,142.0123083
2026-10-08,2003-08-31,142.0268826
2026-10-08,2003-09-01,142.2539477
2026-10-08,2003-09-02,143.9755707
2026-10-08,2003-09-03,144.3031195
2026-10-08,2003-09-04,144.2495425
2026-10-08,2003-09-05,143.99744
2026-10-08,2003-09-06,144.0327004
2026-10-08,2003-09-07,144.0679694
2026-10-08,2003-09-08,143.8545933
2026-10-08,2003-09-09,144.0864968
2026-10-08,2003-09-10,145.3187695
2026-10-08,2003-09-11,142.9288073
2026-10-08,2003-09-12,143.9033041
2026-10-08,2003-09-13,143.9385414
2026-10-08,2003-09-14,143.9737874
2026-10-08,2003-09-15,143.9606616
2026-10-08,2003-09-16,143.3495816
2026-10-08,2003-09-17,143.6818589
2026-10-08,2003-09-18,144.2126953
2026-10-08,2003-09-19,143.9501125
2026-10-08,2003-09-20,143.9853613
2026-10-08,2003-09-21,144.0206187
2026-10-08,2003-09-22,144.0067023
2026-10-08,2003-09-23,142.7606062
2026-10-08,2003-09-24,142.547085
2026-10-08,2003-09-25,142.0980072
2026-10-08,2003-09-26,142.7211233
2026-10-08,2003-09-27,142.7560712
2026-10-08,2003-09-28,142.7910276
2026-10-08,2003-09-29,143.2673773
2026-10-08,2003-09-30,144.5863039
2026-10-08,2003-10-01,144.0269819
2026-10-08,2003-10-02,144.9109862
2026-10-08,2003-10-03,143.9989616
2026-10-08,2003-10-04,143.9851696
2026-10-08,2003-10-05,143.9713789
2026-10-08,2003-10-06,143.6563258
2026-10-08,2003-10-07,144.7494466
2026-10-08,2003-10-08,144.84184
2026-10-08,2003-10-09,144.4241421
2026-10-08,2003-10-10,144.003068
2026-10-08,2003-10-11,143.9892756
2026-10-08,2003-10-12,143.9754845
2026-10-08,2003-10-13,143.9616948
2026-10-08,2003-10-14,144.3041959
2026-10-08,2003-10-15,144.801161
2026-10-08,2003-10-16,144.0725475
2026-10-08,2003-10-17,143.1013874
2026-10-08,2003-10-18,143.0876814
2026-10-08,2003-10-19,143.0739766
2026-10-08,2003-10-20,142.9135823
2026-10-08,2003-10-21,143.6495279
2026-10-08,2003-10-22,143.28421
2026-10-08,2003-10-23,143.0194584
2026-10-08,2003-10-24,142.3559673
2026-10-08,2003-10-25,142.3423326
2026-10-08,2003-10-26,142.3286993
2026-10-08,2003-10-27,142.36465
2026-10-08,2003-10-28,143.5029492
2026-10-08,2003-10-29,144.2464545
2026-10-08,2003-10-30,144.7105081
2026-10-08,2003-10-31,143.5128637
2026-10-08,2003-11-01,143.5173301
2026-10-08,2003-11-02,143.5217966
2026-10-08,2003-11-03,144.0297059
2026-10-08,2003-11-04,143.6307321
2026-10-08,2003-11-05,143.3340374
2026-10-08,2003-11-06,143.3384982
2026-10-08,2003-11-07,142.7418853
2026-10-08,2003-11-08,142.7463277
2026-10-08,2003-11-09,142.7507703
2026-10-08,2003-11-10,142.0629722
2026-10-08,2003-11-11,142.5657878
2026-10-08,2003-11-12,141.4867438
2026-10-08,2003-11-13,140.8212623
2026-10-08,2003-11-14,139.9229035
2026-10-08,2003-11-15,139.9272582
2026-10-08,2003-11-16,139.931613
2026-10-08,2003-11-17,140.6464706
2026-10-08,2003-11-18,139.6965338
2026-10-08,2003-11-19,140.7135868
2026-10-08,2003-11-20,140.7710108
2026-10-08,2003-11-21,142.1827734
2026-10-08,2003-11-22,142.1871984
2026-10-08,2003-11-23,142.1916236
2026-10-08,2003-11-24,142.7357632
2026-10-08,2003-11-25,143.1864829
2026-10-08,2003-11-26,145.4882468
2026-10-08,2003-11-27,144.7603395
2026-10-08,2003-11-28,145.9854642
2026-10-08,2003-11-29,145.9900076
2026-10-08,2003-11-30,145.994551
2026-10-08,2003-12-01,146.3657051
2026-10-08,2003-12-02,146.1594705
2026-10-08,2003-12-03,145.6051003
2026-10-08,2003-12-04,145.1249912
2026-10-08,2003-12-05,145.289749
2026-10-08,2003-12-06,145.3041803
2026-10-08,2003-12-07,145.318613
2026-10-08,2003-12-08,145.3330471
2026-10-08,2003-12-09,144.2694775
2026-10-08,2003-12-10,143.7935471
2026-10-08,2003-12-11,144.5916621
2026-10-08,2003-12-12,145.1469149
2026-10-08,2003-12-13,145.161332
2026-10-08,2003-12-14,145.1757505
2026-10-08,2003-12-15,146.1839954
2026-10-08,2003-12-16,145.6458876
2026-10-08,2003-12-17,145.6632351
2026-10-08,2003-12-18,145.9223082
2026-10-08,2003-12-19,146.1383548
2026-10-08,2003-12-20,146.1528704
2026-10-08,2003-12-21,146.1673874
2026-10-08,2003-12-22,146.1860851
2026-10-08,2003-12-23,146.6556118
2026-10-08,2003-12-24,146.6928088
2026-10-08,2003-12-25,146.7073794
2026-10-08,2003-12-26,146.6547687
2026-10-08,2003-12-27,146.6693356
2026-10-08,2003-12-28,146.6839039
2026-10-08,2003-12-29,147.7784781
2026-10-08,2003-12-30,145.9167707
2026-10-08,2003-12-31,146.2371989
2026-10-08,2004-01-01,146.2531004
2026-10-08,2004-01-02,146.2759287
2026-10-08,2004-01-03,146.2918344
2026-10-08,2004-01-04,146.3077418
2026-10-08,2004-01-05,145.6850385
2026-10-08,2004-01-06,144.2341487
2026-10-08,2004-01-07,146.0708151
2026-10-08,2004-01-08,146.3910226
2026-10-08,2004-01-09,147.3910484
2026-10-08,2004-01-10,147.4070754
2026-10-08,2004-01-11,147.4231041
2026-10-08,2004-01-12,147.2762185
2026-10-08,2004-01-13,147.2195772
2026-10-08,2004-01-14,147.173612
2026-10-08,2004-01-15,147.2515956
2026-10-08,2004-01-16,147.5128102
2026-10-08,2004-01-17,147.5288504
2026-10-08,2004-01-18,147.5448923
2026-10-08,2004-01-19,147.7658924
2026-10-08,2004-01-20,147.4081414
2026-10-08,2004-01-21,147.9775861
2026-10-08,2004-01-22,147.4381766
2026-10-08,2004-01-23,148.1138827
2026-10-08,2004-01-24,148.1299882
2026-10-08,2004-01-25,148.1460955
2026-10-08,2004-01-26,148.0580572
2026-10-08,2004-01-27,146.8842884
2026-10-08,2004-01-28,145.9300323
2026-10-08,2004-01-29,145.6832766
2026-10-08,2004-01-30,145.1085481
2026-10-08,2004-01-31,145.1243268
2026-10-08,2004-02-01,145.1498653
2026-10-08,2004-02-02,143.9911184
2026-10-08,2004-02-03,145.6481111
2026-10-08,2004-02-04,146.2207634
2026-10-08,2004-02-05,146.2908205
2026-10-08,2004-02-06,146.0170959
2026-10-08,2004-02-07,146.0427915
2026-10-08,2004-02-08,146.0684916
2026-10-08,2004-02-09,145.4030405
2026-10-08,2004-02-10,145.7274373
2026-10-08,2004-02-11,146.6543077
2026-10-08,2004-02-12,146.5851183
2026-10-08,2004-02-13,145.8584917
2026-10-08,2004-02-14,145.8841593
2026-10-08,2004-02-15,145.9098315
2026-10-08,2004-02-16,145.8355096
2026-10-08,2004-02-17,145.8841087
2026-10-08,2004-02-18,145.0880231
2026-10-08,2004-02-19,144.3761664
2026-10-08,2004-02-20,142.9449813
2026-10-08,2004-02-21,142.9701362
2026-10-08,2004-02-22,142.9952956
2026-10-08,2004-02-23,143.5467892
2026-10-08,2004-02-24,143.3015718
2026-10-08,2004-02-25,144.4273543
2026-10-08,2004-02-26,144.8965047
2026-10-08,2004-02-27,145.9662426
2026-10-08,2004-02-28,145.9919292
2026-10-08,2004-02-29,146.0176203
2026-10-08,2004-03-01,146.9721574
2026-10-08,2004-03-02,146.1065231
2026-10-08,2004-03-03,147.0161777
2026-10-08,2004-03-04,147.5122591
2026-10-08,2004-03-05,148.634845
2026-10-08,2004-03-06,148.6286411
2026-10-08,2004-03-07,148.6224374
2026-10-08,2004-03-08,148.4059571
2026-10-08,2004-03-09,147.3903019
2026-10-08,2004-03-10,146.8153158
2026-10-08,2004-03-11,145.8018468
2026-10-08,2004-03-12,145.8456317
2026-10-08,2004-03-13,145.8395442
2026-10-08,2004-03-14,145.8334569
2026-10-08,2004-03-15,145.4773017
2026-10-08,2004-03-16,145.2207552
2026-10-08,2004-03-17,144.414314
2026-10-08,2004-03-18,143.9627611
2026-10-08,2004-03-19,144.0997794
2026-10-08,2004-03-20,144.0937647
2026-10-08,2004-03-21,144.0877503
2026-10-08,2004-03-22,143.1372061
2026-10-08,2004-03-23,143.1855845
2026-10-08,2004-03-24,142.9377913
2026-10-08,2004-03-25,142.6869669
2026-10-08,2004-03-26,142.3449083
2026-10-08,2004-03-27,142.3389668
2026-10-08,2004-03-28,142.3330257
2026-10-08,2004-03-29,142.0755839
2026-10-08,2004-03-30,142.5448847
2026-10-08,2004-03-31,142.9804411
2026-10-08,2004-04-01,142.9447775
2026-10-08,2004-04-02,142.7788471
2026-10-08,2004-04-03,142.7559984
2026-10-08,2004-04-04,142.7331533
2026-10-08,2004-04-05,142.7103118
2026-10-08,2004-04-06,142.7157765
2026-10-08,2004-04-07,141.6803085
2026-10-08,2004-04-08,141.6576355
2026-10-08,2004-04-09,141.6349662
2026-10-08,2004-04-10,141.6123005
2026-10-08,2004-04-11,141.5896384
2026-10-08,2004-04-12,141.1828715
2026-10-08,2004-04-13,141.4113802
2026-10-08,2004-04-14,140.9450433
2026-10-08,2004-04-15,139.4869392
2026-10-08,2004-04-16,140.4750645
2026-10-08,2004-04-17,140.4525844
2026-10-08,2004-04-18,140.4301079
2026-10-08,2004-04-19,140.6111338
2026-10-08,2004-04-20,140.7476397
2026-10-08,2004-04-21,141.1561636
2026-10-08,2004-04-22,141.8988259
2026-10-08,2004-04-23,142.0105873
2026-10-08,2004-04-24,141.9878615
2026-10-08,2004-04-25,141.9651393
2026-10-08,2004-04-26,140.8472173
2026-10-08,2004-04-27,140.7830174
2026-10-08,2004-04-28,140.4926324
2026-10-08,2004-04-29,139.7659116
2026-10-08,2004-04-30,139.9043227
2026-10-08,2004-05-01,139.8941907
2026-10-08,2004-05-02,139.8840595
2026-10-08,2004-05-03,139.2279225
2026-10-08,2004-05-04,139.3766916
2026-10-08,2004-05-05,139.8474554
2026-10-08,2004-05-06,139.7378968
2026-10-08,2004-05-07,137.0483995
2026-10-08,2004-05-08,137.0384744
2026-10-08,2004-05-09,137.02855
2026-10-08,2004-05-10,136.172843
2026-10-08,2004-05-11,136.1775727
2026-10-08,2004-05-12,135.2132725
2026-10-08,2004-05-13,135.5013324
2026-10-08,2004-05-14,136.3195807
2026-10-08,2004-05-15,136.3097083
2026-10-08,2004-05-16,136.2998367
2026-10-08,2004-05-17,134.8162993
2026-10-08,2004-05-18,134.5381039
2026-10-08,2004-05-19,134.8741636
2026-10-08,2004-05-20,132.6397223
2026-10-08,2004-05-21,133.8908516
2026-10-08,2004-05-22,133.8811552
2026-10-08,2004-05-23,133.8714594
2026-10-08,2004-05-24,134.0268815
2026-10-08,2004-05-25,134.0171752
2026-10-08,2004-05-26,134.7156097
2026-10-08,2004-05-27,136.3155399
2026-10-08,2004-05-28,137.7009649
2026-10-08,2004-05-29,137.6909926
2026-10-08,2004-05-30,137.6810209
2026-10-08,2004-05-31,137.3463208
2026-10-08,2004-06-01,135.4362708
2026-10-08,2004-06-02,135.7360248
2026-10-08,2004-06-03,136.3781881
2026-10-08,2004-06-04,136.9957417
2026-10-08,2004-06-05,137.002552
2026-10-08,2004-06-06,137.0093626
2026-10-08,2004-06-07,137.6390163
2026-10-08,2004-06-08,137.2312348
2026-10-08,2004-06-09,137.5847243
2026-10-08,2004-06-10,137.7373389
2026-10-08,2004-06-11,136.2613927
2026-10-08,2004-06-12,136.2681665
2026-10-08,2004-06-13,136.2749406
2026-10-08,2004-06-14,135.4035707
2026-10-08,2004-06-15,136.506485
2026-10-08,2004-06-16,135.7821571
2026-10-08,2004-06-17,136.977748
2026-10-08,2004-06-18,136.5233786
2026-10-08,2004-06-19,136.5301654
2026-10-08,2004-06-20,136.5369525
2026-10-08,2004-06-21,136.54374
2026-10-08,2004-06-22,136.4432254
2026-10-08,2004-06-23,136.450297
2026-10-08,2004-06-24,137.2595455
2026-10-08,2004-06-25,137.4616509
2026-10-08,2004-06-26,137.4684844
2026-10-08,2004-06-27,137.4753182
2026-10-08,2004-06-28,137.0205997
2026-10-08,2004-06-29,137.4694836
2026-10-08,2004-06-30,137.1054494
2026-10-08,2004-07-01,138.6711037
2026-10-08,2004-07-02,138.597084
2026-10-08,2004-07-03,138.6169896
2026-10-08,2004-07-04,138.636898
2026-10-08,2004-07-05,138.2807591
2026-10-08,2004-07-06,139.8891929
2026-10-08,2004-07-07,140.8449793
2026-10-08,2004-07-08,140.6473778
2026-10-08,2004-07-09,140.6675778
2026-10-08,2004-07-10,140.6877807
2026-10-08,2004-07-11,140.7079866
2026-10-08,2004-07-12,140.6765287
2026-10-08,2004-07-13,140.1342528
2026-10-08,2004-07-14,141.0762493
2026-10-08,2004-07-15,141.2835755
2026-10-08,2004-07-16,142.2459854
2026-10-08,2004-07-17,142.266415
2026-10-08,2004-07-18,142.2868476
2026-10-08,2004-07-19,142.7873823
2026-10-08,2004-07-20,142.6177929
2026-10-08,2004-07-21,140.7876093
2026-10-08,2004-07-22,140.9766758
2026-10-08,2004-07-23,141.1937696
2026-10-08,2004-07-24,141.2140481
2026-10-08,2004-07-25,141.2343296
2026-10-08,2004-07-26,140.6227803
2026-10-08,2004-07-27,140.5012761
2026-10-08,2004-07-28,141.3977469
2026-10-08,2004-07-29,142.5396545
2026-10-08,2004-07-30,142.8697677
2026-10-08,2004-07-31,142.8902869
2026-10-08,2004-08-01,142.9061203
2026-10-08,2004-08-02,142.4340993
2026-10-08,2004-08-03,142.5287085
2026-10-08,2004-08-04,143.8531925
2026-10-08,2004-08-05,145.3903965
2026-10-08,2004-08-06,146.1237308
2026-10-08,2004-08-07,146.1399225
2026-10-08,2004-08-08,146.1561159
2026-10-08,2004-08-09,144.7630984
2026-10-08,2004-08-10,145.184618
2026-10-08,2004-08-11,144.7228241
2026-10-08,2004-08-12,144.402025
2026-10-08,2004-08-13,145.1846369
2026-10-08,2004-08-14,145.2007245
2026-10-08,2004-08-15,145.2168139
2026-10-08,2004-08-16,145.2329051
2026-10-08,2004-08-17,146.3164773
2026-10-08,2004-08-18,146.6757117
2026-10-08,2004-08-19,147.0882497
2026-10-08,2004-08-20,147.1535621
2026-10-08,2004-08-21,147.1698679
2026-10-08,2004-08-22,147.1861755
2026-10-08,2004-08-23,147.6244065
2026-10-08,2004-08-24,147.3781256
2026-10-08,2004-08-25,147.7955161
2026-10-08,2004-08-26,148.0478111
2026-10-08,2004-08-27,148.0901247
2026-10-08,2004-08-28,148.1065343
2026-10-08,2004-08-29,148.1229457
2026-10-08,2004-08-30,148.6179563
2026-10-08,2004-08-31,148.6447633
2026-10-08,2004-09-01,149.538553
2026-10-08,2004-09-02,148.9135126
2026-10-08,2004-09-03,149.1077488
2026-10-08,2004-09-04,149.0927737
2026-10-08,2004-09-05,149.0778
2026-10-08,2004-09-06,148.8141146
2026-10-08,2004-09-07,149.846163
2026-10-08,2004-09-08,150.7794975
2026-10-08,2004-09-09,150.552961
2026-10-08,2004-09-10,151.0411774
2026-10-08,2004-09-11,151.0260082
2026-10-08,2004-09-12,151.0108404
2026-10-08,2004-09-13,150.1382234
2026-10-08,2004-09-14,149.2097956
2026-10-08,2004-09-15,149.1564246
2026-10-08,2004-09-16,150.5723278
2026-10-08,2004-09-17,151.3962859
2026-10-08,2004-09-18,151.381081
2026-10-08,2004-09-19,151.3658776
2026-10-08,2004-09-20,152.2909414
2026-10-08,2004-09-21,151.6741985
2026-10-08,2004-09-22,151.6790168
2026-10-08,2004-09-23,151.6130796
2026-10-08,2004-09-24,151.9109067
2026-10-08,2004-09-25,151.8956501
2026-10-08,2004-09-26,151.880395
2026-10-08,2004-09-27,151.5521818
2026-10-08,2004-09-28,151.6031771
2026-10-08,2004-09-29,151.8626616
2026-10-08,2004-09-30,151.27046
2026-10-08,2004-10-01,152.4474843
2026-10-08,2004-10-02,152.449703
2026-10-08,2004-10-03,152.4519216
2026-10-08,2004-10-04,152.6470973
2026-10-08,2004-10-05,153.2292145
2026-10-08,2004-10-06,152.1053213
2026-10-08,2004-10-07,151.9396885
2026-10-08,2004-10-08,153.1985887
2026-10-08,2004-10-09,153.2008183
2026-10-08,2004-10-10,153.2030479
2026-10-08,2004-10-11,153.2052776
2026-10-08,2004-10-12,153.2592007
2026-10-08,2004-10-13,151.9043116
2026-10-08,2004-10-14,150.4708241
2026-10-08,2004-10-15,150.7021598
2026-10-08,2004-10-16,150.704353
2026-10-08,2004-10-17,150.7065463
2026-10-08,2004-10-18,150.3056112
2026-10-08,2004-10-19,149.7720774
2026-10-08,2004-10-20,149.2055623
2026-10-08,2004-10-21,150.3069456
2026-10-08,2004-10-22,150.9347737
2026-10-08,2004-10-23,150.9369703
2026-10-08,2004-10-24,150.939167
2026-10-08,2004-10-25,149.4121953
2026-10-08,2004-10-26,150.5008808
2026-10-08,2004-10-27,151.0843144
2026-10-08,2004-10-28,151.2285582
2026-10-08,2004-10-29,151.2252399
2026-10-08,2004-10-30,151.2274407
2026-10-08,2004-10-31,151.2296416
2026-10-08,2004-11-01,150.7641123
2026-10-08,2004-11-02,151.1135689
2026-10-08,2004-11-03,152.025669
2026-10-08,2004-11-04,152.7843674
2026-10-08,2004-11-05,152.8980619
2026-10-08,2004-11-06,152.9331139
2026-10-08,2004-11-07,152.9681739
2026-10-08,2004-11-08,152.5400734
2026-10-08,2004-11-09,153.073977
2026-10-08,2004-11-10,153.0793711
2026-10-08,2004-11-11,152.9596777
2026-10-08,2004-11-12,154.6321042
2026-10-08,2004-11-13,154.6675538
2026-10-08,2004-11-14,154.7030114
2026-10-08,2004-11-15,154.2066467
2026-10-08,2004-11-16,154.5495952
2026-10-08,2004-11-17,155.0062817
2026-10-08,2004-11-18,154.463533
2026-10-08,2004-11-19,154.4556173
2026-10-08,2004-11-20,154.4910264
2026-10-08,2004-11-21,154.5264436
2026-10-08,2004-11-22,156.455534
2026-10-08,2004-11-23,156.5296573
2026-10-08,2004-11-24,156.187862
2026-10-08,2004-11-25,156.2768418
2026-10-08,2004-11-26,157.4079455
2026-10-08,2004-11-27,157.4440314
2026-10-08,2004-11-28,157.4801255
2026-10-08,2004-11-29,156.8168798
2026-10-08,2004-11-30,158.1722878
2026-10-08,2004-12-01,159.0541635
2026-10-08,2004-12-02,158.572262
2026-10-08,2004-12-03,160.7796309
2026-10-08,2004-12-04,160.7806605
2026-10-08,2004-12-05,160.7816901
2026-10-08,2004-12-06,160.6807803
2026-10-08,2004-12-07,158.7856072
2026-10-08,2004-12-08,158.786624
2026-10-08,2004-12-09,156.6816814
2026-10-08,2004-12-10,157.014106
2026-10-08,2004-12-11,157.0151115
2026-10-08,2004-12-12,157.016117
2026-10-08,2004-12-13,157.715958
2026-10-08,2004-12-14,157.7491456
2026-10-08,2004-12-15,159.3025908
2026-10-08,2004-12-16,159.9059256
2026-10-08,2004-12-17,160.4873285
2026-10-08,2004-12-18,160.4883562
2026-10-08,2004-12-19,160.4893839
2026-10-08,2004-12-20,161.2262842
2026-10-08,2004-12-21,160.7329288
2026-10-08,2004-12-22,160.3042183
2026-10-08,2004-12-23,160.0899348
2026-10-08,2004-12-24,159.9775996
2026-10-08,2004-12-25,159.9786241
2026-10-08,2004-12-26,159.9796486
2026-10-08,2004-12-27,161.3702779
2026-10-08,2004-12-28,161.8689393
2026-10-08,2004-12-29,163.4494648
2026-10-08,2004-12-30,164.4649426
2026-10-08,2004-12-31,164.1288251
2026-10-08,2005-01-01,164.0816327
2026-10-08,2005-01-02,164.0344538
2026-10-08,2005-01-03,162.2815508
2026-10-08,2005-01-04,160.3116466
2026-10-08,2005-01-05,160.8233845
2026-10-08,2005-01-06,159.1155153
2026-10-08,2005-01-07,160.2261018
2026-10-08,2005-01-08,160.1800316
2026-10-08,2005-01-09,160.1339745
2026-10-08,2005-01-10,160.4544716
2026-10-08,2005-01-11,158.6481913
2026-10-08,2005-01-12,159.0900431
2026-10-08,2005-01-13,158.5923842
2026-10-08,2005-01-14,158.2277221
2026-10-08,2005-01-15,158.1822264
2026-10-08,2005-01-16,158.1367438
2026-10-08,2005-01-17,157.6608399
2026-10-08,2005-01-18,157.2307451
2026-10-08,2005-01-19,158.1465828
2026-10-08,2005-01-20,157.6320695
2026-10-08,2005-01-21,159.2497986
2026-10-08,2005-01-22,159.204009
2026-10-08,2005-01-23,159.1582326
2026-10-08,2005-01-24,159.1344054
2026-10-08,2005-01-25,158.43279
2026-10-08,2005-01-26,159.3091812
2026-10-08,2005-01-27,159.4813847
2026-10-08,2005-01-28,160.3328568
2026-10-08,2005-01-29,160.2867558
2026-10-08,2005-01-30,160.2406681
2026-10-08,2005-01-31,162.4839681
2026-10-08,2005-02-01,162.6433839
2026-10-08,2005-02-02,162.1251496
2026-10-08,2005-02-03,162.5597761
2026-10-08,2005-02-04,161.9303921
2026-10-08,2005-02-05,161.909692
2026-10-08,2005-02-06,161.8889946
2026-10-08,2005-02-07,162.5906668
2026-10-08,2005-02-08,160.410155
2026-10-08,2005-02-09,162.3043665
2026-10-08,2005-02-10,161.5665964
2026-10-08,2005-02-11,161.9999602
2026-10-08,2005-02-12,161.9792512
2026-10-08,2005-02-13,161.9585449
2026-10-08,2005-02-14,163.2210774
2026-10-08,2005-02-15,162.6846393
2026-10-08,2005-02-16,161.7592818
2026-10-08,2005-02-17,163.5856857
2026-10-08,2005-02-18,164.2084508
2026-10-08,2005-02-19,164.1874595
2026-10-08,2005-02-20,164.1664709
2026-10-08,2005-02-21,163.9205013
2026-10-08,2005-02-22,162.720558
2026-10-08,2005-02-23,164.4315142
2026-10-08,2005-02-24,162.2777277
2026-10-08,2005-02-25,161.1963724
2026-10-08,2005-02-26,161.1757661
2026-10-08,2005-02-27,161.1551625
2026-10-08,2005-02-28,164.220696
2026-10-08,2005-03-01,163.2462692
2026-10-08,2005-03-02,162.6295931
2026-10-08,2005-03-03,158.2375236
2026-10-08,2005-03-04,159.4353888
2026-10-08,2005-03-05,159.3879648
2026-10-08,2005-03-06,159.3405549
2026-10-08,2005-03-07,158.5556307
2026-10-08,2005-03-08,156.7967758
2026-10-08,2005-03-09,156.6292574
2026-10-08,2005-03-10,155.1975071
2026-10-08,2005-03-11,155.5621463
2026-10-08,2005-03-12,155.5158743
2026-10-08,2005-03-13,155.4696162
2026-10-08,2005-03-14,152.1459249
2026-10-08,2005-03-15,151.3906375
2026-10-08,2005-03-16,152.9974451
2026-10-08,2005-03-17,153.2940203
2026-10-08,2005-03-18,154.5232421
2026-10-08,2005-03-19,154.4772792
2026-10-08,2005-03-20,154.43133
2026-10-08,2005-03-21,153.7900429
2026-10-08,2005-03-22,154.4489777
2026-10-08,2005-03-23,152.3376916
2026-10-08,2005-03-24,152.2923788
2026-10-08,2005-03-25,152.2470794
2026-10-08,2005-03-26,152.2017936
2026-10-08,2005-03-27,152.1565212
2026-10-08,2005-03-28,152.946774
2026-10-08,2005-03-29,154.4686874
2026-10-08,2005-03-30,156.3208528
2026-10-08,2005-03-31,156.3476406
2026-10-08,2005-04-01,157.2873909
2026-10-08,2005-04-02,157.3072118
2026-10-08,2005-04-03,157.3270351
2026-10-08,2005-04-04,156.7390875
2026-10-08,2005-04-05,158.7883478
2026-10-08,2005-04-06,159.9679162
2026-10-08,2005-04-07,159.045412
2026-10-08,2005-04-08,160.331762
2026-10-08,2005-04-09,160.3519664
2026-10-08,2005-04-10,160.3721735
2026-10-08,2005-04-11,160.7246314
2026-10-08,2005-04-12,159.5745587
2026-10-08,2005-04-13,161.2353961
2026-10-08,2005-04-14,160.8664153
2026-10-08,2005-04-15,160.0147768
2026-10-08,2005-04-16,160.0349413
2026-10-08,2005-04-17,160.0551084
2026-10-08,2005-04-18,159.3883889
2026-10-08,2005-04-19,161.7618108
2026-10-08,2005-04-20,162.237941
2026-10-08,2005-04-21,163.5099781
2026-10-08,2005-04-22,164.2641796
2026-10-08,2005-04-23,164.2848796
2026-10-08,2005-04-24,164.3055823
2026-10-08,2005-04-25,165.296075
2026-10-08,2005-04-26,164.1963535
2026-10-08,2005-04-27,165.5896531
2026-10-08,2005-04-28,164.0568945
2026-10-08,2005-04-29,165.5969116
2026-10-08,2005-04-30,165.6177795
2026-10-08,2005-05-01,165.6119014
2026-10-08,2005-05-02,165.6272864
2026-10-08,2005-05-03,166.4093958
2026-10-08,2005-05-04,168.9809878
2026-10-08,2005-05-05,168.0573405
2026-10-08,2005-05-06,169.2127621
2026-10-08,2005-05-07,169.2067564
2026-10-08,2005-05-08,169.200751
2026-10-08,2005-05-09,169.7684109
2026-10-08,2005-05-10,168.9279147
2026-10-08,2005-05-11,167.4765119
2026-10-08,2005-05-12,168.8507219
2026-10-08,2005-05-13,168.2536248
2026-10-08,2005-05-14,168.2476531
2026-10-08,2005-05-15,168.2416817
2026-10-08,2005-05-16,167.4271211
2026-10-08,2005-05-17,167.0308985
2026-10-08,2005-05-18,168.450778
2026-10-08,2005-05-19,169.3519427
2026-10-08,2005-05-20,169.5656029
2026-10-08,2005-05-21,169.5595847
2026-10-08,2005-05-22,169.5535667
2026-10-08,2005-05-23,170.8516515
2026-10-08,2005-05-24,170.6345614
2026-10-08,2005-05-25,170.6285053
2026-10-08,2005-05-26,171.9084699
2026-10-08,2005-05-27,173.3053287
2026-10-08,2005-05-28,173.2991777
2026-10-08,2005-05-29,173.293027
2026-10-08,2005-05-30,173.2267397
2026-10-08,2005-05-31,171.7588441
2026-10-08,2005-06-01,170.3286139
2026-10-08,2005-06-02,171.6285929
2026-10-08,2005-06-03,171.8679827
2026-10-08,2005-06-04,171.8145045
2026-10-08,2005-06-05,171.7610428
2026-10-08,2005-06-06,168.4119447
2026-10-08,2005-06-07,168.575212
2026-10-08,2005-06-08,169.1897536
2026-10-08,2005-06-09,165.8170523
2026-10-08,2005-06-10,167.7487442
2026-10-08,2005-06-11,167.6965477
2026-10-08,2005-06-12,167.6443674
2026-10-08,2005-06-13,167.8905195
2026-10-08,2005-06-14,166.3112955
2026-10-08,2005-06-15,168.2770341
2026-10-08,2005-06-16,169.843388
2026-10-08,2005-06-17,172.0577485
2026-10-08,2005-06-18,172.0042112
2026-10-08,2005-06-19,171.9506905
2026-10-08,2005-06-20,171.8971865
2026-10-08,2005-06-21,172.3149417
2026-10-08,2005-06-22,171.7916539
2026-10-08,2005-06-23,171.1978544
2026-10-08,2005-06-24,171.8729401
2026-10-08,2005-06-25,171.8194603
2026-10-08,2005-06-26,171.7659971
2026-10-08,2005-06-27,173.0685636
2026-10-08,2005-06-28,174.0982741
2026-10-08,2005-06-29,175.4395223
2026-10-08,2005-06-30,175.0493739
2026-10-08,2005-07-01,174.3887893
2026-10-08,2005-07-02,174.3467237
2026-10-08,2005-07-03,174.3046683
2026-10-08,2005-07-04,174.2022523
2026-10-08,2005-07-05,172.9852035
2026-10-08,2005-07-06,171.435504
2026-10-08,2005-07-07,171.7917416
2026-10-08,2005-07-08,171.9362069
2026-10-08,2005-07-09,171.894733
2026-10-08,2005-07-10,171.853269
2026-10-08,2005-07-11,173.4365221
2026-10-08,2005-07-12,174.4034147
2026-10-08,2005-07-13,173.0074383
2026-10-08,2005-07-14,173.4020204
2026-10-08,2005-07-15,173.0631059
2026-10-08,2005-07-16,173.0213601
2026-10-08,2005-07-17,172.9796244
2026-10-08,2005-07-18,174.1650261
2026-10-08,2005-07-19,172.8136678
2026-10-08,2005-07-20,171.9649988
2026-10-08,2005-07-21,172.8911551
2026-10-08,2005-07-22,170.422314
2026-10-08,2005-07-23,170.3812052
2026-10-08,2005-07-24,170.3401063
2026-10-08,2005-07-25,165.9102666
2026-10-08,2005-07-26,165.4089119
2026-10-08,2005-07-27,165.6303486
2026-10-08,2005-07-28,167.9143144
2026-10-08,2005-07-29,169.4810293
2026-10-08,2005-07-30,169.4401476
2026-10-08,2005-07-31,169.3992757
2026-10-08,2005-08-01,170.1104445
2026-10-08,2005-08-02,171.5183935
2026-10-08,2005-08-03,174.8343426
2026-10-08,2005-08-04,175.8790698
2026-10-08,2005-08-05,175.2998072
2026-10-08,2005-08-06,175.2847166
2026-10-08,2005-08-07,175.2696274
2026-10-08,2005-08-08,174.0271607
2026-10-08,2005-08-09,175.8049319
2026-10-08,2005-08-10,178.2403256
2026-10-08,2005-08-11,172.8025334
2026-10-08,2005-08-12,171.7868349
2026-10-08,2005-08-13,171.7720468
2026-10-08,2005-08-14,171.7572599
2026-10-08,2005-08-15,171.7424743
2026-10-08,2005-08-16,172.9025016
2026-10-08,2005-08-17,173.0765913
2026-10-08,2005-08-18,171.6613482
2026-10-08,2005-08-19,167.9036713
2026-10-08,2005-08-20,167.8892174
2026-10-08,2005-08-21,167.8747648
2026-10-08,2005-08-22,170.8937231
2026-10-08,2005-08-23,169.6704004
2026-10-08,2005-08-24,168.5500968
2026-10-08,2005-08-25,169.9842349
2026-10-08,2005-08-26,169.4041049
2026-10-08,2005-08-27,169.3895219
2026-10-08,2005-08-28,169.3749401
2026-10-08,2005-08-29,171.7238253
2026-10-08,2005-08-30,172.2633655
2026-10-08,2005-08-31,173.796228
2026-10-08,2005-09-01,173.6527688
2026-10-08,2005-09-02,175.3910354
2026-10-08,2005-09-03,175.3436743
2026-10-08,2005-09-04,175.2963259
2026-10-08,2005-09-05,175.0682296
2026-10-08,2005-09-06,175.6985553
2026-10-08,2005-09-07,175.2663238
2026-10-08,2005-09-08,175.8762867
2026-10-08,2005-09-09,177.0159503
2026-10-08,2005-09-10,176.9681504
2026-10-08,2005-09-11,176.9203634
2026-10-08,2005-09-12,176.2220413
2026-10-08,2005-09-13,175.7881876
2026-10-08,2005-09-14,175.3642305
2026-10-08,2005-09-15,178.1847076
2026-10-08,2005-09-16,178.1087035
2026-10-08,2005-09-17,178.0606085
2026-10-08,2005-09-18,178.0125265
2026-10-08,2005-09-19,177.8867408
2026-10-08,2005-09-20,177.9133216
2026-10-08,2005-09-21,179.564606
2026-10-08,2005-09-22,179.0539732
2026-10-08,2005-09-23,179.7913225
2026-10-08,2005-09-24,179.7427731
2026-10-08,2005-09-25,179.6942369
2026-10-08,2005-09-26,180.763419
2026-10-08,2005-09-27,180.6344034
2026-10-08,2005-09-28,181.9059771
2026-10-08,2005-09-29,183.4550385
2026-10-08,2005-09-30,182.6792244
2026-10-08,2005-10-01,182.6776522
2026-10-08,2005-10-02,182.67608
2026-10-08,2005-10-03,182.3247821
2026-10-08,2005-10-04,180.8102609
2026-10-08,2005-10-05,179.6900207
2026-10-08,2005-10-06,178.5393652
2026-10-08,2005-10-07,181.9093196
2026-10-08,2005-10-08,181.9077541
2026-10-08,2005-10-09,181.9061885
2026-10-08,2005-10-10,181.9046229
2026-10-08,2005-10-11,184.0624126
2026-10-08,2005-10-12,184.2897729
2026-10-08,2005-10-13,183.9538471
2026-10-08,2005-10-14,185.0302384
2026-10-08,2005-10-15,185.028646
2026-10-08,2005-10-16,185.0270536
2026-10-08,2005-10-17,185.3557411
2026-10-08,2005-10-18,185.1347056
2026-10-08,2005-10-19,184.6196935
2026-10-08,2005-10-20,185.2511482
2026-10-08,2005-10-21,183.9397862
2026-10-08,2005-10-22,183.9382031
2026-10-08,2005-10-23,183.9366201
2026-10-08,2005-10-24,183.9728648
2026-10-08,2005-10-25,184.425769
2026-10-08,2005-10-26,183.8027564
2026-10-08,2005-10-27,184.0363706
2026-10-08,2005-10-28,186.0215829
2026-10-08,2005-10-29,186.019982
2026-10-08,2005-10-30,186.018381
2026-10-08,2005-10-31,186.1777128
2026-10-08,2005-11-01,186.1870559
2026-10-08,2005-11-02,185.8975417
2026-10-08,2005-11-03,187.4946943
2026-10-08,2005-11-04,188.1959753
2026-10-08,2005-11-05,188.1549203
2026-10-08,2005-11-06,188.1138742
2026-10-08,2005-11-07,188.2464852
2026-10-08,2005-11-08,188.2651934
2026-10-08,2005-11-09,190.074354
2026-10-08,2005-11-10,190.9261877
2026-10-08,2005-11-11,190.6916857
2026-10-08,2005-11-12,190.6500863
2026-10-08,2005-11-13,190.6084959
2026-10-08,2005-11-14,187.0285642
2026-10-08,2005-11-15,186.3368149
2026-10-08,2005-11-16,186.9333415
2026-10-08,2005-11-17,186.9259365
2026-10-08,2005-11-18,183.6474196
2026-10-08,2005-11-19,183.6073569
2026-10-08,2005-11-20,183.5673029
2026-10-08,2005-11-21,183.8885
2026-10-08,2005-11-22,182.2782954
2026-10-08,2005-11-23,182.9719501
2026-10-08,2005-11-24,183.3040098
2026-10-08,2005-11-25,184.7468779
2026-10-08,2005-11-26,184.7065753
2026-10-08,2005-11-27,184.6662815
2026-10-08,2005-11-28,188.2692543
2026-10-08,2005-11-29,188.2353956
2026-10-08,2005-11-30,187.1182773
2026-10-08,2005-12-01,186.5147625
2026-10-08,2005-12-02,187.3346726
2026-10-08,2005-12-03,187.2895211
2026-10-08,2005-12-04,187.2443804
2026-10-08,2005-12-05,189.7993075
2026-10-08,2005-12-06,190.8498007
2026-10-08,2005-12-07,188.5603558
2026-10-08,2005-12-08,188.5149089
2026-10-08,2005-12-09,185.8680474
2026-10-08,2005-12-10,185.8232494
2026-10-08,2005-12-11,185.7784621
2026-10-08,2005-12-12,184.6000402
2026-10-08,2005-12-13,183.3502944
2026-10-08,2005-12-14,181.8480966
2026-10-08,2005-12-15,181.4020652
2026-10-08,2005-12-16,179.5818143
2026-10-08,2005-12-17,179.5385314
2026-10-08,2005-12-18,179.4952588
2026-10-08,2005-12-19,175.773688
2026-10-08,2005-12-20,178.5847475
2026-10-08,2005-12-21,181.4627353
2026-10-08,2005-12-22,179.1120625
2026-10-08,2005-12-23,180.7380365
2026-10-08,2005-12-24,180.6944749
2026-10-08,2005-12-25,180.6509238
2026-10-08,2005-12-26,180.3086317
2026-10-08,2005-12-27,177.2236854
2026-10-08,2005-12-28,178.898377
2026-10-08,2005-12-29,179.5557431
2026-10-08,2005-12-30,178.8381701
2026-10-08,2005-12-31,178.7950664
2026-10-08,2006-01-01,178.7558251
2026-10-08,2006-01-02,178.5988289
2026-10-08,2006-01-03,178.9926189
2026-10-08,2006-01-04,182.4351814
2026-10-08,2006-01-05,183.1513006
2026-10-08,2006-01-06,184.1135505
2026-10-08,2006-01-07,184.0731419
2026-10-08,2006-01-08,184.0327421
2026-10-08,2006-01-09,186.6843889
2026-10-08,2006-01-10,186.1756607
2026-10-08,2006-01-11,183.9503154
2026-10-08,2006-01-12,184.3442726
2026-10-08,2006-01-13,183.7526482
2026-10-08,2006-01-14,183.7123188
2026-10-08,2006-01-15,183.6719982
2026-10-08,2006-01-16,183.6316865
2026-10-08,2006-01-17,180.8500431
2026-10-08,2006-01-18,179.9366648
2026-10-08,2006-01-19,178.7965676
2026-10-08,2006-01-20,182.8612856
2026-10-08,2006-01-21,182.8211518
2026-10-08,2006-01-22,182.7810269
2026-10-08,2006-01-23,184.4504872
2026-10-08,2006-01-24,185.6663032
2026-10-08,2006-01-25,185.9635137
2026-10-08,2006-01-26,187.6869855
2026-10-08,2006-01-27,189.0196145
2026-10-08,2006-01-28,188.9781291
2026-10-08,2006-01-29,188.9366529
2026-10-08,2006-01-30,189.4548263
2026-10-08,2006-01-31,189.6925258
2026-10-08,2006-02-01,188.800469
2026-10-08,2006-02-02,188.4896621
2026-10-08,2006-02-03,189.5944149
2026-10-08,2006-02-04,189.5954309
2026-10-08,2006-02-05,189.5964469
2026-10-08,2006-02-06,192.2774384
2026-10-08,2006-02-07,191.8005436
2026-10-08,2006-02-08,192.0537959
2026-10-08,2006-02-09,193.252795
2026-10-08,2006-02-10,194.4103842
2026-10-08,2006-02-11,194.4114261
2026-10-08,2006-02-12,194.4124679
2026-10-08,2006-02-13,194.9833197
2026-10-08,2006-02-14,196.3248199
2026-10-08,2006-02-15,196.6661485
2026-10-08,2006-02-16,198.2497905
2026-10-08,2006-02-17,197.1503084
2026-10-08,2006-02-18,197.1513649
2026-10-08,2006-02-19,197.1524214
2026-10-08,2006-02-20,197.0249651
2026-10-08,2006-02-21,197.0700436
2026-10-08,2006-02-22,196.7831731
2026-10-08,2006-02-23,195.8848966
2026-10-08,2006-02-24,197.0148329
2026-10-08,2006-02-25,197.0158887
2026-10-08,2006-02-26,197.0169444
2026-10-08,2006-02-27,195.6792289
2026-10-08,2006-02-28,198.2464063
2026-10-08,2006-03-01,198.4048226
2026-10-08,2006-03-02,198.1643921
2026-10-08,2006-03-03,198.596786
2026-10-08,2006-03-04,198.5476235
2026-10-08,2006-03-05,198.4984732
2026-10-08,2006-03-06,197.800052
2026-10-08,2006-03-07,193.2307063
2026-10-08,2006-03-08,192.0031156
2026-10-08,2006-03-09,193.768572
2026-10-08,2006-03-10,196.4178628
2026-10-08,2006-03-11,196.3692397
2026-10-08,2006-03-12,196.3206286
2026-10-08,2006-03-13,196.4475612
2026-10-08,2006-03-14,197.5678074
2026-10-08,2006-03-15,197.2342105
2026-10-08,2006-03-16,199.1361801
2026-10-08,2006-03-17,197.5825912
2026-10-08,2006-03-18,197.5336798
2026-10-08,2006-03-19,197.4847804
2026-10-08,2006-03-20,195.0590276
2026-10-08,2006-03-21,193.6557827
2026-10-08,2006-03-22,194.2556472
2026-10-08,2006-03-23,194.1085912
2026-10-08,2006-03-24,194.0605397
2026-10-08,2006-03-25,194.0125001
2026-10-08,2006-03-26,193.9644725
2026-10-08,2006-03-27,191.1893764
2026-10-08,2006-03-28,188.7954112
2026-10-08,2006-03-29,189.0099813
2026-10-08,2006-03-30,190.3844821
2026-10-08,2006-03-31,192.8757212
2026-10-08,2006-04-01,192.8270164
2026-10-08,2006-04-02,192.7783238
2026-10-08,2006-04-03,194.9403064
2026-10-08,2006-04-04,196.2466093
2026-10-08,2006-04-05,196.0429839
2026-10-08,2006-04-06,195.6357006
2026-10-08,2006-04-07,193.7325767
2026-10-08,2006-04-08,193.6836555
2026-10-08,2006-04-09,193.6347467
2026-10-08,2006-04-10,194.2259805
2026-10-08,2006-04-11,194.0695066
2026-10-08,2006-04-12,194.3644811
2026-10-08,2006-04-13,194.3154004
2026-10-08,2006-04-14,194.266332
2026-10-08,2006-04-15,194.217276
2026-10-08,2006-04-16,194.1682324
2026-10-08,2006-04-17,195.0035335
2026-10-08,2006-04-18,195.3532615
2026-10-08,2006-04-19,196.1190881
2026-10-08,2006-04-20,194.2437872
2026-10-08,2006-04-21,194.7352463
2026-10-08,2006-04-22,194.6860719
2026-10-08,2006-04-23,194.6369099
2026-10-08,2006-04-24,194.5308509
2026-10-08,2006-04-25,193.0296908
2026-10-08,2006-04-26,193.5556847
2026-10-08,2006-04-27,194.6528937
2026-10-08,2006-04-28,196.8964101
2026-10-08,2006-04-29,196.8466899
2026-10-08,2006-04-30,196.7969823
2026-10-08,2006-05-01,196.7735659
2026-10-08,2006-05-02,198.8448431
2026-10-08,2006-05-03,197.9052014
2026-10-08,2006-05-04,198.5362901
2026-10-08,2006-05-05,199.0050663
2026-10-08,2006-05-06,198.9813872
2026-10-08,2006-05-07,198.9577109
2026-10-08,2006-05-08,198.0979699
2026-10-08,2006-05-09,198.0819311
2026-10-08,2006-05-10,198.8502516
2026-10-08,2006-05-11,195.5898849
2026-10-08,2006-05-12,190.7128703
2026-10-08,2006-05-13,190.6901779
2026-10-08,2006-05-14,190.6674881
2026-10-08,2006-05-15,188.059518
2026-10-08,2006-05-16,191.392341
2026-10-08,2006-05-17,187.5672813
2026-10-08,2006-05-18,188.9002944
2026-10-08,2006-05-19,186.961744
2026-10-08,2006-05-20,186.9394978
2026-10-08,2006-05-21,186.9172544
2026-10-08,2006-05-22,178.8340454
2026-10-08,2006-05-23,182.048211
2026-10-08,2006-05-24,173.071796
2026-10-08,2006-05-25,173.0512026
2026-10-08,2006-05-26,184.490366
2026-10-08,2006-05-27,184.468414
2026-10-08,2006-05-28,184.4464645
2026-10-08,2006-05-29,184.3046875
2026-10-08,2006-05-30,177.6235111
2026-10-08,2006-05-31,178.7247292
2026-10-08,2006-06-01,183.0333516
2026-10-08,2006-06-02,182.1167255
2026-10-08,2006-06-03,182.0746071
2026-10-08,2006-06-04,182.0324983
2026-10-08,2006-06-05,182.2262418
2026-10-08,2006-06-06,182.6519227
2026-10-08,2006-06-07,184.0808713
2026-10-08,2006-06-08,181.547869
2026-10-08,2006-06-09,182.2082034
2026-10-08,2006-06-10,182.1660638
2026-10-08,2006-06-11,182.1239339
2026-10-08,2006-06-12,180.2634131
2026-10-08,2006-06-13,178.6589452
2026-10-08,2006-06-14,180.5052568
2026-10-08,2006-06-15,182.0384008
2026-10-08,2006-06-16,183.0133263
2026-10-08,2006-06-17,182.9710004
2026-10-08,2006-06-18,182.9286844
2026-10-08,2006-06-19,182.8863782
2026-10-08,2006-06-20,182.6708838
2026-10-08,2006-06-21,183.6833379
2026-10-08,2006-06-22,183.4506545
2026-10-08,2006-06-23,184.3277947
2026-10-08,2006-06-24,184.2851649
2026-10-08,2006-06-25,184.242545
2026-10-08,2006-06-26,185.0629897
2026-10-08,2006-06-27,184.7366155
2026-10-08,2006-06-28,185.2806356
2026-10-08,2006-06-29,186.7933249
2026-10-08,2006-06-30,190.1244104
2026-10-08,2006-07-01,190.0983235
2026-10-08,2006-07-02,190.0722403
2026-10-08,2006-07-03,190.5219912
2026-10-08,2006-07-04,190.4958498
2026-10-08,2006-07-05,187.1137172
2026-10-08,2006-07-06,188.6593819
2026-10-08,2006-07-07,188.4776349
2026-10-08,2006-07-08,188.451774
2026-10-08,2006-07-09,188.4259167
2026-10-08,2006-07-10,188.824613
2026-10-08,2006-07-11,188.2089921
2026-10-08,2006-07-12,186.7342946
2026-10-08,2006-07-13,185.6701435
2026-10-08,2006-07-14,185.7104895
2026-10-08,2006-07-15,185.6850083
2026-10-08,2006-07-16,185.6595306
2026-10-08,2006-07-17,185.3053493
2026-10-08,2006-07-18,186.1809866
2026-10-08,2006-07-19,187.5944188
2026-10-08,2006-07-20,187.2362543
2026-10-08,2006-07-21,186.0704842
2026-10-08,2006-07-22,186.0449536
2026-10-08,2006-07-23,186.0194265
2026-10-08,2006-07-24,186.7986149
2026-10-08,2006-07-25,185.7101403
2026-10-08,2006-07-26,186.1284568
2026-10-08,2006-07-27,186.3271095
2026-10-08,2006-07-28,187.6325715
2026-10-08,2006-07-29,187.6068265
2026-10-08,2006-07-30,187.5810851
2026-10-08,2006-07-31,187.4788006
2026-10-08,2006-08-01,186.4691083
2026-10-08,2006-08-02,187.2010381
2026-10-08,2006-08-03,187.057577
2026-10-08,2006-08-04,187.0603893
2026-10-08,2006-08-05,187.0295268
2026-10-08,2006-08-06,186.9986694
2026-10-08,2006-08-07,186.9785504
2026-10-08,2006-08-08,186.5792516
2026-10-08,2006-08-09,187.3453864
2026-10-08,2006-08-10,187.7470408
2026-10-08,2006-08-11,188.0555968
2026-10-08,2006-08-12,188.0245701
2026-10-08,2006-08-13,187.9935486
2026-10-08,2006-08-14,188.5123438
2026-10-08,2006-08-15,189.7987723
2026-10-08,2006-08-16,190.5155586
2026-10-08,2006-08-17,191.0348562
2026-10-08,2006-08-18,189.9606549
2026-10-08,2006-08-19,189.9293139
2026-10-08,2006-08-20,189.8979781
2026-10-08,2006-08-21,189.8666474
2026-10-08,2006-08-22,185.1420475
2026-10-08,2006-08-23,190.6367466
2026-10-08,2006-08-24,189.8593696
2026-10-08,2006-08-25,190.0029685
2026-10-08,2006-08-26,189.9716205
2026-10-08,2006-08-27,189.9402777
2026-10-08,2006-08-28,190.7572407
2026-10-08,2006-08-29,191.2359321
2026-10-08,2006-08-30,191.6327474
2026-10-08,2006-08-31,190.7874342
2026-10-08,2006-09-01,191.0925502
2026-10-08,2006-09-02,191.0489679
2026-10-08,2006-09-03,191.0053956
2026-10-08,2006-09-04,190.8385385
2026-10-08,2006-09-05,192.0566846
2026-10-08,2006-09-06,190.4599452
2026-10-08,2006-09-07,189.9587179
2026-10-08,2006-09-08,189.6234456
2026-10-08,2006-09-09,189.5801984
2026-10-08,2006-09-10,189.5369611
2026-10-08,2006-09-11,187.9064927
2026-10-08,2006-09-12,188.1404459
2026-10-08,2006-09-13,189.3097959
2026-10-08,2006-09-14,189.4173945
2026-10-08,2006-09-15,189.4719253
2026-10-08,2006-09-16,189.4287126
2026-10-08,2006-09-17,189.3855099
2026-10-08,2006-09-18,189.9075332
2026-10-08,2006-09-19,188.7029011
2026-10-08,2006-09-20,187.7977109
2026-10-08,2006-09-21,184.9064313
2026-10-08,2006-09-22,183.9368374
2026-10-08,2006-09-23,183.8948871
2026-10-08,2006-09-24,183.8529465
2026-10-08,2006-09-25,183.067695
2026-10-08,2006-09-26,185.7942584
2026-10-08,2006-09-27,186.5609786
2026-10-08,2006-09-28,187.1105548
2026-10-08,2006-09-29,187.4772257
2026-10-08,2006-09-30,187.434468
2026-10-08,2006-10-01,187.4027774
2026-10-08,2006-10-02,188.0513313
2026-10-08,2006-10-03,187.7155703
2026-10-08,2006-10-04,188.1002739
2026-10-08,2006-10-05,187.8425379
2026-10-08,2006-10-06,187.9320412
2026-10-08,2006-10-07,187.9002664
2026-10-08,2006-10-08,187.8684971
2026-10-08,2006-10-09,187.8367331
2026-10-08,2006-10-10,189.1941052
2026-10-08,2006-10-11,188.7587289
2026-10-08,2006-10-12,188.9564046
2026-10-08,2006-10-13,189.9241497
2026-10-08,2006-10-14,189.8920382
2026-10-08,2006-10-15,189.859932
2026-10-08,2006-10-16,189.8278314
2026-10-08,2006-10-17,189.8965136
2026-10-08,2006-10-18,189.3398252
2026-10-08,2006-10-19,188.6547443
2026-10-08,2006-10-20,188.6398311
2026-10-08,2006-10-21,188.6079367
2026-10-08,2006-10-22,188.5760477
2026-10-08,2006-10-23,188.7558303
2026-10-08,2006-10-24,188.2835527
2026-10-08,2006-10-25,188.065839
2026-10-08,2006-10-26,189.0944461
2026-10-08,2006-10-27,189.0581687
2026-10-08,2006-10-28,189.0262036
2026-10-08,2006-10-29,188.9942438
2026-10-08,2006-10-30,188.2131394
2026-10-08,2006-10-31,188.1405016
2026-10-08,2006-11-01,187.9938705
2026-10-08,2006-11-02,187.5939727
2026-10-08,2006-11-03,187.6831176
2026-10-08,2006-11-04,187.6583254
2026-10-08,2006-11-05,187.6335364
2026-10-08,2006-11-06,187.6087508
2026-10-08,2006-11-07,187.5868346
2026-10-08,2006-11-08,186.2899039
2026-10-08,2006-11-09,186.6917214
2026-10-08,2006-11-10,185.8335954
2026-10-08,2006-11-11,185.8090475
2026-10-08,2006-11-12,185.7845028
2026-10-08,2006-11-13,184.9539038
2026-10-08,2006-11-14,185.6752893
2026-10-08,2006-11-15,185.9270557
2026-10-08,2006-11-16,185.7727601
2026-10-08,2006-11-17,185.5071292
2026-10-08,2006-11-18,185.4826244
2026-10-08,2006-11-19,185.4581229
2026-10-08,2006-11-20,185.2965446
2026-10-08,2006-11-21,185.2813005
2026-10-08,2006-11-22,184.6392183
2026-10-08,2006-11-23,184.4947032
2026-10-08,2006-11-24,184.3783005
2026-10-08,2006-11-25,184.3539448
2026-10-08,2006-11-26,184.3295924
2026-10-08,2006-11-27,182.5817624
2026-10-08,2006-11-28,182.6409225
2026-10-08,2006-11-29,183.6797877
2026-10-08,2006-11-30,184.4851013
2026-10-08,2006-12-01,183.5849988
2026-10-08,2006-12-02,183.5556517
2026-10-08,2006-12-03,183.5263093
2026-10-08,2006-12-04,183.4617951
2026-10-08,2006-12-05,184.2390594
2026-10-08,2006-12-06,184.9489843
2026-10-08,2006-12-07,185.1870727
2026-10-08,2006-12-08,185.1574694
2026-10-08,2006-12-09,185.1278709
2026-10-08,2006-12-10,185.0982771
2026-10-08,2006-12-11,185.65772
2026-10-08,2006-12-12,184.0582755
2026-10-08,2006-12-13,184.5784227
2026-10-08,2006-12-14,185.0145511
2026-10-08,2006-12-15,184.6658344
2026-10-08,2006-12-16,184.6363144
2026-10-08,2006-12-17,184.6067992
2026-10-08,2006-12-18,184.396749
2026-10-08,2006-12-19,183.4875081
2026-10-08,2006-12-20,183.421148
2026-10-08,2006-12-21,182.668202
2026-10-08,2006-12-22,184.5026528
2026-10-08,2006-12-23,184.4731589
2026-10-08,2006-12-24,184.4436698
2026-10-08,2006-12-25,184.4141854
2026-10-08,2006-12-26,185.5317503
2026-10-08,2006-12-27,185.7431553
2026-10-08,2006-12-28,186.2284855
2026-10-08,2006-12-29,185.5056218
2026-10-08,2006-12-30,185.4759676
2026-10-08,2006-12-31,185.4463182
2026-10-08,2007-01-01,185.4062453
2026-10-08,2007-01-02,185.4717271
2026-10-08,2007-01-03,184.7118436
2026-10-08,2007-01-04,185.1104599
2026-10-08,2007-01-05,184.8024406
2026-10-08,2007-01-06,184.7625069
2026-10-08,2007-01-07,184.7225818
2026-10-08,2007-01-08,184.7600772
2026-10-08,2007-01-09,185.0115455
2026-10-08,2007-01-10,184.808556
2026-10-08,2007-01-11,185.1650999
2026-10-08,2007-01-12,185.6787493
2026-10-08,2007-01-13,185.6386262
2026-10-08,2007-01-14,185.5985118
2026-10-08,2007-01-15,185.4379548
2026-10-08,2007-01-16,185.3713516
2026-10-08,2007-01-17,185.8792078
2026-10-08,2007-01-18,186.1858705
2026-10-08,2007-01-19,186.6588187
2026-10-08,2007-01-20,186.6184838
2026-10-08,2007-01-21,186.5781577
2026-10-08,2007-01-22,186.6161759
2026-10-08,2007-01-23,186.9592138
2026-10-08,2007-01-24,187.0614031
2026-10-08,2007-01-25,186.7030852
2026-10-08,2007-01-26,187.1009904
2026-10-08,2007-01-27,187.06056
2026-10-08,2007-01-28,187.0201383
2026-10-08,2007-01-29,187.1439945
2026-10-08,2007-01-30,187.4386995
2026-10-08,2007-01-31,188.0166033
2026-10-08,2007-02-01,189.2135892
2026-10-08,2007-02-02,189.0627342
2026-10-08,2007-02-03,189.0479526
2026-10-08,2007-02-04,189.0331722
2026-10-08,2007-02-05,190.1752878
2026-10-08,2007-02-06,191.0021982
2026-10-08,2007-02-07,190.5209868
2026-10-08,2007-02-08,190.3987042
2026-10-08,2007-02-09,189.2062456
2026-10-08,2007-02-10,189.1914529
2026-10-08,2007-02-11,189.1766613
2026-10-08,2007-02-12,187.9690549
2026-10-08,2007-02-13,188.7690013
2026-10-08,2007-02-14,189.6356343
2026-10-08,2007-02-15,189.9245841
2026-10-08,2007-02-16,190.43441
2026-10-08,2007-02-17,190.4195212
2026-10-08,2007-02-18,190.4046336
2026-10-08,2007-02-19,190.2670697
2026-10-08,2007-02-20,190.2770609
2026-10-08,2007-02-21,191.4836402
2026-10-08,2007-02-22,191.4375266
2026-10-08,2007-02-23,190.2324349
2026-10-08,2007-02-24,190.2175619
2026-10-08,2007-02-25,190.2026901
2026-10-08,2007-02-26,190.5822992
2026-10-08,2007-02-27,188.3676317
2026-10-08,2007-02-28,187.4035597
2026-10-08,2007-03-01,187.1818875
2026-10-08,2007-03-02,186.7941004
2026-10-08,2007-03-03,186.753909
2026-10-08,2007-03-04,186.7137263
2026-10-08,2007-03-05,185.6581764
2026-10-08,2007-03-06,187.3429095
2026-10-08,2007-03-07,188.010691
2026-10-08,2007-03-08,188.5396834
2026-10-08,2007-03-09,189.7309663
2026-10-08,2007-03-10,189.690143
2026-10-08,2007-03-11,189.6493285
2026-10-08,2007-03-12,189.9244957
2026-10-08,2007-03-13,188.8114957
2026-10-08,2007-03-14,188.1399627
2026-10-08,2007-03-15,189.4598548
2026-10-08,2007-03-16,189.4663237
2026-10-08,2007-03-17,189.4255574
2026-10-08,2007-03-18,189.3847998
2026-10-08,2007-03-19,190.358031
2026-10-08,2007-03-20,190.3106953
2026-10-08,2007-03-21,191.1501582
2026-10-08,2007-03-22,191.9850436
2026-10-08,2007-03-23,191.5246239
2026-10-08,2007-03-24,191.4834147
2026-10-08,2007-03-25,191.4422143
2026-10-08,2007-03-26,192.0267366
2026-10-08,2007-03-27,191.8668497
2026-10-08,2007-03-28,191.0256803
2026-10-08,2007-03-29,192.6304726
2026-10-08,2007-03-30,191.9031398
2026-10-08,2007-03-31,191.8618492
2026-10-08,2007-04-01,191.7344202
2026-10-08,2007-04-02,191.6070758
2026-10-08,2007-04-03,193.4230838
2026-10-08,2007-04-04,193.9371633
2026-10-08,2007-04-05,193.808356
2026-10-08,2007-04-06,193.6796342
2026-10-08,2007-04-07,193.5509978
2026-10-08,2007-04-08,193.422447
2026-10-08,2007-04-09,193.6893865
2026-10-08,2007-04-10,193.0963313
2026-10-08,2007-04-11,192.1548268
2026-10-08,2007-04-12,191.4566108
2026-10-08,2007-04-13,192.9390424
2026-10-08,2007-04-14,192.810898
2026-10-08,2007-04-15,192.6828387
2026-10-08,2007-04-16,190.9221643
2026-10-08,2007-04-17,190.6417349
2026-10-08,2007-04-18,190.5170023
2026-10-08,2007-04-19,191.2236619
2026-10-08,2007-04-20,191.3891048
2026-10-08,2007-04-21,191.2619898
2026-10-08,2007-04-22,191.1349592
2026-10-08,2007-04-23,190.1355487
2026-10-08,2007-04-24,189.8412012
2026-10-08,2007-04-25,191.1686254
2026-10-08,2007-04-26,190.8442987
2026-10-08,2007-04-27,190.4082065
2026-10-08,2007-04-28,190.281743
2026-10-08,2007-04-29,190.1553635
2026-10-08,2007-04-30,189.8326078
2026-10-08,2007-05-01,189.7234811
2026-10-08,2007-05-02,189.8030513
2026-10-08,2007-05-03,189.9701305
2026-10-08,2007-05-04,189.0977974
2026-10-08,2007-05-05,188.9890931
2026-10-08,2007-05-06,188.8804513
2026-10-08,2007-05-07,189.0072983
2026-10-08,2007-05-08,189.2258185
2026-10-08,2007-05-09,189.4306229
2026-10-08,2007-05-10,189.0602903
2026-10-08,2007-05-11,189.3682038
2026-10-08,2007-05-12,189.2593441
2026-10-08,2007-05-13,189.150547
2026-10-08,2007-05-14,189.2381821
2026-10-08,2007-05-15,191.5090887
2026-10-08,2007-05-16,193.6449525
2026-10-08,2007-05-17,194.5072439
2026-10-08,2007-05-18,194.0584056
2026-10-08,2007-05-19,193.9468497
2026-10-08,2007-05-20,193.835358
2026-10-08,2007-05-21,195.019053
2026-10-08,2007-05-22,195.640783
2026-10-08,2007-05-23,195.0206624
2026-10-08,2007-05-24,193.3817886
2026-10-08,2007-05-25,193.2706217
2026-10-08,2007-05-26,193.1595187
2026-10-08,2007-05-27,193.0484795
2026-10-08,2007-05-28,192.8750273
2026-10-08,2007-05-29,194.153064
2026-10-08,2007-05-30,194.098219
2026-10-08,2007-05-31,196.0549933
2026-10-08,2007-06-01,197.6639145
2026-10-08,2007-06-02,197.5097096
2026-10-08,2007-06-03,197.355625
2026-10-08,2007-06-04,195.4413449
2026-10-08,2007-06-05,193.6400255
2026-10-08,2007-06-06,190.721924
2026-10-08,2007-06-07,190.5091556
2026-10-08,2007-06-08,191.0948061
2026-10-08,2007-06-09,190.945726
2026-10-08,2007-06-10,190.7967623
2026-10-08,2007-06-11,192.779132
2026-10-08,2007-06-12,192.8547672
2026-10-08,2007-06-13,191.6936769
2026-10-08,2007-06-14,193.2175551
2026-10-08,2007-06-15,195.5424818
2026-10-08,2007-06-16,195.3899319
2026-10-08,2007-06-17,195.2375011
2026-10-08,2007-06-18,195.0851891
2026-10-08,2007-06-19,195.3065322
2026-10-08,2007-06-20,193.2343807
2026-10-08,2007-06-21,194.4248901
2026-10-08,2007-06-22,191.7444301
2026-10-08,2007-06-23,191.5948432
2026-10-08,2007-06-24,191.445373
2026-10-08,2007-06-25,191.9953809
2026-10-08,2007-06-26,190.2414437
2026-10-08,2007-06-27,190.219126
2026-10-08,2007-06-28,192.7478626
2026-10-08,2007-06-29,192.0450185
2026-10-08,2007-06-30,191.8951971
2026-10-08,2007-07-01,191.7541572
2026-10-08,2007-07-02,192.7983942
2026-10-08,2007-07-03,192.9386729
2026-10-08,2007-07-04,192.8592838
2026-10-08,2007-07-05,193.1003534
2026-10-08,2007-07-06,194.8006816
2026-10-08,2007-07-07,194.6575062
2026-10-08,2007-07-08,194.514436
2026-10-08,2007-07-09,194.371471
2026-10-08,2007-07-10,194.6260651
2026-10-08,2007-07-11,195.3060753
2026-10-08,2007-07-12,196.3390197
2026-10-08,2007-07-13,197.194755
2026-10-08,2007-07-14,197.04982
2026-10-08,2007-07-15,196.9049915
2026-10-08,2007-07-16,196.4862929
2026-10-08,2007-07-17,197.1126102
2026-10-08,2007-07-18,197.3917989
2026-10-08,2007-07-19,197.896629
2026-10-08,2007-07-20,198.2992914
2026-10-08,2007-07-21,198.1535446
2026-10-08,2007-07-22,198.0079049
2026-10-08,2007-07-23,199.554755
2026-10-08,2007-07-24,200.5219085
2026-10-08,2007-07-25,199.8419406
2026-10-08,2007-07-26,192.1860696
2026-10-08,2007-07-27,192.9542351
2026-10-08,2007-07-28,192.8124168
2026-10-08,2007-07-29,192.6707027
2026-10-08,2007-07-30,194.8832213
2026-10-08,2007-07-31,194.8124081
2026-10-08,2007-08-01,194.2862895
2026-10-08,2007-08-02,195.8023124
2026-10-08,2007-08-03,194.9898249
2026-10-08,2007-08-04,194.8138782
2026-10-08,2007-08-05,194.6380903
2026-10-08,2007-08-06,191.3262324
2026-10-08,2007-08-07,192.1906557
2026-10-08,2007-08-08,192.8577533
2026-10-08,2007-08-09,189.9764443
2026-10-08,2007-08-10,188.3315497
2026-10-08,2007-08-11,188.161611
2026-10-08,2007-08-12,187.9918257
2026-10-08,2007-08-13,187.3998954
2026-10-08,2007-08-14,183.179261
2026-10-08,2007-08-15,182.5505354
2026-10-08,2007-08-16,172.1630925
2026-10-08,2007-08-17,180.5501182
2026-10-08,2007-08-18,180.387201
2026-10-08,2007-08-19,180.2244308
2026-10-08,2007-08-20,180.0618075
2026-10-08,2007-08-21,179.1577057
2026-10-08,2007-08-22,180.5369123
2026-10-08,2007-08-23,182.7777638
2026-10-08,2007-08-24,185.9324225
2026-10-08,2007-08-25,185.7646486
2026-10-08,2007-08-26,185.5970262
2026-10-08,2007-08-27,185.524669
2026-10-08,2007-08-28,181.7184697
2026-10-08,2007-08-29,183.5805454
2026-10-08,2007-08-30,182.4798767
2026-10-08,2007-08-31,183.007742
2026-10-08,2007-09-01,182.8976973
2026-10-08,2007-09-02,182.7877188
2026-10-08,2007-09-03,183.0250907
2026-10-08,2007-09-04,184.3949301
2026-10-08,2007-09-05,182.5484695
2026-10-08,2007-09-06,183.9356343
2026-10-08,2007-09-07,182.5852671
2026-10-08,2007-09-08,182.4754764
2026-10-08,2007-09-09,182.3657518
2026-10-08,2007-09-10,182.7351368
2026-10-08,2007-09-11,185.0552006
2026-10-08,2007-09-12,185.9330517
2026-10-08,2007-09-13,186.3164736
2026-10-08,2007-09-14,186.8567467
2026-10-08,2007-09-15,186.7443876
2026-10-08,2007-09-16,186.632096
2026-10-08,2007-09-17,184.2798762
2026-10-08,2007-09-18,186.1909521
2026-10-08,2007-09-19,188.7698078
2026-10-08,2007-09-20,188.3612207
2026-10-08,2007-09-21,189.3961014
2026-10-08,2007-09-22,189.2822153
2026-10-08,2007-09-23,189.1683977
2026-10-08,2007-09-24,188.8724204
2026-10-08,2007-09-25,189.7222282
2026-10-08,2007-09-26,190.2825314
2026-10-08,2007-09-27,191.4252902
2026-10-08,2007-09-28,192.4594336
2026-10-08,2007-09-29,192.3437055
2026-10-08,2007-09-30,192.228047
2026-10-08,2007-10-01,193.2586391
2026-10-08,2007-10-02,192.9048245
2026-10-08,2007-10-03,191.2970201
2026-10-08,2007-10-04,192.9927465
2026-10-08,2007-10-05,195.1885694
2026-10-08,2007-10-06,195.1179973
2026-10-08,2007-10-07,195.0474506
2026-10-08,2007-10-08,195.1622104
2026-10-08,2007-10-09,195.4904756
2026-10-08,2007-10-10,194.7603687
2026-10-08,2007-10-11,196.1139427
2026-10-08,2007-10-12,195.0379804
2026-10-08,2007-10-13,194.9674627
2026-10-08,2007-10-14,194.8969705
2026-10-08,2007-10-15,194.8265038
2026-10-08,2007-10-16,193.6292589
2026-10-08,2007-10-17,192.7698959
2026-10-08,2007-10-18,196.5497418
2026-10-08,2007-10-19,194.7848116
2026-10-08,2007-10-20,194.7143855
2026-10-08,2007-10-21,194.6439848
2026-10-08,2007-10-22,193.3546923
2026-10-08,2007-10-23,195.7700499
2026-10-08,2007-10-24,194.8972868
2026-10-08,2007-10-25,196.2059718
2026-10-08,2007-10-26,198.2605155
2026-10-08,2007-10-27,198.1888327
2026-10-08,2007-10-28,198.1171758
2026-10-08,2007-10-29,199.0146972
2026-10-08,2007-10-30,198.7041058
2026-10-08,2007-10-31,199.9896418
2026-10-08,2007-11-01,198.1609078
2026-10-08,2007-11-02,198.1929523
2026-10-08,2007-11-03,198.2446827
2026-10-08,2007-11-04,198.2964267
2026-10-08,2007-11-05,198.2722885
2026-10-08,2007-11-06,198.3240396
2026-10-08,2007-11-07,198.9797443
2026-10-08,2007-11-08,198.8860811
2026-10-08,2007-11-09,198.7033119
2026-10-08,2007-11-10,198.7551755
2026-10-08,2007-11-11,198.8070527
2026-10-08,2007-11-12,199.0496946
2026-10-08,2007-11-13,197.032773
2026-10-08,2007-11-14,200.2426073
2026-10-08,2007-11-15,198.4350073
2026-10-08,2007-11-16,199.3375894
2026-10-08,2007-11-17,199.3896186
2026-10-08,2007-11-18,199.4416614
2026-10-08,2007-11-19,196.8705084
2026-10-08,2007-11-20,197.4280351
2026-10-08,2007-11-21,196.1729425
2026-10-08,2007-11-22,196.3491635
2026-10-08,2007-11-23,193.8860642
2026-10-08,2007-11-24,193.9366705
2026-10-08,2007-11-25,193.98729
2026-10-08,2007-11-26,191.8341978
2026-10-08,2007-11-27,191.0537337
2026-10-08,2007-11-28,195.5734542
2026-10-08,2007-11-29,194.9206716
2026-10-08,2007-11-30,195.1113038
2026-10-08,2007-12-01,195.0964015
2026-10-08,2007-12-02,195.0815003
2026-10-08,2007-12-03,194.9333338
2026-10-08,2007-12-04,193.2019215
2026-10-08,2007-12-05,194.230648
2026-10-08,2007-12-06,196.6624789
2026-10-08,2007-12-07,198.6115642
2026-10-08,2007-12-08,198.5963946
2026-10-08,2007-12-09,198.5812261
2026-10-08,2007-12-10,198.2842012
2026-10-08,2007-12-11,198.9536745
2026-10-08,2007-12-12,197.1305489
2026-10-08,2007-12-13,196.7153308
2026-10-08,2007-12-14,194.6409157
2026-10-08,2007-12-15,194.6260493
2026-10-08,2007-12-16,194.6111841
2026-10-08,2007-12-17,192.8295626
2026-10-08,2007-12-18,192.6412417
2026-10-08,2007-12-19,193.645433
2026-10-08,2007-12-20,193.3297645
2026-10-08,2007-12-21,195.1161267
2026-10-08,2007-12-22,195.101224
2026-10-08,2007-12-23,195.0863225
2026-10-08,2007-12-24,195.0714221
2026-10-08,2007-12-25,195.0565229
2026-10-08,2007-12-26,197.3002887
2026-10-08,2007-12-27,199.0036196
2026-10-08,2007-12-28,197.0497972
2026-10-08,2007-12-29,197.0347469
2026-10-08,2007-12-30,197.0196977
2026-10-08,2007-12-31,196.6503649
2026-10-08,2008-01-01,196.5574982
2026-10-08,2008-01-02,197.1236287
2026-10-08,2008-01-03,199.0619344
2026-10-08,2008-01-04,198.4285786
2026-10-08,2008-01-05,198.3348721
2026-10-08,2008-01-06,198.2412099
2026-10-08,2008-01-07,196.3842303
2026-10-08,2008-01-08,197.1648403
2026-10-08,2008-01-09,195.3189946
2026-10-08,2008-01-10,196.0675488
2026-10-08,2008-01-11,197.6823828
2026-10-08,2008-01-12,197.5890287
2026-10-08,2008-01-13,197.4957187
2026-10-08,2008-01-14,199.8907111
2026-10-08,2008-01-15,198.2880249
2026-10-08,2008-01-16,195.6767214
2026-10-08,2008-01-17,195.3371194
2026-10-08,2008-01-18,193.971808
2026-10-08,2008-01-19,193.8802063
2026-10-08,2008-01-20,193.7886477
2026-10-08,2008-01-21,194.0658502
2026-10-08,2008-01-22,192.5679771
2026-10-08,2008-01-23,191.001582
2026-10-08,2008-01-24,193.9609694
2026-10-08,2008-01-25,193.641555
2026-10-08,2008-01-26,193.5501091
2026-10-08,2008-01-27,193.4587065
2026-10-08,2008-01-28,193.8629027
2026-10-08,2008-01-29,194.6959162
2026-10-08,2008-01-30,194.5768083
2026-10-08,2008-01-31,195.9981666
2026-10-08,2008-02-01,197.3115056
2026-10-08,2008-02-02,197.1943267
2026-10-08,2008-02-03,197.0772173
2026-10-08,2008-02-04,197.6054559
2026-10-08,2008-02-05,196.1774633
2026-10-08,2008-02-06,197.4135824
2026-10-08,2008-02-07,196.2987491
2026-10-08,2008-02-08,195.5267659
2026-10-08,2008-02-09,195.4106469
2026-10-08,2008-02-10,195.2945968
2026-10-08,2008-02-11,195.5710502
2026-10-08,2008-02-12,197.0756707
2026-10-08,2008-02-13,196.3934932
2026-10-08,2008-02-14,196.0298532
2026-10-08,2008-02-15,195.3806527
2026-10-08,2008-02-16,195.2646204
2026-10-08,2008-02-17,195.1486571
2026-10-08,2008-02-18,195.0327626
2026-10-08,2008-02-19,197.2201105
2026-10-08,2008-02-20,196.597532
2026-10-08,2008-02-21,199.7289195
2026-10-08,2008-02-22,199.615924
2026-10-08,2008-02-23,199.4973766
2026-10-08,2008-02-24,199.3788995
2026-10-08,2008-02-25,199.7677914
2026-10-08,2008-02-26,201.9507471
2026-10-08,2008-02-27,204.1519408
2026-10-08,2008-02-28,202.3151144
2026-10-08,2008-02-29,201.850501
2026-10-08,2008-03-01,201.6223735
2026-10-08,2008-03-02,201.3945039
2026-10-08,2008-03-03,201.9503279
2026-10-08,2008-03-04,201.0273796
2026-10-08,2008-03-05,202.411025
2026-10-08,2008-03-06,201.8623621
2026-10-08,2008-03-07,199.5986863
2026-10-08,2008-03-08,199.3731038
2026-10-08,2008-03-09,199.1477762
2026-10-08,2008-03-10,197.3999988
2026-10-08,2008-03-11,196.5943764
2026-10-08,2008-03-12,198.964313
2026-10-08,2008-03-13,195.9473976
2026-10-08,2008-03-14,194.9835428
2026-10-08,2008-03-15,194.7631762
2026-10-08,2008-03-16,194.5430587
2026-10-08,2008-03-17,192.8331814
2026-10-08,2008-03-18,196.023366
2026-10-08,2008-03-19,194.4483108
2026-10-08,2008-03-20,194.2285491
2026-10-08,2008-03-21,194.0090358
2026-10-08,2008-03-22,193.7897705
2026-10-08,2008-03-23,193.5707531
2026-10-08,2008-03-24,193.3519832
2026-10-08,2008-03-25,190.531252
2026-10-08,2008-03-26,190.9681637
2026-10-08,2008-03-27,190.3140643
2026-10-08,2008-03-28,189.0040669
2026-10-08,2008-03-29,188.7904581
2026-10-08,2008-03-30,188.5770909
2026-10-08,2008-03-31,188.0851902
2026-10-08,2008-04-01,188.1396055
2026-10-08,2008-04-02,187.9893461
2026-10-08,2008-04-03,190.7994975
2026-10-08,2008-04-04,191.9717023
2026-10-08,2008-04-05,191.8183823
2026-10-08,2008-04-06,191.6651848
2026-10-08,2008-04-07,192.0577665
2026-10-08,2008-04-08,192.0739012
2026-10-08,2008-04-09,192.988923
2026-10-08,2008-04-10,193.6839403
2026-10-08,2008-04-11,192.3603645
2026-10-08,2008-04-12,192.2067341
2026-10-08,2008-04-13,192.0532265
2026-10-08,2008-04-14,192.1200309
2026-10-08,2008-04-15,192.6895679
2026-10-08,2008-04-16,195.3455585
2026-10-08,2008-04-17,196.1493753
2026-10-08,2008-04-18,194.706216
2026-10-08,2008-04-19,194.5507121
2026-10-08,2008-04-20,194.3953324
2026-10-08,2008-04-21,195.4623988
2026-10-08,2008-04-22,196.1608145
2026-10-08,2008-04-23,196.072701
2026-10-08,2008-04-24,194.3977476
2026-10-08,2008-04-25,193.9111746
2026-10-08,2008-04-26,193.7563057
2026-10-08,2008-04-27,193.6015605
2026-10-08,2008-04-28,191.7493166
2026-10-08,2008-04-29,188.2477029
2026-10-08,2008-04-30,189.8870167
2026-10-08,2008-05-01,189.9200152
2026-10-08,2008-05-02,195.2857084
2026-10-08,2008-05-03,195.3196451
2026-10-08,2008-05-04,195.3535877
2026-10-08,2008-05-05,194.144387
2026-10-08,2008-05-06,194.8311865
2026-10-08,2008-05-07,192.34406
2026-10-08,2008-05-08,191.2492909
2026-10-08,2008-05-09,191.2825261
2026-10-08,2008-05-10,191.3157671
2026-10-08,2008-05-11,191.3490139
2026-10-08,2008-05-12,194.2134562
2026-10-08,2008-05-13,194.2024706
2026-10-08,2008-05-14,193.914573
2026-10-08,2008-05-15,193.9191829
2026-10-08,2008-05-16,194.9254801
2026-10-08,2008-05-17,194.9593542
2026-10-08,2008-05-18,194.9932341
2026-10-08,2008-05-19,194.5376667
2026-10-08,2008-05-20,193.3230438
2026-10-08,2008-05-21,193.2060566
2026-10-08,2008-05-22,192.6827145
2026-10-08,2008-05-23,191.9513101
2026-10-08,2008-05-24,191.9846674
2026-10-08,2008-05-25,192.0180304
2026-10-08,2008-05-26,192.541652
2026-10-08,2008-05-27,190.9477524
2026-10-08,2008-05-28,190.9573875
2026-10-08,2008-05-29,192.8169027
2026-10-08,2008-05-30,194.4470066
2026-10-08,2008-05-31,194.4807975
2026-10-08,2008-06-01,194.3734725
2026-10-08,2008-06-02,192.7076693
2026-10-08,2008-06-03,191.9215572
2026-10-08,2008-06-04,192.2970999
2026-10-08,2008-06-05,191.037691
2026-10-08,2008-06-06,191.5687205
2026-10-08,2008-06-07,191.4630025
2026-10-08,2008-06-08,191.3573428
2026-10-08,2008-06-09,191.0728223
2026-10-08,2008-06-10,189.2158918
2026-10-08,2008-06-11,189.0948469
2026-10-08,2008-06-12,189.1073134
2026-10-08,2008-06-13,188.1407098
2026-10-08,2008-06-14,188.0368836
2026-10-08,2008-06-15,187.9331146
2026-10-08,2008-06-16,187.8294029
2026-10-08,2008-06-17,190.5496713
2026-10-08,2008-06-18,190.657791
2026-10-08,2008-06-19,191.3175009
2026-10-08,2008-06-20,190.5032002
2026-10-08,2008-06-21,190.3980702
2026-10-08,2008-06-22,190.2929983
2026-10-08,2008-06-23,188.7659384
2026-10-08,2008-06-24,189.5333853
2026-10-08,2008-06-25,190.159902
2026-10-08,2008-06-26,190.7173038
2026-10-08,2008-06-27,189.1503409
2026-10-08,2008-06-28,189.0459574
2026-10-08,2008-06-29,188.9416316
2026-10-08,2008-06-30,190.242489
2026-10-08,2008-07-01,188.5821613
2026-10-08,2008-07-02,189.6201408
2026-10-08,2008-07-03,188.8512441
2026-10-08,2008-07-04,188.6739659
2026-10-08,2008-07-05,188.6213912
2026-10-08,2008-07-06,188.5688311
2026-10-08,2008-07-07,188.6009875
2026-10-08,2008-07-08,187.4364049
2026-10-08,2008-07-09,187.384175
2026-10-08,2008-07-10,187.7789239
2026-10-08,2008-07-11,188.5382708
2026-10-08,2008-07-12,188.4857338
2026-10-08,2008-07-13,188.4332115
2026-10-08,2008-07-14,189.8913748
2026-10-08,2008-07-15,189.8742241
2026-10-08,2008-07-16,189.4769644
2026-10-08,2008-07-17,189.8130497
2026-10-08,2008-07-18,189.8915127
2026-10-08,2008-07-19,189.8385987
2026-10-08,2008-07-20,189.7856994
2026-10-08,2008-07-21,190.6595113
2026-10-08,2008-07-22,190.5072787
2026-10-08,2008-07-23,190.1031377
2026-10-08,2008-07-24,190.5410269
2026-10-08,2008-07-25,191.0232868
2026-10-08,2008-07-26,190.9700574
2026-10-08,2008-07-27,190.9168429
2026-10-08,2008-07-28,190.8931058
2026-10-08,2008-07-29,191.5451292
2026-10-08,2008-07-30,192.8434985
2026-10-08,2008-07-31,193.5274049
2026-10-08,2008-08-01,194.3609936
2026-10-08,2008-08-02,194.3275566
2026-10-08,2008-08-03,194.2941254
2026-10-08,2008-08-04,192.8404942
2026-10-08,2008-08-05,192.3241941
2026-10-08,2008-08-06,191.8925137
2026-10-08,2008-08-07,190.3696012
2026-10-08,2008-08-08,188.1871514
2026-10-08,2008-08-09,188.1547766
2026-10-08,2008-08-10,188.1224073
2026-10-08,2008-08-11,186.2945389
2026-10-08,2008-08-12,186.2739032
2026-10-08,2008-08-13,186.2076229
2026-10-08,2008-08-14,185.0711412
2026-10-08,2008-08-15,183.450866
2026-10-08,2008-08-16,183.419306
2026-10-08,2008-08-17,183.3877514
2026-10-08,2008-08-18,183.3562022
2026-10-08,2008-08-19,184.2043242
2026-10-08,2008-08-20,185.1611715
2026-10-08,2008-08-21,186.1287827
2026-10-08,2008-08-22,184.7886446
2026-10-08,2008-08-23,184.7568545
2026-10-08,2008-08-24,184.7250698
2026-10-08,2008-08-25,183.6222237
2026-10-08,2008-08-26,182.9740054
2026-10-08,2008-08-27,184.8315934
2026-10-08,2008-08-28,184.1410179
2026-10-08,2008-08-29,183.7272622
2026-10-08,2008-08-30,183.6956546
2026-10-08,2008-08-31,183.6640525
2026-10-08,2008-09-01,183.4929668
2026-10-08,2008-09-02,180.6941854
2026-10-08,2008-09-03,179.1096201
2026-10-08,2008-09-04,174.9956021
2026-10-08,2008-09-05,174.5342859
2026-10-08,2008-09-06,174.4869255
2026-10-08,2008-09-07,174.4395779
2026-10-08,2008-09-08,173.6840029
2026-10-08,2008-09-09,171.5317748
2026-10-08,2008-09-10,170.0315347
2026-10-08,2008-09-11,167.3429251
2026-10-08,2008-09-12,170.4292252
2026-10-08,2008-09-13,170.3829787
2026-10-08,2008-09-14,170.3367447
2026-10-08,2008-09-15,167.7075694
2026-10-08,2008-09-16,166.8727196
2026-10-08,2008-09-17,162.8816029
2026-10-08,2008-09-18,158.105203
2026-10-08,2008-09-19,168.2565414
2026-10-08,2008-09-20,168.2108845
2026-10-08,2008-09-21,168.16524
2026-10-08,2008-09-22,169.9213037
2026-10-08,2008-09-23,165.4849373
2026-10-08,2008-09-24,165.2751156
2026-10-08,2008-09-25,168.2905206
2026-10-08,2008-09-26,165.7621311
2026-10-08,2008-09-27,165.717151
2026-10-08,2008-09-28,165.6721831
2026-10-08,2008-09-29,157.1787045
2026-10-08,2008-09-30,160.131223
2026-10-08,2008-10-01,159.450714
2026-10-08,2008-10-02,152.9041565
2026-10-08,2008-10-03,153.2336561
2026-10-08,2008-10-04,153.2271173
2026-10-08,2008-10-05,153.2205788
2026-10-08,2008-10-06,143.2032697
2026-10-08,2008-10-07,137.4809142
2026-10-08,2008-10-08,136.3843051
2026-10-08,2008-10-09,144.4966178
2026-10-08,2008-10-10,136.9941006
2026-10-08,2008-10-11,136.9882548
2026-10-08,2008-10-12,136.9824093
2026-10-08,2008-10-13,136.976564
2026-10-08,2008-10-14,150.2005293
2026-10-08,2008-10-15,143.4879589
2026-10-08,2008-10-16,143.6315659
2026-10-08,2008-10-17,141.1487744
2026-10-08,2008-10-18,141.1427514
2026-10-08,2008-10-19,141.1367285
2026-10-08,2008-10-20,148.9081696
2026-10-08,2008-10-21,140.3107077
2026-10-08,2008-10-22,132.690748
2026-10-08,2008-10-23,139.3941532
2026-10-08,2008-10-24,138.4974845
2026-10-08,2008-10-25,138.4915746
2026-10-08,2008-10-26,138.4856649
2026-10-08,2008-10-27,143.9446314
2026-10-08,2008-10-28,151.8654993
2026-10-08,2008-10-29,156.4479901
2026-10-08,2008-10-30,156.6922828
2026-10-08,2008-10-31,154.9217381
2026-10-08,2008-11-01,154.9073914
2026-10-08,2008-11-02,154.8930462
2026-10-08,2008-11-03,153.4439081
2026-10-08,2008-11-04,153.4867086
2026-10-08,2008-11-05,152.8686531
2026-10-08,2008-11-06,152.8544966
2026-10-08,2008-11-07,150.0346863
2026-10-08,2008-11-08,150.0207922
2026-10-08,2008-11-09,150.0068994
2026-10-08,2008-11-10,148.9509452
2026-10-08,2008-11-11,148.9371515
2026-10-08,2008-11-12,141.794519
2026-10-08,2008-11-13,139.7599916
2026-10-08,2008-11-14,142.5604768
2026-10-08,2008-11-15,142.5472749
2026-10-08,2008-11-16,142.5340742
2026-10-08,2008-11-17,140.8425621
2026-10-08,2008-11-18,140.9500445
2026-10-08,2008-11-19,135.9426033
2026-10-08,2008-11-20,135.954956
2026-10-08,2008-11-21,132.7144193
2026-10-08,2008-11-22,132.7021292
2026-10-08,2008-11-23,132.6898402
2026-10-08,2008-11-24,140.3269461
2026-10-08,2008-11-25,141.6215648
2026-10-08,2008-11-26,142.1140463
2026-10-08,2008-11-27,142.6102475
2026-10-08,2008-11-28,142.3513268
2026-10-08,2008-11-29,142.3381442
2026-10-08,2008-11-30,142.3249629
2026-10-08,2008-12-01,139.7463565
2026-10-08,2008-12-02,139.1872964
2026-10-08,2008-12-03,138.5502299
2026-10-08,2008-12-04,135.6638999
2026-10-08,2008-12-05,129.5118682
2026-10-08,2008-12-06,129.5049282
2026-10-08,2008-12-07,129.4979887
2026-10-08,2008-12-08,129.4910495
2026-10-08,2008-12-09,135.0673028
2026-10-08,2008-12-10,137.540537
2026-10-08,2008-12-11,145.7460117
2026-10-08,2008-12-12,139.7205504
2026-10-08,2008-12-13,139.7130635
2026-10-08,2008-12-14,139.7055769
2026-10-08,2008-12-15,141.5277994
2026-10-08,2008-12-16,140.3886084
2026-10-08,2008-12-17,140.2328814
2026-10-08,2008-12-18,141.0039347
2026-10-08,2008-12-19,140.5278967
2026-10-08,2008-12-20,140.5203664
2026-10-08,2008-12-21,140.5128366
2026-10-08,2008-12-22,138.6264086
2026-10-08,2008-12-23,140.8226882
2026-10-08,2008-12-24,141.1527222
2026-10-08,2008-12-25,141.1451585
2026-10-08,2008-12-26,141.3430099
2026-10-08,2008-12-27,141.335436
2026-10-08,2008-12-28,141.3278625
2026-10-08,2008-12-29,140.4611986
2026-10-08,2008-12-30,144.9799257
2026-10-08,2008-12-31,145.6411125
2026-10-08,2009-01-01,145.6095299
2026-10-08,2009-01-02,145.2862845
2026-10-08,2009-01-03,145.2547789
2026-10-08,2009-01-04,145.2232801
2026-10-08,2009-01-05,149.2049725
2026-10-08,2009-01-06,154.1841855
2026-10-08,2009-01-07,151.5998728
2026-10-08,2009-01-08,148.7282078
2026-10-08,2009-01-09,147.4648369
2026-10-08,2009-01-10,147.4328589
2026-10-08,2009-01-11,147.4008877
2026-10-08,2009-01-12,144.6254233
2026-10-08,2009-01-13,145.8596206
2026-10-08,2009-01-14,142.2556437
2026-10-08,2009-01-15,141.7365472
2026-10-08,2009-01-16,143.6173533
2026-10-08,2009-01-17,143.5862096
2026-10-08,2009-01-18,143.5550726
2026-10-08,2009-01-19,143.5239424
2026-10-08,2009-01-20,142.2903746
2026-10-08,2009-01-21,143.4297514
2026-10-08,2009-01-22,143.6113806
2026-10-08,2009-01-23,144.1074397
2026-10-08,2009-01-24,144.0761897
2026-10-08,2009-01-25,144.0449465
2026-10-08,2009-01-26,146.0913625
2026-10-08,2009-01-27,145.8196358
2026-10-08,2009-01-28,148.0509435
2026-10-08,2009-01-29,147.9563079
2026-10-08,2009-01-30,146.1632829
2026-10-08,2009-01-31,146.1315871
2026-10-08,2009-02-01,146.1607741
2026-10-08,2009-02-02,145.5166972
2026-10-08,2009-02-03,146.646188
2026-10-08,2009-02-04,147.9333318
2026-10-08,2009-02-05,147.3403251
2026-10-08,2009-02-06,149.5792024
2026-10-08,2009-02-07,149.609078
2026-10-08,2009-02-08,149.6389595
2026-10-08,2009-02-09,151.2300666
2026-10-08,2009-02-10,149.2235424
2026-10-08,2009-02-11,149.8806287
2026-10-08,2009-02-12,148.4047486
2026-10-08,2009-02-13,149.234763
2026-10-08,2009-02-14,149.2645697
2026-10-08,2009-02-15,149.2943824
2026-10-08,2009-02-16,149.3668782
2026-10-08,2009-02-17,146.9517644
2026-10-08,2009-02-18,144.784843
2026-10-08,2009-02-19,146.4063107
2026-10-08,2009-02-20,144.0069447
2026-10-08,2009-02-21,144.0357073
2026-10-08,2009-02-22,144.0644757
2026-10-08,2009-02-23,144.6396781
2026-10-08,2009-02-24,145.2172467
2026-10-08,2009-02-25,144.9222366
2026-10-08,2009-02-26,147.4622846
2026-10-08,2009-02-27,146.216206
2026-10-08,2009-02-28,146.2454099
2026-10-08,2009-03-01,146.1458942
2026-10-08,2009-03-02,143.9500826
2026-10-08,2009-03-03,143.979525
2026-10-08,2009-03-04,148.2136685
2026-10-08,2009-03-05,147.3634614
2026-10-08,2009-03-06,148.4687472
2026-10-08,2009-03-07,148.3677187
2026-10-08,2009-03-08,148.2667589
2026-10-08,2009-03-09,148.6424794
2026-10-08,2009-03-10,150.0866288
2026-10-08,2009-03-11,150.6080585
2026-10-08,2009-03-12,151.7217842
2026-10-08,2009-03-13,153.1364419
2026-10-08,2009-03-14,153.0322372
2026-10-08,2009-03-15,152.9281033
2026-10-08,2009-03-16,154.9677063
2026-10-08,2009-03-17,154.2579023
2026-10-08,2009-03-18,154.3689442
2026-10-08,2009-03-19,156.299591
2026-10-08,2009-03-20,155.8416861
2026-10-08,2009-03-21,155.7356405
2026-10-08,2009-03-22,155.629667
2026-10-08,2009-03-23,156.6694093
2026-10-08,2009-03-24,156.5628005
2026-10-08,2009-03-25,157.6983562
2026-10-08,2009-03-26,158.2146863
2026-10-08,2009-03-27,155.7869525
2026-10-08,2009-03-28,155.6809441
2026-10-08,2009-03-29,155.5750079
2026-10-08,2009-03-30,151.9292985
2026-10-08,2009-03-31,154.2195408
2026-10-08,2009-04-01,155.1614035
2026-10-08,2009-04-02,155.0927776
2026-10-08,2009-04-03,159.9582094
2026-10-08,2009-04-04,159.8874619
2026-10-08,2009-04-05,159.8167458
2026-10-08,2009-04-06,157.6276075
2026-10-08,2009-04-07,157.0339811
2026-10-08,2009-04-08,158.8126125
2026-10-08,2009-04-09,158.7423717
2026-10-08,2009-04-10,158.6721621
2026-10-08,2009-04-11,158.6019834
2026-10-08,2009-04-12,158.5318358
2026-10-08,2009-04-13,160.9155191
2026-10-08,2009-04-14,158.9473017
2026-10-08,2009-04-15,158.7759638
2026-10-08,2009-04-16,159.5845477
2026-10-08,2009-04-17,160.0238202
2026-10-08,2009-04-18,159.9530438
2026-10-08,2009-04-19,159.8822986
2026-10-08,2009-04-20,155.7005171
2026-10-08,2009-04-21,155.8763927
2026-10-08,2009-04-22,158.2235315
2026-10-08,2009-04-23,157.6178474
2026-10-08,2009-04-24,158.6366284
2026-10-08,2009-04-25,158.5664655
2026-10-08,2009-04-26,158.4963336
2026-10-08,2009-04-27,157.2609305
2026-10-08,2009-04-28,159.2496373
2026-10-08,2009-04-29,161.6054286
2026-10-08,2009-04-30,160.5785611
2026-10-08,2009-05-01,160.5582655
2026-10-08,2009-05-02,160.5379725
2026-10-08,2009-05-03,160.5176821
2026-10-08,2009-05-04,163.5593694
2026-10-08,2009-05-05,162.0766398
2026-10-08,2009-05-06,165.088002
2026-10-08,2009-05-07,165.8255434
2026-10-08,2009-05-08,169.1623355
2026-10-08,2009-05-09,169.140955
2026-10-08,2009-05-10,169.1195773
2026-10-08,2009-05-11,169.7172579
2026-10-08,2009-05-12,169.1177252
2026-10-08,2009-05-13,166.1455811
2026-10-08,2009-05-14,167.5333771
2026-10-08,2009-05-15,167.029914
2026-10-08,2009-05-16,167.008803
2026-10-08,2009-05-17,166.9876947
2026-10-08,2009-05-18,168.4719952
2026-10-08,2009-05-19,171.9460903
2026-10-08,2009-05-20,173.6091415
2026-10-08,2009-05-21,173.8249676
2026-10-08,2009-05-22,173.111847
2026-10-08,2009-05-23,173.0899673
2026-10-08,2009-05-24,173.0680904
2026-10-08,2009-05-25,173.0462163
2026-10-08,2009-05-26,173.5966188
2026-10-08,2009-05-27,174.1192921
2026-10-08,2009-05-28,174.5880703
2026-10-08,2009-05-29,178.707272
2026-10-08,2009-05-30,178.6846851
2026-10-08,2009-05-31,178.6621011
2026-10-08,2009-06-01,181.0184455
2026-10-08,2009-06-02,182.0941962
2026-10-08,2009-06-03,178.6297128
2026-10-08,2009-06-04,181.1247144
2026-10-08,2009-06-05,179.7052153
2026-10-08,2009-06-06,179.6951102
2026-10-08,2009-06-07,179.6850055
2026-10-08,2009-06-08,178.9307562
2026-10-08,2009-06-09,179.0228705
2026-10-08,2009-06-10,180.1381758
2026-10-08,2009-06-11,181.0069419
2026-10-08,2009-06-12,183.8043476
2026-10-08,2009-06-13,183.7940119
2026-10-08,2009-06-14,183.7836768
2026-10-08,2009-06-15,183.7733423
2026-10-08,2009-06-16,179.859174
2026-10-08,2009-06-17,179.0299588
2026-10-08,2009-06-18,178.9947822
2026-10-08,2009-06-19,180.488576
2026-10-08,2009-06-20,180.4784268
2026-10-08,2009-06-21,180.4682782
2026-10-08,2009-06-22,175.5227035
2026-10-08,2009-06-23,178.1714391
2026-10-08,2009-06-24,180.23862
2026-10-08,2009-06-25,181.9499593
2026-10-08,2009-06-26,183.1618584
2026-10-08,2009-06-27,183.1515588
2026-10-08,2009-06-28,183.1412598
2026-10-08,2009-06-29,181.6136218
2026-10-08,2009-06-30,181.1969667
2026-10-08,2009-07-01,183.9482831
2026-10-08,2009-07-02,182.4054977
2026-10-08,2009-07-03,182.4942084
2026-10-08,2009-07-04,182.4495743
2026-10-08,2009-07-05,182.4049512
2026-10-08,2009-07-06,180.3714015
2026-10-08,2009-07-07,179.7836732
2026-10-08,2009-07-08,175.8978674
2026-10-08,2009-07-09,175.8548466
2026-10-08,2009-07-10,175.8118363
2026-10-08,2009-07-11,175.7688366
2026-10-08,2009-07-12,175.7258474
2026-10-08,2009-07-13,179.3622772
2026-10-08,2009-07-14,179.8141582
2026-10-08,2009-07-15,183.2882697
2026-10-08,2009-07-16,183.565572
2026-10-08,2009-07-17,184.2165279
2026-10-08,2009-07-18,184.1714725
2026-10-08,2009-07-19,184.1264282
2026-10-08,2009-07-20,186.4808496
2026-10-08,2009-07-21,185.7614933
2026-10-08,2009-07-22,186.7134425
2026-10-08,2009-07-23,187.5267494
2026-10-08,2009-07-24,187.2725698
2026-10-08,2009-07-25,187.226767
2026-10-08,2009-07-26,187.1809755
2026-10-08,2009-07-27,188.4785739
2026-10-08,2009-07-28,188.199351
2026-10-08,2009-07-29,186.5877579
2026-10-08,2009-07-30,189.5820494
2026-10-08,2009-07-31,190.9482742
2026-10-08,2009-08-01,190.8442028
2026-10-08,2009-08-02,190.7401881
2026-10-08,2009-08-03,193.8591401
2026-10-08,2009-08-04,194.0678926
2026-10-08,2009-08-05,195.1642172
2026-10-08,2009-08-06,193.1414882
2026-10-08,2009-08-07,194.2938442
2026-10-08,2009-08-08,194.1879494
2026-10-08,2009-08-09,194.0821122
2026-10-08,2009-08-10,191.2457088
2026-10-08,2009-08-11,192.0404727
2026-10-08,2009-08-12,192.8816714
2026-10-08,2009-08-13,193.3488676
2026-10-08,2009-08-14,191.3876614
2026-10-08,2009-08-15,191.2833505
2026-10-08,2009-08-16,191.1790964
2026-10-08,2009-08-17,191.0748992
2026-10-08,2009-08-18,191.33127
2026-10-08,2009-08-19,193.1855461
2026-10-08,2009-08-20,192.3952215
2026-10-08,2009-08-21,193.3312694
2026-10-08,2009-08-22,193.2258992
2026-10-08,2009-08-23,193.1205864
2026-10-08,2009-08-24,192.1827548
2026-10-08,2009-08-25,190.4814135
2026-10-08,2009-08-26,188.7101362
2026-10-08,2009-08-27,188.2143846
2026-10-08,2009-08-28,188.3101136
2026-10-08,2009-08-29,188.2074801
2026-10-08,2009-08-30,188.1049024
2026-10-08,2009-08-31,187.250544
2026-10-08,2009-09-01,184.618677
2026-10-08,2009-09-02,186.1434535
2026-10-08,2009-09-03,188.3200293
2026-10-08,2009-09-04,190.8069952
2026-10-08,2009-09-05,190.7250394
2026-10-08,2009-09-06,190.6431189
2026-10-08,2009-09-07,190.6602483
2026-10-08,2009-09-08,192.1823066
2026-10-08,2009-09-09,190.7647095
2026-10-08,2009-09-10,193.0162193
2026-10-08,2009-09-11,192.718075
2026-10-08,2009-09-12,192.6352984
2026-10-08,2009-09-13,192.5525573
2026-10-08,2009-09-14,192.1241137
2026-10-08,2009-09-15,192.6694088
2026-10-08,2009-09-16,193.0454265
2026-10-08,2009-09-17,192.0222282
2026-10-08,2009-09-18,192.8016597
2026-10-08,2009-09-19,192.7188472
2026-10-08,2009-09-20,192.6360702
2026-10-08,2009-09-21,191.3113408
2026-10-08,2009-09-22,193.0011622
2026-10-08,2009-09-23,194.5182447
2026-10-08,2009-09-24,192.0136905
2026-10-08,2009-09-25,193.1032809
2026-10-08,2009-09-26,193.0203388
2026-10-08,2009-09-27,192.9374324
2026-10-08,2009-09-28,193.6845207
2026-10-08,2009-09-29,193.7022096
2026-10-08,2009-09-30,196.1277646
2026-10-08,2009-10-01,193.8438245
2026-10-08,2009-10-02,195.2985591
2026-10-08,2009-10-03,195.2124108
2026-10-08,2009-10-04,195.1263006
2026-10-08,2009-10-05,195.9309142
2026-10-08,2009-10-06,196.5188859
2026-10-08,2009-10-07,196.0189447
2026-10-08,2009-10-08,197.9297142
2026-10-08,2009-10-09,197.9771606
2026-10-08,2009-10-10,197.8898308
2026-10-08,2009-10-11,197.8025395
2026-10-08,2009-10-12,197.7152867
2026-10-08,2009-10-13,198.3921327
2026-10-08,2009-10-14,201.2924633
2026-10-08,2009-10-15,201.0693616
2026-10-08,2009-10-16,200.3794527
2026-10-08,2009-10-17,200.2910632
2026-10-08,2009-10-18,200.2027127
2026-10-08,2009-10-19,199.7924122
2026-10-08,2009-10-20,195.0912327
2026-10-08,2009-10-21,198.0017676
2026-10-08,2009-10-22,198.046625
2026-10-08,2009-10-23,199.0798637
2026-10-08,2009-10-24,198.9920474
2026-10-08,2009-10-25,198.9042699
2026-10-08,2009-10-26,196.8288527
2026-10-08,2009-10-27,195.9719788
2026-10-08,2009-10-28,193.9430826
2026-10-08,2009-10-29,196.7391129
2026-10-08,2009-10-30,193.6660998
2026-10-08,2009-10-31,193.5806716
2026-10-08,2009-11-01,193.5334663
2026-10-08,2009-11-02,192.630274
2026-10-08,2009-11-03,194.6304038
2026-10-08,2009-11-04,196.4756026
2026-10-08,2009-11-05,197.0264344
2026-10-08,2009-11-06,196.9783889
2026-10-08,2009-11-07,196.930355
2026-10-08,2009-11-08,196.8823329
2026-10-08,2009-11-09,199.2480875
2026-10-08,2009-11-10,197.4517002
2026-10-08,2009-11-11,197.300091
2026-10-08,2009-11-12,195.0178408
2026-10-08,2009-11-13,196.8767102
2026-10-08,2009-11-14,196.8287012
2026-10-08,2009-11-15,196.7807039
2026-10-08,2009-11-16,197.8553004
2026-10-08,2009-11-17,196.7993054
2026-10-08,2009-11-18,197.0499163
2026-10-08,2009-11-19,194.5835298
2026-10-08,2009-11-20,194.135808
2026-10-08,2009-11-21,194.0884674
2026-10-08,2009-11-22,194.0411383
2026-10-08,2009-11-23,194.6616914
2026-10-08,2009-11-24,193.8807965
2026-10-08,2009-11-25,194.9861804
2026-10-08,2009-11-26,195.0924601
2026-10-08,2009-11-27,193.0495032
2026-10-08,2009-11-28,193.0024274
2026-10-08,2009-11-29,192.9553632
2026-10-08,2009-11-30,192.1392155
2026-10-08,2009-12-01,195.2833352
2026-10-08,2009-12-02,195.1135525
2026-10-08,2009-12-03,196.7211665
2026-10-08,2009-12-04,194.4461747
2026-10-08,2009-12-05,194.2716772
2026-10-08,2009-12-06,194.0973363
2026-10-08,2009-12-07,193.4335865
2026-10-08,2009-12-08,193.2599977
2026-10-08,2009-12-09,187.7527973
2026-10-08,2009-12-10,188.0756185
2026-10-08,2009-12-11,189.7757864
2026-10-08,2009-12-12,189.6054801
2026-10-08,2009-12-13,189.4353267
2026-10-08,2009-12-14,190.675281
2026-10-08,2009-12-15,189.818209
2026-10-08,2009-12-16,189.4897621
2026-10-08,2009-12-17,185.5968522
2026-10-08,2009-12-18,186.025593
2026-10-08,2009-12-19,185.8586522
2026-10-08,2009-12-20,185.6918612
2026-10-08,2009-12-21,185.0534701
2026-10-08,2009-12-22,184.8098143
2026-10-08,2009-12-23,186.9738246
2026-10-08,2009-12-24,186.0227337
2026-10-08,2009-12-25,185.8557954
2026-10-08,2009-12-26,185.689007
2026-10-08,2009-12-27,185.5223682
2026-10-08,2009-12-28,188.0567642
2026-10-08,2009-12-29,189.0337646
2026-10-08,2009-12-30,187.5101291
2026-10-08,2009-12-31,187.3741531
2026-10-08,2010-01-01,187.2868181
2026-10-08,2010-01-02,187.1995238
2026-10-08,2010-01-03,187.1122702
2026-10-08,2010-01-04,189.2955236
2026-10-08,2010-01-05,188.1741391
2026-10-08,2010-01-06,188.445845
2026-10-08,2010-01-07,186.4109228
2026-10-08,2010-01-08,187.9267986
2026-10-08,2010-01-09,187.839206
2026-10-08,2010-01-10,187.7516542
2026-10-08,2010-01-11,186.5925996
2026-10-08,2010-01-12,185.6509459
2026-10-08,2010-01-13,184.2439699
2026-10-08,2010-01-14,183.6779002
2026-10-08,2010-01-15,182.7325729
2026-10-08,2010-01-16,182.6474014
2026-10-08,2010-01-17,182.5622695
2026-10-08,2010-01-18,182.5732586
2026-10-08,2010-01-19,182.676999
2026-10-08,2010-01-20,180.9990543
2026-10-08,2010-01-21,179.9279168
2026-10-08,2010-01-22,178.2325032
2026-10-08,2010-01-23,178.1494291
2026-10-08,2010-01-24,178.0663937
2026-10-08,2010-01-25,177.3993637
2026-10-08,2010-01-26,176.5264491
2026-10-08,2010-01-27,173.6595556
2026-10-08,2010-01-28,173.266699
2026-10-08,2010-01-29,172.3162248
2026-10-08,2010-01-30,172.2359083
2026-10-08,2010-01-31,172.1556292
2026-10-08,2010-02-01,174.2022525
2026-10-08,2010-02-02,176.9972345
2026-10-08,2010-02-03,175.2772079
2026-10-08,2010-02-04,171.9026506
2026-10-08,2010-02-05,171.5339465
2026-10-08,2010-02-06,171.3197567
2026-10-08,2010-02-07,171.1058343
2026-10-08,2010-02-08,172.0970323
2026-10-08,2010-02-09,174.4520852
2026-10-08,2010-02-10,173.8312393
2026-10-08,2010-02-11,173.7777733
2026-10-08,2010-02-12,172.9744528
2026-10-08,2010-02-13,172.7584643
2026-10-08,2010-02-14,172.5427454
2026-10-08,2010-02-15,172.9585443
2026-10-08,2010-02-16,172.608301
2026-10-08,2010-02-17,174.6365335
2026-10-08,2010-02-18,175.3039769
2026-10-08,2010-02-19,176.8420601
2026-10-08,2010-02-20,176.6212422
2026-10-08,2010-02-21,176.4007
2026-10-08,2010-02-22,176.1352955
2026-10-08,2010-02-23,173.777859
2026-10-08,2010-02-24,174.1900689
2026-10-08,2010-02-25,172.5250231
2026-10-08,2010-02-26,175.2989168
2026-10-08,2010-02-27,175.0800257
2026-10-08,2010-02-28,174.8614081
2026-10-08,2010-03-01,175.5007308
2026-10-08,2010-03-02,176.6308682
2026-10-08,2010-03-03,176.8010685
2026-10-08,2010-03-04,175.819926
2026-10-08,2010-03-05,176.8284815
2026-10-08,2010-03-06,176.7107826
2026-10-08,2010-03-07,176.5931621
2026-10-08,2010-03-08,175.4201029
2026-10-08,2010-03-09,176.6542029
2026-10-08,2010-03-10,177.0113767
2026-10-08,2010-03-11,176.8894172
2026-10-08,2010-03-12,177.4690776
2026-10-08,2010-03-13,177.3509524
2026-10-08,2010-03-14,177.2329058
2026-10-08,2010-03-15,177.2224269
2026-10-08,2010-03-16,176.678112
2026-10-08,2010-03-17,177.0109949
2026-10-08,2010-03-18,174.7136743
2026-10-08,2010-03-19,173.5699921
2026-10-08,2010-03-20,173.4544621
2026-10-08,2010-03-21,173.3390091
2026-10-08,2010-03-22,173.0021618
2026-10-08,2010-03-23,174.4832935
2026-10-08,2010-03-24,174.3671556
2026-10-08,2010-03-25,172.1023931
2026-10-08,2010-03-26,170.0208735
2026-10-08,2010-03-27,169.9077059
2026-10-08,2010-03-28,169.7946136
2026-10-08,2010-03-29,171.9775852
2026-10-08,2010-03-30,172.9189901
2026-10-08,2010-03-31,174.4923611
2026-10-08,2010-04-01,174.4464196
2026-10-08,2010-04-02,174.4004903
2026-10-08,2010-04-03,174.3545731
2026-10-08,2010-04-04,174.3086679
2026-10-08,2010-04-05,176.2085479
2026-10-08,2010-04-06,176.4280099
2026-10-08,2010-04-07,175.2628627
2026-10-08,2010-04-08,174.4076654
2026-10-08,2010-04-09,174.6863529
2026-10-08,2010-04-10,174.6403604
2026-10-08,2010-04-11,174.59438
2026-10-08,2010-04-12,176.0287038
2026-10-08,2010-04-13,176.1178739
2026-10-08,2010-04-14,177.1243099
2026-10-08,2010-04-15,177.9651653
2026-10-08,2010-04-16,174.8883528
2026-10-08,2010-04-17,174.8423071
2026-10-08,2010-04-18,174.7962736
2026-10-08,2010-04-19,175.1428514
2026-10-08,2010-04-20,176.172657
2026-10-08,2010-04-21,176.0759399
2026-10-08,2010-04-22,174.8710265
2026-10-08,2010-04-23,174.7214266
2026-10-08,2010-04-24,174.6754249
2026-10-08,2010-04-25,174.6294353
2026-10-08,2010-04-26,176.5097519
2026-10-08,2010-04-27,174.6100105
2026-10-08,2010-04-28,175.4940455
2026-10-08,2010-04-29,178.3999696
2026-10-08,2010-04-30,178.3352814
2026-10-08,2010-05-01,178.2697017
2026-10-08,2010-05-02,178.2041461
2026-10-08,2010-05-03,178.0666305
2026-10-08,2010-05-04,175.8156028
2026-10-08,2010-05-05,173.2667443
2026-10-08,2010-05-06,165.6934568
2026-10-08,2010-05-07,167.9394485
2026-10-08,2010-05-08,167.8776917
2026-10-08,2010-05-09,167.8159576
2026-10-08,2010-05-10,173.2398704
2026-10-08,2010-05-11,173.5228415
2026-10-08,2010-05-12,173.8842885
2026-10-08,2010-05-13,173.8596452
2026-10-08,2010-05-14,170.7807098
2026-10-08,2010-05-15,170.7179082
2026-10-08,2010-05-16,170.6551297
2026-10-08,2010-05-17,169.2504122
2026-10-08,2010-05-18,170.5159083
2026-10-08,2010-05-19,167.6903028
2026-10-08,2010-05-20,164.0683469
2026-10-08,2010-05-21,165.6382969
2026-10-08,2010-05-22,165.5773863
2026-10-08,2010-05-23,165.5164981
2026-10-08,2010-05-24,165.4556323
2026-10-08,2010-05-25,165.3947889
2026-10-08,2010-05-26,166.7112367
2026-10-08,2010-05-27,169.287579
2026-10-08,2010-05-28,168.8746764
2026-10-08,2010-05-29,168.8125757
2026-10-08,2010-05-30,168.7504978
2026-10-08,2010-05-31,169.7172382
2026-10-08,2010-06-01,169.1226462
2026-10-08,2010-06-02,167.5336105
2026-10-08,2010-06-03,169.2291532
2026-10-08,2010-06-04,166.1594719
2026-10-08,2010-06-05,166.0995738
2026-10-08,2010-06-06,166.0396972
2026-10-08,2010-06-07,164.3865922
2026-10-08,2010-06-08,164.3044621
2026-10-08,2010-06-09,166.4720138
2026-10-08,2010-06-10,169.2437074
2026-10-08,2010-06-11,169.4114743
2026-10-08,2010-06-12,169.3504039
2026-10-08,2010-06-13,169.2893555
2026-10-08,2010-06-14,169.5168046
2026-10-08,2010-06-15,171.5982089
2026-10-08,2010-06-16,172.1816917
2026-10-08,2010-06-17,172.3034821
2026-10-08,2010-06-18,172.8437896
2026-10-08,2010-06-19,172.7814819
2026-10-08,2010-06-20,172.7191966
2026-10-08,2010-06-21,172.6569338
2026-10-08,2010-06-22,173.2444852
2026-10-08,2010-06-23,170.3090379
2026-10-08,2010-06-24,172.0055986
2026-10-08,2010-06-25,172.0600523
2026-10-08,2010-06-26,171.9980271
2026-10-08,2010-06-27,171.9360243
2026-10-08,2010-06-28,171.6380331
2026-10-08,2010-06-29,169.2154278
2026-10-08,2010-06-30,170.422838
2026-10-08,2010-07-01,170.1832225
2026-10-08,2010-07-02,171.7933586
2026-10-08,2010-07-03,171.7133395
2026-10-08,2010-07-04,171.6333576
2026-10-08,2010-07-05,171.8483998
2026-10-08,2010-07-06,172.0590975
2026-10-08,2010-07-07,172.9399252
2026-10-08,2010-07-08,172.2778867
2026-10-08,2010-07-09,172.1976419
2026-10-08,2010-07-10,172.1174344
2026-10-08,2010-07-11,172.0372643
2026-10-08,2010-07-12,172.5865258
2026-10-08,2010-07-13,172.938591
2026-10-08,2010-07-14,172.0842456
2026-10-08,2010-07-15,170.9628935
2026-10-08,2010-07-16,170.0356816
2026-10-08,2010-07-17,169.9564812
2026-10-08,2010-07-18,169.8773177
2026-10-08,2010-07-19,169.2722072
2026-10-08,2010-07-20,170.8681203
2026-10-08,2010-07-21,170.5960794
2026-10-08,2010-07-22,171.7071776
2026-10-08,2010-07-23,171.6420362
2026-10-08,2010-07-24,171.5620875
2026-10-08,2010-07-25,171.4821761
2026-10-08,2010-07-26,171.1445806
2026-10-08,2010-07-27,170.6728985
2026-10-08,2010-07-28,171.1932704
2026-10-08,2010-07-29,170.9580561
2026-10-08,2010-07-30,171.4358974
2026-10-08,2010-07-31,171.3560447
2026-10-08,2010-08-01,171.2999564
2026-10-08,2010-08-02,172.2918303
2026-10-08,2010-08-03,170.9562928
2026-10-08,2010-08-04,170.8859547
2026-10-08,2010-08-05,171.3751563
2026-10-08,2010-08-06,170.624124
2026-10-08,2010-08-07,170.5682752
2026-10-08,2010-08-08,170.5124447
2026-10-08,2010-08-09,171.4885079
2026-10-08,2010-08-10,170.3570943
2026-10-08,2010-08-11,169.6995706
2026-10-08,2010-08-12,169.1420206
2026-10-08,2010-08-13,169.5261859
2026-10-08,2010-08-14,169.4706965
2026-10-08,2010-08-15,169.4152252
2026-10-08,2010-08-16,169.3597721
2026-10-08,2010-08-17,171.1172021
2026-10-08,2010-08-18,171.2067766
2026-10-08,2010-08-19,169.9997608
2026-10-08,2010-08-20,170.2576949
2026-10-08,2010-08-21,170.201966
2026-10-08,2010-08-22,170.1462554
2026-10-08,2010-08-23,169.8634968
2026-10-08,2010-08-24,169.5333334
2026-10-08,2010-08-25,169.70286
2026-10-08,2010-08-26,170.1244657
2026-10-08,2010-08-27,170.8548422
2026-10-08,2010-08-28,170.7989179
2026-10-08,2010-08-29,170.7430118
2026-10-08,2010-08-30,170.1410464
2026-10-08,2010-08-31,170.7934322
2026-10-08,2010-09-01,171.8070847
2026-10-08,2010-09-02,172.443489
2026-10-08,2010-09-03,173.2103356
2026-10-08,2010-09-04,173.1453353
2026-10-08,2010-09-05,173.0803594
2026-10-08,2010-09-06,172.7112243
2026-10-08,2010-09-07,172.4782317
2026-10-08,2010-09-08,173.2508385
2026-10-08,2010-09-09,172.9510469
2026-10-08,2010-09-10,173.5709465
2026-10-08,2010-09-11,173.5058109
2026-10-08,2010-09-12,173.4406997
2026-10-08,2010-09-13,173.5781969
2026-10-08,2010-09-14,174.5231846
2026-10-08,2010-09-15,172.8709573
2026-10-08,2010-09-16,173.4166943
2026-10-08,2010-09-17,173.419194
2026-10-08,2010-09-18,173.3541153
2026-10-08,2010-09-19,173.2890611
2026-10-08,2010-09-20,172.3067813
2026-10-08,2010-09-21,172.4556812
2026-10-08,2010-09-22,172.7453619
2026-10-08,2010-09-23,173.0057863
2026-10-08,2010-09-24,173.9764336
2026-10-08,2010-09-25,173.9111459
2026-10-08,2010-09-26,173.8458826
2026-10-08,2010-09-27,174.3959432
2026-10-08,2010-09-28,174.5919659
2026-10-08,2010-09-29,174.3148764
2026-10-08,2010-09-30,175.2656847
2026-10-08,2010-10-01,176.4728103
2026-10-08,2010-10-02,176.3324556
2026-10-08,2010-10-03,176.1922125
2026-10-08,2010-10-04,175.215679
2026-10-08,2010-10-05,176.6086077
2026-10-08,2010-10-06,175.4043832
2026-10-08,2010-10-07,175.0412909
2026-10-08,2010-10-08,176.3197827
2026-10-08,2010-10-09,176.1795496
2026-10-08,2010-10-10,176.0394282
2026-10-08,2010-10-11,175.8994181
2026-10-08,2010-10-12,175.8729114
2026-10-08,2010-10-13,177.2663539
2026-10-08,2010-10-14,176.189871
2026-10-08,2010-10-15,176.31947
2026-10-08,2010-10-16,176.1792372
2026-10-08,2010-10-17,176.039116
2026-10-08,2010-10-18,175.5060831
2026-10-08,2010-10-19,173.5091347
2026-10-08,2010-10-20,174.3362683
2026-10-08,2010-10-21,171.7068563
2026-10-08,2010-10-22,170.970549
2026-10-08,2010-10-23,170.8345704
2026-10-08,2010-10-24,170.6987
2026-10-08,2010-10-25,170.3998548
2026-10-08,2010-10-26,170.6736589
2026-10-08,2010-10-27,170.5379164
2026-10-08,2010-10-28,169.3054355
2026-10-08,2010-10-29,170.3838253
2026-10-08,2010-10-30,170.2483133
2026-10-08,2010-10-31,170.1129092
2026-10-08,2010-11-01,169.5710895
2026-10-08,2010-11-02,170.4773722
2026-10-08,2010-11-03,170.1739608
2026-10-08,2010-11-04,172.3405574
2026-10-08,2010-11-05,172.28791
2026-10-08,2010-11-06,172.2274684
2026-10-08,2010-11-07,172.1670479
2026-10-08,2010-11-08,170.1532751
2026-10-08,2010-11-09,170.120779
2026-10-08,2010-11-10,168.6870202
2026-10-08,2010-11-11,168.2085208
2026-10-08,2010-11-12,167.593258
2026-10-08,2010-11-13,167.5344634
2026-10-08,2010-11-14,167.4756893
2026-10-08,2010-11-15,167.725365
2026-10-08,2010-11-16,166.1340116
2026-10-08,2010-11-17,167.3263205
2026-10-08,2010-11-18,168.3696438
2026-10-08,2010-11-19,168.0264847
2026-10-08,2010-11-20,167.9675381
2026-10-08,2010-11-21,167.9086121
2026-10-08,2010-11-22,167.8497068
2026-10-08,2010-11-23,166.146778
2026-10-08,2010-11-24,167.3423246
2026-10-08,2010-11-25,167.5234646
2026-10-08,2010-11-26,166.9765445
2026-10-08,2010-11-27,166.9179662
2026-10-08,2010-11-28,166.8594084
2026-10-08,2010-11-29,167.3397691
2026-10-08,2010-11-30,168.5014997
2026-10-08,2010-12-01,168.863624
2026-10-08,2010-12-02,169.0850192
2026-10-08,2010-12-03,170.6664932
2026-10-08,2010-12-04,170.6081568
2026-10-08,2010-12-05,170.5498402
2026-10-08,2010-12-06,171.0395496
2026-10-08,2010-12-07,171.0116283
2026-10-08,2010-12-08,170.9531738
2026-10-08,2010-12-09,167.8536712
2026-10-08,2010-12-10,167.3301863
2026-10-08,2010-12-11,167.2729903
2026-10-08,2010-12-12,167.2158137
2026-10-08,2010-12-13,168.3914071
2026-10-08,2010-12-14,169.0723957
2026-10-08,2010-12-15,168.3087846
2026-10-08,2010-12-16,168.2639231
2026-10-08,2010-12-17,166.8395564
2026-10-08,2010-12-18,166.7825281
2026-10-08,2010-12-19,166.7255192
2026-10-08,2010-12-20,167.3029843
2026-10-08,2010-12-21,168.3176635
2026-10-08,2010-12-22,168.2375735
2026-10-08,2010-12-23,168.4242248
2026-10-08,2010-12-24,168.3666547
2026-10-08,2010-12-25,168.3091044
2026-10-08,2010-12-26,168.2515737
2026-10-08,2010-12-27,169.1758839
2026-10-08,2010-12-28,168.8307299
2026-10-08,2010-12-29,169.8718432
2026-10-08,2010-12-30,171.4033846
2026-10-08,2010-12-31,171.3963589
2026-10-08,2011-01-01,171.38156
2026-10-08,2011-01-02,171.3667623
2026-10-08,2011-01-03,172.4789641
2026-10-08,2011-01-04,171.2182596
2026-10-08,2011-01-05,169.7704363
2026-10-08,2011-01-06,168.5981499
2026-10-08,2011-01-07,168.7781959
2026-10-08,2011-01-08,168.763623
2026-10-08,2011-01-09,168.7490514
2026-10-08,2011-01-10,168.6144865
2026-10-08,2011-01-11,168.6199609
2026-10-08,2011-01-12,169.7475494
2026-10-08,2011-01-13,170.5470991
2026-10-08,2011-01-14,168.8764201
2026-10-08,2011-01-15,168.8618388
2026-10-08,2011-01-16,168.8472587
2026-10-08,2011-01-17,169.2266276
2026-10-08,2011-01-18,169.8265901
2026-10-08,2011-01-19,170.2382663
2026-10-08,2011-01-20,170.4476927
2026-10-08,2011-01-21,170.2801404
2026-10-08,2011-01-22,170.2654378
2026-10-08,2011-01-23,170.2507365
2026-10-08,2011-01-24,170.4132023
2026-10-08,2011-01-25,170.6531734
2026-10-08,2011-01-26,170.7098929
2026-10-08,2011-01-27,170.063909
2026-10-08,2011-01-28,169.6980165
2026-10-08,2011-01-29,169.6833642
2026-10-08,2011-01-30,169.6687132
2026-10-08,2011-01-31,170.9658266
2026-10-08,2011-02-01,172.2156634
2026-10-08,2011-02-02,172.1075456
2026-10-08,2011-02-03,171.6959158
2026-10-08,2011-02-04,171.1904089
2026-10-08,2011-02-05,171.1735817
2026-10-08,2011-02-06,171.1567561
2026-10-08,2011-02-07,170.8477971
2026-10-08,2011-02-08,172.1506565
2026-10-08,2011-02-09,172.5170111
2026-10-08,2011-02-10,171.7606194
2026-10-08,2011-02-11,172.2417331
2026-10-08,2011-02-12,172.2248025
2026-10-08,2011-02-13,172.2078737
2026-10-08,2011-02-14,172.089094
2026-10-08,2011-02-15,172.0236108
2026-10-08,2011-02-16,171.6537825
2026-10-08,2011-02-17,172.5364122
2026-10-08,2011-02-18,172.5001311
2026-10-08,2011-02-19,172.4831752
2026-10-08,2011-02-20,172.4662209
2026-10-08,2011-02-21,172.0709344
2026-10-08,2011-02-22,171.9509654
2026-10-08,2011-02-23,171.5554476
2026-10-08,2011-02-24,172.5787672
2026-10-08,2011-02-25,172.7812479
2026-10-08,2011-02-26,172.7642643
2026-10-08,2011-02-27,172.7472824
2026-10-08,2011-02-28,172.8355758
2026-10-08,2011-03-01,172.5475201
2026-10-08,2011-03-02,172.8181446
2026-10-08,2011-03-03,173.1321146
2026-10-08,2011-03-04,174.273199
2026-10-08,2011-03-05,174.1699418
2026-10-08,2011-03-06,174.0667458
2026-10-08,2011-03-07,173.9636109
2026-10-08,2011-03-08,173.8605371
2026-10-08,2011-03-09,172.8036948
2026-10-08,2011-03-10,171.887957
2026-10-08,2011-03-11,171.1840504
2026-10-08,2011-03-12,171.0826235
2026-10-08,2011-03-13,170.9812567
2026-10-08,2011-03-14,171.0147991
2026-10-08,2011-03-15,170.9407228
2026-10-08,2011-03-16,171.5236109
2026-10-08,2011-03-17,169.0121273
2026-10-08,2011-03-18,170.4903333
2026-10-08,2011-03-19,170.3893175
2026-10-08,2011-03-20,170.2883615
2026-10-08,2011-03-21,170.8962025
2026-10-08,2011-03-22,170.6422449
2026-10-08,2011-03-23,171.1269199
2026-10-08,2011-03-24,171.0255268
2026-10-08,2011-03-25,170.9241939
2026-10-08,2011-03-26,170.8229209
2026-10-08,2011-03-27,170.721708
2026-10-08,2011-03-28,170.5507804
2026-10-08,2011-03-29,171.4017006
2026-10-08,2011-03-30,173.6222319
2026-10-08,2011-03-31,174.3315324
2026-10-08,2011-04-01,175.4789367
2026-10-08,2011-04-02,175.37388
2026-10-08,2011-04-03,175.2688861
2026-10-08,2011-04-04,175.2729251
2026-10-08,2011-04-05,175.7120274
2026-10-08,2011-04-06,175.0627031
2026-10-08,2011-04-07,177.8913221
2026-10-08,2011-04-08,179.3032015
2026-10-08,2011-04-09,179.1958552
2026-10-08,2011-04-10,179.0885732
2026-10-08,2011-04-11,177.939981
2026-10-08,2011-04-12,177.1232546
2026-10-08,2011-04-13,176.8144613
2026-10-08,2011-04-14,178.298514
2026-10-08,2011-04-15,178.9794213
2026-10-08,2011-04-16,178.8722688
2026-10-08,2011-04-17,178.7651806
2026-10-08,2011-04-18,177.348359
2026-10-08,2011-04-19,178.7917317
2026-10-08,2011-04-20,178.7821887
2026-10-08,2011-04-21,178.6751544
2026-10-08,2011-04-22,178.5681841
2026-10-08,2011-04-23,178.4612779
2026-10-08,2011-04-24,178.3544357
2026-10-08,2011-04-25,178.4806477
2026-10-08,2011-04-26,179.4901968
2026-10-08,2011-04-27,179.1827114
2026-10-08,2011-04-28,176.6491101
2026-10-08,2011-04-29,178.6011595
2026-10-08,2011-04-30,178.4942335
2026-10-08,2011-05-01,178.4219098
2026-10-08,2011-05-02,177.9658385
2026-10-08,2011-05-03,175.8490514
2026-10-08,2011-05-04,174.5372953
2026-10-08,2011-05-05,172.5923834
2026-10-08,2011-05-06,173.8413631
2026-10-08,2011-05-07,173.7709246
2026-10-08,2011-05-08,173.7005147
2026-10-08,2011-05-09,173.1345255
2026-10-08,2011-05-10,173.6239467
2026-10-08,2011-05-11,172.1404601
2026-10-08,2011-05-12,172.4112408
2026-10-08,2011-05-13,170.810916
2026-10-08,2011-05-14,170.7417055
2026-10-08,2011-05-15,170.672523
2026-10-08,2011-05-16,170.9591789
2026-10-08,2011-05-17,171.6794818
2026-10-08,2011-05-18,172.8982267
2026-10-08,2011-05-19,172.5385652
2026-10-08,2011-05-20,172.7796037
2026-10-08,2011-05-21,172.7095955
2026-10-08,2011-05-22,172.6396156
2026-10-08,2011-05-23,170.234596
2026-10-08,2011-05-24,170.6043509
2026-10-08,2011-05-25,170.5352241
2026-10-08,2011-05-26,171.5825919
2026-10-08,2011-05-27,173.6589523
2026-10-08,2011-05-28,173.5885877
2026-10-08,2011-05-29,173.5182517
2026-10-08,2011-05-30,173.7502394
2026-10-08,2011-05-31,175.3242541
2026-10-08,2011-06-01,174.7390395
2026-10-08,2011-06-02,175.6222149
2026-10-08,2011-06-03,176.1574135
2026-10-08,2011-06-04,176.0784753
2026-10-08,2011-06-05,175.9995725
2026-10-08,2011-06-06,174.9167766
2026-10-08,2011-06-07,175.448149
2026-10-08,2011-06-08,174.7600472
2026-10-08,2011-06-09,174.3168722
2026-10-08,2011-06-10,172.7045361
2026-10-08,2011-06-11,172.6271452
2026-10-08,2011-06-12,172.5497889
2026-10-08,2011-06-13,173.830582
2026-10-08,2011-06-14,174.3883686
2026-10-08,2011-06-15,172.4021447
2026-10-08,2011-06-16,171.0738568
2026-10-08,2011-06-17,172.4190471
2026-10-08,2011-06-18,172.341784
2026-10-08,2011-06-19,172.2645556
2026-10-08,2011-06-20,172.1873619
2026-10-08,2011-06-21,173.3313561
2026-10-08,2011-06-22,173.5363029
2026-10-08,2011-06-23,172.9678705
2026-10-08,2011-06-24,171.9919994
2026-10-08,2011-06-25,171.9149278
2026-10-08,2011-06-26,171.8378907
2026-10-08,2011-06-27,172.1352164
2026-10-08,2011-06-28,174.060369
2026-10-08,2011-06-29,175.2018311
2026-10-08,2011-06-30,176.324568
2026-10-08,2011-07-01,176.7114242
2026-10-08,2011-07-02,176.6222435
2026-10-08,2011-07-03,176.5331078
2026-10-08,2011-07-04,176.5905474
2026-10-08,2011-07-05,175.8099988
2026-10-08,2011-07-06,175.4810163
2026-10-08,2011-07-07,176.4216848
2026-10-08,2011-07-08,175.5213607
2026-10-08,2011-07-09,175.4327806
2026-10-08,2011-07-10,175.3442452
2026-10-08,2011-07-11,173.5680145
2026-10-08,2011-07-12,173.9316761
2026-10-08,2011-07-13,173.987371
2026-10-08,2011-07-14,173.9658162
2026-10-08,2011-07-15,173.9553306
2026-10-08,2011-07-16,173.8675408
2026-10-08,2011-07-17,173.7797953
2026-10-08,2011-07-18,173.3062647
2026-10-08,2011-07-19,175.0840736
2026-10-08,2011-07-20,175.4326965
2026-10-08,2011-07-21,176.3973953
2026-10-08,2011-07-22,176.6153286
2026-10-08,2011-07-23,176.5261965
2026-10-08,2011-07-24,176.4371092
2026-10-08,2011-07-25,177.5398004
2026-10-08,2011-07-26,178.1379064
2026-10-08,2011-07-27,174.5965621
2026-10-08,2011-07-28,174.7665066
2026-10-08,2011-07-29,176.1793134
2026-10-08,2011-07-30,176.0904012
2026-10-08,2011-07-31,176.0015339
2026-10-08,2011-08-01,174.8329963
2026-10-08,2011-08-02,174.1693891
2026-10-08,2011-08-03,174.8506393
2026-10-08,2011-08-04,172.8492238
2026-10-08,2011-08-05,172.3367318
2026-10-08,2011-08-06,172.223766
2026-10-08,2011-08-07,172.1108742
2026-10-08,2011-08-08,169.4436455
2026-10-08,2011-08-09,166.4912026
2026-10-08,2011-08-10,169.0911988
2026-10-08,2011-08-11,166.8836668
2026-10-08,2011-08-12,168.5958403
2026-10-08,2011-08-13,168.4853267
2026-10-08,2011-08-14,168.3748855
2026-10-08,2011-08-15,170.4691017
2026-10-08,2011-08-16,170.6857481
2026-10-08,2011-08-17,171.2547725
2026-10-08,2011-08-18,169.042988
2026-10-08,2011-08-19,169.9169058
2026-10-08,2011-08-20,169.8055262
2026-10-08,2011-08-21,169.6942196
2026-10-08,2011-08-22,169.582986
2026-10-08,2011-08-23,169.3130881
2026-10-08,2011-08-24,168.8828278
2026-10-08,2011-08-25,168.8788706
2026-10-08,2011-08-26,169.1279636
2026-10-08,2011-08-27,169.0171011
2026-10-08,2011-08-28,168.9063113
2026-10-08,2011-08-29,169.6451811
2026-10-08,2011-08-30,170.8558773
2026-10-08,2011-08-31,170.3673854
2026-10-08,2011-09-01,169.6001697
2026-10-08,2011-09-02,164.9147173
2026-10-08,2011-09-03,164.8393417
2026-10-08,2011-09-04,164.7640006
2026-10-08,2011-09-05,164.4435507
2026-10-08,2011-09-06,163.3475775
2026-10-08,2011-09-07,163.3720828
2026-10-08,2011-09-08,163.2116718
2026-10-08,2011-09-09,161.0749089
2026-10-08,2011-09-10,161.0012884
2026-10-08,2011-09-11,160.9277014
2026-10-08,2011-09-12,158.139865
2026-10-08,2011-09-13,158.0305572
2026-10-08,2011-09-14,156.5825418
2026-10-08,2011-09-15,157.6558918
2026-10-08,2011-09-16,157.0053884
2026-10-08,2011-09-17,156.9336279
2026-10-08,2011-09-18,156.8619001
2026-10-08,2011-09-19,150.217534
2026-10-08,2011-09-20,149.2550301
2026-10-08,2011-09-21,145.3550642
2026-10-08,2011-09-22,142.2880056
2026-10-08,2011-09-23,145.4138686
2026-10-08,2011-09-24,145.347406
2026-10-08,2011-09-25,145.2809738
2026-10-08,2011-09-26,145.0026475
2026-10-08,2011-09-27,148.9706638
2026-10-08,2011-09-28,146.373405
2026-10-08,2011-09-29,146.2266792
2026-10-08,2011-09-30,142.8536344
2026-10-08,2011-10-01,142.8229577
2026-10-08,2011-10-02,142.7922876
2026-10-08,2011-10-03,140.653022
2026-10-08,2011-10-04,141.5977773
2026-10-08,2011-10-05,146.088343
2026-10-08,2011-10-06,149.8086102
2026-10-08,2011-10-07,150.7040386
2026-10-08,2011-10-08,150.6716761
2026-10-08,2011-10-09,150.6393206
2026-10-08,2011-10-10,150.606972
2026-10-08,2011-10-11,152.4991948
2026-10-08,2011-10-12,150.6034595
2026-10-08,2011-10-13,153.1784995
2026-10-08,2011-10-14,154.6180491
2026-10-08,2011-10-15,154.5848461
2026-10-08,2011-10-16,154.5516503
2026-10-08,2011-10-17,149.4551178
2026-10-08,2011-10-18,152.1691863
2026-10-08,2011-10-19,151.7383685
2026-10-08,2011-10-20,150.1114071
2026-10-08,2011-10-21,150.8211021
2026-10-08,2011-10-22,150.7887145
2026-10-08,2011-10-23,150.7563339
2026-10-08,2011-10-24,153.1864513
2026-10-08,2011-10-25,151.973719
2026-10-08,2011-10-26,152.3985936
2026-10-08,2011-10-27,157.3637122
2026-10-08,2011-10-28,159.7293423
2026-10-08,2011-10-29,159.6950417
2026-10-08,2011-10-30,159.6607485
2026-10-08,2011-10-31,158.4371388
2026-10-08,2011-11-01,154.2463662
2026-10-08,2011-11-02,153.9713609
2026-10-08,2011-11-03,154.5915487
2026-10-08,2011-11-04,154.587377
2026-10-08,2011-11-05,154.5429592
2026-10-08,2011-11-06,154.4985542
2026-10-08,2011-11-07,153.7244647
2026-10-08,2011-11-08,154.3242685
2026-10-08,2011-11-09,152.7281838
2026-10-08,2011-11-10,152.4280319
2026-10-08,2011-11-11,154.3774831
2026-10-08,2011-11-12,154.3331257
2026-10-08,2011-11-13,154.2887809
2026-10-08,2011-11-14,152.6295392
2026-10-08,2011-11-15,151.9593171
2026-10-08,2011-11-16,151.3421062
2026-10-08,2011-11-17,150.4813812
2026-10-08,2011-11-18,150.1530127
2026-10-08,2011-11-19,150.1098691
2026-10-08,2011-11-20,150.0667378
2026-10-08,2011-11-21,148.0506771
2026-10-08,2011-11-22,148.4698187
2026-10-08,2011-11-23,144.4145456
2026-10-08,2011-11-24,141.7999896
2026-10-08,2011-11-25,141.7967391
2026-10-08,2011-11-26,141.7559964
2026-10-08,2011-11-27,141.7152655
2026-10-08,2011-11-28,141.6745463
2026-10-08,2011-11-29,145.5082448
2026-10-08,2011-11-30,148.3838067
2026-10-08,2011-12-01,148.5344708
2026-10-08,2011-12-02,149.5805408
2026-10-08,2011-12-03,149.5154241
2026-10-08,2011-12-04,149.4503358
2026-10-08,2011-12-05,150.3868641
2026-10-08,2011-12-06,149.1293458
2026-10-08,2011-12-07,149.3640903
2026-10-08,2011-12-08,149.2990679
2026-10-08,2011-12-09,149.2340737
2026-10-08,2011-12-10,149.1691079
2026-10-08,2011-12-11,149.1041703
2026-10-08,2011-12-12,145.3247116
2026-10-08,2011-12-13,143.8983595
2026-10-08,2011-12-14,142.4054056
2026-10-08,2011-12-15,143.4537307
2026-10-08,2011-12-16,143.8937304
2026-10-08,2011-12-17,143.8310894
2026-10-08,2011-12-18,143.7684756
2026-10-08,2011-12-19,142.8901328
2026-10-08,2011-12-20,144.7550257
2026-10-08,2011-12-21,143.7948747
2026-10-08,2011-12-22,144.1753381
2026-10-08,2011-12-23,143.1833763
2026-10-08,2011-12-24,143.1210445
2026-10-08,2011-12-25,143.0587398
2026-10-08,2011-12-26,142.9964623
2026-10-08,2011-12-27,143.2109491
2026-10-08,2011-12-28,142.0413946
2026-10-08,2011-12-29,142.8227965
2026-10-08,2011-12-30,142.702004
2026-10-08,2011-12-31,142.6398817
2026-10-08,2012-01-01,142.6127153
2026-10-08,2012-01-02,142.5855541
2026-10-08,2012-01-03,145.2662598
2026-10-08,2012-01-04,146.0153531
2026-10-08,2012-01-05,144.8226258
2026-10-08,2012-01-06,143.9870613
2026-10-08,2012-01-07,143.9596383
2026-10-08,2012-01-08,143.9322205
2026-10-08,2012-01-09,144.7107848
2026-10-08,2012-01-10,147.8618074
2026-10-08,2012-01-11,147.643605
2026-10-08,2012-01-12,149.3632505
2026-10-08,2012-01-13,148.808778
2026-10-08,2012-01-14,148.7804367
2026-10-08,2012-01-15,148.7521009
2026-10-08,2012-01-16,149.4813006
2026-10-08,2012-01-17,149.8407441
2026-10-08,2012-01-18,150.9517993
2026-10-08,2012-01-19,150.3614994
2026-10-08,2012-01-20,151.600471
2026-10-08,2012-01-21,151.571598
2026-10-08,2012-01-22,151.5427306
2026-10-08,2012-01-23,152.0871267
2026-10-08,2012-01-24,151.9569085
2026-10-08,2012-01-25,151.5935404
2026-10-08,2012-01-26,153.3836898
2026-10-08,2012-01-27,153.0201774
2026-10-08,2012-01-28,152.9910341
2026-10-08,2012-01-29,152.9618963
2026-10-08,2012-01-30,152.5304308
2026-10-08,2012-01-31,152.5368088
2026-10-08,2012-02-01,153.8561809
2026-10-08,2012-02-02,154.7498966
2026-10-08,2012-02-03,155.2009509
2026-10-08,2012-02-04,155.1468494
2026-10-08,2012-02-05,155.0927667
2026-10-08,2012-02-06,154.507287
2026-10-08,2012-02-07,154.6766448
2026-10-08,2012-02-08,155.0897368
2026-10-08,2012-02-09,155.0069789
2026-10-08,2012-02-10,154.3606089
2026-10-08,2012-02-11,154.3068003
2026-10-08,2012-02-12,154.2530105
2026-10-08,2012-02-13,154.9892769
2026-10-08,2012-02-14,154.8168124
2026-10-08,2012-02-15,154.6631111
2026-10-08,2012-02-16,154.6443057
2026-10-08,2012-02-17,155.3386742
2026-10-08,2012-02-18,155.2845246
2026-10-08,2012-02-19,155.230394
2026-10-08,2012-02-20,155.1762822
2026-10-08,2012-02-21,155.1221892
2026-10-08,2012-02-22,155.7771227
2026-10-08,2012-02-23,155.3767383
2026-10-08,2012-02-24,156.00602
2026-10-08,2012-02-25,155.9516378
2026-10-08,2012-02-26,155.8972746
2026-10-08,2012-02-27,155.8429303
2026-10-08,2012-02-28,156.0535618
2026-10-08,2012-02-29,154.7605719
2026-10-08,2012-03-01,154.3675371
2026-10-08,2012-03-02,152.7071365
2026-10-08,2012-03-03,152.5533947
2026-10-08,2012-03-04,152.3998076
2026-10-08,2012-03-05,151.3601747
2026-10-08,2012-03-06,149.1877029
2026-10-08,2012-03-07,148.3214095
2026-10-08,2012-03-08,147.8056987
2026-10-08,2012-03-09,146.8982508
2026-10-08,2012-03-10,146.7503573
2026-10-08,2012-03-11,146.6026126
2026-10-08,2012-03-12,143.8496852
2026-10-08,2012-03-13,145.4459093
2026-10-08,2012-03-14,143.8889381
2026-10-08,2012-03-15,144.7335468
2026-10-08,2012-03-16,144.9259924
2026-10-08,2012-03-17,144.7800845
2026-10-08,2012-03-18,144.6343235
2026-10-08,2012-03-19,144.2360337
2026-10-08,2012-03-20,143.1507162
2026-10-08,2012-03-21,142.8444457
2026-10-08,2012-03-22,142.5037481
2026-10-08,2012-03-23,143.2037246
2026-10-08,2012-03-24,143.0595506
2026-10-08,2012-03-25,142.9155218
2026-10-08,2012-03-26,142.916899
2026-10-08,2012-03-27,142.8056631
2026-10-08,2012-03-28,141.795866
2026-10-08,2012-03-29,141.3940369
2026-10-08,2012-03-30,141.9754832
2026-10-08,2012-03-31,141.8325458
2026-10-08,2012-04-01,141.7690631
2026-10-08,2012-04-02,141.7056089
2026-10-08,2012-04-03,141.3513277
2026-10-08,2012-04-04,141.3191064
2026-10-08,2012-04-05,141.2558536
2026-10-08,2012-04-06,141.192629
2026-10-08,2012-04-07,141.1294328
2026-10-08,2012-04-08,141.0662648
2026-10-08,2012-04-09,141.493402
2026-10-08,2012-04-10,140.8115212
2026-10-08,2012-04-11,140.77181
2026-10-08,2012-04-12,141.246966
2026-10-08,2012-04-13,140.421277
2026-10-08,2012-04-14,140.358426
2026-10-08,2012-04-15,140.2956032
2026-10-08,2012-04-16,140.1717522
2026-10-08,2012-04-17,139.1516439
2026-10-08,2012-04-18,136.9316494
2026-10-08,2012-04-19,136.4612709
2026-10-08,2012-04-20,138.0483932
2026-10-08,2012-04-21,137.9866043
2026-10-08,2012-04-22,137.924843
2026-10-08,2012-04-23,136.4089453
2026-10-08,2012-04-24,137.2446369
2026-10-08,2012-04-25,136.6357362
2026-10-08,2012-04-26,136.5238877
2026-10-08,2012-04-27,136.7005004
2026-10-08,2012-04-28,136.6393147
2026-10-08,2012-04-29,136.5781565
2026-10-08,2012-04-30,136.5170256
2026-10-08,2012-05-01,136.4492794
2026-10-08,2012-05-02,133.9575665
2026-10-08,2012-05-03,133.6525318
2026-10-08,2012-05-04,134.1433424
2026-10-08,2012-05-05,134.076774
2026-10-08,2012-05-06,134.0102387
2026-10-08,2012-05-07,133.9296939
2026-10-08,2012-05-08,132.9940681
2026-10-08,2012-05-09,131.7355779
2026-10-08,2012-05-10,131.8767634
2026-10-08,2012-05-11,131.7599518
2026-10-08,2012-05-12,131.6945663
2026-10-08,2012-05-13,131.6292131
2026-10-08,2012-05-14,129.105714
2026-10-08,2012-05-15,128.586146
2026-10-08,2012-05-16,128.1598957
2026-10-08,2012-05-17,129.0096255
2026-10-08,2012-05-18,126.2989697
2026-10-08,2012-05-19,126.2362941
2026-10-08,2012-05-20,126.1736496
2026-10-08,2012-05-21,125.749956
2026-10-08,2012-05-22,125.5266277
2026-10-08,2012-05-23,125.5597833
2026-10-08,2012-05-24,125.9003666
2026-10-08,2012-05-25,125.8378888
2026-10-08,2012-05-26,125.775442
2026-10-08,2012-05-27,125.7130262
2026-10-08,2012-05-28,129.9354402
2026-10-08,2012-05-29,128.6101215
2026-10-08,2012-05-30,127.362042
2026-10-08,2012-05-31,127.1031375
2026-10-08,2012-06-01,125.698333
2026-10-08,2012-06-02,125.6464296
2026-10-08,2012-06-03,125.5945476
2026-10-08,2012-06-04,125.4669515
2026-10-08,2012-06-05,126.5072769
2026-10-08,2012-06-06,127.1193951
2026-10-08,2012-06-07,126.1167798
2026-10-08,2012-06-08,126.4132095
2026-10-08,2012-06-09,126.3610109
2026-10-08,2012-06-10,126.3088338
2026-10-08,2012-06-11,125.373992
2026-10-08,2012-06-12,124.2825959
2026-10-08,2012-06-13,123.9918527
2026-10-08,2012-06-14,123.7300042
2026-10-08,2012-06-15,125.635466
2026-10-08,2012-06-16,129.9620547
2026-10-08,2012-06-17,129.9083907
2026-10-08,2012-06-18,124.148706
2026-10-08,2012-06-19,126.1305276
2026-10-08,2012-06-20,126.0784457
2026-10-08,2012-06-21,124.9909569
2026-10-08,2012-06-22,124.5338685
2026-10-08,2012-06-23,124.4824459
2026-10-08,2012-06-24,124.4310445
2026-10-08,2012-06-25,123.8752049
2026-10-08,2012-06-26,123.5657737
2026-10-08,2012-06-27,122.6783649
2026-10-08,2012-06-28,122.2890979
2026-10-08,2012-06-29,127.2575902
2026-10-08,2012-06-30,127.2050429
2026-10-08,2012-07-01,127.1531636
2026-10-08,2012-07-02,128.8284763
2026-10-08,2012-07-03,127.8751994
2026-10-08,2012-07-04,125.8116366
2026-10-08,2012-07-05,127.1308998
2026-10-08,2012-07-06,125.7457577
2026-10-08,2012-07-07,125.6944736
2026-10-08,2012-07-08,125.6432104
2026-10-08,2012-07-09,125.5919682
2026-10-08,2012-07-10,125.7905009
2026-10-08,2012-07-11,125.7419612
2026-10-08,2012-07-12,125.4471022
2026-10-08,2012-07-13,125.9786627
2026-10-08,2012-07-14,125.9272837
2026-10-08,2012-07-15,125.8759255
2026-10-08,2012-07-16,125.7194844
2026-10-08,2012-07-17,126.2966652
2026-10-08,2012-07-18,126.7089119
2026-10-08,2012-07-19,126.822116
2026-10-08,2012-07-20,126.5746836
2026-10-08,2012-07-21,126.5230615
2026-10-08,2012-07-22,126.4714604
2026-10-08,2012-07-23,125.8556879
2026-10-08,2012-07-24,125.3182388
2026-10-08,2012-07-25,125.7749142
2026-10-08,2012-07-26,126.4919337
2026-10-08,2012-07-27,126.7501004
2026-10-08,2012-07-28,126.6984067
2026-10-08,2012-07-29,126.6467341
2026-10-08,2012-07-30,125.8427332
2026-10-08,2012-07-31,125.2704378
2026-10-08,2012-08-01,125.6032466
2026-10-08,2012-08-02,125.0202329
2026-10-08,2012-08-03,126.5683312
2026-10-08,2012-08-04,126.5021678
2026-10-08,2012-08-05,126.4360389
2026-10-08,2012-08-06,126.3028252
2026-10-08,2012-08-07,126.2756916
2026-10-08,2012-08-08,126.5416979
2026-10-08,2012-08-09,126.8880425
2026-10-08,2012-08-10,126.8995948
2026-10-08,2012-08-11,126.8332581
2026-10-08,2012-08-12,126.7669562
2026-10-08,2012-08-13,126.2911118
2026-10-08,2012-08-14,126.2213738
2026-10-08,2012-08-15,126.4911337
2026-10-08,2012-08-16,126.5261075
2026-10-08,2012-08-17,126.9551542
2026-10-08,2012-08-18,126.8887885
2026-10-08,2012-08-19,126.8224576
2026-10-08,2012-08-20,126.7561613
2026-10-08,2012-08-21,126.6254064
2026-10-08,2012-08-22,126.3227693
2026-10-08,2012-08-23,126.0096395
2026-10-08,2012-08-24,126.2992505
2026-10-08,2012-08-25,126.2332277
2026-10-08,2012-08-26,126.1672395
2026-10-08,2012-08-27,125.7254079
2026-10-08,2012-08-28,124.7441514
2026-10-08,2012-08-29,124.3930178
2026-10-08,2012-08-30,124.6117289
2026-10-08,2012-08-31,125.7500534
2026-10-08,2012-09-01,125.7100476
2026-10-08,2012-09-02,125.6700546
2026-10-08,2012-09-03,125.6601982
2026-10-08,2012-09-04,125.1111904
2026-10-08,2012-09-05,125.1581861
2026-10-08,2012-09-06,125.6482739
2026-10-08,2012-09-07,126.1173396
2026-10-08,2012-09-08,126.077217
2026-10-08,2012-09-09,126.0371071
2026-10-08,2012-09-10,126.1898018
2026-10-08,2012-09-11,126.4846726
2026-10-08,2012-09-12,126.4277699
2026-10-08,2012-09-13,126.5523748
2026-10-08,2012-09-14,127.0837825
2026-10-08,2012-09-15,127.0433525
2026-10-08,2012-09-16,127.0029353
2026-10-08,2012-09-17,125.9865974
2026-10-08,2012-09-18,126.25119
2026-10-08,2012-09-19,126.5312433
2026-10-08,2012-09-20,126.5097422
2026-10-08,2012-09-21,126.5108152
2026-10-08,2012-09-22,126.4705674
2026-10-08,2012-09-23,126.4303324
2026-10-08,2012-09-24,126.3901102
2026-10-08,2012-09-25,126.3246816
2026-10-08,2012-09-26,125.9013587
2026-10-08,2012-09-27,126.026544
2026-10-08,2012-09-28,126.3758306
2026-10-08,2012-09-29,126.3356258
2026-10-08,2012-09-30,126.2954337
2026-10-08,2012-10-01,126.4129136
2026-10-08,2012-10-02,126.3475718
2026-10-08,2012-10-03,126.5170069
2026-10-08,2012-10-04,126.8749631
2026-10-08,2012-10-05,126.3688546
2026-10-08,2012-10-06,126.3327753
2026-10-08,2012-10-07,126.2967064
2026-10-08,2012-10-08,126.2606477
2026-10-08,2012-10-09,125.9282261
2026-10-08,2012-10-10,125.7294008
2026-10-08,2012-10-11,125.8576334
2026-10-08,2012-10-12,125.5873354
2026-10-08,2012-10-13,125.5514793
2026-10-08,2012-10-14,125.5156335
2026-10-08,2012-10-15,126.1046872
2026-10-08,2012-10-16,126.1505496
2026-10-08,2012-10-17,126.3336479
2026-10-08,2012-10-18,126.5645627
2026-10-08,2012-10-19,126.6960309
2026-10-08,2012-10-20,126.6598582
2026-10-08,2012-10-21,126.6236959
2026-10-08,2012-10-22,126.832072
2026-10-08,2012-10-23,126.722496
2026-10-08,2012-10-24,126.8761973
2026-10-08,2012-10-25,126.9405687
2026-10-08,2012-10-26,126.8667286
2026-10-08,2012-10-27,126.8305072
2026-10-08,2012-10-28,126.7942962
2026-10-08,2012-10-29,126.5604313
2026-10-08,2012-10-30,126.7275788
2026-10-08,2012-10-31,126.7773971
2026-10-08,2012-11-01,126.7947526
2026-10-08,2012-11-02,126.7041244
2026-10-08,2012-11-03,126.6463517
2026-10-08,2012-11-04,126.5886054
2026-10-08,2012-11-05,126.3335145
2026-10-08,2012-11-06,126.2759108
2026-10-08,2012-11-07,126.3363141
2026-10-08,2012-11-08,126.0127143
2026-10-08,2012-11-09,125.6970765
2026-10-08,2012-11-10,125.639763
2026-10-08,2012-11-11,125.5824756
2026-10-08,2012-11-12,125.2802811
2026-10-08,2012-11-13,123.9686014
2026-10-08,2012-11-14,124.2976861
2026-10-08,2012-11-15,124.4587832
2026-10-08,2012-11-16,123.9579466
2026-10-08,2012-11-17,123.9014261
2026-10-08,2012-11-18,123.8449314
2026-10-08,2012-11-19,123.8875372
2026-10-08,2012-11-20,123.6742072
2026-10-08,2012-11-21,122.962806
2026-10-08,2012-11-22,123.032526
2026-10-08,2012-11-23,123.6688478
2026-10-08,2012-11-24,123.6124591
2026-10-08,2012-11-25,123.5560961
2026-10-08,2012-11-26,123.4997588
2026-10-08,2012-11-27,123.8886742
2026-10-08,2012-11-28,123.516551
2026-10-08,2012-11-29,122.8086201
2026-10-08,2012-11-30,121.3450745
2026-10-08,2012-12-01,121.3146333
2026-10-08,2012-12-02,121.2841998
2026-10-08,2012-12-03,121.6115863
2026-10-08,2012-12-04,122.1156393
2026-10-08,2012-12-05,123.0066014
2026-10-08,2012-12-06,124.3380254
2026-10-08,2012-12-07,123.9993277
2026-10-08,2012-12-08,123.9682207
2026-10-08,2012-12-09,123.9371214
2026-10-08,2012-12-10,124.3291767
2026-10-08,2012-12-11,124.4078787
2026-10-08,2012-12-12,124.7909441
2026-10-08,2012-12-13,124.3611357
2026-10-08,2012-12-14,124.3125214
2026-10-08,2012-12-15,124.2813358
2026-10-08,2012-12-16,124.250158
2026-10-08,2012-12-17,123.6950286
2026-10-08,2012-12-18,124.1758907
2026-10-08,2012-12-19,125.4881074
2026-10-08,2012-12-20,126.0648109
2026-10-08,2012-12-21,125.280342
2026-10-08,2012-12-22,125.2489136
2026-10-08,2012-12-23,125.2174931
2026-10-08,2012-12-24,125.1860805
2026-10-08,2012-12-25,125.1546758
2026-10-08,2012-12-26,126.5065355
2026-10-08,2012-12-27,127.0095132
2026-10-08,2012-12-28,127.264598
2026-10-08,2012-12-29,127.2326719
2026-10-08,2012-12-30,127.2007537
2026-10-08,2012-12-31,126.9988564
2026-10-08,2013-01-01,126.9535883
2026-10-08,2013-01-02,127.3190263
2026-10-08,2013-01-03,127.8319686
2026-10-08,2013-01-04,127.7541969
2026-10-08,2013-01-05,127.7086595
2026-10-08,2013-01-06,127.6631384
2026-10-08,2013-01-07,128.1121365
2026-10-08,2013-01-08,127.4520428
2026-10-08,2013-01-09,127.6413557
2026-10-08,2013-01-10,128.1701776
2026-10-08,2013-01-11,127.8182906
2026-10-08,2013-01-12,127.7727304
2026-10-08,2013-01-13,127.7271865
2026-10-08,2013-01-14,128.2479517
2026-10-08,2013-01-15,127.9992365
2026-10-08,2013-01-16,127.3079176
2026-10-08,2013-01-17,127.5199471
2026-10-08,2013-01-18,127.1946922
2026-10-08,2013-01-19,127.1493543
2026-10-08,2013-01-20,127.1040325
2026-10-08,2013-01-21,127.4440261
2026-10-08,2013-01-22,127.0865668
2026-10-08,2013-01-23,127.7702025
2026-10-08,2013-01-24,128.1454562
2026-10-08,2013-01-25,128.1513974
2026-10-08,2013-01-26,128.1057184
2026-10-08,2013-01-27,128.0600558
2026-10-08,2013-01-28,130.0458773
2026-10-08,2013-01-29,131.146163
2026-10-08,2013-01-30,130.9673845
2026-10-08,2013-01-31,130.9207018
2026-10-08,2013-02-01,131.0493164
2026-10-08,2013-02-02,130.9938342
2026-10-08,2013-02-03,130.9383755
2026-10-08,2013-02-04,130.5153231
2026-10-08,2013-02-05,130.9461891
2026-10-08,2013-02-06,130.8970097
2026-10-08,2013-02-07,132.1688498
2026-10-08,2013-02-08,132.0857417
2026-10-08,2013-02-09,132.0298207
2026-10-08,2013-02-10,131.9739234
2026-10-08,2013-02-11,131.9180498
2026-10-08,2013-02-12,131.8621999
2026-10-08,2013-02-13,132.3868007
2026-10-08,2013-02-14,132.7494748
2026-10-08,2013-02-15,132.5339087
2026-10-08,2013-02-16,132.477798
2026-10-08,2013-02-17,132.421711
2026-10-08,2013-02-18,132.5819979
2026-10-08,2013-02-19,133.2035354
2026-10-08,2013-02-20,133.1471412
2026-10-08,2013-02-21,131.9537967
2026-10-08,2013-02-22,132.3395873
2026-10-08,2013-02-23,132.2835589
2026-10-08,2013-02-24,132.2275542
2026-10-08,2013-02-25,132.2229523
2026-10-08,2013-02-26,131.1732359
2026-10-08,2013-02-27,131.7801019
2026-10-08,2013-02-28,132.0681602
2026-10-08,2013-03-01,131.7148719
2026-10-08,2013-03-02,131.6501723
2026-10-08,2013-03-03,131.5855044
2026-10-08,2013-03-04,131.6643993
2026-10-08,2013-03-05,132.5684824
2026-10-08,2013-03-06,132.6756066
2026-10-08,2013-03-07,132.994406
2026-10-08,2013-03-08,133.7525419
2026-10-08,2013-03-09,133.6868414
2026-10-08,2013-03-10,133.6211731
2026-10-08,2013-03-11,133.2109707
2026-10-08,2013-03-12,132.8984888
2026-10-08,2013-03-13,132.5748315
2026-10-08,2013-03-14,132.5457884
2026-10-08,2013-03-15,131.9060091
2026-10-08,2013-03-16,131.8412156
2026-10-08,2013-03-17,131.7764539
2026-10-08,2013-03-18,131.3178371
2026-10-08,2013-03-19,131.491494
2026-10-08,2013-03-20,130.9852016
2026-10-08,2013-03-21,130.0418787
2026-10-08,2013-03-22,129.800563
2026-10-08,2013-03-23,129.7368037
2026-10-08,2013-03-24,129.6730757
2026-10-08,2013-03-25,129.8777726
2026-10-08,2013-03-26,129.8960661
2026-10-08,2013-03-27,129.9023775
2026-10-08,2013-03-28,129.8385682
2026-10-08,2013-03-29,129.7747902
2026-10-08,2013-03-30,129.7110436
2026-10-08,2013-03-31,129.6473283
2026-10-08,2013-04-01,129.5931044
2026-10-08,2013-04-02,129.5389032
2026-10-08,2013-04-03,128.6758048
2026-10-08,2013-04-04,129.7144412
2026-10-08,2013-04-05,130.693526
2026-10-08,2013-04-06,130.6388646
2026-10-08,2013-04-07,130.584226
2026-10-08,2013-04-08,130.970254
2026-10-08,2013-04-09,131.2684224
2026-10-08,2013-04-10,131.7349378
2026-10-08,2013-04-11,132.1577249
2026-10-08,2013-04-12,132.5591198
2026-10-08,2013-04-13,132.5036781
2026-10-08,2013-04-14,132.4482596
2026-10-08,2013-04-15,131.640139
2026-10-08,2013-04-16,130.8617403
2026-10-08,2013-04-17,130.1526958
2026-10-08,2013-04-18,129.1994367
2026-10-08,2013-04-19,130.0248128
2026-10-08,2013-04-20,129.970431
2026-10-08,2013-04-21,129.916072
2026-10-08,2013-04-22,129.1834248
2026-10-08,2013-04-23,128.7373781
2026-10-08,2013-04-24,129.307315
2026-10-08,2013-04-25,129.7307947
2026-10-08,2013-04-26,130.3992742
2026-10-08,2013-04-27,130.3447358
2026-10-08,2013-04-28,130.2902203
2026-10-08,2013-04-29,130.0258553
2026-10-08,2013-04-30,130.2121171
2026-10-08,2013-05-01,130.156741
2026-10-08,2013-05-02,129.5594457
2026-10-08,2013-05-03,129.8539603
2026-10-08,2013-05-04,129.7987365
2026-10-08,2013-05-05,129.7435362
2026-10-08,2013-05-06,129.6226367
2026-10-08,2013-05-07,130.1730451
2026-10-08,2013-05-08,130.3801022
2026-10-08,2013-05-09,130.7346096
2026-10-08,2013-05-10,129.1482396
2026-10-08,2013-05-11,129.0933159
2026-10-08,2013-05-12,129.0384156
2026-10-08,2013-05-13,130.1483844
2026-10-08,2013-05-14,129.7360611
2026-10-08,2013-05-15,128.6613093
2026-10-08,2013-05-16,128.6762795
2026-10-08,2013-05-17,128.3916779
2026-10-08,2013-05-18,128.337076
2026-10-08,2013-05-19,128.2824973
2026-10-08,2013-05-20,128.5620791
2026-10-08,2013-05-21,128.4798083
2026-10-08,2013-05-22,128.0552168
2026-10-08,2013-05-23,128.0827797
2026-10-08,2013-05-24,127.645687
2026-10-08,2013-05-25,127.5914024
2026-10-08,2013-05-26,127.5371407
2026-10-08,2013-05-27,127.5237937
2026-10-08,2013-05-28,126.5083988
2026-10-08,2013-05-29,124.1738203
2026-10-08,2013-05-30,124.1385785
2026-10-08,2013-05-31,122.7088996
2026-10-08,2013-06-01,122.6339204
2026-10-08,2013-06-02,122.558987
2026-10-08,2013-06-03,122.6972423
2026-10-08,2013-06-04,122.2332067
2026-10-08,2013-06-05,122.8127425
2026-10-08,2013-06-06,123.1373087
2026-10-08,2013-06-07,122.6353412
2026-10-08,2013-06-08,122.560407
2026-10-08,2013-06-09,122.4855185
2026-10-08,2013-06-10,121.8866257
2026-10-08,2013-06-11,121.8530915
2026-10-08,2013-06-12,121.8883396
2026-10-08,2013-06-13,122.2134377
2026-10-08,2013-06-14,122.3387222
2026-10-08,2013-06-15,122.2639692
2026-10-08,2013-06-16,122.1892619
2026-10-08,2013-06-17,121.2506883
2026-10-08,2013-06-18,120.6976401
2026-10-08,2013-06-19,120.4826871
2026-10-08,2013-06-20,120.4090682
2026-10-08,2013-06-21,120.3354943
2026-10-08,2013-06-22,120.2619654
2026-10-08,2013-06-23,120.1884813
2026-10-08,2013-06-24,117.2818622
2026-10-08,2013-06-25,117.9969651
2026-10-08,2013-06-26,119.50593
2026-10-08,2013-06-27,120.0977634
2026-10-08,2013-06-28,118.4693336
2026-10-08,2013-06-29,118.3969449
2026-10-08,2013-06-30,118.3246005
2026-10-08,2013-07-01,118.0145833
2026-10-08,2013-07-02,116.6654906
2026-10-08,2013-07-03,115.8665485
2026-10-08,2013-07-04,115.8110972
2026-10-08,2013-07-05,115.7107836
2026-10-08,2013-07-06,115.6249063
2026-10-08,2013-07-07,115.5390928
2026-10-08,2013-07-08,115.901975
2026-10-08,2013-07-09,115.8159558
2026-10-08,2013-07-10,114.981843
2026-10-08,2013-07-11,115.3329824
2026-10-08,2013-07-12,115.523528
2026-10-08,2013-07-13,115.4377897
2026-10-08,2013-07-14,115.352115
2026-10-08,2013-07-15,116.8246033
2026-10-08,2013-07-16,116.2126621
2026-10-08,2013-07-17,117.2648802
2026-10-08,2013-07-18,117.8528596
2026-10-08,2013-07-19,117.4748835
2026-10-08,2013-07-20,117.387697
2026-10-08,2013-07-21,117.3005752
2026-10-08,2013-07-22,117.1028911
2026-10-08,2013-07-23,117.9560185
2026-10-08,2013-07-24,116.2234932
2026-10-08,2013-07-25,116.1210775
2026-10-08,2013-07-26,116.267388
2026-10-08,2013-07-27,116.1810976
2026-10-08,2013-07-28,116.0948713
2026-10-08,2013-07-29,115.5303171
2026-10-08,2013-07-30,115.1692871
2026-10-08,2013-07-31,114.468065
2026-10-08,2013-08-01,114.1399388
2026-10-08,2013-08-02,115.0306159
2026-10-08,2013-08-03,114.9664502
2026-10-08,2013-08-04,114.9023203
2026-10-08,2013-08-05,113.7108727
2026-10-08,2013-08-06,114.377248
2026-10-08,2013-08-07,113.9769548
2026-10-08,2013-08-08,115.0850404
2026-10-08,2013-08-09,115.3354624
2026-10-08,2013-08-10,115.2711266
2026-10-08,2013-08-11,115.2068267
2026-10-08,2013-08-12,115.0368569
2026-10-08,2013-08-13,113.857348
2026-10-08,2013-08-14,113.4790091
2026-10-08,2013-08-15,112.5131904
2026-10-08,2013-08-16,110.594041
2026-10-08,2013-08-17,110.5323501
2026-10-08,2013-08-18,110.4706936
2026-10-08,2013-08-19,110.4090715
2026-10-08,2013-08-20,109.7544307
2026-10-08,2013-08-21,108.4398884
2026-10-08,2013-08-22,108.6726566
2026-10-08,2013-08-23,111.594661
2026-10-08,2013-08-24,111.5324119
2026-10-08,2013-08-25,111.4701975
2026-10-08,2013-08-26,110.6089159
2026-10-08,2013-08-27,110.8745363
2026-10-08,2013-08-28,113.8121637
2026-10-08,2013-08-29,111.7552007
2026-10-08,2013-08-30,111.0624379
2026-10-08,2013-08-31,111.0004857
2026-10-08,2013-09-01,110.9394953
2026-10-08,2013-09-02,110.8785385
2026-10-08,2013-09-03,112.2067679
2026-10-08,2013-09-04,112.8438601
2026-10-08,2013-09-05,114.0964801
2026-10-08,2013-09-06,115.5165076
2026-10-08,2013-09-07,115.4530358
2026-10-08,2013-09-08,115.389599
2026-10-08,2013-09-09,116.4854977
2026-10-08,2013-09-10,116.319383
2026-10-08,2013-09-11,117.0586547
2026-10-08,2013-09-12,116.7734708
2026-10-08,2013-09-13,116.5144337
2026-10-08,2013-09-14,116.4504137
2026-10-08,2013-09-15,116.3864288
2026-10-08,2013-09-16,116.8590316
2026-10-08,2013-09-17,117.869284
2026-10-08,2013-09-18,120.1174697
2026-10-08,2013-09-19,120.5019185
2026-10-08,2013-09-20,120.2754931
2026-10-08,2013-09-21,120.2094064
2026-10-08,2013-09-22,120.1433561
2026-10-08,2013-09-23,121.0945494
2026-10-08,2013-09-24,121.3975016
2026-10-08,2013-09-25,119.5923775
2026-10-08,2013-09-26,118.739944
2026-10-08,2013-09-27,118.0671826
2026-10-08,2013-09-28,118.0023093
2026-10-08,2013-09-29,117.9374717
2026-10-08,2013-09-30,119.8426328
2026-10-08,2013-10-01,119.865852
2026-10-08,2013-10-02,120.9915182
2026-10-08,2013-10-03,121.0450066
2026-10-08,2013-10-04,120.794894
2026-10-08,2013-10-05,120.7104546
2026-10-08,2013-10-06,120.6260743
2026-10-08,2013-10-07,120.7021883
2026-10-08,2013-10-08,120.7314676
2026-10-08,2013-10-09,120.6295608
2026-10-08,2013-10-10,122.6082055
2026-10-08,2013-10-11,122.1525278
2026-10-08,2013-10-12,122.0671394
2026-10-08,2013-10-13,121.9818106
2026-10-08,2013-10-14,121.8965415
2026-10-08,2013-10-15,121.8975221
2026-10-08,2013-10-16,123.0657219
2026-10-08,2013-10-17,122.8488856
2026-10-08,2013-10-18,122.4753126
2026-10-08,2013-10-19,122.3896985
2026-10-08,2013-10-20,122.3041443
2026-10-08,2013-10-21,122.2505695
2026-10-08,2013-10-22,122.2365642
2026-10-08,2013-10-23,121.5065995
2026-10-08,2013-10-24,120.5145395
2026-10-08,2013-10-25,121.5861385
2026-10-08,2013-10-26,121.501146
2026-10-08,2013-10-27,121.4162129
2026-10-08,2013-10-28,121.7219337
2026-10-08,2013-10-29,121.9181916
2026-10-08,2013-10-30,121.7720514
2026-10-08,2013-10-31,119.1033853
2026-10-08,2013-11-01,118.2565104
2026-10-08,2013-11-02,118.1759603
2026-10-08,2013-11-03,118.095465
2026-10-08,2013-11-04,118.8966271
2026-10-08,2013-11-05,117.0374833
2026-10-08,2013-11-06,116.9577635
2026-10-08,2013-11-07,115.5487605
2026-10-08,2013-11-08,115.3133261
2026-10-08,2013-11-09,115.2347807
2026-10-08,2013-11-10,115.1562888
2026-10-08,2013-11-11,114.3479585
2026-10-08,2013-11-12,114.3421483
2026-10-08,2013-11-13,114.3470927
2026-10-08,2013-11-14,115.1154765
2026-10-08,2013-11-15,115.4458748
2026-10-08,2013-11-16,115.3672391
2026-10-08,2013-11-17,115.288657
2026-10-08,2013-11-18,117.7126331
2026-10-08,2013-11-19,118.2660647
2026-10-08,2013-11-20,118.2339204
2026-10-08,2013-11-21,116.6609942
2026-10-08,2013-11-22,117.8780566
2026-10-08,2013-11-23,117.7977642
2026-10-08,2013-11-24,117.7175265
2026-10-08,2013-11-25,117.6373435
2026-10-08,2013-11-26,117.4645897
2026-10-08,2013-11-27,116.7981737
2026-10-08,2013-11-28,116.25506
2026-10-08,2013-11-29,116.1062149
2026-10-08,2013-11-30,116.0271294
2026-10-08,2013-12-01,115.9595485
2026-10-08,2013-12-02,115.1231254
2026-10-08,2013-12-03,114.5155693
2026-10-08,2013-12-04,114.5886028
2026-10-08,2013-12-05,115.9844502
2026-10-08,2013-12-06,117.9076404
2026-10-08,2013-12-07,117.8389642
2026-10-08,2013-12-08,117.7703281
2026-10-08,2013-12-09,118.2096296
2026-10-08,2013-12-10,118.9524846
2026-10-08,2013-12-11,117.7734728
2026-10-08,2013-12-12,117.3742708
2026-10-08,2013-12-13,117.8914694
2026-10-08,2013-12-14,117.8228027
2026-10-08,2013-12-15,117.7541759
2026-10-08,2013-12-16,118.5681049
2026-10-08,2013-12-17,119.1302433
2026-10-08,2013-12-18,118.8203262
2026-10-08,2013-12-19,118.7450541
2026-10-08,2013-12-20,117.7885832
2026-10-08,2013-12-21,117.7199764
2026-10-08,2013-12-22,117.6514095
2026-10-08,2013-12-23,118.3835029
2026-10-08,2013-12-24,118.3145495
2026-10-08,2013-12-25,118.2456363
2026-10-08,2013-12-26,119.3671236
2026-10-08,2013-12-27,120.2827768
2026-10-08,2013-12-28,120.2127172
2026-10-08,2013-12-29,120.1426984
2026-10-08,2013-12-30,119.7538018
2026-10-08,2013-12-31,119.5328071
2026-10-08,2014-01-01,119.3846618
2026-10-08,2014-01-02,118.2341652
2026-10-08,2014-01-03,118.9042278
2026-10-08,2014-01-04,118.7568616
2026-10-08,2014-01-05,118.6096779
2026-10-08,2014-01-06,119.3360163
2026-10-08,2014-01-07,119.4735989
2026-10-08,2014-01-08,118.5871999
2026-10-08,2014-01-09,118.5043196
2026-10-08,2014-01-10,120.5509398
2026-10-08,2014-01-11,120.4015326
2026-10-08,2014-01-12,120.2523107
2026-10-08,2014-01-13,120.9585774
2026-10-08,2014-01-14,121.3776784
2026-10-08,2014-01-15,122.3000748
2026-10-08,2014-01-16,121.7353689
2026-10-08,2014-01-17,122.7922323
2026-10-08,2014-01-18,122.6400474
2026-10-08,2014-01-19,122.488051
2026-10-08,2014-01-20,123.3075605
2026-10-08,2014-01-21,122.9652981
2026-10-08,2014-01-22,126.931878
2026-10-08,2014-01-23,136.2040016
2026-10-08,2014-01-24,140.0493083
2026-10-08,2014-01-25,139.8757354
2026-10-08,2014-01-26,139.7023777
2026-10-08,2014-01-27,138.6703436
2026-10-08,2014-01-28,138.1331711
2026-10-08,2014-01-29,137.3438077
2026-10-08,2014-01-30,138.682879
2026-10-08,2014-01-31,138.298465
2026-10-08,2014-02-01,138.0554776
2026-10-08,2014-02-02,137.8129171
2026-10-08,2014-02-03,136.4675857
2026-10-08,2014-02-04,137.5167707
2026-10-08,2014-02-05,136.0957038
2026-10-08,2014-02-06,136.2738944
2026-10-08,2014-02-07,135.5541844
2026-10-08,2014-02-08,135.3160187
2026-10-08,2014-02-09,135.0782714
2026-10-08,2014-02-10,133.5048074
2026-10-08,2014-02-11,132.8727806
2026-10-08,2014-02-12,131.4550769
2026-10-08,2014-02-13,132.1560915
2026-10-08,2014-02-14,132.2689097
2026-10-08,2014-02-15,132.0365162
2026-10-08,2014-02-16,131.8045309
2026-10-08,2014-02-17,131.6166521
2026-10-08,2014-02-18,131.3231218
2026-10-08,2014-02-19,130.9496172
2026-10-08,2014-02-20,132.821025
2026-10-08,2014-02-21,133.956256
2026-10-08,2014-02-22,133.7208978
2026-10-08,2014-02-23,133.4859531
2026-10-08,2014-02-24,134.3749715
2026-10-08,2014-02-25,134.5161408
2026-10-08,2014-02-26,133.3872447
2026-10-08,2014-02-27,134.7749172
2026-10-08,2014-02-28,133.8991237
2026-10-08,2014-03-01,133.7766276
2026-10-08,2014-03-02,133.6542435
2026-10-08,2014-03-03,133.5319713
2026-10-08,2014-03-04,133.409811
2026-10-08,2014-03-05,133.9229728
2026-10-08,2014-03-06,134.1555219
2026-10-08,2014-03-07,132.1899532
2026-10-08,2014-03-08,132.0690207
2026-10-08,2014-03-09,131.9481988
2026-10-08,2014-03-10,131.8499814
2026-10-08,2014-03-11,131.1029324
2026-10-08,2014-03-12,130.6949537
2026-10-08,2014-03-13,130.9680724
2026-10-08,2014-03-14,131.0418143
2026-10-08,2014-03-15,130.9219321
2026-10-08,2014-03-16,130.8021596
2026-10-08,2014-03-17,131.8899633
2026-10-08,2014-03-18,132.7132516
2026-10-08,2014-03-19,132.9679814
2026-10-08,2014-03-20,133.5161006
2026-10-08,2014-03-21,133.6539378
2026-10-08,2014-03-22,133.531666
2026-10-08,2014-03-23,133.409506
2026-10-08,2014-03-24,133.2874577
2026-10-08,2014-03-25,134.9028806
2026-10-08,2014-03-26,134.1061626
2026-10-08,2014-03-27,136.4453264
2026-10-08,2014-03-28,136.9325764
2026-10-08,2014-03-29,136.8073051
2026-10-08,2014-03-30,136.6821484
2026-10-08,2014-03-31,136.106609
2026-10-08,2014-04-01,136.3032573
2026-10-08,2014-04-02,136.2173478
2026-10-08,2014-04-03,134.9585549
2026-10-08,2014-04-04,137.2916161
2026-10-08,2014-04-05,137.2050837
2026-10-08,2014-04-06,137.1186058
2026-10-08,2014-04-07,138.0095177
2026-10-08,2014-04-08,139.235713
2026-10-08,2014-04-09,138.7405901
2026-10-08,2014-04-10,140.1293148
2026-10-08,2014-04-11,138.4843452
2026-10-08,2014-04-12,138.397061
2026-10-08,2014-04-13,138.3098318
2026-10-08,2014-04-14,138.2649102
2026-10-08,2014-04-15,136.8309688
2026-10-08,2014-04-16,136.365086
2026-10-08,2014-04-17,136.2791376
2026-10-08,2014-04-18,136.1932433
2026-10-08,2014-04-19,136.1074032
2026-10-08,2014-04-20,136.0216171
2026-10-08,2014-04-21,136.1619781
2026-10-08,2014-04-22,135.6685795
2026-10-08,2014-04-23,136.484667
2026-10-08,2014-04-24,136.6978335
2026-10-08,2014-04-25,135.262636
2026-10-08,2014-04-26,135.1773824
2026-10-08,2014-04-27,135.0921825
2026-10-08,2014-04-28,135.8708883
2026-10-08,2014-04-29,135.8691882
2026-10-08,2014-04-30,135.3104558
2026-10-08,2014-05-01,135.2217465
2026-10-08,2014-05-02,135.1330954
2026-10-08,2014-05-03,135.0445024
2026-10-08,2014-05-04,134.9559675
2026-10-08,2014-05-05,134.5081137
2026-10-08,2014-05-06,135.4715641
2026-10-08,2014-05-07,135.6128257
2026-10-08,2014-05-08,136.7899405
2026-10-08,2014-05-09,135.6187083
2026-10-08,2014-05-10,135.529797
2026-10-08,2014-05-11,135.4409439
2026-10-08,2014-05-12,135.6612436
2026-10-08,2014-05-13,136.2082913
2026-10-08,2014-05-14,136.5403563
2026-10-08,2014-05-15,135.8029431
2026-10-08,2014-05-16,136.4504979
2026-10-08,2014-05-17,136.3610413
2026-10-08,2014-05-18,136.2716432
2026-10-08,2014-05-19,136.4119227
2026-10-08,2014-05-20,135.9361835
2026-10-08,2014-05-21,136.1450428
2026-10-08,2014-05-22,135.8024037
2026-10-08,2014-05-23,135.2783061
2026-10-08,2014-05-24,135.1896179
2026-10-08,2014-05-25,135.1009879
2026-10-08,2014-05-26,135.1188474
2026-10-08,2014-05-27,133.7949805
2026-10-08,2014-05-28,134.0557612
2026-10-08,2014-05-29,134.9430025
2026-10-08,2014-05-30,133.6868922
2026-10-08,2014-05-31,133.5992473
2026-10-08,2014-06-01,133.5258996
2026-10-08,2014-06-02,132.1566132
2026-10-08,2014-06-03,131.5221503
2026-10-08,2014-06-04,131.1738809
2026-10-08,2014-06-05,132.544781
2026-10-08,2014-06-06,133.6382295
2026-10-08,2014-06-07,133.5648604
2026-10-08,2014-06-08,133.4915315
2026-10-08,2014-06-09,134.7725116
2026-10-08,2014-06-10,134.5655354
2026-10-08,2014-06-11,134.2342038
2026-10-08,2014-06-12,134.2747742
2026-10-08,2014-06-13,134.3440223
2026-10-08,2014-06-14,134.2702656
2026-10-08,2014-06-15,134.1965494
2026-10-08,2014-06-16,133.8301678
2026-10-08,2014-06-17,132.0595925
2026-10-08,2014-06-18,133.1037049
2026-10-08,2014-06-19,133.9682352
2026-10-08,2014-06-20,133.8946849
2026-10-08,2014-06-21,133.8211749
2026-10-08,2014-06-22,133.7477053
2026-10-08,2014-06-23,134.3012837
2026-10-08,2014-06-24,133.7089123
2026-10-08,2014-06-25,134.6666868
2026-10-08,2014-06-26,134.6780983
2026-10-08,2014-06-27,135.0015966
2026-10-08,2014-06-28,134.9274789
2026-10-08,2014-06-29,134.8534019
2026-10-08,2014-06-30,134.3625873
2026-10-08,2014-07-01,134.7821766
2026-10-08,2014-07-02,133.4144797
2026-10-08,2014-07-03,133.7408416
2026-10-08,2014-07-04,133.7906642
2026-10-08,2014-07-05,133.7015939
2026-10-08,2014-07-06,133.6125828
2026-10-08,2014-07-07,133.0814813
2026-10-08,2014-07-08,133.480539
2026-10-08,2014-07-09,133.3916751
2026-10-08,2014-07-10,133.0395235
2026-10-08,2014-07-11,132.7932169
2026-10-08,2014-07-12,132.7048106
2026-10-08,2014-07-13,132.6164631
2026-10-08,2014-07-14,133.06254
2026-10-08,2014-07-15,132.3581978
2026-10-08,2014-07-16,132.1923595
2026-10-08,2014-07-17,131.1180586
2026-10-08,2014-07-18,132.036486
2026-10-08,2014-07-19,131.9485835
2026-10-08,2014-07-20,131.8607395
2026-10-08,2014-07-21,132.0336951
2026-10-08,2014-07-22,132.7472724
2026-10-08,2014-07-23,132.2055156
2026-10-08,2014-07-24,132.3039317
2026-10-08,2014-07-25,131.6531984
2026-10-08,2014-07-26,131.565551
2026-10-08,2014-07-27,131.477962
2026-10-08,2014-07-28,131.7469024
2026-10-08,2014-07-29,131.5513277
2026-10-08,2014-07-30,129.9348654
2026-10-08,2014-07-31,129.6936419
2026-10-08,2014-08-01,129.9164458
2026-10-08,2014-08-02,129.8277973
2026-10-08,2014-08-03,129.7392092
2026-10-08,2014-08-04,130.3970798
2026-10-08,2014-08-05,128.9154874
2026-10-08,2014-08-06,129.1370498
2026-10-08,2014-08-07,128.5694494
2026-10-08,2014-08-08,128.5802527
2026-10-08,2014-08-09,128.4925158
2026-10-08,2014-08-10,128.4048389
2026-10-08,2014-08-11,128.8695721
2026-10-08,2014-08-12,128.9614696
2026-10-08,2014-08-13,128.8777236
2026-10-08,2014-08-14,129.1929242
2026-10-08,2014-08-15,129.2013466
2026-10-08,2014-08-16,129.1131859
2026-10-08,2014-08-17,129.0250854
2026-10-08,2014-08-18,128.9370451
2026-10-08,2014-08-19,129.9007921
2026-10-08,2014-08-20,130.0105031
2026-10-08,2014-08-21,131.15032
2026-10-08,2014-08-22,129.7953602
2026-10-08,2014-08-23,129.7067943
2026-10-08,2014-08-24,129.6182887
2026-10-08,2014-08-25,129.0600097
2026-10-08,2014-08-26,130.0443613
2026-10-08,2014-08-27,130.3492745
2026-10-08,2014-08-28,131.3211849
2026-10-08,2014-08-29,131.4502615
2026-10-08,2014-08-30,131.3605663
2026-10-08,2014-08-31,131.2709323
2026-10-08,2014-09-01,131.162898
2026-10-08,2014-09-02,131.0764057
2026-10-08,2014-09-03,131.2905597
2026-10-08,2014-09-04,130.8978341
2026-10-08,2014-09-05,130.9029151
2026-10-08,2014-09-06,130.8127232
2026-10-08,2014-09-07,130.7225934
2026-10-08,2014-09-08,128.999553
2026-10-08,2014-09-09,128.255847
2026-10-08,2014-09-10,127.1071352
2026-10-08,2014-09-11,127.7242888
2026-10-08,2014-09-12,124.7033975
2026-10-08,2014-09-13,124.617477
2026-10-08,2014-09-14,124.5316158
2026-10-08,2014-09-15,124.0532238
2026-10-08,2014-09-16,125.0702672
2026-10-08,2014-09-17,123.8184602
2026-10-08,2014-09-18,123.0787445
2026-10-08,2014-09-19,122.3680676
2026-10-08,2014-09-20,122.2837562
2026-10-08,2014-09-21,122.1995029
2026-10-08,2014-09-22,121.2087283
2026-10-08,2014-09-23,120.5567209
2026-10-08,2014-09-24,120.7446991
2026-10-08,2014-09-25,119.5384303
2026-10-08,2014-09-26,120.0681739
2026-10-08,2014-09-27,119.9854471
2026-10-08,2014-09-28,119.9027773
2026-10-08,2014-09-29,118.6991173
2026-10-08,2014-09-30,117.4386871
2026-10-08,2014-10-01,116.6397944
2026-10-08,2014-10-02,116.4896356
2026-10-08,2014-10-03,117.02398
2026-10-08,2014-10-04,116.9801959
2026-10-08,2014-10-05,116.9364281
2026-10-08,2014-10-06,119.3860964
2026-10-08,2014-10-07,120.6867949
2026-10-08,2014-10-08,120.0375558
2026-10-08,2014-10-09,120.9720995
2026-10-08,2014-10-10,120.1663642
2026-10-08,2014-10-11,120.1214043
2026-10-08,2014-10-12,120.0764613
2026-10-08,2014-10-13,120.0315351
2026-10-08,2014-10-14,120.5719661
2026-10-08,2014-10-15,117.8223511
2026-10-08,2014-10-16,117.1327188
2026-10-08,2014-10-17,118.2583634
2026-10-08,2014-10-18,118.2141174
2026-10-08,2014-10-19,118.169888
2026-10-08,2014-10-20,117.360217
2026-10-08,2014-10-21,116.6337398
2026-10-08,2014-10-22,115.7804449
2026-10-08,2014-10-23,114.8158348
2026-10-08,2014-10-24,117.1779838
2026-10-08,2014-10-25,117.1341421
2026-10-08,2014-10-26,117.0903167
2026-10-08,2014-10-27,114.3829297
2026-10-08,2014-10-28,116.2808581
2026-10-08,2014-10-29,117.1543053
2026-10-08,2014-10-30,119.7941432
2026-10-08,2014-10-31,116.7066066
2026-10-08,2014-11-01,116.6630226
2026-10-08,2014-11-02,116.6194549
2026-10-08,2014-11-03,115.214853
2026-10-08,2014-11-04,114.7219544
2026-10-08,2014-11-05,114.4874346
2026-10-08,2014-11-06,114.4446793
2026-10-08,2014-11-07,111.9520098
2026-10-08,2014-11-08,111.9102015
2026-10-08,2014-11-09,111.8684087
2026-10-08,2014-11-10,112.6599576
2026-10-08,2014-11-11,111.9548606
2026-10-08,2014-11-12,112.1798482
2026-10-08,2014-11-13,110.5224627
2026-10-08,2014-11-14,110.4133759
2026-10-08,2014-11-15,110.3721421
2026-10-08,2014-11-16,110.3309237
2026-10-08,2014-11-17,110.0654031
2026-10-08,2014-11-18,110.5337472
2026-10-08,2014-11-19,111.0627173
2026-10-08,2014-11-20,111.3190546
2026-10-08,2014-11-21,113.645487
2026-10-08,2014-11-22,113.6030462
2026-10-08,2014-11-23,113.5606212
2026-10-08,2014-11-24,113.5182121
2026-10-08,2014-11-25,112.5902212
2026-10-08,2014-11-26,114.3528653
2026-10-08,2014-11-27,113.777166
2026-10-08,2014-11-28,111.0697944
2026-10-08,2014-11-29,111.0283154
2026-10-08,2014-11-30,110.986852
2026-10-08,2014-12-01,111.8577933
2026-10-08,2014-12-02,111.1117964
2026-10-08,2014-12-03,112.0318356
2026-10-08,2014-12-04,110.681248
2026-10-08,2014-12-05,110.5467112
2026-10-08,2014-12-06,110.522442
2026-10-08,2014-12-07,110.4981781
2026-10-08,2014-12-08,110.4739196
2026-10-08,2014-12-09,110.2106925
2026-10-08,2014-12-10,109.4480707
2026-10-08,2014-12-11,108.1278606
2026-10-08,2014-12-12,107.3047038
2026-10-08,2014-12-13,107.2811464
2026-10-08,2014-12-14,107.2575941
2026-10-08,2014-12-15,106.2287531
2026-10-08,2014-12-16,104.326925
2026-10-08,2014-12-17,105.7219297
2026-10-08,2014-12-18,107.4697483
2026-10-08,2014-12-19,107.2970861
2026-10-08,2014-12-20,107.2735303
2026-10-08,2014-12-21,107.2499796
2026-10-08,2014-12-22,107.133311
2026-10-08,2014-12-23,105.3440724
2026-10-08,2014-12-24,105.7487641
2026-10-08,2014-12-25,105.7255482
2026-10-08,2014-12-26,105.7023374
2026-10-08,2014-12-27,105.6791317
2026-10-08,2014-12-28,105.6559311
2026-10-08,2014-12-29,105.3156443
2026-10-08,2014-12-30,107.5397666
2026-10-08,2014-12-31,107.0590477
2026-10-08,2015-01-01,107.0423371
2026-10-08,2015-01-02,105.5898268
2026-10-08,2015-01-03,105.5733456
2026-10-08,2015-01-04,105.5568669
2026-10-08,2015-01-05,104.3713593
2026-10-08,2015-01-06,105.6513109
2026-10-08,2015-01-07,105.9128019
2026-10-08,2015-01-08,106.9832641
2026-10-08,2015-01-09,108.1535088
2026-10-08,2015-01-10,108.1366275
2026-10-08,2015-01-11,108.1197487
2026-10-08,2015-01-12,107.1810972
2026-10-08,2015-01-13,108.4315986
2026-10-08,2015-01-14,109.1407608
2026-10-08,2015-01-15,108.415247
2026-10-08,2015-01-16,108.9786347
2026-10-08,2015-01-17,108.9616245
2026-10-08,2015-01-18,108.944617
2026-10-08,2015-01-19,108.1034556
2026-10-08,2015-01-20,109.203984
2026-10-08,2015-01-21,109.5309127
2026-10-08,2015-01-22,111.2488716
2026-10-08,2015-01-23,110.7573019
2026-10-08,2015-01-24,110.7400141
2026-10-08,2015-01-25,110.7227291
2026-10-08,2015-01-26,110.3975996
2026-10-08,2015-01-27,110.9888087
2026-10-08,2015-01-28,110.8680839
2026-10-08,2015-01-29,109.4926324
2026-10-08,2015-01-30,106.7537779
2026-10-08,2015-01-31,106.737115
2026-10-08,2015-02-01,106.7180566
2026-10-08,2015-02-02,105.782138
2026-10-08,2015-02-03,105.7384601
2026-10-08,2015-02-04,104.3106747
2026-10-08,2015-02-05,104.6539402
2026-10-08,2015-02-06,103.2727332
2026-10-08,2015-02-07,103.2542933
2026-10-08,2015-02-08,103.2358568
2026-10-08,2015-02-09,103.1187004
2026-10-08,2015-02-10,101.6173253
2026-10-08,2015-02-11,99.69743969
2026-10-08,2015-02-12,101.5820314
2026-10-08,2015-02-13,101.2307012
2026-10-08,2015-02-14,101.212626
2026-10-08,2015-02-15,101.194554
2026-10-08,2015-02-16,101.1764852
2026-10-08,2015-02-17,101.1584197
2026-10-08,2015-02-18,100.9741575
2026-10-08,2015-02-19,100.1106568
2026-10-08,2015-02-20,99.84490721
2026-10-08,2015-02-21,99.82707943
2026-10-08,2015-02-22,99.80925483
2026-10-08,2015-02-23,100.0595564
2026-10-08,2015-02-24,101.4517387
2026-10-08,2015-02-25,99.97012299
2026-10-08,2015-02-26,99.84709179
2026-10-08,2015-02-27,100.8073948
2026-10-08,2015-02-28,100.7893952
2026-10-08,2015-03-01,100.772137
2026-10-08,2015-03-02,99.50670123
2026-10-08,2015-03-03,99.11570734
2026-10-08,2015-03-04,96.69131059
2026-10-08,2015-03-05,95.85901726
2026-10-08,2015-03-06,94.46535734
2026-10-08,2015-03-07,94.44918198
2026-10-08,2015-03-08,94.43300939
2026-10-08,2015-03-09,92.56451169
2026-10-08,2015-03-10,93.21653431
2026-10-08,2015-03-11,92.50377453
2026-10-08,2015-03-12,91.37753004
2026-10-08,2015-03-13,88.67897644
2026-10-08,2015-03-14,88.66379189
2026-10-08,2015-03-15,88.64860993
2026-10-08,2015-03-16,89.4770418
2026-10-08,2015-03-17,88.14429862
2026-10-08,2015-03-18,88.7792139
2026-10-08,2015-03-19,87.50832635
2026-10-08,2015-03-20,89.83487594
2026-10-08,2015-03-21,89.81949346
2026-10-08,2015-03-22,89.80411361
2026-10-08,2015-03-23,89.78873639
2026-10-08,2015-03-24,89.77336181
2026-10-08,2015-03-25,90.74046306
2026-10-08,2015-03-26,90.17008476
2026-10-08,2015-03-27,89.59707851
2026-10-08,2015-03-28,89.58173675
2026-10-08,2015-03-29,89.56639761
2026-10-08,2015-03-30,89.56761559
2026-10-08,2015-03-31,89.96174399
2026-10-08,2015-04-01,91.51785111
2026-10-08,2015-04-02,91.4761685
2026-10-08,2015-04-03,91.43450487
2026-10-08,2015-04-04,91.39286022
2026-10-08,2015-04-05,91.35123454
2026-10-08,2015-04-06,92.81975822
2026-10-08,2015-04-07,92.660193
2026-10-08,2015-04-08,94.18190176
2026-10-08,2015-04-09,94.76585232
2026-10-08,2015-04-10,93.7515273
2026-10-08,2015-04-11,93.70882735
2026-10-08,2015-04-12,93.66614684
2026-10-08,2015-04-13,92.61344283
2026-10-08,2015-04-14,94.16379683
2026-10-08,2015-04-15,94.90913188
2026-10-08,2015-04-16,95.89711665
2026-10-08,2015-04-17,94.30311433
2026-10-08,2015-04-18,94.26016314
2026-10-08,2015-04-19,94.21723152
2026-10-08,2015-04-20,95.18796699
2026-10-08,2015-04-21,94.99787777
2026-10-08,2015-04-22,95.75330283
2026-10-08,2015-04-23,96.44428736
2026-10-08,2015-04-24,97.25859348
2026-10-08,2015-04-25,97.2142962
2026-10-08,2015-04-26,97.17001909
2026-10-08,2015-04-27,99.05906091
2026-10-08,2015-04-28,98.72716802
2026-10-08,2015-04-29,97.83853671
2026-10-08,2015-04-30,95.70900265
2026-10-08,2015-05-01,95.66804397
2026-10-08,2015-05-02,95.62710282
2026-10-08,2015-05-03,95.5861792
2026-10-08,2015-05-04,93.4587677
2026-10-08,2015-05-05,93.67509003
2026-10-08,2015-05-06,94.34806389
2026-10-08,2015-05-07,95.12423789
2026-10-08,2015-05-08,96.46271296
2026-10-08,2015-05-09,96.42143173
2026-10-08,2015-05-10,96.38016817
2026-10-08,2015-05-11,94.55077847
2026-10-08,2015-05-12,94.87596752
2026-10-08,2015-05-13,95.18256685
2026-10-08,2015-05-14,95.81582124
2026-10-08,2015-05-15,96.35294803
2026-10-08,2015-05-16,96.31171378
2026-10-08,2015-05-17,96.27049718
2026-10-08,2015-05-18,95.05738761
2026-10-08,2015-05-19,94.92839032
2026-10-08,2015-05-20,95.28595385
2026-10-08,2015-05-21,94.76202459
2026-10-08,2015-05-22,93.0560977
2026-10-08,2015-05-23,93.01627434
2026-10-08,2015-05-24,92.97646802
2026-10-08,2015-05-25,92.93667873
2026-10-08,2015-05-26,91.19428799
2026-10-08,2015-05-27,90.81080543
2026-10-08,2015-05-28,90.43322485
2026-10-08,2015-05-29,90.29559915
2026-10-08,2015-05-30,90.25695714
2026-10-08,2015-05-31,90.21833167
2026-10-08,2015-06-01,89.98523481
2026-10-08,2015-06-02,91.69284538
2026-10-08,2015-06-03,91.73500991
2026-10-08,2015-06-04,91.68217133
2026-10-08,2015-06-05,91.12526423
2026-10-08,2015-06-06,91.11224307
2026-10-08,2015-06-07,91.09922377
2026-10-08,2015-06-08,92.24394058
2026-10-08,2015-06-09,92.64769337
2026-10-08,2015-06-10,92.5379858
2026-10-08,2015-06-11,92.11693104
2026-10-08,2015-06-12,92.46561416
2026-10-08,2015-06-13,92.45240147
2026-10-08,2015-06-14,92.43919067
2026-10-08,2015-06-15,92.41047753
2026-10-08,2015-06-16,92.92618717
2026-10-08,2015-06-17,93.51183078
2026-10-08,2015-06-18,94.21654417
2026-10-08,2015-06-19,93.30778665
2026-10-08,2015-06-20,93.29445362
2026-10-08,2015-06-21,93.28112249
2026-10-08,2015-06-22,93.5039724
2026-10-08,2015-06-23,93.11794938
2026-10-08,2015-06-24,93.08559811
2026-10-08,2015-06-25,92.41228966
2026-10-08,2015-06-26,92.28443184
2026-10-08,2015-06-27,92.27124504
2026-10-08,2015-06-28,92.25806012
2026-10-08,2015-06-29,92.57102237
2026-10-08,2015-06-30,93.09848623
2026-10-08,2015-07-01,91.96765351
2026-10-08,2015-07-02,93.14633814
2026-10-08,2015-07-03,92.10496316
2026-10-08,2015-07-04,92.05928035
2026-10-08,2015-07-05,92.01362021
2026-10-08,2015-07-06,91.66632342
2026-10-08,2015-07-07,90.40009854
2026-10-08,2015-07-08,89.56427008
2026-10-08,2015-07-09,89.51984743
2026-10-08,2015-07-10,90.83139211
2026-10-08,2015-07-11,90.78634098
2026-10-08,2015-07-12,90.7413122
2026-10-08,2015-07-13,91.63940019
2026-10-08,2015-07-14,92.14108758
2026-10-08,2015-07-15,91.79352638
2026-10-08,2015-07-16,91.23140541
2026-10-08,2015-07-17,90.0400472
2026-10-08,2015-07-18,89.99538857
2026-10-08,2015-07-19,89.95075209
2026-10-08,2015-07-20,89.66944365
2026-10-08,2015-07-21,90.69960867
2026-10-08,2015-07-22,89.23363569
2026-10-08,2015-07-23,87.55109455
2026-10-08,2015-07-24,86.15018581
2026-10-08,2015-07-25,86.10745649
2026-10-08,2015-07-26,86.06474837
2026-10-08,2015-07-27,85.50078875
2026-10-08,2015-07-28,85.00698214
2026-10-08,2015-07-29,86.59156303
2026-10-08,2015-07-30,85.1822386
2026-10-08,2015-07-31,84.14577864
2026-10-08,2015-08-01,84.10138343
2026-10-08,2015-08-02,84.05701165
2026-10-08,2015-08-03,83.24456435
2026-10-08,2015-08-04,82.44297166
2026-10-08,2015-08-05,82.29542038
2026-10-08,2015-08-06,81.02246761
2026-10-08,2015-08-07,81.67816011
2026-10-08,2015-08-08,81.63506682
2026-10-08,2015-08-09,81.59199626
2026-10-08,2015-08-10,82.82941335
2026-10-08,2015-08-11,81.77439667
2026-10-08,2015-08-12,82.45747658
2026-10-08,2015-08-13,81.79299016
2026-10-08,2015-08-14,82.5480511
2026-10-08,2015-08-15,82.50449886
2026-10-08,2015-08-16,82.46096959
2026-10-08,2015-08-17,82.41746329
2026-10-08,2015-08-18,82.59439345
2026-10-08,2015-08-19,82.18737125
2026-10-08,2015-08-20,82.89524963
2026-10-08,2015-08-21,82.0416707
2026-10-08,2015-08-22,81.99838562
2026-10-08,2015-08-23,81.95512337
2026-10-08,2015-08-24,80.51432146
2026-10-08,2015-08-25,79.93072838
2026-10-08,2015-08-26,78.8871282
2026-10-08,2015-08-27,80.72971323
2026-10-08,2015-08-28,79.86999851
2026-10-08,2015-08-29,79.8278592
2026-10-08,2015-08-30,79.78574212
2026-10-08,2015-08-31,78.98007498
2026-10-08,2015-09-01,77.8186301
2026-10-08,2015-09-02,76.23606738
2026-10-08,2015-09-03,76.38775307
2026-10-08,2015-09-04,74.55287219
2026-10-08,2015-09-05,74.51585269
2026-10-08,2015-09-06,74.47885157
2026-10-08,2015-09-07,74.52933607
2026-10-08,2015-09-08,75.15674315
2026-10-08,2015-09-09,75.35380673
2026-10-08,2015-09-10,74.61065005
2026-10-08,2015-09-11,73.8206482
2026-10-08,2015-09-12,73.78399229
2026-10-08,2015-09-13,73.74735457
2026-10-08,2015-09-14,74.0806
2026-10-08,2015-09-15,73.68290074
2026-10-08,2015-09-16,74.66855363
2026-10-08,2015-09-17,73.94594741
2026-10-08,2015-09-18,72.90307162
2026-10-08,2015-09-19,72.86687133
2026-10-08,2015-09-20,72.83068902
2026-10-08,2015-09-21,71.57694563
2026-10-08,2015-09-22,70.43794426
2026-10-08,2015-09-23,69.53032027
2026-10-08,2015-09-24,69.53508559
2026-10-08,2015-09-25,72.21626861
2026-10-08,2015-09-26,72.18040935
2026-10-08,2015-09-27,72.1445679
2026-10-08,2015-09-28,70.62973294
2026-10-08,2015-09-29,70.22459931
2026-10-08,2015-09-30,71.85077088
2026-10-08,2015-10-01,71.26608655
2026-10-08,2015-10-02,72.32527596
2026-10-08,2015-10-03,72.30861616
2026-10-08,2015-10-04,72.2919602
2026-10-08,2015-10-05,73.1143674
2026-10-08,2015-10-06,74.31045259
2026-10-08,2015-10-07,74.27093458
2026-10-08,2015-10-08,74.94246641
2026-10-08,2015-10-09,76.31926166
2026-10-08,2015-10-10,76.30168186
2026-10-08,2015-10-11,76.28410612
2026-10-08,2015-10-12,76.26653442
2026-10-08,2015-10-13,74.52611457
2026-10-08,2015-10-14,74.48041753
2026-10-08,2015-10-15,74.78055737
2026-10-08,2015-10-16,74.7345732
2026-10-08,2015-10-17,74.71735843
2026-10-08,2015-10-18,74.70014762
2026-10-08,2015-10-19,73.52308901
2026-10-08,2015-10-20,73.43018769
2026-10-08,2015-10-21,72.8149218
2026-10-08,2015-10-22,73.10675873
2026-10-08,2015-10-23,73.6500534
2026-10-08,2015-10-24,73.63308844
2026-10-08,2015-10-25,73.6161274
2026-10-08,2015-10-26,73.51375541
2026-10-08,2015-10-27,73.52050591
2026-10-08,2015-10-28,73.9776247
2026-10-08,2015-10-29,74.42847518
2026-10-08,2015-10-30,74.40208667
2026-10-08,2015-10-31,74.38494849
2026-10-08,2015-11-01,74.35076905
2026-10-08,2015-11-02,74.53327979
2026-10-08,2015-11-03,76.5427249
2026-10-08,2015-11-04,75.69468948
2026-10-08,2015-11-05,76.28119307
2026-10-08,2015-11-06,76.24614232
2026-10-08,2015-11-07,76.21110768
2026-10-08,2015-11-08,76.17608914
2026-10-08,2015-11-09,75.88091713
2026-10-08,2015-11-10,75.86717675
2026-10-08,2015-11-11,76.17704317
2026-10-08,2015-11-12,76.17060214
2026-10-08,2015-11-13,75.17841177
2026-10-08,2015-11-14,75.14386775
2026-10-08,2015-11-15,75.10933959
2026-10-08,2015-11-16,75.26871509
2026-10-08,2015-11-17,75.58713713
2026-10-08,2015-11-18,76.07259691
2026-10-08,2015-11-19,77.2117208
2026-10-08,2015-11-20,77.8103212
2026-10-08,2015-11-21,77.77456783
2026-10-08,2015-11-22,77.73883088
2026-10-08,2015-11-23,77.31181424
2026-10-08,2015-11-24,77.84795812
2026-10-08,2015-11-25,76.79207981
2026-10-08,2015-11-26,76.7650045
2026-10-08,2015-11-27,76.72973144
2026-10-08,2015-11-28,76.69447459
2026-10-08,2015-11-29,76.65923395
2026-10-08,2015-11-30,73.83847709
2026-10-08,2015-12-01,74.53214377
2026-10-08,2015-12-02,74.72493868
2026-10-08,2015-12-03,76.75709084
2026-10-08,2015-12-04,76.66658121
2026-10-08,2015-12-05,76.56487969
2026-10-08,2015-12-06,76.46331307
2026-10-08,2015-12-07,76.36188119
2026-10-08,2015-12-08,76.26058387
2026-10-08,2015-12-09,76.62340009
2026-10-08,2015-12-10,75.28461524
2026-10-08,2015-12-11,73.66183625
2026-10-08,2015-12-12,73.56412065
2026-10-08,2015-12-13,73.46653468
2026-10-08,2015-12-14,73.53485882
2026-10-08,2015-12-15,73.30391417
2026-10-08,2015-12-16,72.83224316
2026-10-08,2015-12-17,100
2026-10-08,2015-12-18,97.53835522
2026-10-08,2015-12-19,97.40896639
2026-10-08,2015-12-20,97.27974919
2026-10-08,2015-12-21,92.51293862
2026-10-08,2015-12-22,93.59976069
2026-10-08,2015-12-23,94.67512705
2026-10-08,2015-12-24,95.4842805
2026-10-08,2015-12-25,95.35761649
2026-10-08,2015-12-26,95.2311205
2026-10-08,2015-12-27,95.10479231
2026-10-08,2015-12-28,96.39166115
2026-10-08,2015-12-29,95.28354773
2026-10-08,2015-12-30,93.76978045
2026-10-08,2015-12-31,93.82368616
2026-10-08,2016-01-01,93.73841727
2026-10-08,2016-01-02,93.65322587
2026-10-08,2016-01-03,93.56811189
2026-10-08,2016-01-04,92.44980895
2026-10-08,2016-01-05,96.54828413
2026-10-08,2016-01-06,97.9879403
2026-10-08,2016-01-07,97.27684432
2026-10-08,2016-01-08,97.31316255
2026-10-08,2016-01-09,97.22472235
2026-10-08,2016-01-10,97.13636252
2026-10-08,2016-01-11,95.15927699
2026-10-08,2016-01-12,94.45098013
2026-10-08,2016-01-13,95.4976161
2026-10-08,2016-01-14,93.09219914
2026-10-08,2016-01-15,93.00146719
2026-10-08,2016-01-16,92.91694555
2026-10-08,2016-01-17,92.83250072
2026-10-08,2016-01-18,94.28626321
2026-10-08,2016-01-19,93.02519144
2026-10-08,2016-01-20,91.63249679
2026-10-08,2016-01-21,91.75330115
2026-10-08,2016-01-22,93.2278498
2026-10-08,2016-01-23,93.14312242
2026-10-08,2016-01-24,93.05847203
2026-10-08,2016-01-25,94.0483467
2026-10-08,2016-01-26,94.92897862
2026-10-08,2016-01-27,94.82860842
2026-10-08,2016-01-28,94.33957443
2026-10-08,2016-01-29,96.89955141
2026-10-08,2016-01-30,96.8114871
2026-10-08,2016-01-31,96.72350283
2026-10-08,2016-02-01,98.27538289
2026-10-08,2016-02-02,97.83095885
2026-10-08,2016-02-03,99.74283204
2026-10-08,2016-02-04,101.0132877
2026-10-08,2016-02-05,101.5823829
2026-10-08,2016-02-06,101.4986846
2026-10-08,2016-02-07,101.4150552
2026-10-08,2016-02-08,101.3314947
2026-10-08,2016-02-09,101.248003
2026-10-08,2016-02-10,101.3899106
2026-10-08,2016-02-11,100.968887
2026-10-08,2016-02-12,101.3353109
2026-10-08,2016-02-13,101.2518161
2026-10-08,2016-02-14,101.1683901
2026-10-08,2016-02-15,101.4331444
2026-10-08,2016-02-16,100.0510634
2026-10-08,2016-02-17,102.8623831
2026-10-08,2016-02-18,101.7496043
2026-10-08,2016-02-19,101.5903313
2026-10-08,2016-02-20,101.5066264
2026-10-08,2016-02-21,101.4229904
2026-10-08,2016-02-22,105.1724647
2026-10-08,2016-02-23,104.7584693
2026-10-08,2016-02-24,104.9138029
2026-10-08,2016-02-25,105.81951
2026-10-08,2016-02-26,105.0759241
2026-10-08,2016-02-27,104.9893472
2026-10-08,2016-02-28,104.9028417
2026-10-08,2016-02-29,107.5723764
2026-10-08,2016-03-01,107.8108401
2026-10-08,2016-03-02,108.7375112
2026-10-08,2016-03-03,107.7580445
2026-10-08,2016-03-04,109.9476737
2026-10-08,2016-03-05,109.8530276
2026-10-08,2016-03-06,109.758463
2026-10-08,2016-03-07,109.5236326
2026-10-08,2016-03-08,110.1964865
2026-10-08,2016-03-09,111.1620006
2026-10-08,2016-03-10,112.6033021
2026-10-08,2016-03-11,110.0056616
2026-10-08,2016-03-12,109.9109657
2026-10-08,2016-03-13,109.8163512
2026-10-08,2016-03-14,109.4734642
2026-10-08,2016-03-15,103.5468785
2026-10-08,2016-03-16,102.6920595
2026-10-08,2016-03-17,109.1676168
2026-10-08,2016-03-18,109.2223339
2026-10-08,2016-03-19,109.1283122
2026-10-08,2016-03-20,109.0343715
2026-10-08,2016-03-21,106.6696696
2026-10-08,2016-03-22,106.5296197
2026-10-08,2016-03-23,104.8333611
2026-10-08,2016-03-24,104.7431176
2026-10-08,2016-03-25,104.6529517
2026-10-08,2016-03-26,104.5628635
2026-10-08,2016-03-27,104.4728528
2026-10-08,2016-03-28,107.7692514
2026-10-08,2016-03-29,105.8921192
2026-10-08,2016-03-30,106.4690625
2026-10-08,2016-03-31,108.132128
2026-10-08,2016-04-01,109.1036206
2026-10-08,2016-04-02,108.9494491
2026-10-08,2016-04-03,108.7954954
2026-10-08,2016-04-04,106.955993
2026-10-08,2016-04-05,104.8205801
2026-10-08,2016-04-06,104.0537176
2026-10-08,2016-04-07,101.8749169
2026-10-08,2016-04-08,104.1952197
2026-10-08,2016-04-09,104.0479842
2026-10-08,2016-04-10,103.9009566
2026-10-08,2016-04-11,107.443267
2026-10-08,2016-04-12,106.4284699
2026-10-08,2016-04-13,106.0147797
2026-10-08,2016-04-14,105.5312214
2026-10-08,2016-04-15,102.492804
2026-10-08,2016-04-16,102.347974
2026-10-08,2016-04-17,102.2033487
2026-10-08,2016-04-18,101.7055435
2026-10-08,2016-04-19,102.6137637
2026-10-08,2016-04-20,103.8712931
2026-10-08,2016-04-21,103.3614801
2026-10-08,2016-04-22,102.1760566
2026-10-08,2016-04-23,102.0316742
2026-10-08,2016-04-24,101.8874959
2026-10-08,2016-04-25,102.6435494
2026-10-08,2016-04-26,103.0347799
2026-10-08,2016-04-27,101.6573332
2026-10-08,2016-04-28,103.8174636
2026-10-08,2016-04-29,104.1626515
2026-10-08,2016-04-30,104.0154619
2026-10-08,2016-05-01,103.9035439
2026-10-08,2016-05-02,102.3250343
2026-10-08,2016-05-03,100.2492454
2026-10-08,2016-05-04,101.1814781
2026-10-08,2016-05-05,100.7763212
2026-10-08,2016-05-06,101.7696286
2026-10-08,2016-05-07,101.660127
2026-10-08,2016-05-08,101.5507432
2026-10-08,2016-05-09,100.121797
2026-10-08,2016-05-10,102.2774534
2026-10-08,2016-05-11,102.4994534
2026-10-08,2016-05-12,101.706872
2026-10-08,2016-05-13,100.1529708
2026-10-08,2016-05-14,100.0452087
2026-10-08,2016-05-15,99.93756255
2026-10-08,2016-05-16,99.95716617
2026-10-08,2016-05-17,100.1705527
2026-10-08,2016-05-18,98.84360843
2026-10-08,2016-05-19,97.28376227
2026-10-08,2016-05-20,98.0689562
2026-10-08,2016-05-21,97.96343643
2026-10-08,2016-05-22,97.85803021
2026-10-08,2016-05-23,96.14759336
2026-10-08,2016-05-24,96.57734232
2026-10-08,2016-05-25,96.4734275
2026-10-08,2016-05-26,95.86113387
2026-10-08,2016-05-27,94.48545833
2026-10-08,2016-05-28,94.38379432
2026-10-08,2016-05-29,94.2822397
2026-10-08,2016-05-30,95.48705609
2026-10-08,2016-05-31,94.54622984
2026-10-08,2016-06-01,94.31825357
2026-10-08,2016-06-02,94.53580918
2026-10-08,2016-06-03,95.63722567
2026-10-08,2016-06-04,95.55197164
2026-10-08,2016-06-05,95.46679362
2026-10-08,2016-06-06,95.61289694
2026-10-08,2016-06-07,97.28169202
2026-10-08,2016-06-08,99.62224174
2026-10-08,2016-06-09,98.7270688
2026-10-08,2016-06-10,97.09580763
2026-10-08,2016-06-11,97.00925338
2026-10-08,2016-06-12,96.92277629
2026-10-08,2016-06-13,95.7037607
2026-10-08,2016-06-14,94.94731508
2026-10-08,2016-06-15,95.71356891
2026-10-08,2016-06-16,96.40547881
2026-10-08,2016-06-17,96.31953995
2026-10-08,2016-06-18,96.23367769
2026-10-08,2016-06-19,96.14789197
2026-10-08,2016-06-20,96.06218272
2026-10-08,2016-06-21,98.79456002
2026-10-08,2016-06-22,99.59235543
2026-10-08,2016-06-23,103.1855651
2026-10-08,2016-06-24,105.4820655
2026-10-08,2016-06-25,105.3880354
2026-10-08,2016-06-26,105.2940892
2026-10-08,2016-06-27,107.2019746
2026-10-08,2016-06-28,107.1766804
2026-10-08,2016-06-29,109.3942616
2026-10-08,2016-06-30,111.5214256
2026-10-08,2016-07-01,110.4232067
2026-10-08,2016-07-02,110.3694691
2026-10-08,2016-07-03,110.3157576
2026-10-08,2016-07-04,109.801509
2026-10-08,2016-07-05,106.3756526
2026-10-08,2016-07-06,104.4268521
2026-10-08,2016-07-07,104.2889295
2026-10-08,2016-07-08,104.2381771
2026-10-08,2016-07-09,104.1874495
2026-10-08,2016-07-10,104.1367465
2026-10-08,2016-07-11,104.8488479
2026-10-08,2016-07-12,104.8157118
2026-10-08,2016-07-13,104.7377531
2026-10-08,2016-07-14,107.4816928
2026-10-08,2016-07-15,108.1647972
2026-10-08,2016-07-16,108.1121586
2026-10-08,2016-07-17,108.0595457
2026-10-08,2016-07-18,109.6603368
2026-10-08,2016-07-19,108.0834778
2026-10-08,2016-07-20,108.9550515
2026-10-08,2016-07-21,107.6095549
2026-10-08,2016-07-22,106.8173872
2026-10-08,2016-07-23,106.7654044
2026-10-08,2016-07-24,106.7134468
2026-10-08,2016-07-25,106.7557712
2026-10-08,2016-07-26,107.1927804
2026-10-08,2016-07-27,106.8688408
2026-10-08,2016-07-28,107.6509386
2026-10-08,2016-07-29,108.219706
2026-10-08,2016-07-30,108.1670407
2026-10-08,2016-07-31,108.114401
2026-10-08,2016-08-01,107.0268561
2026-10-08,2016-08-02,106.361252
2026-10-08,2016-08-03,107.1128507
2026-10-08,2016-08-04,108.4723315
2026-10-08,2016-08-05,109.0703142
2026-10-08,2016-08-06,109.0793468
2026-10-08,2016-08-07,109.08838
2026-10-08,2016-08-08,108.4170353
2026-10-08,2016-08-09,109.7466998
2026-10-08,2016-08-10,109.9717225
2026-10-08,2016-08-11,109.1828499
2026-10-08,2016-08-12,108.2719512
2026-10-08,2016-08-13,108.2809176
2026-10-08,2016-08-14,108.2898847
2026-10-08,2016-08-15,108.2988526
2026-10-08,2016-08-16,108.2498663
2026-10-08,2016-08-17,107.1483115
2026-10-08,2016-08-18,108.3741817
2026-10-08,2016-08-19,108.4147208
2026-10-08,2016-08-20,108.423699
2026-10-08,2016-08-21,108.432678
2026-10-08,2016-08-22,107.9946061
2026-10-08,2016-08-23,107.8902936
2026-10-08,2016-08-24,108.1250551
2026-10-08,2016-08-25,108.1309828
2026-10-08,2016-08-26,107.9531174
2026-10-08,2016-08-27,107.9620574
2026-10-08,2016-08-28,107.9709981
2026-10-08,2016-08-29,109.3268478
2026-10-08,2016-08-30,108.1272008
2026-10-08,2016-08-31,108.0672599
2026-10-08,2016-09-01,107.8938574
2026-10-08,2016-09-02,108.208674
2026-10-08,2016-09-03,108.1691117
2026-10-08,2016-09-04,108.1295638
2026-10-08,2016-09-05,107.4860076
2026-10-08,2016-09-06,109.5274006
2026-10-08,2016-09-07,110.2414637
2026-10-08,2016-09-08,110.4028634
2026-10-08,2016-09-09,106.9418285
2026-10-08,2016-09-10,106.9027293
2026-10-08,2016-09-11,106.8636444
2026-10-08,2016-09-12,107.4400466
2026-10-08,2016-09-13,105.6100871
2026-10-08,2016-09-14,105.3097485
2026-10-08,2016-09-15,105.9072648
2026-10-08,2016-09-16,107.6281578
2026-10-08,2016-09-17,107.5888077
2026-10-08,2016-09-18,107.549472
2026-10-08,2016-09-19,107.9847191
2026-10-08,2016-09-20,108.1352017
2026-10-08,2016-09-21,109.1900471
2026-10-08,2016-09-22,109.7410445
2026-10-08,2016-09-23,108.9938805
2026-10-08,2016-09-24,108.954031
2026-10-08,2016-09-25,108.9141961
2026-10-08,2016-09-26,109.4123705
2026-10-08,2016-09-27,109.815404
2026-10-08,2016-09-28,110.3471498
2026-10-08,2016-09-29,109.3221596
2026-10-08,2016-09-30,109.7542499
2026-10-08,2016-10-01,109.68091
2026-10-08,2016-10-02,109.6076191
2026-10-08,2016-10-03,109.4993889
2026-10-08,2016-10-04,108.1896649
2026-10-08,2016-10-05,109.0153688
2026-10-08,2016-10-06,109.1570499
2026-10-08,2016-10-07,108.9589266
2026-10-08,2016-10-08,108.8861182
2026-10-08,2016-10-09,108.8133584
2026-10-08,2016-10-10,108.7406472
2026-10-08,2016-10-11,108.8885952
2026-10-08,2016-10-12,108.6228709
2026-10-08,2016-10-13,109.0958978
2026-10-08,2016-10-14,109.1038245
2026-10-08,2016-10-15,109.0309192
2026-10-08,2016-10-16,108.9580627
2026-10-08,2016-10-17,109.0980269
2026-10-08,2016-10-18,109.679945
2026-10-08,2016-10-19,109.837551
2026-10-08,2016-10-20,110.5875826
2026-10-08,2016-10-21,109.5305284
2026-10-08,2016-10-22,109.457338
2026-10-08,2016-10-23,109.3841965
2026-10-08,2016-10-24,110.8943844
2026-10-08,2016-10-25,112.0416554
2026-10-08,2016-10-26,110.2870271
2026-10-08,2016-10-27,109.7861984
2026-10-08,2016-10-28,108.1910483
2026-10-08,2016-10-29,108.118753
2026-10-08,2016-10-30,108.046506
2026-10-08,2016-10-31,108.1598999
2026-10-08,2016-11-01,105.4610596
2026-10-08,2016-11-02,106.2278273
2026-10-08,2016-11-03,105.9497272
2026-10-08,2016-11-04,106.2161484
2026-10-08,2016-11-05,106.165689
2026-10-08,2016-11-06,106.1152537
2026-10-08,2016-11-07,106.4807843
2026-10-08,2016-11-08,106.6771176
2026-10-08,2016-11-09,105.5134457
2026-10-08,2016-11-10,101.1546948
2026-10-08,2016-11-11,102.3710091
2026-10-08,2016-11-12,102.3223765
2026-10-08,2016-11-13,102.273767
2026-10-08,2016-11-14,102.7623181
2026-10-08,2016-11-15,101.9067422
2026-10-08,2016-11-16,102.2423672
2026-10-08,2016-11-17,101.9457204
2026-10-08,2016-11-18,102.9343054
2026-10-08,2016-11-19,102.8854052
2026-10-08,2016-11-20,102.8365282
2026-10-08,2016-11-21,103.4594054
2026-10-08,2016-11-22,103.4763076
2026-10-08,2016-11-23,103.0239858
2026-10-08,2016-11-24,102.8598373
2026-10-08,2016-11-25,102.2061602
2026-10-08,2016-11-26,102.1576059
2026-10-08,2016-11-27,102.1090747
2026-10-08,2016-11-28,102.0605665
2026-10-08,2016-11-29,103.7180768
2026-10-08,2016-11-30,104.8769705
2026-10-08,2016-12-01,102.1268008
2026-10-08,2016-12-02,103.0086857
2026-10-08,2016-12-03,102.9790833
2026-10-08,2016-12-04,102.9494895
2026-10-08,2016-12-05,103.6643281
2026-10-08,2016-12-06,104.5032969
2026-10-08,2016-12-07,104.9357231
2026-10-08,2016-12-08,104.905567
2026-10-08,2016-12-09,104.8754196
2026-10-08,2016-12-10,104.8452808
2026-10-08,2016-12-11,104.8151507
2026-10-08,2016-12-12,106.9225435
2026-10-08,2016-12-13,107.2720856
2026-10-08,2016-12-14,107.0009703
2026-10-08,2016-12-15,105.6322418
2026-10-08,2016-12-16,104.5939754
2026-10-08,2016-12-17,104.5639176
2026-10-08,2016-12-18,104.5338683
2026-10-08,2016-12-19,104.7330899
2026-10-08,2016-12-20,105.4763793
2026-10-08,2016-12-21,105.6013248
2026-10-08,2016-12-22,106.1478051
2026-10-08,2016-12-23,105.5783895
2026-10-08,2016-12-24,105.5480488
2026-10-08,2016-12-25,105.5177167
2026-10-08,2016-12-26,105.4864587
2026-10-08,2016-12-27,105.546553
2026-10-08,2016-12-28,106.6553012
2026-10-08,2016-12-29,108.9610299
2026-10-08,2016-12-30,108.5295856
2026-10-08,2016-12-31,108.4983968
2026-10-08,2017-01-01,108.456611
2026-10-08,2017-01-02,107.6863871
2026-10-08,2017-01-03,108.8016953
2026-10-08,2017-01-04,110.6879065
2026-10-08,2017-01-05,110.5639511
2026-10-08,2017-01-06,108.7759089
2026-10-08,2017-01-07,108.7340163
2026-10-08,2017-01-08,108.6921397
2026-10-08,2017-01-09,109.9780194
2026-10-08,2017-01-10,109.7483332
2026-10-08,2017-01-11,109.8882574
2026-10-08,2017-01-12,110.1554804
2026-10-08,2017-01-13,109.1404741
2026-10-08,2017-01-14,109.098441
2026-10-08,2017-01-15,109.0564242
2026-10-08,2017-01-16,108.5343144
2026-10-08,2017-01-17,109.3403514
2026-10-08,2017-01-18,109.4110485
2026-10-08,2017-01-19,109.7650401
2026-10-08,2017-01-20,110.4554042
2026-10-08,2017-01-21,110.4128647
2026-10-08,2017-01-22,110.3703416
2026-10-08,2017-01-23,110.6369511
2026-10-08,2017-01-24,110.8323366
2026-10-08,2017-01-25,110.9424735
2026-10-08,2017-01-26,110.0203272
2026-10-08,2017-01-27,110.9622176
2026-10-08,2017-01-28,110.9194829
2026-10-08,2017-01-29,110.8767647
2026-10-08,2017-01-30,112.227128
2026-10-08,2017-01-31,110.6791559
2026-10-08,2017-02-01,110.0270972
2026-10-08,2017-02-02,110.2582153
2026-10-08,2017-02-03,109.9452592
2026-10-08,2017-02-04,109.8778725
2026-10-08,2017-02-05,109.8105272
2026-10-08,2017-02-06,110.5442668
2026-10-08,2017-02-07,109.6711724
2026-10-08,2017-02-08,109.9558395
2026-10-08,2017-02-09,108.9988445
2026-10-08,2017-02-10,108.9662123
2026-10-08,2017-02-11,108.8994257
2026-10-08,2017-02-12,108.8326801
2026-10-08,2017-02-13,108.3253353
2026-10-08,2017-02-14,108.7653594
2026-10-08,2017-02-15,109.1454534
2026-10-08,2017-02-16,108.935143
2026-10-08,2017-02-17,110.1032264
2026-10-08,2017-02-18,110.0357429
2026-10-08,2017-02-19,109.9683008
2026-10-08,2017-02-20,110.0925034
2026-10-08,2017-02-21,109.4493333
2026-10-08,2017-02-22,109.4670385
2026-10-08,2017-02-23,109.5155314
2026-10-08,2017-02-24,107.9194873
2026-10-08,2017-02-25,107.8533423
2026-10-08,2017-02-26,107.7872378
2026-10-08,2017-02-27,107.7211738
2026-10-08,2017-02-28,107.6551504
2026-10-08,2017-03-01,107.4111023
2026-10-08,2017-03-02,105.670366
2026-10-08,2017-03-03,105.9957572
2026-10-08,2017-03-04,105.9240858
2026-10-08,2017-03-05,105.8524629
2026-10-08,2017-03-06,106.4712466
2026-10-08,2017-03-07,107.2613387
2026-10-08,2017-03-08,106.0322925
2026-10-08,2017-03-09,104.8309022
2026-10-08,2017-03-10,105.3175057
2026-10-08,2017-03-11,105.2462929
2026-10-08,2017-03-12,105.1751283
2026-10-08,2017-03-13,105.3776226
2026-10-08,2017-03-14,104.741302
2026-10-08,2017-03-15,105.6559965
2026-10-08,2017-03-16,106.7440136
2026-10-08,2017-03-17,107.2057591
2026-10-08,2017-03-18,107.1332695
2026-10-08,2017-03-19,107.060829
2026-10-08,2017-03-20,108.1261744
2026-10-08,2017-03-21,107.3816745
2026-10-08,2017-03-22,107.5985382
2026-10-08,2017-03-23,105.7413558
2026-10-08,2017-03-24,105.6698564
2026-10-08,2017-03-25,105.5984054
2026-10-08,2017-03-26,105.5270027
2026-10-08,2017-03-27,105.454843
2026-10-08,2017-03-28,104.7253168
2026-10-08,2017-03-29,104.743774
2026-10-08,2017-03-30,104.0300849
2026-10-08,2017-03-31,103.9243409
2026-10-08,2017-04-01,103.8384213
2026-10-08,2017-04-02,103.7525727
2026-10-08,2017-04-03,104.2098921
2026-10-08,2017-04-04,103.9796271
2026-10-08,2017-04-05,104.4248319
2026-10-08,2017-04-06,103.8578417
2026-10-08,2017-04-07,102.3974116
2026-10-08,2017-04-08,102.3127544
2026-10-08,2017-04-09,102.2281671
2026-10-08,2017-04-10,101.5610739
2026-10-08,2017-04-11,101.8213633
2026-10-08,2017-04-12,100.8358945
2026-10-08,2017-04-13,100.7525283
2026-10-08,2017-04-14,100.669231
2026-10-08,2017-04-15,100.5860025
2026-10-08,2017-04-16,100.5028429
2026-10-08,2017-04-17,102.2701776
2026-10-08,2017-04-18,102.5862186
2026-10-08,2017-04-19,102.1875915
2026-10-08,2017-04-20,101.1239235
2026-10-08,2017-04-21,102.2301883
2026-10-08,2017-04-22,102.1456693
2026-10-08,2017-04-23,102.0612202
2026-10-08,2017-04-24,101.8362148
2026-10-08,2017-04-25,101.2486951
2026-10-08,2017-04-26,100.540073
2026-10-08,2017-04-27,100.3683038
2026-10-08,2017-04-28,99.77818545
2026-10-08,2017-04-29,99.69569368
2026-10-08,2017-04-30,99.6132701
2026-10-08,2017-05-01,99.577448
2026-10-08,2017-05-02,100.1012242
2026-10-08,2017-05-03,100.1047281
2026-10-08,2017-05-04,98.72768643
2026-10-08,2017-05-05,99.51846188
2026-10-08,2017-05-06,99.48267388
2026-10-08,2017-05-07,99.44689875
2026-10-08,2017-05-08,99.50383305
2026-10-08,2017-05-09,100.1412511
2026-10-08,2017-05-10,100.7899074
2026-10-08,2017-05-11,100.7156707
2026-10-08,2017-05-12,101.4210466
2026-10-08,2017-05-13,101.3845744
2026-10-08,2017-05-14,101.3481153
2026-10-08,2017-05-15,102.5849749
2026-10-08,2017-05-16,103.2841435
2026-10-08,2017-05-17,102.468256
2026-10-08,2017-05-18,98.03158213
2026-10-08,2017-05-19,100.3771832
2026-10-08,2017-05-20,100.3410864
2026-10-08,2017-05-21,100.3050025
2026-10-08,2017-05-22,100.9581378
2026-10-08,2017-05-23,100.4642578
2026-10-08,2017-05-24,100.7727711
2026-10-08,2017-05-25,100.736532
2026-10-08,2017-05-26,100.1505344
2026-10-08,2017-05-27,100.1145191
2026-10-08,2017-05-28,100.0785168
2026-10-08,2017-05-29,100.044935
2026-10-08,2017-05-30,100.9026939
2026-10-08,2017-05-31,101.2675976
2026-10-08,2017-06-01,100.7414953
2026-10-08,2017-06-02,100.2036655
2026-10-08,2017-06-03,100.1564041
2026-10-08,2017-06-04,100.1091651
2026-10-08,2017-06-05,99.062141
2026-10-08,2017-06-06,98.98168873
2026-10-08,2017-06-07,99.06747981
2026-10-08,2017-06-08,98.58664736
2026-10-08,2017-06-09,98.54077806
2026-10-08,2017-06-10,98.49430102
2026-10-08,2017-06-11,98.4478459
2026-10-08,2017-06-12,97.17321434
2026-10-08,2017-06-13,97.14489049
2026-10-08,2017-06-14,98.14799349
2026-10-08,2017-06-15,98.77711484
2026-10-08,2017-06-16,98.78754978
2026-10-08,2017-06-17,98.74095635
2026-10-08,2017-06-18,98.69438489
2026-10-08,2017-06-19,99.02596555
2026-10-08,2017-06-20,98.97925967
2026-10-08,2017-06-21,98.14333538
2026-10-08,2017-06-22,97.82524493
2026-10-08,2017-06-23,97.80514319
2026-10-08,2017-06-24,97.75901312
2026-10-08,2017-06-25,97.7129048
2026-10-08,2017-06-26,99.49387637
2026-10-08,2017-06-27,99.14515039
2026-10-08,2017-06-28,100.5785039
2026-10-08,2017-06-29,100.1881611
2026-10-08,2017-06-30,100.9786874
2026-10-08,2017-07-01,100.9305657
2026-10-08,2017-07-02,100.8824668
2026-10-08,2017-07-03,103.4904763
2026-10-08,2017-07-04,102.797005
2026-10-08,2017-07-05,104.1769709
2026-10-08,2017-07-06,103.3680875
2026-10-08,2017-07-07,103.9123918
2026-10-08,2017-07-08,103.862872
2026-10-08,2017-07-09,103.8133757
2026-10-08,2017-07-10,104.228037
2026-10-08,2017-07-11,104.6356204
2026-10-08,2017-07-12,105.617874
2026-10-08,2017-07-13,105.4127316
2026-10-08,2017-07-14,105.6718092
2026-10-08,2017-07-15,105.6214509
2026-10-08,2017-07-16,105.5711166
2026-10-08,2017-07-17,106.0417784
2026-10-08,2017-07-18,108.4755391
2026-10-08,2017-07-19,108.4965961
2026-10-08,2017-07-20,109.2886014
2026-10-08,2017-07-21,110.5349662
2026-10-08,2017-07-22,110.4822904
2026-10-08,2017-07-23,110.4296397
2026-10-08,2017-07-24,110.0788906
2026-10-08,2017-07-25,109.6694346
2026-10-08,2017-07-26,110.1077593
2026-10-08,2017-07-27,111.0729869
2026-10-08,2017-07-28,112.252606
2026-10-08,2017-07-29,112.1991117
2026-10-08,2017-07-30,112.1456428
2026-10-08,2017-07-31,111.7907312
2026-10-08,2017-08-01,111.8218961
2026-10-08,2017-08-02,111.7653216
2026-10-08,2017-08-03,112.1267176
2026-10-08,2017-08-04,111.8965544
2026-10-08,2017-08-05,111.8531126
2026-10-08,2017-08-06,111.8096876
2026-10-08,2017-08-07,111.794942
2026-10-08,2017-08-08,111.9504601
2026-10-08,2017-08-09,110.9842335
2026-10-08,2017-08-10,110.6137757
2026-10-08,2017-08-11,110.5533377
2026-10-08,2017-08-12,110.5104173
2026-10-08,2017-08-13,110.4675136
2026-10-08,2017-08-14,105.8866183
2026-10-08,2017-08-15,105.3987104
2026-10-08,2017-08-16,107.1457513
2026-10-08,2017-08-17,107.7276013
2026-10-08,2017-08-18,107.7015332
2026-10-08,2017-08-19,107.65972
2026-10-08,2017-08-20,107.617923
2026-10-08,2017-08-21,107.5761423
2026-10-08,2017-08-22,106.8896531
2026-10-08,2017-08-23,107.3730163
2026-10-08,2017-08-24,107.6441313
2026-10-08,2017-08-25,107.0371247
2026-10-08,2017-08-26,106.9955694
2026-10-08,2017-08-27,106.9540303
2026-10-08,2017-08-28,106.9407019
2026-10-08,2017-08-29,107.5650934
2026-10-08,2017-08-30,107.8226411
2026-10-08,2017-08-31,107.4755615
2026-10-08,2017-09-01,107.1324278
2026-10-08,2017-09-02,107.0710054
2026-10-08,2017-09-03,107.0096183
2026-10-08,2017-09-04,107.2885572
2026-10-08,2017-09-05,107.7324859
2026-10-08,2017-09-06,108.0787057
2026-10-08,2017-09-07,108.1419377
2026-10-08,2017-09-08,108.3630703
2026-10-08,2017-09-09,108.3009424
2026-10-08,2017-09-10,108.2388502
2026-10-08,2017-09-11,107.9530913
2026-10-08,2017-09-12,106.338134
2026-10-08,2017-09-13,105.7787798
2026-10-08,2017-09-14,105.5020185
2026-10-08,2017-09-15,105.6153212
2026-10-08,2017-09-16,105.5547687
2026-10-08,2017-09-17,105.4942509
2026-10-08,2017-09-18,105.8890838
2026-10-08,2017-09-19,105.8612253
2026-10-08,2017-09-20,106.5647646
2026-10-08,2017-09-21,106.3620116
2026-10-08,2017-09-22,106.9286876
2026-10-08,2017-09-23,106.8673821
2026-10-08,2017-09-24,106.8061117
2026-10-08,2017-09-25,107.1731347
2026-10-08,2017-09-26,107.1354043
2026-10-08,2017-09-27,105.9906977
2026-10-08,2017-09-28,105.9690249
2026-10-08,2017-09-29,105.2520814
2026-10-08,2017-09-30,105.1936832
2026-10-08,2017-10-01,105.1569002
2026-10-08,2017-10-02,106.166962
2026-10-08,2017-10-03,106.3659546
2026-10-08,2017-10-04,106.6082673
2026-10-08,2017-10-05,106.3082504
2026-10-08,2017-10-06,105.9056134
2026-10-08,2017-10-07,105.8685815
2026-10-08,2017-10-08,105.8315626
2026-10-08,2017-10-09,105.2299447
2026-10-08,2017-10-10,105.1607523
2026-10-08,2017-10-11,105.3337777
2026-10-08,2017-10-12,105.1394616
2026-10-08,2017-10-13,105.3849441
2026-10-08,2017-10-14,105.3480943
2026-10-08,2017-10-15,105.3112574
2026-10-08,2017-10-16,105.2744333
2026-10-08,2017-10-17,104.503266
2026-10-08,2017-10-18,104.7155789
2026-10-08,2017-10-19,105.0468208
2026-10-08,2017-10-20,104.398723
2026-10-08,2017-10-21,104.362218
2026-10-08,2017-10-22,104.3257258
2026-10-08,2017-10-23,103.3385806
2026-10-08,2017-10-24,102.4463871
2026-10-08,2017-10-25,102.7556834
2026-10-08,2017-10-26,102.5491793
2026-10-08,2017-10-27,103.2727829
2026-10-08,2017-10-28,103.2366717
2026-10-08,2017-10-29,103.2005731
2026-10-08,2017-10-30,102.9325129
2026-10-08,2017-10-31,102.4690048
2026-10-08,2017-11-01,102.7065067
2026-10-08,2017-11-02,102.0069964
2026-10-08,2017-11-03,101.478469
2026-10-08,2017-11-04,101.4417386
2026-10-08,2017-11-05,101.4050214
2026-10-08,2017-11-06,101.3683176
2026-10-08,2017-11-07,102.1807175
2026-10-08,2017-11-08,102.2175814
2026-10-08,2017-11-09,101.9226436
2026-10-08,2017-11-10,101.2043051
2026-10-08,2017-11-11,101.1676739
2026-10-08,2017-11-12,101.131056
2026-10-08,2017-11-13,100.543597
2026-10-08,2017-11-14,100.3671557
2026-10-08,2017-11-15,99.90712208
2026-10-08,2017-11-16,100.8966084
2026-10-08,2017-11-17,101.522336
2026-10-08,2017-11-18,101.4855897
2026-10-08,2017-11-19,101.4488567
2026-10-08,2017-11-20,101.4121371
2026-10-08,2017-11-21,101.7480195
2026-10-08,2017-11-22,101.6597665
2026-10-08,2017-11-23,102.0090283
2026-10-08,2017-11-24,101.5151051
2026-10-08,2017-11-25,101.4783614
2026-10-08,2017-11-26,101.441631
2026-10-08,2017-11-27,101.3175515
2026-10-08,2017-11-28,101.9650024
2026-10-08,2017-11-29,101.2107959
2026-10-08,2017-11-30,99.36181525
2026-10-08,2017-12-01,99.59687649
2026-10-08,2017-12-02,99.51162782
2026-10-08,2017-12-03,99.42645211
2026-10-08,2017-12-04,100.3550588
2026-10-08,2017-12-05,100.1901011
2026-10-08,2017-12-06,99.6890449
2026-10-08,2017-12-07,98.28654609
2026-10-08,2017-12-08,98.20241899
2026-10-08,2017-12-09,98.11836388
2026-10-08,2017-12-10,98.03438073
2026-10-08,2017-12-11,97.45414939
2026-10-08,2017-12-12,97.08554283
2026-10-08,2017-12-13,97.21970549
2026-10-08,2017-12-14,97.17450909
2026-10-08,2017-12-15,98.35110225
2026-10-08,2017-12-16,98.26691988
2026-10-08,2017-12-17,98.18280957
2026-10-08,2017-12-18,98.90289966
2026-10-08,2017-12-19,99.39244298
2026-10-08,2017-12-20,99.93793945
2026-10-08,2017-12-21,100.2930152
2026-10-08,2017-12-22,100.1440313
2026-10-08,2017-12-23,100.0583143
2026-10-08,2017-12-24,99.97267071
2026-10-08,2017-12-25,99.88710039
2026-10-08,2017-12-26,101.6800848
2026-10-08,2017-12-27,102.4427679
2026-10-08,2017-12-28,106.7644669
2026-10-08,2017-12-29,103.3771942
2026-10-08,2017-12-30,103.2887099
2026-10-08,2017-12-31,103.2003012
2026-10-08,2018-01-01,103.1519594
2026-10-08,2018-01-02,103.4595106
2026-10-08,2018-01-03,104.1670274
2026-10-08,2018-01-04,105.5892691
2026-10-08,2018-01-05,106.7633969
2026-10-08,2018-01-06,106.713386
2026-10-08,2018-01-07,106.6633985
2026-10-08,2018-01-08,107.4912443
2026-10-08,2018-01-09,106.3467134
2026-10-08,2018-01-10,105.1028466
2026-10-08,2018-01-11,105.8397188
2026-10-08,2018-01-12,106.1214531
2026-10-08,2018-01-13,106.0717429
2026-10-08,2018-01-14,106.022056
2026-10-08,2018-01-15,106.6652128
2026-10-08,2018-01-16,106.5949071
2026-10-08,2018-01-17,106.5769632
2026-10-08,2018-01-18,106.8460252
2026-10-08,2018-01-19,107.7652744
2026-10-08,2018-01-20,107.7147942
2026-10-08,2018-01-21,107.6643377
2026-10-08,2018-01-22,108.4626075
2026-10-08,2018-01-23,108.2215536
2026-10-08,2018-01-24,111.9686905
2026-10-08,2018-01-25,112.5500218
2026-10-08,2018-01-26,112.5834079
2026-10-08,2018-01-27,112.5306707
2026-10-08,2018-01-28,112.4779583
2026-10-08,2018-01-29,111.7478661
2026-10-08,2018-01-30,111.5831666
2026-10-08,2018-01-31,111.4269074
2026-10-08,2018-02-01,110.3271137
2026-10-08,2018-02-02,109.3174785
2026-10-08,2018-02-03,109.2366636
2026-10-08,2018-02-04,109.1559084
2026-10-08,2018-02-05,108.1208461
2026-10-08,2018-02-06,108.4912974
2026-10-08,2018-02-07,108.1917844
2026-10-08,2018-02-08,108.8561318
2026-10-08,2018-02-09,108.2813003
2026-10-08,2018-02-10,108.2012514
2026-10-08,2018-02-11,108.1212617
2026-10-08,2018-02-12,108.0413311
2026-10-08,2018-02-13,107.9614596
2026-10-08,2018-02-14,109.6786972
2026-10-08,2018-02-15,108.5736838
2026-10-08,2018-02-16,109.9423922
2026-10-08,2018-02-17,109.8611154
2026-10-08,2018-02-18,109.7798986
2026-10-08,2018-02-19,109.6727862
2026-10-08,2018-02-20,108.7410952
2026-10-08,2018-02-21,108.9137416
2026-10-08,2018-02-22,109.134101
2026-10-08,2018-02-23,109.6121003
2026-10-08,2018-02-24,109.5310676
2026-10-08,2018-02-25,109.4500948
2026-10-08,2018-02-26,110.6041854
2026-10-08,2018-02-27,110.3894225
2026-10-08,2018-02-28,109.7519948
2026-10-08,2018-03-01,109.4798757
2026-10-08,2018-03-02,110.006853
2026-10-08,2018-03-03,109.9279547
2026-10-08,2018-03-04,109.8491129
2026-10-08,2018-03-05,109.5968868
2026-10-08,2018-03-06,111.5783127
2026-10-08,2018-03-07,110.7714679
2026-10-08,2018-03-08,109.8620617
2026-10-08,2018-03-09,109.4048898
2026-10-08,2018-03-10,109.3264232
2026-10-08,2018-03-11,109.2480129
2026-10-08,2018-03-12,108.6130494
2026-10-08,2018-03-13,108.7793166
2026-10-08,2018-03-14,108.728364
2026-10-08,2018-03-15,108.048108
2026-10-08,2018-03-16,107.5862433
2026-10-08,2018-03-17,107.5090811
2026-10-08,2018-03-18,107.4319742
2026-10-08,2018-03-19,107.2667385
2026-10-08,2018-03-20,107.1013881
2026-10-08,2018-03-21,107.7430657
2026-10-08,2018-03-22,106.7367111
2026-10-08,2018-03-23,106.3145247
2026-10-08,2018-03-24,106.2382746
2026-10-08,2018-03-25,106.1620791
2026-10-08,2018-03-26,106.2048211
2026-10-08,2018-03-27,105.0489546
2026-10-08,2018-03-28,104.6016064
2026-10-08,2018-03-29,104.5265848
2026-10-08,2018-03-30,104.451617
2026-10-08,2018-03-31,104.3767029
2026-10-08,2018-04-01,104.2931517
2026-10-08,2018-04-02,104.2068856
2026-10-08,2018-04-03,104.427803
2026-10-08,2018-04-04,104.2071084
2026-10-08,2018-04-05,104.0372221
2026-10-08,2018-04-06,103.0689846
2026-10-08,2018-04-07,102.9837311
2026-10-08,2018-04-08,102.8985481
2026-10-08,2018-04-09,101.9991616
2026-10-08,2018-04-10,101.5662199
2026-10-08,2018-04-11,102.3123034
2026-10-08,2018-04-12,101.8740245
2026-10-08,2018-04-13,101.2207626
2026-10-08,2018-04-14,101.1370379
2026-10-08,2018-04-15,101.0533824
2026-10-08,2018-04-16,100.6138295
2026-10-08,2018-04-17,101.3833123
2026-10-08,2018-04-18,101.3959745
2026-10-08,2018-04-19,101.1510964
2026-10-08,2018-04-20,100.941347
2026-10-08,2018-04-21,100.8578534
2026-10-08,2018-04-22,100.7744289
2026-10-08,2018-04-23,99.97136603
2026-10-08,2018-04-24,98.95978071
2026-10-08,2018-04-25,97.91426957
2026-10-08,2018-04-26,99.72222699
2026-10-08,2018-04-27,100.3122568
2026-10-08,2018-04-28,100.2292836
2026-10-08,2018-04-29,100.1463789
2026-10-08,2018-04-30,100.0635429
2026-10-08,2018-05-01,100.0083605
2026-10-08,2018-05-02,100.9302848
2026-10-08,2018-05-03,109.8134249
2026-10-08,2018-05-04,104.3655192
2026-10-08,2018-05-05,104.3098205
2026-10-08,2018-05-06,104.2541515
2026-10-08,2018-05-07,104.0700693
2026-10-08,2018-05-08,105.5602313
2026-10-08,2018-05-09,105.9477488
2026-10-08,2018-05-10,107.4120029
2026-10-08,2018-05-11,108.8031363
2026-10-08,2018-05-12,108.7450693
2026-10-08,2018-05-13,108.6870333
2026-10-08,2018-05-14,115.7374959
2026-10-08,2018-05-15,110.3122887
2026-10-08,2018-05-16,110.4041577
2026-10-08,2018-05-17,109.7010375
2026-10-08,2018-05-18,109.2195749
2026-10-08,2018-05-19,109.1612856
2026-10-08,2018-05-20,109.1030275
2026-10-08,2018-05-21,110.0982294
2026-10-08,2018-05-22,111.3299734
2026-10-08,2018-05-23,112.2814575
2026-10-08,2018-05-24,112.4790492
2026-10-08,2018-05-25,112.4190204
2026-10-08,2018-05-26,112.3590236
2026-10-08,2018-05-27,112.2990588
2026-10-08,2018-05-28,110.6942051
2026-10-08,2018-05-29,110.7726105
2026-10-08,2018-05-30,110.7906443
2026-10-08,2018-05-31,111.2934592
2026-10-08,2018-06-01,110.2580249
2026-10-08,2018-06-02,110.1692511
2026-10-08,2018-06-03,110.0805487
2026-10-08,2018-06-04,110.8488507
2026-10-08,2018-06-05,109.1201804
2026-10-08,2018-06-06,107.528056
2026-10-08,2018-06-07,104.6734646
2026-10-08,2018-06-08,112.1984091
2026-10-08,2018-06-09,112.108073
2026-10-08,2018-06-10,112.0178096
2026-10-08,2018-06-11,115.0006079
2026-10-08,2018-06-12,114.3748488
2026-10-08,2018-06-13,115.2025011
2026-10-08,2018-06-14,120.6772065
2026-10-08,2018-06-15,119.9861184
2026-10-08,2018-06-16,119.889512
2026-10-08,2018-06-17,119.7929834
2026-10-08,2018-06-18,120.7354021
2026-10-08,2018-06-19,121.6305035
2026-10-08,2018-06-20,121.5325731
2026-10-08,2018-06-21,118.6004396
2026-10-08,2018-06-22,117.0551153
2026-10-08,2018-06-23,116.9608688
2026-10-08,2018-06-24,116.8666982
2026-10-08,2018-06-25,116.7710411
2026-10-08,2018-06-26,116.5379618
2026-10-08,2018-06-27,115.7380106
2026-10-08,2018-06-28,118.4878962
2026-10-08,2018-06-29,120.8961644
2026-10-08,2018-06-30,120.7988253
2026-10-08,2018-07-01,120.689151
2026-10-08,2018-07-02,116.9877924
2026-10-08,2018-07-03,115.46597
2026-10-08,2018-07-04,116.1001488
2026-10-08,2018-07-05,115.2162124
2026-10-08,2018-07-06,116.3504108
2026-10-08,2018-07-07,116.2481814
2026-10-08,2018-07-08,116.1460417
2026-10-08,2018-07-09,116.0439918
2026-10-08,2018-07-10,115.2569903
2026-10-08,2018-07-11,113.4438925
2026-10-08,2018-07-12,112.5369194
2026-10-08,2018-07-13,112.9931358
2026-10-08,2018-07-14,112.8938561
2026-10-08,2018-07-15,112.7946637
2026-10-08,2018-07-16,113.1643137
2026-10-08,2018-07-17,114.1602716
2026-10-08,2018-07-18,115.0739544
2026-10-08,2018-07-19,114.6338776
2026-10-08,2018-07-20,116.4310423
2026-10-08,2018-07-21,116.328742
2026-10-08,2018-07-22,116.2265316
2026-10-08,2018-07-23,115.7802785
2026-10-08,2018-07-24,116.5439654
2026-10-08,2018-07-25,117.1908077
2026-10-08,2018-07-26,116.1795086
2026-10-08,2018-07-27,116.340028
2026-10-08,2018-07-28,116.2378077
2026-10-08,2018-07-29,116.1356772
2026-10-08,2018-07-30,115.6181937
2026-10-08,2018-07-31,115.3428923
2026-10-08,2018-08-01,115.5884654
2026-10-08,2018-08-02,114.8894582
2026-10-08,2018-08-03,115.5920318
2026-10-08,2018-08-04,115.4464907
2026-10-08,2018-08-05,115.3011328
2026-10-08,2018-08-06,114.7863487
2026-10-08,2018-08-07,114.3377146
2026-10-08,2018-08-08,114.757342
2026-10-08,2018-08-09,115.0064076
2026-10-08,2018-08-10,117.8989933
2026-10-08,2018-08-11,117.7505475
2026-10-08,2018-08-12,117.6022886
2026-10-08,2018-08-13,118.866514
2026-10-08,2018-08-14,118.1021206
2026-10-08,2018-08-15,119.5070113
2026-10-08,2018-08-16,118.2573139
2026-10-08,2018-08-17,116.95756
2026-10-08,2018-08-18,116.8102995
2026-10-08,2018-08-19,116.6632245
2026-10-08,2018-08-20,116.5163346
2026-10-08,2018-08-21,115.4483282
2026-10-08,2018-08-22,114.0017853
2026-10-08,2018-08-23,113.5978994
2026-10-08,2018-08-24,114.8910961
2026-10-08,2018-08-25,114.7464375
2026-10-08,2018-08-26,114.6019611
2026-10-08,2018-08-27,115.4406312
2026-10-08,2018-08-28,115.4956334
2026-10-08,2018-08-29,124.8077787
2026-10-08,2018-08-30,137.6794408
2026-10-08,2018-08-31,136.724675
2026-10-08,2018-09-01,136.4668683
2026-10-08,2018-09-02,136.2009788
2026-10-08,2018-09-03,136.5978849
2026-10-08,2018-09-04,140.6333646
2026-10-08,2018-09-05,139.7414787
2026-10-08,2018-09-06,135.6818892
2026-10-08,2018-09-07,136.4665957
2026-10-08,2018-09-08,136.2007068
2026-10-08,2018-09-09,135.9353358
2026-10-08,2018-09-10,134.8892799
2026-10-08,2018-09-11,135.5422028
2026-10-08,2018-09-12,137.4714101
2026-10-08,2018-09-13,140.0728926
2026-10-08,2018-09-14,141.1594316
2026-10-08,2018-09-15,140.8843991
2026-10-08,2018-09-16,140.6099026
2026-10-08,2018-09-17,139.4048818
2026-10-08,2018-09-18,140.798302
2026-10-08,2018-09-19,139.5048886
2026-10-08,2018-09-20,136.7248638
2026-10-08,2018-09-21,133.8371893
2026-10-08,2018-09-22,133.5764234
2026-10-08,2018-09-23,133.3161656
2026-10-08,2018-09-24,132.1678574
2026-10-08,2018-09-25,134.0765555
2026-10-08,2018-09-26,137.7449009
2026-10-08,2018-09-27,142.9874334
2026-10-08,2018-09-28,147.3292716
2026-10-08,2018-09-29,147.042218
2026-10-08,2018-09-30,146.7557237
2026-10-08,2018-10-01,141.0389173
2026-10-08,2018-10-02,138.8410165
2026-10-08,2018-10-03,137.5525641
2026-10-08,2018-10-04,138.6209689
2026-10-08,2018-10-05,138.9081435
2026-10-08,2018-10-06,138.6931206
2026-10-08,2018-10-07,138.4784305
2026-10-08,2018-10-08,140.6315199
2026-10-08,2018-10-09,141.1540005
2026-10-08,2018-10-10,140.077432
2026-10-08,2018-10-11,136.5383316
2026-10-08,2018-10-12,136.5268336
2026-10-08,2018-10-13,136.3154968
2026-10-08,2018-10-14,136.1044872
2026-10-08,2018-10-15,135.8938042
2026-10-08,2018-10-16,135.1890137
2026-10-08,2018-10-17,137.0709403
2026-10-08,2018-10-18,137.1303677
2026-10-08,2018-10-19,136.8568082
2026-10-08,2018-10-20,136.6449607
2026-10-08,2018-10-21,136.433441
2026-10-08,2018-10-22,136.9244752
2026-10-08,2018-10-23,136.3408515
2026-10-08,2018-10-24,136.6007095
2026-10-08,2018-10-25,137.3254854
2026-10-08,2018-10-26,138.4293323
2026-10-08,2018-10-27,138.2150505
2026-10-08,2018-10-28,138.0011004
2026-10-08,2018-10-29,136.833266
2026-10-08,2018-10-30,134.8032983
2026-10-08,2018-10-31,131.4159057
2026-10-08,2018-11-01,131.7041842
2026-10-08,2018-11-02,130.4422531
2026-10-08,2018-11-03,130.298197
2026-10-08,2018-11-04,130.1542999
2026-10-08,2018-11-05,130.0346457
2026-10-08,2018-11-06,129.8910397
2026-10-08,2018-11-07,128.867179
2026-10-08,2018-11-08,127.569791
2026-10-08,2018-11-09,127.7185306
2026-10-08,2018-11-10,127.5774825
2026-10-08,2018-11-11,127.4365901
2026-10-08,2018-11-12,127.6701812
2026-10-08,2018-11-13,127.0489499
2026-10-08,2018-11-14,127.1741794
2026-10-08,2018-11-15,127.7465154
2026-10-08,2018-11-16,128.6043954
2026-10-08,2018-11-17,128.4623689
2026-10-08,2018-11-18,128.3204993
2026-10-08,2018-11-19,128.1787863
2026-10-08,2018-11-20,128.4203209
2026-10-08,2018-11-21,127.5936737
2026-10-08,2018-11-22,127.4521778
2026-10-08,2018-11-23,130.9386379
2026-10-08,2018-11-24,130.7940335
2026-10-08,2018-11-25,130.6495889
2026-10-08,2018-11-26,132.3552351
2026-10-08,2018-11-27,131.0257137
2026-10-08,2018-11-28,132.1947881
2026-10-08,2018-11-29,129.4609533
2026-10-08,2018-11-30,129.3179808
2026-10-08,2018-12-01,129.2151079
2026-10-08,2018-12-02,129.1156314
2026-10-08,2018-12-03,125.6401306
2026-10-08,2018-12-04,127.634151
2026-10-08,2018-12-05,127.3099443
2026-10-08,2018-12-06,127.2938406
2026-10-08,2018-12-07,126.499207
2026-10-08,2018-12-08,126.4018214
2026-10-08,2018-12-09,126.3045107
2026-10-08,2018-12-10,125.5312921
2026-10-08,2018-12-11,126.3848271
2026-10-08,2018-12-12,127.6735387
2026-10-08,2018-12-13,127.2390693
2026-10-08,2018-12-14,127.6264129
2026-10-08,2018-12-15,127.5281594
2026-10-08,2018-12-16,127.4299816
2026-10-08,2018-12-17,128.0718375
2026-10-08,2018-12-18,127.5632634
2026-10-08,2018-12-19,128.7122832
2026-10-08,2018-12-20,128.3487303
2026-10-08,2018-12-21,126.7007689
2026-10-08,2018-12-22,126.6032281
2026-10-08,2018-12-23,126.5057623
2026-10-08,2018-12-24,126.4083716
2026-10-08,2018-12-25,126.3110559
2026-10-08,2018-12-26,127.2638439
2026-10-08,2018-12-27,127.0392324
2026-10-08,2018-12-28,125.7372384
2026-10-08,2018-12-29,125.6404393
2026-10-08,2018-12-30,125.5437148
2026-10-08,2018-12-31,125.324037
2026-10-08,2019-01-01,125.2211777
2026-10-08,2019-01-02,126.8513893
2026-10-08,2019-01-03,128.3439098
2026-10-08,2019-01-04,129.0142298
2026-10-08,2019-01-05,128.9083418
2026-10-08,2019-01-06,128.8025407
2026-10-08,2019-01-07,128.2006207
2026-10-08,2019-01-08,129.5638203
2026-10-08,2019-01-09,129.4850456
2026-10-08,2019-01-10,127.6379564
2026-10-08,2019-01-11,126.9209353
2026-10-08,2019-01-12,126.8167653
2026-10-08,2019-01-13,126.7126809
2026-10-08,2019-01-14,127.57059
2026-10-08,2019-01-15,126.7838663
2026-10-08,2019-01-16,127.8841777
2026-10-08,2019-01-17,127.7919692
2026-10-08,2019-01-18,126.6353445
2026-10-08,2019-01-19,126.531409
2026-10-08,2019-01-20,126.4275587
2026-10-08,2019-01-21,126.9158962
2026-10-08,2019-01-22,125.4824242
2026-10-08,2019-01-23,125.8422311
2026-10-08,2019-01-24,125.2763786
2026-10-08,2019-01-25,123.9286443
2026-10-08,2019-01-26,123.8269302
2026-10-08,2019-01-27,123.7252997
2026-10-08,2019-01-28,124.13631
2026-10-08,2019-01-29,127.204615
2026-10-08,2019-01-30,126.5955079
2026-10-08,2019-01-31,128.5659083
2026-10-08,2019-02-01,127.4551247
2026-10-08,2019-02-02,127.306479
2026-10-08,2019-02-03,127.1580067
2026-10-08,2019-02-04,126.824947
2026-10-08,2019-02-05,126.5798573
2026-10-08,2019-02-06,126.540334
2026-10-08,2019-02-07,126.9330307
2026-10-08,2019-02-08,126.1783672
2026-10-08,2019-02-09,126.0312106
2026-10-08,2019-02-10,125.8842256
2026-10-08,2019-02-11,124.9623177
2026-10-08,2019-02-12,126.7106034
2026-10-08,2019-02-13,126.0289299
2026-10-08,2019-02-14,126.3535498
2026-10-08,2019-02-15,128.4447546
2026-10-08,2019-02-16,128.2949548
2026-10-08,2019-02-17,128.1453297
2026-10-08,2019-02-18,127.738612
2026-10-08,2019-02-19,130.033402
2026-10-08,2019-02-20,130.8237832
2026-10-08,2019-02-21,128.9242866
2026-10-08,2019-02-22,128.5751258
2026-10-08,2019-02-23,128.4251739
2026-10-08,2019-02-24,128.275397
2026-10-08,2019-02-25,127.6013351
2026-10-08,2019-02-26,126.0677773
2026-10-08,2019-02-27,126.7440865
2026-10-08,2019-02-28,126.9875627
2026-10-08,2019-03-01,127.7181278
2026-10-08,2019-03-02,127.5605884
2026-10-08,2019-03-03,127.4032434
2026-10-08,2019-03-04,127.2460925
2026-10-08,2019-03-05,127.0891354
2026-10-08,2019-03-06,128.372241
2026-10-08,2019-03-07,131.9184321
2026-10-08,2019-03-08,128.1547149
2026-10-08,2019-03-09,127.9966371
2026-10-08,2019-03-10,127.8387542
2026-10-08,2019-03-11,128.682789
2026-10-08,2019-03-12,130.4379153
2026-10-08,2019-03-13,128.9663078
2026-10-08,2019-03-14,126.5915314
2026-10-08,2019-03-15,124.9634446
2026-10-08,2019-03-16,124.8093032
2026-10-08,2019-03-17,124.6553518
2026-10-08,2019-03-18,125.321981
2026-10-08,2019-03-19,127.3664714
2026-10-08,2019-03-20,128.2883137
2026-10-08,2019-03-21,127.4543887
2026-10-08,2019-03-22,127.0090386
2026-10-08,2019-03-23,126.8523739
2026-10-08,2019-03-24,126.6959025
2026-10-08,2019-03-25,128.131137
2026-10-08,2019-03-26,129.7901755
2026-10-08,2019-03-27,131.0012981
2026-10-08,2019-03-28,130.5750204
2026-10-08,2019-03-29,130.3311446
2026-10-08,2019-03-30,130.1703821
2026-10-08,2019-03-31,130.009818
2026-10-08,2019-04-01,128.8028824
2026-10-08,2019-04-02,128.6819355
2026-10-08,2019-04-03,129.6012134
2026-10-08,2019-04-04,131.2056818
2026-10-08,2019-04-05,132.3232394
2026-10-08,2019-04-06,132.1989869
2026-10-08,2019-04-07,132.0748511
2026-10-08,2019-04-08,131.8432503
2026-10-08,2019-04-09,130.4137102
2026-10-08,2019-04-10,130.4842814
2026-10-08,2019-04-11,128.2840839
2026-10-08,2019-04-12,125.8675442
2026-10-08,2019-04-13,125.7493537
2026-10-08,2019-04-14,125.6312741
2026-10-08,2019-04-15,124.0421464
2026-10-08,2019-04-16,125.3342697
2026-10-08,2019-04-17,122.8424977
2026-10-08,2019-04-18,122.7271477
2026-10-08,2019-04-19,122.6119061
2026-10-08,2019-04-20,122.4967726
2026-10-08,2019-04-21,122.3817472
2026-10-08,2019-04-22,123.9498304
2026-10-08,2019-04-23,123.0768496
2026-10-08,2019-04-24,126.2431324
2026-10-08,2019-04-25,129.740382
2026-10-08,2019-04-26,133.6402041
2026-10-08,2019-04-27,133.514715
2026-10-08,2019-04-28,133.3893437
2026-10-08,2019-04-29,128.1298963
2026-10-08,2019-04-30,127.9036774
2026-10-08,2019-05-01,127.7808091
2026-10-08,2019-05-02,128.435703
2026-10-08,2019-05-03,127.8859406
2026-10-08,2019-05-04,127.7670504
2026-10-08,2019-05-05,127.6482708
2026-10-08,2019-05-06,127.6367111
2026-10-08,2019-05-07,128.6309858
2026-10-08,2019-05-08,129.5215949
2026-10-08,2019-05-09,129.5251035
2026-10-08,2019-05-10,127.8549402
2026-10-08,2019-05-11,127.7360788
2026-10-08,2019-05-12,127.617328
2026-10-08,2019-05-13,127.2917012
2026-10-08,2019-05-14,127.1325256
2026-10-08,2019-05-15,126.8881678
2026-10-08,2019-05-16,124.9036003
2026-10-08,2019-05-17,122.6556227
2026-10-08,2019-05-18,122.541595
2026-10-08,2019-05-19,122.4276732
2026-10-08,2019-05-20,123.1962629
2026-10-08,2019-05-21,123.1437629
2026-10-08,2019-05-22,123.995095
2026-10-08,2019-05-23,123.943251
2026-10-08,2019-05-24,124.1936328
2026-10-08,2019-05-25,124.0781753
2026-10-08,2019-05-26,123.962825
2026-10-08,2019-05-27,123.4261443
2026-10-08,2019-05-28,123.3827897
2026-10-08,2019-05-29,123.6163878
2026-10-08,2019-05-30,124.4012397
2026-10-08,2019-05-31,125.8981765
2026-10-08,2019-06-01,125.7897173
2026-10-08,2019-06-02,125.6777409
2026-10-08,2019-06-03,127.202076
2026-10-08,2019-06-04,127.6238662
2026-10-08,2019-06-05,127.2930961
2026-10-08,2019-06-06,127.4421188
2026-10-08,2019-06-07,127.5397249
2026-10-08,2019-06-08,127.4261907
2026-10-08,2019-06-09,127.3127576
2026-10-08,2019-06-10,126.8452169
2026-10-08,2019-06-11,126.9142315
2026-10-08,2019-06-12,124.0597028
2026-10-08,2019-06-13,123.2675444
2026-10-08,2019-06-14,123.0430008
2026-10-08,2019-06-15,122.9334695
2026-10-08,2019-06-16,122.8240357
2026-10-08,2019-06-17,122.7146994
2026-10-08,2019-06-18,122.4511926
2026-10-08,2019-06-19,121.6309524
2026-10-08,2019-06-20,121.5226781
2026-10-08,2019-06-21,121.197169
2026-10-08,2019-06-22,121.0892809
2026-10-08,2019-06-23,120.9814888
2026-10-08,2019-06-24,119.8225166
2026-10-08,2019-06-25,119.1020217
2026-10-08,2019-06-26,119.8135991
2026-10-08,2019-06-27,119.9031486
2026-10-08,2019-06-28,119.1408081
2026-10-08,2019-06-29,119.0347505
2026-10-08,2019-06-30,118.9287873
2026-10-08,2019-07-01,118.7134747
2026-10-08,2019-07-02,118.0968837
2026-10-08,2019-07-03,117.9051828
2026-10-08,2019-07-04,118.2891048
2026-10-08,2019-07-05,117.5325379
2026-10-08,2019-07-06,117.4573341
2026-10-08,2019-07-07,117.3821785
2026-10-08,2019-07-08,117.3070709
2026-10-08,2019-07-09,117.2320113
2026-10-08,2019-07-10,119.0877554
2026-10-08,2019-07-11,118.4491826
2026-10-08,2019-07-12,118.8257024
2026-10-08,2019-07-13,118.7496711
2026-10-08,2019-07-14,118.6736885
2026-10-08,2019-07-15,120.3151387
2026-10-08,2019-07-16,120.7182717
2026-10-08,2019-07-17,120.2173115
2026-10-08,2019-07-18,120.5373135
2026-10-08,2019-07-19,120.5424161
2026-10-08,2019-07-20,120.4652864
2026-10-08,2019-07-21,120.3882061
2026-10-08,2019-07-22,120.5542066
2026-10-08,2019-07-23,119.8855103
2026-10-08,2019-07-24,120.824581
2026-10-08,2019-07-25,121.4672591
2026-10-08,2019-07-26,121.7716634
2026-10-08,2019-07-27,121.6937472
2026-10-08,2019-07-28,121.6158808
2026-10-08,2019-07-29,122.1122231
2026-10-08,2019-07-30,122.3544814
2026-10-08,2019-07-31,123.1182939
2026-10-08,2019-08-01,121.4228003
2026-10-08,2019-08-02,120.8528246
2026-10-08,2019-08-03,120.7060265
2026-10-08,2019-08-04,120.5594066
2026-10-08,2019-08-05,120.5294708
2026-10-08,2019-08-06,119.6232524
2026-10-08,2019-08-07,119.7054162
2026-10-08,2019-08-08,120.2778727
2026-10-08,2019-08-09,119.9670627
2026-10-08,2019-08-10,119.8213405
2026-10-08,2019-08-11,119.6757953
2026-10-08,2019-08-12,138.4925372
2026-10-08,2019-08-13,146.1758989
2026-10-08,2019-08-14,155.5648917
2026-10-08,2019-08-15,146.8750394
2026-10-08,2019-08-16,142.3916215
2026-10-08,2019-08-17,142.2186605
2026-10-08,2019-08-18,142.0459096
2026-10-08,2019-08-19,141.8733686
2026-10-08,2019-08-20,139.7106394
2026-10-08,2019-08-21,140.4763443
2026-10-08,2019-08-22,139.1640042
2026-10-08,2019-08-23,137.4889995
2026-10-08,2019-08-24,137.3219937
2026-10-08,2019-08-25,137.1551907
2026-10-08,2019-08-26,135.9451355
2026-10-08,2019-08-27,138.7243148
2026-10-08,2019-08-28,142.4765756
2026-10-08,2019-08-29,141.7352345
2026-10-08,2019-08-30,145.9908567
2026-10-08,2019-08-31,145.8135238
2026-10-08,2019-09-01,145.5428943
2026-10-08,2019-09-02,135.93507
2026-10-08,2019-09-03,135.294852
2026-10-08,2019-09-04,137.4654054
2026-10-08,2019-09-05,137.8136121
2026-10-08,2019-09-06,138.0007572
2026-10-08,2019-09-07,137.7360987
2026-10-08,2019-09-08,137.4719478
2026-10-08,2019-09-09,136.7203365
2026-10-08,2019-09-10,136.320468
2026-10-08,2019-09-11,137.5471091
2026-10-08,2019-09-12,137.2229604
2026-10-08,2019-09-13,136.4964728
2026-10-08,2019-09-14,136.2346993
2026-10-08,2019-09-15,135.9734278
2026-10-08,2019-09-16,135.4983287
2026-10-08,2019-09-17,135.8667534
2026-10-08,2019-09-18,135.8668825
2026-10-08,2019-09-19,133.6181867
2026-10-08,2019-09-20,133.1481003
2026-10-08,2019-09-21,132.8927483
2026-10-08,2019-09-22,132.637886
2026-10-08,2019-09-23,132.5310997
2026-10-08,2019-09-24,132.0026053
2026-10-08,2019-09-25,132.3850338
2026-10-08,2019-09-26,133.2169573
2026-10-08,2019-09-27,132.9096544
2026-10-08,2019-09-28,132.6547597
2026-10-08,2019-09-29,132.4003538
2026-10-08,2019-09-30,132.8072081
2026-10-08,2019-10-01,132.4884143
2026-10-08,2019-10-02,133.4335539
2026-10-08,2019-10-03,135.1971533
2026-10-08,2019-10-04,135.6584549
2026-10-08,2019-10-05,135.5210973
2026-10-08,2019-10-06,135.3838788
2026-10-08,2019-10-07,134.8442255
2026-10-08,2019-10-08,134.7144931
2026-10-08,2019-10-09,134.3413518
2026-10-08,2019-10-10,133.8037574
2026-10-08,2019-10-11,134.3391662
2026-10-08,2019-10-12,134.2031444
2026-10-08,2019-10-13,134.0672604
2026-10-08,2019-10-14,133.9315139
2026-10-08,2019-10-15,132.6519442
2026-10-08,2019-10-16,132.2106147
2026-10-08,2019-10-17,132.242952
2026-10-08,2019-10-18,133.5285372
2026-10-08,2019-10-19,133.3933362
2026-10-08,2019-10-20,133.2582721
2026-10-08,2019-10-21,132.5317148
2026-10-08,2019-10-22,135.33999
2026-10-08,2019-10-23,136.5372877
2026-10-08,2019-10-24,137.9881762
2026-10-08,2019-10-25,140.0558143
2026-10-08,2019-10-26,139.9140042
2026-10-08,2019-10-27,139.7723378
2026-10-08,2019-10-28,139.2064132
2026-10-08,2019-10-29,138.5120735
2026-10-08,2019-10-30,138.0007838
2026-10-08,2019-10-31,137.7627496
2026-10-08,2019-11-01,139.2971766
2026-10-08,2019-11-02,139.1274402
2026-10-08,2019-11-03,138.9579106
2026-10-08,2019-11-04,137.9241387
2026-10-08,2019-11-05,137.9785143
2026-10-08,2019-11-06,137.8103847
2026-10-08,2019-11-07,134.2490253
2026-10-08,2019-11-08,131.9031201
2026-10-08,2019-11-09,131.7423935
2026-10-08,2019-11-10,131.5818627
2026-10-08,2019-11-11,132.5559745
2026-10-08,2019-11-12,131.4176848
2026-10-08,2019-11-13,130.6139516
2026-10-08,2019-11-14,130.1063568
2026-10-08,2019-11-15,129.9629935
2026-10-08,2019-11-16,129.8046309
2026-10-08,2019-11-17,129.6464613
2026-10-08,2019-11-18,129.4884845
2026-10-08,2019-11-19,129.0844135
2026-10-08,2019-11-20,129.075
2026-10-08,2019-11-21,128.6274497
2026-10-08,2019-11-22,129.0559658
2026-10-08,2019-11-23,128.8987084
2026-10-08,2019-11-24,128.7416427
2026-10-08,2019-11-25,127.6907485
2026-10-08,2019-11-26,126.2856749
2026-10-08,2019-11-27,126.0779678
2026-10-08,2019-11-28,127.1006707
2026-10-08,2019-11-29,127.0045583
2026-10-08,2019-11-30,126.8498007
2026-10-08,2019-12-01,126.7427912
2026-10-08,2019-12-02,127.0704566
2026-10-08,2019-12-03,127.5133068
2026-10-08,2019-12-04,127.5382478
2026-10-08,2019-12-05,127.8435981
2026-10-08,2019-12-06,128.5523224
2026-10-08,2019-12-07,128.4473736
2026-10-08,2019-12-08,128.3425104
2026-10-08,2019-12-09,128.8310963
2026-10-08,2019-12-10,128.3017761
2026-10-08,2019-12-11,128.8213191
2026-10-08,2019-12-12,129.327872
2026-10-08,2019-12-13,128.850756
2026-10-08,2019-12-14,128.7455636
2026-10-08,2019-12-15,128.640457
2026-10-08,2019-12-16,130.1206676
2026-10-08,2019-12-17,129.9856531
2026-10-08,2019-12-18,129.9754423
2026-10-08,2019-12-19,130.1416142
2026-10-08,2019-12-20,129.0960162
2026-10-08,2019-12-21,128.9906235
2026-10-08,2019-12-22,128.8853169
2026-10-08,2019-12-23,129.7733658
2026-10-08,2019-12-24,129.6674201
2026-10-08,2019-12-25,129.561561
2026-10-08,2019-12-26,129.4119353
2026-10-08,2019-12-27,129.4733944
2026-10-08,2019-12-28,129.3676936
2026-10-08,2019-12-29,129.2620791
2026-10-08,2019-12-30,130.3872287
2026-10-08,2019-12-31,129.9732806
2026-10-08,2020-01-01,129.8886931
2026-10-08,2020-01-02,129.3716071
2026-10-08,2020-01-03,129.0506445
2026-10-08,2020-01-04,128.9666574
2026-10-08,2020-01-05,128.882725
2026-10-08,2020-01-06,128.2845263
2026-10-08,2020-01-07,127.6159429
2026-10-08,2020-01-08,128.3897663
2026-10-08,2020-01-09,127.1597207
2026-10-08,2020-01-10,127.3315814
2026-10-08,2020-01-11,127.248713
2026-10-08,2020-01-12,127.1658986
2026-10-08,2020-01-13,125.6875642
2026-10-08,2020-01-14,125.8362288
2026-10-08,2020-01-15,124.2815577
2026-10-08,2020-01-16,123.7158054
2026-10-08,2020-01-17,124.0434516
2026-10-08,2020-01-18,123.9627232
2026-10-08,2020-01-19,123.8820473
2026-10-08,2020-01-20,123.6515591
2026-10-08,2020-01-21,123.3793918
2026-10-08,2020-01-22,123.5466252
2026-10-08,2020-01-23,124.0318885
2026-10-08,2020-01-24,123.6298072
2026-10-08,2020-01-25,123.5493481
2026-10-08,2020-01-26,123.4689412
2026-10-08,2020-01-27,122.5742655
2026-10-08,2020-01-28,122.7683673
2026-10-08,2020-01-29,122.2988095
2026-10-08,2020-01-30,121.063874
2026-10-08,2020-01-31,120.7440432
2026-10-08,2020-02-01,120.6714558
2026-10-08,2020-02-02,120.5989121
2026-10-08,2020-02-03,121.8137771
2026-10-08,2020-02-04,121.7324168
2026-10-08,2020-02-05,121.4421401
2026-10-08,2020-02-06,121.4724508
2026-10-08,2020-02-07,120.1555759
2026-10-08,2020-02-08,120.0833423
2026-10-08,2020-02-09,120.0111522
2026-10-08,2020-02-10,120.0985492
2026-10-08,2020-02-11,119.9374418
2026-10-08,2020-02-12,119.6916244
2026-10-08,2020-02-13,119.935014
2026-10-08,2020-02-14,121.0745696
2026-10-08,2020-02-15,121.0017835
2026-10-08,2020-02-16,120.9290413
2026-10-08,2020-02-17,120.7955217
2026-10-08,2020-02-18,119.9384043
2026-10-08,2020-02-19,119.5270759
2026-10-08,2020-02-20,119.026671
2026-10-08,2020-02-21,119.2686849
2026-10-08,2020-02-22,119.1969845
2026-10-08,2020-02-23,119.1253272
2026-10-08,2020-02-24,119.0537129
2026-10-08,2020-02-25,118.9821418
2026-10-08,2020-02-26,117.9674474
2026-10-08,2020-02-27,117.3459618
2026-10-08,2020-02-28,116.7679747
2026-10-08,2020-02-29,116.6977776
2026-10-08,2020-03-01,116.5766691
2026-10-08,2020-03-02,116.5474171
2026-10-08,2020-03-03,116.5121713
2026-10-08,2020-03-04,114.6516746
2026-10-08,2020-03-05,112.2676899
2026-10-08,2020-03-06,112.7843551
2026-10-08,2020-03-07,112.6673079
2026-10-08,2020-03-08,112.5503822
2026-10-08,2020-03-09,109.4696604
2026-10-08,2020-03-10,111.9905209
2026-10-08,2020-03-11,110.6563609
2026-10-08,2020-03-12,108.1859331
2026-10-08,2020-03-13,109.2050518
2026-10-08,2020-03-14,109.0917192
2026-10-08,2020-03-15,108.9785042
2026-10-08,2020-03-16,104.5393298
2026-10-08,2020-03-17,104.307358
2026-10-08,2020-03-18,101.2584084
2026-10-08,2020-03-19,101.723746
2026-10-08,2020-03-20,105.2879323
2026-10-08,2020-03-21,105.1786649
2026-10-08,2020-03-22,105.0695109
2026-10-08,2020-03-23,104.9604701
2026-10-08,2020-03-24,104.8515425
2026-10-08,2020-03-25,105.1225827
2026-10-08,2020-03-26,104.9225071
2026-10-08,2020-03-27,103.5415832
2026-10-08,2020-03-28,103.4341282
2026-10-08,2020-03-29,103.3267846
2026-10-08,2020-03-30,101.6909015
2026-10-08,2020-03-31,101.585367
2026-10-08,2020-04-01,99.98856147
2026-10-08,2020-04-02,99.75930253
2026-10-08,2020-04-03,99.35045151
2026-10-08,2020-04-04,99.29099283
2026-10-08,2020-04-05,99.23156973
2026-10-08,2020-04-06,100.4784041
2026-10-08,2020-04-07,101.5070848
2026-10-08,2020-04-08,102.2251697
2026-10-08,2020-04-09,102.1639906
2026-10-08,2020-04-10,102.1028481
2026-10-08,2020-04-11,102.0417422
2026-10-08,2020-04-12,101.9806728
2026-10-08,2020-04-13,101.9736649
2026-10-08,2020-04-14,101.9305288
2026-10-08,2020-04-15,100.8788344
2026-10-08,2020-04-16,100.7951519
2026-10-08,2020-04-17,101.0012428
2026-10-08,2020-04-18,100.9407962
2026-10-08,2020-04-19,100.8803857
2026-10-08,2020-04-20,100.1333826
2026-10-08,2020-04-21,100.0027156
2026-10-08,2020-04-22,98.56017401
2026-10-08,2020-04-23,97.04345375
2026-10-08,2020-04-24,93.14775031
2026-10-08,2020-04-25,93.09200379
2026-10-08,2020-04-26,93.03629063
2026-10-08,2020-04-27,93.6734736
2026-10-08,2020-04-28,97.21628751
2026-10-08,2020-04-29,99.20324932
2026-10-08,2020-04-30,98.3645216
2026-10-08,2020-05-01,98.30388248
2026-10-08,2020-05-02,98.24328074
2026-10-08,2020-05-03,98.18271636
2026-10-08,2020-05-04,96.08749557
2026-10-08,2020-05-05,95.76350474
2026-10-08,2020-05-06,94.14509444
2026-10-08,2020-05-07,91.6813436
2026-10-08,2020-05-08,92.88416666
2026-10-08,2020-05-09,92.82690603
2026-10-08,2020-05-10,92.7696807
2026-10-08,2020-05-11,92.01411125
2026-10-08,2020-05-12,91.85133104
2026-10-08,2020-05-13,90.52387591
2026-10-08,2020-05-14,91.22902817
2026-10-08,2020-05-15,91.90827421
2026-10-08,2020-05-16,91.85161519
2026-10-08,2020-05-17,91.7949911
2026-10-08,2020-05-18,93.95267529
2026-10-08,2020-05-19,93.66769488
2026-10-08,2020-05-20,94.17001498
2026-10-08,2020-05-21,96.25554707
2026-10-08,2020-05-22,96.8939469
2026-10-08,2020-05-23,96.83421434
2026-10-08,2020-05-24,96.77451861
2026-10-08,2020-05-25,96.71485969
2026-10-08,2020-05-26,100.3663015
2026-10-08,2020-05-27,101.5209234
2026-10-08,2020-05-28,100.9649959
2026-10-08,2020-05-29,99.38563987
2026-10-08,2020-05-30,99.32437126
2026-10-08,2020-05-31,99.26314041
2026-10-08,2020-06-01,99.45521569
2026-10-08,2020-06-02,103.2999787
2026-10-08,2020-06-03,106.3399598
2026-10-08,2020-06-04,105.8395428
2026-10-08,2020-06-05,108.7289761
2026-10-08,2020-06-06,108.6579962
2026-10-08,2020-06-07,108.5870626
2026-10-08,2020-06-08,110.4374434
2026-10-08,2020-06-09,110.0696937
2026-10-08,2020-06-10,110.0781063
2026-10-08,2020-06-11,108.6157916
2026-10-08,2020-06-12,106.177114
2026-10-08,2020-06-13,106.1078
2026-10-08,2020-06-14,106.0385312
2026-10-08,2020-06-15,105.9693077
2026-10-08,2020-06-16,104.2243373
2026-10-08,2020-06-17,103.3437121
2026-10-08,2020-06-18,101.0513144
2026-10-08,2020-06-19,102.0539012
2026-10-08,2020-06-20,101.9872789
2026-10-08,2020-06-21,101.9207
2026-10-08,2020-06-22,103.0741924
2026-10-08,2020-06-23,105.337392
2026-10-08,2020-06-24,101.9853129
2026-10-08,2020-06-25,101.0264115
2026-10-08,2020-06-26,99.79078254
2026-10-08,2020-06-27,99.72563761
2026-10-08,2020-06-28,99.6605352
2026-10-08,2020-06-29,99.68373396
2026-10-08,2020-06-30,99.7916204
2026-10-08,2020-07-01,101.6634241
2026-10-08,2020-07-02,101.5390231
2026-10-08,2020-07-03,101.9539217
2026-10-08,2020-07-04,101.902747
2026-10-08,2020-07-05,101.8515979
2026-10-08,2020-07-06,101.6114576
2026-10-08,2020-07-07,101.4008554
2026-10-08,2020-07-08,101.3234254
2026-10-08,2020-07-09,101.2725672
2026-10-08,2020-07-10,101.2217344
2026-10-08,2020-07-11,101.1709272
2026-10-08,2020-07-12,101.1201455
2026-10-08,2020-07-13,101.7641366
2026-10-08,2020-07-14,101.8748405
2026-10-08,2020-07-15,101.6111711
2026-10-08,2020-07-16,102.3591181
2026-10-08,2020-07-17,101.5077107
2026-10-08,2020-07-18,101.45676
2026-10-08,2020-07-19,101.4058348
2026-10-08,2020-07-20,102.3798134
2026-10-08,2020-07-21,105.5731588
2026-10-08,2020-07-22,106.8600139
2026-10-08,2020-07-23,105.4053208
2026-10-08,2020-07-24,105.7871939
2026-10-08,2020-07-25,105.7340951
2026-10-08,2020-07-26,105.6810229
2026-10-08,2020-07-27,105.9170073
2026-10-08,2020-07-28,106.4649588
2026-10-08,2020-07-29,106.4089861
2026-10-08,2020-07-30,106.3509805
2026-10-08,2020-07-31,105.1751875
2026-10-08,2020-08-01,105.0929613
2026-10-08,2020-08-02,105.0107994
2026-10-08,2020-08-03,103.1774707
2026-10-08,2020-08-04,103.391638
2026-10-08,2020-08-05,103.208756
2026-10-08,2020-08-06,102.4259504
2026-10-08,2020-08-07,101.1950039
2026-10-08,2020-08-08,101.1158894
2026-10-08,2020-08-09,101.0368368
2026-10-08,2020-08-10,100.4458569
2026-10-08,2020-08-11,101.9198786
2026-10-08,2020-08-12,99.95775278
2026-10-08,2020-08-13,102.2254506
2026-10-08,2020-08-14,100.9992578
2026-10-08,2020-08-15,100.9202964
2026-10-08,2020-08-16,100.8413967
2026-10-08,2020-08-17,100.7625587
2026-10-08,2020-08-18,99.97375043
2026-10-08,2020-08-19,99.3597089
2026-10-08,2020-08-20,97.97971267
2026-10-08,2020-08-21,97.75493333
2026-10-08,2020-08-22,97.67850832
2026-10-08,2020-08-23,97.60214306
2026-10-08,2020-08-24,97.96208759
2026-10-08,2020-08-25,98.84817609
2026-10-08,2020-08-26,97.41755843
2026-10-08,2020-08-27,98.59565311
2026-10-08,2020-08-28,101.1059943
2026-10-08,2020-08-29,101.0269494
2026-10-08,2020-08-30,100.9479663
2026-10-08,2020-08-31,100.3286199
2026-10-08,2020-09-01,102.2678241
2026-10-08,2020-09-02,102.2372854
2026-10-08,2020-09-03,103.485557
2026-10-08,2020-09-04,103.1678397
2026-10-08,2020-09-05,103.0936522
2026-10-08,2020-09-06,103.019518
2026-10-08,2020-09-07,103.6233398
2026-10-08,2020-09-08,102.9215509
2026-10-08,2020-09-09,103.8875957
2026-10-08,2020-09-10,103.8217471
2026-10-08,2020-09-11,102.9302665
2026-10-08,2020-09-12,102.8562498
2026-10-08,2020-09-13,102.7822863
2026-10-08,2020-09-14,104.2099741
2026-10-08,2020-09-15,104.2518288
2026-10-08,2020-09-16,104.7841572
2026-10-08,2020-09-17,105.014195
2026-10-08,2020-09-18,102.7940634
2026-10-08,2020-09-19,102.7201447
2026-10-08,2020-09-20,102.6462791
2026-10-08,2020-09-21,102.1125358
2026-10-08,2020-09-22,100.6072825
2026-10-08,2020-09-23,98.98617907
2026-10-08,2020-09-24,100.2215438
2026-10-08,2020-09-25,99.34738997
2026-10-08,2020-09-26,99.27594972
2026-10-08,2020-09-27,99.20456084
2026-10-08,2020-09-28,97.78053578
2026-10-08,2020-09-29,97.73356964
2026-10-08,2020-09-30,97.89121749
2026-10-08,2020-10-01,97.66101366
2026-10-08,2020-10-02,98.03342055
2026-10-08,2020-10-03,97.9437885
2026-10-08,2020-10-04,97.8542384
2026-10-08,2020-10-05,99.32609837
2026-10-08,2020-10-06,99.78630131
2026-10-08,2020-10-07,99.25908099
2026-10-08,2020-10-08,98.97525469
2026-10-08,2020-10-09,99.93748228
2026-10-08,2020-10-10,99.84610935
2026-10-08,2020-10-11,99.75481995
2026-10-08,2020-10-12,99.66361402
2026-10-08,2020-10-13,99.25514621
2026-10-08,2020-10-14,98.97833344
2026-10-08,2020-10-15,98.63529779
2026-10-08,2020-10-16,98.04922946
2026-10-08,2020-10-17,97.95958295
2026-10-08,2020-10-18,97.87001841
2026-10-08,2020-10-19,98.8411289
2026-10-08,2020-10-20,99.37994798
2026-10-08,2020-10-21,98.45524977
2026-10-08,2020-10-22,99.18600271
2026-10-08,2020-10-23,98.45713427
2026-10-08,2020-10-24,98.36711482
2026-10-08,2020-10-25,98.27717767
2026-10-08,2020-10-26,98.38568343
2026-10-08,2020-10-27,97.70648798
2026-10-08,2020-10-28,96.39645568
2026-10-08,2020-10-29,95.75476093
2026-10-08,2020-10-30,95.93463601
2026-10-08,2020-10-31,95.84692288
2026-10-08,2020-11-01,95.77587115
2026-10-08,2020-11-02,96.24571755
2026-10-08,2020-11-03,96.29336516
2026-10-08,2020-11-04,97.92642016
2026-10-08,2020-11-05,99.62084442
2026-10-08,2020-11-06,99.54699507
2026-10-08,2020-11-07,99.47320046
2026-10-08,2020-11-08,99.39946056
2026-10-08,2020-11-09,102.9752115
2026-10-08,2020-11-10,103.3576329
2026-10-08,2020-11-11,102.5717065
2026-10-08,2020-11-12,102.2701564
2026-10-08,2020-11-13,101.1353848
2026-10-08,2020-11-14,101.0604127
2026-10-08,2020-11-15,100.9854962
2026-10-08,2020-11-16,102.4606053
2026-10-08,2020-11-17,104.2140216
2026-10-08,2020-11-18,104.8437417
2026-10-08,2020-11-19,104.6480962
2026-10-08,2020-11-20,103.627831
2026-10-08,2020-11-21,103.5510113
2026-10-08,2020-11-22,103.4742485
2026-10-08,2020-11-23,103.3975426
2026-10-08,2020-11-24,103.5532705
2026-10-08,2020-11-25,104.9261793
2026-10-08,2020-11-26,105.2909831
2026-10-08,2020-11-27,104.5186592
2026-10-08,2020-11-28,104.4411791
2026-10-08,2020-11-29,104.3637564
2026-10-08,2020-11-30,104.0524515
2026-10-08,2020-12-01,106.5320506
2026-10-08,2020-12-02,106.932632
2026-10-08,2020-12-03,108.9835414
2026-10-08,2020-12-04,108.3442463
2026-10-08,2020-12-05,108.2538893
2026-10-08,2020-12-06,108.1636076
2026-10-08,2020-12-07,108.0734012
2026-10-08,2020-12-08,107.98327
2026-10-08,2020-12-09,108.608183
2026-10-08,2020-12-10,110.716077
2026-10-08,2020-12-11,110.7883936
2026-10-08,2020-12-12,110.6959981
2026-10-08,2020-12-13,110.6036798
2026-10-08,2020-12-14,109.592974
2026-10-08,2020-12-15,110.1091927
2026-10-08,2020-12-16,109.3324429
2026-10-08,2020-12-17,110.7567812
2026-10-08,2020-12-18,110.1599857
2026-10-08,2020-12-19,110.0681143
2026-10-08,2020-12-20,109.9763196
2026-10-08,2020-12-21,109.5245078
2026-10-08,2020-12-22,109.084555
2026-10-08,2020-12-23,107.9153504
2026-10-08,2020-12-24,107.8253511
2026-10-08,2020-12-25,107.7354268
2026-10-08,2020-12-26,107.6455775
2026-10-08,2020-12-27,107.5558031
2026-10-08,2020-12-28,107.0618144
2026-10-08,2020-12-29,108.8528604
2026-10-08,2020-12-30,109.2992796
2026-10-08,2020-12-31,109.2081261
2026-10-08,2021-01-01,109.077171
2026-10-08,2021-01-02,108.946373
2026-10-08,2021-01-03,108.8157318
2026-10-08,2021-01-04,107.5924029
2026-10-08,2021-01-05,107.0933481
2026-10-08,2021-01-06,107.0038903
2026-10-08,2021-01-07,104.7231717
2026-10-08,2021-01-08,105.1837424
2026-10-08,2021-01-09,105.0576131
2026-10-08,2021-01-10,104.931635
2026-10-08,2021-01-11,102.9342491
2026-10-08,2021-01-12,104.8511069
2026-10-08,2021-01-13,106.523603
2026-10-08,2021-01-14,108.6010864
2026-10-08,2021-01-15,107.3485582
2026-10-08,2021-01-16,107.2198331
2026-10-08,2021-01-17,107.0912622
2026-10-08,2021-01-18,107.2259734
2026-10-08,2021-01-19,105.8824481
2026-10-08,2021-01-20,106.7654418
2026-10-08,2021-01-21,105.1808408
2026-10-08,2021-01-22,103.3533603
2026-10-08,2021-01-23,103.2294259
2026-10-08,2021-01-24,103.1056401
2026-10-08,2021-01-25,102.4030564
2026-10-08,2021-01-26,105.7159744
2026-10-08,2021-01-27,105.0973378
2026-10-08,2021-01-28,104.477867
2026-10-08,2021-01-29,103.3452327
2026-10-08,2021-01-30,103.221308
2026-10-08,2021-01-31,103.097532
2026-10-08,2021-02-01,103.6192706
2026-10-08,2021-02-02,105.5246122
2026-10-08,2021-02-03,105.3796147
2026-10-08,2021-02-04,104.2790438
2026-10-08,2021-02-05,105.6103205
2026-10-08,2021-02-06,105.5101923
2026-10-08,2021-02-07,105.4101591
2026-10-08,2021-02-08,105.8039278
2026-10-08,2021-02-09,105.4228488
2026-10-08,2021-02-10,105.4874691
2026-10-08,2021-02-11,104.9719897
2026-10-08,2021-02-12,105.3408988
2026-10-08,2021-02-13,105.2410261
2026-10-08,2021-02-14,105.1412481
2026-10-08,2021-02-15,105.0415647
2026-10-08,2021-02-16,104.9419758
2026-10-08,2021-02-17,104.5547196
2026-10-08,2021-02-18,103.8705345
2026-10-08,2021-02-19,103.7720558
2026-10-08,2021-02-20,103.6736705
2026-10-08,2021-02-21,103.5753785
2026-10-08,2021-02-22,103.6900214
2026-10-08,2021-02-23,103.9704604
2026-10-08,2021-02-24,104.4950992
2026-10-08,2021-02-25,102.7953013
2026-10-08,2021-02-26,101.4538051
2026-10-08,2021-02-27,101.3576177
2026-10-08,2021-02-28,101.2615215
2026-10-08,2021-03-01,101.2609299
2026-10-08,2021-03-02,99.37084234
2026-10-08,2021-03-03,98.16231134
2026-10-08,2021-03-04,100.5904839
2026-10-08,2021-03-05,99.39867872
2026-10-08,2021-03-06,99.2777763
2026-10-08,2021-03-07,99.15702094
2026-10-08,2021-03-08,98.57421653
2026-10-08,2021-03-09,97.46425632
2026-10-08,2021-03-10,98.669776
2026-10-08,2021-03-11,101.7576959
2026-10-08,2021-03-12,101.1370614
2026-10-08,2021-03-13,101.0140445
2026-10-08,2021-03-14,100.8911773
2026-10-08,2021-03-15,100.1829882
2026-10-08,2021-03-16,100.3471343
2026-10-08,2021-03-17,99.95956381
2026-10-08,2021-03-18,101.5420603
2026-10-08,2021-03-19,102.8755848
2026-10-08,2021-03-20,102.7504533
2026-10-08,2021-03-21,102.625474
2026-10-08,2021-03-22,101.7909989
2026-10-08,2021-03-23,102.1173932
2026-10-08,2021-03-24,101.9931839
2026-10-08,2021-03-25,99.17756615
2026-10-08,2021-03-26,97.59272852
2026-10-08,2021-03-27,97.47402275
2026-10-08,2021-03-28,97.35546136
2026-10-08,2021-03-29,96.92591681
2026-10-08,2021-03-30,97.17113377
2026-10-08,2021-03-31,98.19845425
2026-10-08,2021-04-01,98.07775241
2026-10-08,2021-04-02,97.95719893
2026-10-08,2021-04-03,97.83679364
2026-10-08,2021-04-04,97.71653634
2026-10-08,2021-04-05,98.07044669
2026-10-08,2021-04-06,98.95862051
2026-10-08,2021-04-07,99.05125885
2026-10-08,2021-04-08,99.84615958
2026-10-08,2021-04-09,97.54928594
2026-10-08,2021-04-10,97.42938204
2026-10-08,2021-04-11,97.30962551
2026-10-08,2021-04-12,97.00237992
2026-10-08,2021-04-13,97.27670008
2026-10-08,2021-04-14,97.03183158
2026-10-08,2021-04-15,98.26232241
2026-10-08,2021-04-16,98.83377331
2026-10-08,2021-04-17,98.71229056
2026-10-08,2021-04-18,98.59095714
2026-10-08,2021-04-19,98.83096146
2026-10-08,2021-04-20,99.3445805
2026-10-08,2021-04-21,98.65876708
2026-10-08,2021-04-22,100.421484
2026-10-08,2021-04-23,99.72061866
2026-10-08,2021-04-24,99.59804584
2026-10-08,2021-04-25,99.47562367
2026-10-08,2021-04-26,100.5149046
2026-10-08,2021-04-27,100.6870761
2026-10-08,2021-04-28,101.3234398
2026-10-08,2021-04-29,101.8051324
2026-10-08,2021-04-30,100.6023562
2026-10-08,2021-05-01,100.5231283
2026-10-08,2021-05-02,100.4439629
2026-10-08,2021-05-03,100.8114406
2026-10-08,2021-05-04,100.581811
2026-10-08,2021-05-05,101.4263794
2026-10-08,2021-05-06,102.9135056
2026-10-08,2021-05-07,104.2544474
2026-10-08,2021-05-08,104.1723434
2026-10-08,2021-05-09,104.090304
2026-10-08,2021-05-10,104.1527771
2026-10-08,2021-05-11,104.1427436
2026-10-08,2021-05-12,103.118509
2026-10-08,2021-05-13,102.1997374
2026-10-08,2021-05-14,102.8755265
2026-10-08,2021-05-15,102.7945084
2026-10-08,2021-05-16,102.7135542
2026-10-08,2021-05-17,103.0627709
2026-10-08,2021-05-18,103.0771089
2026-10-08,2021-05-19,102.7856033
2026-10-08,2021-05-20,102.542092
2026-10-08,2021-05-21,101.3334158
2026-10-08,2021-05-22,101.2536122
2026-10-08,2021-05-23,101.1738715
2026-10-08,2021-05-24,101.0941936
2026-10-08,2021-05-25,101.0145784
2026-10-08,2021-05-26,101.6908665
2026-10-08,2021-05-27,103.0115067
2026-10-08,2021-05-28,103.456101
2026-10-08,2021-05-29,103.3746257
2026-10-08,2021-05-30,103.2932146
2026-10-08,2021-05-31,103.2589704
2026-10-08,2021-06-01,104.3998174
2026-10-08,2021-06-02,106.1681842
2026-10-08,2021-06-03,106.1545554
2026-10-08,2021-06-04,106.7199256
2026-10-08,2021-06-05,106.6275961
2026-10-08,2021-06-06,106.5353465
2026-10-08,2021-06-07,106.713132
2026-10-08,2021-06-08,106.8346187
2026-10-08,2021-06-09,105.9241975
2026-10-08,2021-06-10,105.8701466
2026-10-08,2021-06-11,104.9303604
2026-10-08,2021-06-12,104.8395791
2026-10-08,2021-06-13,104.7488764
2026-10-08,2021-06-14,105.7866942
2026-10-08,2021-06-15,105.9324741
2026-10-08,2021-06-16,106.4260931
2026-10-08,2021-06-17,106.6998779
2026-10-08,2021-06-18,105.6268322
2026-10-08,2021-06-19,105.5354484
2026-10-08,2021-06-20,105.4441436
2026-10-08,2021-06-21,105.3529179
2026-10-08,2021-06-22,106.9759948
2026-10-08,2021-06-23,107.6052516
2026-10-08,2021-06-24,108.7450875
2026-10-08,2021-06-25,107.6215477
2026-10-08,2021-06-26,107.5284381
2026-10-08,2021-06-27,107.4354091
2026-10-08,2021-06-28,107.8091569
2026-10-08,2021-06-29,107.8760636
2026-10-08,2021-06-30,106.3509308
2026-10-08,2021-07-01,105.4009157
2026-10-08,2021-07-02,105.4224839
2026-10-08,2021-07-03,105.3545725
2026-10-08,2021-07-04,105.286705
2026-10-08,2021-07-05,104.3526007
2026-10-08,2021-07-06,102.4543282
2026-10-08,2021-07-07,100.9175849
2026-10-08,2021-07-08,101.1052381
2026-10-08,2021-07-09,101.0401078
2026-10-08,2021-07-10,100.9750196
2026-10-08,2021-07-11,100.9099732
2026-10-08,2021-07-12,102.1104838
2026-10-08,2021-07-13,102.2441882
2026-10-08,2021-07-14,104.0153226
2026-10-08,2021-07-15,102.9799991
2026-10-08,2021-07-16,103.7096754
2026-10-08,2021-07-17,103.6428674
2026-10-08,2021-07-18,103.5761025
2026-10-08,2021-07-19,100.898936
2026-10-08,2021-07-20,101.1319305
2026-10-08,2021-07-21,101.2584199
2026-10-08,2021-07-22,101.5632823
2026-10-08,2021-07-23,101.6100651
2026-10-08,2021-07-24,101.5446096
2026-10-08,2021-07-25,101.4791963
2026-10-08,2021-07-26,101.8421618
2026-10-08,2021-07-27,101.7688577
2026-10-08,2021-07-28,101.5786763
2026-10-08,2021-07-29,103.9519939
2026-10-08,2021-07-30,101.7515883
2026-10-08,2021-07-31,101.6860417
2026-10-08,2021-08-01,101.6344807
2026-10-08,2021-08-02,102.5280241
2026-10-08,2021-08-03,100.6576951
2026-10-08,2021-08-04,101.2980438
2026-10-08,2021-08-05,101.2392204
2026-10-08,2021-08-06,100.4117344
2026-10-08,2021-08-07,100.3608196
2026-10-08,2021-08-08,100.3099306
2026-10-08,2021-08-09,100.608472
2026-10-08,2021-08-10,100.9383245
2026-10-08,2021-08-11,100.7137351
2026-10-08,2021-08-12,100.529924
2026-10-08,2021-08-13,100.2057307
2026-10-08,2021-08-14,100.1549203
2026-10-08,2021-08-15,100.1041357
2026-10-08,2021-08-16,100.0533768
2026-10-08,2021-08-17,99.31659768
2026-10-08,2021-08-18,98.19020793
2026-10-08,2021-08-19,96.88826227
2026-10-08,2021-08-20,96.99265292
2026-10-08,2021-08-21,96.94347176
2026-10-08,2021-08-22,96.89431554
2026-10-08,2021-08-23,97.29656813
2026-10-08,2021-08-24,99.59226034
2026-10-08,2021-08-25,100.0440083
2026-10-08,2021-08-26,99.7208149
2026-10-08,2021-08-27,100.560414
2026-10-08,2021-08-28,100.5094238
2026-10-08,2021-08-29,100.4584594
2026-10-08,2021-08-30,100.8057709
2026-10-08,2021-08-31,101.3944607
2026-10-08,2021-09-01,101.3964021
2026-10-08,2021-09-02,101.2811355
2026-10-08,2021-09-03,100.8450765
2026-10-08,2021-09-04,100.766715
2026-10-08,2021-09-05,100.6884144
2026-10-08,2021-09-06,101.1257797
2026-10-08,2021-09-07,100.9926573
2026-10-08,2021-09-08,98.58740928
2026-10-08,2021-09-09,98.26326697
2026-10-08,2021-09-10,99.25717805
2026-10-08,2021-09-11,99.18005042
2026-10-08,2021-09-12,99.10298273
2026-10-08,2021-09-13,99.65616408
2026-10-08,2021-09-14,99.26847674
2026-10-08,2021-09-15,98.98818943
2026-10-08,2021-09-16,98.74555552
2026-10-08,2021-09-17,98.16067709
2026-10-08,2021-09-18,98.08440149
2026-10-08,2021-09-19,98.00818517
2026-10-08,2021-09-20,97.1532189
2026-10-08,2021-09-21,98.38878665
2026-10-08,2021-09-22,98.33975778
2026-10-08,2021-09-23,97.88456301
2026-10-08,2021-09-24,96.96810334
2026-10-08,2021-09-25,96.89275443
2026-10-08,2021-09-26,96.81746408
2026-10-08,2021-09-27,96.3979318
2026-10-08,2021-09-28,94.92520725
2026-10-08,2021-09-29,94.99979606
2026-10-08,2021-09-30,94.69643507
2026-10-08,2021-10-01,96.38093747
2026-10-08,2021-10-02,96.31213804
2026-10-08,2021-10-03,96.24338772
2026-10-08,2021-10-04,94.78771729
2026-10-08,2021-10-05,94.30011251
2026-10-08,2021-10-06,93.62969244
2026-10-08,2021-10-07,93.71623266
2026-10-08,2021-10-08,93.64933537
2026-10-08,2021-10-09,93.58248584
2026-10-08,2021-10-10,93.51568402
2026-10-08,2021-10-11,93.44892989
2026-10-08,2021-10-12,92.84497596
2026-10-08,2021-10-13,92.6745969
2026-10-08,2021-10-14,93.10071074
2026-10-08,2021-10-15,94.25699817
2026-10-08,2021-10-16,94.18971487
2026-10-08,2021-10-17,94.1224796
2026-10-08,2021-10-18,93.02073528
2026-10-08,2021-10-19,91.98592282
2026-10-08,2021-10-20,92.35488268
2026-10-08,2021-10-21,90.12373533
2026-10-08,2021-10-22,90.28238283
2026-10-08,2021-10-23,90.21793672
2026-10-08,2021-10-24,90.15353662
2026-10-08,2021-10-25,92.13784586
2026-10-08,2021-10-26,91.65738114
2026-10-08,2021-10-27,91.88385071
2026-10-08,2021-10-28,91.28948243
2026-10-08,2021-10-29,90.5936562
2026-10-08,2021-10-30,90.52898789
2026-10-08,2021-10-31,90.46436575
2026-10-08,2021-11-01,89.99999327
2026-10-08,2021-11-02,89.83543249
2026-10-08,2021-11-03,91.02356963
2026-10-08,2021-11-04,90.843903
2026-10-08,2021-11-05,92.47472268
2026-10-08,2021-11-06,92.4268819
2026-10-08,2021-11-07,92.37906586
2026-10-08,2021-11-08,92.01873997
2026-10-08,2021-11-09,93.27034055
2026-10-08,2021-11-10,93.05686843
2026-10-08,2021-11-11,94.34052607
2026-10-08,2021-11-12,93.35428954
2026-10-08,2021-11-13,93.30599371
2026-10-08,2021-11-14,93.25772288
2026-10-08,2021-11-15,93.34998268
2026-10-08,2021-11-16,92.68501573
2026-10-08,2021-11-17,92.42835
2026-10-08,2021-11-18,91.42028334
2026-10-08,2021-11-19,91.07191003
2026-10-08,2021-11-20,91.02479497
2026-10-08,2021-11-21,90.97770429
2026-10-08,2021-11-22,90.93063796
2026-10-08,2021-11-23,90.12728959
2026-10-08,2021-11-24,90.92271786
2026-10-08,2021-11-25,91.44300403
2026-10-08,2021-11-26,91.2569839
2026-10-08,2021-11-27,91.2097731
2026-10-08,2021-11-28,91.16258672
2026-10-08,2021-11-29,90.77178732
2026-10-08,2021-11-30,90.29039932
2026-10-08,2021-12-01,90.00129017
2026-10-08,2021-12-02,90.17281044
2026-10-08,2021-12-03,89.81461695
2026-10-08,2021-12-04,89.72656153
2026-10-08,2021-12-05,89.63859244
2026-10-08,2021-12-06,89.15452448
2026-10-08,2021-12-07,90.17713616
2026-10-08,2021-12-08,90.08872532
2026-10-08,2021-12-09,90.79385064
2026-10-08,2021-12-10,90.33868765
2026-10-08,2021-12-11,90.25011843
2026-10-08,2021-12-12,90.16163604
2026-10-08,2021-12-13,89.32117937
2026-10-08,2021-12-14,88.91621654
2026-10-08,2021-12-15,88.46137774
2026-10-08,2021-12-16,89.12219285
2026-10-08,2021-12-17,89.07174811
2026-10-08,2021-12-18,88.98442101
2026-10-08,2021-12-19,88.89717953
2026-10-08,2021-12-20,88.15473199
2026-10-08,2021-12-21,87.77687529
2026-10-08,2021-12-22,88.83550437
2026-10-08,2021-12-23,88.86606476
2026-10-08,2021-12-24,88.77893931
2026-10-08,2021-12-25,88.69189929
2026-10-08,2021-12-26,88.60494459
2026-10-08,2021-12-27,89.25436147
2026-10-08,2021-12-28,89.09739381
2026-10-08,2021-12-29,88.31626405
2026-10-08,2021-12-30,90.41485677
2026-10-08,2021-12-31,90.14949983
2026-10-08,2022-01-01,90.05463437
2026-10-08,2022-01-02,89.95986873
2026-10-08,2022-01-03,88.6745625
2026-10-08,2022-01-04,88.33723752
2026-10-08,2022-01-05,88.32904903
2026-10-08,2022-01-06,88.04570858
2026-10-08,2022-01-07,89.00570004
2026-10-08,2022-01-08,88.91203821
2026-10-08,2022-01-09,88.81847495
2026-10-08,2022-01-10,88.14013126
2026-10-08,2022-01-11,89.44363647
2026-10-08,2022-01-12,90.33440779
2026-10-08,2022-01-13,90.60051933
2026-10-08,2022-01-14,90.22814136
2026-10-08,2022-01-15,90.13319314
2026-10-08,2022-01-16,90.03834484
2026-10-08,2022-01-17,90.68889248
2026-10-08,2022-01-18,89.64784899
2026-10-08,2022-01-19,91.39733956
2026-10-08,2022-01-20,92.50475466
2026-10-08,2022-01-21,91.69011232
2026-10-08,2022-01-22,91.59362566
2026-10-08,2022-01-23,91.49724052
2026-10-08,2022-01-24,90.45388268
2026-10-08,2022-01-25,91.17622085
2026-10-08,2022-01-26,91.90501709
2026-10-08,2022-01-27,91.92735306
2026-10-08,2022-01-28,92.1812818
2026-10-08,2022-01-29,92.08427827
2026-10-08,2022-01-30,91.98737681
2026-10-08,2022-01-31,93.7074371
2026-10-08,2022-02-01,94.01884553
2026-10-08,2022-02-02,93.79791954
2026-10-08,2022-02-03,93.74937678
2026-10-08,2022-02-04,93.16427084
2026-10-08,2022-02-05,93.04514614
2026-10-08,2022-02-06,92.92617376
2026-10-08,2022-02-07,94.01569231
2026-10-08,2022-02-08,94.03591927
2026-10-08,2022-02-09,94.83231076
2026-10-08,2022-02-10,94.76940335
2026-10-08,2022-02-11,95.40478595
2026-10-08,2022-02-12,95.28279642
2026-10-08,2022-02-13,95.16096286
2026-10-08,2022-02-14,95.04424984
2026-10-08,2022-02-15,95.299351
2026-10-08,2022-02-16,96.0013563
2026-10-08,2022-02-17,95.63630483
2026-10-08,2022-02-18,96.17484068
2026-10-08,2022-02-19,96.05186651
2026-10-08,2022-02-20,95.92904958
2026-10-08,2022-02-21,96.77088284
2026-10-08,2022-02-22,97.55018457
2026-10-08,2022-02-23,98.38288921
2026-10-08,2022-02-24,95.74511946
2026-10-08,2022-02-25,95.22552842
2026-10-08,2022-02-26,95.10376809
2026-10-08,2022-02-27,94.98216345
2026-10-08,2022-02-28,94.8607143
2026-10-08,2022-03-01,94.71073837
2026-10-08,2022-03-02,95.60822932
2026-10-08,2022-03-03,97.38197765
2026-10-08,2022-03-04,96.95645771
2026-10-08,2022-03-05,96.80316838
2026-10-08,2022-03-06,96.65012141
2026-10-08,2022-03-07,96.18849296
2026-10-08,2022-03-08,96.80249234
2026-10-08,2022-03-09,97.85162669
2026-10-08,2022-03-10,96.78092456
2026-10-08,2022-03-11,96.76011399
2026-10-08,2022-03-12,96.60713508
2026-10-08,2022-03-13,96.45439804
2026-10-08,2022-03-14,95.27172512
2026-10-08,2022-03-15,94.44336856
2026-10-08,2022-03-16,95.01970125
2026-10-08,2022-03-17,96.53426953
2026-10-08,2022-03-18,97.27616483
2026-10-08,2022-03-19,97.12237004
2026-10-08,2022-03-20,96.9688184
2026-10-08,2022-03-21,97.91463436
2026-10-08,2022-03-22,98.58202597
2026-10-08,2022-03-23,99.92483672
2026-10-08,2022-03-24,99.76685435
2026-10-08,2022-03-25,101.5916646
2026-10-08,2022-03-26,101.4310469
2026-10-08,2022-03-27,101.2706832
2026-10-08,2022-03-28,100.907153
2026-10-08,2022-03-29,101.4126725
2026-10-08,2022-03-30,100.9498527
2026-10-08,2022-03-31,101.8103156
2026-10-08,2022-04-01,102.7425188
2026-10-08,2022-04-02,102.5776781
2026-10-08,2022-04-03,102.4131019
2026-10-08,2022-04-04,104.3432045
2026-10-08,2022-04-05,103.4483408
2026-10-08,2022-04-06,102.4979464
2026-10-08,2022-04-07,101.5194344
2026-10-08,2022-04-08,101.814137
2026-10-08,2022-04-09,101.6507858
2026-10-08,2022-04-10,101.4876967
2026-10-08,2022-04-11,102.2166554
2026-10-08,2022-04-12,102.6675643
2026-10-08,2022-04-13,102.6762063
2026-10-08,2022-04-14,102.511472
2026-10-08,2022-04-15,102.347002
2026-10-08,2022-04-16,102.1827959
2026-10-08,2022-04-17,102.0188533
2026-10-08,2022-04-18,102.9402618
2026-10-08,2022-04-19,102.8357811
2026-10-08,2022-04-20,103.9629328
2026-10-08,2022-04-21,103.7571602
2026-10-08,2022-04-22,99.97366323
2026-10-08,2022-04-23,99.81326492
2026-10-08,2022-04-24,99.65312396
2026-10-08,2022-04-25,98.06504029
2026-10-08,2022-04-26,96.38527377
2026-10-08,2022-04-27,96.99107205
2026-10-08,2022-04-28,96.23995264
2026-10-08,2022-04-29,97.16478205
2026-10-08,2022-04-30,97.00889033
2026-10-08,2022-05-01,96.86948758
2026-10-08,2022-05-02,94.32266831
2026-10-08,2022-05-03,96.32687869
2026-10-08,2022-05-04,95.72844257
2026-10-08,2022-05-05,94.62212725
2026-10-08,2022-05-06,94.04689047
2026-10-08,2022-05-07,93.91174414
2026-10-08,2022-05-08,93.77679202
2026-10-08,2022-05-09,92.97927541
2026-10-08,2022-05-10,93.23208126
2026-10-08,2022-05-11,93.07760945
2026-10-08,2022-05-12,93.09877499
2026-10-08,2022-05-13,94.38865083
2026-10-08,2022-05-14,94.25301339
2026-10-08,2022-05-15,94.11757086
2026-10-08,2022-05-16,94.27801055
2026-10-08,2022-05-17,96.46577195
2026-10-08,2022-05-18,96.32714966
2026-10-08,2022-05-19,97.63192706
2026-10-08,2022-05-20,97.95174622
2026-10-08,2022-05-21,97.81098857
2026-10-08,2022-05-22,97.6704332
2026-10-08,2022-05-23,99.14878707
2026-10-08,2022-05-24,99.23656329
2026-10-08,2022-05-25,99.09395935
2026-10-08,2022-05-26,99.67591876
2026-10-08,2022-05-27,100.6769492
2026-10-08,2022-05-28,100.5322754
2026-10-08,2022-05-29,100.3878095
2026-10-08,2022-05-30,100.4552045
2026-10-08,2022-05-31,100.2560645
2026-10-08,2022-06-01,99.1024739
2026-10-08,2022-06-02,99.1932358
2026-10-08,2022-06-03,99.35203141
2026-10-08,2022-06-04,99.20338088
2026-10-08,2022-06-05,99.05495275
2026-10-08,2022-06-06,99.40231192
2026-10-08,2022-06-07,97.7443137
2026-10-08,2022-06-08,97.3407102
2026-10-08,2022-06-09,97.43683086
2026-10-08,2022-06-10,95.36522779
2026-10-08,2022-06-11,95.22254231
2026-10-08,2022-06-12,95.08007031
2026-10-08,2022-06-13,93.40366259
2026-10-08,2022-06-14,92.58669169
2026-10-08,2022-06-15,93.55765756
2026-10-08,2022-06-16,94.03859087
2026-10-08,2022-06-17,93.8978903
2026-10-08,2022-06-18,93.75740025
2026-10-08,2022-06-19,93.6171204
2026-10-08,2022-06-20,93.47705044
2026-10-08,2022-06-21,92.36328386
2026-10-08,2022-06-22,92.25345418
2026-10-08,2022-06-23,90.92352154
2026-10-08,2022-06-24,90.74055569
2026-10-08,2022-06-25,90.60478965
2026-10-08,2022-06-26,90.46922674
2026-10-08,2022-06-27,90.8422256
2026-10-08,2022-06-28,90.32645698
2026-10-08,2022-06-29,91.11547088
2026-10-08,2022-06-30,91.30326773
2026-10-08,2022-07-01,89.55096066
2026-10-08,2022-07-02,89.32514138
2026-10-08,2022-07-03,89.09989154
2026-10-08,2022-07-04,88.91534198
2026-10-08,2022-07-05,87.4304033
2026-10-08,2022-07-06,86.78832369
2026-10-08,2022-07-07,88.19529757
2026-10-08,2022-07-08,88.86010705
2026-10-08,2022-07-09,88.63602988
2026-10-08,2022-07-10,88.41251776
2026-10-08,2022-07-11,87.63909705
2026-10-08,2022-07-12,86.53234301
2026-10-08,2022-07-13,86.99627725
2026-10-08,2022-07-14,86.18865258
2026-10-08,2022-07-15,86.62251463
2026-10-08,2022-07-16,86.40407996
2026-10-08,2022-07-17,86.18619612
2026-10-08,2022-07-18,86.30580035
2026-10-08,2022-07-19,86.56193878
2026-10-08,2022-07-20,85.32883418
2026-10-08,2022-07-21,84.53935914
2026-10-08,2022-07-22,84.71180514
2026-10-08,2022-07-23,84.49818868
2026-10-08,2022-07-24,84.28511089
2026-10-08,2022-07-25,85.97903475
2026-10-08,2022-07-26,86.61595979
2026-10-08,2022-07-27,87.45148528
2026-10-08,2022-07-28,89.02285859
2026-10-08,2022-07-29,88.99924289
2026-10-08,2022-07-30,88.77481486
2026-10-08,2022-07-31,88.55095277
2026-10-08,2022-08-01,88.76739752
2026-10-08,2022-08-02,87.50870151
2026-10-08,2022-08-03,87.60516581
2026-10-08,2022-08-04,88.32424231
2026-10-08,2022-08-05,88.6829964
2026-10-08,2022-08-06,88.48015213
2026-10-08,2022-08-07,88.27777182
2026-10-08,2022-08-08,89.875617
2026-10-08,2022-08-09,89.46075089
2026-10-08,2022-08-10,90.56957037
2026-10-08,2022-08-11,89.04524969
2026-10-08,2022-08-12,90.46531868
2026-10-08,2022-08-13,90.25839771
2026-10-08,2022-08-14,90.05195003
2026-10-08,2022-08-15,89.84597455
2026-10-08,2022-08-16,89.10534331
2026-10-08,2022-08-17,88.21595862
2026-10-08,2022-08-18,87.91778521
2026-10-08,2022-08-19,88.28381794
2026-10-08,2022-08-20,88.08188671
2026-10-08,2022-08-21,87.88041735
2026-10-08,2022-08-22,88.14390329
2026-10-08,2022-08-23,89.24444697
2026-10-08,2022-08-24,88.90537999
2026-10-08,2022-08-25,88.88630406
2026-10-08,2022-08-26,89.29219147
2026-10-08,2022-08-27,89.08795379
2026-10-08,2022-08-28,88.88418326
2026-10-08,2022-08-29,90.39972823
2026-10-08,2022-08-30,88.6574614
2026-10-08,2022-08-31,87.1972614
2026-10-08,2022-09-01,86.20197302
2026-10-08,2022-09-02,86.0219022
2026-10-08,2022-09-03,85.84220755
2026-10-08,2022-09-04,85.66288826
2026-10-08,2022-09-05,87.802413
2026-10-08,2022-09-06,86.36254763
2026-10-08,2022-09-07,86.21585869
2026-10-08,2022-09-08,86.70368434
2026-10-08,2022-09-09,87.74531243
2026-10-08,2022-09-10,87.56201767
2026-10-08,2022-09-11,87.3791058
2026-10-08,2022-09-12,88.80158445
2026-10-08,2022-09-13,87.44113986
2026-10-08,2022-09-14,87.45728059
2026-10-08,2022-09-15,86.38539427
2026-10-08,2022-09-16,85.75626146
2026-10-08,2022-09-17,85.57712171
2026-10-08,2022-09-18,85.39835618
2026-10-08,2022-09-19,87.56349912
2026-10-08,2022-09-20,87.69666101
2026-10-08,2022-09-21,87.22363548
2026-10-08,2022-09-22,88.11927493
2026-10-08,2022-09-23,86.2778422
2026-10-08,2022-09-24,86.0976129
2026-10-08,2022-09-25,85.91776009
2026-10-08,2022-09-26,83.61683244
2026-10-08,2022-09-27,84.28641051
2026-10-08,2022-09-28,84.76201752
2026-10-08,2022-09-29,83.71361278
2026-10-08,2022-09-30,84.21931268
2026-10-08,2022-10-01,84.06824208
2026-10-08,2022-10-02,83.91744246
2026-10-08,2022-10-03,87.36801593
2026-10-08,2022-10-04,87.22239036
2026-10-08,2022-10-05,86.87716606
2026-10-08,2022-10-06,87.01974989
2026-10-08,2022-10-07,86.86365593
2026-10-08,2022-10-08,86.70784197
2026-10-08,2022-10-09,86.55230751
2026-10-08,2022-10-10,86.39705203
2026-10-08,2022-10-11,86.85769972
2026-10-08,2022-10-12,85.40734221
2026-10-08,2022-10-13,86.51167481
2026-10-08,2022-10-14,85.1807082
2026-10-08,2022-10-15,85.02791307
2026-10-08,2022-10-16,84.87539202
2026-10-08,2022-10-17,85.66578371
2026-10-08,2022-10-18,86.05095863
2026-10-08,2022-10-19,85.89518382
2026-10-08,2022-10-20,87.17526047
2026-10-08,2022-10-21,87.61517989
2026-10-08,2022-10-22,87.45801786
2026-10-08,2022-10-23,87.30113775
2026-10-08,2022-10-24,86.06457473
2026-10-08,2022-10-25,85.6203505
2026-10-08,2022-10-26,85.05741011
2026-10-08,2022-10-27,85.81883177
2026-10-08,2022-10-28,88.43500765
2026-10-08,2022-10-29,88.27637503
2026-10-08,2022-10-30,88.11802697
2026-10-08,2022-10-31,87.95996295
2026-10-08,2022-11-01,89.22391794
2026-10-08,2022-11-02,88.50278794
2026-10-08,2022-11-03,89.06855144
2026-10-08,2022-11-04,90.56051611
2026-10-08,2022-11-05,90.42809275
2026-10-08,2022-11-06,90.29586302
2026-10-08,2022-11-07,89.32510582
2026-10-08,2022-11-08,88.72094605
2026-10-08,2022-11-09,88.86656122
2026-10-08,2022-11-10,85.78427486
2026-10-08,2022-11-11,85.5185545
2026-10-08,2022-11-12,85.39350381
2026-10-08,2022-11-13,85.26863598
2026-10-08,2022-11-14,86.4923691
2026-10-08,2022-11-15,86.31502874
2026-10-08,2022-11-16,85.84460297
2026-10-08,2022-11-17,84.3804768
2026-10-08,2022-11-18,86.24297579
2026-10-08,2022-11-19,86.11686581
2026-10-08,2022-11-20,85.99094023
2026-10-08,2022-11-21,85.86519879
2026-10-08,2022-11-22,86.16103411
2026-10-08,2022-11-23,85.78502631
2026-10-08,2022-11-24,86.87459397
2026-10-08,2022-11-25,85.92509329
2026-10-08,2022-11-26,85.79944814
2026-10-08,2022-11-27,85.67398671
2026-10-08,2022-11-28,86.54296895
2026-10-08,2022-11-29,87.64721856
2026-10-08,2022-11-30,88.36639645
2026-10-08,2022-12-01,89.44287885
2026-10-08,2022-12-02,89.33064586
2026-10-08,2022-12-03,89.20453193
2026-10-08,2022-12-04,89.07859603
2026-10-08,2022-12-05,88.67191259
2026-10-08,2022-12-06,88.8308796
2026-10-08,2022-12-07,89.7775629
2026-10-08,2022-12-08,89.65081802
2026-10-08,2022-12-09,89.52425207
2026-10-08,2022-12-10,89.39786481
2026-10-08,2022-12-11,89.27165597
2026-10-08,2022-12-12,87.91558246
2026-10-08,2022-12-13,88.84794645
2026-10-08,2022-12-14,88.03192823
2026-10-08,2022-12-15,88.3202959
2026-10-08,2022-12-16,88.76218456
2026-10-08,2022-12-17,88.63687315
2026-10-08,2022-12-18,88.51173866
2026-10-08,2022-12-19,88.24287861
2026-10-08,2022-12-20,90.10124206
2026-10-08,2022-12-21,90.71015869
2026-10-08,2022-12-22,90.69978055
2026-10-08,2022-12-23,91.17422854
2026-10-08,2022-12-24,91.0455119
2026-10-08,2022-12-25,90.91697697
2026-10-08,2022-12-26,90.36063758
2026-10-08,2022-12-27,88.98091897
2026-10-08,2022-12-28,90.0429013
2026-10-08,2022-12-29,89.20231387
2026-10-08,2022-12-30,89.24083588
2026-10-08,2022-12-31,89.11484873
2026-10-08,2023-01-01,88.96191461
2026-10-08,2023-01-02,88.06600256
2026-10-08,2023-01-03,86.73855445
2026-10-08,2023-01-04,86.53965613
2026-10-08,2023-01-05,87.8413028
2026-10-08,2023-01-06,89.83653454
2026-10-08,2023-01-07,89.6823619
2026-10-08,2023-01-08,89.52845385
2026-10-08,2023-01-09,89.75774097
2026-10-08,2023-01-10,90.30670444
2026-10-08,2023-01-11,91.19629416
2026-10-08,2023-01-12,92.60081421
2026-10-08,2023-01-13,92.56968147
2026-10-08,2023-01-14,92.41081835
2026-10-08,2023-01-15,92.25222786
2026-10-08,2023-01-16,91.95239167
2026-10-08,2023-01-17,92.3605298
2026-10-08,2023-01-18,91.3291479
2026-10-08,2023-01-19,90.45782449
2026-10-08,2023-01-20,90.89773853
2026-10-08,2023-01-21,90.74174471
2026-10-08,2023-01-22,90.58601859
2026-10-08,2023-01-23,90.84202128
2026-10-08,2023-01-24,91.5103335
2026-10-08,2023-01-25,92.6823094
2026-10-08,2023-01-26,92.76312294
2026-10-08,2023-01-27,92.32899707
2026-10-08,2023-01-28,92.170547
2026-10-08,2023-01-29,92.01236886
2026-10-08,2023-01-30,91.88167353
2026-10-08,2023-01-31,92.62129221
2026-10-08,2023-02-01,92.40956007
2026-10-08,2023-02-02,94.07168209
2026-10-08,2023-02-03,91.94629558
2026-10-08,2023-02-04,91.7632143
2026-10-08,2023-02-05,91.58049757
2026-10-08,2023-02-06,90.51149802
2026-10-08,2023-02-07,91.32724608
2026-10-08,2023-02-08,90.30291782
2026-10-08,2023-02-09,89.89591184
2026-10-08,2023-02-10,89.8138487
2026-10-08,2023-02-11,89.6350135
2026-10-08,2023-02-12,89.4565344
2026-10-08,2023-02-13,90.86830817
2026-10-08,2023-02-14,90.22138254
2026-10-08,2023-02-15,90.03308879
2026-10-08,2023-02-16,90.06571987
2026-10-08,2023-02-17,91.14729188
2026-10-08,2023-02-18,90.96580156
2026-10-08,2023-02-19,90.78467262
2026-10-08,2023-02-20,90.60390434
2026-10-08,2023-02-21,90.423496
2026-10-08,2023-02-22,90.7581064
2026-10-08,2023-02-23,91.63573002
2026-10-08,2023-02-24,90.43541895
2026-10-08,2023-02-25,90.25534609
2026-10-08,2023-02-26,90.0756318
2026-10-08,2023-02-27,90.45366857
2026-10-08,2023-02-28,90.0156277
2026-10-08,2023-03-01,90.47039023
2026-10-08,2023-03-02,90.29433407
2026-10-08,2023-03-03,90.30033642
2026-10-08,2023-03-04,90.10574751
2026-10-08,2023-03-05,89.91157792
2026-10-08,2023-03-06,90.78213317
2026-10-08,2023-03-07,90.41560294
2026-10-08,2023-03-08,91.19375447
2026-10-08,2023-03-09,91.00848099
2026-10-08,2023-03-10,90.17780068
2026-10-08,2023-03-11,89.98347582
2026-10-08,2023-03-12,89.78956972
2026-10-08,2023-03-13,89.23795687
2026-10-08,2023-03-14,89.05508402
2026-10-08,2023-03-15,88.1001439
2026-10-08,2023-03-16,88.70364321
2026-10-08,2023-03-17,88.72904888
2026-10-08,2023-03-18,88.53784595
2026-10-08,2023-03-19,88.34705504
2026-10-08,2023-03-20,89.06658668
2026-10-08,2023-03-21,89.07228949
2026-10-08,2023-03-22,88.80107111
2026-10-08,2023-03-23,88.46769796
2026-10-08,2023-03-24,88.27705822
2026-10-08,2023-03-25,88.08682929
2026-10-08,2023-03-26,87.89701028
2026-10-08,2023-03-27,89.30004153
2026-10-08,2023-03-28,90.28688886
2026-10-08,2023-03-29,90.77133509
2026-10-08,2023-03-30,91.19868412
2026-10-08,2023-03-31,91.91909215
2026-10-08,2023-04-01,91.69080062
2026-10-08,2023-04-02,91.46307607
2026-10-08,2023-04-03,91.84587992
2026-10-08,2023-04-04,91.54173328
2026-10-08,2023-04-05,91.98810732
2026-10-08,2023-04-06,91.75964438
2026-10-08,2023-04-07,91.53174885
2026-10-08,2023-04-08,91.30441933
2026-10-08,2023-04-09,91.07765441
2026-10-08,2023-04-10,91.5531021
2026-10-08,2023-04-11,92.68143554
2026-10-08,2023-04-12,93.99805784
2026-10-08,2023-04-13,94.43189864
2026-10-08,2023-04-14,94.02153527
2026-10-08,2023-04-15,93.78802208
2026-10-08,2023-04-16,93.55508885
2026-10-08,2023-04-17,93.79811638
2026-10-08,2023-04-18,92.98893641
2026-10-08,2023-04-19,91.41591079
2026-10-08,2023-04-20,91.73445105
2026-10-08,2023-04-21,91.58253854
2026-10-08,2023-04-22,91.35508288
2026-10-08,2023-04-23,91.12819213
2026-10-08,2023-04-24,91.70782939
2026-10-08,2023-04-25,91.27655295
2026-10-08,2023-04-26,91.69646124
2026-10-08,2023-04-27,92.80559202
2026-10-08,2023-04-28,92.90149978
2026-10-08,2023-04-29,92.67076832
2026-10-08,2023-04-30,92.44060992
2026-10-08,2023-05-01,92.22449801
2026-10-08,2023-05-02,91.61377857
2026-10-08,2023-05-03,92.68387144
2026-10-08,2023-05-04,92.65950128
2026-10-08,2023-05-05,93.81396345
2026-10-08,2023-05-06,93.59464086
2026-10-08,2023-05-07,93.375831
2026-10-08,2023-05-08,92.60953666
2026-10-08,2023-05-09,92.81374141
2026-10-08,2023-05-10,93.1292179
2026-10-08,2023-05-11,93.4236606
2026-10-08,2023-05-12,93.64651682
2026-10-08,2023-05-13,93.42758568
2026-10-08,2023-05-14,93.20916638
2026-10-08,2023-05-15,93.84181316
2026-10-08,2023-05-16,93.36095542
2026-10-08,2023-05-17,93.54444298
2026-10-08,2023-05-18,92.63437731
2026-10-08,2023-05-19,92.25726065
2026-10-08,2023-05-20,92.04157739
2026-10-08,2023-05-21,91.82639836
2026-10-08,2023-05-22,92.94306898
2026-10-08,2023-05-23,92.85079111
2026-10-08,2023-05-24,93.21774309
2026-10-08,2023-05-25,92.99981437
2026-10-08,2023-05-26,92.78239513
2026-10-08,2023-05-27,92.56548418
2026-10-08,2023-05-28,92.34908034
2026-10-08,2023-05-29,91.95069391
2026-10-08,2023-05-30,91.23480445
2026-10-08,2023-05-31,90.85370916
2026-10-08,2023-06-01,91.91499016
2026-10-08,2023-06-02,93.00376592
2026-10-08,2023-06-03,92.8222606
2026-10-08,2023-06-04,92.64110951
2026-10-08,2023-06-05,94.04071332
2026-10-08,2023-06-06,94.28557445
2026-10-08,2023-06-07,94.05072974
2026-10-08,2023-06-08,94.03445654
2026-10-08,2023-06-09,95.02084929
2026-10-08,2023-06-10,94.83540744
2026-10-08,2023-06-11,94.65032751
2026-10-08,2023-06-12,95.26308457
2026-10-08,2023-06-13,95.37875325
2026-10-08,2023-06-14,95.87259624
2026-10-08,2023-06-15,96.70276902
2026-10-08,2023-06-16,96.47928837
2026-10-08,2023-06-17,96.29100025
2026-10-08,2023-06-18,96.10307959
2026-10-08,2023-06-19,95.91552568
2026-10-08,2023-06-20,95.72833779
2026-10-08,2023-06-21,97.58147936
2026-10-08,2023-06-22,97.55217462
2026-10-08,2023-06-23,97.53231086
2026-10-08,2023-06-24,97.34196768
2026-10-08,2023-06-25,97.15199596
2026-10-08,2023-06-26,97.58581785
2026-10-08,2023-06-27,97.10086597
2026-10-08,2023-06-28,96.19920239
2026-10-08,2023-06-29,95.84026326
2026-10-08,2023-06-30,97.18713828
2026-10-08,2023-07-01,96.99822121
2026-10-08,2023-07-02,96.80967136
2026-10-08,2023-07-03,96.92963275
2026-10-08,2023-07-04,96.50533521
2026-10-08,2023-07-05,96.37345084
2026-10-08,2023-07-06,94.94275572
2026-10-08,2023-07-07,96.21812496
2026-10-08,2023-07-08,96.0310915
2026-10-08,2023-07-09,95.8444216
2026-10-08,2023-07-10,95.82909494
2026-10-08,2023-07-11,96.11663958
2026-10-08,2023-07-12,97.27319541
2026-10-08,2023-07-13,97.63860204
2026-10-08,2023-07-14,97.52165967
2026-10-08,2023-07-15,97.33209234
2026-10-08,2023-07-16,97.14289349
2026-10-08,2023-07-17,97.5413758
2026-10-08,2023-07-18,97.4469002
2026-10-08,2023-07-19,97.78898412
2026-10-08,2023-07-20,97.7354709
2026-10-08,2023-07-21,98.44119368
2026-10-08,2023-07-22,98.24983891
2026-10-08,2023-07-23,98.05885611
2026-10-08,2023-07-24,99.20912702
2026-10-08,2023-07-25,98.9678199
2026-10-08,2023-07-26,99.23240878
2026-10-08,2023-07-27,99.67825679
2026-10-08,2023-07-28,99.54064263
2026-10-08,2023-07-29,99.34715069
2026-10-08,2023-07-30,99.15403488
2026-10-08,2023-07-31,99.33888148
2026-10-08,2023-08-01,98.06466352
2026-10-08,2023-08-02,97.8927819
2026-10-08,2023-08-03,96.33760016
2026-10-08,2023-08-04,96.81124153
2026-10-08,2023-08-05,96.45287351
2026-10-08,2023-08-06,96.09583208
2026-10-08,2023-08-07,96.21405514
2026-10-08,2023-08-08,96.31034495
2026-10-08,2023-08-09,96.00982724
2026-10-08,2023-08-10,96.74566532
2026-10-08,2023-08-11,96.20021036
2026-10-08,2023-08-12,95.84410421
2026-10-08,2023-08-13,95.48931627
2026-10-08,2023-08-14,114.6843735
2026-10-08,2023-08-15,113.5559948
2026-10-08,2023-08-16,113.3424102
2026-10-08,2023-08-17,112.6871737
2026-10-08,2023-08-18,112.6657039
2026-10-08,2023-08-19,112.2486471
2026-10-08,2023-08-20,111.8331341
2026-10-08,2023-08-21,111.4191593
2026-10-08,2023-08-22,111.7471075
2026-10-08,2023-08-23,112.9384515
2026-10-08,2023-08-24,112.3839225
2026-10-08,2023-08-25,111.8643546
2026-10-08,2023-08-26,111.4502642
2026-10-08,2023-08-27,111.0377067
2026-10-08,2023-08-28,109.9791981
2026-10-08,2023-08-29,110.4553039
2026-10-08,2023-08-30,110.1302184
2026-10-08,2023-08-31,107.7665822
2026-10-08,2023-09-01,107.5894412
2026-10-08,2023-09-02,107.1692184
2026-10-08,2023-09-03,106.7506368
2026-10-08,2023-09-04,106.6618896
2026-10-08,2023-09-05,105.235975
2026-10-08,2023-09-06,104.7933066
2026-10-08,2023-09-07,104.2118323
2026-10-08,2023-09-08,103.865316
2026-10-08,2023-09-09,103.4596388
2026-10-08,2023-09-10,103.0555462
2026-10-08,2023-09-11,103.462076
2026-10-08,2023-09-12,103.0579738
2026-10-08,2023-09-13,103.1298407
2026-10-08,2023-09-14,103.5424901
2026-10-08,2023-09-15,103.3118495
2026-10-08,2023-09-16,102.908334
2026-10-08,2023-09-17,102.5063946
2026-10-08,2023-09-18,102.6141626
2026-10-08,2023-09-19,101.701049
2026-10-08,2023-09-20,101.4744447
2026-10-08,2023-09-21,99.74402245
2026-10-08,2023-09-22,99.30611374
2026-10-08,2023-09-23,98.9182439
2026-10-08,2023-09-24,98.53188901
2026-10-08,2023-09-25,97.44100675
2026-10-08,2023-09-26,96.79689542
2026-10-08,2023-09-27,94.57876516
2026-10-08,2023-09-28,94.68388891
2026-10-08,2023-09-29,94.88301458
2026-10-08,2023-09-30,94.51242048
2026-10-08,2023-10-01,94.27687812
2026-10-08,2023-10-02,93.05034237
2026-10-08,2023-10-03,91.68834116
2026-10-08,2023-10-04,91.14492737
2026-10-08,2023-10-05,90.6326978
2026-10-08,2023-10-06,90.60803077
2026-10-08,2023-10-07,90.38221887
2026-10-08,2023-10-08,90.15696973
2026-10-08,2023-10-09,90.40741844
2026-10-08,2023-10-10,91.16675204
2026-10-08,2023-10-11,91.20197342
2026-10-08,2023-10-12,91.09053945
2026-10-08,2023-10-13,90.86352505
2026-10-08,2023-10-14,90.63707641
2026-10-08,2023-10-15,90.41119212
2026-10-08,2023-10-16,90.18587078
2026-10-08,2023-10-17,90.25878898
2026-10-08,2023-10-18,89.89284019
2026-10-08,2023-10-19,89.86734405
2026-10-08,2023-10-20,89.62734513
2026-10-08,2023-10-21,89.40397728
2026-10-08,2023-10-22,89.1811661
2026-10-08,2023-10-23,89.29965405
2026-10-08,2023-10-24,89.25159628
2026-10-08,2023-10-25,89.04240772
2026-10-08,2023-10-26,88.91570376
2026-10-08,2023-10-27,88.53994764
2026-10-08,2023-10-28,88.31928978
2026-10-08,2023-10-29,88.09918185
2026-10-08,2023-10-30,87.12247459
2026-10-08,2023-10-31,87.02635734
2026-10-08,2023-11-01,87.55688109
2026-10-08,2023-11-02,87.87270476
2026-10-08,2023-11-03,88.68437919
2026-10-08,2023-11-04,88.33699182
2026-10-08,2023-11-05,87.9909652
2026-10-08,2023-11-06,87.646294
2026-10-08,2023-11-07,87.62014797
2026-10-08,2023-11-08,86.63153061
2026-10-08,2023-11-09,86.24649893
2026-10-08,2023-11-10,85.97168334
2026-10-08,2023-11-11,85.63492192
2026-10-08,2023-11-12,85.29947963
2026-10-08,2023-11-13,84.84432546
2026-10-08,2023-11-14,85.35234972
2026-10-08,2023-11-15,85.78588251
2026-10-08,2023-11-16,85.54979248
2026-10-08,2023-11-17,84.91805062
2026-10-08,2023-11-18,84.58541641
2026-10-08,2023-11-19,84.25408516
2026-10-08,2023-11-20,83.92405178
2026-10-08,2023-11-21,83.86695485
2026-10-08,2023-11-22,83.53986288
2026-10-08,2023-11-23,83.51144221
2026-10-08,2023-11-24,83.34260279
2026-10-08,2023-11-25,83.01613979
2026-10-08,2023-11-26,82.69095559
2026-10-08,2023-11-27,82.60178419
2026-10-08,2023-11-28,82.97346506
2026-10-08,2023-11-29,82.46350545
2026-10-08,2023-11-30,81.62792214
2026-10-08,2023-12-01,82.01532954
2026-10-08,2023-12-02,81.43198981
2026-10-08,2023-12-03,80.85279913
2026-10-08,2023-12-04,79.45427645
2026-10-08,2023-12-05,79.18928932
2026-10-08,2023-12-06,79.19439975
2026-10-08,2023-12-07,83.20559609
2026-10-08,2023-12-08,82.61379051
2026-10-08,2023-12-09,82.02619419
2026-10-08,2023-12-10,81.44277719
2026-10-08,2023-12-11,76.23145581
2026-10-08,2023-12-12,75.46161698
2026-10-08,2023-12-13,163.4207648
2026-10-08,2023-12-14,164.9340693
2026-10-08,2023-12-15,162.4631924
2026-10-08,2023-12-16,161.3076616
2026-10-08,2023-12-17,160.1603497
2026-10-08,2023-12-18,159.5969181
2026-10-08,2023-12-19,160.844744
2026-10-08,2023-12-20,158.7938336
2026-10-08,2023-12-21,157.8399466
2026-10-08,2023-12-22,158.0108047
2026-10-08,2023-12-23,156.8869419
2026-10-08,2023-12-24,155.7710726
2026-10-08,2023-12-25,154.66314
2026-10-08,2023-12-26,154.9282206
2026-10-08,2023-12-27,153.7971632
2026-10-08,2023-12-28,151.8225138
2026-10-08,2023-12-29,150.9602812
2026-10-08,2023-12-30,149.8865657
2026-10-08,2023-12-31,148.8204871
2026-10-08,2024-01-01,147.9434302
2026-10-08,2024-01-02,145.8815955
2026-10-08,2024-01-03,144.7011322
2026-10-08,2024-01-04,144.1481589
2026-10-08,2024-01-05,144.4009817
2026-10-08,2024-01-06,143.5499707
2026-10-08,2024-01-07,142.703975
2026-10-08,2024-01-08,142.1774034
2026-10-08,2024-01-09,140.8027722
2026-10-08,2024-01-10,140.2507062
2026-10-08,2024-01-11,139.4897434
2026-10-08,2024-01-12,139.7090629
2026-10-08,2024-01-13,138.8857031
2026-10-08,2024-01-14,138.0671958
2026-10-08,2024-01-15,137.3361426
2026-10-08,2024-01-16,134.968529
2026-10-08,2024-01-17,134.1053816
2026-10-08,2024-01-18,133.1697307
2026-10-08,2024-01-19,132.9176835
2026-10-08,2024-01-20,132.134348
2026-10-08,2024-01-21,131.355629
2026-10-08,2024-01-22,129.2951449
2026-10-08,2024-01-23,129.0490637
2026-10-08,2024-01-24,129.6510199
2026-10-08,2024-01-25,128.7819156
2026-10-08,2024-01-26,128.4502498
2026-10-08,2024-01-27,127.6932426
2026-10-08,2024-01-28,126.9406968
2026-10-08,2024-01-29,125.4999347
2026-10-08,2024-01-30,124.5213657
2026-10-08,2024-01-31,124.50986
2026-10-08,2024-02-01,124.6353913
2026-10-08,2024-02-02,122.729207
2026-10-08,2024-02-03,122.2389329
2026-10-08,2024-02-04,121.7506174
2026-10-08,2024-02-05,121.0946505
2026-10-08,2024-02-06,121.4649087
2026-10-08,2024-02-07,120.8794425
2026-10-08,2024-02-08,119.7146201
2026-10-08,2024-02-09,120.3652897
2026-10-08,2024-02-10,119.884459
2026-10-08,2024-02-11,119.4055491
2026-10-08,2024-02-12,118.9285523
2026-10-08,2024-02-13,118.4534609
2026-10-08,2024-02-14,117.9398602
2026-10-08,2024-02-15,117.472909
2026-10-08,2024-02-16,117.1585059
2026-10-08,2024-02-17,116.6904855
2026-10-08,2024-02-18,116.2243347
2026-10-08,2024-02-19,116.2880891
2026-10-08,2024-02-20,116.6335668
2026-10-08,2024-02-21,116.0175723
2026-10-08,2024-02-22,115.4199604
2026-10-08,2024-02-23,114.2237143
2026-10-08,2024-02-24,113.7674176
2026-10-08,2024-02-25,113.3129438
2026-10-08,2024-02-26,112.9733411
2026-10-08,2024-02-27,113.680871
2026-10-08,2024-02-28,112.7868636
2026-10-08,2024-02-29,112.1408746
2026-10-08,2024-03-01,112.3309876
2026-10-08,2024-03-02,111.958923
2026-10-08,2024-03-03,111.5880909
2026-10-08,2024-03-04,111.5178736
2026-10-08,2024-03-05,111.098247
2026-10-08,2024-03-06,111.0962892
2026-10-08,2024-03-07,110.8386634
2026-10-08,2024-03-08,109.5607112
2026-10-08,2024-03-09,109.1978224
2026-10-08,2024-03-10,108.8361356
2026-10-08,2024-03-11,108.8798305
2026-10-08,2024-03-12,108.4479745
2026-10-08,2024-03-13,108.3794109
2026-10-08,2024-03-14,107.7740192
2026-10-08,2024-03-15,107.2414851
2026-10-08,2024-03-16,106.8862781
2026-10-08,2024-03-17,106.5322476
2026-10-08,2024-03-18,105.8781797
2026-10-08,2024-03-19,105.7894608
2026-10-08,2024-03-20,105.9016635
2026-10-08,2024-03-21,106.0357634
2026-10-08,2024-03-22,105.2723983
2026-10-08,2024-03-23,104.9237133
2026-10-08,2024-03-24,104.5761833
2026-10-08,2024-03-25,104.8344579
2026-10-08,2024-03-26,104.4621992
2026-10-08,2024-03-27,104.3844599
2026-10-08,2024-03-28,104.038716
2026-10-08,2024-03-29,103.6941173
2026-10-08,2024-03-30,103.3506599
2026-10-08,2024-03-31,103.0083402
2026-10-08,2024-04-01,102.7311335
2026-10-08,2024-04-02,102.4546729
2026-10-08,2024-04-03,101.2022885
2026-10-08,2024-04-04,101.3100134
2026-10-08,2024-04-05,100.3263398
2026-10-08,2024-04-06,100.0563507
2026-10-08,2024-04-07,99.78708819
2026-10-08,2024-04-08,100.4347797
2026-10-08,2024-04-09,100.6626949
2026-10-08,2024-04-10,99.12581161
2026-10-08,2024-04-11,98.82273648
2026-10-08,2024-04-12,97.71281099
2026-10-08,2024-04-13,97.44985517
2026-10-08,2024-04-14,97.187607
2026-10-08,2024-04-15,96.00652804
2026-10-08,2024-04-16,94.44528445
2026-10-08,2024-04-17,94.88735756
2026-10-08,2024-04-18,94.05699066
2026-10-08,2024-04-19,95.27756817
2026-10-08,2024-04-20,95.02116586
2026-10-08,2024-04-21,94.76545356
2026-10-08,2024-04-22,94.88626316
2026-10-08,2024-04-23,95.65746151
2026-10-08,2024-04-24,94.95789522
2026-10-08,2024-04-25,94.61422472
2026-10-08,2024-04-26,95.28191417
2026-10-08,2024-04-27,95.02550016
2026-10-08,2024-04-28,94.7697762
2026-10-08,2024-04-29,94.75085051
2026-10-08,2024-04-30,93.08640343
2026-10-08,2024-05-01,92.97739103
2026-10-08,2024-05-02,94.58032485
2026-10-08,2024-05-03,95.1441093
2026-10-08,2024-05-04,95.03268714
2026-10-08,2024-05-05,94.92139547
2026-10-08,2024-05-06,95.13158702
2026-10-08,2024-05-07,94.88298531
2026-10-08,2024-05-08,94.45679017
2026-10-08,2024-05-09,93.24128579
2026-10-08,2024-05-10,93.28978117
2026-10-08,2024-05-11,93.1805306
2026-10-08,2024-05-12,93.07140797
2026-10-08,2024-05-13,93.11138725
2026-10-08,2024-05-14,93.45211937
2026-10-08,2024-05-15,93.37540878
2026-10-08,2024-05-16,93.33689668
2026-10-08,2024-05-17,93.76049161
2026-10-08,2024-05-18,93.65068979
2026-10-08,2024-05-19,93.54101656
2026-10-08,2024-05-20,93.6019442
2026-10-08,2024-05-21,93.47542945
2026-10-08,2024-05-22,92.69703951
2026-10-08,2024-05-23,92.55970892
2026-10-08,2024-05-24,92.58222558
2026-10-08,2024-05-25,92.47380361
2026-10-08,2024-05-26,92.36550862
2026-10-08,2024-05-27,92.21565876
2026-10-08,2024-05-28,92.28426077
2026-10-08,2024-05-29,91.40615003
2026-10-08,2024-05-30,91.39231957
2026-10-08,2024-05-31,90.75491987
2026-10-08,2024-06-01,90.62597077
2026-10-08,2024-06-02,90.4972049
2026-10-08,2024-06-03,90.93270113
2026-10-08,2024-06-04,89.74446604
2026-10-08,2024-06-05,89.50752902
2026-10-08,2024-06-06,90.19046218
2026-10-08,2024-06-07,89.38571063
2026-10-08,2024-06-08,89.25870697
2026-10-08,2024-06-09,89.13188377
2026-10-08,2024-06-10,88.14138211
2026-10-08,2024-06-11,87.95873015
2026-10-08,2024-06-12,87.56473774
2026-10-08,2024-06-13,87.62076776
2026-10-08,2024-06-14,87.46426438
2026-10-08,2024-06-15,87.33999081
2026-10-08,2024-06-16,87.21589382
2026-10-08,2024-06-17,87.09197315
2026-10-08,2024-06-18,86.60408706
2026-10-08,2024-06-19,85.76456449
2026-10-08,2024-06-20,85.64270594
2026-10-08,2024-06-21,85.52102054
2026-10-08,2024-06-22,85.39950803
2026-10-08,2024-06-23,85.27816817
2026-10-08,2024-06-24,86.57793885
2026-10-08,2024-06-25,85.60037915
2026-10-08,2024-06-26,84.64267207
2026-10-08,2024-06-27,84.52739503
2026-10-08,2024-06-28,83.52520112
2026-10-08,2024-06-29,83.40652437
2026-10-08,2024-06-30,83.28801624
2026-10-08,2024-07-01,82.92075727
2026-10-08,2024-07-02,81.57561909
2026-10-08,2024-07-03,83.50400169
2026-10-08,2024-07-04,84.64674434
2026-10-08,2024-07-05,85.0563872
2026-10-08,2024-07-06,84.95842308
2026-10-08,2024-07-07,84.86057178
2026-10-08,2024-07-08,84.7671169
2026-10-08,2024-07-09,84.66948594
2026-10-08,2024-07-10,85.46125677
2026-10-08,2024-07-11,85.01682546
2026-10-08,2024-07-12,85.28620401
2026-10-08,2024-07-13,85.18797519
2026-10-08,2024-07-14,85.08985951
2026-10-08,2024-07-15,84.71184442
2026-10-08,2024-07-16,84.99207731
2026-10-08,2024-07-17,84.25304776
2026-10-08,2024-07-18,82.87614648
2026-10-08,2024-07-19,82.81981448
2026-10-08,2024-07-20,82.72442634
2026-10-08,2024-07-21,82.62914806
2026-10-08,2024-07-22,82.83844464
2026-10-08,2024-07-23,82.1471276
2026-10-08,2024-07-24,81.4785656
2026-10-08,2024-07-25,81.67303861
2026-10-08,2024-07-26,81.22612594
2026-10-08,2024-07-27,81.13257333
2026-10-08,2024-07-28,81.03912848
2026-10-08,2024-07-29,81.49973726
2026-10-08,2024-07-30,81.54655237
2026-10-08,2024-07-31,80.88127888
2026-10-08,2024-08-01,79.98639501
2026-10-08,2024-08-02,80.12450682
2026-10-08,2024-08-03,80.01841132
2026-10-08,2024-08-04,79.9124563
2026-10-08,2024-08-05,79.70715144
2026-10-08,2024-08-06,80.83096557
2026-10-08,2024-08-07,81.23599291
2026-10-08,2024-08-08,81.5086852
2026-10-08,2024-08-09,82.75760169
2026-10-08,2024-08-10,82.64801962
2026-10-08,2024-08-11,82.53858265
2026-10-08,2024-08-12,82.49414676
2026-10-08,2024-08-13,83.1413328
2026-10-08,2024-08-14,82.93421101
2026-10-08,2024-08-15,82.72782094
2026-10-08,2024-08-16,82.96478376
2026-10-08,2024-08-17,82.85492735
2026-10-08,2024-08-18,82.74521641
2026-10-08,2024-08-19,83.99214479
2026-10-08,2024-08-20,82.39983018
2026-10-08,2024-08-21,82.21137774
2026-10-08,2024-08-22,80.79214639
2026-10-08,2024-08-23,82.30647543
2026-10-08,2024-08-24,82.19749071
2026-10-08,2024-08-25,82.0886503
2026-10-08,2024-08-26,82.29515641
2026-10-08,2024-08-27,81.88161365
2026-10-08,2024-08-28,81.09911164
2026-10-08,2024-08-29,79.95709247
2026-10-08,2024-08-30,79.6264638
2026-10-08,2024-08-31,79.52102777
2026-10-08,2024-09-01,79.4423041
2026-10-08,2024-09-02,79.90138524
2026-10-08,2024-09-03,79.44244122
2026-10-08,2024-09-04,79.55698899
2026-10-08,2024-09-05,80.22846753
2026-10-08,2024-09-06,80.35226441
2026-10-08,2024-09-07,80.27271784
2026-10-08,2024-09-08,80.19325002
2026-10-08,2024-09-09,80.21307937
2026-10-08,2024-09-10,79.06274557
2026-10-08,2024-09-11,79.1726287
2026-10-08,2024-09-12,79.37594669
2026-10-08,2024-09-13,80.58588473
2026-10-08,2024-09-14,80.50610689
2026-10-08,2024-09-15,80.42640802
2026-10-08,2024-09-16,81.09092892
2026-10-08,2024-09-17,81.26448233
2026-10-08,2024-09-18,82.02335916
2026-10-08,2024-09-19,82.17925596
2026-10-08,2024-09-20,80.99649559
2026-10-08,2024-09-21,80.91631125
2026-10-08,2024-09-22,80.83620629
2026-10-08,2024-09-23,80.48111205
2026-10-08,2024-09-24,81.52456678
2026-10-08,2024-09-25,81.47991046
2026-10-08,2024-09-26,81.83438407
2026-10-08,2024-09-27,81.97342655
2026-10-08,2024-09-28,81.89227508
2026-10-08,2024-09-29,81.81120394
2026-10-08,2024-09-30,81.53373307
2026-10-08,2024-10-01,81.32950786
2026-10-08,2024-10-02,81.59870565
2026-10-08,2024-10-03,81.06916243
2026-10-08,2024-10-04,81.3826269
2026-10-08,2024-10-05,81.32757397
2026-10-08,2024-10-06,81.27255828
2026-10-08,2024-10-07,81.12433337
2026-10-08,2024-10-08,80.33047376
2026-10-08,2024-10-09,79.4394238
2026-10-08,2024-10-10,79.75810612
2026-10-08,2024-10-11,79.70415213
2026-10-08,2024-10-12,79.65023464
2026-10-08,2024-10-13,79.59635362
2026-10-08,2024-10-14,79.68515068
2026-10-08,2024-10-15,78.58127015
2026-10-08,2024-10-16,78.6223861
2026-10-08,2024-10-17,78.32369657
2026-10-08,2024-10-18,78.22991773
2026-10-08,2024-10-19,78.17699751
2026-10-08,2024-10-20,78.1241131
2026-10-08,2024-10-21,77.91798134
2026-10-08,2024-10-22,77.85975801
2026-10-08,2024-10-23,77.83698528
2026-10-08,2024-10-24,78.02478795
2026-10-08,2024-10-25,77.88386112
2026-10-08,2024-10-26,77.831175
2026-10-08,2024-10-27,77.77852452
2026-10-08,2024-10-28,77.98514061
2026-10-08,2024-10-29,77.12921839
2026-10-08,2024-10-30,76.99178793
2026-10-08,2024-10-31,76.93774495
2026-10-08,2024-11-01,76.04541234
2026-10-08,2024-11-02,75.99452039
2026-10-08,2024-11-03,75.94366249
2026-10-08,2024-11-04,76.8958217
2026-10-08,2024-11-05,77.22260159
2026-10-08,2024-11-06,77.17092182
2026-10-08,2024-11-07,77.70092156
2026-10-08,2024-11-08,77.00177502
2026-10-08,2024-11-09,76.95024304
2026-10-08,2024-11-10,76.89874555
2026-10-08,2024-11-11,76.97636112
2026-10-08,2024-11-12,76.66439811
2026-10-08,2024-11-13,76.41923467
2026-10-08,2024-11-14,76.83616579
2026-10-08,2024-11-15,76.75215021
2026-10-08,2024-11-16,76.70078529
2026-10-08,2024-11-17,76.64945474
2026-10-08,2024-11-18,76.59815854
2026-10-08,2024-11-19,76.79040722
2026-10-08,2024-11-20,76.88366308
2026-10-08,2024-11-21,76.48469307
2026-10-08,2024-11-22,76.44478261
2026-10-08,2024-11-23,76.39362338
2026-10-08,2024-11-24,76.34249839
2026-10-08,2024-11-25,76.40959115
2026-10-08,2024-11-26,76.32917916
2026-10-08,2024-11-27,75.35869771
2026-10-08,2024-11-28,74.19087563
2026-10-08,2024-11-29,73.95658751
2026-10-08,2024-11-30,73.90709346
2026-10-08,2024-12-01,73.85586359
2026-10-08,2024-12-02,73.43797407
2026-10-08,2024-12-03,73.10307805
2026-10-08,2024-12-04,73.68791447
2026-10-08,2024-12-05,74.0555523
2026-10-08,2024-12-06,72.99662672
2026-10-08,2024-12-07,72.94602795
2026-10-08,2024-12-08,72.89546426
2026-10-08,2024-12-09,72.98261443
2026-10-08,2024-12-10,73.18572125
2026-10-08,2024-12-11,73.75114804
2026-10-08,2024-12-12,73.62875217
2026-10-08,2024-12-13,73.63229851
2026-10-08,2024-12-14,73.58125912
2026-10-08,2024-12-15,73.53025511
2026-10-08,2024-12-16,73.08797403
2026-10-08,2024-12-17,72.75523656
2026-10-08,2024-12-18,71.55993602
2026-10-08,2024-12-19,72.42844715
2026-10-08,2024-12-20,72.87074208
2026-10-08,2024-12-21,72.82023057
2026-10-08,2024-12-22,72.76975408
2026-10-08,2024-12-23,71.87214679
2026-10-08,2024-12-24,71.82232748
2026-10-08,2024-12-25,71.77254269
2026-10-08,2024-12-26,71.95765626
2026-10-08,2024-12-27,71.78584958
2026-10-08,2024-12-28,71.73609008
2026-10-08,2024-12-29,71.68636508
2026-10-08,2024-12-30,71.87206823
2026-10-08,2024-12-31,71.82224897
2026-10-08,2025-01-01,71.77529957
2026-10-08,2025-01-02,71.88995179
2026-10-08,2025-01-03,71.83507927
2026-10-08,2025-01-04,71.78812148
2026-10-08,2025-01-05,71.74119439
2026-10-08,2025-01-06,72.46147651
2026-10-08,2025-01-07,72.98804036
2026-10-08,2025-01-08,72.4496785
2026-10-08,2025-01-09,73.06312348
2026-10-08,2025-01-10,72.77488774
2026-10-08,2025-01-11,72.72731561
2026-10-08,2025-01-12,72.67977458
2026-10-08,2025-01-13,72.77453288
2026-10-08,2025-01-14,73.19932904
2026-10-08,2025-01-15,73.42166683
2026-10-08,2025-01-16,73.21375591
2026-10-08,2025-01-17,73.33660202
2026-10-08,2025-01-18,73.28866271
2026-10-08,2025-01-19,73.24075473
2026-10-08,2025-01-20,73.46158335
2026-10-08,2025-01-21,73.59713965
2026-10-08,2025-01-22,74.84349508
2026-10-08,2025-01-23,75.46982996
2026-10-08,2025-01-24,75.33485312
2026-10-08,2025-01-25,75.28560757
2026-10-08,2025-01-26,75.23639421
2026-10-08,2025-01-27,75.09217334
2026-10-08,2025-01-28,75.61870958
2026-10-08,2025-01-29,75.49844631
2026-10-08,2025-01-30,75.54796363
2026-10-08,2025-01-31,76.02573838
2026-10-08,2025-02-01,75.99664553
2026-10-08,2025-02-02,75.96756382
2026-10-08,2025-02-03,76.04464649
2026-10-08,2025-02-04,76.80793679
2026-10-08,2025-02-05,76.82601837
2026-10-08,2025-02-06,76.98953259
2026-10-08,2025-02-07,76.80235426
2026-10-08,2025-02-08,76.77296422
2026-10-08,2025-02-09,76.74358543
2026-10-08,2025-02-10,76.75542923
2026-10-08,2025-02-11,76.8777342
2026-10-08,2025-02-12,76.99735045
2026-10-08,2025-02-13,76.83385117
2026-10-08,2025-02-14,77.59215809
2026-10-08,2025-02-15,77.56246582
2026-10-08,2025-02-16,77.53278491
2026-10-08,2025-02-17,77.66466188
2026-10-08,2025-02-18,77.80602401
2026-10-08,2025-02-19,77.60387404
2026-10-08,2025-02-20,77.82340832
2026-10-08,2025-02-21,77.73734797
2026-10-08,2025-02-22,77.70760014
2026-10-08,2025-02-23,77.67786369
2026-10-08,2025-02-24,77.23584638
2026-10-08,2025-02-25,76.92883231
2026-10-08,2025-02-26,76.56123293
2026-10-08,2025-02-27,76.03053192
2026-10-08,2025-02-28,75.37569846
2026-10-08,2025-03-01,75.30028722
2026-10-08,2025-03-02,75.22495142
2026-10-08,2025-03-03,75.14969099
2026-10-08,2025-03-04,75.07450586
2026-10-08,2025-03-05,76.27754284
2026-10-08,2025-03-06,76.46353983
2026-10-08,2025-03-07,76.23324635
2026-10-08,2025-03-08,76.15697715
2026-10-08,2025-03-09,76.08078426
2026-10-08,2025-03-10,75.3188043
2026-10-08,2025-03-11,75.41429378
2026-10-08,2025-03-12,75.63798033
2026-10-08,2025-03-13,75.56960894
2026-10-08,2025-03-14,76.67564905
2026-10-08,2025-03-15,76.59893724
2026-10-08,2025-03-16,76.52230218
2026-10-08,2025-03-17,76.9535016
2026-10-08,2025-03-18,77.26821014
2026-10-08,2025-03-19,77.37345286
2026-10-08,2025-03-20,77.16881769
2026-10-08,2025-03-21,76.53440679
2026-10-08,2025-03-22,76.45783629
2026-10-08,2025-03-23,76.38134239
2026-10-08,2025-03-24,76.30492503
2026-10-08,2025-03-25,76.5114349
2026-10-08,2025-03-26,75.84760262
2026-10-08,2025-03-27,75.7186804
2026-10-08,2025-03-28,75.63765204
2026-10-08,2025-03-29,75.56197871
2026-10-08,2025-03-30,75.4863811
2026-10-08,2025-03-31,75.86397743
2026-10-08,2025-04-01,76.36156984
2026-10-08,2025-04-02,76.30269925
2026-10-08,2025-04-03,77.16164745
2026-10-08,2025-04-04,74.49520108
2026-10-08,2025-04-05,74.43776935
2026-10-08,2025-04-06,74.38038191
2026-10-08,2025-04-07,73.39110026
2026-10-08,2025-04-08,72.32925867
2026-10-08,2025-04-09,73.51654066
2026-10-08,2025-04-10,73.22741475
2026-10-08,2025-04-11,73.71629509
2026-10-08,2025-04-12,73.65946387
2026-10-08,2025-04-13,73.60267645
2026-10-08,2025-04-14,81.72728581
2026-10-08,2025-04-15,81.35502619
2026-10-08,2025-04-16,77.21392366
2026-10-08,2025-04-17,77.15439595
2026-10-08,2025-04-18,77.09491413
2026-10-08,2025-04-19,77.03547818
2026-10-08,2025-04-20,76.97608804
2026-10-08,2025-04-21,74.92090055
2026-10-08,2025-04-22,76.46393994
2026-10-08,2025-04-23,80.70967343
2026-10-08,2025-04-24,81.9640524
2026-10-08,2025-04-25,81.60272777
2026-10-08,2025-04-26,81.53981653
2026-10-08,2025-04-27,81.4769538
2026-10-08,2025-04-28,82.24180293
2026-10-08,2025-04-29,81.7302604
2026-10-08,2025-04-30,81.38500343
2026-10-08,2025-05-01,81.35271109
2026-10-08,2025-05-02,81.32043156
2026-10-08,2025-05-03,81.28816484
2026-10-08,2025-05-04,81.25591093
2026-10-08,2025-05-05,83.18471734
2026-10-08,2025-05-06,82.54866188
2026-10-08,2025-05-07,77.09788619
2026-10-08,2025-05-08,77.22089793
2026-10-08,2025-05-09,79.10047685
2026-10-08,2025-05-10,79.06909098
2026-10-08,2025-05-11,79.03771756
2026-10-08,2025-05-12,78.06375172
2026-10-08,2025-05-13,78.80561178
2026-10-08,2025-05-14,79.13619963
2026-10-08,2025-05-15,78.69757522
2026-10-08,2025-05-16,78.95398311
2026-10-08,2025-05-17,78.92265537
2026-10-08,2025-05-18,78.89134005
2026-10-08,2025-05-19,79.19561146
2026-10-08,2025-05-20,78.96481811
2026-10-08,2025-05-21,79.31241005
2026-10-08,2025-05-22,79.33968294
2026-10-08,2025-05-23,78.19713781
2026-10-08,2025-05-24,78.16611036
2026-10-08,2025-05-25,78.13509523
2026-10-08,2025-05-26,78.81843999
2026-10-08,2025-05-27,79.90316712
2026-10-08,2025-05-28,79.55950588
2026-10-08,2025-05-29,81.60781132
2026-10-08,2025-05-30,81.10902224
2026-10-08,2025-05-31,81.0768394
2026-10-08,2025-06-01,81.03992446
2026-10-08,2025-06-02,80.73316913
2026-10-08,2025-06-03,81.84185755
2026-10-08,2025-06-04,81.85158936
2026-10-08,2025-06-05,82.97663334
2026-10-08,2025-06-06,82.60316119
2026-10-08,2025-06-07,82.5655513
2026-10-08,2025-06-08,82.52795854
2026-10-08,2025-06-09,82.58724119
2026-10-08,2025-06-10,82.87969149
2026-10-08,2025-06-11,82.95047989
2026-10-08,2025-06-12,82.9357096
2026-10-08,2025-06-13,82.68957185
2026-10-08,2025-06-14,82.65192262
2026-10-08,2025-06-15,82.61429053
2026-10-08,2025-06-16,82.57667557
2026-10-08,2025-06-17,81.62421702
2026-10-08,2025-06-18,80.48057007
2026-10-08,2025-06-19,81.8079933
2026-10-08,2025-06-20,81.77074546
2026-10-08,2025-06-21,81.73351458
2026-10-08,2025-06-22,81.69630065
2026-10-08,2025-06-23,82.01833512
2026-10-08,2025-06-24,82.32760071
2026-10-08,2025-06-25,82.84757304
2026-10-08,2025-06-26,83.43196233
2026-10-08,2025-06-27,83.54893964
2026-10-08,2025-06-28,83.51089913
2026-10-08,2025-06-29,83.47287594
2026-10-08,2025-06-30,85.32944467
2026-10-08,2025-07-01,86.02567088
2026-10-08,2025-07-02,86.99543813
2026-10-08,2025-07-03,87.22950989
2026-10-08,2025-07-04,87.87471619
2026-10-08,2025-07-05,87.82868712
2026-10-08,2025-07-06,87.78268215
2026-10-08,2025-07-07,88.48442168
2026-10-08,2025-07-08,88.2693252
2026-10-08,2025-07-09,88.22308942
2026-10-08,2025-07-10,86.45666317
2026-10-08,2025-07-11,86.92462949
2026-10-08,2025-07-12,86.87909807
2026-10-08,2025-07-13,86.83359051
2026-10-08,2025-07-14,87.73377389
2026-10-08,2025-07-15,86.2697086
2026-10-08,2025-07-16,86.70032451
2026-10-08,2025-07-17,87.43325571
2026-10-08,2025-07-18,87.89740019
2026-10-08,2025-07-19,87.85135923
2026-10-08,2025-07-20,87.80534239
2026-10-08,2025-07-21,87.19787307
2026-10-08,2025-07-22,85.8598653
2026-10-08,2025-07-23,86.62058638
2026-10-08,2025-07-24,87.4089652
2026-10-08,2025-07-25,87.3471374
2026-10-08,2025-07-26,87.30138468
2026-10-08,2025-07-27,87.25565591
2026-10-08,2025-07-28,87.67897677
2026-10-08,2025-07-29,87.84704445
2026-10-08,2025-07-30,88.95731697
2026-10-08,2025-07-31,92.84681096
2026-10-08,2025-08-01,92.94534549
2026-10-08,2025-08-02,92.88634262
2026-10-08,2025-08-03,92.8273772
2026-10-08,2025-08-04,93.05447657
2026-10-08,2025-08-05,91.7480105
2026-10-08,2025-08-06,91.9610459
2026-10-08,2025-08-07,91.56509312
2026-10-08,2025-08-08,92.03034641
2026-10-08,2025-08-09,91.97192439
2026-10-08,2025-08-10,91.91353946
2026-10-08,2025-08-11,91.24186928
2026-10-08,2025-08-12,91.77491973
2026-10-08,2025-08-13,91.35766478
2026-10-08,2025-08-14,90.00211501
2026-10-08,2025-08-15,89.94498053
2026-10-08,2025-08-16,89.88788233
2026-10-08,2025-08-17,89.83082037
2026-10-08,2025-08-18,89.09150691
2026-10-08,2025-08-19,88.14217228
2026-10-08,2025-08-20,88.86640638
2026-10-08,2025-08-21,89.70666301
2026-10-08,2025-08-22,90.9741039
2026-10-08,2025-08-23,90.91635239
2026-10-08,2025-08-24,90.85863755
2026-10-08,2025-08-25,93.8216422
2026-10-08,2025-08-26,92.95557935
2026-10-08,2025-08-27,92.63538218
2026-10-08,2025-08-28,91.68819312
2026-10-08,2025-08-29,91.91547049
2026-10-08,2025-08-30,91.85712139
2026-10-08,2025-08-31,91.79880934
2026-10-08,2025-09-01,93.47610554
2026-10-08,2025-09-02,92.46741383
2026-10-08,2025-09-03,92.40370955
2026-10-08,2025-09-04,92.50940918
2026-10-08,2025-09-05,92.85215523
2026-10-08,2025-09-06,92.80339221
2026-10-08,2025-09-07,92.7546548
2026-10-08,2025-09-08,95.91055981
2026-10-08,2025-09-09,96.26408959
2026-10-08,2025-09-10,97.27768208
2026-10-08,2025-09-11,98.23618869
2026-10-08,2025-09-12,100.2149309
2026-10-08,2025-09-13,100.1623012
2026-10-08,2025-09-14,100.1096992
2026-10-08,2025-09-15,101.6292567
2026-10-08,2025-09-16,102.0656938
2026-10-08,2025-09-17,102.4617174
2026-10-08,2025-09-18,102.3305982
2026-10-08,2025-09-19,101.8272518
2026-10-08,2025-09-20,101.7737754
2026-10-08,2025-09-21,101.720327
2026-10-08,2025-09-22,96.82874297
2026-10-08,2025-09-23,94.96756894
2026-10-08,2025-09-24,92.08921916
2026-10-08,2025-09-25,91.47895014
2026-10-08,2025-09-26,90.91977962
2026-10-08,2025-09-27,90.87203143
2026-10-08,2025-09-28,90.82430831
2026-10-08,2025-09-29,93.48934193
2026-10-08,2025-09-30,94.74845055
2026-10-08,2025-10-01,97.43477012
2026-10-08,2025-10-02,97.19774921
2026-10-08,2025-10-03,97.23892874
2026-10-08,2025-10-04,97.16916058
2026-10-08,2025-10-05,97.09944248
2026-10-08,2025-10-06,97.89372888
2026-10-08,2025-10-07,97.16769465
2026-10-08,2025-10-08,97.06842398
2026-10-08,2025-10-09,96.0226589
2026-10-08,2025-10-10,95.95376341
2026-10-08,2025-10-11,95.88491734
2026-10-08,2025-10-12,95.81612068
2026-10-08,2025-10-13,89.67393779
2026-10-08,2025-10-14,90.07895284
2026-10-08,2025-10-15,91.45359722
2026-10-08,2025-10-16,92.96930577
2026-10-08,2025-10-17,96.70638801
2026-10-08,2025-10-18,96.63700195
2026-10-08,2025-10-19,96.56766567
2026-10-08,2025-10-20,98.88195031
2026-10-08,2025-10-21,99.65831534
2026-10-08,2025-10-22,99.09084479
2026-10-08,2025-10-23,98.78057322
2026-10-08,2025-10-24,99.44059341
2026-10-08,2025-10-25,99.36924558
2026-10-08,2025-10-26,99.29794893
2026-10-08,2025-10-27,95.7557083
2026-10-08,2025-10-28,98.24582389
2026-10-08,2025-10-29,96.18101955
2026-10-08,2025-10-30,95.64443514
2026-10-08,2025-10-31,95.9571846
2026-10-08,2025-11-01,95.88482896
2026-10-08,2025-11-02,95.81252789
2026-10-08,2025-11-03,98.67214225
2026-10-08,2025-11-04,96.03196736
2026-10-08,2025-11-05,96.42456235
2026-10-08,2025-11-06,96.3518543
2026-10-08,2025-11-07,94.2071183
2026-10-08,2025-11-08,94.13608229
2026-10-08,2025-11-09,94.06509985
2026-10-08,2025-11-10,94.92843201
2026-10-08,2025-11-11,94.96616922
2026-10-08,2025-11-12,94.43165426
2026-10-08,2025-11-13,94.06250777
2026-10-08,2025-11-14,93.89398181
2026-10-08,2025-11-15,93.82318191
2026-10-08,2025-11-16,93.75243541
2026-10-08,2025-11-17,92.13213858
2026-10-08,2025-11-18,92.74569575
2026-10-08,2025-11-19,92.79218976
2026-10-08,2025-11-20,94.05454497
2026-10-08,2025-11-21,93.983624
2026-10-08,2025-11-22,93.91275652
2026-10-08,2025-11-23,93.84194247
2026-10-08,2025-11-24,93.77118182
2026-10-08,2025-11-25,94.29944577
2026-10-08,2025-11-26,95.37545019
2026-10-08,2025-11-27,94.93183737
2026-10-08,2025-11-28,95.16656566
2026-10-08,2025-11-29,95.09480619
2026-10-08,2025-11-30,95.02310083
2026-10-08,2025-12-01,94.65104894
2026-10-08,2025-12-02,95.13227423
2026-10-08,2025-12-03,95.37078026
2026-10-08,2025-12-04,94.72399367
2026-10-08,2025-12-05,92.08798599
2026-10-08,2025-12-06,92.01446095
2026-10-08,2025-12-07,91.9409946
2026-10-08,2025-12-08,91.86758692
2026-10-08,2025-12-09,91.80521777
2026-10-08,2025-12-10,90.90175154
2026-10-08,2025-12-11,91.92687852
2026-10-08,2025-12-12,92.29955923
2026-10-08,2025-12-13,92.22586526
2026-10-08,2025-12-14,92.15223012
2026-10-08,2025-12-15,91.72535342
2026-10-08,2025-12-16,91.62434442
2026-10-08,2025-12-17,90.65502823
2026-10-08,2025-12-18,90.63193415
2026-10-08,2025-12-19,90.18800538
2026-10-08,2025-12-20,90.11599732
2026-10-08,2025-12-21,90.04404675
2026-10-08,2025-12-22,89.13442299
2026-10-08,2025-12-23,89.8162093
2026-10-08,2025-12-24,89.74449809
2026-10-08,2025-12-25,89.67284413
2026-10-08,2025-12-26,89.71816011
2026-10-08,2025-12-27,89.64652718
2026-10-08,2025-12-28,89.57495144
2026-10-08,2025-12-29,89.10838986
2026-10-08,2025-12-30,90.46111841
2026-10-08,2025-12-31,90.38889229
2026-10-08,2026-01-01,90.31569422
2026-10-08,2026-01-02,92.57471786
2026-10-08,2026-01-03,92.49974968
2026-10-08,2026-01-04,92.42484221
2026-10-08,2026-01-05,92.45302294
2026-10-08,2026-01-06,92.64330045
2026-10-08,2026-01-07,91.70771414
2026-10-08,2026-01-08,92.06024487
2026-10-08,2026-01-09,92.38305339
2026-10-08,2026-01-10,92.30824042
2026-10-08,2026-01-11,92.23348804
2026-10-08,2026-01-12,92.24729455
2026-10-08,2026-01-13,91.22089368
2026-10-08,2026-01-14,90.83439889
2026-10-08,2026-01-15,90.46607267
2026-10-08,2026-01-16,89.52085793
2026-10-08,2026-01-17,89.44836281
2026-10-08,2026-01-18,89.37592639
2026-10-08,2026-01-19,89.92255934
2026-10-08,2026-01-20,89.54868443
2026-10-08,2026-01-21,89.9905355
2026-10-08,2026-01-22,90.44229971
2026-10-08,2026-01-23,90.57662601
2026-10-08,2026-01-24,90.50327591
2026-10-08,2026-01-25,90.42998521
2026-10-08,2026-01-26,91.02574123
2026-10-08,2026-01-27,92.30168173
2026-10-08,2026-01-28,92.40977668
2026-10-08,2026-01-29,92.33671519
2026-10-08,2026-01-30,91.52536124
2026-10-08,2026-01-31,91.45124284
2026-10-08,2026-02-01,91.38079828
2026-10-08,2026-02-02,91.54193319
2026-10-08,2026-02-03,91.63352068
2026-10-08,2026-02-04,91.23251853
2026-10-08,2026-02-05,90.87808712
2026-10-08,2026-02-06,90.91030854
2026-10-08,2026-02-07,90.84028065
2026-10-08,2026-02-08,90.77030671
2026-10-08,2026-02-09,90.03769888
2026-10-08,2026-02-10,89.12865639
2026-10-08,2026-02-11,89.09949789
2026-10-08,2026-02-12,88.39029862
2026-10-08,2026-02-13,88.2268781
2026-10-08,2026-02-14,88.15891725
2026-10-08,2026-02-15,88.09100875
2026-10-08,2026-02-16,88.02315256
2026-10-08,2026-02-17,87.95534865
2026-10-08,2026-02-18,87.53866663
2026-10-08,2026-02-19,86.9893606
2026-10-08,2026-02-20,86.74070958
2026-10-08,2026-02-21,86.67389352
2026-10-08,2026-02-22,86.60712893
2026-10-08,2026-02-23,86.71392103
2026-10-08,2026-02-24,87.47937041
2026-10-08,2026-02-25,88.8924081
2026-10-08,2026-02-26,88.92570009
2026-10-08,2026-02-27,88.52856216
2026-10-08,2026-02-28,88.46036893
2026-10-08,2026-03-01,88.39046897
2026-10-08,2026-03-02,87.65667189
2026-10-08,2026-03-03,86.99006764
2026-10-08,2026-03-04,86.98973464
2026-10-08,2026-03-05,86.63075764
2026-10-08,2026-03-06,86.82067592
2026-10-08,2026-03-07,86.75207162
2026-10-08,2026-03-08,86.68352153
2026-10-08,2026-03-09,87.67608549
2026-10-08,2026-03-10,87.81385445
2026-10-08,2026-03-11,87.14148173
2026-10-08,2026-03-12,86.1205099
2026-10-08,2026-03-13,85.16757373
2026-10-08,2026-03-14,85.10027568
2026-10-08,2026-03-15,85.03303081
2026-10-08,2026-03-16,85.27575096
2026-10-08,2026-03-17,86.50142214
2026-10-08,2026-03-18,85.98551862
2026-10-08,2026-03-19,85.25636984
2026-10-08,2026-03-20,84.01333588
2026-10-08,2026-03-21,83.94694989
2026-10-08,2026-03-22,83.88061636
2026-10-08,2026-03-23,83.81433525
2026-10-08,2026-03-24,83.74810651
2026-10-08,2026-03-25,84.27519117
2026-10-08,2026-03-26,83.03686804
2026-10-08,2026-03-27,83.88745167
2026-10-08,2026-03-28,83.82116516
2026-10-08,2026-03-29,83.75493102
2026-10-08,2026-03-30,84.56096347
2026-10-08,2026-03-31,84.51684999
2026-10-08,2026-04-01,85.75572875
2026-10-08,2026-04-02,85.70196037
2026-10-08,2026-04-03,85.64822571
2026-10-08,2026-04-04,85.59452473
2026-10-08,2026-04-05,85.54085743
2026-10-08,2026-04-06,85.47396986
2026-10-08,2026-04-07,85.27884763
2026-10-08,2026-04-08,85.97400256
2026-10-08,2026-04-09,86.08848316
2026-10-08,2026-04-10,86.01859929
2026-10-08,2026-04-11,85.96466609
2026-10-08,2026-04-12,85.91076671
2026-10-08,2026-04-13,85.3519959
2026-10-08,2026-04-14,86.03008388
2026-10-08,2026-04-15,85.50671491
2026-10-08,2026-04-16,85.33899434
2026-10-08,2026-04-17,85.92912418
2026-10-08,2026-04-18,85.87524709
2026-10-08,2026-04-19,85.82140377
2026-10-08,2026-04-20,86.67496565
2026-10-08,2026-04-21,86.77020499
2026-10-08,2026-04-22,86.86816033
2026-10-08,2026-04-23,87.44038323
2026-10-08,2026-04-24,87.37046833
2026-10-08,2026-04-25,87.31568752
2026-10-08,2026-04-26,87.26094106
2026-10-08,2026-04-27,88.95028524
2026-10-08,2026-04-28,87.8928791
2026-10-08,2026-04-29,86.77576224
2026-10-08,2026-04-30,87.29098338
2026-10-08,2026-05-01,87.24738181
2026-10-08,2026-05-02,87.20380202
2026-10-08,2026-05-03,87.160244
2026-10-08,2026-05-04,87.76444641
2026-10-08,2026-05-05,88.09285822
2026-10-08,2026-05-06,87.6311535
2026-10-08,2026-05-07,88.08146474
2026-10-08,2026-05-08,88.59037743
2026-10-08,2026-05-09,88.54612682
2026-10-08,2026-05-10,88.50189831
2026-10-08,2026-05-11,88.08418982
2026-10-08,2026-05-12,87.53883557
2026-10-08,2026-05-13,86.76723034
2026-10-08,2026-05-14,86.25679027
2026-10-08,2026-05-15,85.24801061
2026-10-08,2026-05-16,85.2054295
2026-10-08,2026-05-17,85.16286966
2026-10-08,2026-05-18,86.18636276
2026-10-08,2026-05-19,85.72187203
2026-10-08,2026-05-20,86.05213206
2026-10-08,2026-05-21,85.83714375
2026-10-08,2026-05-22,86.13240124
2026-10-08,2026-05-23,86.08937838
2026-10-08,2026-05-24,86.04637702
2026-10-08,2026-05-25,86.00339713
2026-10-08,2026-05-26,86.34563559
2026-10-08,2026-05-27,85.77626013
2026-10-08,2026-05-28,86.16225305
2026-10-08,2026-05-29,85.61383677
2026-10-08,2026-05-30,85.57107293
2026-10-08,2026-05-31,85.52833046
2026-10-08,2026-06-01,87.07770058
2026-10-08,2026-06-02,87.09780056
2026-10-08,2026-06-03,86.75925578
2026-10-08,2026-06-04,86.79615382
2026-10-08,2026-06-05,85.69384162
2026-10-08,2026-06-06,85.64502507
2026-10-08,2026-06-07,85.59623632
2026-10-08,2026-06-08,85.13705245
2026-10-08,2026-06-09,84.90414814
2026-10-08,2026-06-10,84.45145622
2026-10-08,2026-06-11,85.39549282
2026-10-08,2026-06-12,85.95802536
2026-10-08,2026-06-13,85.9090583
2026-10-08,2026-06-14,85.86011914
2026-10-08,2026-06-15,85.81120786
2026-10-08,2026-06-16,85.85039093
2026-10-08,2026-06-17,86.35825305
2026-10-08,2026-06-18,85.06916854
2026-10-08,2026-06-19,86.23954298
2026-10-08,2026-06-20,86.19041555
2026-10-08,2026-06-21,86.14131611
2026-10-08,2026-06-22,86.08821083
2026-10-08,2026-06-23,85.87798674
2026-10-08,2026-06-24,85.99297086
2026-10-08,2026-06-25,86.28377496
2026-10-08,2026-06-26,86.34639424
2026-10-08,2026-06-27,86.29720595
2026-10-08,2026-06-28,86.24804568
2026-10-08,2026-06-29,86.40303464
2026-10-08,2026-06-30,86.46319171
2026-10-08,2026-07-01,86.27903552
2026-10-08,2026-07-02,85.92363181
2026-10-08,2026-07-03,86.66093635
2026-10-08,2026-07-04,86.60443722
2026-10-08,2026-07-05,86.54797493
2026-10-08,2026-07-06,86.9676165
2026-10-08,2026-07-07,86.98170993
2026-10-08,2026-07-08,86.66670718
2026-10-08,2026-07-09,86.6102043
2026-10-08,2026-07-10,86.55373825
2026-10-08,2026-07-11,86.49730901
2026-10-08,2026-07-12,86.44091656
2026-10-08,2026-07-13,86.37841513
2026-10-08,2026-07-14,86.60367596
2026-10-08,2026-07-15,86.72707795
2026-10-08,2026-07-16,86.23884586
2026-10-08,2026-07-17,86.24367032
2026-10-08,2026-07-18,86.18744323
2026-10-08,2026-07-19,86.1312528
2026-10-08,2026-07-20,86.58700294
2026-10-08,2026-07-21,86.68367698
2026-10-08,2026-07-22,87.1232196
2026-10-08,2026-07-23,86.92042761
2026-10-08,2026-07-24,87.63185619
2026-10-08,2026-07-25,87.57472407
2026-10-08,2026-07-26,87.51762919
2026-10-08,2026-07-27,86.88143041
2026-10-08,2026-07-28,86.66715455
2026-10-08,2026-07-29,86.56776083
2026-10-08,2026-07-30,86.7751022
2026-10-08,2026-07-31,86.51127248
2026-10-08,2026-08-01,86.45642378
2026-10-08,2026-08-02,86.40160986
2026-10-08,2026-08-03,86.60556269
2026-10-08,2026-08-04,86.10956292
2026-10-08,2026-08-05,86.00142916
2026-10-08,2026-08-06,86.52097902
2026-10-08,2026-08-07,86.75367966
2026-10-08,2026-08-08,86.69867727
2026-10-08,2026-08-09,86.69867727
2026-10-08,2026-08-10,85.90966631
2026-10-08,2026-08-11,84.88924836
2026-10-08,2026-08-12,84.90014698
2026-10-08,2026-08-13,84.48365613
2026-10-08,2026-08-14,83.42024855
2026-10-08,2026-08-15,83.36735959
2026-10-08,2026-08-16,83.36735959
2026-10-08,2026-08-17,83.36735959
2026-10-08,2026-08-18,84.1797786
2026-10-08,2026-08-19,84.98014897
2026-10-08,2026-08-20,84.67074334
2026-10-08,2026-08-21,85.47602919
2026-10-08,2026-08-22,85.42183684
2026-10-08,2026-08-23,85.42183684
2026-10-08,2026-08-24,85.94679529
2026-10-08,2026-08-25,86.06057146
2026-10-08,2026-08-26,86.15272937
2026-10-08,2026-08-27,85.82905814
2026-10-08,2026-08-28,84.9833263
2026-10-08,2026-08-29,84.92944633
2026-10-08,2026-08-30,84.92944633
2026-10-08,2026-08-31,85.1952823
2026-10-08,2026-09-01,86.18571705
2026-10-08,2026-09-02,86.65836732
2026-10-08,2026-09-03,86.53037057
2026-10-08,2026-09-04,86.14221376
2026-10-08,2026-09-05,86.10192618
2026-10-08,2026-09-06,86.06165745
2026-10-08,2026-09-07,86.14373092
2026-10-08,2026-09-08,86.77281874
2026-10-08,2026-09-09,86.71249526
2026-10-08,2026-09-10,86.69574339
2026-10-08,2026-09-11,86.07512475
2026-10-08,2026-09-12,86.07512475
2026-10-08,2026-09-13,86.03486855
2026-10-08,2026-09-14,85.50865404
2026-10-08,2026-09-15,85.37565332
2026-10-08,2026-09-16,85.88401735
2026-10-08,2026-09-17,85.63050118
2026-10-08,2026-09-18,85.91071503
2026-10-08,2026-09-19,85.91071503
2026-10-08,2026-09-20,85.87053573
2026-10-08,2026-09-21,86.46374712
2026-10-08,2026-09-22,86.45359393
2026-10-08,2026-09-23,85.7554761
2026-10-08,2026-09-24,85.29529481
2026-10-08,2026-09-25,85.61397893
2026-10-08,2026-09-26,85.61397893
2026-10-08,2026-09-27,85.5739384
2026-10-08,2026-09-28,85.19761355
2026-10-08,2026-09-29,84.93739532
2026-10-08,2026-09-30,85.56259142
2026-10-08,2026-10-01,84.98417133
2026-10-08,2026-10-02,84.84852442
2026-10-08,2026-10-03,84.84852442
2026-10-08,2026-10-04,84.84852442
2026-10-08,2026-10-05,88.63408695
2026-10-08,2026-10-06,88.95702697
2026-10-08,2026-10-07,88.39593436
2026-10-08,2026-10-08,88.13392954
