vintage,date,value
2026-10-09,1999-01-22,937
2026-10-09,1999-02-01,790
2026-10-09,1999-02-02,769
2026-10-09,1999-02-03,772
2026-10-09,1999-02-04,777
2026-10-09,1999-02-05,784
2026-10-09,1999-02-08,810
2026-10-09,1999-02-09,815
2026-10-09,1999-02-10,795
2026-10-09,1999-02-11,759
2026-10-09,1999-02-12,742
2026-10-09,1999-02-15,751
2026-10-09,1999-02-16,724
2026-10-09,1999-02-17,747
2026-10-09,1999-02-18,753
2026-10-09,1999-02-19,747
2026-10-09,1999-02-22,762
2026-10-09,1999-02-23,766
2026-10-09,1999-02-24,767
2026-10-09,1999-02-25,775
2026-10-09,1999-02-26,786
2026-10-09,1999-03-01,766
2026-10-09,1999-03-02,799
2026-10-09,1999-03-03,780
2026-10-09,1999-03-04,748
2026-10-09,1999-03-05,744
2026-10-09,1999-03-08,742
2026-10-09,1999-03-09,738
2026-10-09,1999-03-10,716
2026-10-09,1999-03-11,719
2026-10-09,1999-03-12,709
2026-10-09,1999-03-15,687
2026-10-09,1999-03-16,700
2026-10-09,1999-03-17,697
2026-10-09,1999-03-18,689
2026-10-09,1999-03-19,683
2026-10-09,1999-03-22,682
2026-10-09,1999-03-23,704
2026-10-09,1999-03-24,698
2026-10-09,1999-03-25,687
2026-10-09,1999-03-26,689
2026-10-09,1999-03-29,693
2026-10-09,1999-03-30,696
2026-10-09,1999-03-31,683
2026-10-09,1999-04-01,661
2026-10-09,1999-04-02,672
2026-10-09,1999-04-05,660
2026-10-09,1999-04-06,669
2026-10-09,1999-04-07,643
2026-10-09,1999-04-08,641
2026-10-09,1999-04-09,641
2026-10-09,1999-04-12,615
2026-10-09,1999-04-13,611
2026-10-09,1999-04-14,621
2026-10-09,1999-04-15,623
2026-10-09,1999-04-16,597
2026-10-09,1999-04-19,612
2026-10-09,1999-04-20,608
2026-10-09,1999-04-21,597
2026-10-09,1999-04-22,603
2026-10-09,1999-04-23,622
2026-10-09,1999-04-26,607
2026-10-09,1999-04-27,615
2026-10-09,1999-04-28,635
2026-10-09,1999-04-29,621
2026-10-09,1999-04-30,589
2026-10-09,1999-05-03,585
2026-10-09,1999-05-04,587
2026-10-09,1999-05-05,591
2026-10-09,1999-05-06,586
2026-10-09,1999-05-07,576
2026-10-09,1999-05-10,581
2026-10-09,1999-05-11,610
2026-10-09,1999-05-12,613
2026-10-09,1999-05-13,623
2026-10-09,1999-05-14,620
2026-10-09,1999-05-17,657
2026-10-09,1999-05-18,658
2026-10-09,1999-05-19,718
2026-10-09,1999-05-20,746
2026-10-09,1999-05-21,775
2026-10-09,1999-05-24,820
2026-10-09,1999-05-25,806
2026-10-09,1999-05-26,734
2026-10-09,1999-05-27,783
2026-10-09,1999-05-28,778
2026-10-09,1999-06-01,790
2026-10-09,1999-06-02,776
2026-10-09,1999-06-03,770
2026-10-09,1999-06-04,751
2026-10-09,1999-06-07,738
2026-10-09,1999-06-08,743
2026-10-09,1999-06-09,750
2026-10-09,1999-06-10,753
2026-10-09,1999-06-11,768
2026-10-09,1999-06-14,764
2026-10-09,1999-06-15,754
2026-10-09,1999-06-16,723
2026-10-09,1999-06-17,729
2026-10-09,1999-06-18,735
2026-10-09,1999-06-21,726
2026-10-09,1999-06-22,749
2026-10-09,1999-06-23,732
2026-10-09,1999-06-24,733
2026-10-09,1999-06-25,745
2026-10-09,1999-06-28,770
2026-10-09,1999-06-29,761
2026-10-09,1999-06-30,760
2026-10-09,1999-07-01,777
2026-10-09,1999-07-02,778
2026-10-09,1999-07-05,779
2026-10-09,1999-07-06,781
2026-10-09,1999-07-07,789
2026-10-09,1999-07-08,847
2026-10-09,1999-07-09,890
2026-10-09,1999-07-12,947
2026-10-09,1999-07-13,923
2026-10-09,1999-07-14,870
2026-10-09,1999-07-15,890
2026-10-09,1999-07-16,879
2026-10-09,1999-07-19,868
2026-10-09,1999-07-20,882
2026-10-09,1999-07-21,888
2026-10-09,1999-07-22,873
2026-10-09,1999-07-23,885
2026-10-09,1999-07-26,896
2026-10-09,1999-07-27,887
2026-10-09,1999-07-28,873
2026-10-09,1999-07-29,856
2026-10-09,1999-07-30,848
2026-10-09,1999-08-02,874
2026-10-09,1999-08-03,894
2026-10-09,1999-08-04,907
2026-10-09,1999-08-05,909
2026-10-09,1999-08-06,905
2026-10-09,1999-08-09,901
2026-10-09,1999-08-10,900
2026-10-09,1999-08-11,886
2026-10-09,1999-08-12,853
2026-10-09,1999-08-13,840
2026-10-09,1999-08-16,833
2026-10-09,1999-08-17,808
2026-10-09,1999-08-18,837
2026-10-09,1999-08-19,853
2026-10-09,1999-08-20,852
2026-10-09,1999-08-23,845
2026-10-09,1999-08-24,845
2026-10-09,1999-08-25,812
2026-10-09,1999-08-26,811
2026-10-09,1999-08-27,789
2026-10-09,1999-08-30,786
2026-10-09,1999-08-31,764
2026-10-09,1999-09-01,763
2026-10-09,1999-09-02,769
2026-10-09,1999-09-03,765
2026-10-09,1999-09-06,759
2026-10-09,1999-09-07,739
2026-10-09,1999-09-08,734
2026-10-09,1999-09-09,706
2026-10-09,1999-09-10,684
2026-10-09,1999-09-13,689
2026-10-09,1999-09-14,691
2026-10-09,1999-09-15,704
2026-10-09,1999-09-16,714
2026-10-09,1999-09-17,701
2026-10-09,1999-09-20,687
2026-10-09,1999-09-21,705
2026-10-09,1999-09-22,700
2026-10-09,1999-09-23,694
2026-10-09,1999-09-24,693
2026-10-09,1999-09-27,680
2026-10-09,1999-09-28,681
2026-10-09,1999-09-29,669
2026-10-09,1999-09-30,677
2026-10-09,1999-10-01,668
2026-10-09,1999-10-04,653
2026-10-09,1999-10-05,658
2026-10-09,1999-10-06,645
2026-10-09,1999-10-07,642
2026-10-09,1999-10-08,645
2026-10-09,1999-10-11,644
2026-10-09,1999-10-12,669
2026-10-09,1999-10-13,677
2026-10-09,1999-10-14,672
2026-10-09,1999-10-15,696
2026-10-09,1999-10-18,688
2026-10-09,1999-10-19,671
2026-10-09,1999-10-20,662
2026-10-09,1999-10-21,639
2026-10-09,1999-10-22,613
2026-10-09,1999-10-25,620
2026-10-09,1999-10-26,607
2026-10-09,1999-10-27,621
2026-10-09,1999-10-28,564
2026-10-09,1999-10-29,635
2026-10-09,1999-11-01,628
2026-10-09,1999-11-02,629
2026-10-09,1999-11-03,633
2026-10-09,1999-11-04,618
2026-10-09,1999-11-05,622
2026-10-09,1999-11-08,615
2026-10-09,1999-11-09,614
2026-10-09,1999-11-10,617
2026-10-09,1999-11-11,616
2026-10-09,1999-11-12,617
2026-10-09,1999-11-15,628
2026-10-09,1999-11-16,620
2026-10-09,1999-11-17,647
2026-10-09,1999-11-18,642
2026-10-09,1999-11-19,667
2026-10-09,1999-11-22,652
2026-10-09,1999-11-23,645
2026-10-09,1999-11-24,641
2026-10-09,1999-11-25,631
2026-10-09,1999-11-26,641
2026-10-09,1999-11-29,630
2026-10-09,1999-11-30,657
2026-10-09,1999-12-01,656
2026-10-09,1999-12-02,646
2026-10-09,1999-12-03,629
2026-10-09,1999-12-06,633
2026-10-09,1999-12-07,618
2026-10-09,1999-12-08,620
2026-10-09,1999-12-09,615
2026-10-09,1999-12-10,607
2026-10-09,1999-12-13,584
2026-10-09,1999-12-14,580
2026-10-09,1999-12-15,567
2026-10-09,1999-12-16,570
2026-10-09,1999-12-17,566
2026-10-09,1999-12-20,570
2026-10-09,1999-12-21,543
2026-10-09,1999-12-22,547
2026-10-09,1999-12-23,545
2026-10-09,1999-12-24,546
2026-10-09,1999-12-27,549
2026-10-09,1999-12-28,544
2026-10-09,1999-12-29,542
2026-10-09,1999-12-30,544
2026-10-09,1999-12-31,531
2026-10-09,2000-01-03,509
2026-10-09,2000-01-04,558
2026-10-09,2000-01-05,540
2026-10-09,2000-01-06,566
2026-10-09,2000-01-07,558
2026-10-09,2000-01-10,558
2026-10-09,2000-01-11,560
2026-10-09,2000-01-12,561
2026-10-09,2000-01-13,551
2026-10-09,2000-01-14,545
2026-10-09,2000-01-18,540
2026-10-09,2000-01-19,546
2026-10-09,2000-01-20,548
2026-10-09,2000-01-21,545
2026-10-09,2000-01-24,558
2026-10-09,2000-01-25,561
2026-10-09,2000-01-26,567
2026-10-09,2000-01-27,571
2026-10-09,2000-01-28,592
2026-10-09,2000-01-31,593
2026-10-09,2000-02-01,583
2026-10-09,2000-02-02,588
2026-10-09,2000-02-03,595
2026-10-09,2000-02-04,569
2026-10-09,2000-02-07,547
2026-10-09,2000-02-08,549
2026-10-09,2000-02-09,549
2026-10-09,2000-02-10,544
2026-10-09,2000-02-11,551
2026-10-09,2000-02-14,553
2026-10-09,2000-02-15,548
2026-10-09,2000-02-16,551
2026-10-09,2000-02-17,550
2026-10-09,2000-02-18,563
2026-10-09,2000-02-22,581
2026-10-09,2000-02-23,562
2026-10-09,2000-02-24,568
2026-10-09,2000-02-25,560
2026-10-09,2000-02-28,548
2026-10-09,2000-02-29,545
2026-10-09,2000-03-01,550
2026-10-09,2000-03-02,531
2026-10-09,2000-03-03,524
2026-10-09,2000-03-06,530
2026-10-09,2000-03-07,530
2026-10-09,2000-03-08,528
2026-10-09,2000-03-09,527
2026-10-09,2000-03-10,526
2026-10-09,2000-03-13,537
2026-10-09,2000-03-14,541
2026-10-09,2000-03-15,548
2026-10-09,2000-03-16,547
2026-10-09,2000-03-17,542
2026-10-09,2000-03-20,540
2026-10-09,2000-03-21,539
2026-10-09,2000-03-22,535
2026-10-09,2000-03-23,536
2026-10-09,2000-03-24,524
2026-10-09,2000-03-27,522
2026-10-09,2000-03-28,535
2026-10-09,2000-03-29,545
2026-10-09,2000-03-30,570
2026-10-09,2000-03-31,570
2026-10-09,2000-04-03,579
2026-10-09,2000-04-04,595
2026-10-09,2000-04-05,601
2026-10-09,2000-04-06,592
2026-10-09,2000-04-07,594
2026-10-09,2000-04-10,607
2026-10-09,2000-04-11,601
2026-10-09,2000-04-12,599
2026-10-09,2000-04-13,602
2026-10-09,2000-04-14,618
2026-10-09,2000-04-17,598
2026-10-09,2000-04-18,578
2026-10-09,2000-04-19,595
2026-10-09,2000-04-20,596
2026-10-09,2000-04-21,598
2026-10-09,2000-04-25,567
2026-10-09,2000-04-26,573
2026-10-09,2000-04-27,570
2026-10-09,2000-04-28,570
2026-10-09,2000-05-01,560
2026-10-09,2000-05-02,568
2026-10-09,2000-05-03,578
2026-10-09,2000-05-04,588
2026-10-09,2000-05-05,600
2026-10-09,2000-05-08,605
2026-10-09,2000-05-09,629
2026-10-09,2000-05-10,672
2026-10-09,2000-05-11,695
2026-10-09,2000-05-12,712
2026-10-09,2000-05-15,718
2026-10-09,2000-05-16,711
2026-10-09,2000-05-17,712
2026-10-09,2000-05-18,713
2026-10-09,2000-05-19,757
2026-10-09,2000-05-22,762
2026-10-09,2000-05-23,770
2026-10-09,2000-05-24,727
2026-10-09,2000-05-25,731
2026-10-09,2000-05-26,725
2026-10-09,2000-05-29,719
2026-10-09,2000-05-30,690
2026-10-09,2000-05-31,703
2026-10-09,2000-06-01,689
2026-10-09,2000-06-02,646
2026-10-09,2000-06-05,656
2026-10-09,2000-06-06,679
2026-10-09,2000-06-07,672
2026-10-09,2000-06-08,667
2026-10-09,2000-06-09,662
2026-10-09,2000-06-12,668
2026-10-09,2000-06-13,651
2026-10-09,2000-06-14,645
2026-10-09,2000-06-15,657
2026-10-09,2000-06-16,663
2026-10-09,2000-06-19,659
2026-10-09,2000-06-20,661
2026-10-09,2000-06-21,652
2026-10-09,2000-06-22,680
2026-10-09,2000-06-23,685
2026-10-09,2000-06-26,691
2026-10-09,2000-06-27,686
2026-10-09,2000-06-28,679
2026-10-09,2000-06-29,688
2026-10-09,2000-06-30,687
2026-10-09,2000-07-03,670
2026-10-09,2000-07-04,672
2026-10-09,2000-07-05,658
2026-10-09,2000-07-06,647
2026-10-09,2000-07-07,652
2026-10-09,2000-07-10,651
2026-10-09,2000-07-11,652
2026-10-09,2000-07-12,636
2026-10-09,2000-07-13,632
2026-10-09,2000-07-14,621
2026-10-09,2000-07-17,620
2026-10-09,2000-07-18,630
2026-10-09,2000-07-19,637
2026-10-09,2000-07-20,644
2026-10-09,2000-07-21,642
2026-10-09,2000-07-24,639
2026-10-09,2000-07-25,639
2026-10-09,2000-07-26,644
2026-10-09,2000-07-27,652
2026-10-09,2000-07-28,654
2026-10-09,2000-07-31,650
2026-10-09,2000-08-01,665
2026-10-09,2000-08-02,669
2026-10-09,2000-08-03,665
2026-10-09,2000-08-04,662
2026-10-09,2000-08-07,664
2026-10-09,2000-08-08,674
2026-10-09,2000-08-09,655
2026-10-09,2000-08-10,668
2026-10-09,2000-08-11,658
2026-10-09,2000-08-14,660
2026-10-09,2000-08-15,686
2026-10-09,2000-08-16,684
2026-10-09,2000-08-17,696
2026-10-09,2000-08-18,717
2026-10-09,2000-08-21,726
2026-10-09,2000-08-22,710
2026-10-09,2000-08-23,716
2026-10-09,2000-08-24,713
2026-10-09,2000-08-25,701
2026-10-09,2000-08-28,701
2026-10-09,2000-08-29,701
2026-10-09,2000-08-30,691
2026-10-09,2000-08-31,686
2026-10-09,2000-09-01,669
2026-10-09,2000-09-05,674
2026-10-09,2000-09-06,654
2026-10-09,2000-09-07,664
2026-10-09,2000-09-08,667
2026-10-09,2000-09-11,673
2026-10-09,2000-09-12,684
2026-10-09,2000-09-13,682
2026-10-09,2000-09-14,674
2026-10-09,2000-09-15,677
2026-10-09,2000-09-18,690
2026-10-09,2000-09-19,696
2026-10-09,2000-09-20,694
2026-10-09,2000-09-21,702
2026-10-09,2000-09-22,682
2026-10-09,2000-09-25,686
2026-10-09,2000-09-26,690
2026-10-09,2000-09-27,681
2026-10-09,2000-09-28,668
2026-10-09,2000-09-29,673
2026-10-09,2000-10-02,675
2026-10-09,2000-10-03,663
2026-10-09,2000-10-04,655
2026-10-09,2000-10-05,658
2026-10-09,2000-10-06,685
2026-10-09,2000-10-09,686
2026-10-09,2000-10-10,692
2026-10-09,2000-10-11,695
2026-10-09,2000-10-12,719
2026-10-09,2000-10-13,733
2026-10-09,2000-10-16,736
2026-10-09,2000-10-17,774
2026-10-09,2000-10-18,787
2026-10-09,2000-10-19,776
2026-10-09,2000-10-20,820
2026-10-09,2000-10-23,828
2026-10-09,2000-10-24,850
2026-10-09,2000-10-25,894
2026-10-09,2000-10-26,846
2026-10-09,2000-10-27,832
2026-10-09,2000-10-30,833
2026-10-09,2000-10-31,816
2026-10-09,2000-11-01,826
2026-10-09,2000-11-02,839
2026-10-09,2000-11-03,886
2026-10-09,2000-11-06,910
2026-10-09,2000-11-07,915
2026-10-09,2000-11-08,992
2026-10-09,2000-11-09,943
2026-10-09,2000-11-10,868
2026-10-09,2000-11-13,847
2026-10-09,2000-11-14,826
2026-10-09,2000-11-15,803
2026-10-09,2000-11-16,834
2026-10-09,2000-11-17,841
2026-10-09,2000-11-20,813
2026-10-09,2000-11-21,823
2026-10-09,2000-11-22,845
2026-10-09,2000-11-23,863
2026-10-09,2000-11-24,840
2026-10-09,2000-11-27,852
2026-10-09,2000-11-28,865
2026-10-09,2000-11-29,848
2026-10-09,2000-11-30,855
2026-10-09,2000-12-01,848
2026-10-09,2000-12-04,845
2026-10-09,2000-12-05,841
2026-10-09,2000-12-06,833
2026-10-09,2000-12-07,822
2026-10-09,2000-12-08,812
2026-10-09,2000-12-11,794
2026-10-09,2000-12-12,810
2026-10-09,2000-12-13,824
2026-10-09,2000-12-14,830
2026-10-09,2000-12-15,813
2026-10-09,2000-12-18,805
2026-10-09,2000-12-19,777
2026-10-09,2000-12-20,790
2026-10-09,2000-12-21,791
2026-10-09,2000-12-22,779
2026-10-09,2000-12-26,772
2026-10-09,2000-12-27,769
2026-10-09,2000-12-28,765
2026-10-09,2000-12-29,766
2026-10-09,2001-01-02,792
2026-10-09,2001-01-03,728
2026-10-09,2001-01-04,727
2026-10-09,2001-01-05,740
2026-10-09,2001-01-08,737
2026-10-09,2001-01-09,720
2026-10-09,2001-01-10,712
2026-10-09,2001-01-11,706
2026-10-09,2001-01-12,695
2026-10-09,2001-01-15,696
2026-10-09,2001-01-16,701
2026-10-09,2001-01-17,691
2026-10-09,2001-01-18,696
2026-10-09,2001-01-19,700
2026-10-09,2001-01-22,691
2026-10-09,2001-01-23,678
2026-10-09,2001-01-24,676
2026-10-09,2001-01-25,683
2026-10-09,2001-01-26,672
2026-10-09,2001-01-29,654
2026-10-09,2001-01-30,664
2026-10-09,2001-01-31,670
2026-10-09,2001-02-01,660
2026-10-09,2001-02-02,658
2026-10-09,2001-02-05,665
2026-10-09,2001-02-06,675
2026-10-09,2001-02-07,678
2026-10-09,2001-02-08,682
2026-10-09,2001-02-09,683
2026-10-09,2001-02-12,690
2026-10-09,2001-02-13,684
2026-10-09,2001-02-14,676
2026-10-09,2001-02-15,676
2026-10-09,2001-02-16,698
2026-10-09,2001-02-19,698
2026-10-09,2001-02-20,720
2026-10-09,2001-02-21,739
2026-10-09,2001-02-22,732
2026-10-09,2001-02-23,741
2026-10-09,2001-02-26,759
2026-10-09,2001-02-27,796
2026-10-09,2001-02-28,793
2026-10-09,2001-03-01,789
2026-10-09,2001-03-02,767
2026-10-09,2001-03-05,725
2026-10-09,2001-03-06,725
2026-10-09,2001-03-07,733
2026-10-09,2001-03-08,761
2026-10-09,2001-03-09,736
2026-10-09,2001-03-12,769
2026-10-09,2001-03-13,777
2026-10-09,2001-03-14,798
2026-10-09,2001-03-15,837
2026-10-09,2001-03-16,850
2026-10-09,2001-03-19,898
2026-10-09,2001-03-20,886
2026-10-09,2001-03-21,898
2026-10-09,2001-03-22,964
2026-10-09,2001-03-23,984
2026-10-09,2001-03-26,928
2026-10-09,2001-03-27,899
2026-10-09,2001-03-28,898
2026-10-09,2001-03-29,918
2026-10-09,2001-03-30,945
2026-10-09,2001-04-02,944
2026-10-09,2001-04-03,946
2026-10-09,2001-04-04,939
2026-10-09,2001-04-05,916
2026-10-09,2001-04-06,897
2026-10-09,2001-04-09,862
2026-10-09,2001-04-10,831
2026-10-09,2001-04-11,852
2026-10-09,2001-04-12,857
2026-10-09,2001-04-16,899
2026-10-09,2001-04-17,889
2026-10-09,2001-04-18,896
2026-10-09,2001-04-19,937
2026-10-09,2001-04-20,1046
2026-10-09,2001-04-23,1284
2026-10-09,2001-04-24,1195
2026-10-09,2001-04-25,1147
2026-10-09,2001-04-26,1076
2026-10-09,2001-04-27,1000
2026-10-09,2001-04-30,1042
2026-10-09,2001-05-01,1070
2026-10-09,2001-05-02,1091
2026-10-09,2001-05-03,1057
2026-10-09,2001-05-04,1031
2026-10-09,2001-05-07,975
2026-10-09,2001-05-08,990
2026-10-09,2001-05-09,1008
2026-10-09,2001-05-10,989
2026-10-09,2001-05-11,1048
2026-10-09,2001-05-14,1093
2026-10-09,2001-05-15,1056
2026-10-09,2001-05-16,1007
2026-10-09,2001-05-17,991
2026-10-09,2001-05-18,958
2026-10-09,2001-05-21,930
2026-10-09,2001-05-22,924
2026-10-09,2001-05-23,933
2026-10-09,2001-05-24,921
2026-10-09,2001-05-25,921
2026-10-09,2001-05-28,921
2026-10-09,2001-05-29,925
2026-10-09,2001-05-30,969
2026-10-09,2001-05-31,981
2026-10-09,2001-06-01,1019
2026-10-09,2001-06-04,955
2026-10-09,2001-06-05,913
2026-10-09,2001-06-06,911
2026-10-09,2001-06-07,889
2026-10-09,2001-06-08,879
2026-10-09,2001-06-11,883
2026-10-09,2001-06-12,910
2026-10-09,2001-06-13,922
2026-10-09,2001-06-14,937
2026-10-09,2001-06-15,927
2026-10-09,2001-06-18,1000
2026-10-09,2001-06-19,986
2026-10-09,2001-06-20,975
2026-10-09,2001-06-21,971
2026-10-09,2001-06-22,990
2026-10-09,2001-06-25,974
2026-10-09,2001-06-26,982
2026-10-09,2001-06-27,999
2026-10-09,2001-06-28,1009
2026-10-09,2001-06-29,1025
2026-10-09,2001-07-02,1062
2026-10-09,2001-07-03,1079
2026-10-09,2001-07-04,1094
2026-10-09,2001-07-05,1165
2026-10-09,2001-07-06,1132
2026-10-09,2001-07-09,1158
2026-10-09,2001-07-10,1217
2026-10-09,2001-07-11,1290
2026-10-09,2001-07-12,1519
2026-10-09,2001-07-13,1616
2026-10-09,2001-07-16,1629
2026-10-09,2001-07-17,1439
2026-10-09,2001-07-18,1537
2026-10-09,2001-07-19,1593
2026-10-09,2001-07-20,1488
2026-10-09,2001-07-23,1377
2026-10-09,2001-07-24,1415
2026-10-09,2001-07-25,1390
2026-10-09,2001-07-26,1510
2026-10-09,2001-07-27,1612
2026-10-09,2001-07-30,1571
2026-10-09,2001-07-31,1604
2026-10-09,2001-08-01,1688
2026-10-09,2001-08-02,1601
2026-10-09,2001-08-03,1557
2026-10-09,2001-08-06,1610
2026-10-09,2001-08-07,1572
2026-10-09,2001-08-08,1490
2026-10-09,2001-08-09,1466
2026-10-09,2001-08-10,1392
2026-10-09,2001-08-13,1424
2026-10-09,2001-08-14,1501
2026-10-09,2001-08-15,1453
2026-10-09,2001-08-16,1393
2026-10-09,2001-08-17,1502
2026-10-09,2001-08-20,1555
2026-10-09,2001-08-21,1651
2026-10-09,2001-08-22,1450
2026-10-09,2001-08-23,1427
2026-10-09,2001-08-24,1443
2026-10-09,2001-08-27,1457
2026-10-09,2001-08-28,1414
2026-10-09,2001-08-29,1386
2026-10-09,2001-08-30,1405
2026-10-09,2001-08-31,1408
2026-10-09,2001-09-03,1408
2026-10-09,2001-09-04,1391
2026-10-09,2001-09-05,1392
2026-10-09,2001-09-06,1455
2026-10-09,2001-09-07,1489
2026-10-09,2001-09-10,1486
2026-10-09,2001-09-11,1478
2026-10-09,2001-09-12,1478
2026-10-09,2001-09-13,1478
2026-10-09,2001-09-14,1478
2026-10-09,2001-09-17,1652
2026-10-09,2001-09-18,1618
2026-10-09,2001-09-19,1592
2026-10-09,2001-09-20,1612
2026-10-09,2001-09-21,1637
2026-10-09,2001-09-24,1612
2026-10-09,2001-09-25,1602
2026-10-09,2001-09-26,1639
2026-10-09,2001-09-27,1647
2026-10-09,2001-09-28,1595
2026-10-09,2001-10-01,1661
2026-10-09,2001-10-02,1687
2026-10-09,2001-10-03,1754
2026-10-09,2001-10-04,1842
2026-10-09,2001-10-05,1868
2026-10-09,2001-10-08,1876
2026-10-09,2001-10-09,1893
2026-10-09,2001-10-10,1859
2026-10-09,2001-10-11,1825
2026-10-09,2001-10-12,1832
2026-10-09,2001-10-15,1824
2026-10-09,2001-10-16,1770
2026-10-09,2001-10-17,1686
2026-10-09,2001-10-18,1727
2026-10-09,2001-10-19,1693
2026-10-09,2001-10-22,1670
2026-10-09,2001-10-23,1700
2026-10-09,2001-10-24,1727
2026-10-09,2001-10-25,1769
2026-10-09,2001-10-26,1824
2026-10-09,2001-10-29,2003
2026-10-09,2001-10-30,2032
2026-10-09,2001-10-31,2136
2026-10-09,2001-11-01,2295
2026-10-09,2001-11-02,2441
2026-10-09,2001-11-05,2458
2026-10-09,2001-11-06,2363
2026-10-09,2001-11-07,2354
2026-10-09,2001-11-08,2351
2026-10-09,2001-11-09,2438
2026-10-09,2001-11-12,2504
2026-10-09,2001-11-13,2542
2026-10-09,2001-11-14,2664
2026-10-09,2001-11-15,2683
2026-10-09,2001-11-16,2764
2026-10-09,2001-11-19,2966
2026-10-09,2001-11-20,3071
2026-10-09,2001-11-21,3026
2026-10-09,2001-11-22,3028
2026-10-09,2001-11-23,2961
2026-10-09,2001-11-26,2772
2026-10-09,2001-11-27,2910
2026-10-09,2001-11-28,2952
2026-10-09,2001-11-29,3242
2026-10-09,2001-11-30,3340
2026-10-09,2001-12-03,3196
2026-10-09,2001-12-04,4040
2026-10-09,2001-12-05,4020
2026-10-09,2001-12-06,3988
2026-10-09,2001-12-07,4149
2026-10-09,2001-12-10,4220
2026-10-09,2001-12-11,4162
2026-10-09,2001-12-12,4044
2026-10-09,2001-12-13,4059
2026-10-09,2001-12-14,4160
2026-10-09,2001-12-17,4127
2026-10-09,2001-12-18,4125
2026-10-09,2001-12-19,4212
2026-10-09,2001-12-20,4449
2026-10-09,2001-12-21,4722
2026-10-09,2001-12-24,5083
2026-10-09,2001-12-25,5495
2026-10-09,2001-12-26,5470
2026-10-09,2001-12-27,5464
2026-10-09,2001-12-28,5172
2026-10-09,2001-12-31,4404
2026-10-09,2002-01-02,4376
2026-10-09,2002-01-03,4128
2026-10-09,2002-01-04,3983
2026-10-09,2002-01-07,3975
2026-10-09,2002-01-08,4050
2026-10-09,2002-01-09,4460
2026-10-09,2002-01-10,4484
2026-10-09,2002-01-11,4542
2026-10-09,2002-01-14,4556
2026-10-09,2002-01-15,4626
2026-10-09,2002-01-16,4531
2026-10-09,2002-01-17,4581
2026-10-09,2002-01-18,4656
2026-10-09,2002-01-21,4553
2026-10-09,2002-01-22,4454
2026-10-09,2002-01-23,4287
2026-10-09,2002-01-24,4210
2026-10-09,2002-01-25,4156
2026-10-09,2002-01-28,4101
2026-10-09,2002-01-29,4123
2026-10-09,2002-01-30,4129
2026-10-09,2002-01-31,4352
2026-10-09,2002-02-01,4497
2026-10-09,2002-02-04,4581
2026-10-09,2002-02-05,4457
2026-10-09,2002-02-06,4471
2026-10-09,2002-02-07,4511
2026-10-09,2002-02-08,4412
2026-10-09,2002-02-11,4350
2026-10-09,2002-02-12,4235
2026-10-09,2002-02-13,4100
2026-10-09,2002-02-14,4013
2026-10-09,2002-02-15,3943
2026-10-09,2002-02-18,4026
2026-10-09,2002-02-19,3987
2026-10-09,2002-02-20,3992
2026-10-09,2002-02-21,4092
2026-10-09,2002-02-22,4171
2026-10-09,2002-02-25,4087
2026-10-09,2002-02-26,4112
2026-10-09,2002-02-27,4123
2026-10-09,2002-02-28,4098
2026-10-09,2002-03-01,4170
2026-10-09,2002-03-04,4144
2026-10-09,2002-03-05,4222
2026-10-09,2002-03-06,4305
2026-10-09,2002-03-07,4286
2026-10-09,2002-03-08,4407
2026-10-09,2002-03-11,4479
2026-10-09,2002-03-12,4505
2026-10-09,2002-03-13,4656
2026-10-09,2002-03-14,4830
2026-10-09,2002-03-15,4943
2026-10-09,2002-03-18,5155
2026-10-09,2002-03-19,5030
2026-10-09,2002-03-20,4972
2026-10-09,2002-03-21,4958
2026-10-09,2002-03-22,5089
2026-10-09,2002-03-25,5223
2026-10-09,2002-03-26,5291
2026-10-09,2002-03-27,5024
2026-10-09,2002-03-28,5013
2026-10-09,2002-03-29,5043
2026-10-09,2002-04-01,5018
2026-10-09,2002-04-02,5021
2026-10-09,2002-04-03,5010
2026-10-09,2002-04-04,5006
2026-10-09,2002-04-05,4815
2026-10-09,2002-04-08,4861
2026-10-09,2002-04-09,4886
2026-10-09,2002-04-10,4936
2026-10-09,2002-04-11,4855
2026-10-09,2002-04-12,4803
2026-10-09,2002-04-15,4615
2026-10-09,2002-04-16,4588
2026-10-09,2002-04-17,4443
2026-10-09,2002-04-18,4648
2026-10-09,2002-04-19,4569
2026-10-09,2002-04-22,4935
2026-10-09,2002-04-23,4965
2026-10-09,2002-04-24,4885
2026-10-09,2002-04-25,4865
2026-10-09,2002-04-26,4938
2026-10-09,2002-04-29,4896
2026-10-09,2002-04-30,4831
2026-10-09,2002-05-01,4772
2026-10-09,2002-05-02,4828
2026-10-09,2002-05-03,4801
2026-10-09,2002-05-06,4897
2026-10-09,2002-05-07,4904
2026-10-09,2002-05-08,4998
2026-10-09,2002-05-09,5094
2026-10-09,2002-05-10,5195
2026-10-09,2002-05-13,5131
2026-10-09,2002-05-14,5153
2026-10-09,2002-05-15,5192
2026-10-09,2002-05-16,5205
2026-10-09,2002-05-17,5254
2026-10-09,2002-05-20,5378
2026-10-09,2002-05-21,5605
2026-10-09,2002-05-22,5808
2026-10-09,2002-05-23,5948
2026-10-09,2002-05-24,5937
2026-10-09,2002-05-27,5720
2026-10-09,2002-05-28,6027
2026-10-09,2002-05-29,6085
2026-10-09,2002-05-30,5900
2026-10-09,2002-05-31,6123
2026-10-09,2002-06-03,5916
2026-10-09,2002-06-04,5963
2026-10-09,2002-06-05,6037
2026-10-09,2002-06-06,6073
2026-10-09,2002-06-07,6098
2026-10-09,2002-06-10,6075
2026-10-09,2002-06-11,6151
2026-10-09,2002-06-12,6146
2026-10-09,2002-06-13,6161
2026-10-09,2002-06-14,6366
2026-10-09,2002-06-17,5944
2026-10-09,2002-06-18,5942
2026-10-09,2002-06-19,6122
2026-10-09,2002-06-20,6062
2026-10-09,2002-06-21,6162
2026-10-09,2002-06-24,6362
2026-10-09,2002-06-25,6566
2026-10-09,2002-06-26,6913
2026-10-09,2002-06-27,6802
2026-10-09,2002-06-28,6791
2026-10-09,2002-07-01,7030
2026-10-09,2002-07-02,7149
2026-10-09,2002-07-03,7199
2026-10-09,2002-07-04,7198
2026-10-09,2002-07-05,7155
2026-10-09,2002-07-08,7026
2026-10-09,2002-07-09,6860
2026-10-09,2002-07-10,6683
2026-10-09,2002-07-11,6839
2026-10-09,2002-07-12,6783
2026-10-09,2002-07-15,6742
2026-10-09,2002-07-16,6631
2026-10-09,2002-07-17,6610
2026-10-09,2002-07-18,6762
2026-10-09,2002-07-19,6636
2026-10-09,2002-07-22,6814
2026-10-09,2002-07-23,6593
2026-10-09,2002-07-24,6907
2026-10-09,2002-07-25,7056
2026-10-09,2002-07-26,6763
2026-10-09,2002-07-29,6634
2026-10-09,2002-07-30,6711
2026-10-09,2002-07-31,6952
2026-10-09,2002-08-01,7048
2026-10-09,2002-08-02,7075
2026-10-09,2002-08-05,7136
2026-10-09,2002-08-06,7040
2026-10-09,2002-08-07,7222
2026-10-09,2002-08-08,7064
2026-10-09,2002-08-09,6955
2026-10-09,2002-08-12,6938
2026-10-09,2002-08-13,7008
2026-10-09,2002-08-14,7038
2026-10-09,2002-08-15,6842
2026-10-09,2002-08-16,6597
2026-10-09,2002-08-19,6684
2026-10-09,2002-08-20,6619
2026-10-09,2002-08-21,6495
2026-10-09,2002-08-22,6340
2026-10-09,2002-08-23,6184
2026-10-09,2002-08-26,6098
2026-10-09,2002-08-27,6138
2026-10-09,2002-08-28,6558
2026-10-09,2002-08-29,6398
2026-10-09,2002-08-30,6435
2026-10-09,2002-09-02,6432
2026-10-09,2002-09-03,6226
2026-10-09,2002-09-04,6265
2026-10-09,2002-09-05,6054
2026-10-09,2002-09-06,6046
2026-10-09,2002-09-09,6113
2026-10-09,2002-09-10,6190
2026-10-09,2002-09-11,6181
2026-10-09,2002-09-12,6181
2026-10-09,2002-09-13,6259
2026-10-09,2002-09-16,6305
2026-10-09,2002-09-17,6355
2026-10-09,2002-09-18,6404
2026-10-09,2002-09-19,6545
2026-10-09,2002-09-20,6722
2026-10-09,2002-09-23,6884
2026-10-09,2002-09-24,6883
2026-10-09,2002-09-25,6321
2026-10-09,2002-09-26,6336
2026-10-09,2002-09-27,6540
2026-10-09,2002-09-30,6606
2026-10-09,2002-10-01,6542
2026-10-09,2002-10-02,6438
2026-10-09,2002-10-03,6396
2026-10-09,2002-10-04,6493
2026-10-09,2002-10-07,6517
2026-10-09,2002-10-08,6598
2026-10-09,2002-10-09,6635
2026-10-09,2002-10-10,6570
2026-10-09,2002-10-11,6469
2026-10-09,2002-10-14,6507
2026-10-09,2002-10-15,6383
2026-10-09,2002-10-16,6511
2026-10-09,2002-10-17,6499
2026-10-09,2002-10-18,6423
2026-10-09,2002-10-21,6362
2026-10-09,2002-10-22,6346
2026-10-09,2002-10-23,6328
2026-10-09,2002-10-24,6218
2026-10-09,2002-10-25,6217
2026-10-09,2002-10-28,6205
2026-10-09,2002-10-29,6161
2026-10-09,2002-10-30,6171
2026-10-09,2002-10-31,6412
2026-10-09,2002-11-01,6060
2026-10-09,2002-11-04,6072
2026-10-09,2002-11-05,6118
2026-10-09,2002-11-06,6103
2026-10-09,2002-11-07,6122
2026-10-09,2002-11-08,6081
2026-10-09,2002-11-11,6081
2026-10-09,2002-11-12,6147
2026-10-09,2002-11-13,6145
2026-10-09,2002-11-14,6127
2026-10-09,2002-11-15,6164
2026-10-09,2002-11-18,6226
2026-10-09,2002-11-19,6211
2026-10-09,2002-11-20,6114
2026-10-09,2002-11-21,6286
2026-10-09,2002-11-22,6597
2026-10-09,2002-11-25,6231
2026-10-09,2002-11-26,6398
2026-10-09,2002-11-27,6174
2026-10-09,2002-11-28,6227
2026-10-09,2002-11-29,6192
2026-10-09,2002-12-02,6263
2026-10-09,2002-12-03,6245
2026-10-09,2002-12-04,6288
2026-10-09,2002-12-05,6448
2026-10-09,2002-12-06,6456
2026-10-09,2002-12-09,6275
2026-10-09,2002-12-10,6265
2026-10-09,2002-12-11,6253
2026-10-09,2002-12-12,6313
2026-10-09,2002-12-13,6234
2026-10-09,2002-12-16,6279
2026-10-09,2002-12-17,5967
2026-10-09,2002-12-18,6114
2026-10-09,2002-12-19,6128
2026-10-09,2002-12-20,6128
2026-10-09,2002-12-23,6182
2026-10-09,2002-12-24,6213
2026-10-09,2002-12-26,6262
2026-10-09,2002-12-27,6331
2026-10-09,2002-12-30,6314
2026-10-09,2002-12-31,6303
2026-10-09,2003-01-02,6268
2026-10-09,2003-01-03,6352
2026-10-09,2003-01-06,6114
2026-10-09,2003-01-07,6020
2026-10-09,2003-01-08,6002
2026-10-09,2003-01-09,5930
2026-10-09,2003-01-10,6000
2026-10-09,2003-01-13,5975
2026-10-09,2003-01-14,5980
2026-10-09,2003-01-16,5996
2026-10-09,2003-01-17,6095
2026-10-09,2003-01-20,6095
2026-10-09,2003-01-21,6074
2026-10-09,2003-01-22,6178
2026-10-09,2003-01-23,6178
2026-10-09,2003-01-24,6217
2026-10-09,2003-01-27,6165
2026-10-09,2003-01-28,5838
2026-10-09,2003-01-29,5919
2026-10-09,2003-01-30,5968
2026-10-09,2003-01-31,6047
2026-10-09,2003-02-03,6115
2026-10-09,2003-02-04,6141
2026-10-09,2003-02-05,5999
2026-10-09,2003-02-06,6022
2026-10-09,2003-02-07,6037
2026-10-09,2003-02-10,6034
2026-10-09,2003-02-11,6039
2026-10-09,2003-02-12,6093
2026-10-09,2003-02-13,6169
2026-10-09,2003-02-14,6288
2026-10-09,2003-02-17,6288
2026-10-09,2003-02-18,6288
2026-10-09,2003-02-19,6268
2026-10-09,2003-02-20,6394
2026-10-09,2003-02-21,6319
2026-10-09,2003-02-24,6588
2026-10-09,2003-02-25,6417
2026-10-09,2003-02-26,6417
2026-10-09,2003-02-27,6691
2026-10-09,2003-02-28,6691
2026-10-09,2003-03-03,6691
2026-10-09,2003-03-04,6691
2026-10-09,2003-03-05,6758
2026-10-09,2003-03-06,6996
2026-10-09,2003-03-07,6986
2026-10-09,2003-03-10,6997
2026-10-09,2003-03-11,6877
2026-10-09,2003-03-12,6926
2026-10-09,2003-03-13,7004
2026-10-09,2003-03-14,6885
2026-10-09,2003-03-17,6838
2026-10-09,2003-03-18,6813
2026-10-09,2003-03-19,6731
2026-10-09,2003-03-20,6723
2026-10-09,2003-03-21,6633
2026-10-09,2003-03-24,6680
2026-10-09,2003-03-25,6654
2026-10-09,2003-03-26,6165
2026-10-09,2003-03-27,6135
2026-10-09,2003-03-28,6119
2026-10-09,2003-03-31,6119
2026-10-09,2003-04-01,6084
2026-10-09,2003-04-02,5842
2026-10-09,2003-04-03,5658
2026-10-09,2003-04-04,5711
2026-10-09,2003-04-07,5672
2026-10-09,2003-04-08,5631
2026-10-09,2003-04-09,5717
2026-10-09,2003-04-10,5718
2026-10-09,2003-04-11,5592
2026-10-09,2003-04-14,5568
2026-10-09,2003-04-15,5565
2026-10-09,2003-04-16,5586
2026-10-09,2003-04-17,5571
2026-10-09,2003-04-21,5539
2026-10-09,2003-04-22,5373
2026-10-09,2003-04-23,5148
2026-10-09,2003-04-24,5110
2026-10-09,2003-04-25,5245
2026-10-09,2003-04-28,5279
2026-10-09,2003-04-29,5286
2026-10-09,2003-04-30,5138
2026-10-09,2003-05-01,5150
2026-10-09,2003-05-02,5045
2026-10-09,2003-05-05,5058
2026-10-09,2003-05-06,5195
2026-10-09,2003-05-07,5259
2026-10-09,2003-05-08,5213
2026-10-09,2003-05-09,5232
2026-10-09,2003-05-12,5254
2026-10-09,2003-05-13,5071
2026-10-09,2003-05-14,5375
2026-10-09,2003-05-15,5288
2026-10-09,2003-05-16,5578
2026-10-09,2003-05-19,5334
2026-10-09,2003-05-20,5492
2026-10-09,2003-05-21,5249
2026-10-09,2003-05-22,5222
2026-10-09,2003-05-23,5336
2026-10-09,2003-05-26,5336
2026-10-09,2003-05-27,5306
2026-10-09,2003-05-28,5368
2026-10-09,2003-05-29,5234
2026-10-09,2003-05-30,5252
2026-10-09,2003-06-02,5359
2026-10-09,2003-06-03,5327
2026-10-09,2003-06-04,5208
2026-10-09,2003-06-05,5032
2026-10-09,2003-06-06,5068
2026-10-09,2003-06-09,4938
2026-10-09,2003-06-10,4853
2026-10-09,2003-06-11,4692
2026-10-09,2003-06-12,4712
2026-10-09,2003-06-13,4603
2026-10-09,2003-06-16,4463
2026-10-09,2003-06-17,4363
2026-10-09,2003-06-18,4448
2026-10-09,2003-06-19,4471
2026-10-09,2003-06-20,4451
2026-10-09,2003-06-23,4541
2026-10-09,2003-06-24,4604
2026-10-09,2003-06-25,4523
2026-10-09,2003-06-26,4516
2026-10-09,2003-06-27,4523
2026-10-09,2003-06-30,4554
2026-10-09,2003-07-01,4618
2026-10-09,2003-07-02,4606
2026-10-09,2003-07-03,4571
2026-10-09,2003-07-04,4651
2026-10-09,2003-07-07,4678
2026-10-09,2003-07-08,4757
2026-10-09,2003-07-09,4734
2026-10-09,2003-07-10,4767
2026-10-09,2003-07-11,4955
2026-10-09,2003-07-14,4881
2026-10-09,2003-07-15,4836
2026-10-09,2003-07-16,4835
2026-10-09,2003-07-17,5031
2026-10-09,2003-07-18,5042
2026-10-09,2003-07-21,4933
2026-10-09,2003-07-22,4795
2026-10-09,2003-07-23,4800
2026-10-09,2003-07-24,4844
2026-10-09,2003-07-25,4668
2026-10-09,2003-07-28,4707
2026-10-09,2003-07-29,4800
2026-10-09,2003-07-30,4964
2026-10-09,2003-07-31,5046
2026-10-09,2003-08-01,5191
2026-10-09,2003-08-04,5155
2026-10-09,2003-08-05,5065
2026-10-09,2003-08-06,5124
2026-10-09,2003-08-07,5152
2026-10-09,2003-08-08,5088
2026-10-09,2003-08-11,5044
2026-10-09,2003-08-12,4912
2026-10-09,2003-08-13,4856
2026-10-09,2003-08-14,4898
2026-10-09,2003-08-15,4906
2026-10-09,2003-08-18,4961
2026-10-09,2003-08-19,5000
2026-10-09,2003-08-20,5060
2026-10-09,2003-08-21,5062
2026-10-09,2003-08-22,5058
2026-10-09,2003-08-25,4961
2026-10-09,2003-08-26,5086
2026-10-09,2003-08-27,5197
2026-10-09,2003-08-28,5180
2026-10-09,2003-08-29,4884
2026-10-09,2003-09-01,4879
2026-10-09,2003-09-02,4843
2026-10-09,2003-09-03,4799
2026-10-09,2003-09-04,4758
2026-10-09,2003-09-05,4753
2026-10-09,2003-09-08,4714
2026-10-09,2003-09-09,4780
2026-10-09,2003-09-10,4753
2026-10-09,2003-09-11,4723
2026-10-09,2003-09-12,4825
2026-10-09,2003-09-15,4808
2026-10-09,2003-09-16,4893
2026-10-09,2003-09-17,4992
2026-10-09,2003-09-18,4947
2026-10-09,2003-09-19,5126
2026-10-09,2003-09-22,5374
2026-10-09,2003-09-23,5448
2026-10-09,2003-09-24,5379
2026-10-09,2003-09-25,5402
2026-10-09,2003-09-26,5397
2026-10-09,2003-09-29,5445
2026-10-09,2003-09-30,5483
2026-10-09,2003-10-01,5488
2026-10-09,2003-10-02,5497
2026-10-09,2003-10-03,5458
2026-10-09,2003-10-06,5462
2026-10-09,2003-10-07,5351
2026-10-09,2003-10-08,5384
2026-10-09,2003-10-09,5408
2026-10-09,2003-10-10,5369
2026-10-09,2003-10-13,5300
2026-10-09,2003-10-14,5348
2026-10-09,2003-10-15,5341
2026-10-09,2003-10-16,5360
2026-10-09,2003-10-17,5409
2026-10-09,2003-10-20,5440
2026-10-09,2003-10-21,5439
2026-10-09,2003-10-22,5535
2026-10-09,2003-10-23,5543
2026-10-09,2003-10-24,5615
2026-10-09,2003-10-27,5615
2026-10-09,2003-10-28,5612
2026-10-09,2003-10-29,5669
2026-10-09,2003-10-30,5704
2026-10-09,2003-10-31,5704
2026-10-09,2003-11-03,5781
2026-10-09,2003-11-04,5998
2026-10-09,2003-11-05,6018
2026-10-09,2003-11-06,5996
2026-10-09,2003-11-07,6021
2026-10-09,2003-11-10,6005
2026-10-09,2003-11-11,6005
2026-10-09,2003-11-12,6111
2026-10-09,2003-11-13,6186
2026-10-09,2003-11-14,6263
2026-10-09,2003-11-17,6377
2026-10-09,2003-11-18,6385
2026-10-09,2003-11-19,6379
2026-10-09,2003-11-20,6425
2026-10-09,2003-11-21,6507
2026-10-09,2003-11-24,6453
2026-10-09,2003-11-25,6226
2026-10-09,2003-11-26,6256
2026-10-09,2003-11-27,6256
2026-10-09,2003-11-28,6260
2026-10-09,2003-12-01,6237
2026-10-09,2003-12-02,6184
2026-10-09,2003-12-03,6215
2026-10-09,2003-12-04,6040
2026-10-09,2003-12-05,6091
2026-10-09,2003-12-08,5986
2026-10-09,2003-12-09,5828
2026-10-09,2003-12-10,5616
2026-10-09,2003-12-11,5733
2026-10-09,2003-12-12,5760
2026-10-09,2003-12-15,5952
2026-10-09,2003-12-16,5444
2026-10-09,2003-12-17,5510
2026-10-09,2003-12-18,5580
2026-10-09,2003-12-19,5583
2026-10-09,2003-12-22,5589
2026-10-09,2003-12-23,5606
2026-10-09,2003-12-24,5605
2026-10-09,2003-12-26,5629
2026-10-09,2003-12-29,5621
2026-10-09,2003-12-30,5625
2026-10-09,2003-12-31,5631
2026-10-09,2004-01-02,5580
2026-10-09,2004-01-05,5459
2026-10-09,2004-01-06,5260
2026-10-09,2004-01-07,5192
2026-10-09,2004-01-08,5094
2026-10-09,2004-01-09,5146
2026-10-09,2004-01-12,5287
2026-10-09,2004-01-13,5421
2026-10-09,2004-01-14,5566
2026-10-09,2004-01-15,5605
2026-10-09,2004-01-16,5705
2026-10-09,2004-01-19,5705
2026-10-09,2004-01-20,5699
2026-10-09,2004-01-21,5820
2026-10-09,2004-01-22,5871
2026-10-09,2004-01-23,5855
2026-10-09,2004-01-26,5896
2026-10-09,2004-01-27,5680
2026-10-09,2004-01-28,5654
2026-10-09,2004-01-29,5722
2026-10-09,2004-01-30,5764
2026-10-09,2004-02-02,5858
2026-10-09,2004-02-03,5805
2026-10-09,2004-02-04,5801
2026-10-09,2004-02-05,5821
2026-10-09,2004-02-06,5842
2026-10-09,2004-02-09,5837
2026-10-09,2004-02-10,5916
2026-10-09,2004-02-11,5794
2026-10-09,2004-02-12,5599
2026-10-09,2004-02-13,5437
2026-10-09,2004-02-16,5437
2026-10-09,2004-02-17,5498
2026-10-09,2004-02-18,5549
2026-10-09,2004-02-19,5560
2026-10-09,2004-02-20,5550
2026-10-09,2004-02-23,5624
2026-10-09,2004-02-24,5618
2026-10-09,2004-02-25,5697
2026-10-09,2004-02-26,5699
2026-10-09,2004-02-27,5865
2026-10-09,2004-03-01,5839
2026-10-09,2004-03-02,5794
2026-10-09,2004-03-03,5849
2026-10-09,2004-03-04,5839
2026-10-09,2004-03-05,5970
2026-10-09,2004-03-08,5963
2026-10-09,2004-03-09,5872
2026-10-09,2004-03-10,5892
2026-10-09,2004-03-11,5679
2026-10-09,2004-03-12,5574
2026-10-09,2004-03-15,5606
2026-10-09,2004-03-16,5618
2026-10-09,2004-03-17,5606
2026-10-09,2004-03-18,5596
2026-10-09,2004-03-19,5608
2026-10-09,2004-03-22,5664
2026-10-09,2004-03-23,5658
2026-10-09,2004-03-24,5740
2026-10-09,2004-03-25,5758
2026-10-09,2004-03-26,5496
2026-10-09,2004-03-29,4889
2026-10-09,2004-03-30,4881
2026-10-09,2004-03-31,4872
2026-10-09,2004-04-01,4772
2026-10-09,2004-04-02,4729
2026-10-09,2004-04-05,4764
2026-10-09,2004-04-06,4747
2026-10-09,2004-04-07,4721
2026-10-09,2004-04-08,4727
2026-10-09,2004-04-12,4740
2026-10-09,2004-04-13,4696
2026-10-09,2004-04-14,4757
2026-10-09,2004-04-15,4754
2026-10-09,2004-04-16,4630
2026-10-09,2004-04-19,4662
2026-10-09,2004-04-20,4667
2026-10-09,2004-04-21,4645
2026-10-09,2004-04-22,4675
2026-10-09,2004-04-23,4492
2026-10-09,2004-04-26,4497
2026-10-09,2004-04-27,4592
2026-10-09,2004-04-28,4631
2026-10-09,2004-04-29,4650
2026-10-09,2004-04-30,4628
2026-10-09,2004-05-03,4694
2026-10-09,2004-05-04,4686
2026-10-09,2004-05-05,4696
2026-10-09,2004-05-06,4718
2026-10-09,2004-05-07,4695
2026-10-09,2004-05-10,4799
2026-10-09,2004-05-11,4813
2026-10-09,2004-05-12,4819
2026-10-09,2004-05-13,4822
2026-10-09,2004-05-14,4908
2026-10-09,2004-05-17,4933
2026-10-09,2004-05-18,4945
2026-10-09,2004-05-19,4980
2026-10-09,2004-05-20,5062
2026-10-09,2004-05-21,5074
2026-10-09,2004-05-24,5127
2026-10-09,2004-05-25,5040
2026-10-09,2004-05-26,4917
2026-10-09,2004-05-27,4975
2026-10-09,2004-05-28,4964
2026-10-09,2004-05-31,4950
2026-10-09,2004-06-01,4689
2026-10-09,2004-06-02,4817
2026-10-09,2004-06-03,5047
2026-10-09,2004-06-04,5013
2026-10-09,2004-06-07,5004
2026-10-09,2004-06-08,5032
2026-10-09,2004-06-09,5098
2026-10-09,2004-06-10,5017
2026-10-09,2004-06-11,5024
2026-10-09,2004-06-14,5049
2026-10-09,2004-06-15,5116
2026-10-09,2004-06-16,4864
2026-10-09,2004-06-17,5025
2026-10-09,2004-06-18,5026
2026-10-09,2004-06-21,5034
2026-10-09,2004-06-22,5057
2026-10-09,2004-06-23,5037
2026-10-09,2004-06-24,5061
2026-10-09,2004-06-25,5107
2026-10-09,2004-06-28,5089
2026-10-09,2004-06-29,5133
2026-10-09,2004-06-30,5188
2026-10-09,2004-07-01,5171
2026-10-09,2004-07-02,5125
2026-10-09,2004-07-05,5125
2026-10-09,2004-07-06,5095
2026-10-09,2004-07-07,5128
2026-10-09,2004-07-08,4993
2026-10-09,2004-07-09,4993
2026-10-09,2004-07-12,5025
2026-10-09,2004-07-13,4920
2026-10-09,2004-07-14,4918
2026-10-09,2004-07-15,4978
2026-10-09,2004-07-16,4926
2026-10-09,2004-07-19,4976
2026-10-09,2004-07-20,5001
2026-10-09,2004-07-21,5050
2026-10-09,2004-07-22,5070
2026-10-09,2004-07-23,5072
2026-10-09,2004-07-26,5104
2026-10-09,2004-07-27,4910
2026-10-09,2004-07-28,4982
2026-10-09,2004-07-29,4962
2026-10-09,2004-07-30,5036
2026-10-09,2004-08-02,5031
2026-10-09,2004-08-03,5110
2026-10-09,2004-08-04,5136
2026-10-09,2004-08-05,5094
2026-10-09,2004-08-06,5175
2026-10-09,2004-08-09,5233
2026-10-09,2004-08-10,5308
2026-10-09,2004-08-11,5215
2026-10-09,2004-08-12,5243
2026-10-09,2004-08-13,5233
2026-10-09,2004-08-16,5226
2026-10-09,2004-08-17,5251
2026-10-09,2004-08-18,5242
2026-10-09,2004-08-19,5233
2026-10-09,2004-08-20,5205
2026-10-09,2004-08-23,5146
2026-10-09,2004-08-24,5160
2026-10-09,2004-08-25,5189
2026-10-09,2004-08-26,5239
2026-10-09,2004-08-27,5206
2026-10-09,2004-08-30,5223
2026-10-09,2004-08-31,5258
2026-10-09,2004-09-01,5321
2026-10-09,2004-09-02,5191
2026-10-09,2004-09-03,5197
2026-10-09,2004-09-06,5197
2026-10-09,2004-09-07,5239
2026-10-09,2004-09-08,5289
2026-10-09,2004-09-09,5286
2026-10-09,2004-09-10,5321
2026-10-09,2004-09-13,5388
2026-10-09,2004-09-14,5432
2026-10-09,2004-09-15,5454
2026-10-09,2004-09-16,5458
2026-10-09,2004-09-17,5564
2026-10-09,2004-09-20,5569
2026-10-09,2004-09-21,5588
2026-10-09,2004-09-22,5647
2026-10-09,2004-09-23,5677
2026-10-09,2004-09-24,5470
2026-10-09,2004-09-27,5481
2026-10-09,2004-09-28,5468
2026-10-09,2004-09-29,5566
2026-10-09,2004-09-30,5440
2026-10-09,2004-10-01,5221
2026-10-09,2004-10-04,5189
2026-10-09,2004-10-05,5224
2026-10-09,2004-10-06,5230
2026-10-09,2004-10-07,5250
2026-10-09,2004-10-08,5274
2026-10-09,2004-10-11,5274
2026-10-09,2004-10-12,5352
2026-10-09,2004-10-13,5375
2026-10-09,2004-10-14,5459
2026-10-09,2004-10-15,5458
2026-10-09,2004-10-18,5460
2026-10-09,2004-10-19,5497
2026-10-09,2004-10-20,5531
2026-10-09,2004-10-21,5576
2026-10-09,2004-10-22,5585
2026-10-09,2004-10-25,5510
2026-10-09,2004-10-26,5507
2026-10-09,2004-10-27,5396
2026-10-09,2004-10-28,5409
2026-10-09,2004-10-29,5440
2026-10-09,2004-11-01,5347
2026-10-09,2004-11-02,5281
2026-10-09,2004-11-03,5281
2026-10-09,2004-11-04,5150
2026-10-09,2004-11-05,5136
2026-10-09,2004-11-08,5122
2026-10-09,2004-11-09,5155
2026-10-09,2004-11-10,5184
2026-10-09,2004-11-11,5185
2026-10-09,2004-11-12,5190
2026-10-09,2004-11-15,5167
2026-10-09,2004-11-16,5174
2026-10-09,2004-11-17,5121
2026-10-09,2004-11-18,5149
2026-10-09,2004-11-19,5147
2026-10-09,2004-11-22,5297
2026-10-09,2004-11-23,5370
2026-10-09,2004-11-24,5245
2026-10-09,2004-11-25,5245
2026-10-09,2004-11-26,5229
2026-10-09,2004-11-29,5214
2026-10-09,2004-11-30,5193
2026-10-09,2004-12-01,5182
2026-10-09,2004-12-02,5210
2026-10-09,2004-12-03,5268
2026-10-09,2004-12-06,5270
2026-10-09,2004-12-07,5307
2026-10-09,2004-12-08,5381
2026-10-09,2004-12-09,5334
2026-10-09,2004-12-10,5247
2026-10-09,2004-12-13,5253
2026-10-09,2004-12-14,5484
2026-10-09,2004-12-15,4688
2026-10-09,2004-12-16,4660
2026-10-09,2004-12-17,4676
2026-10-09,2004-12-20,4650
2026-10-09,2004-12-21,4681
2026-10-09,2004-12-22,4663
2026-10-09,2004-12-23,4668
2026-10-09,2004-12-24,4668
2026-10-09,2004-12-27,4641
2026-10-09,2004-12-28,4631
2026-10-09,2004-12-29,4647
2026-10-09,2004-12-30,4654
2026-10-09,2004-12-31,4702
2026-10-09,2005-01-03,4704
2026-10-09,2005-01-04,4717
2026-10-09,2005-01-05,4756
2026-10-09,2005-01-06,4809
2026-10-09,2005-01-07,4835
2026-10-09,2005-01-10,4857
2026-10-09,2005-01-11,4873
2026-10-09,2005-01-12,4872
2026-10-09,2005-01-13,4856
2026-10-09,2005-01-14,4925
2026-10-09,2005-01-17,4936
2026-10-09,2005-01-18,5209
2026-10-09,2005-01-19,5330
2026-10-09,2005-01-20,5200
2026-10-09,2005-01-21,5183
2026-10-09,2005-01-24,5195
2026-10-09,2005-01-25,5196
2026-10-09,2005-01-26,5022
2026-10-09,2005-01-27,5065
2026-10-09,2005-01-28,5120
2026-10-09,2005-01-31,5128
2026-10-09,2005-02-01,5196
2026-10-09,2005-02-02,5223
2026-10-09,2005-02-03,5163
2026-10-09,2005-02-04,5147
2026-10-09,2005-02-07,5079
2026-10-09,2005-02-08,5093
2026-10-09,2005-02-09,5101
2026-10-09,2005-02-10,5097
2026-10-09,2005-02-11,4973
2026-10-09,2005-02-14,4925
2026-10-09,2005-02-15,4921
2026-10-09,2005-02-16,4978
2026-10-09,2005-02-17,4969
2026-10-09,2005-02-18,4943
2026-10-09,2005-02-21,4943
2026-10-09,2005-02-22,4939
2026-10-09,2005-02-23,4970
2026-10-09,2005-02-24,4988
2026-10-09,2005-02-25,5003
2026-10-09,2005-02-28,4980
2026-10-09,2005-03-01,4982
2026-10-09,2005-03-02,5001
2026-10-09,2005-03-03,5008
2026-10-09,2005-03-04,5052
2026-10-09,2005-03-07,5074
2026-10-09,2005-03-08,5047
2026-10-09,2005-03-09,5017
2026-10-09,2005-03-10,5048
2026-10-09,2005-03-11,5028
2026-10-09,2005-03-14,5045
2026-10-09,2005-03-15,5041
2026-10-09,2005-03-16,5079
2026-10-09,2005-03-17,5101
2026-10-09,2005-03-18,5090
2026-10-09,2005-03-21,5092
2026-10-09,2005-03-22,5092
2026-10-09,2005-03-23,5111
2026-10-09,2005-03-24,5129
2026-10-09,2005-03-28,5114
2026-10-09,2005-03-29,5309
2026-10-09,2005-03-30,5358
2026-10-09,2005-03-31,5393
2026-10-09,2005-04-01,5420
2026-10-09,2005-04-04,5432
2026-10-09,2005-04-05,5432
2026-10-09,2005-04-06,5468
2026-10-09,2005-04-07,5459
2026-10-09,2005-04-08,5414
2026-10-09,2005-04-11,5446
2026-10-09,2005-04-12,5491
2026-10-09,2005-04-13,5512
2026-10-09,2005-04-14,5517
2026-10-09,2005-04-15,5627
2026-10-09,2005-04-18,5655
2026-10-09,2005-04-19,6130
2026-10-09,2005-04-20,6155
2026-10-09,2005-04-21,6126
2026-10-09,2005-04-22,6171
2026-10-09,2005-04-25,6193
2026-10-09,2005-04-26,6197
2026-10-09,2005-04-27,6248
2026-10-09,2005-04-28,6292
2026-10-09,2005-04-29,6294
2026-10-09,2005-05-02,6312
2026-10-09,2005-05-03,6316
2026-10-09,2005-05-04,6342
2026-10-09,2005-05-05,6242
2026-10-09,2005-05-06,6060
2026-10-09,2005-05-09,6076
2026-10-09,2005-05-10,6113
2026-10-09,2005-05-11,6166
2026-10-09,2005-05-12,6192
2026-10-09,2005-05-13,6232
2026-10-09,2005-05-16,6246
2026-10-09,2005-05-17,6268
2026-10-09,2005-05-18,6396
2026-10-09,2005-05-19,6392
2026-10-09,2005-05-20,6408
2026-10-09,2005-05-23,6459
2026-10-09,2005-05-24,6487
2026-10-09,2005-05-25,6292
2026-10-09,2005-05-26,6410
2026-10-09,2005-05-27,6422
2026-10-09,2005-05-30,6422
2026-10-09,2005-05-31,6497
2026-10-09,2005-06-01,6594
2026-10-09,2005-06-02,6631
2026-10-09,2005-06-03,6604
2026-10-09,2005-06-06,6636
2026-10-09,2005-06-07,6667
2026-10-09,2005-06-08,6769
2026-10-09,2005-06-09,6768
2026-10-09,2005-06-10,6606
2026-10-09,2005-06-13,794
2026-10-09,2005-06-14,904
2026-10-09,2005-06-15,889
2026-10-09,2005-06-16,889
2026-10-09,2005-06-17,885
2026-10-09,2005-06-20,879
2026-10-09,2005-06-21,880
2026-10-09,2005-06-22,878
2026-10-09,2005-06-23,891
2026-10-09,2005-06-24,890
2026-10-09,2005-06-27,893
2026-10-09,2005-06-28,879
2026-10-09,2005-06-29,865
2026-10-09,2005-06-30,462
2026-10-09,2005-07-01,453
2026-10-09,2005-07-04,453
2026-10-09,2005-07-05,446
2026-10-09,2005-07-06,453
2026-10-09,2005-07-07,438
2026-10-09,2005-07-08,418
2026-10-09,2005-07-11,420
2026-10-09,2005-07-12,405
2026-10-09,2005-07-13,411
2026-10-09,2005-07-14,415
2026-10-09,2005-07-15,418
2026-10-09,2005-07-18,425
2026-10-09,2005-07-19,428
2026-10-09,2005-07-20,422
2026-10-09,2005-07-21,418
2026-10-09,2005-07-22,422
2026-10-09,2005-07-25,428
2026-10-09,2005-07-26,428
2026-10-09,2005-07-27,423
2026-10-09,2005-07-28,416
2026-10-09,2005-07-29,412
2026-10-09,2005-08-01,410
2026-10-09,2005-08-02,405
2026-10-09,2005-08-03,404
2026-10-09,2005-08-04,399
2026-10-09,2005-08-05,391
2026-10-09,2005-08-08,399
2026-10-09,2005-08-09,399
2026-10-09,2005-08-10,395
2026-10-09,2005-08-11,410
2026-10-09,2005-08-12,418
2026-10-09,2005-08-15,412
2026-10-09,2005-08-16,417
2026-10-09,2005-08-17,417
2026-10-09,2005-08-18,425
2026-10-09,2005-08-19,433
2026-10-09,2005-08-22,429
2026-10-09,2005-08-23,431
2026-10-09,2005-08-24,443
2026-10-09,2005-08-25,437
2026-10-09,2005-08-26,437
2026-10-09,2005-08-29,439
2026-10-09,2005-08-30,444
2026-10-09,2005-08-31,438
2026-10-09,2005-09-01,429
2026-10-09,2005-09-02,414
2026-10-09,2005-09-05,414
2026-10-09,2005-09-06,414
2026-10-09,2005-09-07,405
2026-10-09,2005-09-08,406
2026-10-09,2005-09-09,409
2026-10-09,2005-09-12,408
2026-10-09,2005-09-13,415
2026-10-09,2005-09-14,407
2026-10-09,2005-09-15,397
2026-10-09,2005-09-16,388
2026-10-09,2005-09-19,387
2026-10-09,2005-09-20,393
2026-10-09,2005-09-21,390
2026-10-09,2005-09-22,397
2026-10-09,2005-09-23,391
2026-10-09,2005-09-26,385
2026-10-09,2005-09-27,387
2026-10-09,2005-09-28,376
2026-10-09,2005-09-29,363
2026-10-09,2005-09-30,349
2026-10-09,2005-10-03,342
2026-10-09,2005-10-04,354
2026-10-09,2005-10-05,365
2026-10-09,2005-10-06,386
2026-10-09,2005-10-07,372
2026-10-09,2005-10-10,372
2026-10-09,2005-10-11,381
2026-10-09,2005-10-12,404
2026-10-09,2005-10-13,411
2026-10-09,2005-10-14,408
2026-10-09,2005-10-17,404
2026-10-09,2005-10-18,400
2026-10-09,2005-10-19,404
2026-10-09,2005-10-20,414
2026-10-09,2005-10-21,423
2026-10-09,2005-10-24,411
2026-10-09,2005-10-25,398
2026-10-09,2005-10-26,396
2026-10-09,2005-10-27,404
2026-10-09,2005-10-28,388
2026-10-09,2005-10-31,370
2026-10-09,2005-11-01,374
2026-10-09,2005-11-02,374
2026-10-09,2005-11-03,375
2026-10-09,2005-11-04,381
2026-10-09,2005-11-07,380
2026-10-09,2005-11-08,381
2026-10-09,2005-11-09,385
2026-10-09,2005-11-10,390
2026-10-09,2005-11-11,390
2026-10-09,2005-11-14,389
2026-10-09,2005-11-15,387
2026-10-09,2005-11-16,379
2026-10-09,2005-11-17,367
2026-10-09,2005-11-18,367
2026-10-09,2005-11-21,362
2026-10-09,2005-11-22,359
2026-10-09,2005-11-23,352
2026-10-09,2005-11-24,352
2026-10-09,2005-11-25,354
2026-10-09,2005-11-28,375
2026-10-09,2005-11-29,384
2026-10-09,2005-11-30,495
2026-10-09,2005-12-01,486
2026-10-09,2005-12-02,478
2026-10-09,2005-12-05,476
2026-10-09,2005-12-06,473
2026-10-09,2005-12-07,473
2026-10-09,2005-12-08,488
2026-10-09,2005-12-09,484
2026-10-09,2005-12-12,493
2026-10-09,2005-12-13,492
2026-10-09,2005-12-14,484
2026-10-09,2005-12-15,490
2026-10-09,2005-12-16,510
2026-10-09,2005-12-19,514
2026-10-09,2005-12-20,511
2026-10-09,2005-12-21,504
2026-10-09,2005-12-22,495
2026-10-09,2005-12-23,500
2026-10-09,2005-12-26,500
2026-10-09,2005-12-27,498
2026-10-09,2005-12-28,501
2026-10-09,2005-12-29,499
2026-10-09,2005-12-30,503
2026-10-09,2006-01-02,503
2026-10-09,2006-01-03,491
2026-10-09,2006-01-04,475
2026-10-09,2006-01-05,477
2026-10-09,2006-01-06,459
2026-10-09,2006-01-09,459
2026-10-09,2006-01-10,459
2026-10-09,2006-01-11,454
2026-10-09,2006-01-12,464
2026-10-09,2006-01-13,466
2026-10-09,2006-01-16,466
2026-10-09,2006-01-17,473
2026-10-09,2006-01-18,474
2026-10-09,2006-01-19,459
2026-10-09,2006-01-20,454
2026-10-09,2006-01-23,449
2026-10-09,2006-01-24,443
2026-10-09,2006-01-25,443
2026-10-09,2006-01-26,439
2026-10-09,2006-01-27,434
2026-10-09,2006-01-30,434
2026-10-09,2006-01-31,440
2026-10-09,2006-02-01,425
2026-10-09,2006-02-02,416
2026-10-09,2006-02-03,408
2026-10-09,2006-02-06,397
2026-10-09,2006-02-07,404
2026-10-09,2006-02-08,397
2026-10-09,2006-02-09,393
2026-10-09,2006-02-10,369
2026-10-09,2006-02-13,375
2026-10-09,2006-02-14,376
2026-10-09,2006-02-15,374
2026-10-09,2006-02-16,374
2026-10-09,2006-02-17,373
2026-10-09,2006-02-20,373
2026-10-09,2006-02-21,371
2026-10-09,2006-02-22,372
2026-10-09,2006-02-23,363
2026-10-09,2006-02-24,362
2026-10-09,2006-02-27,351
2026-10-09,2006-02-28,353
2026-10-09,2006-03-01,346
2026-10-09,2006-03-02,343
2026-10-09,2006-03-03,343
2026-10-09,2006-03-06,351
2026-10-09,2006-03-07,367
2026-10-09,2006-03-08,372
2026-10-09,2006-03-09,367
2026-10-09,2006-03-10,353
2026-10-09,2006-03-13,348
2026-10-09,2006-03-14,353
2026-10-09,2006-03-15,339
2026-10-09,2006-03-16,333
2026-10-09,2006-03-17,332
2026-10-09,2006-03-20,335
2026-10-09,2006-03-21,343
2026-10-09,2006-03-22,350
2026-10-09,2006-03-23,353
2026-10-09,2006-03-24,355
2026-10-09,2006-03-27,353
2026-10-09,2006-03-28,353
2026-10-09,2006-03-29,349
2026-10-09,2006-03-30,343
2026-10-09,2006-03-31,344
2026-10-09,2006-04-03,342
2026-10-09,2006-04-04,339
2026-10-09,2006-04-05,345
2026-10-09,2006-04-06,343
2026-10-09,2006-04-07,345
2026-10-09,2006-04-10,349
2026-10-09,2006-04-11,350
2026-10-09,2006-04-12,344
2026-10-09,2006-04-13,342
2026-10-09,2006-04-17,337
2026-10-09,2006-04-18,325
2026-10-09,2006-04-19,317
2026-10-09,2006-04-20,319
2026-10-09,2006-04-21,320
2026-10-09,2006-04-24,323
2026-10-09,2006-04-25,318
2026-10-09,2006-04-26,314
2026-10-09,2006-04-27,313
2026-10-09,2006-04-28,313
2026-10-09,2006-05-01,309
2026-10-09,2006-05-02,310
2026-10-09,2006-05-03,311
2026-10-09,2006-05-04,310
2026-10-09,2006-05-05,313
2026-10-09,2006-05-08,313
2026-10-09,2006-05-09,318
2026-10-09,2006-05-10,316
2026-10-09,2006-05-11,319
2026-10-09,2006-05-12,328
2026-10-09,2006-05-15,354
2026-10-09,2006-05-16,343
2026-10-09,2006-05-17,359
2026-10-09,2006-05-18,358
2026-10-09,2006-05-19,362
2026-10-09,2006-05-22,383
2026-10-09,2006-05-23,375
2026-10-09,2006-05-24,388
2026-10-09,2006-05-25,364
2026-10-09,2006-05-26,359
2026-10-09,2006-05-29,359
2026-10-09,2006-05-30,370
2026-10-09,2006-05-31,368
2026-10-09,2006-06-01,352
2026-10-09,2006-06-02,371
2026-10-09,2006-06-05,373
2026-10-09,2006-06-06,378
2026-10-09,2006-06-07,372
2026-10-09,2006-06-08,379
2026-10-09,2006-06-09,376
2026-10-09,2006-06-12,383
2026-10-09,2006-06-13,391
2026-10-09,2006-06-14,382
2026-10-09,2006-06-15,365
2026-10-09,2006-06-16,372
2026-10-09,2006-06-19,375
2026-10-09,2006-06-20,375
2026-10-09,2006-06-21,379
2026-10-09,2006-06-22,388
2026-10-09,2006-06-23,397
2026-10-09,2006-06-26,411
2026-10-09,2006-06-27,419
2026-10-09,2006-06-28,408
2026-10-09,2006-06-29,390
2026-10-09,2006-06-30,384
2026-10-09,2006-07-03,372
2026-10-09,2006-07-04,372
2026-10-09,2006-07-05,380
2026-10-09,2006-07-06,376
2026-10-09,2006-07-07,372
2026-10-09,2006-07-10,364
2026-10-09,2006-07-11,362
2026-10-09,2006-07-12,377
2026-10-09,2006-07-13,385
2026-10-09,2006-07-14,384
2026-10-09,2006-07-17,383
2026-10-09,2006-07-18,370
2026-10-09,2006-07-19,363
2026-10-09,2006-07-20,349
2026-10-09,2006-07-21,349
2026-10-09,2006-07-24,339
2026-10-09,2006-07-25,343
2026-10-09,2006-07-26,333
2026-10-09,2006-07-27,336
2026-10-09,2006-07-28,342
2026-10-09,2006-07-31,346
2026-10-09,2006-08-01,346
2026-10-09,2006-08-02,344
2026-10-09,2006-08-03,341
2026-10-09,2006-08-04,336
2026-10-09,2006-08-07,330
2026-10-09,2006-08-08,323
2026-10-09,2006-08-09,320
2026-10-09,2006-08-10,323
2026-10-09,2006-08-11,321
2026-10-09,2006-08-14,317
2026-10-09,2006-08-15,319
2026-10-09,2006-08-16,308
2026-10-09,2006-08-17,310
2026-10-09,2006-08-18,313
2026-10-09,2006-08-21,317
2026-10-09,2006-08-22,323
2026-10-09,2006-08-23,328
2026-10-09,2006-08-24,331
2026-10-09,2006-08-25,328
2026-10-09,2006-08-28,327
2026-10-09,2006-08-29,327
2026-10-09,2006-08-30,319
2026-10-09,2006-08-31,320
2026-10-09,2006-09-01,319
2026-10-09,2006-09-04,319
2026-10-09,2006-09-05,305
2026-10-09,2006-09-06,312
2026-10-09,2006-09-07,313
2026-10-09,2006-09-08,319
2026-10-09,2006-09-11,321
2026-10-09,2006-09-12,319
2026-10-09,2006-09-13,323
2026-10-09,2006-09-14,323
2026-10-09,2006-09-15,319
2026-10-09,2006-09-18,317
2026-10-09,2006-09-19,327
2026-10-09,2006-09-20,336
2026-10-09,2006-09-21,359
2026-10-09,2006-09-22,367
2026-10-09,2006-09-25,372
2026-10-09,2006-09-26,352
2026-10-09,2006-09-27,351
2026-10-09,2006-09-28,339
2026-10-09,2006-09-29,341
2026-10-09,2006-10-02,337
2026-10-09,2006-10-03,346
2026-10-09,2006-10-04,341
2026-10-09,2006-10-05,324
2026-10-09,2006-10-06,322
2026-10-09,2006-10-09,322
2026-10-09,2006-10-10,313
2026-10-09,2006-10-11,314
2026-10-09,2006-10-12,301
2026-10-09,2006-10-13,289
2026-10-09,2006-10-16,283
2026-10-09,2006-10-17,293
2026-10-09,2006-10-18,287
2026-10-09,2006-10-19,284
2026-10-09,2006-10-20,288
2026-10-09,2006-10-23,286
2026-10-09,2006-10-24,288
2026-10-09,2006-10-25,283
2026-10-09,2006-10-26,279
2026-10-09,2006-10-27,282
2026-10-09,2006-10-30,290
2026-10-09,2006-10-31,293
2026-10-09,2006-11-01,293
2026-10-09,2006-11-02,288
2026-10-09,2006-11-03,278
2026-10-09,2006-11-06,278
2026-10-09,2006-11-07,285
2026-10-09,2006-11-08,286
2026-10-09,2006-11-09,290
2026-10-09,2006-11-10,297
2026-10-09,2006-11-13,284
2026-10-09,2006-11-14,287
2026-10-09,2006-11-15,282
2026-10-09,2006-11-16,281
2026-10-09,2006-11-17,290
2026-10-09,2006-11-20,289
2026-10-09,2006-11-21,294
2026-10-09,2006-11-22,296
2026-10-09,2006-11-23,296
2026-10-09,2006-11-24,298
2026-10-09,2006-11-27,309
2026-10-09,2006-11-28,310
2026-10-09,2006-11-29,297
2026-10-09,2006-11-30,297
2026-10-09,2006-12-01,306
2026-10-09,2006-12-04,298
2026-10-09,2006-12-05,293
2026-10-09,2006-12-06,284
2026-10-09,2006-12-07,276
2026-10-09,2006-12-08,262
2026-10-09,2006-12-11,254
2026-10-09,2006-12-12,252
2026-10-09,2006-12-13,247
2026-10-09,2006-12-14,242
2026-10-09,2006-12-15,239
2026-10-09,2006-12-18,239
2026-10-09,2006-12-19,235
2026-10-09,2006-12-20,229
2026-10-09,2006-12-21,228
2026-10-09,2006-12-22,229
2026-10-09,2006-12-26,231
2026-10-09,2006-12-27,223
2026-10-09,2006-12-28,215
2026-10-09,2006-12-29,215
2026-10-09,2007-01-02,218
2026-10-09,2007-01-03,204
2026-10-09,2007-01-04,217
2026-10-09,2007-01-05,223
2026-10-09,2007-01-08,220
2026-10-09,2007-01-09,228
2026-10-09,2007-01-10,225
2026-10-09,2007-01-11,213
2026-10-09,2007-01-12,207
2026-10-09,2007-01-15,207
2026-10-09,2007-01-16,202
2026-10-09,2007-01-17,192
2026-10-09,2007-01-18,194
2026-10-09,2007-01-19,192
2026-10-09,2007-01-22,194
2026-10-09,2007-01-23,190
2026-10-09,2007-01-24,190
2026-10-09,2007-01-25,186
2026-10-09,2007-01-26,184
2026-10-09,2007-01-29,185
2026-10-09,2007-01-30,185
2026-10-09,2007-01-31,192
2026-10-09,2007-02-01,185
2026-10-09,2007-02-02,188
2026-10-09,2007-02-05,189
2026-10-09,2007-02-06,191
2026-10-09,2007-02-07,204
2026-10-09,2007-02-08,214
2026-10-09,2007-02-09,218
2026-10-09,2007-02-12,215
2026-10-09,2007-02-13,205
2026-10-09,2007-02-14,205
2026-10-09,2007-02-15,206
2026-10-09,2007-02-16,209
2026-10-09,2007-02-19,209
2026-10-09,2007-02-20,208
2026-10-09,2007-02-21,207
2026-10-09,2007-02-22,201
2026-10-09,2007-02-23,209
2026-10-09,2007-02-26,214
2026-10-09,2007-02-27,239
2026-10-09,2007-02-28,228
2026-10-09,2007-03-01,228
2026-10-09,2007-03-02,236
2026-10-09,2007-03-05,239
2026-10-09,2007-03-06,234
2026-10-09,2007-03-07,235
2026-10-09,2007-03-08,230
2026-10-09,2007-03-09,216
2026-10-09,2007-03-12,218
2026-10-09,2007-03-13,227
2026-10-09,2007-03-14,220
2026-10-09,2007-03-15,220
2026-10-09,2007-03-16,220
2026-10-09,2007-03-19,217
2026-10-09,2007-03-20,219
2026-10-09,2007-03-21,217
2026-10-09,2007-03-22,207
2026-10-09,2007-03-23,209
2026-10-09,2007-03-26,210
2026-10-09,2007-03-27,208
2026-10-09,2007-03-28,208
2026-10-09,2007-03-29,208
2026-10-09,2007-03-30,204
2026-10-09,2007-04-02,204
2026-10-09,2007-04-03,203
2026-10-09,2007-04-04,202
2026-10-09,2007-04-05,202
2026-10-09,2007-04-09,197
2026-10-09,2007-04-10,200
2026-10-09,2007-04-11,202
2026-10-09,2007-04-12,216
2026-10-09,2007-04-13,234
2026-10-09,2007-04-16,237
2026-10-09,2007-04-17,250
2026-10-09,2007-04-18,254
2026-10-09,2007-04-19,261
2026-10-09,2007-04-20,255
2026-10-09,2007-04-23,257
2026-10-09,2007-04-24,260
2026-10-09,2007-04-25,260
2026-10-09,2007-04-26,263
2026-10-09,2007-04-27,262
2026-10-09,2007-04-30,272
2026-10-09,2007-05-01,272
2026-10-09,2007-05-02,273
2026-10-09,2007-05-03,276
2026-10-09,2007-05-04,287
2026-10-09,2007-05-07,291
2026-10-09,2007-05-08,288
2026-10-09,2007-05-09,286
2026-10-09,2007-05-10,288
2026-10-09,2007-05-11,288
2026-10-09,2007-05-14,290
2026-10-09,2007-05-15,283
2026-10-09,2007-05-16,274
2026-10-09,2007-05-17,270
2026-10-09,2007-05-18,269
2026-10-09,2007-05-21,265
2026-10-09,2007-05-22,263
2026-10-09,2007-05-23,264
2026-10-09,2007-05-24,276
2026-10-09,2007-05-25,271
2026-10-09,2007-05-28,271
2026-10-09,2007-05-29,276
2026-10-09,2007-05-30,281
2026-10-09,2007-05-31,277
2026-10-09,2007-06-01,271
2026-10-09,2007-06-04,275
2026-10-09,2007-06-05,274
2026-10-09,2007-06-06,286
2026-10-09,2007-06-07,290
2026-10-09,2007-06-08,292
2026-10-09,2007-06-11,292
2026-10-09,2007-06-12,306
2026-10-09,2007-06-13,310
2026-10-09,2007-06-14,289
2026-10-09,2007-06-15,275
2026-10-09,2007-06-18,267
2026-10-09,2007-06-19,267
2026-10-09,2007-06-20,275
2026-10-09,2007-06-21,280
2026-10-09,2007-06-22,285
2026-10-09,2007-06-25,303
2026-10-09,2007-06-26,312
2026-10-09,2007-06-27,323
2026-10-09,2007-06-28,303
2026-10-09,2007-06-29,325
2026-10-09,2007-07-02,320
2026-10-09,2007-07-03,318
2026-10-09,2007-07-04,318
2026-10-09,2007-07-05,317
2026-10-09,2007-07-06,307
2026-10-09,2007-07-09,308
2026-10-09,2007-07-10,324
2026-10-09,2007-07-11,319
2026-10-09,2007-07-12,303
2026-10-09,2007-07-13,313
2026-10-09,2007-07-16,318
2026-10-09,2007-07-17,322
2026-10-09,2007-07-18,342
2026-10-09,2007-07-19,331
2026-10-09,2007-07-20,345
2026-10-09,2007-07-23,355
2026-10-09,2007-07-24,381
2026-10-09,2007-07-25,401
2026-10-09,2007-07-26,468
2026-10-09,2007-07-27,471
2026-10-09,2007-07-30,449
2026-10-09,2007-07-31,449
2026-10-09,2007-08-01,461
2026-10-09,2007-08-02,461
2026-10-09,2007-08-03,463
2026-10-09,2007-08-06,473
2026-10-09,2007-08-07,459
2026-10-09,2007-08-08,403
2026-10-09,2007-08-09,433
2026-10-09,2007-08-10,427
2026-10-09,2007-08-13,430
2026-10-09,2007-08-14,460
2026-10-09,2007-08-15,469
2026-10-09,2007-08-16,517
2026-10-09,2007-08-17,477
2026-10-09,2007-08-20,492
2026-10-09,2007-08-21,489
2026-10-09,2007-08-22,465
2026-10-09,2007-08-23,471
2026-10-09,2007-08-24,462
2026-10-09,2007-08-27,448
2026-10-09,2007-08-28,465
2026-10-09,2007-08-29,459
2026-10-09,2007-08-30,467
2026-10-09,2007-08-31,450
2026-10-09,2007-09-03,450
2026-10-09,2007-09-04,449
2026-10-09,2007-09-05,465
2026-10-09,2007-09-06,454
2026-10-09,2007-09-07,463
2026-10-09,2007-09-10,477
2026-10-09,2007-09-11,471
2026-10-09,2007-09-12,460
2026-10-09,2007-09-13,440
2026-10-09,2007-09-14,439
2026-10-09,2007-09-17,440
2026-10-09,2007-09-18,405
2026-10-09,2007-09-19,395
2026-10-09,2007-09-20,394
2026-10-09,2007-09-21,377
2026-10-09,2007-09-24,388
2026-10-09,2007-09-25,392
2026-10-09,2007-09-26,392
2026-10-09,2007-09-27,391
2026-10-09,2007-09-28,398
2026-10-09,2007-10-01,395
2026-10-09,2007-10-02,393
2026-10-09,2007-10-03,402
2026-10-09,2007-10-04,405
2026-10-09,2007-10-05,388
2026-10-09,2007-10-08,388
2026-10-09,2007-10-09,370
2026-10-09,2007-10-10,372
2026-10-09,2007-10-11,354
2026-10-09,2007-10-12,350
2026-10-09,2007-10-15,354
2026-10-09,2007-10-16,355
2026-10-09,2007-10-17,366
2026-10-09,2007-10-18,364
2026-10-09,2007-10-19,386
2026-10-09,2007-10-22,388
2026-10-09,2007-10-23,388
2026-10-09,2007-10-24,395
2026-10-09,2007-10-25,382
2026-10-09,2007-10-26,352
2026-10-09,2007-10-29,350
2026-10-09,2007-10-30,341
2026-10-09,2007-10-31,312
2026-10-09,2007-11-01,329
2026-10-09,2007-11-02,341
2026-10-09,2007-11-05,355
2026-10-09,2007-11-06,345
2026-10-09,2007-11-07,360
2026-10-09,2007-11-08,385
2026-10-09,2007-11-09,387
2026-10-09,2007-11-13,383
2026-10-09,2007-11-14,373
2026-10-09,2007-11-15,399
2026-10-09,2007-11-16,404
2026-10-09,2007-11-19,425
2026-10-09,2007-11-20,413
2026-10-09,2007-11-21,441
2026-10-09,2007-11-23,445
2026-10-09,2007-11-26,471
2026-10-09,2007-11-27,454
2026-10-09,2007-11-28,420
2026-10-09,2007-11-29,412
2026-10-09,2007-11-30,401
2026-10-09,2007-12-03,407
2026-10-09,2007-12-04,411
2026-10-09,2007-12-05,406
2026-10-09,2007-12-06,387
2026-10-09,2007-12-07,369
2026-10-09,2007-12-10,357
2026-10-09,2007-12-11,378
2026-10-09,2007-12-12,380
2026-10-09,2007-12-13,384
2026-10-09,2007-12-14,388
2026-10-09,2007-12-17,403
2026-10-09,2007-12-18,405
2026-10-09,2007-12-19,412
2026-10-09,2007-12-20,413
2026-10-09,2007-12-21,399
2026-10-09,2007-12-24,393
2026-10-09,2007-12-26,390
2026-10-09,2007-12-27,392
2026-10-09,2007-12-28,401
2026-10-09,2007-12-31,410
2026-10-09,2008-01-02,423
2026-10-09,2008-01-03,422
2026-10-09,2008-01-04,436
2026-10-09,2008-01-07,428
2026-10-09,2008-01-08,419
2026-10-09,2008-01-09,437
2026-10-09,2008-01-10,421
2026-10-09,2008-01-11,414
2026-10-09,2008-01-14,416
2026-10-09,2008-01-15,426
2026-10-09,2008-01-16,431
2026-10-09,2008-01-17,446
2026-10-09,2008-01-18,454
2026-10-09,2008-01-22,473
2026-10-09,2008-01-23,487
2026-10-09,2008-01-24,455
2026-10-09,2008-01-25,468
2026-10-09,2008-01-28,470
2026-10-09,2008-01-29,466
2026-10-09,2008-01-30,451
2026-10-09,2008-01-31,466
2026-10-09,2008-02-01,462
2026-10-09,2008-02-04,453
2026-10-09,2008-02-05,470
2026-10-09,2008-02-06,470
2026-10-09,2008-02-07,464
2026-10-09,2008-02-08,489
2026-10-09,2008-02-11,497
2026-10-09,2008-02-12,479
2026-10-09,2008-02-13,476
2026-10-09,2008-02-14,474
2026-10-09,2008-02-15,487
2026-10-09,2008-02-19,479
2026-10-09,2008-02-20,478
2026-10-09,2008-02-21,487
2026-10-09,2008-02-22,481
2026-10-09,2008-02-25,477
2026-10-09,2008-02-26,463
2026-10-09,2008-02-27,463
2026-10-09,2008-02-28,479
2026-10-09,2008-02-29,503
2026-10-09,2008-03-03,506
2026-10-09,2008-03-04,493
2026-10-09,2008-03-05,475
2026-10-09,2008-03-06,490
2026-10-09,2008-03-07,505
2026-10-09,2008-03-10,525
2026-10-09,2008-03-11,490
2026-10-09,2008-03-12,510
2026-10-09,2008-03-13,512
2026-10-09,2008-03-14,541
2026-10-09,2008-03-17,580
2026-10-09,2008-03-18,536
2026-10-09,2008-03-19,551
2026-10-09,2008-03-20,551
2026-10-09,2008-03-24,532
2026-10-09,2008-03-25,535
2026-10-09,2008-03-26,555
2026-10-09,2008-03-27,551
2026-10-09,2008-03-28,559
2026-10-09,2008-03-31,581
2026-10-09,2008-04-01,561
2026-10-09,2008-04-02,542
2026-10-09,2008-04-03,530
2026-10-09,2008-04-04,530
2026-10-09,2008-04-07,529
2026-10-09,2008-04-08,536
2026-10-09,2008-04-09,544
2026-10-09,2008-04-10,542
2026-10-09,2008-04-11,558
2026-10-09,2008-04-14,553
2026-10-09,2008-04-15,550
2026-10-09,2008-04-16,546
2026-10-09,2008-04-17,557
2026-10-09,2008-04-18,545
2026-10-09,2008-04-21,560
2026-10-09,2008-04-22,583
2026-10-09,2008-04-23,576
2026-10-09,2008-04-24,565
2026-10-09,2008-04-25,589
2026-10-09,2008-04-28,580
2026-10-09,2008-04-29,584
2026-10-09,2008-04-30,563
2026-10-09,2008-05-01,547
2026-10-09,2008-05-02,548
2026-10-09,2008-05-05,543
2026-10-09,2008-05-06,546
2026-10-09,2008-05-07,570
2026-10-09,2008-05-08,570
2026-10-09,2008-05-09,573
2026-10-09,2008-05-12,580
2026-10-09,2008-05-13,566
2026-10-09,2008-05-14,559
2026-10-09,2008-05-15,556
2026-10-09,2008-05-16,552
2026-10-09,2008-05-19,538
2026-10-09,2008-05-20,544
2026-10-09,2008-05-21,542
2026-10-09,2008-05-22,541
2026-10-09,2008-05-23,559
2026-10-09,2008-05-27,556
2026-10-09,2008-05-28,548
2026-10-09,2008-05-29,535
2026-10-09,2008-05-30,535
2026-10-09,2008-06-02,542
2026-10-09,2008-06-03,549
2026-10-09,2008-06-04,528
2026-10-09,2008-06-05,526
2026-10-09,2008-06-06,547
2026-10-09,2008-06-09,543
2026-10-09,2008-06-10,542
2026-10-09,2008-06-11,535
2026-10-09,2008-06-12,535
2026-10-09,2008-06-13,541
2026-10-09,2008-06-16,555
2026-10-09,2008-06-17,575
2026-10-09,2008-06-18,568
2026-10-09,2008-06-19,561
2026-10-09,2008-06-20,581
2026-10-09,2008-06-23,572
2026-10-09,2008-06-24,582
2026-10-09,2008-06-25,581
2026-10-09,2008-06-26,606
2026-10-09,2008-06-27,614
2026-10-09,2008-06-30,614
2026-10-09,2008-07-01,629
2026-10-09,2008-07-02,638
2026-10-09,2008-07-03,622
2026-10-09,2008-07-07,627
2026-10-09,2008-07-08,635
2026-10-09,2008-07-09,644
2026-10-09,2008-07-10,651
2026-10-09,2008-07-11,658
2026-10-09,2008-07-14,665
2026-10-09,2008-07-15,668
2026-10-09,2008-07-16,657
2026-10-09,2008-07-17,636
2026-10-09,2008-07-18,599
2026-10-09,2008-07-21,594
2026-10-09,2008-07-22,601
2026-10-09,2008-07-23,586
2026-10-09,2008-07-24,609
2026-10-09,2008-07-25,609
2026-10-09,2008-07-28,624
2026-10-09,2008-07-29,613
2026-10-09,2008-07-30,608
2026-10-09,2008-07-31,612
2026-10-09,2008-08-01,625
2026-10-09,2008-08-04,635
2026-10-09,2008-08-05,637
2026-10-09,2008-08-06,643
2026-10-09,2008-08-07,684
2026-10-09,2008-08-08,729
2026-10-09,2008-08-11,668
2026-10-09,2008-08-12,672
2026-10-09,2008-08-13,657
2026-10-09,2008-08-14,656
2026-10-09,2008-08-15,664
2026-10-09,2008-08-18,672
2026-10-09,2008-08-19,672
2026-10-09,2008-08-20,677
2026-10-09,2008-08-21,681
2026-10-09,2008-08-22,675
2026-10-09,2008-08-25,685
2026-10-09,2008-08-26,680
2026-10-09,2008-08-27,678
2026-10-09,2008-08-28,676
2026-10-09,2008-08-29,671
2026-10-09,2008-09-02,678
2026-10-09,2008-09-03,698
2026-10-09,2008-09-04,713
2026-10-09,2008-09-05,722
2026-10-09,2008-09-08,708
2026-10-09,2008-09-09,743
2026-10-09,2008-09-10,742
2026-10-09,2008-09-11,754
2026-10-09,2008-09-12,764
2026-10-09,2008-09-15,825
2026-10-09,2008-09-16,876
2026-10-09,2008-09-17,930
2026-10-09,2008-09-18,891
2026-10-09,2008-09-19,806
2026-10-09,2008-09-22,769
2026-10-09,2008-09-23,785
2026-10-09,2008-09-24,814
2026-10-09,2008-09-25,826
2026-10-09,2008-09-26,852
2026-10-09,2008-09-29,924
2026-10-09,2008-09-30,953
2026-10-09,2008-10-01,1005
2026-10-09,2008-10-02,1099
2026-10-09,2008-10-03,1040
2026-10-09,2008-10-06,1161
2026-10-09,2008-10-07,1232
2026-10-09,2008-10-08,1294
2026-10-09,2008-10-09,1284
2026-10-09,2008-10-10,1358
2026-10-09,2008-10-14,1242
2026-10-09,2008-10-15,1334
2026-10-09,2008-10-16,1372
2026-10-09,2008-10-17,1364
2026-10-09,2008-10-20,1385
2026-10-09,2008-10-21,1627
2026-10-09,2008-10-22,1905
2026-10-09,2008-10-23,1878
2026-10-09,2008-10-24,1843
2026-10-09,2008-10-27,1841
2026-10-09,2008-10-28,1897
2026-10-09,2008-10-29,1894
2026-10-09,2008-10-30,1892
2026-10-09,2008-10-31,1787
2026-10-09,2008-11-03,1664
2026-10-09,2008-11-04,1625
2026-10-09,2008-11-05,1714
2026-10-09,2008-11-06,1711
2026-10-09,2008-11-07,1711
2026-10-09,2008-11-10,1707
2026-10-09,2008-11-12,1751
2026-10-09,2008-11-13,1899
2026-10-09,2008-11-14,1965
2026-10-09,2008-11-17,1835
2026-10-09,2008-11-18,1835
2026-10-09,2008-11-19,1865
2026-10-09,2008-11-20,1912
2026-10-09,2008-11-21,1909
2026-10-09,2008-11-24,1845
2026-10-09,2008-11-25,1828
2026-10-09,2008-11-26,1720
2026-10-09,2008-11-28,1722
2026-10-09,2008-12-01,1777
2026-10-09,2008-12-02,1806
2026-10-09,2008-12-03,1815
2026-10-09,2008-12-04,1858
2026-10-09,2008-12-05,1849
2026-10-09,2008-12-08,1799
2026-10-09,2008-12-09,1842
2026-10-09,2008-12-10,1833
2026-10-09,2008-12-11,1836
2026-10-09,2008-12-12,1906
2026-10-09,2008-12-15,1960
2026-10-09,2008-12-16,1946
2026-10-09,2008-12-17,1846
2026-10-09,2008-12-18,1894
2026-10-09,2008-12-19,1842
2026-10-09,2008-12-22,1822
2026-10-09,2008-12-23,1817
2026-10-09,2008-12-24,1817
2026-10-09,2008-12-26,1817
2026-10-09,2008-12-29,1742
2026-10-09,2008-12-30,1705
2026-10-09,2008-12-31,1704
2026-10-09,2009-01-02,1681
2026-10-09,2009-01-05,1637
2026-10-09,2009-01-06,1572
2026-10-09,2009-01-07,1580
2026-10-09,2009-01-08,1636
2026-10-09,2009-01-09,1639
2026-10-09,2009-01-12,1647
2026-10-09,2009-01-13,1646
2026-10-09,2009-01-14,1640
2026-10-09,2009-01-15,1611
2026-10-09,2009-01-16,1553
2026-10-09,2009-01-20,1539
2026-10-09,2009-01-21,1557
2026-10-09,2009-01-22,1535
2026-10-09,2009-01-23,1514
2026-10-09,2009-01-26,1510
2026-10-09,2009-01-27,1510
2026-10-09,2009-01-28,1480
2026-10-09,2009-01-29,1489
2026-10-09,2009-01-30,1495
2026-10-09,2009-02-02,1507
2026-10-09,2009-02-03,1507
2026-10-09,2009-02-04,1535
2026-10-09,2009-02-05,1547
2026-10-09,2009-02-06,1541
2026-10-09,2009-02-09,1537
2026-10-09,2009-02-10,1578
2026-10-09,2009-02-11,1637
2026-10-09,2009-02-12,1645
2026-10-09,2009-02-13,1618
2026-10-09,2009-02-17,1694
2026-10-09,2009-02-18,1734
2026-10-09,2009-02-19,1724
2026-10-09,2009-02-20,1749
2026-10-09,2009-02-23,1798
2026-10-09,2009-02-24,1791
2026-10-09,2009-02-25,1707
2026-10-09,2009-02-26,1708
2026-10-09,2009-02-27,1727
2026-10-09,2009-03-02,1772
2026-10-09,2009-03-03,1802
2026-10-09,2009-03-04,1762
2026-10-09,2009-03-05,1827
2026-10-09,2009-03-06,1890
2026-10-09,2009-03-09,1908
2026-10-09,2009-03-10,1874
2026-10-09,2009-03-11,1809
2026-10-09,2009-03-12,1810
2026-10-09,2009-03-13,1828
2026-10-09,2009-03-16,1815
2026-10-09,2009-03-17,1848
2026-10-09,2009-03-18,1885
2026-10-09,2009-03-19,1838
2026-10-09,2009-03-20,1884
2026-10-09,2009-03-23,1909
2026-10-09,2009-03-24,1908
2026-10-09,2009-03-25,1960
2026-10-09,2009-03-26,1903
2026-10-09,2009-03-27,1927
2026-10-09,2009-03-30,1932
2026-10-09,2009-03-31,1894
2026-10-09,2009-04-01,1893
2026-10-09,2009-04-02,1864
2026-10-09,2009-04-03,1833
2026-10-09,2009-04-06,1808
2026-10-09,2009-04-07,1832
2026-10-09,2009-04-08,1786
2026-10-09,2009-04-09,1734
2026-10-09,2009-04-13,1728
2026-10-09,2009-04-14,1752
2026-10-09,2009-04-15,1755
2026-10-09,2009-04-16,1761
2026-10-09,2009-04-17,1756
2026-10-09,2009-04-20,1838
2026-10-09,2009-04-21,1790
2026-10-09,2009-04-22,1781
2026-10-09,2009-04-23,1794
2026-10-09,2009-04-24,1750
2026-10-09,2009-04-27,1747
2026-10-09,2009-04-28,1777
2026-10-09,2009-04-29,1769
2026-10-09,2009-04-30,1766
2026-10-09,2009-05-01,1764
2026-10-09,2009-05-04,1685
2026-10-09,2009-05-05,1551
2026-10-09,2009-05-06,1445
2026-10-09,2009-05-07,1379
2026-10-09,2009-05-08,1409
2026-10-09,2009-05-11,1433
2026-10-09,2009-05-12,1510
2026-10-09,2009-05-13,1565
2026-10-09,2009-05-14,1514
2026-10-09,2009-05-15,1550
2026-10-09,2009-05-18,1474
2026-10-09,2009-05-19,1429
2026-10-09,2009-05-20,1378
2026-10-09,2009-05-21,1405
2026-10-09,2009-05-22,1380
2026-10-09,2009-05-26,1355
2026-10-09,2009-05-27,1315
2026-10-09,2009-05-28,1296
2026-10-09,2009-05-29,1291
2026-10-09,2009-06-01,1214
2026-10-09,2009-06-02,1158
2026-10-09,2009-06-03,1166
2026-10-09,2009-06-04,1157
2026-10-09,2009-06-05,1144
2026-10-09,2009-06-08,1144
2026-10-09,2009-06-09,1109
2026-10-09,2009-06-10,1100
2026-10-09,2009-06-11,1054
2026-10-09,2009-06-12,1042
2026-10-09,2009-06-15,1050
2026-10-09,2009-06-16,1100
2026-10-09,2009-06-17,1184
2026-10-09,2009-06-18,1174
2026-10-09,2009-06-19,1183
2026-10-09,2009-06-22,1231
2026-10-09,2009-06-23,1248
2026-10-09,2009-06-24,1210
2026-10-09,2009-06-25,1171
2026-10-09,2009-06-26,1142
2026-10-09,2009-06-29,1008
2026-10-09,2009-06-30,1062
2026-10-09,2009-07-01,1040
2026-10-09,2009-07-02,1045
2026-10-09,2009-07-06,1059
2026-10-09,2009-07-07,1050
2026-10-09,2009-07-08,1124
2026-10-09,2009-07-09,1125
2026-10-09,2009-07-10,1123
2026-10-09,2009-07-13,1141
2026-10-09,2009-07-14,1112
2026-10-09,2009-07-15,1103
2026-10-09,2009-07-16,1079
2026-10-09,2009-07-17,1037
2026-10-09,2009-07-20,1033
2026-10-09,2009-07-21,1052
2026-10-09,2009-07-22,1007
2026-10-09,2009-07-23,966
2026-10-09,2009-07-24,978
2026-10-09,2009-07-27,946
2026-10-09,2009-07-28,945
2026-10-09,2009-07-29,963
2026-10-09,2009-07-30,961
2026-10-09,2009-07-31,962
2026-10-09,2009-08-03,905
2026-10-09,2009-08-04,877
2026-10-09,2009-08-05,873
2026-10-09,2009-08-06,887
2026-10-09,2009-08-07,862
2026-10-09,2009-08-10,875
2026-10-09,2009-08-11,897
2026-10-09,2009-08-12,888
2026-10-09,2009-08-13,901
2026-10-09,2009-08-14,912
2026-10-09,2009-08-17,925
2026-10-09,2009-08-18,924
2026-10-09,2009-08-19,926
2026-10-09,2009-08-20,914
2026-10-09,2009-08-21,864
2026-10-09,2009-08-24,855
2026-10-09,2009-08-25,874
2026-10-09,2009-08-26,917
2026-10-09,2009-08-27,934
2026-10-09,2009-08-28,940
2026-10-09,2009-08-31,957
2026-10-09,2009-09-01,967
2026-10-09,2009-09-02,973
2026-10-09,2009-09-03,921
2026-10-09,2009-09-04,931
2026-10-09,2009-09-08,876
2026-10-09,2009-09-09,844
2026-10-09,2009-09-10,858
2026-10-09,2009-09-11,837
2026-10-09,2009-09-14,809
2026-10-09,2009-09-15,751
2026-10-09,2009-09-16,730
2026-10-09,2009-09-17,756
2026-10-09,2009-09-18,755
2026-10-09,2009-09-21,731
2026-10-09,2009-09-22,739
2026-10-09,2009-09-23,765
2026-10-09,2009-09-24,795
2026-10-09,2009-09-25,807
2026-10-09,2009-09-28,803
2026-10-09,2009-09-29,799
2026-10-09,2009-09-30,784
2026-10-09,2009-10-01,797
2026-10-09,2009-10-02,792
2026-10-09,2009-10-05,723
2026-10-09,2009-10-06,708
2026-10-09,2009-10-07,718
2026-10-09,2009-10-08,690
2026-10-09,2009-10-09,663
2026-10-09,2009-10-13,693
2026-10-09,2009-10-14,685
2026-10-09,2009-10-15,693
2026-10-09,2009-10-16,700
2026-10-09,2009-10-19,711
2026-10-09,2009-10-20,699
2026-10-09,2009-10-21,703
2026-10-09,2009-10-22,692
2026-10-09,2009-10-23,692
2026-10-09,2009-10-26,686
2026-10-09,2009-10-27,700
2026-10-09,2009-10-28,711
2026-10-09,2009-10-29,707
2026-10-09,2009-10-30,721
2026-10-09,2009-11-02,732
2026-10-09,2009-11-03,737
2026-10-09,2009-11-04,728
2026-10-09,2009-11-05,735
2026-10-09,2009-11-06,738
2026-10-09,2009-11-09,730
2026-10-09,2009-11-10,729
2026-10-09,2009-11-12,733
2026-10-09,2009-11-13,735
2026-10-09,2009-11-16,728
2026-10-09,2009-11-17,724
2026-10-09,2009-11-18,712
2026-10-09,2009-11-19,714
2026-10-09,2009-11-20,710
2026-10-09,2009-11-23,698
2026-10-09,2009-11-24,700
2026-10-09,2009-11-25,701
2026-10-09,2009-11-27,737
2026-10-09,2009-11-30,766
2026-10-09,2009-12-01,755
2026-10-09,2009-12-02,770
2026-10-09,2009-12-03,783
2026-10-09,2009-12-04,773
2026-10-09,2009-12-07,780
2026-10-09,2009-12-08,793
2026-10-09,2009-12-09,794
2026-10-09,2009-12-10,777
2026-10-09,2009-12-11,733
2026-10-09,2009-12-14,709
2026-10-09,2009-12-15,709
2026-10-09,2009-12-16,689
2026-10-09,2009-12-17,722
2026-10-09,2009-12-18,711
2026-10-09,2009-12-21,690
2026-10-09,2009-12-22,671
2026-10-09,2009-12-23,672
2026-10-09,2009-12-24,666
2026-10-09,2009-12-28,659
2026-10-09,2009-12-29,662
2026-10-09,2009-12-30,663
2026-10-09,2009-12-31,660
2026-10-09,2010-01-04,631
2026-10-09,2010-01-05,643
2026-10-09,2010-01-06,656
2026-10-09,2010-01-07,669
2026-10-09,2010-01-08,685
2026-10-09,2010-01-11,681
2026-10-09,2010-01-12,729
2026-10-09,2010-01-13,727
2026-10-09,2010-01-14,710
2026-10-09,2010-01-15,735
2026-10-09,2010-01-19,708
2026-10-09,2010-01-20,723
2026-10-09,2010-01-21,740
2026-10-09,2010-01-22,756
2026-10-09,2010-01-25,737
2026-10-09,2010-01-26,739
2026-10-09,2010-01-27,749
2026-10-09,2010-01-28,751
2026-10-09,2010-01-29,753
2026-10-09,2010-02-01,739
2026-10-09,2010-02-02,753
2026-10-09,2010-02-03,751
2026-10-09,2010-02-04,798
2026-10-09,2010-02-05,813
2026-10-09,2010-02-08,809
2026-10-09,2010-02-09,801
2026-10-09,2010-02-10,791
2026-10-09,2010-02-11,777
2026-10-09,2010-02-12,794
2026-10-09,2010-02-16,797
2026-10-09,2010-02-17,788
2026-10-09,2010-02-18,793
2026-10-09,2010-02-19,782
2026-10-09,2010-02-22,785
2026-10-09,2010-02-23,826
2026-10-09,2010-02-24,805
2026-10-09,2010-02-25,809
2026-10-09,2010-02-26,806
2026-10-09,2010-03-01,776
2026-10-09,2010-03-02,769
2026-10-09,2010-03-03,770
2026-10-09,2010-03-04,764
2026-10-09,2010-03-05,750
2026-10-09,2010-03-08,751
2026-10-09,2010-03-09,729
2026-10-09,2010-03-10,722
2026-10-09,2010-03-11,718
2026-10-09,2010-03-12,722
2026-10-09,2010-03-15,719
2026-10-09,2010-03-16,720
2026-10-09,2010-03-17,705
2026-10-09,2010-03-18,685
2026-10-09,2010-03-19,678
2026-10-09,2010-03-22,677
2026-10-09,2010-03-23,669
2026-10-09,2010-03-24,655
2026-10-09,2010-03-25,644
2026-10-09,2010-03-26,645
2026-10-09,2010-03-29,644
2026-10-09,2010-03-30,640
2026-10-09,2010-03-31,646
2026-10-09,2010-04-01,646
2026-10-09,2010-04-05,614
2026-10-09,2010-04-06,614
2026-10-09,2010-04-07,636
2026-10-09,2010-04-08,637
2026-10-09,2010-04-09,626
2026-10-09,2010-04-12,621
2026-10-09,2010-04-13,624
2026-10-09,2010-04-14,618
2026-10-09,2010-04-15,601
2026-10-09,2010-04-16,619
2026-10-09,2010-04-19,618
2026-10-09,2010-04-20,622
2026-10-09,2010-04-21,633
2026-10-09,2010-04-22,637
2026-10-09,2010-04-23,638
2026-10-09,2010-04-26,620
2026-10-09,2010-04-27,652
2026-10-09,2010-04-28,644
2026-10-09,2010-04-29,649
2026-10-09,2010-04-30,659
2026-10-09,2010-05-03,653
2026-10-09,2010-05-04,690
2026-10-09,2010-05-05,724
2026-10-09,2010-05-06,786
2026-10-09,2010-05-07,778
2026-10-09,2010-05-10,736
2026-10-09,2010-05-11,725
2026-10-09,2010-05-12,709
2026-10-09,2010-05-13,696
2026-10-09,2010-05-14,725
2026-10-09,2010-05-17,726
2026-10-09,2010-05-18,754
2026-10-09,2010-05-19,782
2026-10-09,2010-05-20,850
2026-10-09,2010-05-21,844
2026-10-09,2010-05-24,832
2026-10-09,2010-05-25,878
2026-10-09,2010-05-26,833
2026-10-09,2010-05-27,796
2026-10-09,2010-05-28,807
2026-10-09,2010-06-01,814
2026-10-09,2010-06-02,787
2026-10-09,2010-06-03,775
2026-10-09,2010-06-04,816
2026-10-09,2010-06-07,842
2026-10-09,2010-06-08,852
2026-10-09,2010-06-09,844
2026-10-09,2010-06-10,808
2026-10-09,2010-06-11,833
2026-10-09,2010-06-14,819
2026-10-09,2010-06-15,814
2026-10-09,2010-06-16,795
2026-10-09,2010-06-17,800
2026-10-09,2010-06-18,769
2026-10-09,2010-06-21,758
2026-10-09,2010-06-22,777
2026-10-09,2010-06-23,785
2026-10-09,2010-06-24,792
2026-10-09,2010-06-25,795
2026-10-09,2010-06-28,780
2026-10-09,2010-06-29,796
2026-10-09,2010-06-30,821
2026-10-09,2010-07-01,846
2026-10-09,2010-07-02,831
2026-10-09,2010-07-06,805
2026-10-09,2010-07-07,782
2026-10-09,2010-07-08,765
2026-10-09,2010-07-09,757
2026-10-09,2010-07-12,749
2026-10-09,2010-07-13,740
2026-10-09,2010-07-14,743
2026-10-09,2010-07-15,753
2026-10-09,2010-07-16,756
2026-10-09,2010-07-19,748
2026-10-09,2010-07-20,746
2026-10-09,2010-07-21,743
2026-10-09,2010-07-22,717
2026-10-09,2010-07-23,719
2026-10-09,2010-07-26,706
2026-10-09,2010-07-27,696
2026-10-09,2010-07-28,698
2026-10-09,2010-07-29,691
2026-10-09,2010-07-30,707
2026-10-09,2010-08-02,685
2026-10-09,2010-08-03,697
2026-10-09,2010-08-04,669
2026-10-09,2010-08-05,674
2026-10-09,2010-08-06,671
2026-10-09,2010-08-09,653
2026-10-09,2010-08-10,657
2026-10-09,2010-08-11,672
2026-10-09,2010-08-12,673
2026-10-09,2010-08-13,670
2026-10-09,2010-08-16,690
2026-10-09,2010-08-17,678
2026-10-09,2010-08-18,683
2026-10-09,2010-08-19,693
2026-10-09,2010-08-20,694
2026-10-09,2010-08-23,691
2026-10-09,2010-08-24,727
2026-10-09,2010-08-25,750
2026-10-09,2010-08-26,776
2026-10-09,2010-08-27,754
2026-10-09,2010-08-30,756
2026-10-09,2010-08-31,760
2026-10-09,2010-09-01,725
2026-10-09,2010-09-02,710
2026-10-09,2010-09-03,685
2026-10-09,2010-09-07,708
2026-10-09,2010-09-08,716
2026-10-09,2010-09-09,709
2026-10-09,2010-09-10,709
2026-10-09,2010-09-13,698
2026-10-09,2010-09-14,682
2026-10-09,2010-09-15,667
2026-10-09,2010-09-16,652
2026-10-09,2010-09-17,662
2026-10-09,2010-09-20,660
2026-10-09,2010-09-21,681
2026-10-09,2010-09-22,683
2026-10-09,2010-09-23,700
2026-10-09,2010-09-24,680
2026-10-09,2010-09-27,678
2026-10-09,2010-09-28,683
2026-10-09,2010-09-29,680
2026-10-09,2010-09-30,675
2026-10-09,2010-10-01,662
2026-10-09,2010-10-04,668
2026-10-09,2010-10-05,647
2026-10-09,2010-10-06,654
2026-10-09,2010-10-07,648
2026-10-09,2010-10-08,630
2026-10-09,2010-10-12,590
2026-10-09,2010-10-13,573
2026-10-09,2010-10-14,585
2026-10-09,2010-10-15,578
2026-10-09,2010-10-18,584
2026-10-09,2010-10-19,602
2026-10-09,2010-10-20,604
2026-10-09,2010-10-21,608
2026-10-09,2010-10-22,605
2026-10-09,2010-10-25,590
2026-10-09,2010-10-26,582
2026-10-09,2010-10-27,533
2026-10-09,2010-10-28,527
2026-10-09,2010-10-29,528
2026-10-09,2010-11-01,532
2026-10-09,2010-11-02,538
2026-10-09,2010-11-03,518
2026-10-09,2010-11-04,507
2026-10-09,2010-11-05,501
2026-10-09,2010-11-08,512
2026-10-09,2010-11-09,515
2026-10-09,2010-11-10,520
2026-10-09,2010-11-12,529
2026-10-09,2010-11-15,528
2026-10-09,2010-11-16,566
2026-10-09,2010-11-17,555
2026-10-09,2010-11-18,535
2026-10-09,2010-11-19,531
2026-10-09,2010-11-22,537
2026-10-09,2010-11-23,546
2026-10-09,2010-11-24,521
2026-10-09,2010-11-26,521
2026-10-09,2010-11-29,555
2026-10-09,2010-11-30,582
2026-10-09,2010-12-01,547
2026-10-09,2010-12-02,532
2026-10-09,2010-12-03,528
2026-10-09,2010-12-06,528
2026-10-09,2010-12-07,497
2026-10-09,2010-12-08,507
2026-10-09,2010-12-09,507
2026-10-09,2010-12-10,507
2026-10-09,2010-12-13,507
2026-10-09,2010-12-14,498
2026-10-09,2010-12-15,515
2026-10-09,2010-12-16,515
2026-10-09,2010-12-17,533
2026-10-09,2010-12-20,514
2026-10-09,2010-12-21,510
2026-10-09,2010-12-22,495
2026-10-09,2010-12-23,490
2026-10-09,2010-12-27,489
2026-10-09,2010-12-28,481
2026-10-09,2010-12-29,488
2026-10-09,2010-12-30,486
2026-10-09,2010-12-31,496
2026-10-09,2011-01-03,483
2026-10-09,2011-01-04,479
2026-10-09,2011-01-05,473
2026-10-09,2011-01-06,475
2026-10-09,2011-01-07,492
2026-10-09,2011-01-10,490
2026-10-09,2011-01-11,477
2026-10-09,2011-01-12,468
2026-10-09,2011-01-13,467
2026-10-09,2011-01-14,472
2026-10-09,2011-01-18,462
2026-10-09,2011-01-19,481
2026-10-09,2011-01-20,462
2026-10-09,2011-01-21,478
2026-10-09,2011-01-24,472
2026-10-09,2011-01-25,488
2026-10-09,2011-01-26,484
2026-10-09,2011-01-27,492
2026-10-09,2011-01-28,537
2026-10-09,2011-01-31,552
2026-10-09,2011-02-01,525
2026-10-09,2011-02-02,517
2026-10-09,2011-02-03,522
2026-10-09,2011-02-04,518
2026-10-09,2011-02-07,518
2026-10-09,2011-02-08,513
2026-10-09,2011-02-09,530
2026-10-09,2011-02-10,527
2026-10-09,2011-02-11,534
2026-10-09,2011-02-14,544
2026-10-09,2011-02-15,554
2026-10-09,2011-02-16,549
2026-10-09,2011-02-17,538
2026-10-09,2011-02-18,533
2026-10-09,2011-02-22,559
2026-10-09,2011-02-23,571
2026-10-09,2011-02-24,588
2026-10-09,2011-02-25,573
2026-10-09,2011-02-28,580
2026-10-09,2011-03-01,590
2026-10-09,2011-03-02,571
2026-10-09,2011-03-03,554
2026-10-09,2011-03-04,563
2026-10-09,2011-03-07,558
2026-10-09,2011-03-08,547
2026-10-09,2011-03-09,561
2026-10-09,2011-03-10,575
2026-10-09,2011-03-11,574
2026-10-09,2011-03-14,580
2026-10-09,2011-03-15,597
2026-10-09,2011-03-16,608
2026-10-09,2011-03-17,590
2026-10-09,2011-03-18,591
2026-10-09,2011-03-21,577
2026-10-09,2011-03-22,582
2026-10-09,2011-03-23,563
2026-10-09,2011-03-24,549
2026-10-09,2011-03-25,535
2026-10-09,2011-03-28,538
2026-10-09,2011-03-29,544
2026-10-09,2011-03-30,535
2026-10-09,2011-03-31,539
2026-10-09,2011-04-01,513
2026-10-09,2011-04-04,515
2026-10-09,2011-04-05,518
2026-10-09,2011-04-06,513
2026-10-09,2011-04-07,514
2026-10-09,2011-04-08,507
2026-10-09,2011-04-11,508
2026-10-09,2011-04-12,525
2026-10-09,2011-04-13,525
2026-10-09,2011-04-14,528
2026-10-09,2011-04-15,529
2026-10-09,2011-04-18,540
2026-10-09,2011-04-19,547
2026-10-09,2011-04-20,541
2026-10-09,2011-04-21,542
2026-10-09,2011-04-25,547
2026-10-09,2011-04-26,564
2026-10-09,2011-04-27,567
2026-10-09,2011-04-28,563
2026-10-09,2011-04-29,555
2026-10-09,2011-05-02,546
2026-10-09,2011-05-03,555
2026-10-09,2011-05-04,564
2026-10-09,2011-05-05,582
2026-10-09,2011-05-06,577
2026-10-09,2011-05-09,588
2026-10-09,2011-05-10,584
2026-10-09,2011-05-11,586
2026-10-09,2011-05-12,567
2026-10-09,2011-05-13,579
2026-10-09,2011-05-16,588
2026-10-09,2011-05-17,594
2026-10-09,2011-05-18,579
2026-10-09,2011-05-19,576
2026-10-09,2011-05-20,577
2026-10-09,2011-05-23,590
2026-10-09,2011-05-24,591
2026-10-09,2011-05-25,587
2026-10-09,2011-05-26,600
2026-10-09,2011-05-27,595
2026-10-09,2011-05-31,592
2026-10-09,2011-06-01,609
2026-10-09,2011-06-02,597
2026-10-09,2011-06-03,597
2026-10-09,2011-06-06,597
2026-10-09,2011-06-07,592
2026-10-09,2011-06-08,602
2026-10-09,2011-06-09,587
2026-10-09,2011-06-10,590
2026-10-09,2011-06-13,596
2026-10-09,2011-06-14,574
2026-10-09,2011-06-15,597
2026-10-09,2011-06-16,625
2026-10-09,2011-06-17,628
2026-10-09,2011-06-20,622
2026-10-09,2011-06-21,614
2026-10-09,2011-06-22,611
2026-10-09,2011-06-23,629
2026-10-09,2011-06-24,636
2026-10-09,2011-06-27,628
2026-10-09,2011-06-28,607
2026-10-09,2011-06-29,597
2026-10-09,2011-06-30,568
2026-10-09,2011-07-01,556
2026-10-09,2011-07-05,565
2026-10-09,2011-07-06,572
2026-10-09,2011-07-07,570
2026-10-09,2011-07-08,588
2026-10-09,2011-07-11,608
2026-10-09,2011-07-12,614
2026-10-09,2011-07-13,621
2026-10-09,2011-07-14,628
2026-10-09,2011-07-15,623
2026-10-09,2011-07-18,628
2026-10-09,2011-07-19,621
2026-10-09,2011-07-20,614
2026-10-09,2011-07-21,593
2026-10-09,2011-07-22,591
2026-10-09,2011-07-25,577
2026-10-09,2011-07-26,582
2026-10-09,2011-07-27,577
2026-10-09,2011-07-28,581
2026-10-09,2011-07-29,592
2026-10-09,2011-08-01,593
2026-10-09,2011-08-02,611
2026-10-09,2011-08-03,619
2026-10-09,2011-08-04,648
2026-10-09,2011-08-05,689
2026-10-09,2011-08-08,756
2026-10-09,2011-08-09,741
2026-10-09,2011-08-10,754
2026-10-09,2011-08-11,737
2026-10-09,2011-08-12,716
2026-10-09,2011-08-15,709
2026-10-09,2011-08-16,728
2026-10-09,2011-08-17,729
2026-10-09,2011-08-18,759
2026-10-09,2011-08-19,750
2026-10-09,2011-08-22,755
2026-10-09,2011-08-23,763
2026-10-09,2011-08-24,746
2026-10-09,2011-08-25,749
2026-10-09,2011-08-26,758
2026-10-09,2011-08-29,741
2026-10-09,2011-08-30,749
2026-10-09,2011-08-31,738
2026-10-09,2011-09-01,757
2026-10-09,2011-09-02,782
2026-10-09,2011-09-06,799
2026-10-09,2011-09-07,790
2026-10-09,2011-09-08,795
2026-10-09,2011-09-09,812
2026-10-09,2011-09-12,824
2026-10-09,2011-09-13,841
2026-10-09,2011-09-14,864
2026-10-09,2011-09-15,850
2026-10-09,2011-09-16,836
2026-10-09,2011-09-19,868
2026-10-09,2011-09-20,876
2026-10-09,2011-09-21,918
2026-10-09,2011-09-22,991
2026-10-09,2011-09-23,983
2026-10-09,2011-09-26,984
2026-10-09,2011-09-27,928
2026-10-09,2011-09-28,977
2026-10-09,2011-09-29,967
2026-10-09,2011-09-30,993
2026-10-09,2011-10-03,1018
2026-10-09,2011-10-04,1017
2026-10-09,2011-10-05,1013
2026-10-09,2011-10-06,976
2026-10-09,2011-10-07,963
2026-10-09,2011-10-11,935
2026-10-09,2011-10-12,883
2026-10-09,2011-10-13,900
2026-10-09,2011-10-14,861
2026-10-09,2011-10-17,878
2026-10-09,2011-10-18,888
2026-10-09,2011-10-19,886
2026-10-09,2011-10-20,912
2026-10-09,2011-10-21,899
2026-10-09,2011-10-24,888
2026-10-09,2011-10-25,881
2026-10-09,2011-10-26,874
2026-10-09,2011-10-27,789
2026-10-09,2011-10-28,800
2026-10-09,2011-10-31,835
2026-10-09,2011-11-01,850
2026-10-09,2011-11-02,847
2026-10-09,2011-11-03,809
2026-10-09,2011-11-04,818
2026-10-09,2011-11-07,821
2026-10-09,2011-11-08,807
2026-10-09,2011-11-09,848
2026-10-09,2011-11-10,846
2026-10-09,2011-11-14,849
2026-10-09,2011-11-15,855
2026-10-09,2011-11-16,872
2026-10-09,2011-11-17,898
2026-10-09,2011-11-18,912
2026-10-09,2011-11-21,955
2026-10-09,2011-11-22,970
2026-10-09,2011-11-23,1003
2026-10-09,2011-11-25,997
2026-10-09,2011-11-28,982
2026-10-09,2011-11-29,974
2026-10-09,2011-11-30,941
2026-10-09,2011-12-01,934
2026-10-09,2011-12-02,932
2026-10-09,2011-12-05,929
2026-10-09,2011-12-06,900
2026-10-09,2011-12-07,905
2026-10-09,2011-12-08,914
2026-10-09,2011-12-09,895
2026-10-09,2011-12-12,909
2026-10-09,2011-12-13,919
2026-10-09,2011-12-14,938
2026-10-09,2011-12-15,949
2026-10-09,2011-12-16,960
2026-10-09,2011-12-19,961
2026-10-09,2011-12-20,944
2026-10-09,2011-12-21,943
2026-10-09,2011-12-22,927
2026-10-09,2011-12-23,918
2026-10-09,2011-12-27,915
2026-10-09,2011-12-28,922
2026-10-09,2011-12-29,925
2026-10-09,2011-12-30,925
2026-10-09,2012-01-03,900
2026-10-09,2012-01-04,881
2026-10-09,2012-01-05,873
2026-10-09,2012-01-06,884
2026-10-09,2012-01-09,870
2026-10-09,2012-01-10,869
2026-10-09,2012-01-11,888
2026-10-09,2012-01-12,891
2026-10-09,2012-01-13,894
2026-10-09,2012-01-17,888
2026-10-09,2012-01-18,859
2026-10-09,2012-01-19,837
2026-10-09,2012-01-20,821
2026-10-09,2012-01-23,796
2026-10-09,2012-01-24,806
2026-10-09,2012-01-25,789
2026-10-09,2012-01-26,798
2026-10-09,2012-01-27,810
2026-10-09,2012-01-30,825
2026-10-09,2012-01-31,840
2026-10-09,2012-02-01,824
2026-10-09,2012-02-02,828
2026-10-09,2012-02-03,808
2026-10-09,2012-02-06,813
2026-10-09,2012-02-07,810
2026-10-09,2012-02-08,820
2026-10-09,2012-02-09,844
2026-10-09,2012-02-10,858
2026-10-09,2012-02-13,835
2026-10-09,2012-02-14,844
2026-10-09,2012-02-15,844
2026-10-09,2012-02-16,829
2026-10-09,2012-02-17,808
2026-10-09,2012-02-21,800
2026-10-09,2012-02-22,797
2026-10-09,2012-02-23,798
2026-10-09,2012-02-24,800
2026-10-09,2012-02-27,817
2026-10-09,2012-02-28,829
2026-10-09,2012-02-29,843
2026-10-09,2012-03-01,818
2026-10-09,2012-03-02,811
2026-10-09,2012-03-05,820
2026-10-09,2012-03-06,835
2026-10-09,2012-03-07,834
2026-10-09,2012-03-08,816
2026-10-09,2012-03-09,822
2026-10-09,2012-03-12,827
2026-10-09,2012-03-13,807
2026-10-09,2012-03-14,795
2026-10-09,2012-03-15,788
2026-10-09,2012-03-16,792
2026-10-09,2012-03-19,784
2026-10-09,2012-03-20,793
2026-10-09,2012-03-21,799
2026-10-09,2012-03-22,814
2026-10-09,2012-03-23,822
2026-10-09,2012-03-26,829
2026-10-09,2012-03-27,846
2026-10-09,2012-03-28,880
2026-10-09,2012-03-29,899
2026-10-09,2012-03-30,880
2026-10-09,2012-04-02,902
2026-10-09,2012-04-03,896
2026-10-09,2012-04-04,934
2026-10-09,2012-04-05,938
2026-10-09,2012-04-09,947
2026-10-09,2012-04-10,960
2026-10-09,2012-04-11,946
2026-10-09,2012-04-12,931
2026-10-09,2012-04-13,946
2026-10-09,2012-04-16,976
2026-10-09,2012-04-17,992
2026-10-09,2012-04-18,1048
2026-10-09,2012-04-19,1019
2026-10-09,2012-04-20,994
2026-10-09,2012-04-23,1010
2026-10-09,2012-04-24,1003
2026-10-09,2012-04-25,981
2026-10-09,2012-04-26,983
2026-10-09,2012-04-27,973
2026-10-09,2012-04-30,962
2026-10-09,2012-05-01,953
2026-10-09,2012-05-02,967
2026-10-09,2012-05-03,973
2026-10-09,2012-05-04,998
2026-10-09,2012-05-07,994
2026-10-09,2012-05-08,1005
2026-10-09,2012-05-09,1020
2026-10-09,2012-05-10,1014
2026-10-09,2012-05-11,1042
2026-10-09,2012-05-14,1077
2026-10-09,2012-05-15,1103
2026-10-09,2012-05-16,1134
2026-10-09,2012-05-17,1132
2026-10-09,2012-05-18,1134
2026-10-09,2012-05-21,1123
2026-10-09,2012-05-22,1121
2026-10-09,2012-05-23,1152
2026-10-09,2012-05-24,1184
2026-10-09,2012-05-25,1175
2026-10-09,2012-05-29,1185
2026-10-09,2012-05-30,1244
2026-10-09,2012-05-31,1236
2026-10-09,2012-06-01,1249
2026-10-09,2012-06-04,1211
2026-10-09,2012-06-05,1165
2026-10-09,2012-06-06,1117
2026-10-09,2012-06-07,1170
2026-10-09,2012-06-08,1167
2026-10-09,2012-06-11,1199
2026-10-09,2012-06-12,1131
2026-10-09,2012-06-13,1111
2026-10-09,2012-06-14,1088
2026-10-09,2012-06-15,1077
2026-10-09,2012-06-18,1094
2026-10-09,2012-06-19,1079
2026-10-09,2012-06-20,1078
2026-10-09,2012-06-21,1111
2026-10-09,2012-06-22,1103
2026-10-09,2012-06-25,1128
2026-10-09,2012-06-26,1112
2026-10-09,2012-06-27,1103
2026-10-09,2012-06-28,1120
2026-10-09,2012-06-29,1088
2026-10-09,2012-07-02,1071
2026-10-09,2012-07-03,1044
2026-10-09,2012-07-05,1053
2026-10-09,2012-07-06,1080
2026-10-09,2012-07-09,1090
2026-10-09,2012-07-10,1108
2026-10-09,2012-07-11,1098
2026-10-09,2012-07-12,1097
2026-10-09,2012-07-13,1075
2026-10-09,2012-07-16,1079
2026-10-09,2012-07-17,1066
2026-10-09,2012-07-18,1084
2026-10-09,2012-07-19,1088
2026-10-09,2012-07-20,1114
2026-10-09,2012-07-23,1128
2026-10-09,2012-07-24,1147
2026-10-09,2012-07-25,1136
2026-10-09,2012-07-26,1116
2026-10-09,2012-07-27,1082
2026-10-09,2012-07-30,1085
2026-10-09,2012-07-31,1087
2026-10-09,2012-08-01,1075
2026-10-09,2012-08-02,1083
2026-10-09,2012-08-03,1050
2026-10-09,2012-08-06,1051
2026-10-09,2012-08-07,1040
2026-10-09,2012-08-08,1031
2026-10-09,2012-08-09,1048
2026-10-09,2012-08-10,1059
2026-10-09,2012-08-13,1051
2026-10-09,2012-08-14,1040
2026-10-09,2012-08-15,1032
2026-10-09,2012-08-16,1010
2026-10-09,2012-08-17,1013
2026-10-09,2012-08-20,1025
2026-10-09,2012-08-21,1014
2026-10-09,2012-08-22,1023
2026-10-09,2012-08-23,1027
2026-10-09,2012-08-24,1023
2026-10-09,2012-08-27,1027
2026-10-09,2012-08-28,1024
2026-10-09,2012-08-29,1038
2026-10-09,2012-08-30,1064
2026-10-09,2012-08-31,1051
2026-10-09,2012-09-04,1038
2026-10-09,2012-09-05,1019
2026-10-09,2012-09-06,981
2026-10-09,2012-09-07,977
2026-10-09,2012-09-10,971
2026-10-09,2012-09-11,952
2026-10-09,2012-09-12,944
2026-10-09,2012-09-13,916
2026-10-09,2012-09-14,860
2026-10-09,2012-09-17,847
2026-10-09,2012-09-18,881
2026-10-09,2012-09-19,867
2026-10-09,2012-09-20,866
2026-10-09,2012-09-21,851
2026-10-09,2012-09-24,859
2026-10-09,2012-09-25,890
2026-10-09,2012-09-26,907
2026-10-09,2012-09-27,892
2026-10-09,2012-09-28,897
2026-10-09,2012-10-01,880
2026-10-09,2012-10-02,882
2026-10-09,2012-10-03,879
2026-10-09,2012-10-04,856
2026-10-09,2012-10-05,842
2026-10-09,2012-10-09,888
2026-10-09,2012-10-10,908
2026-10-09,2012-10-11,891
2026-10-09,2012-10-12,870
2026-10-09,2012-10-15,851
2026-10-09,2012-10-16,851
2026-10-09,2012-10-17,845
2026-10-09,2012-10-18,845
2026-10-09,2012-10-19,866
2026-10-09,2012-10-22,862
2026-10-09,2012-10-23,860
2026-10-09,2012-10-24,858
2026-10-09,2012-10-25,851
2026-10-09,2012-10-26,987
2026-10-09,2012-10-29,1024
2026-10-09,2012-10-31,1066
2026-10-09,2012-11-01,1127
2026-10-09,2012-11-02,1158
2026-10-09,2012-11-05,1115
2026-10-09,2012-11-06,1092
2026-10-09,2012-11-07,1149
2026-10-09,2012-11-08,1165
2026-10-09,2012-11-09,1209
2026-10-09,2012-11-13,1222
2026-10-09,2012-11-14,1233
2026-10-09,2012-11-15,1275
2026-10-09,2012-11-16,1264
2026-10-09,2012-11-19,1171
2026-10-09,2012-11-20,1159
2026-10-09,2012-11-21,1147
2026-10-09,2012-11-23,1147
2026-10-09,2012-11-26,1348
2026-10-09,2012-11-27,1315
2026-10-09,2012-11-28,1340
2026-10-09,2012-11-29,1168
2026-10-09,2012-11-30,1140
2026-10-09,2012-12-03,1144
2026-10-09,2012-12-04,1107
2026-10-09,2012-12-05,1086
2026-10-09,2012-12-06,1079
2026-10-09,2012-12-07,1066
2026-10-09,2012-12-10,1047
2026-10-09,2012-12-11,1041
2026-10-09,2012-12-12,1036
2026-10-09,2012-12-13,1037
2026-10-09,2012-12-14,1024
2026-10-09,2012-12-17,1023
2026-10-09,2012-12-18,1006
2026-10-09,2012-12-19,1000
2026-10-09,2012-12-20,997
2026-10-09,2012-12-21,1014
2026-10-09,2012-12-24,1012
2026-10-09,2012-12-26,1013
2026-10-09,2012-12-27,1014
2026-10-09,2012-12-28,1002
2026-10-09,2012-12-31,991
2026-10-09,2013-01-02,949
2026-10-09,2013-01-03,935
2026-10-09,2013-01-04,943
2026-10-09,2013-01-07,966
2026-10-09,2013-01-08,1020
2026-10-09,2013-01-09,1037
2026-10-09,2013-01-10,1080
2026-10-09,2013-01-11,1094
2026-10-09,2013-01-14,1087
2026-10-09,2013-01-15,1088
2026-10-09,2013-01-16,1077
2026-10-09,2013-01-17,1062
2026-10-09,2013-01-18,1070
2026-10-09,2013-01-22,1070
2026-10-09,2013-01-23,1100
2026-10-09,2013-01-24,1106
2026-10-09,2013-01-25,1113
2026-10-09,2013-01-28,1110
2026-10-09,2013-01-29,1101
2026-10-09,2013-01-30,1101
2026-10-09,2013-01-31,1102
2026-10-09,2013-02-01,1082
2026-10-09,2013-02-04,1092
2026-10-09,2013-02-05,1089
2026-10-09,2013-02-06,1124
2026-10-09,2013-02-07,1102
2026-10-09,2013-02-08,1077
2026-10-09,2013-02-11,1089
2026-10-09,2013-02-12,1111
2026-10-09,2013-02-13,1098
2026-10-09,2013-02-14,1093
2026-10-09,2013-02-15,1098
2026-10-09,2013-02-19,1100
2026-10-09,2013-02-20,1104
2026-10-09,2013-02-21,1132
2026-10-09,2013-02-22,1131
2026-10-09,2013-02-25,1137
2026-10-09,2013-02-26,1115
2026-10-09,2013-02-27,1114
2026-10-09,2013-02-28,1287
2026-10-09,2013-03-01,1218
2026-10-09,2013-03-04,1208
2026-10-09,2013-03-05,1198
2026-10-09,2013-03-06,1177
2026-10-09,2013-03-07,1171
2026-10-09,2013-03-08,1160
2026-10-09,2013-03-11,1157
2026-10-09,2013-03-12,1136
2026-10-09,2013-03-13,1149
2026-10-09,2013-03-14,1157
2026-10-09,2013-03-15,1183
2026-10-09,2013-03-18,1180
2026-10-09,2013-03-19,1205
2026-10-09,2013-03-20,1202
2026-10-09,2013-03-21,1217
2026-10-09,2013-03-22,1219
2026-10-09,2013-03-25,1261
2026-10-09,2013-03-26,1293
2026-10-09,2013-03-27,1337
2026-10-09,2013-03-28,1307
2026-10-09,2013-04-01,1321
2026-10-09,2013-04-02,1306
2026-10-09,2013-04-03,1262
2026-10-09,2013-04-04,1254
2026-10-09,2013-04-05,1271
2026-10-09,2013-04-08,1257
2026-10-09,2013-04-09,1233
2026-10-09,2013-04-10,1219
2026-10-09,2013-04-11,1205
2026-10-09,2013-04-12,1167
2026-10-09,2013-04-15,1159
2026-10-09,2013-04-16,1165
2026-10-09,2013-04-17,1186
2026-10-09,2013-04-18,1204
2026-10-09,2013-04-19,1209
2026-10-09,2013-04-22,1216
2026-10-09,2013-04-23,1212
2026-10-09,2013-04-24,1212
2026-10-09,2013-04-25,1210
2026-10-09,2013-04-26,1215
2026-10-09,2013-04-29,1212
2026-10-09,2013-04-30,1210
2026-10-09,2013-05-01,1215
2026-10-09,2013-05-02,1205
2026-10-09,2013-05-03,1204
2026-10-09,2013-05-06,1205
2026-10-09,2013-05-07,1208
2026-10-09,2013-05-08,1203
2026-10-09,2013-05-09,1194
2026-10-09,2013-05-10,1193
2026-10-09,2013-05-13,1191
2026-10-09,2013-05-14,1177
2026-10-09,2013-05-15,1186
2026-10-09,2013-05-16,1184
2026-10-09,2013-05-17,1157
2026-10-09,2013-05-20,1148
2026-10-09,2013-05-21,1149
2026-10-09,2013-05-22,1127
2026-10-09,2013-05-23,1141
2026-10-09,2013-05-24,1144
2026-10-09,2013-05-28,1128
2026-10-09,2013-05-29,1148
2026-10-09,2013-05-30,1158
2026-10-09,2013-05-31,1167
2026-10-09,2013-06-03,1169
2026-10-09,2013-06-04,1183
2026-10-09,2013-06-05,1195
2026-10-09,2013-06-06,1204
2026-10-09,2013-06-07,1187
2026-10-09,2013-06-10,1188
2026-10-09,2013-06-11,1198
2026-10-09,2013-06-12,1199
2026-10-09,2013-06-13,1192
2026-10-09,2013-06-14,1197
2026-10-09,2013-06-17,1198
2026-10-09,2013-06-18,1221
2026-10-09,2013-06-19,1213
2026-10-09,2013-06-20,1227
2026-10-09,2013-06-21,1223
2026-10-09,2013-06-24,1229
2026-10-09,2013-06-25,1221
2026-10-09,2013-06-26,1219
2026-10-09,2013-06-27,1215
2026-10-09,2013-06-28,1199
2026-10-09,2013-07-01,1189
2026-10-09,2013-07-02,1199
2026-10-09,2013-07-03,1204
2026-10-09,2013-07-05,1188
2026-10-09,2013-07-08,1194
2026-10-09,2013-07-09,1194
2026-10-09,2013-07-10,1205
2026-10-09,2013-07-11,1194
2026-10-09,2013-07-12,1188
2026-10-09,2013-07-15,1164
2026-10-09,2013-07-16,1142
2026-10-09,2013-07-17,1139
2026-10-09,2013-07-18,1052
2026-10-09,2013-07-19,1075
2026-10-09,2013-07-22,1040
2026-10-09,2013-07-23,1025
2026-10-09,2013-07-24,1063
2026-10-09,2013-07-25,1092
2026-10-09,2013-07-26,1107
2026-10-09,2013-07-29,1139
2026-10-09,2013-07-30,1130
2026-10-09,2013-07-31,1112
2026-10-09,2013-08-01,1095
2026-10-09,2013-08-02,1101
2026-10-09,2013-08-05,1094
2026-10-09,2013-08-06,1069
2026-10-09,2013-08-07,1067
2026-10-09,2013-08-08,1052
2026-10-09,2013-08-09,1036
2026-10-09,2013-08-12,1032
2026-10-09,2013-08-13,1020
2026-10-09,2013-08-14,1018
2026-10-09,2013-08-15,1019
2026-10-09,2013-08-16,1017
2026-10-09,2013-08-19,1034
2026-10-09,2013-08-20,1039
2026-10-09,2013-08-21,1043
2026-10-09,2013-08-22,1023
2026-10-09,2013-08-23,1072
2026-10-09,2013-08-26,1075
2026-10-09,2013-08-27,1120
2026-10-09,2013-08-28,1127
2026-10-09,2013-08-29,1163
2026-10-09,2013-08-30,1170
2026-10-09,2013-09-03,1128
2026-10-09,2013-09-04,1101
2026-10-09,2013-09-05,1085
2026-10-09,2013-09-06,1075
2026-10-09,2013-09-09,1062
2026-10-09,2013-09-10,1073
2026-10-09,2013-09-11,1073
2026-10-09,2013-09-12,1110
2026-10-09,2013-09-13,1114
2026-10-09,2013-09-16,1089
2026-10-09,2013-09-17,1092
2026-10-09,2013-09-18,1063
2026-10-09,2013-09-19,1044
2026-10-09,2013-09-20,1037
2026-10-09,2013-09-23,1030
2026-10-09,2013-09-24,1013
2026-10-09,2013-09-25,1007
2026-10-09,2013-09-26,1017
2026-10-09,2013-09-27,1024
2026-10-09,2013-09-30,1035
2026-10-09,2013-10-01,1039
2026-10-09,2013-10-02,1029
2026-10-09,2013-10-03,1019
2026-10-09,2013-10-04,1005
2026-10-09,2013-10-07,997
2026-10-09,2013-10-08,979
2026-10-09,2013-10-09,971
2026-10-09,2013-10-10,919
2026-10-09,2013-10-11,904
2026-10-09,2013-10-15,887
2026-10-09,2013-10-16,908
2026-10-09,2013-10-17,904
2026-10-09,2013-10-18,851
2026-10-09,2013-10-21,842
2026-10-09,2013-10-22,859
2026-10-09,2013-10-23,873
2026-10-09,2013-10-24,896
2026-10-09,2013-10-25,891
2026-10-09,2013-10-28,881
2026-10-09,2013-10-29,909
2026-10-09,2013-10-30,921
2026-10-09,2013-10-31,921
2026-10-09,2013-11-01,892
2026-10-09,2013-11-04,875
2026-10-09,2013-11-05,841
2026-10-09,2013-11-06,841
2026-10-09,2013-11-07,838
2026-10-09,2013-11-08,825
2026-10-09,2013-11-12,831
2026-10-09,2013-11-13,839
2026-10-09,2013-11-14,829
2026-10-09,2013-11-15,813
2026-10-09,2013-11-18,807
2026-10-09,2013-11-19,829
2026-10-09,2013-11-20,806
2026-10-09,2013-11-21,791
2026-10-09,2013-11-22,790
2026-10-09,2013-11-25,803
2026-10-09,2013-11-26,789
2026-10-09,2013-11-27,776
2026-10-09,2013-11-29,776
2026-10-09,2013-12-02,777
2026-10-09,2013-12-03,795
2026-10-09,2013-12-04,805
2026-10-09,2013-12-05,798
2026-10-09,2013-12-06,780
2026-10-09,2013-12-09,775
2026-10-09,2013-12-10,782
2026-10-09,2013-12-11,783
2026-10-09,2013-12-12,791
2026-10-09,2013-12-13,804
2026-10-09,2013-12-16,806
2026-10-09,2013-12-17,824
2026-10-09,2013-12-18,824
2026-10-09,2013-12-19,822
2026-10-09,2013-12-20,826
2026-10-09,2013-12-23,823
2026-10-09,2013-12-24,817
2026-10-09,2013-12-26,816
2026-10-09,2013-12-27,809
2026-10-09,2013-12-30,812
2026-10-09,2013-12-31,808
2026-10-09,2014-01-02,800
2026-10-09,2014-01-03,793
2026-10-09,2014-01-06,796
2026-10-09,2014-01-07,836
2026-10-09,2014-01-08,840
2026-10-09,2014-01-09,867
2026-10-09,2014-01-10,914
2026-10-09,2014-01-13,937
2026-10-09,2014-01-14,911
2026-10-09,2014-01-15,901
2026-10-09,2014-01-16,926
2026-10-09,2014-01-17,941
2026-10-09,2014-01-21,920
2026-10-09,2014-01-22,952
2026-10-09,2014-01-23,996
2026-10-09,2014-01-24,1043
2026-10-09,2014-01-27,1018
2026-10-09,2014-01-28,983
2026-10-09,2014-01-29,1037
2026-10-09,2014-01-30,1067
2026-10-09,2014-01-31,1085
2026-10-09,2014-02-03,1103
2026-10-09,2014-02-04,1056
2026-10-09,2014-02-05,1018
2026-10-09,2014-02-06,984
2026-10-09,2014-02-07,961
2026-10-09,2014-02-10,984
2026-10-09,2014-02-11,972
2026-10-09,2014-02-12,974
2026-10-09,2014-02-13,970
2026-10-09,2014-02-14,951
2026-10-09,2014-02-18,972
2026-10-09,2014-02-19,986
2026-10-09,2014-02-20,961
2026-10-09,2014-02-21,951
2026-10-09,2014-02-24,928
2026-10-09,2014-02-25,924
2026-10-09,2014-02-26,927
2026-10-09,2014-02-27,917
2026-10-09,2014-02-28,907
2026-10-09,2014-03-03,926
2026-10-09,2014-03-04,917
2026-10-09,2014-03-05,929
2026-10-09,2014-03-06,905
2026-10-09,2014-03-07,899
2026-10-09,2014-03-10,900
2026-10-09,2014-03-11,903
2026-10-09,2014-03-12,904
2026-10-09,2014-03-13,926
2026-10-09,2014-03-14,914
2026-10-09,2014-03-17,883
2026-10-09,2014-03-18,883
2026-10-09,2014-03-19,873
2026-10-09,2014-03-20,861
2026-10-09,2014-03-21,849
2026-10-09,2014-03-24,850
2026-10-09,2014-03-25,846
2026-10-09,2014-03-26,851
2026-10-09,2014-03-27,837
2026-10-09,2014-03-28,824
2026-10-09,2014-03-31,799
2026-10-09,2014-04-01,802
2026-10-09,2014-04-02,794
2026-10-09,2014-04-03,782
2026-10-09,2014-04-04,754
2026-10-09,2014-04-07,775
2026-10-09,2014-04-08,791
2026-10-09,2014-04-09,769
2026-10-09,2014-04-10,769
2026-10-09,2014-04-11,779
2026-10-09,2014-04-14,784
2026-10-09,2014-04-15,804
2026-10-09,2014-04-16,805
2026-10-09,2014-04-17,796
2026-10-09,2014-04-21,796
2026-10-09,2014-04-22,780
2026-10-09,2014-04-23,792
2026-10-09,2014-04-24,789
2026-10-09,2014-04-25,809
2026-10-09,2014-04-28,795
2026-10-09,2014-04-29,790
2026-10-09,2014-04-30,786
2026-10-09,2014-05-01,778
2026-10-09,2014-05-02,787
2026-10-09,2014-05-05,781
2026-10-09,2014-05-06,781
2026-10-09,2014-05-07,752
2026-10-09,2014-05-08,759
2026-10-09,2014-05-09,771
2026-10-09,2014-05-12,763
2026-10-09,2014-05-13,774
2026-10-09,2014-05-14,773
2026-10-09,2014-05-15,788
2026-10-09,2014-05-16,795
2026-10-09,2014-05-19,801
2026-10-09,2014-05-20,813
2026-10-09,2014-05-21,815
2026-10-09,2014-05-22,834
2026-10-09,2014-05-23,832
2026-10-09,2014-05-27,846
2026-10-09,2014-05-28,850
2026-10-09,2014-05-29,832
2026-10-09,2014-05-30,833
2026-10-09,2014-06-02,839
2026-10-09,2014-06-03,833
2026-10-09,2014-06-04,819
2026-10-09,2014-06-05,796
2026-10-09,2014-06-06,766
2026-10-09,2014-06-09,769
2026-10-09,2014-06-10,767
2026-10-09,2014-06-11,754
2026-10-09,2014-06-12,761
2026-10-09,2014-06-13,737
2026-10-09,2014-06-16,850
2026-10-09,2014-06-17,873
2026-10-09,2014-06-18,797
2026-10-09,2014-06-19,817
2026-10-09,2014-06-20,709
2026-10-09,2014-06-23,669
2026-10-09,2014-06-24,676
2026-10-09,2014-06-25,667
2026-10-09,2014-06-26,692
2026-10-09,2014-06-27,708
2026-10-09,2014-06-30,724
2026-10-09,2014-07-01,697
2026-10-09,2014-07-02,686
2026-10-09,2014-07-03,673
2026-10-09,2014-07-07,680
2026-10-09,2014-07-08,668
2026-10-09,2014-07-09,591
2026-10-09,2014-07-10,593
2026-10-09,2014-07-11,596
2026-10-09,2014-07-14,631
2026-10-09,2014-07-15,649
2026-10-09,2014-07-16,644
2026-10-09,2014-07-17,669
2026-10-09,2014-07-18,646
2026-10-09,2014-07-21,671
2026-10-09,2014-07-22,667
2026-10-09,2014-07-23,656
2026-10-09,2014-07-24,630
2026-10-09,2014-07-25,687
2026-10-09,2014-07-28,707
2026-10-09,2014-07-29,680
2026-10-09,2014-07-30,560
2026-10-09,2014-07-31,649
2026-10-09,2014-08-01,701
2026-10-09,2014-08-04,730
2026-10-09,2014-08-05,724
2026-10-09,2014-08-06,682
2026-10-09,2014-08-07,696
2026-10-09,2014-08-08,698
2026-10-09,2014-08-11,694
2026-10-09,2014-08-12,720
2026-10-09,2014-08-13,744
2026-10-09,2014-08-14,774
2026-10-09,2014-08-15,801
2026-10-09,2014-08-18,783
2026-10-09,2014-08-19,764
2026-10-09,2014-08-20,790
2026-10-09,2014-08-21,813
2026-10-09,2014-08-22,821
2026-10-09,2014-08-25,820
2026-10-09,2014-08-26,803
2026-10-09,2014-08-27,806
2026-10-09,2014-08-28,804
2026-10-09,2014-08-29,808
2026-10-09,2014-09-02,783
2026-10-09,2014-09-03,749
2026-10-09,2014-09-04,750
2026-10-09,2014-09-05,753
2026-10-09,2014-09-08,763
2026-10-09,2014-09-09,753
2026-10-09,2014-09-10,757
2026-10-09,2014-09-11,731
2026-10-09,2014-09-12,706
2026-10-09,2014-09-15,711
2026-10-09,2014-09-16,690
2026-10-09,2014-09-17,698
2026-10-09,2014-09-18,700
2026-10-09,2014-09-19,699
2026-10-09,2014-09-22,702
2026-10-09,2014-09-23,700
2026-10-09,2014-09-24,685
2026-10-09,2014-09-25,686
2026-10-09,2014-09-26,684
2026-10-09,2014-09-29,693
2026-10-09,2014-09-30,700
2026-10-09,2014-10-01,753
2026-10-09,2014-10-02,735
2026-10-09,2014-10-03,738
2026-10-09,2014-10-06,750
2026-10-09,2014-10-07,768
2026-10-09,2014-10-08,751
2026-10-09,2014-10-09,754
2026-10-09,2014-10-10,771
2026-10-09,2014-10-14,798
2026-10-09,2014-10-15,844
2026-10-09,2014-10-16,833
2026-10-09,2014-10-17,799
2026-10-09,2014-10-20,792
2026-10-09,2014-10-21,779
2026-10-09,2014-10-22,762
2026-10-09,2014-10-23,747
2026-10-09,2014-10-24,745
2026-10-09,2014-10-27,736
2026-10-09,2014-10-28,722
2026-10-09,2014-10-29,712
2026-10-09,2014-10-30,713
2026-10-09,2014-10-31,703
2026-10-09,2014-11-03,682
2026-10-09,2014-11-04,686
2026-10-09,2014-11-05,674
2026-10-09,2014-11-06,672
2026-10-09,2014-11-07,663
2026-10-09,2014-11-10,664
2026-10-09,2014-11-12,658
2026-10-09,2014-11-13,660
2026-10-09,2014-11-14,664
2026-10-09,2014-11-17,667
2026-10-09,2014-11-18,671
2026-10-09,2014-11-19,678
2026-10-09,2014-11-20,683
2026-10-09,2014-11-21,681
2026-10-09,2014-11-24,680
2026-10-09,2014-11-25,680
2026-10-09,2014-11-26,687
2026-10-09,2014-11-28,687
2026-10-09,2014-12-01,698
2026-10-09,2014-12-02,688
2026-10-09,2014-12-03,700
2026-10-09,2014-12-04,699
2026-10-09,2014-12-05,707
2026-10-09,2014-12-08,726
2026-10-09,2014-12-09,743
2026-10-09,2014-12-10,760
2026-10-09,2014-12-11,751
2026-10-09,2014-12-12,780
2026-10-09,2014-12-15,804
2026-10-09,2014-12-16,823
2026-10-09,2014-12-17,800
2026-10-09,2014-12-18,771
2026-10-09,2014-12-19,770
2026-10-09,2014-12-22,768
2026-10-09,2014-12-23,759
2026-10-09,2014-12-24,757
2026-10-09,2014-12-26,728
2026-10-09,2014-12-29,729
2026-10-09,2014-12-30,717
2026-10-09,2014-12-31,719
2026-10-09,2015-01-02,726
2026-10-09,2015-01-05,750
2026-10-09,2015-01-06,766
2026-10-09,2015-01-07,749
2026-10-09,2015-01-08,734
2026-10-09,2015-01-09,726
2026-10-09,2015-01-12,736
2026-10-09,2015-01-13,729
2026-10-09,2015-01-14,720
2026-10-09,2015-01-15,741
2026-10-09,2015-01-16,731
2026-10-09,2015-01-20,720
2026-10-09,2015-01-21,720
2026-10-09,2015-01-22,710
2026-10-09,2015-01-23,726
2026-10-09,2015-01-26,726
2026-10-09,2015-01-27,724
2026-10-09,2015-01-28,730
2026-10-09,2015-01-29,728
2026-10-09,2015-01-30,742
2026-10-09,2015-02-02,739
2026-10-09,2015-02-03,727
2026-10-09,2015-02-04,728
2026-10-09,2015-02-05,718
2026-10-09,2015-02-06,709
2026-10-09,2015-02-09,712
2026-10-09,2015-02-10,712
2026-10-09,2015-02-11,715
2026-10-09,2015-02-12,720
2026-10-09,2015-02-13,702
2026-10-09,2015-02-17,686
2026-10-09,2015-02-18,679
2026-10-09,2015-02-19,668
2026-10-09,2015-02-20,650
2026-10-09,2015-02-23,626
2026-10-09,2015-02-24,633
2026-10-09,2015-02-25,635
2026-10-09,2015-02-26,624
2026-10-09,2015-02-27,618
2026-10-09,2015-03-02,604
2026-10-09,2015-03-03,597
2026-10-09,2015-03-04,586
2026-10-09,2015-03-05,581
2026-10-09,2015-03-06,566
2026-10-09,2015-03-09,561
2026-10-09,2015-03-10,568
2026-10-09,2015-03-11,581
2026-10-09,2015-03-12,580
2026-10-09,2015-03-13,584
2026-10-09,2015-03-16,581
2026-10-09,2015-03-17,586
2026-10-09,2015-03-18,598
2026-10-09,2015-03-19,598
2026-10-09,2015-03-20,604
2026-10-09,2015-03-23,602
2026-10-09,2015-03-24,608
2026-10-09,2015-03-25,608
2026-10-09,2015-03-26,595
2026-10-09,2015-03-27,612
2026-10-09,2015-03-30,620
2026-10-09,2015-03-31,629
2026-10-09,2015-04-01,628
2026-10-09,2015-04-02,618
2026-10-09,2015-04-03,625
2026-10-09,2015-04-06,610
2026-10-09,2015-04-07,609
2026-10-09,2015-04-08,588
2026-10-09,2015-04-09,574
2026-10-09,2015-04-10,568
2026-10-09,2015-04-13,574
2026-10-09,2015-04-14,583
2026-10-09,2015-04-15,590
2026-10-09,2015-04-16,602
2026-10-09,2015-04-17,619
2026-10-09,2015-04-20,617
2026-10-09,2015-04-21,620
2026-10-09,2015-04-22,617
2026-10-09,2015-04-23,619
2026-10-09,2015-04-24,616
2026-10-09,2015-04-27,608
2026-10-09,2015-04-28,603
2026-10-09,2015-04-29,605
2026-10-09,2015-04-30,603
2026-10-09,2015-05-01,596
2026-10-09,2015-05-04,593
2026-10-09,2015-05-05,581
2026-10-09,2015-05-06,581
2026-10-09,2015-05-07,601
2026-10-09,2015-05-08,610
2026-10-09,2015-05-11,606
2026-10-09,2015-05-12,616
2026-10-09,2015-05-13,606
2026-10-09,2015-05-14,615
2026-10-09,2015-05-15,625
2026-10-09,2015-05-18,599
2026-10-09,2015-05-19,590
2026-10-09,2015-05-20,579
2026-10-09,2015-05-21,578
2026-10-09,2015-05-22,576
2026-10-09,2015-05-26,588
2026-10-09,2015-05-27,589
2026-10-09,2015-05-28,594
2026-10-09,2015-05-29,601
2026-10-09,2015-06-01,596
2026-10-09,2015-06-02,576
2026-10-09,2015-06-03,557
2026-10-09,2015-06-04,566
2026-10-09,2015-06-05,555
2026-10-09,2015-06-08,559
2026-10-09,2015-06-09,566
2026-10-09,2015-06-10,567
2026-10-09,2015-06-11,572
2026-10-09,2015-06-12,573
2026-10-09,2015-06-15,580
2026-10-09,2015-06-16,588
2026-10-09,2015-06-17,621
2026-10-09,2015-06-18,629
2026-10-09,2015-06-19,652
2026-10-09,2015-06-22,627
2026-10-09,2015-06-23,614
2026-10-09,2015-06-24,621
2026-10-09,2015-06-25,595
2026-10-09,2015-06-26,589
2026-10-09,2015-06-29,617
2026-10-09,2015-06-30,631
2026-10-09,2015-07-01,624
2026-10-09,2015-07-02,619
2026-10-09,2015-07-06,625
2026-10-09,2015-07-07,625
2026-10-09,2015-07-08,635
2026-10-09,2015-07-09,618
2026-10-09,2015-07-10,595
2026-10-09,2015-07-13,597
2026-10-09,2015-07-14,591
2026-10-09,2015-07-15,577
2026-10-09,2015-07-16,581
2026-10-09,2015-07-17,585
2026-10-09,2015-07-20,582
2026-10-09,2015-07-21,585
2026-10-09,2015-07-22,589
2026-10-09,2015-07-23,591
2026-10-09,2015-07-24,597
2026-10-09,2015-07-27,612
2026-10-09,2015-07-28,610
2026-10-09,2015-07-29,606
2026-10-09,2015-07-30,609
2026-10-09,2015-07-31,615
2026-10-09,2015-08-03,627
2026-10-09,2015-08-04,608
2026-10-09,2015-08-05,583
2026-10-09,2015-08-06,586
2026-10-09,2015-08-07,592
2026-10-09,2015-08-10,572
2026-10-09,2015-08-11,590
2026-10-09,2015-08-12,581
2026-10-09,2015-08-13,580
2026-10-09,2015-08-14,574
2026-10-09,2015-08-17,571
2026-10-09,2015-08-18,565
2026-10-09,2015-08-19,572
2026-10-09,2015-08-20,580
2026-10-09,2015-08-21,593
2026-10-09,2015-08-24,621
2026-10-09,2015-08-25,608
2026-10-09,2015-08-26,612
2026-10-09,2015-08-27,599
2026-10-09,2015-08-28,591
2026-10-09,2015-08-31,584
2026-10-09,2015-09-01,590
2026-10-09,2015-09-02,579
2026-10-09,2015-09-03,567
2026-10-09,2015-09-04,561
2026-10-09,2015-09-08,542
2026-10-09,2015-09-09,538
2026-10-09,2015-09-10,527
2026-10-09,2015-09-11,531
2026-10-09,2015-09-14,540
2026-10-09,2015-09-15,529
2026-10-09,2015-09-16,537
2026-10-09,2015-09-17,542
2026-10-09,2015-09-18,553
2026-10-09,2015-09-21,546
2026-10-09,2015-09-22,568
2026-10-09,2015-09-23,580
2026-10-09,2015-09-24,595
2026-10-09,2015-09-25,575
2026-10-09,2015-09-28,598
2026-10-09,2015-09-29,601
2026-10-09,2015-09-30,591
2026-10-09,2015-10-01,589
2026-10-09,2015-10-02,596
2026-10-09,2015-10-05,584
2026-10-09,2015-10-06,584
2026-10-09,2015-10-07,579
2026-10-09,2015-10-08,577
2026-10-09,2015-10-09,572
2026-10-09,2015-10-13,584
2026-10-09,2015-10-14,588
2026-10-09,2015-10-15,576
2026-10-09,2015-10-16,558
2026-10-09,2015-10-19,554
2026-10-09,2015-10-20,555
2026-10-09,2015-10-21,557
2026-10-09,2015-10-22,553
2026-10-09,2015-10-23,542
2026-10-09,2015-10-26,519
2026-10-09,2015-10-27,520
2026-10-09,2015-10-28,495
2026-10-09,2015-10-29,485
2026-10-09,2015-10-30,489
2026-10-09,2015-11-02,490
2026-10-09,2015-11-03,484
2026-10-09,2015-11-04,498
2026-10-09,2015-11-05,504
2026-10-09,2015-11-06,499
2026-10-09,2015-11-09,495
2026-10-09,2015-11-10,482
2026-10-09,2015-11-12,486
2026-10-09,2015-11-13,496
2026-10-09,2015-11-16,485
2026-10-09,2015-11-17,481
2026-10-09,2015-11-18,471
2026-10-09,2015-11-19,475
2026-10-09,2015-11-20,470
2026-10-09,2015-11-23,466
2026-10-09,2015-11-24,485
2026-10-09,2015-11-25,490
2026-10-09,2015-11-27,491
2026-10-09,2015-11-30,487
2026-10-09,2015-12-01,496
2026-10-09,2015-12-02,499
2026-10-09,2015-12-03,494
2026-10-09,2015-12-04,500
2026-10-09,2015-12-07,500
2026-10-09,2015-12-08,498
2026-10-09,2015-12-09,495
2026-10-09,2015-12-10,480
2026-10-09,2015-12-11,490
2026-10-09,2015-12-14,500
2026-10-09,2015-12-15,487
2026-10-09,2015-12-16,482
2026-10-09,2015-12-17,475
2026-10-09,2015-12-18,485
2026-10-09,2015-12-21,478
2026-10-09,2015-12-22,475
2026-10-09,2015-12-23,465
2026-10-09,2015-12-24,468
2026-10-09,2015-12-28,444
2026-10-09,2015-12-29,435
2026-10-09,2015-12-30,435
2026-10-09,2015-12-31,438
2026-10-09,2016-01-04,447
2026-10-09,2016-01-05,437
2026-10-09,2016-01-06,448
2026-10-09,2016-01-07,453
2026-10-09,2016-01-08,455
2026-10-09,2016-01-11,455
2026-10-09,2016-01-12,463
2026-10-09,2016-01-13,481
2026-10-09,2016-01-14,483
2026-10-09,2016-01-15,498
2026-10-09,2016-01-19,501
2026-10-09,2016-01-20,524
2026-10-09,2016-01-21,525
2026-10-09,2016-01-22,515
2026-10-09,2016-01-25,515
2026-10-09,2016-01-26,513
2026-10-09,2016-01-27,510
2026-10-09,2016-01-28,507
2026-10-09,2016-01-29,502
2026-10-09,2016-02-01,488
2026-10-09,2016-02-02,487
2026-10-09,2016-02-03,474
2026-10-09,2016-02-04,472
2026-10-09,2016-02-05,471
2026-10-09,2016-02-08,474
2026-10-09,2016-02-09,482
2026-10-09,2016-02-10,487
2026-10-09,2016-02-11,502
2026-10-09,2016-02-12,477
2026-10-09,2016-02-16,468
2026-10-09,2016-02-17,458
2026-10-09,2016-02-18,461
2026-10-09,2016-02-19,463
2026-10-09,2016-02-22,453
2026-10-09,2016-02-23,456
2026-10-09,2016-02-24,459
2026-10-09,2016-02-25,461
2026-10-09,2016-02-26,461
2026-10-09,2016-02-29,465
2026-10-09,2016-03-01,454
2026-10-09,2016-03-02,455
2026-10-09,2016-03-03,484
2026-10-09,2016-03-04,459
2026-10-09,2016-03-07,457
2026-10-09,2016-03-08,464
2026-10-09,2016-03-09,457
2026-10-09,2016-03-10,455
2026-10-09,2016-03-11,437
2026-10-09,2016-03-14,437
2026-10-09,2016-03-15,447
2026-10-09,2016-03-16,448
2026-10-09,2016-03-17,440
2026-10-09,2016-03-18,444
2026-10-09,2016-03-21,437
2026-10-09,2016-03-22,437
2026-10-09,2016-03-23,448
2026-10-09,2016-03-24,459
2026-10-09,2016-03-28,450
2026-10-09,2016-03-29,451
2026-10-09,2016-03-30,438
2026-10-09,2016-03-31,444
2026-10-09,2016-04-01,443
2026-10-09,2016-04-04,442
2026-10-09,2016-04-05,449
2026-10-09,2016-04-06,442
2026-10-09,2016-04-07,453
2026-10-09,2016-04-08,450
2026-10-09,2016-04-11,443
2026-10-09,2016-04-12,432
2026-10-09,2016-04-13,419
2026-10-09,2016-04-14,413
2026-10-09,2016-04-15,416
2026-10-09,2016-04-18,403
2026-10-09,2016-04-19,388
2026-10-09,2016-04-20,380
2026-10-09,2016-04-21,379
2026-10-09,2016-04-22,382
2026-10-09,2016-04-25,391
2026-10-09,2016-04-26,383
2026-10-09,2016-04-27,526
2026-10-09,2016-04-28,541
2026-10-09,2016-04-29,544
2026-10-09,2016-05-02,538
2026-10-09,2016-05-03,550
2026-10-09,2016-05-04,558
2026-10-09,2016-05-05,569
2026-10-09,2016-05-06,559
2026-10-09,2016-05-09,565
2026-10-09,2016-05-10,566
2026-10-09,2016-05-11,567
2026-10-09,2016-05-12,564
2026-10-09,2016-05-13,557
2026-10-09,2016-05-16,544
2026-10-09,2016-05-17,542
2026-10-09,2016-05-18,535
2026-10-09,2016-05-19,548
2026-10-09,2016-05-20,545
2026-10-09,2016-05-23,543
2026-10-09,2016-05-24,538
2026-10-09,2016-05-25,529
2026-10-09,2016-05-26,526
2026-10-09,2016-05-27,520
2026-10-09,2016-05-31,522
2026-10-09,2016-06-01,512
2026-10-09,2016-06-02,516
2026-10-09,2016-06-03,520
2026-10-09,2016-06-06,512
2026-10-09,2016-06-07,508
2026-10-09,2016-06-08,520
2026-10-09,2016-06-09,524
2026-10-09,2016-06-10,534
2026-10-09,2016-06-13,540
2026-10-09,2016-06-14,540
2026-10-09,2016-06-15,532
2026-10-09,2016-06-16,533
2026-10-09,2016-06-17,532
2026-10-09,2016-06-20,516
2026-10-09,2016-06-21,511
2026-10-09,2016-06-22,506
2026-10-09,2016-06-23,495
2026-10-09,2016-06-24,521
2026-10-09,2016-06-27,534
2026-10-09,2016-06-28,529
2026-10-09,2016-06-29,519
2026-10-09,2016-06-30,518
2026-10-09,2016-07-01,513
2026-10-09,2016-07-05,527
2026-10-09,2016-07-06,528
2026-10-09,2016-07-07,533
2026-10-09,2016-07-08,526
2026-10-09,2016-07-11,517
2026-10-09,2016-07-12,507
2026-10-09,2016-07-13,509
2026-10-09,2016-07-14,503
2026-10-09,2016-07-15,499
2026-10-09,2016-07-18,499
2026-10-09,2016-07-19,500
2026-10-09,2016-07-20,498
2026-10-09,2016-07-21,503
2026-10-09,2016-07-22,500
2026-10-09,2016-07-25,503
2026-10-09,2016-07-26,509
2026-10-09,2016-07-27,521
2026-10-09,2016-07-28,522
2026-10-09,2016-07-29,521
2026-10-09,2016-08-01,523
2026-10-09,2016-08-02,523
2026-10-09,2016-08-03,514
2026-10-09,2016-08-04,513
2026-10-09,2016-08-05,507
2026-10-09,2016-08-08,505
2026-10-09,2016-08-09,502
2026-10-09,2016-08-10,497
2026-10-09,2016-08-11,488
2026-10-09,2016-08-12,482
2026-10-09,2016-08-15,474
2026-10-09,2016-08-16,464
2026-10-09,2016-08-17,470
2026-10-09,2016-08-18,473
2026-10-09,2016-08-19,476
2026-10-09,2016-08-22,485
2026-10-09,2016-08-23,479
2026-10-09,2016-08-24,488
2026-10-09,2016-08-25,488
2026-10-09,2016-08-26,480
2026-10-09,2016-08-29,482
2026-10-09,2016-08-30,482
2026-10-09,2016-08-31,454
2026-10-09,2016-09-01,458
2026-10-09,2016-09-02,448
2026-10-09,2016-09-06,445
2026-10-09,2016-09-07,438
2026-10-09,2016-09-08,436
2026-10-09,2016-09-09,451
2026-10-09,2016-09-12,447
2026-10-09,2016-09-13,461
2026-10-09,2016-09-14,471
2026-10-09,2016-09-15,461
2026-10-09,2016-09-16,462
2026-10-09,2016-09-19,455
2026-10-09,2016-09-20,447
2026-10-09,2016-09-21,428
2026-10-09,2016-09-22,428
2026-10-09,2016-09-23,437
2026-10-09,2016-09-26,446
2026-10-09,2016-09-27,446
2026-10-09,2016-09-28,437
2026-10-09,2016-09-29,445
2026-10-09,2016-09-30,439
2026-10-09,2016-10-03,436
2026-10-09,2016-10-04,435
2026-10-09,2016-10-05,436
2026-10-09,2016-10-06,448
2026-10-09,2016-10-07,451
2026-10-09,2016-10-11,453
2026-10-09,2016-10-12,449
2026-10-09,2016-10-13,449
2026-10-09,2016-10-14,455
2026-10-09,2016-10-17,465
2026-10-09,2016-10-18,461
2026-10-09,2016-10-19,451
2026-10-09,2016-10-20,446
2026-10-09,2016-10-21,440
2026-10-09,2016-10-24,441
2026-10-09,2016-10-25,446
2026-10-09,2016-10-26,447
2026-10-09,2016-10-27,453
2026-10-09,2016-10-28,450
2026-10-09,2016-10-31,451
2026-10-09,2016-11-01,461
2026-10-09,2016-11-02,468
2026-10-09,2016-11-03,459
2026-10-09,2016-11-04,460
2026-10-09,2016-11-07,443
2026-10-09,2016-11-08,436
2026-10-09,2016-11-09,438
2026-10-09,2016-11-10,475
2026-10-09,2016-11-14,504
2026-10-09,2016-11-15,490
2026-10-09,2016-11-16,487
2026-10-09,2016-11-17,489
2026-10-09,2016-11-18,488
2026-10-09,2016-11-21,489
2026-10-09,2016-11-22,486
2026-10-09,2016-11-23,489
2026-10-09,2016-11-25,489
2026-10-09,2016-11-28,489
2026-10-09,2016-11-29,496
2026-10-09,2016-11-30,515
2026-10-09,2016-12-01,529
2026-10-09,2016-12-02,528
2026-10-09,2016-12-05,524
2026-10-09,2016-12-06,499
2026-10-09,2016-12-07,486
2026-10-09,2016-12-08,489
2026-10-09,2016-12-09,490
2026-10-09,2016-12-12,513
2026-10-09,2016-12-13,512
2026-10-09,2016-12-14,512
2026-10-09,2016-12-15,515
2026-10-09,2016-12-16,512
2026-10-09,2016-12-19,506
2026-10-09,2016-12-20,497
2026-10-09,2016-12-21,489
2026-10-09,2016-12-22,487
2026-10-09,2016-12-23,477
2026-10-09,2016-12-27,455
2026-10-09,2016-12-28,448
2026-10-09,2016-12-29,453
2026-10-09,2016-12-30,455
2026-10-09,2017-01-03,474
2026-10-09,2017-01-04,477
2026-10-09,2017-01-05,475
2026-10-09,2017-01-06,468
2026-10-09,2017-01-09,470
2026-10-09,2017-01-10,482
2026-10-09,2017-01-11,483
2026-10-09,2017-01-12,473
2026-10-09,2017-01-13,453
2026-10-09,2017-01-17,455
2026-10-09,2017-01-18,459
2026-10-09,2017-01-19,461
2026-10-09,2017-01-20,462
2026-10-09,2017-01-23,469
2026-10-09,2017-01-24,464
2026-10-09,2017-01-25,463
2026-10-09,2017-01-26,463
2026-10-09,2017-01-27,457
2026-10-09,2017-01-30,469
2026-10-09,2017-01-31,469
2026-10-09,2017-02-01,461
2026-10-09,2017-02-02,448
2026-10-09,2017-02-03,440
2026-10-09,2017-02-06,443
2026-10-09,2017-02-07,458
2026-10-09,2017-02-08,460
2026-10-09,2017-02-09,456
2026-10-09,2017-02-10,446
2026-10-09,2017-02-13,441
2026-10-09,2017-02-14,442
2026-10-09,2017-02-15,448
2026-10-09,2017-02-16,459
2026-10-09,2017-02-17,460
2026-10-09,2017-02-21,456
2026-10-09,2017-02-22,456
2026-10-09,2017-02-23,458
2026-10-09,2017-02-24,466
2026-10-09,2017-02-27,469
2026-10-09,2017-02-28,466
2026-10-09,2017-03-01,454
2026-10-09,2017-03-02,451
2026-10-09,2017-03-03,445
2026-10-09,2017-03-06,447
2026-10-09,2017-03-07,442
2026-10-09,2017-03-08,452
2026-10-09,2017-03-09,456
2026-10-09,2017-03-10,451
2026-10-09,2017-03-13,456
2026-10-09,2017-03-14,463
2026-10-09,2017-03-15,452
2026-10-09,2017-03-16,449
2026-10-09,2017-03-17,443
2026-10-09,2017-03-20,444
2026-10-09,2017-03-21,453
2026-10-09,2017-03-22,458
2026-10-09,2017-03-23,456
2026-10-09,2017-03-24,455
2026-10-09,2017-03-27,461
2026-10-09,2017-03-28,457
2026-10-09,2017-03-29,453
2026-10-09,2017-03-30,450
2026-10-09,2017-03-31,452
2026-10-09,2017-04-03,454
2026-10-09,2017-04-04,447
2026-10-09,2017-04-05,439
2026-10-09,2017-04-06,439
2026-10-09,2017-04-07,437
2026-10-09,2017-04-10,436
2026-10-09,2017-04-11,439
2026-10-09,2017-04-12,443
2026-10-09,2017-04-13,442
2026-10-09,2017-04-17,438
2026-10-09,2017-04-18,440
2026-10-09,2017-04-19,433
2026-10-09,2017-04-20,427
2026-10-09,2017-04-21,424
2026-10-09,2017-04-24,414
2026-10-09,2017-04-25,407
2026-10-09,2017-04-26,417
2026-10-09,2017-04-27,417
2026-10-09,2017-04-28,415
2026-10-09,2017-05-01,411
2026-10-09,2017-05-02,405
2026-10-09,2017-05-03,404
2026-10-09,2017-05-04,405
2026-10-09,2017-05-05,407
2026-10-09,2017-05-08,407
2026-10-09,2017-05-09,410
2026-10-09,2017-05-10,403
2026-10-09,2017-05-11,405
2026-10-09,2017-05-12,407
2026-10-09,2017-05-15,400
2026-10-09,2017-05-16,404
2026-10-09,2017-05-17,419
2026-10-09,2017-05-18,431
2026-10-09,2017-05-19,422
2026-10-09,2017-05-22,426
2026-10-09,2017-05-23,420
2026-10-09,2017-05-24,415
2026-10-09,2017-05-25,419
2026-10-09,2017-05-26,418
2026-10-09,2017-05-30,416
2026-10-09,2017-05-31,407
2026-10-09,2017-06-01,402
2026-10-09,2017-06-02,398
2026-10-09,2017-06-05,397
2026-10-09,2017-06-06,395
2026-10-09,2017-06-07,396
2026-10-09,2017-06-08,395
2026-10-09,2017-06-09,397
2026-10-09,2017-06-12,399
2026-10-09,2017-06-13,396
2026-10-09,2017-06-14,399
2026-10-09,2017-06-15,404
2026-10-09,2017-06-16,407
2026-10-09,2017-06-19,411
2026-10-09,2017-06-20,426
2026-10-09,2017-06-21,431
2026-10-09,2017-06-22,423
2026-10-09,2017-06-23,419
2026-10-09,2017-06-26,414
2026-10-09,2017-06-27,421
2026-10-09,2017-06-28,424
2026-10-09,2017-06-29,435
2026-10-09,2017-06-30,432
2026-10-09,2017-07-03,430
2026-10-09,2017-07-05,436
2026-10-09,2017-07-06,445
2026-10-09,2017-07-07,443
2026-10-09,2017-07-10,435
2026-10-09,2017-07-11,433
2026-10-09,2017-07-12,430
2026-10-09,2017-07-13,429
2026-10-09,2017-07-14,426
2026-10-09,2017-07-17,425
2026-10-09,2017-07-18,435
2026-10-09,2017-07-19,436
2026-10-09,2017-07-20,437
2026-10-09,2017-07-21,440
2026-10-09,2017-07-24,444
2026-10-09,2017-07-25,442
2026-10-09,2017-07-26,436
2026-10-09,2017-07-27,433
2026-10-09,2017-07-28,440
2026-10-09,2017-07-31,439
2026-10-09,2017-08-01,441
2026-10-09,2017-08-02,443
2026-10-09,2017-08-03,446
2026-10-09,2017-08-04,447
2026-10-09,2017-08-07,447
2026-10-09,2017-08-08,440
2026-10-09,2017-08-09,445
2026-10-09,2017-08-10,453
2026-10-09,2017-08-11,444
2026-10-09,2017-08-14,418
2026-10-09,2017-08-15,409
2026-10-09,2017-08-16,406
2026-10-09,2017-08-17,417
2026-10-09,2017-08-18,410
2026-10-09,2017-08-21,412
2026-10-09,2017-08-22,409
2026-10-09,2017-08-23,408
2026-10-09,2017-08-24,403
2026-10-09,2017-08-25,395
2026-10-09,2017-08-28,396
2026-10-09,2017-08-29,395
2026-10-09,2017-08-30,387
2026-10-09,2017-08-31,393
2026-10-09,2017-09-01,388
2026-10-09,2017-09-05,393
2026-10-09,2017-09-06,393
2026-10-09,2017-09-07,392
2026-10-09,2017-09-08,390
2026-10-09,2017-09-11,385
2026-10-09,2017-09-12,384
2026-10-09,2017-09-13,374
2026-10-09,2017-09-14,375
2026-10-09,2017-09-15,373
2026-10-09,2017-09-18,370
2026-10-09,2017-09-19,371
2026-10-09,2017-09-20,370
2026-10-09,2017-09-21,370
2026-10-09,2017-09-22,368
2026-10-09,2017-09-25,375
2026-10-09,2017-09-26,377
2026-10-09,2017-09-27,379
2026-10-09,2017-09-28,375
2026-10-09,2017-09-29,367
2026-10-09,2017-10-02,367
2026-10-09,2017-10-03,365
2026-10-09,2017-10-04,362
2026-10-09,2017-10-05,359
2026-10-09,2017-10-06,362
2026-10-09,2017-10-10,363
2026-10-09,2017-10-11,358
2026-10-09,2017-10-12,354
2026-10-09,2017-10-13,348
2026-10-09,2017-10-16,345
2026-10-09,2017-10-17,343
2026-10-09,2017-10-18,342
2026-10-09,2017-10-19,350
2026-10-09,2017-10-20,349
2026-10-09,2017-10-23,342
2026-10-09,2017-10-24,348
2026-10-09,2017-10-25,349
2026-10-09,2017-10-26,361
2026-10-09,2017-10-27,355
2026-10-09,2017-10-30,344
2026-10-09,2017-10-31,361
2026-10-09,2017-11-01,365
2026-10-09,2017-11-02,361
2026-10-09,2017-11-03,368
2026-10-09,2017-11-06,374
2026-10-09,2017-11-07,384
2026-10-09,2017-11-08,383
2026-10-09,2017-11-09,386
2026-10-09,2017-11-10,381
2026-10-09,2017-11-13,380
2026-10-09,2017-11-14,381
2026-10-09,2017-11-15,388
2026-10-09,2017-11-16,373
2026-10-09,2017-11-17,366
2026-10-09,2017-11-20,368
2026-10-09,2017-11-21,363
2026-10-09,2017-11-22,363
2026-10-09,2017-11-24,363
2026-10-09,2017-11-27,361
2026-10-09,2017-11-28,356
2026-10-09,2017-11-29,358
2026-10-09,2017-11-30,357
2026-10-09,2017-12-01,359
2026-10-09,2017-12-04,355
2026-10-09,2017-12-05,356
2026-10-09,2017-12-06,363
2026-10-09,2017-12-07,365
2026-10-09,2017-12-08,368
2026-10-09,2017-12-11,366
2026-10-09,2017-12-12,364
2026-10-09,2017-12-13,363
2026-10-09,2017-12-14,361
2026-10-09,2017-12-15,361
2026-10-09,2017-12-18,355
2026-10-09,2017-12-19,350
2026-10-09,2017-12-20,346
2026-10-09,2017-12-21,347
2026-10-09,2017-12-22,347
2026-10-09,2017-12-26,348
2026-10-09,2017-12-27,350
2026-10-09,2017-12-28,349
2026-10-09,2017-12-29,351
2026-10-09,2018-01-02,347
2026-10-09,2018-01-03,355
2026-10-09,2018-01-04,356
2026-10-09,2018-01-05,362
2026-10-09,2018-01-08,365
2026-10-09,2018-01-09,361
2026-10-09,2018-01-10,364
2026-10-09,2018-01-11,363
2026-10-09,2018-01-12,364
2026-10-09,2018-01-15,364
2026-10-09,2018-01-16,362
2026-10-09,2018-01-17,360
2026-10-09,2018-01-18,359
2026-10-09,2018-01-19,363
2026-10-09,2018-01-22,365
2026-10-09,2018-01-23,367
2026-10-09,2018-01-24,369
2026-10-09,2018-01-25,373
2026-10-09,2018-01-26,372
2026-10-09,2018-01-29,376
2026-10-09,2018-01-30,379
2026-10-09,2018-01-31,374
2026-10-09,2018-02-01,373
2026-10-09,2018-02-02,376
2026-10-09,2018-02-05,396
2026-10-09,2018-02-06,394
2026-10-09,2018-02-07,383
2026-10-09,2018-02-08,405
2026-10-09,2018-02-09,426
2026-10-09,2018-02-12,413
2026-10-09,2018-02-13,423
2026-10-09,2018-02-14,415
2026-10-09,2018-02-15,397
2026-10-09,2018-02-16,391
2026-10-09,2018-02-20,397
2026-10-09,2018-02-21,393
2026-10-09,2018-02-22,402
2026-10-09,2018-02-23,404
2026-10-09,2018-02-26,397
2026-10-09,2018-02-27,397
2026-10-09,2018-02-28,404
2026-10-09,2018-03-01,417
2026-10-09,2018-03-02,412
2026-10-09,2018-03-05,410
2026-10-09,2018-03-06,408
2026-10-09,2018-03-07,414
2026-10-09,2018-03-08,407
2026-10-09,2018-03-09,388
2026-10-09,2018-03-12,392
2026-10-09,2018-03-13,399
2026-10-09,2018-03-14,403
2026-10-09,2018-03-15,412
2026-10-09,2018-03-16,409
2026-10-09,2018-03-19,420
2026-10-09,2018-03-20,411
2026-10-09,2018-03-21,409
2026-10-09,2018-03-22,419
2026-10-09,2018-03-23,425
2026-10-09,2018-03-26,418
2026-10-09,2018-03-27,420
2026-10-09,2018-03-28,418
2026-10-09,2018-03-29,420
2026-10-09,2018-04-02,425
2026-10-09,2018-04-03,417
2026-10-09,2018-04-04,417
2026-10-09,2018-04-05,408
2026-10-09,2018-04-06,419
2026-10-09,2018-04-09,415
2026-10-09,2018-04-10,408
2026-10-09,2018-04-11,406
2026-10-09,2018-04-12,397
2026-10-09,2018-04-13,398
2026-10-09,2018-04-16,401
2026-10-09,2018-04-17,401
2026-10-09,2018-04-18,398
2026-10-09,2018-04-19,399
2026-10-09,2018-04-20,400
2026-10-09,2018-04-23,401
2026-10-09,2018-04-24,403
2026-10-09,2018-04-25,402
2026-10-09,2018-04-26,418
2026-10-09,2018-04-27,419
2026-10-09,2018-04-30,430
2026-10-09,2018-05-01,431
2026-10-09,2018-05-02,443
2026-10-09,2018-05-03,470
2026-10-09,2018-05-04,454
2026-10-09,2018-05-07,471
2026-10-09,2018-05-08,489
2026-10-09,2018-05-09,491
2026-10-09,2018-05-10,469
2026-10-09,2018-05-11,480
2026-10-09,2018-05-14,500
2026-10-09,2018-05-15,482
2026-10-09,2018-05-16,450
2026-10-09,2018-05-17,453
2026-10-09,2018-05-18,461
2026-10-09,2018-05-21,459
2026-10-09,2018-05-22,456
2026-10-09,2018-05-23,454
2026-10-09,2018-05-24,456
2026-10-09,2018-05-25,463
2026-10-09,2018-05-28,463
2026-10-09,2018-05-29,499
2026-10-09,2018-05-30,504
2026-10-09,2018-05-31,524
2026-10-09,2018-06-01,515
2026-10-09,2018-06-04,483
2026-10-09,2018-06-05,475
2026-10-09,2018-06-06,468
2026-10-09,2018-06-07,481
2026-10-09,2018-06-08,476
2026-10-09,2018-06-11,487
2026-10-09,2018-06-12,503
2026-10-09,2018-06-13,507
2026-10-09,2018-06-14,539
2026-10-09,2018-06-15,551
2026-10-09,2018-06-18,566
2026-10-09,2018-06-19,564
2026-10-09,2018-06-20,557
2026-10-09,2018-06-21,545
2026-10-09,2018-06-22,535
2026-10-09,2018-06-25,548
2026-10-09,2018-06-26,559
2026-10-09,2018-06-27,586
2026-10-09,2018-06-28,595
2026-10-09,2018-06-29,610
2026-10-09,2018-07-02,607
2026-10-09,2018-07-03,590
2026-10-09,2018-07-04,590
2026-10-09,2018-07-05,581
2026-10-09,2018-07-06,567
2026-10-09,2018-07-09,566
2026-10-09,2018-07-10,569
2026-10-09,2018-07-11,580
2026-10-09,2018-07-12,575
2026-10-09,2018-07-13,571
2026-10-09,2018-07-16,577
2026-10-09,2018-07-17,585
2026-10-09,2018-07-18,578
2026-10-09,2018-07-19,585
2026-10-09,2018-07-20,575
2026-10-09,2018-07-23,575
2026-10-09,2018-07-24,578
2026-10-09,2018-07-25,576
2026-10-09,2018-07-26,556
2026-10-09,2018-07-27,551
2026-10-09,2018-07-30,552
2026-10-09,2018-07-31,558
2026-10-09,2018-08-01,562
2026-10-09,2018-08-02,571
2026-10-09,2018-08-03,571
2026-10-09,2018-08-06,583
2026-10-09,2018-08-07,593
2026-10-09,2018-08-08,610
2026-10-09,2018-08-09,634
2026-10-09,2018-08-10,700
2026-10-09,2018-08-13,748
2026-10-09,2018-08-14,696
2026-10-09,2018-08-15,699
2026-10-09,2018-08-16,663
2026-10-09,2018-08-17,671
2026-10-09,2018-08-20,685
2026-10-09,2018-08-21,686
2026-10-09,2018-08-22,690
2026-10-09,2018-08-23,696
2026-10-09,2018-08-24,700
2026-10-09,2018-08-27,688
2026-10-09,2018-08-28,689
2026-10-09,2018-08-29,728
2026-10-09,2018-08-30,776
2026-10-09,2018-08-31,771
2026-10-09,2018-09-03,771
2026-10-09,2018-09-04,783
2026-10-09,2018-09-05,744
2026-10-09,2018-09-06,729
2026-10-09,2018-09-07,725
2026-10-09,2018-09-10,745
2026-10-09,2018-09-11,741
2026-10-09,2018-09-12,699
2026-10-09,2018-09-13,695
2026-10-09,2018-09-14,661
2026-10-09,2018-09-17,649
2026-10-09,2018-09-18,656
2026-10-09,2018-09-19,622
2026-10-09,2018-09-20,601
2026-10-09,2018-09-21,588
2026-10-09,2018-09-24,612
2026-10-09,2018-09-25,603
2026-10-09,2018-09-26,614
2026-10-09,2018-09-27,593
2026-10-09,2018-09-28,623
2026-10-09,2018-10-01,629
2026-10-09,2018-10-02,632
2026-10-09,2018-10-03,626
2026-10-09,2018-10-04,656
2026-10-09,2018-10-05,669
2026-10-09,2018-10-08,669
2026-10-09,2018-10-09,661
2026-10-09,2018-10-10,681
2026-10-09,2018-10-11,686
2026-10-09,2018-10-12,657
2026-10-09,2018-10-15,635
2026-10-09,2018-10-16,636
2026-10-09,2018-10-17,655
2026-10-09,2018-10-18,663
2026-10-09,2018-10-19,661
2026-10-09,2018-10-22,665
2026-10-09,2018-10-23,665
2026-10-09,2018-10-24,676
2026-10-09,2018-10-25,667
2026-10-09,2018-10-26,670
2026-10-09,2018-10-29,672
2026-10-09,2018-10-30,665
2026-10-09,2018-10-31,652
2026-10-09,2018-11-01,635
2026-10-09,2018-11-02,609
2026-10-09,2018-11-05,604
2026-10-09,2018-11-06,600
2026-10-09,2018-11-07,597
2026-10-09,2018-11-08,607
2026-10-09,2018-11-09,617
2026-10-09,2018-11-12,617
2026-10-09,2018-11-13,637
2026-10-09,2018-11-14,642
2026-10-09,2018-11-15,649
2026-10-09,2018-11-16,656
2026-10-09,2018-11-19,666
2026-10-09,2018-11-20,693
2026-10-09,2018-11-21,686
2026-10-09,2018-11-22,686
2026-10-09,2018-11-23,688
2026-10-09,2018-11-26,695
2026-10-09,2018-11-27,714
2026-10-09,2018-11-28,705
2026-10-09,2018-11-29,709
2026-10-09,2018-11-30,706
2026-10-09,2018-12-03,698
2026-10-09,2018-12-04,724
2026-10-09,2018-12-05,724
2026-10-09,2018-12-06,729
2026-10-09,2018-12-07,729
2026-10-09,2018-12-10,752
2026-10-09,2018-12-11,757
2026-10-09,2018-12-12,741
2026-10-09,2018-12-13,746
2026-10-09,2018-12-14,763
2026-10-09,2018-12-17,775
2026-10-09,2018-12-18,781
2026-10-09,2018-12-19,787
2026-10-09,2018-12-20,802
2026-10-09,2018-12-21,815
2026-10-09,2018-12-24,821
2026-10-09,2018-12-25,821
2026-10-09,2018-12-26,820
2026-10-09,2018-12-27,829
2026-10-09,2018-12-28,813
2026-10-09,2018-12-31,817
2026-10-09,2019-01-01,817
2026-10-09,2019-01-02,791
2026-10-09,2019-01-03,768
2026-10-09,2019-01-04,730
2026-10-09,2019-01-07,713
2026-10-09,2019-01-08,727
2026-10-09,2019-01-09,708
2026-10-09,2019-01-10,706
2026-10-09,2019-01-11,703
2026-10-09,2019-01-14,697
2026-10-09,2019-01-15,695
2026-10-09,2019-01-16,689
2026-10-09,2019-01-17,690
2026-10-09,2019-01-18,672
2026-10-09,2019-01-21,672
2026-10-09,2019-01-22,689
2026-10-09,2019-01-23,670
2026-10-09,2019-01-24,663
2026-10-09,2019-01-25,663
2026-10-09,2019-01-28,685
2026-10-09,2019-01-29,696
2026-10-09,2019-01-30,689
2026-10-09,2019-01-31,676
2026-10-09,2019-02-01,654
2026-10-09,2019-02-04,648
2026-10-09,2019-02-05,635
2026-10-09,2019-02-06,652
2026-10-09,2019-02-07,667
2026-10-09,2019-02-08,675
2026-10-09,2019-02-11,683
2026-10-09,2019-02-12,670
2026-10-09,2019-02-13,665
2026-10-09,2019-02-14,674
2026-10-09,2019-02-15,690
2026-10-09,2019-02-18,690
2026-10-09,2019-02-19,703
2026-10-09,2019-02-20,715
2026-10-09,2019-02-21,711
2026-10-09,2019-02-22,699
2026-10-09,2019-02-25,692
2026-10-09,2019-02-26,691
2026-10-09,2019-02-27,686
2026-10-09,2019-02-28,697
2026-10-09,2019-03-01,718
2026-10-09,2019-03-04,733
2026-10-09,2019-03-05,744
2026-10-09,2019-03-06,747
2026-10-09,2019-03-07,777
2026-10-09,2019-03-08,764
2026-10-09,2019-03-11,738
2026-10-09,2019-03-12,741
2026-10-09,2019-03-13,748
2026-10-09,2019-03-14,737
2026-10-09,2019-03-15,724
2026-10-09,2019-03-18,725
2026-10-09,2019-03-19,724
2026-10-09,2019-03-20,723
2026-10-09,2019-03-21,731
2026-10-09,2019-03-22,764
2026-10-09,2019-03-25,768
2026-10-09,2019-03-26,768
2026-10-09,2019-03-27,781
2026-10-09,2019-03-28,787
2026-10-09,2019-03-29,774
2026-10-09,2019-04-01,761
2026-10-09,2019-04-02,764
2026-10-09,2019-04-03,753
2026-10-09,2019-04-04,767
2026-10-09,2019-04-05,782
2026-10-09,2019-04-08,803
2026-10-09,2019-04-09,815
2026-10-09,2019-04-10,816
2026-10-09,2019-04-11,814
2026-10-09,2019-04-12,808
2026-10-09,2019-04-15,808
2026-10-09,2019-04-16,801
2026-10-09,2019-04-17,825
2026-10-09,2019-04-18,851
2026-10-09,2019-04-19,851
2026-10-09,2019-04-22,845
2026-10-09,2019-04-23,860
2026-10-09,2019-04-24,950
2026-10-09,2019-04-25,939
2026-10-09,2019-04-26,963
2026-10-09,2019-04-29,939
2026-10-09,2019-04-30,950
2026-10-09,2019-05-01,960
2026-10-09,2019-05-02,964
2026-10-09,2019-05-03,931
2026-10-09,2019-05-06,916
2026-10-09,2019-05-07,917
2026-10-09,2019-05-08,901
2026-10-09,2019-05-09,903
2026-10-09,2019-05-10,898
2026-10-09,2019-05-13,931
2026-10-09,2019-05-14,921
2026-10-09,2019-05-15,913
2026-10-09,2019-05-16,918
2026-10-09,2019-05-17,943
2026-10-09,2019-05-20,934
2026-10-09,2019-05-21,885
2026-10-09,2019-05-22,909
2026-10-09,2019-05-23,919
2026-10-09,2019-05-24,903
2026-10-09,2019-05-27,903
2026-10-09,2019-05-28,920
2026-10-09,2019-05-29,934
2026-10-09,2019-05-30,942
2026-10-09,2019-05-31,985
2026-10-09,2019-06-03,1008
2026-10-09,2019-06-04,969
2026-10-09,2019-06-05,967
2026-10-09,2019-06-06,952
2026-10-09,2019-06-07,947
2026-10-09,2019-06-10,932
2026-10-09,2019-06-11,904
2026-10-09,2019-06-12,849
2026-10-09,2019-06-13,844
2026-10-09,2019-06-14,845
2026-10-09,2019-06-17,850
2026-10-09,2019-06-18,833
2026-10-09,2019-06-19,826
2026-10-09,2019-06-20,822
2026-10-09,2019-06-21,821
2026-10-09,2019-06-24,849
2026-10-09,2019-06-25,875
2026-10-09,2019-06-26,871
2026-10-09,2019-06-27,856
2026-10-09,2019-06-28,835
2026-10-09,2019-07-01,813
2026-10-09,2019-07-02,803
2026-10-09,2019-07-03,795
2026-10-09,2019-07-04,795
2026-10-09,2019-07-05,787
2026-10-09,2019-07-08,801
2026-10-09,2019-07-09,786
2026-10-09,2019-07-10,786
2026-10-09,2019-07-11,787
2026-10-09,2019-07-12,778
2026-10-09,2019-07-15,771
2026-10-09,2019-07-16,773
2026-10-09,2019-07-17,781
2026-10-09,2019-07-18,790
2026-10-09,2019-07-19,783
2026-10-09,2019-07-22,782
2026-10-09,2019-07-23,780
2026-10-09,2019-07-24,810
2026-10-09,2019-07-25,826
2026-10-09,2019-07-26,792
2026-10-09,2019-07-29,785
2026-10-09,2019-07-30,783
2026-10-09,2019-07-31,781
2026-10-09,2019-08-01,815
2026-10-09,2019-08-02,829
2026-10-09,2019-08-05,902
2026-10-09,2019-08-06,896
2026-10-09,2019-08-07,897
2026-10-09,2019-08-08,895
2026-10-09,2019-08-09,872
2026-10-09,2019-08-12,1467
2026-10-09,2019-08-13,1741
2026-10-09,2019-08-14,1957
2026-10-09,2019-08-15,1738
2026-10-09,2019-08-16,1653
2026-10-09,2019-08-19,1879
2026-10-09,2019-08-20,1866
2026-10-09,2019-08-21,1814
2026-10-09,2019-08-22,1795
2026-10-09,2019-08-23,1807
2026-10-09,2019-08-26,1815
2026-10-09,2019-08-27,1990
2026-10-09,2019-08-28,2072
2026-10-09,2019-08-29,2272
2026-10-09,2019-08-30,2532
2026-10-09,2019-09-02,2532
2026-10-09,2019-09-03,2523
2026-10-09,2019-09-04,2336
2026-10-09,2019-09-05,2188
2026-10-09,2019-09-06,2031
2026-10-09,2019-09-09,2053
2026-10-09,2019-09-10,2109
2026-10-09,2019-09-11,2061
2026-10-09,2019-09-12,2093
2026-10-09,2019-09-13,2167
2026-10-09,2019-09-16,2232
2026-10-09,2019-09-17,2152
2026-10-09,2019-09-18,2084
2026-10-09,2019-09-19,2115
2026-10-09,2019-09-20,2100
2026-10-09,2019-09-23,2163
2026-10-09,2019-09-24,2223
2026-10-09,2019-09-25,2212
2026-10-09,2019-09-26,2232
2026-10-09,2019-09-27,2172
2026-10-09,2019-09-30,2143
2026-10-09,2019-10-01,2156
2026-10-09,2019-10-02,2181
2026-10-09,2019-10-03,2190
2026-10-09,2019-10-04,2169
2026-10-09,2019-10-07,2110
2026-10-09,2019-10-08,2094
2026-10-09,2019-10-09,2049
2026-10-09,2019-10-10,1890
2026-10-09,2019-10-11,1894
2026-10-09,2019-10-14,1894
2026-10-09,2019-10-15,1931
2026-10-09,2019-10-16,2004
2026-10-09,2019-10-17,1995
2026-10-09,2019-10-18,2048
2026-10-09,2019-10-21,2122
2026-10-09,2019-10-22,2169
2026-10-09,2019-10-23,2154
2026-10-09,2019-10-24,2088
2026-10-09,2019-10-25,2146
2026-10-09,2019-10-28,2262
2026-10-09,2019-10-29,2206
2026-10-09,2019-10-30,2238
2026-10-09,2019-10-31,2278
2026-10-09,2019-11-01,2275
2026-10-09,2019-11-04,2270
2026-10-09,2019-11-05,2282
2026-10-09,2019-11-06,2331
2026-10-09,2019-11-07,2342
2026-10-09,2019-11-08,2413
2026-10-09,2019-11-11,2413
2026-10-09,2019-11-12,2493
2026-10-09,2019-11-13,2496
2026-10-09,2019-11-14,2430
2026-10-09,2019-11-15,2442
2026-10-09,2019-11-18,2455
2026-10-09,2019-11-19,2366
2026-10-09,2019-11-20,2262
2026-10-09,2019-11-21,2208
2026-10-09,2019-11-22,2236
2026-10-09,2019-11-25,2289
2026-10-09,2019-11-26,2272
2026-10-09,2019-11-27,2264
2026-10-09,2019-11-28,2264
2026-10-09,2019-11-29,2262
2026-10-09,2019-12-02,2376
2026-10-09,2019-12-03,2400
2026-10-09,2019-12-04,2340
2026-10-09,2019-12-05,2358
2026-10-09,2019-12-06,2317
2026-10-09,2019-12-09,2180
2026-10-09,2019-12-10,2165
2026-10-09,2019-12-11,2141
2026-10-09,2019-12-12,2083
2026-10-09,2019-12-13,2103
2026-10-09,2019-12-16,2114
2026-10-09,2019-12-17,1968
2026-10-09,2019-12-18,1888
2026-10-09,2019-12-19,1929
2026-10-09,2019-12-20,1902
2026-10-09,2019-12-23,1851
2026-10-09,2019-12-24,1831
2026-10-09,2019-12-25,1831
2026-10-09,2019-12-26,1779
2026-10-09,2019-12-27,1738
2026-10-09,2019-12-30,1748
2026-10-09,2019-12-31,1744
2026-10-09,2020-01-01,1744
2026-10-09,2020-01-02,1824
2026-10-09,2020-01-03,1938
2026-10-09,2020-01-06,1930
2026-10-09,2020-01-07,1898
2026-10-09,2020-01-08,1887
2026-10-09,2020-01-09,1847
2026-10-09,2020-01-10,1820
2026-10-09,2020-01-13,1819
2026-10-09,2020-01-14,1847
2026-10-09,2020-01-15,1806
2026-10-09,2020-01-16,1802
2026-10-09,2020-01-17,1830
2026-10-09,2020-01-20,1830
2026-10-09,2020-01-21,1920
2026-10-09,2020-01-22,1967
2026-10-09,2020-01-23,1995
2026-10-09,2020-01-24,2070
2026-10-09,2020-01-27,2150
2026-10-09,2020-01-28,2098
2026-10-09,2020-01-29,2029
2026-10-09,2020-01-30,2035
2026-10-09,2020-01-31,2068
2026-10-09,2020-02-03,2068
2026-10-09,2020-02-04,1904
2026-10-09,2020-02-05,1884
2026-10-09,2020-02-06,1901
2026-10-09,2020-02-07,1864
2026-10-09,2020-02-10,1882
2026-10-09,2020-02-11,1981
2026-10-09,2020-02-12,1951
2026-10-09,2020-02-13,2037
2026-10-09,2020-02-14,2014
2026-10-09,2020-02-17,2014
2026-10-09,2020-02-18,2053
2026-10-09,2020-02-19,2035
2026-10-09,2020-02-20,2092
2026-10-09,2020-02-21,2046
2026-10-09,2020-02-24,2059
2026-10-09,2020-02-25,2071
2026-10-09,2020-02-26,2082
2026-10-09,2020-02-27,2186
2026-10-09,2020-02-28,2283
2026-10-09,2020-03-02,2244
2026-10-09,2020-03-03,2214
2026-10-09,2020-03-04,2186
2026-10-09,2020-03-05,2330
2026-10-09,2020-03-06,2426
2026-10-09,2020-03-09,2783
2026-10-09,2020-03-10,2812
2026-10-09,2020-03-11,2948
2026-10-09,2020-03-12,3124
2026-10-09,2020-03-13,3064
2026-10-09,2020-03-16,3467
2026-10-09,2020-03-17,3546
2026-10-09,2020-03-18,3969
2026-10-09,2020-03-19,4050
2026-10-09,2020-03-20,4015
2026-10-09,2020-03-23,4362
2026-10-09,2020-03-24,4269
2026-10-09,2020-03-25,4246
2026-10-09,2020-03-26,4143
2026-10-09,2020-03-27,4185
2026-10-09,2020-03-30,4082
2026-10-09,2020-03-31,3803
2026-10-09,2020-04-01,3943
2026-10-09,2020-04-02,3828
2026-10-09,2020-04-03,3683
2026-10-09,2020-04-06,3588
2026-10-09,2020-04-07,3652
2026-10-09,2020-04-08,3842
2026-10-09,2020-04-09,3798
2026-10-09,2020-04-10,3798
2026-10-09,2020-04-13,3864
2026-10-09,2020-04-14,3856
2026-10-09,2020-04-15,3994
2026-10-09,2020-04-16,3987
2026-10-09,2020-04-17,3496
2026-10-09,2020-04-20,3429
2026-10-09,2020-04-21,3617
2026-10-09,2020-04-22,3789
2026-10-09,2020-04-23,3994
2026-10-09,2020-04-24,4037
2026-10-09,2020-04-27,4009
2026-10-09,2020-04-28,3989
2026-10-09,2020-04-29,3999
2026-10-09,2020-04-30,3472
2026-10-09,2020-05-01,3520
2026-10-09,2020-05-04,3614
2026-10-09,2020-05-05,3455
2026-10-09,2020-05-06,3374
2026-10-09,2020-05-07,3335
2026-10-09,2020-05-08,3322
2026-10-09,2020-05-11,3111
2026-10-09,2020-05-12,3005
2026-10-09,2020-05-13,3036
2026-10-09,2020-05-14,3040
2026-10-09,2020-05-15,2837
2026-10-09,2020-05-18,2690
2026-10-09,2020-05-19,2751
2026-10-09,2020-05-20,2782
2026-10-09,2020-05-21,2784
2026-10-09,2020-05-22,2779
2026-10-09,2020-05-25,2779
2026-10-09,2020-05-26,2631
2026-10-09,2020-05-27,2664
2026-10-09,2020-05-28,2728
2026-10-09,2020-05-29,2627
2026-10-09,2020-06-01,2615
2026-10-09,2020-06-02,2576
2026-10-09,2020-06-03,2481
2026-10-09,2020-06-04,2534
2026-10-09,2020-06-05,2555
2026-10-09,2020-06-08,2478
2026-10-09,2020-06-09,2600
2026-10-09,2020-06-10,2535
2026-10-09,2020-06-11,2609
2026-10-09,2020-06-12,2578
2026-10-09,2020-06-15,2605
2026-10-09,2020-06-16,2524
2026-10-09,2020-06-17,2541
2026-10-09,2020-06-18,2603
2026-10-09,2020-06-19,2541
2026-10-09,2020-06-22,2487
2026-10-09,2020-06-23,2461
2026-10-09,2020-06-24,2514
2026-10-09,2020-06-25,2527
2026-10-09,2020-06-26,2533
2026-10-09,2020-06-29,2470
2026-10-09,2020-06-30,2495
2026-10-09,2020-07-01,2497
2026-10-09,2020-07-02,2509
2026-10-09,2020-07-03,2509
2026-10-09,2020-07-06,2378
2026-10-09,2020-07-07,2343
2026-10-09,2020-07-08,2293
2026-10-09,2020-07-09,2337
2026-10-09,2020-07-10,2299
2026-10-09,2020-07-13,2308
2026-10-09,2020-07-14,2366
2026-10-09,2020-07-15,2341
2026-10-09,2020-07-16,2343
2026-10-09,2020-07-17,2359
2026-10-09,2020-07-20,2381
2026-10-09,2020-07-21,2356
2026-10-09,2020-07-22,2278
2026-10-09,2020-07-23,2221
2026-10-09,2020-07-24,2210
2026-10-09,2020-07-27,2211
2026-10-09,2020-07-28,2242
2026-10-09,2020-07-29,2280
2026-10-09,2020-07-30,2278
2026-10-09,2020-07-31,2263
2026-10-09,2020-08-03,2119
2026-10-09,2020-08-04,2111
2026-10-09,2020-08-05,2027
2026-10-09,2020-08-06,2056
2026-10-09,2020-08-07,2091
2026-10-09,2020-08-10,2084
2026-10-09,2020-08-11,2083
2026-10-09,2020-08-12,2099
2026-10-09,2020-08-13,2101
2026-10-09,2020-08-14,2112
2026-10-09,2020-08-17,2131
2026-10-09,2020-08-18,2139
2026-10-09,2020-08-19,2142
2026-10-09,2020-08-20,2158
2026-10-09,2020-08-21,2153
2026-10-09,2020-08-24,2140
2026-10-09,2020-08-25,2137
2026-10-09,2020-08-26,2146
2026-10-09,2020-08-27,2149
2026-10-09,2020-08-28,2142
2026-10-09,2020-08-31,2147
2026-10-09,2020-09-01,2127
2026-10-09,2020-09-02,2123
2026-10-09,2020-09-03,2128
2026-10-09,2020-09-04,2117
2026-10-09,2020-09-07,2117
2026-10-09,2020-09-08,2120
2026-10-09,2020-09-09,2120
2026-10-09,2020-09-10,1101
2026-10-09,2020-09-11,1108
2026-10-09,2020-09-14,1120
2026-10-09,2020-09-15,1119
2026-10-09,2020-09-16,1181
2026-10-09,2020-09-17,1237
2026-10-09,2020-09-18,1259
2026-10-09,2020-09-21,1338
2026-10-09,2020-09-22,1353
2026-10-09,2020-09-23,1390
2026-10-09,2020-09-24,1359
2026-10-09,2020-09-25,1332
2026-10-09,2020-09-28,1340
2026-10-09,2020-09-29,1333
2026-10-09,2020-09-30,1300
2026-10-09,2020-10-01,1339
2026-10-09,2020-10-02,1353
2026-10-09,2020-10-05,1350
2026-10-09,2020-10-06,1373
2026-10-09,2020-10-07,1374
2026-10-09,2020-10-08,1366
2026-10-09,2020-10-09,1343
2026-10-09,2020-10-12,1343
2026-10-09,2020-10-13,1368
2026-10-09,2020-10-14,1404
2026-10-09,2020-10-15,1406
2026-10-09,2020-10-16,1397
2026-10-09,2020-10-19,1431
2026-10-09,2020-10-20,1434
2026-10-09,2020-10-21,1445
2026-10-09,2020-10-22,1440
2026-10-09,2020-10-23,1425
2026-10-09,2020-10-26,1445
2026-10-09,2020-10-27,1460
2026-10-09,2020-10-28,1481
2026-10-09,2020-10-29,1480
2026-10-09,2020-10-30,1482
2026-10-09,2020-11-02,1464
2026-10-09,2020-11-03,1435
2026-10-09,2020-11-04,1430
2026-10-09,2020-11-05,1402
2026-10-09,2020-11-06,1391
2026-10-09,2020-11-09,1353
2026-10-09,2020-11-10,1352
2026-10-09,2020-11-11,1352
2026-10-09,2020-11-12,1342
2026-10-09,2020-11-13,1331
2026-10-09,2020-11-16,1323
2026-10-09,2020-11-17,1350
2026-10-09,2020-11-18,1357
2026-10-09,2020-11-19,1370
2026-10-09,2020-11-20,1378
2026-10-09,2020-11-23,1375
2026-10-09,2020-11-24,1369
2026-10-09,2020-11-25,1376
2026-10-09,2020-11-26,1376
2026-10-09,2020-11-27,1376
2026-10-09,2020-11-30,1410
2026-10-09,2020-12-01,1405
2026-10-09,2020-12-02,1411
2026-10-09,2020-12-03,1426
2026-10-09,2020-12-04,1427
2026-10-09,2020-12-07,1456
2026-10-09,2020-12-08,1452
2026-10-09,2020-12-09,1434
2026-10-09,2020-12-10,1418
2026-10-09,2020-12-11,1394
2026-10-09,2020-12-14,1369
2026-10-09,2020-12-15,1387
2026-10-09,2020-12-16,1382
2026-10-09,2020-12-17,1380
2026-10-09,2020-12-18,1365
2026-10-09,2020-12-21,1362
2026-10-09,2020-12-22,1363
2026-10-09,2020-12-23,1358
2026-10-09,2020-12-24,1356
2026-10-09,2020-12-25,1356
2026-10-09,2020-12-28,1362
2026-10-09,2020-12-29,1368
2026-10-09,2020-12-30,1373
2026-10-09,2020-12-31,1368
2026-10-09,2021-01-01,1368
2026-10-09,2021-01-04,1400
2026-10-09,2021-01-05,1412
2026-10-09,2021-01-06,1374
2026-10-09,2021-01-07,1374
2026-10-09,2021-01-08,1384
2026-10-09,2021-01-11,1395
2026-10-09,2021-01-12,1415
2026-10-09,2021-01-13,1449
2026-10-09,2021-01-14,1460
2026-10-09,2021-01-15,1451
2026-10-09,2021-01-18,1451
2026-10-09,2021-01-19,1429
2026-10-09,2021-01-20,1419
2026-10-09,2021-01-21,1440
2026-10-09,2021-01-22,1422
2026-10-09,2021-01-25,1433
2026-10-09,2021-01-26,1430
2026-10-09,2021-01-27,1444
2026-10-09,2021-01-28,1444
2026-10-09,2021-01-29,1445
2026-10-09,2021-02-01,1438
2026-10-09,2021-02-02,1440
2026-10-09,2021-02-03,1455
2026-10-09,2021-02-04,1455
2026-10-09,2021-02-05,1445
2026-10-09,2021-02-08,1434
2026-10-09,2021-02-09,1448
2026-10-09,2021-02-10,1456
2026-10-09,2021-02-11,1463
2026-10-09,2021-02-12,1456
2026-10-09,2021-02-15,1456
2026-10-09,2021-02-16,1497
2026-10-09,2021-02-17,1473
2026-10-09,2021-02-18,1482
2026-10-09,2021-02-19,1488
2026-10-09,2021-02-22,1501
2026-10-09,2021-02-23,1514
2026-10-09,2021-02-24,1505
2026-10-09,2021-02-25,1499
2026-10-09,2021-02-26,1511
2026-10-09,2021-03-01,1512
2026-10-09,2021-03-02,1543
2026-10-09,2021-03-03,1547
2026-10-09,2021-03-04,1552
2026-10-09,2021-03-05,1590
2026-10-09,2021-03-08,1598
2026-10-09,2021-03-09,1639
2026-10-09,2021-03-10,1647
2026-10-09,2021-03-11,1630
2026-10-09,2021-03-12,1594
2026-10-09,2021-03-15,1570
2026-10-09,2021-03-16,1551
2026-10-09,2021-03-17,1533
2026-10-09,2021-03-18,1536
2026-10-09,2021-03-19,1517
2026-10-09,2021-03-22,1512
2026-10-09,2021-03-23,1522
2026-10-09,2021-03-24,1573
2026-10-09,2021-03-25,1566
2026-10-09,2021-03-26,1572
2026-10-09,2021-03-29,1576
2026-10-09,2021-03-30,1599
2026-10-09,2021-03-31,1589
2026-10-09,2021-04-01,1589
2026-10-09,2021-04-02,1589
2026-10-09,2021-04-05,1592
2026-10-09,2021-04-06,1598
2026-10-09,2021-04-07,1606
2026-10-09,2021-04-08,1608
2026-10-09,2021-04-09,1614
2026-10-09,2021-04-12,1586
2026-10-09,2021-04-13,1592
2026-10-09,2021-04-14,1578
2026-10-09,2021-04-15,1605
2026-10-09,2021-04-16,1601
2026-10-09,2021-04-19,1590
2026-10-09,2021-04-20,1594
2026-10-09,2021-04-21,1597
2026-10-09,2021-04-22,1581
2026-10-09,2021-04-23,1578
2026-10-09,2021-04-26,1559
2026-10-09,2021-04-27,1539
2026-10-09,2021-04-28,1545
2026-10-09,2021-04-29,1557
2026-10-09,2021-04-30,1551
2026-10-09,2021-05-03,1562
2026-10-09,2021-05-04,1560
2026-10-09,2021-05-05,1567
2026-10-09,2021-05-06,1578
2026-10-09,2021-05-07,1580
2026-10-09,2021-05-10,1591
2026-10-09,2021-05-11,1607
2026-10-09,2021-05-12,1596
2026-10-09,2021-05-13,1592
2026-10-09,2021-05-14,1547
2026-10-09,2021-05-17,1513
2026-10-09,2021-05-18,1504
2026-10-09,2021-05-19,1518
2026-10-09,2021-05-20,1519
2026-10-09,2021-05-21,1537
2026-10-09,2021-05-24,1532
2026-10-09,2021-05-25,1528
2026-10-09,2021-05-26,1514
2026-10-09,2021-05-27,1506
2026-10-09,2021-05-28,1508
2026-10-09,2021-05-31,1508
2026-10-09,2021-06-01,1498
2026-10-09,2021-06-02,1480
2026-10-09,2021-06-03,1498
2026-10-09,2021-06-04,1506
2026-10-09,2021-06-07,1507
2026-10-09,2021-06-08,1492
2026-10-09,2021-06-09,1470
2026-10-09,2021-06-10,1474
2026-10-09,2021-06-11,1466
2026-10-09,2021-06-14,1476
2026-10-09,2021-06-15,1483
2026-10-09,2021-06-16,1473
2026-10-09,2021-06-17,1496
2026-10-09,2021-06-18,1501
2026-10-09,2021-06-21,1522
2026-10-09,2021-06-22,1536
2026-10-09,2021-06-23,1532
2026-10-09,2021-06-24,1556
2026-10-09,2021-06-25,1573
2026-10-09,2021-06-28,1587
2026-10-09,2021-06-29,1592
2026-10-09,2021-06-30,1596
2026-10-09,2021-07-01,1585
2026-10-09,2021-07-02,1590
2026-10-09,2021-07-05,1590
2026-10-09,2021-07-06,1607
2026-10-09,2021-07-07,1602
2026-10-09,2021-07-08,1611
2026-10-09,2021-07-09,1600
2026-10-09,2021-07-12,1599
2026-10-09,2021-07-13,1589
2026-10-09,2021-07-14,1582
2026-10-09,2021-07-15,1595
2026-10-09,2021-07-16,1595
2026-10-09,2021-07-19,1621
2026-10-09,2021-07-20,1606
2026-10-09,2021-07-21,1597
2026-10-09,2021-07-22,1597
2026-10-09,2021-07-23,1581
2026-10-09,2021-07-26,1587
2026-10-09,2021-07-27,1601
2026-10-09,2021-07-28,1600
2026-10-09,2021-07-29,1593
2026-10-09,2021-07-30,1591
2026-10-09,2021-08-02,1595
2026-10-09,2021-08-03,1595
2026-10-09,2021-08-04,1589
2026-10-09,2021-08-05,1580
2026-10-09,2021-08-06,1573
2026-10-09,2021-08-09,1579
2026-10-09,2021-08-10,1564
2026-10-09,2021-08-11,1565
2026-10-09,2021-08-12,1538
2026-10-09,2021-08-13,1566
2026-10-09,2021-08-16,1589
2026-10-09,2021-08-17,1589
2026-10-09,2021-08-18,1589
2026-10-09,2021-08-19,1604
2026-10-09,2021-08-20,1598
2026-10-09,2021-08-23,1572
2026-10-09,2021-08-24,1547
2026-10-09,2021-08-25,1538
2026-10-09,2021-08-26,1542
2026-10-09,2021-08-27,1538
2026-10-09,2021-08-30,1509
2026-10-09,2021-08-31,1513
2026-10-09,2021-09-01,1493
2026-10-09,2021-09-02,1482
2026-10-09,2021-09-03,1487
2026-10-09,2021-09-06,1487
2026-10-09,2021-09-07,1477
2026-10-09,2021-09-08,1504
2026-10-09,2021-09-09,1528
2026-10-09,2021-09-10,1538
2026-10-09,2021-09-13,1483
2026-10-09,2021-09-14,1501
2026-10-09,2021-09-15,1490
2026-10-09,2021-09-16,1496
2026-10-09,2021-09-17,1512
2026-10-09,2021-09-20,1576
2026-10-09,2021-09-21,1597
2026-10-09,2021-09-22,1612
2026-10-09,2021-09-23,1598
2026-10-09,2021-09-24,1619
2026-10-09,2021-09-27,1631
2026-10-09,2021-09-28,1597
2026-10-09,2021-09-29,1589
2026-10-09,2021-09-30,1607
2026-10-09,2021-10-01,1611
2026-10-09,2021-10-04,1613
2026-10-09,2021-10-05,1592
2026-10-09,2021-10-06,1588
2026-10-09,2021-10-07,1582
2026-10-09,2021-10-08,1602
2026-10-09,2021-10-11,1602
2026-10-09,2021-10-12,1617
2026-10-09,2021-10-13,1625
2026-10-09,2021-10-14,1629
2026-10-09,2021-10-15,1629
2026-10-09,2021-10-18,1644
2026-10-09,2021-10-19,1639
2026-10-09,2021-10-20,1638
2026-10-09,2021-10-21,1653
2026-10-09,2021-10-22,1672
2026-10-09,2021-10-25,1667
2026-10-09,2021-10-26,1664
2026-10-09,2021-10-27,1669
2026-10-09,2021-10-28,1694
2026-10-09,2021-10-29,1712
2026-10-09,2021-11-01,1728
2026-10-09,2021-11-02,1741
2026-10-09,2021-11-03,1737
2026-10-09,2021-11-04,1746
2026-10-09,2021-11-05,1726
2026-10-09,2021-11-08,1716
2026-10-09,2021-11-09,1731
2026-10-09,2021-11-10,1744
2026-10-09,2021-11-11,1744
2026-10-09,2021-11-12,1734
2026-10-09,2021-11-15,1684
2026-10-09,2021-11-16,1707
2026-10-09,2021-11-17,1724
2026-10-09,2021-11-18,1741
2026-10-09,2021-11-19,1750
2026-10-09,2021-11-22,1780
2026-10-09,2021-11-23,1798
2026-10-09,2021-11-24,1821
2026-10-09,2021-11-25,1821
2026-10-09,2021-11-26,1872
2026-10-09,2021-11-29,1878
2026-10-09,2021-11-30,1914
2026-10-09,2021-12-01,1827
2026-10-09,2021-12-02,1816
2026-10-09,2021-12-03,1779
2026-10-09,2021-12-06,1747
2026-10-09,2021-12-07,1698
2026-10-09,2021-12-08,1693
2026-10-09,2021-12-09,1684
2026-10-09,2021-12-10,1712
2026-10-09,2021-12-13,1717
2026-10-09,2021-12-14,1697
2026-10-09,2021-12-15,1686
2026-10-09,2021-12-16,1704
2026-10-09,2021-12-17,1717
2026-10-09,2021-12-20,1748
2026-10-09,2021-12-21,1743
2026-10-09,2021-12-22,1754
2026-10-09,2021-12-23,1762
2026-10-09,2021-12-24,1762
2026-10-09,2021-12-27,1743
2026-10-09,2021-12-28,1718
2026-10-09,2021-12-29,1702
2026-10-09,2021-12-30,1703
2026-10-09,2021-12-31,1688
2026-10-09,2022-01-03,1701
2026-10-09,2022-01-04,1731
2026-10-09,2022-01-05,1753
2026-10-09,2022-01-06,1788
2026-10-09,2022-01-07,1802
2026-10-09,2022-01-10,1821
2026-10-09,2022-01-11,1820
2026-10-09,2022-01-12,1835
2026-10-09,2022-01-13,1864
2026-10-09,2022-01-14,1882
2026-10-09,2022-01-17,1882
2026-10-09,2022-01-18,1890
2026-10-09,2022-01-19,1880
2026-10-09,2022-01-20,1907
2026-10-09,2022-01-21,1916
2026-10-09,2022-01-24,1961
2026-10-09,2022-01-25,1928
2026-10-09,2022-01-26,1896
2026-10-09,2022-01-27,1904
2026-10-09,2022-01-28,1756
2026-10-09,2022-01-31,1723
2026-10-09,2022-02-01,1740
2026-10-09,2022-02-02,1726
2026-10-09,2022-02-03,1758
2026-10-09,2022-02-04,1780
2026-10-09,2022-02-07,1784
2026-10-09,2022-02-08,1770
2026-10-09,2022-02-09,1767
2026-10-09,2022-02-10,1776
2026-10-09,2022-02-11,1814
2026-10-09,2022-02-14,1800
2026-10-09,2022-02-15,1762
2026-10-09,2022-02-16,1738
2026-10-09,2022-02-17,1759
2026-10-09,2022-02-18,1709
2026-10-09,2022-02-21,1709
2026-10-09,2022-02-22,1725
2026-10-09,2022-02-23,1739
2026-10-09,2022-02-24,1766
2026-10-09,2022-02-25,1795
2026-10-09,2022-02-28,1816
2026-10-09,2022-03-01,1842
2026-10-09,2022-03-02,1850
2026-10-09,2022-03-03,1860
2026-10-09,2022-03-04,1927
2026-10-09,2022-03-07,1971
2026-10-09,2022-03-10,1825
2026-10-09,2022-03-11,1816
2026-10-09,2022-03-14,1807
2026-10-09,2022-03-15,1815
2026-10-09,2022-03-16,1780
2026-10-09,2022-03-17,1769
2026-10-09,2022-03-18,1789
2026-10-09,2022-03-21,1791
2026-10-09,2022-03-22,1787
2026-10-09,2022-03-23,1837
2026-10-09,2022-03-24,1817
2026-10-09,2022-03-25,1785
2026-10-09,2022-03-28,1744
2026-10-09,2022-03-29,1727
2026-10-09,2022-03-30,1729
2026-10-09,2022-03-31,1718
2026-10-09,2022-04-01,1714
2026-10-09,2022-04-04,1692
2026-10-09,2022-04-05,1710
2026-10-09,2022-04-06,1710
2026-10-09,2022-04-07,1702
2026-10-09,2022-04-08,1711
2026-10-09,2022-04-11,1723
2026-10-09,2022-04-12,1735
2026-10-09,2022-04-13,1710
2026-10-09,2022-04-14,1689
2026-10-09,2022-04-15,1689
2026-10-09,2022-04-18,1679
2026-10-09,2022-04-19,1689
2026-10-09,2022-04-20,1701
2026-10-09,2022-04-21,1730
2026-10-09,2022-04-22,1776
2026-10-09,2022-04-25,1754
2026-10-09,2022-04-26,1782
2026-10-09,2022-04-27,1768
2026-10-09,2022-04-28,1789
2026-10-09,2022-04-29,1801
2026-10-09,2022-05-02,1817
2026-10-09,2022-05-03,1786
2026-10-09,2022-05-04,1763
2026-10-09,2022-05-05,1788
2026-10-09,2022-05-06,1808
2026-10-09,2022-05-09,1849
2026-10-09,2022-05-10,1854
2026-10-09,2022-05-11,1840
2026-10-09,2022-05-12,1887
2026-10-09,2022-05-13,1895
2026-10-09,2022-05-16,1927
2026-10-09,2022-05-17,1930
2026-10-09,2022-05-18,1951
2026-10-09,2022-05-19,1944
2026-10-09,2022-05-20,1951
2026-10-09,2022-05-23,1916
2026-10-09,2022-05-24,1934
2026-10-09,2022-05-25,1917
2026-10-09,2022-05-26,1928
2026-10-09,2022-05-27,1916
2026-10-09,2022-05-30,1916
2026-10-09,2022-05-31,1918
2026-10-09,2022-06-01,1914
2026-10-09,2022-06-02,1897
2026-10-09,2022-06-03,1894
2026-10-09,2022-06-06,1908
2026-10-09,2022-06-07,1930
2026-10-09,2022-06-08,1970
2026-10-09,2022-06-09,2045
2026-10-09,2022-06-10,2043
2026-10-09,2022-06-13,2124
2026-10-09,2022-06-14,2125
2026-10-09,2022-06-15,2111
2026-10-09,2022-06-16,2199
2026-10-09,2022-06-17,2213
2026-10-09,2022-06-20,2213
2026-10-09,2022-06-21,2200
2026-10-09,2022-06-22,2265
2026-10-09,2022-06-23,2285
2026-10-09,2022-06-24,2356
2026-10-09,2022-06-27,2451
2026-10-09,2022-06-28,2434
2026-10-09,2022-06-29,2371
2026-10-09,2022-06-30,2428
2026-10-09,2022-07-01,2344
2026-10-09,2022-07-04,2344
2026-10-09,2022-07-05,2652
2026-10-09,2022-07-06,2683
2026-10-09,2022-07-07,2641
2026-10-09,2022-07-08,2651
2026-10-09,2022-07-11,2669
2026-10-09,2022-07-12,2728
2026-10-09,2022-07-13,2729
2026-10-09,2022-07-14,2756
2026-10-09,2022-07-15,2754
2026-10-09,2022-07-18,2767
2026-10-09,2022-07-19,2766
2026-10-09,2022-07-20,2770
2026-10-09,2022-07-21,2913
2026-10-09,2022-07-22,2890
2026-10-09,2022-07-25,2905
2026-10-09,2022-07-26,2831
2026-10-09,2022-07-27,2672
2026-10-09,2022-07-28,2519
2026-10-09,2022-07-29,2398
2026-10-09,2022-08-01,2403
2026-10-09,2022-08-02,2419
2026-10-09,2022-08-03,2444
2026-10-09,2022-08-04,2458
2026-10-09,2022-08-05,2436
2026-10-09,2022-08-08,2371
2026-10-09,2022-08-09,2468
2026-10-09,2022-08-10,2476
2026-10-09,2022-08-11,2442
2026-10-09,2022-08-12,2467
2026-10-09,2022-08-15,2417
2026-10-09,2022-08-16,2395
2026-10-09,2022-08-17,2422
2026-10-09,2022-08-18,2441
2026-10-09,2022-08-19,2456
2026-10-09,2022-08-22,2438
2026-10-09,2022-08-23,2386
2026-10-09,2022-08-24,2336
2026-10-09,2022-08-25,2320
2026-10-09,2022-08-26,2394
2026-10-09,2022-08-29,2420
2026-10-09,2022-08-30,2407
2026-10-09,2022-08-31,2385
2026-10-09,2022-09-01,2396
2026-10-09,2022-09-02,2427
2026-10-09,2022-09-05,2427
2026-10-09,2022-09-06,2355
2026-10-09,2022-09-07,2350
2026-10-09,2022-09-08,2336
2026-10-09,2022-09-09,2318
2026-10-09,2022-09-12,2304
2026-10-09,2022-09-13,2317
2026-10-09,2022-09-14,2329
2026-10-09,2022-09-15,2334
2026-10-09,2022-09-16,2382
2026-10-09,2022-09-19,2380
2026-10-09,2022-09-20,2380
2026-10-09,2022-09-21,2380
2026-10-09,2022-09-22,2439
2026-10-09,2022-09-23,2523
2026-10-09,2022-09-26,2590
2026-10-09,2022-09-27,2691
2026-10-09,2022-09-28,2640
2026-10-09,2022-09-29,2754
2026-10-09,2022-10-04,2683
2026-10-09,2022-10-05,2712
2026-10-09,2022-10-06,2768
2026-10-09,2022-10-07,2768
2026-10-09,2022-10-10,2768
2026-10-09,2022-10-11,2826
2026-10-09,2022-10-12,2824
2026-10-09,2022-10-13,2821
2026-10-09,2022-10-14,2800
2026-10-09,2022-10-17,2827
2026-10-09,2022-10-18,2823
2026-10-09,2022-10-19,2813
2026-10-09,2022-10-20,2743
2026-10-09,2022-10-21,2646
2026-10-09,2022-10-24,2519
2026-10-09,2022-10-25,2494
2026-10-09,2022-10-26,2564
2026-10-09,2022-10-27,2589
2026-10-09,2022-10-28,2590
2026-10-09,2022-10-31,2625
2026-10-09,2022-11-01,2568
2026-10-09,2022-11-02,2567
2026-10-09,2022-11-03,2589
2026-10-09,2022-11-04,2566
2026-10-09,2022-11-07,2543
2026-10-09,2022-11-08,2483
2026-10-09,2022-11-09,2536
2026-10-09,2022-11-10,2481
2026-10-09,2022-11-11,2484
2026-10-09,2022-11-14,2427
2026-10-09,2022-11-15,2385
2026-10-09,2022-11-16,2346
2026-10-09,2022-11-17,2383
2026-10-09,2022-11-18,2383
2026-10-09,2022-11-21,2427
2026-10-09,2022-11-22,2425
2026-10-09,2022-11-23,2409
2026-10-09,2022-11-24,2406
2026-10-09,2022-11-25,2370
2026-10-09,2022-11-28,2384
2026-10-09,2022-11-29,2319
2026-10-09,2022-11-30,2248
2026-10-09,2022-12-01,2207
2026-10-09,2022-12-02,2245
2026-10-09,2022-12-05,2297
2026-10-09,2022-12-06,2386
2026-10-09,2022-12-07,2326
2026-10-09,2022-12-08,2317
2026-10-09,2022-12-09,2343
2026-10-09,2022-12-12,2271
2026-10-09,2022-12-13,2230
2026-10-09,2022-12-14,2242
2026-10-09,2022-12-15,2221
2026-10-09,2022-12-16,2175
2026-10-09,2022-12-19,2159
2026-10-09,2022-12-20,2113
2026-10-09,2022-12-21,2080
2026-10-09,2022-12-22,2097
2026-10-09,2022-12-23,2183
2026-10-09,2022-12-26,2183
2026-10-09,2022-12-27,2154
2026-10-09,2022-12-28,2154
2026-10-09,2022-12-29,2160
2026-10-09,2022-12-30,2213
2026-10-09,2023-01-02,2213
2026-10-09,2023-01-03,2153
2026-10-09,2023-01-04,2089
2026-10-09,2023-01-05,2118
2026-10-09,2023-01-06,2094
2026-10-09,2023-01-09,2079
2026-10-09,2023-01-10,2059
2026-10-09,2023-01-11,1996
2026-10-09,2023-01-12,1994
2026-10-09,2023-01-13,1980
2026-10-09,2023-01-16,1980
2026-10-09,2023-01-17,1881
2026-10-09,2023-01-18,1807
2026-10-09,2023-01-19,1938
2026-10-09,2023-01-20,1876
2026-10-09,2023-01-23,1843
2026-10-09,2023-01-24,1825
2026-10-09,2023-01-25,1834
2026-10-09,2023-01-26,1837
2026-10-09,2023-01-27,1826
2026-10-09,2023-01-30,1806
2026-10-09,2023-01-31,1817
2026-10-09,2023-02-01,1820
2026-10-09,2023-02-02,1795
2026-10-09,2023-02-03,1845
2026-10-09,2023-02-06,1912
2026-10-09,2023-02-07,1907
2026-10-09,2023-02-08,1912
2026-10-09,2023-02-09,1928
2026-10-09,2023-02-10,1962
2026-10-09,2023-02-13,1966
2026-10-09,2023-02-14,1968
2026-10-09,2023-02-15,1997
2026-10-09,2023-02-16,2056
2026-10-09,2023-02-17,2123
2026-10-09,2023-02-20,2123
2026-10-09,2023-02-21,2183
2026-10-09,2023-02-22,2127
2026-10-09,2023-02-23,1974
2026-10-09,2023-02-24,1996
2026-10-09,2023-02-27,1966
2026-10-09,2023-02-28,1965
2026-10-09,2023-03-01,2036
2026-10-09,2023-03-02,2088
2026-10-09,2023-03-03,2081
2026-10-09,2023-03-06,2047
2026-10-09,2023-03-07,2044
2026-10-09,2023-03-08,2098
2026-10-09,2023-03-09,2134
2026-10-09,2023-03-10,2207
2026-10-09,2023-03-13,2323
2026-10-09,2023-03-14,2293
2026-10-09,2023-03-15,2397
2026-10-09,2023-03-16,2324
2026-10-09,2023-03-17,2383
2026-10-09,2023-03-20,2383
2026-10-09,2023-03-21,2335
2026-10-09,2023-03-22,2458
2026-10-09,2023-03-23,2497
2026-10-09,2023-03-24,2549
2026-10-09,2023-03-27,2531
2026-10-09,2023-03-28,2521
2026-10-09,2023-03-29,2365
2026-10-09,2023-03-30,2304
2026-10-09,2023-03-31,2276
2026-10-09,2023-04-03,2280
2026-10-09,2023-04-04,2351
2026-10-09,2023-04-05,2432
2026-10-09,2023-04-06,2472
2026-10-09,2023-04-07,2472
2026-10-09,2023-04-10,2429
2026-10-09,2023-04-11,2440
2026-10-09,2023-04-12,2385
2026-10-09,2023-04-13,2376
2026-10-09,2023-04-14,2352
2026-10-09,2023-04-17,2407
2026-10-09,2023-04-18,2474
2026-10-09,2023-04-19,2661
2026-10-09,2023-04-20,2660
2026-10-09,2023-04-21,2622
2026-10-09,2023-04-24,2624
2026-10-09,2023-04-25,2648
2026-10-09,2023-04-26,2640
2026-10-09,2023-04-27,2657
2026-10-09,2023-04-28,2656
2026-10-09,2023-05-01,2662
2026-10-09,2023-05-02,2647
2026-10-09,2023-05-03,2623
2026-10-09,2023-05-04,2582
2026-10-09,2023-05-05,2576
2026-10-09,2023-05-08,2577
2026-10-09,2023-05-09,2524
2026-10-09,2023-05-10,2507
2026-10-09,2023-05-11,2523
2026-10-09,2023-05-12,2584
2026-10-09,2023-05-15,2587
2026-10-09,2023-05-16,2580
2026-10-09,2023-05-17,2550
2026-10-09,2023-05-18,2594
2026-10-09,2023-05-19,2600
2026-10-09,2023-05-22,2578
2026-10-09,2023-05-23,2577
2026-10-09,2023-05-24,2590
2026-10-09,2023-05-25,2590
2026-10-09,2023-05-26,2590
2026-10-09,2023-05-29,2590
2026-10-09,2023-05-30,2590
2026-10-09,2023-05-31,2590
2026-10-09,2023-06-01,2616
2026-10-09,2023-06-02,2561
2026-10-09,2023-06-05,2518
2026-10-09,2023-06-06,2396
2026-10-09,2023-06-07,2341
2026-10-09,2023-06-08,2388
2026-10-09,2023-06-09,2378
2026-10-09,2023-06-12,2345
2026-10-09,2023-06-13,2311
2026-10-09,2023-06-14,2330
2026-10-09,2023-06-15,2359
2026-10-09,2023-06-16,2371
2026-10-09,2023-06-19,2371
2026-10-09,2023-06-20,2356
2026-10-09,2023-06-21,2307
2026-10-09,2023-06-22,2216
2026-10-09,2023-06-23,2232
2026-10-09,2023-06-26,2095
2026-10-09,2023-06-27,2120
2026-10-09,2023-06-28,2098
2026-10-09,2023-06-29,2061
2026-10-09,2023-06-30,2037
2026-10-09,2023-07-03,2037
2026-10-09,2023-07-04,2037
2026-10-09,2023-07-05,1941
2026-10-09,2023-07-06,2053
2026-10-09,2023-07-07,2103
2026-10-09,2023-07-10,2044
2026-10-09,2023-07-11,1981
2026-10-09,2023-07-12,2005
2026-10-09,2023-07-13,2038
2026-10-09,2023-07-14,2112
2026-10-09,2023-07-17,2042
2026-10-09,2023-07-18,2023
2026-10-09,2023-07-19,2064
2026-10-09,2023-07-20,2038
2026-10-09,2023-07-21,2021
2026-10-09,2023-07-24,1960
2026-10-09,2023-07-25,1951
2026-10-09,2023-07-26,1991
2026-10-09,2023-07-27,2017
2026-10-09,2023-07-28,1960
2026-10-09,2023-07-31,1980
2026-10-09,2023-08-01,1990
2026-10-09,2023-08-02,2011
2026-10-09,2023-08-03,2024
2026-10-09,2023-08-04,2020
2026-10-09,2023-08-07,2020
2026-10-09,2023-08-08,2010
2026-10-09,2023-08-09,1975
2026-10-09,2023-08-10,1911
2026-10-09,2023-08-11,1915
2026-10-09,2023-08-14,1914
2026-10-09,2023-08-15,2172
2026-10-09,2023-08-16,2187
2026-10-09,2023-08-17,2185
2026-10-09,2023-08-18,2128
2026-10-09,2023-08-21,2128
2026-10-09,2023-08-22,2049
2026-10-09,2023-08-23,2035
2026-10-09,2023-08-24,2050
2026-10-09,2023-08-25,2050
2026-10-09,2023-08-28,2041
2026-10-09,2023-08-29,2052
2026-10-09,2023-08-30,2094
2026-10-09,2023-08-31,2105
2026-10-09,2023-09-01,2090
2026-10-09,2023-09-04,2091
2026-10-09,2023-09-05,2136
2026-10-09,2023-09-06,2178
2026-10-09,2023-09-07,2131
2026-10-09,2023-09-08,2155
2026-10-09,2023-09-11,2170
2026-10-09,2023-09-12,2176
2026-10-09,2023-09-13,2168
2026-10-09,2023-09-14,2156
2026-10-09,2023-09-15,2169
2026-10-09,2023-09-18,2170
2026-10-09,2023-09-19,2194
2026-10-09,2023-09-20,2265
2026-10-09,2023-09-21,2375
2026-10-09,2023-09-22,2371
2026-10-09,2023-09-25,2368
2026-10-09,2023-09-26,2385
2026-10-09,2023-09-27,2399
2026-10-09,2023-09-28,2486
2026-10-09,2023-09-29,2543
2026-10-09,2023-10-02,2600
2026-10-09,2023-10-03,2637
2026-10-09,2023-10-04,2698
2026-10-09,2023-10-05,2719
2026-10-09,2023-10-06,2675
2026-10-09,2023-10-09,2674
2026-10-09,2023-10-10,2622
2026-10-09,2023-10-11,2523
2026-10-09,2023-10-12,2510
2026-10-09,2023-10-13,2506
2026-10-09,2023-10-16,2506
2026-10-09,2023-10-17,2375
2026-10-09,2023-10-18,2390
2026-10-09,2023-10-19,2403
2026-10-09,2023-10-20,2412
2026-10-09,2023-10-23,2611
2026-10-09,2023-10-24,2496
2026-10-09,2023-10-25,2475
2026-10-09,2023-10-26,2531
2026-10-09,2023-10-27,2560
2026-10-09,2023-10-30,2583
2026-10-09,2023-10-31,2577
2026-10-09,2023-11-01,2601
2026-10-09,2023-11-02,2546
2026-10-09,2023-11-03,2525
2026-10-09,2023-11-06,2525
2026-10-09,2023-11-07,2525
2026-10-09,2023-11-08,2458
2026-10-09,2023-11-09,2466
2026-10-09,2023-11-10,2475
2026-10-09,2023-11-13,2495
2026-10-09,2023-11-14,2497
2026-10-09,2023-11-15,2452
2026-10-09,2023-11-16,2397
2026-10-09,2023-11-17,2412
2026-10-09,2023-11-20,2243
2026-10-09,2023-11-21,2175
2026-10-09,2023-11-22,2124
2026-10-09,2023-11-23,2125
2026-10-09,2023-11-24,1961
2026-10-09,2023-11-27,2006
2026-10-09,2023-11-28,2054
2026-10-09,2023-11-29,2020
2026-10-09,2023-11-30,1982
2026-10-09,2023-12-01,1982
2026-10-09,2023-12-04,1950
2026-10-09,2023-12-05,1937
2026-10-09,2023-12-06,1896
2026-10-09,2023-12-07,1896
2026-10-09,2023-12-08,1920
2026-10-09,2023-12-11,1935
2026-10-09,2023-12-12,1879
2026-10-09,2023-12-13,1815
2026-10-09,2023-12-14,1828
2026-10-09,2023-12-15,1854
2026-10-09,2023-12-18,1844
2026-10-09,2023-12-19,1853
2026-10-09,2023-12-20,1872
2026-10-09,2023-12-21,1860
2026-10-09,2023-12-22,1864
2026-10-09,2023-12-25,1864
2026-10-09,2023-12-26,1866
2026-10-09,2023-12-27,1894
2026-10-09,2023-12-28,1892
2026-10-09,2023-12-29,1906
2026-10-09,2024-01-01,1906
2026-10-09,2024-01-02,1938
2026-10-09,2024-01-03,1986
2026-10-09,2024-01-04,2018
2026-10-09,2024-01-05,1998
2026-10-09,2024-01-08,2049
2026-10-09,2024-01-09,2102
2026-10-09,2024-01-10,1985
2026-10-09,2024-01-11,1926
2026-10-09,2024-01-12,1904
2026-10-09,2024-01-15,1905
2026-10-09,2024-01-16,1920
2026-10-09,2024-01-17,1948
2026-10-09,2024-01-18,1966
2026-10-09,2024-01-19,1971
2026-10-09,2024-01-22,1935
2026-10-09,2024-01-23,1892
2026-10-09,2024-01-24,1897
2026-10-09,2024-01-25,1870
2026-10-09,2024-01-26,1856
2026-10-09,2024-01-29,1888
2026-10-09,2024-01-30,1936
2026-10-09,2024-01-31,1950
2026-10-09,2024-02-01,1959
2026-10-09,2024-02-02,1919
2026-10-09,2024-02-05,1869
2026-10-09,2024-02-06,1832
2026-10-09,2024-02-07,1928
2026-10-09,2024-02-08,1956
2026-10-09,2024-02-09,1993
2026-10-09,2024-02-12,1993
2026-10-09,2024-02-13,2032
2026-10-09,2024-02-14,1930
2026-10-09,2024-02-15,1895
2026-10-09,2024-02-16,1788
2026-10-09,2024-02-19,1788
2026-10-09,2024-02-20,1762
2026-10-09,2024-02-21,1786
2026-10-09,2024-02-22,1710
2026-10-09,2024-02-23,1686
2026-10-09,2024-02-26,1709
2026-10-09,2024-02-27,1753
2026-10-09,2024-02-28,1730
2026-10-09,2024-02-29,1705
2026-10-09,2024-03-01,1635
2026-10-09,2024-03-04,1590
2026-10-09,2024-03-05,1617
2026-10-09,2024-03-06,1621
2026-10-09,2024-03-07,1643
2026-10-09,2024-03-08,1690
2026-10-09,2024-03-11,1713
2026-10-09,2024-03-12,1645
2026-10-09,2024-03-13,1596
2026-10-09,2024-03-14,1648
2026-10-09,2024-03-15,1603
2026-10-09,2024-03-18,1581
2026-10-09,2024-03-19,1535
2026-10-09,2024-03-20,1498
2026-10-09,2024-03-21,1460
2026-10-09,2024-03-22,1432
2026-10-09,2024-03-25,1421
2026-10-09,2024-03-26,1430
2026-10-09,2024-03-27,1442
2026-10-09,2024-03-28,1439
2026-10-09,2024-03-29,1439
2026-10-09,2024-04-01,1439
2026-10-09,2024-04-02,1439
2026-10-09,2024-04-03,1419
2026-10-09,2024-04-04,1359
2026-10-09,2024-04-05,1302
2026-10-09,2024-04-08,1205
2026-10-09,2024-04-09,1220
2026-10-09,2024-04-10,1276
2026-10-09,2024-04-11,1290
2026-10-09,2024-04-12,1331
2026-10-09,2024-04-15,1375
2026-10-09,2024-04-16,1381
2026-10-09,2024-04-17,1270
2026-10-09,2024-04-18,1242
2026-10-09,2024-04-19,1216
2026-10-09,2024-04-22,1148
2026-10-09,2024-04-23,1174
2026-10-09,2024-04-24,1205
2026-10-09,2024-04-25,1234
2026-10-09,2024-04-26,1210
2026-10-09,2024-04-29,1208
2026-10-09,2024-04-30,1216
2026-10-09,2024-05-01,1224
2026-10-09,2024-05-02,1236
2026-10-09,2024-05-03,1243
2026-10-09,2024-05-06,1229
2026-10-09,2024-05-07,1219
2026-10-09,2024-05-08,1234
2026-10-09,2024-05-09,1263
2026-10-09,2024-05-10,1272
2026-10-09,2024-05-13,1248
2026-10-09,2024-05-14,1244
2026-10-09,2024-05-15,1235
2026-10-09,2024-05-16,1254
2026-10-09,2024-05-17,1263
2026-10-09,2024-05-20,1258
2026-10-09,2024-05-21,1298
2026-10-09,2024-05-22,1394
2026-10-09,2024-05-23,1433
2026-10-09,2024-05-24,1443
2026-10-09,2024-05-27,1443
2026-10-09,2024-05-28,1416
2026-10-09,2024-05-29,1376
2026-10-09,2024-05-30,1312
2026-10-09,2024-05-31,1312
2026-10-09,2024-06-03,1414
2026-10-09,2024-06-04,1494
2026-10-09,2024-06-05,1528
2026-10-09,2024-06-06,1596
2026-10-09,2024-06-07,1582
2026-10-09,2024-06-10,1488
2026-10-09,2024-06-11,1525
2026-10-09,2024-06-12,1484
2026-10-09,2024-06-13,1421
2026-10-09,2024-06-14,1382
2026-10-09,2024-06-17,1382
2026-10-09,2024-06-18,1385
2026-10-09,2024-06-19,1384
2026-10-09,2024-06-20,1402
2026-10-09,2024-06-21,1420
2026-10-09,2024-06-24,1443
2026-10-09,2024-06-25,1440
2026-10-09,2024-06-26,1429
2026-10-09,2024-06-27,1445
2026-10-09,2024-06-28,1456
2026-10-09,2024-07-01,1513
2026-10-09,2024-07-02,1536
2026-10-09,2024-07-03,1521
2026-10-09,2024-07-04,1523
2026-10-09,2024-07-05,1406
2026-10-09,2024-07-08,1496
2026-10-09,2024-07-09,1491
2026-10-09,2024-07-10,1477
2026-10-09,2024-07-11,1473
2026-10-09,2024-07-12,1511
2026-10-09,2024-07-15,1555
2026-10-09,2024-07-16,1584
2026-10-09,2024-07-17,1593
2026-10-09,2024-07-18,1587
2026-10-09,2024-07-19,1590
2026-10-09,2024-07-22,1570
2026-10-09,2024-07-23,1551
2026-10-09,2024-07-24,1577
2026-10-09,2024-07-25,1589
2026-10-09,2024-07-26,1562
2026-10-09,2024-07-29,1553
2026-10-09,2024-07-30,1556
2026-10-09,2024-07-31,1507
2026-10-09,2024-08-01,1550
2026-10-09,2024-08-02,1612
2026-10-09,2024-08-05,1653
2026-10-09,2024-08-06,1625
2026-10-09,2024-08-07,1574
2026-10-09,2024-08-08,1552
2026-10-09,2024-08-09,1558
2026-10-09,2024-08-12,1560
2026-10-09,2024-08-13,1557
2026-10-09,2024-08-14,1515
2026-10-09,2024-08-15,1490
2026-10-09,2024-08-16,1471
2026-10-09,2024-08-19,1471
2026-10-09,2024-08-20,1493
2026-10-09,2024-08-21,1525
2026-10-09,2024-08-22,1560
2026-10-09,2024-08-23,1516
2026-10-09,2024-08-26,1516
2026-10-09,2024-08-27,1510
2026-10-09,2024-08-28,1484
2026-10-09,2024-08-29,1444
2026-10-09,2024-08-30,1433
2026-10-09,2024-09-02,1433
2026-10-09,2024-09-03,1467
2026-10-09,2024-09-04,1465
2026-10-09,2024-09-05,1452
2026-10-09,2024-09-06,1483
2026-10-09,2024-09-09,1442
2026-10-09,2024-09-10,1445
2026-10-09,2024-09-11,1445
2026-10-09,2024-09-12,1422
2026-10-09,2024-09-13,1400
2026-10-09,2024-09-16,1365
2026-10-09,2024-09-17,1370
2026-10-09,2024-09-18,1363
2026-10-09,2024-09-19,1301
2026-10-09,2024-09-20,1319
2026-10-09,2024-09-23,1308
2026-10-09,2024-09-24,1303
2026-10-09,2024-09-25,1304
2026-10-09,2024-09-26,1302
2026-10-09,2024-09-27,1311
2026-10-09,2024-09-30,1290
2026-10-09,2024-10-01,1288
2026-10-09,2024-10-02,1276
2026-10-09,2024-10-03,1265
2026-10-09,2024-10-04,1258
2026-10-09,2024-10-07,1207
2026-10-09,2024-10-08,1188
2026-10-09,2024-10-09,1121
2026-10-09,2024-10-10,1126
2026-10-09,2024-10-11,1106
2026-10-09,2024-10-14,1106
2026-10-09,2024-10-15,1044
2026-10-09,2024-10-16,1052
2026-10-09,2024-10-17,1099
2026-10-09,2024-10-18,1097
2026-10-09,2024-10-21,1100
2026-10-09,2024-10-22,1099
2026-10-09,2024-10-23,1103
2026-10-09,2024-10-24,1036
2026-10-09,2024-10-25,967
2026-10-09,2024-10-28,914
2026-10-09,2024-10-29,933
2026-10-09,2024-10-30,956
2026-10-09,2024-10-31,984
2026-10-09,2024-11-01,955
2026-10-09,2024-11-04,955
2026-10-09,2024-11-05,933
2026-10-09,2024-11-06,870
2026-10-09,2024-11-07,859
2026-10-09,2024-11-08,850
2026-10-09,2024-11-11,850
2026-10-09,2024-11-12,819
2026-10-09,2024-11-13,800
2026-10-09,2024-11-14,772
2026-10-09,2024-11-15,769
2026-10-09,2024-11-18,769
2026-10-09,2024-11-19,746
2026-10-09,2024-11-20,720
2026-10-09,2024-11-21,734
2026-10-09,2024-11-22,745
2026-10-09,2024-11-25,748
2026-10-09,2024-11-26,751
2026-10-09,2024-11-27,755
2026-10-09,2024-11-28,752
2026-10-09,2024-11-29,752
2026-10-09,2024-12-02,749
2026-10-09,2024-12-03,754
2026-10-09,2024-12-04,751
2026-10-09,2024-12-05,760
2026-10-09,2024-12-06,769
2026-10-09,2024-12-09,737
2026-10-09,2024-12-10,735
2026-10-09,2024-12-11,719
2026-10-09,2024-12-12,715
2026-10-09,2024-12-13,708
2026-10-09,2024-12-16,677
2026-10-09,2024-12-17,673
2026-10-09,2024-12-18,658
2026-10-09,2024-12-19,663
2026-10-09,2024-12-20,671
2026-10-09,2024-12-23,649
2026-10-09,2024-12-24,649
2026-10-09,2024-12-25,650
2026-10-09,2024-12-26,631
2026-10-09,2024-12-27,627
2026-10-09,2024-12-30,635
2026-10-09,2024-12-31,635
2026-10-09,2025-01-01,635
2026-10-09,2025-01-02,610
2026-10-09,2025-01-03,610
2026-10-09,2025-01-06,569
2026-10-09,2025-01-07,561
2026-10-09,2025-01-08,572
2026-10-09,2025-01-09,560
2026-10-09,2025-01-10,580
2026-10-09,2025-01-13,589
2026-10-09,2025-01-14,579
2026-10-09,2025-01-15,597
2026-10-09,2025-01-16,626
2026-10-09,2025-01-17,644
2026-10-09,2025-01-20,641
2026-10-09,2025-01-21,638
2026-10-09,2025-01-22,640
2026-10-09,2025-01-23,646
2026-10-09,2025-01-24,631
2026-10-09,2025-01-27,642
2026-10-09,2025-01-28,634
2026-10-09,2025-01-29,611
2026-10-09,2025-01-30,614
2026-10-09,2025-01-31,618
2026-10-09,2025-02-03,632
2026-10-09,2025-02-04,640
2026-10-09,2025-02-05,660
2026-10-09,2025-02-06,659
2026-10-09,2025-02-07,660
2026-10-09,2025-02-10,677
2026-10-09,2025-02-11,710
2026-10-09,2025-02-12,673
2026-10-09,2025-02-13,675
2026-10-09,2025-02-14,675
2026-10-09,2025-02-17,675
2026-10-09,2025-02-18,696
2026-10-09,2025-02-19,719
2026-10-09,2025-02-20,719
2026-10-09,2025-02-21,720
2026-10-09,2025-02-24,730
2026-10-09,2025-02-25,748
2026-10-09,2025-02-26,749
2026-10-09,2025-02-27,769
2026-10-09,2025-02-28,780
2026-10-09,2025-03-03,780
2026-10-09,2025-03-04,780
2026-10-09,2025-03-05,717
2026-10-09,2025-03-06,714
2026-10-09,2025-03-07,692
2026-10-09,2025-03-10,723
2026-10-09,2025-03-11,723
2026-10-09,2025-03-12,718
2026-10-09,2025-03-13,748
2026-10-09,2025-03-14,737
2026-10-09,2025-03-17,750
2026-10-09,2025-03-18,787
2026-10-09,2025-03-19,777
2026-10-09,2025-03-20,762
2026-10-09,2025-03-21,769
2026-10-09,2025-03-25,761
2026-10-09,2025-03-26,769
2026-10-09,2025-03-27,759
2026-10-09,2025-03-28,797
2026-10-09,2025-03-31,816
2026-10-09,2025-04-01,823
2026-10-09,2025-04-02,823
2026-10-09,2025-04-03,872
2026-10-09,2025-04-04,925
2026-10-09,2025-04-07,960
2026-10-09,2025-04-08,978
2026-10-09,2025-04-09,889
2026-10-09,2025-04-10,899
2026-10-09,2025-04-11,874
2026-10-09,2025-04-14,896
2026-10-09,2025-04-15,725
2026-10-09,2025-04-16,745
2026-10-09,2025-04-17,745
2026-10-09,2025-04-18,726
2026-10-09,2025-04-21,720
2026-10-09,2025-04-22,720
2026-10-09,2025-04-23,720
2026-10-09,2025-04-24,713
2026-10-09,2025-04-25,692
2026-10-09,2025-04-28,710
2026-10-09,2025-04-29,701
2026-10-09,2025-04-30,726
2026-10-09,2025-05-01,735
2026-10-09,2025-05-02,741
2026-10-09,2025-05-05,741
2026-10-09,2025-05-06,741
2026-10-09,2025-05-07,766
2026-10-09,2025-05-08,678
2026-10-09,2025-05-09,678
2026-10-09,2025-05-12,650
2026-10-09,2025-05-13,651
2026-10-09,2025-05-14,648
2026-10-09,2025-05-15,676
2026-10-09,2025-05-16,676
2026-10-09,2025-05-19,675
2026-10-09,2025-05-20,663
2026-10-09,2025-05-21,661
2026-10-09,2025-05-22,665
2026-10-09,2025-05-23,665
2026-10-09,2025-05-26,666
2026-10-09,2025-05-27,666
2026-10-09,2025-05-28,655
2026-10-09,2025-05-29,663
2026-10-09,2025-06-03,668
2026-10-09,2025-06-04,688
2026-10-09,2025-06-05,688
2026-10-09,2025-06-06,691
2026-10-09,2025-06-09,686
2026-10-09,2025-06-10,655
2026-10-09,2025-06-11,668
2026-10-09,2025-06-12,678
2026-10-09,2025-06-13,688
2026-10-09,2025-06-16,687
2026-10-09,2025-06-17,714
2026-10-09,2025-06-18,726
2026-10-09,2025-06-23,719
2026-10-09,2025-06-24,681
2026-10-09,2025-06-25,687
2026-10-09,2025-06-26,685
2026-10-09,2025-06-27,677
2026-10-09,2025-06-30,701
2026-10-09,2025-07-01,699
2026-10-09,2025-07-02,700
2026-10-09,2025-07-03,679
2026-10-09,2025-07-07,698
2026-10-09,2025-07-08,704
2026-10-09,2025-07-09,692
2026-10-09,2025-07-10,700
2026-10-09,2025-07-11,717
2026-10-09,2025-07-15,736
2026-10-09,2025-07-16,748
2026-10-09,2025-07-17,770
2026-10-09,2025-07-18,759
2026-10-09,2025-07-21,763
2026-10-09,2025-07-22,775
2026-10-09,2025-07-23,773
2026-10-09,2025-07-24,753
2026-10-09,2025-07-25,734
2026-10-09,2025-07-28,719
2026-10-09,2025-07-29,727
2026-10-09,2025-07-30,716
2026-10-09,2025-07-31,730
2026-10-09,2025-08-01,771
2026-10-09,2025-08-04,761
2026-10-09,2025-08-05,743
2026-10-09,2025-08-06,735
2026-10-09,2025-08-07,728
2026-10-09,2025-08-08,733
2026-10-09,2025-08-11,724
2026-10-09,2025-08-12,722
2026-10-09,2025-08-13,711
2026-10-09,2025-08-14,712
2026-10-09,2025-08-15,709
2026-10-09,2025-08-18,706
2026-10-09,2025-08-19,700
2026-10-09,2025-08-20,747
2026-10-09,2025-08-21,753
2026-10-09,2025-08-22,767
2026-10-09,2025-08-25,829
2026-10-09,2025-08-26,850
2026-10-09,2025-08-27,853
2026-10-09,2025-08-28,837
2026-10-09,2025-08-29,829
2026-10-09,2025-09-02,898
2026-10-09,2025-09-03,893
2026-10-09,2025-09-04,901
2026-10-09,2025-09-05,906
2026-10-09,2025-09-08,1108
2026-10-09,2025-09-09,1070
2026-10-09,2025-09-10,1024
2026-10-09,2025-09-11,1047
2026-10-09,2025-09-12,1140
2026-10-09,2025-09-15,1231
2026-10-09,2025-09-16,1167
2026-10-09,2025-09-17,1246
2026-10-09,2025-09-18,1456
2026-10-09,2025-09-19,1456
2026-10-09,2025-09-22,1089
2026-10-09,2025-09-23,1018
2026-10-09,2025-09-24,898
2026-10-09,2025-09-25,973
2026-10-09,2025-09-26,1060
2026-10-09,2025-09-29,1115
2026-10-09,2025-09-30,1222
2026-10-09,2025-10-01,1264
2026-10-09,2025-10-02,1264
2026-10-09,2025-10-03,1165
2026-10-09,2025-10-06,1080
2026-10-09,2025-10-07,1016
2026-10-09,2025-10-08,1074
2026-10-09,2025-10-09,1071
2026-10-09,2025-10-10,932
2026-10-09,2025-10-13,932
2026-10-09,2025-10-14,1026
2026-10-09,2025-10-15,1004
2026-10-09,2025-10-16,1029
2026-10-09,2025-10-17,1089
2026-10-09,2025-10-20,1048
2026-10-09,2025-10-21,1075
2026-10-09,2025-10-22,1123
2026-10-09,2025-10-23,1081
2026-10-09,2025-10-24,1081
2026-10-09,2025-10-27,708
2026-10-09,2025-10-28,685
2026-10-09,2025-10-29,666
2026-10-09,2025-10-30,676
2026-10-09,2025-10-31,657
2026-10-09,2025-11-03,665
2026-10-09,2025-11-04,660
2026-10-09,2025-11-05,621
2026-10-09,2025-11-06,638
2026-10-09,2025-11-07,647
2026-10-09,2025-11-10,599
2026-10-09,2025-11-11,598
2026-10-09,2025-11-12,605
2026-10-09,2025-11-13,616
2026-10-09,2025-11-14,612
2026-10-09,2025-11-17,616
2026-10-09,2025-11-18,614
2026-10-09,2025-11-19,601
2026-10-09,2025-11-20,620
2026-10-09,2025-11-21,651
2026-10-09,2025-11-24,635
2026-10-09,2025-11-25,656
2026-10-09,2025-11-26,652
2026-10-09,2025-11-27,653
2026-10-09,2025-11-28,648
2026-10-09,2025-12-01,648
2026-10-09,2025-12-02,647
2026-10-09,2025-12-03,639
2026-10-09,2025-12-04,634
2026-10-09,2025-12-05,627
2026-10-09,2025-12-08,633
2026-10-09,2025-12-09,634
2026-10-09,2025-12-10,628
2026-10-09,2025-12-11,634
2026-10-09,2025-12-12,624
2026-10-09,2025-12-15,602
2026-10-09,2025-12-16,573
2026-10-09,2025-12-17,569
2026-10-09,2025-12-18,568
2026-10-09,2025-12-19,573
2026-10-09,2025-12-22,570
2026-10-09,2025-12-23,575
2026-10-09,2025-12-24,575
2026-10-09,2025-12-25,575
2026-10-09,2025-12-26,580
2026-10-09,2025-12-29,571
2026-10-09,2025-12-30,569
2026-10-09,2025-12-31,571
2026-10-09,2026-01-01,571
2026-10-09,2026-01-02,553
2026-10-09,2026-01-05,566
2026-10-09,2026-01-06,566
2026-10-09,2026-01-07,575
2026-10-09,2026-01-08,579
2026-10-09,2026-01-09,566
2026-10-09,2026-01-12,577
2026-10-09,2026-01-13,581
2026-10-09,2026-01-14,586
2026-10-09,2026-01-15,571
2026-10-09,2026-01-16,564
2026-10-09,2026-01-19,566
2026-10-09,2026-01-20,569
2026-10-09,2026-01-21,562
2026-10-09,2026-01-22,546
2026-10-09,2026-01-23,526
2026-10-09,2026-01-26,513
2026-10-09,2026-01-27,494
2026-10-09,2026-01-28,484
2026-10-09,2026-01-29,492
2026-10-09,2026-01-30,496
2026-10-09,2026-02-02,495
2026-10-09,2026-02-03,503
2026-10-09,2026-02-04,502
2026-10-09,2026-02-05,516
2026-10-09,2026-02-06,512
2026-10-09,2026-02-09,502
2026-10-09,2026-02-10,507
2026-10-09,2026-02-11,506
2026-10-09,2026-02-12,514
2026-10-09,2026-02-13,519
2026-10-09,2026-02-16,519
2026-10-09,2026-02-17,511
2026-10-09,2026-02-18,515
2026-10-09,2026-02-19,524
2026-10-09,2026-02-20,519
2026-10-09,2026-02-23,537
2026-10-09,2026-02-24,545
2026-10-09,2026-02-25,545
2026-10-09,2026-02-26,554
2026-10-09,2026-02-27,572
2026-10-09,2026-03-02,567
2026-10-09,2026-03-03,573
2026-10-09,2026-03-04,534
2026-10-09,2026-03-05,546
2026-10-09,2026-03-06,575
2026-10-09,2026-03-09,583
2026-10-09,2026-03-10,555
2026-10-09,2026-03-11,552
2026-10-09,2026-03-12,568
2026-10-09,2026-03-13,584
2026-10-09,2026-03-16,601
2026-10-09,2026-03-17,587
2026-10-09,2026-03-18,610
2026-10-09,2026-03-19,602
2026-10-09,2026-03-20,633
2026-10-09,2026-03-23,600
2026-10-09,2026-03-24,603
2026-10-09,2026-03-25,595
2026-10-09,2026-03-26,583
2026-10-09,2026-03-27,615
2026-10-09,2026-03-30,637
2026-10-09,2026-03-31,617
2026-10-09,2026-04-01,612
2026-10-09,2026-04-02,612
2026-10-09,2026-04-03,609
2026-10-09,2026-04-06,611
2026-10-09,2026-04-07,610
2026-10-09,2026-04-08,570
2026-10-09,2026-04-09,557
2026-10-09,2026-04-10,553
2026-10-09,2026-04-13,528
2026-10-09,2026-04-14,525
2026-10-09,2026-04-15,527
2026-10-09,2026-04-16,518
2026-10-09,2026-04-17,519
2026-10-09,2026-04-20,526
2026-10-09,2026-04-21,533
2026-10-09,2026-04-22,532
2026-10-09,2026-04-23,549
2026-10-09,2026-04-24,557
2026-10-09,2026-04-27,582
2026-10-09,2026-04-28,584
2026-10-09,2026-04-29,573
2026-10-09,2026-04-30,567
2026-10-09,2026-05-01,539
2026-10-09,2026-05-04,558
2026-10-09,2026-05-05,554
2026-10-09,2026-05-06,514
2026-10-09,2026-05-07,522
2026-10-09,2026-05-08,510
2026-10-09,2026-05-11,496
2026-10-09,2026-05-12,511
2026-10-09,2026-05-13,523
2026-10-09,2026-05-14,525
2026-10-09,2026-05-15,538
2026-10-09,2026-05-18,543
2026-10-09,2026-05-19,547
2026-10-09,2026-05-20,524
2026-10-09,2026-05-21,516
2026-10-09,2026-05-22,514
2026-10-09,2026-05-25,514
2026-10-09,2026-05-26,508
2026-10-09,2026-05-27,500
2026-10-09,2026-05-28,494
2026-10-09,2026-05-29,493
2026-10-09,2026-06-01,490
2026-10-09,2026-06-02,488
2026-10-09,2026-06-03,492
2026-10-09,2026-06-04,486
2026-10-09,2026-06-05,499
2026-10-09,2026-06-08,494
2026-10-09,2026-06-09,498
2026-10-09,2026-06-10,503
2026-10-09,2026-06-11,443
2026-10-09,2026-06-12,437
2026-10-09,2026-06-15,425
2026-10-09,2026-06-16,430
2026-10-09,2026-06-17,435
2026-10-09,2026-06-18,429
2026-10-09,2026-06-19,429
2026-10-09,2026-06-22,421
2026-10-09,2026-06-23,433
2026-10-09,2026-06-24,437
2026-10-09,2026-06-25,437
2026-10-09,2026-06-26,437
2026-10-09,2026-06-29,431
2026-10-09,2026-06-30,426
2026-10-09,2026-07-01,421
2026-10-09,2026-07-02,415
2026-10-09,2026-07-03,415
2026-10-09,2026-07-06,408
2026-10-09,2026-07-07,405
2026-10-09,2026-07-08,408
2026-10-09,2026-07-09,404
2026-10-09,2026-07-10,402
2026-10-09,2026-07-13,405
2026-10-09,2026-07-14,410
2026-10-09,2026-07-15,404
2026-10-09,2026-07-16,410
2026-10-09,2026-07-17,419
2026-10-09,2026-07-20,416
2026-10-09,2026-07-21,421
2026-10-09,2026-07-22,410
2026-10-09,2026-07-23,437
2026-10-09,2026-07-24,437
2026-10-09,2026-07-27,442
2026-10-09,2026-07-28,441
2026-10-09,2026-07-29,445
2026-10-09,2026-07-30,441
2026-10-09,2026-07-31,430
2026-10-09,2026-08-03,411
2026-10-09,2026-08-04,421
2026-10-09,2026-08-05,428
2026-10-09,2026-08-06,446
2026-10-09,2026-08-07,451
2026-10-09,2026-08-10,465
2026-10-09,2026-08-11,466
2026-10-09,2026-08-12,471
2026-10-09,2026-08-13,472
2026-10-09,2026-08-14,480
2026-10-09,2026-08-17,489
2026-10-09,2026-08-18,511
2026-10-09,2026-08-19,517
2026-10-09,2026-08-20,532
2026-10-09,2026-08-21,505
2026-10-09,2026-08-24,509
2026-10-09,2026-08-25,512
2026-10-09,2026-08-26,517
2026-10-09,2026-08-27,509
2026-10-09,2026-08-28,512
2026-10-09,2026-08-31,512
2026-10-09,2026-09-01,501
2026-10-09,2026-09-02,500
2026-10-09,2026-09-03,494
2026-10-09,2026-09-04,490
2026-10-09,2026-09-07,490
2026-10-09,2026-09-08,494
2026-10-09,2026-09-09,491
2026-10-09,2026-09-10,491
2026-10-09,2026-09-11,485
2026-10-09,2026-09-14,490
2026-10-09,2026-09-15,506
2026-10-09,2026-09-16,510
2026-10-09,2026-09-17,515
2026-10-09,2026-09-18,524
2026-10-09,2026-09-21,533
2026-10-09,2026-09-22,555
2026-10-09,2026-09-23,566
2026-10-09,2026-09-24,578
2026-10-09,2026-09-25,609
2026-10-09,2026-09-28,628
2026-10-09,2026-09-29,607
2026-10-09,2026-09-30,607
2026-10-09,2026-10-01,636
2026-10-09,2026-10-02,655
2026-10-09,2026-10-05,599
2026-10-09,2026-10-06,573
2026-10-09,2026-10-07,586
2026-10-09,2026-10-08,588
